case,sectioning,P(bar),T(K),X(CO2),vol[cm3/mol],y(H2O),y(CO2),Y_C,Y_O,Y_H,Y_N,Y_S,Y_Si,f(H2O),f(CO2),log[f(O2)],log[f(S2)],log[f(H2)],log[a(C)],epsilon
h2o_co2_hybrid_mrk,X(CO2)=0.000000,1000.0,373.15,0.0,44.48185,1.0,0.0,0.0,0.3333333,0.6666667,0.0,0.0,0.0,1.805024,1000000000000000.0,0.0,-4999.5,nan,0.0,1.0
h2o_co2_hybrid_mrk,X(CO2)=0.000000,2000.0,373.15,0.0,38.76848,1.0,0.0,0.0,0.3333333,0.6666667,0.0,0.0,0.0,3.197471,2000000000000000.0,0.0,-4999.5,nan,0.0,1.0
h2o_co2_hybrid_mrk,X(CO2)=0.000000,3000.0,373.15,0.0,36.02747,1.0,0.0,0.0,0.3333333,0.6666667,0.0,0.0,0.0,5.573469,3000000000000000.0,0.0,-4999.5,nan,0.0,1.0
h2o_co2_hybrid_mrk,X(CO2)=0.000000,4000.0,373.15,0.0,34.25055,1.0,0.0,0.0,0.3333333,0.6666667,0.0,0.0,0.0,9.588268,4000000000000000.0,0.0,-4999.5,nan,0.0,1.0
h2o_co2_hybrid_mrk,X(CO2)=0.000000,5000.0,373.15,0.0,32.94703,1.0,0.0,0.0,0.3333333,0.6666667,0.0,0.0,0.0,16.3128,5000000000000000.0,0.0,-4999.5,nan,0.0,1.0
h2o_co2_hybrid_mrk,X(CO2)=0.000000,6000.0,373.15,0.0,31.92309,1.0,0.0,0.0,0.3333333,0.6666667,0.0,0.0,0.0,27.48696,6000000000000000.0,0.0,-4999.5,nan,0.0,1.0
h2o_co2_hybrid_mrk,X(CO2)=0.000000,7000.0,373.15,0.0,31.0829,1.0,0.0,0.0,0.3333333,0.6666667,0.0,0.0,0.0,45.92171,7000000000000000.0,0.0,-4999.5,nan,0.0,1.0
h2o_co2_hybrid_mrk,X(CO2)=0.000000,8000.0,373.15,0.0,30.37231,1.0,0.0,0.0,0.3333333,0.6666667,0.0,0.0,0.0,76.13472,8000000000000000.0,0.0,-4999.5,nan,0.0,1.0
h2o_co2_hybrid_mrk,X(CO2)=0.000000,9000.0,373.15,0.0,29.75782,1.0,0.0,0.0,0.3333333,0.6666667,0.0,0.0,0.0,125.3511,9000000000000000.0,0.0,-4999.5,nan,0.0,1.0
h2o_co2_hybrid_mrk,X(CO2)=0.000000,10000.0,373.15,0.0,29.21729,1.0,0.0,0.0,0.3333333,0.6666667,0.0,0.0,0.0,205.0731,1e+16,0.0,-4999.5,nan,0.0,1.0
h2o_co2_hybrid_mrk,X(CO2)=0.000000,11000.0,373.15,0.0,28.73538,1.0,0.0,0.0,0.3333333,0.6666667,0.0,0.0,0.0,333.5319,1.1e+16,0.0,-4999.5,nan,0.0,1.0
h2o_co2_hybrid_mrk,X(CO2)=0.000000,12000.0,373.15,0.0,28.301,1.0,0.0,0.0,0.3333333,0.6666667,0.0,0.0,0.0,539.5063,1.2e+16,0.0,-4999.5,nan,0.0,1.0
h2o_co2_hybrid_mrk,X(CO2)=0.000000,13000.0,373.15,0.0,27.90593,1.0,0.0,0.0,0.3333333,0.6666667,0.0,0.0,0.0,868.2472,1.3e+16,0.0,-4999.5,nan,0.0,1.0
h2o_co2_hybrid_mrk,X(CO2)=0.000000,14000.0,373.15,0.0,27.54386,1.0,0.0,0.0,0.3333333,0.6666667,0.0,0.0,0.0,1390.641,1.4e+16,0.0,-4999.5,nan,0.0,1.0
h2o_co2_hybrid_mrk,X(CO2)=0.000000,15000.0,373.15,0.0,27.20989,1.0,0.0,0.0,0.3333333,0.6666667,0.0,0.0,0.0,2217.34,1.5e+16,0.0,-4999.5,nan,0.0,1.0
h2o_co2_hybrid_mrk,X(CO2)=0.000000,16000.0,373.15,0.0,26.9001,1.0,0.0,0.0,0.3333333,0.6666667,0.0,0.0,0.0,3520.483,1.6e+16,0.0,-4999.5,nan,0.0,1.0
h2o_co2_hybrid_mrk,X(CO2)=0.000000,17000.0,373.15,0.0,26.61136,1.0,0.0,0.0,0.3333333,0.6666667,0.0,0.0,0.0,5566.993,1.7e+16,0.0,-4999.5,nan,0.0,1.0
h2o_co2_hybrid_mrk,X(CO2)=0.000000,18000.0,373.15,0.0,26.34106,1.0,0.0,0.0,0.3333333,0.6666667,0.0,0.0,0.0,8769.477,1.8e+16,0.0,-4999.5,nan,0.0,1.0
h2o_co2_hybrid_mrk,X(CO2)=0.000000,19000.0,373.15,0.0,26.08709,1.0,0.0,0.0,0.3333333,0.6666667,0.0,0.0,0.0,13763.82,1.9e+16,0.0,-4999.5,nan,0.0,1.0
h2o_co2_hybrid_mrk,X(CO2)=0.000000,20000.0,373.15,0.0,25.84764,1.0,0.0,0.0,0.3333333,0.6666667,0.0,0.0,0.0,21527.2,2e+16,0.0,-4999.5,nan,0.0,1.0
h2o_co2_hybrid_mrk,X(CO2)=0.000000,1000.0,423.15,0.0,48.9173,1.0,0.0,0.0,0.3333333,0.6666667,0.0,0.0,0.0,8.036272,1000000000000000.0,0.0,-4999.5,nan,0.0,1.0
h2o_co2_hybrid_mrk,X(CO2)=0.000000,2000.0,423.15,0.0,41.07973,1.0,0.0,0.0,0.3333333,0.6666667,0.0,0.0,0.0,13.49224,2000000000000000.0,0.0,-4999.5,nan,0.0,1.0
h2o_co2_hybrid_mrk,X(CO2)=0.000000,3000.0,423.15,0.0,37.68393,1.0,0.0,0.0,0.3333333,0.6666667,0.0,0.0,0.0,22.26701,3000000000000000.0,0.0,-4999.5,nan,0.0,1.0
h2o_co2_hybrid_mrk,X(CO2)=0.000000,4000.0,423.15,0.0,35.57439,1.0,0.0,0.0,0.3333333,0.6666667,0.0,0.0,0.0,36.25529,4000000000000000.0,0.0,-4999.5,nan,0.0,1.0
h2o_co2_hybrid_mrk,X(CO2)=0.000000,5000.0,423.15,0.0,34.06474,1.0,0.0,0.0,0.3333333,0.6666667,0.0,0.0,0.0,58.37466,5000000000000000.0,0.0,-4999.5,nan,0.0,1.0
h2o_co2_hybrid_mrk,X(CO2)=0.000000,6000.0,423.15,0.0,32.89841,1.0,0.0,0.0,0.3333333,0.6666667,0.0,0.0,0.0,93.09504,6000000000000000.0,0.0,-4999.5,nan,0.0,1.0
h2o_co2_hybrid_mrk,X(CO2)=0.000000,7000.0,423.15,0.0,31.95293,1.0,0.0,0.0,0.3333333,0.6666667,0.0,0.0,0.0,147.2313,7000000000000000.0,0.0,-4999.5,nan,0.0,1.0
h2o_co2_hybrid_mrk,X(CO2)=0.000000,8000.0,423.15,0.0,31.16071,1.0,0.0,0.0,0.3333333,0.6666667,0.0,0.0,0.0,231.1256,8000000000000000.0,0.0,-4999.5,nan,0.0,1.0
h2o_co2_hybrid_mrk,X(CO2)=0.000000,9000.0,423.15,0.0,30.48072,1.0,0.0,0.0,0.3333333,0.6666667,0.0,0.0,0.0,360.405,9000000000000000.0,0.0,-4999.5,nan,0.0,1.0
h2o_co2_hybrid_mrk,X(CO2)=0.000000,10000.0,423.15,0.0,29.88623,1.0,0.0,0.0,0.3333333,0.6666667,0.0,0.0,0.0,558.5852,1e+16,0.0,-4999.5,nan,0.0,1.0
h2o_co2_hybrid_mrk,X(CO2)=0.000000,11000.0,423.15,0.0,29.35894,1.0,0.0,0.0,0.3333333,0.6666667,0.0,0.0,0.0,860.9175,1.1e+16,0.0,-4999.5,nan,0.0,1.0
h2o_co2_hybrid_mrk,X(CO2)=0.000000,12000.0,423.15,0.0,28.88576,1.0,0.0,0.0,0.3333333,0.6666667,0.0,0.0,0.0,1320.051,1.2e+16,0.0,-4999.5,nan,0.0,1.0
h2o_co2_hybrid_mrk,X(CO2)=0.000000,13000.0,423.15,0.0,28.45705,1.0,0.0,0.0,0.3333333,0.6666667,0.0,0.0,0.0,2014.347,1.3e+16,0.0,-4999.5,nan,0.0,1.0
h2o_co2_hybrid_mrk,X(CO2)=0.000000,14000.0,423.15,0.0,28.06548,1.0,0.0,0.0,0.3333333,0.6666667,0.0,0.0,0.0,3060.05,1.4e+16,0.0,-4999.5,nan,0.0,1.0
h2o_co2_hybrid_mrk,X(CO2)=0.000000,15000.0,423.15,0.0,27.70537,1.0,0.0,0.0,0.3333333,0.6666667,0.0,0.0,0.0,4629.061,1.5e+16,0.0,-4999.5,nan,0.0,1.0
h2o_co2_hybrid_mrk,X(CO2)=0.000000,16000.0,423.15,0.0,27.37224,1.0,0.0,0.0,0.3333333,0.6666667,0.0,0.0,0.0,6974.813,1.6e+16,0.0,-4999.5,nan,0.0,1.0
h2o_co2_hybrid_mrk,X(CO2)=0.000000,17000.0,423.15,0.0,27.06249,1.0,0.0,0.0,0.3333333,0.6666667,0.0,0.0,0.0,10469.87,1.7e+16,0.0,-4999.5,nan,0.0,1.0
h2o_co2_hybrid_mrk,X(CO2)=0.000000,18000.0,423.15,0.0,26.77318,1.0,0.0,0.0,0.3333333,0.6666667,0.0,0.0,0.0,15660.39,1.8e+16,0.0,-4999.5,nan,0.0,1.0
h2o_co2_hybrid_mrk,X(CO2)=0.000000,19000.0,423.15,0.0,26.50188,1.0,0.0,0.0,0.3333333,0.6666667,0.0,0.0,0.0,23344.92,1.9e+16,0.0,-4999.5,nan,0.0,1.0
h2o_co2_hybrid_mrk,X(CO2)=0.000000,20000.0,423.15,0.0,26.24657,1.0,0.0,0.0,0.3333333,0.6666667,0.0,0.0,0.0,34687.97,2e+16,0.0,-4999.5,nan,0.0,1.0
h2o_co2_hybrid_mrk,X(CO2)=0.000000,1000.0,473.15,0.0,53.89009,1.0,0.0,0.0,0.3333333,0.6666667,0.0,0.0,0.0,24.00007,1000000000000000.0,0.0,-4999.5,nan,0.0,1.0
h2o_co2_hybrid_mrk,X(CO2)=0.000000,2000.0,473.15,0.0,43.47405,1.0,0.0,0.0,0.3333333,0.6666667,0.0,0.0,0.0,38.89227,2000000000000000.0,0.0,-4999.5,nan,0.0,1.0
h2o_co2_hybrid_mrk,X(CO2)=0.000000,3000.0,473.15,0.0,39.34281,1.0,0.0,0.0,0.3333333,0.6666667,0.0,0.0,0.0,61.84755,3000000000000000.0,0.0,-4999.5,nan,0.0,1.0
h2o_co2_hybrid_mrk,X(CO2)=0.000000,4000.0,473.15,0.0,36.87536,1.0,0.0,0.0,0.3333333,0.6666667,0.0,0.0,0.0,96.95463,4000000000000000.0,0.0,-4999.5,nan,0.0,1.0
h2o_co2_hybrid_mrk,X(CO2)=0.000000,5000.0,473.15,0.0,35.14985,1.0,0.0,0.0,0.3333333,0.6666667,0.0,0.0,0.0,150.2421,5000000000000000.0,0.0,-4999.5,nan,0.0,1.0
h2o_co2_hybrid_mrk,X(CO2)=0.000000,6000.0,473.15,0.0,33.83729,1.0,0.0,0.0,0.3333333,0.6666667,0.0,0.0,0.0,230.5641,6000000000000000.0,0.0,-4999.5,nan,0.0,1.0
h2o_co2_hybrid_mrk,X(CO2)=0.000000,7000.0,473.15,0.0,32.7852,1.0,0.0,0.0,0.3333333,0.6666667,0.0,0.0,0.0,350.8685,7000000000000000.0,0.0,-4999.5,nan,0.0,1.0
h2o_co2_hybrid_mrk,X(CO2)=0.000000,8000.0,473.15,0.0,31.91128,1.0,0.0,0.0,0.3333333,0.6666667,0.0,0.0,0.0,530.0117,8000000000000000.0,0.0,-4999.5,nan,0.0,1.0
h2o_co2_hybrid_mrk,X(CO2)=0.000000,9000.0,473.15,0.0,31.16634,1.0,0.0,0.0,0.3333333,0.6666667,0.0,0.0,0.0,795.3461,9000000000000000.0,0.0,-4999.5,nan,0.0,1.0
h2o_co2_hybrid_mrk,X(CO2)=0.000000,10000.0,473.15,0.0,30.51877,1.0,0.0,0.0,0.3333333,0.6666667,0.0,0.0,0.0,1186.401,1e+16,0.0,-4999.5,nan,0.0,1.0
h2o_co2_hybrid_mrk,X(CO2)=0.000000,11000.0,473.15,0.0,29.94713,1.0,0.0,0.0,0.3333333,0.6666667,0.0,0.0,0.0,1760.099,1.1e+16,0.0,-4999.5,nan,0.0,1.0
h2o_co2_hybrid_mrk,X(CO2)=0.000000,12000.0,473.15,0.0,29.43625,1.0,0.0,0.0,0.3333333,0.6666667,0.0,0.0,0.0,2598.143,1.2e+16,0.0,-4999.5,nan,0.0,1.0
h2o_co2_hybrid_mrk,X(CO2)=0.000000,13000.0,473.15,0.0,28.97501,1.0,0.0,0.0,0.3333333,0.6666667,0.0,0.0,0.0,3817.423,1.3e+16,0.0,-4999.5,nan,0.0,1.0
h2o_co2_hybrid_mrk,X(CO2)=0.000000,14000.0,473.15,0.0,28.55504,1.0,0.0,0.0,0.3333333,0.6666667,0.0,0.0,0.0,5584.669,1.4e+16,0.0,-4999.5,nan,0.0,1.0
h2o_co2_hybrid_mrk,X(CO2)=0.000000,15000.0,473.15,0.0,28.16988,1.0,0.0,0.0,0.3333333,0.6666667,0.0,0.0,0.0,8137.014,1.5e+16,0.0,-4999.5,nan,0.0,1.0
h2o_co2_hybrid_mrk,X(CO2)=0.000000,16000.0,473.15,0.0,27.81446,1.0,0.0,0.0,0.3333333,0.6666667,0.0,0.0,0.0,11810.8,1.6e+16,0.0,-4999.5,nan,0.0,1.0
h2o_co2_hybrid_mrk,X(CO2)=0.000000,17000.0,473.15,0.0,27.48471,1.0,0.0,0.0,0.3333333,0.6666667,0.0,0.0,0.0,17081.81,1.7e+16,0.0,-4999.5,nan,0.0,1.0
h2o_co2_hybrid_mrk,X(CO2)=0.000000,18000.0,473.15,0.0,27.17734,1.0,0.0,0.0,0.3333333,0.6666667,0.0,0.0,0.0,24621.38,1.8e+16,0.0,-4999.5,nan,0.0,1.0
h2o_co2_hybrid_mrk,X(CO2)=0.000000,19000.0,473.15,0.0,26.88964,1.0,0.0,0.0,0.3333333,0.6666667,0.0,0.0,0.0,35374.47,1.9e+16,0.0,-4999.5,nan,0.0,1.0
h2o_co2_hybrid_mrk,X(CO2)=0.000000,20000.0,473.15,0.0,26.61934,1.0,0.0,0.0,0.3333333,0.6666667,0.0,0.0,0.0,50668.06,2e+16,0.0,-4999.5,nan,0.0,1.0
h2o_co2_hybrid_mrk,X(CO2)=0.000000,1000.0,523.15,0.0,59.27571,1.0,0.0,0.0,0.3333333,0.6666667,0.0,0.0,0.0,55.22518,1000000000000000.0,0.0,-4999.5,nan,0.0,1.0
h2o_co2_hybrid_mrk,X(CO2)=0.000000,2000.0,523.15,0.0,45.95841,1.0,0.0,0.0,0.3333333,0.6666667,0.0,0.0,0.0,87.35021,2000000000000000.0,0.0,-4999.5,nan,0.0,1.0
h2o_co2_hybrid_mrk,X(CO2)=0.000000,3000.0,523.15,0.0,41.01595,1.0,0.0,0.0,0.3333333,0.6666667,0.0,0.0,0.0,135.2201,3000000000000000.0,0.0,-4999.5,nan,0.0,1.0
h2o_co2_hybrid_mrk,X(CO2)=0.000000,4000.0,523.15,0.0,38.16503,1.0,0.0,0.0,0.3333333,0.6666667,0.0,0.0,0.0,206.0879,4000000000000000.0,0.0,-4999.5,nan,0.0,1.0
h2o_co2_hybrid_mrk,X(CO2)=0.000000,5000.0,523.15,0.0,36.21316,1.0,0.0,0.0,0.3333333,0.6666667,0.0,0.0,0.0,310.2725,5000000000000000.0,0.0,-4999.5,nan,0.0,1.0
h2o_co2_hybrid_mrk,X(CO2)=0.000000,6000.0,523.15,0.0,34.74966,1.0,0.0,0.0,0.3333333,0.6666667,0.0,0.0,0.0,462.4272,6000000000000000.0,0.0,-4999.5,nan,0.0,1.0
h2o_co2_hybrid_mrk,X(CO2)=0.000000,7000.0,523.15,0.0,33.58894,1.0,0.0,0.0,0.3333333,0.6666667,0.0,0.0,0.0,683.2868,7000000000000000.0,0.0,-4999.5,nan,0.0,1.0
h2o_co2_hybrid_mrk,X(CO2)=0.000000,8000.0,523.15,0.0,32.63259,1.0,0.0,0.0,0.3333333,0.6666667,0.0,0.0,0.0,1002.082,8000000000000000.0,0.0,-4999.5,nan,0.0,1.0
h2o_co2_hybrid_mrk,X(CO2)=0.000000,9000.0,523.15,0.0,31.82267,1.0,0.0,0.0,0.3333333,0.6666667,0.0,0.0,0.0,1459.874,9000000000000000.0,0.0,-4999.5,nan,0.0,1.0
h2o_co2_hybrid_mrk,X(CO2)=0.000000,10000.0,523.15,0.0,31.12237,1.0,0.0,0.0,0.3333333,0.6666667,0.0,0.0,0.0,2114.137,1e+16,0.0,-4999.5,nan,0.0,1.0
h2o_co2_hybrid_mrk,X(CO2)=0.000000,11000.0,523.15,0.0,30.50695,1.0,0.0,0.0,0.3333333,0.6666667,0.0,0.0,0.0,3045.067,1.1e+16,0.0,-4999.5,nan,0.0,1.0
h2o_co2_hybrid_mrk,X(CO2)=0.000000,12000.0,523.15,0.0,29.95905,1.0,0.0,0.0,0.3333333,0.6666667,0.0,0.0,0.0,4364.208,1.2e+16,0.0,-4999.5,nan,0.0,1.0
h2o_co2_hybrid_mrk,X(CO2)=0.000000,13000.0,523.15,0.0,29.46602,1.0,0.0,0.0,0.3333333,0.6666667,0.0,0.0,0.0,6226.253,1.3e+16,0.0,-4999.5,nan,0.0,1.0
h2o_co2_hybrid_mrk,X(CO2)=0.000000,14000.0,523.15,0.0,29.01841,1.0,0.0,0.0,0.3333333,0.6666667,0.0,0.0,0.0,8845.133,1.4e+16,0.0,-4999.5,nan,0.0,1.0
h2o_co2_hybrid_mrk,X(CO2)=0.000000,15000.0,523.15,0.0,28.60896,1.0,0.0,0.0,0.3333333,0.6666667,0.0,0.0,0.0,12515.91,1.5e+16,0.0,-4999.5,nan,0.0,1.0
h2o_co2_hybrid_mrk,X(CO2)=0.000000,16000.0,523.15,0.0,28.23199,1.0,0.0,0.0,0.3333333,0.6666667,0.0,0.0,0.0,17644.49,1.6e+16,0.0,-4999.5,nan,0.0,1.0
h2o_co2_hybrid_mrk,X(CO2)=0.000000,17000.0,523.15,0.0,27.88298,1.0,0.0,0.0,0.3333333,0.6666667,0.0,0.0,0.0,24787.94,1.7e+16,0.0,-4999.5,nan,0.0,1.0
h2o_co2_hybrid_mrk,X(CO2)=0.000000,18000.0,523.15,0.0,27.55826,1.0,0.0,0.0,0.3333333,0.6666667,0.0,0.0,0.0,34708.89,1.8e+16,0.0,-4999.5,nan,0.0,1.0
h2o_co2_hybrid_mrk,X(CO2)=0.000000,19000.0,523.15,0.0,27.25484,1.0,0.0,0.0,0.3333333,0.6666667,0.0,0.0,0.0,48449.14,1.9e+16,0.0,-4999.5,nan,0.0,1.0
h2o_co2_hybrid_mrk,X(CO2)=0.000000,20000.0,523.15,0.0,26.97024,1.0,0.0,0.0,0.3333333,0.6666667,0.0,0.0,0.0,67428.67,2e+16,0.0,-4999.5,nan,0.0,1.0
h2o_co2_hybrid_mrk,X(CO2)=0.000000,1000.0,573.15,0.0,64.86645,1.0,0.0,0.0,0.3333333,0.6666667,0.0,0.0,0.0,105.5029,1000000000000000.0,0.0,-4999.5,nan,0.0,1.0
h2o_co2_hybrid_mrk,X(CO2)=0.000000,2000.0,573.15,0.0,48.52487,1.0,0.0,0.0,0.3333333,0.6666667,0.0,0.0,0.0,164.1675,2000000000000000.0,0.0,-4999.5,nan,0.0,1.0
h2o_co2_hybrid_mrk,X(CO2)=0.000000,3000.0,573.15,0.0,42.70957,1.0,0.0,0.0,0.3333333,0.6666667,0.0,0.0,0.0,249.0533,3000000000000000.0,0.0,-4999.5,nan,0.0,1.0
h2o_co2_hybrid_mrk,X(CO2)=0.000000,4000.0,573.15,0.0,39.45158,1.0,0.0,0.0,0.3333333,0.6666667,0.0,0.0,0.0,371.3489,4000000000000000.0,0.0,-4999.5,nan,0.0,1.0
h2o_co2_hybrid_mrk,X(CO2)=0.000000,5000.0,573.15,0.0,37.26289,1.0,0.0,0.0,0.3333333,0.6666667,0.0,0.0,0.0,546.4495,5000000000000000.0,0.0,-4999.5,nan,0.0,1.0
h2o_co2_hybrid_mrk,X(CO2)=0.000000,6000.0,573.15,0.0,35.64345,1.0,0.0,0.0,0.3333333,0.6666667,0.0,0.0,0.0,795.5994,6000000000000000.0,0.0,-4999.5,nan,0.0,1.0
h2o_co2_hybrid_mrk,X(CO2)=0.000000,7000.0,573.15,0.0,34.37161,1.0,0.0,0.0,0.3333333,0.6666667,0.0,0.0,0.0,1148.045,7000000000000000.0,0.0,-4999.5,nan,0.0,1.0
h2o_co2_hybrid_mrk,X(CO2)=0.000000,8000.0,573.15,0.0,33.33168,1.0,0.0,0.0,0.3333333,0.6666667,0.0,0.0,0.0,1643.919,8000000000000000.0,0.0,-4999.5,nan,0.0,1.0
h2o_co2_hybrid_mrk,X(CO2)=0.000000,9000.0,573.15,0.0,32.45636,1.0,0.0,0.0,0.3333333,0.6666667,0.0,0.0,0.0,2338.119,9000000000000000.0,0.0,-4999.5,nan,0.0,1.0
h2o_co2_hybrid_mrk,X(CO2)=0.000000,10000.0,573.15,0.0,31.70331,1.0,0.0,0.0,0.3333333,0.6666667,0.0,0.0,0.0,3305.487,1e+16,0.0,-4999.5,nan,0.0,1.0
h2o_co2_hybrid_mrk,X(CO2)=0.000000,11000.0,573.15,0.0,31.04434,1.0,0.0,0.0,0.3333333,0.6666667,0.0,0.0,0.0,4647.76,1.1e+16,0.0,-4999.5,nan,0.0,1.0
h2o_co2_hybrid_mrk,X(CO2)=0.000000,12000.0,573.15,0.0,30.45977,1.0,0.0,0.0,0.3333333,0.6666667,0.0,0.0,0.0,6502.824,1.2e+16,0.0,-4999.5,nan,0.0,1.0
h2o_co2_hybrid_mrk,X(CO2)=0.000000,13000.0,573.15,0.0,29.93541,1.0,0.0,0.0,0.3333333,0.6666667,0.0,0.0,0.0,9057.053,1.3e+16,0.0,-4999.5,nan,0.0,1.0
h2o_co2_hybrid_mrk,X(CO2)=0.000000,14000.0,573.15,0.0,29.46065,1.0,0.0,0.0,0.3333333,0.6666667,0.0,0.0,0.0,12561.69,1.4e+16,0.0,-4999.5,nan,0.0,1.0
h2o_co2_hybrid_mrk,X(CO2)=0.000000,15000.0,573.15,0.0,29.02743,1.0,0.0,0.0,0.3333333,0.6666667,0.0,0.0,0.0,17354.58,1.5e+16,0.0,-4999.5,nan,0.0,1.0
h2o_co2_hybrid_mrk,X(CO2)=0.000000,16000.0,573.15,0.0,28.62945,1.0,0.0,0.0,0.3333333,0.6666667,0.0,0.0,0.0,23888.95,1.6e+16,0.0,-4999.5,nan,0.0,1.0
h2o_co2_hybrid_mrk,X(CO2)=0.000000,17000.0,573.15,0.0,28.2617,1.0,0.0,0.0,0.3333333,0.6666667,0.0,0.0,0.0,32771.37,1.7e+16,0.0,-4999.5,nan,0.0,1.0
h2o_co2_hybrid_mrk,X(CO2)=0.000000,18000.0,573.15,0.0,27.92016,1.0,0.0,0.0,0.3333333,0.6666667,0.0,0.0,0.0,44811.93,1.8e+16,0.0,-4999.5,nan,0.0,1.0
h2o_co2_hybrid_mrk,X(CO2)=0.000000,19000.0,573.15,0.0,27.60153,1.0,0.0,0.0,0.3333333,0.6666667,0.0,0.0,0.0,61090.16,1.9e+16,0.0,-4999.5,nan,0.0,1.0
h2o_co2_hybrid_mrk,X(CO2)=0.000000,20000.0,573.15,0.0,27.30311,1.0,0.0,0.0,0.3333333,0.6666667,0.0,0.0,0.0,83041.76,2e+16,0.0,-4999.5,nan,0.0,1.0
h2o_co2_hybrid_mrk,X(CO2)=0.000000,1000.0,623.15,0.0,70.4793,1.0,0.0,0.0,0.3333333,0.6666667,0.0,0.0,0.0,175.478,1000000000000000.0,0.0,-4999.5,nan,0.0,1.0
h2o_co2_hybrid_mrk,X(CO2)=0.000000,2000.0,623.15,0.0,51.15405,1.0,0.0,0.0,0.3333333,0.6666667,0.0,0.0,0.0,270.4314,2000000000000000.0,0.0,-4999.5,nan,0.0,1.0
h2o_co2_hybrid_mrk,X(CO2)=0.000000,3000.0,623.15,0.0,44.42478,1.0,0.0,0.0,0.3333333,0.6666667,0.0,0.0,0.0,404.1005,3000000000000000.0,0.0,-4999.5,nan,0.0,1.0
h2o_co2_hybrid_mrk,X(CO2)=0.000000,4000.0,623.15,0.0,40.73994,1.0,0.0,0.0,0.3333333,0.6666667,0.0,0.0,0.0,592.1571,4000000000000000.0,0.0,-4999.5,nan,0.0,1.0
h2o_co2_hybrid_mrk,X(CO2)=0.000000,5000.0,623.15,0.0,38.30484,1.0,0.0,0.0,0.3333333,0.6666667,0.0,0.0,0.0,855.3851,5000000000000000.0,0.0,-4999.5,nan,0.0,1.0
h2o_co2_hybrid_mrk,X(CO2)=0.000000,6000.0,623.15,0.0,36.52451,1.0,0.0,0.0,0.3333333,0.6666667,0.0,0.0,0.0,1221.728,6000000000000000.0,0.0,-4999.5,nan,0.0,1.0
h2o_co2_hybrid_mrk,X(CO2)=0.000000,7000.0,623.15,0.0,35.13893,1.0,0.0,0.0,0.3333333,0.6666667,0.0,0.0,0.0,1728.749,7000000000000000.0,0.0,-4999.5,nan,0.0,1.0
h2o_co2_hybrid_mrk,X(CO2)=0.000000,8000.0,623.15,0.0,34.01404,1.0,0.0,0.0,0.3333333,0.6666667,0.0,0.0,0.0,2426.823,8000000000000000.0,0.0,-4999.5,nan,0.0,1.0
h2o_co2_hybrid_mrk,X(CO2)=0.000000,9000.0,623.15,0.0,33.07263,1.0,0.0,0.0,0.3333333,0.6666667,0.0,0.0,0.0,3383.31,9000000000000000.0,0.0,-4999.5,nan,0.0,1.0
h2o_co2_hybrid_mrk,X(CO2)=0.000000,10000.0,623.15,0.0,32.26657,1.0,0.0,0.0,0.3333333,0.6666667,0.0,0.0,0.0,4688.019,1e+16,0.0,-4999.5,nan,0.0,1.0
h2o_co2_hybrid_mrk,X(CO2)=0.000000,11000.0,623.15,0.0,31.56403,1.0,0.0,0.0,0.3333333,0.6666667,0.0,0.0,0.0,6460.355,1.1e+16,0.0,-4999.5,nan,0.0,1.0
h2o_co2_hybrid_mrk,X(CO2)=0.000000,12000.0,623.15,0.0,30.94296,1.0,0.0,0.0,0.3333333,0.6666667,0.0,0.0,0.0,8858.637,1.2e+16,0.0,-4999.5,nan,0.0,1.0
h2o_co2_hybrid_mrk,X(CO2)=0.000000,13000.0,623.15,0.0,30.3875,1.0,0.0,0.0,0.3333333,0.6666667,0.0,0.0,0.0,12092.25,1.3e+16,0.0,-4999.5,nan,0.0,1.0
h2o_co2_hybrid_mrk,X(CO2)=0.000000,14000.0,623.15,0.0,29.88591,1.0,0.0,0.0,0.3333333,0.6666667,0.0,0.0,0.0,16437.42,1.4e+16,0.0,-4999.5,nan,0.0,1.0
h2o_co2_hybrid_mrk,X(CO2)=0.000000,15000.0,623.15,0.0,29.42926,1.0,0.0,0.0,0.3333333,0.6666667,0.0,0.0,0.0,22257.72,1.5e+16,0.0,-4999.5,nan,0.0,1.0
h2o_co2_hybrid_mrk,X(CO2)=0.000000,16000.0,623.15,0.0,29.01062,1.0,0.0,0.0,0.3333333,0.6666667,0.0,0.0,0.0,30030.58,1.6e+16,0.0,-4999.5,nan,0.0,1.0
h2o_co2_hybrid_mrk,X(CO2)=0.000000,17000.0,623.15,0.0,28.62451,1.0,0.0,0.0,0.3333333,0.6666667,0.0,0.0,0.0,40381.62,1.7e+16,0.0,-4999.5,nan,0.0,1.0
h2o_co2_hybrid_mrk,X(CO2)=0.000000,18000.0,623.15,0.0,28.26651,1.0,0.0,0.0,0.3333333,0.6666667,0.0,0.0,0.0,54128.96,1.8e+16,0.0,-4999.5,nan,0.0,1.0
h2o_co2_hybrid_mrk,X(CO2)=0.000000,19000.0,623.15,0.0,27.93306,1.0,0.0,0.0,0.3333333,0.6666667,0.0,0.0,0.0,72340.29,1.9e+16,0.0,-4999.5,nan,0.0,1.0
h2o_co2_hybrid_mrk,X(CO2)=0.000000,20000.0,623.15,0.0,27.62118,1.0,0.0,0.0,0.3333333,0.6666667,0.0,0.0,0.0,96406.38,2e+16,0.0,-4999.5,nan,0.0,1.0
h2o_co2_hybrid_mrk,X(CO2)=0.000000,1000.0,673.15,0.0,76.00911,1.0,0.0,0.0,0.3333333,0.6666667,0.0,0.0,0.0,262.3274,1000000000000000.0,0.0,-4999.5,nan,0.0,1.0
h2o_co2_hybrid_mrk,X(CO2)=0.000000,2000.0,673.15,0.0,53.82183,1.0,0.0,0.0,0.3333333,0.6666667,0.0,0.0,0.0,403.1105,2000000000000000.0,0.0,-4999.5,nan,0.0,1.0
h2o_co2_hybrid_mrk,X(CO2)=0.000000,3000.0,673.15,0.0,46.1591,1.0,0.0,0.0,0.3333333,0.6666667,0.0,0.0,0.0,595.8399,3000000000000000.0,0.0,-4999.5,nan,0.0,1.0
h2o_co2_hybrid_mrk,X(CO2)=0.000000,4000.0,673.15,0.0,42.03258,1.0,0.0,0.0,0.3333333,0.6666667,0.0,0.0,0.0,861.2127,4000000000000000.0,0.0,-4999.5,nan,0.0,1.0
h2o_co2_hybrid_mrk,X(CO2)=0.000000,5000.0,673.15,0.0,39.34283,1.0,0.0,0.0,0.3333333,0.6666667,0.0,0.0,0.0,1225.345,5000000000000000.0,0.0,-4999.5,nan,0.0,1.0
h2o_co2_hybrid_mrk,X(CO2)=0.000000,6000.0,673.15,0.0,37.39704,1.0,0.0,0.0,0.3333333,0.6666667,0.0,0.0,0.0,1722.462,6000000000000000.0,0.0,-4999.5,nan,0.0,1.0
h2o_co2_hybrid_mrk,X(CO2)=0.000000,7000.0,673.15,0.0,35.89514,1.0,0.0,0.0,0.3333333,0.6666667,0.0,0.0,0.0,2397.602,7000000000000000.0,0.0,-4999.5,nan,0.0,1.0
h2o_co2_hybrid_mrk,X(CO2)=0.000000,8000.0,673.15,0.0,34.68382,1.0,0.0,0.0,0.3333333,0.6666667,0.0,0.0,0.0,3309.955,8000000000000000.0,0.0,-4999.5,nan,0.0,1.0
h2o_co2_hybrid_mrk,X(CO2)=0.000000,9000.0,673.15,0.0,33.67551,1.0,0.0,0.0,0.3333333,0.6666667,0.0,0.0,0.0,4537.134,9000000000000000.0,0.0,-4999.5,nan,0.0,1.0
h2o_co2_hybrid_mrk,X(CO2)=0.000000,10000.0,673.15,0.0,32.81602,1.0,0.0,0.0,0.3333333,0.6666667,0.0,0.0,0.0,6180.637,1e+16,0.0,-4999.5,nan,0.0,1.0
h2o_co2_hybrid_mrk,X(CO2)=0.000000,11000.0,673.15,0.0,32.06975,1.0,0.0,0.0,0.3333333,0.6666667,0.0,0.0,0.0,8372.858,1.1e+16,0.0,-4999.5,nan,0.0,1.0
h2o_co2_hybrid_mrk,X(CO2)=0.000000,12000.0,673.15,0.0,31.41217,1.0,0.0,0.0,0.3333333,0.6666667,0.0,0.0,0.0,11286.06,1.2e+16,0.0,-4999.5,nan,0.0,1.0
h2o_co2_hybrid_mrk,X(CO2)=0.000000,13000.0,673.15,0.0,30.82572,1.0,0.0,0.0,0.3333333,0.6666667,0.0,0.0,0.0,15143.81,1.3e+16,0.0,-4999.5,nan,0.0,1.0
h2o_co2_hybrid_mrk,X(CO2)=0.000000,14000.0,673.15,0.0,30.29746,1.0,0.0,0.0,0.3333333,0.6666667,0.0,0.0,0.0,20235.67,1.4e+16,0.0,-4999.5,nan,0.0,1.0
h2o_co2_hybrid_mrk,X(CO2)=0.000000,15000.0,673.15,0.0,29.8176,1.0,0.0,0.0,0.3333333,0.6666667,0.0,0.0,0.0,26935.75,1.5e+16,0.0,-4999.5,nan,0.0,1.0
h2o_co2_hybrid_mrk,X(CO2)=0.000000,16000.0,673.15,0.0,29.37854,1.0,0.0,0.0,0.3333333,0.6666667,0.0,0.0,0.0,35726.42,1.6e+16,0.0,-4999.5,nan,0.0,1.0
h2o_co2_hybrid_mrk,X(CO2)=0.000000,17000.0,673.15,0.0,28.97432,1.0,0.0,0.0,0.3333333,0.6666667,0.0,0.0,0.0,47228.39,1.7e+16,0.0,-4999.5,nan,0.0,1.0
h2o_co2_hybrid_mrk,X(CO2)=0.000000,18000.0,673.15,0.0,28.60015,1.0,0.0,0.0,0.3333333,0.6666667,0.0,0.0,0.0,62238.83,1.8e+16,0.0,-4999.5,nan,0.0,1.0
h2o_co2_hybrid_mrk,X(CO2)=0.000000,19000.0,673.15,0.0,28.25213,1.0,0.0,0.0,0.3333333,0.6666667,0.0,0.0,0.0,81779.57,1.9e+16,0.0,-4999.5,nan,0.0,1.0
h2o_co2_hybrid_mrk,X(CO2)=0.000000,20000.0,673.15,0.0,27.92707,1.0,0.0,0.0,0.3333333,0.6666667,0.0,0.0,0.0,107158.2,2e+16,0.0,-4999.5,nan,0.0,1.0
h2o_co2_hybrid_mrk,X(CO2)=0.000000,1000.0,723.15,0.0,81.41712,1.0,0.0,0.0,0.3333333,0.6666667,0.0,0.0,0.0,360.1504,1000000000000000.0,0.0,-4999.5,nan,0.0,1.0
h2o_co2_hybrid_mrk,X(CO2)=0.000000,2000.0,723.15,0.0,56.50541,1.0,0.0,0.0,0.3333333,0.6666667,0.0,0.0,0.0,556.1046,2000000000000000.0,0.0,-4999.5,nan,0.0,1.0
h2o_co2_hybrid_mrk,X(CO2)=0.000000,3000.0,723.15,0.0,47.90807,1.0,0.0,0.0,0.3333333,0.6666667,0.0,0.0,0.0,816.2076,3000000000000000.0,0.0,-4999.5,nan,0.0,1.0
h2o_co2_hybrid_mrk,X(CO2)=0.000000,4000.0,723.15,0.0,43.33026,1.0,0.0,0.0,0.3333333,0.6666667,0.0,0.0,0.0,1167.191,4000000000000000.0,0.0,-4999.5,nan,0.0,1.0
h2o_co2_hybrid_mrk,X(CO2)=0.000000,5000.0,723.15,0.0,40.3793,1.0,0.0,0.0,0.3333333,0.6666667,0.0,0.0,0.0,1640.269,5000000000000000.0,0.0,-4999.5,nan,0.0,1.0
h2o_co2_hybrid_mrk,X(CO2)=0.000000,6000.0,723.15,0.0,38.26403,1.0,0.0,0.0,0.3333333,0.6666667,0.0,0.0,0.0,2275.236,6000000000000000.0,0.0,-4999.5,nan,0.0,1.0
h2o_co2_hybrid_mrk,X(CO2)=0.000000,7000.0,723.15,0.0,36.64338,1.0,0.0,0.0,0.3333333,0.6666667,0.0,0.0,0.0,3123.423,7000000000000000.0,0.0,-4999.5,nan,0.0,1.0
h2o_co2_hybrid_mrk,X(CO2)=0.000000,8000.0,723.15,0.0,35.34415,1.0,0.0,0.0,0.3333333,0.6666667,0.0,0.0,0.0,4251.083,8000000000000000.0,0.0,-4999.5,nan,0.0,1.0
h2o_co2_hybrid_mrk,X(CO2)=0.000000,9000.0,723.15,0.0,34.26806,1.0,0.0,0.0,0.3333333,0.6666667,0.0,0.0,0.0,5743.599,9000000000000000.0,0.0,-4999.5,nan,0.0,1.0
h2o_co2_hybrid_mrk,X(CO2)=0.000000,10000.0,723.15,0.0,33.35465,1.0,0.0,0.0,0.3333333,0.6666667,0.0,0.0,0.0,7710.758,1e+16,0.0,-4999.5,nan,0.0,1.0
h2o_co2_hybrid_mrk,X(CO2)=0.000000,11000.0,723.15,0.0,32.56438,1.0,0.0,0.0,0.3333333,0.6666667,0.0,0.0,0.0,10293.4,1.1e+16,0.0,-4999.5,nan,0.0,1.0
h2o_co2_hybrid_mrk,X(CO2)=0.000000,12000.0,723.15,0.0,31.87018,1.0,0.0,0.0,0.3333333,0.6666667,0.0,0.0,0.0,13671.78,1.2e+16,0.0,-4999.5,nan,0.0,1.0
h2o_co2_hybrid_mrk,X(CO2)=0.000000,13000.0,723.15,0.0,31.25275,1.0,0.0,0.0,0.3333333,0.6666667,0.0,0.0,0.0,18076.06,1.3e+16,0.0,-4999.5,nan,0.0,1.0
h2o_co2_hybrid_mrk,X(CO2)=0.000000,14000.0,723.15,0.0,30.6979,1.0,0.0,0.0,0.3333333,0.6666667,0.0,0.0,0.0,23799.53,1.4e+16,0.0,-4999.5,nan,0.0,1.0
h2o_co2_hybrid_mrk,X(CO2)=0.000000,15000.0,723.15,0.0,30.19494,1.0,0.0,0.0,0.3333333,0.6666667,0.0,0.0,0.0,31215.12,1.5e+16,0.0,-4999.5,nan,0.0,1.0
h2o_co2_hybrid_mrk,X(CO2)=0.000000,16000.0,723.15,0.0,29.73563,1.0,0.0,0.0,0.3333333,0.6666667,0.0,0.0,0.0,40796.06,1.6e+16,0.0,-4999.5,nan,0.0,1.0
h2o_co2_hybrid_mrk,X(CO2)=0.000000,17000.0,723.15,0.0,29.31348,1.0,0.0,0.0,0.3333333,0.6666667,0.0,0.0,0.0,53141.75,1.7e+16,0.0,-4999.5,nan,0.0,1.0
h2o_co2_hybrid_mrk,X(CO2)=0.000000,18000.0,723.15,0.0,28.92331,1.0,0.0,0.0,0.3333333,0.6666667,0.0,0.0,0.0,69009.99,1.8e+16,0.0,-4999.5,nan,0.0,1.0
h2o_co2_hybrid_mrk,X(CO2)=0.000000,19000.0,723.15,0.0,28.56093,1.0,0.0,0.0,0.3333333,0.6666667,0.0,0.0,0.0,89357.16,1.9e+16,0.0,-4999.5,nan,0.0,1.0
h2o_co2_hybrid_mrk,X(CO2)=0.000000,20000.0,723.15,0.0,28.22288,1.0,0.0,0.0,0.3333333,0.6666667,0.0,0.0,0.0,115388.2,2e+16,0.0,-4999.5,nan,0.0,1.0
h2o_co2_hybrid_mrk,X(CO2)=0.000000,1000.0,773.15,0.0,86.70165,1.0,0.0,0.0,0.3333333,0.6666667,0.0,0.0,0.0,460.8531,1000000000000000.0,0.0,-4999.5,nan,0.0,1.0
h2o_co2_hybrid_mrk,X(CO2)=0.000000,2000.0,773.15,0.0,59.18709,1.0,0.0,0.0,0.3333333,0.6666667,0.0,0.0,0.0,721.5673,2000000000000000.0,0.0,-4999.5,nan,0.0,1.0
h2o_co2_hybrid_mrk,X(CO2)=0.000000,3000.0,773.15,0.0,49.66666,1.0,0.0,0.0,0.3333333,0.6666667,0.0,0.0,0.0,1055.431,3000000000000000.0,0.0,-4999.5,nan,0.0,1.0
h2o_co2_hybrid_mrk,X(CO2)=0.000000,4000.0,773.15,0.0,44.63275,1.0,0.0,0.0,0.3333333,0.6666667,0.0,0.0,0.0,1497.24,4000000000000000.0,0.0,-4999.5,nan,0.0,1.0
h2o_co2_hybrid_mrk,X(CO2)=0.000000,5000.0,773.15,0.0,41.41571,1.0,0.0,0.0,0.3333333,0.6666667,0.0,0.0,0.0,2083.085,5000000000000000.0,0.0,-4999.5,nan,0.0,1.0
h2o_co2_hybrid_mrk,X(CO2)=0.000000,6000.0,773.15,0.0,39.12759,1.0,0.0,0.0,0.3333333,0.6666667,0.0,0.0,0.0,2857.526,6000000000000000.0,0.0,-4999.5,nan,0.0,1.0
h2o_co2_hybrid_mrk,X(CO2)=0.000000,7000.0,773.15,0.0,37.38599,1.0,0.0,0.0,0.3333333,0.6666667,0.0,0.0,0.0,3876.917,7000000000000000.0,0.0,-4999.5,nan,0.0,1.0
h2o_co2_hybrid_mrk,X(CO2)=0.000000,8000.0,773.15,0.0,35.99745,1.0,0.0,0.0,0.3333333,0.6666667,0.0,0.0,0.0,5212.802,8000000000000000.0,0.0,-4999.5,nan,0.0,1.0
h2o_co2_hybrid_mrk,X(CO2)=0.000000,9000.0,773.15,0.0,34.85269,1.0,0.0,0.0,0.3333333,0.6666667,0.0,0.0,0.0,6955.963,9000000000000000.0,0.0,-4999.5,nan,0.0,1.0
h2o_co2_hybrid_mrk,X(CO2)=0.000000,10000.0,773.15,0.0,33.88479,1.0,0.0,0.0,0.3333333,0.6666667,0.0,0.0,0.0,9221.395,1e+16,0.0,-4999.5,nan,0.0,1.0
h2o_co2_hybrid_mrk,X(CO2)=0.000000,11000.0,773.15,0.0,33.05021,1.0,0.0,0.0,0.3333333,0.6666667,0.0,0.0,0.0,12154.46,1.1e+16,0.0,-4999.5,nan,0.0,1.0
h2o_co2_hybrid_mrk,X(CO2)=0.000000,12000.0,773.15,0.0,32.31922,1.0,0.0,0.0,0.3333333,0.6666667,0.0,0.0,0.0,15938.51,1.2e+16,0.0,-4999.5,nan,0.0,1.0
h2o_co2_hybrid_mrk,X(CO2)=0.000000,13000.0,773.15,0.0,31.67072,1.0,0.0,0.0,0.3333333,0.6666667,0.0,0.0,0.0,20804.34,1.3e+16,0.0,-4999.5,nan,0.0,1.0
h2o_co2_hybrid_mrk,X(CO2)=0.000000,14000.0,773.15,0.0,31.08929,1.0,0.0,0.0,0.3333333,0.6666667,0.0,0.0,0.0,27041.88,1.4e+16,0.0,-4999.5,nan,0.0,1.0
h2o_co2_hybrid_mrk,X(CO2)=0.000000,15000.0,773.15,0.0,30.56329,1.0,0.0,0.0,0.3333333,0.6666667,0.0,0.0,0.0,35014.63,1.5e+16,0.0,-4999.5,nan,0.0,1.0
h2o_co2_hybrid_mrk,X(CO2)=0.000000,16000.0,773.15,0.0,30.0838,1.0,0.0,0.0,0.3333333,0.6666667,0.0,0.0,0.0,45177.44,1.6e+16,0.0,-4999.5,nan,0.0,1.0
h2o_co2_hybrid_mrk,X(CO2)=0.000000,17000.0,773.15,0.0,29.64383,1.0,0.0,0.0,0.3333333,0.6666667,0.0,0.0,0.0,58098.48,1.7e+16,0.0,-4999.5,nan,0.0,1.0
h2o_co2_hybrid_mrk,X(CO2)=0.000000,18000.0,773.15,0.0,29.2378,1.0,0.0,0.0,0.3333333,0.6666667,0.0,0.0,0.0,74486.26,1.8e+16,0.0,-4999.5,nan,0.0,1.0
h2o_co2_hybrid_mrk,X(CO2)=0.000000,19000.0,773.15,0.0,28.86119,1.0,0.0,0.0,0.3333333,0.6666667,0.0,0.0,0.0,95222.76,1.9e+16,0.0,-4999.5,nan,0.0,1.0
h2o_co2_hybrid_mrk,X(CO2)=0.000000,20000.0,773.15,0.0,28.51032,1.0,0.0,0.0,0.3333333,0.6666667,0.0,0.0,0.0,121404.2,2e+16,0.0,-4999.5,nan,0.0,1.0
h2o_co2_hybrid_mrk,X(CO2)=0.000000,1000.0,823.15,0.0,91.87647,1.0,0.0,0.0,0.3333333,0.6666667,0.0,0.0,0.0,556.1315,1000000000000000.0,0.0,-4999.5,nan,0.0,1.0
h2o_co2_hybrid_mrk,X(CO2)=0.000000,2000.0,823.15,0.0,61.85515,1.0,0.0,0.0,0.3333333,0.6666667,0.0,0.0,0.0,891.1597,2000000000000000.0,0.0,-4999.5,nan,0.0,1.0
h2o_co2_hybrid_mrk,X(CO2)=0.000000,3000.0,823.15,0.0,51.43018,1.0,0.0,0.0,0.3333333,0.6666667,0.0,0.0,0.0,1303.501,3000000000000000.0,0.0,-4999.5,nan,0.0,1.0
h2o_co2_hybrid_mrk,X(CO2)=0.000000,4000.0,823.15,0.0,45.93934,1.0,0.0,0.0,0.3333333,0.6666667,0.0,0.0,0.0,1838.77,4000000000000000.0,0.0,-4999.5,nan,0.0,1.0
h2o_co2_hybrid_mrk,X(CO2)=0.000000,5000.0,823.15,0.0,42.45295,1.0,0.0,0.0,0.3333333,0.6666667,0.0,0.0,0.0,2537.843,5000000000000000.0,0.0,-4999.5,nan,0.0,1.0
h2o_co2_hybrid_mrk,X(CO2)=0.000000,6000.0,823.15,0.0,39.98925,1.0,0.0,0.0,0.3333333,0.6666667,0.0,0.0,0.0,3449.282,6000000000000000.0,0.0,-4999.5,nan,0.0,1.0
h2o_co2_hybrid_mrk,X(CO2)=0.000000,7000.0,823.15,0.0,38.12476,1.0,0.0,0.0,0.3333333,0.6666667,0.0,0.0,0.0,4633.274,7000000000000000.0,0.0,-4999.5,nan,0.0,1.0
h2o_co2_hybrid_mrk,X(CO2)=0.000000,8000.0,823.15,0.0,36.64559,1.0,0.0,0.0,0.3333333,0.6666667,0.0,0.0,0.0,6165.046,8000000000000000.0,0.0,-4999.5,nan,0.0,1.0
h2o_co2_hybrid_mrk,X(CO2)=0.000000,9000.0,823.15,0.0,35.43127,1.0,0.0,0.0,0.3333333,0.6666667,0.0,0.0,0.0,8138.714,9000000000000000.0,0.0,-4999.5,nan,0.0,1.0
h2o_co2_hybrid_mrk,X(CO2)=0.000000,10000.0,823.15,0.0,34.40831,1.0,0.0,0.0,0.3333333,0.6666667,0.0,0.0,0.0,10671.9,1e+16,0.0,-4999.5,nan,0.0,1.0
h2o_co2_hybrid_mrk,X(CO2)=0.000000,11000.0,823.15,0.0,33.52903,1.0,0.0,0.0,0.3333333,0.6666667,0.0,0.0,0.0,13911.35,1.1e+16,0.0,-4999.5,nan,0.0,1.0
h2o_co2_hybrid_mrk,X(CO2)=0.000000,12000.0,823.15,0.0,32.76103,1.0,0.0,0.0,0.3333333,0.6666667,0.0,0.0,0.0,18039.79,1.2e+16,0.0,-4999.5,nan,0.0,1.0
h2o_co2_hybrid_mrk,X(CO2)=0.000000,13000.0,823.15,0.0,32.08135,1.0,0.0,0.0,0.3333333,0.6666667,0.0,0.0,0.0,23284.3,1.3e+16,0.0,-4999.5,nan,0.0,1.0
h2o_co2_hybrid_mrk,X(CO2)=0.000000,14000.0,823.15,0.0,31.47327,1.0,0.0,0.0,0.3333333,0.6666667,0.0,0.0,0.0,29926.58,1.4e+16,0.0,-4999.5,nan,0.0,1.0
h2o_co2_hybrid_mrk,X(CO2)=0.000000,15000.0,823.15,0.0,30.92424,1.0,0.0,0.0,0.3333333,0.6666667,0.0,0.0,0.0,38315.4,1.5e+16,0.0,-4999.5,nan,0.0,1.0
h2o_co2_hybrid_mrk,X(CO2)=0.000000,16000.0,823.15,0.0,30.42462,1.0,0.0,0.0,0.3333333,0.6666667,0.0,0.0,0.0,48881.85,1.6e+16,0.0,-4999.5,nan,0.0,1.0
h2o_co2_hybrid_mrk,X(CO2)=0.000000,17000.0,823.15,0.0,29.96689,1.0,0.0,0.0,0.3333333,0.6666667,0.0,0.0,0.0,62157.8,1.7e+16,0.0,-4999.5,nan,0.0,1.0
h2o_co2_hybrid_mrk,X(CO2)=0.000000,18000.0,823.15,0.0,29.54508,1.0,0.0,0.0,0.3333333,0.6666667,0.0,0.0,0.0,78798.44,1.8e+16,0.0,-4999.5,nan,0.0,1.0
h2o_co2_hybrid_mrk,X(CO2)=0.000000,19000.0,823.15,0.0,29.15434,1.0,0.0,0.0,0.3333333,0.6666667,0.0,0.0,0.0,99609.6,1.9e+16,0.0,-4999.5,nan,0.0,1.0
h2o_co2_hybrid_mrk,X(CO2)=0.000000,20000.0,823.15,0.0,28.79074,1.0,0.0,0.0,0.3333333,0.6666667,0.0,0.0,0.0,125580.8,2e+16,0.0,-4999.5,nan,0.0,1.0
h2o_co2_hybrid_mrk,X(CO2)=0.000000,1000.0,873.15,0.0,96.95933,1.0,0.0,0.0,0.3333333,0.6666667,0.0,0.0,0.0,640.386,1000000000000000.0,0.0,-4999.5,nan,0.0,1.0
h2o_co2_hybrid_mrk,X(CO2)=0.000000,2000.0,873.15,0.0,64.50314,1.0,0.0,0.0,0.3333333,0.6666667,0.0,0.0,0.0,1057.161,2000000000000000.0,0.0,-4999.5,nan,0.0,1.0
h2o_co2_hybrid_mrk,X(CO2)=0.000000,3000.0,873.15,0.0,53.1948,1.0,0.0,0.0,0.3333333,0.6666667,0.0,0.0,0.0,1551.2,3000000000000000.0,0.0,-4999.5,nan,0.0,1.0
h2o_co2_hybrid_mrk,X(CO2)=0.000000,4000.0,873.15,0.0,47.24913,1.0,0.0,0.0,0.3333333,0.6666667,0.0,0.0,0.0,2180.537,4000000000000000.0,0.0,-4999.5,nan,0.0,1.0
h2o_co2_hybrid_mrk,X(CO2)=0.000000,5000.0,873.15,0.0,43.49154,1.0,0.0,0.0,0.3333333,0.6666667,0.0,0.0,0.0,2990.827,5000000000000000.0,0.0,-4999.5,nan,0.0,1.0
h2o_co2_hybrid_mrk,X(CO2)=0.000000,6000.0,873.15,0.0,40.85015,1.0,0.0,0.0,0.3333333,0.6666667,0.0,0.0,0.0,4033.973,6000000000000000.0,0.0,-4999.5,nan,0.0,1.0
h2o_co2_hybrid_mrk,X(CO2)=0.000000,7000.0,873.15,0.0,38.86109,1.0,0.0,0.0,0.3333333,0.6666667,0.0,0.0,0.0,5372.96,7000000000000000.0,0.0,-4999.5,nan,0.0,1.0
h2o_co2_hybrid_mrk,X(CO2)=0.000000,8000.0,873.15,0.0,37.29006,1.0,0.0,0.0,0.3333333,0.6666667,0.0,0.0,0.0,7085.337,8000000000000000.0,0.0,-4999.5,nan,0.0,1.0
h2o_co2_hybrid_mrk,X(CO2)=0.000000,9000.0,873.15,0.0,36.00533,1.0,0.0,0.0,0.3333333,0.6666667,0.0,0.0,0.0,9266.862,9000000000000000.0,0.0,-4999.5,nan,0.0,1.0
h2o_co2_hybrid_mrk,X(CO2)=0.000000,10000.0,873.15,0.0,34.92671,1.0,0.0,0.0,0.3333333,0.6666667,0.0,0.0,0.0,12035.75,1e+16,0.0,-4999.5,nan,0.0,1.0
h2o_co2_hybrid_mrk,X(CO2)=0.000000,11000.0,873.15,0.0,34.00234,1.0,0.0,0.0,0.3333333,0.6666667,0.0,0.0,0.0,15537.77,1.1e+16,0.0,-4999.5,nan,0.0,1.0
h2o_co2_hybrid_mrk,X(CO2)=0.000000,12000.0,873.15,0.0,33.19705,1.0,0.0,0.0,0.3333333,0.6666667,0.0,0.0,0.0,19952.3,1.2e+16,0.0,-4999.5,nan,0.0,1.0
h2o_co2_hybrid_mrk,X(CO2)=0.000000,13000.0,873.15,0.0,32.48603,1.0,0.0,0.0,0.3333333,0.6666667,0.0,0.0,0.0,25499.78,1.3e+16,0.0,-4999.5,nan,0.0,1.0
h2o_co2_hybrid_mrk,X(CO2)=0.000000,14000.0,873.15,0.0,31.85122,1.0,0.0,0.0,0.3333333,0.6666667,0.0,0.0,0.0,32450.58,1.4e+16,0.0,-4999.5,nan,0.0,1.0
h2o_co2_hybrid_mrk,X(CO2)=0.000000,15000.0,873.15,0.0,31.2791,1.0,0.0,0.0,0.3333333,0.6666667,0.0,0.0,0.0,41135.73,1.5e+16,0.0,-4999.5,nan,0.0,1.0
h2o_co2_hybrid_mrk,X(CO2)=0.000000,16000.0,873.15,0.0,30.75934,1.0,0.0,0.0,0.3333333,0.6666667,0.0,0.0,0.0,51959.89,1.6e+16,0.0,-4999.5,nan,0.0,1.0
h2o_co2_hybrid_mrk,X(CO2)=0.000000,17000.0,873.15,0.0,30.28389,1.0,0.0,0.0,0.3333333,0.6666667,0.0,0.0,0.0,65416.89,1.7e+16,0.0,-4999.5,nan,0.0,1.0
h2o_co2_hybrid_mrk,X(CO2)=0.000000,18000.0,873.15,0.0,29.84633,1.0,0.0,0.0,0.3333333,0.6666667,0.0,0.0,0.0,82108.47,1.8e+16,0.0,-4999.5,nan,0.0,1.0
h2o_co2_hybrid_mrk,X(CO2)=0.000000,19000.0,873.15,0.0,29.44153,1.0,0.0,0.0,0.3333333,0.6666667,0.0,0.0,0.0,102766.8,1.9e+16,0.0,-4999.5,nan,0.0,1.0
h2o_co2_hybrid_mrk,X(CO2)=0.000000,20000.0,873.15,0.0,29.06527,1.0,0.0,0.0,0.3333333,0.6666667,0.0,0.0,0.0,128281.2,2e+16,0.0,-4999.5,nan,0.0,1.0
h2o_co2_hybrid_mrk,X(CO2)=0.000000,1000.0,923.15,0.0,101.9669,1.0,0.0,0.0,0.3333333,0.6666667,0.0,0.0,0.0,711.6869,1000000000000000.0,0.0,-4999.5,nan,0.0,1.0
h2o_co2_hybrid_mrk,X(CO2)=0.000000,2000.0,923.15,0.0,67.12839,1.0,0.0,0.0,0.3333333,0.6666667,0.0,0.0,0.0,1213.394,2000000000000000.0,0.0,-4999.5,nan,0.0,1.0
h2o_co2_hybrid_mrk,X(CO2)=0.000000,3000.0,923.15,0.0,54.95767,1.0,0.0,0.0,0.3333333,0.6666667,0.0,0.0,0.0,1790.754,3000000000000000.0,0.0,-4999.5,nan,0.0,1.0
h2o_co2_hybrid_mrk,X(CO2)=0.000000,4000.0,923.15,0.0,48.56126,1.0,0.0,0.0,0.3333333,0.6666667,0.0,0.0,0.0,2513.189,4000000000000000.0,0.0,-4999.5,nan,0.0,1.0
h2o_co2_hybrid_mrk,X(CO2)=0.000000,5000.0,923.15,0.0,44.53179,1.0,0.0,0.0,0.3333333,0.6666667,0.0,0.0,0.0,3430.964,5000000000000000.0,0.0,-4999.5,nan,0.0,1.0
h2o_co2_hybrid_mrk,X(CO2)=0.000000,6000.0,923.15,0.0,41.71115,1.0,0.0,0.0,0.3333333,0.6666667,0.0,0.0,0.0,4598.756,6000000000000000.0,0.0,-4999.5,nan,0.0,1.0
h2o_co2_hybrid_mrk,X(CO2)=0.000000,7000.0,923.15,0.0,39.59608,1.0,0.0,0.0,0.3333333,0.6666667,0.0,0.0,0.0,6081.492,7000000000000000.0,0.0,-4999.5,nan,0.0,1.0
h2o_co2_hybrid_mrk,X(CO2)=0.000000,8000.0,923.15,0.0,37.93209,1.0,0.0,0.0,0.3333333,0.6666667,0.0,0.0,0.0,7957.934,8000000000000000.0,0.0,-4999.5,nan,0.0,1.0
h2o_co2_hybrid_mrk,X(CO2)=0.000000,9000.0,923.15,0.0,36.57612,1.0,0.0,0.0,0.3333333,0.6666667,0.0,0.0,0.0,10324.16,9000000000000000.0,0.0,-4999.5,nan,0.0,1.0
h2o_co2_hybrid_mrk,X(CO2)=0.000000,10000.0,923.15,0.0,35.44124,1.0,0.0,0.0,0.3333333,0.6666667,0.0,0.0,0.0,13297.45,1e+16,0.0,-4999.5,nan,0.0,1.0
h2o_co2_hybrid_mrk,X(CO2)=0.000000,11000.0,923.15,0.0,34.47135,1.0,0.0,0.0,0.3333333,0.6666667,0.0,0.0,0.0,17020.86,1.1e+16,0.0,-4999.5,nan,0.0,1.0
h2o_co2_hybrid_mrk,X(CO2)=0.000000,12000.0,923.15,0.0,33.62849,1.0,0.0,0.0,0.3333333,0.6666667,0.0,0.0,0.0,21668.64,1.2e+16,0.0,-4999.5,nan,0.0,1.0
h2o_co2_hybrid_mrk,X(CO2)=0.000000,13000.0,923.15,0.0,32.88592,1.0,0.0,0.0,0.3333333,0.6666667,0.0,0.0,0.0,27452.68,1.3e+16,0.0,-4999.5,nan,0.0,1.0
h2o_co2_hybrid_mrk,X(CO2)=0.000000,14000.0,923.15,0.0,32.22424,1.0,0.0,0.0,0.3333333,0.6666667,0.0,0.0,0.0,34630.28,1.4e+16,0.0,-4999.5,nan,0.0,1.0
h2o_co2_hybrid_mrk,X(CO2)=0.000000,15000.0,923.15,0.0,31.62896,1.0,0.0,0.0,0.3333333,0.6666667,0.0,0.0,0.0,43513.31,1.5e+16,0.0,-4999.5,nan,0.0,1.0
h2o_co2_hybrid_mrk,X(CO2)=0.000000,16000.0,923.15,0.0,31.08903,1.0,0.0,0.0,0.3333333,0.6666667,0.0,0.0,0.0,54479.23,1.6e+16,0.0,-4999.5,nan,0.0,1.0
h2o_co2_hybrid_mrk,X(CO2)=0.000000,17000.0,923.15,0.0,30.59583,1.0,0.0,0.0,0.3333333,0.6666667,0.0,0.0,0.0,67984.2,1.7e+16,0.0,-4999.5,nan,0.0,1.0
h2o_co2_hybrid_mrk,X(CO2)=0.000000,18000.0,923.15,0.0,30.14255,1.0,0.0,0.0,0.3333333,0.6666667,0.0,0.0,0.0,84578.6,1.8e+16,0.0,-4999.5,nan,0.0,1.0
h2o_co2_hybrid_mrk,X(CO2)=0.000000,19000.0,923.15,0.0,29.72371,1.0,0.0,0.0,0.3333333,0.6666667,0.0,0.0,0.0,104925.7,1.9e+16,0.0,-4999.5,nan,0.0,1.0
h2o_co2_hybrid_mrk,X(CO2)=0.000000,20000.0,923.15,0.0,29.33485,1.0,0.0,0.0,0.3333333,0.6666667,0.0,0.0,0.0,129823.4,2e+16,0.0,-4999.5,nan,0.0,1.0
h2o_co2_hybrid_mrk,X(CO2)=0.000000,1000.0,973.15,0.0,106.9132,1.0,0.0,0.0,0.3333333,0.6666667,0.0,0.0,0.0,770.5554,1000000000000000.0,0.0,-4999.5,nan,0.0,1.0
h2o_co2_hybrid_mrk,X(CO2)=0.000000,2000.0,973.15,0.0,69.73071,1.0,0.0,0.0,0.3333333,0.6666667,0.0,0.0,0.0,1355.795,2000000000000000.0,0.0,-4999.5,nan,0.0,1.0
h2o_co2_hybrid_mrk,X(CO2)=0.000000,3000.0,973.15,0.0,56.71687,1.0,0.0,0.0,0.3333333,0.6666667,0.0,0.0,0.0,2016.21,3000000000000000.0,0.0,-4999.5,nan,0.0,1.0
h2o_co2_hybrid_mrk,X(CO2)=0.000000,4000.0,973.15,0.0,49.87501,1.0,0.0,0.0,0.3333333,0.6666667,0.0,0.0,0.0,2829.46,4000000000000000.0,0.0,-4999.5,nan,0.0,1.0
h2o_co2_hybrid_mrk,X(CO2)=0.000000,5000.0,973.15,0.0,45.57389,1.0,0.0,0.0,0.3333333,0.6666667,0.0,0.0,0.0,3849.825,5000000000000000.0,0.0,-4999.5,nan,0.0,1.0
h2o_co2_hybrid_mrk,X(CO2)=0.000000,6000.0,973.15,0.0,42.57293,1.0,0.0,0.0,0.3333333,0.6666667,0.0,0.0,0.0,5134.211,6000000000000000.0,0.0,-4999.5,nan,0.0,1.0
h2o_co2_hybrid_mrk,X(CO2)=0.000000,7000.0,973.15,0.0,40.33066,1.0,0.0,0.0,0.3333333,0.6666667,0.0,0.0,0.0,6748.768,7000000000000000.0,0.0,-4999.5,nan,0.0,1.0
h2o_co2_hybrid_mrk,X(CO2)=0.000000,8000.0,973.15,0.0,38.57268,1.0,0.0,0.0,0.3333333,0.6666667,0.0,0.0,0.0,8772.609,8000000000000000.0,0.0,-4999.5,nan,0.0,1.0
h2o_co2_hybrid_mrk,X(CO2)=0.000000,9000.0,973.15,0.0,37.14467,1.0,0.0,0.0,0.3333333,0.6666667,0.0,0.0,0.0,11301.12,9000000000000000.0,0.0,-4999.5,nan,0.0,1.0
h2o_co2_hybrid_mrk,X(CO2)=0.000000,10000.0,973.15,0.0,35.95294,1.0,0.0,0.0,0.3333333,0.6666667,0.0,0.0,0.0,14449.55,1e+16,0.0,-4999.5,nan,0.0,1.0
h2o_co2_hybrid_mrk,X(CO2)=0.000000,11000.0,973.15,0.0,34.9371,1.0,0.0,0.0,0.3333333,0.6666667,0.0,0.0,0.0,18357.08,1.1e+16,0.0,-4999.5,nan,0.0,1.0
h2o_co2_hybrid_mrk,X(CO2)=0.000000,12000.0,973.15,0.0,34.05634,1.0,0.0,0.0,0.3333333,0.6666667,0.0,0.0,0.0,23191.62,1.2e+16,0.0,-4999.5,nan,0.0,1.0
h2o_co2_hybrid_mrk,X(CO2)=0.000000,13000.0,973.15,0.0,33.28199,1.0,0.0,0.0,0.3333333,0.6666667,0.0,0.0,0.0,29155.5,1.3e+16,0.0,-4999.5,nan,0.0,1.0
h2o_co2_hybrid_mrk,X(CO2)=0.000000,14000.0,973.15,0.0,32.59328,1.0,0.0,0.0,0.3333333,0.6666667,0.0,0.0,0.0,36492.12,1.4e+16,0.0,-4999.5,nan,0.0,1.0
h2o_co2_hybrid_mrk,X(CO2)=0.000000,15000.0,973.15,0.0,31.97474,1.0,0.0,0.0,0.3333333,0.6666667,0.0,0.0,0.0,45493.87,1.5e+16,0.0,-4999.5,nan,0.0,1.0
h2o_co2_hybrid_mrk,X(CO2)=0.000000,16000.0,973.15,0.0,31.41457,1.0,0.0,0.0,0.3333333,0.6666667,0.0,0.0,0.0,56511.44,1.6e+16,0.0,-4999.5,nan,0.0,1.0
h2o_co2_hybrid_mrk,X(CO2)=0.000000,17000.0,973.15,0.0,30.90359,1.0,0.0,0.0,0.3333333,0.6666667,0.0,0.0,0.0,69964.9,1.7e+16,0.0,-4999.5,nan,0.0,1.0
h2o_co2_hybrid_mrk,X(CO2)=0.000000,18000.0,973.15,0.0,30.43458,1.0,0.0,0.0,0.3333333,0.6666667,0.0,0.0,0.0,86356.67,1.8e+16,0.0,-4999.5,nan,0.0,1.0
h2o_co2_hybrid_mrk,X(CO2)=0.000000,19000.0,973.15,0.0,30.00171,1.0,0.0,0.0,0.3333333,0.6666667,0.0,0.0,0.0,106286.9,1.9e+16,0.0,-4999.5,nan,0.0,1.0
h2o_co2_hybrid_mrk,X(CO2)=0.000000,20000.0,973.15,0.0,29.60024,1.0,0.0,0.0,0.3333333,0.6666667,0.0,0.0,0.0,130471.3,2e+16,0.0,-4999.5,nan,0.0,1.0
h2o_co2_hybrid_mrk,X(CO2)=0.000000,1000.0,1023.15,0.0,111.8091,1.0,0.0,0.0,0.3333333,0.6666667,0.0,0.0,0.0,818.6032,1000000000000000.0,0.0,-4999.5,nan,0.0,1.0
h2o_co2_hybrid_mrk,X(CO2)=0.000000,2000.0,1023.15,0.0,72.31123,1.0,0.0,0.0,0.3333333,0.6666667,0.0,0.0,0.0,1482.416,2000000000000000.0,0.0,-4999.5,nan,0.0,1.0
h2o_co2_hybrid_mrk,X(CO2)=0.000000,3000.0,1023.15,0.0,58.47122,1.0,0.0,0.0,0.3333333,0.6666667,0.0,0.0,0.0,2223.557,3000000000000000.0,0.0,-4999.5,nan,0.0,1.0
h2o_co2_hybrid_mrk,X(CO2)=0.000000,4000.0,1023.15,0.0,51.18978,1.0,0.0,0.0,0.3333333,0.6666667,0.0,0.0,0.0,3124.161,4000000000000000.0,0.0,-4999.5,nan,0.0,1.0
h2o_co2_hybrid_mrk,X(CO2)=0.000000,5000.0,1023.15,0.0,46.61796,1.0,0.0,0.0,0.3333333,0.6666667,0.0,0.0,0.0,4241.427,5000000000000000.0,0.0,-4999.5,nan,0.0,1.0
h2o_co2_hybrid_mrk,X(CO2)=0.000000,6000.0,1023.15,0.0,43.43603,1.0,0.0,0.0,0.3333333,0.6666667,0.0,0.0,0.0,5633.876,6000000000000000.0,0.0,-4999.5,nan,0.0,1.0
h2o_co2_hybrid_mrk,X(CO2)=0.000000,7000.0,1023.15,0.0,41.06559,1.0,0.0,0.0,0.3333333,0.6666667,0.0,0.0,0.0,7368.28,7000000000000000.0,0.0,-4999.5,nan,0.0,1.0
h2o_co2_hybrid_mrk,X(CO2)=0.000000,8000.0,1023.15,0.0,39.2127,1.0,0.0,0.0,0.3333333,0.6666667,0.0,0.0,0.0,9523.424,8000000000000000.0,0.0,-4999.5,nan,0.0,1.0
h2o_co2_hybrid_mrk,X(CO2)=0.000000,9000.0,1023.15,0.0,37.7119,1.0,0.0,0.0,0.3333333,0.6666667,0.0,0.0,0.0,12193.27,9000000000000000.0,0.0,-4999.5,nan,0.0,1.0
h2o_co2_hybrid_mrk,X(CO2)=0.000000,10000.0,1023.15,0.0,36.46273,1.0,0.0,0.0,0.3333333,0.6666667,0.0,0.0,0.0,15490.25,1e+16,0.0,-4999.5,nan,0.0,1.0
h2o_co2_hybrid_mrk,X(CO2)=0.000000,11000.0,1023.15,0.0,35.40047,1.0,0.0,0.0,0.3333333,0.6666667,0.0,0.0,0.0,19548.91,1.1e+16,0.0,-4999.5,nan,0.0,1.0
h2o_co2_hybrid_mrk,X(CO2)=0.000000,12000.0,1023.15,0.0,34.48146,1.0,0.0,0.0,0.3333333,0.6666667,0.0,0.0,0.0,24530.18,1.2e+16,0.0,-4999.5,nan,0.0,1.0
h2o_co2_hybrid_mrk,X(CO2)=0.000000,13000.0,1023.15,0.0,33.67509,1.0,0.0,0.0,0.3333333,0.6666667,0.0,0.0,0.0,30626.32,1.3e+16,0.0,-4999.5,nan,0.0,1.0
h2o_co2_hybrid_mrk,X(CO2)=0.000000,14000.0,1023.15,0.0,32.95917,1.0,0.0,0.0,0.3333333,0.6666667,0.0,0.0,0.0,38066.68,1.4e+16,0.0,-4999.5,nan,0.0,1.0
h2o_co2_hybrid_mrk,X(CO2)=0.000000,15000.0,1023.15,0.0,32.31723,1.0,0.0,0.0,0.3333333,0.6666667,0.0,0.0,0.0,47124.51,1.5e+16,0.0,-4999.5,nan,0.0,1.0
h2o_co2_hybrid_mrk,X(CO2)=0.000000,16000.0,1023.15,0.0,31.73671,1.0,0.0,0.0,0.3333333,0.6666667,0.0,0.0,0.0,58124.93,1.6e+16,0.0,-4999.5,nan,0.0,1.0
h2o_co2_hybrid_mrk,X(CO2)=0.000000,17000.0,1023.15,0.0,31.20791,1.0,0.0,0.0,0.3333333,0.6666667,0.0,0.0,0.0,71454.18,1.7e+16,0.0,-4999.5,nan,0.0,1.0
h2o_co2_hybrid_mrk,X(CO2)=0.000000,18000.0,1023.15,0.0,30.72312,1.0,0.0,0.0,0.3333333,0.6666667,0.0,0.0,0.0,87570.59,1.8e+16,0.0,-4999.5,nan,0.0,1.0
h2o_co2_hybrid_mrk,X(CO2)=0.000000,19000.0,1023.15,0.0,30.27619,1.0,0.0,0.0,0.3333333,0.6666667,0.0,0.0,0.0,107017.3,1.9e+16,0.0,-4999.5,nan,0.0,1.0
h2o_co2_hybrid_mrk,X(CO2)=0.000000,20000.0,1023.15,0.0,29.86213,1.0,0.0,0.0,0.3333333,0.6666667,0.0,0.0,0.0,130437.0,2e+16,0.0,-4999.5,nan,0.0,1.0
h2o_co2_hybrid_mrk,X(CO2)=0.000000,1000.0,1073.15,0.0,116.6631,1.0,0.0,0.0,0.3333333,0.6666667,0.0,0.0,0.0,857.6867,1000000000000000.0,0.0,-4999.5,nan,0.0,1.0
h2o_co2_hybrid_mrk,X(CO2)=0.000000,2000.0,1073.15,0.0,74.87173,1.0,0.0,0.0,0.3333333,0.6666667,0.0,0.0,0.0,1592.986,2000000000000000.0,0.0,-4999.5,nan,0.0,1.0
h2o_co2_hybrid_mrk,X(CO2)=0.000000,3000.0,1073.15,0.0,60.22012,1.0,0.0,0.0,0.3333333,0.6666667,0.0,0.0,0.0,2410.631,3000000000000000.0,0.0,-4999.5,nan,0.0,1.0
h2o_co2_hybrid_mrk,X(CO2)=0.000000,4000.0,1073.15,0.0,52.50513,1.0,0.0,0.0,0.3333333,0.6666667,0.0,0.0,0.0,3394.027,4000000000000000.0,0.0,-4999.5,nan,0.0,1.0
h2o_co2_hybrid_mrk,X(CO2)=0.000000,5000.0,1073.15,0.0,47.66406,1.0,0.0,0.0,0.3333333,0.6666667,0.0,0.0,0.0,4601.929,5000000000000000.0,0.0,-4999.5,nan,0.0,1.0
h2o_co2_hybrid_mrk,X(CO2)=0.000000,6000.0,1073.15,0.0,44.30088,1.0,0.0,0.0,0.3333333,0.6666667,0.0,0.0,0.0,6093.764,6000000000000000.0,0.0,-4999.5,nan,0.0,1.0
h2o_co2_hybrid_mrk,X(CO2)=0.000000,7000.0,1073.15,0.0,41.80149,1.0,0.0,0.0,0.3333333,0.6666667,0.0,0.0,0.0,7936.371,7000000000000000.0,0.0,-4999.5,nan,0.0,1.0
h2o_co2_hybrid_mrk,X(CO2)=0.000000,8000.0,1073.15,0.0,39.85287,1.0,0.0,0.0,0.3333333,0.6666667,0.0,0.0,0.0,10207.68,8000000000000000.0,0.0,-4999.5,nan,0.0,1.0
h2o_co2_hybrid_mrk,X(CO2)=0.000000,9000.0,1073.15,0.0,38.27856,1.0,0.0,0.0,0.3333333,0.6666667,0.0,0.0,0.0,12999.68,9000000000000000.0,0.0,-4999.5,nan,0.0,1.0
h2o_co2_hybrid_mrk,X(CO2)=0.000000,10000.0,1073.15,0.0,36.97136,1.0,0.0,0.0,0.3333333,0.6666667,0.0,0.0,0.0,16421.48,1e+16,0.0,-4999.5,nan,0.0,1.0
h2o_co2_hybrid_mrk,X(CO2)=0.000000,11000.0,1073.15,0.0,35.86222,1.0,0.0,0.0,0.3333333,0.6666667,0.0,0.0,0.0,20602.56,1.1e+16,0.0,-4999.5,nan,0.0,1.0
h2o_co2_hybrid_mrk,X(CO2)=0.000000,12000.0,1073.15,0.0,34.90462,1.0,0.0,0.0,0.3333333,0.6666667,0.0,0.0,0.0,25696.54,1.2e+16,0.0,-4999.5,nan,0.0,1.0
h2o_co2_hybrid_mrk,X(CO2)=0.000000,13000.0,1073.15,0.0,34.06594,1.0,0.0,0.0,0.3333333,0.6666667,0.0,0.0,0.0,31885.51,1.3e+16,0.0,-4999.5,nan,0.0,1.0
h2o_co2_hybrid_mrk,X(CO2)=0.000000,14000.0,1073.15,0.0,33.3226,1.0,0.0,0.0,0.3333333,0.6666667,0.0,0.0,0.0,39385.06,1.4e+16,0.0,-4999.5,nan,0.0,1.0
h2o_co2_hybrid_mrk,X(CO2)=0.000000,15000.0,1073.15,0.0,32.6571,1.0,0.0,0.0,0.3333333,0.6666667,0.0,0.0,0.0,48450.1,1.5e+16,0.0,-4999.5,nan,0.0,1.0
h2o_co2_hybrid_mrk,X(CO2)=0.000000,16000.0,1073.15,0.0,32.05613,1.0,0.0,0.0,0.3333333,0.6666667,0.0,0.0,0.0,59381.67,1.6e+16,0.0,-4999.5,nan,0.0,1.0
h2o_co2_hybrid_mrk,X(CO2)=0.000000,17000.0,1073.15,0.0,31.5094,1.0,0.0,0.0,0.3333333,0.6666667,0.0,0.0,0.0,72534.83,1.7e+16,0.0,-4999.5,nan,0.0,1.0
h2o_co2_hybrid_mrk,X(CO2)=0.000000,18000.0,1073.15,0.0,31.00878,1.0,0.0,0.0,0.3333333,0.6666667,0.0,0.0,0.0,88327.76,1.8e+16,0.0,-4999.5,nan,0.0,1.0
h2o_co2_hybrid_mrk,X(CO2)=0.000000,19000.0,1073.15,0.0,30.54777,1.0,0.0,0.0,0.3333333,0.6666667,0.0,0.0,0.0,107252.5,1.9e+16,0.0,-4999.5,nan,0.0,1.0
h2o_co2_hybrid_mrk,X(CO2)=0.000000,20000.0,1073.15,0.0,30.12109,1.0,0.0,0.0,0.3333333,0.6666667,0.0,0.0,0.0,129887.2,2e+16,0.0,-4999.5,nan,0.0,1.0
h2o_co2_hybrid_mrk,X(CO2)=0.000000,1000.0,1123.15,0.0,121.4812,1.0,0.0,0.0,0.3333333,0.6666667,0.0,0.0,0.0,889.5154,1000000000000000.0,0.0,-4999.5,nan,0.0,1.0
h2o_co2_hybrid_mrk,X(CO2)=0.000000,2000.0,1123.15,0.0,77.41412,1.0,0.0,0.0,0.3333333,0.6666667,0.0,0.0,0.0,1688.32,2000000000000000.0,0.0,-4999.5,nan,0.0,1.0
h2o_co2_hybrid_mrk,X(CO2)=0.000000,3000.0,1123.15,0.0,61.96332,1.0,0.0,0.0,0.3333333,0.6666667,0.0,0.0,0.0,2576.819,3000000000000000.0,0.0,-4999.5,nan,0.0,1.0
h2o_co2_hybrid_mrk,X(CO2)=0.000000,4000.0,1123.15,0.0,53.82071,1.0,0.0,0.0,0.3333333,0.6666667,0.0,0.0,0.0,3637.478,4000000000000000.0,0.0,-4999.5,nan,0.0,1.0
h2o_co2_hybrid_mrk,X(CO2)=0.000000,5000.0,1123.15,0.0,48.71223,1.0,0.0,0.0,0.3333333,0.6666667,0.0,0.0,0.0,4929.313,5000000000000000.0,0.0,-4999.5,nan,0.0,1.0
h2o_co2_hybrid_mrk,X(CO2)=0.000000,6000.0,1123.15,0.0,45.16784,1.0,0.0,0.0,0.3333333,0.6666667,0.0,0.0,0.0,6511.887,6000000000000000.0,0.0,-4999.5,nan,0.0,1.0
h2o_co2_hybrid_mrk,X(CO2)=0.000000,7000.0,1123.15,0.0,42.5389,1.0,0.0,0.0,0.3333333,0.6666667,0.0,0.0,0.0,8451.582,7000000000000000.0,0.0,-4999.5,nan,0.0,1.0
h2o_co2_hybrid_mrk,X(CO2)=0.000000,8000.0,1123.15,0.0,40.49383,1.0,0.0,0.0,0.3333333,0.6666667,0.0,0.0,0.0,10825.03,8000000000000000.0,0.0,-4999.5,nan,0.0,1.0
h2o_co2_hybrid_mrk,X(CO2)=0.000000,9000.0,1123.15,0.0,38.84533,1.0,0.0,0.0,0.3333333,0.6666667,0.0,0.0,0.0,13721.89,9000000000000000.0,0.0,-4999.5,nan,0.0,1.0
h2o_co2_hybrid_mrk,X(CO2)=0.000000,10000.0,1123.15,0.0,37.47952,1.0,0.0,0.0,0.3333333,0.6666667,0.0,0.0,0.0,17247.61,1e+16,0.0,-4999.5,nan,0.0,1.0
h2o_co2_hybrid_mrk,X(CO2)=0.000000,11000.0,1123.15,0.0,36.32304,1.0,0.0,0.0,0.3333333,0.6666667,0.0,0.0,0.0,21526.36,1.1e+16,0.0,-4999.5,nan,0.0,1.0
h2o_co2_hybrid_mrk,X(CO2)=0.000000,12000.0,1123.15,0.0,35.32646,1.0,0.0,0.0,0.3333333,0.6666667,0.0,0.0,0.0,26704.4,1.2e+16,0.0,-4999.5,nan,0.0,1.0
h2o_co2_hybrid_mrk,X(CO2)=0.000000,13000.0,1123.15,0.0,34.45518,1.0,0.0,0.0,0.3333333,0.6666667,0.0,0.0,0.0,32953.83,1.3e+16,0.0,-4999.5,nan,0.0,1.0
h2o_co2_hybrid_mrk,X(CO2)=0.000000,14000.0,1123.15,0.0,33.68419,1.0,0.0,0.0,0.3333333,0.6666667,0.0,0.0,0.0,40477.0,1.4e+16,0.0,-4999.5,nan,0.0,1.0
h2o_co2_hybrid_mrk,X(CO2)=0.000000,15000.0,1123.15,0.0,32.99495,1.0,0.0,0.0,0.3333333,0.6666667,0.0,0.0,0.0,49511.53,1.5e+16,0.0,-4999.5,nan,0.0,1.0
h2o_co2_hybrid_mrk,X(CO2)=0.000000,16000.0,1123.15,0.0,32.3734,1.0,0.0,0.0,0.3333333,0.6666667,0.0,0.0,0.0,60336.08,1.6e+16,0.0,-4999.5,nan,0.0,1.0
h2o_co2_hybrid_mrk,X(CO2)=0.000000,17000.0,1123.15,0.0,31.80865,1.0,0.0,0.0,0.3333333,0.6666667,0.0,0.0,0.0,73277.15,1.7e+16,0.0,-4999.5,nan,0.0,1.0
h2o_co2_hybrid_mrk,X(CO2)=0.000000,18000.0,1123.15,0.0,31.29212,1.0,0.0,0.0,0.3333333,0.6666667,0.0,0.0,0.0,88716.74,1.8e+16,0.0,-4999.5,nan,0.0,1.0
h2o_co2_hybrid_mrk,X(CO2)=0.000000,19000.0,1123.15,0.0,30.81696,1.0,0.0,0.0,0.3333333,0.6666667,0.0,0.0,0.0,107101.3,1.9e+16,0.0,-4999.5,nan,0.0,1.0
h2o_co2_hybrid_mrk,X(CO2)=0.000000,20000.0,1123.15,0.0,30.37762,1.0,0.0,0.0,0.3333333,0.6666667,0.0,0.0,0.0,128952.0,2e+16,0.0,-4999.5,nan,0.0,1.0
h2o_co2_hybrid_mrk,X(CO2)=0.000000,1000.0,1173.15,0.0,126.2681,1.0,0.0,0.0,0.3333333,0.6666667,0.0,0.0,0.0,915.5283,1000000000000000.0,0.0,-4999.5,nan,0.0,1.0
h2o_co2_hybrid_mrk,X(CO2)=0.000000,2000.0,1173.15,0.0,79.94026,1.0,0.0,0.0,0.3333333,0.6666667,0.0,0.0,0.0,1769.813,2000000000000000.0,0.0,-4999.5,nan,0.0,1.0
h2o_co2_hybrid_mrk,X(CO2)=0.000000,3000.0,1173.15,0.0,63.70082,1.0,0.0,0.0,0.3333333,0.6666667,0.0,0.0,0.0,2722.657,3000000000000000.0,0.0,-4999.5,nan,0.0,1.0
h2o_co2_hybrid_mrk,X(CO2)=0.000000,4000.0,1173.15,0.0,55.13629,1.0,0.0,0.0,0.3333333,0.6666667,0.0,0.0,0.0,3854.309,4000000000000000.0,0.0,-4999.5,nan,0.0,1.0
h2o_co2_hybrid_mrk,X(CO2)=0.000000,5000.0,1173.15,0.0,49.76247,1.0,0.0,0.0,0.3333333,0.6666667,0.0,0.0,0.0,5223.05,5000000000000000.0,0.0,-4999.5,nan,0.0,1.0
h2o_co2_hybrid_mrk,X(CO2)=0.000000,6000.0,1173.15,0.0,46.03716,1.0,0.0,0.0,0.3333333,0.6666667,0.0,0.0,0.0,6887.845,6000000000000000.0,0.0,-4999.5,nan,0.0,1.0
h2o_co2_hybrid_mrk,X(CO2)=0.000000,7000.0,1173.15,0.0,43.27824,1.0,0.0,0.0,0.3333333,0.6666667,0.0,0.0,0.0,8914.123,7000000000000000.0,0.0,-4999.5,nan,0.0,1.0
h2o_co2_hybrid_mrk,X(CO2)=0.000000,8000.0,1173.15,0.0,41.13609,1.0,0.0,0.0,0.3333333,0.6666667,0.0,0.0,0.0,11376.86,8000000000000000.0,0.0,-4999.5,nan,0.0,1.0
h2o_co2_hybrid_mrk,X(CO2)=0.000000,9000.0,1173.15,0.0,39.41278,1.0,0.0,0.0,0.3333333,0.6666667,0.0,0.0,0.0,14363.09,9000000000000000.0,0.0,-4999.5,nan,0.0,1.0
h2o_co2_hybrid_mrk,X(CO2)=0.000000,10000.0,1173.15,0.0,37.9878,1.0,0.0,0.0,0.3333333,0.6666667,0.0,0.0,0.0,17974.42,1e+16,0.0,-4999.5,nan,0.0,1.0
h2o_co2_hybrid_mrk,X(CO2)=0.000000,11000.0,1173.15,0.0,36.78351,1.0,0.0,0.0,0.3333333,0.6666667,0.0,0.0,0.0,22329.66,1.1e+16,0.0,-4999.5,nan,0.0,1.0
h2o_co2_hybrid_mrk,X(CO2)=0.000000,12000.0,1173.15,0.0,35.74757,1.0,0.0,0.0,0.3333333,0.6666667,0.0,0.0,0.0,27567.79,1.2e+16,0.0,-4999.5,nan,0.0,1.0
h2o_co2_hybrid_mrk,X(CO2)=0.000000,13000.0,1173.15,0.0,34.84337,1.0,0.0,0.0,0.3333333,0.6666667,0.0,0.0,0.0,33851.28,1.3e+16,0.0,-4999.5,nan,0.0,1.0
h2o_co2_hybrid_mrk,X(CO2)=0.000000,14000.0,1173.15,0.0,34.04448,1.0,0.0,0.0,0.3333333,0.6666667,0.0,0.0,0.0,41369.91,1.4e+16,0.0,-4999.5,nan,0.0,1.0
h2o_co2_hybrid_mrk,X(CO2)=0.000000,15000.0,1173.15,0.0,33.33132,1.0,0.0,0.0,0.3333333,0.6666667,0.0,0.0,0.0,50345.12,1.5e+16,0.0,-4999.5,nan,0.0,1.0
h2o_co2_hybrid_mrk,X(CO2)=0.000000,16000.0,1173.15,0.0,32.68902,1.0,0.0,0.0,0.3333333,0.6666667,0.0,0.0,0.0,61035.01,1.6e+16,0.0,-4999.5,nan,0.0,1.0
h2o_co2_hybrid_mrk,X(CO2)=0.000000,17000.0,1173.15,0.0,32.10612,1.0,0.0,0.0,0.3333333,0.6666667,0.0,0.0,0.0,73740.06,1.7e+16,0.0,-4999.5,nan,0.0,1.0
h2o_co2_hybrid_mrk,X(CO2)=0.000000,18000.0,1173.15,0.0,31.57359,1.0,0.0,0.0,0.3333333,0.6666667,0.0,0.0,0.0,88809.7,1.8e+16,0.0,-4999.5,nan,0.0,1.0
h2o_co2_hybrid_mrk,X(CO2)=0.000000,19000.0,1173.15,0.0,31.08421,1.0,0.0,0.0,0.3333333,0.6666667,0.0,0.0,0.0,106649.9,1.9e+16,0.0,-4999.5,nan,0.0,1.0
h2o_co2_hybrid_mrk,X(CO2)=0.000000,20000.0,1173.15,0.0,30.63216,1.0,0.0,0.0,0.3333333,0.6666667,0.0,0.0,0.0,127731.5,2e+16,0.0,-4999.5,nan,0.0,1.0
h2o_co2_hybrid_mrk,X(CO2)=0.000000,1000.0,1223.15,0.0,131.0269,1.0,0.0,0.0,0.3333333,0.6666667,0.0,0.0,0.0,936.8891,1000000000000000.0,0.0,-4999.5,nan,0.0,1.0
h2o_co2_hybrid_mrk,X(CO2)=0.000000,2000.0,1223.15,0.0,82.45177,1.0,0.0,0.0,0.3333333,0.6666667,0.0,0.0,0.0,1839.088,2000000000000000.0,0.0,-4999.5,nan,0.0,1.0
h2o_co2_hybrid_mrk,X(CO2)=0.000000,3000.0,1223.15,0.0,65.43274,1.0,0.0,0.0,0.3333333,0.6666667,0.0,0.0,0.0,2849.433,3000000000000000.0,0.0,-4999.5,nan,0.0,1.0
h2o_co2_hybrid_mrk,X(CO2)=0.000000,4000.0,1223.15,0.0,56.45165,1.0,0.0,0.0,0.3333333,0.6666667,0.0,0.0,0.0,4045.352,4000000000000000.0,0.0,-4999.5,nan,0.0,1.0
h2o_co2_hybrid_mrk,X(CO2)=0.000000,5000.0,1223.15,0.0,50.81475,1.0,0.0,0.0,0.3333333,0.6666667,0.0,0.0,0.0,5483.774,5000000000000000.0,0.0,-4999.5,nan,0.0,1.0
h2o_co2_hybrid_mrk,X(CO2)=0.000000,6000.0,1223.15,0.0,46.90903,1.0,0.0,0.0,0.3333333,0.6666667,0.0,0.0,0.0,7222.463,6000000000000000.0,0.0,-4999.5,nan,0.0,1.0
h2o_co2_hybrid_mrk,X(CO2)=0.000000,7000.0,1223.15,0.0,44.01989,1.0,0.0,0.0,0.3333333,0.6666667,0.0,0.0,0.0,9325.444,7000000000000000.0,0.0,-4999.5,nan,0.0,1.0
h2o_co2_hybrid_mrk,X(CO2)=0.000000,8000.0,1223.15,0.0,41.78012,1.0,0.0,0.0,0.3333333,0.6666667,0.0,0.0,0.0,11865.72,8000000000000000.0,0.0,-4999.5,nan,0.0,1.0
h2o_co2_hybrid_mrk,X(CO2)=0.000000,9000.0,1223.15,0.0,39.9814,1.0,0.0,0.0,0.3333333,0.6666667,0.0,0.0,0.0,14927.53,9000000000000000.0,0.0,-4999.5,nan,0.0,1.0
h2o_co2_hybrid_mrk,X(CO2)=0.000000,10000.0,1223.15,0.0,38.49671,1.0,0.0,0.0,0.3333333,0.6666667,0.0,0.0,0.0,18608.52,1e+16,0.0,-4999.5,nan,0.0,1.0
h2o_co2_hybrid_mrk,X(CO2)=0.000000,11000.0,1223.15,0.0,37.24414,1.0,0.0,0.0,0.3333333,0.6666667,0.0,0.0,0.0,23022.19,1.1e+16,0.0,-4999.5,nan,0.0,1.0
h2o_co2_hybrid_mrk,X(CO2)=0.000000,12000.0,1223.15,0.0,36.16845,1.0,0.0,0.0,0.3333333,0.6666667,0.0,0.0,0.0,28300.44,1.2e+16,0.0,-4999.5,nan,0.0,1.0
h2o_co2_hybrid_mrk,X(CO2)=0.000000,13000.0,1223.15,0.0,35.23102,1.0,0.0,0.0,0.3333333,0.6666667,0.0,0.0,0.0,34596.55,1.3e+16,0.0,-4999.5,nan,0.0,1.0
h2o_co2_hybrid_mrk,X(CO2)=0.000000,14000.0,1223.15,0.0,34.40397,1.0,0.0,0.0,0.3333333,0.6666667,0.0,0.0,0.0,42088.48,1.4e+16,0.0,-4999.5,nan,0.0,1.0
h2o_co2_hybrid_mrk,X(CO2)=0.000000,15000.0,1223.15,0.0,33.66666,1.0,0.0,0.0,0.3333333,0.6666667,0.0,0.0,0.0,50982.67,1.5e+16,0.0,-4999.5,nan,0.0,1.0
h2o_co2_hybrid_mrk,X(CO2)=0.000000,16000.0,1223.15,0.0,33.00345,1.0,0.0,0.0,0.3333333,0.6666667,0.0,0.0,0.0,61518.35,1.6e+16,0.0,-4999.5,nan,0.0,1.0
h2o_co2_hybrid_mrk,X(CO2)=0.000000,17000.0,1223.15,0.0,32.40227,1.0,0.0,0.0,0.3333333,0.6666667,0.0,0.0,0.0,73972.44,1.7e+16,0.0,-4999.5,nan,0.0,1.0
h2o_co2_hybrid_mrk,X(CO2)=0.000000,18000.0,1223.15,0.0,31.85362,1.0,0.0,0.0,0.3333333,0.6666667,0.0,0.0,0.0,88665.14,1.8e+16,0.0,-4999.5,nan,0.0,1.0
h2o_co2_hybrid_mrk,X(CO2)=0.000000,19000.0,1223.15,0.0,31.34995,1.0,0.0,0.0,0.3333333,0.6666667,0.0,0.0,0.0,105966.4,1.9e+16,0.0,-4999.5,nan,0.0,1.0
h2o_co2_hybrid_mrk,X(CO2)=0.000000,20000.0,1223.15,0.0,30.88511,1.0,0.0,0.0,0.3333333,0.6666667,0.0,0.0,0.0,126302.9,2e+16,0.0,-4999.5,nan,0.0,1.0
h2o_co2_hybrid_mrk,X(CO2)=0.000000,1000.0,1273.15,0.0,135.7603,1.0,0.0,0.0,0.3333333,0.6666667,0.0,0.0,0.0,954.5223,1000000000000000.0,0.0,-4999.5,nan,0.0,1.0
h2o_co2_hybrid_mrk,X(CO2)=0.000000,2000.0,1273.15,0.0,84.95002,1.0,0.0,0.0,0.3333333,0.6666667,0.0,0.0,0.0,1897.779,2000000000000000.0,0.0,-4999.5,nan,0.0,1.0
h2o_co2_hybrid_mrk,X(CO2)=0.000000,3000.0,1273.15,0.0,67.15923,1.0,0.0,0.0,0.3333333,0.6666667,0.0,0.0,0.0,2958.843,3000000000000000.0,0.0,-4999.5,nan,0.0,1.0
h2o_co2_hybrid_mrk,X(CO2)=0.000000,4000.0,1273.15,0.0,57.76662,1.0,0.0,0.0,0.3333333,0.6666667,0.0,0.0,0.0,4212.151,4000000000000000.0,0.0,-4999.5,nan,0.0,1.0
h2o_co2_hybrid_mrk,X(CO2)=0.000000,5000.0,1273.15,0.0,51.869,1.0,0.0,0.0,0.3333333,0.6666667,0.0,0.0,0.0,5712.978,5000000000000000.0,0.0,-4999.5,nan,0.0,1.0
h2o_co2_hybrid_mrk,X(CO2)=0.000000,6000.0,1273.15,0.0,47.78358,1.0,0.0,0.0,0.3333333,0.6666667,0.0,0.0,0.0,7517.471,6000000000000000.0,0.0,-4999.5,nan,0.0,1.0
h2o_co2_hybrid_mrk,X(CO2)=0.000000,7000.0,1273.15,0.0,44.76409,1.0,0.0,0.0,0.3333333,0.6666667,0.0,0.0,0.0,9687.887,7000000000000000.0,0.0,-4999.5,nan,0.0,1.0
h2o_co2_hybrid_mrk,X(CO2)=0.000000,8000.0,1273.15,0.0,42.42627,1.0,0.0,0.0,0.3333333,0.6666667,0.0,0.0,0.0,12295.01,8000000000000000.0,0.0,-4999.5,nan,0.0,1.0
h2o_co2_hybrid_mrk,X(CO2)=0.000000,9000.0,1273.15,0.0,40.55163,1.0,0.0,0.0,0.3333333,0.6666667,0.0,0.0,0.0,15420.11,9000000000000000.0,0.0,-4999.5,nan,0.0,1.0
h2o_co2_hybrid_mrk,X(CO2)=0.000000,10000.0,1273.15,0.0,39.00672,1.0,0.0,0.0,0.3333333,0.6666667,0.0,0.0,0.0,19156.88,1e+16,0.0,-4999.5,nan,0.0,1.0
h2o_co2_hybrid_mrk,X(CO2)=0.000000,11000.0,1273.15,0.0,37.7054,1.0,0.0,0.0,0.3333333,0.6666667,0.0,0.0,0.0,23613.59,1.1e+16,0.0,-4999.5,nan,0.0,1.0
h2o_co2_hybrid_mrk,X(CO2)=0.000000,12000.0,1273.15,0.0,36.58957,1.0,0.0,0.0,0.3333333,0.6666667,0.0,0.0,0.0,28915.36,1.2e+16,0.0,-4999.5,nan,0.0,1.0
h2o_co2_hybrid_mrk,X(CO2)=0.000000,13000.0,1273.15,0.0,35.61858,1.0,0.0,0.0,0.3333333,0.6666667,0.0,0.0,0.0,35206.73,1.3e+16,0.0,-4999.5,nan,0.0,1.0
h2o_co2_hybrid_mrk,X(CO2)=0.000000,14000.0,1273.15,0.0,34.76309,1.0,0.0,0.0,0.3333333,0.6666667,0.0,0.0,0.0,42654.66,1.4e+16,0.0,-4999.5,nan,0.0,1.0
h2o_co2_hybrid_mrk,X(CO2)=0.000000,15000.0,1273.15,0.0,34.00141,1.0,0.0,0.0,0.3333333,0.6666667,0.0,0.0,0.0,51451.71,1.5e+16,0.0,-4999.5,nan,0.0,1.0
h2o_co2_hybrid_mrk,X(CO2)=0.000000,16000.0,1273.15,0.0,33.3171,1.0,0.0,0.0,0.3333333,0.6666667,0.0,0.0,0.0,61819.87,1.6e+16,0.0,-4999.5,nan,0.0,1.0
h2o_co2_hybrid_mrk,X(CO2)=0.000000,17000.0,1273.15,0.0,32.69748,1.0,0.0,0.0,0.3333333,0.6666667,0.0,0.0,0.0,74014.74,1.7e+16,0.0,-4999.5,nan,0.0,1.0
h2o_co2_hybrid_mrk,X(CO2)=0.000000,18000.0,1273.15,0.0,32.1326,1.0,0.0,0.0,0.3333333,0.6666667,0.0,0.0,0.0,88330.33,1.8e+16,0.0,-4999.5,nan,0.0,1.0
h2o_co2_hybrid_mrk,X(CO2)=0.000000,19000.0,1273.15,0.0,31.61452,1.0,0.0,0.0,0.3333333,0.6666667,0.0,0.0,0.0,105104.5,1.9e+16,0.0,-4999.5,nan,0.0,1.0
h2o_co2_hybrid_mrk,X(CO2)=0.000000,20000.0,1273.15,0.0,31.13683,1.0,0.0,0.0,0.3333333,0.6666667,0.0,0.0,0.0,124725.1,2e+16,0.0,-4999.5,nan,0.0,1.0
h2o_co2_hybrid_mrk,X(CO2)=0.000000,1000.0,1323.15,0.0,140.4699,1.0,0.0,0.0,0.3333333,0.6666667,0.0,0.0,0.0,969.157,1000000000000000.0,0.0,-4999.5,nan,0.0,1.0
h2o_co2_hybrid_mrk,X(CO2)=0.000000,2000.0,1323.15,0.0,87.43613,1.0,0.0,0.0,0.3333333,0.6666667,0.0,0.0,0.0,1947.416,2000000000000000.0,0.0,-4999.5,nan,0.0,1.0
h2o_co2_hybrid_mrk,X(CO2)=0.000000,3000.0,1323.15,0.0,68.88047,1.0,0.0,0.0,0.3333333,0.6666667,0.0,0.0,0.0,3052.746,3000000000000000.0,0.0,-4999.5,nan,0.0,1.0
h2o_co2_hybrid_mrk,X(CO2)=0.000000,4000.0,1323.15,0.0,59.08105,1.0,0.0,0.0,0.3333333,0.6666667,0.0,0.0,0.0,4356.669,4000000000000000.0,0.0,-4999.5,nan,0.0,1.0
h2o_co2_hybrid_mrk,X(CO2)=0.000000,5000.0,1323.15,0.0,52.92512,1.0,0.0,0.0,0.3333333,0.6666667,0.0,0.0,0.0,5912.733,5000000000000000.0,0.0,-4999.5,nan,0.0,1.0
h2o_co2_hybrid_mrk,X(CO2)=0.000000,6000.0,1323.15,0.0,48.66086,1.0,0.0,0.0,0.3333333,0.6666667,0.0,0.0,0.0,7775.235,6000000000000000.0,0.0,-4999.5,nan,0.0,1.0
h2o_co2_hybrid_mrk,X(CO2)=0.000000,7000.0,1323.15,0.0,45.51107,1.0,0.0,0.0,0.3333333,0.6666667,0.0,0.0,0.0,10004.41,7000000000000000.0,0.0,-4999.5,nan,0.0,1.0
h2o_co2_hybrid_mrk,X(CO2)=0.000000,8000.0,1323.15,0.0,43.07485,1.0,0.0,0.0,0.3333333,0.6666667,0.0,0.0,0.0,12668.62,8000000000000000.0,0.0,-4999.5,nan,0.0,1.0
h2o_co2_hybrid_mrk,X(CO2)=0.000000,9000.0,1323.15,0.0,41.12381,1.0,0.0,0.0,0.3333333,0.6666667,0.0,0.0,0.0,15846.07,9000000000000000.0,0.0,-4999.5,nan,0.0,1.0
h2o_co2_hybrid_mrk,X(CO2)=0.000000,10000.0,1323.15,0.0,39.51819,1.0,0.0,0.0,0.3333333,0.6666667,0.0,0.0,0.0,19626.54,1e+16,0.0,-4999.5,nan,0.0,1.0
h2o_co2_hybrid_mrk,X(CO2)=0.000000,11000.0,1323.15,0.0,38.16769,1.0,0.0,0.0,0.3333333,0.6666667,0.0,0.0,0.0,24113.2,1.1e+16,0.0,-4999.5,nan,0.0,1.0
h2o_co2_hybrid_mrk,X(CO2)=0.000000,12000.0,1323.15,0.0,37.01132,1.0,0.0,0.0,0.3333333,0.6666667,0.0,0.0,0.0,29424.67,1.2e+16,0.0,-4999.5,nan,0.0,1.0
h2o_co2_hybrid_mrk,X(CO2)=0.000000,13000.0,1323.15,0.0,36.00642,1.0,0.0,0.0,0.3333333,0.6666667,0.0,0.0,0.0,35697.32,1.3e+16,0.0,-4999.5,nan,0.0,1.0
h2o_co2_hybrid_mrk,X(CO2)=0.000000,14000.0,1323.15,0.0,35.12222,1.0,0.0,0.0,0.3333333,0.6666667,0.0,0.0,0.0,43087.82,1.4e+16,0.0,-4999.5,nan,0.0,1.0
h2o_co2_hybrid_mrk,X(CO2)=0.000000,15000.0,1323.15,0.0,34.33593,1.0,0.0,0.0,0.3333333,0.6666667,0.0,0.0,0.0,51775.97,1.5e+16,0.0,-4999.5,nan,0.0,1.0
h2o_co2_hybrid_mrk,X(CO2)=0.000000,16000.0,1323.15,0.0,33.63032,1.0,0.0,0.0,0.3333333,0.6666667,0.0,0.0,0.0,61968.05,1.6e+16,0.0,-4999.5,nan,0.0,1.0
h2o_co2_hybrid_mrk,X(CO2)=0.000000,17000.0,1323.15,0.0,32.99211,1.0,0.0,0.0,0.3333333,0.6666667,0.0,0.0,0.0,73900.35,1.7e+16,0.0,-4999.5,nan,0.0,1.0
h2o_co2_hybrid_mrk,X(CO2)=0.000000,18000.0,1323.15,0.0,32.41086,1.0,0.0,0.0,0.3333333,0.6666667,0.0,0.0,0.0,87843.41,1.8e+16,0.0,-4999.5,nan,0.0,1.0
h2o_co2_hybrid_mrk,X(CO2)=0.000000,19000.0,1323.15,0.0,31.87826,1.0,0.0,0.0,0.3333333,0.6666667,0.0,0.0,0.0,104106.6,1.9e+16,0.0,-4999.5,nan,0.0,1.0
h2o_co2_hybrid_mrk,X(CO2)=0.000000,20000.0,1323.15,0.0,31.38761,1.0,0.0,0.0,0.3333333,0.6666667,0.0,0.0,0.0,123043.4,2e+16,0.0,-4999.5,nan,0.0,1.0
h2o_co2_hybrid_mrk,X(CO2)=0.000000,1000.0,1373.15,0.0,145.1572,1.0,0.0,0.0,0.3333333,0.6666667,0.0,0.0,0.0,981.3677,1000000000000000.0,0.0,-4999.5,nan,0.0,1.0
h2o_co2_hybrid_mrk,X(CO2)=0.000000,2000.0,1373.15,0.0,89.91098,1.0,0.0,0.0,0.3333333,0.6666667,0.0,0.0,0.0,1989.367,2000000000000000.0,0.0,-4999.5,nan,0.0,1.0
h2o_co2_hybrid_mrk,X(CO2)=0.000000,3000.0,1373.15,0.0,70.5966,1.0,0.0,0.0,0.3333333,0.6666667,0.0,0.0,0.0,3132.996,3000000000000000.0,0.0,-4999.5,nan,0.0,1.0
h2o_co2_hybrid_mrk,X(CO2)=0.000000,4000.0,1373.15,0.0,60.39475,1.0,0.0,0.0,0.3333333,0.6666667,0.0,0.0,0.0,4481.066,4000000000000000.0,0.0,-4999.5,nan,0.0,1.0
h2o_co2_hybrid_mrk,X(CO2)=0.000000,5000.0,1373.15,0.0,53.98295,1.0,0.0,0.0,0.3333333,0.6666667,0.0,0.0,0.0,6085.451,5000000000000000.0,0.0,-4999.5,nan,0.0,1.0
h2o_co2_hybrid_mrk,X(CO2)=0.000000,6000.0,1373.15,0.0,49.54086,1.0,0.0,0.0,0.3333333,0.6666667,0.0,0.0,0.0,7998.524,6000000000000000.0,0.0,-4999.5,nan,0.0,1.0
h2o_co2_hybrid_mrk,X(CO2)=0.000000,7000.0,1373.15,0.0,46.26095,1.0,0.0,0.0,0.3333333,0.6666667,0.0,0.0,0.0,10278.34,7000000000000000.0,0.0,-4999.5,nan,0.0,1.0
h2o_co2_hybrid_mrk,X(CO2)=0.000000,8000.0,1373.15,0.0,43.7261,1.0,0.0,0.0,0.3333333,0.6666667,0.0,0.0,0.0,12990.73,8000000000000000.0,0.0,-4999.5,nan,0.0,1.0
h2o_co2_hybrid_mrk,X(CO2)=0.000000,9000.0,1373.15,0.0,41.69825,1.0,0.0,0.0,0.3333333,0.6666667,0.0,0.0,0.0,16210.8,9000000000000000.0,0.0,-4999.5,nan,0.0,1.0
h2o_co2_hybrid_mrk,X(CO2)=0.000000,10000.0,1373.15,0.0,40.03148,1.0,0.0,0.0,0.3333333,0.6666667,0.0,0.0,0.0,20024.42,1e+16,0.0,-4999.5,nan,0.0,1.0
h2o_co2_hybrid_mrk,X(CO2)=0.000000,11000.0,1373.15,0.0,38.63135,1.0,0.0,0.0,0.3333333,0.6666667,0.0,0.0,0.0,24529.86,1.1e+16,0.0,-4999.5,nan,0.0,1.0
h2o_co2_hybrid_mrk,X(CO2)=0.000000,12000.0,1373.15,0.0,37.43406,1.0,0.0,0.0,0.3333333,0.6666667,0.0,0.0,0.0,29839.58,1.2e+16,0.0,-4999.5,nan,0.0,1.0
h2o_co2_hybrid_mrk,X(CO2)=0.000000,13000.0,1373.15,0.0,36.39492,1.0,0.0,0.0,0.3333333,0.6666667,0.0,0.0,0.0,36082.24,1.3e+16,0.0,-4999.5,nan,0.0,1.0
h2o_co2_hybrid_mrk,X(CO2)=0.000000,14000.0,1373.15,0.0,35.48171,1.0,0.0,0.0,0.3333333,0.6666667,0.0,0.0,0.0,43404.98,1.4e+16,0.0,-4999.5,nan,0.0,1.0
h2o_co2_hybrid_mrk,X(CO2)=0.000000,15000.0,1373.15,0.0,34.67056,1.0,0.0,0.0,0.3333333,0.6666667,0.0,0.0,0.0,51975.89,1.5e+16,0.0,-4999.5,nan,0.0,1.0
h2o_co2_hybrid_mrk,X(CO2)=0.000000,16000.0,1373.15,0.0,33.94345,1.0,0.0,0.0,0.3333333,0.6666667,0.0,0.0,0.0,61986.88,1.6e+16,0.0,-4999.5,nan,0.0,1.0
h2o_co2_hybrid_mrk,X(CO2)=0.000000,17000.0,1373.15,0.0,33.28646,1.0,0.0,0.0,0.3333333,0.6666667,0.0,0.0,0.0,73656.84,1.7e+16,0.0,-4999.5,nan,0.0,1.0
h2o_co2_hybrid_mrk,X(CO2)=0.000000,18000.0,1373.15,0.0,32.68869,1.0,0.0,0.0,0.3333333,0.6666667,0.0,0.0,0.0,87235.18,1.8e+16,0.0,-4999.5,nan,0.0,1.0
h2o_co2_hybrid_mrk,X(CO2)=0.000000,19000.0,1373.15,0.0,32.14146,1.0,0.0,0.0,0.3333333,0.6666667,0.0,0.0,0.0,103005.9,1.9e+16,0.0,-4999.5,nan,0.0,1.0
h2o_co2_hybrid_mrk,X(CO2)=0.000000,20000.0,1373.15,0.0,31.63776,1.0,0.0,0.0,0.3333333,0.6666667,0.0,0.0,0.0,121292.0,2e+16,0.0,-4999.5,nan,0.0,1.0
h2o_co2_hybrid_mrk,X(CO2)=0.000000,1000.0,1423.15,0.0,149.8232,1.0,0.0,0.0,0.3333333,0.6666667,0.0,0.0,0.0,991.6077,1000000000000000.0,0.0,-4999.5,nan,0.0,1.0
h2o_co2_hybrid_mrk,X(CO2)=0.000000,2000.0,1423.15,0.0,92.37526,1.0,0.0,0.0,0.3333333,0.6666667,0.0,0.0,0.0,2024.824,2000000000000000.0,0.0,-4999.5,nan,0.0,1.0
h2o_co2_hybrid_mrk,X(CO2)=0.000000,3000.0,1423.15,0.0,72.30772,1.0,0.0,0.0,0.3333333,0.6666667,0.0,0.0,0.0,3201.35,3000000000000000.0,0.0,-4999.5,nan,0.0,1.0
h2o_co2_hybrid_mrk,X(CO2)=0.000000,4000.0,1423.15,0.0,61.70756,1.0,0.0,0.0,0.3333333,0.6666667,0.0,0.0,0.0,4587.535,4000000000000000.0,0.0,-4999.5,nan,0.0,1.0
h2o_co2_hybrid_mrk,X(CO2)=0.000000,5000.0,1423.15,0.0,55.04233,1.0,0.0,0.0,0.3333333,0.6666667,0.0,0.0,0.0,6233.696,5000000000000000.0,0.0,-4999.5,nan,0.0,1.0
h2o_co2_hybrid_mrk,X(CO2)=0.000000,6000.0,1423.15,0.0,50.42354,1.0,0.0,0.0,0.3333333,0.6666667,0.0,0.0,0.0,8190.316,6000000000000000.0,0.0,-4999.5,nan,0.0,1.0
h2o_co2_hybrid_mrk,X(CO2)=0.000000,7000.0,1423.15,0.0,47.0138,1.0,0.0,0.0,0.3333333,0.6666667,0.0,0.0,0.0,10513.23,7000000000000000.0,0.0,-4999.5,nan,0.0,1.0
h2o_co2_hybrid_mrk,X(CO2)=0.000000,8000.0,1423.15,0.0,44.38018,1.0,0.0,0.0,0.3333333,0.6666667,0.0,0.0,0.0,13265.68,8000000000000000.0,0.0,-4999.5,nan,0.0,1.0
h2o_co2_hybrid_mrk,X(CO2)=0.000000,9000.0,1423.15,0.0,42.27518,1.0,0.0,0.0,0.3333333,0.6666667,0.0,0.0,0.0,16519.65,9000000000000000.0,0.0,-4999.5,nan,0.0,1.0
h2o_co2_hybrid_mrk,X(CO2)=0.000000,10000.0,1423.15,0.0,40.54685,1.0,0.0,0.0,0.3333333,0.6666667,0.0,0.0,0.0,20357.2,1e+16,0.0,-4999.5,nan,0.0,1.0
h2o_co2_hybrid_mrk,X(CO2)=0.000000,11000.0,1423.15,0.0,39.0967,1.0,0.0,0.0,0.3333333,0.6666667,0.0,0.0,0.0,24871.89,1.1e+16,0.0,-4999.5,nan,0.0,1.0
h2o_co2_hybrid_mrk,X(CO2)=0.000000,12000.0,1423.15,0.0,37.8581,1.0,0.0,0.0,0.3333333,0.6666667,0.0,0.0,0.0,30170.31,1.2e+16,0.0,-4999.5,nan,0.0,1.0
h2o_co2_hybrid_mrk,X(CO2)=0.000000,13000.0,1423.15,0.0,36.78438,1.0,0.0,0.0,0.3333333,0.6666667,0.0,0.0,0.0,36373.95,1.3e+16,0.0,-4999.5,nan,0.0,1.0
h2o_co2_hybrid_mrk,X(CO2)=0.000000,14000.0,1423.15,0.0,35.84186,1.0,0.0,0.0,0.3333333,0.6666667,0.0,0.0,0.0,43621.09,1.4e+16,0.0,-4999.5,nan,0.0,1.0
h2o_co2_hybrid_mrk,X(CO2)=0.000000,15000.0,1423.15,0.0,35.00561,1.0,0.0,0.0,0.3333333,0.6666667,0.0,0.0,0.0,52069.04,1.5e+16,0.0,-4999.5,nan,0.0,1.0
h2o_co2_hybrid_mrk,X(CO2)=0.000000,16000.0,1423.15,0.0,34.25678,1.0,0.0,0.0,0.3333333,0.6666667,0.0,0.0,0.0,61896.64,1.6e+16,0.0,-4999.5,nan,0.0,1.0
h2o_co2_hybrid_mrk,X(CO2)=0.000000,17000.0,1423.15,0.0,33.58083,1.0,0.0,0.0,0.3333333,0.6666667,0.0,0.0,0.0,73307.0,1.7e+16,0.0,-4999.5,nan,0.0,1.0
h2o_co2_hybrid_mrk,X(CO2)=0.000000,18000.0,1423.15,0.0,32.96639,1.0,0.0,0.0,0.3333333,0.6666667,0.0,0.0,0.0,86530.6,1.8e+16,0.0,-4999.5,nan,0.0,1.0
h2o_co2_hybrid_mrk,X(CO2)=0.000000,19000.0,1423.15,0.0,32.40439,1.0,0.0,0.0,0.3333333,0.6666667,0.0,0.0,0.0,101828.8,1.9e+16,0.0,-4999.5,nan,0.0,1.0
h2o_co2_hybrid_mrk,X(CO2)=0.000000,20000.0,1423.15,0.0,31.88752,1.0,0.0,0.0,0.3333333,0.6666667,0.0,0.0,0.0,119497.5,2e+16,0.0,-4999.5,nan,0.0,1.0
h2o_co2_hybrid_mrk,X(CO2)=0.000000,1000.0,1473.15,0.0,154.4688,1.0,0.0,0.0,0.3333333,0.6666667,0.0,0.0,0.0,1000.236,1000000000000000.0,0.0,-4999.5,nan,0.0,1.0
h2o_co2_hybrid_mrk,X(CO2)=0.000000,2000.0,1473.15,0.0,94.82948,1.0,0.0,0.0,0.3333333,0.6666667,0.0,0.0,0.0,2054.808,2000000000000000.0,0.0,-4999.5,nan,0.0,1.0
h2o_co2_hybrid_mrk,X(CO2)=0.000000,3000.0,1473.15,0.0,74.01392,1.0,0.0,0.0,0.3333333,0.6666667,0.0,0.0,0.0,3259.412,3000000000000000.0,0.0,-4999.5,nan,0.0,1.0
h2o_co2_hybrid_mrk,X(CO2)=0.000000,4000.0,1473.15,0.0,63.01929,1.0,0.0,0.0,0.3333333,0.6666667,0.0,0.0,0.0,4678.189,4000000000000000.0,0.0,-4999.5,nan,0.0,1.0
h2o_co2_hybrid_mrk,X(CO2)=0.000000,5000.0,1473.15,0.0,56.10306,1.0,0.0,0.0,0.3333333,0.6666667,0.0,0.0,0.0,6360.036,5000000000000000.0,0.0,-4999.5,nan,0.0,1.0
h2o_co2_hybrid_mrk,X(CO2)=0.000000,6000.0,1473.15,0.0,51.30879,1.0,0.0,0.0,0.3333333,0.6666667,0.0,0.0,0.0,8353.652,6000000000000000.0,0.0,-4999.5,nan,0.0,1.0
h2o_co2_hybrid_mrk,X(CO2)=0.000000,7000.0,1473.15,0.0,47.76964,1.0,0.0,0.0,0.3333333,0.6666667,0.0,0.0,0.0,10712.68,7000000000000000.0,0.0,-4999.5,nan,0.0,1.0
h2o_co2_hybrid_mrk,X(CO2)=0.000000,8000.0,1473.15,0.0,45.03721,1.0,0.0,0.0,0.3333333,0.6666667,0.0,0.0,0.0,13497.78,8000000000000000.0,0.0,-4999.5,nan,0.0,1.0
h2o_co2_hybrid_mrk,X(CO2)=0.000000,9000.0,1473.15,0.0,42.85479,1.0,0.0,0.0,0.3333333,0.6666667,0.0,0.0,0.0,16777.85,9000000000000000.0,0.0,-4999.5,nan,0.0,1.0
h2o_co2_hybrid_mrk,X(CO2)=0.000000,10000.0,1473.15,0.0,41.06454,1.0,0.0,0.0,0.3333333,0.6666667,0.0,0.0,0.0,20631.26,1e+16,0.0,-4999.5,nan,0.0,1.0
h2o_co2_hybrid_mrk,X(CO2)=0.000000,11000.0,1473.15,0.0,39.56397,1.0,0.0,0.0,0.3333333,0.6666667,0.0,0.0,0.0,25147.01,1.1e+16,0.0,-4999.5,nan,0.0,1.0
h2o_co2_hybrid_mrk,X(CO2)=0.000000,12000.0,1473.15,0.0,38.2837,1.0,0.0,0.0,0.3333333,0.6666667,0.0,0.0,0.0,30426.21,1.2e+16,0.0,-4999.5,nan,0.0,1.0
h2o_co2_hybrid_mrk,X(CO2)=0.000000,13000.0,1473.15,0.0,37.17507,1.0,0.0,0.0,0.3333333,0.6666667,0.0,0.0,0.0,36583.58,1.3e+16,0.0,-4999.5,nan,0.0,1.0
h2o_co2_hybrid_mrk,X(CO2)=0.000000,14000.0,1473.15,0.0,36.20295,1.0,0.0,0.0,0.3333333,0.6666667,0.0,0.0,0.0,43749.22,1.4e+16,0.0,-4999.5,nan,0.0,1.0
h2o_co2_hybrid_mrk,X(CO2)=0.000000,15000.0,1473.15,0.0,35.34134,1.0,0.0,0.0,0.3333333,0.6666667,0.0,0.0,0.0,52070.53,1.5e+16,0.0,-4999.5,nan,0.0,1.0
h2o_co2_hybrid_mrk,X(CO2)=0.000000,16000.0,1473.15,0.0,34.57057,1.0,0.0,0.0,0.3333333,0.6666667,0.0,0.0,0.0,61714.44,1.6e+16,0.0,-4999.5,nan,0.0,1.0
h2o_co2_hybrid_mrk,X(CO2)=0.000000,17000.0,1473.15,0.0,33.87548,1.0,0.0,0.0,0.3333333,0.6666667,0.0,0.0,0.0,72869.76,1.7e+16,0.0,-4999.5,nan,0.0,1.0
h2o_co2_hybrid_mrk,X(CO2)=0.000000,18000.0,1473.15,0.0,33.2442,1.0,0.0,0.0,0.3333333,0.6666667,0.0,0.0,0.0,85749.9,1.8e+16,0.0,-4999.5,nan,0.0,1.0
h2o_co2_hybrid_mrk,X(CO2)=0.000000,19000.0,1473.15,0.0,32.66729,1.0,0.0,0.0,0.3333333,0.6666667,0.0,0.0,0.0,100595.9,1.9e+16,0.0,-4999.5,nan,0.0,1.0
h2o_co2_hybrid_mrk,X(CO2)=0.000000,20000.0,1473.15,0.0,32.13714,1.0,0.0,0.0,0.3333333,0.6666667,0.0,0.0,0.0,117679.8,2e+16,0.0,-4999.5,nan,0.0,1.0
h2o_co2_hybrid_mrk,X(CO2)=0.000000,1000.0,1523.15,0.0,159.0947,1.0,0.0,0.0,0.3333333,0.6666667,0.0,0.0,0.0,1007.539,1000000000000000.0,0.0,-4999.5,nan,0.0,1.0
h2o_co2_hybrid_mrk,X(CO2)=0.000000,2000.0,1523.15,0.0,97.27404,1.0,0.0,0.0,0.3333333,0.6666667,0.0,0.0,0.0,2080.184,2000000000000000.0,0.0,-4999.5,nan,0.0,1.0
h2o_co2_hybrid_mrk,X(CO2)=0.000000,3000.0,1523.15,0.0,75.71522,1.0,0.0,0.0,0.3333333,0.6666667,0.0,0.0,0.0,3308.613,3000000000000000.0,0.0,-4999.5,nan,0.0,1.0
h2o_co2_hybrid_mrk,X(CO2)=0.000000,4000.0,1523.15,0.0,64.32974,1.0,0.0,0.0,0.3333333,0.6666667,0.0,0.0,0.0,4754.998,4000000000000000.0,0.0,-4999.5,nan,0.0,1.0
h2o_co2_hybrid_mrk,X(CO2)=0.000000,5000.0,1523.15,0.0,57.16491,1.0,0.0,0.0,0.3333333,0.6666667,0.0,0.0,0.0,6466.95,5000000000000000.0,0.0,-4999.5,nan,0.0,1.0
h2o_co2_hybrid_mrk,X(CO2)=0.000000,6000.0,1523.15,0.0,52.19646,1.0,0.0,0.0,0.3333333,0.6666667,0.0,0.0,0.0,8491.515,6000000000000000.0,0.0,-4999.5,nan,0.0,1.0
h2o_co2_hybrid_mrk,X(CO2)=0.000000,7000.0,1523.15,0.0,48.52843,1.0,0.0,0.0,0.3333333,0.6666667,0.0,0.0,0.0,10880.24,7000000000000000.0,0.0,-4999.5,nan,0.0,1.0
h2o_co2_hybrid_mrk,X(CO2)=0.000000,8000.0,1523.15,0.0,45.69724,1.0,0.0,0.0,0.3333333,0.6666667,0.0,0.0,0.0,13691.24,8000000000000000.0,0.0,-4999.5,nan,0.0,1.0
h2o_co2_hybrid_mrk,X(CO2)=0.000000,9000.0,1523.15,0.0,43.43722,1.0,0.0,0.0,0.3333333,0.6666667,0.0,0.0,0.0,16990.43,9000000000000000.0,0.0,-4999.5,nan,0.0,1.0
h2o_co2_hybrid_mrk,X(CO2)=0.000000,10000.0,1523.15,0.0,41.58472,1.0,0.0,0.0,0.3333333,0.6666667,0.0,0.0,0.0,20852.59,1e+16,0.0,-4999.5,nan,0.0,1.0
h2o_co2_hybrid_mrk,X(CO2)=0.000000,11000.0,1523.15,0.0,40.03339,1.0,0.0,0.0,0.3333333,0.6666667,0.0,0.0,0.0,25362.4,1.1e+16,0.0,-4999.5,nan,0.0,1.0
h2o_co2_hybrid_mrk,X(CO2)=0.000000,12000.0,1523.15,0.0,38.7111,1.0,0.0,0.0,0.3333333,0.6666667,0.0,0.0,0.0,30615.76,1.2e+16,0.0,-4999.5,nan,0.0,1.0
h2o_co2_hybrid_mrk,X(CO2)=0.000000,13000.0,1523.15,0.0,37.56724,1.0,0.0,0.0,0.3333333,0.6666667,0.0,0.0,0.0,36721.07,1.3e+16,0.0,-4999.5,nan,0.0,1.0
h2o_co2_hybrid_mrk,X(CO2)=0.000000,14000.0,1523.15,0.0,36.56523,1.0,0.0,0.0,0.3333333,0.6666667,0.0,0.0,0.0,43800.86,1.4e+16,0.0,-4999.5,nan,0.0,1.0
h2o_co2_hybrid_mrk,X(CO2)=0.000000,15000.0,1523.15,0.0,35.67799,1.0,0.0,0.0,0.3333333,0.6666667,0.0,0.0,0.0,51993.44,1.5e+16,0.0,-4999.5,nan,0.0,1.0
h2o_co2_hybrid_mrk,X(CO2)=0.000000,16000.0,1523.15,0.0,34.88505,1.0,0.0,0.0,0.3333333,0.6666667,0.0,0.0,0.0,61454.82,1.6e+16,0.0,-4999.5,nan,0.0,1.0
h2o_co2_hybrid_mrk,X(CO2)=0.000000,17000.0,1523.15,0.0,34.17062,1.0,0.0,0.0,0.3333333,0.6666667,0.0,0.0,0.0,72360.85,1.7e+16,0.0,-4999.5,nan,0.0,1.0
h2o_co2_hybrid_mrk,X(CO2)=0.000000,18000.0,1523.15,0.0,33.52234,1.0,0.0,0.0,0.3333333,0.6666667,0.0,0.0,0.0,84909.58,1.8e+16,0.0,-4999.5,nan,0.0,1.0
h2o_co2_hybrid_mrk,X(CO2)=0.000000,19000.0,1523.15,0.0,32.93038,1.0,0.0,0.0,0.3333333,0.6666667,0.0,0.0,0.0,99323.85,1.9e+16,0.0,-4999.5,nan,0.0,1.0
h2o_co2_hybrid_mrk,X(CO2)=0.000000,20000.0,1523.15,0.0,32.38682,1.0,0.0,0.0,0.3333333,0.6666667,0.0,0.0,0.0,115854.2,2e+16,0.0,-4999.5,nan,0.0,1.0
h2o_co2_hybrid_mrk,X(CO2)=0.000000,1000.0,1573.15,0.0,163.7016,1.0,0.0,0.0,0.3333333,0.6666667,0.0,0.0,0.0,1013.745,1000000000000000.0,0.0,-4999.5,nan,0.0,1.0
h2o_co2_hybrid_mrk,X(CO2)=0.000000,2000.0,1573.15,0.0,99.70924,1.0,0.0,0.0,0.3333333,0.6666667,0.0,0.0,0.0,2101.677,2000000000000000.0,0.0,-4999.5,nan,0.0,1.0
h2o_co2_hybrid_mrk,X(CO2)=0.000000,3000.0,1573.15,0.0,77.41161,1.0,0.0,0.0,0.3333333,0.6666667,0.0,0.0,0.0,3350.211,3000000000000000.0,0.0,-4999.5,nan,0.0,1.0
h2o_co2_hybrid_mrk,X(CO2)=0.000000,4000.0,1573.15,0.0,65.63872,1.0,0.0,0.0,0.3333333,0.6666667,0.0,0.0,0.0,4819.755,4000000000000000.0,0.0,-4999.5,nan,0.0,1.0
h2o_co2_hybrid_mrk,X(CO2)=0.000000,5000.0,1573.15,0.0,58.22764,1.0,0.0,0.0,0.3333333,0.6666667,0.0,0.0,0.0,6556.76,5000000000000000.0,0.0,-4999.5,nan,0.0,1.0
h2o_co2_hybrid_mrk,X(CO2)=0.000000,6000.0,1573.15,0.0,53.08638,1.0,0.0,0.0,0.3333333,0.6666667,0.0,0.0,0.0,8606.752,6000000000000000.0,0.0,-4999.5,nan,0.0,1.0
h2o_co2_hybrid_mrk,X(CO2)=0.000000,7000.0,1573.15,0.0,49.2901,1.0,0.0,0.0,0.3333333,0.6666667,0.0,0.0,0.0,11019.3,7000000000000000.0,0.0,-4999.5,nan,0.0,1.0
h2o_co2_hybrid_mrk,X(CO2)=0.000000,8000.0,1573.15,0.0,46.36031,1.0,0.0,0.0,0.3333333,0.6666667,0.0,0.0,0.0,13850.09,8000000000000000.0,0.0,-4999.5,nan,0.0,1.0
h2o_co2_hybrid_mrk,X(CO2)=0.000000,9000.0,1573.15,0.0,44.02254,1.0,0.0,0.0,0.3333333,0.6666667,0.0,0.0,0.0,17162.16,9000000000000000.0,0.0,-4999.5,nan,0.0,1.0
h2o_co2_hybrid_mrk,X(CO2)=0.000000,10000.0,1573.15,0.0,42.10754,1.0,0.0,0.0,0.3333333,0.6666667,0.0,0.0,0.0,21026.81,1e+16,0.0,-4999.5,nan,0.0,1.0
h2o_co2_hybrid_mrk,X(CO2)=0.000000,11000.0,1573.15,0.0,40.50513,1.0,0.0,0.0,0.3333333,0.6666667,0.0,0.0,0.0,25524.65,1.1e+16,0.0,-4999.5,nan,0.0,1.0
h2o_co2_hybrid_mrk,X(CO2)=0.000000,12000.0,1573.15,0.0,39.14049,1.0,0.0,0.0,0.3333333,0.6666667,0.0,0.0,0.0,30746.63,1.2e+16,0.0,-4999.5,nan,0.0,1.0
h2o_co2_hybrid_mrk,X(CO2)=0.000000,13000.0,1573.15,0.0,37.96108,1.0,0.0,0.0,0.3333333,0.6666667,0.0,0.0,0.0,36795.3,1.3e+16,0.0,-4999.5,nan,0.0,1.0
h2o_co2_hybrid_mrk,X(CO2)=0.000000,14000.0,1573.15,0.0,36.9289,1.0,0.0,0.0,0.3333333,0.6666667,0.0,0.0,0.0,43786.12,1.4e+16,0.0,-4999.5,nan,0.0,1.0
h2o_co2_hybrid_mrk,X(CO2)=0.000000,15000.0,1573.15,0.0,36.01578,1.0,0.0,0.0,0.3333333,0.6666667,0.0,0.0,0.0,51849.05,1.5e+16,0.0,-4999.5,nan,0.0,1.0
h2o_co2_hybrid_mrk,X(CO2)=0.000000,16000.0,1573.15,0.0,35.20045,1.0,0.0,0.0,0.3333333,0.6666667,0.0,0.0,0.0,61130.13,1.6e+16,0.0,-4999.5,nan,0.0,1.0
h2o_co2_hybrid_mrk,X(CO2)=0.000000,17000.0,1573.15,0.0,34.46648,1.0,0.0,0.0,0.3333333,0.6666667,0.0,0.0,0.0,71793.44,1.7e+16,0.0,-4999.5,nan,0.0,1.0
h2o_co2_hybrid_mrk,X(CO2)=0.000000,18000.0,1573.15,0.0,33.80102,1.0,0.0,0.0,0.3333333,0.6666667,0.0,0.0,0.0,84023.11,1.8e+16,0.0,-4999.5,nan,0.0,1.0
h2o_co2_hybrid_mrk,X(CO2)=0.000000,19000.0,1573.15,0.0,33.19385,1.0,0.0,0.0,0.3333333,0.6666667,0.0,0.0,0.0,98025.64,1.9e+16,0.0,-4999.5,nan,0.0,1.0
h2o_co2_hybrid_mrk,X(CO2)=0.000000,20000.0,1573.15,0.0,32.63675,1.0,0.0,0.0,0.3333333,0.6666667,0.0,0.0,0.0,114032.4,2e+16,0.0,-4999.5,nan,0.0,1.0
h2o_co2_hybrid_mrk,X(CO2)=0.100000,1000.0,373.15,0.1,20.54561,0.9,0.1,0.03333333,0.3666667,0.6,0.0,0.0,0.0,12.5512,2338.167,0.0,-4999.5,nan,0.0,nan
h2o_co2_hybrid_mrk,X(CO2)=0.100000,2000.0,373.15,0.1,19.71941,0.9,0.1,0.03333333,0.3666667,0.6,0.0,0.0,0.0,22.25546,9195.491,0.0,-4999.5,nan,0.0,nan
h2o_co2_hybrid_mrk,X(CO2)=0.100000,3000.0,373.15,0.1,19.0804,0.9,0.1,0.03333333,0.3666667,0.6,0.0,0.0,0.0,39.03276,32801.86,0.0,-4999.5,nan,0.0,nan
h2o_co2_hybrid_mrk,X(CO2)=0.100000,4000.0,373.15,0.1,18.56656,0.9,0.1,0.03333333,0.3666667,0.6,0.0,0.0,0.0,67.86207,110218.4,0.0,-4999.5,nan,0.0,nan
h2o_co2_hybrid_mrk,X(CO2)=0.100000,5000.0,373.15,0.1,18.13805,0.9,0.1,0.03333333,0.3666667,0.6,0.0,0.0,0.0,117.1504,355543.5,0.0,-4999.5,nan,0.0,nan
h2o_co2_hybrid_mrk,X(CO2)=0.100000,6000.0,373.15,0.1,17.77086,0.9,0.1,0.03333333,0.3666667,0.6,0.0,0.0,0.0,201.0507,1113314.0,0.0,-4999.5,nan,0.0,nan
h2o_co2_hybrid_mrk,X(CO2)=0.100000,7000.0,373.15,0.1,17.44974,0.9,0.1,0.03333333,0.3666667,0.6,0.0,0.0,0.0,343.3287,3407959.0,0.0,-4999.5,nan,0.0,nan
h2o_co2_hybrid_mrk,X(CO2)=0.100000,8000.0,373.15,0.1,17.16445,0.9,0.1,0.03333333,0.3666667,0.6,0.0,0.0,0.0,583.8018,10247240.0,0.0,-4999.5,nan,0.0,nan
h2o_co2_hybrid_mrk,X(CO2)=0.100000,9000.0,373.15,0.1,16.9078,0.9,0.1,0.03333333,0.3666667,0.6,0.0,0.0,0.0,989.0427,30369750.0,0.0,-4999.5,nan,0.0,nan
h2o_co2_hybrid_mrk,X(CO2)=0.100000,10000.0,373.15,0.1,16.67458,0.9,0.1,0.03333333,0.3666667,0.6,0.0,0.0,0.0,1670.15,88939490.0,0.0,-4999.5,nan,0.0,nan
h2o_co2_hybrid_mrk,X(CO2)=0.100000,11000.0,373.15,0.1,16.46084,0.9,0.1,0.03333333,0.3666667,0.6,0.0,0.0,0.0,2812.212,257870700.0,0.0,-4999.5,nan,0.0,nan
h2o_co2_hybrid_mrk,X(CO2)=0.100000,12000.0,373.15,0.1,16.26358,0.9,0.1,0.03333333,0.3666667,0.6,0.0,0.0,0.0,4723.093,741332900.0,0.0,-4999.5,nan,0.0,nan
h2o_co2_hybrid_mrk,X(CO2)=0.100000,13000.0,373.15,0.1,16.08043,0.9,0.1,0.03333333,0.3666667,0.6,0.0,0.0,0.0,7914.14,2115651000.0,0.0,-4999.5,nan,0.0,nan
h2o_co2_hybrid_mrk,X(CO2)=0.100000,14000.0,373.15,0.1,15.90949,0.9,0.1,0.03333333,0.3666667,0.6,0.0,0.0,0.0,13233.52,5999440000.0,0.0,-4999.5,nan,0.0,nan
h2o_co2_hybrid_mrk,X(CO2)=0.100000,15000.0,373.15,0.1,15.74923,0.9,0.1,0.03333333,0.3666667,0.6,0.0,0.0,0.0,22086.37,16918200000.0,0.0,-4999.5,nan,0.0,nan
h2o_co2_hybrid_mrk,X(CO2)=0.100000,16000.0,373.15,0.1,15.59839,0.9,0.1,0.03333333,0.3666667,0.6,0.0,0.0,0.0,36797.74,47474100000.0,0.0,-4999.5,nan,0.0,nan
h2o_co2_hybrid_mrk,X(CO2)=0.100000,17000.0,373.15,0.1,15.45591,0.9,0.1,0.03333333,0.3666667,0.6,0.0,0.0,0.0,61210.83,132634100000.0,0.0,-4999.5,nan,0.0,nan
h2o_co2_hybrid_mrk,X(CO2)=0.100000,18000.0,373.15,0.1,15.3209,0.9,0.1,0.03333333,0.3666667,0.6,0.0,0.0,0.0,101671.7,369105000000.0,0.0,-4999.5,nan,0.0,nan
h2o_co2_hybrid_mrk,X(CO2)=0.100000,19000.0,373.15,0.1,15.19262,0.9,0.1,0.03333333,0.3666667,0.6,0.0,0.0,0.0,168649.5,1023556000000.0,0.0,-4999.5,nan,0.0,nan
h2o_co2_hybrid_mrk,X(CO2)=0.100000,20000.0,373.15,0.1,15.07042,0.9,0.1,0.03333333,0.3666667,0.6,0.0,0.0,0.0,279399.4,2829353000000.0,0.0,-4999.5,nan,0.0,nan
h2o_co2_hybrid_mrk,X(CO2)=0.100000,1000.0,423.15,0.1,21.44313,0.9,0.1,0.03333333,0.3666667,0.6,0.0,0.0,0.0,27.91323,2036.575,0.0,-4999.5,nan,0.0,nan
h2o_co2_hybrid_mrk,X(CO2)=0.100000,2000.0,423.15,0.1,20.37429,0.9,0.1,0.03333333,0.3666667,0.6,0.0,0.0,0.0,47.05048,7473.71,0.0,-4999.5,nan,0.0,nan
h2o_co2_hybrid_mrk,X(CO2)=0.100000,3000.0,423.15,0.1,19.59945,0.9,0.1,0.03333333,0.3666667,0.6,0.0,0.0,0.0,78.33825,24362.31,0.0,-4999.5,nan,0.0,nan
h2o_co2_hybrid_mrk,X(CO2)=0.100000,4000.0,423.15,0.1,18.99702,0.9,0.1,0.03333333,0.3666667,0.6,0.0,0.0,0.0,129.1802,74152.44,0.0,-4999.5,nan,0.0,nan
h2o_co2_hybrid_mrk,X(CO2)=0.100000,5000.0,423.15,0.1,18.50543,0.9,0.1,0.03333333,0.3666667,0.6,0.0,0.0,0.0,211.3839,215697.6,0.0,-4999.5,nan,0.0,nan
h2o_co2_hybrid_mrk,X(CO2)=0.100000,6000.0,423.15,0.1,18.09069,0.9,0.1,0.03333333,0.3666667,0.6,0.0,0.0,0.0,343.7221,607431.7,0.0,-4999.5,nan,0.0,nan
h2o_co2_hybrid_mrk,X(CO2)=0.100000,7000.0,423.15,0.1,17.73223,0.9,0.1,0.03333333,0.3666667,0.6,0.0,0.0,0.0,555.9695,1669424.0,0.0,-4999.5,nan,0.0,nan
h2o_co2_hybrid_mrk,X(CO2)=0.100000,8000.0,423.15,0.1,17.41673,0.9,0.1,0.03333333,0.3666667,0.6,0.0,0.0,0.0,895.25,4501689.0,0.0,-4999.5,nan,0.0,nan
h2o_co2_hybrid_mrk,X(CO2)=0.100000,9000.0,423.15,0.1,17.13507,0.9,0.1,0.03333333,0.3666667,0.6,0.0,0.0,0.0,1436.001,11955140.0,0.0,-4999.5,nan,0.0,nan
h2o_co2_hybrid_mrk,X(CO2)=0.100000,10000.0,423.15,0.1,16.88074,0.9,0.1,0.03333333,0.3666667,0.6,0.0,0.0,0.0,2295.595,31354220.0,0.0,-4999.5,nan,0.0,nan
h2o_co2_hybrid_mrk,X(CO2)=0.100000,11000.0,423.15,0.1,16.64892,0.9,0.1,0.03333333,0.3666667,0.6,0.0,0.0,0.0,3658.806,81376070.0,0.0,-4999.5,nan,0.0,nan
h2o_co2_hybrid_mrk,X(CO2)=0.100000,12000.0,423.15,0.1,16.43597,0.9,0.1,0.03333333,0.3666667,0.6,0.0,0.0,0.0,5816.079,209339300.0,0.0,-4999.5,nan,0.0,nan
h2o_co2_hybrid_mrk,X(CO2)=0.100000,13000.0,423.15,0.1,16.23907,0.9,0.1,0.03333333,0.3666667,0.6,0.0,0.0,0.0,9223.331,534448400.0,0.0,-4999.5,nan,0.0,nan
h2o_co2_hybrid_mrk,X(CO2)=0.100000,14000.0,423.15,0.1,16.05598,0.9,0.1,0.03333333,0.3666667,0.6,0.0,0.0,0.0,14595.3,1355505000.0,0.0,-4999.5,nan,0.0,nan
h2o_co2_hybrid_mrk,X(CO2)=0.100000,15000.0,423.15,0.1,15.88488,0.9,0.1,0.03333333,0.3666667,0.6,0.0,0.0,0.0,23051.17,3418184000.0,0.0,-4999.5,nan,0.0,nan
h2o_co2_hybrid_mrk,X(CO2)=0.100000,16000.0,423.15,0.1,15.7243,0.9,0.1,0.03333333,0.3666667,0.6,0.0,0.0,0.0,36341.42,8575994000.0,0.0,-4999.5,nan,0.0,nan
h2o_co2_hybrid_mrk,X(CO2)=0.100000,17000.0,423.15,0.1,15.57303,0.9,0.1,0.03333333,0.3666667,0.6,0.0,0.0,0.0,57201.17,21419810000.0,0.0,-4999.5,nan,0.0,nan
h2o_co2_hybrid_mrk,X(CO2)=0.100000,18000.0,423.15,0.1,15.43004,0.9,0.1,0.03333333,0.3666667,0.6,0.0,0.0,0.0,89899.8,53284060000.0,0.0,-4999.5,nan,0.0,nan
h2o_co2_hybrid_mrk,X(CO2)=0.100000,19000.0,423.15,0.1,15.29448,0.9,0.1,0.03333333,0.3666667,0.6,0.0,0.0,0.0,141095.6,132070900000.0,0.0,-4999.5,nan,0.0,nan
h2o_co2_hybrid_mrk,X(CO2)=0.100000,20000.0,423.15,0.1,15.16561,0.9,0.1,0.03333333,0.3666667,0.6,0.0,0.0,0.0,221163.3,326285200000.0,0.0,-4999.5,nan,0.0,nan
h2o_co2_hybrid_mrk,X(CO2)=0.100000,1000.0,473.15,0.1,22.66469,0.9,0.1,0.03333333,0.3666667,0.6,0.0,0.0,0.0,52.98855,1376.676,0.0,-4999.5,nan,0.0,nan
h2o_co2_hybrid_mrk,X(CO2)=0.100000,2000.0,473.15,0.1,21.25285,0.9,0.1,0.03333333,0.3666667,0.6,0.0,0.0,0.0,86.04604,4800.713,0.0,-4999.5,nan,0.0,nan
h2o_co2_hybrid_mrk,X(CO2)=0.100000,3000.0,473.15,0.1,20.30949,0.9,0.1,0.03333333,0.3666667,0.6,0.0,0.0,0.0,137.7446,14553.08,0.0,-4999.5,nan,0.0,nan
h2o_co2_hybrid_mrk,X(CO2)=0.100000,4000.0,473.15,0.1,19.60241,0.9,0.1,0.03333333,0.3666667,0.6,0.0,0.0,0.0,218.1216,40877.84,0.0,-4999.5,nan,0.0,nan
h2o_co2_hybrid_mrk,X(CO2)=0.100000,5000.0,473.15,0.1,19.03803,0.9,0.1,0.03333333,0.3666667,0.6,0.0,0.0,0.0,342.4794,109342.0,0.0,-4999.5,nan,0.0,nan
h2o_co2_hybrid_mrk,X(CO2)=0.100000,6000.0,473.15,0.1,18.56905,0.9,0.1,0.03333333,0.3666667,0.6,0.0,0.0,0.0,534.0681,282613.1,0.0,-4999.5,nan,0.0,nan
h2o_co2_hybrid_mrk,X(CO2)=0.100000,7000.0,473.15,0.1,18.16823,0.9,0.1,0.03333333,0.3666667,0.6,0.0,0.0,0.0,828.1347,712082.8,0.0,-4999.5,nan,0.0,nan
h2o_co2_hybrid_mrk,X(CO2)=0.100000,8000.0,473.15,0.1,17.81851,0.9,0.1,0.03333333,0.3666667,0.6,0.0,0.0,0.0,1278.005,1759162.0,0.0,-4999.5,nan,0.0,nan
h2o_co2_hybrid_mrk,X(CO2)=0.100000,9000.0,473.15,0.1,17.50849,0.9,0.1,0.03333333,0.3666667,0.6,0.0,0.0,0.0,1964.209,4278126.0,0.0,-4999.5,nan,0.0,nan
h2o_co2_hybrid_mrk,X(CO2)=0.100000,10000.0,473.15,0.1,17.23017,0.9,0.1,0.03333333,0.3666667,0.6,0.0,0.0,0.0,3008.156,10271360.0,0.0,-4999.5,nan,0.0,nan
h2o_co2_hybrid_mrk,X(CO2)=0.100000,11000.0,473.15,0.1,16.97775,0.9,0.1,0.03333333,0.3666667,0.6,0.0,0.0,0.0,4592.604,24398730.0,0.0,-4999.5,nan,0.0,nan
h2o_co2_hybrid_mrk,X(CO2)=0.100000,12000.0,473.15,0.1,16.74687,0.9,0.1,0.03333333,0.3666667,0.6,0.0,0.0,0.0,6992.265,57436990.0,0.0,-4999.5,nan,0.0,nan
h2o_co2_hybrid_mrk,X(CO2)=0.100000,13000.0,473.15,0.1,16.53418,0.9,0.1,0.03333333,0.3666667,0.6,0.0,0.0,0.0,10619.52,134173600.0,0.0,-4999.5,nan,0.0,nan
h2o_co2_hybrid_mrk,X(CO2)=0.100000,14000.0,473.15,0.1,16.33704,0.9,0.1,0.03333333,0.3666667,0.6,0.0,0.0,0.0,16092.68,311347800.0,0.0,-4999.5,nan,0.0,nan
h2o_co2_hybrid_mrk,X(CO2)=0.100000,15000.0,473.15,0.1,16.15337,0.9,0.1,0.03333333,0.3666667,0.6,0.0,0.0,0.0,24337.71,718282100.0,0.0,-4999.5,nan,0.0,nan
h2o_co2_hybrid_mrk,X(CO2)=0.100000,16000.0,473.15,0.1,15.98145,0.9,0.1,0.03333333,0.3666667,0.6,0.0,0.0,0.0,36739.87,1648609000.0,0.0,-4999.5,nan,0.0,nan
h2o_co2_hybrid_mrk,X(CO2)=0.100000,17000.0,473.15,0.1,15.81988,0.9,0.1,0.03333333,0.3666667,0.6,0.0,0.0,0.0,55369.46,3766738000.0,0.0,-4999.5,nan,0.0,nan
h2o_co2_hybrid_mrk,X(CO2)=0.100000,18000.0,473.15,0.1,15.66749,0.9,0.1,0.03333333,0.3666667,0.6,0.0,0.0,0.0,83317.69,8571379000.0,0.0,-4999.5,nan,0.0,nan
h2o_co2_hybrid_mrk,X(CO2)=0.100000,19000.0,473.15,0.1,15.52331,0.9,0.1,0.03333333,0.3666667,0.6,0.0,0.0,0.0,125196.1,19433620000.0,0.0,-4999.5,nan,0.0,nan
h2o_co2_hybrid_mrk,X(CO2)=0.100000,20000.0,473.15,0.1,15.3865,0.9,0.1,0.03333333,0.3666667,0.6,0.0,0.0,0.0,187878.3,43916650000.0,0.0,-4999.5,nan,0.0,nan
h2o_co2_hybrid_mrk,X(CO2)=0.100000,1000.0,523.15,0.1,24.1983,0.9,0.1,0.03333333,0.3666667,0.6,0.0,0.0,0.0,89.60556,894.4314,0.0,-4999.5,nan,0.0,nan
h2o_co2_hybrid_mrk,X(CO2)=0.100000,2000.0,523.15,0.1,22.28656,0.9,0.1,0.03333333,0.3666667,0.6,0.0,0.0,0.0,141.6162,3016.53,0.0,-4999.5,nan,0.0,nan
h2o_co2_hybrid_mrk,X(CO2)=0.100000,3000.0,523.15,0.1,21.12563,0.9,0.1,0.03333333,0.3666667,0.6,0.0,0.0,0.0,220.022,8629.112,0.0,-4999.5,nan,0.0,nan
h2o_co2_hybrid_mrk,X(CO2)=0.100000,4000.0,523.15,0.1,20.29101,0.9,0.1,0.03333333,0.3666667,0.6,0.0,0.0,0.0,337.6044,22700.34,0.0,-4999.5,nan,0.0,nan
h2o_co2_hybrid_mrk,X(CO2)=0.100000,5000.0,523.15,0.1,19.64077,0.9,0.1,0.03333333,0.3666667,0.6,0.0,0.0,0.0,513.1405,56687.07,0.0,-4999.5,nan,0.0,nan
h2o_co2_hybrid_mrk,X(CO2)=0.100000,6000.0,523.15,0.1,19.10909,0.9,0.1,0.03333333,0.3666667,0.6,0.0,0.0,0.0,774.1222,136571.2,0.0,-4999.5,nan,0.0,nan
h2o_co2_hybrid_mrk,X(CO2)=0.100000,7000.0,523.15,0.1,18.65999,0.9,0.1,0.03333333,0.3666667,0.6,0.0,0.0,0.0,1160.721,320476.3,0.0,-4999.5,nan,0.0,nan
h2o_co2_hybrid_mrk,X(CO2)=0.100000,8000.0,523.15,0.1,18.27167,0.9,0.1,0.03333333,0.3666667,0.6,0.0,0.0,0.0,1731.526,736978.6,0.0,-4999.5,nan,0.0,nan
h2o_co2_hybrid_mrk,X(CO2)=0.100000,9000.0,523.15,0.1,17.9299,0.9,0.1,0.03333333,0.3666667,0.6,0.0,0.0,0.0,2571.849,1667847.0,0.0,-4999.5,nan,0.0,nan
h2o_co2_hybrid_mrk,X(CO2)=0.100000,10000.0,523.15,0.1,17.6249,0.9,0.1,0.03333333,0.3666667,0.6,0.0,0.0,0.0,3805.708,3725668.0,0.0,-4999.5,nan,0.0,nan
h2o_co2_hybrid_mrk,X(CO2)=0.100000,11000.0,523.15,0.1,17.34966,0.9,0.1,0.03333333,0.3666667,0.6,0.0,0.0,0.0,5613.126,8233157.0,0.0,-4999.5,nan,0.0,nan
h2o_co2_hybrid_mrk,X(CO2)=0.100000,12000.0,523.15,0.1,17.09897,0.9,0.1,0.03333333,0.3666667,0.6,0.0,0.0,0.0,8255.069,18029440.0,0.0,-4999.5,nan,0.0,nan
h2o_co2_hybrid_mrk,X(CO2)=0.100000,13000.0,523.15,0.1,16.8689,0.9,0.1,0.03333333,0.3666667,0.6,0.0,0.0,0.0,12109.36,39176840.0,0.0,-4999.5,nan,0.0,nan
h2o_co2_hybrid_mrk,X(CO2)=0.100000,14000.0,523.15,0.1,16.65636,0.9,0.1,0.03333333,0.3666667,0.6,0.0,0.0,0.0,17722.36,84560580.0,0.0,-4999.5,nan,0.0,nan
h2o_co2_hybrid_mrk,X(CO2)=0.100000,15000.0,523.15,0.1,16.45891,0.9,0.1,0.03333333,0.3666667,0.6,0.0,0.0,0.0,25883.27,181455700.0,0.0,-4999.5,nan,0.0,nan
h2o_co2_hybrid_mrk,X(CO2)=0.100000,16000.0,523.15,0.1,16.27458,0.9,0.1,0.03333333,0.3666667,0.6,0.0,0.0,0.0,37730.95,387385700.0,0.0,-4999.5,nan,0.0,nan
h2o_co2_hybrid_mrk,X(CO2)=0.100000,17000.0,523.15,0.1,16.10175,0.9,0.1,0.03333333,0.3666667,0.6,0.0,0.0,0.0,54907.18,823267900.0,0.0,-4999.5,nan,0.0,nan
h2o_co2_hybrid_mrk,X(CO2)=0.100000,18000.0,523.15,0.1,15.93911,0.9,0.1,0.03333333,0.3666667,0.6,0.0,0.0,0.0,79776.66,1742518000.0,0.0,-4999.5,nan,0.0,nan
h2o_co2_hybrid_mrk,X(CO2)=0.100000,19000.0,523.15,0.1,15.78553,0.9,0.1,0.03333333,0.3666667,0.6,0.0,0.0,0.0,115742.4,3674795000.0,0.0,-4999.5,nan,0.0,nan
h2o_co2_hybrid_mrk,X(CO2)=0.100000,20000.0,523.15,0.1,15.64006,0.9,0.1,0.03333333,0.3666667,0.6,0.0,0.0,0.0,167697.8,7724386000.0,0.0,-4999.5,nan,0.0,nan
h2o_co2_hybrid_mrk,X(CO2)=0.100000,1000.0,573.15,0.1,26.08727,0.9,0.1,0.03333333,0.3666667,0.6,0.0,0.0,0.0,138.5352,593.6286,0.0,-4999.5,nan,0.0,nan
h2o_co2_hybrid_mrk,X(CO2)=0.100000,2000.0,573.15,0.1,23.45179,0.9,0.1,0.03333333,0.3666667,0.6,0.0,0.0,0.0,214.8992,1967.135,0.0,-4999.5,nan,0.0,nan
h2o_co2_hybrid_mrk,X(CO2)=0.100000,3000.0,573.15,0.1,22.01285,0.9,0.1,0.03333333,0.3666667,0.6,0.0,0.0,0.0,326.4076,5371.38,0.0,-4999.5,nan,0.0,nan
h2o_co2_hybrid_mrk,X(CO2)=0.100000,4000.0,573.15,0.1,21.02509,0.9,0.1,0.03333333,0.3666667,0.6,0.0,0.0,0.0,488.6406,13385.03,0.0,-4999.5,nan,0.0,nan
h2o_co2_hybrid_mrk,X(CO2)=0.100000,5000.0,573.15,0.1,20.27549,0.9,0.1,0.03333333,0.3666667,0.6,0.0,0.0,0.0,723.7484,31567.79,0.0,-4999.5,nan,0.0,nan
h2o_co2_hybrid_mrk,X(CO2)=0.100000,6000.0,573.15,0.1,19.67305,0.9,0.1,0.03333333,0.3666667,0.6,0.0,0.0,0.0,1063.158,71728.48,0.0,-4999.5,nan,0.0,nan
h2o_co2_hybrid_mrk,X(CO2)=0.100000,7000.0,573.15,0.1,19.17045,0.9,0.1,0.03333333,0.3666667,0.6,0.0,0.0,0.0,1551.399,158633.0,0.0,-4999.5,nan,0.0,nan
h2o_co2_hybrid_mrk,X(CO2)=0.100000,8000.0,573.15,0.1,18.73994,0.9,0.1,0.03333333,0.3666667,0.6,0.0,0.0,0.0,2251.477,343678.0,0.0,-4999.5,nan,0.0,nan
h2o_co2_hybrid_mrk,X(CO2)=0.100000,9000.0,573.15,0.1,18.36384,0.9,0.1,0.03333333,0.3666667,0.6,0.0,0.0,0.0,3252.394,732589.0,0.0,-4999.5,nan,0.0,nan
h2o_co2_hybrid_mrk,X(CO2)=0.100000,10000.0,573.15,0.1,18.03025,0.9,0.1,0.03333333,0.3666667,0.6,0.0,0.0,0.0,4679.689,1541221.0,0.0,-4999.5,nan,0.0,nan
h2o_co2_hybrid_mrk,X(CO2)=0.100000,11000.0,573.15,0.1,17.73073,0.9,0.1,0.03333333,0.3666667,0.6,0.0,0.0,0.0,6710.199,3207429.0,0.0,-4999.5,nan,0.0,nan
h2o_co2_hybrid_mrk,X(CO2)=0.100000,12000.0,573.15,0.1,17.45912,0.9,0.1,0.03333333,0.3666667,0.6,0.0,0.0,0.0,9592.686,6614397.0,0.0,-4999.5,nan,0.0,nan
h2o_co2_hybrid_mrk,X(CO2)=0.100000,13000.0,573.15,0.1,17.21078,0.9,0.1,0.03333333,0.3666667,0.6,0.0,0.0,0.0,13676.67,13534770.0,0.0,-4999.5,nan,0.0,nan
h2o_co2_hybrid_mrk,X(CO2)=0.100000,14000.0,573.15,0.1,16.98212,0.9,0.1,0.03333333,0.3666667,0.6,0.0,0.0,0.0,19452.7,27510850.0,0.0,-4999.5,nan,0.0,nan
h2o_co2_hybrid_mrk,X(CO2)=0.100000,15000.0,573.15,0.1,16.77032,0.9,0.1,0.03333333,0.3666667,0.6,0.0,0.0,0.0,27608.51,55593750.0,0.0,-4999.5,nan,0.0,nan
h2o_co2_hybrid_mrk,X(CO2)=0.100000,16000.0,573.15,0.1,16.57311,0.9,0.1,0.03333333,0.3666667,0.6,0.0,0.0,0.0,39107.32,111769800.0,0.0,-4999.5,nan,0.0,nan
h2o_co2_hybrid_mrk,X(CO2)=0.100000,17000.0,573.15,0.1,16.38865,0.9,0.1,0.03333333,0.3666667,0.6,0.0,0.0,0.0,55296.97,223694400.0,0.0,-4999.5,nan,0.0,nan
h2o_co2_hybrid_mrk,X(CO2)=0.100000,18000.0,573.15,0.1,16.21542,0.9,0.1,0.03333333,0.3666667,0.6,0.0,0.0,0.0,78061.84,445894500.0,0.0,-4999.5,nan,0.0,nan
h2o_co2_hybrid_mrk,X(CO2)=0.100000,19000.0,573.15,0.1,16.05217,0.9,0.1,0.03333333,0.3666667,0.6,0.0,0.0,0.0,110034.3,885598800.0,0.0,-4999.5,nan,0.0,nan
h2o_co2_hybrid_mrk,X(CO2)=0.100000,20000.0,573.15,0.1,15.89783,0.9,0.1,0.03333333,0.3666667,0.6,0.0,0.0,0.0,154888.5,1753174000.0,0.0,-4999.5,nan,0.0,nan
h2o_co2_hybrid_mrk,X(CO2)=0.100000,1000.0,623.15,0.1,28.4598,0.9,0.1,0.03333333,0.3666667,0.6,0.0,0.0,0.0,199.1902,409.7779,0.0,-4999.5,nan,0.0,nan
h2o_co2_hybrid_mrk,X(CO2)=0.100000,2000.0,623.15,0.1,24.75814,0.9,0.1,0.03333333,0.3666667,0.6,0.0,0.0,0.0,305.5982,1352.532,0.0,-4999.5,nan,0.0,nan
h2o_co2_hybrid_mrk,X(CO2)=0.100000,3000.0,623.15,0.1,22.96606,0.9,0.1,0.03333333,0.3666667,0.6,0.0,0.0,0.0,456.4733,3556.359,0.0,-4999.5,nan,0.0,nan
h2o_co2_hybrid_mrk,X(CO2)=0.100000,4000.0,623.15,0.1,21.79575,0.9,0.1,0.03333333,0.3666667,0.6,0.0,0.0,0.0,670.2914,8468.218,0.0,-4999.5,nan,0.0,nan
h2o_co2_hybrid_mrk,X(CO2)=0.100000,5000.0,623.15,0.1,20.93213,0.9,0.1,0.03333333,0.3666667,0.6,0.0,0.0,0.0,972.4335,19030.55,0.0,-4999.5,nan,0.0,nan
h2o_co2_hybrid_mrk,X(CO2)=0.100000,6000.0,623.15,0.1,20.25058,0.9,0.1,0.03333333,0.3666667,0.6,0.0,0.0,0.0,1397.913,41152.56,0.0,-4999.5,nan,0.0,nan
h2o_co2_hybrid_mrk,X(CO2)=0.100000,7000.0,623.15,0.1,19.68928,0.9,0.1,0.03333333,0.3666667,0.6,0.0,0.0,0.0,1995.054,86563.87,0.0,-4999.5,nan,0.0,nan
h2o_co2_hybrid_mrk,X(CO2)=0.100000,8000.0,623.15,0.1,19.21315,0.9,0.1,0.03333333,0.3666667,0.6,0.0,0.0,0.0,2830.484,178320.3,0.0,-4999.5,nan,0.0,nan
h2o_co2_hybrid_mrk,X(CO2)=0.100000,9000.0,623.15,0.1,18.80039,0.9,0.1,0.03333333,0.3666667,0.6,0.0,0.0,0.0,3995.951,361367.2,0.0,-4999.5,nan,0.0,nan
h2o_co2_hybrid_mrk,X(CO2)=0.100000,10000.0,623.15,0.1,18.43654,0.9,0.1,0.03333333,0.3666667,0.6,0.0,0.0,0.0,5617.618,722704.5,0.0,-4999.5,nan,0.0,nan
h2o_co2_hybrid_mrk,X(CO2)=0.100000,11000.0,623.15,0.1,18.11155,0.9,0.1,0.03333333,0.3666667,0.6,0.0,0.0,0.0,7868.753,1429711.0,0.0,-4999.5,nan,0.0,nan
h2o_co2_hybrid_mrk,X(CO2)=0.100000,12000.0,623.15,0.1,17.81814,0.9,0.1,0.03333333,0.3666667,0.6,0.0,0.0,0.0,10987.02,2802693.0,0.0,-4999.5,nan,0.0,nan
h2o_co2_hybrid_mrk,X(CO2)=0.100000,13000.0,623.15,0.1,17.55089,0.9,0.1,0.03333333,0.3666667,0.6,0.0,0.0,0.0,15298.01,5451743.0,0.0,-4999.5,nan,0.0,nan
h2o_co2_hybrid_mrk,X(CO2)=0.100000,14000.0,623.15,0.1,17.30562,0.9,0.1,0.03333333,0.3666667,0.6,0.0,0.0,0.0,21247.37,10534080.0,0.0,-4999.5,nan,0.0,nan
h2o_co2_hybrid_mrk,X(CO2)=0.100000,15000.0,623.15,0.1,17.07911,0.9,0.1,0.03333333,0.3666667,0.6,0.0,0.0,0.0,29444.31,20236600.0,0.0,-4999.5,nan,0.0,nan
h2o_co2_hybrid_mrk,X(CO2)=0.100000,16000.0,623.15,0.1,16.86875,0.9,0.1,0.03333333,0.3666667,0.6,0.0,0.0,0.0,40720.98,38678210.0,0.0,-4999.5,nan,0.0,nan
h2o_co2_hybrid_mrk,X(CO2)=0.100000,17000.0,623.15,0.1,16.67245,0.9,0.1,0.03333333,0.3666667,0.6,0.0,0.0,0.0,56212.97,73593430.0,0.0,-4999.5,nan,0.0,nan
h2o_co2_hybrid_mrk,X(CO2)=0.100000,18000.0,623.15,0.1,16.48851,0.9,0.1,0.03333333,0.3666667,0.6,0.0,0.0,0.0,77468.63,139466500.0,0.0,-4999.5,nan,0.0,nan
h2o_co2_hybrid_mrk,X(CO2)=0.100000,19000.0,623.15,0.1,16.31549,0.9,0.1,0.03333333,0.3666667,0.6,0.0,0.0,0.0,106597.5,263354000.0,0.0,-4999.5,nan,0.0,nan
h2o_co2_hybrid_mrk,X(CO2)=0.100000,20000.0,623.15,0.1,16.1522,0.9,0.1,0.03333333,0.3666667,0.6,0.0,0.0,0.0,146471.4,495682700.0,0.0,-4999.5,nan,0.0,nan
h2o_co2_hybrid_mrk,X(CO2)=0.100000,1000.0,673.15,0.1,31.54802,0.9,0.1,0.03333333,0.3666667,0.6,0.0,0.0,0.0,269.4453,295.5237,0.0,-4999.5,nan,0.0,nan
h2o_co2_hybrid_mrk,X(CO2)=0.100000,2000.0,673.15,0.1,26.23125,0.9,0.1,0.03333333,0.3666667,0.6,0.0,0.0,0.0,411.9533,981.3305,0.0,-4999.5,nan,0.0,nan
h2o_co2_hybrid_mrk,X(CO2)=0.100000,3000.0,673.15,0.1,23.99199,0.9,0.1,0.03333333,0.3666667,0.6,0.0,0.0,0.0,608.163,2500.644,0.0,-4999.5,nan,0.0,nan
h2o_co2_hybrid_mrk,X(CO2)=0.100000,4000.0,673.15,0.1,22.60484,0.9,0.1,0.03333333,0.3666667,0.6,0.0,0.0,0.0,879.7758,5727.561,0.0,-4999.5,nan,0.0,nan
h2o_co2_hybrid_mrk,X(CO2)=0.100000,5000.0,673.15,0.1,21.61075,0.9,0.1,0.03333333,0.3666667,0.6,0.0,0.0,0.0,1255.268,12349.48,0.0,-4999.5,nan,0.0,nan
h2o_co2_hybrid_mrk,X(CO2)=0.100000,6000.0,673.15,0.1,20.84095,0.9,0.1,0.03333333,0.3666667,0.6,0.0,0.0,0.0,1772.882,25594.49,0.0,-4999.5,nan,0.0,nan
h2o_co2_hybrid_mrk,X(CO2)=0.100000,7000.0,673.15,0.1,20.21539,0.9,0.1,0.03333333,0.3666667,0.6,0.0,0.0,0.0,2484.174,51573.08,0.0,-4999.5,nan,0.0,nan
h2o_co2_hybrid_mrk,X(CO2)=0.100000,8000.0,673.15,0.1,19.69004,0.9,0.1,0.03333333,0.3666667,0.6,0.0,0.0,0.0,3458.663,101747.1,0.0,-4999.5,nan,0.0,nan
h2o_co2_hybrid_mrk,X(CO2)=0.100000,9000.0,673.15,0.1,19.23817,0.9,0.1,0.03333333,0.3666667,0.6,0.0,0.0,0.0,4790.0,197450.6,0.0,-4999.5,nan,0.0,nan
h2o_co2_hybrid_mrk,X(CO2)=0.100000,10000.0,673.15,0.1,18.84237,0.9,0.1,0.03333333,0.3666667,0.6,0.0,0.0,0.0,6604.192,378130.9,0.0,-4999.5,nan,0.0,nan
h2o_co2_hybrid_mrk,X(CO2)=0.100000,11000.0,673.15,0.1,18.49069,0.9,0.1,0.03333333,0.3666667,0.6,0.0,0.0,0.0,9070.58,716308.2,0.0,-4999.5,nan,0.0,nan
h2o_co2_hybrid_mrk,X(CO2)=0.100000,12000.0,673.15,0.1,18.17461,0.9,0.1,0.03333333,0.3666667,0.6,0.0,0.0,0.0,12416.48,1344636.0,0.0,-4999.5,nan,0.0,nan
h2o_co2_hybrid_mrk,X(CO2)=0.100000,13000.0,673.15,0.1,17.88779,0.9,0.1,0.03333333,0.3666667,0.6,0.0,0.0,0.0,16946.7,2504687.0,0.0,-4999.5,nan,0.0,nan
h2o_co2_hybrid_mrk,X(CO2)=0.100000,14000.0,673.15,0.1,17.62545,0.9,0.1,0.03333333,0.3666667,0.6,0.0,0.0,0.0,23069.51,4634657.0,0.0,-4999.5,nan,0.0,nan
h2o_co2_hybrid_mrk,X(CO2)=0.100000,15000.0,673.15,0.1,17.38388,0.9,0.1,0.03333333,0.3666667,0.6,0.0,0.0,0.0,31331.24,8526595.0,0.0,-4999.5,nan,0.0,nan
h2o_co2_hybrid_mrk,X(CO2)=0.100000,16000.0,673.15,0.1,17.16012,0.9,0.1,0.03333333,0.3666667,0.6,0.0,0.0,0.0,42462.3,15607620.0,0.0,-4999.5,nan,0.0,nan
h2o_co2_hybrid_mrk,X(CO2)=0.100000,17000.0,673.15,0.1,16.95181,0.9,0.1,0.03333333,0.3666667,0.6,0.0,0.0,0.0,57438.36,28441720.0,0.0,-4999.5,nan,0.0,nan
h2o_co2_hybrid_mrk,X(CO2)=0.100000,18000.0,673.15,0.1,16.75702,0.9,0.1,0.03333333,0.3666667,0.6,0.0,0.0,0.0,77561.59,51623460.0,0.0,-4999.5,nan,0.0,nan
h2o_co2_hybrid_mrk,X(CO2)=0.100000,19000.0,673.15,0.1,16.57415,0.9,0.1,0.03333333,0.3666667,0.6,0.0,0.0,0.0,104568.7,93366430.0,0.0,-4999.5,nan,0.0,nan
h2o_co2_hybrid_mrk,X(CO2)=0.100000,20000.0,673.15,0.1,16.40187,0.9,0.1,0.03333333,0.3666667,0.6,0.0,0.0,0.0,140774.0,168321900.0,0.0,-4999.5,nan,0.0,nan
h2o_co2_hybrid_mrk,X(CO2)=0.100000,1000.0,723.15,0.1,35.69164,0.9,0.1,0.03333333,0.3666667,0.6,0.0,0.0,0.0,345.6205,223.2805,0.0,-4999.5,nan,0.0,nan
h2o_co2_hybrid_mrk,X(CO2)=0.100000,2000.0,723.15,0.1,27.90477,0.9,0.1,0.03333333,0.3666667,0.6,0.0,0.0,0.0,530.8982,748.2493,0.0,-4999.5,nan,0.0,nan
h2o_co2_hybrid_mrk,X(CO2)=0.100000,3000.0,723.15,0.1,25.10162,0.9,0.1,0.03333333,0.3666667,0.6,0.0,0.0,0.0,778.0002,1855.536,0.0,-4999.5,nan,0.0,nan
h2o_co2_hybrid_mrk,X(CO2)=0.100000,4000.0,723.15,0.1,23.4578,0.9,0.1,0.03333333,0.3666667,0.6,0.0,0.0,0.0,1112.74,4108.335,0.0,-4999.5,nan,0.0,nan
h2o_co2_hybrid_mrk,X(CO2)=0.100000,5000.0,723.15,0.1,22.31471,0.9,0.1,0.03333333,0.3666667,0.6,0.0,0.0,0.0,1566.612,8544.233,0.0,-4999.5,nan,0.0,nan
h2o_co2_hybrid_mrk,X(CO2)=0.100000,6000.0,723.15,0.1,21.44651,0.9,0.1,0.03333333,0.3666667,0.6,0.0,0.0,0.0,2180.736,17065.46,0.0,-4999.5,nan,0.0,nan
h2o_co2_hybrid_mrk,X(CO2)=0.100000,7000.0,723.15,0.1,20.75058,0.9,0.1,0.03333333,0.3666667,0.6,0.0,0.0,0.0,3009.371,33126.54,0.0,-4999.5,nan,0.0,nan
h2o_co2_hybrid_mrk,X(CO2)=0.100000,8000.0,723.15,0.1,20.17208,0.9,0.1,0.03333333,0.3666667,0.6,0.0,0.0,0.0,4124.245,62948.51,0.0,-4999.5,nan,0.0,nan
h2o_co2_hybrid_mrk,X(CO2)=0.100000,9000.0,723.15,0.1,19.67844,0.9,0.1,0.03333333,0.3666667,0.6,0.0,0.0,0.0,5620.153,117654.1,0.0,-4999.5,nan,0.0,nan
h2o_co2_hybrid_mrk,X(CO2)=0.100000,10000.0,723.15,0.1,19.24884,0.9,0.1,0.03333333,0.3666667,0.6,0.0,0.0,0.0,7622.253,217006.4,0.0,-4999.5,nan,0.0,nan
h2o_co2_hybrid_mrk,X(CO2)=0.100000,11000.0,723.15,0.1,18.86916,0.9,0.1,0.03333333,0.3666667,0.6,0.0,0.0,0.0,10295.62,395932.1,0.0,-4999.5,nan,0.0,nan
h2o_co2_hybrid_mrk,X(CO2)=0.100000,12000.0,723.15,0.1,18.52943,0.9,0.1,0.03333333,0.3666667,0.6,0.0,0.0,0.0,13857.75,715863.3,0.0,-4999.5,nan,0.0,nan
h2o_co2_hybrid_mrk,X(CO2)=0.100000,13000.0,723.15,0.1,18.22234,0.9,0.1,0.03333333,0.3666667,0.6,0.0,0.0,0.0,18594.88,1284401.0,0.0,-4999.5,nan,0.0,nan
h2o_co2_hybrid_mrk,X(CO2)=0.100000,14000.0,723.15,0.1,17.9424,0.9,0.1,0.03333333,0.3666667,0.6,0.0,0.0,0.0,24883.38,2289308.0,0.0,-4999.5,nan,0.0,nan
h2o_co2_hybrid_mrk,X(CO2)=0.100000,15000.0,723.15,0.1,17.68537,0.9,0.1,0.03333333,0.3666667,0.6,0.0,0.0,0.0,33217.63,4057136.0,0.0,-4999.5,nan,0.0,nan
h2o_co2_hybrid_mrk,X(CO2)=0.100000,16000.0,723.15,0.1,17.44791,0.9,0.1,0.03333333,0.3666667,0.6,0.0,0.0,0.0,44246.47,7154102.0,0.0,-4999.5,nan,0.0,nan
h2o_co2_hybrid_mrk,X(CO2)=0.100000,17000.0,723.15,0.1,17.22737,0.9,0.1,0.03333333,0.3666667,0.6,0.0,0.0,0.0,58820.73,12559300.0,0.0,-4999.5,nan,0.0,nan
h2o_co2_hybrid_mrk,X(CO2)=0.100000,18000.0,723.15,0.1,17.02157,0.9,0.1,0.03333333,0.3666667,0.6,0.0,0.0,0.0,78055.25,21961550.0,0.0,-4999.5,nan,0.0,nan
h2o_co2_hybrid_mrk,X(CO2)=0.100000,19000.0,723.15,0.1,16.82874,0.9,0.1,0.03333333,0.3666667,0.6,0.0,0.0,0.0,103409.7,38267280.0,0.0,-4999.5,nan,0.0,nan
h2o_co2_hybrid_mrk,X(CO2)=0.100000,20000.0,723.15,0.1,16.64738,0.9,0.1,0.03333333,0.3666667,0.6,0.0,0.0,0.0,136793.8,66467920.0,0.0,-4999.5,nan,0.0,nan
h2o_co2_hybrid_mrk,X(CO2)=0.100000,1000.0,773.15,0.1,41.16954,0.9,0.1,0.03333333,0.3666667,0.6,0.0,0.0,0.0,422.8226,177.7618,0.0,-4999.5,nan,0.0,nan
h2o_co2_hybrid_mrk,X(CO2)=0.100000,2000.0,773.15,0.1,29.81386,0.9,0.1,0.03333333,0.3666667,0.6,0.0,0.0,0.0,658.3946,596.4428,0.0,-4999.5,nan,0.0,nan
h2o_co2_hybrid_mrk,X(CO2)=0.100000,3000.0,773.15,0.1,26.30696,0.9,0.1,0.03333333,0.3666667,0.6,0.0,0.0,0.0,961.4396,1442.46,0.0,-4999.5,nan,0.0,nan
h2o_co2_hybrid_mrk,X(CO2)=0.100000,4000.0,773.15,0.1,24.36098,0.9,0.1,0.03333333,0.3666667,0.6,0.0,0.0,0.0,1363.654,3098.378,0.0,-4999.5,nan,0.0,nan
h2o_co2_hybrid_mrk,X(CO2)=0.100000,5000.0,773.15,0.1,23.04818,0.9,0.1,0.03333333,0.3666667,0.6,0.0,0.0,0.0,1899.572,6240.971,0.0,-4999.5,nan,0.0,nan
h2o_co2_hybrid_mrk,X(CO2)=0.100000,6000.0,773.15,0.1,22.07042,0.9,0.1,0.03333333,0.3666667,0.6,0.0,0.0,0.0,2612.867,12065.16,0.0,-4999.5,nan,0.0,nan
h2o_co2_hybrid_mrk,X(CO2)=0.100000,7000.0,773.15,0.1,21.29742,0.9,0.1,0.03333333,0.3666667,0.6,0.0,0.0,0.0,3559.997,22663.13,0.0,-4999.5,nan,0.0,nan
h2o_co2_hybrid_mrk,X(CO2)=0.100000,8000.0,773.15,0.1,20.66146,0.9,0.1,0.03333333,0.3666667,0.6,0.0,0.0,0.0,4814.277,41669.81,0.0,-4999.5,nan,0.0,nan
h2o_co2_hybrid_mrk,X(CO2)=0.100000,9000.0,773.15,0.1,20.12317,0.9,0.1,0.03333333,0.3666667,0.6,0.0,0.0,0.0,6470.962,75358.38,0.0,-4999.5,nan,0.0,nan
h2o_co2_hybrid_mrk,X(CO2)=0.100000,10000.0,773.15,0.1,19.65773,0.9,0.1,0.03333333,0.3666667,0.6,0.0,0.0,0.0,8653.748,134492.3,0.0,-4999.5,nan,0.0,nan
h2o_co2_hybrid_mrk,X(CO2)=0.100000,11000.0,773.15,0.1,19.24858,0.9,0.1,0.03333333,0.3666667,0.6,0.0,0.0,0.0,11523.12,237445.7,0.0,-4999.5,nan,0.0,nan
h2o_co2_hybrid_mrk,X(CO2)=0.100000,12000.0,773.15,0.1,18.88412,0.9,0.1,0.03333333,0.3666667,0.6,0.0,0.0,0.0,15287.1,415445.5,0.0,-4999.5,nan,0.0,nan
h2o_co2_hybrid_mrk,X(CO2)=0.100000,13000.0,773.15,0.1,18.55595,0.9,0.1,0.03333333,0.3666667,0.6,0.0,0.0,0.0,20215.04,721351.6,0.0,-4999.5,nan,0.0,nan
h2o_co2_hybrid_mrk,X(CO2)=0.100000,14000.0,773.15,0.1,18.25779,0.9,0.1,0.03333333,0.3666667,0.6,0.0,0.0,0.0,26655.4,1244328.0,0.0,-4999.5,nan,0.0,nan
h2o_co2_hybrid_mrk,X(CO2)=0.100000,15000.0,773.15,0.1,17.98484,0.9,0.1,0.03333333,0.3666667,0.6,0.0,0.0,0.0,35058.56,2134299.0,0.0,-4999.5,nan,0.0,nan
h2o_co2_hybrid_mrk,X(CO2)=0.100000,16000.0,773.15,0.1,17.73333,0.9,0.1,0.03333333,0.3666667,0.6,0.0,0.0,0.0,46006.14,3642632.0,0.0,-4999.5,nan,0.0,nan
h2o_co2_hybrid_mrk,X(CO2)=0.100000,17000.0,773.15,0.1,17.50027,0.9,0.1,0.03333333,0.3666667,0.6,0.0,0.0,0.0,60248.63,6189682.0,0.0,-4999.5,nan,0.0,nan
h2o_co2_hybrid_mrk,X(CO2)=0.100000,18000.0,773.15,0.1,17.28325,0.9,0.1,0.03333333,0.3666667,0.6,0.0,0.0,0.0,78753.67,10476730.0,0.0,-4999.5,nan,0.0,nan
h2o_co2_hybrid_mrk,X(CO2)=0.100000,19000.0,773.15,0.1,17.08029,0.9,0.1,0.03333333,0.3666667,0.6,0.0,0.0,0.0,102768.0,17671180.0,0.0,-4999.5,nan,0.0,nan
h2o_co2_hybrid_mrk,X(CO2)=0.100000,20000.0,773.15,0.1,16.88974,0.9,0.1,0.03333333,0.3666667,0.6,0.0,0.0,0.0,133896.8,29712550.0,0.0,-4999.5,nan,0.0,nan
h2o_co2_hybrid_mrk,X(CO2)=0.100000,1000.0,823.15,0.1,47.67896,0.9,0.1,0.03333333,0.3666667,0.6,0.0,0.0,0.0,496.0655,149.9304,0.0,-4999.5,nan,0.0,nan
h2o_co2_hybrid_mrk,X(CO2)=0.100000,2000.0,823.15,0.1,31.98471,0.9,0.1,0.03333333,0.3666667,0.6,0.0,0.0,0.0,789.9094,494.5267,0.0,-4999.5,nan,0.0,nan
h2o_co2_hybrid_mrk,X(CO2)=0.100000,3000.0,823.15,0.1,27.61906,0.9,0.1,0.03333333,0.3666667,0.6,0.0,0.0,0.0,1153.314,1166.877,0.0,-4999.5,nan,0.0,nan
h2o_co2_hybrid_mrk,X(CO2)=0.100000,4000.0,823.15,0.1,25.32051,0.9,0.1,0.03333333,0.3666667,0.6,0.0,0.0,0.0,1626.293,2437.704,0.0,-4999.5,nan,0.0,nan
h2o_co2_hybrid_mrk,X(CO2)=0.100000,5000.0,823.15,0.1,23.8153,0.9,0.1,0.03333333,0.3666667,0.6,0.0,0.0,0.0,2246.529,4770.726,0.0,-4999.5,nan,0.0,nan
h2o_co2_hybrid_mrk,X(CO2)=0.100000,6000.0,823.15,0.1,22.71581,0.9,0.1,0.03333333,0.3666667,0.6,0.0,0.0,0.0,3059.966,8957.809,0.0,-4999.5,nan,0.0,nan
h2o_co2_hybrid_mrk,X(CO2)=0.100000,7000.0,823.15,0.1,21.85848,0.9,0.1,0.03333333,0.3666667,0.6,0.0,0.0,0.0,4124.8,16341.15,0.0,-4999.5,nan,0.0,nan
h2o_co2_hybrid_mrk,X(CO2)=0.100000,8000.0,823.15,0.1,21.16041,0.9,0.1,0.03333333,0.3666667,0.6,0.0,0.0,0.0,5515.356,29179.65,0.0,-4999.5,nan,0.0,nan
h2o_co2_hybrid_mrk,X(CO2)=0.100000,9000.0,823.15,0.1,20.57429,0.9,0.1,0.03333333,0.3666667,0.6,0.0,0.0,0.0,7326.741,51251.41,0.0,-4999.5,nan,0.0,nan
h2o_co2_hybrid_mrk,X(CO2)=0.100000,10000.0,823.15,0.1,20.0708,0.9,0.1,0.03333333,0.3666667,0.6,0.0,0.0,0.0,9680.645,88841.17,0.0,-4999.5,nan,0.0,nan
h2o_co2_hybrid_mrk,X(CO2)=0.100000,11000.0,823.15,0.1,19.63056,0.9,0.1,0.03333333,0.3666667,0.6,0.0,0.0,0.0,12732.67,152353.8,0.0,-4999.5,nan,0.0,nan
h2o_co2_hybrid_mrk,X(CO2)=0.100000,12000.0,823.15,0.1,19.24019,0.9,0.1,0.03333333,0.3666667,0.6,0.0,0.0,0.0,16681.6,258942.9,0.0,-4999.5,nan,0.0,nan
h2o_co2_hybrid_mrk,X(CO2)=0.100000,13000.0,823.15,0.1,18.89004,0.9,0.1,0.03333333,0.3666667,0.6,0.0,0.0,0.0,21781.19,436782.8,0.0,-4999.5,nan,0.0,nan
h2o_co2_hybrid_mrk,X(CO2)=0.100000,14000.0,823.15,0.1,18.57297,0.9,0.1,0.03333333,0.3666667,0.6,0.0,0.0,0.0,28355.02,731994.4,0.0,-4999.5,nan,0.0,nan
h2o_co2_hybrid_mrk,X(CO2)=0.100000,15000.0,823.15,0.1,18.28356,0.9,0.1,0.03333333,0.3666667,0.6,0.0,0.0,0.0,36815.43,1219850.0,0.0,-4999.5,nan,0.0,nan
h2o_co2_hybrid_mrk,X(CO2)=0.100000,16000.0,823.15,0.1,18.01757,0.9,0.1,0.03333333,0.3666667,0.6,0.0,0.0,0.0,47687.36,2022863.0,0.0,-4999.5,nan,0.0,nan
h2o_co2_hybrid_mrk,X(CO2)=0.100000,17000.0,823.15,0.1,17.77167,0.9,0.1,0.03333333,0.3666667,0.6,0.0,0.0,0.0,61638.61,3339947.0,0.0,-4999.5,nan,0.0,nan
h2o_co2_hybrid_mrk,X(CO2)=0.100000,18000.0,823.15,0.1,17.54317,0.9,0.1,0.03333333,0.3666667,0.6,0.0,0.0,0.0,79518.11,5493325.0,0.0,-4999.5,nan,0.0,nan
h2o_co2_hybrid_mrk,X(CO2)=0.100000,19000.0,823.15,0.1,17.32987,0.9,0.1,0.03333333,0.3666667,0.6,0.0,0.0,0.0,102404.3,9003894.0,0.0,-4999.5,nan,0.0,nan
h2o_co2_hybrid_mrk,X(CO2)=0.100000,20000.0,823.15,0.1,17.12996,0.9,0.1,0.03333333,0.3666667,0.6,0.0,0.0,0.0,131666.0,14712120.0,0.0,-4999.5,nan,0.0,nan
h2o_co2_hybrid_mrk,X(CO2)=0.100000,1000.0,873.15,0.1,54.4757,0.9,0.1,0.03333333,0.3666667,0.6,0.0,0.0,0.0,561.9717,133.4671,0.0,-4999.5,nan,0.0,nan
h2o_co2_hybrid_mrk,X(CO2)=0.100000,2000.0,873.15,0.1,34.41787,0.9,0.1,0.03333333,0.3666667,0.6,0.0,0.0,0.0,920.964,424.4831,0.0,-4999.5,nan,0.0,nan
h2o_co2_hybrid_mrk,X(CO2)=0.100000,3000.0,873.15,0.1,29.04573,0.9,0.1,0.03333333,0.3666667,0.6,0.0,0.0,0.0,1348.313,976.5462,0.0,-4999.5,nan,0.0,nan
h2o_co2_hybrid_mrk,X(CO2)=0.100000,4000.0,873.15,0.1,26.34165,0.9,0.1,0.03333333,0.3666667,0.6,0.0,0.0,0.0,1894.223,1987.584,0.0,-4999.5,nan,0.0,nan
h2o_co2_hybrid_mrk,X(CO2)=0.100000,5000.0,873.15,0.1,24.61981,0.9,0.1,0.03333333,0.3666667,0.6,0.0,0.0,0.0,2599.668,3788.638,0.0,-4999.5,nan,0.0,nan
h2o_co2_hybrid_mrk,X(CO2)=0.100000,6000.0,873.15,0.1,23.38555,0.9,0.1,0.03333333,0.3666667,0.6,0.0,0.0,0.0,3512.609,6928.516,0.0,-4999.5,nan,0.0,nan
h2o_co2_hybrid_mrk,X(CO2)=0.100000,7000.0,873.15,0.1,22.4361,0.9,0.1,0.03333333,0.3666667,0.6,0.0,0.0,0.0,4692.547,12310.85,0.0,-4999.5,nan,0.0,nan
h2o_co2_hybrid_mrk,X(CO2)=0.100000,8000.0,873.15,0.1,21.67091,0.9,0.1,0.03333333,0.3666667,0.6,0.0,0.0,0.0,6214.306,21413.78,0.0,-4999.5,nan,0.0,nan
h2o_co2_hybrid_mrk,X(CO2)=0.100000,9000.0,873.15,0.1,21.03359,0.9,0.1,0.03333333,0.3666667,0.6,0.0,0.0,0.0,8172.3,36641.35,0.0,-4999.5,nan,0.0,nan
h2o_co2_hybrid_mrk,X(CO2)=0.100000,10000.0,873.15,0.1,20.48965,0.9,0.1,0.03333333,0.3666667,0.6,0.0,0.0,0.0,10685.73,61883.58,0.0,-4999.5,nan,0.0,nan
h2o_co2_hybrid_mrk,X(CO2)=0.100000,11000.0,873.15,0.1,20.01659,0.9,0.1,0.03333333,0.3666667,0.6,0.0,0.0,0.0,13905.06,103407.0,0.0,-4999.5,nan,0.0,nan
h2o_co2_hybrid_mrk,X(CO2)=0.100000,12000.0,873.15,0.1,19.599,0.9,0.1,0.03333333,0.3666667,0.6,0.0,0.0,0.0,18020.04,171266.7,0.0,-4999.5,nan,0.0,nan
h2o_co2_hybrid_mrk,X(CO2)=0.100000,13000.0,873.15,0.1,19.22588,0.9,0.1,0.03333333,0.3666667,0.6,0.0,0.0,0.0,23269.8,281539.8,0.0,-4999.5,nan,0.0,nan
h2o_co2_hybrid_mrk,X(CO2)=0.100000,14000.0,873.15,0.1,18.88914,0.9,0.1,0.03333333,0.3666667,0.6,0.0,0.0,0.0,29955.45,459851.0,0.0,-4999.5,nan,0.0,nan
h2o_co2_hybrid_mrk,X(CO2)=0.100000,15000.0,873.15,0.1,18.58267,0.9,0.1,0.03333333,0.3666667,0.6,0.0,0.0,0.0,38455.82,746926.2,0.0,-4999.5,nan,0.0,nan
h2o_co2_hybrid_mrk,X(CO2)=0.100000,16000.0,873.15,0.1,18.30173,0.9,0.1,0.03333333,0.3666667,0.6,0.0,0.0,0.0,49247.18,1207325.0,0.0,-4999.5,nan,0.0,nan
h2o_co2_hybrid_mrk,X(CO2)=0.100000,17000.0,873.15,0.1,18.04261,0.9,0.1,0.03333333,0.3666667,0.6,0.0,0.0,0.0,62927.8,1943145.0,0.0,-4999.5,nan,0.0,nan
h2o_co2_hybrid_mrk,X(CO2)=0.100000,18000.0,873.15,0.1,17.80232,0.9,0.1,0.03333333,0.3666667,0.6,0.0,0.0,0.0,80248.69,3115508.0,0.0,-4999.5,nan,0.0,nan
h2o_co2_hybrid_mrk,X(CO2)=0.100000,19000.0,873.15,0.1,17.57843,0.9,0.1,0.03333333,0.3666667,0.6,0.0,0.0,0.0,102152.0,4978170.0,0.0,-4999.5,nan,0.0,nan
h2o_co2_hybrid_mrk,X(CO2)=0.100000,20000.0,873.15,0.1,17.36896,0.9,0.1,0.03333333,0.3666667,0.6,0.0,0.0,0.0,129818.6,7930061.0,0.0,-4999.5,nan,0.0,nan
h2o_co2_hybrid_mrk,X(CO2)=0.100000,1000.0,923.15,0.1,61.29468,0.9,0.1,0.03333333,0.3666667,0.6,0.0,0.0,0.0,619.4501,123.7836,0.0,-4999.5,nan,0.0,nan
h2o_co2_hybrid_mrk,X(CO2)=0.100000,2000.0,923.15,0.1,37.07559,0.9,0.1,0.03333333,0.3666667,0.6,0.0,0.0,0.0,1047.645,375.4769,0.0,-4999.5,nan,0.0,nan
h2o_co2_hybrid_mrk,X(CO2)=0.100000,3000.0,923.15,0.1,30.58865,0.9,0.1,0.03333333,0.3666667,0.6,0.0,0.0,0.0,1541.429,841.275,0.0,-4999.5,nan,0.0,nan
h2o_co2_hybrid_mrk,X(CO2)=0.100000,4000.0,923.15,0.1,27.42799,0.9,0.1,0.03333333,0.3666667,0.6,0.0,0.0,0.0,2161.255,1670.25,0.0,-4999.5,nan,0.0,nan
h2o_co2_hybrid_mrk,X(CO2)=0.100000,5000.0,923.15,0.1,25.46472,0.9,0.1,0.03333333,0.3666667,0.6,0.0,0.0,0.0,2951.457,3106.992,0.0,-4999.5,nan,0.0,nan
h2o_co2_hybrid_mrk,X(CO2)=0.100000,6000.0,923.15,0.1,24.08212,0.9,0.1,0.03333333,0.3666667,0.6,0.0,0.0,0.0,3961.758,5546.486,0.0,-4999.5,nan,0.0,nan
h2o_co2_hybrid_mrk,X(CO2)=0.100000,7000.0,923.15,0.1,23.03236,0.9,0.1,0.03333333,0.3666667,0.6,0.0,0.0,0.0,5252.576,9622.355,0.0,-4999.5,nan,0.0,nan
h2o_co2_hybrid_mrk,X(CO2)=0.100000,8000.0,923.15,0.1,22.19476,0.9,0.1,0.03333333,0.3666667,0.6,0.0,0.0,0.0,6898.762,16344.92,0.0,-4999.5,nan,0.0,nan
h2o_co2_hybrid_mrk,X(CO2)=0.100000,9000.0,923.15,0.1,21.50263,0.9,0.1,0.03333333,0.3666667,0.6,0.0,0.0,0.0,8993.56,27316.49,0.0,-4999.5,nan,0.0,nan
h2o_co2_hybrid_mrk,X(CO2)=0.100000,10000.0,923.15,0.1,20.91569,0.9,0.1,0.03333333,0.3666667,0.6,0.0,0.0,0.0,11653.28,45066.27,0.0,-4999.5,nan,0.0,nan
h2o_co2_hybrid_mrk,X(CO2)=0.100000,11000.0,923.15,0.1,20.40795,0.9,0.1,0.03333333,0.3666667,0.6,0.0,0.0,0.0,15023.0,73569.8,0.0,-4999.5,nan,0.0,nan
h2o_co2_hybrid_mrk,X(CO2)=0.100000,12000.0,923.15,0.1,19.96175,0.9,0.1,0.03333333,0.3666667,0.6,0.0,0.0,0.0,19283.61,119052.9,0.0,-4999.5,nan,0.0,nan
h2o_co2_hybrid_mrk,X(CO2)=0.100000,13000.0,923.15,0.1,19.56459,0.9,0.1,0.03333333,0.3666667,0.6,0.0,0.0,0.0,24660.44,191233.0,0.0,-4999.5,nan,0.0,nan
h2o_co2_hybrid_mrk,X(CO2)=0.100000,14000.0,923.15,0.1,19.20735,0.9,0.1,0.03333333,0.3666667,0.6,0.0,0.0,0.0,31434.04,305232.0,0.0,-4999.5,nan,0.0,nan
h2o_co2_hybrid_mrk,X(CO2)=0.100000,15000.0,923.15,0.1,18.88316,0.9,0.1,0.03333333,0.3666667,0.6,0.0,0.0,0.0,39953.36,484518.4,0.0,-4999.5,nan,0.0,nan
h2o_co2_hybrid_mrk,X(CO2)=0.100000,16000.0,923.15,0.1,18.58674,0.9,0.1,0.03333333,0.3666667,0.6,0.0,0.0,0.0,50652.17,765425.3,0.0,-4999.5,nan,0.0,nan
h2o_co2_hybrid_mrk,X(CO2)=0.100000,17000.0,923.15,0.1,18.31397,0.9,0.1,0.03333333,0.3666667,0.6,0.0,0.0,0.0,64069.28,1204076.0,0.0,-4999.5,nan,0.0,nan
h2o_co2_hybrid_mrk,X(CO2)=0.100000,18000.0,923.15,0.1,18.06155,0.9,0.1,0.03333333,0.3666667,0.6,0.0,0.0,0.0,80873.43,1886985.0,0.0,-4999.5,nan,0.0,nan
h2o_co2_hybrid_mrk,X(CO2)=0.100000,19000.0,923.15,0.1,17.82679,0.9,0.1,0.03333333,0.3666667,0.6,0.0,0.0,0.0,101894.2,2947266.0,0.0,-4999.5,nan,0.0,nan
h2o_co2_hybrid_mrk,X(CO2)=0.100000,20000.0,923.15,0.1,17.60751,0.9,0.1,0.03333333,0.3666667,0.6,0.0,0.0,0.0,128159.9,4589372.0,0.0,-4999.5,nan,0.0,nan
h2o_co2_hybrid_mrk,X(CO2)=0.100000,1000.0,973.15,0.1,68.08356,0.9,0.1,0.03333333,0.3666667,0.6,0.0,0.0,0.0,668.8837,117.9563,0.0,-4999.5,nan,0.0,nan
h2o_co2_hybrid_mrk,X(CO2)=0.100000,2000.0,973.15,0.1,39.89116,0.9,0.1,0.03333333,0.3666667,0.6,0.0,0.0,0.0,1166.954,340.6877,0.0,-4999.5,nan,0.0,nan
h2o_co2_hybrid_mrk,X(CO2)=0.100000,3000.0,973.15,0.1,32.24084,0.9,0.1,0.03333333,0.3666667,0.6,0.0,0.0,0.0,1728.302,742.8358,0.0,-4999.5,nan,0.0,nan
h2o_co2_hybrid_mrk,X(CO2)=0.100000,4000.0,973.15,0.1,28.58063,0.9,0.1,0.03333333,0.3666667,0.6,0.0,0.0,0.0,2421.811,1440.04,0.0,-4999.5,nan,0.0,nan
h2o_co2_hybrid_mrk,X(CO2)=0.100000,5000.0,973.15,0.1,26.35212,0.9,0.1,0.03333333,0.3666667,0.6,0.0,0.0,0.0,3295.034,2618.382,0.0,-4999.5,nan,0.0,nan
h2o_co2_hybrid_mrk,X(CO2)=0.100000,6000.0,973.15,0.1,24.80747,0.9,0.1,0.03333333,0.3666667,0.6,0.0,0.0,0.0,4399.185,4571.401,0.0,-4999.5,nan,0.0,nan
h2o_co2_hybrid_mrk,X(CO2)=0.100000,7000.0,973.15,0.1,23.64898,0.9,0.1,0.03333333,0.3666667,0.6,0.0,0.0,0.0,5795.227,7759.043,0.0,-4999.5,nan,0.0,nan
h2o_co2_hybrid_mrk,X(CO2)=0.100000,8000.0,973.15,0.1,22.73348,0.9,0.1,0.03333333,0.3666667,0.6,0.0,0.0,0.0,7557.622,12897.94,0.0,-4999.5,nan,0.0,nan
h2o_co2_hybrid_mrk,X(CO2)=0.100000,9000.0,973.15,0.1,21.98278,0.9,0.1,0.03333333,0.3666667,0.6,0.0,0.0,0.0,9778.023,21099.08,0.0,-4999.5,nan,0.0,nan
h2o_co2_hybrid_mrk,X(CO2)=0.100000,10000.0,973.15,0.1,21.35016,0.9,0.1,0.03333333,0.3666667,0.6,0.0,0.0,0.0,12569.49,34077.21,0.0,-4999.5,nan,0.0,nan
h2o_co2_hybrid_mrk,X(CO2)=0.100000,11000.0,973.15,0.1,20.80577,0.9,0.1,0.03333333,0.3666667,0.6,0.0,0.0,0.0,16071.56,54468.61,0.0,-4999.5,nan,0.0,nan
h2o_co2_hybrid_mrk,X(CO2)=0.100000,12000.0,973.15,0.1,20.32947,0.9,0.1,0.03333333,0.3666667,0.6,0.0,0.0,0.0,20456.38,86312.13,0.0,-4999.5,nan,0.0,nan
h2o_co2_hybrid_mrk,X(CO2)=0.100000,13000.0,973.15,0.1,19.90713,0.9,0.1,0.03333333,0.3666667,0.6,0.0,0.0,0.0,25936.2,135776.1,0.0,-4999.5,nan,0.0,nan
h2o_co2_hybrid_mrk,X(CO2)=0.100000,14000.0,973.15,0.1,19.52849,0.9,0.1,0.03333333,0.3666667,0.6,0.0,0.0,0.0,32772.57,212254.3,0.0,-4999.5,nan,0.0,nan
h2o_co2_hybrid_mrk,X(CO2)=0.100000,15000.0,973.15,0.1,19.18587,0.9,0.1,0.03333333,0.3666667,0.6,0.0,0.0,0.0,41287.51,330016.3,0.0,-4999.5,nan,0.0,nan
h2o_co2_hybrid_mrk,X(CO2)=0.100000,16000.0,973.15,0.1,18.87341,0.9,0.1,0.03333333,0.3666667,0.6,0.0,0.0,0.0,51877.24,510687.4,0.0,-4999.5,nan,0.0,nan
h2o_co2_hybrid_mrk,X(CO2)=0.100000,17000.0,973.15,0.1,18.58653,0.9,0.1,0.03333333,0.3666667,0.6,0.0,0.0,0.0,65028.93,786970.8,0.0,-4999.5,nan,0.0,nan
h2o_co2_hybrid_mrk,X(CO2)=0.100000,18000.0,973.15,0.1,18.32158,0.9,0.1,0.03333333,0.3666667,0.6,0.0,0.0,0.0,81341.2,1208226.0,0.0,-4999.5,nan,0.0,nan
h2o_co2_hybrid_mrk,X(CO2)=0.100000,19000.0,973.15,0.1,18.07564,0.9,0.1,0.03333333,0.3666667,0.6,0.0,0.0,0.0,101549.1,1848817.0,0.0,-4999.5,nan,0.0,nan
h2o_co2_hybrid_mrk,X(CO2)=0.100000,20000.0,973.15,0.1,17.8463,0.9,0.1,0.03333333,0.3666667,0.6,0.0,0.0,0.0,126554.7,2820595.0,0.0,-4999.5,nan,0.0,nan
h2o_co2_hybrid_mrk,X(CO2)=0.100000,1000.0,1023.15,0.1,74.7274,0.9,0.1,0.03333333,0.3666667,0.6,0.0,0.0,0.0,711.1739,114.3252,0.0,-4999.5,nan,0.0,nan
h2o_co2_hybrid_mrk,X(CO2)=0.100000,2000.0,1023.15,0.1,42.79623,0.9,0.1,0.03333333,0.3666667,0.6,0.0,0.0,0.0,1276.92,315.6602,0.0,-4999.5,nan,0.0,nan
h2o_co2_hybrid_mrk,X(CO2)=0.100000,3000.0,1023.15,0.1,33.98643,0.9,0.1,0.03333333,0.3666667,0.6,0.0,0.0,0.0,1905.443,669.7728,0.0,-4999.5,nan,0.0,nan
h2o_co2_hybrid_mrk,X(CO2)=0.100000,4000.0,1023.15,0.1,29.7974,0.9,0.1,0.03333333,0.3666667,0.6,0.0,0.0,0.0,2671.175,1268.989,0.0,-4999.5,nan,0.0,nan
h2o_co2_hybrid_mrk,X(CO2)=0.100000,5000.0,1023.15,0.1,27.28274,0.9,0.1,0.03333333,0.3666667,0.6,0.0,0.0,0.0,3624.483,2258.52,0.0,-4999.5,nan,0.0,nan
h2o_co2_hybrid_mrk,X(CO2)=0.100000,6000.0,1023.15,0.1,25.56294,0.9,0.1,0.03333333,0.3666667,0.6,0.0,0.0,0.0,4817.758,3862.613,0.0,-4999.5,nan,0.0,nan
h2o_co2_hybrid_mrk,X(CO2)=0.100000,7000.0,1023.15,0.1,24.28735,0.9,0.1,0.03333333,0.3666667,0.6,0.0,0.0,0.0,6312.155,6425.228,0.0,-4999.5,nan,0.0,nan
h2o_co2_hybrid_mrk,X(CO2)=0.100000,8000.0,1023.15,0.1,23.28835,0.9,0.1,0.03333333,0.3666667,0.6,0.0,0.0,0.0,8181.366,10471.14,0.0,-4999.5,nan,0.0,nan
h2o_co2_hybrid_mrk,X(CO2)=0.100000,9000.0,1023.15,0.1,22.47519,0.9,0.1,0.03333333,0.3666667,0.6,0.0,0.0,0.0,10515.09,16797.28,0.0,-4999.5,nan,0.0,nan
h2o_co2_hybrid_mrk,X(CO2)=0.100000,10000.0,1023.15,0.1,21.79412,0.9,0.1,0.03333333,0.3666667,0.6,0.0,0.0,0.0,13422.84,26608.86,0.0,-4999.5,nan,0.0,nan
h2o_co2_hybrid_mrk,X(CO2)=0.100000,11000.0,1023.15,0.1,21.21101,0.9,0.1,0.03333333,0.3666667,0.6,0.0,0.0,0.0,17038.47,41721.89,0.0,-4999.5,nan,0.0,nan
h2o_co2_hybrid_mrk,X(CO2)=0.100000,12000.0,1023.15,0.1,20.70306,0.9,0.1,0.03333333,0.3666667,0.6,0.0,0.0,0.0,21525.54,64863.67,0.0,-4999.5,nan,0.0,nan
h2o_co2_hybrid_mrk,X(CO2)=0.100000,13000.0,1023.15,0.1,20.25434,0.9,0.1,0.03333333,0.3666667,0.6,0.0,0.0,0.0,27083.85,100118.1,0.0,-4999.5,nan,0.0,nan
h2o_co2_hybrid_mrk,X(CO2)=0.100000,14000.0,1023.15,0.1,19.85335,0.9,0.1,0.03333333,0.3666667,0.6,0.0,0.0,0.0,33957.27,153584.0,0.0,-4999.5,nan,0.0,nan
h2o_co2_hybrid_mrk,X(CO2)=0.100000,15000.0,1023.15,0.1,19.49155,0.9,0.1,0.03333333,0.3666667,0.6,0.0,0.0,0.0,42443.33,234347.3,0.0,-4999.5,nan,0.0,nan
h2o_co2_hybrid_mrk,X(CO2)=0.100000,16000.0,1023.15,0.1,19.16243,0.9,0.1,0.03333333,0.3666667,0.6,0.0,0.0,0.0,52904.72,355914.0,0.0,-4999.5,nan,0.0,nan
h2o_co2_hybrid_mrk,X(CO2)=0.100000,17000.0,1023.15,0.1,18.86093,0.9,0.1,0.03333333,0.3666667,0.6,0.0,0.0,0.0,65783.31,538320.1,0.0,-4999.5,nan,0.0,nan
h2o_co2_hybrid_mrk,X(CO2)=0.100000,18000.0,1023.15,0.1,18.58305,0.9,0.1,0.03333333,0.3666667,0.6,0.0,0.0,0.0,81617.08,811232.9,0.0,-4999.5,nan,0.0,nan
h2o_co2_hybrid_mrk,X(CO2)=0.100000,19000.0,1023.15,0.1,18.32558,0.9,0.1,0.03333333,0.3666667,0.6,0.0,0.0,0.0,101060.6,1218506.0,0.0,-4999.5,nan,0.0,nan
h2o_co2_hybrid_mrk,X(CO2)=0.100000,20000.0,1023.15,0.1,18.08589,0.9,0.1,0.03333333,0.3666667,0.6,0.0,0.0,0.0,124910.0,1824860.0,0.0,-4999.5,nan,0.0,nan
h2o_co2_hybrid_mrk,X(CO2)=0.100000,1000.0,1073.15,0.1,81.14234,0.9,0.1,0.03333333,0.3666667,0.6,0.0,0.0,0.0,747.2767,111.9832,0.0,-4999.5,nan,0.0,nan
h2o_co2_hybrid_mrk,X(CO2)=0.100000,2000.0,1073.15,0.1,45.73939,0.9,0.1,0.03333333,0.3666667,0.6,0.0,0.0,0.0,1376.518,297.4136,0.0,-4999.5,nan,0.0,nan
h2o_co2_hybrid_mrk,X(CO2)=0.100000,3000.0,1073.15,0.1,35.80353,0.9,0.1,0.03333333,0.3666667,0.6,0.0,0.0,0.0,2070.311,614.6266,0.0,-4999.5,nan,0.0,nan
h2o_co2_hybrid_mrk,X(CO2)=0.100000,4000.0,1073.15,0.1,31.07258,0.9,0.1,0.03333333,0.3666667,0.6,0.0,0.0,0.0,2905.627,1139.308,0.0,-4999.5,nan,0.0,nan
h2o_co2_hybrid_mrk,X(CO2)=0.100000,5000.0,1073.15,0.1,28.25572,0.9,0.1,0.03333333,0.3666667,0.6,0.0,0.0,0.0,3934.997,1987.353,0.0,-4999.5,nan,0.0,nan
h2o_co2_hybrid_mrk,X(CO2)=0.100000,6000.0,1073.15,0.1,26.34908,0.9,0.1,0.03333333,0.3666667,0.6,0.0,0.0,0.0,5211.624,3334.239,0.0,-4999.5,nan,0.0,nan
h2o_co2_hybrid_mrk,X(CO2)=0.100000,7000.0,1073.15,0.1,24.94838,0.9,0.1,0.03333333,0.3666667,0.6,0.0,0.0,0.0,6796.507,5443.92,0.0,-4999.5,nan,0.0,nan
h2o_co2_hybrid_mrk,X(CO2)=0.100000,8000.0,1073.15,0.1,23.86036,0.9,0.1,0.03333333,0.3666667,0.6,0.0,0.0,0.0,8762.226,8711.475,0.0,-4999.5,nan,0.0,nan
h2o_co2_hybrid_mrk,X(CO2)=0.100000,9000.0,1073.15,0.1,22.98085,0.9,0.1,0.03333333,0.3666667,0.6,0.0,0.0,0.0,11196.2,13725.66,0.0,-4999.5,nan,0.0,nan
h2o_co2_hybrid_mrk,X(CO2)=0.100000,10000.0,1073.15,0.1,22.24848,0.9,0.1,0.03333333,0.3666667,0.6,0.0,0.0,0.0,14204.18,21360.51,0.0,-4999.5,nan,0.0,nan
h2o_co2_hybrid_mrk,X(CO2)=0.100000,11000.0,1073.15,0.1,21.62454,0.9,0.1,0.03333333,0.3666667,0.6,0.0,0.0,0.0,17914.23,32909.02,0.0,-4999.5,nan,0.0,nan
h2o_co2_hybrid_mrk,X(CO2)=0.100000,12000.0,1073.15,0.1,21.08331,0.9,0.1,0.03333333,0.3666667,0.6,0.0,0.0,0.0,22481.49,50278.15,0.0,-4999.5,nan,0.0,nan
h2o_co2_hybrid_mrk,X(CO2)=0.100000,13000.0,1073.15,0.1,20.60695,0.9,0.1,0.03333333,0.3666667,0.6,0.0,0.0,0.0,28093.84,76272.47,0.0,-4999.5,nan,0.0,nan
h2o_co2_hybrid_mrk,X(CO2)=0.100000,14000.0,1073.15,0.1,20.18262,0.9,0.1,0.03333333,0.3666667,0.6,0.0,0.0,0.0,34978.68,115006.3,0.0,-4999.5,nan,0.0,nan
h2o_co2_hybrid_mrk,X(CO2)=0.100000,15000.0,1073.15,0.1,19.80084,0.9,0.1,0.03333333,0.3666667,0.6,0.0,0.0,0.0,43411.07,172501.3,0.0,-4999.5,nan,0.0,nan
h2o_co2_hybrid_mrk,X(CO2)=0.100000,16000.0,1073.15,0.1,19.45441,0.9,0.1,0.03333333,0.3666667,0.6,0.0,0.0,0.0,53723.54,257552.7,0.0,-4999.5,nan,0.0,nan
h2o_co2_hybrid_mrk,X(CO2)=0.100000,17000.0,1073.15,0.1,19.13777,0.9,0.1,0.03333333,0.3666667,0.6,0.0,0.0,0.0,66317.81,382981.5,0.0,-4999.5,nan,0.0,nan
h2o_co2_hybrid_mrk,X(CO2)=0.100000,18000.0,1073.15,0.1,18.84651,0.9,0.1,0.03333333,0.3666667,0.6,0.0,0.0,0.0,81678.93,567444.1,0.0,-4999.5,nan,0.0,nan
h2o_co2_hybrid_mrk,X(CO2)=0.100000,19000.0,1073.15,0.1,18.57714,0.9,0.1,0.03333333,0.3666667,0.6,0.0,0.0,0.0,100392.2,838044.3,0.0,-4999.5,nan,0.0,nan
h2o_co2_hybrid_mrk,X(CO2)=0.100000,20000.0,1073.15,0.1,18.32678,0.9,0.1,0.03333333,0.3666667,0.6,0.0,0.0,0.0,123163.3,1234098.0,0.0,-4999.5,nan,0.0,nan
h2o_co2_hybrid_mrk,X(CO2)=0.100000,1000.0,1123.15,0.1,87.30377,0.9,0.1,0.03333333,0.3666667,0.6,0.0,0.0,0.0,778.0568,110.4277,0.0,-4999.5,nan,0.0,nan
h2o_co2_hybrid_mrk,X(CO2)=0.100000,2000.0,1123.15,0.1,48.6872,0.9,0.1,0.03333333,0.3666667,0.6,0.0,0.0,0.0,1465.454,283.9282,0.0,-4999.5,nan,0.0,nan
h2o_co2_hybrid_mrk,X(CO2)=0.100000,3000.0,1123.15,0.1,37.66896,0.9,0.1,0.03333333,0.3666667,0.6,0.0,0.0,0.0,2221.272,572.392,0.0,-4999.5,nan,0.0,nan
h2o_co2_hybrid_mrk,X(CO2)=0.100000,4000.0,1123.15,0.1,32.39745,0.9,0.1,0.03333333,0.3666667,0.6,0.0,0.0,0.0,3122.462,1039.294,0.0,-4999.5,nan,0.0,nan
h2o_co2_hybrid_mrk,X(CO2)=0.100000,5000.0,1123.15,0.1,29.26847,0.9,0.1,0.03333333,0.3666667,0.6,0.0,0.0,0.0,4222.926,1779.025,0.0,-4999.5,nan,0.0,nan
h2o_co2_hybrid_mrk,X(CO2)=0.100000,6000.0,1123.15,0.1,27.1655,0.9,0.1,0.03333333,0.3666667,0.6,0.0,0.0,0.0,5576.266,2931.828,0.0,-4999.5,nan,0.0,nan
h2o_co2_hybrid_mrk,X(CO2)=0.100000,7000.0,1123.15,0.1,25.63248,0.9,0.1,0.03333333,0.3666667,0.6,0.0,0.0,0.0,7242.986,4704.917,0.0,-4999.5,nan,0.0,nan
h2o_co2_hybrid_mrk,X(CO2)=0.100000,8000.0,1123.15,0.1,24.4502,0.9,0.1,0.03333333,0.3666667,0.6,0.0,0.0,0.0,9294.247,7403.037,0.0,-4999.5,nan,0.0,nan
h2o_co2_hybrid_mrk,X(CO2)=0.100000,9000.0,1123.15,0.1,23.5005,0.9,0.1,0.03333333,0.3666667,0.6,0.0,0.0,0.0,11814.93,11472.57,0.0,-4999.5,nan,0.0,nan
h2o_co2_hybrid_mrk,X(CO2)=0.100000,10000.0,1123.15,0.1,22.71398,0.9,0.1,0.03333333,0.3666667,0.6,0.0,0.0,0.0,14906.8,17564.98,0.0,-4999.5,nan,0.0,nan
h2o_co2_hybrid_mrk,X(CO2)=0.100000,11000.0,1123.15,0.1,22.04706,0.9,0.1,0.03333333,0.3666667,0.6,0.0,0.0,0.0,18692.1,26628.0,0.0,-4999.5,nan,0.0,nan
h2o_co2_hybrid_mrk,X(CO2)=0.100000,12000.0,1123.15,0.1,21.47091,0.9,0.1,0.03333333,0.3666667,0.6,0.0,0.0,0.0,23317.72,40036.34,0.0,-4999.5,nan,0.0,nan
h2o_co2_hybrid_mrk,X(CO2)=0.100000,13000.0,1123.15,0.1,20.96561,0.9,0.1,0.03333333,0.3666667,0.6,0.0,0.0,0.0,28960.16,59778.78,0.0,-4999.5,nan,0.0,nan
h2o_co2_hybrid_mrk,X(CO2)=0.100000,14000.0,1123.15,0.1,20.51691,0.9,0.1,0.03333333,0.3666667,0.6,0.0,0.0,0.0,35831.35,88725.63,0.0,-4999.5,nan,0.0,nan
h2o_co2_hybrid_mrk,X(CO2)=0.100000,15000.0,1123.15,0.1,20.11431,0.9,0.1,0.03333333,0.3666667,0.6,0.0,0.0,0.0,44185.7,131010.5,0.0,-4999.5,nan,0.0,nan
h2o_co2_hybrid_mrk,X(CO2)=0.100000,16000.0,1123.15,0.1,19.7499,0.9,0.1,0.03333333,0.3666667,0.6,0.0,0.0,0.0,54328.39,192574.2,0.0,-4999.5,nan,0.0,nan
h2o_co2_hybrid_mrk,X(CO2)=0.100000,17000.0,1123.15,0.1,19.41754,0.9,0.1,0.03333333,0.3666667,0.6,0.0,0.0,0.0,66625.31,281939.7,0.0,-4999.5,nan,0.0,nan
h2o_co2_hybrid_mrk,X(CO2)=0.100000,18000.0,1123.15,0.1,19.11245,0.9,0.1,0.03333333,0.3666667,0.6,0.0,0.0,0.0,81514.82,411313.1,0.0,-4999.5,nan,0.0,nan
h2o_co2_hybrid_mrk,X(CO2)=0.100000,19000.0,1123.15,0.1,18.83077,0.9,0.1,0.03333333,0.3666667,0.6,0.0,0.0,0.0,99521.91,598148.7,0.0,-4999.5,nan,0.0,nan
h2o_co2_hybrid_mrk,X(CO2)=0.100000,20000.0,1123.15,0.1,18.56942,0.9,0.1,0.03333333,0.3666667,0.6,0.0,0.0,0.0,121274.9,867368.7,0.0,-4999.5,nan,0.0,nan
h2o_co2_hybrid_mrk,X(CO2)=0.100000,1000.0,1173.15,0.1,93.22312,0.9,0.1,0.03333333,0.3666667,0.6,0.0,0.0,0.0,804.2603,109.3715,0.0,-4999.5,nan,0.0,nan
h2o_co2_hybrid_mrk,X(CO2)=0.100000,2000.0,1173.15,0.1,51.61842,0.9,0.1,0.03333333,0.3666667,0.6,0.0,0.0,0.0,1543.944,273.8262,0.0,-4999.5,nan,0.0,nan
h2o_co2_hybrid_mrk,X(CO2)=0.100000,3000.0,1173.15,0.1,39.56218,0.9,0.1,0.03333333,0.3666667,0.6,0.0,0.0,0.0,2357.481,539.6276,0.0,-4999.5,nan,0.0,nan
h2o_co2_hybrid_mrk,X(CO2)=0.100000,4000.0,1173.15,0.1,33.7615,0.9,0.1,0.03333333,0.3666667,0.6,0.0,0.0,0.0,3319.933,961.027,0.0,-4999.5,nan,0.0,nan
h2o_co2_hybrid_mrk,X(CO2)=0.100000,5000.0,1173.15,0.1,30.3168,0.9,0.1,0.03333333,0.3666667,0.6,0.0,0.0,0.0,4485.74,1616.313,0.0,-4999.5,nan,0.0,nan
h2o_co2_hybrid_mrk,X(CO2)=0.100000,6000.0,1173.15,0.1,28.01083,0.9,0.1,0.03333333,0.3666667,0.6,0.0,0.0,0.0,5908.473,2619.705,0.0,-4999.5,nan,0.0,nan
h2o_co2_hybrid_mrk,X(CO2)=0.100000,7000.0,1173.15,0.1,26.33947,0.9,0.1,0.03333333,0.3666667,0.6,0.0,0.0,0.0,7647.819,4137.176,0.0,-4999.5,nan,0.0,nan
h2o_co2_hybrid_mrk,X(CO2)=0.100000,8000.0,1173.15,0.1,25.05817,0.9,0.1,0.03333333,0.3666667,0.6,0.0,0.0,0.0,9773.237,6408.908,0.0,-4999.5,nan,0.0,nan
h2o_co2_hybrid_mrk,X(CO2)=0.100000,9000.0,1173.15,0.1,24.03465,0.9,0.1,0.03333333,0.3666667,0.6,0.0,0.0,0.0,12366.84,9781.172,0.0,-4999.5,nan,0.0,nan
h2o_co2_hybrid_mrk,X(CO2)=0.100000,10000.0,1173.15,0.1,23.19121,0.9,0.1,0.03333333,0.3666667,0.6,0.0,0.0,0.0,15526.27,14751.5,0.0,-4999.5,nan,0.0,nan
h2o_co2_hybrid_mrk,X(CO2)=0.100000,11000.0,1173.15,0.1,22.47918,0.9,0.1,0.03333333,0.3666667,0.6,0.0,0.0,0.0,19367.94,22032.6,0.0,-4999.5,nan,0.0,nan
h2o_co2_hybrid_mrk,X(CO2)=0.100000,12000.0,1173.15,0.1,21.86643,0.9,0.1,0.03333333,0.3666667,0.6,0.0,0.0,0.0,24030.67,32642.61,0.0,-4999.5,nan,0.0,nan
h2o_co2_hybrid_mrk,X(CO2)=0.100000,13000.0,1173.15,0.1,21.33087,0.9,0.1,0.03333333,0.3666667,0.6,0.0,0.0,0.0,29680.06,48032.39,0.0,-4999.5,nan,0.0,nan
h2o_co2_hybrid_mrk,X(CO2)=0.100000,14000.0,1173.15,0.1,20.85674,0.9,0.1,0.03333333,0.3666667,0.6,0.0,0.0,0.0,36513.54,70264.77,0.0,-4999.5,nan,0.0,nan
h2o_co2_hybrid_mrk,X(CO2)=0.100000,15000.0,1173.15,0.1,20.43247,0.9,0.1,0.03333333,0.3666667,0.6,0.0,0.0,0.0,44766.42,102266.6,0.0,-4999.5,nan,0.0,nan
h2o_co2_hybrid_mrk,X(CO2)=0.100000,16000.0,1173.15,0.1,20.04936,0.9,0.1,0.03333333,0.3666667,0.6,0.0,0.0,0.0,54718.97,148182.7,0.0,-4999.5,nan,0.0,nan
h2o_co2_hybrid_mrk,X(CO2)=0.100000,17000.0,1173.15,0.1,19.70071,0.9,0.1,0.03333333,0.3666667,0.6,0.0,0.0,0.0,66704.86,213872.8,0.0,-4999.5,nan,0.0,nan
h2o_co2_hybrid_mrk,X(CO2)=0.100000,18000.0,1173.15,0.1,19.38129,0.9,0.1,0.03333333,0.3666667,0.6,0.0,0.0,0.0,81121.07,307607.1,0.0,-4999.5,nan,0.0,nan
h2o_co2_hybrid_mrk,X(CO2)=0.100000,19000.0,1173.15,0.1,19.0869,0.9,0.1,0.03333333,0.3666667,0.6,0.0,0.0,0.0,98439.67,441041.1,0.0,-4999.5,nan,0.0,nan
h2o_co2_hybrid_mrk,X(CO2)=0.100000,20000.0,1173.15,0.1,18.8142,0.9,0.1,0.03333333,0.3666667,0.6,0.0,0.0,0.0,119221.7,630578.1,0.0,-4999.5,nan,0.0,nan
h2o_co2_hybrid_mrk,X(CO2)=0.100000,1000.0,1223.15,0.1,98.92656,0.9,0.1,0.03333333,0.3666667,0.6,0.0,0.0,0.0,826.5221,108.6441,0.0,-4999.5,nan,0.0,nan
h2o_co2_hybrid_mrk,X(CO2)=0.100000,2000.0,1223.15,0.1,54.51949,0.9,0.1,0.03333333,0.3666667,0.6,0.0,0.0,0.0,1612.515,266.1624,0.0,-4999.5,nan,0.0,nan
h2o_co2_hybrid_mrk,X(CO2)=0.100000,3000.0,1223.15,0.1,41.46705,0.9,0.1,0.03333333,0.3666667,0.6,0.0,0.0,0.0,2478.725,513.92,0.0,-4999.5,nan,0.0,nan
h2o_co2_hybrid_mrk,X(CO2)=0.100000,4000.0,1223.15,0.1,35.1539,0.9,0.1,0.03333333,0.3666667,0.6,0.0,0.0,0.0,3497.124,899.0065,0.0,-4999.5,nan,0.0,nan
h2o_co2_hybrid_mrk,X(CO2)=0.100000,5000.0,1223.15,0.1,31.39535,0.9,0.1,0.03333333,0.3666667,0.6,0.0,0.0,0.0,4721.927,1487.431,0.0,-4999.5,nan,0.0,nan
h2o_co2_hybrid_mrk,X(CO2)=0.100000,6000.0,1223.15,0.1,28.88279,0.9,0.1,0.03333333,0.3666667,0.6,0.0,0.0,0.0,6206.246,2373.803,0.0,-4999.5,nan,0.0,nan
h2o_co2_hybrid_mrk,X(CO2)=0.100000,7000.0,1223.15,0.1,27.06857,0.9,0.1,0.03333333,0.3666667,0.6,0.0,0.0,0.0,8008.647,3693.481,0.0,-4999.5,nan,0.0,nan
h2o_co2_hybrid_mrk,X(CO2)=0.100000,8000.0,1223.15,0.1,25.6842,0.9,0.1,0.03333333,0.3666667,0.6,0.0,0.0,0.0,10196.64,5639.434,0.0,-4999.5,nan,0.0,nan
h2o_co2_hybrid_mrk,X(CO2)=0.100000,9000.0,1223.15,0.1,24.58355,0.9,0.1,0.03333333,0.3666667,0.6,0.0,0.0,0.0,12849.39,8485.825,0.0,-4999.5,nan,0.0,nan
h2o_co2_hybrid_mrk,X(CO2)=0.100000,10000.0,1223.15,0.1,23.68057,0.9,0.1,0.03333333,0.3666667,0.6,0.0,0.0,0.0,16060.31,12620.95,0.0,-4999.5,nan,0.0,nan
h2o_co2_hybrid_mrk,X(CO2)=0.100000,11000.0,1223.15,0.1,22.92134,0.9,0.1,0.03333333,0.3666667,0.6,0.0,0.0,0.0,19939.99,18593.17,0.0,-4999.5,nan,0.0,nan
h2o_co2_hybrid_mrk,X(CO2)=0.100000,12000.0,1223.15,0.1,22.27036,0.9,0.1,0.03333333,0.3666667,0.6,0.0,0.0,0.0,24619.4,27174.95,0.0,-4999.5,nan,0.0,nan
h2o_co2_hybrid_mrk,X(CO2)=0.100000,13000.0,1223.15,0.1,21.70322,0.9,0.1,0.03333333,0.3666667,0.6,0.0,0.0,0.0,30253.71,39451.8,0.0,-4999.5,nan,0.0,nan
h2o_co2_hybrid_mrk,X(CO2)=0.100000,14000.0,1223.15,0.1,21.20259,0.9,0.1,0.03333333,0.3666667,0.6,0.0,0.0,0.0,37026.73,56945.99,0.0,-4999.5,nan,0.0,nan
h2o_co2_hybrid_mrk,X(CO2)=0.100000,15000.0,1223.15,0.1,20.75577,0.9,0.1,0.03333333,0.3666667,0.6,0.0,0.0,0.0,45156.05,81787.97,0.0,-4999.5,nan,0.0,nan
h2o_co2_hybrid_mrk,X(CO2)=0.100000,16000.0,1223.15,0.1,20.35324,0.9,0.1,0.03333333,0.3666667,0.6,0.0,0.0,0.0,54899.17,116954.1,0.0,-4999.5,nan,0.0,nan
h2o_co2_hybrid_mrk,X(CO2)=0.100000,17000.0,1223.15,0.1,19.98769,0.9,0.1,0.03333333,0.3666667,0.6,0.0,0.0,0.0,66560.64,166595.4,0.0,-4999.5,nan,0.0,nan
h2o_co2_hybrid_mrk,X(CO2)=0.100000,18000.0,1223.15,0.1,19.65342,0.9,0.1,0.03333333,0.3666667,0.6,0.0,0.0,0.0,80500.5,236492.8,0.0,-4999.5,nan,0.0,nan
h2o_co2_hybrid_mrk,X(CO2)=0.100000,19000.0,1223.15,0.1,19.3459,0.9,0.1,0.03333333,0.3666667,0.6,0.0,0.0,0.0,97144.1,334684.6,0.0,-4999.5,nan,0.0,nan
h2o_co2_hybrid_mrk,X(CO2)=0.100000,20000.0,1223.15,0.1,19.06147,0.9,0.1,0.03333333,0.3666667,0.6,0.0,0.0,0.0,116993.7,472334.2,0.0,-4999.5,nan,0.0,nan
h2o_co2_hybrid_mrk,X(CO2)=0.100000,1000.0,1273.15,0.1,104.4436,0.9,0.1,0.03333333,0.3666667,0.6,0.0,0.0,0.0,845.381,108.1409,0.0,-4999.5,nan,0.0,nan
h2o_co2_hybrid_mrk,X(CO2)=0.100000,2000.0,1273.15,0.1,57.38205,0.9,0.1,0.03333333,0.3666667,0.6,0.0,0.0,0.0,1671.861,260.2835,0.0,-4999.5,nan,0.0,nan
h2o_co2_hybrid_mrk,X(CO2)=0.100000,3000.0,1273.15,0.1,43.37187,0.9,0.1,0.03333333,0.3666667,0.6,0.0,0.0,0.0,2585.264,493.5495,0.0,-4999.5,nan,0.0,nan
h2o_co2_hybrid_mrk,X(CO2)=0.100000,4000.0,1273.15,0.1,36.56471,0.9,0.1,0.03333333,0.3666667,0.6,0.0,0.0,0.0,3653.811,849.3321,0.0,-4999.5,nan,0.0,nan
h2o_co2_hybrid_mrk,X(CO2)=0.100000,5000.0,1273.15,0.1,32.49815,0.9,0.1,0.03333333,0.3666667,0.6,0.0,0.0,0.0,4930.851,1384.114,0.0,-4999.5,nan,0.0,nan
h2o_co2_hybrid_mrk,X(CO2)=0.100000,6000.0,1273.15,0.1,29.77835,0.9,0.1,0.03333333,0.3666667,0.6,0.0,0.0,0.0,6468.648,2177.47,0.0,-4999.5,nan,0.0,nan
h2o_co2_hybrid_mrk,X(CO2)=0.100000,7000.0,1273.15,0.1,27.8184,0.9,0.1,0.03333333,0.3666667,0.6,0.0,0.0,0.0,8324.369,3341.596,0.0,-4999.5,nan,0.0,nan
h2o_co2_hybrid_mrk,X(CO2)=0.100000,8000.0,1273.15,0.1,26.32778,0.9,0.1,0.03333333,0.3666667,0.6,0.0,0.0,0.0,10563.37,5034.235,0.0,-4999.5,nan,0.0,nan
h2o_co2_hybrid_mrk,X(CO2)=0.100000,9000.0,1273.15,0.1,25.14715,0.9,0.1,0.03333333,0.3666667,0.6,0.0,0.0,0.0,13261.7,7476.486,0.0,-4999.5,nan,0.0,nan
h2o_co2_hybrid_mrk,X(CO2)=0.100000,10000.0,1273.15,0.1,24.18224,0.9,0.1,0.03333333,0.3666667,0.6,0.0,0.0,0.0,16508.5,10977.35,0.0,-4999.5,nan,0.0,nan
h2o_co2_hybrid_mrk,X(CO2)=0.100000,11000.0,1273.15,0.1,23.37386,0.9,0.1,0.03333333,0.3666667,0.6,0.0,0.0,0.0,20408.58,15967.51,0.0,-4999.5,nan,0.0,nan
h2o_co2_hybrid_mrk,X(CO2)=0.100000,12000.0,1273.15,0.1,22.68304,0.9,0.1,0.03333333,0.3666667,0.6,0.0,0.0,0.0,25085.28,23045.84,0.0,-4999.5,nan,0.0,nan
h2o_co2_hybrid_mrk,X(CO2)=0.100000,13000.0,1273.15,0.1,22.08302,0.9,0.1,0.03333333,0.3666667,0.6,0.0,0.0,0.0,30683.82,33043.16,0.0,-4999.5,nan,0.0,nan
h2o_co2_hybrid_mrk,X(CO2)=0.100000,14000.0,1273.15,0.1,21.55482,0.9,0.1,0.03333333,0.3666667,0.6,0.0,0.0,0.0,37375.16,47109.79,0.0,-4999.5,nan,0.0,nan
h2o_co2_hybrid_mrk,X(CO2)=0.100000,15000.0,1273.15,0.1,21.08457,0.9,0.1,0.03333333,0.3666667,0.6,0.0,0.0,0.0,45360.46,66835.45,0.0,-4999.5,nan,0.0,nan
h2o_co2_hybrid_mrk,X(CO2)=0.100000,16000.0,1273.15,0.1,20.66189,0.9,0.1,0.03333333,0.3666667,0.6,0.0,0.0,0.0,54876.33,94413.26,0.0,-4999.5,nan,0.0,nan
h2o_co2_hybrid_mrk,X(CO2)=0.100000,17000.0,1273.15,0.1,20.27883,0.9,0.1,0.03333333,0.3666667,0.6,0.0,0.0,0.0,66200.92,132864.1,0.0,-4999.5,nan,0.0,nan
h2o_co2_hybrid_mrk,X(CO2)=0.100000,18000.0,1273.15,0.1,19.92919,0.9,0.1,0.03333333,0.3666667,0.6,0.0,0.0,0.0,79661.09,186342.7,0.0,-4999.5,nan,0.0,nan
h2o_co2_hybrid_mrk,X(CO2)=0.100000,19000.0,1273.15,0.1,19.60809,0.9,0.1,0.03333333,0.3666667,0.6,0.0,0.0,0.0,95640.71,260555.9,0.0,-4999.5,nan,0.0,nan
h2o_co2_hybrid_mrk,X(CO2)=0.100000,20000.0,1273.15,0.1,19.31156,0.9,0.1,0.03333333,0.3666667,0.6,0.0,0.0,0.0,114590.4,363331.6,0.0,-4999.5,nan,0.0,nan
h2o_co2_hybrid_mrk,X(CO2)=0.100000,1000.0,1323.15,0.1,109.8023,0.9,0.1,0.03333333,0.3666667,0.6,0.0,0.0,0.0,861.2947,107.7958,0.0,-4999.5,nan,0.0,nan
h2o_co2_hybrid_mrk,X(CO2)=0.100000,2000.0,1323.15,0.1,60.20161,0.9,0.1,0.03333333,0.3666667,0.6,0.0,0.0,0.0,1722.75,255.7342,0.0,-4999.5,nan,0.0,nan
h2o_co2_hybrid_mrk,X(CO2)=0.100000,3000.0,1323.15,0.1,45.26864,0.9,0.1,0.03333333,0.3666667,0.6,0.0,0.0,0.0,2677.685,477.2734,0.0,-4999.5,nan,0.0,nan
h2o_co2_hybrid_mrk,X(CO2)=0.100000,4000.0,1323.15,0.1,37.98555,0.9,0.1,0.03333333,0.3666667,0.6,0.0,0.0,0.0,3790.305,809.1861,0.0,-4999.5,nan,0.0,nan
h2o_co2_hybrid_mrk,X(CO2)=0.100000,5000.0,1323.15,0.1,33.61923,0.9,0.1,0.03333333,0.3666667,0.6,0.0,0.0,0.0,5112.597,1300.446,0.0,-4999.5,nan,0.0,nan
h2o_co2_hybrid_mrk,X(CO2)=0.100000,6000.0,1323.15,0.1,30.69398,0.9,0.1,0.03333333,0.3666667,0.6,0.0,0.0,0.0,6695.639,2018.919,0.0,-4999.5,nan,0.0,nan
h2o_co2_hybrid_mrk,X(CO2)=0.100000,7000.0,1323.15,0.1,28.58709,0.9,0.1,0.03333333,0.3666667,0.6,0.0,0.0,0.0,8594.957,3058.981,0.0,-4999.5,nan,0.0,nan
h2o_co2_hybrid_mrk,X(CO2)=0.100000,8000.0,1323.15,0.1,26.98805,0.9,0.1,0.03333333,0.3666667,0.6,0.0,0.0,0.0,10873.58,4551.617,0.0,-4999.5,nan,0.0,nan
h2o_co2_hybrid_mrk,X(CO2)=0.100000,9000.0,1323.15,0.1,25.72514,0.9,0.1,0.03333333,0.3666667,0.6,0.0,0.0,0.0,13604.33,6678.125,0.0,-4999.5,nan,0.0,nan
h2o_co2_hybrid_mrk,X(CO2)=0.100000,10000.0,1323.15,0.1,24.6962,0.9,0.1,0.03333333,0.3666667,0.6,0.0,0.0,0.0,16872.04,9688.774,0.0,-4999.5,nan,0.0,nan
h2o_co2_hybrid_mrk,X(CO2)=0.100000,11000.0,1323.15,0.1,23.83689,0.9,0.1,0.03333333,0.3666667,0.6,0.0,0.0,0.0,20775.82,13928.18,0.0,-4999.5,nan,0.0,nan
h2o_co2_hybrid_mrk,X(CO2)=0.100000,12000.0,1323.15,0.1,23.10473,0.9,0.1,0.03333333,0.3666667,0.6,0.0,0.0,0.0,25431.63,19869.78,0.0,-4999.5,nan,0.0,nan
h2o_co2_hybrid_mrk,X(CO2)=0.100000,13000.0,1323.15,0.1,22.47058,0.9,0.1,0.03333333,0.3666667,0.6,0.0,0.0,0.0,30975.19,28162.64,0.0,-4999.5,nan,0.0,nan
h2o_co2_hybrid_mrk,X(CO2)=0.100000,14000.0,1323.15,0.1,21.91377,0.9,0.1,0.03333333,0.3666667,0.6,0.0,0.0,0.0,37565.37,39694.86,0.0,-4999.5,nan,0.0,nan
h2o_co2_hybrid_mrk,X(CO2)=0.100000,15000.0,1323.15,0.1,21.41922,0.9,0.1,0.03333333,0.3666667,0.6,0.0,0.0,0.0,45388.04,55679.48,0.0,-4999.5,nan,0.0,nan
h2o_co2_hybrid_mrk,X(CO2)=0.100000,16000.0,1323.15,0.1,20.97564,0.9,0.1,0.03333333,0.3666667,0.6,0.0,0.0,0.0,54660.58,77770.65,0.0,-4999.5,nan,0.0,nan
h2o_co2_hybrid_mrk,X(CO2)=0.100000,17000.0,1323.15,0.1,20.57444,0.9,0.1,0.03333333,0.3666667,0.6,0.0,0.0,0.0,65637.15,108220.6,0.0,-4999.5,nan,0.0,nan
h2o_co2_hybrid_mrk,X(CO2)=0.100000,18000.0,1323.15,0.1,20.20892,0.9,0.1,0.03333333,0.3666667,0.6,0.0,0.0,0.0,78614.73,150091.6,0.0,-4999.5,nan,0.0,nan
h2o_co2_hybrid_mrk,X(CO2)=0.100000,19000.0,1323.15,0.1,19.87377,0.9,0.1,0.03333333,0.3666667,0.6,0.0,0.0,0.0,93940.15,207541.8,0.0,-4999.5,nan,0.0,nan
h2o_co2_hybrid_mrk,X(CO2)=0.100000,20000.0,1323.15,0.1,19.56475,0.9,0.1,0.03333333,0.3666667,0.6,0.0,0.0,0.0,112018.3,286210.8,0.0,-4999.5,nan,0.0,nan
h2o_co2_hybrid_mrk,X(CO2)=0.100000,1000.0,1373.15,0.1,115.0274,0.9,0.1,0.03333333,0.3666667,0.6,0.0,0.0,0.0,874.6529,107.5659,0.0,-4999.5,nan,0.0,nan
h2o_co2_hybrid_mrk,X(CO2)=0.100000,2000.0,1373.15,0.1,62.97657,0.9,0.1,0.03333333,0.3666667,0.6,0.0,0.0,0.0,1765.959,252.1931,0.0,-4999.5,nan,0.0,nan
h2o_co2_hybrid_mrk,X(CO2)=0.100000,3000.0,1373.15,0.1,47.15215,0.9,0.1,0.03333333,0.3666667,0.6,0.0,0.0,0.0,2756.786,464.183,0.0,-4999.5,nan,0.0,nan
h2o_co2_hybrid_mrk,X(CO2)=0.100000,4000.0,1373.15,0.1,39.40984,0.9,0.1,0.03333333,0.3666667,0.6,0.0,0.0,0.0,3907.312,776.5,0.0,-4999.5,nan,0.0,nan
h2o_co2_hybrid_mrk,X(CO2)=0.100000,5000.0,1373.15,0.1,34.75306,0.9,0.1,0.03333333,0.3666667,0.6,0.0,0.0,0.0,5267.813,1232.113,0.0,-4999.5,nan,0.0,nan
h2o_co2_hybrid_mrk,X(CO2)=0.100000,6000.0,1373.15,0.1,31.62597,0.9,0.1,0.03333333,0.3666667,0.6,0.0,0.0,0.0,6887.901,1889.641,0.0,-4999.5,nan,0.0,nan
h2o_co2_hybrid_mrk,X(CO2)=0.100000,7000.0,1373.15,0.1,29.37245,0.9,0.1,0.03333333,0.3666667,0.6,0.0,0.0,0.0,8821.263,2829.543,0.0,-4999.5,nan,0.0,nan
h2o_co2_hybrid_mrk,X(CO2)=0.100000,8000.0,1373.15,0.1,27.66377,0.9,0.1,0.03333333,0.3666667,0.6,0.0,0.0,0.0,11128.45,4162.149,0.0,-4999.5,nan,0.0,nan
h2o_co2_hybrid_mrk,X(CO2)=0.100000,9000.0,1373.15,0.1,26.3169,0.9,0.1,0.03333333,0.3666667,0.6,0.0,0.0,0.0,13879.01,6038.391,0.0,-4999.5,nan,0.0,nan
h2o_co2_hybrid_mrk,X(CO2)=0.100000,10000.0,1373.15,0.1,25.22224,0.9,0.1,0.03333333,0.3666667,0.6,0.0,0.0,0.0,17153.45,8664.247,0.0,-4999.5,nan,0.0,nan
h2o_co2_hybrid_mrk,X(CO2)=0.100000,11000.0,1373.15,0.1,24.31042,0.9,0.1,0.03333333,0.3666667,0.6,0.0,0.0,0.0,21045.29,12320.16,0.0,-4999.5,nan,0.0,nan
h2o_co2_hybrid_mrk,X(CO2)=0.100000,12000.0,1373.15,0.1,23.53555,0.9,0.1,0.03333333,0.3666667,0.6,0.0,0.0,0.0,25663.36,17387.12,0.0,-4999.5,nan,0.0,nan
h2o_co2_hybrid_mrk,X(CO2)=0.100000,13000.0,1373.15,0.1,22.86609,0.9,0.1,0.03333333,0.3666667,0.6,0.0,0.0,0.0,31134.34,24381.73,0.0,-4999.5,nan,0.0,nan
h2o_co2_hybrid_mrk,X(CO2)=0.100000,14000.0,1373.15,0.1,22.27967,0.9,0.1,0.03333333,0.3666667,0.6,0.0,0.0,0.0,37605.69,34003.12,0.0,-4999.5,nan,0.0,nan
h2o_co2_hybrid_mrk,X(CO2)=0.100000,15000.0,1373.15,0.1,21.75995,0.9,0.1,0.03333333,0.3666667,0.6,0.0,0.0,0.0,45249.07,47195.89,0.0,-4999.5,nan,0.0,nan
h2o_co2_hybrid_mrk,X(CO2)=0.100000,16000.0,1373.15,0.1,21.29476,0.9,0.1,0.03333333,0.3666667,0.6,0.0,0.0,0.0,54264.17,65234.34,0.0,-4999.5,nan,0.0,nan
h2o_co2_hybrid_mrk,X(CO2)=0.100000,17000.0,1373.15,0.1,20.8748,0.9,0.1,0.03333333,0.3666667,0.6,0.0,0.0,0.0,64883.23,89834.94,0.0,-4999.5,nan,0.0,nan
h2o_co2_hybrid_mrk,X(CO2)=0.100000,18000.0,1373.15,0.1,20.49285,0.9,0.1,0.03333333,0.3666667,0.6,0.0,0.0,0.0,77376.22,123306.8,0.0,-4999.5,nan,0.0,nan
h2o_co2_hybrid_mrk,X(CO2)=0.100000,19000.0,1373.15,0.1,20.1432,0.9,0.1,0.03333333,0.3666667,0.6,0.0,0.0,0.0,92056.82,168752.1,0.0,-4999.5,nan,0.0,nan
h2o_co2_hybrid_mrk,X(CO2)=0.100000,20000.0,1373.15,0.1,19.82129,0.9,0.1,0.03333333,0.3666667,0.6,0.0,0.0,0.0,109289.3,230334.2,0.0,-4999.5,nan,0.0,nan
h2o_co2_hybrid_mrk,X(CO2)=0.100000,1000.0,1423.15,0.1,120.1401,0.9,0.1,0.03333333,0.3666667,0.6,0.0,0.0,0.0,885.7888,107.4225,0.0,-4999.5,nan,0.0,nan
h2o_co2_hybrid_mrk,X(CO2)=0.100000,2000.0,1423.15,0.1,65.70737,0.9,0.1,0.03333333,0.3666667,0.6,0.0,0.0,0.0,1802.242,249.4309,0.0,-4999.5,nan,0.0,nan
h2o_co2_hybrid_mrk,X(CO2)=0.100000,3000.0,1423.15,0.1,49.0192,0.9,0.1,0.03333333,0.3666667,0.6,0.0,0.0,0.0,2823.484,453.6059,0.0,-4999.5,nan,0.0,nan
h2o_co2_hybrid_mrk,X(CO2)=0.100000,4000.0,1423.15,0.1,40.83264,0.9,0.1,0.03333333,0.3666667,0.6,0.0,0.0,0.0,4005.813,749.7345,0.0,-4999.5,nan,0.0,nan
h2o_co2_hybrid_mrk,X(CO2)=0.100000,5000.0,1423.15,0.1,35.89487,0.9,0.1,0.03333333,0.3666667,0.6,0.0,0.0,0.0,5397.563,1175.921,0.0,-4999.5,nan,0.0,nan
h2o_co2_hybrid_mrk,X(CO2)=0.100000,6000.0,1423.15,0.1,32.57067,0.9,0.1,0.03333333,0.3666667,0.6,0.0,0.0,0.0,7046.671,1783.385,0.0,-4999.5,nan,0.0,nan
h2o_co2_hybrid_mrk,X(CO2)=0.100000,7000.0,1423.15,0.1,30.17204,0.9,0.1,0.03333333,0.3666667,0.6,0.0,0.0,0.0,9004.826,2641.573,0.0,-4999.5,nan,0.0,nan
h2o_co2_hybrid_mrk,X(CO2)=0.100000,8000.0,1423.15,0.1,28.35349,0.9,0.1,0.03333333,0.3666667,0.6,0.0,0.0,0.0,11330.01,3844.639,0.0,-4999.5,nan,0.0,nan
h2o_co2_hybrid_mrk,X(CO2)=0.100000,9000.0,1423.15,0.1,26.92162,0.9,0.1,0.03333333,0.3666667,0.6,0.0,0.0,0.0,14088.43,5519.992,0.0,-4999.5,nan,0.0,nan
h2o_co2_hybrid_mrk,X(CO2)=0.100000,10000.0,1423.15,0.1,25.75992,0.9,0.1,0.03333333,0.3666667,0.6,0.0,0.0,0.0,17356.3,7839.661,0.0,-4999.5,nan,0.0,nan
h2o_co2_hybrid_mrk,X(CO2)=0.100000,11000.0,1423.15,0.1,24.79429,0.9,0.1,0.03333333,0.3666667,0.6,0.0,0.0,0.0,21221.71,11035.42,0.0,-4999.5,nan,0.0,nan
h2o_co2_hybrid_mrk,X(CO2)=0.100000,12000.0,1423.15,0.1,23.9755,0.9,0.1,0.03333333,0.3666667,0.6,0.0,0.0,0.0,25786.6,15418.88,0.0,-4999.5,nan,0.0,nan
h2o_co2_hybrid_mrk,X(CO2)=0.100000,13000.0,1423.15,0.1,23.26965,0.9,0.1,0.03333333,0.3666667,0.6,0.0,0.0,0.0,31169.05,21408.26,0.0,-4999.5,nan,0.0,nan
h2o_co2_hybrid_mrk,X(CO2)=0.100000,14000.0,1423.15,0.1,22.65266,0.9,0.1,0.03333333,0.3666667,0.6,0.0,0.0,0.0,37505.82,29563.8,0.0,-4999.5,nan,0.0,nan
h2o_co2_hybrid_mrk,X(CO2)=0.100000,15000.0,1423.15,0.1,22.10697,0.9,0.1,0.03333333,0.3666667,0.6,0.0,0.0,0.0,44955.3,40634.83,0.0,-4999.5,nan,0.0,nan
h2o_co2_hybrid_mrk,X(CO2)=0.100000,16000.0,1423.15,0.1,21.61946,0.9,0.1,0.03333333,0.3666667,0.6,0.0,0.0,0.0,53700.86,55622.11,0.0,-4999.5,nan,0.0,nan
h2o_co2_hybrid_mrk,X(CO2)=0.100000,17000.0,1423.15,0.1,21.18013,0.9,0.1,0.03333333,0.3666667,0.6,0.0,0.0,0.0,63954.72,75860.28,0.0,-4999.5,nan,0.0,nan
h2o_co2_hybrid_mrk,X(CO2)=0.100000,18000.0,1423.15,0.1,20.78122,0.9,0.1,0.03333333,0.3666667,0.6,0.0,0.0,0.0,75962.39,103127.0,0.0,-4999.5,nan,0.0,nan
h2o_co2_hybrid_mrk,X(CO2)=0.100000,19000.0,1423.15,0.1,20.41661,0.9,0.1,0.03333333,0.3666667,0.6,0.0,0.0,0.0,90007.74,139787.2,0.0,-4999.5,nan,0.0,nan
h2o_co2_hybrid_mrk,X(CO2)=0.100000,20000.0,1423.15,0.1,20.08141,0.9,0.1,0.03333333,0.3666667,0.6,0.0,0.0,0.0,106418.9,188983.4,0.0,-4999.5,nan,0.0,nan
h2o_co2_hybrid_mrk,X(CO2)=0.100000,1000.0,1473.15,0.1,125.1582,0.9,0.1,0.03333333,0.3666667,0.6,0.0,0.0,0.0,894.9876,107.346,0.0,-4999.5,nan,0.0,nan
h2o_co2_hybrid_mrk,X(CO2)=0.100000,2000.0,1473.15,0.1,68.39581,0.9,0.1,0.03333333,0.3666667,0.6,0.0,0.0,0.0,1832.306,247.2816,0.0,-4999.5,nan,0.0,nan
h2o_co2_hybrid_mrk,X(CO2)=0.100000,3000.0,1473.15,0.1,50.86806,0.9,0.1,0.03333333,0.3666667,0.6,0.0,0.0,0.0,2878.747,445.0394,0.0,-4999.5,nan,0.0,nan
h2o_co2_hybrid_mrk,X(CO2)=0.100000,4000.0,1473.15,0.1,42.25046,0.9,0.1,0.03333333,0.3666667,0.6,0.0,0.0,0.0,4086.96,727.7289,0.0,-4999.5,nan,0.0,nan
h2o_co2_hybrid_mrk,X(CO2)=0.100000,5000.0,1473.15,0.1,37.04069,0.9,0.1,0.03333333,0.3666667,0.6,0.0,0.0,0.0,5503.206,1129.467,0.0,-4999.5,nan,0.0,nan
h2o_co2_hybrid_mrk,X(CO2)=0.100000,6000.0,1473.15,0.1,33.52473,0.9,0.1,0.03333333,0.3666667,0.6,0.0,0.0,0.0,7173.594,1695.486,0.0,-4999.5,nan,0.0,nan
h2o_co2_hybrid_mrk,X(CO2)=0.100000,7000.0,1473.15,0.1,30.9834,0.9,0.1,0.03333333,0.3666667,0.6,0.0,0.0,0.0,9147.701,2486.409,0.0,-4999.5,nan,0.0,nan
h2o_co2_hybrid_mrk,X(CO2)=0.100000,8000.0,1473.15,0.1,29.05554,0.9,0.1,0.03333333,0.3666667,0.6,0.0,0.0,0.0,11480.87,3583.561,0.0,-4999.5,nan,0.0,nan
h2o_co2_hybrid_mrk,X(CO2)=0.100000,9000.0,1473.15,0.1,27.53825,0.9,0.1,0.03333333,0.3666667,0.6,0.0,0.0,0.0,14235.96,5095.873,0.0,-4999.5,nan,0.0,nan
h2o_co2_hybrid_mrk,X(CO2)=0.100000,10000.0,1473.15,0.1,26.30865,0.9,0.1,0.03333333,0.3666667,0.6,0.0,0.0,0.0,17484.96,7168.969,0.0,-4999.5,nan,0.0,nan
h2o_co2_hybrid_mrk,X(CO2)=0.100000,11000.0,1473.15,0.1,25.28817,0.9,0.1,0.03333333,0.3666667,0.6,0.0,0.0,0.0,21310.66,9997.134,0.0,-4999.5,nan,0.0,nan
h2o_co2_hybrid_mrk,X(CO2)=0.100000,12000.0,1473.15,0.1,24.42443,0.9,0.1,0.03333333,0.3666667,0.6,0.0,0.0,0.0,25808.4,13839.07,0.0,-4999.5,nan,0.0,nan
h2o_co2_hybrid_mrk,X(CO2)=0.100000,13000.0,1473.15,0.1,23.68124,0.9,0.1,0.03333333,0.3666667,0.6,0.0,0.0,0.0,31088.07,19038.66,0.0,-4999.5,nan,0.0,nan
h2o_co2_hybrid_mrk,X(CO2)=0.100000,14000.0,1473.15,0.1,23.03283,0.9,0.1,0.03333333,0.3666667,0.6,0.0,0.0,0.0,37276.39,26052.22,0.0,-4999.5,nan,0.0,nan
h2o_co2_hybrid_mrk,X(CO2)=0.100000,15000.0,1473.15,0.1,22.4604,0.9,0.1,0.03333333,0.3666667,0.6,0.0,0.0,0.0,44519.39,35484.36,0.0,-4999.5,nan,0.0,nan
h2o_co2_hybrid_mrk,X(CO2)=0.100000,16000.0,1473.15,0.1,21.9499,0.9,0.1,0.03333333,0.3666667,0.6,0.0,0.0,0.0,52985.39,48135.02,0.0,-4999.5,nan,0.0,nan
h2o_co2_hybrid_mrk,X(CO2)=0.100000,17000.0,1473.15,0.1,21.49061,0.9,0.1,0.03333333,0.3666667,0.6,0.0,0.0,0.0,62868.28,65061.15,0.0,-4999.5,nan,0.0,nan
h2o_co2_hybrid_mrk,X(CO2)=0.100000,18000.0,1473.15,0.1,21.07422,0.9,0.1,0.03333333,0.3666667,0.6,0.0,0.0,0.0,74391.35,87657.58,0.0,-4999.5,nan,0.0,nan
h2o_co2_hybrid_mrk,X(CO2)=0.100000,19000.0,1473.15,0.1,20.6942,0.9,0.1,0.03333333,0.3666667,0.6,0.0,0.0,0.0,87811.6,117762.9,0.0,-4999.5,nan,0.0,nan
h2o_co2_hybrid_mrk,X(CO2)=0.100000,20000.0,1473.15,0.1,20.3453,0.9,0.1,0.03333333,0.3666667,0.6,0.0,0.0,0.0,103424.8,157797.9,0.0,-4999.5,nan,0.0,nan
h2o_co2_hybrid_mrk,X(CO2)=0.100000,1000.0,1523.15,0.1,130.0965,0.9,0.1,0.03333333,0.3666667,0.6,0.0,0.0,0.0,902.4945,107.3231,0.0,-4999.5,nan,0.0,nan
h2o_co2_hybrid_mrk,X(CO2)=0.100000,2000.0,1523.15,0.1,71.04454,0.9,0.1,0.03333333,0.3666667,0.6,0.0,0.0,0.0,1856.806,245.6237,0.0,-4999.5,nan,0.0,nan
h2o_co2_hybrid_mrk,X(CO2)=0.100000,3000.0,1523.15,0.1,52.69801,0.9,0.1,0.03333333,0.3666667,0.6,0.0,0.0,0.0,2923.553,438.1038,0.0,-4999.5,nan,0.0,nan
h2o_co2_hybrid_mrk,X(CO2)=0.100000,4000.0,1523.15,0.1,43.66093,0.9,0.1,0.03333333,0.3666667,0.6,0.0,0.0,0.0,4152.001,709.5986,0.0,-4999.5,nan,0.0,nan
h2o_co2_hybrid_mrk,X(CO2)=0.100000,5000.0,1523.15,0.1,38.18743,0.9,0.1,0.03333333,0.3666667,0.6,0.0,0.0,0.0,5586.286,1090.923,0.0,-4999.5,nan,0.0,nan
h2o_co2_hybrid_mrk,X(CO2)=0.100000,6000.0,1523.15,0.1,34.48518,0.9,0.1,0.03333333,0.3666667,0.6,0.0,0.0,0.0,7270.59,1622.414,0.0,-4999.5,nan,0.0,nan
h2o_co2_hybrid_mrk,X(CO2)=0.100000,7000.0,1523.15,0.1,31.80416,0.9,0.1,0.03333333,0.3666667,0.6,0.0,0.0,0.0,9252.305,2357.549,0.0,-4999.5,nan,0.0,nan
h2o_co2_hybrid_mrk,X(CO2)=0.100000,8000.0,1523.15,0.1,29.76823,0.9,0.1,0.03333333,0.3666667,0.6,0.0,0.0,0.0,11584.1,3367.356,0.0,-4999.5,nan,0.0,nan
h2o_co2_hybrid_mrk,X(CO2)=0.100000,9000.0,1523.15,0.1,28.16564,0.9,0.1,0.03333333,0.3666667,0.6,0.0,0.0,0.0,14325.49,4746.074,0.0,-4999.5,nan,0.0,nan
h2o_co2_hybrid_mrk,X(CO2)=0.100000,10000.0,1523.15,0.1,26.86767,0.9,0.1,0.03333333,0.3666667,0.6,0.0,0.0,0.0,17544.34,6618.516,0.0,-4999.5,nan,0.0,nan
h2o_co2_hybrid_mrk,X(CO2)=0.100000,11000.0,1523.15,0.1,25.79163,0.9,0.1,0.03333333,0.3666667,0.6,0.0,0.0,0.0,21318.3,9149.687,0.0,-4999.5,nan,0.0,nan
h2o_co2_hybrid_mrk,X(CO2)=0.100000,12000.0,1523.15,0.1,24.88212,0.9,0.1,0.03333333,0.3666667,0.6,0.0,0.0,0.0,25736.39,12557.33,0.0,-4999.5,nan,0.0,nan
h2o_co2_hybrid_mrk,X(CO2)=0.100000,13000.0,1523.15,0.1,24.10077,0.9,0.1,0.03333333,0.3666667,0.6,0.0,0.0,0.0,30900.75,17128.3,0.0,-4999.5,nan,0.0,nan
h2o_co2_hybrid_mrk,X(CO2)=0.100000,14000.0,1523.15,0.1,23.42017,0.9,0.1,0.03333333,0.3666667,0.6,0.0,0.0,0.0,36928.64,23239.88,0.0,-4999.5,nan,0.0,nan
h2o_co2_hybrid_mrk,X(CO2)=0.100000,15000.0,1523.15,0.1,22.82029,0.9,0.1,0.03333333,0.3666667,0.6,0.0,0.0,0.0,43954.62,31387.58,0.0,-4999.5,nan,0.0,nan
h2o_co2_hybrid_mrk,X(CO2)=0.100000,16000.0,1523.15,0.1,22.28616,0.9,0.1,0.03333333,0.3666667,0.6,0.0,0.0,0.0,52133.08,42221.29,0.0,-4999.5,nan,0.0,nan
h2o_co2_hybrid_mrk,X(CO2)=0.100000,17000.0,1523.15,0.1,21.80635,0.9,0.1,0.03333333,0.3666667,0.6,0.0,0.0,0.0,61641.13,56592.3,0.0,-4999.5,nan,0.0,nan
h2o_co2_hybrid_mrk,X(CO2)=0.100000,18000.0,1523.15,0.1,21.37199,0.9,0.1,0.03333333,0.3666667,0.6,0.0,0.0,0.0,72681.84,75614.32,0.0,-4999.5,nan,0.0,nan
h2o_co2_hybrid_mrk,X(CO2)=0.100000,19000.0,1523.15,0.1,20.97611,0.9,0.1,0.03333333,0.3666667,0.6,0.0,0.0,0.0,85487.97,100742.8,0.0,-4999.5,nan,0.0,nan
h2o_co2_hybrid_mrk,X(CO2)=0.100000,20000.0,1523.15,0.1,20.61312,0.9,0.1,0.03333333,0.3666667,0.6,0.0,0.0,0.0,100326.2,133877.9,0.0,-4999.5,nan,0.0,nan
h2o_co2_hybrid_mrk,X(CO2)=0.100000,1000.0,1573.15,0.1,134.9677,0.9,0.1,0.03333333,0.3666667,0.6,0.0,0.0,0.0,908.5209,107.344,0.0,-4999.5,nan,0.0,nan
h2o_co2_hybrid_mrk,X(CO2)=0.100000,2000.0,1573.15,0.1,73.65666,0.9,0.1,0.03333333,0.3666667,0.6,0.0,0.0,0.0,1876.34,244.3667,0.0,-4999.5,nan,0.0,nan
h2o_co2_hybrid_mrk,X(CO2)=0.100000,3000.0,1573.15,0.1,54.50908,0.9,0.1,0.03333333,0.3666667,0.6,0.0,0.0,0.0,2958.851,432.5092,0.0,-4999.5,nan,0.0,nan
h2o_co2_hybrid_mrk,X(CO2)=0.100000,4000.0,1573.15,0.1,45.06257,0.9,0.1,0.03333333,0.3666667,0.6,0.0,0.0,0.0,4202.218,694.6622,0.0,-4999.5,nan,0.0,nan
h2o_co2_hybrid_mrk,X(CO2)=0.100000,5000.0,1573.15,0.1,39.33274,0.9,0.1,0.03333333,0.3666667,0.6,0.0,0.0,0.0,5648.449,1058.882,0.0,-4999.5,nan,0.0,nan
h2o_co2_hybrid_mrk,X(CO2)=0.100000,6000.0,1573.15,0.1,35.44953,0.9,0.1,0.03333333,0.3666667,0.6,0.0,0.0,0.0,7339.747,1561.465,0.0,-4999.5,nan,0.0,nan
h2o_co2_hybrid_mrk,X(CO2)=0.100000,7000.0,1573.15,0.1,32.63214,0.9,0.1,0.03333333,0.3666667,0.6,0.0,0.0,0.0,9321.282,2250.045,0.0,-4999.5,nan,0.0,nan
h2o_co2_hybrid_mrk,X(CO2)=0.100000,8000.0,1573.15,0.1,30.48983,0.9,0.1,0.03333333,0.3666667,0.6,0.0,0.0,0.0,11643.03,3187.301,0.0,-4999.5,nan,0.0,nan
h2o_co2_hybrid_mrk,X(CO2)=0.100000,9000.0,1573.15,0.1,28.80256,0.9,0.1,0.03333333,0.3666667,0.6,0.0,0.0,0.0,14361.24,4455.653,0.0,-4999.5,nan,0.0,nan
h2o_co2_hybrid_mrk,X(CO2)=0.100000,10000.0,1573.15,0.1,27.43615,0.9,0.1,0.03333333,0.3666667,0.6,0.0,0.0,0.0,17539.72,6163.319,0.0,-4999.5,nan,0.0,nan
h2o_co2_hybrid_mrk,X(CO2)=0.100000,11000.0,1573.15,0.1,26.3041,0.9,0.1,0.03333333,0.3666667,0.6,0.0,0.0,0.0,21251.16,8452.144,0.0,-4999.5,nan,0.0,nan
h2o_co2_hybrid_mrk,X(CO2)=0.100000,12000.0,1573.15,0.1,25.34822,0.9,0.1,0.03333333,0.3666667,0.6,0.0,0.0,0.0,25578.56,11507.74,0.0,-4999.5,nan,0.0,nan
h2o_co2_hybrid_mrk,X(CO2)=0.100000,13000.0,1573.15,0.1,24.52803,0.9,0.1,0.03333333,0.3666667,0.6,0.0,0.0,0.0,30616.74,15572.58,0.0,-4999.5,nan,0.0,nan
h2o_co2_hybrid_mrk,X(CO2)=0.100000,14000.0,1573.15,0.1,23.81458,0.9,0.1,0.03333333,0.3666667,0.6,0.0,0.0,0.0,36474.07,20962.96,0.0,-4999.5,nan,0.0,nan
h2o_co2_hybrid_mrk,X(CO2)=0.100000,15000.0,1573.15,0.1,23.18664,0.9,0.1,0.03333333,0.3666667,0.6,0.0,0.0,0.0,43274.43,28090.89,0.0,-4999.5,nan,0.0,nan
h2o_co2_hybrid_mrk,X(CO2)=0.100000,16000.0,1573.15,0.1,22.6283,0.9,0.1,0.03333333,0.3666667,0.6,0.0,0.0,0.0,51159.37,37492.34,0.0,-4999.5,nan,0.0,nan
h2o_co2_hybrid_mrk,X(CO2)=0.100000,17000.0,1573.15,0.1,22.12743,0.9,0.1,0.03333333,0.3666667,0.6,0.0,0.0,0.0,60290.58,49863.66,0.0,-4999.5,nan,0.0,nan
h2o_co2_hybrid_mrk,X(CO2)=0.100000,18000.0,1573.15,0.1,21.67463,0.9,0.1,0.03333333,0.3666667,0.6,0.0,0.0,0.0,70852.75,66108.58,0.0,-4999.5,nan,0.0,nan
h2o_co2_hybrid_mrk,X(CO2)=0.100000,19000.0,1573.15,0.1,21.26246,0.9,0.1,0.03333333,0.3666667,0.6,0.0,0.0,0.0,83056.7,87398.66,0.0,-4999.5,nan,0.0,nan
h2o_co2_hybrid_mrk,X(CO2)=0.100000,20000.0,1573.15,0.1,20.885,0.9,0.1,0.03333333,0.3666667,0.6,0.0,0.0,0.0,97143.02,115251.1,0.0,-4999.5,nan,0.0,nan
h2o_co2_hybrid_mrk,X(CO2)=0.200000,1000.0,373.15,0.2,23.22482,0.8,0.2,0.06666667,0.4,0.5333333,0.0,0.0,0.0,14.20845,1155.735,0.0,-4999.5,nan,0.0,nan
h2o_co2_hybrid_mrk,X(CO2)=0.200000,2000.0,373.15,0.2,22.01181,0.8,0.2,0.06666667,0.4,0.5333333,0.0,0.0,0.0,25.10685,4638.784,0.0,-4999.5,nan,0.0,nan
h2o_co2_hybrid_mrk,X(CO2)=0.200000,3000.0,373.15,0.2,21.1397,0.8,0.2,0.06666667,0.4,0.5333333,0.0,0.0,0.0,44.02928,16565.51,0.0,-4999.5,nan,0.0,nan
h2o_co2_hybrid_mrk,X(CO2)=0.200000,4000.0,373.15,0.2,20.46768,0.8,0.2,0.06666667,0.4,0.5333333,0.0,0.0,0.0,76.62209,55381.03,0.0,-4999.5,nan,0.0,nan
h2o_co2_hybrid_mrk,X(CO2)=0.200000,5000.0,373.15,0.2,19.92319,0.8,0.2,0.06666667,0.4,0.5333333,0.0,0.0,0.0,132.4478,177354.0,0.0,-4999.5,nan,0.0,nan
h2o_co2_hybrid_mrk,X(CO2)=0.200000,6000.0,373.15,0.2,19.46642,0.8,0.2,0.06666667,0.4,0.5333333,0.0,0.0,0.0,227.6296,550935.4,0.0,-4999.5,nan,0.0,nan
h2o_co2_hybrid_mrk,X(CO2)=0.200000,7000.0,373.15,0.2,19.07347,0.8,0.2,0.06666667,0.4,0.5333333,0.0,0.0,0.0,389.2749,1672953.0,0.0,-4999.5,nan,0.0,nan
h2o_co2_hybrid_mrk,X(CO2)=0.200000,8000.0,373.15,0.2,18.72897,0.8,0.2,0.06666667,0.4,0.5333333,0.0,0.0,0.0,662.8492,4991133.0,0.0,-4999.5,nan,0.0,nan
h2o_co2_hybrid_mrk,X(CO2)=0.200000,9000.0,373.15,0.2,18.42244,0.8,0.2,0.06666667,0.4,0.5333333,0.0,0.0,0.0,1124.446,14682060.0,0.0,-4999.5,nan,0.0,nan
h2o_co2_hybrid_mrk,X(CO2)=0.200000,10000.0,373.15,0.2,18.14644,0.8,0.2,0.06666667,0.4,0.5333333,0.0,0.0,0.0,1901.174,42693930.0,0.0,-4999.5,nan,0.0,nan
h2o_co2_hybrid_mrk,X(CO2)=0.200000,11000.0,373.15,0.2,17.89552,0.8,0.2,0.06666667,0.4,0.5333333,0.0,0.0,0.0,3204.978,122963300.0,0.0,-4999.5,nan,0.0,nan
h2o_co2_hybrid_mrk,X(CO2)=0.200000,12000.0,373.15,0.2,17.66552,0.8,0.2,0.06666667,0.4,0.5333333,0.0,0.0,0.0,5388.69,351285500.0,0.0,-4999.5,nan,0.0,nan
h2o_co2_hybrid_mrk,X(CO2)=0.200000,13000.0,373.15,0.2,17.45328,0.8,0.2,0.06666667,0.4,0.5333333,0.0,0.0,0.0,9038.796,996617000.0,0.0,-4999.5,nan,0.0,nan
h2o_co2_hybrid_mrk,X(CO2)=0.200000,14000.0,373.15,0.2,17.25625,0.8,0.2,0.06666667,0.4,0.5333333,0.0,0.0,0.0,15128.82,2810515000.0,0.0,-4999.5,nan,0.0,nan
h2o_co2_hybrid_mrk,X(CO2)=0.200000,15000.0,373.15,0.2,17.07242,0.8,0.2,0.06666667,0.4,0.5333333,0.0,0.0,0.0,25272.66,7884305000.0,0.0,-4999.5,nan,0.0,nan
h2o_co2_hybrid_mrk,X(CO2)=0.200000,16000.0,373.15,0.2,16.90014,0.8,0.2,0.06666667,0.4,0.5333333,0.0,0.0,0.0,42142.62,22015720000.0,0.0,-4999.5,nan,0.0,nan
h2o_co2_hybrid_mrk,X(CO2)=0.200000,17000.0,373.15,0.2,16.73805,0.8,0.2,0.06666667,0.4,0.5333333,0.0,0.0,0.0,70158.52,61223890000.0,0.0,-4999.5,nan,0.0,nan
h2o_co2_hybrid_mrk,X(CO2)=0.200000,18000.0,373.15,0.2,16.58501,0.8,0.2,0.06666667,0.4,0.5333333,0.0,0.0,0.0,116623.0,169636200000.0,0.0,-4999.5,nan,0.0,nan
h2o_co2_hybrid_mrk,X(CO2)=0.200000,19000.0,373.15,0.2,16.44007,0.8,0.2,0.06666667,0.4,0.5333333,0.0,0.0,0.0,193589.6,468476900000.0,0.0,-4999.5,nan,0.0,nan
h2o_co2_hybrid_mrk,X(CO2)=0.200000,20000.0,373.15,0.2,16.30242,0.8,0.2,0.06666667,0.4,0.5333333,0.0,0.0,0.0,320936.1,1289937000000.0,0.0,-4999.5,nan,0.0,nan
h2o_co2_hybrid_mrk,X(CO2)=0.200000,1000.0,423.15,0.2,24.54447,0.8,0.2,0.06666667,0.4,0.5333333,0.0,0.0,0.0,30.81637,1162.844,0.0,-4999.5,nan,0.0,nan
h2o_co2_hybrid_mrk,X(CO2)=0.200000,2000.0,423.15,0.2,22.90809,0.8,0.2,0.06666667,0.4,0.5333333,0.0,0.0,0.0,51.71233,4380.894,0.0,-4999.5,nan,0.0,nan
h2o_co2_hybrid_mrk,X(CO2)=0.200000,3000.0,423.15,0.2,21.83077,0.8,0.2,0.06666667,0.4,0.5333333,0.0,0.0,0.0,86.0868,14302.28,0.0,-4999.5,nan,0.0,nan
h2o_co2_hybrid_mrk,X(CO2)=0.200000,4000.0,423.15,0.2,21.03351,0.8,0.2,0.06666667,0.4,0.5333333,0.0,0.0,0.0,142.1052,43293.96,0.0,-4999.5,nan,0.0,nan
h2o_co2_hybrid_mrk,X(CO2)=0.200000,5000.0,423.15,0.2,20.40326,0.8,0.2,0.06666667,0.4,0.5333333,0.0,0.0,0.0,232.8647,124954.8,0.0,-4999.5,nan,0.0,nan
h2o_co2_hybrid_mrk,X(CO2)=0.200000,6000.0,423.15,0.2,19.88348,0.8,0.2,0.06666667,0.4,0.5333333,0.0,0.0,0.0,379.2285,348915.9,0.0,-4999.5,nan,0.0,nan
h2o_co2_hybrid_mrk,X(CO2)=0.200000,7000.0,423.15,0.2,19.44196,0.8,0.2,0.06666667,0.4,0.5333333,0.0,0.0,0.0,614.3298,950837.1,0.0,-4999.5,nan,0.0,nan
h2o_co2_hybrid_mrk,X(CO2)=0.200000,8000.0,423.15,0.2,19.05869,0.8,0.2,0.06666667,0.4,0.5333333,0.0,0.0,0.0,990.6655,2543050.0,0.0,-4999.5,nan,0.0,nan
h2o_co2_hybrid_mrk,X(CO2)=0.200000,9000.0,423.15,0.2,18.72039,0.8,0.2,0.06666667,0.4,0.5333333,0.0,0.0,0.0,1591.243,6701136.0,0.0,-4999.5,nan,0.0,nan
h2o_co2_hybrid_mrk,X(CO2)=0.200000,10000.0,423.15,0.2,18.41782,0.8,0.2,0.06666667,0.4,0.5333333,0.0,0.0,0.0,2547.071,17445970.0,0.0,-4999.5,nan,0.0,nan
h2o_co2_hybrid_mrk,X(CO2)=0.200000,11000.0,423.15,0.2,18.14427,0.8,0.2,0.06666667,0.4,0.5333333,0.0,0.0,0.0,4064.568,44966930.0,0.0,-4999.5,nan,0.0,nan
h2o_co2_hybrid_mrk,X(CO2)=0.200000,12000.0,423.15,0.2,17.89478,0.8,0.2,0.06666667,0.4,0.5333333,0.0,0.0,0.0,6468.462,114929000.0,0.0,-4999.5,nan,0.0,nan
h2o_co2_hybrid_mrk,X(CO2)=0.200000,13000.0,423.15,0.2,17.66551,0.8,0.2,0.06666667,0.4,0.5333333,0.0,0.0,0.0,10268.88,291635900.0,0.0,-4999.5,nan,0.0,nan
h2o_co2_hybrid_mrk,X(CO2)=0.200000,14000.0,423.15,0.2,17.4535,0.8,0.2,0.06666667,0.4,0.5333333,0.0,0.0,0.0,16266.11,735453800.0,0.0,-4999.5,nan,0.0,nan
h2o_co2_hybrid_mrk,X(CO2)=0.200000,15000.0,423.15,0.2,17.25634,0.8,0.2,0.06666667,0.4,0.5333333,0.0,0.0,0.0,25714.14,1844672000.0,0.0,-4999.5,nan,0.0,nan
h2o_co2_hybrid_mrk,X(CO2)=0.200000,16000.0,423.15,0.2,17.07214,0.8,0.2,0.06666667,0.4,0.5333333,0.0,0.0,0.0,40575.59,4604861000.0,0.0,-4999.5,nan,0.0,nan
h2o_co2_hybrid_mrk,X(CO2)=0.200000,17000.0,423.15,0.2,16.89931,0.8,0.2,0.06666667,0.4,0.5333333,0.0,0.0,0.0,63918.86,11446800000.0,0.0,-4999.5,nan,0.0,nan
h2o_co2_hybrid_mrk,X(CO2)=0.200000,18000.0,423.15,0.2,16.73654,0.8,0.2,0.06666667,0.4,0.5333333,0.0,0.0,0.0,100536.3,28347860000.0,0.0,-4999.5,nan,0.0,nan
h2o_co2_hybrid_mrk,X(CO2)=0.200000,19000.0,423.15,0.2,16.58275,0.8,0.2,0.06666667,0.4,0.5333333,0.0,0.0,0.0,157906.0,69967000000.0,0.0,-4999.5,nan,0.0,nan
h2o_co2_hybrid_mrk,X(CO2)=0.200000,20000.0,423.15,0.2,16.43699,0.8,0.2,0.06666667,0.4,0.5333333,0.0,0.0,0.0,247686.1,172165900000.0,0.0,-4999.5,nan,0.0,nan
h2o_co2_hybrid_mrk,X(CO2)=0.200000,1000.0,473.15,0.2,26.21505,0.8,0.2,0.06666667,0.4,0.5333333,0.0,0.0,0.0,56.47576,962.9712,0.0,-4999.5,nan,0.0,nan
h2o_co2_hybrid_mrk,X(CO2)=0.200000,2000.0,473.15,0.2,23.99502,0.8,0.2,0.06666667,0.4,0.5333333,0.0,0.0,0.0,91.25126,3458.419,0.0,-4999.5,nan,0.0,nan
h2o_co2_hybrid_mrk,X(CO2)=0.200000,3000.0,473.15,0.2,22.67545,0.8,0.2,0.06666667,0.4,0.5333333,0.0,0.0,0.0,146.0686,10494.6,0.0,-4999.5,nan,0.0,nan
h2o_co2_hybrid_mrk,X(CO2)=0.200000,4000.0,473.15,0.2,21.73847,0.8,0.2,0.06666667,0.4,0.5333333,0.0,0.0,0.0,231.5658,29300.38,0.0,-4999.5,nan,0.0,nan
h2o_co2_hybrid_mrk,X(CO2)=0.200000,5000.0,473.15,0.2,21.01505,0.8,0.2,0.06666667,0.4,0.5333333,0.0,0.0,0.0,364.1276,77736.62,0.0,-4999.5,nan,0.0,nan
h2o_co2_hybrid_mrk,X(CO2)=0.200000,6000.0,473.15,0.2,20.42771,0.8,0.2,0.06666667,0.4,0.5333333,0.0,0.0,0.0,568.7099,199189.2,0.0,-4999.5,nan,0.0,nan
h2o_co2_hybrid_mrk,X(CO2)=0.200000,7000.0,473.15,0.2,19.93445,0.8,0.2,0.06666667,0.4,0.5333333,0.0,0.0,0.0,883.1955,497609.2,0.0,-4999.5,nan,0.0,nan
h2o_co2_hybrid_mrk,X(CO2)=0.200000,8000.0,473.15,0.2,19.50998,0.8,0.2,0.06666667,0.4,0.5333333,0.0,0.0,0.0,1364.959,1219281.0,0.0,-4999.5,nan,0.0,nan
h2o_co2_hybrid_mrk,X(CO2)=0.200000,9000.0,473.15,0.2,19.13793,0.8,0.2,0.06666667,0.4,0.5333333,0.0,0.0,0.0,2100.728,2942298.0,0.0,-4999.5,nan,0.0,nan
h2o_co2_hybrid_mrk,X(CO2)=0.200000,10000.0,473.15,0.2,18.80707,0.8,0.2,0.06666667,0.4,0.5333333,0.0,0.0,0.0,3221.366,7012944.0,0.0,-4999.5,nan,0.0,nan
h2o_co2_hybrid_mrk,X(CO2)=0.200000,11000.0,473.15,0.2,18.50941,0.8,0.2,0.06666667,0.4,0.5333333,0.0,0.0,0.0,4924.022,16545460.0,0.0,-4999.5,nan,0.0,nan
h2o_co2_hybrid_mrk,X(CO2)=0.200000,12000.0,473.15,0.2,18.23905,0.8,0.2,0.06666667,0.4,0.5333333,0.0,0.0,0.0,7505.264,38701900.0,0.0,-4999.5,nan,0.0,nan
h2o_co2_hybrid_mrk,X(CO2)=0.200000,13000.0,473.15,0.2,17.99151,0.8,0.2,0.06666667,0.4,0.5333333,0.0,0.0,0.0,11410.61,89869720.0,0.0,-4999.5,nan,0.0,nan
h2o_co2_hybrid_mrk,X(CO2)=0.200000,14000.0,473.15,0.2,17.76333,0.8,0.2,0.06666667,0.4,0.5333333,0.0,0.0,0.0,17308.46,207377300.0,0.0,-4999.5,nan,0.0,nan
h2o_co2_hybrid_mrk,X(CO2)=0.200000,15000.0,473.15,0.2,17.55176,0.8,0.2,0.06666667,0.4,0.5333333,0.0,0.0,0.0,26200.48,475916000.0,0.0,-4999.5,nan,0.0,nan
h2o_co2_hybrid_mrk,X(CO2)=0.200000,16000.0,473.15,0.2,17.3546,0.8,0.2,0.06666667,0.4,0.5333333,0.0,0.0,0.0,39586.04,1086953000.0,0.0,-4999.5,nan,0.0,nan
h2o_co2_hybrid_mrk,X(CO2)=0.200000,17000.0,473.15,0.2,17.17004,0.8,0.2,0.06666667,0.4,0.5333333,0.0,0.0,0.0,59707.28,2471972000.0,0.0,-4999.5,nan,0.0,nan
h2o_co2_hybrid_mrk,X(CO2)=0.200000,18000.0,473.15,0.2,16.9966,0.8,0.2,0.06666667,0.4,0.5333333,0.0,0.0,0.0,89913.74,5600548000.0,0.0,-4999.5,nan,0.0,nan
h2o_co2_hybrid_mrk,X(CO2)=0.200000,19000.0,473.15,0.2,16.83304,0.8,0.2,0.06666667,0.4,0.5333333,0.0,0.0,0.0,135204.9,12645690000.0,0.0,-4999.5,nan,0.0,nan
h2o_co2_hybrid_mrk,X(CO2)=0.200000,20000.0,473.15,0.2,16.67831,0.8,0.2,0.06666667,0.4,0.5333333,0.0,0.0,0.0,203036.4,28465940000.0,0.0,-4999.5,nan,0.0,nan
h2o_co2_hybrid_mrk,X(CO2)=0.200000,1000.0,523.15,0.2,28.26951,0.8,0.2,0.06666667,0.4,0.5333333,0.0,0.0,0.0,92.29392,761.9373,0.0,-4999.5,nan,0.0,nan
h2o_co2_hybrid_mrk,X(CO2)=0.200000,2000.0,523.15,0.2,25.2276,0.8,0.2,0.06666667,0.4,0.5333333,0.0,0.0,0.0,145.1332,2647.47,0.0,-4999.5,nan,0.0,nan
h2o_co2_hybrid_mrk,X(CO2)=0.200000,3000.0,523.15,0.2,23.60876,0.8,0.2,0.06666667,0.4,0.5333333,0.0,0.0,0.0,225.5292,7570.279,0.0,-4999.5,nan,0.0,nan
h2o_co2_hybrid_mrk,X(CO2)=0.200000,4000.0,523.15,0.2,22.50902,0.8,0.2,0.06666667,0.4,0.5333333,0.0,0.0,0.0,346.4945,19779.14,0.0,-4999.5,nan,0.0,nan
h2o_co2_hybrid_mrk,X(CO2)=0.200000,5000.0,523.15,0.2,21.68047,0.8,0.2,0.06666667,0.4,0.5333333,0.0,0.0,0.0,527.4641,48973.14,0.0,-4999.5,nan,0.0,nan
h2o_co2_hybrid_mrk,X(CO2)=0.200000,6000.0,523.15,0.2,21.01838,0.8,0.2,0.06666667,0.4,0.5333333,0.0,0.0,0.0,796.9787,116956.7,0.0,-4999.5,nan,0.0,nan
h2o_co2_hybrid_mrk,X(CO2)=0.200000,7000.0,523.15,0.2,20.46862,0.8,0.2,0.06666667,0.4,0.5333333,0.0,0.0,0.0,1196.799,272124.3,0.0,-4999.5,nan,0.0,nan
h2o_co2_hybrid_mrk,X(CO2)=0.200000,8000.0,523.15,0.2,19.99959,0.8,0.2,0.06666667,0.4,0.5333333,0.0,0.0,0.0,1787.897,620761.4,0.0,-4999.5,nan,0.0,nan
h2o_co2_hybrid_mrk,X(CO2)=0.200000,9000.0,523.15,0.2,19.59126,0.8,0.2,0.06666667,0.4,0.5333333,0.0,0.0,0.0,2659.125,1394251.0,0.0,-4999.5,nan,0.0,nan
h2o_co2_hybrid_mrk,X(CO2)=0.200000,10000.0,523.15,0.2,19.23017,0.8,0.2,0.06666667,0.4,0.5333333,0.0,0.0,0.0,3939.757,3092568.0,0.0,-4999.5,nan,0.0,nan
h2o_co2_hybrid_mrk,X(CO2)=0.200000,11000.0,523.15,0.2,18.90683,0.8,0.2,0.06666667,0.4,0.5333333,0.0,0.0,0.0,5817.58,6789188.0,0.0,-4999.5,nan,0.0,nan
h2o_co2_hybrid_mrk,X(CO2)=0.200000,12000.0,523.15,0.2,18.61432,0.8,0.2,0.06666667,0.4,0.5333333,0.0,0.0,0.0,8565.004,14776160.0,0.0,-4999.5,nan,0.0,nan
h2o_co2_hybrid_mrk,X(CO2)=0.200000,13000.0,523.15,0.2,18.34743,0.8,0.2,0.06666667,0.4,0.5333333,0.0,0.0,0.0,12576.67,31923680.0,0.0,-4999.5,nan,0.0,nan
h2o_co2_hybrid_mrk,X(CO2)=0.200000,14000.0,523.15,0.2,18.10217,0.8,0.2,0.06666667,0.4,0.5333333,0.0,0.0,0.0,18423.63,68535800.0,0.0,-4999.5,nan,0.0,nan
h2o_co2_hybrid_mrk,X(CO2)=0.200000,15000.0,523.15,0.2,17.87538,0.8,0.2,0.06666667,0.4,0.5333333,0.0,0.0,0.0,26931.19,146330200.0,0.0,-4999.5,nan,0.0,nan
h2o_co2_hybrid_mrk,X(CO2)=0.200000,16000.0,523.15,0.2,17.66455,0.8,0.2,0.06666667,0.4,0.5333333,0.0,0.0,0.0,39290.99,310925300.0,0.0,-4999.5,nan,0.0,nan
h2o_co2_hybrid_mrk,X(CO2)=0.200000,17000.0,523.15,0.2,17.46764,0.8,0.2,0.06666667,0.4,0.5333333,0.0,0.0,0.0,57221.78,657848900.0,0.0,-4999.5,nan,0.0,nan
h2o_co2_hybrid_mrk,X(CO2)=0.200000,18000.0,523.15,0.2,17.28297,0.8,0.2,0.06666667,0.4,0.5333333,0.0,0.0,0.0,83200.33,1386589000.0,0.0,-4999.5,nan,0.0,nan
h2o_co2_hybrid_mrk,X(CO2)=0.200000,19000.0,523.15,0.2,17.10914,0.8,0.2,0.06666667,0.4,0.5333333,0.0,0.0,0.0,120792.6,2912682000.0,0.0,-4999.5,nan,0.0,nan
h2o_co2_hybrid_mrk,X(CO2)=0.200000,20000.0,523.15,0.2,16.94497,0.8,0.2,0.06666667,0.4,0.5333333,0.0,0.0,0.0,175128.7,6099701000.0,0.0,-4999.5,nan,0.0,nan
h2o_co2_hybrid_mrk,X(CO2)=0.200000,1000.0,573.15,0.2,30.77115,0.8,0.2,0.06666667,0.4,0.5333333,0.0,0.0,0.0,138.3792,603.5511,0.0,-4999.5,nan,0.0,nan
h2o_co2_hybrid_mrk,X(CO2)=0.200000,2000.0,573.15,0.2,26.59093,0.8,0.2,0.06666667,0.4,0.5333333,0.0,0.0,0.0,213.7108,2054.003,0.0,-4999.5,nan,0.0,nan
h2o_co2_hybrid_mrk,X(CO2)=0.200000,3000.0,573.15,0.2,24.60413,0.8,0.2,0.06666667,0.4,0.5333333,0.0,0.0,0.0,324.7901,5593.81,0.0,-4999.5,nan,0.0,nan
h2o_co2_hybrid_mrk,X(CO2)=0.200000,4000.0,573.15,0.2,23.31534,0.8,0.2,0.06666667,0.4,0.5333333,0.0,0.0,0.0,486.9175,13830.62,0.0,-4999.5,nan,0.0,nan
h2o_co2_hybrid_mrk,X(CO2)=0.200000,5000.0,573.15,0.2,22.36876,0.8,0.2,0.06666667,0.4,0.5333333,0.0,0.0,0.0,722.3494,32329.77,0.0,-4999.5,nan,0.0,nan
h2o_co2_hybrid_mrk,X(CO2)=0.200000,6000.0,573.15,0.2,21.62464,0.8,0.2,0.06666667,0.4,0.5333333,0.0,0.0,0.0,1062.772,72814.24,0.0,-4999.5,nan,0.0,nan
h2o_co2_hybrid_mrk,X(CO2)=0.200000,7000.0,573.15,0.2,21.01389,0.8,0.2,0.06666667,0.4,0.5333333,0.0,0.0,0.0,1553.146,159687.5,0.0,-4999.5,nan,0.0,nan
h2o_co2_hybrid_mrk,X(CO2)=0.200000,8000.0,573.15,0.2,20.49734,0.8,0.2,0.06666667,0.4,0.5333333,0.0,0.0,0.0,2257.144,343253.1,0.0,-4999.5,nan,0.0,nan
h2o_co2_hybrid_mrk,X(CO2)=0.200000,9000.0,573.15,0.2,20.05072,0.8,0.2,0.06666667,0.4,0.5333333,0.0,0.0,0.0,3264.786,726349.4,0.0,-4999.5,nan,0.0,nan
h2o_co2_hybrid_mrk,X(CO2)=0.200000,10000.0,573.15,0.2,19.65797,0.8,0.2,0.06666667,0.4,0.5333333,0.0,0.0,0.0,4703.137,1517745.0,0.0,-4999.5,nan,0.0,nan
h2o_co2_hybrid_mrk,X(CO2)=0.200000,11000.0,573.15,0.2,19.30792,0.8,0.2,0.06666667,0.4,0.5333333,0.0,0.0,0.0,6751.302,3138697.0,0.0,-4999.5,nan,0.0,nan
h2o_co2_hybrid_mrk,X(CO2)=0.200000,12000.0,573.15,0.2,18.99249,0.8,0.2,0.06666667,0.4,0.5333333,0.0,0.0,0.0,9661.39,6434768.0,0.0,-4999.5,nan,0.0,nan
h2o_co2_hybrid_mrk,X(CO2)=0.200000,13000.0,573.15,0.2,18.70568,0.8,0.2,0.06666667,0.4,0.5333333,0.0,0.0,0.0,13787.83,13095380.0,0.0,-4999.5,nan,0.0,nan
h2o_co2_hybrid_mrk,X(CO2)=0.200000,14000.0,573.15,0.2,18.44291,0.8,0.2,0.06666667,0.4,0.5333333,0.0,0.0,0.0,19628.34,26482240.0,0.0,-4999.5,nan,0.0,nan
h2o_co2_hybrid_mrk,X(CO2)=0.200000,15000.0,573.15,0.2,18.20057,0.8,0.2,0.06666667,0.4,0.5333333,0.0,0.0,0.0,27881.06,53260340.0,0.0,-4999.5,nan,0.0,nan
h2o_co2_hybrid_mrk,X(CO2)=0.200000,16000.0,573.15,0.2,17.97583,0.8,0.2,0.06666667,0.4,0.5333333,0.0,0.0,0.0,39524.27,106600800.0,0.0,-4999.5,nan,0.0,nan
h2o_co2_hybrid_mrk,X(CO2)=0.200000,17000.0,573.15,0.2,17.76638,0.8,0.2,0.06666667,0.4,0.5333333,0.0,0.0,0.0,55927.53,212455400.0,0.0,-4999.5,nan,0.0,nan
h2o_co2_hybrid_mrk,X(CO2)=0.200000,18000.0,573.15,0.2,17.57033,0.8,0.2,0.06666667,0.4,0.5333333,0.0,0.0,0.0,79006.43,421823100.0,0.0,-4999.5,nan,0.0,nan
h2o_co2_hybrid_mrk,X(CO2)=0.200000,19000.0,573.15,0.2,17.38613,0.8,0.2,0.06666667,0.4,0.5333333,0.0,0.0,0.0,111438.0,834680000.0,0.0,-4999.5,nan,0.0,nan
h2o_co2_hybrid_mrk,X(CO2)=0.200000,20000.0,573.15,0.2,17.21246,0.8,0.2,0.06666667,0.4,0.5333333,0.0,0.0,0.0,156960.7,1646583000.0,0.0,-4999.5,nan,0.0,nan
h2o_co2_hybrid_mrk,X(CO2)=0.200000,1000.0,623.15,0.2,33.84262,0.8,0.2,0.06666667,0.4,0.5333333,0.0,0.0,0.0,193.6488,486.9959,0.0,-4999.5,nan,0.0,nan
h2o_co2_hybrid_mrk,X(CO2)=0.200000,2000.0,623.15,0.2,28.09347,0.8,0.2,0.06666667,0.4,0.5333333,0.0,0.0,0.0,296.2246,1637.494,0.0,-4999.5,nan,0.0,nan
h2o_co2_hybrid_mrk,X(CO2)=0.200000,3000.0,623.15,0.2,25.65858,0.8,0.2,0.06666667,0.4,0.5333333,0.0,0.0,0.0,442.9482,4281.9,0.0,-4999.5,nan,0.0,nan
h2o_co2_hybrid_mrk,X(CO2)=0.200000,4000.0,623.15,0.2,24.1513,0.8,0.2,0.06666667,0.4,0.5333333,0.0,0.0,0.0,651.4837,10105.27,0.0,-4999.5,nan,0.0,nan
h2o_co2_hybrid_mrk,X(CO2)=0.200000,5000.0,623.15,0.2,23.07267,0.8,0.2,0.06666667,0.4,0.5333333,0.0,0.0,0.0,946.7114,22500.29,0.0,-4999.5,nan,0.0,nan
h2o_co2_hybrid_mrk,X(CO2)=0.200000,6000.0,623.15,0.2,22.23884,0.8,0.2,0.06666667,0.4,0.5333333,0.0,0.0,0.0,1363.073,48227.32,0.0,-4999.5,nan,0.0,nan
h2o_co2_hybrid_mrk,X(CO2)=0.200000,7000.0,623.15,0.2,21.56249,0.8,0.2,0.06666667,0.4,0.5333333,0.0,0.0,0.0,1948.166,100612.9,0.0,-4999.5,nan,0.0,nan
h2o_co2_hybrid_mrk,X(CO2)=0.200000,8000.0,623.15,0.2,20.99552,0.8,0.2,0.06666667,0.4,0.5333333,0.0,0.0,0.0,2767.675,205688.1,0.0,-4999.5,nan,0.0,nan
h2o_co2_hybrid_mrk,X(CO2)=0.200000,9000.0,623.15,0.2,20.50869,0.8,0.2,0.06666667,0.4,0.5333333,0.0,0.0,0.0,3912.113,413908.7,0.0,-4999.5,nan,0.0,nan
h2o_co2_hybrid_mrk,X(CO2)=0.200000,10000.0,623.15,0.2,20.08297,0.8,0.2,0.06666667,0.4,0.5333333,0.0,0.0,0.0,5506.027,822429.5,0.0,-4999.5,nan,0.0,nan
h2o_co2_hybrid_mrk,X(CO2)=0.200000,11000.0,623.15,0.2,19.7053,0.8,0.2,0.06666667,0.4,0.5333333,0.0,0.0,0.0,7720.564,1617261.0,0.0,-4999.5,nan,0.0,nan
h2o_co2_hybrid_mrk,X(CO2)=0.200000,12000.0,623.15,0.2,19.36635,0.8,0.2,0.06666667,0.4,0.5333333,0.0,0.0,0.0,10790.61,3152770.0,0.0,-4999.5,nan,0.0,nan
h2o_co2_hybrid_mrk,X(CO2)=0.200000,13000.0,623.15,0.2,19.0592,0.8,0.2,0.06666667,0.4,0.5333333,0.0,0.0,0.0,15038.14,6101102.0,0.0,-4999.5,nan,0.0,nan
h2o_co2_hybrid_mrk,X(CO2)=0.200000,14000.0,623.15,0.2,18.77862,0.8,0.2,0.06666667,0.4,0.5333333,0.0,0.0,0.0,20904.01,11732210.0,0.0,-4999.5,nan,0.0,nan
h2o_co2_hybrid_mrk,X(CO2)=0.200000,15000.0,623.15,0.2,18.52055,0.8,0.2,0.06666667,0.4,0.5333333,0.0,0.0,0.0,28991.25,22437260.0,0.0,-4999.5,nan,0.0,nan
h2o_co2_hybrid_mrk,X(CO2)=0.200000,16000.0,623.15,0.2,18.28178,0.8,0.2,0.06666667,0.4,0.5333333,0.0,0.0,0.0,40123.86,42704480.0,0.0,-4999.5,nan,0.0,nan
h2o_co2_hybrid_mrk,X(CO2)=0.200000,17000.0,623.15,0.2,18.05973,0.8,0.2,0.06666667,0.4,0.5333333,0.0,0.0,0.0,55426.79,80934690.0,0.0,-4999.5,nan,0.0,nan
h2o_co2_hybrid_mrk,X(CO2)=0.200000,18000.0,623.15,0.2,17.85229,0.8,0.2,0.06666667,0.4,0.5333333,0.0,0.0,0.0,76434.55,152812000.0,0.0,-4999.5,nan,0.0,nan
h2o_co2_hybrid_mrk,X(CO2)=0.200000,19000.0,623.15,0.2,17.65772,0.8,0.2,0.06666667,0.4,0.5333333,0.0,0.0,0.0,105238.5,287550200.0,0.0,-4999.5,nan,0.0,nan
h2o_co2_hybrid_mrk,X(CO2)=0.200000,20000.0,623.15,0.2,17.47458,0.8,0.2,0.06666667,0.4,0.5333333,0.0,0.0,0.0,144687.0,539448300.0,0.0,-4999.5,nan,0.0,nan
h2o_co2_hybrid_mrk,X(CO2)=0.200000,1000.0,673.15,0.2,37.6555,0.8,0.2,0.06666667,0.4,0.5333333,0.0,0.0,0.0,255.7278,403.3995,0.0,-4999.5,nan,0.0,nan
h2o_co2_hybrid_mrk,X(CO2)=0.200000,2000.0,673.15,0.2,29.75235,0.8,0.2,0.06666667,0.4,0.5333333,0.0,0.0,0.0,390.8315,1345.195,0.0,-4999.5,nan,0.0,nan
h2o_co2_hybrid_mrk,X(CO2)=0.200000,3000.0,673.15,0.2,26.77745,0.8,0.2,0.06666667,0.4,0.5333333,0.0,0.0,0.0,577.9303,3397.646,0.0,-4999.5,nan,0.0,nan
h2o_co2_hybrid_mrk,X(CO2)=0.200000,4000.0,673.15,0.2,25.01904,0.8,0.2,0.06666667,0.4,0.5333333,0.0,0.0,0.0,837.5432,7704.624,0.0,-4999.5,nan,0.0,nan
h2o_co2_hybrid_mrk,X(CO2)=0.200000,5000.0,673.15,0.2,23.79306,0.8,0.2,0.06666667,0.4,0.5333333,0.0,0.0,0.0,1197.039,16454.51,0.0,-4999.5,nan,0.0,nan
h2o_co2_hybrid_mrk,X(CO2)=0.200000,6000.0,673.15,0.2,22.8612,0.8,0.2,0.06666667,0.4,0.5333333,0.0,0.0,0.0,1693.27,33803.72,0.0,-4999.5,nan,0.0,nan
h2o_co2_hybrid_mrk,X(CO2)=0.200000,7000.0,673.15,0.2,22.11431,0.8,0.2,0.06666667,0.4,0.5333333,0.0,0.0,0.0,2375.981,67569.92,0.0,-4999.5,nan,0.0,nan
h2o_co2_hybrid_mrk,X(CO2)=0.200000,8000.0,673.15,0.2,21.49378,0.8,0.2,0.06666667,0.4,0.5333333,0.0,0.0,0.0,3312.296,132333.2,0.0,-4999.5,nan,0.0,nan
h2o_co2_hybrid_mrk,X(CO2)=0.200000,9000.0,673.15,0.2,20.96468,0.8,0.2,0.06666667,0.4,0.5333333,0.0,0.0,0.0,4592.696,255089.6,0.0,-4999.5,nan,0.0,nan
h2o_co2_hybrid_mrk,X(CO2)=0.200000,10000.0,673.15,0.2,20.50462,0.8,0.2,0.06666667,0.4,0.5333333,0.0,0.0,0.0,6338.995,485516.4,0.0,-4999.5,nan,0.0,nan
h2o_co2_hybrid_mrk,X(CO2)=0.200000,11000.0,673.15,0.2,20.09839,0.8,0.2,0.06666667,0.4,0.5333333,0.0,0.0,0.0,8714.988,914536.4,0.0,-4999.5,nan,0.0,nan
h2o_co2_hybrid_mrk,X(CO2)=0.200000,12000.0,673.15,0.2,19.73524,0.8,0.2,0.06666667,0.4,0.5333333,0.0,0.0,0.0,11940.65,1707783.0,0.0,-4999.5,nan,0.0,nan
h2o_co2_hybrid_mrk,X(CO2)=0.200000,13000.0,673.15,0.2,19.40729,0.8,0.2,0.06666667,0.4,0.5333333,0.0,0.0,0.0,16311.09,3165741.0,0.0,-4999.5,nan,0.0,nan
h2o_co2_hybrid_mrk,X(CO2)=0.200000,14000.0,673.15,0.2,19.10861,0.8,0.2,0.06666667,0.4,0.5333333,0.0,0.0,0.0,22221.75,5831521.0,0.0,-4999.5,nan,0.0,nan
h2o_co2_hybrid_mrk,X(CO2)=0.200000,15000.0,673.15,0.2,18.8346,0.8,0.2,0.06666667,0.4,0.5333333,0.0,0.0,0.0,30202.02,10683550.0,0.0,-4999.5,nan,0.0,nan
h2o_co2_hybrid_mrk,X(CO2)=0.200000,16000.0,673.15,0.2,18.58168,0.8,0.2,0.06666667,0.4,0.5333333,0.0,0.0,0.0,40959.96,19479230.0,0.0,-4999.5,nan,0.0,nan
h2o_co2_hybrid_mrk,X(CO2)=0.200000,17000.0,673.15,0.2,18.34695,0.8,0.2,0.06666667,0.4,0.5333333,0.0,0.0,0.0,55441.71,35366680.0,0.0,-4999.5,nan,0.0,nan
h2o_co2_hybrid_mrk,X(CO2)=0.200000,18000.0,673.15,0.2,18.12809,0.8,0.2,0.06666667,0.4,0.5333333,0.0,0.0,0.0,74910.5,63971520.0,0.0,-4999.5,nan,0.0,nan
h2o_co2_hybrid_mrk,X(CO2)=0.200000,19000.0,673.15,0.2,17.92316,0.8,0.2,0.06666667,0.4,0.5333333,0.0,0.0,0.0,101051.6,115324200.0,0.0,-4999.5,nan,0.0,nan
h2o_co2_hybrid_mrk,X(CO2)=0.200000,20000.0,673.15,0.2,17.73057,0.8,0.2,0.06666667,0.4,0.5333333,0.0,0.0,0.0,136111.8,207272300.0,0.0,-4999.5,nan,0.0,nan
h2o_co2_hybrid_mrk,X(CO2)=0.200000,1000.0,723.15,0.2,42.38118,0.8,0.2,0.06666667,0.4,0.5333333,0.0,0.0,0.0,321.113,344.7254,0.0,-4999.5,nan,0.0,nan
h2o_co2_hybrid_mrk,X(CO2)=0.200000,2000.0,723.15,0.2,31.58686,0.8,0.2,0.06666667,0.4,0.5333333,0.0,0.0,0.0,494.7688,1137.27,0.0,-4999.5,nan,0.0,nan
h2o_co2_hybrid_mrk,X(CO2)=0.200000,3000.0,723.15,0.2,27.96815,0.8,0.2,0.06666667,0.4,0.5333333,0.0,0.0,0.0,726.6601,2786.016,0.0,-4999.5,nan,0.0,nan
h2o_co2_hybrid_mrk,X(CO2)=0.200000,4000.0,723.15,0.2,25.92293,0.8,0.2,0.06666667,0.4,0.5333333,0.0,0.0,0.0,1041.333,6101.478,0.0,-4999.5,nan,0.0,nan
h2o_co2_hybrid_mrk,X(CO2)=0.200000,5000.0,723.15,0.2,24.53302,0.8,0.2,0.06666667,0.4,0.5333333,0.0,0.0,0.0,1468.597,12566.93,0.0,-4999.5,nan,0.0,nan
h2o_co2_hybrid_mrk,X(CO2)=0.200000,6000.0,723.15,0.2,23.49416,0.8,0.2,0.06666667,0.4,0.5333333,0.0,0.0,0.0,2047.413,24884.01,0.0,-4999.5,nan,0.0,nan
h2o_co2_hybrid_mrk,X(CO2)=0.200000,7000.0,723.15,0.2,22.67139,0.8,0.2,0.06666667,0.4,0.5333333,0.0,0.0,0.0,2829.238,47930.66,0.0,-4999.5,nan,0.0,nan
h2o_co2_hybrid_mrk,X(CO2)=0.200000,8000.0,723.15,0.2,21.99391,0.8,0.2,0.06666667,0.4,0.5333333,0.0,0.0,0.0,3882.139,90445.45,0.0,-4999.5,nan,0.0,nan
h2o_co2_hybrid_mrk,X(CO2)=0.200000,9000.0,723.15,0.2,21.42032,0.8,0.2,0.06666667,0.4,0.5333333,0.0,0.0,0.0,5296.118,167978.0,0.0,-4999.5,nan,0.0,nan
h2o_co2_hybrid_mrk,X(CO2)=0.200000,10000.0,723.15,0.2,20.92438,0.8,0.2,0.06666667,0.4,0.5333333,0.0,0.0,0.0,7190.071,308037.2,0.0,-4999.5,nan,0.0,nan
h2o_co2_hybrid_mrk,X(CO2)=0.200000,11000.0,723.15,0.2,20.48852,0.8,0.2,0.06666667,0.4,0.5333333,0.0,0.0,0.0,9720.886,559043.0,0.0,-4999.5,nan,0.0,nan
h2o_co2_hybrid_mrk,X(CO2)=0.200000,12000.0,723.15,0.2,20.10043,0.8,0.2,0.06666667,0.4,0.5333333,0.0,0.0,0.0,13095.35,1005845.0,0.0,-4999.5,nan,0.0,nan
h2o_co2_hybrid_mrk,X(CO2)=0.200000,13000.0,723.15,0.2,19.75114,0.8,0.2,0.06666667,0.4,0.5333333,0.0,0.0,0.0,17585.75,1796546.0,0.0,-4999.5,nan,0.0,nan
h2o_co2_hybrid_mrk,X(CO2)=0.200000,14000.0,723.15,0.2,19.43396,0.8,0.2,0.06666667,0.4,0.5333333,0.0,0.0,0.0,23550.21,3188751.0,0.0,-4999.5,nan,0.0,nan
h2o_co2_hybrid_mrk,X(CO2)=0.200000,15000.0,723.15,0.2,19.14375,0.8,0.2,0.06666667,0.4,0.5333333,0.0,0.0,0.0,31459.36,5629127.0,0.0,-4999.5,nan,0.0,nan
h2o_co2_hybrid_mrk,X(CO2)=0.200000,16000.0,723.15,0.2,18.87649,0.8,0.2,0.06666667,0.4,0.5333333,0.0,0.0,0.0,41931.05,9889965.0,0.0,-4999.5,nan,0.0,nan
h2o_co2_hybrid_mrk,X(CO2)=0.200000,17000.0,723.15,0.2,18.62897,0.8,0.2,0.06666667,0.4,0.5333333,0.0,0.0,0.0,55775.78,17303140.0,0.0,-4999.5,nan,0.0,nan
h2o_co2_hybrid_mrk,X(CO2)=0.200000,18000.0,723.15,0.2,18.39861,0.8,0.2,0.06666667,0.4,0.5333333,0.0,0.0,0.0,74055.84,30160200.0,0.0,-4999.5,nan,0.0,nan
h2o_co2_hybrid_mrk,X(CO2)=0.200000,19000.0,723.15,0.2,18.18329,0.8,0.2,0.06666667,0.4,0.5333333,0.0,0.0,0.0,98162.53,52395460.0,0.0,-4999.5,nan,0.0,nan
h2o_co2_hybrid_mrk,X(CO2)=0.200000,20000.0,723.15,0.2,17.98124,0.8,0.2,0.06666667,0.4,0.5333333,0.0,0.0,0.0,129916.7,90750420.0,0.0,-4999.5,nan,0.0,nan
h2o_co2_hybrid_mrk,X(CO2)=0.200000,1000.0,773.15,0.2,48.04807,0.8,0.2,0.06666667,0.4,0.5333333,0.0,0.0,0.0,385.8453,304.7105,0.0,-4999.5,nan,0.0,nan
h2o_co2_hybrid_mrk,X(CO2)=0.200000,2000.0,773.15,0.2,33.61442,0.8,0.2,0.06666667,0.4,0.5333333,0.0,0.0,0.0,604.6543,986.9124,0.0,-4999.5,nan,0.0,nan
h2o_co2_hybrid_mrk,X(CO2)=0.200000,3000.0,773.15,0.2,29.23802,0.8,0.2,0.06666667,0.4,0.5333333,0.0,0.0,0.0,885.3381,2351.108,0.0,-4999.5,nan,0.0,nan
h2o_co2_hybrid_mrk,X(CO2)=0.200000,4000.0,773.15,0.2,26.86757,0.8,0.2,0.06666667,0.4,0.5333333,0.0,0.0,0.0,1258.277,4992.27,0.0,-4999.5,nan,0.0,nan
h2o_co2_hybrid_mrk,X(CO2)=0.200000,5000.0,773.15,0.2,25.29602,0.8,0.2,0.06666667,0.4,0.5333333,0.0,0.0,0.0,1755.763,9959.168,0.0,-4999.5,nan,0.0,nan
h2o_co2_hybrid_mrk,X(CO2)=0.200000,6000.0,773.15,0.2,24.14056,0.8,0.2,0.06666667,0.4,0.5333333,0.0,0.0,0.0,2418.607,19092.94,0.0,-4999.5,nan,0.0,nan
h2o_co2_hybrid_mrk,X(CO2)=0.200000,7000.0,773.15,0.2,23.23617,0.8,0.2,0.06666667,0.4,0.5333333,0.0,0.0,0.0,3299.586,35600.52,0.0,-4999.5,nan,0.0,nan
h2o_co2_hybrid_mrk,X(CO2)=0.200000,8000.0,773.15,0.2,22.49811,0.8,0.2,0.06666667,0.4,0.5333333,0.0,0.0,0.0,4467.267,65027.49,0.0,-4999.5,nan,0.0,nan
h2o_co2_hybrid_mrk,X(CO2)=0.200000,9000.0,773.15,0.2,21.87757,0.8,0.2,0.06666667,0.4,0.5333333,0.0,0.0,0.0,6010.783,116903.5,0.0,-4999.5,nan,0.0,nan
h2o_co2_hybrid_mrk,X(CO2)=0.200000,10000.0,773.15,0.2,21.34407,0.8,0.2,0.06666667,0.4,0.5333333,0.0,0.0,0.0,8045.927,207515.5,0.0,-4999.5,nan,0.0,nan
h2o_co2_hybrid_mrk,X(CO2)=0.200000,11000.0,773.15,0.2,20.8774,0.8,0.2,0.06666667,0.4,0.5333333,0.0,0.0,0.0,10722.99,364566.4,0.0,-4999.5,nan,0.0,nan
h2o_co2_hybrid_mrk,X(CO2)=0.200000,12000.0,773.15,0.2,20.46351,0.8,0.2,0.06666667,0.4,0.5333333,0.0,0.0,0.0,14236.87,634979.8,0.0,-4999.5,nan,0.0,nan
h2o_co2_hybrid_mrk,X(CO2)=0.200000,13000.0,773.15,0.2,20.09226,0.8,0.2,0.06666667,0.4,0.5333333,0.0,0.0,0.0,18839.99,1097940.0,0.0,-4999.5,nan,0.0,nan
h2o_co2_hybrid_mrk,X(CO2)=0.200000,14000.0,773.15,0.2,19.75613,0.8,0.2,0.06666667,0.4,0.5333333,0.0,0.0,0.0,24859.05,1886626.0,0.0,-4999.5,nan,0.0,nan
h2o_co2_hybrid_mrk,X(CO2)=0.200000,15000.0,773.15,0.2,19.44938,0.8,0.2,0.06666667,0.4,0.5333333,0.0,0.0,0.0,32716.42,3224364.0,0.0,-4999.5,nan,0.0,nan
h2o_co2_hybrid_mrk,X(CO2)=0.200000,16000.0,773.15,0.2,19.16753,0.8,0.2,0.06666667,0.4,0.5333333,0.0,0.0,0.0,42957.73,5484633.0,0.0,-4999.5,nan,0.0,nan
h2o_co2_hybrid_mrk,X(CO2)=0.200000,17000.0,773.15,0.2,18.90704,0.8,0.2,0.06666667,0.4,0.5333333,0.0,0.0,0.0,56287.25,9290494.0,0.0,-4999.5,nan,0.0,nan
h2o_co2_hybrid_mrk,X(CO2)=0.200000,18000.0,773.15,0.2,18.66506,0.8,0.2,0.06666667,0.4,0.5333333,0.0,0.0,0.0,73613.26,15679050.0,0.0,-4999.5,nan,0.0,nan
h2o_co2_hybrid_mrk,X(CO2)=0.200000,19000.0,773.15,0.2,18.43925,0.8,0.2,0.06666667,0.4,0.5333333,0.0,0.0,0.0,96106.35,26373040.0,0.0,-4999.5,nan,0.0,nan
h2o_co2_hybrid_mrk,X(CO2)=0.200000,20000.0,773.15,0.2,18.22769,0.8,0.2,0.06666667,0.4,0.5333333,0.0,0.0,0.0,125274.1,44228790.0,0.0,-4999.5,nan,0.0,nan
h2o_co2_hybrid_mrk,X(CO2)=0.200000,1000.0,823.15,0.2,54.25392,0.8,0.2,0.06666667,0.4,0.5333333,0.0,0.0,0.0,446.6035,278.1857,0.0,-4999.5,nan,0.0,nan
h2o_co2_hybrid_mrk,X(CO2)=0.200000,2000.0,823.15,0.2,35.84446,0.8,0.2,0.06666667,0.4,0.5333333,0.0,0.0,0.0,716.881,876.51,0.0,-4999.5,nan,0.0,nan
h2o_co2_hybrid_mrk,X(CO2)=0.200000,3000.0,823.15,0.2,30.59331,0.8,0.2,0.06666667,0.4,0.5333333,0.0,0.0,0.0,1049.792,2033.766,0.0,-4999.5,nan,0.0,nan
h2o_co2_hybrid_mrk,X(CO2)=0.200000,4000.0,823.15,0.2,27.85718,0.8,0.2,0.06666667,0.4,0.5333333,0.0,0.0,0.0,1483.35,4199.535,0.0,-4999.5,nan,0.0,nan
h2o_co2_hybrid_mrk,X(CO2)=0.200000,5000.0,823.15,0.2,26.08526,0.8,0.2,0.06666667,0.4,0.5333333,0.0,0.0,0.0,2052.431,8142.304,0.0,-4999.5,nan,0.0,nan
h2o_co2_hybrid_mrk,X(CO2)=0.200000,6000.0,823.15,0.2,24.80305,0.8,0.2,0.06666667,0.4,0.5333333,0.0,0.0,0.0,2799.468,15167.95,0.0,-4999.5,nan,0.0,nan
h2o_co2_hybrid_mrk,X(CO2)=0.200000,7000.0,823.15,0.2,23.81098,0.8,0.2,0.06666667,0.4,0.5333333,0.0,0.0,0.0,3778.208,27479.77,0.0,-4999.5,nan,0.0,nan
h2o_co2_hybrid_mrk,X(CO2)=0.200000,8000.0,823.15,0.2,23.00844,0.8,0.2,0.06666667,0.4,0.5333333,0.0,0.0,0.0,5057.322,48770.43,0.0,-4999.5,nan,0.0,nan
h2o_co2_hybrid_mrk,X(CO2)=0.200000,9000.0,823.15,0.2,22.33834,0.8,0.2,0.06666667,0.4,0.5333333,0.0,0.0,0.0,6724.714,85192.61,0.0,-4999.5,nan,0.0,nan
h2o_co2_hybrid_mrk,X(CO2)=0.200000,10000.0,823.15,0.2,21.76546,0.8,0.2,0.06666667,0.4,0.5333333,0.0,0.0,0.0,8892.902,146945.5,0.0,-4999.5,nan,0.0,nan
h2o_co2_hybrid_mrk,X(CO2)=0.200000,11000.0,823.15,0.2,21.26667,0.8,0.2,0.06666667,0.4,0.5333333,0.0,0.0,0.0,11705.81,250860.1,0.0,-4999.5,nan,0.0,nan
h2o_co2_hybrid_mrk,X(CO2)=0.200000,12000.0,823.15,0.2,20.82602,0.8,0.2,0.06666667,0.4,0.5333333,0.0,0.0,0.0,15347.36,424602.2,0.0,-4999.5,nan,0.0,nan
h2o_co2_hybrid_mrk,X(CO2)=0.200000,13000.0,823.15,0.2,20.43211,0.8,0.2,0.06666667,0.4,0.5333333,0.0,0.0,0.0,20052.43,713485.4,0.0,-4999.5,nan,0.0,nan
h2o_co2_hybrid_mrk,X(CO2)=0.200000,14000.0,823.15,0.2,20.0765,0.8,0.2,0.06666667,0.4,0.5333333,0.0,0.0,0.0,26120.59,1191496.0,0.0,-4999.5,nan,0.0,nan
h2o_co2_hybrid_mrk,X(CO2)=0.200000,15000.0,823.15,0.2,19.7528,0.8,0.2,0.06666667,0.4,0.5333333,0.0,0.0,0.0,33933.71,1979091.0,0.0,-4999.5,nan,0.0,nan
h2o_co2_hybrid_mrk,X(CO2)=0.200000,16000.0,823.15,0.2,19.45606,0.8,0.2,0.06666667,0.4,0.5333333,0.0,0.0,0.0,43978.06,3271882.0,0.0,-4999.5,nan,0.0,nan
h2o_co2_hybrid_mrk,X(CO2)=0.200000,17000.0,823.15,0.2,19.18236,0.8,0.2,0.06666667,0.4,0.5333333,0.0,0.0,0.0,56872.44,5386783.0,0.0,-4999.5,nan,0.0,nan
h2o_co2_hybrid_mrk,X(CO2)=0.200000,18000.0,823.15,0.2,18.92858,0.8,0.2,0.06666667,0.4,0.5333333,0.0,0.0,0.0,73403.65,8836130.0,0.0,-4999.5,nan,0.0,nan
h2o_co2_hybrid_mrk,X(CO2)=0.200000,19000.0,823.15,0.2,18.69216,0.8,0.2,0.06666667,0.4,0.5333333,0.0,0.0,0.0,94571.4,14446570.0,0.0,-4999.5,nan,0.0,nan
h2o_co2_hybrid_mrk,X(CO2)=0.200000,20000.0,823.15,0.2,18.47098,0.8,0.2,0.06666667,0.4,0.5333333,0.0,0.0,0.0,121645.1,23549460.0,0.0,-4999.5,nan,0.0,nan
h2o_co2_hybrid_mrk,X(CO2)=0.200000,1000.0,873.15,0.2,60.43854,0.8,0.2,0.06666667,0.4,0.5333333,0.0,0.0,0.0,501.4719,260.8506,0.0,-4999.5,nan,0.0,nan
h2o_co2_hybrid_mrk,X(CO2)=0.200000,2000.0,873.15,0.2,38.26798,0.8,0.2,0.06666667,0.4,0.5333333,0.0,0.0,0.0,828.0246,794.3733,0.0,-4999.5,nan,0.0,nan
h2o_co2_hybrid_mrk,X(CO2)=0.200000,3000.0,873.15,0.2,32.03797,0.8,0.2,0.06666667,0.4,0.5333333,0.0,0.0,0.0,1215.84,1796.868,0.0,-4999.5,nan,0.0,nan
h2o_co2_hybrid_mrk,X(CO2)=0.200000,4000.0,873.15,0.2,28.89527,0.8,0.2,0.06666667,0.4,0.5333333,0.0,0.0,0.0,1711.454,3616.615,0.0,-4999.5,nan,0.0,nan
h2o_co2_hybrid_mrk,X(CO2)=0.200000,5000.0,873.15,0.2,26.90359,0.8,0.2,0.06666667,0.4,0.5333333,0.0,0.0,0.0,2352.419,6833.95,0.0,-4999.5,nan,0.0,nan
h2o_co2_hybrid_mrk,X(CO2)=0.200000,6000.0,873.15,0.2,25.48401,0.8,0.2,0.06666667,0.4,0.5333333,0.0,0.0,0.0,3182.583,12406.93,0.0,-4999.5,nan,0.0,nan
h2o_co2_hybrid_mrk,X(CO2)=0.200000,7000.0,873.15,0.2,24.39786,0.8,0.2,0.06666667,0.4,0.5333333,0.0,0.0,0.0,4256.34,21906.72,0.0,-4999.5,nan,0.0,nan
h2o_co2_hybrid_mrk,X(CO2)=0.200000,8000.0,873.15,0.2,23.52673,0.8,0.2,0.06666667,0.4,0.5333333,0.0,0.0,0.0,5642.109,37894.07,0.0,-4999.5,nan,0.0,nan
h2o_co2_hybrid_mrk,X(CO2)=0.200000,9000.0,873.15,0.2,22.80429,0.8,0.2,0.06666667,0.4,0.5333333,0.0,0.0,0.0,7426.25,64519.79,0.0,-4999.5,nan,0.0,nan
h2o_co2_hybrid_mrk,X(CO2)=0.200000,10000.0,873.15,0.2,22.19008,0.8,0.2,0.06666667,0.4,0.5333333,0.0,0.0,0.0,9717.835,108479.9,0.0,-4999.5,nan,0.0,nan
h2o_co2_hybrid_mrk,X(CO2)=0.200000,11000.0,873.15,0.2,21.65776,0.8,0.2,0.06666667,0.4,0.5333333,0.0,0.0,0.0,12654.57,180530.6,0.0,-4999.5,nan,0.0,nan
h2o_co2_hybrid_mrk,X(CO2)=0.200000,12000.0,873.15,0.2,21.18932,0.8,0.2,0.06666667,0.4,0.5333333,0.0,0.0,0.0,16410.18,297885.9,0.0,-4999.5,nan,0.0,nan
h2o_co2_hybrid_mrk,X(CO2)=0.200000,13000.0,873.15,0.2,20.77196,0.8,0.2,0.06666667,0.4,0.5333333,0.0,0.0,0.0,21203.66,488001.8,0.0,-4999.5,nan,0.0,nan
h2o_co2_hybrid_mrk,X(CO2)=0.200000,14000.0,873.15,0.2,20.39628,0.8,0.2,0.06666667,0.4,0.5333333,0.0,0.0,0.0,27310.84,794539.8,0.0,-4999.5,nan,0.0,nan
h2o_co2_hybrid_mrk,X(CO2)=0.200000,15000.0,873.15,0.2,20.05517,0.8,0.2,0.06666667,0.4,0.5333333,0.0,0.0,0.0,35078.83,1286744.0,0.0,-4999.5,nan,0.0,nan
h2o_co2_hybrid_mrk,X(CO2)=0.200000,16000.0,873.15,0.2,19.74318,0.8,0.2,0.06666667,0.4,0.5333333,0.0,0.0,0.0,44944.12,2074158.0,0.0,-4999.5,nan,0.0,nan
h2o_co2_hybrid_mrk,X(CO2)=0.200000,17000.0,873.15,0.2,19.45601,0.8,0.2,0.06666667,0.4,0.5333333,0.0,0.0,0.0,57455.12,3329698.0,0.0,-4999.5,nan,0.0,nan
h2o_co2_hybrid_mrk,X(CO2)=0.200000,18000.0,873.15,0.2,19.1902,0.8,0.2,0.06666667,0.4,0.5333333,0.0,0.0,0.0,73300.43,5325750.0,0.0,-4999.5,nan,0.0,nan
h2o_co2_hybrid_mrk,X(CO2)=0.200000,19000.0,873.15,0.2,18.94299,0.8,0.2,0.06666667,0.4,0.5333333,0.0,0.0,0.0,93344.03,8490582.0,0.0,-4999.5,nan,0.0,nan
h2o_co2_hybrid_mrk,X(CO2)=0.200000,20000.0,873.15,0.2,18.71207,0.8,0.2,0.06666667,0.4,0.5333333,0.0,0.0,0.0,118669.3,13496390.0,0.0,-4999.5,nan,0.0,nan
h2o_co2_hybrid_mrk,X(CO2)=0.200000,1000.0,923.15,0.2,66.56006,0.8,0.2,0.06666667,0.4,0.5333333,0.0,0.0,0.0,549.8629,249.4617,0.0,-4999.5,nan,0.0,nan
h2o_co2_hybrid_mrk,X(CO2)=0.200000,2000.0,923.15,0.2,40.84955,0.8,0.2,0.06666667,0.4,0.5333333,0.0,0.0,0.0,935.1765,732.5595,0.0,-4999.5,nan,0.0,nan
h2o_co2_hybrid_mrk,X(CO2)=0.200000,3000.0,923.15,0.2,33.57185,0.8,0.2,0.06666667,0.4,0.5333333,0.0,0.0,0.0,1379.608,1616.508,0.0,-4999.5,nan,0.0,nan
h2o_co2_hybrid_mrk,X(CO2)=0.200000,4000.0,923.15,0.2,29.9843,0.8,0.2,0.06666667,0.4,0.5333333,0.0,0.0,0.0,1937.754,3177.34,0.0,-4999.5,nan,0.0,nan
h2o_co2_hybrid_mrk,X(CO2)=0.200000,5000.0,923.15,0.2,27.7534,0.8,0.2,0.06666667,0.4,0.5333333,0.0,0.0,0.0,2649.835,5864.676,0.0,-4999.5,nan,0.0,nan
h2o_co2_hybrid_mrk,X(CO2)=0.200000,6000.0,923.15,0.2,26.18555,0.8,0.2,0.06666667,0.4,0.5333333,0.0,0.0,0.0,3560.906,10401.9,0.0,-4999.5,nan,0.0,nan
h2o_co2_hybrid_mrk,X(CO2)=0.200000,7000.0,923.15,0.2,24.99866,0.8,0.2,0.06666667,0.4,0.5333333,0.0,0.0,0.0,4725.715,17945.44,0.0,-4999.5,nan,0.0,nan
h2o_co2_hybrid_mrk,X(CO2)=0.200000,8000.0,923.15,0.2,24.05462,0.8,0.2,0.06666667,0.4,0.5333333,0.0,0.0,0.0,6212.102,30333.44,0.0,-4999.5,nan,0.0,nan
h2o_co2_hybrid_mrk,X(CO2)=0.200000,9000.0,923.15,0.2,23.27691,0.8,0.2,0.06666667,0.4,0.5333333,0.0,0.0,0.0,8104.603,50472.7,0.0,-4999.5,nan,0.0,nan
h2o_co2_hybrid_mrk,X(CO2)=0.200000,10000.0,923.15,0.2,22.6193,0.8,0.2,0.06666667,0.4,0.5333333,0.0,0.0,0.0,10508.69,82939.33,0.0,-4999.5,nan,0.0,nan
h2o_co2_hybrid_mrk,X(CO2)=0.200000,11000.0,923.15,0.2,22.05194,0.8,0.2,0.06666667,0.4,0.5333333,0.0,0.0,0.0,13555.98,134908.7,0.0,-4999.5,nan,0.0,nan
h2o_co2_hybrid_mrk,X(CO2)=0.200000,12000.0,923.15,0.2,21.55459,0.8,0.2,0.06666667,0.4,0.5333333,0.0,0.0,0.0,17410.57,217592.0,0.0,-4999.5,nan,0.0,nan
h2o_co2_hybrid_mrk,X(CO2)=0.200000,13000.0,923.15,0.2,21.11293,0.8,0.2,0.06666667,0.4,0.5333333,0.0,0.0,0.0,22276.97,348450.7,0.0,-4999.5,nan,0.0,nan
h2o_co2_hybrid_mrk,X(CO2)=0.200000,14000.0,923.15,0.2,20.71651,0.8,0.2,0.06666667,0.4,0.5333333,0.0,0.0,0.0,28409.85,554604.1,0.0,-4999.5,nan,0.0,nan
h2o_co2_hybrid_mrk,X(CO2)=0.200000,15000.0,923.15,0.2,20.35749,0.8,0.2,0.06666667,0.4,0.5333333,0.0,0.0,0.0,36126.05,878061.4,0.0,-4999.5,nan,0.0,nan
h2o_co2_hybrid_mrk,X(CO2)=0.200000,16000.0,923.15,0.2,20.02985,0.8,0.2,0.06666667,0.4,0.5333333,0.0,0.0,0.0,45819.47,1383745.0,0.0,-4999.5,nan,0.0,nan
h2o_co2_hybrid_mrk,X(CO2)=0.200000,17000.0,923.15,0.2,19.72887,0.8,0.2,0.06666667,0.4,0.5333333,0.0,0.0,0.0,57979.52,2171776.0,0.0,-4999.5,nan,0.0,nan
h2o_co2_hybrid_mrk,X(CO2)=0.200000,18000.0,923.15,0.2,19.45079,0.8,0.2,0.06666667,0.4,0.5333333,0.0,0.0,0.0,73213.73,3396248.0,0.0,-4999.5,nan,0.0,nan
h2o_co2_hybrid_mrk,X(CO2)=0.200000,19000.0,923.15,0.2,19.19259,0.8,0.2,0.06666667,0.4,0.5333333,0.0,0.0,0.0,92275.89,5293904.0,0.0,-4999.5,nan,0.0,nan
h2o_co2_hybrid_mrk,X(CO2)=0.200000,20000.0,923.15,0.2,18.95176,0.8,0.2,0.06666667,0.4,0.5333333,0.0,0.0,0.0,116100.6,8227854.0,0.0,-4999.5,nan,0.0,nan
h2o_co2_hybrid_mrk,X(CO2)=0.200000,1000.0,973.15,0.2,72.69037,0.8,0.2,0.06666667,0.4,0.5333333,0.0,0.0,0.0,591.9868,241.8306,0.0,-4999.5,nan,0.0,nan
h2o_co2_hybrid_mrk,X(CO2)=0.200000,2000.0,973.15,0.2,43.53583,0.8,0.2,0.06666667,0.4,0.5333333,0.0,0.0,0.0,1036.135,685.5351,0.0,-4999.5,nan,0.0,nan
h2o_co2_hybrid_mrk,X(CO2)=0.200000,3000.0,973.15,0.2,35.18874,0.8,0.2,0.06666667,0.4,0.5333333,0.0,0.0,0.0,1537.767,1476.852,0.0,-4999.5,nan,0.0,nan
h2o_co2_hybrid_mrk,X(CO2)=0.200000,4000.0,973.15,0.2,31.12506,0.8,0.2,0.06666667,0.4,0.5333333,0.0,0.0,0.0,2157.939,2839.302,0.0,-4999.5,nan,0.0,nan
h2o_co2_hybrid_mrk,X(CO2)=0.200000,5000.0,973.15,0.2,28.63647,0.8,0.2,0.06666667,0.4,0.5333333,0.0,0.0,0.0,2939.362,5129.013,0.0,-4999.5,nan,0.0,nan
h2o_co2_hybrid_mrk,X(CO2)=0.200000,6000.0,973.15,0.2,26.90942,0.8,0.2,0.06666667,0.4,0.5333333,0.0,0.0,0.0,3928.075,8905.815,0.0,-4999.5,nan,0.0,nan
h2o_co2_hybrid_mrk,X(CO2)=0.200000,7000.0,973.15,0.2,25.615,0.8,0.2,0.06666667,0.4,0.5333333,0.0,0.0,0.0,5178.895,15044.33,0.0,-4999.5,nan,0.0,nan
h2o_co2_hybrid_mrk,X(CO2)=0.200000,8000.0,973.15,0.2,24.59357,0.8,0.2,0.06666667,0.4,0.5333333,0.0,0.0,0.0,6758.801,24903.64,0.0,-4999.5,nan,0.0,nan
h2o_co2_hybrid_mrk,X(CO2)=0.200000,9000.0,973.15,0.2,23.75752,0.8,0.2,0.06666667,0.4,0.5333333,0.0,0.0,0.0,8750.25,40585.55,0.0,-4999.5,nan,0.0,nan
h2o_co2_hybrid_mrk,X(CO2)=0.200000,10000.0,973.15,0.2,23.05431,0.8,0.2,0.06666667,0.4,0.5333333,0.0,0.0,0.0,11254.99,65326.78,0.0,-4999.5,nan,0.0,nan
h2o_co2_hybrid_mrk,X(CO2)=0.200000,11000.0,973.15,0.2,22.45032,0.8,0.2,0.06666667,0.4,0.5333333,0.0,0.0,0.0,14398.63,104093.1,0.0,-4999.5,nan,0.0,nan
h2o_co2_hybrid_mrk,X(CO2)=0.200000,12000.0,973.15,0.2,21.92285,0.8,0.2,0.06666667,0.4,0.5333333,0.0,0.0,0.0,18336.16,164477.3,0.0,-4999.5,nan,0.0,nan
h2o_co2_hybrid_mrk,X(CO2)=0.200000,13000.0,973.15,0.2,21.45598,0.8,0.2,0.06666667,0.4,0.5333333,0.0,0.0,0.0,23258.71,258054.4,0.0,-4999.5,nan,0.0,nan
h2o_co2_hybrid_mrk,X(CO2)=0.200000,14000.0,973.15,0.2,21.03812,0.8,0.2,0.06666667,0.4,0.5333333,0.0,0.0,0.0,29401.86,402422.5,0.0,-4999.5,nan,0.0,nan
h2o_co2_hybrid_mrk,X(CO2)=0.200000,15000.0,973.15,0.2,20.66063,0.8,0.2,0.06666667,0.4,0.5333333,0.0,0.0,0.0,37055.71,624270.4,0.0,-4999.5,nan,0.0,nan
h2o_co2_hybrid_mrk,X(CO2)=0.200000,16000.0,973.15,0.2,20.31689,0.8,0.2,0.06666667,0.4,0.5333333,0.0,0.0,0.0,46577.27,963984.0,0.0,-4999.5,nan,0.0,nan
h2o_co2_hybrid_mrk,X(CO2)=0.200000,17000.0,973.15,0.2,20.00175,0.8,0.2,0.06666667,0.4,0.5333333,0.0,0.0,0.0,58405.57,1482551.0,0.0,-4999.5,nan,0.0,nan
h2o_co2_hybrid_mrk,X(CO2)=0.200000,18000.0,973.15,0.2,19.71111,0.8,0.2,0.06666667,0.4,0.5333333,0.0,0.0,0.0,73080.14,2271895.0,0.0,-4999.5,nan,0.0,nan
h2o_co2_hybrid_mrk,X(CO2)=0.200000,19000.0,973.15,0.2,19.44167,0.8,0.2,0.06666667,0.4,0.5333333,0.0,0.0,0.0,91263.61,3470335.0,0.0,-4999.5,nan,0.0,nan
h2o_co2_hybrid_mrk,X(CO2)=0.200000,20000.0,973.15,0.2,19.19073,0.8,0.2,0.06666667,0.4,0.5333333,0.0,0.0,0.0,113769.3,5285658.0,0.0,-4999.5,nan,0.0,nan
h2o_co2_hybrid_mrk,X(CO2)=0.200000,1000.0,1023.15,0.2,78.76404,0.8,0.2,0.06666667,0.4,0.5333333,0.0,0.0,0.0,628.3958,236.5782,0.0,-4999.5,nan,0.0,nan
h2o_co2_hybrid_mrk,X(CO2)=0.200000,2000.0,1023.15,0.2,46.27702,0.8,0.2,0.06666667,0.4,0.5333333,0.0,0.0,0.0,1129.445,649.3704,0.0,-4999.5,nan,0.0,nan
h2o_co2_hybrid_mrk,X(CO2)=0.200000,3000.0,1023.15,0.2,36.87609,0.8,0.2,0.06666667,0.4,0.5333333,0.0,0.0,0.0,1687.665,1367.118,0.0,-4999.5,nan,0.0,nan
h2o_co2_hybrid_mrk,X(CO2)=0.200000,4000.0,1023.15,0.2,32.31603,0.8,0.2,0.06666667,0.4,0.5333333,0.0,0.0,0.0,2368.391,2574.475,0.0,-4999.5,nan,0.0,nan
h2o_co2_hybrid_mrk,X(CO2)=0.200000,5000.0,1023.15,0.2,29.55366,0.8,0.2,0.06666667,0.4,0.5333333,0.0,0.0,0.0,3216.454,4559.018,0.0,-4999.5,nan,0.0,nan
h2o_co2_hybrid_mrk,X(CO2)=0.200000,6000.0,1023.15,0.2,27.657,0.8,0.2,0.06666667,0.4,0.5333333,0.0,0.0,0.0,4278.619,7763.382,0.0,-4999.5,nan,0.0,nan
h2o_co2_hybrid_mrk,X(CO2)=0.200000,7000.0,1023.15,0.2,26.24826,0.8,0.2,0.06666667,0.4,0.5333333,0.0,0.0,0.0,5609.508,12864.8,0.0,-4999.5,nan,0.0,nan
h2o_co2_hybrid_mrk,X(CO2)=0.200000,8000.0,1023.15,0.2,25.14488,0.8,0.2,0.06666667,0.4,0.5333333,0.0,0.0,0.0,7274.973,20894.24,0.0,-4999.5,nan,0.0,nan
h2o_co2_hybrid_mrk,X(CO2)=0.200000,9000.0,1023.15,0.2,24.2473,0.8,0.2,0.06666667,0.4,0.5333333,0.0,0.0,0.0,9355.184,33414.11,0.0,-4999.5,nan,0.0,nan
h2o_co2_hybrid_mrk,X(CO2)=0.200000,10000.0,1023.15,0.2,23.49622,0.8,0.2,0.06666667,0.4,0.5333333,0.0,0.0,0.0,11948.06,52782.88,0.0,-4999.5,nan,0.0,nan
h2o_co2_hybrid_mrk,X(CO2)=0.200000,11000.0,1023.15,0.2,22.85391,0.8,0.2,0.06666667,0.4,0.5333333,0.0,0.0,0.0,15173.28,82548.02,0.0,-4999.5,nan,0.0,nan
h2o_co2_hybrid_mrk,X(CO2)=0.200000,12000.0,1023.15,0.2,22.29505,0.8,0.2,0.06666667,0.4,0.5333333,0.0,0.0,0.0,19177.15,128028.5,0.0,-4999.5,nan,0.0,nan
h2o_co2_hybrid_mrk,X(CO2)=0.200000,13000.0,1023.15,0.2,21.80199,0.8,0.2,0.06666667,0.4,0.5333333,0.0,0.0,0.0,24138.37,197177.0,0.0,-4999.5,nan,0.0,nan
h2o_co2_hybrid_mrk,X(CO2)=0.200000,14000.0,1023.15,0.2,21.36192,0.8,0.2,0.06666667,0.4,0.5333333,0.0,0.0,0.0,30275.14,301852.7,0.0,-4999.5,nan,0.0,nan
h2o_co2_hybrid_mrk,X(CO2)=0.200000,15000.0,1023.15,0.2,20.96535,0.8,0.2,0.06666667,0.4,0.5333333,0.0,0.0,0.0,37853.7,459699.6,0.0,-4999.5,nan,0.0,nan
h2o_co2_hybrid_mrk,X(CO2)=0.200000,16000.0,1023.15,0.2,20.60503,0.8,0.2,0.06666667,0.4,0.5333333,0.0,0.0,0.0,47198.64,696911.8,0.0,-4999.5,nan,0.0,nan
h2o_co2_hybrid_mrk,X(CO2)=0.200000,17000.0,1023.15,0.2,20.27533,0.8,0.2,0.06666667,0.4,0.5333333,0.0,0.0,0.0,58705.47,1052301.0,0.0,-4999.5,nan,0.0,nan
h2o_co2_hybrid_mrk,X(CO2)=0.200000,18000.0,1023.15,0.2,19.9718,0.8,0.2,0.06666667,0.4,0.5333333,0.0,0.0,0.0,72855.79,1583271.0,0.0,-4999.5,nan,0.0,nan
h2o_co2_hybrid_mrk,X(CO2)=0.200000,19000.0,1023.15,0.2,19.69086,0.8,0.2,0.06666667,0.4,0.5333333,0.0,0.0,0.0,90235.68,2374581.0,0.0,-4999.5,nan,0.0,nan
h2o_co2_hybrid_mrk,X(CO2)=0.200000,20000.0,1023.15,0.2,19.4296,0.8,0.2,0.06666667,0.4,0.5333333,0.0,0.0,0.0,111557.9,3551196.0,0.0,-4999.5,nan,0.0,nan
h2o_co2_hybrid_mrk,X(CO2)=0.200000,1000.0,1073.15,0.2,84.70553,0.8,0.2,0.06666667,0.4,0.5333333,0.0,0.0,0.0,659.7345,232.8572,0.0,-4999.5,nan,0.0,nan
h2o_co2_hybrid_mrk,X(CO2)=0.200000,2000.0,1073.15,0.2,49.03946,0.8,0.2,0.06666667,0.4,0.5333333,0.0,0.0,0.0,1214.318,621.242,0.0,-4999.5,nan,0.0,nan
h2o_co2_hybrid_mrk,X(CO2)=0.200000,3000.0,1073.15,0.2,38.6172,0.8,0.2,0.06666667,0.4,0.5333333,0.0,0.0,0.0,1827.368,1279.778,0.0,-4999.5,nan,0.0,nan
h2o_co2_hybrid_mrk,X(CO2)=0.200000,4000.0,1073.15,0.2,33.55311,0.8,0.2,0.06666667,0.4,0.5333333,0.0,0.0,0.0,2566.263,2363.794,0.0,-4999.5,nan,0.0,nan
h2o_co2_hybrid_mrk,X(CO2)=0.200000,5000.0,1073.15,0.2,30.50474,0.8,0.2,0.06666667,0.4,0.5333333,0.0,0.0,0.0,3477.435,4109.529,0.0,-4999.5,nan,0.0,nan
h2o_co2_hybrid_mrk,X(CO2)=0.200000,6000.0,1073.15,0.2,28.42911,0.8,0.2,0.06666667,0.4,0.5333333,0.0,0.0,0.0,4608.077,6873.59,0.0,-4999.5,nan,0.0,nan
h2o_co2_hybrid_mrk,X(CO2)=0.200000,7000.0,1073.15,0.2,26.89953,0.8,0.2,0.06666667,0.4,0.5333333,0.0,0.0,0.0,6012.362,11191.29,0.0,-4999.5,nan,0.0,nan
h2o_co2_hybrid_mrk,X(CO2)=0.200000,8000.0,1073.15,0.2,25.70966,0.8,0.2,0.06666667,0.4,0.5333333,0.0,0.0,0.0,7754.778,17862.39,0.0,-4999.5,nan,0.0,nan
h2o_co2_hybrid_mrk,X(CO2)=0.200000,9000.0,1073.15,0.2,24.74732,0.8,0.2,0.06666667,0.4,0.5333333,0.0,0.0,0.0,9913.022,28076.81,0.0,-4999.5,nan,0.0,nan
h2o_co2_hybrid_mrk,X(CO2)=0.200000,10000.0,1073.15,0.2,23.94602,0.8,0.2,0.06666667,0.4,0.5333333,0.0,0.0,0.0,12581.1,43598.25,0.0,-4999.5,nan,0.0,nan
h2o_co2_hybrid_mrk,X(CO2)=0.200000,11000.0,1073.15,0.2,23.26362,0.8,0.2,0.06666667,0.4,0.5333333,0.0,0.0,0.0,15872.87,67032.24,0.0,-4999.5,nan,0.0,nan
h2o_co2_hybrid_mrk,X(CO2)=0.200000,12000.0,1073.15,0.2,22.67205,0.8,0.2,0.06666667,0.4,0.5333333,0.0,0.0,0.0,19926.32,102216.3,0.0,-4999.5,nan,0.0,nan
h2o_co2_hybrid_mrk,X(CO2)=0.200000,13000.0,1073.15,0.2,22.15175,0.8,0.2,0.06666667,0.4,0.5333333,0.0,0.0,0.0,24908.52,154787.5,0.0,-4999.5,nan,0.0,nan
h2o_co2_hybrid_mrk,X(CO2)=0.200000,14000.0,1073.15,0.2,21.68866,0.8,0.2,0.06666667,0.4,0.5333333,0.0,0.0,0.0,31021.76,233005.2,0.0,-4999.5,nan,0.0,nan
h2o_co2_hybrid_mrk,X(CO2)=0.200000,15000.0,1073.15,0.2,21.27236,0.8,0.2,0.06666667,0.4,0.5333333,0.0,0.0,0.0,38510.76,348945.2,0.0,-4999.5,nan,0.0,nan
h2o_co2_hybrid_mrk,X(CO2)=0.200000,16000.0,1073.15,0.2,20.89493,0.8,0.2,0.06666667,0.4,0.5333333,0.0,0.0,0.0,47671.37,520226.2,0.0,-4999.5,nan,0.0,nan
h2o_co2_hybrid_mrk,X(CO2)=0.200000,17000.0,1073.15,0.2,20.55024,0.8,0.2,0.06666667,0.4,0.5333333,0.0,0.0,0.0,58861.07,772506.1,0.0,-4999.5,nan,0.0,nan
h2o_co2_hybrid_mrk,X(CO2)=0.200000,18000.0,1073.15,0.2,20.23347,0.8,0.2,0.06666667,0.4,0.5333333,0.0,0.0,0.0,72511.54,1143086.0,0.0,-4999.5,nan,0.0,nan
h2o_co2_hybrid_mrk,X(CO2)=0.200000,19000.0,1073.15,0.2,19.94075,0.8,0.2,0.06666667,0.4,0.5333333,0.0,0.0,0.0,89143.68,1686108.0,0.0,-4999.5,nan,0.0,nan
h2o_co2_hybrid_mrk,X(CO2)=0.200000,20000.0,1073.15,0.2,19.66891,0.8,0.2,0.06666667,0.4,0.5333333,0.0,0.0,0.0,109385.8,2480042.0,0.0,-4999.5,nan,0.0,nan
h2o_co2_hybrid_mrk,X(CO2)=0.200000,1000.0,1123.15,0.2,90.4812,0.8,0.2,0.06666667,0.4,0.5333333,0.0,0.0,0.0,686.6305,230.1465,0.0,-4999.5,nan,0.0,nan
h2o_co2_hybrid_mrk,X(CO2)=0.200000,2000.0,1123.15,0.2,51.80366,0.8,0.2,0.06666667,0.4,0.5333333,0.0,0.0,0.0,1290.494,599.1087,0.0,-4999.5,nan,0.0,nan
h2o_co2_hybrid_mrk,X(CO2)=0.200000,3000.0,1123.15,0.2,40.39481,0.8,0.2,0.06666667,0.4,0.5333333,0.0,0.0,0.0,1955.617,1209.459,0.0,-4999.5,nan,0.0,nan
h2o_co2_hybrid_mrk,X(CO2)=0.200000,4000.0,1123.15,0.2,34.82989,0.8,0.2,0.06666667,0.4,0.5333333,0.0,0.0,0.0,2749.488,2193.953,0.0,-4999.5,nan,0.0,nan
h2o_co2_hybrid_mrk,X(CO2)=0.200000,5000.0,1123.15,0.2,31.48811,0.8,0.2,0.06666667,0.4,0.5333333,0.0,0.0,0.0,3719.524,3749.665,0.0,-4999.5,nan,0.0,nan
h2o_co2_hybrid_mrk,X(CO2)=0.200000,6000.0,1123.15,0.2,29.22589,0.8,0.2,0.06666667,0.4,0.5333333,0.0,0.0,0.0,4913.031,6168.718,0.0,-4999.5,nan,0.0,nan
h2o_co2_hybrid_mrk,X(CO2)=0.200000,7000.0,1123.15,0.2,27.56954,0.8,0.2,0.06666667,0.4,0.5333333,0.0,0.0,0.0,6383.479,9882.003,0.0,-4999.5,nan,0.0,nan
h2o_co2_hybrid_mrk,X(CO2)=0.200000,8000.0,1123.15,0.2,26.28882,0.8,0.2,0.06666667,0.4,0.5333333,0.0,0.0,0.0,8193.785,15522.34,0.0,-4999.5,nan,0.0,nan
h2o_co2_hybrid_mrk,X(CO2)=0.200000,9000.0,1123.15,0.2,25.25851,0.8,0.2,0.06666667,0.4,0.5333333,0.0,0.0,0.0,10419.02,24015.48,0.0,-4999.5,nan,0.0,nan
h2o_co2_hybrid_mrk,X(CO2)=0.200000,10000.0,1123.15,0.2,24.40458,0.8,0.2,0.06666667,0.4,0.5333333,0.0,0.0,0.0,13149.21,36710.87,0.0,-4999.5,nan,0.0,nan
h2o_co2_hybrid_mrk,X(CO2)=0.200000,11000.0,1123.15,0.2,23.68031,0.8,0.2,0.06666667,0.4,0.5333333,0.0,0.0,0.0,16492.52,55569.51,0.0,-4999.5,nan,0.0,nan
h2o_co2_hybrid_mrk,X(CO2)=0.200000,12000.0,1123.15,0.2,23.05462,0.8,0.2,0.06666667,0.4,0.5333333,0.0,0.0,0.0,20578.93,83432.82,0.0,-4999.5,nan,0.0,nan
h2o_co2_hybrid_mrk,X(CO2)=0.200000,13000.0,1123.15,0.2,22.506,0.8,0.2,0.06666667,0.4,0.5333333,0.0,0.0,0.0,25564.63,124407.5,0.0,-4999.5,nan,0.0,nan
h2o_co2_hybrid_mrk,X(CO2)=0.200000,14000.0,1123.15,0.2,22.01903,0.8,0.2,0.06666667,0.4,0.5333333,0.0,0.0,0.0,31637.22,184415.2,0.0,-4999.5,nan,0.0,nan
h2o_co2_hybrid_mrk,X(CO2)=0.200000,15000.0,1123.15,0.2,21.5823,0.8,0.2,0.06666667,0.4,0.5333333,0.0,0.0,0.0,39021.89,271975.9,0.0,-4999.5,nan,0.0,nan
h2o_co2_hybrid_mrk,X(CO2)=0.200000,16000.0,1123.15,0.2,21.18719,0.8,0.2,0.06666667,0.4,0.5333333,0.0,0.0,0.0,47988.83,399324.9,0.0,-4999.5,nan,0.0,nan
h2o_co2_hybrid_mrk,X(CO2)=0.200000,17000.0,1123.15,0.2,20.82706,0.8,0.2,0.06666667,0.4,0.5333333,0.0,0.0,0.0,58861.97,584001.1,0.0,-4999.5,nan,0.0,nan
h2o_co2_hybrid_mrk,X(CO2)=0.200000,18000.0,1123.15,0.2,20.49667,0.8,0.2,0.06666667,0.4,0.5333333,0.0,0.0,0.0,72029.48,851104.5,0.0,-4999.5,nan,0.0,nan
h2o_co2_hybrid_mrk,X(CO2)=0.200000,19000.0,1123.15,0.2,20.19183,0.8,0.2,0.06666667,0.4,0.5333333,0.0,0.0,0.0,87956.24,1236500.0,0.0,-4999.5,nan,0.0,nan
h2o_co2_hybrid_mrk,X(CO2)=0.200000,20000.0,1123.15,0.2,19.90915,0.8,0.2,0.06666667,0.4,0.5333333,0.0,0.0,0.0,107198.7,1791365.0,0.0,-4999.5,nan,0.0,nan
h2o_co2_hybrid_mrk,X(CO2)=0.200000,1000.0,1173.15,0.2,96.08871,0.8,0.2,0.06666667,0.4,0.5333333,0.0,0.0,0.0,709.6546,228.1209,0.0,-4999.5,nan,0.0,nan
h2o_co2_hybrid_mrk,X(CO2)=0.200000,2000.0,1173.15,0.2,54.55802,0.8,0.2,0.06666667,0.4,0.5333333,0.0,0.0,0.0,1358.094,581.4903,0.0,-4999.5,nan,0.0,nan
h2o_co2_hybrid_mrk,X(CO2)=0.200000,3000.0,1173.15,0.2,42.19402,0.8,0.2,0.06666667,0.4,0.5333333,0.0,0.0,0.0,2071.741,1152.257,0.0,-4999.5,nan,0.0,nan
h2o_co2_hybrid_mrk,X(CO2)=0.200000,4000.0,1173.15,0.2,36.1386,0.8,0.2,0.06666667,0.4,0.5333333,0.0,0.0,0.0,2916.719,2055.451,0.0,-4999.5,nan,0.0,nan
h2o_co2_hybrid_mrk,X(CO2)=0.200000,5000.0,1173.15,0.2,32.50095,0.8,0.2,0.06666667,0.4,0.5333333,0.0,0.0,0.0,3940.797,3457.775,0.0,-4999.5,nan,0.0,nan
h2o_co2_hybrid_mrk,X(CO2)=0.200000,6000.0,1173.15,0.2,30.04675,0.8,0.2,0.06666667,0.4,0.5333333,0.0,0.0,0.0,5191.066,5602.115,0.0,-4999.5,nan,0.0,nan
h2o_co2_hybrid_mrk,X(CO2)=0.200000,7000.0,1173.15,0.2,28.2586,0.8,0.2,0.06666667,0.4,0.5333333,0.0,0.0,0.0,6720.057,8840.987,0.0,-4999.5,nan,0.0,nan
h2o_co2_hybrid_mrk,X(CO2)=0.200000,8000.0,1173.15,0.2,26.88298,0.8,0.2,0.06666667,0.4,0.5333333,0.0,0.0,0.0,8588.927,13684.0,0.0,-4999.5,nan,0.0,nan
h2o_co2_hybrid_mrk,X(CO2)=0.200000,9000.0,1173.15,0.2,25.78161,0.8,0.2,0.06666667,0.4,0.5333333,0.0,0.0,0.0,10870.0,20865.16,0.0,-4999.5,nan,0.0,nan
h2o_co2_hybrid_mrk,X(CO2)=0.200000,10000.0,1173.15,0.2,24.8727,0.8,0.2,0.06666667,0.4,0.5333333,0.0,0.0,0.0,13649.29,31438.2,0.0,-4999.5,nan,0.0,nan
h2o_co2_hybrid_mrk,X(CO2)=0.200000,11000.0,1173.15,0.2,24.10471,0.8,0.2,0.06666667,0.4,0.5333333,0.0,0.0,0.0,17029.36,46911.29,0.0,-4999.5,nan,0.0,nan
h2o_co2_hybrid_mrk,X(CO2)=0.200000,12000.0,1173.15,0.2,23.44348,0.8,0.2,0.06666667,0.4,0.5333333,0.0,0.0,0.0,21132.55,69437.32,0.0,-4999.5,nan,0.0,nan
h2o_co2_hybrid_mrk,X(CO2)=0.200000,13000.0,1173.15,0.2,22.86542,0.8,0.2,0.06666667,0.4,0.5333333,0.0,0.0,0.0,26104.77,102081.9,0.0,-4999.5,nan,0.0,nan
h2o_co2_hybrid_mrk,X(CO2)=0.200000,14000.0,1173.15,0.2,22.35366,0.8,0.2,0.06666667,0.4,0.5333333,0.0,0.0,0.0,32120.04,149200.5,0.0,-4999.5,nan,0.0,nan
h2o_co2_hybrid_mrk,X(CO2)=0.200000,15000.0,1173.15,0.2,21.89577,0.8,0.2,0.06666667,0.4,0.5333333,0.0,0.0,0.0,39385.76,216969.1,0.0,-4999.5,nan,0.0,nan
h2o_co2_hybrid_mrk,X(CO2)=0.200000,16000.0,1173.15,0.2,21.4824,0.8,0.2,0.06666667,0.4,0.5333333,0.0,0.0,0.0,48148.98,314128.1,0.0,-4999.5,nan,0.0,nan
h2o_co2_hybrid_mrk,X(CO2)=0.200000,17000.0,1173.15,0.2,21.10632,0.8,0.2,0.06666667,0.4,0.5333333,0.0,0.0,0.0,58703.84,453026.2,0.0,-4999.5,nan,0.0,nan
h2o_co2_hybrid_mrk,X(CO2)=0.200000,18000.0,1173.15,0.2,20.76189,0.8,0.2,0.06666667,0.4,0.5333333,0.0,0.0,0.0,71400.33,651082.8,0.0,-4999.5,nan,0.0,nan
h2o_co2_hybrid_mrk,X(CO2)=0.200000,19000.0,1173.15,0.2,20.44459,0.8,0.2,0.06666667,0.4,0.5333333,0.0,0.0,0.0,86654.65,932833.5,0.0,-4999.5,nan,0.0,nan
h2o_co2_hybrid_mrk,X(CO2)=0.200000,20000.0,1173.15,0.2,20.15078,0.8,0.2,0.06666667,0.4,0.5333333,0.0,0.0,0.0,104961.5,1332790.0,0.0,-4999.5,nan,0.0,nan
h2o_co2_hybrid_mrk,X(CO2)=0.200000,1000.0,1223.15,0.2,101.5409,0.8,0.2,0.06666667,0.4,0.5333333,0.0,0.0,0.0,729.3107,226.5734,0.0,-4999.5,nan,0.0,nan
h2o_co2_hybrid_mrk,X(CO2)=0.200000,2000.0,1223.15,0.2,57.29489,0.8,0.2,0.06666667,0.4,0.5333333,0.0,0.0,0.0,1417.484,567.3093,0.0,-4999.5,nan,0.0,nan
h2o_co2_hybrid_mrk,X(CO2)=0.200000,3000.0,1223.15,0.2,44.00348,0.8,0.2,0.06666667,0.4,0.5333333,0.0,0.0,0.0,2175.547,1105.292,0.0,-4999.5,nan,0.0,nan
h2o_co2_hybrid_mrk,X(CO2)=0.200000,4000.0,1223.15,0.2,37.47122,0.8,0.2,0.06666667,0.4,0.5333333,0.0,0.0,0.0,3067.242,1941.368,0.0,-4999.5,nan,0.0,nan
h2o_co2_hybrid_mrk,X(CO2)=0.200000,5000.0,1223.15,0.2,33.53948,0.8,0.2,0.06666667,0.4,0.5333333,0.0,0.0,0.0,4140.104,3218.333,0.0,-4999.5,nan,0.0,nan
h2o_co2_hybrid_mrk,X(CO2)=0.200000,6000.0,1223.15,0.2,30.89031,0.8,0.2,0.06666667,0.4,0.5333333,0.0,0.0,0.0,5440.691,5140.863,0.0,-4999.5,nan,0.0,nan
h2o_co2_hybrid_mrk,X(CO2)=0.200000,7000.0,1223.15,0.2,28.96649,0.8,0.2,0.06666667,0.4,0.5333333,0.0,0.0,0.0,7020.37,8001.591,0.0,-4999.5,nan,0.0,nan
h2o_co2_hybrid_mrk,X(CO2)=0.200000,8000.0,1223.15,0.2,27.49249,0.8,0.2,0.06666667,0.4,0.5333333,0.0,0.0,0.0,8938.382,12217.43,0.0,-4999.5,nan,0.0,nan
h2o_co2_hybrid_mrk,X(CO2)=0.200000,9000.0,1223.15,0.2,26.31719,0.8,0.2,0.06666667,0.4,0.5333333,0.0,0.0,0.0,11264.2,18380.34,0.0,-4999.5,nan,0.0,nan
h2o_co2_hybrid_mrk,X(CO2)=0.200000,10000.0,1223.15,0.2,25.351,0.8,0.2,0.06666667,0.4,0.5333333,0.0,0.0,0.0,14079.83,27328.21,0.0,-4999.5,nan,0.0,nan
h2o_co2_hybrid_mrk,X(CO2)=0.200000,11000.0,1223.15,0.2,24.53748,0.8,0.2,0.06666667,0.4,0.5333333,0.0,0.0,0.0,17482.35,40243.7,0.0,-4999.5,nan,0.0,nan
h2o_co2_hybrid_mrk,X(CO2)=0.200000,12000.0,1223.15,0.2,23.83928,0.8,0.2,0.06666667,0.4,0.5333333,0.0,0.0,0.0,21586.76,58791.84,0.0,-4999.5,nan,0.0,nan
h2o_co2_hybrid_mrk,X(CO2)=0.200000,13000.0,1223.15,0.2,23.23062,0.8,0.2,0.06666667,0.4,0.5333333,0.0,0.0,0.0,26529.3,85311.33,0.0,-4999.5,nan,0.0,nan
h2o_co2_hybrid_mrk,X(CO2)=0.200000,14000.0,1223.15,0.2,22.69314,0.8,0.2,0.06666667,0.4,0.5333333,0.0,0.0,0.0,32471.37,123080.1,0.0,-4999.5,nan,0.0,nan
h2o_co2_hybrid_mrk,X(CO2)=0.200000,15000.0,1223.15,0.2,22.21333,0.8,0.2,0.06666667,0.4,0.5333333,0.0,0.0,0.0,39604.07,176683.7,0.0,-4999.5,nan,0.0,nan
h2o_co2_hybrid_mrk,X(CO2)=0.200000,16000.0,1223.15,0.2,21.78106,0.8,0.2,0.06666667,0.4,0.5333333,0.0,0.0,0.0,48153.53,252525.4,0.0,-4999.5,nan,0.0,nan
h2o_co2_hybrid_mrk,X(CO2)=0.200000,17000.0,1223.15,0.2,21.38852,0.8,0.2,0.06666667,0.4,0.5333333,0.0,0.0,0.0,58387.24,359532.1,0.0,-4999.5,nan,0.0,nan
h2o_co2_hybrid_mrk,X(CO2)=0.200000,18000.0,1223.15,0.2,21.02961,0.8,0.2,0.06666667,0.4,0.5333333,0.0,0.0,0.0,70621.42,510129.7,0.0,-4999.5,nan,0.0,nan
h2o_co2_hybrid_mrk,X(CO2)=0.200000,19000.0,1223.15,0.2,20.69948,0.8,0.2,0.06666667,0.4,0.5333333,0.0,0.0,0.0,85229.69,721590.7,0.0,-4999.5,nan,0.0,nan
h2o_co2_hybrid_mrk,X(CO2)=0.200000,20000.0,1223.15,0.2,20.39422,0.8,0.2,0.06666667,0.4,0.5333333,0.0,0.0,0.0,102653.3,1017893.0,0.0,-4999.5,nan,0.0,nan
h2o_co2_hybrid_mrk,X(CO2)=0.200000,1000.0,1273.15,0.2,106.856,0.8,0.2,0.06666667,0.4,0.5333333,0.0,0.0,0.0,746.0378,225.3697,0.0,-4999.5,nan,0.0,nan
h2o_co2_hybrid_mrk,X(CO2)=0.200000,2000.0,1273.15,0.2,60.00909,0.8,0.2,0.06666667,0.4,0.5333333,0.0,0.0,0.0,1469.179,555.7782,0.0,-4999.5,nan,0.0,nan
h2o_co2_hybrid_mrk,X(CO2)=0.200000,3000.0,1273.15,0.2,45.81522,0.8,0.2,0.06666667,0.4,0.5333333,0.0,0.0,0.0,2267.206,1066.411,0.0,-4999.5,nan,0.0,nan
h2o_co2_hybrid_mrk,X(CO2)=0.200000,4000.0,1273.15,0.2,38.82043,0.8,0.2,0.06666667,0.4,0.5333333,0.0,0.0,0.0,3200.869,1846.572,0.0,-4999.5,nan,0.0,nan
h2o_co2_hybrid_mrk,X(CO2)=0.200000,5000.0,1273.15,0.2,34.59937,0.8,0.2,0.06666667,0.4,0.5333333,0.0,0.0,0.0,4316.965,3019.982,0.0,-4999.5,nan,0.0,nan
h2o_co2_hybrid_mrk,X(CO2)=0.200000,6000.0,1273.15,0.2,31.75458,0.8,0.2,0.06666667,0.4,0.5333333,0.0,0.0,0.0,5661.223,4761.231,0.0,-4999.5,nan,0.0,nan
h2o_co2_hybrid_mrk,X(CO2)=0.200000,7000.0,1273.15,0.2,29.69253,0.8,0.2,0.06666667,0.4,0.5333333,0.0,0.0,0.0,7283.654,7316.468,0.0,-4999.5,nan,0.0,nan
h2o_co2_hybrid_mrk,X(CO2)=0.200000,8000.0,1273.15,0.2,28.11733,0.8,0.2,0.06666667,0.4,0.5333333,0.0,0.0,0.0,9241.441,11031.66,0.0,-4999.5,nan,0.0,nan
h2o_co2_hybrid_mrk,X(CO2)=0.200000,9000.0,1273.15,0.2,26.86555,0.8,0.2,0.06666667,0.4,0.5333333,0.0,0.0,0.0,11601.14,16391.6,0.0,-4999.5,nan,0.0,nan
h2o_co2_hybrid_mrk,X(CO2)=0.200000,10000.0,1273.15,0.2,25.83995,0.8,0.2,0.06666667,0.4,0.5333333,0.0,0.0,0.0,14440.75,24073.54,0.0,-4999.5,nan,0.0,nan
h2o_co2_hybrid_mrk,X(CO2)=0.200000,11000.0,1273.15,0.2,24.97917,0.8,0.2,0.06666667,0.4,0.5333333,0.0,0.0,0.0,17852.01,35021.22,0.0,-4999.5,nan,0.0,nan
h2o_co2_hybrid_mrk,X(CO2)=0.200000,12000.0,1273.15,0.2,24.24256,0.8,0.2,0.06666667,0.4,0.5333333,0.0,0.0,0.0,21942.89,50546.4,0.0,-4999.5,nan,0.0,nan
h2o_co2_hybrid_mrk,X(CO2)=0.200000,13000.0,1273.15,0.2,23.60215,0.8,0.2,0.06666667,0.4,0.5333333,0.0,0.0,0.0,26840.51,72468.44,0.0,-4999.5,nan,0.0,nan
h2o_co2_hybrid_mrk,X(CO2)=0.200000,14000.0,1273.15,0.2,23.03799,0.8,0.2,0.06666667,0.4,0.5333333,0.0,0.0,0.0,32694.52,103305.6,0.0,-4999.5,nan,0.0,nan
h2o_co2_hybrid_mrk,X(CO2)=0.200000,15000.0,1273.15,0.2,22.53549,0.8,0.2,0.06666667,0.4,0.5333333,0.0,0.0,0.0,39681.02,146536.8,0.0,-4999.5,nan,0.0,nan
h2o_co2_hybrid_mrk,X(CO2)=0.200000,16000.0,1273.15,0.2,22.08366,0.8,0.2,0.06666667,0.4,0.5333333,0.0,0.0,0.0,48007.16,206960.7,0.0,-4999.5,nan,0.0,nan
h2o_co2_hybrid_mrk,X(CO2)=0.200000,17000.0,1273.15,0.2,21.67411,0.8,0.2,0.06666667,0.4,0.5333333,0.0,0.0,0.0,57916.48,291184.6,0.0,-4999.5,nan,0.0,nan
h2o_co2_hybrid_mrk,X(CO2)=0.200000,18000.0,1273.15,0.2,21.30027,0.8,0.2,0.06666667,0.4,0.5333333,0.0,0.0,0.0,69695.14,408293.9,0.0,-4999.5,nan,0.0,nan
h2o_co2_hybrid_mrk,X(CO2)=0.200000,19000.0,1273.15,0.2,20.95692,0.8,0.2,0.06666667,0.4,0.5333333,0.0,0.0,0.0,83679.27,570764.3,0.0,-4999.5,nan,0.0,nan
h2o_co2_hybrid_mrk,X(CO2)=0.200000,20000.0,1273.15,0.2,20.63987,0.8,0.2,0.06666667,0.4,0.5333333,0.0,0.0,0.0,100263.4,795705.0,0.0,-4999.5,nan,0.0,nan
h2o_co2_hybrid_mrk,X(CO2)=0.200000,1000.0,1323.15,0.2,112.053,0.8,0.2,0.06666667,0.4,0.5333333,0.0,0.0,0.0,760.2153,224.4205,0.0,-4999.5,nan,0.0,nan
h2o_co2_hybrid_mrk,X(CO2)=0.200000,2000.0,1323.15,0.2,62.69744,0.8,0.2,0.06666667,0.4,0.5333333,0.0,0.0,0.0,1513.764,546.3175,0.0,-4999.5,nan,0.0,nan
h2o_co2_hybrid_mrk,X(CO2)=0.200000,3000.0,1323.15,0.2,47.62393,0.8,0.2,0.06666667,0.4,0.5333333,0.0,0.0,0.0,2347.15,1033.987,0.0,-4999.5,nan,0.0,nan
h2o_co2_hybrid_mrk,X(CO2)=0.200000,4000.0,1323.15,0.2,40.18009,0.8,0.2,0.06666667,0.4,0.5333333,0.0,0.0,0.0,3317.823,1767.203,0.0,-4999.5,nan,0.0,nan
h2o_co2_hybrid_mrk,X(CO2)=0.200000,5000.0,1323.15,0.2,35.67625,0.8,0.2,0.06666667,0.4,0.5333333,0.0,0.0,0.0,4471.446,2854.271,0.0,-4999.5,nan,0.0,nan
h2o_co2_hybrid_mrk,X(CO2)=0.200000,6000.0,1323.15,0.2,32.63712,0.8,0.2,0.06666667,0.4,0.5333333,0.0,0.0,0.0,5852.662,4445.786,0.0,-4999.5,nan,0.0,nan
h2o_co2_hybrid_mrk,X(CO2)=0.200000,7000.0,1323.15,0.2,30.43562,0.8,0.2,0.06666667,0.4,0.5333333,0.0,0.0,0.0,7509.953,6751.292,0.0,-4999.5,nan,0.0,nan
h2o_co2_hybrid_mrk,X(CO2)=0.200000,8000.0,1323.15,0.2,28.75715,0.8,0.2,0.06666667,0.4,0.5333333,0.0,0.0,0.0,9498.338,10061.64,0.0,-4999.5,nan,0.0,nan
h2o_co2_hybrid_mrk,X(CO2)=0.200000,9000.0,1323.15,0.2,27.42678,0.8,0.2,0.06666667,0.4,0.5333333,0.0,0.0,0.0,11881.4,14779.39,0.0,-4999.5,nan,0.0,nan
h2o_co2_hybrid_mrk,X(CO2)=0.200000,10000.0,1323.15,0.2,26.33986,0.8,0.2,0.06666667,0.4,0.5333333,0.0,0.0,0.0,14733.19,21460.18,0.0,-4999.5,nan,0.0,nan
h2o_co2_hybrid_mrk,X(CO2)=0.200000,11000.0,1323.15,0.2,25.43017,0.8,0.2,0.06666667,0.4,0.5333333,0.0,0.0,0.0,18140.23,30869.07,0.0,-4999.5,nan,0.0,nan
h2o_co2_hybrid_mrk,X(CO2)=0.200000,12000.0,1323.15,0.2,24.6538,0.8,0.2,0.06666667,0.4,0.5333333,0.0,0.0,0.0,22203.77,44056.97,0.0,-4999.5,nan,0.0,nan
h2o_co2_hybrid_mrk,X(CO2)=0.200000,13000.0,1323.15,0.2,23.98049,0.8,0.2,0.06666667,0.4,0.5333333,0.0,0.0,0.0,27042.31,62464.45,0.0,-4999.5,nan,0.0,nan
h2o_co2_hybrid_mrk,X(CO2)=0.200000,14000.0,1323.15,0.2,23.38871,0.8,0.2,0.06666667,0.4,0.5333333,0.0,0.0,0.0,32794.56,88062.39,0.0,-4999.5,nan,0.0,nan
h2o_co2_hybrid_mrk,X(CO2)=0.200000,15000.0,1323.15,0.2,22.8627,0.8,0.2,0.06666667,0.4,0.5333333,0.0,0.0,0.0,39622.82,123542.4,0.0,-4999.5,nan,0.0,nan
h2o_co2_hybrid_mrk,X(CO2)=0.200000,16000.0,1323.15,0.2,22.39066,0.8,0.2,0.06666667,0.4,0.5333333,0.0,0.0,0.0,47716.9,172574.4,0.0,-4999.5,nan,0.0,nan
h2o_co2_hybrid_mrk,X(CO2)=0.200000,17000.0,1323.15,0.2,21.96353,0.8,0.2,0.06666667,0.4,0.5333333,0.0,0.0,0.0,57298.74,240154.7,0.0,-4999.5,nan,0.0,nan
h2o_co2_hybrid_mrk,X(CO2)=0.200000,18000.0,1323.15,0.2,21.57427,0.8,0.2,0.06666667,0.4,0.5333333,0.0,0.0,0.0,68627.66,333075.4,0.0,-4999.5,nan,0.0,nan
h2o_co2_hybrid_mrk,X(CO2)=0.200000,19000.0,1323.15,0.2,21.21729,0.8,0.2,0.06666667,0.4,0.5333333,0.0,0.0,0.0,82006.55,460558.3,0.0,-4999.5,nan,0.0,nan
h2o_co2_hybrid_mrk,X(CO2)=0.200000,20000.0,1323.15,0.2,20.8881,0.8,0.2,0.06666667,0.4,0.5333333,0.0,0.0,0.0,97789.01,635108.9,0.0,-4999.5,nan,0.0,nan
h2o_co2_hybrid_mrk,X(CO2)=0.200000,1000.0,1373.15,0.2,117.1492,0.8,0.2,0.06666667,0.4,0.5333333,0.0,0.0,0.0,772.171,223.6654,0.0,-4999.5,nan,0.0,nan
h2o_co2_hybrid_mrk,X(CO2)=0.200000,2000.0,1373.15,0.2,65.35844,0.8,0.2,0.06666667,0.4,0.5333333,0.0,0.0,0.0,1551.849,538.4976,0.0,-4999.5,nan,0.0,nan
h2o_co2_hybrid_mrk,X(CO2)=0.200000,3000.0,1373.15,0.2,49.42625,0.8,0.2,0.06666667,0.4,0.5333333,0.0,0.0,0.0,2415.986,1006.779,0.0,-4999.5,nan,0.0,nan
h2o_co2_hybrid_mrk,X(CO2)=0.200000,4000.0,1373.15,0.2,41.54546,0.8,0.2,0.06666667,0.4,0.5333333,0.0,0.0,0.0,3418.641,1700.316,0.0,-4999.5,nan,0.0,nan
h2o_co2_hybrid_mrk,X(CO2)=0.200000,5000.0,1373.15,0.2,36.76603,0.8,0.2,0.06666667,0.4,0.5333333,0.0,0.0,0.0,4604.051,2714.814,0.0,-4999.5,nan,0.0,nan
h2o_co2_hybrid_mrk,X(CO2)=0.200000,6000.0,1373.15,0.2,33.53527,0.8,0.2,0.06666667,0.4,0.5333333,0.0,0.0,0.0,6015.56,4181.5,0.0,-4999.5,nan,0.0,nan
h2o_co2_hybrid_mrk,X(CO2)=0.200000,7000.0,1373.15,0.2,31.19429,0.8,0.2,0.06666667,0.4,0.5333333,0.0,0.0,0.0,7699.982,6280.73,0.0,-4999.5,nan,0.0,nan
h2o_co2_hybrid_mrk,X(CO2)=0.200000,8000.0,1373.15,0.2,29.41131,0.8,0.2,0.06666667,0.4,0.5333333,0.0,0.0,0.0,9710.085,9259.924,0.0,-4999.5,nan,0.0,nan
h2o_co2_hybrid_mrk,X(CO2)=0.200000,9000.0,1373.15,0.2,28.00071,0.8,0.2,0.06666667,0.4,0.5333333,0.0,0.0,0.0,12106.46,13457.64,0.0,-4999.5,nan,0.0,nan
h2o_co2_hybrid_mrk,X(CO2)=0.200000,10000.0,1373.15,0.2,26.85085,0.8,0.2,0.06666667,0.4,0.5333333,0.0,0.0,0.0,14959.26,19335.95,0.0,-4999.5,nan,0.0,nan
h2o_co2_hybrid_mrk,X(CO2)=0.200000,11000.0,1373.15,0.2,25.89077,0.8,0.2,0.06666667,0.4,0.5333333,0.0,0.0,0.0,18349.96,27524.06,0.0,-4999.5,nan,0.0,nan
h2o_co2_hybrid_mrk,X(CO2)=0.200000,12000.0,1373.15,0.2,25.07334,0.8,0.2,0.06666667,0.4,0.5333333,0.0,0.0,0.0,22373.37,38876.81,0.0,-4999.5,nan,0.0,nan
h2o_co2_hybrid_mrk,X(CO2)=0.200000,13000.0,1373.15,0.2,24.36602,0.8,0.2,0.06666667,0.4,0.5333333,0.0,0.0,0.0,27139.88,54553.33,0.0,-4999.5,nan,0.0,nan
h2o_co2_hybrid_mrk,X(CO2)=0.200000,14000.0,1373.15,0.2,23.74569,0.8,0.2,0.06666667,0.4,0.5333333,0.0,0.0,0.0,32777.96,76122.41,0.0,-4999.5,nan,0.0,nan
h2o_co2_hybrid_mrk,X(CO2)=0.200000,15000.0,1373.15,0.2,23.19539,0.8,0.2,0.06666667,0.4,0.5333333,0.0,0.0,0.0,39437.18,105703.6,0.0,-4999.5,nan,0.0,nan
h2o_co2_hybrid_mrk,X(CO2)=0.200000,16000.0,1373.15,0.2,22.70245,0.8,0.2,0.06666667,0.4,0.5333333,0.0,0.0,0.0,47291.53,146156.4,0.0,-4999.5,nan,0.0,nan
h2o_co2_hybrid_mrk,X(CO2)=0.200000,17000.0,1373.15,0.2,22.25717,0.8,0.2,0.06666667,0.4,0.5333333,0.0,0.0,0.0,56543.36,201332.3,0.0,-4999.5,nan,0.0,nan
h2o_co2_hybrid_mrk,X(CO2)=0.200000,18000.0,1373.15,0.2,21.852,0.8,0.2,0.06666667,0.4,0.5333333,0.0,0.0,0.0,67427.92,276412.7,0.0,-4999.5,nan,0.0,nan
h2o_co2_hybrid_mrk,X(CO2)=0.200000,19000.0,1373.15,0.2,21.48096,0.8,0.2,0.06666667,0.4,0.5333333,0.0,0.0,0.0,80218.51,378358.5,0.0,-4999.5,nan,0.0,nan
h2o_co2_hybrid_mrk,X(CO2)=0.200000,20000.0,1373.15,0.2,21.13926,0.8,0.2,0.06666667,0.4,0.5333333,0.0,0.0,0.0,95232.59,516511.3,0.0,-4999.5,nan,0.0,nan
h2o_co2_hybrid_mrk,X(CO2)=0.200000,1000.0,1423.15,0.2,122.1602,0.8,0.2,0.06666667,0.4,0.5333333,0.0,0.0,0.0,782.1877,223.0627,0.0,-4999.5,nan,0.0,nan
h2o_co2_hybrid_mrk,X(CO2)=0.200000,2000.0,1423.15,0.2,67.99193,0.8,0.2,0.06666667,0.4,0.5333333,0.0,0.0,0.0,1584.037,531.997,0.0,-4999.5,nan,0.0,nan
h2o_co2_hybrid_mrk,X(CO2)=0.200000,3000.0,1423.15,0.2,51.22014,0.8,0.2,0.06666667,0.4,0.5333333,0.0,0.0,0.0,2474.423,983.8304,0.0,-4999.5,nan,0.0,nan
h2o_co2_hybrid_mrk,X(CO2)=0.200000,4000.0,1423.15,0.2,42.91302,0.8,0.2,0.06666667,0.4,0.5333333,0.0,0.0,0.0,3504.08,1643.636,0.0,-4999.5,nan,0.0,nan
h2o_co2_hybrid_mrk,X(CO2)=0.200000,5000.0,1423.15,0.2,37.86519,0.8,0.2,0.06666667,0.4,0.5333333,0.0,0.0,0.0,4715.61,2596.716,0.0,-4999.5,nan,0.0,nan
h2o_co2_hybrid_mrk,X(CO2)=0.200000,6000.0,1423.15,0.2,34.44639,0.8,0.2,0.06666667,0.4,0.5333333,0.0,0.0,0.0,6150.898,3958.493,0.0,-4999.5,nan,0.0,nan
h2o_co2_hybrid_mrk,X(CO2)=0.200000,7000.0,1423.15,0.2,31.9669,0.8,0.2,0.06666667,0.4,0.5333333,0.0,0.0,0.0,7854.979,5885.778,0.0,-4999.5,nan,0.0,nan
h2o_co2_hybrid_mrk,X(CO2)=0.200000,8000.0,1423.15,0.2,30.07892,0.8,0.2,0.06666667,0.4,0.5333333,0.0,0.0,0.0,9878.315,8591.345,0.0,-4999.5,nan,0.0,nan
h2o_co2_hybrid_mrk,X(CO2)=0.200000,9000.0,1423.15,0.2,28.58697,0.8,0.2,0.06666667,0.4,0.5333333,0.0,0.0,0.0,12278.51,12363.26,0.0,-4999.5,nan,0.0,nan
h2o_co2_hybrid_mrk,X(CO2)=0.200000,10000.0,1423.15,0.2,27.37284,0.8,0.2,0.06666667,0.4,0.5333333,0.0,0.0,0.0,15121.87,17590.58,0.0,-4999.5,nan,0.0,nan
h2o_co2_hybrid_mrk,X(CO2)=0.200000,11000.0,1423.15,0.2,26.36109,0.8,0.2,0.06666667,0.4,0.5333333,0.0,0.0,0.0,18485.0,24797.64,0.0,-4999.5,nan,0.0,nan
h2o_co2_hybrid_mrk,X(CO2)=0.200000,12000.0,1423.15,0.2,25.50142,0.8,0.2,0.06666667,0.4,0.5333333,0.0,0.0,0.0,22456.59,34689.55,0.0,-4999.5,nan,0.0,nan
h2o_co2_hybrid_mrk,X(CO2)=0.200000,13000.0,1423.15,0.2,24.75907,0.8,0.2,0.06666667,0.4,0.5333333,0.0,0.0,0.0,27139.34,48212.77,0.0,-4999.5,nan,0.0,nan
h2o_co2_hybrid_mrk,X(CO2)=0.200000,14000.0,1423.15,0.2,24.10927,0.8,0.2,0.06666667,0.4,0.5333333,0.0,0.0,0.0,32652.2,66635.43,0.0,-4999.5,nan,0.0,nan
h2o_co2_hybrid_mrk,X(CO2)=0.200000,15000.0,1423.15,0.2,23.5339,0.8,0.2,0.06666667,0.4,0.5333333,0.0,0.0,0.0,39132.94,91653.89,0.0,-4999.5,nan,0.0,nan
h2o_co2_hybrid_mrk,X(CO2)=0.200000,16000.0,1423.15,0.2,23.01939,0.8,0.2,0.06666667,0.4,0.5333333,0.0,0.0,0.0,46741.07,125533.9,0.0,-4999.5,nan,0.0,nan
h2o_co2_hybrid_mrk,X(CO2)=0.200000,17000.0,1423.15,0.2,22.55537,0.8,0.2,0.06666667,0.4,0.5333333,0.0,0.0,0.0,55661.18,171297.7,0.0,-4999.5,nan,0.0,nan
h2o_co2_hybrid_mrk,X(CO2)=0.200000,18000.0,1423.15,0.2,22.13379,0.8,0.2,0.06666667,0.4,0.5333333,0.0,0.0,0.0,66106.8,232970.7,0.0,-4999.5,nan,0.0,nan
h2o_co2_hybrid_mrk,X(CO2)=0.200000,19000.0,1423.15,0.2,21.74826,0.8,0.2,0.06666667,0.4,0.5333333,0.0,0.0,0.0,78324.84,315908.8,0.0,-4999.5,nan,0.0,nan
h2o_co2_hybrid_mrk,X(CO2)=0.200000,20000.0,1423.15,0.2,21.39367,0.8,0.2,0.06666667,0.4,0.5333333,0.0,0.0,0.0,92600.71,427229.6,0.0,-4999.5,nan,0.0,nan
h2o_co2_hybrid_mrk,X(CO2)=0.200000,1000.0,1473.15,0.2,127.0993,0.8,0.2,0.06666667,0.4,0.5333333,0.0,0.0,0.0,790.5096,222.5828,0.0,-4999.5,nan,0.0,nan
h2o_co2_hybrid_mrk,X(CO2)=0.200000,2000.0,1473.15,0.2,70.59878,0.8,0.2,0.06666667,0.4,0.5333333,0.0,0.0,0.0,1610.903,526.5725,0.0,-4999.5,nan,0.0,nan
h2o_co2_hybrid_mrk,X(CO2)=0.200000,3000.0,1473.15,0.2,53.00451,0.8,0.2,0.06666667,0.4,0.5333333,0.0,0.0,0.0,2523.229,964.3965,0.0,-4999.5,nan,0.0,nan
h2o_co2_hybrid_mrk,X(CO2)=0.200000,4000.0,1473.15,0.2,44.28032,0.8,0.2,0.06666667,0.4,0.5333333,0.0,0.0,0.0,3575.041,1595.391,0.0,-4999.5,nan,0.0,nan
h2o_co2_hybrid_mrk,X(CO2)=0.200000,5000.0,1473.15,0.2,38.97082,0.8,0.2,0.06666667,0.4,0.5333333,0.0,0.0,0.0,4807.188,2496.181,0.0,-4999.5,nan,0.0,nan
h2o_co2_hybrid_mrk,X(CO2)=0.200000,6000.0,1473.15,0.2,35.368,0.8,0.2,0.06666667,0.4,0.5333333,0.0,0.0,0.0,6259.975,3769.17,0.0,-4999.5,nan,0.0,nan
h2o_co2_hybrid_mrk,X(CO2)=0.200000,7000.0,1473.15,0.2,32.7517,0.8,0.2,0.06666667,0.4,0.5333333,0.0,0.0,0.0,7976.579,5551.974,0.0,-4999.5,nan,0.0,nan
h2o_co2_hybrid_mrk,X(CO2)=0.200000,8000.0,1473.15,0.2,30.7589,0.8,0.2,0.06666667,0.4,0.5333333,0.0,0.0,0.0,10005.13,8029.417,0.0,-4999.5,nan,0.0,nan
h2o_co2_hybrid_mrk,X(CO2)=0.200000,9000.0,1473.15,0.2,29.18497,0.8,0.2,0.06666667,0.4,0.5333333,0.0,0.0,0.0,12400.25,11449.24,0.0,-4999.5,nan,0.0,nan
h2o_co2_hybrid_mrk,X(CO2)=0.200000,10000.0,1473.15,0.2,27.90561,0.8,0.2,0.06666667,0.4,0.5333333,0.0,0.0,0.0,15224.5,16142.79,0.0,-4999.5,nan,0.0,nan
h2o_co2_hybrid_mrk,X(CO2)=0.200000,11000.0,1473.15,0.2,26.84112,0.8,0.2,0.06666667,0.4,0.5333333,0.0,0.0,0.0,18549.81,22552.33,0.0,-4999.5,nan,0.0,nan
h2o_co2_hybrid_mrk,X(CO2)=0.200000,12000.0,1473.15,0.2,25.93818,0.8,0.2,0.06666667,0.4,0.5333333,0.0,0.0,0.0,22458.99,31266.95,0.0,-4999.5,nan,0.0,nan
h2o_co2_hybrid_mrk,X(CO2)=0.200000,13000.0,1473.15,0.2,25.15983,0.8,0.2,0.06666667,0.4,0.5333333,0.0,0.0,0.0,27047.52,43069.94,0.0,-4999.5,nan,0.0,nan
h2o_co2_hybrid_mrk,X(CO2)=0.200000,14000.0,1473.15,0.2,24.47971,0.8,0.2,0.06666667,0.4,0.5333333,0.0,0.0,0.0,32425.47,59000.98,0.0,-4999.5,nan,0.0,nan
h2o_co2_hybrid_mrk,X(CO2)=0.200000,15000.0,1473.15,0.2,23.87852,0.8,0.2,0.06666667,0.4,0.5333333,0.0,0.0,0.0,38719.69,80437.97,0.0,-4999.5,nan,0.0,nan
h2o_co2_hybrid_mrk,X(CO2)=0.200000,16000.0,1473.15,0.2,23.34178,0.8,0.2,0.06666667,0.4,0.5333333,0.0,0.0,0.0,46076.39,109204.3,0.0,-4999.5,nan,0.0,nan
h2o_co2_hybrid_mrk,X(CO2)=0.200000,17000.0,1473.15,0.2,22.85846,0.8,0.2,0.06666667,0.4,0.5333333,0.0,0.0,0.0,54664.0,147709.9,0.0,-4999.5,nan,0.0,nan
h2o_co2_hybrid_mrk,X(CO2)=0.200000,18000.0,1473.15,0.2,22.41996,0.8,0.2,0.06666667,0.4,0.5333333,0.0,0.0,0.0,64676.47,199135.3,0.0,-4999.5,nan,0.0,nan
h2o_co2_hybrid_mrk,X(CO2)=0.200000,19000.0,1473.15,0.2,22.01949,0.8,0.2,0.06666667,0.4,0.5333333,0.0,0.0,0.0,76337.04,267673.8,0.0,-4999.5,nan,0.0,nan
h2o_co2_hybrid_mrk,X(CO2)=0.200000,20000.0,1473.15,0.2,21.65163,0.8,0.2,0.06666667,0.4,0.5333333,0.0,0.0,0.0,89902.6,358847.5,0.0,-4999.5,nan,0.0,nan
h2o_co2_hybrid_mrk,X(CO2)=0.200000,1000.0,1523.15,0.2,131.9779,0.8,0.2,0.06666667,0.4,0.5333333,0.0,0.0,0.0,797.3475,222.2045,0.0,-4999.5,nan,0.0,nan
h2o_co2_hybrid_mrk,X(CO2)=0.200000,2000.0,1523.15,0.2,73.18054,0.8,0.2,0.06666667,0.4,0.5333333,0.0,0.0,0.0,1632.986,522.0382,0.0,-4999.5,nan,0.0,nan
h2o_co2_hybrid_mrk,X(CO2)=0.200000,3000.0,1523.15,0.2,54.77892,0.8,0.2,0.06666667,0.4,0.5333333,0.0,0.0,0.0,2563.182,947.8946,0.0,-4999.5,nan,0.0,nan
h2o_co2_hybrid_mrk,X(CO2)=0.200000,4000.0,1523.15,0.2,45.64572,0.8,0.2,0.06666667,0.4,0.5333333,0.0,0.0,0.0,3632.509,1554.184,0.0,-4999.5,nan,0.0,nan
h2o_co2_hybrid_mrk,X(CO2)=0.200000,5000.0,1523.15,0.2,40.08065,0.8,0.2,0.06666667,0.4,0.5333333,0.0,0.0,0.0,4880.001,2410.232,0.0,-4999.5,nan,0.0,nan
h2o_co2_hybrid_mrk,X(CO2)=0.200000,6000.0,1523.15,0.2,36.29793,0.8,0.2,0.06666667,0.4,0.5333333,0.0,0.0,0.0,6344.308,3607.621,0.0,-4999.5,nan,0.0,nan
h2o_co2_hybrid_mrk,X(CO2)=0.200000,7000.0,1523.15,0.2,33.54698,0.8,0.2,0.06666667,0.4,0.5333333,0.0,0.0,0.0,8066.7,5268.17,0.0,-4999.5,nan,0.0,nan
h2o_co2_hybrid_mrk,X(CO2)=0.200000,8000.0,1523.15,0.2,31.45008,0.8,0.2,0.06666667,0.4,0.5333333,0.0,0.0,0.0,10092.95,7553.919,0.0,-4999.5,nan,0.0,nan
h2o_co2_hybrid_mrk,X(CO2)=0.200000,9000.0,1523.15,0.2,29.79401,0.8,0.2,0.06666667,0.4,0.5333333,0.0,0.0,0.0,12474.77,10680.05,0.0,-4999.5,nan,0.0,nan
h2o_co2_hybrid_mrk,X(CO2)=0.200000,10000.0,1523.15,0.2,28.44878,0.8,0.2,0.06666667,0.4,0.5333333,0.0,0.0,0.0,15271.07,14931.76,0.0,-4999.5,nan,0.0,nan
h2o_co2_hybrid_mrk,X(CO2)=0.200000,11000.0,1523.15,0.2,27.33072,0.8,0.2,0.06666667,0.4,0.5333333,0.0,0.0,0.0,18549.25,20686.25,0.0,-4999.5,nan,0.0,nan
h2o_co2_hybrid_mrk,X(CO2)=0.200000,12000.0,1523.15,0.2,26.38362,0.8,0.2,0.06666667,0.4,0.5333333,0.0,0.0,0.0,22386.57,28441.55,0.0,-4999.5,nan,0.0,nan
h2o_co2_hybrid_mrk,X(CO2)=0.200000,13000.0,1523.15,0.2,25.56843,0.8,0.2,0.06666667,0.4,0.5333333,0.0,0.0,0.0,26871.71,38853.98,0.0,-4999.5,nan,0.0,nan
h2o_co2_hybrid_mrk,X(CO2)=0.200000,14000.0,1523.15,0.2,24.85721,0.8,0.2,0.06666667,0.4,0.5333333,0.0,0.0,0.0,32106.4,52787.11,0.0,-4999.5,nan,0.0,nan
h2o_co2_hybrid_mrk,X(CO2)=0.200000,15000.0,1523.15,0.2,24.22948,0.8,0.2,0.06666667,0.4,0.5333333,0.0,0.0,0.0,38207.44,71375.51,0.0,-4999.5,nan,0.0,nan
h2o_co2_hybrid_mrk,X(CO2)=0.200000,16000.0,1523.15,0.2,23.66988,0.8,0.2,0.06666667,0.4,0.5333333,0.0,0.0,0.0,45308.8,96107.63,0.0,-4999.5,nan,0.0,nan
h2o_co2_hybrid_mrk,X(CO2)=0.200000,17000.0,1523.15,0.2,23.16668,0.8,0.2,0.06666667,0.4,0.5333333,0.0,0.0,0.0,53564.19,128933.7,0.0,-4999.5,nan,0.0,nan
h2o_co2_hybrid_mrk,X(CO2)=0.200000,18000.0,1523.15,0.2,22.71076,0.8,0.2,0.06666667,0.4,0.5333333,0.0,0.0,0.0,63149.83,172405.9,0.0,-4999.5,nan,0.0,nan
h2o_co2_hybrid_mrk,X(CO2)=0.200000,19000.0,1523.15,0.2,22.29492,0.8,0.2,0.06666667,0.4,0.5333333,0.0,0.0,0.0,74267.7,229860.3,0.0,-4999.5,nan,0.0,nan
h2o_co2_hybrid_mrk,X(CO2)=0.200000,20000.0,1523.15,0.2,21.91339,0.8,0.2,0.06666667,0.4,0.5333333,0.0,0.0,0.0,87149.23,305653.0,0.0,-4999.5,nan,0.0,nan
h2o_co2_hybrid_mrk,X(CO2)=0.200000,1000.0,1573.15,0.2,136.8056,0.8,0.2,0.06666667,0.4,0.5333333,0.0,0.0,0.0,802.8844,221.9122,0.0,-4999.5,nan,0.0,nan
h2o_co2_hybrid_mrk,X(CO2)=0.200000,2000.0,1573.15,0.2,75.73917,0.8,0.2,0.06666667,0.4,0.5333333,0.0,0.0,0.0,1650.782,518.2505,0.0,-4999.5,nan,0.0,nan
h2o_co2_hybrid_mrk,X(CO2)=0.200000,3000.0,1573.15,0.2,56.54344,0.8,0.2,0.06666667,0.4,0.5333333,0.0,0.0,0.0,2595.053,933.863,0.0,-4999.5,nan,0.0,nan
h2o_co2_hybrid_mrk,X(CO2)=0.200000,4000.0,1573.15,0.2,47.00823,0.8,0.2,0.06666667,0.4,0.5333333,0.0,0.0,0.0,3677.507,1518.903,0.0,-4999.5,nan,0.0,nan
h2o_co2_hybrid_mrk,X(CO2)=0.200000,5000.0,1573.15,0.2,41.19298,0.8,0.2,0.06666667,0.4,0.5333333,0.0,0.0,0.0,4935.358,2336.511,0.0,-4999.5,nan,0.0,nan
h2o_co2_hybrid_mrk,X(CO2)=0.200000,6000.0,1573.15,0.2,37.23432,0.8,0.2,0.06666667,0.4,0.5333333,0.0,0.0,0.0,6405.554,3469.199,0.0,-4999.5,nan,0.0,nan
h2o_co2_hybrid_mrk,X(CO2)=0.200000,7000.0,1573.15,0.2,34.35114,0.8,0.2,0.06666667,0.4,0.5333333,0.0,0.0,0.0,8127.438,5025.67,0.0,-4999.5,nan,0.0,nan
h2o_co2_hybrid_mrk,X(CO2)=0.200000,8000.0,1573.15,0.2,32.15126,0.8,0.2,0.06666667,0.4,0.5333333,0.0,0.0,0.0,10144.45,7149.22,0.0,-4999.5,nan,0.0,nan
h2o_co2_hybrid_mrk,X(CO2)=0.200000,9000.0,1573.15,0.2,30.41326,0.8,0.2,0.06666667,0.4,0.5333333,0.0,0.0,0.0,12505.43,10028.48,0.0,-4999.5,nan,0.0,nan
h2o_co2_hybrid_mrk,X(CO2)=0.200000,10000.0,1573.15,0.2,29.00185,0.8,0.2,0.06666667,0.4,0.5333333,0.0,0.0,0.0,15265.74,13911.32,0.0,-4999.5,nan,0.0,nan
h2o_co2_hybrid_mrk,X(CO2)=0.200000,11000.0,1573.15,0.2,27.82963,0.8,0.2,0.06666667,0.4,0.5333333,0.0,0.0,0.0,18488.47,19122.82,0.0,-4999.5,nan,0.0,nan
h2o_co2_hybrid_mrk,X(CO2)=0.200000,12000.0,1573.15,0.2,26.83767,0.8,0.2,0.06666667,0.4,0.5333333,0.0,0.0,0.0,22245.6,26088.62,0.0,-4999.5,nan,0.0,nan
h2o_co2_hybrid_mrk,X(CO2)=0.200000,13000.0,1573.15,0.2,25.98489,0.8,0.2,0.06666667,0.4,0.5333333,0.0,0.0,0.0,26619.39,35365.0,0.0,-4999.5,nan,0.0,nan
h2o_co2_hybrid_mrk,X(CO2)=0.200000,14000.0,1573.15,0.2,25.24186,0.8,0.2,0.06666667,0.4,0.5333333,0.0,0.0,0.0,31703.84,47677.94,0.0,-4999.5,nan,0.0,nan
h2o_co2_hybrid_mrk,X(CO2)=0.200000,15000.0,1573.15,0.2,24.58693,0.8,0.2,0.06666667,0.4,0.5333333,0.0,0.0,0.0,37606.38,63973.45,0.0,-4999.5,nan,0.0,nan
h2o_co2_hybrid_mrk,X(CO2)=0.200000,16000.0,1573.15,0.2,24.00387,0.8,0.2,0.06666667,0.4,0.5333333,0.0,0.0,0.0,44449.79,85482.61,0.0,-4999.5,nan,0.0,nan
h2o_co2_hybrid_mrk,X(CO2)=0.200000,17000.0,1573.15,0.2,23.48025,0.8,0.2,0.06666667,0.4,0.5333333,0.0,0.0,0.0,52374.31,113805.5,0.0,-4999.5,nan,0.0,nan
h2o_co2_hybrid_mrk,X(CO2)=0.200000,18000.0,1573.15,0.2,23.00643,0.8,0.2,0.06666667,0.4,0.5333333,0.0,0.0,0.0,61540.09,151019.2,0.0,-4999.5,nan,0.0,nan
h2o_co2_hybrid_mrk,X(CO2)=0.200000,19000.0,1573.15,0.2,22.57478,0.8,0.2,0.06666667,0.4,0.5333333,0.0,0.0,0.0,72129.96,199817.3,0.0,-4999.5,nan,0.0,nan
h2o_co2_hybrid_mrk,X(CO2)=0.200000,20000.0,1573.15,0.2,22.17919,0.8,0.2,0.06666667,0.4,0.5333333,0.0,0.0,0.0,84352.58,263689.1,0.0,-4999.5,nan,0.0,nan
h2o_co2_hybrid_mrk,X(CO2)=0.300000,1000.0,373.15,0.3,26.03268,0.7,0.3,0.1,0.4333333,0.4666667,0.0,0.0,0.0,16.81687,692.3056,0.0,-4999.5,nan,0.0,nan
h2o_co2_hybrid_mrk,X(CO2)=0.300000,2000.0,373.15,0.3,24.31137,0.7,0.3,0.1,0.4333333,0.4666667,0.0,0.0,0.0,29.64906,2799.004,0.0,-4999.5,nan,0.0,nan
h2o_co2_hybrid_mrk,X(CO2)=0.300000,3000.0,373.15,0.3,23.17678,0.7,0.3,0.1,0.4333333,0.4666667,0.0,0.0,0.0,52.0989,9938.395,0.0,-4999.5,nan,0.0,nan
h2o_co2_hybrid_mrk,X(CO2)=0.300000,4000.0,373.15,0.3,22.33812,0.7,0.3,0.1,0.4333333,0.4666667,0.0,0.0,0.0,90.92456,32946.84,0.0,-4999.5,nan,0.0,nan
h2o_co2_hybrid_mrk,X(CO2)=0.300000,5000.0,373.15,0.3,21.67583,0.7,0.3,0.1,0.4333333,0.4666667,0.0,0.0,0.0,157.6339,104590.9,0.0,-4999.5,nan,0.0,nan
h2o_co2_hybrid_mrk,X(CO2)=0.300000,6000.0,373.15,0.3,21.13011,0.7,0.3,0.1,0.4333333,0.4666667,0.0,0.0,0.0,271.6762,322192.3,0.0,-4999.5,nan,0.0,nan
h2o_co2_hybrid_mrk,X(CO2)=0.300000,7000.0,373.15,0.3,20.6669,0.7,0.3,0.1,0.4333333,0.4666667,0.0,0.0,0.0,465.8118,970755.9,0.0,-4999.5,nan,0.0,nan
h2o_co2_hybrid_mrk,X(CO2)=0.300000,8000.0,373.15,0.3,20.26506,0.7,0.3,0.1,0.4333333,0.4666667,0.0,0.0,0.0,795.0775,2875431.0,0.0,-4999.5,nan,0.0,nan
h2o_co2_hybrid_mrk,X(CO2)=0.300000,9000.0,373.15,0.3,19.91056,0.7,0.3,0.1,0.4333333,0.4666667,0.0,0.0,0.0,1351.724,8402776.0,0.0,-4999.5,nan,0.0,nan
h2o_co2_hybrid_mrk,X(CO2)=0.300000,10000.0,373.15,0.3,19.59363,0.7,0.3,0.1,0.4333333,0.4666667,0.0,0.0,0.0,2290.059,24286680.0,0.0,-4999.5,nan,0.0,nan
h2o_co2_hybrid_mrk,X(CO2)=0.300000,11000.0,373.15,0.3,19.30723,0.7,0.3,0.1,0.4333333,0.4666667,0.0,0.0,0.0,3867.712,69559360.0,0.0,-4999.5,nan,0.0,nan
h2o_co2_hybrid_mrk,X(CO2)=0.300000,12000.0,373.15,0.3,19.0461,0.7,0.3,0.1,0.4333333,0.4666667,0.0,0.0,0.0,6514.073,197701100.0,0.0,-4999.5,nan,0.0,nan
h2o_co2_hybrid_mrk,X(CO2)=0.300000,13000.0,373.15,0.3,18.80621,0.7,0.3,0.1,0.4333333,0.4666667,0.0,0.0,0.0,10943.68,558234500.0,0.0,-4999.5,nan,0.0,nan
h2o_co2_hybrid_mrk,X(CO2)=0.300000,14000.0,373.15,0.3,18.58442,0.7,0.3,0.1,0.4333333,0.4666667,0.0,0.0,0.0,18343.84,1567352000.0,0.0,-4999.5,nan,0.0,nan
h2o_co2_hybrid_mrk,X(CO2)=0.300000,15000.0,373.15,0.3,18.37823,0.7,0.3,0.1,0.4333333,0.4666667,0.0,0.0,0.0,30684.75,4378988000.0,0.0,-4999.5,nan,0.0,nan
h2o_co2_hybrid_mrk,X(CO2)=0.300000,16000.0,373.15,0.3,18.18562,0.7,0.3,0.1,0.4333333,0.4666667,0.0,0.0,0.0,51231.67,12181370000.0,0.0,-4999.5,nan,0.0,nan
h2o_co2_hybrid_mrk,X(CO2)=0.300000,17000.0,373.15,0.3,18.00493,0.7,0.3,0.1,0.4333333,0.4666667,0.0,0.0,0.0,85389.75,33755790000.0,0.0,-4999.5,nan,0.0,nan
h2o_co2_hybrid_mrk,X(CO2)=0.300000,18000.0,373.15,0.3,17.83478,0.7,0.3,0.1,0.4333333,0.4666667,0.0,0.0,0.0,142096.8,93220350000.0,0.0,-4999.5,nan,0.0,nan
h2o_co2_hybrid_mrk,X(CO2)=0.300000,19000.0,373.15,0.3,17.67403,0.7,0.3,0.1,0.4333333,0.4666667,0.0,0.0,0.0,236116.8,256646900000.0,0.0,-4999.5,nan,0.0,nan
h2o_co2_hybrid_mrk,X(CO2)=0.300000,20000.0,373.15,0.3,17.52171,0.7,0.3,0.1,0.4333333,0.4666667,0.0,0.0,0.0,391814.4,704619900000.0,0.0,-4999.5,nan,0.0,nan
h2o_co2_hybrid_mrk,X(CO2)=0.300000,1000.0,423.15,0.3,27.84272,0.7,0.3,0.1,0.4333333,0.4666667,0.0,0.0,0.0,35.24606,772.5718,0.0,-4999.5,nan,0.0,nan
h2o_co2_hybrid_mrk,X(CO2)=0.300000,2000.0,423.15,0.3,25.45158,0.7,0.3,0.1,0.4333333,0.4666667,0.0,0.0,0.0,58.98033,2937.124,0.0,-4999.5,nan,0.0,nan
h2o_co2_hybrid_mrk,X(CO2)=0.300000,3000.0,423.15,0.3,24.0339,0.7,0.3,0.1,0.4333333,0.4666667,0.0,0.0,0.0,98.41492,9525.097,0.0,-4999.5,nan,0.0,nan
h2o_co2_hybrid_mrk,X(CO2)=0.300000,4000.0,423.15,0.3,23.03207,0.7,0.3,0.1,0.4333333,0.4666667,0.0,0.0,0.0,162.9709,28564.97,0.0,-4999.5,nan,0.0,nan
h2o_co2_hybrid_mrk,X(CO2)=0.300000,5000.0,423.15,0.3,22.26157,0.7,0.3,0.1,0.4333333,0.4666667,0.0,0.0,0.0,267.9088,81666.76,0.0,-4999.5,nan,0.0,nan
h2o_co2_hybrid_mrk,X(CO2)=0.300000,6000.0,423.15,0.3,21.63794,0.7,0.3,0.1,0.4333333,0.4666667,0.0,0.0,0.0,437.6067,226011.7,0.0,-4999.5,nan,0.0,nan
h2o_co2_hybrid_mrk,X(CO2)=0.300000,7000.0,423.15,0.3,21.11553,0.7,0.3,0.1,0.4333333,0.4666667,0.0,0.0,0.0,710.8532,610852.3,0.0,-4999.5,nan,0.0,nan
h2o_co2_hybrid_mrk,X(CO2)=0.300000,8000.0,423.15,0.3,20.66691,0.7,0.3,0.1,0.4333333,0.4666667,0.0,0.0,0.0,1149.205,1621467.0,0.0,-4999.5,nan,0.0,nan
h2o_co2_hybrid_mrk,X(CO2)=0.300000,9000.0,423.15,0.3,20.27438,0.7,0.3,0.1,0.4333333,0.4666667,0.0,0.0,0.0,1850.135,4243336.0,0.0,-4999.5,nan,0.0,nan
h2o_co2_hybrid_mrk,X(CO2)=0.300000,10000.0,423.15,0.3,19.92584,0.7,0.3,0.1,0.4333333,0.4666667,0.0,0.0,0.0,2967.691,10977790.0,0.0,-4999.5,nan,0.0,nan
h2o_co2_hybrid_mrk,X(CO2)=0.300000,11000.0,423.15,0.3,19.61268,0.7,0.3,0.1,0.4333333,0.4666667,0.0,0.0,0.0,4744.887,28132080.0,0.0,-4999.5,nan,0.0,nan
h2o_co2_hybrid_mrk,X(CO2)=0.300000,12000.0,423.15,0.3,19.32856,0.7,0.3,0.1,0.4333333,0.4666667,0.0,0.0,0.0,7564.47,71520420.0,0.0,-4999.5,nan,0.0,nan
h2o_co2_hybrid_mrk,X(CO2)=0.300000,13000.0,423.15,0.3,19.06868,0.7,0.3,0.1,0.4333333,0.4666667,0.0,0.0,0.0,12028.35,180598400.0,0.0,-4999.5,nan,0.0,nan
h2o_co2_hybrid_mrk,X(CO2)=0.300000,14000.0,423.15,0.3,18.82932,0.7,0.3,0.1,0.4333333,0.4666667,0.0,0.0,0.0,19081.77,453379400.0,0.0,-4999.5,nan,0.0,nan
h2o_co2_hybrid_mrk,X(CO2)=0.300000,15000.0,423.15,0.3,18.60756,0.7,0.3,0.1,0.4333333,0.4666667,0.0,0.0,0.0,30207.22,1132407000.0,0.0,-4999.5,nan,0.0,nan
h2o_co2_hybrid_mrk,X(CO2)=0.300000,16000.0,423.15,0.3,18.40103,0.7,0.3,0.1,0.4333333,0.4666667,0.0,0.0,0.0,47727.04,2815829000.0,0.0,-4999.5,nan,0.0,nan
h2o_co2_hybrid_mrk,X(CO2)=0.300000,17000.0,423.15,0.3,18.20783,0.7,0.3,0.1,0.4333333,0.4666667,0.0,0.0,0.0,75275.03,6974222000.0,0.0,-4999.5,nan,0.0,nan
h2o_co2_hybrid_mrk,X(CO2)=0.300000,18000.0,423.15,0.3,18.02637,0.7,0.3,0.1,0.4333333,0.4666667,0.0,0.0,0.0,118531.2,17213070000.0,0.0,-4999.5,nan,0.0,nan
h2o_co2_hybrid_mrk,X(CO2)=0.300000,19000.0,423.15,0.3,17.85532,0.7,0.3,0.1,0.4333333,0.4666667,0.0,0.0,0.0,186365.0,42349860000.0,0.0,-4999.5,nan,0.0,nan
h2o_co2_hybrid_mrk,X(CO2)=0.300000,20000.0,423.15,0.3,17.69359,0.7,0.3,0.1,0.4333333,0.4666667,0.0,0.0,0.0,292614.0,103899200000.0,0.0,-4999.5,nan,0.0,nan
h2o_co2_hybrid_mrk,X(CO2)=0.300000,1000.0,473.15,0.3,30.0256,0.7,0.3,0.1,0.4333333,0.4666667,0.0,0.0,0.0,61.68296,735.7609,0.0,-4999.5,nan,0.0,nan
h2o_co2_hybrid_mrk,X(CO2)=0.300000,2000.0,473.15,0.3,26.74525,0.7,0.3,0.1,0.4333333,0.4666667,0.0,0.0,0.0,99.38302,2667.075,0.0,-4999.5,nan,0.0,nan
h2o_co2_hybrid_mrk,X(CO2)=0.300000,3000.0,473.15,0.3,25.00695,0.7,0.3,0.1,0.4333333,0.4666667,0.0,0.0,0.0,159.4947,8033.692,0.0,-4999.5,nan,0.0,nan
h2o_co2_hybrid_mrk,X(CO2)=0.300000,4000.0,473.15,0.3,23.83052,0.7,0.3,0.1,0.4333333,0.4666667,0.0,0.0,0.0,253.6809,22213.44,0.0,-4999.5,nan,0.0,nan
h2o_co2_hybrid_mrk,X(CO2)=0.300000,5000.0,473.15,0.3,22.9472,0.7,0.3,0.1,0.4333333,0.4666667,0.0,0.0,0.0,400.1886,58372.29,0.0,-4999.5,nan,0.0,nan
h2o_co2_hybrid_mrk,X(CO2)=0.300000,6000.0,473.15,0.3,22.24341,0.7,0.3,0.1,0.4333333,0.4666667,0.0,0.0,0.0,626.9001,148242.1,0.0,-4999.5,nan,0.0,nan
h2o_co2_hybrid_mrk,X(CO2)=0.300000,7000.0,473.15,0.3,21.66045,0.7,0.3,0.1,0.4333333,0.4666667,0.0,0.0,0.0,976.2192,367323.7,0.0,-4999.5,nan,0.0,nan
h2o_co2_hybrid_mrk,X(CO2)=0.300000,8000.0,473.15,0.3,21.16415,0.7,0.3,0.1,0.4333333,0.4666667,0.0,0.0,0.0,1512.465,893381.6,0.0,-4999.5,nan,0.0,nan
h2o_co2_hybrid_mrk,X(CO2)=0.300000,9000.0,473.15,0.3,20.73286,0.7,0.3,0.1,0.4333333,0.4666667,0.0,0.0,0.0,2332.99,2141318.0,0.0,-4999.5,nan,0.0,nan
h2o_co2_hybrid_mrk,X(CO2)=0.300000,10000.0,473.15,0.3,20.35206,0.7,0.3,0.1,0.4333333,0.4666667,0.0,0.0,0.0,3584.875,5072403.0,0.0,-4999.5,nan,0.0,nan
h2o_co2_hybrid_mrk,X(CO2)=0.300000,11000.0,473.15,0.3,20.01154,0.7,0.3,0.1,0.4333333,0.4666667,0.0,0.0,0.0,5489.951,11899790.0,0.0,-4999.5,nan,0.0,nan
h2o_co2_hybrid_mrk,X(CO2)=0.300000,12000.0,473.15,0.3,19.70385,0.7,0.3,0.1,0.4333333,0.4666667,0.0,0.0,0.0,8382.267,27691150.0,0.0,-4999.5,nan,0.0,nan
h2o_co2_hybrid_mrk,X(CO2)=0.300000,13000.0,473.15,0.3,19.42342,0.7,0.3,0.1,0.4333333,0.4666667,0.0,0.0,0.0,12764.14,63995420.0,0.0,-4999.5,nan,0.0,nan
h2o_co2_hybrid_mrk,X(CO2)=0.300000,14000.0,473.15,0.3,19.16595,0.7,0.3,0.1,0.4333333,0.4666667,0.0,0.0,0.0,19389.91,147021900.0,0.0,-4999.5,nan,0.0,nan
h2o_co2_hybrid_mrk,X(CO2)=0.300000,15000.0,473.15,0.3,18.92807,0.7,0.3,0.1,0.4333333,0.4666667,0.0,0.0,0.0,29390.98,336029400.0,0.0,-4999.5,nan,0.0,nan
h2o_co2_hybrid_mrk,X(CO2)=0.300000,16000.0,473.15,0.3,18.7071,0.7,0.3,0.1,0.4333333,0.4666667,0.0,0.0,0.0,44462.35,764557900.0,0.0,-4999.5,nan,0.0,nan
h2o_co2_hybrid_mrk,X(CO2)=0.300000,17000.0,473.15,0.3,18.50086,0.7,0.3,0.1,0.4333333,0.4666667,0.0,0.0,0.0,67140.63,1732642000.0,0.0,-4999.5,nan,0.0,nan
h2o_co2_hybrid_mrk,X(CO2)=0.300000,18000.0,473.15,0.3,18.30755,0.7,0.3,0.1,0.4333333,0.4666667,0.0,0.0,0.0,101218.1,3912581000.0,0.0,-4999.5,nan,0.0,nan
h2o_co2_hybrid_mrk,X(CO2)=0.300000,19000.0,473.15,0.3,18.1257,0.7,0.3,0.1,0.4333333,0.4666667,0.0,0.0,0.0,152358.9,8807141000.0,0.0,-4999.5,nan,0.0,nan
h2o_co2_hybrid_mrk,X(CO2)=0.300000,20000.0,473.15,0.3,17.95404,0.7,0.3,0.1,0.4333333,0.4666667,0.0,0.0,0.0,229015.5,19767920000.0,0.0,-4999.5,nan,0.0,nan
h2o_co2_hybrid_mrk,X(CO2)=0.300000,1000.0,523.15,0.3,32.64435,0.7,0.3,0.1,0.4333333,0.4666667,0.0,0.0,0.0,96.4214,666.1692,0.0,-4999.5,nan,0.0,nan
h2o_co2_hybrid_mrk,X(CO2)=0.300000,2000.0,523.15,0.3,28.16831,0.7,0.3,0.1,0.4333333,0.4666667,0.0,0.0,0.0,151.3154,2330.958,0.0,-4999.5,nan,0.0,nan
h2o_co2_hybrid_mrk,X(CO2)=0.300000,3000.0,523.15,0.3,26.0496,0.7,0.3,0.1,0.4333333,0.4666667,0.0,0.0,0.0,235.8135,6609.915,0.0,-4999.5,nan,0.0,nan
h2o_co2_hybrid_mrk,X(CO2)=0.300000,4000.0,523.15,0.3,24.677,0.7,0.3,0.1,0.4333333,0.4666667,0.0,0.0,0.0,363.5072,17099.94,0.0,-4999.5,nan,0.0,nan
h2o_co2_hybrid_mrk,X(CO2)=0.300000,5000.0,523.15,0.3,23.67063,0.7,0.3,0.1,0.4333333,0.4666667,0.0,0.0,0.0,555.1259,41939.6,0.0,-4999.5,nan,0.0,nan
h2o_co2_hybrid_mrk,X(CO2)=0.300000,6000.0,523.15,0.3,22.88096,0.7,0.3,0.1,0.4333333,0.4666667,0.0,0.0,0.0,841.2172,99291.37,0.0,-4999.5,nan,0.0,nan
h2o_co2_hybrid_mrk,X(CO2)=0.300000,7000.0,523.15,0.3,22.23393,0.7,0.3,0.1,0.4333333,0.4666667,0.0,0.0,0.0,1266.559,229206.2,0.0,-4999.5,nan,0.0,nan
h2o_co2_hybrid_mrk,X(CO2)=0.300000,8000.0,523.15,0.3,21.68756,0.7,0.3,0.1,0.4333333,0.4666667,0.0,0.0,0.0,1896.616,519135.5,0.0,-4999.5,nan,0.0,nan
h2o_co2_hybrid_mrk,X(CO2)=0.300000,9000.0,523.15,0.3,21.21584,0.7,0.3,0.1,0.4333333,0.4666667,0.0,0.0,0.0,2826.907,1158462.0,0.0,-4999.5,nan,0.0,nan
h2o_co2_hybrid_mrk,X(CO2)=0.300000,10000.0,523.15,0.3,20.80154,0.7,0.3,0.1,0.4333333,0.4666667,0.0,0.0,0.0,4196.556,2554457.0,0.0,-4999.5,nan,0.0,nan
h2o_co2_hybrid_mrk,X(CO2)=0.300000,11000.0,523.15,0.3,20.4327,0.7,0.3,0.1,0.4333333,0.4666667,0.0,0.0,0.0,6207.867,5577728.0,0.0,-4999.5,nan,0.0,nan
h2o_co2_hybrid_mrk,X(CO2)=0.300000,12000.0,523.15,0.3,20.1007,0.7,0.3,0.1,0.4333333,0.4666667,0.0,0.0,0.0,9154.591,12079700.0,0.0,-4999.5,nan,0.0,nan
h2o_co2_hybrid_mrk,X(CO2)=0.300000,13000.0,523.15,0.3,19.79909,0.7,0.3,0.1,0.4333333,0.4666667,0.0,0.0,0.0,13462.67,25979730.0,0.0,-4999.5,nan,0.0,nan
h2o_co2_hybrid_mrk,X(CO2)=0.300000,14000.0,523.15,0.3,19.52299,0.7,0.3,0.1,0.4333333,0.4666667,0.0,0.0,0.0,19748.94,55541560.0,0.0,-4999.5,nan,0.0,nan
h2o_co2_hybrid_mrk,X(CO2)=0.300000,15000.0,523.15,0.3,19.26856,0.7,0.3,0.1,0.4333333,0.4666667,0.0,0.0,0.0,28905.64,118126900.0,0.0,-4999.5,nan,0.0,nan
h2o_co2_hybrid_mrk,X(CO2)=0.300000,16000.0,523.15,0.3,19.03277,0.7,0.3,0.1,0.4333333,0.4666667,0.0,0.0,0.0,42221.94,250095000.0,0.0,-4999.5,nan,0.0,nan
h2o_co2_hybrid_mrk,X(CO2)=0.300000,17000.0,523.15,0.3,18.81315,0.7,0.3,0.1,0.4333333,0.4666667,0.0,0.0,0.0,61558.62,527372400.0,0.0,-4999.5,nan,0.0,nan
h2o_co2_hybrid_mrk,X(CO2)=0.300000,18000.0,523.15,0.3,18.60771,0.7,0.3,0.1,0.4333333,0.4666667,0.0,0.0,0.0,89598.9,1108099000.0,0.0,-4999.5,nan,0.0,nan
h2o_co2_hybrid_mrk,X(CO2)=0.300000,19000.0,523.15,0.3,18.41478,0.7,0.3,0.1,0.4333333,0.4666667,0.0,0.0,0.0,130208.4,2320868000.0,0.0,-4999.5,nan,0.0,nan
h2o_co2_hybrid_mrk,X(CO2)=0.300000,20000.0,523.15,0.3,18.23297,0.7,0.3,0.1,0.4333333,0.4666667,0.0,0.0,0.0,188951.7,4846988000.0,0.0,-4999.5,nan,0.0,nan
h2o_co2_hybrid_mrk,X(CO2)=0.300000,1000.0,573.15,0.3,35.75286,0.7,0.3,0.1,0.4333333,0.4666667,0.0,0.0,0.0,138.9117,595.6072,0.0,-4999.5,nan,0.0,nan
h2o_co2_hybrid_mrk,X(CO2)=0.300000,2000.0,573.15,0.3,29.71295,0.7,0.3,0.1,0.4333333,0.4666667,0.0,0.0,0.0,214.4909,2030.087,0.0,-4999.5,nan,0.0,nan
h2o_co2_hybrid_mrk,X(CO2)=0.300000,3000.0,573.15,0.3,27.14333,0.7,0.3,0.1,0.4333333,0.4666667,0.0,0.0,0.0,327.0448,5476.036,0.0,-4999.5,nan,0.0,nan
h2o_co2_hybrid_mrk,X(CO2)=0.300000,4000.0,573.15,0.3,25.54932,0.7,0.3,0.1,0.4333333,0.4666667,0.0,0.0,0.0,491.9637,13403.67,0.0,-4999.5,nan,0.0,nan
h2o_co2_hybrid_mrk,X(CO2)=0.300000,5000.0,573.15,0.3,24.40816,0.7,0.3,0.1,0.4333333,0.4666667,0.0,0.0,0.0,732.1147,31041.23,0.0,-4999.5,nan,0.0,nan
h2o_co2_hybrid_mrk,X(CO2)=0.300000,6000.0,573.15,0.3,23.52632,0.7,0.3,0.1,0.4333333,0.4666667,0.0,0.0,0.0,1080.162,69327.41,0.0,-4999.5,nan,0.0,nan
h2o_co2_hybrid_mrk,X(CO2)=0.300000,7000.0,573.15,0.3,22.81153,0.7,0.3,0.1,0.4333333,0.4666667,0.0,0.0,0.0,1582.53,150898.2,0.0,-4999.5,nan,0.0,nan
h2o_co2_hybrid_mrk,X(CO2)=0.300000,8000.0,573.15,0.3,22.21282,0.7,0.3,0.1,0.4333333,0.4666667,0.0,0.0,0.0,2305.045,322165.7,0.0,-4999.5,nan,0.0,nan
h2o_co2_hybrid_mrk,X(CO2)=0.300000,9000.0,573.15,0.3,21.69918,0.7,0.3,0.1,0.4333333,0.4666667,0.0,0.0,0.0,3340.871,677558.0,0.0,-4999.5,nan,0.0,nan
h2o_co2_hybrid_mrk,X(CO2)=0.300000,10000.0,573.15,0.3,21.25041,0.7,0.3,0.1,0.4333333,0.4666667,0.0,0.0,0.0,4821.645,1407932.0,0.0,-4999.5,nan,0.0,nan
h2o_co2_hybrid_mrk,X(CO2)=0.300000,11000.0,573.15,0.3,20.8526,0.7,0.3,0.1,0.4333333,0.4666667,0.0,0.0,0.0,6933.081,2896864.0,0.0,-4999.5,nan,0.0,nan
h2o_co2_hybrid_mrk,X(CO2)=0.300000,12000.0,573.15,0.3,20.49584,0.7,0.3,0.1,0.4333333,0.4666667,0.0,0.0,0.0,9936.817,5911444.0,0.0,-4999.5,nan,0.0,nan
h2o_co2_hybrid_mrk,X(CO2)=0.300000,13000.0,573.15,0.3,20.17278,0.7,0.3,0.1,0.4333333,0.4666667,0.0,0.0,0.0,14200.98,11979100.0,0.0,-4999.5,nan,0.0,nan
h2o_co2_hybrid_mrk,X(CO2)=0.300000,14000.0,573.15,0.3,19.87787,0.7,0.3,0.1,0.4333333,0.4666667,0.0,0.0,0.0,20242.88,24129600.0,0.0,-4999.5,nan,0.0,nan
h2o_co2_hybrid_mrk,X(CO2)=0.300000,15000.0,573.15,0.3,19.60678,0.7,0.3,0.1,0.4333333,0.4666667,0.0,0.0,0.0,28788.7,48352190.0,0.0,-4999.5,nan,0.0,nan
h2o_co2_hybrid_mrk,X(CO2)=0.300000,16000.0,573.15,0.3,19.3561,0.7,0.3,0.1,0.4333333,0.4666667,0.0,0.0,0.0,40856.66,96450180.0,0.0,-4999.5,nan,0.0,nan
h2o_co2_hybrid_mrk,X(CO2)=0.300000,17000.0,573.15,0.3,19.1231,0.7,0.3,0.1,0.4333333,0.4666667,0.0,0.0,0.0,57873.16,191620800.0,0.0,-4999.5,nan,0.0,nan
h2o_co2_hybrid_mrk,X(CO2)=0.300000,18000.0,573.15,0.3,18.90554,0.7,0.3,0.1,0.4333333,0.4666667,0.0,0.0,0.0,81834.48,379339600.0,0.0,-4999.5,nan,0.0,nan
h2o_co2_hybrid_mrk,X(CO2)=0.300000,19000.0,573.15,0.3,18.70157,0.7,0.3,0.1,0.4333333,0.4666667,0.0,0.0,0.0,115532.0,748554200.0,0.0,-4999.5,nan,0.0,nan
h2o_co2_hybrid_mrk,X(CO2)=0.300000,20000.0,573.15,0.3,18.50965,0.7,0.3,0.1,0.4333333,0.4666667,0.0,0.0,0.0,162865.8,1472877000.0,0.0,-4999.5,nan,0.0,nan
h2o_co2_hybrid_mrk,X(CO2)=0.300000,1000.0,623.15,0.3,39.42081,0.7,0.3,0.1,0.4333333,0.4666667,0.0,0.0,0.0,187.6907,534.6105,0.0,-4999.5,nan,0.0,nan
h2o_co2_hybrid_mrk,X(CO2)=0.300000,2000.0,623.15,0.3,31.38571,0.7,0.3,0.1,0.4333333,0.4666667,0.0,0.0,0.0,287.8965,1784.532,0.0,-4999.5,nan,0.0,nan
h2o_co2_hybrid_mrk,X(CO2)=0.300000,3000.0,623.15,0.3,28.2875,0.7,0.3,0.1,0.4333333,0.4666667,0.0,0.0,0.0,432.1057,4615.338,0.0,-4999.5,nan,0.0,nan
h2o_co2_hybrid_mrk,X(CO2)=0.300000,4000.0,623.15,0.3,26.44423,0.7,0.3,0.1,0.4333333,0.4666667,0.0,0.0,0.0,637.7237,10781.23,0.0,-4999.5,nan,0.0,nan
h2o_co2_hybrid_mrk,X(CO2)=0.300000,5000.0,623.15,0.3,25.15539,0.7,0.3,0.1,0.4333333,0.4666667,0.0,0.0,0.0,929.5361,23787.95,0.0,-4999.5,nan,0.0,nan
h2o_co2_hybrid_mrk,X(CO2)=0.300000,6000.0,623.15,0.3,24.17452,0.7,0.3,0.1,0.4333333,0.4666667,0.0,0.0,0.0,1341.939,50578.43,0.0,-4999.5,nan,0.0,nan
h2o_co2_hybrid_mrk,X(CO2)=0.300000,7000.0,623.15,0.3,23.38799,0.7,0.3,0.1,0.4333333,0.4666667,0.0,0.0,0.0,1922.532,104765.3,0.0,-4999.5,nan,0.0,nan
h2o_co2_hybrid_mrk,X(CO2)=0.300000,8000.0,623.15,0.3,22.73451,0.7,0.3,0.1,0.4333333,0.4666667,0.0,0.0,0.0,2737.074,212810.4,0.0,-4999.5,nan,0.0,nan
h2o_co2_hybrid_mrk,X(CO2)=0.300000,9000.0,623.15,0.3,22.17744,0.7,0.3,0.1,0.4333333,0.4666667,0.0,0.0,0.0,3876.263,425781.2,0.0,-4999.5,nan,0.0,nan
h2o_co2_hybrid_mrk,X(CO2)=0.300000,10000.0,623.15,0.3,21.69321,0.7,0.3,0.1,0.4333333,0.4666667,0.0,0.0,0.0,5465.015,841619.6,0.0,-4999.5,nan,0.0,nan
h2o_co2_hybrid_mrk,X(CO2)=0.300000,11000.0,623.15,0.3,21.26581,0.7,0.3,0.1,0.4333333,0.4666667,0.0,0.0,0.0,7675.121,1647163.0,0.0,-4999.5,nan,0.0,nan
h2o_co2_hybrid_mrk,X(CO2)=0.300000,12000.0,623.15,0.3,20.8839,0.7,0.3,0.1,0.4333333,0.4666667,0.0,0.0,0.0,10742.53,3197162.0,0.0,-4999.5,nan,0.0,nan
h2o_co2_hybrid_mrk,X(CO2)=0.300000,13000.0,623.15,0.3,20.53916,0.7,0.3,0.1,0.4333333,0.4666667,0.0,0.0,0.0,14990.89,6162410.0,0.0,-4999.5,nan,0.0,nan
h2o_co2_hybrid_mrk,X(CO2)=0.300000,14000.0,623.15,0.3,20.22531,0.7,0.3,0.1,0.4333333,0.4666667,0.0,0.0,0.0,20863.68,11806680.0,0.0,-4999.5,nan,0.0,nan
h2o_co2_hybrid_mrk,X(CO2)=0.300000,15000.0,623.15,0.3,19.93753,0.7,0.3,0.1,0.4333333,0.4666667,0.0,0.0,0.0,28967.86,22503110.0,0.0,-4999.5,nan,0.0,nan
h2o_co2_hybrid_mrk,X(CO2)=0.300000,16000.0,623.15,0.3,19.67199,0.7,0.3,0.1,0.4333333,0.4666667,0.0,0.0,0.0,40133.31,42695030.0,0.0,-4999.5,nan,0.0,nan
h2o_co2_hybrid_mrk,X(CO2)=0.300000,17000.0,623.15,0.3,19.42566,0.7,0.3,0.1,0.4333333,0.4666667,0.0,0.0,0.0,55493.66,80679750.0,0.0,-4999.5,nan,0.0,nan
h2o_co2_hybrid_mrk,X(CO2)=0.300000,18000.0,623.15,0.3,19.19606,0.7,0.3,0.1,0.4333333,0.4666667,0.0,0.0,0.0,76596.06,151914200.0,0.0,-4999.5,nan,0.0,nan
h2o_co2_hybrid_mrk,X(CO2)=0.300000,19000.0,623.15,0.3,18.98115,0.7,0.3,0.1,0.4333333,0.4666667,0.0,0.0,0.0,105550.2,285129600.0,0.0,-4999.5,nan,0.0,nan
h2o_co2_hybrid_mrk,X(CO2)=0.300000,20000.0,623.15,0.3,18.77926,0.7,0.3,0.1,0.4333333,0.4666667,0.0,0.0,0.0,145230.7,533624200.0,0.0,-4999.5,nan,0.0,nan
h2o_co2_hybrid_mrk,X(CO2)=0.300000,1000.0,673.15,0.3,43.7153,0.7,0.3,0.1,0.4333333,0.4666667,0.0,0.0,0.0,240.441,485.7156,0.0,-4999.5,nan,0.0,nan
h2o_co2_hybrid_mrk,X(CO2)=0.300000,2000.0,673.15,0.3,33.19622,0.7,0.3,0.1,0.4333333,0.4666667,0.0,0.0,0.0,369.822,1590.086,0.0,-4999.5,nan,0.0,nan
h2o_co2_hybrid_mrk,X(CO2)=0.300000,3000.0,673.15,0.3,29.48675,0.7,0.3,0.1,0.4333333,0.4666667,0.0,0.0,0.0,549.1605,3966.529,0.0,-4999.5,nan,0.0,nan
h2o_co2_hybrid_mrk,X(CO2)=0.300000,4000.0,673.15,0.3,27.3645,0.7,0.3,0.1,0.4333333,0.4666667,0.0,0.0,0.0,798.6045,8902.185,0.0,-4999.5,nan,0.0,nan
h2o_co2_hybrid_mrk,X(CO2)=0.300000,5000.0,673.15,0.3,25.9141,0.7,0.3,0.1,0.4333333,0.4666667,0.0,0.0,0.0,1144.75,18845.01,0.0,-4999.5,nan,0.0,nan
h2o_co2_hybrid_mrk,X(CO2)=0.300000,6000.0,673.15,0.3,24.82677,0.7,0.3,0.1,0.4333333,0.4666667,0.0,0.0,0.0,1623.442,38418.94,0.0,-4999.5,nan,0.0,nan
h2o_co2_hybrid_mrk,X(CO2)=0.300000,7000.0,673.15,0.3,23.96417,0.7,0.3,0.1,0.4333333,0.4666667,0.0,0.0,0.0,2283.111,76278.81,0.0,-4999.5,nan,0.0,nan
h2o_co2_hybrid_mrk,X(CO2)=0.300000,8000.0,673.15,0.3,23.25324,0.7,0.3,0.1,0.4333333,0.4666667,0.0,0.0,0.0,3189.172,148495.8,0.0,-4999.5,nan,0.0,nan
h2o_co2_hybrid_mrk,X(CO2)=0.300000,9000.0,673.15,0.3,22.65103,0.7,0.3,0.1,0.4333333,0.4666667,0.0,0.0,0.0,4429.87,284710.5,0.0,-4999.5,nan,0.0,nan
h2o_co2_hybrid_mrk,X(CO2)=0.300000,10000.0,673.15,0.3,22.13023,0.7,0.3,0.1,0.4333333,0.4666667,0.0,0.0,0.0,6124.103,539270.3,0.0,-4999.5,nan,0.0,nan
h2o_co2_hybrid_mrk,X(CO2)=0.300000,11000.0,673.15,0.3,21.67252,0.7,0.3,0.1,0.4333333,0.4666667,0.0,0.0,0.0,8431.857,1011321.0,0.0,-4999.5,nan,0.0,nan
h2o_co2_hybrid_mrk,X(CO2)=0.300000,12000.0,673.15,0.3,21.26499,0.7,0.3,0.1,0.4333333,0.4666667,0.0,0.0,0.0,11568.14,1880928.0,0.0,-4999.5,nan,0.0,nan
h2o_co2_hybrid_mrk,X(CO2)=0.300000,13000.0,673.15,0.3,20.89827,0.7,0.3,0.1,0.4333333,0.4666667,0.0,0.0,0.0,15821.56,3473848.0,0.0,-4999.5,nan,0.0,nan
h2o_co2_hybrid_mrk,X(CO2)=0.300000,14000.0,673.15,0.3,20.56532,0.7,0.3,0.1,0.4333333,0.4666667,0.0,0.0,0.0,21579.12,6377344.0,0.0,-4999.5,nan,0.0,nan
h2o_co2_hybrid_mrk,X(CO2)=0.300000,15000.0,673.15,0.3,20.26075,0.7,0.3,0.1,0.4333333,0.4666667,0.0,0.0,0.0,29359.15,11646820.0,0.0,-4999.5,nan,0.0,nan
h2o_co2_hybrid_mrk,X(CO2)=0.300000,16000.0,673.15,0.3,19.98032,0.7,0.3,0.1,0.4333333,0.4666667,0.0,0.0,0.0,39855.31,21173670.0,0.0,-4999.5,nan,0.0,nan
h2o_co2_hybrid_mrk,X(CO2)=0.300000,17000.0,673.15,0.3,19.72068,0.7,0.3,0.1,0.4333333,0.4666667,0.0,0.0,0.0,53994.96,38338870.0,0.0,-4999.5,nan,0.0,nan
h2o_co2_hybrid_mrk,X(CO2)=0.300000,18000.0,673.15,0.3,19.47909,0.7,0.3,0.1,0.4333333,0.4666667,0.0,0.0,0.0,73016.86,69172110.0,0.0,-4999.5,nan,0.0,nan
h2o_co2_hybrid_mrk,X(CO2)=0.300000,19000.0,673.15,0.3,19.25333,0.7,0.3,0.1,0.4333333,0.4666667,0.0,0.0,0.0,98574.39,124404200.0,0.0,-4999.5,nan,0.0,nan
h2o_co2_hybrid_mrk,X(CO2)=0.300000,20000.0,673.15,0.3,19.04154,0.7,0.3,0.1,0.4333333,0.4666667,0.0,0.0,0.0,132872.6,223095400.0,0.0,-4999.5,nan,0.0,nan
h2o_co2_hybrid_mrk,X(CO2)=0.300000,1000.0,723.15,0.3,48.67413,0.7,0.3,0.1,0.4333333,0.4666667,0.0,0.0,0.0,294.3545,448.4559,0.0,-4999.5,nan,0.0,nan
h2o_co2_hybrid_mrk,X(CO2)=0.300000,2000.0,723.15,0.3,35.15326,0.7,0.3,0.1,0.4333333,0.4666667,0.0,0.0,0.0,457.9896,1437.256,0.0,-4999.5,nan,0.0,nan
h2o_co2_hybrid_mrk,X(CO2)=0.300000,3000.0,723.15,0.3,30.74627,0.7,0.3,0.1,0.4333333,0.4666667,0.0,0.0,0.0,675.7173,3473.291,0.0,-4999.5,nan,0.0,nan
h2o_co2_hybrid_mrk,X(CO2)=0.300000,4000.0,723.15,0.3,28.31401,0.7,0.3,0.1,0.4333333,0.4666667,0.0,0.0,0.0,971.6568,7528.799,0.0,-4999.5,nan,0.0,nan
h2o_co2_hybrid_mrk,X(CO2)=0.300000,5000.0,723.15,0.3,26.68747,0.7,0.3,0.1,0.4333333,0.4666667,0.0,0.0,0.0,1374.203,15375.79,0.0,-4999.5,nan,0.0,nan
h2o_co2_hybrid_mrk,X(CO2)=0.300000,6000.0,723.15,0.3,25.48578,0.7,0.3,0.1,0.4333333,0.4666667,0.0,0.0,0.0,1920.43,30226.23,0.0,-4999.5,nan,0.0,nan
h2o_co2_hybrid_mrk,X(CO2)=0.300000,7000.0,723.15,0.3,24.54243,0.7,0.3,0.1,0.4333333,0.4666667,0.0,0.0,0.0,2659.33,57854.34,0.0,-4999.5,nan,0.0,nan
h2o_co2_hybrid_mrk,X(CO2)=0.300000,8000.0,723.15,0.3,23.77115,0.7,0.3,0.1,0.4333333,0.4666667,0.0,0.0,0.0,3655.758,108564.2,0.0,-4999.5,nan,0.0,nan
h2o_co2_hybrid_mrk,X(CO2)=0.300000,9000.0,723.15,0.3,23.12189,0.7,0.3,0.1,0.4333333,0.4666667,0.0,0.0,0.0,4995.527,200626.4,0.0,-4999.5,nan,0.0,nan
h2o_co2_hybrid_mrk,X(CO2)=0.300000,10000.0,723.15,0.3,22.56327,0.7,0.3,0.1,0.4333333,0.4666667,0.0,0.0,0.0,6792.077,366260.1,0.0,-4999.5,nan,0.0,nan
h2o_co2_hybrid_mrk,X(CO2)=0.300000,11000.0,723.15,0.3,22.07439,0.7,0.3,0.1,0.4333333,0.4666667,0.0,0.0,0.0,9195.187,662009.4,0.0,-4999.5,nan,0.0,nan
h2o_co2_hybrid_mrk,X(CO2)=0.300000,12000.0,723.15,0.3,21.64066,0.7,0.3,0.1,0.4333333,0.4666667,0.0,0.0,0.0,12402.4,1186691.0,0.0,-4999.5,nan,0.0,nan
h2o_co2_hybrid_mrk,X(CO2)=0.300000,13000.0,723.15,0.3,21.25157,0.7,0.3,0.1,0.4333333,0.4666667,0.0,0.0,0.0,16673.95,2112354.0,0.0,-4999.5,nan,0.0,nan
h2o_co2_hybrid_mrk,X(CO2)=0.300000,14000.0,723.15,0.3,20.89926,0.7,0.3,0.1,0.4333333,0.4666667,0.0,0.0,0.0,22352.33,3737559.0,0.0,-4999.5,nan,0.0,nan
h2o_co2_hybrid_mrk,X(CO2)=0.300000,15000.0,723.15,0.3,20.57773,0.7,0.3,0.1,0.4333333,0.4666667,0.0,0.0,0.0,29887.79,6578859.0,0.0,-4999.5,nan,0.0,nan
h2o_co2_hybrid_mrk,X(CO2)=0.300000,16000.0,723.15,0.3,20.28232,0.7,0.3,0.1,0.4333333,0.4666667,0.0,0.0,0.0,39871.77,11527560.0,0.0,-4999.5,nan,0.0,nan
h2o_co2_hybrid_mrk,X(CO2)=0.300000,17000.0,723.15,0.3,20.00933,0.7,0.3,0.1,0.4333333,0.4666667,0.0,0.0,0.0,53080.42,20117860.0,0.0,-4999.5,nan,0.0,nan
h2o_co2_hybrid_mrk,X(CO2)=0.300000,18000.0,723.15,0.3,19.75575,0.7,0.3,0.1,0.4333333,0.4666667,0.0,0.0,0.0,70531.45,34984680.0,0.0,-4999.5,nan,0.0,nan
h2o_co2_hybrid_mrk,X(CO2)=0.300000,19000.0,723.15,0.3,19.51916,0.7,0.3,0.1,0.4333333,0.4666667,0.0,0.0,0.0,93558.34,60644250.0,0.0,-4999.5,nan,0.0,nan
h2o_co2_hybrid_mrk,X(CO2)=0.300000,20000.0,723.15,0.3,19.29752,0.7,0.3,0.1,0.4333333,0.4666667,0.0,0.0,0.0,123906.9,104822800.0,0.0,-4999.5,nan,0.0,nan
h2o_co2_hybrid_mrk,X(CO2)=0.300000,1000.0,773.15,0.3,54.24806,0.7,0.3,0.1,0.4333333,0.4666667,0.0,0.0,0.0,346.7669,421.1066,0.0,-4999.5,nan,0.0,nan
h2o_co2_hybrid_mrk,X(CO2)=0.300000,2000.0,773.15,0.3,37.26345,0.7,0.3,0.1,0.4333333,0.4666667,0.0,0.0,0.0,549.7859,1316.959,0.0,-4999.5,nan,0.0,nan
h2o_co2_hybrid_mrk,X(CO2)=0.300000,3000.0,773.15,0.3,32.07052,0.7,0.3,0.1,0.4333333,0.4666667,0.0,0.0,0.0,808.8261,3093.045,0.0,-4999.5,nan,0.0,nan
h2o_co2_hybrid_mrk,X(CO2)=0.300000,4000.0,773.15,0.3,29.29639,0.7,0.3,0.1,0.4333333,0.4666667,0.0,0.0,0.0,1153.372,6502.197,0.0,-4999.5,nan,0.0,nan
h2o_co2_hybrid_mrk,X(CO2)=0.300000,5000.0,773.15,0.3,27.47859,0.7,0.3,0.1,0.4333333,0.4666667,0.0,0.0,0.0,1613.676,12867.7,0.0,-4999.5,nan,0.0,nan
h2o_co2_hybrid_mrk,X(CO2)=0.300000,6000.0,773.15,0.3,26.15427,0.7,0.3,0.1,0.4333333,0.4666667,0.0,0.0,0.0,2227.865,24502.92,0.0,-4999.5,nan,0.0,nan
h2o_co2_hybrid_mrk,X(CO2)=0.300000,7000.0,773.15,0.3,25.12525,0.7,0.3,0.1,0.4333333,0.4666667,0.0,0.0,0.0,3045.258,45421.81,0.0,-4999.5,nan,0.0,nan
h2o_co2_hybrid_mrk,X(CO2)=0.300000,8000.0,773.15,0.3,24.29048,0.7,0.3,0.1,0.4333333,0.4666667,0.0,0.0,0.0,4129.964,82541.66,0.0,-4999.5,nan,0.0,nan
h2o_co2_hybrid_mrk,X(CO2)=0.300000,9000.0,773.15,0.3,23.59213,0.7,0.3,0.1,0.4333333,0.4666667,0.0,0.0,0.0,5565.368,147712.0,0.0,-4999.5,nan,0.0,nan
h2o_co2_hybrid_mrk,X(CO2)=0.300000,10000.0,773.15,0.3,22.99428,0.7,0.3,0.1,0.4333333,0.4666667,0.0,0.0,0.0,7459.862,261126.8,0.0,-4999.5,nan,0.0,nan
h2o_co2_hybrid_mrk,X(CO2)=0.300000,11000.0,773.15,0.3,22.47326,0.7,0.3,0.1,0.4333333,0.4666667,0.0,0.0,0.0,9954.208,457044.4,0.0,-4999.5,nan,0.0,nan
h2o_co2_hybrid_mrk,X(CO2)=0.300000,12000.0,773.15,0.3,22.01266,0.7,0.3,0.1,0.4333333,0.4666667,0.0,0.0,0.0,13231.02,793351.9,0.0,-4999.5,nan,0.0,nan
h2o_co2_hybrid_mrk,X(CO2)=0.300000,13000.0,773.15,0.3,21.60071,0.7,0.3,0.1,0.4333333,0.4666667,0.0,0.0,0.0,17526.98,1367515.0,0.0,-4999.5,nan,0.0,nan
h2o_co2_hybrid_mrk,X(CO2)=0.300000,14000.0,773.15,0.3,21.22869,0.7,0.3,0.1,0.4333333,0.4666667,0.0,0.0,0.0,23148.48,2343120.0,0.0,-4999.5,nan,0.0,nan
h2o_co2_hybrid_mrk,X(CO2)=0.300000,15000.0,773.15,0.3,20.88998,0.7,0.3,0.1,0.4333333,0.4666667,0.0,0.0,0.0,30491.88,3993946.0,0.0,-4999.5,nan,0.0,nan
h2o_co2_hybrid_mrk,X(CO2)=0.300000,16000.0,773.15,0.3,20.57943,0.7,0.3,0.1,0.4333333,0.4666667,0.0,0.0,0.0,40069.39,6777017.0,0.0,-4999.5,nan,0.0,nan
h2o_co2_hybrid_mrk,X(CO2)=0.300000,17000.0,773.15,0.3,20.29298,0.7,0.3,0.1,0.4333333,0.4666667,0.0,0.0,0.0,52542.36,11453460.0,0.0,-4999.5,nan,0.0,nan
h2o_co2_hybrid_mrk,X(CO2)=0.300000,18000.0,773.15,0.3,20.02736,0.7,0.3,0.1,0.4333333,0.4666667,0.0,0.0,0.0,68764.12,19288160.0,0.0,-4999.5,nan,0.0,nan
h2o_co2_hybrid_mrk,X(CO2)=0.300000,19000.0,773.15,0.3,19.7799,0.7,0.3,0.1,0.4333333,0.4666667,0.0,0.0,0.0,89834.76,32379060.0,0.0,-4999.5,nan,0.0,nan
h2o_co2_hybrid_mrk,X(CO2)=0.300000,20000.0,773.15,0.3,19.54841,0.7,0.3,0.1,0.4333333,0.4666667,0.0,0.0,0.0,117171.5,54199560.0,0.0,-4999.5,nan,0.0,nan
h2o_co2_hybrid_mrk,X(CO2)=0.300000,1000.0,823.15,0.3,60.10589,0.7,0.3,0.1,0.4333333,0.4666667,0.0,0.0,0.0,395.7262,401.479,0.0,-4999.5,nan,0.0,nan
h2o_co2_hybrid_mrk,X(CO2)=0.300000,2000.0,823.15,0.3,39.52831,0.7,0.3,0.1,0.4333333,0.4666667,0.0,0.0,0.0,642.5462,1221.802,0.0,-4999.5,nan,0.0,nan
h2o_co2_hybrid_mrk,X(CO2)=0.300000,3000.0,823.15,0.3,33.46297,0.7,0.3,0.1,0.4333333,0.4666667,0.0,0.0,0.0,945.3345,2795.41,0.0,-4999.5,nan,0.0,nan
h2o_co2_hybrid_mrk,X(CO2)=0.300000,4000.0,823.15,0.3,30.31472,0.7,0.3,0.1,0.4333333,0.4666667,0.0,0.0,0.0,1339.958,5717.826,0.0,-4999.5,nan,0.0,nan
h2o_co2_hybrid_mrk,X(CO2)=0.300000,5000.0,823.15,0.3,28.29016,0.7,0.3,0.1,0.4333333,0.4666667,0.0,0.0,0.0,1858.602,11003.97,0.0,-4999.5,nan,0.0,nan
h2o_co2_hybrid_mrk,X(CO2)=0.300000,6000.0,823.15,0.3,26.83467,0.7,0.3,0.1,0.4333333,0.4666667,0.0,0.0,0.0,2540.299,20372.26,0.0,-4999.5,nan,0.0,nan
h2o_co2_hybrid_mrk,X(CO2)=0.300000,7000.0,823.15,0.3,25.71483,0.7,0.3,0.1,0.4333333,0.4666667,0.0,0.0,0.0,3434.486,36712.27,0.0,-4999.5,nan,0.0,nan
h2o_co2_hybrid_mrk,X(CO2)=0.300000,8000.0,823.15,0.3,24.81328,0.7,0.3,0.1,0.4333333,0.4666667,0.0,0.0,0.0,4604.355,64852.23,0.0,-4999.5,nan,0.0,nan
h2o_co2_hybrid_mrk,X(CO2)=0.300000,9000.0,823.15,0.3,24.06363,0.7,0.3,0.1,0.4333333,0.4666667,0.0,0.0,0.0,6130.835,112814.6,0.0,-4999.5,nan,0.0,nan
h2o_co2_hybrid_mrk,X(CO2)=0.300000,10000.0,823.15,0.3,23.42504,0.7,0.3,0.1,0.4333333,0.4666667,0.0,0.0,0.0,8117.568,193864.4,0.0,-4999.5,nan,0.0,nan
h2o_co2_hybrid_mrk,X(CO2)=0.300000,11000.0,823.15,0.3,22.8708,0.7,0.3,0.1,0.4333333,0.4666667,0.0,0.0,0.0,10697.19,329841.6,0.0,-4999.5,nan,0.0,nan
h2o_co2_hybrid_mrk,X(CO2)=0.300000,12000.0,823.15,0.3,22.38255,0.7,0.3,0.1,0.4333333,0.4666667,0.0,0.0,0.0,14039.27,556567.6,0.0,-4999.5,nan,0.0,nan
h2o_co2_hybrid_mrk,X(CO2)=0.300000,13000.0,823.15,0.3,21.94719,0.7,0.3,0.1,0.4333333,0.4666667,0.0,0.0,0.0,18360.45,932598.5,0.0,-4999.5,nan,0.0,nan
h2o_co2_hybrid_mrk,X(CO2)=0.300000,14000.0,823.15,0.3,21.55506,0.7,0.3,0.1,0.4333333,0.4666667,0.0,0.0,0.0,23937.16,1553364.0,0.0,-4999.5,nan,0.0,nan
h2o_co2_hybrid_mrk,X(CO2)=0.300000,15000.0,823.15,0.3,21.19887,0.7,0.3,0.1,0.4333333,0.4666667,0.0,0.0,0.0,31121.89,2573967.0,0.0,-4999.5,nan,0.0,nan
h2o_co2_hybrid_mrk,X(CO2)=0.300000,16000.0,823.15,0.3,20.87296,0.7,0.3,0.1,0.4333333,0.4666667,0.0,0.0,0.0,40363.68,4245871.0,0.0,-4999.5,nan,0.0,nan
h2o_co2_hybrid_mrk,X(CO2)=0.300000,17000.0,823.15,0.3,20.5729,0.7,0.3,0.1,0.4333333,0.4666667,0.0,0.0,0.0,52234.13,6975855.0,0.0,-4999.5,nan,0.0,nan
h2o_co2_hybrid_mrk,X(CO2)=0.300000,18000.0,823.15,0.3,20.29511,0.7,0.3,0.1,0.4333333,0.4666667,0.0,0.0,0.0,67460.27,11420600.0,0.0,-4999.5,nan,0.0,nan
h2o_co2_hybrid_mrk,X(CO2)=0.300000,19000.0,823.15,0.3,20.03672,0.7,0.3,0.1,0.4333333,0.4666667,0.0,0.0,0.0,86966.18,18638200.0,0.0,-4999.5,nan,0.0,nan
h2o_co2_hybrid_mrk,X(CO2)=0.300000,20000.0,823.15,0.3,19.79534,0.7,0.3,0.1,0.4333333,0.4666667,0.0,0.0,0.0,111925.5,30330640.0,0.0,-4999.5,nan,0.0,nan
h2o_co2_hybrid_mrk,X(CO2)=0.300000,1000.0,873.15,0.3,65.84132,0.7,0.3,0.1,0.4333333,0.4666667,0.0,0.0,0.0,440.1714,387.4718,0.0,-4999.5,nan,0.0,nan
h2o_co2_hybrid_mrk,X(CO2)=0.300000,2000.0,873.15,0.3,41.93689,0.7,0.3,0.1,0.4333333,0.4666667,0.0,0.0,0.0,733.8227,1146.049,0.0,-4999.5,nan,0.0,nan
h2o_co2_hybrid_mrk,X(CO2)=0.300000,3000.0,873.15,0.3,34.92564,0.7,0.3,0.1,0.4333333,0.4666667,0.0,0.0,0.0,1082.146,2559.001,0.0,-4999.5,nan,0.0,nan
h2o_co2_hybrid_mrk,X(CO2)=0.300000,4000.0,873.15,0.3,31.37154,0.7,0.3,0.1,0.4333333,0.4666667,0.0,0.0,0.0,1527.615,5106.408,0.0,-4999.5,nan,0.0,nan
h2o_co2_hybrid_mrk,X(CO2)=0.300000,5000.0,873.15,0.3,29.12454,0.7,0.3,0.1,0.4333333,0.4666667,0.0,0.0,0.0,2104.39,9584.689,0.0,-4999.5,nan,0.0,nan
h2o_co2_hybrid_mrk,X(CO2)=0.300000,6000.0,873.15,0.3,27.52909,0.7,0.3,0.1,0.4333333,0.4666667,0.0,0.0,0.0,2852.265,17304.49,0.0,-4999.5,nan,0.0,nan
h2o_co2_hybrid_mrk,X(CO2)=0.300000,7000.0,873.15,0.3,26.31309,0.7,0.3,0.1,0.4333333,0.4666667,0.0,0.0,0.0,3820.604,30408.93,0.0,-4999.5,nan,0.0,nan
h2o_co2_hybrid_mrk,X(CO2)=0.300000,8000.0,873.15,0.3,25.34131,0.7,0.3,0.1,0.4333333,0.4666667,0.0,0.0,0.0,5071.518,52381.72,0.0,-4999.5,nan,0.0,nan
h2o_co2_hybrid_mrk,X(CO2)=0.300000,9000.0,873.15,0.3,24.53803,0.7,0.3,0.1,0.4333333,0.4666667,0.0,0.0,0.0,6683.443,88856.12,0.0,-4999.5,nan,0.0,nan
h2o_co2_hybrid_mrk,X(CO2)=0.300000,10000.0,873.15,0.3,23.85707,0.7,0.3,0.1,0.4333333,0.4666667,0.0,0.0,0.0,8755.482,148899.5,0.0,-4999.5,nan,0.0,nan
h2o_co2_hybrid_mrk,X(CO2)=0.300000,11000.0,873.15,0.3,23.26846,0.7,0.3,0.1,0.4333333,0.4666667,0.0,0.0,0.0,11412.81,247047.8,0.0,-4999.5,nan,0.0,nan
h2o_co2_hybrid_mrk,X(CO2)=0.300000,12000.0,873.15,0.3,22.75171,0.7,0.3,0.1,0.4333333,0.4666667,0.0,0.0,0.0,14813.4,406519.8,0.0,-4999.5,nan,0.0,nan
h2o_co2_hybrid_mrk,X(CO2)=0.300000,13000.0,873.15,0.3,22.29232,0.7,0.3,0.1,0.4333333,0.4666667,0.0,0.0,0.0,19156.48,664285.0,0.0,-4999.5,nan,0.0,nan
h2o_co2_hybrid_mrk,X(CO2)=0.300000,14000.0,873.15,0.3,21.87961,0.7,0.3,0.1,0.4333333,0.4666667,0.0,0.0,0.0,24693.04,1079037.0,0.0,-4999.5,nan,0.0,nan
h2o_co2_hybrid_mrk,X(CO2)=0.300000,15000.0,873.15,0.3,21.50558,0.7,0.3,0.1,0.4333333,0.4666667,0.0,0.0,0.0,31739.07,1743719.0,0.0,-4999.5,nan,0.0,nan
h2o_co2_hybrid_mrk,X(CO2)=0.300000,16000.0,873.15,0.3,21.16405,0.7,0.3,0.1,0.4333333,0.4666667,0.0,0.0,0.0,40692.02,2805156.0,0.0,-4999.5,nan,0.0,nan
h2o_co2_hybrid_mrk,X(CO2)=0.300000,17000.0,873.15,0.3,20.85017,0.7,0.3,0.1,0.4333333,0.4666667,0.0,0.0,0.0,52051.43,4494800.0,0.0,-4999.5,nan,0.0,nan
h2o_co2_hybrid_mrk,X(CO2)=0.300000,18000.0,873.15,0.3,20.56007,0.7,0.3,0.1,0.4333333,0.4666667,0.0,0.0,0.0,66444.71,7176786.0,0.0,-4999.5,nan,0.0,nan
h2o_co2_hybrid_mrk,X(CO2)=0.300000,19000.0,873.15,0.3,20.29063,0.7,0.3,0.1,0.4333333,0.4666667,0.0,0.0,0.0,84659.25,11422950.0,0.0,-4999.5,nan,0.0,nan
h2o_co2_hybrid_mrk,X(CO2)=0.300000,20000.0,873.15,0.3,20.03926,0.7,0.3,0.1,0.4333333,0.4666667,0.0,0.0,0.0,107682.6,18129830.0,0.0,-4999.5,nan,0.0,nan
h2o_co2_hybrid_mrk,X(CO2)=0.300000,1000.0,923.15,0.3,71.49584,0.7,0.3,0.1,0.4333333,0.4666667,0.0,0.0,0.0,479.763,377.3833,0.0,-4999.5,nan,0.0,nan
h2o_co2_hybrid_mrk,X(CO2)=0.300000,2000.0,923.15,0.3,44.45922,0.7,0.3,0.1,0.4333333,0.4666667,0.0,0.0,0.0,821.579,1085.307,0.0,-4999.5,nan,0.0,nan
h2o_co2_hybrid_mrk,X(CO2)=0.300000,3000.0,923.15,0.3,36.45772,0.7,0.3,0.1,0.4333333,0.4666667,0.0,0.0,0.0,1216.439,2368.689,0.0,-4999.5,nan,0.0,nan
h2o_co2_hybrid_mrk,X(CO2)=0.300000,4000.0,923.15,0.3,32.46869,0.7,0.3,0.1,0.4333333,0.4666667,0.0,0.0,0.0,1712.785,4621.261,0.0,-4999.5,nan,0.0,nan
h2o_co2_hybrid_mrk,X(CO2)=0.300000,5000.0,923.15,0.3,29.98374,0.7,0.3,0.1,0.4333333,0.4666667,0.0,0.0,0.0,2346.701,8480.441,0.0,-4999.5,nan,0.0,nan
h2o_co2_hybrid_mrk,X(CO2)=0.300000,6000.0,923.15,0.3,28.23941,0.7,0.3,0.1,0.4333333,0.4666667,0.0,0.0,0.0,3158.595,14968.85,0.0,-4999.5,nan,0.0,nan
h2o_co2_hybrid_mrk,X(CO2)=0.300000,7000.0,923.15,0.3,26.92174,0.7,0.3,0.1,0.4333333,0.4666667,0.0,0.0,0.0,4197.576,25717.19,0.0,-4999.5,nan,0.0,nan
h2o_co2_hybrid_mrk,X(CO2)=0.300000,8000.0,923.15,0.3,25.87614,0.7,0.3,0.1,0.4333333,0.4666667,0.0,0.0,0.0,5524.525,43311.54,0.0,-4999.5,nan,0.0,nan
h2o_co2_hybrid_mrk,X(CO2)=0.300000,9000.0,923.15,0.3,25.01677,0.7,0.3,0.1,0.4333333,0.4666667,0.0,0.0,0.0,7215.329,71832.95,0.0,-4999.5,nan,0.0,nan
h2o_co2_hybrid_mrk,X(CO2)=0.300000,10000.0,923.15,0.3,24.29173,0.7,0.3,0.1,0.4333333,0.4666667,0.0,0.0,0.0,9364.715,117693.8,0.0,-4999.5,nan,0.0,nan
h2o_co2_hybrid_mrk,X(CO2)=0.300000,11000.0,923.15,0.3,23.66749,0.7,0.3,0.1,0.4333333,0.4666667,0.0,0.0,0.0,12090.91,190931.1,0.0,-4999.5,nan,0.0,nan
h2o_co2_hybrid_mrk,X(CO2)=0.300000,12000.0,923.15,0.3,23.12133,0.7,0.3,0.1,0.4333333,0.4666667,0.0,0.0,0.0,15541.41,307201.6,0.0,-4999.5,nan,0.0,nan
h2o_co2_hybrid_mrk,X(CO2)=0.300000,13000.0,923.15,0.3,22.63721,0.7,0.3,0.1,0.4333333,0.4666667,0.0,0.0,0.0,19900.07,490853.5,0.0,-4999.5,nan,0.0,nan
h2o_co2_hybrid_mrk,X(CO2)=0.300000,14000.0,923.15,0.3,22.2034,0.7,0.3,0.1,0.4333333,0.4666667,0.0,0.0,0.0,25395.88,779648.2,0.0,-4999.5,nan,0.0,nan
h2o_co2_hybrid_mrk,X(CO2)=0.300000,15000.0,923.15,0.3,21.81113,0.7,0.3,0.1,0.4333333,0.4666667,0.0,0.0,0.0,32313.85,1232002.0,0.0,-4999.5,nan,0.0,nan
h2o_co2_hybrid_mrk,X(CO2)=0.300000,16000.0,923.15,0.3,21.45366,0.7,0.3,0.1,0.4333333,0.4666667,0.0,0.0,0.0,41008.42,1938083.0,0.0,-4999.5,nan,0.0,nan
h2o_co2_hybrid_mrk,X(CO2)=0.300000,17000.0,923.15,0.3,21.12572,0.7,0.3,0.1,0.4333333,0.4666667,0.0,0.0,0.0,51920.03,3036776.0,0.0,-4999.5,nan,0.0,nan
h2o_co2_hybrid_mrk,X(CO2)=0.300000,18000.0,923.15,0.3,20.82313,0.7,0.3,0.1,0.4333333,0.4666667,0.0,0.0,0.0,65595.63,4741606.0,0.0,-4999.5,nan,0.0,nan
h2o_co2_hybrid_mrk,X(CO2)=0.300000,19000.0,923.15,0.3,20.54249,0.7,0.3,0.1,0.4333333,0.4666667,0.0,0.0,0.0,82713.93,7380274.0,0.0,-4999.5,nan,0.0,nan
h2o_co2_hybrid_mrk,X(CO2)=0.300000,20000.0,923.15,0.3,20.28103,0.7,0.3,0.1,0.4333333,0.4666667,0.0,0.0,0.0,104116.6,11454900.0,0.0,-4999.5,nan,0.0,nan
h2o_co2_hybrid_mrk,X(CO2)=0.300000,1000.0,973.15,0.3,77.17634,0.7,0.3,0.1,0.4333333,0.4666667,0.0,0.0,0.0,514.6076,369.9752,0.0,-4999.5,nan,0.0,nan
h2o_co2_hybrid_mrk,X(CO2)=0.300000,2000.0,973.15,0.3,47.05304,0.7,0.3,0.1,0.4333333,0.4666667,0.0,0.0,0.0,904.286,1036.211,0.0,-4999.5,nan,0.0,nan
h2o_co2_hybrid_mrk,X(CO2)=0.300000,3000.0,973.15,0.3,38.05402,0.7,0.3,0.1,0.4333333,0.4666667,0.0,0.0,0.0,1345.813,2213.625,0.0,-4999.5,nan,0.0,nan
h2o_co2_hybrid_mrk,X(CO2)=0.300000,4000.0,973.15,0.3,33.60686,0.7,0.3,0.1,0.4333333,0.4666667,0.0,0.0,0.0,1892.327,4230.277,0.0,-4999.5,nan,0.0,nan
h2o_co2_hybrid_mrk,X(CO2)=0.300000,5000.0,973.15,0.3,30.86935,0.7,0.3,0.1,0.4333333,0.4666667,0.0,0.0,0.0,2581.656,7605.187,0.0,-4999.5,nan,0.0,nan
h2o_co2_hybrid_mrk,X(CO2)=0.300000,6000.0,973.15,0.3,28.96729,0.7,0.3,0.1,0.4333333,0.4666667,0.0,0.0,0.0,3454.658,13152.13,0.0,-4999.5,nan,0.0,nan
h2o_co2_hybrid_mrk,X(CO2)=0.300000,7000.0,973.15,0.3,27.54233,0.7,0.3,0.1,0.4333333,0.4666667,0.0,0.0,0.0,4560.016,22139.71,0.0,-4999.5,nan,0.0,nan
h2o_co2_hybrid_mrk,X(CO2)=0.300000,8000.0,973.15,0.3,26.41918,0.7,0.3,0.1,0.4333333,0.4666667,0.0,0.0,0.0,5957.236,36535.42,0.0,-4999.5,nan,0.0,nan
h2o_co2_hybrid_mrk,X(CO2)=0.300000,9000.0,973.15,0.3,25.50117,0.7,0.3,0.1,0.4333333,0.4666667,0.0,0.0,0.0,7719.607,59376.53,0.0,-4999.5,nan,0.0,nan
h2o_co2_hybrid_mrk,X(CO2)=0.300000,10000.0,973.15,0.3,24.73021,0.7,0.3,0.1,0.4333333,0.4666667,0.0,0.0,0.0,9937.598,95332.75,0.0,-4999.5,nan,0.0,nan
h2o_co2_hybrid_mrk,X(CO2)=0.300000,11000.0,973.15,0.3,24.06902,0.7,0.3,0.1,0.4333333,0.4666667,0.0,0.0,0.0,12722.92,151557.4,0.0,-4999.5,nan,0.0,nan
h2o_co2_hybrid_mrk,X(CO2)=0.300000,12000.0,973.15,0.3,23.49246,0.7,0.3,0.1,0.4333333,0.4666667,0.0,0.0,0.0,16213.45,238973.2,0.0,-4999.5,nan,0.0,nan
h2o_co2_hybrid_mrk,X(CO2)=0.300000,13000.0,973.15,0.3,22.98285,0.7,0.3,0.1,0.4333333,0.4666667,0.0,0.0,0.0,20579.3,374209.2,0.0,-4999.5,nan,0.0,nan
h2o_co2_hybrid_mrk,X(CO2)=0.300000,14000.0,973.15,0.3,22.52736,0.7,0.3,0.1,0.4333333,0.4666667,0.0,0.0,0.0,26030.15,582516.7,0.0,-4999.5,nan,0.0,nan
h2o_co2_hybrid_mrk,X(CO2)=0.300000,15000.0,973.15,0.3,22.1164,0.7,0.3,0.1,0.4333333,0.4666667,0.0,0.0,0.0,32824.3,902147.6,0.0,-4999.5,nan,0.0,nan
h2o_co2_hybrid_mrk,X(CO2)=0.300000,16000.0,973.15,0.3,21.74264,0.7,0.3,0.1,0.4333333,0.4666667,0.0,0.0,0.0,41279.69,1390923.0,0.0,-4999.5,nan,0.0,nan
h2o_co2_hybrid_mrk,X(CO2)=0.300000,17000.0,973.15,0.3,21.40037,0.7,0.3,0.1,0.4333333,0.4666667,0.0,0.0,0.0,51787.39,2136069.0,0.0,-4999.5,nan,0.0,nan
h2o_co2_hybrid_mrk,X(CO2)=0.300000,18000.0,973.15,0.3,21.08505,0.7,0.3,0.1,0.4333333,0.4666667,0.0,0.0,0.0,64828.1,3268938.0,0.0,-4999.5,nan,0.0,nan
h2o_co2_hybrid_mrk,X(CO2)=0.300000,19000.0,973.15,0.3,20.79304,0.7,0.3,0.1,0.4333333,0.4666667,0.0,0.0,0.0,80992.32,4986986.0,0.0,-4999.5,nan,0.0,nan
h2o_co2_hybrid_mrk,X(CO2)=0.300000,20000.0,973.15,0.3,20.52135,0.7,0.3,0.1,0.4333333,0.4666667,0.0,0.0,0.0,101004.9,7586598.0,0.0,-4999.5,nan,0.0,nan
h2o_co2_hybrid_mrk,X(CO2)=0.300000,1000.0,1023.15,0.3,82.84207,0.7,0.3,0.1,0.4333333,0.4666667,0.0,0.0,0.0,545.0365,364.3978,0.0,-4999.5,nan,0.0,nan
h2o_co2_hybrid_mrk,X(CO2)=0.300000,2000.0,1023.15,0.3,49.68087,0.7,0.3,0.1,0.4333333,0.4666667,0.0,0.0,0.0,980.9264,996.1815,0.0,-4999.5,nan,0.0,nan
h2o_co2_hybrid_mrk,X(CO2)=0.300000,3000.0,1023.15,0.3,39.70458,0.7,0.3,0.1,0.4333333,0.4666667,0.0,0.0,0.0,1468.371,2085.903,0.0,-4999.5,nan,0.0,nan
h2o_co2_hybrid_mrk,X(CO2)=0.300000,4000.0,1023.15,0.3,34.78503,0.7,0.3,0.1,0.4333333,0.4666667,0.0,0.0,0.0,2063.628,3910.884,0.0,-4999.5,nan,0.0,nan
h2o_co2_hybrid_mrk,X(CO2)=0.300000,5000.0,1023.15,0.3,31.78237,0.7,0.3,0.1,0.4333333,0.4666667,0.0,0.0,0.0,2805.969,6900.208,0.0,-4999.5,nan,0.0,nan
h2o_co2_hybrid_mrk,X(CO2)=0.300000,6000.0,1023.15,0.3,29.71409,0.7,0.3,0.1,0.4333333,0.4666667,0.0,0.0,0.0,3736.516,11712.73,0.0,-4999.5,nan,0.0,nan
h2o_co2_hybrid_mrk,X(CO2)=0.300000,7000.0,1023.15,0.3,28.17624,0.7,0.3,0.1,0.4333333,0.4666667,0.0,0.0,0.0,4903.355,19354.65,0.0,-4999.5,nan,0.0,nan
h2o_co2_hybrid_mrk,X(CO2)=0.300000,8000.0,1023.15,0.3,26.97173,0.7,0.3,0.1,0.4333333,0.4666667,0.0,0.0,0.0,6364.488,31355.22,0.0,-4999.5,nan,0.0,nan
h2o_co2_hybrid_mrk,X(CO2)=0.300000,9000.0,1023.15,0.3,25.99242,0.7,0.3,0.1,0.4333333,0.4666667,0.0,0.0,0.0,8190.561,50028.6,0.0,-4999.5,nan,0.0,nan
h2o_co2_hybrid_mrk,X(CO2)=0.300000,10000.0,1023.15,0.3,25.17363,0.7,0.3,0.1,0.4333333,0.4666667,0.0,0.0,0.0,10467.88,78863.16,0.0,-4999.5,nan,0.0,nan
h2o_co2_hybrid_mrk,X(CO2)=0.300000,11000.0,1023.15,0.3,24.47408,0.7,0.3,0.1,0.4333333,0.4666667,0.0,0.0,0.0,13301.98,123099.3,0.0,-4999.5,nan,0.0,nan
h2o_co2_hybrid_mrk,X(CO2)=0.300000,12000.0,1023.15,0.3,23.86605,0.7,0.3,0.1,0.4333333,0.4666667,0.0,0.0,0.0,16821.88,190585.1,0.0,-4999.5,nan,0.0,nan
h2o_co2_hybrid_mrk,X(CO2)=0.300000,13000.0,1023.15,0.3,23.33015,0.7,0.3,0.1,0.4333333,0.4666667,0.0,0.0,0.0,21185.23,293041.3,0.0,-4999.5,nan,0.0,nan
h2o_co2_hybrid_mrk,X(CO2)=0.300000,14000.0,1023.15,0.3,22.85235,0.7,0.3,0.1,0.4333333,0.4666667,0.0,0.0,0.0,26584.55,447928.7,0.0,-4999.5,nan,0.0,nan
h2o_co2_hybrid_mrk,X(CO2)=0.300000,15000.0,1023.15,0.3,22.4222,0.7,0.3,0.1,0.4333333,0.4666667,0.0,0.0,0.0,33254.81,681199.5,0.0,-4999.5,nan,0.0,nan
h2o_co2_hybrid_mrk,X(CO2)=0.300000,16000.0,1023.15,0.3,22.03176,0.7,0.3,0.1,0.4333333,0.4666667,0.0,0.0,0.0,41482.52,1031347.0,0.0,-4999.5,nan,0.0,nan
h2o_co2_hybrid_mrk,X(CO2)=0.300000,17000.0,1023.15,0.3,21.67484,0.7,0.3,0.1,0.4333333,0.4666667,0.0,0.0,0.0,51616.88,1555357.0,0.0,-4999.5,nan,0.0,nan
h2o_co2_hybrid_mrk,X(CO2)=0.300000,18000.0,1023.15,0.3,21.34655,0.7,0.3,0.1,0.4333333,0.4666667,0.0,0.0,0.0,64083.16,2337445.0,0.0,-4999.5,nan,0.0,nan
h2o_co2_hybrid_mrk,X(CO2)=0.300000,19000.0,1023.15,0.3,21.04295,0.7,0.3,0.1,0.4333333,0.4666667,0.0,0.0,0.0,79398.97,3501863.0,0.0,-4999.5,nan,0.0,nan
h2o_co2_hybrid_mrk,X(CO2)=0.300000,20000.0,1023.15,0.3,20.76085,0.7,0.3,0.1,0.4333333,0.4666667,0.0,0.0,0.0,98193.92,5231666.0,0.0,-4999.5,nan,0.0,nan
h2o_co2_hybrid_mrk,X(CO2)=0.300000,1000.0,1073.15,0.3,88.42922,0.7,0.3,0.1,0.4333333,0.4666667,0.0,0.0,0.0,571.4691,360.0843,0.0,-4999.5,nan,0.0,nan
h2o_co2_hybrid_mrk,X(CO2)=0.300000,2000.0,1073.15,0.3,52.31952,0.7,0.3,0.1,0.4333333,0.4666667,0.0,0.0,0.0,1050.935,963.2423,0.0,-4999.5,nan,0.0,nan
h2o_co2_hybrid_mrk,X(CO2)=0.300000,3000.0,1073.15,0.3,41.39637,0.7,0.3,0.1,0.4333333,0.4666667,0.0,0.0,0.0,1582.727,1979.668,0.0,-4999.5,nan,0.0,nan
h2o_co2_hybrid_mrk,X(CO2)=0.300000,4000.0,1073.15,0.3,36.0002,0.7,0.3,0.1,0.4333333,0.4666667,0.0,0.0,0.0,2224.644,3646.874,0.0,-4999.5,nan,0.0,nan
h2o_co2_hybrid_mrk,X(CO2)=0.300000,5000.0,1073.15,0.3,32.72289,0.7,0.3,0.1,0.4333333,0.4666667,0.0,0.0,0.0,3017.008,6324.431,0.0,-4999.5,nan,0.0,nan
h2o_co2_hybrid_mrk,X(CO2)=0.300000,6000.0,1073.15,0.3,30.48081,0.7,0.3,0.1,0.4333333,0.4666667,0.0,0.0,0.0,4000.989,10553.97,0.0,-4999.5,nan,0.0,nan
h2o_co2_hybrid_mrk,X(CO2)=0.300000,7000.0,1073.15,0.3,28.82466,0.7,0.3,0.1,0.4333333,0.4666667,0.0,0.0,0.0,5223.917,17147.28,0.0,-4999.5,nan,0.0,nan
h2o_co2_hybrid_mrk,X(CO2)=0.300000,8000.0,1073.15,0.3,27.53499,0.7,0.3,0.1,0.4333333,0.4666667,0.0,0.0,0.0,6742.174,27315.61,0.0,-4999.5,nan,0.0,nan
h2o_co2_hybrid_mrk,X(CO2)=0.300000,9000.0,1073.15,0.3,26.49165,0.7,0.3,0.1,0.4333333,0.4666667,0.0,0.0,0.0,8623.717,42858.84,0.0,-4999.5,nan,0.0,nan
h2o_co2_hybrid_mrk,X(CO2)=0.300000,10000.0,1073.15,0.3,25.62303,0.7,0.3,0.1,0.4333333,0.4666667,0.0,0.0,0.0,10950.79,66441.83,0.0,-4999.5,nan,0.0,nan
h2o_co2_hybrid_mrk,X(CO2)=0.300000,11000.0,1073.15,0.3,24.88363,0.7,0.3,0.1,0.4333333,0.4666667,0.0,0.0,0.0,13823.04,101997.2,0.0,-4999.5,nan,0.0,nan
h2o_co2_hybrid_mrk,X(CO2)=0.300000,12000.0,1073.15,0.3,24.243,0.7,0.3,0.1,0.4333333,0.4666667,0.0,0.0,0.0,17361.24,155311.5,0.0,-4999.5,nan,0.0,nan
h2o_co2_hybrid_mrk,X(CO2)=0.300000,13000.0,1073.15,0.3,23.67994,0.7,0.3,0.1,0.4333333,0.4666667,0.0,0.0,0.0,21711.67,234876.8,0.0,-4999.5,nan,0.0,nan
h2o_co2_hybrid_mrk,X(CO2)=0.300000,14000.0,1073.15,0.3,23.17914,0.7,0.3,0.1,0.4333333,0.4666667,0.0,0.0,0.0,27051.47,353125.3,0.0,-4999.5,nan,0.0,nan
h2o_co2_hybrid_mrk,X(CO2)=0.300000,15000.0,1073.15,0.3,22.72927,0.7,0.3,0.1,0.4333333,0.4666667,0.0,0.0,0.0,33594.97,528218.6,0.0,-4999.5,nan,0.0,nan
h2o_co2_hybrid_mrk,X(CO2)=0.300000,16000.0,1073.15,0.3,22.32171,0.7,0.3,0.1,0.4333333,0.4666667,0.0,0.0,0.0,41601.32,786634.6,0.0,-4999.5,nan,0.0,nan
h2o_co2_hybrid_mrk,X(CO2)=0.300000,17000.0,1073.15,0.3,21.94978,0.7,0.3,0.1,0.4333333,0.4666667,0.0,0.0,0.0,51383.74,1166905.0,0.0,-4999.5,nan,0.0,nan
h2o_co2_hybrid_mrk,X(CO2)=0.300000,18000.0,1073.15,0.3,21.60822,0.7,0.3,0.1,0.4333333,0.4666667,0.0,0.0,0.0,63320.46,1725009.0,0.0,-4999.5,nan,0.0,nan
h2o_co2_hybrid_mrk,X(CO2)=0.300000,19000.0,1073.15,0.3,21.29281,0.7,0.3,0.1,0.4333333,0.4666667,0.0,0.0,0.0,77868.01,2542144.0,0.0,-4999.5,nan,0.0,nan
h2o_co2_hybrid_mrk,X(CO2)=0.300000,20000.0,1073.15,0.3,21.00011,0.7,0.3,0.1,0.4333333,0.4666667,0.0,0.0,0.0,95577.07,3735922.0,0.0,-4999.5,nan,0.0,nan
h2o_co2_hybrid_mrk,X(CO2)=0.300000,1000.0,1123.15,0.3,93.90484,0.7,0.3,0.1,0.4333333,0.4666667,0.0,0.0,0.0,594.3397,356.6593,0.0,-4999.5,nan,0.0,nan
h2o_co2_hybrid_mrk,X(CO2)=0.300000,2000.0,1123.15,0.3,54.95732,0.7,0.3,0.1,0.4333333,0.4666667,0.0,0.0,0.0,1114.11,935.8803,0.0,-4999.5,nan,0.0,nan
h2o_co2_hybrid_mrk,X(CO2)=0.300000,3000.0,1123.15,0.3,43.11611,0.7,0.3,0.1,0.4333333,0.4666667,0.0,0.0,0.0,1687.979,1890.518,0.0,-4999.5,nan,0.0,nan
h2o_co2_hybrid_mrk,X(CO2)=0.300000,4000.0,1123.15,0.3,37.24754,0.7,0.3,0.1,0.4333333,0.4666667,0.0,0.0,0.0,2373.901,3426.374,0.0,-4999.5,nan,0.0,nan
h2o_co2_hybrid_mrk,X(CO2)=0.300000,5000.0,1123.15,0.3,33.69,0.7,0.3,0.1,0.4333333,0.4666667,0.0,0.0,0.0,3212.799,5848.466,0.0,-4999.5,nan,0.0,nan
h2o_co2_hybrid_mrk,X(CO2)=0.300000,6000.0,1123.15,0.3,31.26791,0.7,0.3,0.1,0.4333333,0.4666667,0.0,0.0,0.0,4245.672,9608.147,0.0,-4999.5,nan,0.0,nan
h2o_co2_hybrid_mrk,X(CO2)=0.300000,7000.0,1123.15,0.3,29.48851,0.7,0.3,0.1,0.4333333,0.4666667,0.0,0.0,0.0,5518.935,15370.37,0.0,-4999.5,nan,0.0,nan
h2o_co2_hybrid_mrk,X(CO2)=0.300000,8000.0,1123.15,0.3,28.10998,0.7,0.3,0.1,0.4333333,0.4666667,0.0,0.0,0.0,7087.241,24110.67,0.0,-4999.5,nan,0.0,nan
h2o_co2_hybrid_mrk,X(CO2)=0.300000,9000.0,1123.15,0.3,26.99986,0.7,0.3,0.1,0.4333333,0.4666667,0.0,0.0,0.0,9015.833,37254.73,0.0,-4999.5,nan,0.0,nan
h2o_co2_hybrid_mrk,X(CO2)=0.300000,10000.0,1123.15,0.3,26.07938,0.7,0.3,0.1,0.4333333,0.4666667,0.0,0.0,0.0,11382.97,56878.94,0.0,-4999.5,nan,0.0,nan
h2o_co2_hybrid_mrk,X(CO2)=0.300000,11000.0,1123.15,0.3,25.29858,0.7,0.3,0.1,0.4333333,0.4666667,0.0,0.0,0.0,14282.7,85998.06,0.0,-4999.5,nan,0.0,nan
h2o_co2_hybrid_mrk,X(CO2)=0.300000,12000.0,1123.15,0.3,24.62417,0.7,0.3,0.1,0.4333333,0.4666667,0.0,0.0,0.0,17828.06,128977.0,0.0,-4999.5,nan,0.0,nan
h2o_co2_hybrid_mrk,X(CO2)=0.300000,13000.0,1123.15,0.3,24.03301,0.7,0.3,0.1,0.4333333,0.4666667,0.0,0.0,0.0,22154.9,192119.8,0.0,-4999.5,nan,0.0,nan
h2o_co2_hybrid_mrk,X(CO2)=0.300000,14000.0,1123.15,0.3,23.50848,0.7,0.3,0.1,0.4333333,0.4666667,0.0,0.0,0.0,27426.44,284509.8,0.0,-4999.5,nan,0.0,nan
h2o_co2_hybrid_mrk,X(CO2)=0.300000,15000.0,1123.15,0.3,23.03829,0.7,0.3,0.1,0.4333333,0.4666667,0.0,0.0,0.0,33838.6,419208.0,0.0,-4999.5,nan,0.0,nan
h2o_co2_hybrid_mrk,X(CO2)=0.300000,16000.0,1123.15,0.3,22.61314,0.7,0.3,0.1,0.4333333,0.4666667,0.0,0.0,0.0,41626.51,614958.8,0.0,-4999.5,nan,0.0,nan
h2o_co2_hybrid_mrk,X(CO2)=0.300000,17000.0,1123.15,0.3,22.22582,0.7,0.3,0.1,0.4333333,0.4666667,0.0,0.0,0.0,51072.08,898616.0,0.0,-4999.5,nan,0.0,nan
h2o_co2_hybrid_mrk,X(CO2)=0.300000,18000.0,1123.15,0.3,21.87067,0.7,0.3,0.1,0.4333333,0.4666667,0.0,0.0,0.0,62513.21,1308588.0,0.0,-4999.5,nan,0.0,nan
h2o_co2_hybrid_mrk,X(CO2)=0.300000,19000.0,1123.15,0.3,21.54318,0.7,0.3,0.1,0.4333333,0.4666667,0.0,0.0,0.0,76354.57,1899730.0,0.0,-4999.5,nan,0.0,nan
h2o_co2_hybrid_mrk,X(CO2)=0.300000,20000.0,1123.15,0.3,21.23965,0.7,0.3,0.1,0.4333333,0.4666667,0.0,0.0,0.0,93080.62,2750270.0,0.0,-4999.5,nan,0.0,nan
h2o_co2_hybrid_mrk,X(CO2)=0.300000,1000.0,1173.15,0.3,99.26191,0.7,0.3,0.1,0.4333333,0.4666667,0.0,0.0,0.0,614.0625,353.8736,0.0,-4999.5,nan,0.0,nan
h2o_co2_hybrid_mrk,X(CO2)=0.300000,2000.0,1173.15,0.3,57.5882,0.7,0.3,0.1,0.4333333,0.4666667,0.0,0.0,0.0,1170.517,912.9383,0.0,-4999.5,nan,0.0,nan
h2o_co2_hybrid_mrk,X(CO2)=0.300000,3000.0,1173.15,0.3,44.85263,0.7,0.3,0.1,0.4333333,0.4666667,0.0,0.0,0.0,1783.64,1815.099,0.0,-4999.5,nan,0.0,nan
h2o_co2_hybrid_mrk,X(CO2)=0.300000,4000.0,1173.15,0.3,38.52116,0.7,0.3,0.1,0.4333333,0.4666667,0.0,0.0,0.0,2510.441,3240.532,0.0,-4999.5,nan,0.0,nan
h2o_co2_hybrid_mrk,X(CO2)=0.300000,5000.0,1173.15,0.3,34.68177,0.7,0.3,0.1,0.4333333,0.4666667,0.0,0.0,0.0,3391.992,5450.847,0.0,-4999.5,nan,0.0,nan
h2o_co2_hybrid_mrk,X(CO2)=0.300000,6000.0,1173.15,0.3,32.07525,0.7,0.3,0.1,0.4333333,0.4666667,0.0,0.0,0.0,4468.894,8826.799,0.0,-4999.5,nan,0.0,nan
h2o_co2_hybrid_mrk,X(CO2)=0.300000,7000.0,1173.15,0.3,30.16833,0.7,0.3,0.1,0.4333333,0.4666667,0.0,0.0,0.0,5786.496,13920.5,0.0,-4999.5,nan,0.0,nan
h2o_co2_hybrid_mrk,X(CO2)=0.300000,8000.0,1173.15,0.3,28.6975,0.7,0.3,0.1,0.4333333,0.4666667,0.0,0.0,0.0,7397.637,21529.47,0.0,-4999.5,nan,0.0,nan
h2o_co2_hybrid_mrk,X(CO2)=0.300000,9000.0,1173.15,0.3,27.51795,0.7,0.3,0.1,0.4333333,0.4666667,0.0,0.0,0.0,9364.819,32801.52,0.0,-4999.5,nan,0.0,nan
h2o_co2_hybrid_mrk,X(CO2)=0.300000,10000.0,1173.15,0.3,26.54354,0.7,0.3,0.1,0.4333333,0.4666667,0.0,0.0,0.0,11762.41,49383.31,0.0,-4999.5,nan,0.0,nan
h2o_co2_hybrid_mrk,X(CO2)=0.300000,11000.0,1173.15,0.3,25.71976,0.7,0.3,0.1,0.4333333,0.4666667,0.0,0.0,0.0,14679.09,73630.15,0.0,-4999.5,nan,0.0,nan
h2o_co2_hybrid_mrk,X(CO2)=0.300000,12000.0,1173.15,0.3,25.01033,0.7,0.3,0.1,0.4333333,0.4666667,0.0,0.0,0.0,18220.66,108902.1,0.0,-4999.5,nan,0.0,nan
h2o_co2_hybrid_mrk,X(CO2)=0.300000,13000.0,1173.15,0.3,24.3901,0.7,0.3,0.1,0.4333333,0.4666667,0.0,0.0,0.0,22513.32,159980.9,0.0,-4999.5,nan,0.0,nan
h2o_co2_hybrid_mrk,X(CO2)=0.300000,14000.0,1173.15,0.3,23.84106,0.7,0.3,0.1,0.4333333,0.4666667,0.0,0.0,0.0,27707.62,233656.9,0.0,-4999.5,nan,0.0,nan
h2o_co2_hybrid_mrk,X(CO2)=0.300000,15000.0,1173.15,0.3,23.34992,0.7,0.3,0.1,0.4333333,0.4666667,0.0,0.0,0.0,33982.98,339553.1,0.0,-4999.5,nan,0.0,nan
h2o_co2_hybrid_mrk,X(CO2)=0.300000,16000.0,1173.15,0.3,22.90666,0.7,0.3,0.1,0.4333333,0.4666667,0.0,0.0,0.0,41553.17,491281.8,0.0,-4999.5,nan,0.0,nan
h2o_co2_hybrid_mrk,X(CO2)=0.300000,17000.0,1173.15,0.3,22.50352,0.7,0.3,0.1,0.4333333,0.4666667,0.0,0.0,0.0,50672.73,708066.3,0.0,-4999.5,nan,0.0,nan
h2o_co2_hybrid_mrk,X(CO2)=0.300000,18000.0,1173.15,0.3,22.13444,0.7,0.3,0.1,0.4333333,0.4666667,0.0,0.0,0.0,61644.55,1017011.0,0.0,-4999.5,nan,0.0,nan
h2o_co2_hybrid_mrk,X(CO2)=0.300000,19000.0,1173.15,0.3,21.79456,0.7,0.3,0.1,0.4333333,0.4666667,0.0,0.0,0.0,74828.88,1456275.0,0.0,-4999.5,nan,0.0,nan
h2o_co2_hybrid_mrk,X(CO2)=0.300000,20000.0,1173.15,0.3,21.47997,0.7,0.3,0.1,0.4333333,0.4666667,0.0,0.0,0.0,90653.93,2079516.0,0.0,-4999.5,nan,0.0,nan
h2o_co2_hybrid_mrk,X(CO2)=0.300000,1000.0,1223.15,0.3,104.5068,0.7,0.3,0.1,0.4333333,0.4666667,0.0,0.0,0.0,631.0161,351.56,0.0,-4999.5,nan,0.0,nan
h2o_co2_hybrid_mrk,X(CO2)=0.300000,2000.0,1223.15,0.3,60.20826,0.7,0.3,0.1,0.4333333,0.4666667,0.0,0.0,0.0,1220.404,893.5306,0.0,-4999.5,nan,0.0,nan
h2o_co2_hybrid_mrk,X(CO2)=0.300000,3000.0,1223.15,0.3,46.5977,0.7,0.3,0.1,0.4333333,0.4666667,0.0,0.0,0.0,1869.563,1750.827,0.0,-4999.5,nan,0.0,nan
h2o_co2_hybrid_mrk,X(CO2)=0.300000,4000.0,1223.15,0.3,39.81495,0.7,0.3,0.1,0.4333333,0.4666667,0.0,0.0,0.0,2633.76,3082.636,0.0,-4999.5,nan,0.0,nan
h2o_co2_hybrid_mrk,X(CO2)=0.300000,5000.0,1223.15,0.3,35.69546,0.7,0.3,0.1,0.4333333,0.4666667,0.0,0.0,0.0,3553.796,5115.6,0.0,-4999.5,nan,0.0,nan
h2o_co2_hybrid_mrk,X(CO2)=0.300000,6000.0,1223.15,0.3,32.90205,0.7,0.3,0.1,0.4333333,0.4666667,0.0,0.0,0.0,4669.651,8174.491,0.0,-4999.5,nan,0.0,nan
h2o_co2_hybrid_mrk,X(CO2)=0.300000,7000.0,1223.15,0.3,30.86431,0.7,0.3,0.1,0.4333333,0.4666667,0.0,0.0,0.0,6025.475,12723.38,0.0,-4999.5,nan,0.0,nan
h2o_co2_hybrid_mrk,X(CO2)=0.300000,8000.0,1223.15,0.3,29.29813,0.7,0.3,0.1,0.4333333,0.4666667,0.0,0.0,0.0,7672.213,19423.07,0.0,-4999.5,nan,0.0,nan
h2o_co2_hybrid_mrk,X(CO2)=0.300000,9000.0,1223.15,0.3,28.04663,0.7,0.3,0.1,0.4333333,0.4666667,0.0,0.0,0.0,9669.624,29211.29,0.0,-4999.5,nan,0.0,nan
h2o_co2_hybrid_mrk,X(CO2)=0.300000,10000.0,1223.15,0.3,27.0163,0.7,0.3,0.1,0.4333333,0.4666667,0.0,0.0,0.0,12088.28,43414.71,0.0,-4999.5,nan,0.0,nan
h2o_co2_hybrid_mrk,X(CO2)=0.300000,11000.0,1223.15,0.3,26.14794,0.7,0.3,0.1,0.4333333,0.4666667,0.0,0.0,0.0,15011.71,63904.98,0.0,-4999.5,nan,0.0,nan
h2o_co2_hybrid_mrk,X(CO2)=0.300000,12000.0,1223.15,0.3,25.40221,0.7,0.3,0.1,0.4333333,0.4666667,0.0,0.0,0.0,18538.9,93315.96,0.0,-4999.5,nan,0.0,nan
h2o_co2_hybrid_mrk,X(CO2)=0.300000,13000.0,1223.15,0.3,24.7519,0.7,0.3,0.1,0.4333333,0.4666667,0.0,0.0,0.0,22787.13,135345.6,0.0,-4999.5,nan,0.0,nan
h2o_co2_hybrid_mrk,X(CO2)=0.300000,14000.0,1223.15,0.3,24.17753,0.7,0.3,0.1,0.4333333,0.4666667,0.0,0.0,0.0,27895.35,195174.8,0.0,-4999.5,nan,0.0,nan
h2o_co2_hybrid_mrk,X(CO2)=0.300000,15000.0,1223.15,0.3,23.66478,0.7,0.3,0.1,0.4333333,0.4666667,0.0,0.0,0.0,34028.07,280048.4,0.0,-4999.5,nan,0.0,nan
h2o_co2_hybrid_mrk,X(CO2)=0.300000,16000.0,1223.15,0.3,23.20285,0.7,0.3,0.1,0.4333333,0.4666667,0.0,0.0,0.0,41380.03,400079.4,0.0,-4999.5,nan,0.0,nan
h2o_co2_hybrid_mrk,X(CO2)=0.300000,17000.0,1223.15,0.3,22.78344,0.7,0.3,0.1,0.4333333,0.4666667,0.0,0.0,0.0,50181.56,569361.4,0.0,-4999.5,nan,0.0,nan
h2o_co2_hybrid_mrk,X(CO2)=0.300000,18000.0,1223.15,0.3,22.40004,0.7,0.3,0.1,0.4333333,0.4666667,0.0,0.0,0.0,60704.99,807505.7,0.0,-4999.5,nan,0.0,nan
h2o_co2_hybrid_mrk,X(CO2)=0.300000,19000.0,1223.15,0.3,22.04747,0.7,0.3,0.1,0.4333333,0.4666667,0.0,0.0,0.0,73272.1,1141764.0,0.0,-4999.5,nan,0.0,nan
h2o_co2_hybrid_mrk,X(CO2)=0.300000,20000.0,1223.15,0.3,21.72153,0.7,0.3,0.1,0.4333333,0.4666667,0.0,0.0,0.0,88262.94,1609954.0,0.0,-4999.5,nan,0.0,nan
h2o_co2_hybrid_mrk,X(CO2)=0.300000,1000.0,1273.15,0.3,109.6512,0.7,0.3,0.1,0.4333333,0.4666667,0.0,0.0,0.0,645.5395,349.6049,0.0,-4999.5,nan,0.0,nan
h2o_co2_hybrid_mrk,X(CO2)=0.300000,2000.0,1273.15,0.3,62.81468,0.7,0.3,0.1,0.4333333,0.4666667,0.0,0.0,0.0,1264.135,876.9773,0.0,-4999.5,nan,0.0,nan
h2o_co2_hybrid_mrk,X(CO2)=0.300000,3000.0,1273.15,0.3,48.3458,0.7,0.3,0.1,0.4333333,0.4666667,0.0,0.0,0.0,1945.865,1695.691,0.0,-4999.5,nan,0.0,nan
h2o_co2_hybrid_mrk,X(CO2)=0.300000,4000.0,1273.15,0.3,41.12339,0.7,0.3,0.1,0.4333333,0.4666667,0.0,0.0,0.0,2743.731,2947.526,0.0,-4999.5,nan,0.0,nan
h2o_co2_hybrid_mrk,X(CO2)=0.300000,5000.0,1273.15,0.3,36.72788,0.7,0.3,0.1,0.4333333,0.4666667,0.0,0.0,0.0,3697.896,4830.637,0.0,-4999.5,nan,0.0,nan
h2o_co2_hybrid_mrk,X(CO2)=0.300000,6000.0,1273.15,0.3,33.74699,0.7,0.3,0.1,0.4333333,0.4666667,0.0,0.0,0.0,4847.518,7624.851,0.0,-4999.5,nan,0.0,nan
h2o_co2_hybrid_mrk,X(CO2)=0.300000,7000.0,1273.15,0.3,31.57619,0.7,0.3,0.1,0.4333333,0.4666667,0.0,0.0,0.0,6235.429,11724.6,0.0,-4999.5,nan,0.0,nan
h2o_co2_hybrid_mrk,X(CO2)=0.300000,8000.0,1273.15,0.3,29.91215,0.7,0.3,0.1,0.4333333,0.4666667,0.0,0.0,0.0,7910.614,17684.1,0.0,-4999.5,nan,0.0,nan
h2o_co2_hybrid_mrk,X(CO2)=0.300000,9000.0,1273.15,0.3,28.58644,0.7,0.3,0.1,0.4333333,0.4666667,0.0,0.0,0.0,9930.101,26279.67,0.0,-4999.5,nan,0.0,nan
h2o_co2_hybrid_mrk,X(CO2)=0.300000,10000.0,1273.15,0.3,27.49828,0.7,0.3,0.1,0.4333333,0.4666667,0.0,0.0,0.0,12360.75,38595.52,0.0,-4999.5,nan,0.0,nan
h2o_co2_hybrid_mrk,X(CO2)=0.300000,11000.0,1273.15,0.3,26.58378,0.7,0.3,0.1,0.4333333,0.4666667,0.0,0.0,0.0,15281.17,56141.93,0.0,-4999.5,nan,0.0,nan
h2o_co2_hybrid_mrk,X(CO2)=0.300000,12000.0,1273.15,0.3,25.80049,0.7,0.3,0.1,0.4333333,0.4666667,0.0,0.0,0.0,18783.94,81017.55,0.0,-4999.5,nan,0.0,nan
h2o_co2_hybrid_mrk,X(CO2)=0.300000,13000.0,1273.15,0.3,25.11905,0.7,0.3,0.1,0.4333333,0.4666667,0.0,0.0,0.0,22978.01,116132.2,0.0,-4999.5,nan,0.0,nan
h2o_co2_hybrid_mrk,X(CO2)=0.300000,14000.0,1273.15,0.3,24.5185,0.7,0.3,0.1,0.4333333,0.4666667,0.0,0.0,0.0,27991.71,165512.4,0.0,-4999.5,nan,0.0,nan
h2o_co2_hybrid_mrk,X(CO2)=0.300000,15000.0,1273.15,0.3,23.98344,0.7,0.3,0.1,0.4333333,0.4666667,0.0,0.0,0.0,33976.03,234719.5,0.0,-4999.5,nan,0.0,nan
h2o_co2_hybrid_mrk,X(CO2)=0.300000,16000.0,1273.15,0.3,23.50227,0.7,0.3,0.1,0.4333333,0.4666667,0.0,0.0,0.0,41108.6,331421.5,0.0,-4999.5,nan,0.0,nan
h2o_co2_hybrid_mrk,X(CO2)=0.300000,17000.0,1273.15,0.3,23.0661,0.7,0.3,0.1,0.4333333,0.4666667,0.0,0.0,0.0,49598.25,466175.3,0.0,-4999.5,nan,0.0,nan
h2o_co2_hybrid_mrk,X(CO2)=0.300000,18000.0,1273.15,0.3,22.66797,0.7,0.3,0.1,0.4333333,0.4666667,0.0,0.0,0.0,59690.42,653492.9,0.0,-4999.5,nan,0.0,nan
h2o_co2_hybrid_mrk,X(CO2)=0.300000,19000.0,1273.15,0.3,22.30235,0.7,0.3,0.1,0.4333333,0.4666667,0.0,0.0,0.0,71673.37,913296.6,0.0,-4999.5,nan,0.0,nan
h2o_co2_hybrid_mrk,X(CO2)=0.300000,20000.0,1273.15,0.3,21.96478,0.7,0.3,0.1,0.4333333,0.4666667,0.0,0.0,0.0,85885.53,1272902.0,0.0,-4999.5,nan,0.0,nan
h2o_co2_hybrid_mrk,X(CO2)=0.300000,1000.0,1323.15,0.3,114.7083,0.7,0.3,0.1,0.4333333,0.4666667,0.0,0.0,0.0,657.932,347.9298,0.0,-4999.5,nan,0.0,nan
h2o_co2_hybrid_mrk,X(CO2)=0.300000,2000.0,1323.15,0.3,65.40562,0.7,0.3,0.1,0.4333333,0.4666667,0.0,0.0,0.0,1302.137,862.7544,0.0,-4999.5,nan,0.0,nan
h2o_co2_hybrid_mrk,X(CO2)=0.300000,3000.0,1323.15,0.3,50.09348,0.7,0.3,0.1,0.4333333,0.4666667,0.0,0.0,0.0,2012.858,1648.111,0.0,-4999.5,nan,0.0,nan
h2o_co2_hybrid_mrk,X(CO2)=0.300000,4000.0,1323.15,0.3,42.44192,0.7,0.3,0.1,0.4333333,0.4666667,0.0,0.0,0.0,2840.528,2831.184,0.0,-4999.5,nan,0.0,nan
h2o_co2_hybrid_mrk,X(CO2)=0.300000,5000.0,1323.15,0.3,37.77576,0.7,0.3,0.1,0.4333333,0.4666667,0.0,0.0,0.0,3824.375,4586.678,0.0,-4999.5,nan,0.0,nan
h2o_co2_hybrid_mrk,X(CO2)=0.300000,6000.0,1323.15,0.3,34.60839,0.7,0.3,0.1,0.4333333,0.4666667,0.0,0.0,0.0,5002.56,7157.931,0.0,-4999.5,nan,0.0,nan
h2o_co2_hybrid_mrk,X(CO2)=0.300000,7000.0,1323.15,0.3,32.30333,0.7,0.3,0.1,0.4333333,0.4666667,0.0,0.0,0.0,6416.491,10883.6,0.0,-4999.5,nan,0.0,nan
h2o_co2_hybrid_mrk,X(CO2)=0.300000,8000.0,1323.15,0.3,30.53956,0.7,0.3,0.1,0.4333333,0.4666667,0.0,0.0,0.0,8113.156,16233.7,0.0,-4999.5,nan,0.0,nan
h2o_co2_hybrid_mrk,X(CO2)=0.300000,9000.0,1323.15,0.3,29.1377,0.7,0.3,0.1,0.4333333,0.4666667,0.0,0.0,0.0,10146.86,23858.67,0.0,-4999.5,nan,0.0,nan
h2o_co2_hybrid_mrk,X(CO2)=0.300000,10000.0,1323.15,0.3,27.98997,0.7,0.3,0.1,0.4333333,0.4666667,0.0,0.0,0.0,12580.86,34656.16,0.0,-4999.5,nan,0.0,nan
h2o_co2_hybrid_mrk,X(CO2)=0.300000,11000.0,1323.15,0.3,27.02785,0.7,0.3,0.1,0.4333333,0.4666667,0.0,0.0,0.0,15489.07,49861.89,0.0,-4999.5,nan,0.0,nan
h2o_co2_hybrid_mrk,X(CO2)=0.300000,12000.0,1323.15,0.3,26.20575,0.7,0.3,0.1,0.4333333,0.4666667,0.0,0.0,0.0,18957.98,71172.99,0.0,-4999.5,nan,0.0,nan
h2o_co2_hybrid_mrk,X(CO2)=0.300000,13000.0,1323.15,0.3,25.49215,0.7,0.3,0.1,0.4333333,0.4666667,0.0,0.0,0.0,23088.84,100915.5,0.0,-4999.5,nan,0.0,nan
h2o_co2_hybrid_mrk,X(CO2)=0.300000,14000.0,1323.15,0.3,24.86455,0.7,0.3,0.1,0.4333333,0.4666667,0.0,0.0,0.0,28000.17,142271.1,0.0,-4999.5,nan,0.0,nan
h2o_co2_hybrid_mrk,X(CO2)=0.300000,15000.0,1323.15,0.3,24.30644,0.7,0.3,0.1,0.4333333,0.4666667,0.0,0.0,0.0,33830.64,199584.3,0.0,-4999.5,nan,0.0,nan
h2o_co2_hybrid_mrk,X(CO2)=0.300000,16000.0,1323.15,0.3,23.80543,0.7,0.3,0.1,0.4333333,0.4666667,0.0,0.0,0.0,40742.47,278777.9,0.0,-4999.5,nan,0.0,nan
h2o_co2_hybrid_mrk,X(CO2)=0.300000,17000.0,1323.15,0.3,23.35199,0.7,0.3,0.1,0.4333333,0.4666667,0.0,0.0,0.0,48925.29,387913.6,0.0,-4999.5,nan,0.0,nan
h2o_co2_hybrid_mrk,X(CO2)=0.300000,18000.0,1323.15,0.3,22.9387,0.7,0.3,0.1,0.4333333,0.4666667,0.0,0.0,0.0,58600.74,537949.4,0.0,-4999.5,nan,0.0,nan
h2o_co2_hybrid_mrk,X(CO2)=0.300000,19000.0,1323.15,0.3,22.55966,0.7,0.3,0.1,0.4333333,0.4666667,0.0,0.0,0.0,70027.66,743761.0,0.0,-4999.5,nan,0.0,nan
h2o_co2_hybrid_mrk,X(CO2)=0.300000,20000.0,1323.15,0.3,22.21013,0.7,0.3,0.1,0.4333333,0.4666667,0.0,0.0,0.0,83508.28,1025517.0,0.0,-4999.5,nan,0.0,nan
h2o_co2_hybrid_mrk,X(CO2)=0.300000,1000.0,1373.15,0.3,119.6907,0.7,0.3,0.1,0.4333333,0.4666667,0.0,0.0,0.0,668.4563,346.4797,0.0,-4999.5,nan,0.0,nan
h2o_co2_hybrid_mrk,X(CO2)=0.300000,2000.0,1373.15,0.3,67.98013,0.7,0.3,0.1,0.4333333,0.4666667,0.0,0.0,0.0,1334.864,850.4556,0.0,-4999.5,nan,0.0,nan
h2o_co2_hybrid_mrk,X(CO2)=0.300000,3000.0,1373.15,0.3,51.83866,0.7,0.3,0.1,0.4333333,0.4666667,0.0,0.0,0.0,2070.984,1606.835,0.0,-4999.5,nan,0.0,nan
h2o_co2_hybrid_mrk,X(CO2)=0.300000,4000.0,1373.15,0.3,43.76707,0.7,0.3,0.1,0.4333333,0.4666667,0.0,0.0,0.0,2924.551,2730.446,0.0,-4999.5,nan,0.0,nan
h2o_co2_hybrid_mrk,X(CO2)=0.300000,5000.0,1373.15,0.3,38.83606,0.7,0.3,0.1,0.4333333,0.4666667,0.0,0.0,0.0,3933.626,4376.503,0.0,-4999.5,nan,0.0,nan
h2o_co2_hybrid_mrk,X(CO2)=0.300000,6000.0,1373.15,0.3,35.48432,0.7,0.3,0.1,0.4333333,0.4666667,0.0,0.0,0.0,5135.232,6758.414,0.0,-4999.5,nan,0.0,nan
h2o_co2_hybrid_mrk,X(CO2)=0.300000,7000.0,1373.15,0.3,33.04482,0.7,0.3,0.1,0.4333333,0.4666667,0.0,0.0,0.0,6569.27,10169.67,0.0,-4999.5,nan,0.0,nan
h2o_co2_hybrid_mrk,X(CO2)=0.300000,8000.0,1373.15,0.3,31.18008,0.7,0.3,0.1,0.4333333,0.4666667,0.0,0.0,0.0,8280.699,15012.93,0.0,-4999.5,nan,0.0,nan
h2o_co2_hybrid_mrk,X(CO2)=0.300000,9000.0,1373.15,0.3,29.70053,0.7,0.3,0.1,0.4333333,0.4666667,0.0,0.0,0.0,10321.14,21839.21,0.0,-4999.5,nan,0.0,nan
h2o_co2_hybrid_mrk,X(CO2)=0.300000,10000.0,1373.15,0.3,28.4917,0.7,0.3,0.1,0.4333333,0.4666667,0.0,0.0,0.0,12750.34,31400.53,0.0,-4999.5,nan,0.0,nan
h2o_co2_hybrid_mrk,X(CO2)=0.300000,11000.0,1373.15,0.3,27.48058,0.7,0.3,0.1,0.4333333,0.4666667,0.0,0.0,0.0,15637.72,44720.82,0.0,-4999.5,nan,0.0,nan
h2o_co2_hybrid_mrk,X(CO2)=0.300000,12000.0,1373.15,0.3,26.61847,0.7,0.3,0.1,0.4333333,0.4666667,0.0,0.0,0.0,19064.07,63191.16,0.0,-4999.5,nan,0.0,nan
h2o_co2_hybrid_mrk,X(CO2)=0.300000,13000.0,1373.15,0.3,25.87168,0.7,0.3,0.1,0.4333333,0.4666667,0.0,0.0,0.0,23123.41,88697.66,0.0,-4999.5,nan,0.0,nan
h2o_co2_hybrid_mrk,X(CO2)=0.300000,14000.0,1373.15,0.3,25.21617,0.7,0.3,0.1,0.4333333,0.4666667,0.0,0.0,0.0,27925.22,123792.8,0.0,-4999.5,nan,0.0,nan
h2o_co2_hybrid_mrk,X(CO2)=0.300000,15000.0,1373.15,0.3,24.63429,0.7,0.3,0.1,0.4333333,0.4666667,0.0,0.0,0.0,33596.93,171925.1,0.0,-4999.5,nan,0.0,nan
h2o_co2_hybrid_mrk,X(CO2)=0.300000,16000.0,1373.15,0.3,24.11281,0.7,0.3,0.1,0.4333333,0.4666667,0.0,0.0,0.0,40286.79,237746.1,0.0,-4999.5,nan,0.0,nan
h2o_co2_hybrid_mrk,X(CO2)=0.300000,17000.0,1373.15,0.3,23.64157,0.7,0.3,0.1,0.4333333,0.4666667,0.0,0.0,0.0,48167.23,327521.2,0.0,-4999.5,nan,0.0,nan
h2o_co2_hybrid_mrk,X(CO2)=0.300000,18000.0,1373.15,0.3,23.21266,0.7,0.3,0.1,0.4333333,0.4666667,0.0,0.0,0.0,57438.71,449678.1,0.0,-4999.5,nan,0.0,nan
h2o_co2_hybrid_mrk,X(CO2)=0.300000,19000.0,1373.15,0.3,22.81981,0.7,0.3,0.1,0.4333333,0.4666667,0.0,0.0,0.0,68334.13,615538.4,0.0,-4999.5,nan,0.0,nan
h2o_co2_hybrid_mrk,X(CO2)=0.300000,20000.0,1373.15,0.3,22.45799,0.7,0.3,0.1,0.4333333,0.4666667,0.0,0.0,0.0,81124.01,840294.0,0.0,-4999.5,nan,0.0,nan
h2o_co2_hybrid_mrk,X(CO2)=0.300000,1000.0,1423.15,0.3,124.6097,0.7,0.3,0.1,0.4333333,0.4666667,0.0,0.0,0.0,677.3418,345.2147,0.0,-4999.5,nan,0.0,nan
h2o_co2_hybrid_mrk,X(CO2)=0.300000,2000.0,1423.15,0.3,70.53813,0.7,0.3,0.1,0.4333333,0.4666667,0.0,0.0,0.0,1362.773,839.7631,0.0,-4999.5,nan,0.0,nan
h2o_co2_hybrid_mrk,X(CO2)=0.300000,3000.0,1423.15,0.3,53.58021,0.7,0.3,0.1,0.4333333,0.4666667,0.0,0.0,0.0,2120.772,1570.864,0.0,-4999.5,nan,0.0,nan
h2o_co2_hybrid_mrk,X(CO2)=0.300000,4000.0,1423.15,0.3,45.09636,0.7,0.3,0.1,0.4333333,0.4666667,0.0,0.0,0.0,2996.363,2642.792,0.0,-4999.5,nan,0.0,nan
h2o_co2_hybrid_mrk,X(CO2)=0.300000,5000.0,1423.15,0.3,39.90615,0.7,0.3,0.1,0.4333333,0.4666667,0.0,0.0,0.0,4026.283,4194.425,0.0,-4999.5,nan,0.0,nan
h2o_co2_hybrid_mrk,X(CO2)=0.300000,6000.0,1423.15,0.3,36.37284,0.7,0.3,0.1,0.4333333,0.4666667,0.0,0.0,0.0,5246.297,6414.391,0.0,-4999.5,nan,0.0,nan
h2o_co2_hybrid_mrk,X(CO2)=0.300000,7000.0,1423.15,0.3,33.79952,0.7,0.3,0.1,0.4333333,0.4666667,0.0,0.0,0.0,6694.743,9559.219,0.0,-4999.5,nan,0.0,nan
h2o_co2_hybrid_mrk,X(CO2)=0.300000,8000.0,1423.15,0.3,31.83321,0.7,0.3,0.1,0.4333333,0.4666667,0.0,0.0,0.0,8414.537,13977.12,0.0,-4999.5,nan,0.0,nan
h2o_co2_hybrid_mrk,X(CO2)=0.300000,9000.0,1423.15,0.3,30.27484,0.7,0.3,0.1,0.4333333,0.4666667,0.0,0.0,0.0,10454.65,20139.59,0.0,-4999.5,nan,0.0,nan
h2o_co2_hybrid_mrk,X(CO2)=0.300000,10000.0,1423.15,0.3,29.00364,0.7,0.3,0.1,0.4333333,0.4666667,0.0,0.0,0.0,12871.45,28683.51,0.0,-4999.5,nan,0.0,nan
h2o_co2_hybrid_mrk,X(CO2)=0.300000,11000.0,1423.15,0.3,27.94228,0.7,0.3,0.1,0.4333333,0.4666667,0.0,0.0,0.0,15730.07,40467.24,0.0,-4999.5,nan,0.0,nan
h2o_co2_hybrid_mrk,X(CO2)=0.300000,12000.0,1423.15,0.3,27.03904,0.7,0.3,0.1,0.4333333,0.4666667,0.0,0.0,0.0,19105.88,56645.12,0.0,-4999.5,nan,0.0,nan
h2o_co2_hybrid_mrk,X(CO2)=0.300000,13000.0,1423.15,0.3,26.25809,0.7,0.3,0.1,0.4333333,0.4666667,0.0,0.0,0.0,23086.19,78766.64,0.0,-4999.5,nan,0.0,nan
h2o_co2_hybrid_mrk,X(CO2)=0.300000,14000.0,1423.15,0.3,25.57381,0.7,0.3,0.1,0.4333333,0.4666667,0.0,0.0,0.0,27772.12,108908.0,0.0,-4999.5,nan,0.0,nan
h2o_co2_hybrid_mrk,X(CO2)=0.300000,15000.0,1423.15,0.3,24.96743,0.7,0.3,0.1,0.4333333,0.4666667,0.0,0.0,0.0,33280.79,149846.3,0.0,-4999.5,nan,0.0,nan
h2o_co2_hybrid_mrk,X(CO2)=0.300000,16000.0,1423.15,0.3,24.42484,0.7,0.3,0.1,0.4333333,0.4666667,0.0,0.0,0.0,39747.8,205291.2,0.0,-4999.5,nan,0.0,nan
h2o_co2_hybrid_mrk,X(CO2)=0.300000,17000.0,1423.15,0.3,23.93525,0.7,0.3,0.1,0.4333333,0.4666667,0.0,0.0,0.0,47330.08,280190.4,0.0,-4999.5,nan,0.0,nan
h2o_co2_hybrid_mrk,X(CO2)=0.300000,18000.0,1423.15,0.3,23.49026,0.7,0.3,0.1,0.4333333,0.4666667,0.0,0.0,0.0,56209.15,381134.2,0.0,-4999.5,nan,0.0,nan
h2o_co2_hybrid_mrk,X(CO2)=0.300000,19000.0,1423.15,0.3,23.0832,0.7,0.3,0.1,0.4333333,0.4666667,0.0,0.0,0.0,66594.94,516890.9,0.0,-4999.5,nan,0.0,nan
h2o_co2_hybrid_mrk,X(CO2)=0.300000,20000.0,1423.15,0.3,22.70872,0.7,0.3,0.1,0.4333333,0.4666667,0.0,0.0,0.0,78730.08,699112.5,0.0,-4999.5,nan,0.0,nan
h2o_co2_hybrid_mrk,X(CO2)=0.300000,1000.0,1473.15,0.3,129.4753,0.7,0.3,0.1,0.4333333,0.4666667,0.0,0.0,0.0,684.7888,344.106,0.0,-4999.5,nan,0.0,nan
h2o_co2_hybrid_mrk,X(CO2)=0.300000,2000.0,1473.15,0.3,73.08019,0.7,0.3,0.1,0.4333333,0.4666667,0.0,0.0,0.0,1386.308,830.4268,0.0,-4999.5,nan,0.0,nan
h2o_co2_hybrid_mrk,X(CO2)=0.300000,3000.0,1473.15,0.3,55.31763,0.7,0.3,0.1,0.4333333,0.4666667,0.0,0.0,0.0,2162.796,1539.394,0.0,-4999.5,nan,0.0,nan
h2o_co2_hybrid_mrk,X(CO2)=0.300000,4000.0,1473.15,0.3,46.42811,0.7,0.3,0.1,0.4333333,0.4666667,0.0,0.0,0.0,3056.64,2566.2,0.0,-4999.5,nan,0.0,nan
h2o_co2_hybrid_mrk,X(CO2)=0.300000,5000.0,1473.15,0.3,40.9839,0.7,0.3,0.1,0.4333333,0.4666667,0.0,0.0,0.0,4103.147,4035.919,0.0,-4999.5,nan,0.0,nan
h2o_co2_hybrid_mrk,X(CO2)=0.300000,6000.0,1473.15,0.3,37.27215,0.7,0.3,0.1,0.4333333,0.4666667,0.0,0.0,0.0,5336.746,6116.486,0.0,-4999.5,nan,0.0,nan
h2o_co2_hybrid_mrk,X(CO2)=0.300000,7000.0,1473.15,0.3,34.56621,0.7,0.3,0.1,0.4333333,0.4666667,0.0,0.0,0.0,6794.167,9033.912,0.0,-4999.5,nan,0.0,nan
h2o_co2_hybrid_mrk,X(CO2)=0.300000,8000.0,1473.15,0.3,32.49826,0.7,0.3,0.1,0.4333333,0.4666667,0.0,0.0,0.0,8516.287,13091.91,0.0,-4999.5,nan,0.0,nan
h2o_co2_hybrid_mrk,X(CO2)=0.300000,9000.0,1473.15,0.3,30.86034,0.7,0.3,0.1,0.4333333,0.4666667,0.0,0.0,0.0,10549.49,18697.72,0.0,-4999.5,nan,0.0,nan
h2o_co2_hybrid_mrk,X(CO2)=0.300000,10000.0,1473.15,0.3,29.52577,0.7,0.3,0.1,0.4333333,0.4666667,0.0,0.0,0.0,12946.86,26396.11,0.0,-4999.5,nan,0.0,nan
h2o_co2_hybrid_mrk,X(CO2)=0.300000,11000.0,1473.15,0.3,28.41312,0.7,0.3,0.1,0.4333333,0.4666667,0.0,0.0,0.0,15769.45,36914.32,0.0,-4999.5,nan,0.0,nan
h2o_co2_hybrid_mrk,X(CO2)=0.300000,12000.0,1473.15,0.3,27.46775,0.7,0.3,0.1,0.4333333,0.4666667,0.0,0.0,0.0,19087.53,51221.17,0.0,-4999.5,nan,0.0,nan
h2o_co2_hybrid_mrk,X(CO2)=0.300000,13000.0,1473.15,0.3,26.65171,0.7,0.3,0.1,0.4333333,0.4666667,0.0,0.0,0.0,22982.13,70604.97,0.0,-4999.5,nan,0.0,nan
h2o_co2_hybrid_mrk,X(CO2)=0.300000,14000.0,1473.15,0.3,25.93784,0.7,0.3,0.1,0.4333333,0.4666667,0.0,0.0,0.0,27546.65,96775.87,0.0,-4999.5,nan,0.0,nan
h2o_co2_hybrid_mrk,X(CO2)=0.300000,15000.0,1473.15,0.3,25.30623,0.7,0.3,0.1,0.4333333,0.4666667,0.0,0.0,0.0,32888.74,132000.5,0.0,-4999.5,nan,0.0,nan
h2o_co2_hybrid_mrk,X(CO2)=0.300000,16000.0,1473.15,0.3,24.74191,0.7,0.3,0.1,0.4333333,0.4666667,0.0,0.0,0.0,39132.48,179278.7,0.0,-4999.5,nan,0.0,nan
h2o_co2_hybrid_mrk,X(CO2)=0.300000,17000.0,1473.15,0.3,24.23343,0.7,0.3,0.1,0.4333333,0.4666667,0.0,0.0,0.0,46420.79,242574.9,0.0,-4999.5,nan,0.0,nan
h2o_co2_hybrid_mrk,X(CO2)=0.300000,18000.0,1473.15,0.3,23.77187,0.7,0.3,0.1,0.4333333,0.4666667,0.0,0.0,0.0,54918.27,327122.3,0.0,-4999.5,nan,0.0,nan
h2o_co2_hybrid_mrk,X(CO2)=0.300000,19000.0,1473.15,0.3,23.35018,0.7,0.3,0.1,0.4333333,0.4666667,0.0,0.0,0.0,64814.37,439820.1,0.0,-4999.5,nan,0.0,nan
h2o_co2_hybrid_mrk,X(CO2)=0.300000,20000.0,1473.15,0.3,22.96269,0.7,0.3,0.1,0.4333333,0.4666667,0.0,0.0,0.0,76327.08,589754.5,0.0,-4999.5,nan,0.0,nan
h2o_co2_hybrid_mrk,X(CO2)=0.300000,1000.0,1523.15,0.3,134.2961,0.7,0.3,0.1,0.4333333,0.4666667,0.0,0.0,0.0,690.9716,343.1319,0.0,-4999.5,nan,0.0,nan
h2o_co2_hybrid_mrk,X(CO2)=0.300000,2000.0,1523.15,0.3,75.60737,0.7,0.3,0.1,0.4333333,0.4666667,0.0,0.0,0.0,1405.89,822.2474,0.0,-4999.5,nan,0.0,nan
h2o_co2_hybrid_mrk,X(CO2)=0.300000,3000.0,1523.15,0.3,57.05081,0.7,0.3,0.1,0.4333333,0.4666667,0.0,0.0,0.0,2197.649,1511.772,0.0,-4999.5,nan,0.0,nan
h2o_co2_hybrid_mrk,X(CO2)=0.300000,4000.0,1523.15,0.3,47.76127,0.7,0.3,0.1,0.4333333,0.4666667,0.0,0.0,0.0,3106.125,2499.032,0.0,-4999.5,nan,0.0,nan
h2o_co2_hybrid_mrk,X(CO2)=0.300000,5000.0,1523.15,0.3,42.06765,0.7,0.3,0.1,0.4333333,0.4666667,0.0,0.0,0.0,4165.139,3897.349,0.0,-4999.5,nan,0.0,nan
h2o_co2_hybrid_mrk,X(CO2)=0.300000,6000.0,1523.15,0.3,38.18063,0.7,0.3,0.1,0.4333333,0.4666667,0.0,0.0,0.0,5407.73,5857.244,0.0,-4999.5,nan,0.0,nan
h2o_co2_hybrid_mrk,X(CO2)=0.300000,7000.0,1523.15,0.3,35.34365,0.7,0.3,0.1,0.4333333,0.4666667,0.0,0.0,0.0,6868.999,8579.307,0.0,-4999.5,nan,0.0,nan
h2o_co2_hybrid_mrk,X(CO2)=0.300000,8000.0,1523.15,0.3,33.17446,0.7,0.3,0.1,0.4333333,0.4666667,0.0,0.0,0.0,8587.802,12330.57,0.0,-4999.5,nan,0.0,nan
h2o_co2_hybrid_mrk,X(CO2)=0.300000,9000.0,1523.15,0.3,31.45664,0.7,0.3,0.1,0.4333333,0.4666667,0.0,0.0,0.0,10607.99,17465.78,0.0,-4999.5,nan,0.0,nan
h2o_co2_hybrid_mrk,X(CO2)=0.300000,10000.0,1523.15,0.3,30.05798,0.7,0.3,0.1,0.4333333,0.4666667,0.0,0.0,0.0,12979.51,24455.26,0.0,-4999.5,nan,0.0,nan
h2o_co2_hybrid_mrk,X(CO2)=0.300000,11000.0,1523.15,0.3,28.89317,0.7,0.3,0.1,0.4333333,0.4666667,0.0,0.0,0.0,15759.5,33921.23,0.0,-4999.5,nan,0.0,nan
h2o_co2_hybrid_mrk,X(CO2)=0.300000,12000.0,1523.15,0.3,27.90477,0.7,0.3,0.1,0.4333333,0.4666667,0.0,0.0,0.0,19013.44,46685.33,0.0,-4999.5,nan,0.0,nan
h2o_co2_hybrid_mrk,X(CO2)=0.300000,13000.0,1523.15,0.3,27.05279,0.7,0.3,0.1,0.4333333,0.4666667,0.0,0.0,0.0,22816.5,63830.57,0.0,-4999.5,nan,0.0,nan
h2o_co2_hybrid_mrk,X(CO2)=0.300000,14000.0,1523.15,0.3,26.30857,0.7,0.3,0.1,0.4333333,0.4666667,0.0,0.0,0.0,27254.9,86782.15,0.0,-4999.5,nan,0.0,nan
h2o_co2_hybrid_mrk,X(CO2)=0.300000,15000.0,1523.15,0.3,25.65104,0.7,0.3,0.1,0.4333333,0.4666667,0.0,0.0,0.0,32427.62,117412.7,0.0,-4999.5,nan,0.0,nan
h2o_co2_hybrid_mrk,X(CO2)=0.300000,16000.0,1523.15,0.3,25.06437,0.7,0.3,0.1,0.4333333,0.4666667,0.0,0.0,0.0,38448.22,158179.3,0.0,-4999.5,nan,0.0,nan
h2o_co2_hybrid_mrk,X(CO2)=0.300000,17000.0,1523.15,0.3,24.53645,0.7,0.3,0.1,0.4333333,0.4666667,0.0,0.0,0.0,45446.96,212301.7,0.0,-4999.5,nan,0.0,nan
h2o_co2_hybrid_mrk,X(CO2)=0.300000,18000.0,1523.15,0.3,24.05784,0.7,0.3,0.1,0.4333333,0.4666667,0.0,0.0,0.0,53573.19,283993.6,0.0,-4999.5,nan,0.0,nan
h2o_co2_hybrid_mrk,X(CO2)=0.300000,19000.0,1523.15,0.3,23.62108,0.7,0.3,0.1,0.4333333,0.4666667,0.0,0.0,0.0,62998.09,378763.5,0.0,-4999.5,nan,0.0,nan
h2o_co2_hybrid_mrk,X(CO2)=0.300000,20000.0,1523.15,0.3,23.2202,0.7,0.3,0.1,0.4333333,0.4666667,0.0,0.0,0.0,73917.79,503804.9,0.0,-4999.5,nan,0.0,nan
h2o_co2_hybrid_mrk,X(CO2)=0.300000,1000.0,1573.15,0.3,139.0795,0.7,0.3,0.1,0.4333333,0.4666667,0.0,0.0,0.0,696.0423,342.2756,0.0,-4999.5,nan,0.0,nan
h2o_co2_hybrid_mrk,X(CO2)=0.300000,2000.0,1573.15,0.3,78.12108,0.7,0.3,0.1,0.4333333,0.4666667,0.0,0.0,0.0,1421.91,815.0651,0.0,-4999.5,nan,0.0,nan
h2o_co2_hybrid_mrk,X(CO2)=0.300000,3000.0,1573.15,0.3,58.77998,0.7,0.3,0.1,0.4333333,0.4666667,0.0,0.0,0.0,2225.921,1487.465,0.0,-4999.5,nan,0.0,nan
h2o_co2_hybrid_mrk,X(CO2)=0.300000,4000.0,1573.15,0.3,49.09523,0.7,0.3,0.1,0.4333333,0.4666667,0.0,0.0,0.0,3145.593,2439.951,0.0,-4999.5,nan,0.0,nan
h2o_co2_hybrid_mrk,X(CO2)=0.300000,5000.0,1573.15,0.3,43.15621,0.7,0.3,0.1,0.4333333,0.4666667,0.0,0.0,0.0,4213.245,3775.768,0.0,-4999.5,nan,0.0,nan
h2o_co2_hybrid_mrk,X(CO2)=0.300000,6000.0,1573.15,0.3,39.09692,0.7,0.3,0.1,0.4333333,0.4666667,0.0,0.0,0.0,5460.5,5630.677,0.0,-4999.5,nan,0.0,nan
h2o_co2_hybrid_mrk,X(CO2)=0.300000,7000.0,1573.15,0.3,36.13069,0.7,0.3,0.1,0.4333333,0.4666667,0.0,0.0,0.0,6920.825,8183.926,0.0,-4999.5,nan,0.0,nan
h2o_co2_hybrid_mrk,X(CO2)=0.300000,8000.0,1573.15,0.3,33.86096,0.7,0.3,0.1,0.4333333,0.4666667,0.0,0.0,0.0,8631.085,11672.03,0.0,-4999.5,nan,0.0,nan
h2o_co2_hybrid_mrk,X(CO2)=0.300000,9000.0,1573.15,0.3,32.06323,0.7,0.3,0.1,0.4333333,0.4666667,0.0,0.0,0.0,10632.67,16406.52,0.0,-4999.5,nan,0.0,nan
h2o_co2_hybrid_mrk,X(CO2)=0.300000,10000.0,1573.15,0.3,30.60002,0.7,0.3,0.1,0.4333333,0.4666667,0.0,0.0,0.0,12972.51,22796.88,0.0,-4999.5,nan,0.0,nan
h2o_co2_hybrid_mrk,X(CO2)=0.300000,11000.0,1573.15,0.3,29.38237,0.7,0.3,0.1,0.4333333,0.4666667,0.0,0.0,0.0,15704.03,31380.38,0.0,-4999.5,nan,0.0,nan
h2o_co2_hybrid_mrk,X(CO2)=0.300000,12000.0,1573.15,0.3,28.35019,0.7,0.3,0.1,0.4333333,0.4666667,0.0,0.0,0.0,18888.21,42860.55,0.0,-4999.5,nan,0.0,nan
h2o_co2_hybrid_mrk,X(CO2)=0.300000,13000.0,1573.15,0.3,27.46152,0.7,0.3,0.1,0.4333333,0.4666667,0.0,0.0,0.0,22594.7,58157.18,0.0,-4999.5,nan,0.0,nan
h2o_co2_hybrid_mrk,X(CO2)=0.300000,14000.0,1573.15,0.3,26.68623,0.7,0.3,0.1,0.4333333,0.4666667,0.0,0.0,0.0,26903.11,78470.78,0.0,-4999.5,nan,0.0,nan
h2o_co2_hybrid_mrk,X(CO2)=0.300000,15000.0,1573.15,0.3,26.00211,0.7,0.3,0.1,0.4333333,0.4666667,0.0,0.0,0.0,31904.43,105366.0,0.0,-4999.5,nan,0.0,nan
h2o_co2_hybrid_mrk,X(CO2)=0.300000,16000.0,1573.15,0.3,25.39249,0.7,0.3,0.1,0.4333333,0.4666667,0.0,0.0,0.0,37702.62,140879.5,0.0,-4999.5,nan,0.0,nan
h2o_co2_hybrid_mrk,X(CO2)=0.300000,17000.0,1573.15,0.3,24.84459,0.7,0.3,0.1,0.4333333,0.4666667,0.0,0.0,0.0,44416.44,187658.2,0.0,-4999.5,nan,0.0,nan
h2o_co2_hybrid_mrk,X(CO2)=0.300000,18000.0,1573.15,0.3,24.34845,0.7,0.3,0.1,0.4333333,0.4666667,0.0,0.0,0.0,52181.51,249139.4,0.0,-4999.5,nan,0.0,nan
h2o_co2_hybrid_mrk,X(CO2)=0.300000,19000.0,1573.15,0.3,23.89621,0.7,0.3,0.1,0.4333333,0.4666667,0.0,0.0,0.0,61152.64,329780.4,0.0,-4999.5,nan,0.0,nan
h2o_co2_hybrid_mrk,X(CO2)=0.300000,20000.0,1573.15,0.3,23.48156,0.7,0.3,0.1,0.4333333,0.4666667,0.0,0.0,0.0,71506.53,435356.1,0.0,-4999.5,nan,0.0,nan
h2o_co2_hybrid_mrk,X(CO2)=0.400000,1000.0,373.15,0.4,28.91005,0.6,0.4,0.1333333,0.4666667,0.4,0.0,0.0,0.0,19.85461,506.2559,0.0,-4999.5,nan,0.0,nan
h2o_co2_hybrid_mrk,X(CO2)=0.400000,2000.0,373.15,0.4,26.58458,0.6,0.4,0.1333333,0.4666667,0.4,0.0,0.0,0.0,35.07643,2039.744,0.0,-4999.5,nan,0.0,nan
h2o_co2_hybrid_mrk,X(CO2)=0.400000,3000.0,373.15,0.4,25.17384,0.6,0.4,0.1333333,0.4666667,0.4,0.0,0.0,0.0,61.95538,7174.243,0.0,-4999.5,nan,0.0,nan
h2o_co2_hybrid_mrk,X(CO2)=0.400000,4000.0,373.15,0.4,24.16826,0.6,0.4,0.1333333,0.4666667,0.4,0.0,0.0,0.0,108.682,23559.38,0.0,-4999.5,nan,0.0,nan
h2o_co2_hybrid_mrk,X(CO2)=0.400000,5000.0,373.15,0.4,23.39096,0.6,0.4,0.1333333,0.4666667,0.4,0.0,0.0,0.0,189.2947,74150.8,0.0,-4999.5,nan,0.0,nan
h2o_co2_hybrid_mrk,X(CO2)=0.400000,6000.0,373.15,0.4,22.75966,0.6,0.4,0.1333333,0.4666667,0.4,0.0,0.0,0.0,327.5861,226685.0,0.0,-4999.5,nan,0.0,nan
h2o_co2_hybrid_mrk,X(CO2)=0.400000,7000.0,373.15,0.4,22.22945,0.6,0.4,0.1333333,0.4666667,0.4,0.0,0.0,0.0,563.7225,678387.5,0.0,-4999.5,nan,0.0,nan
h2o_co2_hybrid_mrk,X(CO2)=0.400000,8000.0,373.15,0.4,21.77322,0.6,0.4,0.1333333,0.4666667,0.4,0.0,0.0,0.0,965.3159,1997355.0,0.0,-4999.5,nan,0.0,nan
h2o_co2_hybrid_mrk,X(CO2)=0.400000,9000.0,373.15,0.4,21.37336,0.6,0.4,0.1333333,0.4666667,0.4,0.0,0.0,0.0,1645.898,5805468.0,0.0,-4999.5,nan,0.0,nan
h2o_co2_hybrid_mrk,X(CO2)=0.400000,10000.0,373.15,0.4,21.01781,0.6,0.4,0.1333333,0.4666667,0.4,0.0,0.0,0.0,2795.687,16698670.0,0.0,-4999.5,nan,0.0,nan
h2o_co2_hybrid_mrk,X(CO2)=0.400000,11000.0,373.15,0.4,20.69796,0.6,0.4,0.1333333,0.4666667,0.4,0.0,0.0,0.0,4732.744,47618120.0,0.0,-4999.5,nan,0.0,nan
h2o_co2_hybrid_mrk,X(CO2)=0.400000,12000.0,373.15,0.4,20.40746,0.6,0.4,0.1333333,0.4666667,0.4,0.0,0.0,0.0,7987.924,134804500.0,0.0,-4999.5,nan,0.0,nan
h2o_co2_hybrid_mrk,X(CO2)=0.400000,13000.0,373.15,0.4,20.14149,0.6,0.4,0.1333333,0.4666667,0.4,0.0,0.0,0.0,13445.75,379265200.0,0.0,-4999.5,nan,0.0,nan
h2o_co2_hybrid_mrk,X(CO2)=0.400000,14000.0,373.15,0.4,19.89632,0.6,0.4,0.1333333,0.4666667,0.4,0.0,0.0,0.0,22577.75,1061346000.0,0.0,-4999.5,nan,0.0,nan
h2o_co2_hybrid_mrk,X(CO2)=0.400000,15000.0,373.15,0.4,19.669,0.6,0.4,0.1333333,0.4666667,0.4,0.0,0.0,0.0,37828.51,2956276000.0,0.0,-4999.5,nan,0.0,nan
h2o_co2_hybrid_mrk,X(CO2)=0.400000,16000.0,373.15,0.4,19.45715,0.6,0.4,0.1333333,0.4666667,0.4,0.0,0.0,0.0,63253.68,8200705000.0,0.0,-4999.5,nan,0.0,nan
h2o_co2_hybrid_mrk,X(CO2)=0.400000,17000.0,373.15,0.4,19.25883,0.6,0.4,0.1333333,0.4666667,0.4,0.0,0.0,0.0,105573.5,22666200000.0,0.0,-4999.5,nan,0.0,nan
h2o_co2_hybrid_mrk,X(CO2)=0.400000,18000.0,373.15,0.4,19.07246,0.6,0.4,0.1333333,0.4666667,0.4,0.0,0.0,0.0,175910.3,62445000000.0,0.0,-4999.5,nan,0.0,nan
h2o_co2_hybrid_mrk,X(CO2)=0.400000,19000.0,373.15,0.4,18.89669,0.6,0.4,0.1333333,0.4666667,0.4,0.0,0.0,0.0,292652.9,171534900000.0,0.0,-4999.5,nan,0.0,nan
h2o_co2_hybrid_mrk,X(CO2)=0.400000,20000.0,373.15,0.4,18.73041,0.6,0.4,0.1333333,0.4666667,0.4,0.0,0.0,0.0,486172.5,469965700000.0,0.0,-4999.5,nan,0.0,nan
h2o_co2_hybrid_mrk,X(CO2)=0.400000,1000.0,423.15,0.4,31.2404,0.6,0.4,0.1333333,0.4666667,0.4,0.0,0.0,0.0,39.96441,609.2638,0.0,-4999.5,nan,0.0,nan
h2o_co2_hybrid_mrk,X(CO2)=0.400000,2000.0,423.15,0.4,27.95818,0.6,0.4,0.1333333,0.4666667,0.4,0.0,0.0,0.0,67.07562,2304.518,0.0,-4999.5,nan,0.0,nan
h2o_co2_hybrid_mrk,X(CO2)=0.400000,3000.0,423.15,0.4,26.18575,0.6,0.4,0.1333333,0.4666667,0.4,0.0,0.0,0.0,112.5983,7391.633,0.0,-4999.5,nan,0.0,nan
h2o_co2_hybrid_mrk,X(CO2)=0.400000,4000.0,423.15,0.4,24.9807,0.6,0.4,0.1333333,0.4666667,0.4,0.0,0.0,0.0,187.5191,21935.84,0.0,-4999.5,nan,0.0,nan
h2o_co2_hybrid_mrk,X(CO2)=0.400000,5000.0,423.15,0.4,24.07426,0.6,0.4,0.1333333,0.4666667,0.4,0.0,0.0,0.0,309.8107,62135.12,0.0,-4999.5,nan,0.0,nan
h2o_co2_hybrid_mrk,X(CO2)=0.400000,6000.0,423.15,0.4,23.35136,0.6,0.4,0.1333333,0.4666667,0.4,0.0,0.0,0.0,508.2703,170565.9,0.0,-4999.5,nan,0.0,nan
h2o_co2_hybrid_mrk,X(CO2)=0.400000,7000.0,423.15,0.4,22.75226,0.6,0.4,0.1333333,0.4666667,0.4,0.0,0.0,0.0,828.8176,457715.2,0.0,-4999.5,nan,0.0,nan
h2o_co2_hybrid_mrk,X(CO2)=0.400000,8000.0,423.15,0.4,22.24201,0.6,0.4,0.1333333,0.4666667,0.4,0.0,0.0,0.0,1344.465,1207328.0,0.0,-4999.5,nan,0.0,nan
h2o_co2_hybrid_mrk,X(CO2)=0.400000,9000.0,423.15,0.4,21.79848,0.6,0.4,0.1333333,0.4666667,0.4,0.0,0.0,0.0,2171.025,3141849.0,0.0,-4999.5,nan,0.0,nan
h2o_co2_hybrid_mrk,X(CO2)=0.400000,10000.0,423.15,0.4,21.40678,0.6,0.4,0.1333333,0.4666667,0.4,0.0,0.0,0.0,3491.816,8087398.0,0.0,-4999.5,nan,0.0,nan
h2o_co2_hybrid_mrk,X(CO2)=0.400000,11000.0,423.15,0.4,21.05643,0.6,0.4,0.1333333,0.4666667,0.4,0.0,0.0,0.0,5596.455,20631420.0,0.0,-4999.5,nan,0.0,nan
h2o_co2_hybrid_mrk,X(CO2)=0.400000,12000.0,423.15,0.4,20.73981,0.6,0.4,0.1333333,0.4666667,0.4,0.0,0.0,0.0,8941.695,52236800.0,0.0,-4999.5,nan,0.0,nan
h2o_co2_hybrid_mrk,X(CO2)=0.400000,13000.0,423.15,0.4,20.45117,0.6,0.4,0.1333333,0.4666667,0.4,0.0,0.0,0.0,14246.73,131413600.0,0.0,-4999.5,nan,0.0,nan
h2o_co2_hybrid_mrk,X(CO2)=0.400000,14000.0,423.15,0.4,20.18612,0.6,0.4,0.1333333,0.4666667,0.4,0.0,0.0,0.0,22642.29,328781700.0,0.0,-4999.5,nan,0.0,nan
h2o_co2_hybrid_mrk,X(CO2)=0.400000,15000.0,423.15,0.4,19.9412,0.6,0.4,0.1333333,0.4666667,0.4,0.0,0.0,0.0,35903.75,818634400.0,0.0,-4999.5,nan,0.0,nan
h2o_co2_hybrid_mrk,X(CO2)=0.400000,16000.0,423.15,0.4,19.71365,0.6,0.4,0.1333333,0.4666667,0.4,0.0,0.0,0.0,56815.01,2029749000.0,0.0,-4999.5,nan,0.0,nan
h2o_co2_hybrid_mrk,X(CO2)=0.400000,17000.0,423.15,0.4,19.50123,0.6,0.4,0.1333333,0.4666667,0.4,0.0,0.0,0.0,89736.28,5013899000.0,0.0,-4999.5,nan,0.0,nan
h2o_co2_hybrid_mrk,X(CO2)=0.400000,18000.0,423.15,0.4,19.30211,0.6,0.4,0.1333333,0.4666667,0.4,0.0,0.0,0.0,141489.1,12344290000.0,0.0,-4999.5,nan,0.0,nan
h2o_co2_hybrid_mrk,X(CO2)=0.400000,19000.0,423.15,0.4,19.11475,0.6,0.4,0.1333333,0.4666667,0.4,0.0,0.0,0.0,222734.5,30301470000.0,0.0,-4999.5,nan,0.0,nan
h2o_co2_hybrid_mrk,X(CO2)=0.400000,20000.0,423.15,0.4,18.93787,0.6,0.4,0.1333333,0.4666667,0.4,0.0,0.0,0.0,350118.3,74181410000.0,0.0,-4999.5,nan,0.0,nan
h2o_co2_hybrid_mrk,X(CO2)=0.400000,1000.0,473.15,0.4,33.95226,0.6,0.4,0.1333333,0.4666667,0.4,0.0,0.0,0.0,66.41523,639.2164,0.0,-4999.5,nan,0.0,nan
h2o_co2_hybrid_mrk,X(CO2)=0.400000,2000.0,473.15,0.4,29.44867,0.6,0.4,0.1333333,0.4666667,0.4,0.0,0.0,0.0,107.4288,2301.419,0.0,-4999.5,nan,0.0,nan
h2o_co2_hybrid_mrk,X(CO2)=0.400000,3000.0,473.15,0.4,27.27899,0.6,0.4,0.1333333,0.4666667,0.4,0.0,0.0,0.0,173.4984,6852.507,0.0,-4999.5,nan,0.0,nan
h2o_co2_hybrid_mrk,X(CO2)=0.400000,4000.0,473.15,0.4,25.86626,0.6,0.4,0.1333333,0.4666667,0.4,0.0,0.0,0.0,277.5383,18748.05,0.0,-4999.5,nan,0.0,nan
h2o_co2_hybrid_mrk,X(CO2)=0.400000,5000.0,473.15,0.4,24.82861,0.6,0.4,0.1333333,0.4666667,0.4,0.0,0.0,0.0,440.005,48814.25,0.0,-4999.5,nan,0.0,nan
h2o_co2_hybrid_mrk,X(CO2)=0.400000,6000.0,473.15,0.4,24.01381,0.6,0.4,0.1333333,0.4666667,0.4,0.0,0.0,0.0,692.2486,122980.4,0.0,-4999.5,nan,0.0,nan
h2o_co2_hybrid_mrk,X(CO2)=0.400000,7000.0,473.15,0.4,23.34602,0.6,0.4,0.1333333,0.4666667,0.4,0.0,0.0,0.0,1082.043,302604.6,0.0,-4999.5,nan,0.0,nan
h2o_co2_hybrid_mrk,X(CO2)=0.400000,8000.0,473.15,0.4,22.78207,0.6,0.4,0.1333333,0.4666667,0.4,0.0,0.0,0.0,1681.976,731453.6,0.0,-4999.5,nan,0.0,nan
h2o_co2_hybrid_mrk,X(CO2)=0.400000,9000.0,473.15,0.4,22.29516,0.6,0.4,0.1333333,0.4666667,0.4,0.0,0.0,0.0,2602.093,1743630.0,0.0,-4999.5,nan,0.0,nan
h2o_co2_hybrid_mrk,X(CO2)=0.400000,10000.0,473.15,0.4,21.86753,0.6,0.4,0.1333333,0.4666667,0.4,0.0,0.0,0.0,4008.885,4110194.0,0.0,-4999.5,nan,0.0,nan
h2o_co2_hybrid_mrk,X(CO2)=0.400000,11000.0,473.15,0.4,21.48683,0.6,0.4,0.1333333,0.4666667,0.4,0.0,0.0,0.0,6153.791,9600106.0,0.0,-4999.5,nan,0.0,nan
h2o_co2_hybrid_mrk,X(CO2)=0.400000,12000.0,473.15,0.4,21.14415,0.6,0.4,0.1333333,0.4666667,0.4,0.0,0.0,0.0,9415.918,22250920.0,0.0,-4999.5,nan,0.0,nan
h2o_co2_hybrid_mrk,X(CO2)=0.400000,13000.0,473.15,0.4,20.83287,0.6,0.4,0.1333333,0.4666667,0.4,0.0,0.0,0.0,14365.98,51236860.0,0.0,-4999.5,nan,0.0,nan
h2o_co2_hybrid_mrk,X(CO2)=0.400000,14000.0,473.15,0.4,20.5479,0.6,0.4,0.1333333,0.4666667,0.4,0.0,0.0,0.0,21861.97,117321600.0,0.0,-4999.5,nan,0.0,nan
h2o_co2_hybrid_mrk,X(CO2)=0.400000,15000.0,473.15,0.4,20.2853,0.6,0.4,0.1333333,0.4666667,0.4,0.0,0.0,0.0,33192.01,267334200.0,0.0,-4999.5,nan,0.0,nan
h2o_co2_hybrid_mrk,X(CO2)=0.400000,16000.0,473.15,0.4,20.04193,0.6,0.4,0.1333333,0.4666667,0.4,0.0,0.0,0.0,50287.71,606558700.0,0.0,-4999.5,nan,0.0,nan
h2o_co2_hybrid_mrk,X(CO2)=0.400000,17000.0,473.15,0.4,19.81526,0.6,0.4,0.1333333,0.4666667,0.4,0.0,0.0,0.0,76042.32,1371036000.0,0.0,-4999.5,nan,0.0,nan
h2o_co2_hybrid_mrk,X(CO2)=0.400000,18000.0,473.15,0.4,19.60321,0.6,0.4,0.1333333,0.4666667,0.4,0.0,0.0,0.0,114784.9,3088607000.0,0.0,-4999.5,nan,0.0,nan
h2o_co2_hybrid_mrk,X(CO2)=0.400000,19000.0,473.15,0.4,19.40407,0.6,0.4,0.1333333,0.4666667,0.4,0.0,0.0,0.0,172986.3,6936920000.0,0.0,-4999.5,nan,0.0,nan
h2o_co2_hybrid_mrk,X(CO2)=0.400000,20000.0,473.15,0.4,19.2164,0.6,0.4,0.1333333,0.4666667,0.4,0.0,0.0,0.0,260310.1,15537840000.0,0.0,-4999.5,nan,0.0,nan
h2o_co2_hybrid_mrk,X(CO2)=0.400000,1000.0,523.15,0.4,37.1154,0.6,0.4,0.1333333,0.4666667,0.4,0.0,0.0,0.0,98.84927,634.4593,0.0,-4999.5,nan,0.0,nan
h2o_co2_hybrid_mrk,X(CO2)=0.400000,2000.0,523.15,0.4,31.04945,0.6,0.4,0.1333333,0.4666667,0.4,0.0,0.0,0.0,155.9881,2198.368,0.0,-4999.5,nan,0.0,nan
h2o_co2_hybrid_mrk,X(CO2)=0.400000,3000.0,523.15,0.4,28.42365,0.6,0.4,0.1333333,0.4666667,0.4,0.0,0.0,0.0,244.6698,6160.421,0.0,-4999.5,nan,0.0,nan
h2o_co2_hybrid_mrk,X(CO2)=0.400000,4000.0,523.15,0.4,26.7838,0.6,0.4,0.1333333,0.4666667,0.4,0.0,0.0,0.0,379.277,15772.86,0.0,-4999.5,nan,0.0,nan
h2o_co2_hybrid_mrk,X(CO2)=0.400000,5000.0,523.15,0.4,25.60646,0.6,0.4,0.1333333,0.4666667,0.4,0.0,0.0,0.0,581.984,38343.16,0.0,-4999.5,nan,0.0,nan
h2o_co2_hybrid_mrk,X(CO2)=0.400000,6000.0,523.15,0.4,24.69543,0.6,0.4,0.1333333,0.4666667,0.4,0.0,0.0,0.0,885.5514,90085.61,0.0,-4999.5,nan,0.0,nan
h2o_co2_hybrid_mrk,X(CO2)=0.400000,7000.0,523.15,0.4,23.95649,0.6,0.4,0.1333333,0.4666667,0.4,0.0,0.0,0.0,1338.085,206576.3,0.0,-4999.5,nan,0.0,nan
h2o_co2_hybrid_mrk,X(CO2)=0.400000,8000.0,523.15,0.4,23.33734,0.6,0.4,0.1333333,0.4666667,0.4,0.0,0.0,0.0,2010.025,465152.1,0.0,-4999.5,nan,0.0,nan
h2o_co2_hybrid_mrk,X(CO2)=0.400000,9000.0,523.15,0.4,22.80609,0.6,0.4,0.1333333,0.4666667,0.4,0.0,0.0,0.0,3004.29,1032629.0,0.0,-4999.5,nan,0.0,nan
h2o_co2_hybrid_mrk,X(CO2)=0.400000,10000.0,523.15,0.4,22.34189,0.6,0.4,0.1333333,0.4666667,0.4,0.0,0.0,0.0,4470.973,2266465.0,0.0,-4999.5,nan,0.0,nan
h2o_co2_hybrid_mrk,X(CO2)=0.400000,11000.0,523.15,0.4,21.9304,0.6,0.4,0.1333333,0.4666667,0.4,0.0,0.0,0.0,6628.593,4928311.0,0.0,-4999.5,nan,0.0,nan
h2o_co2_hybrid_mrk,X(CO2)=0.400000,12000.0,523.15,0.4,21.56136,0.6,0.4,0.1333333,0.4666667,0.4,0.0,0.0,0.0,9794.788,10633090.0,0.0,-4999.5,nan,0.0,nan
h2o_co2_hybrid_mrk,X(CO2)=0.400000,13000.0,523.15,0.4,21.22719,0.6,0.4,0.1333333,0.4666667,0.4,0.0,0.0,0.0,14430.61,22790230.0,0.0,-4999.5,nan,0.0,nan
h2o_co2_hybrid_mrk,X(CO2)=0.400000,14000.0,523.15,0.4,20.92214,0.6,0.4,0.1333333,0.4666667,0.4,0.0,0.0,0.0,21204.4,48570360.0,0.0,-4999.5,nan,0.0,nan
h2o_co2_hybrid_mrk,X(CO2)=0.400000,15000.0,523.15,0.4,20.64173,0.6,0.4,0.1333333,0.4666667,0.4,0.0,0.0,0.0,31083.74,103003700.0,0.0,-4999.5,nan,0.0,nan
h2o_co2_hybrid_mrk,X(CO2)=0.400000,16000.0,523.15,0.4,20.38245,0.6,0.4,0.1333333,0.4666667,0.4,0.0,0.0,0.0,45467.86,217499700.0,0.0,-4999.5,nan,0.0,nan
h2o_co2_hybrid_mrk,X(CO2)=0.400000,17000.0,523.15,0.4,20.14144,0.6,0.4,0.1333333,0.4666667,0.4,0.0,0.0,0.0,66378.0,457517300.0,0.0,-4999.5,nan,0.0,nan
h2o_co2_hybrid_mrk,X(CO2)=0.400000,18000.0,523.15,0.4,19.91641,0.6,0.4,0.1333333,0.4666667,0.4,0.0,0.0,0.0,96730.96,959140300.0,0.0,-4999.5,nan,0.0,nan
h2o_co2_hybrid_mrk,X(CO2)=0.400000,19000.0,523.15,0.4,19.70543,0.6,0.4,0.1333333,0.4666667,0.4,0.0,0.0,0.0,140731.9,2004642000.0,0.0,-4999.5,nan,0.0,nan
h2o_co2_hybrid_mrk,X(CO2)=0.400000,20000.0,523.15,0.4,19.50693,0.6,0.4,0.1333333,0.4666667,0.4,0.0,0.0,0.0,204437.9,4178330000.0,0.0,-4999.5,nan,0.0,nan
h2o_co2_hybrid_mrk,X(CO2)=0.400000,1000.0,573.15,0.4,40.7482,0.6,0.4,0.1333333,0.4666667,0.4,0.0,0.0,0.0,136.359,615.362,0.0,-4999.5,nan,0.0,nan
h2o_co2_hybrid_mrk,X(CO2)=0.400000,2000.0,573.15,0.4,32.75849,0.6,0.4,0.1333333,0.4666667,0.4,0.0,0.0,0.0,212.2327,2067.564,0.0,-4999.5,nan,0.0,nan
h2o_co2_hybrid_mrk,X(CO2)=0.400000,3000.0,573.15,0.4,29.60856,0.6,0.4,0.1333333,0.4666667,0.4,0.0,0.0,0.0,325.7349,5510.017,0.0,-4999.5,nan,0.0,nan
h2o_co2_hybrid_mrk,X(CO2)=0.400000,4000.0,573.15,0.4,27.71812,0.6,0.4,0.1333333,0.4666667,0.4,0.0,0.0,0.0,492.6513,13352.35,0.0,-4999.5,nan,0.0,nan
h2o_co2_hybrid_mrk,X(CO2)=0.400000,5000.0,573.15,0.4,26.39064,0.6,0.4,0.1333333,0.4666667,0.4,0.0,0.0,0.0,736.4707,30663.01,0.0,-4999.5,nan,0.0,nan
h2o_co2_hybrid_mrk,X(CO2)=0.400000,6000.0,573.15,0.4,25.37803,0.6,0.4,0.1333333,0.4666667,0.4,0.0,0.0,0.0,1090.802,67991.51,0.0,-4999.5,nan,0.0,nan
h2o_co2_hybrid_mrk,X(CO2)=0.400000,7000.0,573.15,0.4,24.56498,0.6,0.4,0.1333333,0.4666667,0.4,0.0,0.0,0.0,1603.483,147070.0,0.0,-4999.5,nan,0.0,nan
h2o_co2_hybrid_mrk,X(CO2)=0.400000,8000.0,573.15,0.4,23.88893,0.6,0.4,0.1333333,0.4666667,0.4,0.0,0.0,0.0,2342.432,312279.3,0.0,-4999.5,nan,0.0,nan
h2o_co2_hybrid_mrk,X(CO2)=0.400000,9000.0,573.15,0.4,23.31233,0.6,0.4,0.1333333,0.4666667,0.4,0.0,0.0,0.0,3403.893,653591.2,0.0,-4999.5,nan,0.0,nan
h2o_co2_hybrid_mrk,X(CO2)=0.400000,10000.0,573.15,0.4,22.81097,0.6,0.4,0.1333333,0.4666667,0.4,0.0,0.0,0.0,4924.007,1352267.0,0.0,-4999.5,nan,0.0,nan
h2o_co2_hybrid_mrk,X(CO2)=0.400000,11000.0,573.15,0.4,22.36836,0.6,0.4,0.1333333,0.4666667,0.4,0.0,0.0,0.0,7095.044,2771527.0,0.0,-4999.5,nan,0.0,nan
h2o_co2_hybrid_mrk,X(CO2)=0.400000,12000.0,573.15,0.4,21.9728,0.6,0.4,0.1333333,0.4666667,0.4,0.0,0.0,0.0,10188.14,5635801.0,0.0,-4999.5,nan,0.0,nan
h2o_co2_hybrid_mrk,X(CO2)=0.400000,13000.0,573.15,0.4,21.6157,0.6,0.4,0.1333333,0.4666667,0.4,0.0,0.0,0.0,14585.15,11384010.0,0.0,-4999.5,nan,0.0,nan
h2o_co2_hybrid_mrk,X(CO2)=0.400000,14000.0,573.15,0.4,21.29058,0.6,0.4,0.1333333,0.4666667,0.4,0.0,0.0,0.0,20823.1,22863880.0,0.0,-4999.5,nan,0.0,nan
h2o_co2_hybrid_mrk,X(CO2)=0.400000,15000.0,573.15,0.4,20.99245,0.6,0.4,0.1333333,0.4666667,0.4,0.0,0.0,0.0,29656.49,45692890.0,0.0,-4999.5,nan,0.0,nan
h2o_co2_hybrid_mrk,X(CO2)=0.400000,16000.0,573.15,0.4,20.71735,0.6,0.4,0.1333333,0.4666667,0.4,0.0,0.0,0.0,42144.04,90920070.0,0.0,-4999.5,nan,0.0,nan
h2o_co2_hybrid_mrk,X(CO2)=0.400000,17000.0,573.15,0.4,20.46215,0.6,0.4,0.1333333,0.4666667,0.4,0.0,0.0,0.0,59769.92,180220600.0,0.0,-4999.5,nan,0.0,nan
h2o_co2_hybrid_mrk,X(CO2)=0.400000,18000.0,573.15,0.4,20.22427,0.6,0.4,0.1333333,0.4666667,0.4,0.0,0.0,0.0,84612.67,356014100.0,0.0,-4999.5,nan,0.0,nan
h2o_co2_hybrid_mrk,X(CO2)=0.400000,19000.0,573.15,0.4,20.00162,0.6,0.4,0.1333333,0.4666667,0.4,0.0,0.0,0.0,119580.6,701137800.0,0.0,-4999.5,nan,0.0,nan
h2o_co2_hybrid_mrk,X(CO2)=0.400000,20000.0,573.15,0.4,19.79244,0.6,0.4,0.1333333,0.4666667,0.4,0.0,0.0,0.0,168739.4,1377036000.0,0.0,-4999.5,nan,0.0,nan
h2o_co2_hybrid_mrk,X(CO2)=0.400000,1000.0,623.15,0.4,44.8533,0.6,0.4,0.1333333,0.4666667,0.4,0.0,0.0,0.0,177.5052,592.3404,0.0,-4999.5,nan,0.0,nan
h2o_co2_hybrid_mrk,X(CO2)=0.400000,2000.0,623.15,0.4,34.58064,0.6,0.4,0.1333333,0.4666667,0.4,0.0,0.0,0.0,275.2462,1938.403,0.0,-4999.5,nan,0.0,nan
h2o_co2_hybrid_mrk,X(CO2)=0.400000,3000.0,623.15,0.4,30.83532,0.6,0.4,0.1333333,0.4666667,0.4,0.0,0.0,0.0,415.8831,4951.892,0.0,-4999.5,nan,0.0,nan
h2o_co2_hybrid_mrk,X(CO2)=0.400000,4000.0,623.15,0.4,28.66865,0.6,0.4,0.1333333,0.4666667,0.4,0.0,0.0,0.0,616.9773,11456.49,0.0,-4999.5,nan,0.0,nan
h2o_co2_hybrid_mrk,X(CO2)=0.400000,5000.0,623.15,0.4,27.17933,0.6,0.4,0.1333333,0.4666667,0.4,0.0,0.0,0.0,903.1444,25078.02,0.0,-4999.5,nan,0.0,nan
h2o_co2_hybrid_mrk,X(CO2)=0.400000,6000.0,623.15,0.4,26.05908,0.6,0.4,0.1333333,0.4666667,0.4,0.0,0.0,0.0,1308.556,52964.12,0.0,-4999.5,nan,0.0,nan
h2o_co2_hybrid_mrk,X(CO2)=0.400000,7000.0,623.15,0.4,25.16852,0.6,0.4,0.1333333,0.4666667,0.4,0.0,0.0,0.0,1880.554,109072.3,0.0,-4999.5,nan,0.0,nan
h2o_co2_hybrid_mrk,X(CO2)=0.400000,8000.0,623.15,0.4,24.43357,0.6,0.4,0.1333333,0.4666667,0.4,0.0,0.0,0.0,2684.609,220437.4,0.0,-4999.5,nan,0.0,nan
h2o_co2_hybrid_mrk,X(CO2)=0.400000,9000.0,623.15,0.4,23.81043,0.6,0.4,0.1333333,0.4666667,0.4,0.0,0.0,0.0,3811.126,439065.0,0.0,-4999.5,nan,0.0,nan
h2o_co2_hybrid_mrk,X(CO2)=0.400000,10000.0,623.15,0.4,23.27121,0.6,0.4,0.1333333,0.4666667,0.4,0.0,0.0,0.0,5384.732,864406.0,0.0,-4999.5,nan,0.0,nan
h2o_co2_hybrid_mrk,X(CO2)=0.400000,11000.0,623.15,0.4,22.79708,0.6,0.4,0.1333333,0.4666667,0.4,0.0,0.0,0.0,7576.983,1685674.0,0.0,-4999.5,nan,0.0,nan
h2o_co2_hybrid_mrk,X(CO2)=0.400000,12000.0,623.15,0.4,22.3748,0.6,0.4,0.1333333,0.4666667,0.4,0.0,0.0,0.0,10623.7,3261261.0,0.0,-4999.5,nan,0.0,nan
h2o_co2_hybrid_mrk,X(CO2)=0.400000,13000.0,623.15,0.4,21.9947,0.6,0.4,0.1333333,0.4666667,0.4,0.0,0.0,0.0,14848.65,6267335.0,0.0,-4999.5,nan,0.0,nan
h2o_co2_hybrid_mrk,X(CO2)=0.400000,14000.0,623.15,0.4,21.64955,0.6,0.4,0.1333333,0.4666667,0.4,0.0,0.0,0.0,20695.74,11975170.0,0.0,-4999.5,nan,0.0,nan
h2o_co2_hybrid_mrk,X(CO2)=0.400000,15000.0,623.15,0.4,21.33376,0.6,0.4,0.1333333,0.4666667,0.4,0.0,0.0,0.0,28773.02,22767440.0,0.0,-4999.5,nan,0.0,nan
h2o_co2_hybrid_mrk,X(CO2)=0.400000,16000.0,623.15,0.4,21.04298,0.6,0.4,0.1333333,0.4666667,0.4,0.0,0.0,0.0,39912.4,43097410.0,0.0,-4999.5,nan,0.0,nan
h2o_co2_hybrid_mrk,X(CO2)=0.400000,17000.0,623.15,0.4,20.77373,0.6,0.4,0.1333333,0.4666667,0.4,0.0,0.0,0.0,55250.99,81267200.0,0.0,-4999.5,nan,0.0,nan
h2o_co2_hybrid_mrk,X(CO2)=0.400000,18000.0,623.15,0.4,20.52318,0.6,0.4,0.1333333,0.4666667,0.4,0.0,0.0,0.0,76341.62,152718700.0,0.0,-4999.5,nan,0.0,nan
h2o_co2_hybrid_mrk,X(CO2)=0.400000,19000.0,623.15,0.4,20.28904,0.6,0.4,0.1333333,0.4666667,0.4,0.0,0.0,0.0,105303.0,286113600.0,0.0,-4999.5,nan,0.0,nan
h2o_co2_hybrid_mrk,X(CO2)=0.400000,20000.0,623.15,0.4,20.06937,0.6,0.4,0.1333333,0.4666667,0.4,0.0,0.0,0.0,145023.4,534548500.0,0.0,-4999.5,nan,0.0,nan
h2o_co2_hybrid_mrk,X(CO2)=0.400000,1000.0,673.15,0.4,49.42151,0.6,0.4,0.1333333,0.4666667,0.4,0.0,0.0,0.0,220.4623,570.4065,0.0,-4999.5,nan,0.0,nan
h2o_co2_hybrid_mrk,X(CO2)=0.400000,2000.0,673.15,0.4,36.51996,0.6,0.4,0.1333333,0.4666667,0.4,0.0,0.0,0.0,343.6945,1821.466,0.0,-4999.5,nan,0.0,nan
h2o_co2_hybrid_mrk,X(CO2)=0.400000,3000.0,673.15,0.4,32.10833,0.6,0.4,0.1333333,0.4666667,0.4,0.0,0.0,0.0,513.7979,4487.58,0.0,-4999.5,nan,0.0,nan
h2o_co2_hybrid_mrk,X(CO2)=0.400000,4000.0,673.15,0.4,29.63886,0.6,0.4,0.1333333,0.4666667,0.4,0.0,0.0,0.0,750.8876,9979.369,0.0,-4999.5,nan,0.0,nan
h2o_co2_hybrid_mrk,X(CO2)=0.400000,5000.0,673.15,0.4,27.97524,0.6,0.4,0.1333333,0.4666667,0.4,0.0,0.0,0.0,1080.657,20968.93,0.0,-4999.5,nan,0.0,nan
h2o_co2_hybrid_mrk,X(CO2)=0.400000,6000.0,673.15,0.4,26.74072,0.6,0.4,0.1333333,0.4666667,0.4,0.0,0.0,0.0,1537.688,42483.1,0.0,-4999.5,nan,0.0,nan
h2o_co2_hybrid_mrk,X(CO2)=0.400000,7000.0,673.15,0.4,25.76884,0.6,0.4,0.1333333,0.4666667,0.4,0.0,0.0,0.0,2168.739,83897.09,0.0,-4999.5,nan,0.0,nan
h2o_co2_hybrid_mrk,X(CO2)=0.400000,8000.0,673.15,0.4,24.9727,0.6,0.4,0.1333333,0.4666667,0.4,0.0,0.0,0.0,3037.022,162564.2,0.0,-4999.5,nan,0.0,nan
h2o_co2_hybrid_mrk,X(CO2)=0.400000,9000.0,673.15,0.4,24.30161,0.6,0.4,0.1333333,0.4666667,0.4,0.0,0.0,0.0,4227.887,310397.5,0.0,-4999.5,nan,0.0,nan
h2o_co2_hybrid_mrk,X(CO2)=0.400000,10000.0,673.15,0.4,23.72364,0.6,0.4,0.1333333,0.4666667,0.4,0.0,0.0,0.0,5856.434,585759.3,0.0,-4999.5,nan,0.0,nan
h2o_co2_hybrid_mrk,X(CO2)=0.400000,11000.0,673.15,0.4,23.21746,0.6,0.4,0.1333333,0.4666667,0.4,0.0,0.0,0.0,8077.659,1094866.0,0.0,-4999.5,nan,0.0,nan
h2o_co2_hybrid_mrk,X(CO2)=0.400000,12000.0,673.15,0.4,22.76814,0.6,0.4,0.1333333,0.4666667,0.4,0.0,0.0,0.0,11100.02,2030208.0,0.0,-4999.5,nan,0.0,nan
h2o_co2_hybrid_mrk,X(CO2)=0.400000,13000.0,673.15,0.4,22.36488,0.6,0.4,0.1333333,0.4666667,0.4,0.0,0.0,0.0,15203.55,3739317.0,0.0,-4999.5,nan,0.0,nan
h2o_co2_hybrid_mrk,X(CO2)=0.400000,14000.0,673.15,0.4,21.99962,0.6,0.4,0.1333333,0.4666667,0.4,0.0,0.0,0.0,20763.97,6847557.0,0.0,-4999.5,nan,0.0,nan
h2o_co2_hybrid_mrk,X(CO2)=0.400000,15000.0,673.15,0.4,21.66619,0.6,0.4,0.1333333,0.4666667,0.4,0.0,0.0,0.0,28284.85,12476870.0,0.0,-4999.5,nan,0.0,nan
h2o_co2_hybrid_mrk,X(CO2)=0.400000,16000.0,673.15,0.4,21.35979,0.6,0.4,0.1333333,0.4666667,0.4,0.0,0.0,0.0,38440.49,22634670.0,0.0,-4999.5,nan,0.0,nan
h2o_co2_hybrid_mrk,X(CO2)=0.400000,17000.0,673.15,0.4,21.07658,0.6,0.4,0.1333333,0.4666667,0.4,0.0,0.0,0.0,52132.85,40903970.0,0.0,-4999.5,nan,0.0,nan
h2o_co2_hybrid_mrk,X(CO2)=0.400000,18000.0,673.15,0.4,20.81348,0.6,0.4,0.1333333,0.4666667,0.4,0.0,0.0,0.0,70567.44,73665860.0,0.0,-4999.5,nan,0.0,nan
h2o_co2_hybrid_mrk,X(CO2)=0.400000,19000.0,673.15,0.4,20.56797,0.6,0.4,0.1333333,0.4666667,0.4,0.0,0.0,0.0,95354.06,132261600.0,0.0,-4999.5,nan,0.0,nan
h2o_co2_hybrid_mrk,X(CO2)=0.400000,20000.0,673.15,0.4,20.33796,0.6,0.4,0.1333333,0.4666667,0.4,0.0,0.0,0.0,128640.7,236810700.0,0.0,-4999.5,nan,0.0,nan
h2o_co2_hybrid_mrk,X(CO2)=0.400000,1000.0,723.15,0.4,54.43894,0.6,0.4,0.1333333,0.4666667,0.4,0.0,0.0,0.0,263.3395,551.6018,0.0,-4999.5,nan,0.0,nan
h2o_co2_hybrid_mrk,X(CO2)=0.400000,2000.0,723.15,0.4,38.57831,0.6,0.4,0.1333333,0.4666667,0.4,0.0,0.0,0.0,415.9021,1719.408,0.0,-4999.5,nan,0.0,nan
h2o_co2_hybrid_mrk,X(CO2)=0.400000,3000.0,723.15,0.4,33.43137,0.6,0.4,0.1333333,0.4666667,0.4,0.0,0.0,0.0,617.6972,4104.343,0.0,-4999.5,nan,0.0,nan
h2o_co2_hybrid_mrk,X(CO2)=0.400000,4000.0,723.15,0.4,30.63245,0.6,0.4,0.1333333,0.4666667,0.4,0.0,0.0,0.0,892.3839,8819.702,0.0,-4999.5,nan,0.0,nan
h2o_co2_hybrid_mrk,X(CO2)=0.400000,5000.0,723.15,0.4,28.7817,0.6,0.4,0.1333333,0.4666667,0.4,0.0,0.0,0.0,1266.769,17888.38,0.0,-4999.5,nan,0.0,nan
h2o_co2_hybrid_mrk,X(CO2)=0.400000,6000.0,723.15,0.4,27.42593,0.6,0.4,0.1333333,0.4666667,0.4,0.0,0.0,0.0,1775.756,34964.15,0.0,-4999.5,nan,0.0,nan
h2o_co2_hybrid_mrk,X(CO2)=0.400000,7000.0,723.15,0.4,26.36865,0.6,0.4,0.1333333,0.4666667,0.4,0.0,0.0,0.0,2465.483,66594.65,0.0,-4999.5,nan,0.0,nan
h2o_co2_hybrid_mrk,X(CO2)=0.400000,8000.0,723.15,0.4,25.50878,0.6,0.4,0.1333333,0.4666667,0.4,0.0,0.0,0.0,3397.072,124431.0,0.0,-4999.5,nan,0.0,nan
h2o_co2_hybrid_mrk,X(CO2)=0.400000,9000.0,723.15,0.4,24.78813,0.6,0.4,0.1333333,0.4666667,0.4,0.0,0.0,0.0,4651.459,229079.7,0.0,-4999.5,nan,0.0,nan
h2o_co2_hybrid_mrk,X(CO2)=0.400000,10000.0,723.15,0.4,24.17037,0.6,0.4,0.1333333,0.4666667,0.4,0.0,0.0,0.0,6335.716,416794.7,0.0,-4999.5,nan,0.0,nan
h2o_co2_hybrid_mrk,X(CO2)=0.400000,11000.0,723.15,0.4,23.63145,0.6,0.4,0.1333333,0.4666667,0.4,0.0,0.0,0.0,8591.314,751066.4,0.0,-4999.5,nan,0.0,nan
h2o_co2_hybrid_mrk,X(CO2)=0.400000,12000.0,723.15,0.4,23.15465,0.6,0.4,0.1333333,0.4666667,0.4,0.0,0.0,0.0,11604.96,1342635.0,0.0,-4999.5,nan,0.0,nan
h2o_co2_hybrid_mrk,X(CO2)=0.400000,13000.0,723.15,0.4,22.72796,0.6,0.4,0.1333333,0.4666667,0.4,0.0,0.0,0.0,15622.78,2383967.0,0.0,-4999.5,nan,0.0,nan
h2o_co2_hybrid_mrk,X(CO2)=0.400000,14000.0,723.15,0.4,22.34243,0.6,0.4,0.1333333,0.4666667,0.4,0.0,0.0,0.0,20968.86,4208493.0,0.0,-4999.5,nan,0.0,nan
h2o_co2_hybrid_mrk,X(CO2)=0.400000,15000.0,723.15,0.4,21.99129,0.6,0.4,0.1333333,0.4666667,0.4,0.0,0.0,0.0,28069.54,7392213.0,0.0,-4999.5,nan,0.0,nan
h2o_co2_hybrid_mrk,X(CO2)=0.400000,16000.0,723.15,0.4,21.66923,0.6,0.4,0.1333333,0.4666667,0.4,0.0,0.0,0.0,37485.09,12927580.0,0.0,-4999.5,nan,0.0,nan
h2o_co2_hybrid_mrk,X(CO2)=0.400000,17000.0,723.15,0.4,21.37209,0.6,0.4,0.1333333,0.4666667,0.4,0.0,0.0,0.0,49951.15,22520590.0,0.0,-4999.5,nan,0.0,nan
h2o_co2_hybrid_mrk,X(CO2)=0.400000,18000.0,723.15,0.4,21.09649,0.6,0.4,0.1333333,0.4666667,0.4,0.0,0.0,0.0,66432.78,39097550.0,0.0,-4999.5,nan,0.0,nan
h2o_co2_hybrid_mrk,X(CO2)=0.400000,19000.0,723.15,0.4,20.83969,0.6,0.4,0.1333333,0.4666667,0.4,0.0,0.0,0.0,88195.01,67668160.0,0.0,-4999.5,nan,0.0,nan
h2o_co2_hybrid_mrk,X(CO2)=0.400000,20000.0,723.15,0.4,20.59943,0.6,0.4,0.1333333,0.4666667,0.4,0.0,0.0,0.0,116894.8,116793400.0,0.0,-4999.5,nan,0.0,nan
h2o_co2_hybrid_mrk,X(CO2)=0.400000,1000.0,773.15,0.4,59.86056,0.6,0.4,0.1333333,0.4666667,0.4,0.0,0.0,0.0,304.5375,536.3456,0.0,-4999.5,nan,0.0,nan
h2o_co2_hybrid_mrk,X(CO2)=0.400000,2000.0,773.15,0.4,40.75612,0.6,0.4,0.1333333,0.4666667,0.4,0.0,0.0,0.0,490.013,1631.759,0.0,-4999.5,nan,0.0,nan
h2o_co2_hybrid_mrk,X(CO2)=0.400000,3000.0,773.15,0.4,34.80706,0.6,0.4,0.1333333,0.4666667,0.4,0.0,0.0,0.0,725.4772,3787.387,0.0,-4999.5,nan,0.0,nan
h2o_co2_hybrid_mrk,X(CO2)=0.400000,4000.0,773.15,0.4,31.65244,0.6,0.4,0.1333333,0.4666667,0.4,0.0,0.0,0.0,1039.012,7897.796,0.0,-4999.5,nan,0.0,nan
h2o_co2_hybrid_mrk,X(CO2)=0.400000,5000.0,773.15,0.4,29.60164,0.6,0.4,0.1333333,0.4666667,0.4,0.0,0.0,0.0,1458.612,15531.07,0.0,-4999.5,nan,0.0,nan
h2o_co2_hybrid_mrk,X(CO2)=0.400000,6000.0,773.15,0.4,28.11745,0.6,0.4,0.1333333,0.4666667,0.4,0.0,0.0,0.0,2019.443,29420.1,0.0,-4999.5,nan,0.0,nan
h2o_co2_hybrid_mrk,X(CO2)=0.400000,7000.0,773.15,0.4,26.97047,0.6,0.4,0.1333333,0.4666667,0.4,0.0,0.0,0.0,2766.989,54293.68,0.0,-4999.5,nan,0.0,nan
h2o_co2_hybrid_mrk,X(CO2)=0.400000,8000.0,773.15,0.4,26.04418,0.6,0.4,0.1333333,0.4666667,0.4,0.0,0.0,0.0,3760.412,98280.47,0.0,-4999.5,nan,0.0,nan
h2o_co2_hybrid_mrk,X(CO2)=0.400000,9000.0,773.15,0.4,25.27221,0.6,0.4,0.1333333,0.4666667,0.4,0.0,0.0,0.0,5076.712,175273.8,0.0,-4999.5,nan,0.0,nan
h2o_co2_hybrid_mrk,X(CO2)=0.400000,10000.0,773.15,0.4,24.61349,0.6,0.4,0.1333333,0.4666667,0.4,0.0,0.0,0.0,6816.047,308902.0,0.0,-4999.5,nan,0.0,nan
h2o_co2_hybrid_mrk,X(CO2)=0.400000,11000.0,773.15,0.4,24.04102,0.6,0.4,0.1333333,0.4666667,0.4,0.0,0.0,0.0,9108.567,539174.5,0.0,-4999.5,nan,0.0,nan
h2o_co2_hybrid_mrk,X(CO2)=0.400000,12000.0,773.15,0.4,23.53621,0.6,0.4,0.1333333,0.4666667,0.4,0.0,0.0,0.0,12123.22,933579.1,0.0,-4999.5,nan,0.0,nan
h2o_co2_hybrid_mrk,X(CO2)=0.400000,13000.0,773.15,0.4,23.0857,0.6,0.4,0.1333333,0.4666667,0.4,0.0,0.0,0.0,16079.07,1605565.0,0.0,-4999.5,nan,0.0,nan
h2o_co2_hybrid_mrk,X(CO2)=0.400000,14000.0,773.15,0.4,22.67967,0.6,0.4,0.1333333,0.4666667,0.4,0.0,0.0,0.0,21259.9,2745264.0,0.0,-4999.5,nan,0.0,nan
h2o_co2_hybrid_mrk,X(CO2)=0.400000,15000.0,773.15,0.4,22.31065,0.6,0.4,0.1333333,0.4666667,0.4,0.0,0.0,0.0,28032.96,4670445.0,0.0,-4999.5,nan,0.0,nan
h2o_co2_hybrid_mrk,X(CO2)=0.400000,16000.0,773.15,0.4,21.97286,0.6,0.4,0.1333333,0.4666667,0.4,0.0,0.0,0.0,36873.06,7910880.0,0.0,-4999.5,nan,0.0,nan
h2o_co2_hybrid_mrk,X(CO2)=0.400000,17000.0,773.15,0.4,21.66173,0.6,0.4,0.1333333,0.4666667,0.4,0.0,0.0,0.0,48393.58,13347790.0,0.0,-4999.5,nan,0.0,nan
h2o_co2_hybrid_mrk,X(CO2)=0.400000,18000.0,773.15,0.4,21.37362,0.6,0.4,0.1333333,0.4666667,0.4,0.0,0.0,0.0,63386.2,22444000.0,0.0,-4999.5,nan,0.0,nan
h2o_co2_hybrid_mrk,X(CO2)=0.400000,19000.0,773.15,0.4,21.10555,0.6,0.4,0.1333333,0.4666667,0.4,0.0,0.0,0.0,82872.02,37623150.0,0.0,-4999.5,nan,0.0,nan
h2o_co2_hybrid_mrk,X(CO2)=0.400000,20000.0,773.15,0.4,20.85508,0.6,0.4,0.1333333,0.4666667,0.4,0.0,0.0,0.0,108167.0,62893890.0,0.0,-4999.5,nan,0.0,nan
h2o_co2_hybrid_mrk,X(CO2)=0.400000,1000.0,823.15,0.4,65.43603,0.6,0.4,0.1333333,0.4666667,0.4,0.0,0.0,0.0,342.9567,524.2718,0.0,-4999.5,nan,0.0,nan
h2o_co2_hybrid_mrk,X(CO2)=0.400000,2000.0,823.15,0.4,43.05129,0.6,0.4,0.1333333,0.4666667,0.4,0.0,0.0,0.0,564.1833,1556.959,0.0,-4999.5,nan,0.0,nan
h2o_co2_hybrid_mrk,X(CO2)=0.400000,3000.0,823.15,0.4,36.23719,0.6,0.4,0.1333333,0.4666667,0.4,0.0,0.0,0.0,834.9052,3523.634,0.0,-4999.5,nan,0.0,nan
h2o_co2_hybrid_mrk,X(CO2)=0.400000,4000.0,823.15,0.4,32.70121,0.6,0.4,0.1333333,0.4666667,0.4,0.0,0.0,0.0,1188.092,7154.698,0.0,-4999.5,nan,0.0,nan
h2o_co2_hybrid_mrk,X(CO2)=0.400000,5000.0,823.15,0.4,30.43745,0.6,0.4,0.1333333,0.4666667,0.4,0.0,0.0,0.0,1652.994,13691.01,0.0,-4999.5,nan,0.0,nan
h2o_co2_hybrid_mrk,X(CO2)=0.400000,6000.0,823.15,0.4,28.81757,0.6,0.4,0.1333333,0.4666667,0.4,0.0,0.0,0.0,2264.983,25227.91,0.0,-4999.5,nan,0.0,nan
h2o_co2_hybrid_mrk,X(CO2)=0.400000,7000.0,823.15,0.4,27.57647,0.6,0.4,0.1333333,0.4666667,0.4,0.0,0.0,0.0,3068.854,45280.3,0.0,-4999.5,nan,0.0,nan
h2o_co2_hybrid_mrk,X(CO2)=0.400000,8000.0,823.15,0.4,26.58094,0.6,0.4,0.1333333,0.4666667,0.4,0.0,0.0,0.0,4121.895,79708.3,0.0,-4999.5,nan,0.0,nan
h2o_co2_hybrid_mrk,X(CO2)=0.400000,9000.0,823.15,0.4,25.75576,0.6,0.4,0.1333333,0.4666667,0.4,0.0,0.0,0.0,5497.518,138229.7,0.0,-4999.5,nan,0.0,nan
h2o_co2_hybrid_mrk,X(CO2)=0.400000,10000.0,823.15,0.4,25.05479,0.6,0.4,0.1333333,0.4666667,0.4,0.0,0.0,0.0,7289.787,236883.7,0.0,-4999.5,nan,0.0,nan
h2o_co2_hybrid_mrk,X(CO2)=0.400000,11000.0,823.15,0.4,24.4479,0.6,0.4,0.1333333,0.4666667,0.4,0.0,0.0,0.0,9619.147,402033.8,0.0,-4999.5,nan,0.0,nan
h2o_co2_hybrid_mrk,X(CO2)=0.400000,12000.0,823.15,0.4,23.91443,0.6,0.4,0.1333333,0.4666667,0.4,0.0,0.0,0.0,12639.67,676855.0,0.0,-4999.5,nan,0.0,nan
h2o_co2_hybrid_mrk,X(CO2)=0.400000,13000.0,823.15,0.4,23.43968,0.6,0.4,0.1333333,0.4666667,0.4,0.0,0.0,0.0,16548.27,1131824.0,0.0,-4999.5,nan,0.0,nan
h2o_co2_hybrid_mrk,X(CO2)=0.400000,14000.0,823.15,0.4,23.01283,0.6,0.4,0.1333333,0.4666667,0.4,0.0,0.0,0.0,21596.34,1881648.0,0.0,-4999.5,nan,0.0,nan
h2o_co2_hybrid_mrk,X(CO2)=0.400000,15000.0,823.15,0.4,22.62571,0.6,0.4,0.1333333,0.4666667,0.4,0.0,0.0,0.0,28104.57,3112532.0,0.0,-4999.5,nan,0.0,nan
h2o_co2_hybrid_mrk,X(CO2)=0.400000,16000.0,823.15,0.4,22.27203,0.6,0.4,0.1333333,0.4666667,0.4,0.0,0.0,0.0,36481.67,5126020.0,0.0,-4999.5,nan,0.0,nan
h2o_co2_hybrid_mrk,X(CO2)=0.400000,17000.0,823.15,0.4,21.94683,0.6,0.4,0.1333333,0.4666667,0.4,0.0,0.0,0.0,47248.08,8409386.0,0.0,-4999.5,nan,0.0,nan
h2o_co2_hybrid_mrk,X(CO2)=0.400000,18000.0,823.15,0.4,21.64615,0.6,0.4,0.1333333,0.4666667,0.4,0.0,0.0,0.0,61066.04,13748460.0,0.0,-4999.5,nan,0.0,nan
h2o_co2_hybrid_mrk,X(CO2)=0.400000,19000.0,823.15,0.4,21.36679,0.6,0.4,0.1333333,0.4666667,0.4,0.0,0.0,0.0,78777.51,22408240.0,0.0,-4999.5,nan,0.0,nan
h2o_co2_hybrid_mrk,X(CO2)=0.400000,20000.0,823.15,0.4,21.10609,0.6,0.4,0.1333333,0.4666667,0.4,0.0,0.0,0.0,101452.3,36421680.0,0.0,-4999.5,nan,0.0,nan
h2o_co2_hybrid_mrk,X(CO2)=0.400000,1000.0,873.15,0.4,70.8603,0.6,0.4,0.1333333,0.4666667,0.4,0.0,0.0,0.0,378.0044,514.7505,0.0,-4999.5,nan,0.0,nan
h2o_co2_hybrid_mrk,X(CO2)=0.400000,2000.0,873.15,0.4,45.45335,0.6,0.4,0.1333333,0.4666667,0.4,0.0,0.0,0.0,636.7514,1493.198,0.0,-4999.5,nan,0.0,nan
h2o_co2_hybrid_mrk,X(CO2)=0.400000,3000.0,873.15,0.4,37.72262,0.6,0.4,0.1333333,0.4666667,0.4,0.0,0.0,0.0,943.808,3302.47,0.0,-4999.5,nan,0.0,nan
h2o_co2_hybrid_mrk,X(CO2)=0.400000,4000.0,873.15,0.4,33.78067,0.6,0.4,0.1333333,0.4666667,0.4,0.0,0.0,0.0,1336.941,6547.591,0.0,-4999.5,nan,0.0,nan
h2o_co2_hybrid_mrk,X(CO2)=0.400000,5000.0,873.15,0.4,31.29116,0.6,0.4,0.1333333,0.4666667,0.4,0.0,0.0,0.0,1846.679,12228.28,0.0,-4999.5,nan,0.0,nan
h2o_co2_hybrid_mrk,X(CO2)=0.400000,6000.0,873.15,0.4,29.52824,0.6,0.4,0.1333333,0.4666667,0.4,0.0,0.0,0.0,2508.537,21985.87,0.0,-4999.5,nan,0.0,nan
h2o_co2_hybrid_mrk,X(CO2)=0.400000,7000.0,873.15,0.4,28.1885,0.6,0.4,0.1333333,0.4666667,0.4,0.0,0.0,0.0,3366.574,38498.56,0.0,-4999.5,nan,0.0,nan
h2o_co2_hybrid_mrk,X(CO2)=0.400000,8000.0,873.15,0.4,27.12078,0.6,0.4,0.1333333,0.4666667,0.4,0.0,0.0,0.0,4476.254,66111.53,0.0,-4999.5,nan,0.0,nan
h2o_co2_hybrid_mrk,X(CO2)=0.400000,9000.0,873.15,0.4,26.24042,0.6,0.4,0.1333333,0.4666667,0.4,0.0,0.0,0.0,5907.654,111838.9,0.0,-4999.5,nan,0.0,nan
h2o_co2_hybrid_mrk,X(CO2)=0.400000,10000.0,873.15,0.4,25.49583,0.6,0.4,0.1333333,0.4666667,0.4,0.0,0.0,0.0,7749.359,186952.9,0.0,-4999.5,nan,0.0,nan
h2o_co2_hybrid_mrk,X(CO2)=0.400000,11000.0,873.15,0.4,24.85354,0.6,0.4,0.1333333,0.4666667,0.4,0.0,0.0,0.0,10113.31,309497.8,0.0,-4999.5,nan,0.0,nan
h2o_co2_hybrid_mrk,X(CO2)=0.400000,12000.0,873.15,0.4,24.29072,0.6,0.4,0.1333333,0.4666667,0.4,0.0,0.0,0.0,13140.85,508257.5,0.0,-4999.5,nan,0.0,nan
h2o_co2_hybrid_mrk,X(CO2)=0.400000,13000.0,873.15,0.4,23.79121,0.6,0.4,0.1333333,0.4666667,0.4,0.0,0.0,0.0,17010.3,829005.8,0.0,-4999.5,nan,0.0,nan
h2o_co2_hybrid_mrk,X(CO2)=0.400000,14000.0,873.15,0.4,23.34317,0.6,0.4,0.1333333,0.4666667,0.4,0.0,0.0,0.0,21946.4,1344331.0,0.0,-4999.5,nan,0.0,nan
h2o_co2_hybrid_mrk,X(CO2)=0.400000,15000.0,873.15,0.4,22.93769,0.6,0.4,0.1333333,0.4666667,0.4,0.0,0.0,0.0,28232.2,2169051.0,0.0,-4999.5,nan,0.0,nan
h2o_co2_hybrid_mrk,X(CO2)=0.400000,16000.0,873.15,0.4,22.56792,0.6,0.4,0.1333333,0.4666667,0.4,0.0,0.0,0.0,36223.85,3484370.0,0.0,-4999.5,nan,0.0,nan
h2o_co2_hybrid_mrk,X(CO2)=0.400000,17000.0,873.15,0.4,22.2285,0.6,0.4,0.1333333,0.4666667,0.4,0.0,0.0,0.0,46369.13,5575662.0,0.0,-4999.5,nan,0.0,nan
h2o_co2_hybrid_mrk,X(CO2)=0.400000,18000.0,873.15,0.4,21.91516,0.6,0.4,0.1333333,0.4666667,0.4,0.0,0.0,0.0,59230.61,8891493.0,0.0,-4999.5,nan,0.0,nan
h2o_co2_hybrid_mrk,X(CO2)=0.400000,19000.0,873.15,0.4,21.62442,0.6,0.4,0.1333333,0.4666667,0.4,0.0,0.0,0.0,75514.55,14135710.0,0.0,-4999.5,nan,0.0,nan
h2o_co2_hybrid_mrk,X(CO2)=0.400000,20000.0,873.15,0.4,21.35346,0.6,0.4,0.1333333,0.4666667,0.4,0.0,0.0,0.0,96107.01,22410910.0,0.0,-4999.5,nan,0.0,nan
h2o_co2_hybrid_mrk,X(CO2)=0.400000,1000.0,923.15,0.4,76.20242,0.6,0.4,0.1333333,0.4666667,0.4,0.0,0.0,0.0,409.4814,507.1608,0.0,-4999.5,nan,0.0,nan
h2o_co2_hybrid_mrk,X(CO2)=0.400000,2000.0,923.15,0.4,47.93781,0.6,0.4,0.1333333,0.4666667,0.4,0.0,0.0,0.0,706.3514,1438.739,0.0,-4999.5,nan,0.0,nan
h2o_co2_hybrid_mrk,X(CO2)=0.400000,3000.0,923.15,0.4,39.26226,0.6,0.4,0.1333333,0.4666667,0.4,0.0,0.0,0.0,1050.223,3115.548,0.0,-4999.5,nan,0.0,nan
h2o_co2_hybrid_mrk,X(CO2)=0.400000,4000.0,923.15,0.4,34.89223,0.6,0.4,0.1333333,0.4666667,0.4,0.0,0.0,0.0,1483.062,6045.367,0.0,-4999.5,nan,0.0,nan
h2o_co2_hybrid_mrk,X(CO2)=0.400000,5000.0,923.15,0.4,32.16453,0.6,0.4,0.1333333,0.4666667,0.4,0.0,0.0,0.0,2036.616,11046.42,0.0,-4999.5,nan,0.0,nan
h2o_co2_hybrid_mrk,X(CO2)=0.400000,6000.0,923.15,0.4,30.2512,0.6,0.4,0.1333333,0.4666667,0.4,0.0,0.0,0.0,2746.472,19428.6,0.0,-4999.5,nan,0.0,nan
h2o_co2_hybrid_mrk,X(CO2)=0.400000,7000.0,923.15,0.4,28.80819,0.6,0.4,0.1333333,0.4666667,0.4,0.0,0.0,0.0,3655.896,33276.93,0.0,-4999.5,nan,0.0,nan
h2o_co2_hybrid_mrk,X(CO2)=0.400000,8000.0,923.15,0.4,27.66524,0.6,0.4,0.1333333,0.4666667,0.4,0.0,0.0,0.0,4818.551,55892.49,0.0,-4999.5,nan,0.0,nan
h2o_co2_hybrid_mrk,X(CO2)=0.400000,9000.0,923.15,0.4,26.72762,0.6,0.4,0.1333333,0.4666667,0.4,0.0,0.0,0.0,6301.364,92476.91,0.0,-4999.5,nan,0.0,nan
h2o_co2_hybrid_mrk,X(CO2)=0.400000,10000.0,923.15,0.4,25.93795,0.6,0.4,0.1333333,0.4666667,0.4,0.0,0.0,0.0,8187.91,151192.1,0.0,-4999.5,nan,0.0,nan
h2o_co2_hybrid_mrk,X(CO2)=0.400000,11000.0,923.15,0.4,25.2592,0.6,0.4,0.1333333,0.4666667,0.4,0.0,0.0,0.0,10582.55,244797.2,0.0,-4999.5,nan,0.0,nan
h2o_co2_hybrid_mrk,X(CO2)=0.400000,12000.0,923.15,0.4,24.66627,0.6,0.4,0.1333333,0.4666667,0.4,0.0,0.0,0.0,13615.51,393172.2,0.0,-4999.5,nan,0.0,nan
h2o_co2_hybrid_mrk,X(CO2)=0.400000,13000.0,923.15,0.4,24.14144,0.6,0.4,0.1333333,0.4666667,0.4,0.0,0.0,0.0,17449.19,627199.8,0.0,-4999.5,nan,0.0,nan
h2o_co2_hybrid_mrk,X(CO2)=0.400000,14000.0,923.15,0.4,23.67178,0.6,0.4,0.1333333,0.4666667,0.4,0.0,0.0,0.0,22285.96,994726.3,0.0,-4999.5,nan,0.0,nan
h2o_co2_hybrid_mrk,X(CO2)=0.400000,15000.0,923.15,0.4,23.24761,0.6,0.4,0.1333333,0.4666667,0.4,0.0,0.0,0.0,28377.73,1569701.0,0.0,-4999.5,nan,0.0,nan
h2o_co2_hybrid_mrk,X(CO2)=0.400000,16000.0,923.15,0.4,22.86152,0.6,0.4,0.1333333,0.4666667,0.4,0.0,0.0,0.0,36037.88,2466164.0,0.0,-4999.5,nan,0.0,nan
h2o_co2_hybrid_mrk,X(CO2)=0.400000,17000.0,923.15,0.4,22.5077,0.6,0.4,0.1333333,0.4666667,0.4,0.0,0.0,0.0,45655.98,3859628.0,0.0,-4999.5,nan,0.0,nan
h2o_co2_hybrid_mrk,X(CO2)=0.400000,18000.0,923.15,0.4,22.18155,0.6,0.4,0.1333333,0.4666667,0.4,0.0,0.0,0.0,57715.9,6019716.0,0.0,-4999.5,nan,0.0,nan
h2o_co2_hybrid_mrk,X(CO2)=0.400000,19000.0,923.15,0.4,21.87935,0.6,0.4,0.1333333,0.4666667,0.4,0.0,0.0,0.0,72818.27,9359921.0,0.0,-4999.5,nan,0.0,nan
h2o_co2_hybrid_mrk,X(CO2)=0.400000,20000.0,923.15,0.4,21.59805,0.6,0.4,0.1333333,0.4666667,0.4,0.0,0.0,0.0,91708.14,14513380.0,0.0,-4999.5,nan,0.0,nan
h2o_co2_hybrid_mrk,X(CO2)=0.400000,1000.0,973.15,0.4,81.57351,0.6,0.4,0.1333333,0.4666667,0.4,0.0,0.0,0.0,437.4444,500.995,0.0,-4999.5,nan,0.0,nan
h2o_co2_hybrid_mrk,X(CO2)=0.400000,2000.0,973.15,0.4,50.47113,0.6,0.4,0.1333333,0.4666667,0.4,0.0,0.0,0.0,771.9623,1392.043,0.0,-4999.5,nan,0.0,nan
h2o_co2_hybrid_mrk,X(CO2)=0.400000,3000.0,973.15,0.4,40.85182,0.6,0.4,0.1333333,0.4666667,0.4,0.0,0.0,0.0,1152.496,2956.35,0.0,-4999.5,nan,0.0,nan
h2o_co2_hybrid_mrk,X(CO2)=0.400000,4000.0,973.15,0.4,36.03651,0.6,0.4,0.1333333,0.4666667,0.4,0.0,0.0,0.0,1624.266,5625.217,0.0,-4999.5,nan,0.0,nan
h2o_co2_hybrid_mrk,X(CO2)=0.400000,5000.0,973.15,0.4,33.05902,0.6,0.4,0.1333333,0.4666667,0.4,0.0,0.0,0.0,2220.1,10077.69,0.0,-4999.5,nan,0.0,nan
h2o_co2_hybrid_mrk,X(CO2)=0.400000,6000.0,973.15,0.4,30.988,0.6,0.4,0.1333333,0.4666667,0.4,0.0,0.0,0.0,2975.558,17376.4,0.0,-4999.5,nan,0.0,nan
h2o_co2_hybrid_mrk,X(CO2)=0.400000,7000.0,973.15,0.4,29.43702,0.6,0.4,0.1333333,0.4666667,0.4,0.0,0.0,0.0,3933.052,29175.28,0.0,-4999.5,nan,0.0,nan
h2o_co2_hybrid_mrk,X(CO2)=0.400000,8000.0,973.15,0.4,28.2157,0.6,0.4,0.1333333,0.4666667,0.4,0.0,0.0,0.0,5144.451,48035.84,0.0,-4999.5,nan,0.0,nan
h2o_co2_hybrid_mrk,X(CO2)=0.400000,9000.0,973.15,0.4,27.21864,0.6,0.4,0.1333333,0.4666667,0.4,0.0,0.0,0.0,6673.672,77907.29,0.0,-4999.5,nan,0.0,nan
h2o_co2_hybrid_mrk,X(CO2)=0.400000,10000.0,973.15,0.4,26.38235,0.6,0.4,0.1333333,0.4666667,0.4,0.0,0.0,0.0,8599.642,124854.3,0.0,-4999.5,nan,0.0,nan
h2o_co2_hybrid_mrk,X(CO2)=0.400000,11000.0,973.15,0.4,25.66603,0.6,0.4,0.1333333,0.4666667,0.4,0.0,0.0,0.0,11019.86,198156.9,0.0,-4999.5,nan,0.0,nan
h2o_co2_hybrid_mrk,X(CO2)=0.400000,12000.0,973.15,0.4,25.04215,0.6,0.4,0.1333333,0.4666667,0.4,0.0,0.0,0.0,14054.71,311970.8,0.0,-4999.5,nan,0.0,nan
h2o_co2_hybrid_mrk,X(CO2)=0.400000,13000.0,973.15,0.4,24.49137,0.6,0.4,0.1333333,0.4666667,0.4,0.0,0.0,0.0,17852.74,487827.6,0.0,-4999.5,nan,0.0,nan
h2o_co2_hybrid_mrk,X(CO2)=0.400000,14000.0,973.15,0.4,23.99962,0.6,0.4,0.1333333,0.4666667,0.4,0.0,0.0,0.0,22597.16,758393.6,0.0,-4999.5,nan,0.0,nan
h2o_co2_hybrid_mrk,X(CO2)=0.400000,15000.0,973.15,0.4,23.5564,0.6,0.4,0.1333333,0.4666667,0.4,0.0,0.0,0.0,28513.66,1173113.0,0.0,-4999.5,nan,0.0,nan
h2o_co2_hybrid_mrk,X(CO2)=0.400000,16000.0,973.15,0.4,23.1537,0.6,0.4,0.1333333,0.4666667,0.4,0.0,0.0,0.0,35880.16,1806669.0,0.0,-4999.5,nan,0.0,nan
h2o_co2_hybrid_mrk,X(CO2)=0.400000,17000.0,973.15,0.4,22.78526,0.6,0.4,0.1333333,0.4666667,0.4,0.0,0.0,0.0,45038.57,2771643.0,0.0,-4999.5,nan,0.0,nan
h2o_co2_hybrid_mrk,X(CO2)=0.400000,18000.0,973.15,0.4,22.44614,0.6,0.4,0.1333333,0.4666667,0.4,0.0,0.0,0.0,56409.3,4237451.0,0.0,-4999.5,nan,0.0,nan
h2o_co2_hybrid_mrk,X(CO2)=0.400000,19000.0,973.15,0.4,22.13234,0.6,0.4,0.1333333,0.4666667,0.4,0.0,0.0,0.0,70508.85,6458612.0,0.0,-4999.5,nan,0.0,nan
h2o_co2_hybrid_mrk,X(CO2)=0.400000,20000.0,973.15,0.4,21.8406,0.6,0.4,0.1333333,0.4666667,0.4,0.0,0.0,0.0,87971.46,9816920.0,0.0,-4999.5,nan,0.0,nan
h2o_co2_hybrid_mrk,X(CO2)=0.400000,1000.0,1023.15,0.4,86.94753,0.6,0.4,0.1333333,0.4666667,0.4,0.0,0.0,0.0,462.0941,495.8729,0.0,-4999.5,nan,0.0,nan
h2o_co2_hybrid_mrk,X(CO2)=0.400000,2000.0,1023.15,0.4,53.02462,0.6,0.4,0.1333333,0.4666667,0.4,0.0,0.0,0.0,832.9022,1351.798,0.0,-4999.5,nan,0.0,nan
h2o_co2_hybrid_mrk,X(CO2)=0.400000,3000.0,1023.15,0.4,42.48335,0.6,0.4,0.1333333,0.4666667,0.4,0.0,0.0,0.0,1249.327,2819.783,0.0,-4999.5,nan,0.0,nan
h2o_co2_hybrid_mrk,X(CO2)=0.400000,4000.0,1023.15,0.4,37.21281,0.6,0.4,0.1333333,0.4666667,0.4,0.0,0.0,0.0,1758.752,5270.195,0.0,-4999.5,nan,0.0,nan
h2o_co2_hybrid_mrk,X(CO2)=0.400000,5000.0,1023.15,0.4,33.97561,0.6,0.4,0.1333333,0.4666667,0.4,0.0,0.0,0.0,2394.86,9273.598,0.0,-4999.5,nan,0.0,nan
h2o_co2_hybrid_mrk,X(CO2)=0.400000,6000.0,1023.15,0.4,31.73998,0.6,0.4,0.1333333,0.4666667,0.4,0.0,0.0,0.0,3193.076,15704.56,0.0,-4999.5,nan,0.0,nan
h2o_co2_hybrid_mrk,X(CO2)=0.400000,7000.0,1023.15,0.4,30.07636,0.6,0.4,0.1333333,0.4666667,0.4,0.0,0.0,0.0,4194.887,25896.92,0.0,-4999.5,nan,0.0,nan
h2o_co2_hybrid_mrk,X(CO2)=0.400000,8000.0,1023.15,0.4,28.77346,0.6,0.4,0.1333333,0.4666667,0.4,0.0,0.0,0.0,5450.365,41875.51,0.0,-4999.5,nan,0.0,nan
h2o_co2_hybrid_mrk,X(CO2)=0.400000,9000.0,1023.15,0.4,27.71471,0.6,0.4,0.1333333,0.4666667,0.4,0.0,0.0,0.0,7020.527,66701.06,0.0,-4999.5,nan,0.0,nan
h2o_co2_hybrid_mrk,X(CO2)=0.400000,10000.0,1023.15,0.4,26.83015,0.6,0.4,0.1333333,0.4666667,0.4,0.0,0.0,0.0,8979.948,104982.8,0.0,-4999.5,nan,0.0,nan
h2o_co2_hybrid_mrk,X(CO2)=0.400000,11000.0,1023.15,0.4,26.07506,0.6,0.4,0.1333333,0.4666667,0.4,0.0,0.0,0.0,11419.84,163638.5,0.0,-4999.5,nan,0.0,nan
h2o_co2_hybrid_mrk,X(CO2)=0.400000,12000.0,1023.15,0.4,25.41934,0.6,0.4,0.1333333,0.4666667,0.4,0.0,0.0,0.0,14451.76,253019.6,0.0,-4999.5,nan,0.0,nan
h2o_co2_hybrid_mrk,X(CO2)=0.400000,13000.0,1023.15,0.4,24.84192,0.6,0.4,0.1333333,0.4666667,0.4,0.0,0.0,0.0,18212.04,388572.8,0.0,-4999.5,nan,0.0,nan
h2o_co2_hybrid_mrk,X(CO2)=0.400000,14000.0,1023.15,0.4,24.32755,0.6,0.4,0.1333333,0.4666667,0.4,0.0,0.0,0.0,22867.23,593292.6,0.0,-4999.5,nan,0.0,nan
h2o_co2_hybrid_mrk,X(CO2)=0.400000,15000.0,1023.15,0.4,23.86487,0.6,0.4,0.1333333,0.4666667,0.4,0.0,0.0,0.0,28620.64,901332.3,0.0,-4999.5,nan,0.0,nan
h2o_co2_hybrid_mrk,X(CO2)=0.400000,16000.0,1023.15,0.4,23.44523,0.6,0.4,0.1333333,0.4666667,0.4,0.0,0.0,0.0,35720.23,1363316.0,0.0,-4999.5,nan,0.0,nan
h2o_co2_hybrid_mrk,X(CO2)=0.400000,17000.0,1023.15,0.4,23.06193,0.6,0.4,0.1333333,0.4666667,0.4,0.0,0.0,0.0,44468.29,2054141.0,0.0,-4999.5,nan,0.0,nan
h2o_co2_hybrid_mrk,X(CO2)=0.400000,18000.0,1023.15,0.4,22.70962,0.6,0.4,0.1333333,0.4666667,0.4,0.0,0.0,0.0,55233.03,3084428.0,0.0,-4999.5,nan,0.0,nan
h2o_co2_hybrid_mrk,X(CO2)=0.400000,19000.0,1023.15,0.4,22.38406,0.6,0.4,0.1333333,0.4666667,0.4,0.0,0.0,0.0,68462.71,4617300.0,0.0,-4999.5,nan,0.0,nan
h2o_co2_hybrid_mrk,X(CO2)=0.400000,20000.0,1023.15,0.4,22.08175,0.6,0.4,0.1333333,0.4666667,0.4,0.0,0.0,0.0,84702.69,6892946.0,0.0,-4999.5,nan,0.0,nan
h2o_co2_hybrid_mrk,X(CO2)=0.400000,1000.0,1073.15,0.4,92.27243,0.6,0.4,0.1333333,0.4666667,0.4,0.0,0.0,0.0,483.7002,491.5226,0.0,-4999.5,nan,0.0,nan
h2o_co2_hybrid_mrk,X(CO2)=0.400000,2000.0,1073.15,0.4,55.58183,0.6,0.4,0.1333333,0.4666667,0.4,0.0,0.0,0.0,888.788,1316.908,0.0,-4999.5,nan,0.0,nan
h2o_co2_hybrid_mrk,X(CO2)=0.400000,3000.0,1073.15,0.4,44.14654,0.6,0.4,0.1333333,0.4666667,0.4,0.0,0.0,0.0,1339.774,2701.84,0.0,-4999.5,nan,0.0,nan
h2o_co2_hybrid_mrk,X(CO2)=0.400000,4000.0,1073.15,0.4,38.41891,0.6,0.4,0.1333333,0.4666667,0.4,0.0,0.0,0.0,1885.123,4967.528,0.0,-4999.5,nan,0.0,nan
h2o_co2_hybrid_mrk,X(CO2)=0.400000,5000.0,1073.15,0.4,34.91464,0.6,0.4,0.1333333,0.4666667,0.4,0.0,0.0,0.0,2559.101,8598.741,0.0,-4999.5,nan,0.0,nan
h2o_co2_hybrid_mrk,X(CO2)=0.400000,6000.0,1073.15,0.4,32.50821,0.6,0.4,0.1333333,0.4666667,0.4,0.0,0.0,0.0,3396.868,14324.58,0.0,-4999.5,nan,0.0,nan
h2o_co2_hybrid_mrk,X(CO2)=0.400000,7000.0,1073.15,0.4,30.72742,0.6,0.4,0.1333333,0.4666667,0.4,0.0,0.0,0.0,4438.911,23236.62,0.0,-4999.5,nan,0.0,nan
h2o_co2_hybrid_mrk,X(CO2)=0.400000,8000.0,1073.15,0.4,29.33971,0.6,0.4,0.1333333,0.4666667,0.4,0.0,0.0,0.0,5733.5,36961.94,0.0,-4999.5,nan,0.0,nan
h2o_co2_hybrid_mrk,X(CO2)=0.400000,9000.0,1073.15,0.4,28.21694,0.6,0.4,0.1333333,0.4666667,0.4,0.0,0.0,0.0,7338.842,57916.15,0.0,-4999.5,nan,0.0,nan
h2o_co2_hybrid_mrk,X(CO2)=0.400000,10000.0,1073.15,0.4,27.28242,0.6,0.4,0.1333333,0.4666667,0.4,0.0,0.0,0.0,9325.407,89672.79,0.0,-4999.5,nan,0.0,nan
h2o_co2_hybrid_mrk,X(CO2)=0.400000,11000.0,1073.15,0.4,26.48728,0.6,0.4,0.1333333,0.4666667,0.4,0.0,0.0,0.0,11778.61,137501.4,0.0,-4999.5,nan,0.0,nan
h2o_co2_hybrid_mrk,X(CO2)=0.400000,12000.0,1073.15,0.4,25.79875,0.6,0.4,0.1333333,0.4666667,0.4,0.0,0.0,0.0,14801.98,209150.2,0.0,-4999.5,nan,0.0,nan
h2o_co2_hybrid_mrk,X(CO2)=0.400000,13000.0,1073.15,0.4,25.19395,0.6,0.4,0.1333333,0.4666667,0.4,0.0,0.0,0.0,18520.97,315982.2,0.0,-4999.5,nan,0.0,nan
h2o_co2_hybrid_mrk,X(CO2)=0.400000,14000.0,1073.15,0.4,24.65637,0.6,0.4,0.1333333,0.4666667,0.4,0.0,0.0,0.0,23087.51,474622.8,0.0,-4999.5,nan,0.0,nan
h2o_co2_hybrid_mrk,X(CO2)=0.400000,15000.0,1073.15,0.4,24.17377,0.6,0.4,0.1333333,0.4666667,0.4,0.0,0.0,0.0,28685.48,709344.2,0.0,-4999.5,nan,0.0,nan
h2o_co2_hybrid_mrk,X(CO2)=0.400000,16000.0,1073.15,0.4,23.73685,0.6,0.4,0.1333333,0.4666667,0.4,0.0,0.0,0.0,35537.25,1055514.0,0.0,-4999.5,nan,0.0,nan
h2o_co2_hybrid_mrk,X(CO2)=0.400000,17000.0,1073.15,0.4,23.33837,0.6,0.4,0.1333333,0.4666667,0.4,0.0,0.0,0.0,43911.63,1564572.0,0.0,-4999.5,nan,0.0,nan
h2o_co2_hybrid_mrk,X(CO2)=0.400000,18000.0,1073.15,0.4,22.97266,0.6,0.4,0.1333333,0.4666667,0.4,0.0,0.0,0.0,54133.29,2311214.0,0.0,-4999.5,nan,0.0,nan
h2o_co2_hybrid_mrk,X(CO2)=0.400000,19000.0,1073.15,0.4,22.63514,0.6,0.4,0.1333333,0.4666667,0.4,0.0,0.0,0.0,66594.18,3403737.0,0.0,-4999.5,nan,0.0,nan
h2o_co2_hybrid_mrk,X(CO2)=0.400000,20000.0,1073.15,0.4,22.32211,0.6,0.4,0.1333333,0.4666667,0.4,0.0,0.0,0.0,81767.16,4998933.0,0.0,-4999.5,nan,0.0,nan
h2o_co2_hybrid_mrk,X(CO2)=0.400000,1000.0,1123.15,0.4,97.51963,0.6,0.4,0.1333333,0.4666667,0.4,0.0,0.0,0.0,502.5553,487.7536,0.0,-4999.5,nan,0.0,nan
h2o_co2_hybrid_mrk,X(CO2)=0.400000,2000.0,1123.15,0.4,58.13577,0.6,0.4,0.1333333,0.4666667,0.4,0.0,0.0,0.0,939.478,1286.476,0.0,-4999.5,nan,0.0,nan
h2o_co2_hybrid_mrk,X(CO2)=0.400000,3000.0,1123.15,0.4,45.83105,0.6,0.4,0.1333333,0.4666667,0.4,0.0,0.0,0.0,1423.223,2599.345,0.0,-4999.5,nan,0.0,nan
h2o_co2_hybrid_mrk,X(CO2)=0.400000,4000.0,1123.15,0.4,39.65112,0.6,0.4,0.1333333,0.4666667,0.4,0.0,0.0,0.0,2002.384,4707.449,0.0,-4999.5,nan,0.0,nan
h2o_co2_hybrid_mrk,X(CO2)=0.400000,5000.0,1123.15,0.4,35.87562,0.6,0.4,0.1333333,0.4666667,0.4,0.0,0.0,0.0,2711.499,8026.818,0.0,-4999.5,nan,0.0,nan
h2o_co2_hybrid_mrk,X(CO2)=0.400000,6000.0,1123.15,0.4,33.2933,0.6,0.4,0.1333333,0.4666667,0.4,0.0,0.0,0.0,3585.329,13172.34,0.0,-4999.5,nan,0.0,nan
h2o_co2_hybrid_mrk,X(CO2)=0.400000,7000.0,1123.15,0.4,31.3912,0.6,0.4,0.1333333,0.4666667,0.4,0.0,0.0,0.0,4663.29,21049.09,0.0,-4999.5,nan,0.0,nan
h2o_co2_hybrid_mrk,X(CO2)=0.400000,8000.0,1123.15,0.4,29.91553,0.6,0.4,0.1333333,0.4666667,0.4,0.0,0.0,0.0,5991.838,32983.76,0.0,-4999.5,nan,0.0,nan
h2o_co2_hybrid_mrk,X(CO2)=0.400000,9000.0,1123.15,0.4,28.72638,0.6,0.4,0.1333333,0.4666667,0.4,0.0,0.0,0.0,7626.453,50913.88,0.0,-4999.5,nan,0.0,nan
h2o_co2_hybrid_mrk,X(CO2)=0.400000,10000.0,1123.15,0.4,27.74015,0.6,0.4,0.1333333,0.4666667,0.4,0.0,0.0,0.0,9633.711,77659.37,0.0,-4999.5,nan,0.0,nan
h2o_co2_hybrid_mrk,X(CO2)=0.400000,11000.0,1123.15,0.4,26.90362,0.6,0.4,0.1333333,0.4666667,0.4,0.0,0.0,0.0,12093.63,117311.9,0.0,-4999.5,nan,0.0,nan
h2o_co2_hybrid_mrk,X(CO2)=0.400000,12000.0,1123.15,0.4,26.18125,0.6,0.4,0.1333333,0.4666667,0.4,0.0,0.0,0.0,15102.42,175792.3,0.0,-4999.5,nan,0.0,nan
h2o_co2_hybrid_mrk,X(CO2)=0.400000,13000.0,1123.15,0.4,25.54826,0.6,0.4,0.1333333,0.4666667,0.4,0.0,0.0,0.0,18775.75,261646.7,0.0,-4999.5,nan,0.0,nan
h2o_co2_hybrid_mrk,X(CO2)=0.400000,14000.0,1123.15,0.4,24.98685,0.6,0.4,0.1333333,0.4666667,0.4,0.0,0.0,0.0,23252.55,387182.8,0.0,-4999.5,nan,0.0,nan
h2o_co2_hybrid_mrk,X(CO2)=0.400000,15000.0,1123.15,0.4,24.48383,0.6,0.4,0.1333333,0.4666667,0.4,0.0,0.0,0.0,28699.7,570089.3,0.0,-4999.5,nan,0.0,nan
h2o_co2_hybrid_mrk,X(CO2)=0.400000,16000.0,1123.15,0.4,24.0292,0.6,0.4,0.1333333,0.4666667,0.4,0.0,0.0,0.0,35317.44,835740.5,0.0,-4999.5,nan,0.0,nan
h2o_co2_hybrid_mrk,X(CO2)=0.400000,17000.0,1123.15,0.4,23.61523,0.6,0.4,0.1333333,0.4666667,0.4,0.0,0.0,0.0,43345.94,1220472.0,0.0,-4999.5,nan,0.0,nan
h2o_co2_hybrid_mrk,X(CO2)=0.400000,18000.0,1123.15,0.4,23.23583,0.6,0.4,0.1333333,0.4666667,0.4,0.0,0.0,0.0,53073.08,1776233.0,0.0,-4999.5,nan,0.0,nan
h2o_co2_hybrid_mrk,X(CO2)=0.400000,19000.0,1123.15,0.4,22.88614,0.6,0.4,0.1333333,0.4666667,0.4,0.0,0.0,0.0,64843.69,2577185.0,0.0,-4999.5,nan,0.0,nan
h2o_co2_hybrid_mrk,X(CO2)=0.400000,20000.0,1123.15,0.4,22.5622,0.6,0.4,0.1333333,0.4666667,0.4,0.0,0.0,0.0,79070.65,3729056.0,0.0,-4999.5,nan,0.0,nan
h2o_co2_hybrid_mrk,X(CO2)=0.400000,1000.0,1173.15,0.4,102.6814,0.6,0.4,0.1333333,0.4666667,0.4,0.0,0.0,0.0,518.9488,484.4332,0.0,-4999.5,nan,0.0,nan
h2o_co2_hybrid_mrk,X(CO2)=0.400000,2000.0,1173.15,0.4,60.68367,0.6,0.4,0.1333333,0.4666667,0.4,0.0,0.0,0.0,985.0128,1259.771,0.0,-4999.5,nan,0.0,nan
h2o_co2_hybrid_mrk,X(CO2)=0.400000,3000.0,1173.15,0.4,47.52836,0.6,0.4,0.1333333,0.4666667,0.4,0.0,0.0,0.0,1499.348,2509.761,0.0,-4999.5,nan,0.0,nan
h2o_co2_hybrid_mrk,X(CO2)=0.400000,4000.0,1173.15,0.4,40.90489,0.6,0.4,0.1333333,0.4666667,0.4,0.0,0.0,0.0,2109.897,4482.383,0.0,-4999.5,nan,0.0,nan
h2o_co2_hybrid_mrk,X(CO2)=0.400000,5000.0,1173.15,0.4,36.85722,0.6,0.4,0.1333333,0.4666667,0.4,0.0,0.0,0.0,2851.167,7537.952,0.0,-4999.5,nan,0.0,nan
h2o_co2_hybrid_mrk,X(CO2)=0.400000,6000.0,1173.15,0.4,34.09542,0.6,0.4,0.1333333,0.4666667,0.4,0.0,0.0,0.0,3757.377,12200.47,0.0,-4999.5,nan,0.0,nan
h2o_co2_hybrid_mrk,X(CO2)=0.400000,7000.0,1173.15,0.4,32.06841,0.6,0.4,0.1333333,0.4666667,0.4,0.0,0.0,0.0,4866.804,19229.22,0.0,-4999.5,nan,0.0,nan
h2o_co2_hybrid_mrk,X(CO2)=0.400000,8000.0,1173.15,0.4,30.50182,0.6,0.4,0.1333333,0.4666667,0.4,0.0,0.0,0.0,6224.084,29720.31,0.0,-4999.5,nan,0.0,nan
h2o_co2_hybrid_mrk,X(CO2)=0.400000,9000.0,1173.15,0.4,29.244,0.6,0.4,0.1333333,0.4666667,0.4,0.0,0.0,0.0,7882.042,45250.38,0.0,-4999.5,nan,0.0,nan
h2o_co2_hybrid_mrk,X(CO2)=0.400000,10000.0,1173.15,0.4,28.20425,0.6,0.4,0.1333333,0.4666667,0.4,0.0,0.0,0.0,9903.548,68080.06,0.0,-4999.5,nan,0.0,nan
h2o_co2_hybrid_mrk,X(CO2)=0.400000,11000.0,1173.15,0.4,27.32496,0.6,0.4,0.1333333,0.4666667,0.4,0.0,0.0,0.0,12363.59,101441.2,0.0,-4999.5,nan,0.0,nan
h2o_co2_hybrid_mrk,X(CO2)=0.400000,12000.0,1173.15,0.4,26.56766,0.6,0.4,0.1333333,0.4666667,0.4,0.0,0.0,0.0,15351.64,149942.3,0.0,-4999.5,nan,0.0,nan
h2o_co2_hybrid_mrk,X(CO2)=0.400000,13000.0,1173.15,0.4,25.90564,0.6,0.4,0.1333333,0.4666667,0.4,0.0,0.0,0.0,18974.47,220138.7,0.0,-4999.5,nan,0.0,nan
h2o_co2_hybrid_mrk,X(CO2)=0.400000,14000.0,1173.15,0.4,25.31972,0.6,0.4,0.1333333,0.4666667,0.4,0.0,0.0,0.0,23359.45,321335.5,0.0,-4999.5,nan,0.0,nan
h2o_co2_hybrid_mrk,X(CO2)=0.400000,15000.0,1173.15,0.4,24.79572,0.6,0.4,0.1333333,0.4666667,0.4,0.0,0.0,0.0,28658.4,466714.1,0.0,-4999.5,nan,0.0,nan
h2o_co2_hybrid_mrk,X(CO2)=0.400000,16000.0,1173.15,0.4,24.32294,0.6,0.4,0.1333333,0.4666667,0.4,0.0,0.0,0.0,35052.24,674913.8,0.0,-4999.5,nan,0.0,nan
h2o_co2_hybrid_mrk,X(CO2)=0.400000,17000.0,1173.15,0.4,23.89311,0.6,0.4,0.1333333,0.4666667,0.4,0.0,0.0,0.0,42756.41,972247.2,0.0,-4999.5,nan,0.0,nan
h2o_co2_hybrid_mrk,X(CO2)=0.400000,18000.0,1173.15,0.4,23.49973,0.6,0.4,0.1333333,0.4666667,0.4,0.0,0.0,0.0,52027.3,1395802.0,0.0,-4999.5,nan,0.0,nan
h2o_co2_hybrid_mrk,X(CO2)=0.400000,19000.0,1173.15,0.4,23.13761,0.6,0.4,0.1333333,0.4666667,0.4,0.0,0.0,0.0,63169.93,1997776.0,0.0,-4999.5,nan,0.0,nan
h2o_co2_hybrid_mrk,X(CO2)=0.400000,20000.0,1173.15,0.4,22.80256,0.6,0.4,0.1333333,0.4666667,0.4,0.0,0.0,0.0,76546.86,2851544.0,0.0,-4999.5,nan,0.0,nan
h2o_co2_hybrid_mrk,X(CO2)=0.400000,1000.0,1223.15,0.4,107.7612,0.6,0.4,0.1333333,0.4666667,0.4,0.0,0.0,0.0,533.1538,481.469,0.0,-4999.5,nan,0.0,nan
h2o_co2_hybrid_mrk,X(CO2)=0.400000,2000.0,1223.15,0.4,63.22399,0.6,0.4,0.1333333,0.4666667,0.4,0.0,0.0,0.0,1025.561,1236.2,0.0,-4999.5,nan,0.0,nan
h2o_co2_hybrid_mrk,X(CO2)=0.400000,3000.0,1223.15,0.4,49.23243,0.6,0.4,0.1333333,0.4666667,0.4,0.0,0.0,0.0,1568.056,2431.047,0.0,-4999.5,nan,0.0,nan
h2o_co2_hybrid_mrk,X(CO2)=0.400000,4000.0,1223.15,0.4,42.17555,0.6,0.4,0.1333333,0.4666667,0.4,0.0,0.0,0.0,2207.34,4286.385,0.0,-4999.5,nan,0.0,nan
h2o_co2_hybrid_mrk,X(CO2)=0.400000,5000.0,1223.15,0.4,37.85745,0.6,0.4,0.1333333,0.4666667,0.4,0.0,0.0,0.0,2977.605,7116.886,0.0,-4999.5,nan,0.0,nan
h2o_co2_hybrid_mrk,X(CO2)=0.400000,6000.0,1223.15,0.4,34.91417,0.6,0.4,0.1333333,0.4666667,0.4,0.0,0.0,0.0,3912.393,11373.34,0.0,-4999.5,nan,0.0,nan
h2o_co2_hybrid_mrk,X(CO2)=0.400000,7000.0,1223.15,0.4,32.75942,0.6,0.4,0.1333333,0.4666667,0.4,0.0,0.0,0.0,5048.781,17699.58,0.0,-4999.5,nan,0.0,nan
h2o_co2_hybrid_mrk,X(CO2)=0.400000,8000.0,1223.15,0.4,31.09929,0.6,0.4,0.1333333,0.4666667,0.4,0.0,0.0,0.0,6429.58,27011.92,0.0,-4999.5,nan,0.0,nan
h2o_co2_hybrid_mrk,X(CO2)=0.400000,9000.0,1223.15,0.4,29.77058,0.6,0.4,0.1333333,0.4666667,0.4,0.0,0.0,0.0,8105.029,40610.19,0.0,-4999.5,nan,0.0,nan
h2o_co2_hybrid_mrk,X(CO2)=0.400000,10000.0,1223.15,0.4,28.67556,0.6,0.4,0.1333333,0.4666667,0.4,0.0,0.0,0.0,10134.47,60332.52,0.0,-4999.5,nan,0.0,nan
h2o_co2_hybrid_mrk,X(CO2)=0.400000,11000.0,1223.15,0.4,27.75209,0.6,0.4,0.1333333,0.4666667,0.4,0.0,0.0,0.0,12588.16,88771.15,0.0,-4999.5,nan,0.0,nan
h2o_co2_hybrid_mrk,X(CO2)=0.400000,12000.0,1223.15,0.4,26.95875,0.6,0.4,0.1333333,0.4666667,0.4,0.0,0.0,0.0,15549.38,129572.7,0.0,-4999.5,nan,0.0,nan
h2o_co2_hybrid_mrk,X(CO2)=0.400000,13000.0,1223.15,0.4,26.2668,0.6,0.4,0.1333333,0.4666667,0.4,0.0,0.0,0.0,19116.79,187855.0,0.0,-4999.5,nan,0.0,nan
h2o_co2_hybrid_mrk,X(CO2)=0.400000,14000.0,1223.15,0.4,25.65564,0.6,0.4,0.1333333,0.4666667,0.4,0.0,0.0,0.0,23407.31,270786.5,0.0,-4999.5,nan,0.0,nan
h2o_co2_hybrid_mrk,X(CO2)=0.400000,15000.0,1223.15,0.4,25.11009,0.6,0.4,0.1333333,0.4666667,0.4,0.0,0.0,0.0,28559.41,388387.5,0.0,-4999.5,nan,0.0,nan
h2o_co2_hybrid_mrk,X(CO2)=0.400000,16000.0,1223.15,0.4,24.61868,0.6,0.4,0.1333333,0.4666667,0.4,0.0,0.0,0.0,34736.97,554641.7,0.0,-4999.5,nan,0.0,nan
h2o_co2_hybrid_mrk,X(CO2)=0.400000,17000.0,1223.15,0.4,24.17259,0.6,0.4,0.1333333,0.4666667,0.4,0.0,0.0,0.0,42133.88,789030.8,0.0,-4999.5,nan,0.0,nan
h2o_co2_hybrid_mrk,X(CO2)=0.400000,18000.0,1223.15,0.4,23.76489,0.6,0.4,0.1333333,0.4666667,0.4,0.0,0.0,0.0,50979.4,1118657.0,0.0,-4999.5,nan,0.0,nan
h2o_co2_hybrid_mrk,X(CO2)=0.400000,19000.0,1223.15,0.4,23.39006,0.6,0.4,0.1333333,0.4666667,0.4,0.0,0.0,0.0,61544.46,1581171.0,0.0,-4999.5,nan,0.0,nan
h2o_co2_hybrid_mrk,X(CO2)=0.400000,20000.0,1223.15,0.4,23.04365,0.6,0.4,0.1333333,0.4666667,0.4,0.0,0.0,0.0,74149.05,2228810.0,0.0,-4999.5,nan,0.0,nan
h2o_co2_hybrid_mrk,X(CO2)=0.400000,1000.0,1273.15,0.4,112.7672,0.6,0.4,0.1333333,0.4666667,0.4,0.0,0.0,0.0,545.4202,478.7955,0.0,-4999.5,nan,0.0,nan
h2o_co2_hybrid_mrk,X(CO2)=0.400000,2000.0,1273.15,0.4,65.75557,0.6,0.4,0.1333333,0.4666667,0.4,0.0,0.0,0.0,1061.375,1215.285,0.0,-4999.5,nan,0.0,nan
h2o_co2_hybrid_mrk,X(CO2)=0.400000,3000.0,1273.15,0.4,50.93941,0.6,0.4,0.1333333,0.4666667,0.4,0.0,0.0,0.0,1629.435,2361.549,0.0,-4999.5,nan,0.0,nan
h2o_co2_hybrid_mrk,X(CO2)=0.400000,4000.0,1273.15,0.4,43.45887,0.6,0.4,0.1333333,0.4666667,0.4,0.0,0.0,0.0,2294.648,4114.729,0.0,-4999.5,nan,0.0,nan
h2o_co2_hybrid_mrk,X(CO2)=0.400000,5000.0,1273.15,0.4,38.87393,0.6,0.4,0.1333333,0.4666667,0.4,0.0,0.0,0.0,3090.644,6751.748,0.0,-4999.5,nan,0.0,nan
h2o_co2_hybrid_mrk,X(CO2)=0.400000,6000.0,1273.15,0.4,35.7487,0.6,0.4,0.1333333,0.4666667,0.4,0.0,0.0,0.0,4050.161,10663.78,0.0,-4999.5,nan,0.0,nan
h2o_co2_hybrid_mrk,X(CO2)=0.400000,7000.0,1273.15,0.4,33.46426,0.6,0.4,0.1333333,0.4666667,0.4,0.0,0.0,0.0,5209.022,16402.05,0.0,-4999.5,nan,0.0,nan
h2o_co2_hybrid_mrk,X(CO2)=0.400000,8000.0,1273.15,0.4,31.70838,0.6,0.4,0.1333333,0.4666667,0.4,0.0,0.0,0.0,6608.215,24740.9,0.0,-4999.5,nan,0.0,nan
h2o_co2_hybrid_mrk,X(CO2)=0.400000,9000.0,1273.15,0.4,30.30679,0.6,0.4,0.1333333,0.4666667,0.4,0.0,0.0,0.0,8295.467,36764.6,0.0,-4999.5,nan,0.0,nan
h2o_co2_hybrid_mrk,X(CO2)=0.400000,10000.0,1273.15,0.4,29.1548,0.6,0.4,0.1333333,0.4666667,0.4,0.0,0.0,0.0,10326.75,53987.04,0.0,-4999.5,nan,0.0,nan
h2o_co2_hybrid_mrk,X(CO2)=0.400000,11000.0,1273.15,0.4,28.18577,0.6,0.4,0.1333333,0.4666667,0.4,0.0,0.0,0.0,12767.89,78516.43,0.0,-4999.5,nan,0.0,nan
h2o_co2_hybrid_mrk,X(CO2)=0.400000,12000.0,1273.15,0.4,27.35525,0.6,0.4,0.1333333,0.4666667,0.4,0.0,0.0,0.0,15696.39,113281.5,0.0,-4999.5,nan,0.0,nan
h2o_co2_hybrid_mrk,X(CO2)=0.400000,13000.0,1273.15,0.4,26.63244,0.6,0.4,0.1333333,0.4666667,0.4,0.0,0.0,0.0,19203.52,162341.9,0.0,-4999.5,nan,0.0,nan
h2o_co2_hybrid_mrk,X(CO2)=0.400000,14000.0,1273.15,0.4,25.99528,0.6,0.4,0.1333333,0.4666667,0.4,0.0,0.0,0.0,23396.75,231314.0,0.0,-4999.5,nan,0.0,nan
h2o_co2_hybrid_mrk,X(CO2)=0.400000,15000.0,1273.15,0.4,25.42754,0.6,0.4,0.1333333,0.4666667,0.4,0.0,0.0,0.0,28402.57,327952.9,0.0,-4999.5,nan,0.0,nan
h2o_co2_hybrid_mrk,X(CO2)=0.400000,16000.0,1273.15,0.4,24.91699,0.6,0.4,0.1333333,0.4666667,0.4,0.0,0.0,0.0,34369.78,462949.6,0.0,-4999.5,nan,0.0,nan
h2o_co2_hybrid_mrk,X(CO2)=0.400000,17000.0,1273.15,0.4,24.4542,0.6,0.4,0.1333333,0.4666667,0.4,0.0,0.0,0.0,41473.35,651018.7,0.0,-4999.5,nan,0.0,nan
h2o_co2_hybrid_mrk,X(CO2)=0.400000,18000.0,1273.15,0.4,24.03182,0.6,0.4,0.1333333,0.4666667,0.4,0.0,0.0,0.0,49918.93,912384.2,0.0,-4999.5,nan,0.0,nan
h2o_co2_hybrid_mrk,X(CO2)=0.400000,19000.0,1273.15,0.4,23.64398,0.6,0.4,0.1333333,0.4666667,0.4,0.0,0.0,0.0,59948.07,1274804.0,0.0,-4999.5,nan,0.0,nan
h2o_co2_hybrid_mrk,X(CO2)=0.400000,20000.0,1273.15,0.4,23.28596,0.6,0.4,0.1333333,0.4666667,0.4,0.0,0.0,0.0,71844.38,1776332.0,0.0,-4999.5,nan,0.0,nan
h2o_co2_hybrid_mrk,X(CO2)=0.400000,1000.0,1323.15,0.4,117.7087,0.6,0.4,0.1333333,0.4666667,0.4,0.0,0.0,0.0,555.9737,476.3661,0.0,-4999.5,nan,0.0,nan
h2o_co2_hybrid_mrk,X(CO2)=0.400000,2000.0,1323.15,0.4,68.27763,0.6,0.4,0.1333333,0.4666667,0.4,0.0,0.0,0.0,1092.758,1196.636,0.0,-4999.5,nan,0.0,nan
h2o_co2_hybrid_mrk,X(CO2)=0.400000,3000.0,1323.15,0.4,52.64709,0.6,0.4,0.1333333,0.4666667,0.4,0.0,0.0,0.0,1683.71,2299.915,0.0,-4999.5,nan,0.0,nan
h2o_co2_hybrid_mrk,X(CO2)=0.400000,4000.0,1323.15,0.4,44.75145,0.6,0.4,0.1333333,0.4666667,0.4,0.0,0.0,0.0,2371.965,3963.624,0.0,-4999.5,nan,0.0,nan
h2o_co2_hybrid_mrk,X(CO2)=0.400000,5000.0,1323.15,0.4,39.9042,0.6,0.4,0.1333333,0.4666667,0.4,0.0,0.0,0.0,3190.382,6433.182,0.0,-4999.5,nan,0.0,nan
h2o_co2_hybrid_mrk,X(CO2)=0.400000,6000.0,1323.15,0.4,36.59784,0.6,0.4,0.1333333,0.4666667,0.4,0.0,0.0,0.0,4170.792,10050.73,0.0,-4999.5,nan,0.0,nan
h2o_co2_hybrid_mrk,X(CO2)=0.400000,7000.0,1323.15,0.4,34.18263,0.6,0.4,0.1333333,0.4666667,0.4,0.0,0.0,0.0,5347.718,15292.43,0.0,-4999.5,nan,0.0,nan
h2o_co2_hybrid_mrk,X(CO2)=0.400000,8000.0,1323.15,0.4,32.3293,0.6,0.4,0.1333333,0.4666667,0.4,0.0,0.0,0.0,6760.334,22819.04,0.0,-4999.5,nan,0.0,nan
h2o_co2_hybrid_mrk,X(CO2)=0.400000,9000.0,1323.15,0.4,30.85309,0.6,0.4,0.1333333,0.4666667,0.4,0.0,0.0,0.0,8453.924,33544.8,0.0,-4999.5,nan,0.0,nan
h2o_co2_hybrid_mrk,X(CO2)=0.400000,10000.0,1323.15,0.4,29.64256,0.6,0.4,0.1333333,0.4666667,0.4,0.0,0.0,0.0,10481.24,48731.18,0.0,-4999.5,nan,0.0,nan
h2o_co2_hybrid_mrk,X(CO2)=0.400000,11000.0,1323.15,0.4,28.62662,0.6,0.4,0.1333333,0.4666667,0.4,0.0,0.0,0.0,12903.94,70114.38,0.0,-4999.5,nan,0.0,nan
h2o_co2_hybrid_mrk,X(CO2)=0.400000,12000.0,1323.15,0.4,27.75779,0.6,0.4,0.1333333,0.4666667,0.4,0.0,0.0,0.0,15794.18,100078.5,0.0,-4999.5,nan,0.0,nan
h2o_co2_hybrid_mrk,X(CO2)=0.400000,13000.0,1323.15,0.4,27.00318,0.6,0.4,0.1333333,0.4666667,0.4,0.0,0.0,0.0,19236.41,141890.5,0.0,-4999.5,nan,0.0,nan
h2o_co2_hybrid_mrk,X(CO2)=0.400000,14000.0,1323.15,0.4,26.33925,0.6,0.4,0.1333333,0.4666667,0.4,0.0,0.0,0.0,23329.54,200018.3,0.0,-4999.5,nan,0.0,nan
h2o_co2_hybrid_mrk,X(CO2)=0.400000,15000.0,1323.15,0.4,25.74867,0.6,0.4,0.1333333,0.4666667,0.4,0.0,0.0,0.0,28189.25,280562.0,0.0,-4999.5,nan,0.0,nan
h2o_co2_hybrid_mrk,X(CO2)=0.400000,16000.0,1323.15,0.4,25.21841,0.6,0.4,0.1333333,0.4666667,0.4,0.0,0.0,0.0,33950.92,391835.8,0.0,-4999.5,nan,0.0,nan
h2o_co2_hybrid_mrk,X(CO2)=0.400000,17000.0,1323.15,0.4,24.73847,0.6,0.4,0.1333333,0.4666667,0.4,0.0,0.0,0.0,40772.82,545155.2,0.0,-4999.5,nan,0.0,nan
h2o_co2_hybrid_mrk,X(CO2)=0.400000,18000.0,1323.15,0.4,24.30102,0.6,0.4,0.1333333,0.4666667,0.4,0.0,0.0,0.0,48839.89,755898.7,0.0,-4999.5,nan,0.0,nan
h2o_co2_hybrid_mrk,X(CO2)=0.400000,19000.0,1323.15,0.4,23.89984,0.6,0.4,0.1333333,0.4666667,0.4,0.0,0.0,0.0,58368.19,1044939.0,0.0,-4999.5,nan,0.0,nan
h2o_co2_hybrid_mrk,X(CO2)=0.400000,20000.0,1323.15,0.4,23.52991,0.6,0.4,0.1333333,0.4666667,0.4,0.0,0.0,0.0,69609.96,1440574.0,0.0,-4999.5,nan,0.0,nan
h2o_co2_hybrid_mrk,X(CO2)=0.400000,1000.0,1373.15,0.4,122.5951,0.6,0.4,0.1333333,0.4666667,0.4,0.0,0.0,0.0,565.0152,474.1465,0.0,-4999.5,nan,0.0,nan
h2o_co2_hybrid_mrk,X(CO2)=0.400000,2000.0,1373.15,0.4,70.78985,0.6,0.4,0.1333333,0.4666667,0.4,0.0,0.0,0.0,1120.035,1179.936,0.0,-4999.5,nan,0.0,nan
h2o_co2_hybrid_mrk,X(CO2)=0.400000,3000.0,1373.15,0.4,54.35431,0.6,0.4,0.1333333,0.4666667,0.4,0.0,0.0,0.0,1731.198,2245.039,0.0,-4999.5,nan,0.0,nan
h2o_co2_hybrid_mrk,X(CO2)=0.400000,4000.0,1373.15,0.4,46.05074,0.6,0.4,0.1333333,0.4666667,0.4,0.0,0.0,0.0,2439.59,3829.998,0.0,-4999.5,nan,0.0,nan
h2o_co2_hybrid_mrk,X(CO2)=0.400000,5000.0,1373.15,0.4,40.946,0.6,0.4,0.1333333,0.4666667,0.4,0.0,0.0,0.0,3277.134,6153.73,0.0,-4999.5,nan,0.0,nan
h2o_co2_hybrid_mrk,X(CO2)=0.400000,6000.0,1373.15,0.4,37.46021,0.6,0.4,0.1333333,0.4666667,0.4,0.0,0.0,0.0,4274.668,9517.682,0.0,-4999.5,nan,0.0,nan
h2o_co2_hybrid_mrk,X(CO2)=0.400000,7000.0,1373.15,0.4,34.91397,0.6,0.4,0.1333333,0.4666667,0.4,0.0,0.0,0.0,5465.379,14336.53,0.0,-4999.5,nan,0.0,nan
h2o_co2_hybrid_mrk,X(CO2)=0.400000,8000.0,1373.15,0.4,32.96201,0.6,0.4,0.1333333,0.4666667,0.4,0.0,0.0,0.0,6886.647,21179.21,0.0,-4999.5,nan,0.0,nan
h2o_co2_hybrid_mrk,X(CO2)=0.400000,9000.0,1373.15,0.4,31.40975,0.6,0.4,0.1333333,0.4666667,0.4,0.0,0.0,0.0,8581.385,30824.17,0.0,-4999.5,nan,0.0,nan
h2o_co2_hybrid_mrk,X(CO2)=0.400000,10000.0,1373.15,0.4,30.13928,0.6,0.4,0.1333333,0.4666667,0.4,0.0,0.0,0.0,10599.28,44333.79,0.0,-4999.5,nan,0.0,nan
h2o_co2_hybrid_mrk,X(CO2)=0.400000,11000.0,1373.15,0.4,29.07516,0.6,0.4,0.1333333,0.4666667,0.4,0.0,0.0,0.0,12998.04,63154.38,0.0,-4999.5,nan,0.0,nan
h2o_co2_hybrid_mrk,X(CO2)=0.400000,12000.0,1373.15,0.4,28.16693,0.6,0.4,0.1333333,0.4666667,0.4,0.0,0.0,0.0,15844.86,89250.64,0.0,-4999.5,nan,0.0,nan
h2o_co2_hybrid_mrk,X(CO2)=0.400000,13000.0,1373.15,0.4,27.37959,0.6,0.4,0.1333333,0.4666667,0.4,0.0,0.0,0.0,19217.92,125286.1,0.0,-4999.5,nan,0.0,nan
h2o_co2_hybrid_mrk,X(CO2)=0.400000,14000.0,1373.15,0.4,26.68808,0.6,0.4,0.1333333,0.4666667,0.4,0.0,0.0,0.0,23208.28,174865.1,0.0,-4999.5,nan,0.0,nan
h2o_co2_hybrid_mrk,X(CO2)=0.400000,15000.0,1373.15,0.4,26.074,0.6,0.4,0.1333333,0.4666667,0.4,0.0,0.0,0.0,27921.93,242856.5,0.0,-4999.5,nan,0.0,nan
h2o_co2_hybrid_mrk,X(CO2)=0.400000,16000.0,1373.15,0.4,25.52348,0.6,0.4,0.1333333,0.4666667,0.4,0.0,0.0,0.0,33482.16,335827.2,0.0,-4999.5,nan,0.0,nan
h2o_co2_hybrid_mrk,X(CO2)=0.400000,17000.0,1373.15,0.4,25.0259,0.6,0.4,0.1333333,0.4666667,0.4,0.0,0.0,0.0,40032.42,462621.5,0.0,-4999.5,nan,0.0,nan
h2o_co2_hybrid_mrk,X(CO2)=0.400000,18000.0,1373.15,0.4,24.57296,0.6,0.4,0.1333333,0.4666667,0.4,0.0,0.0,0.0,47739.45,635134.8,0.0,-4999.5,nan,0.0,nan
h2o_co2_hybrid_mrk,X(CO2)=0.400000,19000.0,1373.15,0.4,24.15807,0.6,0.4,0.1333333,0.4666667,0.4,0.0,0.0,0.0,56797.0,869345.5,0.0,-4999.5,nan,0.0,nan
h2o_co2_hybrid_mrk,X(CO2)=0.400000,20000.0,1373.15,0.4,23.77594,0.6,0.4,0.1333333,0.4666667,0.4,0.0,0.0,0.0,67430.11,1186692.0,0.0,-4999.5,nan,0.0,nan
h2o_co2_hybrid_mrk,X(CO2)=0.400000,1000.0,1423.15,0.4,127.4349,0.6,0.4,0.1333333,0.4666667,0.4,0.0,0.0,0.0,572.7226,472.111,0.0,-4999.5,nan,0.0,nan
h2o_co2_hybrid_mrk,X(CO2)=0.400000,2000.0,1423.15,0.4,73.2924,0.6,0.4,0.1333333,0.4666667,0.4,0.0,0.0,0.0,1143.539,1164.927,0.0,-4999.5,nan,0.0,nan
h2o_co2_hybrid_mrk,X(CO2)=0.400000,3000.0,1423.15,0.4,56.06058,0.6,0.4,0.1333333,0.4666667,0.4,0.0,0.0,0.0,1772.282,2196.003,0.0,-4999.5,nan,0.0,nan
h2o_co2_hybrid_mrk,X(CO2)=0.400000,4000.0,1423.15,0.4,47.35499,0.6,0.4,0.1333333,0.4666667,0.4,0.0,0.0,0.0,2497.936,3711.34,0.0,-4999.5,nan,0.0,nan
h2o_co2_hybrid_mrk,X(CO2)=0.400000,5000.0,1423.15,0.4,41.99735,0.6,0.4,0.1333333,0.4666667,0.4,0.0,0.0,0.0,3351.374,5907.389,0.0,-4999.5,nan,0.0,nan
h2o_co2_hybrid_mrk,X(CO2)=0.400000,6000.0,1423.15,0.4,38.3344,0.6,0.4,0.1333333,0.4666667,0.4,0.0,0.0,0.0,4362.372,9051.543,0.0,-4999.5,nan,0.0,nan
h2o_co2_hybrid_mrk,X(CO2)=0.400000,7000.0,1423.15,0.4,35.65751,0.6,0.4,0.1333333,0.4666667,0.4,0.0,0.0,0.0,5562.761,13507.64,0.0,-4999.5,nan,0.0,nan
h2o_co2_hybrid_mrk,X(CO2)=0.400000,8000.0,1423.15,0.4,33.60628,0.6,0.4,0.1333333,0.4666667,0.4,0.0,0.0,0.0,6988.147,19769.63,0.0,-4999.5,nan,0.0,nan
h2o_co2_hybrid_mrk,X(CO2)=0.400000,9000.0,1423.15,0.4,31.97687,0.6,0.4,0.1333333,0.4666667,0.4,0.0,0.0,0.0,8679.153,28506.33,0.0,-4999.5,nan,0.0,nan
h2o_co2_hybrid_mrk,X(CO2)=0.400000,10000.0,1423.15,0.4,30.64526,0.6,0.4,0.1333333,0.4666667,0.4,0.0,0.0,0.0,10682.53,40621.2,0.0,-4999.5,nan,0.0,nan
h2o_co2_hybrid_mrk,X(CO2)=0.400000,11000.0,1423.15,0.4,29.53182,0.6,0.4,0.1333333,0.4666667,0.4,0.0,0.0,0.0,13052.29,57331.75,0.0,-4999.5,nan,0.0,nan
h2o_co2_hybrid_mrk,X(CO2)=0.400000,12000.0,1423.15,0.4,28.58315,0.6,0.4,0.1333333,0.4666667,0.4,0.0,0.0,0.0,15850.97,80275.35,0.0,-4999.5,nan,0.0,nan
h2o_co2_hybrid_mrk,X(CO2)=0.400000,13000.0,1423.15,0.4,27.76216,0.6,0.4,0.1333333,0.4666667,0.4,0.0,0.0,0.0,19150.98,111649.7,0.0,-4999.5,nan,0.0,nan
h2o_co2_hybrid_mrk,X(CO2)=0.400000,14000.0,1423.15,0.4,27.04229,0.6,0.4,0.1333333,0.4666667,0.4,0.0,0.0,0.0,23036.22,154399.3,0.0,-4999.5,nan,0.0,nan
h2o_co2_hybrid_mrk,X(CO2)=0.400000,15000.0,1423.15,0.4,26.40401,0.6,0.4,0.1333333,0.4666667,0.4,0.0,0.0,0.0,27603.83,212462.8,0.0,-4999.5,nan,0.0,nan
h2o_co2_hybrid_mrk,X(CO2)=0.400000,16000.0,1423.15,0.4,25.83265,0.6,0.4,0.1333333,0.4666667,0.4,0.0,0.0,0.0,32966.32,291100.7,0.0,-4999.5,nan,0.0,nan
h2o_co2_hybrid_mrk,X(CO2)=0.400000,17000.0,1423.15,0.4,25.31693,0.6,0.4,0.1333333,0.4666667,0.4,0.0,0.0,0.0,39253.86,397328.9,0.0,-4999.5,nan,0.0,nan
h2o_co2_hybrid_mrk,X(CO2)=0.400000,18000.0,1423.15,0.4,24.84807,0.6,0.4,0.1333333,0.4666667,0.4,0.0,0.0,0.0,46617.07,540492.5,0.0,-4999.5,nan,0.0,nan
h2o_co2_hybrid_mrk,X(CO2)=0.400000,19000.0,1423.15,0.4,24.41911,0.6,0.4,0.1333333,0.4666667,0.4,0.0,0.0,0.0,55230.13,733023.4,0.0,-4999.5,nan,0.0,nan
h2o_co2_hybrid_mrk,X(CO2)=0.400000,20000.0,1423.15,0.4,24.02444,0.6,0.4,0.1333333,0.4666667,0.4,0.0,0.0,0.0,65294.34,991441.7,0.0,-4999.5,nan,0.0,nan
h2o_co2_hybrid_mrk,X(CO2)=0.400000,1000.0,1473.15,0.4,132.2355,0.6,0.4,0.1333333,0.4666667,0.4,0.0,0.0,0.0,579.2529,470.2397,0.0,-4999.5,nan,0.0,nan
h2o_co2_hybrid_mrk,X(CO2)=0.400000,2000.0,1473.15,0.4,75.78586,0.6,0.4,0.1333333,0.4666667,0.4,0.0,0.0,0.0,1163.599,1151.395,0.0,-4999.5,nan,0.0,nan
h2o_co2_hybrid_mrk,X(CO2)=0.400000,3000.0,1473.15,0.4,57.76582,0.6,0.4,0.1333333,0.4666667,0.4,0.0,0.0,0.0,1807.377,2152.044,0.0,-4999.5,nan,0.0,nan
h2o_co2_hybrid_mrk,X(CO2)=0.400000,4000.0,1473.15,0.4,48.6631,0.6,0.4,0.1333333,0.4666667,0.4,0.0,0.0,0.0,2547.495,3605.583,0.0,-4999.5,nan,0.0,nan
h2o_co2_hybrid_mrk,X(CO2)=0.400000,5000.0,1473.15,0.4,43.05669,0.6,0.4,0.1333333,0.4666667,0.4,0.0,0.0,0.0,3413.694,5689.279,0.0,-4999.5,nan,0.0,nan
h2o_co2_hybrid_mrk,X(CO2)=0.400000,6000.0,1473.15,0.4,39.21907,0.6,0.4,0.1333333,0.4666667,0.4,0.0,0.0,0.0,4434.641,8641.811,0.0,-4999.5,nan,0.0,nan
h2o_co2_hybrid_mrk,X(CO2)=0.400000,7000.0,1473.15,0.4,36.4124,0.6,0.4,0.1333333,0.4666667,0.4,0.0,0.0,0.0,5640.802,12784.64,0.0,-4999.5,nan,0.0,nan
h2o_co2_hybrid_mrk,X(CO2)=0.400000,8000.0,1473.15,0.4,34.26171,0.6,0.4,0.1333333,0.4666667,0.4,0.0,0.0,0.0,7066.041,18549.87,0.0,-4999.5,nan,0.0,nan
h2o_co2_hybrid_mrk,X(CO2)=0.400000,9000.0,1473.15,0.4,32.5544,0.6,0.4,0.1333333,0.4666667,0.4,0.0,0.0,0.0,8748.763,26516.94,0.0,-4999.5,nan,0.0,nan
h2o_co2_hybrid_mrk,X(CO2)=0.400000,10000.0,1473.15,0.4,31.16066,0.6,0.4,0.1333333,0.4666667,0.4,0.0,0.0,0.0,10732.93,37461.05,0.0,-4999.5,nan,0.0,nan
h2o_co2_hybrid_mrk,X(CO2)=0.400000,11000.0,1473.15,0.4,29.99688,0.6,0.4,0.1333333,0.4666667,0.4,0.0,0.0,0.0,13069.06,52417.07,0.0,-4999.5,nan,0.0,nan
h2o_co2_hybrid_mrk,X(CO2)=0.400000,12000.0,1473.15,0.4,29.00681,0.6,0.4,0.1333333,0.4666667,0.4,0.0,0.0,0.0,15815.35,72763.64,0.0,-4999.5,nan,0.0,nan
h2o_co2_hybrid_mrk,X(CO2)=0.400000,13000.0,1473.15,0.4,28.1513,0.6,0.4,0.1333333,0.4666667,0.4,0.0,0.0,0.0,19038.88,100334.0,0.0,-4999.5,nan,0.0,nan
h2o_co2_hybrid_mrk,X(CO2)=0.400000,14000.0,1473.15,0.4,27.4023,0.6,0.4,0.1333333,0.4666667,0.4,0.0,0.0,0.0,22816.96,137561.8,0.0,-4999.5,nan,0.0,nan
h2o_co2_hybrid_mrk,X(CO2)=0.400000,15000.0,1473.15,0.4,26.73916,0.6,0.4,0.1333333,0.4666667,0.4,0.0,0.0,0.0,27238.74,187672.5,0.0,-4999.5,nan,0.0,nan
h2o_co2_hybrid_mrk,X(CO2)=0.400000,16000.0,1473.15,0.4,26.14635,0.6,0.4,0.1333333,0.4666667,0.4,0.0,0.0,0.0,32406.93,254934.6,0.0,-4999.5,nan,0.0,nan
h2o_co2_hybrid_mrk,X(CO2)=0.400000,17000.0,1473.15,0.4,25.61198,0.6,0.4,0.1333333,0.4666667,0.4,0.0,0.0,0.0,38439.87,344989.4,0.0,-4999.5,nan,0.0,nan
h2o_co2_hybrid_mrk,X(CO2)=0.400000,18000.0,1473.15,0.4,25.12676,0.6,0.4,0.1333333,0.4666667,0.4,0.0,0.0,0.0,45473.84,465283.4,0.0,-4999.5,nan,0.0,nan
h2o_co2_hybrid_mrk,X(CO2)=0.400000,19000.0,1473.15,0.4,24.68333,0.6,0.4,0.1333333,0.4666667,0.4,0.0,0.0,0.0,53665.69,625633.5,0.0,-4999.5,nan,0.0,nan
h2o_co2_hybrid_mrk,X(CO2)=0.400000,20000.0,1473.15,0.4,24.2758,0.6,0.4,0.1333333,0.4666667,0.4,0.0,0.0,0.0,63195.93,838968.0,0.0,-4999.5,nan,0.0,nan
h2o_co2_hybrid_mrk,X(CO2)=0.400000,1000.0,1523.15,0.4,137.0035,0.6,0.4,0.1333333,0.4666667,0.4,0.0,0.0,0.0,584.744,468.5171,0.0,-4999.5,nan,0.0,nan
h2o_co2_hybrid_mrk,X(CO2)=0.400000,2000.0,1523.15,0.4,78.27113,0.6,0.4,0.1333333,0.4666667,0.4,0.0,0.0,0.0,1180.526,1139.161,0.0,-4999.5,nan,0.0,nan
h2o_co2_hybrid_mrk,X(CO2)=0.400000,3000.0,1523.15,0.4,59.47022,0.6,0.4,0.1333333,0.4666667,0.4,0.0,0.0,0.0,1836.916,2112.527,0.0,-4999.5,nan,0.0,nan
h2o_co2_hybrid_mrk,X(CO2)=0.400000,4000.0,1523.15,0.4,49.97441,0.6,0.4,0.1333333,0.4666667,0.4,0.0,0.0,0.0,2588.807,3511.01,0.0,-4999.5,nan,0.0,nan
h2o_co2_hybrid_mrk,X(CO2)=0.400000,5000.0,1523.15,0.4,44.12283,0.6,0.4,0.1333333,0.4666667,0.4,0.0,0.0,0.0,3464.766,5495.401,0.0,-4999.5,nan,0.0,nan
h2o_co2_hybrid_mrk,X(CO2)=0.400000,6000.0,1523.15,0.4,40.11303,0.6,0.4,0.1333333,0.4666667,0.4,0.0,0.0,0.0,4492.32,8279.987,0.0,-4999.5,nan,0.0,nan
h2o_co2_hybrid_mrk,X(CO2)=0.400000,7000.0,1523.15,0.4,37.17777,0.6,0.4,0.1333333,0.4666667,0.4,0.0,0.0,0.0,5700.571,12150.62,0.0,-4999.5,nan,0.0,nan
h2o_co2_hybrid_mrk,X(CO2)=0.400000,8000.0,1523.15,0.4,34.92779,0.6,0.4,0.1333333,0.4666667,0.4,0.0,0.0,0.0,7121.681,17487.99,0.0,-4999.5,nan,0.0,nan
h2o_co2_hybrid_mrk,X(CO2)=0.400000,9000.0,1523.15,0.4,33.14212,0.6,0.4,0.1333333,0.4666667,0.4,0.0,0.0,0.0,8791.918,24797.95,0.0,-4999.5,nan,0.0,nan
h2o_co2_hybrid_mrk,X(CO2)=0.400000,10000.0,1523.15,0.4,31.68552,0.6,0.4,0.1333333,0.4666667,0.4,0.0,0.0,0.0,10752.58,34751.21,0.0,-4999.5,nan,0.0,nan
h2o_co2_hybrid_mrk,X(CO2)=0.400000,11000.0,1523.15,0.4,30.47053,0.6,0.4,0.1333333,0.4666667,0.4,0.0,0.0,0.0,13050.91,48235.19,0.0,-4999.5,nan,0.0,nan
h2o_co2_hybrid_mrk,X(CO2)=0.400000,12000.0,1523.15,0.4,29.43819,0.6,0.4,0.1333333,0.4666667,0.4,0.0,0.0,0.0,15741.04,66421.77,0.0,-4999.5,nan,0.0,nan
h2o_co2_hybrid_mrk,X(CO2)=0.400000,13000.0,1523.15,0.4,28.54736,0.6,0.4,0.1333333,0.4666667,0.4,0.0,0.0,0.0,18885.11,90855.69,0.0,-4999.5,nan,0.0,nan
h2o_co2_hybrid_mrk,X(CO2)=0.400000,14000.0,1523.15,0.4,27.76848,0.6,0.4,0.1333333,0.4666667,0.4,0.0,0.0,0.0,22554.4,123569.8,0.0,-4999.5,nan,0.0,nan
h2o_co2_hybrid_mrk,X(CO2)=0.400000,15000.0,1523.15,0.4,27.07981,0.6,0.4,0.1333333,0.4666667,0.4,0.0,0.0,0.0,26830.74,167235.4,0.0,-4999.5,nan,0.0,nan
h2o_co2_hybrid_mrk,X(CO2)=0.400000,16000.0,1523.15,0.4,26.46498,0.6,0.4,0.1333333,0.4666667,0.4,0.0,0.0,0.0,31808.02,225357.4,0.0,-4999.5,nan,0.0,nan
h2o_co2_hybrid_mrk,X(CO2)=0.400000,17000.0,1523.15,0.4,25.91144,0.6,0.4,0.1333333,0.4666667,0.4,0.0,0.0,0.0,37593.92,302528.5,0.0,-4999.5,nan,0.0,nan
h2o_co2_hybrid_mrk,X(CO2)=0.400000,18000.0,1523.15,0.4,25.4094,0.6,0.4,0.1333333,0.4666667,0.4,0.0,0.0,0.0,44311.91,404759.7,0.0,-4999.5,nan,0.0,nan
h2o_co2_hybrid_mrk,X(CO2)=0.400000,19000.0,1523.15,0.4,24.9511,0.6,0.4,0.1333333,0.4666667,0.4,0.0,0.0,0.0,52103.52,539909.0,0.0,-4999.5,nan,0.0,nan
h2o_co2_hybrid_mrk,X(CO2)=0.400000,20000.0,1523.15,0.4,24.53034,0.6,0.4,0.1333333,0.4666667,0.4,0.0,0.0,0.0,61130.9,718237.8,0.0,-4999.5,nan,0.0,nan
h2o_co2_hybrid_mrk,X(CO2)=0.400000,1000.0,1573.15,0.4,141.7446,0.6,0.4,0.1333333,0.4666667,0.4,0.0,0.0,0.0,589.3174,466.9302,0.0,-4999.5,nan,0.0,nan
h2o_co2_hybrid_mrk,X(CO2)=0.400000,2000.0,1573.15,0.4,80.74932,0.6,0.4,0.1333333,0.4666667,0.4,0.0,0.0,0.0,1194.618,1128.077,0.0,-4999.5,nan,0.0,nan
h2o_co2_hybrid_mrk,X(CO2)=0.400000,3000.0,1573.15,0.4,61.17414,0.6,0.4,0.1333333,0.4666667,0.4,0.0,0.0,0.0,1861.332,2076.913,0.0,-4999.5,nan,0.0,nan
h2o_co2_hybrid_mrk,X(CO2)=0.400000,4000.0,1573.15,0.4,51.28863,0.6,0.4,0.1333333,0.4666667,0.4,0.0,0.0,0.0,2622.437,3426.188,0.0,-4999.5,nan,0.0,nan
h2o_co2_hybrid_mrk,X(CO2)=0.400000,5000.0,1573.15,0.4,45.19494,0.6,0.4,0.1333333,0.4666667,0.4,0.0,0.0,0.0,3505.307,5322.451,0.0,-4999.5,nan,0.0,nan
h2o_co2_hybrid_mrk,X(CO2)=0.400000,6000.0,1573.15,0.4,41.0153,0.6,0.4,0.1333333,0.4666667,0.4,0.0,0.0,0.0,4536.317,7959.135,0.0,-4999.5,nan,0.0,nan
h2o_co2_hybrid_mrk,X(CO2)=0.400000,7000.0,1573.15,0.4,37.95279,0.6,0.4,0.1333333,0.4666667,0.4,0.0,0.0,0.0,5743.22,11591.96,0.0,-4999.5,nan,0.0,nan
h2o_co2_hybrid_mrk,X(CO2)=0.400000,8000.0,1573.15,0.4,35.60395,0.6,0.4,0.1333333,0.4666667,0.4,0.0,0.0,0.0,7156.516,16558.52,0.0,-4999.5,nan,0.0,nan
h2o_co2_hybrid_mrk,X(CO2)=0.400000,9000.0,1573.15,0.4,33.73975,0.6,0.4,0.1333333,0.4666667,0.4,0.0,0.0,0.0,8810.42,23303.58,0.0,-4999.5,nan,0.0,nan
h2o_co2_hybrid_mrk,X(CO2)=0.400000,10000.0,1573.15,0.4,32.21974,0.6,0.4,0.1333333,0.4666667,0.4,0.0,0.0,0.0,10743.7,32411.9,0.0,-4999.5,nan,0.0,nan
h2o_co2_hybrid_mrk,X(CO2)=0.400000,11000.0,1573.15,0.4,30.95284,0.6,0.4,0.1333333,0.4666667,0.4,0.0,0.0,0.0,13000.49,44650.74,0.0,-4999.5,nan,0.0,nan
h2o_co2_hybrid_mrk,X(CO2)=0.400000,12000.0,1573.15,0.4,29.87748,0.6,0.4,0.1333333,0.4666667,0.4,0.0,0.0,0.0,15631.17,61024.99,0.0,-4999.5,nan,0.0,nan
h2o_co2_hybrid_mrk,X(CO2)=0.400000,13000.0,1573.15,0.4,28.95057,0.6,0.4,0.1333333,0.4666667,0.4,0.0,0.0,0.0,18693.26,82848.42,0.0,-4999.5,nan,0.0,nan
h2o_co2_hybrid_mrk,X(CO2)=0.400000,14000.0,1573.15,0.4,28.14113,0.6,0.4,0.1333333,0.4666667,0.4,0.0,0.0,0.0,22252.52,111836.0,0.0,-4999.5,nan,0.0,nan
h2o_co2_hybrid_mrk,X(CO2)=0.400000,15000.0,1573.15,0.4,27.4263,0.6,0.4,0.1333333,0.4666667,0.4,0.0,0.0,0.0,26384.1,150222.9,0.0,-4999.5,nan,0.0,nan
h2o_co2_hybrid_mrk,X(CO2)=0.400000,16000.0,1573.15,0.4,26.78887,0.6,0.4,0.1333333,0.4666667,0.4,0.0,0.0,0.0,31173.85,200918.6,0.0,-4999.5,nan,0.0,nan
h2o_co2_hybrid_mrk,X(CO2)=0.400000,17000.0,1573.15,0.4,26.21564,0.6,0.4,0.1333333,0.4666667,0.4,0.0,0.0,0.0,36719.88,267705.1,0.0,-4999.5,nan,0.0,nan
h2o_co2_hybrid_mrk,X(CO2)=0.400000,18000.0,1573.15,0.4,25.69632,0.6,0.4,0.1333333,0.4666667,0.4,0.0,0.0,0.0,43134.19,355493.0,0.0,-4999.5,nan,0.0,nan
h2o_co2_hybrid_mrk,X(CO2)=0.400000,19000.0,1573.15,0.4,25.22276,0.6,0.4,0.1333333,0.4666667,0.4,0.0,0.0,0.0,50544.67,470651.1,0.0,-4999.5,nan,0.0,nan
h2o_co2_hybrid_mrk,X(CO2)=0.400000,20000.0,1573.15,0.4,24.78841,0.6,0.4,0.1333333,0.4666667,0.4,0.0,0.0,0.0,59097.22,621430.6,0.0,-4999.5,nan,0.0,nan
h2o_co2_hybrid_mrk,X(CO2)=0.500000,1000.0,373.15,0.5,31.78727,0.5,0.5,0.1666667,0.5,0.3333333,0.0,0.0,0.0,22.69063,428.7125,0.0,-4999.5,nan,0.0,nan
h2o_co2_hybrid_mrk,X(CO2)=0.500000,2000.0,373.15,0.5,28.80497,0.5,0.5,0.1666667,0.5,0.3333333,0.0,0.0,0.0,40.42642,1709.953,0.0,-4999.5,nan,0.0,nan
h2o_co2_hybrid_mrk,X(CO2)=0.500000,3000.0,373.15,0.5,27.1197,0.5,0.5,0.1666667,0.5,0.3333333,0.0,0.0,0.0,72.02295,5951.645,0.0,-4999.5,nan,0.0,nan
h2o_co2_hybrid_mrk,X(CO2)=0.500000,4000.0,373.15,0.5,25.95354,0.5,0.5,0.1666667,0.5,0.3333333,0.0,0.0,0.0,127.2646,19371.87,0.0,-4999.5,nan,0.0,nan
h2o_co2_hybrid_mrk,X(CO2)=0.500000,5000.0,373.15,0.5,25.06729,0.5,0.5,0.1666667,0.5,0.3333333,0.0,0.0,0.0,223.0145,60518.71,0.0,-4999.5,nan,0.0,nan
h2o_co2_hybrid_mrk,X(CO2)=0.500000,6000.0,373.15,0.5,24.35552,0.5,0.5,0.1666667,0.5,0.3333333,0.0,0.0,0.0,387.935,183846.6,0.0,-4999.5,nan,0.0,nan
h2o_co2_hybrid_mrk,X(CO2)=0.500000,7000.0,373.15,0.5,23.76254,0.5,0.5,0.1666667,0.5,0.3333333,0.0,0.0,0.0,670.5291,547216.6,0.0,-4999.5,nan,0.0,nan
h2o_co2_hybrid_mrk,X(CO2)=0.500000,8000.0,373.15,0.5,23.25542,0.5,0.5,0.1666667,0.5,0.3333333,0.0,0.0,0.0,1152.618,1603602.0,0.0,-4999.5,nan,0.0,nan
h2o_co2_hybrid_mrk,X(CO2)=0.500000,9000.0,373.15,0.5,22.81311,0.5,0.5,0.1666667,0.5,0.3333333,0.0,0.0,0.0,1971.86,4641843.0,0.0,-4999.5,nan,0.0,nan
h2o_co2_hybrid_mrk,X(CO2)=0.500000,10000.0,373.15,0.5,22.42138,0.5,0.5,0.1666667,0.5,0.3333333,0.0,0.0,0.0,3359.303,13303150.0,0.0,-4999.5,nan,0.0,nan
h2o_co2_hybrid_mrk,X(CO2)=0.500000,11000.0,373.15,0.5,22.07015,0.5,0.5,0.1666667,0.5,0.3333333,0.0,0.0,0.0,5701.908,37812620.0,0.0,-4999.5,nan,0.0,nan
h2o_co2_hybrid_mrk,X(CO2)=0.500000,12000.0,373.15,0.5,21.75205,0.5,0.5,0.1666667,0.5,0.3333333,0.0,0.0,0.0,9646.485,106734800.0,0.0,-4999.5,nan,0.0,nan
h2o_co2_hybrid_mrk,X(CO2)=0.500000,13000.0,373.15,0.5,21.46153,0.5,0.5,0.1666667,0.5,0.3333333,0.0,0.0,0.0,16272.24,299505800.0,0.0,-4999.5,nan,0.0,nan
h2o_co2_hybrid_mrk,X(CO2)=0.500000,14000.0,373.15,0.5,21.19431,0.5,0.5,0.1666667,0.5,0.3333333,0.0,0.0,0.0,27376.87,836153100.0,0.0,-4999.5,nan,0.0,nan
h2o_co2_hybrid_mrk,X(CO2)=0.500000,15000.0,373.15,0.5,20.94701,0.5,0.5,0.1666667,0.5,0.3333333,0.0,0.0,0.0,45950.3,2323977000.0,0.0,-4999.5,nan,0.0,nan
h2o_co2_hybrid_mrk,X(CO2)=0.500000,16000.0,373.15,0.5,20.71694,0.5,0.5,0.1666667,0.5,0.3333333,0.0,0.0,0.0,76958.39,6433923000.0,0.0,-4999.5,nan,0.0,nan
h2o_co2_hybrid_mrk,X(CO2)=0.500000,17000.0,373.15,0.5,20.5019,0.5,0.5,0.1666667,0.5,0.3333333,0.0,0.0,0.0,128637.9,17750520000.0,0.0,-4999.5,nan,0.0,nan
h2o_co2_hybrid_mrk,X(CO2)=0.500000,18000.0,373.15,0.5,20.3001,0.5,0.5,0.1666667,0.5,0.3333333,0.0,0.0,0.0,214634.5,48820180000.0,0.0,-4999.5,nan,0.0,nan
h2o_co2_hybrid_mrk,X(CO2)=0.500000,19000.0,373.15,0.5,20.11003,0.5,0.5,0.1666667,0.5,0.3333333,0.0,0.0,0.0,357528.4,133899200000.0,0.0,-4999.5,nan,0.0,nan
h2o_co2_hybrid_mrk,X(CO2)=0.500000,20000.0,373.15,0.5,19.93042,0.5,0.5,0.1666667,0.5,0.3333333,0.0,0.0,0.0,594645.1,366323200000.0,0.0,-4999.5,nan,0.0,nan
h2o_co2_hybrid_mrk,X(CO2)=0.500000,1000.0,423.15,0.5,34.62239,0.5,0.5,0.1666667,0.5,0.3333333,0.0,0.0,0.0,43.69354,544.8107,0.0,-4999.5,nan,0.0,nan
h2o_co2_hybrid_mrk,X(CO2)=0.500000,2000.0,423.15,0.5,30.39252,0.5,0.5,0.1666667,0.5,0.3333333,0.0,0.0,0.0,74.16122,2033.21,0.0,-4999.5,nan,0.0,nan
h2o_co2_hybrid_mrk,X(CO2)=0.500000,3000.0,423.15,0.5,28.27246,0.5,0.5,0.1666667,0.5,0.3333333,0.0,0.0,0.0,125.7317,6443.376,0.0,-4999.5,nan,0.0,nan
h2o_co2_hybrid_mrk,X(CO2)=0.500000,4000.0,423.15,0.5,26.874,0.5,0.5,0.1666667,0.5,0.3333333,0.0,0.0,0.0,211.0712,18936.12,0.0,-4999.5,nan,0.0,nan
h2o_co2_hybrid_mrk,X(CO2)=0.500000,5000.0,423.15,0.5,25.83988,0.5,0.5,0.1666667,0.5,0.3333333,0.0,0.0,0.0,351.0136,53210.35,0.0,-4999.5,nan,0.0,nan
h2o_co2_hybrid_mrk,X(CO2)=0.500000,6000.0,423.15,0.5,25.02436,0.5,0.5,0.1666667,0.5,0.3333333,0.0,0.0,0.0,579.0268,145091.3,0.0,-4999.5,nan,0.0,nan
h2o_co2_hybrid_mrk,X(CO2)=0.500000,7000.0,423.15,0.5,24.3539,0.5,0.5,0.1666667,0.5,0.3333333,0.0,0.0,0.0,948.599,387141.0,0.0,-4999.5,nan,0.0,nan
h2o_co2_hybrid_mrk,X(CO2)=0.500000,8000.0,423.15,0.5,23.78634,0.5,0.5,0.1666667,0.5,0.3333333,0.0,0.0,0.0,1544.949,1016165.0,0.0,-4999.5,nan,0.0,nan
h2o_co2_hybrid_mrk,X(CO2)=0.500000,9000.0,423.15,0.5,23.29537,0.5,0.5,0.1666667,0.5,0.3333333,0.0,0.0,0.0,2503.501,2633060.0,0.0,-4999.5,nan,0.0,nan
h2o_co2_hybrid_mrk,X(CO2)=0.500000,10000.0,423.15,0.5,22.86346,0.5,0.5,0.1666667,0.5,0.3333333,0.0,0.0,0.0,4038.98,6752158.0,0.0,-4999.5,nan,0.0,nan
h2o_co2_hybrid_mrk,X(CO2)=0.500000,11000.0,423.15,0.5,22.47842,0.5,0.5,0.1666667,0.5,0.3333333,0.0,0.0,0.0,6491.142,17167380.0,0.0,-4999.5,nan,0.0,nan
h2o_co2_hybrid_mrk,X(CO2)=0.500000,12000.0,423.15,0.5,22.13141,0.5,0.5,0.1666667,0.5,0.3333333,0.0,0.0,0.0,10396.59,43335680.0,0.0,-4999.5,nan,0.0,nan
h2o_co2_hybrid_mrk,X(CO2)=0.500000,13000.0,423.15,0.5,21.81584,0.5,0.5,0.1666667,0.5,0.3333333,0.0,0.0,0.0,16601.34,108725900.0,0.0,-4999.5,nan,0.0,nan
h2o_co2_hybrid_mrk,X(CO2)=0.500000,14000.0,423.15,0.5,21.52667,0.5,0.5,0.1666667,0.5,0.3333333,0.0,0.0,0.0,26437.19,271353200.0,0.0,-4999.5,nan,0.0,nan
h2o_co2_hybrid_mrk,X(CO2)=0.500000,15000.0,423.15,0.5,21.25996,0.5,0.5,0.1666667,0.5,0.3333333,0.0,0.0,0.0,41997.52,674135700.0,0.0,-4999.5,nan,0.0,nan
h2o_co2_hybrid_mrk,X(CO2)=0.500000,16000.0,423.15,0.5,21.01259,0.5,0.5,0.1666667,0.5,0.3333333,0.0,0.0,0.0,66568.42,1668063000.0,0.0,-4999.5,nan,0.0,nan
h2o_co2_hybrid_mrk,X(CO2)=0.500000,17000.0,423.15,0.5,20.78201,0.5,0.5,0.1666667,0.5,0.3333333,0.0,0.0,0.0,105301.7,4112740000.0,0.0,-4999.5,nan,0.0,nan
h2o_co2_hybrid_mrk,X(CO2)=0.500000,18000.0,423.15,0.5,20.56616,0.5,0.5,0.1666667,0.5,0.3333333,0.0,0.0,0.0,166264.9,10108140000.0,0.0,-4999.5,nan,0.0,nan
h2o_co2_hybrid_mrk,X(CO2)=0.500000,19000.0,423.15,0.5,20.36332,0.5,0.5,0.1666667,0.5,0.3333333,0.0,0.0,0.0,262077.3,24772760000.0,0.0,-4999.5,nan,0.0,nan
h2o_co2_hybrid_mrk,X(CO2)=0.500000,20000.0,423.15,0.5,20.17205,0.5,0.5,0.1666667,0.5,0.3333333,0.0,0.0,0.0,412458.1,60556650000.0,0.0,-4999.5,nan,0.0,nan
h2o_co2_hybrid_mrk,X(CO2)=0.500000,1000.0,473.15,0.5,37.83452,0.5,0.5,0.1666667,0.5,0.3333333,0.0,0.0,0.0,68.81027,610.7174,0.0,-4999.5,nan,0.0,nan
h2o_co2_hybrid_mrk,X(CO2)=0.500000,2000.0,473.15,0.5,32.06585,0.5,0.5,0.1666667,0.5,0.3333333,0.0,0.0,0.0,112.7484,2164.97,0.0,-4999.5,nan,0.0,nan
h2o_co2_hybrid_mrk,X(CO2)=0.500000,3000.0,473.15,0.5,29.47739,0.5,0.5,0.1666667,0.5,0.3333333,0.0,0.0,0.0,183.9396,6367.426,0.0,-4999.5,nan,0.0,nan
h2o_co2_hybrid_mrk,X(CO2)=0.500000,4000.0,473.15,0.5,27.84064,0.5,0.5,0.1666667,0.5,0.3333333,0.0,0.0,0.0,296.5842,17252.96,0.0,-4999.5,nan,0.0,nan
h2o_co2_hybrid_mrk,X(CO2)=0.500000,5000.0,473.15,0.5,26.65831,0.5,0.5,0.1666667,0.5,0.3333333,0.0,0.0,0.0,473.2318,44569.71,0.0,-4999.5,nan,0.0,nan
h2o_co2_hybrid_mrk,X(CO2)=0.500000,6000.0,473.15,0.5,25.74004,0.5,0.5,0.1666667,0.5,0.3333333,0.0,0.0,0.0,748.5103,111554.9,0.0,-4999.5,nan,0.0,nan
h2o_co2_hybrid_mrk,X(CO2)=0.500000,7000.0,473.15,0.5,24.99334,0.5,0.5,0.1666667,0.5,0.3333333,0.0,0.0,0.0,1175.291,272972.4,0.0,-4999.5,nan,0.0,nan
h2o_co2_hybrid_mrk,X(CO2)=0.500000,8000.0,473.15,0.5,24.36653,0.5,0.5,0.1666667,0.5,0.3333333,0.0,0.0,0.0,1834.056,656682.4,0.0,-4999.5,nan,0.0,nan
h2o_co2_hybrid_mrk,X(CO2)=0.500000,9000.0,473.15,0.5,23.82789,0.5,0.5,0.1666667,0.5,0.3333333,0.0,0.0,0.0,2847.013,1558886.0,0.0,-4999.5,nan,0.0,nan
h2o_co2_hybrid_mrk,X(CO2)=0.500000,10000.0,473.15,0.5,23.35666,0.5,0.5,0.1666667,0.5,0.3333333,0.0,0.0,0.0,4399.343,3661247.0,0.0,-4999.5,nan,0.0,nan
h2o_co2_hybrid_mrk,X(CO2)=0.500000,11000.0,473.15,0.5,22.9385,0.5,0.5,0.1666667,0.5,0.3333333,0.0,0.0,0.0,6771.106,8523681.0,0.0,-4999.5,nan,0.0,nan
h2o_co2_hybrid_mrk,X(CO2)=0.500000,12000.0,473.15,0.5,22.56314,0.5,0.5,0.1666667,0.5,0.3333333,0.0,0.0,0.0,10385.1,19698450.0,0.0,-4999.5,nan,0.0,nan
h2o_co2_hybrid_mrk,X(CO2)=0.500000,13000.0,473.15,0.5,22.22297,0.5,0.5,0.1666667,0.5,0.3333333,0.0,0.0,0.0,15878.61,45240280.0,0.0,-4999.5,nan,0.0,nan
h2o_co2_hybrid_mrk,X(CO2)=0.500000,14000.0,473.15,0.5,21.91221,0.5,0.5,0.1666667,0.5,0.3333333,0.0,0.0,0.0,24210.71,103344300.0,0.0,-4999.5,nan,0.0,nan
h2o_co2_hybrid_mrk,X(CO2)=0.500000,15000.0,473.15,0.5,21.62637,0.5,0.5,0.1666667,0.5,0.3333333,0.0,0.0,0.0,36822.89,234974800.0,0.0,-4999.5,nan,0.0,nan
h2o_co2_hybrid_mrk,X(CO2)=0.500000,16000.0,473.15,0.5,21.3619,0.5,0.5,0.1666667,0.5,0.3333333,0.0,0.0,0.0,55878.75,532081300.0,0.0,-4999.5,nan,0.0,nan
h2o_co2_hybrid_mrk,X(CO2)=0.500000,17000.0,473.15,0.5,21.11595,0.5,0.5,0.1666667,0.5,0.3333333,0.0,0.0,0.0,84622.06,1200501000.0,0.0,-4999.5,nan,0.0,nan
h2o_co2_hybrid_mrk,X(CO2)=0.500000,18000.0,473.15,0.5,20.88617,0.5,0.5,0.1666667,0.5,0.3333333,0.0,0.0,0.0,127910.4,2699895000.0,0.0,-4999.5,nan,0.0,nan
h2o_co2_hybrid_mrk,X(CO2)=0.500000,19000.0,473.15,0.5,20.67065,0.5,0.5,0.1666667,0.5,0.3333333,0.0,0.0,0.0,193010.7,6054470000.0,0.0,-4999.5,nan,0.0,nan
h2o_co2_hybrid_mrk,X(CO2)=0.500000,20000.0,473.15,0.5,20.46778,0.5,0.5,0.1666667,0.5,0.3333333,0.0,0.0,0.0,290783.4,13541720000.0,0.0,-4999.5,nan,0.0,nan
h2o_co2_hybrid_mrk,X(CO2)=0.500000,1000.0,523.15,0.5,41.48105,0.5,0.5,0.1666667,0.5,0.3333333,0.0,0.0,0.0,97.44092,644.5106,0.0,-4999.5,nan,0.0,nan
h2o_co2_hybrid_mrk,X(CO2)=0.500000,2000.0,523.15,0.5,33.83176,0.5,0.5,0.1666667,0.5,0.3333333,0.0,0.0,0.0,156.0199,2194.32,0.0,-4999.5,nan,0.0,nan
h2o_co2_hybrid_mrk,X(CO2)=0.500000,3000.0,523.15,0.5,30.7182,0.5,0.5,0.1666667,0.5,0.3333333,0.0,0.0,0.0,247.1596,6075.218,0.0,-4999.5,nan,0.0,nan
h2o_co2_hybrid_mrk,X(CO2)=0.500000,4000.0,523.15,0.5,28.82558,0.5,0.5,0.1666667,0.5,0.3333333,0.0,0.0,0.0,386.0521,15411.3,0.0,-4999.5,nan,0.0,nan
h2o_co2_hybrid_mrk,X(CO2)=0.500000,5000.0,523.15,0.5,27.48793,0.5,0.5,0.1666667,0.5,0.3333333,0.0,0.0,0.0,595.9964,37186.24,0.0,-4999.5,nan,0.0,nan
h2o_co2_hybrid_mrk,X(CO2)=0.500000,6000.0,523.15,0.5,26.46362,0.5,0.5,0.1666667,0.5,0.3333333,0.0,0.0,0.0,911.455,86829.69,0.0,-4999.5,nan,0.0,nan
h2o_co2_hybrid_mrk,X(CO2)=0.500000,7000.0,523.15,0.5,25.63906,0.5,0.5,0.1666667,0.5,0.3333333,0.0,0.0,0.0,1383.113,198071.6,0.0,-4999.5,nan,0.0,nan
h2o_co2_hybrid_mrk,X(CO2)=0.500000,8000.0,523.15,0.5,24.95216,0.5,0.5,0.1666667,0.5,0.3333333,0.0,0.0,0.0,2085.303,443998.6,0.0,-4999.5,nan,0.0,nan
h2o_co2_hybrid_mrk,X(CO2)=0.500000,9000.0,523.15,0.5,24.36546,0.5,0.5,0.1666667,0.5,0.3333333,0.0,0.0,0.0,3126.79,981806.3,0.0,-4999.5,nan,0.0,nan
h2o_co2_hybrid_mrk,X(CO2)=0.500000,10000.0,523.15,0.5,23.85473,0.5,0.5,0.1666667,0.5,0.3333333,0.0,0.0,0.0,4666.408,2147475.0,0.0,-4999.5,nan,0.0,nan
h2o_co2_hybrid_mrk,X(CO2)=0.500000,11000.0,523.15,0.5,23.40342,0.5,0.5,0.1666667,0.5,0.3333333,0.0,0.0,0.0,6935.689,4655233.0,0.0,-4999.5,nan,0.0,nan
h2o_co2_hybrid_mrk,X(CO2)=0.500000,12000.0,523.15,0.5,22.99975,0.5,0.5,0.1666667,0.5,0.3333333,0.0,0.0,0.0,10271.58,10016280.0,0.0,-4999.5,nan,0.0,nan
h2o_co2_hybrid_mrk,X(CO2)=0.500000,13000.0,523.15,0.5,22.63506,0.5,0.5,0.1666667,0.5,0.3333333,0.0,0.0,0.0,15163.68,21414940.0,0.0,-4999.5,nan,0.0,nan
h2o_co2_hybrid_mrk,X(CO2)=0.500000,14000.0,523.15,0.5,22.30283,0.5,0.5,0.1666667,0.5,0.3333333,0.0,0.0,0.0,22322.44,45536670.0,0.0,-4999.5,nan,0.0,nan
h2o_co2_hybrid_mrk,X(CO2)=0.500000,15000.0,523.15,0.5,21.99799,0.5,0.5,0.1666667,0.5,0.3333333,0.0,0.0,0.0,32777.35,96372140.0,0.0,-4999.5,nan,0.0,nan
h2o_co2_hybrid_mrk,X(CO2)=0.500000,16000.0,523.15,0.5,21.71656,0.5,0.5,0.1666667,0.5,0.3333333,0.0,0.0,0.0,48018.52,203114700.0,0.0,-4999.5,nan,0.0,nan
h2o_co2_hybrid_mrk,X(CO2)=0.500000,17000.0,523.15,0.5,21.45536,0.5,0.5,0.1666667,0.5,0.3333333,0.0,0.0,0.0,70200.18,426520700.0,0.0,-4999.5,nan,0.0,nan
h2o_co2_hybrid_mrk,X(CO2)=0.500000,18000.0,523.15,0.5,21.21179,0.5,0.5,0.1666667,0.5,0.3333333,0.0,0.0,0.0,102433.5,892735500.0,0.0,-4999.5,nan,0.0,nan
h2o_co2_hybrid_mrk,X(CO2)=0.500000,19000.0,523.15,0.5,20.98372,0.5,0.5,0.1666667,0.5,0.3333333,0.0,0.0,0.0,149207.1,1863104000.0,0.0,-4999.5,nan,0.0,nan
h2o_co2_hybrid_mrk,X(CO2)=0.500000,20000.0,523.15,0.5,20.76937,0.5,0.5,0.1666667,0.5,0.3333333,0.0,0.0,0.0,216991.0,3878005000.0,0.0,-4999.5,nan,0.0,nan
h2o_co2_hybrid_mrk,X(CO2)=0.500000,1000.0,573.15,0.5,45.538,0.5,0.5,0.1666667,0.5,0.3333333,0.0,0.0,0.0,128.7609,659.1384,0.0,-4999.5,nan,0.0,nan
h2o_co2_hybrid_mrk,X(CO2)=0.500000,2000.0,573.15,0.5,35.69248,0.5,0.5,0.1666667,0.5,0.3333333,0.0,0.0,0.0,203.6978,2171.347,0.0,-4999.5,nan,0.0,nan
h2o_co2_hybrid_mrk,X(CO2)=0.500000,3000.0,573.15,0.5,31.98993,0.5,0.5,0.1666667,0.5,0.3333333,0.0,0.0,0.0,315.6466,5719.34,0.0,-4999.5,nan,0.0,nan
h2o_co2_hybrid_mrk,X(CO2)=0.500000,4000.0,573.15,0.5,29.81971,0.5,0.5,0.1666667,0.5,0.3333333,0.0,0.0,0.0,480.8039,13739.49,0.0,-4999.5,nan,0.0,nan
h2o_co2_hybrid_mrk,X(CO2)=0.500000,5000.0,573.15,0.5,28.31737,0.5,0.5,0.1666667,0.5,0.3333333,0.0,0.0,0.0,722.8433,31333.96,0.0,-4999.5,nan,0.0,nan
h2o_co2_hybrid_mrk,X(CO2)=0.500000,6000.0,573.15,0.5,27.18245,0.5,0.5,0.1666667,0.5,0.3333333,0.0,0.0,0.0,1075.637,69082.17,0.0,-4999.5,nan,0.0,nan
h2o_co2_hybrid_mrk,X(CO2)=0.500000,7000.0,573.15,0.5,26.27764,0.5,0.5,0.1666667,0.5,0.3333333,0.0,0.0,0.0,1587.457,148706.1,0.0,-4999.5,nan,0.0,nan
h2o_co2_hybrid_mrk,X(CO2)=0.500000,8000.0,573.15,0.5,25.52939,0.5,0.5,0.1666667,0.5,0.3333333,0.0,0.0,0.0,2326.929,314437.3,0.0,-4999.5,nan,0.0,nan
h2o_co2_hybrid_mrk,X(CO2)=0.500000,9000.0,573.15,0.5,24.89398,0.5,0.5,0.1666667,0.5,0.3333333,0.0,0.0,0.0,3391.419,655713.7,0.0,-4999.5,nan,0.0,nan
h2o_co2_hybrid_mrk,X(CO2)=0.500000,10000.0,573.15,0.5,24.34347,0.5,0.5,0.1666667,0.5,0.3333333,0.0,0.0,0.0,4918.823,1352305.0,0.0,-4999.5,nan,0.0,nan
h2o_co2_hybrid_mrk,X(CO2)=0.500000,11000.0,573.15,0.5,23.85892,0.5,0.5,0.1666667,0.5,0.3333333,0.0,0.0,0.0,7104.1,2763686.0,0.0,-4999.5,nan,0.0,nan
h2o_co2_hybrid_mrk,X(CO2)=0.500000,12000.0,573.15,0.5,23.427,0.5,0.5,0.1666667,0.5,0.3333333,0.0,0.0,0.0,10222.46,5605461.0,0.0,-4999.5,nan,0.0,nan
h2o_co2_hybrid_mrk,X(CO2)=0.500000,13000.0,573.15,0.5,23.03794,0.5,0.5,0.1666667,0.5,0.3333333,0.0,0.0,0.0,14661.87,11296550.0,0.0,-4999.5,nan,0.0,nan
h2o_co2_hybrid_mrk,X(CO2)=0.500000,14000.0,573.15,0.5,22.68443,0.5,0.5,0.1666667,0.5,0.3333333,0.0,0.0,0.0,20968.45,22640600.0,0.0,-4999.5,nan,0.0,nan
h2o_co2_hybrid_mrk,X(CO2)=0.500000,15000.0,573.15,0.5,22.36081,0.5,0.5,0.1666667,0.5,0.3333333,0.0,0.0,0.0,29910.08,45160050.0,0.0,-4999.5,nan,0.0,nan
h2o_co2_hybrid_mrk,X(CO2)=0.500000,16000.0,573.15,0.5,22.06267,0.5,0.5,0.1666667,0.5,0.3333333,0.0,0.0,0.0,42565.14,89702200.0,0.0,-4999.5,nan,0.0,nan
h2o_co2_hybrid_mrk,X(CO2)=0.500000,17000.0,573.15,0.5,21.78647,0.5,0.5,0.1666667,0.5,0.3333333,0.0,0.0,0.0,60446.46,177519600.0,0.0,-4999.5,nan,0.0,nan
h2o_co2_hybrid_mrk,X(CO2)=0.500000,18000.0,573.15,0.5,21.52936,0.5,0.5,0.1666667,0.5,0.3333333,0.0,0.0,0.0,85674.21,350155900.0,0.0,-4999.5,nan,0.0,nan
h2o_co2_hybrid_mrk,X(CO2)=0.500000,19000.0,573.15,0.5,21.28899,0.5,0.5,0.1666667,0.5,0.3333333,0.0,0.0,0.0,121216.8,688648800.0,0.0,-4999.5,nan,0.0,nan
h2o_co2_hybrid_mrk,X(CO2)=0.500000,20000.0,573.15,0.5,21.0634,0.5,0.5,0.1666667,0.5,0.3333333,0.0,0.0,0.0,171226.9,1350773000.0,0.0,-4999.5,nan,0.0,nan
h2o_co2_hybrid_mrk,X(CO2)=0.500000,1000.0,623.15,0.5,49.95693,0.5,0.5,0.1666667,0.5,0.3333333,0.0,0.0,0.0,161.7241,663.1234,0.0,-4999.5,nan,0.0,nan
h2o_co2_hybrid_mrk,X(CO2)=0.500000,2000.0,623.15,0.5,37.65124,0.5,0.5,0.1666667,0.5,0.3333333,0.0,0.0,0.0,255.2649,2123.637,0.0,-4999.5,nan,0.0,nan
h2o_co2_hybrid_mrk,X(CO2)=0.500000,3000.0,623.15,0.5,33.296,0.5,0.5,0.1666667,0.5,0.3333333,0.0,0.0,0.0,389.2495,5364.6,0.0,-4999.5,nan,0.0,nan
h2o_co2_hybrid_mrk,X(CO2)=0.500000,4000.0,623.15,0.5,30.82471,0.5,0.5,0.1666667,0.5,0.3333333,0.0,0.0,0.0,581.3015,12311.16,0.0,-4999.5,nan,0.0,nan
h2o_co2_hybrid_mrk,X(CO2)=0.500000,5000.0,623.15,0.5,29.14705,0.5,0.5,0.1666667,0.5,0.3333333,0.0,0.0,0.0,855.3763,26777.03,0.0,-4999.5,nan,0.0,nan
h2o_co2_hybrid_mrk,X(CO2)=0.500000,6000.0,623.15,0.5,27.89611,0.5,0.5,0.1666667,0.5,0.3333333,0.0,0.0,0.0,1244.685,56255.13,0.0,-4999.5,nan,0.0,nan
h2o_co2_hybrid_mrk,X(CO2)=0.500000,7000.0,623.15,0.5,26.9081,0.5,0.5,0.1666667,0.5,0.3333333,0.0,0.0,0.0,1795.274,115334.4,0.0,-4999.5,nan,0.0,nan
h2o_co2_hybrid_mrk,X(CO2)=0.500000,8000.0,623.15,0.5,26.09684,0.5,0.5,0.1666667,0.5,0.3333333,0.0,0.0,0.0,2570.898,232200.1,0.0,-4999.5,nan,0.0,nan
h2o_co2_hybrid_mrk,X(CO2)=0.500000,9000.0,623.15,0.5,25.41181,0.5,0.5,0.1666667,0.5,0.3333333,0.0,0.0,0.0,3659.681,460945.7,0.0,-4999.5,nan,0.0,nan
h2o_co2_hybrid_mrk,X(CO2)=0.500000,10000.0,623.15,0.5,24.82102,0.5,0.5,0.1666667,0.5,0.3333333,0.0,0.0,0.0,5183.237,904800.8,0.0,-4999.5,nan,0.0,nan
h2o_co2_hybrid_mrk,X(CO2)=0.500000,11000.0,623.15,0.5,24.30303,0.5,0.5,0.1666667,0.5,0.3333333,0.0,0.0,0.0,7309.13,1759800.0,0.0,-4999.5,nan,0.0,nan
h2o_co2_hybrid_mrk,X(CO2)=0.500000,12000.0,623.15,0.5,23.84281,0.5,0.5,0.1666667,0.5,0.3333333,0.0,0.0,0.0,10267.91,3396620.0,0.0,-4999.5,nan,0.0,nan
h2o_co2_hybrid_mrk,X(CO2)=0.500000,13000.0,623.15,0.5,23.42944,0.5,0.5,0.1666667,0.5,0.3333333,0.0,0.0,0.0,14376.36,6513515.0,0.0,-4999.5,nan,0.0,nan
h2o_co2_hybrid_mrk,X(CO2)=0.500000,14000.0,623.15,0.5,23.05477,0.5,0.5,0.1666667,0.5,0.3333333,0.0,0.0,0.0,20069.19,12421390.0,0.0,-4999.5,nan,0.0,nan
h2o_co2_hybrid_mrk,X(CO2)=0.500000,15000.0,623.15,0.5,22.71256,0.5,0.5,0.1666667,0.5,0.3333333,0.0,0.0,0.0,27942.23,23573940.0,0.0,-4999.5,nan,0.0,nan
h2o_co2_hybrid_mrk,X(CO2)=0.500000,16000.0,623.15,0.5,22.39791,0.5,0.5,0.1666667,0.5,0.3333333,0.0,0.0,0.0,38811.3,44551510.0,0.0,-4999.5,nan,0.0,nan
h2o_co2_hybrid_mrk,X(CO2)=0.500000,17000.0,623.15,0.5,22.10695,0.5,0.5,0.1666667,0.5,0.3333333,0.0,0.0,0.0,53792.23,83883350.0,0.0,-4999.5,nan,0.0,nan
h2o_co2_hybrid_mrk,X(CO2)=0.500000,18000.0,623.15,0.5,21.83653,0.5,0.5,0.1666667,0.5,0.3333333,0.0,0.0,0.0,74409.72,157416900.0,0.0,-4999.5,nan,0.0,nan
h2o_co2_hybrid_mrk,X(CO2)=0.500000,19000.0,623.15,0.5,21.5841,0.5,0.5,0.1666667,0.5,0.3333333,0.0,0.0,0.0,102745.3,294537300.0,0.0,-4999.5,nan,0.0,nan
h2o_co2_hybrid_mrk,X(CO2)=0.500000,20000.0,623.15,0.5,21.34753,0.5,0.5,0.1666667,0.5,0.3333333,0.0,0.0,0.0,141638.3,549630200.0,0.0,-4999.5,nan,0.0,nan
h2o_co2_hybrid_mrk,X(CO2)=0.500000,1000.0,673.15,0.5,54.69229,0.5,0.5,0.1666667,0.5,0.3333333,0.0,0.0,0.0,195.1646,661.6765,0.0,-4999.5,nan,0.0,nan
h2o_co2_hybrid_mrk,X(CO2)=0.500000,2000.0,673.15,0.5,39.70791,0.5,0.5,0.1666667,0.5,0.3333333,0.0,0.0,0.0,309.902,2065.93,0.0,-4999.5,nan,0.0,nan
h2o_co2_hybrid_mrk,X(CO2)=0.500000,3000.0,673.15,0.5,34.64063,0.5,0.5,0.1666667,0.5,0.3333333,0.0,0.0,0.0,467.3312,5035.955,0.0,-4999.5,nan,0.0,nan
h2o_co2_hybrid_mrk,X(CO2)=0.500000,4000.0,673.15,0.5,31.84463,0.5,0.5,0.1666667,0.5,0.3333333,0.0,0.0,0.0,687.1648,11115.34,0.0,-4999.5,nan,0.0,nan
h2o_co2_hybrid_mrk,X(CO2)=0.500000,5000.0,673.15,0.5,29.98042,0.5,0.5,0.1666667,0.5,0.3333333,0.0,0.0,0.0,993.685,23219.47,0.0,-4999.5,nan,0.0,nan
h2o_co2_hybrid_mrk,X(CO2)=0.500000,6000.0,673.15,0.5,28.6075,0.5,0.5,0.1666667,0.5,0.3333333,0.0,0.0,0.0,1419.492,46816.87,0.0,-4999.5,nan,0.0,nan
h2o_co2_hybrid_mrk,X(CO2)=0.500000,7000.0,673.15,0.5,27.53294,0.5,0.5,0.1666667,0.5,0.3333333,0.0,0.0,0.0,2008.686,92080.23,0.0,-4999.5,nan,0.0,nan
h2o_co2_hybrid_mrk,X(CO2)=0.500000,8000.0,673.15,0.5,26.6567,0.5,0.5,0.1666667,0.5,0.3333333,0.0,0.0,0.0,2820.936,177795.9,0.0,-4999.5,nan,0.0,nan
h2o_co2_hybrid_mrk,X(CO2)=0.500000,9000.0,673.15,0.5,25.92087,0.5,0.5,0.1666667,0.5,0.3333333,0.0,0.0,0.0,3936.886,338441.7,0.0,-4999.5,nan,0.0,nan
h2o_co2_hybrid_mrk,X(CO2)=0.500000,10000.0,673.15,0.5,25.28911,0.5,0.5,0.1666667,0.5,0.3333333,0.0,0.0,0.0,5465.386,636953.9,0.0,-4999.5,nan,0.0,nan
h2o_co2_hybrid_mrk,X(CO2)=0.500000,11000.0,673.15,0.5,24.73728,0.5,0.5,0.1666667,0.5,0.3333333,0.0,0.0,0.0,7553.14,1187682.0,0.0,-4999.5,nan,0.0,nan
h2o_co2_hybrid_mrk,X(CO2)=0.500000,12000.0,673.15,0.5,24.24856,0.5,0.5,0.1666667,0.5,0.3333333,0.0,0.0,0.0,10397.61,2197537.0,0.0,-4999.5,nan,0.0,nan
h2o_co2_hybrid_mrk,X(CO2)=0.500000,13000.0,673.15,0.5,23.81082,0.5,0.5,0.1666667,0.5,0.3333333,0.0,0.0,0.0,14264.26,4039566.0,0.0,-4999.5,nan,0.0,nan
h2o_co2_hybrid_mrk,X(CO2)=0.500000,14000.0,673.15,0.5,23.41502,0.5,0.5,0.1666667,0.5,0.3333333,0.0,0.0,0.0,19509.49,7384173.0,0.0,-4999.5,nan,0.0,nan
h2o_co2_hybrid_mrk,X(CO2)=0.500000,15000.0,673.15,0.5,23.05428,0.5,0.5,0.1666667,0.5,0.3333333,0.0,0.0,0.0,26611.32,13432670.0,0.0,-4999.5,nan,0.0,nan
h2o_co2_hybrid_mrk,X(CO2)=0.500000,16000.0,673.15,0.5,22.72325,0.5,0.5,0.1666667,0.5,0.3333333,0.0,0.0,0.0,36210.21,24332110.0,0.0,-4999.5,nan,0.0,nan
h2o_co2_hybrid_mrk,X(CO2)=0.500000,17000.0,673.15,0.5,22.41767,0.5,0.5,0.1666667,0.5,0.3333333,0.0,0.0,0.0,49163.38,43910750.0,0.0,-4999.5,nan,0.0,nan
h2o_co2_hybrid_mrk,X(CO2)=0.500000,18000.0,673.15,0.5,22.13412,0.5,0.5,0.1666667,0.5,0.3333333,0.0,0.0,0.0,66617.14,78979890.0,0.0,-4999.5,nan,0.0,nan
h2o_co2_hybrid_mrk,X(CO2)=0.500000,19000.0,673.15,0.5,21.86982,0.5,0.5,0.1666667,0.5,0.3333333,0.0,0.0,0.0,90103.06,141634400.0,0.0,-4999.5,nan,0.0,nan
h2o_co2_hybrid_mrk,X(CO2)=0.500000,20000.0,673.15,0.5,21.62244,0.5,0.5,0.1666667,0.5,0.3333333,0.0,0.0,0.0,121665.7,253312800.0,0.0,-4999.5,nan,0.0,nan
h2o_co2_hybrid_mrk,X(CO2)=0.500000,1000.0,723.15,0.5,59.71996,0.5,0.5,0.1666667,0.5,0.3333333,0.0,0.0,0.0,227.9764,657.7583,0.0,-4999.5,nan,0.0,nan
h2o_co2_hybrid_mrk,X(CO2)=0.500000,2000.0,723.15,0.5,41.85963,0.5,0.5,0.1666667,0.5,0.3333333,0.0,0.0,0.0,366.5361,2005.898,0.0,-4999.5,nan,0.0,nan
h2o_co2_hybrid_mrk,X(CO2)=0.500000,3000.0,723.15,0.5,36.02653,0.5,0.5,0.1666667,0.5,0.3333333,0.0,0.0,0.0,548.8215,4740.771,0.0,-4999.5,nan,0.0,nan
h2o_co2_hybrid_mrk,X(CO2)=0.500000,4000.0,723.15,0.5,32.88304,0.5,0.5,0.1666667,0.5,0.3333333,0.0,0.0,0.0,797.3198,10117.8,0.0,-4999.5,nan,0.0,nan
h2o_co2_hybrid_mrk,X(CO2)=0.500000,5000.0,723.15,0.5,30.82096,0.5,0.5,0.1666667,0.5,0.3333333,0.0,0.0,0.0,1136.741,20412.37,0.0,-4999.5,nan,0.0,nan
h2o_co2_hybrid_mrk,X(CO2)=0.500000,6000.0,723.15,0.5,29.31988,0.5,0.5,0.1666667,0.5,0.3333333,0.0,0.0,0.0,1599.159,39723.81,0.0,-4999.5,nan,0.0,nan
h2o_co2_hybrid_mrk,X(CO2)=0.500000,7000.0,723.15,0.5,28.15513,0.5,0.5,0.1666667,0.5,0.3333333,0.0,0.0,0.0,2226.976,75381.62,0.0,-4999.5,nan,0.0,nan
h2o_co2_hybrid_mrk,X(CO2)=0.500000,8000.0,723.15,0.5,27.21171,0.5,0.5,0.1666667,0.5,0.3333333,0.0,0.0,0.0,3076.406,140401.8,0.0,-4999.5,nan,0.0,nan
h2o_co2_hybrid_mrk,X(CO2)=0.500000,9000.0,723.15,0.5,26.42368,0.5,0.5,0.1666667,0.5,0.3333333,0.0,0.0,0.0,4221.951,257763.3,0.0,-4999.5,nan,0.0,nan
h2o_co2_hybrid_mrk,X(CO2)=0.500000,10000.0,723.15,0.5,25.75009,0.5,0.5,0.1666667,0.5,0.3333333,0.0,0.0,0.0,5762.242,467827.5,0.0,-4999.5,nan,0.0,nan
h2o_co2_hybrid_mrk,X(CO2)=0.500000,11000.0,723.15,0.5,25.16387,0.5,0.5,0.1666667,0.5,0.3333333,0.0,0.0,0.0,7827.697,841172.9,0.0,-4999.5,nan,0.0,nan
h2o_co2_hybrid_mrk,X(CO2)=0.500000,12000.0,723.15,0.5,24.64633,0.5,0.5,0.1666667,0.5,0.3333333,0.0,0.0,0.0,10590.55,1500736.0,0.0,-4999.5,nan,0.0,nan
h2o_co2_hybrid_mrk,X(CO2)=0.500000,13000.0,723.15,0.5,24.18402,0.5,0.5,0.1666667,0.5,0.3333333,0.0,0.0,0.0,14278.01,2659908.0,0.0,-4999.5,nan,0.0,nan
h2o_co2_hybrid_mrk,X(CO2)=0.500000,14000.0,723.15,0.5,23.76702,0.5,0.5,0.1666667,0.5,0.3333333,0.0,0.0,0.0,19189.42,4687950.0,0.0,-4999.5,nan,0.0,nan
h2o_co2_hybrid_mrk,X(CO2)=0.500000,15000.0,723.15,0.5,23.38775,0.5,0.5,0.1666667,0.5,0.3333333,0.0,0.0,0.0,25718.81,8222068.0,0.0,-4999.5,nan,0.0,nan
h2o_co2_hybrid_mrk,X(CO2)=0.500000,16000.0,723.15,0.5,23.04037,0.5,0.5,0.1666667,0.5,0.3333333,0.0,0.0,0.0,34384.26,14359080.0,0.0,-4999.5,nan,0.0,nan
h2o_co2_hybrid_mrk,X(CO2)=0.500000,17000.0,723.15,0.5,22.72024,0.5,0.5,0.1666667,0.5,0.3333333,0.0,0.0,0.0,45866.4,24982640.0,0.0,-4999.5,nan,0.0,nan
h2o_co2_hybrid_mrk,X(CO2)=0.500000,18000.0,723.15,0.5,22.42366,0.5,0.5,0.1666667,0.5,0.3333333,0.0,0.0,0.0,61058.51,43320970.0,0.0,-4999.5,nan,0.0,nan
h2o_co2_hybrid_mrk,X(CO2)=0.500000,19000.0,723.15,0.5,22.14758,0.5,0.5,0.1666667,0.5,0.3333333,0.0,0.0,0.0,81132.11,74896130.0,0.0,-4999.5,nan,0.0,nan
h2o_co2_hybrid_mrk,X(CO2)=0.500000,20000.0,723.15,0.5,21.88953,0.5,0.5,0.1666667,0.5,0.3333333,0.0,0.0,0.0,107622.3,129137400.0,0.0,-4999.5,nan,0.0,nan
h2o_co2_hybrid_mrk,X(CO2)=0.500000,1000.0,773.15,0.5,65.01301,0.5,0.5,0.1666667,0.5,0.3333333,0.0,0.0,0.0,259.2718,652.9146,0.0,-4999.5,nan,0.0,nan
h2o_co2_hybrid_mrk,X(CO2)=0.500000,2000.0,773.15,0.5,44.103,0.5,0.5,0.1666667,0.5,0.3333333,0.0,0.0,0.0,423.962,1947.401,0.0,-4999.5,nan,0.0,nan
h2o_co2_hybrid_mrk,X(CO2)=0.500000,3000.0,773.15,0.5,37.45504,0.5,0.5,0.1666667,0.5,0.3333333,0.0,0.0,0.0,632.3595,4479.069,0.0,-4999.5,nan,0.0,nan
h2o_co2_hybrid_mrk,X(CO2)=0.500000,4000.0,773.15,0.5,33.94253,0.5,0.5,0.1666667,0.5,0.3333333,0.0,0.0,0.0,910.222,9282.643,0.0,-4999.5,nan,0.0,nan
h2o_co2_hybrid_mrk,X(CO2)=0.500000,5000.0,773.15,0.5,31.67149,0.5,0.5,0.1666667,0.5,0.3333333,0.0,0.0,0.0,1282.798,18167.34,0.0,-4999.5,nan,0.0,nan
h2o_co2_hybrid_mrk,X(CO2)=0.500000,6000.0,773.15,0.5,30.03598,0.5,0.5,0.1666667,0.5,0.3333333,0.0,0.0,0.0,1781.708,34279.32,0.0,-4999.5,nan,0.0,nan
h2o_co2_hybrid_mrk,X(CO2)=0.500000,7000.0,773.15,0.5,28.77729,0.5,0.5,0.1666667,0.5,0.3333333,0.0,0.0,0.0,2447.855,63051.67,0.0,-4999.5,nan,0.0,nan
h2o_co2_hybrid_mrk,X(CO2)=0.500000,8000.0,773.15,0.5,27.76432,0.5,0.5,0.1666667,0.5,0.3333333,0.0,0.0,0.0,3334.476,113807.1,0.0,-4999.5,nan,0.0,nan
h2o_co2_hybrid_mrk,X(CO2)=0.500000,9000.0,773.15,0.5,26.92258,0.5,0.5,0.1666667,0.5,0.3333333,0.0,0.0,0.0,4510.905,202454.5,0.0,-4999.5,nan,0.0,nan
h2o_co2_hybrid_mrk,X(CO2)=0.500000,10000.0,773.15,0.5,26.20614,0.5,0.5,0.1666667,0.5,0.3333333,0.0,0.0,0.0,6067.39,356010.6,0.0,-4999.5,nan,0.0,nan
h2o_co2_hybrid_mrk,X(CO2)=0.500000,11000.0,773.15,0.5,25.58488,0.5,0.5,0.1666667,0.5,0.3333333,0.0,0.0,0.0,8121.281,620162.1,0.0,-4999.5,nan,0.0,nan
h2o_co2_hybrid_mrk,X(CO2)=0.500000,12000.0,773.15,0.5,25.03808,0.5,0.5,0.1666667,0.5,0.3333333,0.0,0.0,0.0,10825.0,1071880.0,0.0,-4999.5,nan,0.0,nan
h2o_co2_hybrid_mrk,X(CO2)=0.500000,13000.0,773.15,0.5,24.55094,0.5,0.5,0.1666667,0.5,0.3333333,0.0,0.0,0.0,14376.3,1840410.0,0.0,-4999.5,nan,0.0,nan
h2o_co2_hybrid_mrk,X(CO2)=0.500000,14000.0,773.15,0.5,24.11255,0.5,0.5,0.1666667,0.5,0.3333333,0.0,0.0,0.0,19031.5,3142134.0,0.0,-4999.5,nan,0.0,nan
h2o_co2_hybrid_mrk,X(CO2)=0.500000,15000.0,773.15,0.5,23.71466,0.5,0.5,0.1666667,0.5,0.3333333,0.0,0.0,0.0,25122.47,5338349.0,0.0,-4999.5,nan,0.0,nan
h2o_co2_hybrid_mrk,X(CO2)=0.500000,16000.0,773.15,0.5,23.3509,0.5,0.5,0.1666667,0.5,0.3333333,0.0,0.0,0.0,33078.47,9030855.0,0.0,-4999.5,nan,0.0,nan
h2o_co2_hybrid_mrk,X(CO2)=0.500000,17000.0,773.15,0.5,23.01623,0.5,0.5,0.1666667,0.5,0.3333333,0.0,0.0,0.0,43454.32,15219860.0,0.0,-4999.5,nan,0.0,nan
h2o_co2_hybrid_mrk,X(CO2)=0.500000,18000.0,773.15,0.5,22.70664,0.5,0.5,0.1666667,0.5,0.3333333,0.0,0.0,0.0,56966.42,25564380.0,0.0,-4999.5,nan,0.0,nan
h2o_co2_hybrid_mrk,X(CO2)=0.500000,19000.0,773.15,0.5,22.41886,0.5,0.5,0.1666667,0.5,0.3333333,0.0,0.0,0.0,74539.15,42811150.0,0.0,-4999.5,nan,0.0,nan
h2o_co2_hybrid_mrk,X(CO2)=0.500000,20000.0,773.15,0.5,22.1502,0.5,0.5,0.1666667,0.5,0.3333333,0.0,0.0,0.0,97364.27,71500060.0,0.0,-4999.5,nan,0.0,nan
h2o_co2_hybrid_mrk,X(CO2)=0.500000,1000.0,823.15,0.5,70.38473,0.5,0.5,0.1666667,0.5,0.3333333,0.0,0.0,0.0,288.4511,647.8752,0.0,-4999.5,nan,0.0,nan
h2o_co2_hybrid_mrk,X(CO2)=0.500000,2000.0,823.15,0.5,46.43396,0.5,0.5,0.1666667,0.5,0.3333333,0.0,0.0,0.0,480.9808,1892.256,0.0,-4999.5,nan,0.0,nan
h2o_co2_hybrid_mrk,X(CO2)=0.500000,3000.0,823.15,0.5,38.92675,0.5,0.5,0.1666667,0.5,0.3333333,0.0,0.0,0.0,716.462,4248.105,0.0,-4999.5,nan,0.0,nan
h2o_co2_hybrid_mrk,X(CO2)=0.500000,4000.0,823.15,0.5,35.02496,0.5,0.5,0.1666667,0.5,0.3333333,0.0,0.0,0.0,1024.093,8578.715,0.0,-4999.5,nan,0.0,nan
h2o_co2_hybrid_mrk,X(CO2)=0.500000,5000.0,823.15,0.5,32.53419,0.5,0.5,0.1666667,0.5,0.3333333,0.0,0.0,0.0,1429.743,16346.63,0.0,-4999.5,nan,0.0,nan
h2o_co2_hybrid_mrk,X(CO2)=0.500000,6000.0,823.15,0.5,30.75802,0.5,0.5,0.1666667,0.5,0.3333333,0.0,0.0,0.0,1964.635,30016.74,0.0,-4999.5,nan,0.0,nan
h2o_co2_hybrid_mrk,X(CO2)=0.500000,7000.0,823.15,0.5,29.40155,0.5,0.5,0.1666667,0.5,0.3333333,0.0,0.0,0.0,2668.316,53716.7,0.0,-4999.5,nan,0.0,nan
h2o_co2_hybrid_mrk,X(CO2)=0.500000,8000.0,823.15,0.5,28.31658,0.5,0.5,0.1666667,0.5,0.3333333,0.0,0.0,0.0,3591.391,94317.55,0.0,-4999.5,nan,0.0,nan
h2o_co2_hybrid_mrk,X(CO2)=0.500000,9000.0,823.15,0.5,27.41951,0.5,0.5,0.1666667,0.5,0.3333333,0.0,0.0,0.0,4798.745,163197.5,0.0,-4999.5,nan,0.0,nan
h2o_co2_hybrid_mrk,X(CO2)=0.500000,10000.0,823.15,0.5,26.65913,0.5,0.5,0.1666667,0.5,0.3333333,0.0,0.0,0.0,6373.57,279112.2,0.0,-4999.5,nan,0.0,nan
h2o_co2_hybrid_mrk,X(CO2)=0.500000,11000.0,823.15,0.5,26.00207,0.5,0.5,0.1666667,0.5,0.3333333,0.0,0.0,0.0,8422.447,472854.4,0.0,-4999.5,nan,0.0,nan
h2o_co2_hybrid_mrk,X(CO2)=0.500000,12000.0,823.15,0.5,25.4255,0.5,0.5,0.1666667,0.5,0.3333333,0.0,0.0,0.0,11081.79,794798.6,0.0,-4999.5,nan,0.0,nan
h2o_co2_hybrid_mrk,X(CO2)=0.500000,13000.0,823.15,0.5,24.91317,0.5,0.5,0.1666667,0.5,0.3333333,0.0,0.0,0.0,14526.02,1327093.0,0.0,-4999.5,nan,0.0,nan
h2o_co2_hybrid_mrk,X(CO2)=0.500000,14000.0,823.15,0.5,24.45316,0.5,0.5,0.1666667,0.5,0.3333333,0.0,0.0,0.0,18977.94,2203317.0,0.0,-4999.5,nan,0.0,nan
h2o_co2_hybrid_mrk,X(CO2)=0.500000,15000.0,823.15,0.5,24.0365,0.5,0.5,0.1666667,0.5,0.3333333,0.0,0.0,0.0,24721.9,3640128.0,0.0,-4999.5,nan,0.0,nan
h2o_co2_hybrid_mrk,X(CO2)=0.500000,16000.0,823.15,0.5,23.65626,0.5,0.5,0.1666667,0.5,0.3333333,0.0,0.0,0.0,32120.4,5988107.0,0.0,-4999.5,nan,0.0,nan
h2o_co2_hybrid_mrk,X(CO2)=0.500000,17000.0,823.15,0.5,23.307,0.5,0.5,0.1666667,0.5,0.3333333,0.0,0.0,0.0,41635.3,9813345.0,0.0,-4999.5,nan,0.0,nan
h2o_co2_hybrid_mrk,X(CO2)=0.500000,18000.0,823.15,0.5,22.98438,0.5,0.5,0.1666667,0.5,0.3333333,0.0,0.0,0.0,53854.45,16028140.0,0.0,-4999.5,nan,0.0,nan
h2o_co2_hybrid_mrk,X(CO2)=0.500000,19000.0,823.15,0.5,22.6849,0.5,0.5,0.1666667,0.5,0.3333333,0.0,0.0,0.0,69525.57,26100150.0,0.0,-4999.5,nan,0.0,nan
h2o_co2_hybrid_mrk,X(CO2)=0.500000,20000.0,823.15,0.5,22.40566,0.5,0.5,0.1666667,0.5,0.3333333,0.0,0.0,0.0,89598.99,42386500.0,0.0,-4999.5,nan,0.0,nan
h2o_co2_hybrid_mrk,X(CO2)=0.500000,1000.0,873.15,0.5,75.60282,0.5,0.5,0.1666667,0.5,0.3333333,0.0,0.0,0.0,315.1867,642.9439,0.0,-4999.5,nan,0.0,nan
h2o_co2_hybrid_mrk,X(CO2)=0.500000,2000.0,873.15,0.5,48.84309,0.5,0.5,0.1666667,0.5,0.3333333,0.0,0.0,0.0,536.516,1841.19,0.0,-4999.5,nan,0.0,nan
h2o_co2_hybrid_mrk,X(CO2)=0.500000,3000.0,873.15,0.5,40.44165,0.5,0.5,0.1666667,0.5,0.3333333,0.0,0.0,0.0,799.6757,4044.352,0.0,-4999.5,nan,0.0,nan
h2o_co2_hybrid_mrk,X(CO2)=0.500000,4000.0,873.15,0.5,36.13175,0.5,0.5,0.1666667,0.5,0.3333333,0.0,0.0,0.0,1137.123,7980.8,0.0,-4999.5,nan,0.0,nan
h2o_co2_hybrid_mrk,X(CO2)=0.500000,5000.0,873.15,0.5,33.41085,0.5,0.5,0.1666667,0.5,0.3333333,0.0,0.0,0.0,1575.382,14850.28,0.0,-4999.5,nan,0.0,nan
h2o_co2_hybrid_mrk,X(CO2)=0.500000,6000.0,873.15,0.5,31.48782,0.5,0.5,0.1666667,0.5,0.3333333,0.0,0.0,0.0,2145.304,26619.14,0.0,-4999.5,nan,0.0,nan
h2o_co2_hybrid_mrk,X(CO2)=0.500000,7000.0,873.15,0.5,30.02971,0.5,0.5,0.1666667,0.5,0.3333333,0.0,0.0,0.0,2885.179,46491.08,0.0,-4999.5,nan,0.0,nan
h2o_co2_hybrid_mrk,X(CO2)=0.500000,8000.0,873.15,0.5,28.87021,0.5,0.5,0.1666667,0.5,0.3333333,0.0,0.0,0.0,3843.232,79656.83,0.0,-4999.5,nan,0.0,nan
h2o_co2_hybrid_mrk,X(CO2)=0.500000,9000.0,873.15,0.5,27.9161,0.5,0.5,0.1666667,0.5,0.3333333,0.0,0.0,0.0,5080.431,134485.2,0.0,-4999.5,nan,0.0,nan
h2o_co2_hybrid_mrk,X(CO2)=0.500000,10000.0,873.15,0.5,27.11061,0.5,0.5,0.1666667,0.5,0.3333333,0.0,0.0,0.0,6673.886,224410.3,0.0,-4999.5,nan,0.0,nan
h2o_co2_hybrid_mrk,X(CO2)=0.500000,11000.0,873.15,0.5,26.41693,0.5,0.5,0.1666667,0.5,0.3333333,0.0,0.0,0.0,8721.087,370915.3,0.0,-4999.5,nan,0.0,nan
h2o_co2_hybrid_mrk,X(CO2)=0.500000,12000.0,873.15,0.5,25.81,0.5,0.5,0.1666667,0.5,0.3333333,0.0,0.0,0.0,11345.19,608237.6,0.0,-4999.5,nan,0.0,nan
h2o_co2_hybrid_mrk,X(CO2)=0.500000,13000.0,873.15,0.5,25.27207,0.5,0.5,0.1666667,0.5,0.3333333,0.0,0.0,0.0,14701.62,990775.5,0.0,-4999.5,nan,0.0,nan
h2o_co2_hybrid_mrk,X(CO2)=0.500000,14000.0,873.15,0.5,24.79015,0.5,0.5,0.1666667,0.5,0.3333333,0.0,0.0,0.0,18986.39,1604724.0,0.0,-4999.5,nan,0.0,nan
h2o_co2_hybrid_mrk,X(CO2)=0.500000,15000.0,873.15,0.5,24.3545,0.5,0.5,0.1666667,0.5,0.3333333,0.0,0.0,0.0,24446.42,2586324.0,0.0,-4999.5,nan,0.0,nan
h2o_co2_hybrid_mrk,X(CO2)=0.500000,16000.0,873.15,0.5,23.95764,0.5,0.5,0.1666667,0.5,0.3333333,0.0,0.0,0.0,31392.53,4150434.0,0.0,-4999.5,nan,0.0,nan
h2o_co2_hybrid_mrk,X(CO2)=0.500000,17000.0,873.15,0.5,23.59369,0.5,0.5,0.1666667,0.5,0.3333333,0.0,0.0,0.0,40215.65,6635208.0,0.0,-4999.5,nan,0.0,nan
h2o_co2_hybrid_mrk,X(CO2)=0.500000,18000.0,873.15,0.5,23.258,0.5,0.5,0.1666667,0.5,0.3333333,0.0,0.0,0.0,51407.09,10571840.0,0.0,-4999.5,nan,0.0,nan
h2o_co2_hybrid_mrk,X(CO2)=0.500000,19000.0,873.15,0.5,22.94678,0.5,0.5,0.1666667,0.5,0.3333333,0.0,0.0,0.0,65583.84,16793360.0,0.0,-4999.5,nan,0.0,nan
h2o_co2_hybrid_mrk,X(CO2)=0.500000,20000.0,873.15,0.5,22.65695,0.5,0.5,0.1666667,0.5,0.3333333,0.0,0.0,0.0,83520.22,26604010.0,0.0,-4999.5,nan,0.0,nan
h2o_co2_hybrid_mrk,X(CO2)=0.500000,1000.0,923.15,0.5,80.7412,0.5,0.5,0.1666667,0.5,0.3333333,0.0,0.0,0.0,339.3647,638.2244,0.0,-4999.5,nan,0.0,nan
h2o_co2_hybrid_mrk,X(CO2)=0.500000,2000.0,923.15,0.5,51.31068,0.5,0.5,0.1666667,0.5,0.3333333,0.0,0.0,0.0,589.685,1794.353,0.0,-4999.5,nan,0.0,nan
h2o_co2_hybrid_mrk,X(CO2)=0.500000,3000.0,923.15,0.5,41.99849,0.5,0.5,0.1666667,0.5,0.3333333,0.0,0.0,0.0,880.6901,3864.309,0.0,-4999.5,nan,0.0,nan
h2o_co2_hybrid_mrk,X(CO2)=0.500000,4000.0,923.15,0.5,37.26399,0.5,0.5,0.1666667,0.5,0.3333333,0.0,0.0,0.0,1247.625,7468.966,0.0,-4999.5,nan,0.0,nan
h2o_co2_hybrid_mrk,X(CO2)=0.500000,5000.0,923.15,0.5,34.30299,0.5,0.5,0.1666667,0.5,0.3333333,0.0,0.0,0.0,1717.636,13605.41,0.0,-4999.5,nan,0.0,nan
h2o_co2_hybrid_mrk,X(CO2)=0.500000,6000.0,923.15,0.5,32.227,0.5,0.5,0.1666667,0.5,0.3333333,0.0,0.0,0.0,2321.21,23867.39,0.0,-4999.5,nan,0.0,nan
h2o_co2_hybrid_mrk,X(CO2)=0.500000,7000.0,923.15,0.5,30.66333,0.5,0.5,0.1666667,0.5,0.3333333,0.0,0.0,0.0,3095.438,40788.46,0.0,-4999.5,nan,0.0,nan
h2o_co2_hybrid_mrk,X(CO2)=0.500000,8000.0,923.15,0.5,29.42669,0.5,0.5,0.1666667,0.5,0.3333333,0.0,0.0,0.0,4086.356,68375.13,0.0,-4999.5,nan,0.0,nan
h2o_co2_hybrid_mrk,X(CO2)=0.500000,9000.0,923.15,0.5,28.41377,0.5,0.5,0.1666667,0.5,0.3333333,0.0,0.0,0.0,5351.406,112933.9,0.0,-4999.5,nan,0.0,nan
h2o_co2_hybrid_mrk,X(CO2)=0.500000,10000.0,923.15,0.5,27.56192,0.5,0.5,0.1666667,0.5,0.3333333,0.0,0.0,0.0,6962.353,184350.6,0.0,-4999.5,nan,0.0,nan
h2o_co2_hybrid_mrk,X(CO2)=0.500000,11000.0,923.15,0.5,26.83074,0.5,0.5,0.1666667,0.5,0.3333333,0.0,0.0,0.0,9008.852,298065.9,0.0,-4999.5,nan,0.0,nan
h2o_co2_hybrid_mrk,X(CO2)=0.500000,12000.0,923.15,0.5,26.19281,0.5,0.5,0.1666667,0.5,0.3333333,0.0,0.0,0.0,11602.83,478117.7,0.0,-4999.5,nan,0.0,nan
h2o_co2_hybrid_mrk,X(CO2)=0.500000,13000.0,923.15,0.5,25.6288,0.5,0.5,0.1666667,0.5,0.3333333,0.0,0.0,0.0,14883.92,761819.1,0.0,-4999.5,nan,0.0,nan
h2o_co2_hybrid_mrk,X(CO2)=0.500000,14000.0,923.15,0.5,25.12462,0.5,0.5,0.1666667,0.5,0.3333333,0.0,0.0,0.0,19026.16,1206939.0,0.0,-4999.5,nan,0.0,nan
h2o_co2_hybrid_mrk,X(CO2)=0.500000,15000.0,923.15,0.5,24.66973,0.5,0.5,0.1666667,0.5,0.3333333,0.0,0.0,0.0,24246.29,1902702.0,0.0,-4999.5,nan,0.0,nan
h2o_co2_hybrid_mrk,X(CO2)=0.500000,16000.0,923.15,0.5,24.25606,0.5,0.5,0.1666667,0.5,0.3333333,0.0,0.0,0.0,30814.06,2986621.0,0.0,-4999.5,nan,0.0,nan
h2o_co2_hybrid_mrk,X(CO2)=0.500000,17000.0,923.15,0.5,23.87729,0.5,0.5,0.1666667,0.5,0.3333333,0.0,0.0,0.0,39064.83,4670211.0,0.0,-4999.5,nan,0.0,nan
h2o_co2_hybrid_mrk,X(CO2)=0.500000,18000.0,923.15,0.5,23.52842,0.5,0.5,0.1666667,0.5,0.3333333,0.0,0.0,0.0,49415.32,7278224.0,0.0,-4999.5,nan,0.0,nan
h2o_co2_hybrid_mrk,X(CO2)=0.500000,19000.0,923.15,0.5,23.2054,0.5,0.5,0.1666667,0.5,0.3333333,0.0,0.0,0.0,62382.93,11308440.0,0.0,-4999.5,nan,0.0,nan
h2o_co2_hybrid_mrk,X(CO2)=0.500000,20000.0,923.15,0.5,22.90494,0.5,0.5,0.1666667,0.5,0.3333333,0.0,0.0,0.0,78609.65,17522700.0,0.0,-4999.5,nan,0.0,nan
h2o_co2_hybrid_mrk,X(CO2)=0.500000,1000.0,973.15,0.5,85.90275,0.5,0.5,0.1666667,0.5,0.3333333,0.0,0.0,0.0,361.0177,633.7372,0.0,-4999.5,nan,0.0,nan
h2o_co2_hybrid_mrk,X(CO2)=0.500000,2000.0,973.15,0.5,53.81033,0.5,0.5,0.1666667,0.5,0.3333333,0.0,0.0,0.0,639.829,1751.599,0.0,-4999.5,nan,0.0,nan
h2o_co2_hybrid_mrk,X(CO2)=0.500000,3000.0,973.15,0.5,43.59369,0.5,0.5,0.1666667,0.5,0.3333333,0.0,0.0,0.0,958.4066,3704.79,0.0,-4999.5,nan,0.0,nan
h2o_co2_hybrid_mrk,X(CO2)=0.500000,4000.0,973.15,0.5,38.42214,0.5,0.5,0.1666667,0.5,0.3333333,0.0,0.0,0.0,1354.128,7027.566,0.0,-4999.5,nan,0.0,nan
h2o_co2_hybrid_mrk,X(CO2)=0.500000,5000.0,973.15,0.5,35.21193,0.5,0.5,0.1666667,0.5,0.3333333,0.0,0.0,0.0,1854.674,12558.28,0.0,-4999.5,nan,0.0,nan
h2o_co2_hybrid_mrk,X(CO2)=0.500000,6000.0,973.15,0.5,32.97701,0.5,0.5,0.1666667,0.5,0.3333333,0.0,0.0,0.0,2490.141,21607.01,0.0,-4999.5,nan,0.0,nan
h2o_co2_hybrid_mrk,X(CO2)=0.500000,7000.0,973.15,0.5,31.30384,0.5,0.5,0.1666667,0.5,0.3333333,0.0,0.0,0.0,3296.464,36210.59,0.0,-4999.5,nan,0.0,nan
h2o_co2_hybrid_mrk,X(CO2)=0.500000,8000.0,973.15,0.5,29.9874,0.5,0.5,0.1666667,0.5,0.3333333,0.0,0.0,0.0,4317.622,59520.26,0.0,-4999.5,nan,0.0,nan
h2o_co2_hybrid_mrk,X(CO2)=0.500000,9000.0,973.15,0.5,28.9138,0.5,0.5,0.1666667,0.5,0.3333333,0.0,0.0,0.0,5607.839,96390.15,0.0,-4999.5,nan,0.0,nan
h2o_co2_hybrid_mrk,X(CO2)=0.500000,10000.0,973.15,0.5,28.01427,0.5,0.5,0.1666667,0.5,0.3333333,0.0,0.0,0.0,7234.1,154268.2,0.0,-4999.5,nan,0.0,nan
h2o_co2_hybrid_mrk,X(CO2)=0.500000,11000.0,973.15,0.5,27.24462,0.5,0.5,0.1666667,0.5,0.3333333,0.0,0.0,0.0,9279.186,244542.4,0.0,-4999.5,nan,0.0,nan
h2o_co2_hybrid_mrk,X(CO2)=0.500000,12000.0,973.15,0.5,26.57498,0.5,0.5,0.1666667,0.5,0.3333333,0.0,0.0,0.0,11845.35,384571.7,0.0,-4999.5,nan,0.0,nan
h2o_co2_hybrid_mrk,X(CO2)=0.500000,13000.0,973.15,0.5,25.98437,0.5,0.5,0.1666667,0.5,0.3333333,0.0,0.0,0.0,15058.81,600741.8,0.0,-4999.5,nan,0.0,nan
h2o_co2_hybrid_mrk,X(CO2)=0.500000,14000.0,973.15,0.5,25.45754,0.5,0.5,0.1666667,0.5,0.3333333,0.0,0.0,0.0,19075.26,933059.6,0.0,-4999.5,nan,0.0,nan
h2o_co2_hybrid_mrk,X(CO2)=0.500000,15000.0,973.15,0.5,24.98311,0.5,0.5,0.1666667,0.5,0.3333333,0.0,0.0,0.0,24086.6,1442045.0,0.0,-4999.5,nan,0.0,nan
h2o_co2_hybrid_mrk,X(CO2)=0.500000,16000.0,973.15,0.5,24.5524,0.5,0.5,0.1666667,0.5,0.3333333,0.0,0.0,0.0,30329.17,2219060.0,0.0,-4999.5,nan,0.0,nan
h2o_co2_hybrid_mrk,X(CO2)=0.500000,17000.0,973.15,0.5,24.15864,0.5,0.5,0.1666667,0.5,0.3333333,0.0,0.0,0.0,38093.82,3401760.0,0.0,-4999.5,nan,0.0,nan
h2o_co2_hybrid_mrk,X(CO2)=0.500000,18000.0,973.15,0.5,23.79646,0.5,0.5,0.1666667,0.5,0.3333333,0.0,0.0,0.0,47738.25,5197192.0,0.0,-4999.5,nan,0.0,nan
h2o_co2_hybrid_mrk,X(CO2)=0.500000,19000.0,973.15,0.5,23.46155,0.5,0.5,0.1666667,0.5,0.3333333,0.0,0.0,0.0,59702.06,7916271.0,0.0,-4999.5,nan,0.0,nan
h2o_co2_hybrid_mrk,X(CO2)=0.500000,20000.0,973.15,0.5,23.15039,0.5,0.5,0.1666667,0.5,0.3333333,0.0,0.0,0.0,74525.15,12025190.0,0.0,-4999.5,nan,0.0,nan
h2o_co2_hybrid_mrk,X(CO2)=0.500000,1000.0,1023.15,0.5,91.07133,0.5,0.5,0.1666667,0.5,0.3333333,0.0,0.0,0.0,380.2678,629.4742,0.0,-4999.5,nan,0.0,nan
h2o_co2_hybrid_mrk,X(CO2)=0.500000,2000.0,1023.15,0.5,56.32009,0.5,0.5,0.1666667,0.5,0.3333333,0.0,0.0,0.0,686.5076,1712.647,0.0,-4999.5,nan,0.0,nan
h2o_co2_hybrid_mrk,X(CO2)=0.500000,3000.0,1023.15,0.5,45.22086,0.5,0.5,0.1666667,0.5,0.3333333,0.0,0.0,0.0,1031.968,3563.013,0.0,-4999.5,nan,0.0,nan
h2o_co2_hybrid_mrk,X(CO2)=0.500000,4000.0,1023.15,0.5,39.60575,0.5,0.5,0.1666667,0.5,0.3333333,0.0,0.0,0.0,1455.433,6644.285,0.0,-4999.5,nan,0.0,nan
h2o_co2_hybrid_mrk,X(CO2)=0.500000,5000.0,1023.15,0.5,36.13861,0.5,0.5,0.1666667,0.5,0.3333333,0.0,0.0,0.0,1984.977,11668.77,0.0,-4999.5,nan,0.0,nan
h2o_co2_hybrid_mrk,X(CO2)=0.500000,6000.0,1023.15,0.5,33.73913,0.5,0.5,0.1666667,0.5,0.3333333,0.0,0.0,0.0,2650.266,19726.96,0.0,-4999.5,nan,0.0,nan
h2o_co2_hybrid_mrk,X(CO2)=0.500000,7000.0,1023.15,0.5,31.95255,0.5,0.5,0.1666667,0.5,0.3333333,0.0,0.0,0.0,3486.093,32480.38,0.0,-4999.5,nan,0.0,nan
h2o_co2_hybrid_mrk,X(CO2)=0.500000,8000.0,1023.15,0.5,30.55359,0.5,0.5,0.1666667,0.5,0.3333333,0.0,0.0,0.0,4534.491,52449.14,0.0,-4999.5,nan,0.0,nan
h2o_co2_hybrid_mrk,X(CO2)=0.500000,9000.0,1023.15,0.5,29.41738,0.5,0.5,0.1666667,0.5,0.3333333,0.0,0.0,0.0,5846.701,83439.73,0.0,-4999.5,nan,0.0,nan
h2o_co2_hybrid_mrk,X(CO2)=0.500000,10000.0,1023.15,0.5,28.46878,0.5,0.5,0.1666667,0.5,0.3333333,0.0,0.0,0.0,7485.381,131180.3,0.0,-4999.5,nan,0.0,nan
h2o_co2_hybrid_mrk,X(CO2)=0.500000,11000.0,1023.15,0.5,27.65963,0.5,0.5,0.1666667,0.5,0.3333333,0.0,0.0,0.0,9527.192,204262.2,0.0,-4999.5,nan,0.0,nan
h2o_co2_hybrid_mrk,X(CO2)=0.500000,12000.0,1023.15,0.5,26.95751,0.5,0.5,0.1666667,0.5,0.3333333,0.0,0.0,0.0,12065.92,315533.3,0.0,-4999.5,nan,0.0,nan
h2o_co2_hybrid_mrk,X(CO2)=0.500000,13000.0,1023.15,0.5,26.33971,0.5,0.5,0.1666667,0.5,0.3333333,0.0,0.0,0.0,15216.23,484154.9,0.0,-4999.5,nan,0.0,nan
h2o_co2_hybrid_mrk,X(CO2)=0.500000,14000.0,1023.15,0.5,25.78978,0.5,0.5,0.1666667,0.5,0.3333333,0.0,0.0,0.0,19118.22,738635.5,0.0,-4999.5,nan,0.0,nan
h2o_co2_hybrid_mrk,X(CO2)=0.500000,15000.0,1023.15,0.5,25.29547,0.5,0.5,0.1666667,0.5,0.3333333,0.0,0.0,0.0,23942.97,1121298.0,0.0,-4999.5,nan,0.0,nan
h2o_co2_hybrid_mrk,X(CO2)=0.500000,16000.0,1023.15,0.5,24.84747,0.5,0.5,0.1666667,0.5,0.3333333,0.0,0.0,0.0,29899.18,1694844.0,0.0,-4999.5,nan,0.0,nan
h2o_co2_hybrid_mrk,X(CO2)=0.500000,17000.0,1023.15,0.5,24.4385,0.5,0.5,0.1666667,0.5,0.3333333,0.0,0.0,0.0,37241.33,2552003.0,0.0,-4999.5,nan,0.0,nan
h2o_co2_hybrid_mrk,X(CO2)=0.500000,18000.0,1023.15,0.5,24.06286,0.5,0.5,0.1666667,0.5,0.3333333,0.0,0.0,0.0,46279.48,3829673.0,0.0,-4999.5,nan,0.0,nan
h2o_co2_hybrid_mrk,X(CO2)=0.500000,19000.0,1023.15,0.5,23.71592,0.5,0.5,0.1666667,0.5,0.3333333,0.0,0.0,0.0,57391.16,5729647.0,0.0,-4999.5,nan,0.0,nan
h2o_co2_hybrid_mrk,X(CO2)=0.500000,20000.0,1023.15,0.5,23.39396,0.5,0.5,0.1666667,0.5,0.3333333,0.0,0.0,0.0,71035.77,8548942.0,0.0,-4999.5,nan,0.0,nan
h2o_co2_hybrid_mrk,X(CO2)=0.500000,1000.0,1073.15,0.5,96.20612,0.5,0.5,0.1666667,0.5,0.3333333,0.0,0.0,0.0,397.286,625.4202,0.0,-4999.5,nan,0.0,nan
h2o_co2_hybrid_mrk,X(CO2)=0.500000,2000.0,1073.15,0.5,58.82827,0.5,0.5,0.1666667,0.5,0.3333333,0.0,0.0,0.0,729.4729,1677.162,0.0,-4999.5,nan,0.0,nan
h2o_co2_hybrid_mrk,X(CO2)=0.500000,3000.0,1073.15,0.5,46.8719,0.5,0.5,0.1666667,0.5,0.3333333,0.0,0.0,0.0,1100.759,3436.584,0.0,-4999.5,nan,0.0,nan
h2o_co2_hybrid_mrk,X(CO2)=0.500000,4000.0,1073.15,0.5,40.8131,0.5,0.5,0.1666667,0.5,0.3333333,0.0,0.0,0.0,1550.626,6309.369,0.0,-4999.5,nan,0.0,nan
h2o_co2_hybrid_mrk,X(CO2)=0.500000,5000.0,1073.15,0.5,37.08347,0.5,0.5,0.1666667,0.5,0.3333333,0.0,0.0,0.0,2107.365,10906.49,0.0,-4999.5,nan,0.0,nan
h2o_co2_hybrid_mrk,X(CO2)=0.500000,6000.0,1073.15,0.5,34.51441,0.5,0.5,0.1666667,0.5,0.3333333,0.0,0.0,0.0,2800.156,18145.89,0.0,-4999.5,nan,0.0,nan
h2o_co2_hybrid_mrk,X(CO2)=0.500000,7000.0,1073.15,0.5,32.61066,0.5,0.5,0.1666667,0.5,0.3333333,0.0,0.0,0.0,3662.66,29400.72,0.0,-4999.5,nan,0.0,nan
h2o_co2_hybrid_mrk,X(CO2)=0.500000,8000.0,1073.15,0.5,31.12645,0.5,0.5,0.1666667,0.5,0.3333333,0.0,0.0,0.0,4735.04,46716.32,0.0,-4999.5,nan,0.0,nan
h2o_co2_hybrid_mrk,X(CO2)=0.500000,9000.0,1073.15,0.5,29.92564,0.5,0.5,0.1666667,0.5,0.3333333,0.0,0.0,0.0,6065.756,73127.32,0.0,-4999.5,nan,0.0,nan
h2o_co2_hybrid_mrk,X(CO2)=0.500000,10000.0,1073.15,0.5,28.92648,0.5,0.5,0.1666667,0.5,0.3333333,0.0,0.0,0.0,7713.498,113120.2,0.0,-4999.5,nan,0.0,nan
h2o_co2_hybrid_mrk,X(CO2)=0.500000,11000.0,1073.15,0.5,28.07674,0.5,0.5,0.1666667,0.5,0.3333333,0.0,0.0,0.0,9749.426,173307.2,0.0,-4999.5,nan,0.0,nan
h2o_co2_hybrid_mrk,X(CO2)=0.500000,12000.0,1073.15,0.5,27.34131,0.5,0.5,0.1666667,0.5,0.3333333,0.0,0.0,0.0,12259.82,263405.6,0.0,-4999.5,nan,0.0,nan
h2o_co2_hybrid_mrk,X(CO2)=0.500000,13000.0,1073.15,0.5,26.69569,0.5,0.5,0.1666667,0.5,0.3333333,0.0,0.0,0.0,15349.26,397659.3,0.0,-4999.5,nan,0.0,nan
h2o_co2_hybrid_mrk,X(CO2)=0.500000,14000.0,1073.15,0.5,26.12216,0.5,0.5,0.1666667,0.5,0.3333333,0.0,0.0,0.0,19144.41,596899.0,0.0,-4999.5,nan,0.0,nan
h2o_co2_hybrid_mrk,X(CO2)=0.500000,15000.0,1073.15,0.5,25.60759,0.5,0.5,0.1666667,0.5,0.3333333,0.0,0.0,0.0,23798.62,891524.0,0.0,-4999.5,nan,0.0,nan
h2o_co2_hybrid_mrk,X(CO2)=0.500000,16000.0,1073.15,0.5,25.14197,0.5,0.5,0.1666667,0.5,0.3333333,0.0,0.0,0.0,29497.4,1325811.0,0.0,-4999.5,nan,0.0,nan
h2o_co2_hybrid_mrk,X(CO2)=0.500000,17000.0,1073.15,0.5,24.71756,0.5,0.5,0.1666667,0.5,0.3333333,0.0,0.0,0.0,36465.01,1964136.0,0.0,-4999.5,nan,0.0,nan
h2o_co2_hybrid_mrk,X(CO2)=0.500000,18000.0,1073.15,0.5,24.32826,0.5,0.5,0.1666667,0.5,0.3333333,0.0,0.0,0.0,44972.38,2899944.0,0.0,-4999.5,nan,0.0,nan
h2o_co2_hybrid_mrk,X(CO2)=0.500000,19000.0,1073.15,0.5,23.96915,0.5,0.5,0.1666667,0.5,0.3333333,0.0,0.0,0.0,55346.65,4268667.0,0.0,-4999.5,nan,0.0,nan
h2o_co2_hybrid_mrk,X(CO2)=0.500000,20000.0,1073.15,0.5,23.63626,0.5,0.5,0.1666667,0.5,0.3333333,0.0,0.0,0.0,67982.54,6266323.0,0.0,-4999.5,nan,0.0,nan
h2o_co2_hybrid_mrk,X(CO2)=0.500000,1000.0,1123.15,0.5,101.2841,0.5,0.5,0.1666667,0.5,0.3333333,0.0,0.0,0.0,412.2641,621.5618,0.0,-4999.5,nan,0.0,nan
h2o_co2_hybrid_mrk,X(CO2)=0.500000,2000.0,1123.15,0.5,61.33087,0.5,0.5,0.1666667,0.5,0.3333333,0.0,0.0,0.0,768.6337,1644.807,0.0,-4999.5,nan,0.0,nan
h2o_co2_hybrid_mrk,X(CO2)=0.500000,3000.0,1123.15,0.5,48.53875,0.5,0.5,0.1666667,0.5,0.3333333,0.0,0.0,0.0,1164.384,3323.461,0.0,-4999.5,nan,0.0,nan
h2o_co2_hybrid_mrk,X(CO2)=0.500000,4000.0,1123.15,0.5,42.04141,0.5,0.5,0.1666667,0.5,0.3333333,0.0,0.0,0.0,1639.062,6015.027,0.0,-4999.5,nan,0.0,nan
h2o_co2_hybrid_mrk,X(CO2)=0.500000,5000.0,1123.15,0.5,38.04629,0.5,0.5,0.1666667,0.5,0.3333333,0.0,0.0,0.0,2220.985,10248.08,0.0,-4999.5,nan,0.0,nan
h2o_co2_hybrid_mrk,X(CO2)=0.500000,6000.0,1123.15,0.5,35.30357,0.5,0.5,0.1666667,0.5,0.3333333,0.0,0.0,0.0,2938.781,16803.19,0.0,-4999.5,nan,0.0,nan
h2o_co2_hybrid_mrk,X(CO2)=0.500000,7000.0,1123.15,0.5,33.27918,0.5,0.5,0.1666667,0.5,0.3333333,0.0,0.0,0.0,3824.976,26828.51,0.0,-4999.5,nan,0.0,nan
h2o_co2_hybrid_mrk,X(CO2)=0.500000,8000.0,1123.15,0.5,31.70703,0.5,0.5,0.1666667,0.5,0.3333333,0.0,0.0,0.0,4917.932,42006.11,0.0,-4999.5,nan,0.0,nan
h2o_co2_hybrid_mrk,X(CO2)=0.500000,9000.0,1123.15,0.5,30.43961,0.5,0.5,0.1666667,0.5,0.3333333,0.0,0.0,0.0,6263.491,64791.14,0.0,-4999.5,nan,0.0,nan
h2o_co2_hybrid_mrk,X(CO2)=0.500000,10000.0,1123.15,0.5,29.38838,0.5,0.5,0.1666667,0.5,0.3333333,0.0,0.0,0.0,7916.683,98755.1,0.0,-4999.5,nan,0.0,nan
h2o_co2_hybrid_mrk,X(CO2)=0.500000,11000.0,1123.15,0.5,28.49688,0.5,0.5,0.1666667,0.5,0.3333333,0.0,0.0,0.0,9943.669,149077.8,0.0,-4999.5,nan,0.0,nan
h2o_co2_hybrid_mrk,X(CO2)=0.500000,12000.0,1123.15,0.5,27.72725,0.5,0.5,0.1666667,0.5,0.3333333,0.0,0.0,0.0,12424.02,223251.4,0.0,-4999.5,nan,0.0,nan
h2o_co2_hybrid_mrk,X(CO2)=0.500000,13000.0,1123.15,0.5,27.05311,0.5,0.5,0.1666667,0.5,0.3333333,0.0,0.0,0.0,15453.4,332085.6,0.0,-4999.5,nan,0.0,nan
h2o_co2_hybrid_mrk,X(CO2)=0.500000,14000.0,1123.15,0.5,26.45544,0.5,0.5,0.1666667,0.5,0.3333333,0.0,0.0,0.0,19146.79,491142.2,0.0,-4999.5,nan,0.0,nan
h2o_co2_hybrid_mrk,X(CO2)=0.500000,15000.0,1123.15,0.5,25.92017,0.5,0.5,0.1666667,0.5,0.3333333,0.0,0.0,0.0,23642.27,722778.8,0.0,-4999.5,nan,0.0,nan
h2o_co2_hybrid_mrk,X(CO2)=0.500000,16000.0,1123.15,0.5,25.43659,0.5,0.5,0.1666667,0.5,0.3333333,0.0,0.0,0.0,29105.59,1059056.0,0.0,-4999.5,nan,0.0,nan
h2o_co2_hybrid_mrk,X(CO2)=0.500000,17000.0,1123.15,0.5,24.99647,0.5,0.5,0.1666667,0.5,0.3333333,0.0,0.0,0.0,35735.57,1545868.0,0.0,-4999.5,nan,0.0,nan
h2o_co2_hybrid_mrk,X(CO2)=0.500000,18000.0,1123.15,0.5,24.59327,0.5,0.5,0.1666667,0.5,0.3333333,0.0,0.0,0.0,43770.56,2248815.0,0.0,-4999.5,nan,0.0,nan
h2o_co2_hybrid_mrk,X(CO2)=0.500000,19000.0,1123.15,0.5,24.2218,0.5,0.5,0.1666667,0.5,0.3333333,0.0,0.0,0.0,53496.13,3261513.0,0.0,-4999.5,nan,0.0,nan
h2o_co2_hybrid_mrk,X(CO2)=0.500000,20000.0,1123.15,0.5,23.87783,0.5,0.5,0.1666667,0.5,0.3333333,0.0,0.0,0.0,65254.24,4717393.0,0.0,-4999.5,nan,0.0,nan
h2o_co2_hybrid_mrk,X(CO2)=0.500000,1000.0,1173.15,0.5,106.2987,0.5,0.5,0.1666667,0.5,0.3333333,0.0,0.0,0.0,425.3977,617.8882,0.0,-4999.5,nan,0.0,nan
h2o_co2_hybrid_mrk,X(CO2)=0.500000,2000.0,1173.15,0.5,63.82712,0.5,0.5,0.1666667,0.5,0.3333333,0.0,0.0,0.0,804.019,1615.262,0.0,-4999.5,nan,0.0,nan
h2o_co2_hybrid_mrk,X(CO2)=0.500000,3000.0,1173.15,0.5,50.21493,0.5,0.5,0.1666667,0.5,0.3333333,0.0,0.0,0.0,1222.639,3221.912,0.0,-4999.5,nan,0.0,nan
h2o_co2_hybrid_mrk,X(CO2)=0.500000,4000.0,1173.15,0.5,43.28715,0.5,0.5,0.1666667,0.5,0.3333333,0.0,0.0,0.0,1720.343,5754.98,0.0,-4999.5,nan,0.0,nan
h2o_co2_hybrid_mrk,X(CO2)=0.500000,5000.0,1173.15,0.5,39.02617,0.5,0.5,0.1666667,0.5,0.3333333,0.0,0.0,0.0,2325.284,9675.364,0.0,-4999.5,nan,0.0,nan
h2o_co2_hybrid_mrk,X(CO2)=0.500000,6000.0,1173.15,0.5,36.1069,0.5,0.5,0.1666667,0.5,0.3333333,0.0,0.0,0.0,3065.47,15652.95,0.0,-4999.5,nan,0.0,nan
h2o_co2_hybrid_mrk,X(CO2)=0.500000,7000.0,1173.15,0.5,33.95888,0.5,0.5,0.1666667,0.5,0.3333333,0.0,0.0,0.0,3972.285,24657.92,0.0,-4999.5,nan,0.0,nan
h2o_co2_hybrid_mrk,X(CO2)=0.500000,8000.0,1173.15,0.5,32.29628,0.5,0.5,0.1666667,0.5,0.3333333,0.0,0.0,0.0,5082.349,38090.12,0.0,-4999.5,nan,0.0,nan
h2o_co2_hybrid_mrk,X(CO2)=0.500000,9000.0,1173.15,0.5,30.96025,0.5,0.5,0.1666667,0.5,0.3333333,0.0,0.0,0.0,6439.029,57962.28,0.0,-4999.5,nan,0.0,nan
h2o_co2_hybrid_mrk,X(CO2)=0.500000,10000.0,1173.15,0.5,29.8554,0.5,0.5,0.1666667,0.5,0.3333333,0.0,0.0,0.0,8093.953,87159.07,0.0,-4999.5,nan,0.0,nan
h2o_co2_hybrid_mrk,X(CO2)=0.500000,11000.0,1173.15,0.5,28.92094,0.5,0.5,0.1666667,0.5,0.3333333,0.0,0.0,0.0,10108.72,129803.0,0.0,-4999.5,nan,0.0,nan
h2o_co2_hybrid_mrk,X(CO2)=0.500000,12000.0,1173.15,0.5,28.11617,0.5,0.5,0.1666667,0.5,0.3333333,0.0,0.0,0.0,12556.83,191770.3,0.0,-4999.5,nan,0.0,nan
h2o_co2_hybrid_mrk,X(CO2)=0.500000,13000.0,1173.15,0.5,27.41276,0.5,0.5,0.1666667,0.5,0.3333333,0.0,0.0,0.0,15526.04,281417.2,0.0,-4999.5,nan,0.0,nan
h2o_co2_hybrid_mrk,X(CO2)=0.500000,14000.0,1173.15,0.5,26.79036,0.5,0.5,0.1666667,0.5,0.3333333,0.0,0.0,0.0,19121.02,410600.7,0.0,-4999.5,nan,0.0,nan
h2o_co2_hybrid_mrk,X(CO2)=0.500000,15000.0,1173.15,0.5,26.2339,0.5,0.5,0.1666667,0.5,0.3333333,0.0,0.0,0.0,23466.59,596113.0,0.0,-4999.5,nan,0.0,nan
h2o_co2_hybrid_mrk,X(CO2)=0.500000,16000.0,1173.15,0.5,25.73199,0.5,0.5,0.1666667,0.5,0.3333333,0.0,0.0,0.0,28711.49,861692.1,0.0,-4999.5,nan,0.0,nan
h2o_co2_hybrid_mrk,X(CO2)=0.500000,17000.0,1173.15,0.5,25.27582,0.5,0.5,0.1666667,0.5,0.3333333,0.0,0.0,0.0,35032.87,1240839.0,0.0,-4999.5,nan,0.0,nan
h2o_co2_hybrid_mrk,X(CO2)=0.500000,18000.0,1173.15,0.5,24.85848,0.5,0.5,0.1666667,0.5,0.3333333,0.0,0.0,0.0,42641.6,1780762.0,0.0,-4999.5,nan,0.0,nan
h2o_co2_hybrid_mrk,X(CO2)=0.500000,19000.0,1173.15,0.5,24.47443,0.5,0.5,0.1666667,0.5,0.3333333,0.0,0.0,0.0,51788.55,2547889.0,0.0,-4999.5,nan,0.0,nan
h2o_co2_hybrid_mrk,X(CO2)=0.500000,20000.0,1173.15,0.5,24.11921,0.5,0.5,0.1666667,0.5,0.3333333,0.0,0.0,0.0,62771.99,3635569.0,0.0,-4999.5,nan,0.0,nan
h2o_co2_hybrid_mrk,X(CO2)=0.500000,1000.0,1223.15,0.5,111.2521,0.5,0.5,0.1666667,0.5,0.3333333,0.0,0.0,0.0,436.8757,614.3913,0.0,-4999.5,nan,0.0,nan
h2o_co2_hybrid_mrk,X(CO2)=0.500000,2000.0,1223.15,0.5,66.31694,0.5,0.5,0.1666667,0.5,0.3333333,0.0,0.0,0.0,835.7436,1588.233,0.0,-4999.5,nan,0.0,nan
h2o_co2_hybrid_mrk,X(CO2)=0.500000,3000.0,1223.15,0.5,51.896,0.5,0.5,0.1666667,0.5,0.3333333,0.0,0.0,0.0,1275.473,3130.461,0.0,-4999.5,nan,0.0,nan
h2o_co2_hybrid_mrk,X(CO2)=0.500000,4000.0,1223.15,0.5,44.54674,0.5,0.5,0.1666667,0.5,0.3333333,0.0,0.0,0.0,1794.28,5524.127,0.0,-4999.5,nan,0.0,nan
h2o_co2_hybrid_mrk,X(CO2)=0.500000,5000.0,1223.15,0.5,40.02168,0.5,0.5,0.1666667,0.5,0.3333333,0.0,0.0,0.0,2419.973,9174.023,0.0,-4999.5,nan,0.0,nan
h2o_co2_hybrid_mrk,X(CO2)=0.500000,6000.0,1223.15,0.5,36.92429,0.5,0.5,0.1666667,0.5,0.3333333,0.0,0.0,0.0,3179.872,14659.87,0.0,-4999.5,nan,0.0,nan
h2o_co2_hybrid_mrk,X(CO2)=0.500000,7000.0,1223.15,0.5,34.65025,0.5,0.5,0.1666667,0.5,0.3333333,0.0,0.0,0.0,4104.212,22809.36,0.0,-4999.5,nan,0.0,nan
h2o_co2_hybrid_mrk,X(CO2)=0.500000,8000.0,1223.15,0.5,32.89494,0.5,0.5,0.1666667,0.5,0.3333333,0.0,0.0,0.0,5227.926,34800.03,0.0,-4999.5,nan,0.0,nan
h2o_co2_hybrid_mrk,X(CO2)=0.500000,9000.0,1223.15,0.5,31.48839,0.5,0.5,0.1666667,0.5,0.3333333,0.0,0.0,0.0,6592.029,52301.68,0.0,-4999.5,nan,0.0,nan
h2o_co2_hybrid_mrk,X(CO2)=0.500000,10000.0,1223.15,0.5,30.32839,0.5,0.5,0.1666667,0.5,0.3333333,0.0,0.0,0.0,8244.979,77674.89,0.0,-4999.5,nan,0.0,nan
h2o_co2_hybrid_mrk,X(CO2)=0.500000,11000.0,1223.15,0.5,29.34973,0.5,0.5,0.1666667,0.5,0.3333333,0.0,0.0,0.0,10244.17,114247.7,0.0,-4999.5,nan,0.0,nan
h2o_co2_hybrid_mrk,X(CO2)=0.500000,12000.0,1223.15,0.5,28.50883,0.5,0.5,0.1666667,0.5,0.3333333,0.0,0.0,0.0,12657.62,166700.3,0.0,-4999.5,nan,0.0,nan
h2o_co2_hybrid_mrk,X(CO2)=0.500000,13000.0,1223.15,0.5,27.77537,0.5,0.5,0.1666667,0.5,0.3333333,0.0,0.0,0.0,15565.97,241599.7,0.0,-4999.5,nan,0.0,nan
h2o_co2_hybrid_mrk,X(CO2)=0.500000,14000.0,1223.15,0.5,27.12759,0.5,0.5,0.1666667,0.5,0.3333333,0.0,0.0,0.0,19064.76,348141.3,0.0,-4999.5,nan,0.0,nan
h2o_co2_hybrid_mrk,X(CO2)=0.500000,15000.0,1223.15,0.5,26.54943,0.5,0.5,0.1666667,0.5,0.3333333,0.0,0.0,0.0,23267.16,499176.1,0.0,-4999.5,nan,0.0,nan
h2o_co2_hybrid_mrk,X(CO2)=0.500000,16000.0,1223.15,0.5,26.02876,0.5,0.5,0.1666667,0.5,0.3333333,0.0,0.0,0.0,28307.14,712633.5,0.0,-4999.5,nan,0.0,nan
h2o_co2_hybrid_mrk,X(CO2)=0.500000,17000.0,1223.15,0.5,25.5562,0.5,0.5,0.1666667,0.5,0.3333333,0.0,0.0,0.0,34343.23,1013488.0,0.0,-4999.5,nan,0.0,nan
h2o_co2_hybrid_mrk,X(CO2)=0.500000,18000.0,1223.15,0.5,25.12442,0.5,0.5,0.1666667,0.5,0.3333333,0.0,0.0,0.0,41562.88,1436473.0,0.0,-4999.5,nan,0.0,nan
h2o_co2_hybrid_mrk,X(CO2)=0.500000,19000.0,1223.15,0.5,24.72756,0.5,0.5,0.1666667,0.5,0.3333333,0.0,0.0,0.0,50187.63,2029836.0,0.0,-4999.5,nan,0.0,nan
h2o_co2_hybrid_mrk,X(CO2)=0.500000,20000.0,1223.15,0.5,24.36088,0.5,0.5,0.1666667,0.5,0.3333333,0.0,0.0,0.0,60479.18,2860498.0,0.0,-4999.5,nan,0.0,nan
h2o_co2_hybrid_mrk,X(CO2)=0.500000,1000.0,1273.15,0.5,116.1506,0.5,0.5,0.1666667,0.5,0.3333333,0.0,0.0,0.0,446.8748,611.065,0.0,-4999.5,nan,0.0,nan
h2o_co2_hybrid_mrk,X(CO2)=0.500000,2000.0,1273.15,0.5,68.80028,0.5,0.5,0.1666667,0.5,0.3333333,0.0,0.0,0.0,863.9803,1563.461,0.0,-4999.5,nan,0.0,nan
h2o_co2_hybrid_mrk,X(CO2)=0.500000,3000.0,1273.15,0.5,53.57933,0.5,0.5,0.1666667,0.5,0.3333333,0.0,0.0,0.0,1322.959,3047.854,0.0,-4999.5,nan,0.0,nan
h2o_co2_hybrid_mrk,X(CO2)=0.500000,4000.0,1273.15,0.5,45.81698,0.5,0.5,0.1666667,0.5,0.3333333,0.0,0.0,0.0,1860.856,5318.286,0.0,-4999.5,nan,0.0,nan
h2o_co2_hybrid_mrk,X(CO2)=0.500000,5000.0,1273.15,0.5,41.03104,0.5,0.5,0.1666667,0.5,0.3333333,0.0,0.0,0.0,2504.982,8732.637,0.0,-4999.5,nan,0.0,nan
h2o_co2_hybrid_mrk,X(CO2)=0.500000,6000.0,1273.15,0.5,37.75522,0.5,0.5,0.1666667,0.5,0.3333333,0.0,0.0,0.0,3281.902,13796.47,0.0,-4999.5,nan,0.0,nan
h2o_co2_hybrid_mrk,X(CO2)=0.500000,7000.0,1273.15,0.5,35.3535,0.5,0.5,0.1666667,0.5,0.3333333,0.0,0.0,0.0,4220.7,21222.06,0.0,-4999.5,nan,0.0,nan
h2o_co2_hybrid_mrk,X(CO2)=0.500000,8000.0,1273.15,0.5,33.50356,0.5,0.5,0.1666667,0.5,0.3333333,0.0,0.0,0.0,5354.67,32009.69,0.0,-4999.5,nan,0.0,nan
h2o_co2_hybrid_mrk,X(CO2)=0.500000,9000.0,1273.15,0.5,32.02475,0.5,0.5,0.1666667,0.5,0.3333333,0.0,0.0,0.0,6722.591,47559.68,0.0,-4999.5,nan,0.0,nan
h2o_co2_hybrid_mrk,X(CO2)=0.500000,10000.0,1273.15,0.5,30.80809,0.5,0.5,0.1666667,0.5,0.3333333,0.0,0.0,0.0,8369.954,69826.71,0.0,-4999.5,nan,0.0,nan
h2o_co2_hybrid_mrk,X(CO2)=0.500000,11000.0,1273.15,0.5,29.784,0.5,0.5,0.1666667,0.5,0.3333333,0.0,0.0,0.0,10350.27,101532.2,0.0,-4999.5,nan,0.0,nan
h2o_co2_hybrid_mrk,X(CO2)=0.500000,12000.0,1273.15,0.5,28.90596,0.5,0.5,0.1666667,0.5,0.3333333,0.0,0.0,0.0,12726.56,146455.7,0.0,-4999.5,nan,0.0,nan
h2o_co2_hybrid_mrk,X(CO2)=0.500000,13000.0,1273.15,0.5,28.14162,0.5,0.5,0.1666667,0.5,0.3333333,0.0,0.0,0.0,15573.03,209835.7,0.0,-4999.5,nan,0.0,nan
h2o_co2_hybrid_mrk,X(CO2)=0.500000,14000.0,1273.15,0.5,27.4678,0.5,0.5,0.1666667,0.5,0.3333333,0.0,0.0,0.0,18977.1,298917.0,0.0,-4999.5,nan,0.0,nan
h2o_co2_hybrid_mrk,X(CO2)=0.500000,15000.0,1273.15,0.5,26.86739,0.5,0.5,0.1666667,0.5,0.3333333,0.0,0.0,0.0,23041.63,423702.5,0.0,-4999.5,nan,0.0,nan
h2o_co2_hybrid_mrk,X(CO2)=0.500000,16000.0,1273.15,0.5,26.32749,0.5,0.5,0.1666667,0.5,0.3333333,0.0,0.0,0.0,27887.68,597978.3,0.0,-4999.5,nan,0.0,nan
h2o_co2_hybrid_mrk,X(CO2)=0.500000,17000.0,1273.15,0.5,25.83816,0.5,0.5,0.1666667,0.5,0.3333333,0.0,0.0,0.0,33657.6,840716.5,0.0,-4999.5,nan,0.0,nan
h2o_co2_hybrid_mrk,X(CO2)=0.500000,18000.0,1273.15,0.5,25.39163,0.5,0.5,0.1666667,0.5,0.3333333,0.0,0.0,0.0,40518.69,1177988.0,0.0,-4999.5,nan,0.0,nan
h2o_co2_hybrid_mrk,X(CO2)=0.500000,19000.0,1273.15,0.5,24.98168,0.5,0.5,0.1666667,0.5,0.3333333,0.0,0.0,0.0,48667.51,1645570.0,0.0,-4999.5,nan,0.0,nan
h2o_co2_hybrid_mrk,X(CO2)=0.500000,20000.0,1273.15,0.5,24.60332,0.5,0.5,0.1666667,0.5,0.3333333,0.0,0.0,0.0,58334.86,2292501.0,0.0,-4999.5,nan,0.0,nan
h2o_co2_hybrid_mrk,X(CO2)=0.500000,1000.0,1323.15,0.5,121.001,0.5,0.5,0.1666667,0.5,0.3333333,0.0,0.0,0.0,455.5571,607.9039,0.0,-4999.5,nan,0.0,nan
h2o_co2_hybrid_mrk,X(CO2)=0.500000,2000.0,1323.15,0.5,71.27716,0.5,0.5,0.1666667,0.5,0.3333333,0.0,0.0,0.0,888.9375,1540.714,0.0,-4999.5,nan,0.0,nan
h2o_co2_hybrid_mrk,X(CO2)=0.500000,3000.0,1323.15,0.5,55.26355,0.5,0.5,0.1666667,0.5,0.3333333,0.0,0.0,0.0,1365.258,2973.02,0.0,-4999.5,nan,0.0,nan
h2o_co2_hybrid_mrk,X(CO2)=0.500000,4000.0,1323.15,0.5,47.09531,0.5,0.5,0.1666667,0.5,0.3333333,0.0,0.0,0.0,1920.192,5134.004,0.0,-4999.5,nan,0.0,nan
h2o_co2_hybrid_mrk,X(CO2)=0.500000,5000.0,1323.15,0.5,42.05244,0.5,0.5,0.1666667,0.5,0.3333333,0.0,0.0,0.0,2580.416,8342.011,0.0,-4999.5,nan,0.0,nan
h2o_co2_hybrid_mrk,X(CO2)=0.500000,6000.0,1323.15,0.5,38.59888,0.5,0.5,0.1666667,0.5,0.3333333,0.0,0.0,0.0,3371.692,13041.04,0.0,-4999.5,nan,0.0,nan
h2o_co2_hybrid_mrk,X(CO2)=0.500000,7000.0,1323.15,0.5,36.06854,0.5,0.5,0.1666667,0.5,0.3333333,0.0,0.0,0.0,4321.95,19848.98,0.0,-4999.5,nan,0.0,nan
h2o_co2_hybrid_mrk,X(CO2)=0.500000,8000.0,1323.15,0.5,34.12247,0.5,0.5,0.1666667,0.5,0.3333333,0.0,0.0,0.0,5462.891,29623.12,0.0,-4999.5,nan,0.0,nan
h2o_co2_hybrid_mrk,X(CO2)=0.500000,9000.0,1323.15,0.5,32.56984,0.5,0.5,0.1666667,0.5,0.3333333,0.0,0.0,0.0,6831.167,43549.4,0.0,-4999.5,nan,0.0,nan
h2o_co2_hybrid_mrk,X(CO2)=0.500000,10000.0,1323.15,0.5,31.29513,0.5,0.5,0.1666667,0.5,0.3333333,0.0,0.0,0.0,8469.484,63263.88,0.0,-4999.5,nan,0.0,nan
h2o_co2_hybrid_mrk,X(CO2)=0.500000,11000.0,1323.15,0.5,30.22441,0.5,0.5,0.1666667,0.5,0.3333333,0.0,0.0,0.0,10427.76,91017.96,0.0,-4999.5,nan,0.0,nan
h2o_co2_hybrid_mrk,X(CO2)=0.500000,12000.0,1323.15,0.5,29.30822,0.5,0.5,0.1666667,0.5,0.3333333,0.0,0.0,0.0,12764.43,129902.7,0.0,-4999.5,nan,0.0,nan
h2o_co2_hybrid_mrk,X(CO2)=0.500000,13000.0,1323.15,0.5,28.51217,0.5,0.5,0.1666667,0.5,0.3333333,0.0,0.0,0.0,15547.89,184153.0,0.0,-4999.5,nan,0.0,nan
h2o_co2_hybrid_mrk,X(CO2)=0.500000,14000.0,1323.15,0.5,27.8116,0.5,0.5,0.1666667,0.5,0.3333333,0.0,0.0,0.0,18858.23,259559.9,0.0,-4999.5,nan,0.0,nan
h2o_co2_hybrid_mrk,X(CO2)=0.500000,15000.0,1323.15,0.5,27.18835,0.5,0.5,0.1666667,0.5,0.3333333,0.0,0.0,0.0,22789.2,364028.4,0.0,-4999.5,nan,0.0,nan
h2o_co2_hybrid_mrk,X(CO2)=0.500000,16000.0,1323.15,0.5,26.62874,0.5,0.5,0.1666667,0.5,0.3333333,0.0,0.0,0.0,27450.43,508331.7,0.0,-4999.5,nan,0.0,nan
h2o_co2_hybrid_mrk,X(CO2)=0.500000,17000.0,1323.15,0.5,26.12223,0.5,0.5,0.1666667,0.5,0.3333333,0.0,0.0,0.0,32970.17,707129.5,0.0,-4999.5,nan,0.0,nan
h2o_co2_hybrid_mrk,X(CO2)=0.500000,18000.0,1323.15,0.5,25.66059,0.5,0.5,0.1666667,0.5,0.3333333,0.0,0.0,0.0,39498.26,980343.0,0.0,-4999.5,nan,0.0,nan
h2o_co2_hybrid_mrk,X(CO2)=0.500000,19000.0,1323.15,0.5,25.23726,0.5,0.5,0.1666667,0.5,0.3333333,0.0,0.0,0.0,47209.77,1355007.0,0.0,-4999.5,nan,0.0,nan
h2o_co2_hybrid_mrk,X(CO2)=0.500000,20000.0,1323.15,0.5,24.84696,0.5,0.5,0.1666667,0.5,0.3333333,0.0,0.0,0.0,56309.12,1867769.0,0.0,-4999.5,nan,0.0,nan
h2o_co2_hybrid_mrk,X(CO2)=0.500000,1000.0,1373.15,0.5,125.8105,0.5,0.5,0.1666667,0.5,0.3333333,0.0,0.0,0.0,463.0694,604.903,0.0,-4999.5,nan,0.0,nan
h2o_co2_hybrid_mrk,X(CO2)=0.500000,2000.0,1373.15,0.5,73.74777,0.5,0.5,0.1666667,0.5,0.3333333,0.0,0.0,0.0,910.8423,1519.789,0.0,-4999.5,nan,0.0,nan
h2o_co2_hybrid_mrk,X(CO2)=0.500000,3000.0,1373.15,0.5,56.94811,0.5,0.5,0.1666667,0.5,0.3333333,0.0,0.0,0.0,1402.594,2905.045,0.0,-4999.5,nan,0.0,nan
h2o_co2_hybrid_mrk,X(CO2)=0.500000,4000.0,1373.15,0.5,48.37989,0.5,0.5,0.1666667,0.5,0.3333333,0.0,0.0,0.0,1972.508,4968.409,0.0,-4999.5,nan,0.0,nan
h2o_co2_hybrid_mrk,X(CO2)=0.500000,5000.0,1373.15,0.5,43.08416,0.5,0.5,0.1666667,0.5,0.3333333,0.0,0.0,0.0,2646.521,7994.668,0.0,-4999.5,nan,0.0,nan
h2o_co2_hybrid_mrk,X(CO2)=0.500000,6000.0,1373.15,0.5,39.4543,0.5,0.5,0.1666667,0.5,0.3333333,0.0,0.0,0.0,3449.548,12376.3,0.0,-4999.5,nan,0.0,nan
h2o_co2_hybrid_mrk,X(CO2)=0.500000,7000.0,1373.15,0.5,36.79505,0.5,0.5,0.1666667,0.5,0.3333333,0.0,0.0,0.0,4408.368,18653.24,0.0,-4999.5,nan,0.0,nan
h2o_co2_hybrid_mrk,X(CO2)=0.500000,8000.0,1373.15,0.5,34.75179,0.5,0.5,0.1666667,0.5,0.3333333,0.0,0.0,0.0,5553.138,27566.27,0.0,-4999.5,nan,0.0,nan
h2o_co2_hybrid_mrk,X(CO2)=0.500000,9000.0,1373.15,0.5,33.12405,0.5,0.5,0.1666667,0.5,0.3333333,0.0,0.0,0.0,6918.481,40128.82,0.0,-4999.5,nan,0.0,nan
h2o_co2_hybrid_mrk,X(CO2)=0.500000,10000.0,1373.15,0.5,31.79001,0.5,0.5,0.1666667,0.5,0.3333333,0.0,0.0,0.0,8544.488,57723.8,0.0,-4999.5,nan,0.0,nan
h2o_co2_hybrid_mrk,X(CO2)=0.500000,11000.0,1373.15,0.5,30.67153,0.5,0.5,0.1666667,0.5,0.3333333,0.0,0.0,0.0,10477.74,82233.66,0.0,-4999.5,nan,0.0,nan
h2o_co2_hybrid_mrk,X(CO2)=0.500000,12000.0,1373.15,0.5,29.7162,0.5,0.5,0.1666667,0.5,0.3333333,0.0,0.0,0.0,12772.45,116215.3,0.0,-4999.5,nan,0.0,nan
h2o_co2_hybrid_mrk,X(CO2)=0.500000,13000.0,1373.15,0.5,28.88759,0.5,0.5,0.1666667,0.5,0.3333333,0.0,0.0,0.0,15491.74,163134.7,0.0,-4999.5,nan,0.0,nan
h2o_co2_hybrid_mrk,X(CO2)=0.500000,14000.0,1373.15,0.5,28.15955,0.5,0.5,0.1666667,0.5,0.3333333,0.0,0.0,0.0,18709.11,227681.3,0.0,-4999.5,nan,0.0,nan
h2o_co2_hybrid_mrk,X(CO2)=0.500000,15000.0,1373.15,0.5,27.51286,0.5,0.5,0.1666667,0.5,0.3333333,0.0,0.0,0.0,22510.12,316189.5,0.0,-4999.5,nan,0.0,nan
h2o_co2_hybrid_mrk,X(CO2)=0.500000,16000.0,1373.15,0.5,26.93303,0.5,0.5,0.1666667,0.5,0.3333333,0.0,0.0,0.0,26994.32,437201.8,0.0,-4999.5,nan,0.0,nan
h2o_co2_hybrid_mrk,X(CO2)=0.500000,17000.0,1373.15,0.5,26.4089,0.5,0.5,0.1666667,0.5,0.3333333,0.0,0.0,0.0,32277.52,602221.8,0.0,-4999.5,nan,0.0,nan
h2o_co2_hybrid_mrk,X(CO2)=0.500000,18000.0,1373.15,0.5,25.93178,0.5,0.5,0.1666667,0.5,0.3333333,0.0,0.0,0.0,38494.36,826720.3,0.0,-4999.5,nan,0.0,nan
h2o_co2_hybrid_mrk,X(CO2)=0.500000,19000.0,1373.15,0.5,25.49475,0.5,0.5,0.1666667,0.5,0.3333333,0.0,0.0,0.0,45801.3,1131477.0,0.0,-4999.5,nan,0.0,nan
h2o_co2_hybrid_mrk,X(CO2)=0.500000,20000.0,1373.15,0.5,25.09224,0.5,0.5,0.1666667,0.5,0.3333333,0.0,0.0,0.0,54380.07,1544368.0,0.0,-4999.5,nan,0.0,nan
h2o_co2_hybrid_mrk,X(CO2)=0.500000,1000.0,1423.15,0.5,130.5855,0.5,0.5,0.1666667,0.5,0.3333333,0.0,0.0,0.0,469.5431,602.0576,0.0,-4999.5,nan,0.0,nan
h2o_co2_hybrid_mrk,X(CO2)=0.500000,2000.0,1423.15,0.5,76.21256,0.5,0.5,0.1666667,0.5,0.3333333,0.0,0.0,0.0,929.928,1500.507,0.0,-4999.5,nan,0.0,nan
h2o_co2_hybrid_mrk,X(CO2)=0.500000,3000.0,1423.15,0.5,58.63295,0.5,0.5,0.1666667,0.5,0.3333333,0.0,0.0,0.0,1435.237,2843.144,0.0,-4999.5,nan,0.0,nan
h2o_co2_hybrid_mrk,X(CO2)=0.500000,4000.0,1423.15,0.5,49.6695,0.5,0.5,0.1666667,0.5,0.3333333,0.0,0.0,0.0,2018.103,4819.098,0.0,-4999.5,nan,0.0,nan
h2o_co2_hybrid_mrk,X(CO2)=0.500000,5000.0,1423.15,0.5,44.12474,0.5,0.5,0.1666667,0.5,0.3333333,0.0,0.0,0.0,2703.647,7684.475,0.0,-4999.5,nan,0.0,nan
h2o_co2_hybrid_mrk,X(CO2)=0.500000,6000.0,1423.15,0.5,40.32045,0.5,0.5,0.1666667,0.5,0.3333333,0.0,0.0,0.0,3515.906,11788.3,0.0,-4999.5,nan,0.0,nan
h2o_co2_hybrid_mrk,X(CO2)=0.500000,7000.0,1423.15,0.5,37.53255,0.5,0.5,0.1666667,0.5,0.3333333,0.0,0.0,0.0,4480.516,17605.61,0.0,-4999.5,nan,0.0,nan
h2o_co2_hybrid_mrk,X(CO2)=0.500000,8000.0,1423.15,0.5,35.39146,0.5,0.5,0.1666667,0.5,0.3333333,0.0,0.0,0.0,5626.136,25781.3,0.0,-4999.5,nan,0.0,nan
h2o_co2_hybrid_mrk,X(CO2)=0.500000,9000.0,1423.15,0.5,33.68759,0.5,0.5,0.1666667,0.5,0.3333333,0.0,0.0,0.0,6985.459,37188.61,0.0,-4999.5,nan,0.0,nan
h2o_co2_hybrid_mrk,X(CO2)=0.500000,10000.0,1423.15,0.5,32.29312,0.5,0.5,0.1666667,0.5,0.3333333,0.0,0.0,0.0,8596.113,53006.98,0.0,-4999.5,nan,0.0,nan
h2o_co2_hybrid_mrk,X(CO2)=0.500000,11000.0,1423.15,0.5,31.12582,0.5,0.5,0.1666667,0.5,0.3333333,0.0,0.0,0.0,10501.58,74825.77,0.0,-4999.5,nan,0.0,nan
h2o_co2_hybrid_mrk,X(CO2)=0.500000,12000.0,1423.15,0.5,30.1304,0.5,0.5,0.1666667,0.5,0.3333333,0.0,0.0,0.0,12752.18,104782.2,0.0,-4999.5,nan,0.0,nan
h2o_co2_hybrid_mrk,X(CO2)=0.500000,13000.0,1423.15,0.5,29.26839,0.5,0.5,0.1666667,0.5,0.3333333,0.0,0.0,0.0,15406.22,145744.9,0.0,-4999.5,nan,0.0,nan
h2o_co2_hybrid_mrk,X(CO2)=0.500000,14000.0,1423.15,0.5,28.51218,0.5,0.5,0.1666667,0.5,0.3333333,0.0,0.0,0.0,18531.22,201556.5,0.0,-4999.5,nan,0.0,nan
h2o_co2_hybrid_mrk,X(CO2)=0.500000,15000.0,1423.15,0.5,27.84143,0.5,0.5,0.1666667,0.5,0.3333333,0.0,0.0,0.0,22205.42,277357.3,0.0,-4999.5,nan,0.0,nan
h2o_co2_hybrid_mrk,X(CO2)=0.500000,16000.0,1423.15,0.5,27.24083,0.5,0.5,0.1666667,0.5,0.3333333,0.0,0.0,0.0,26519.38,380011.5,0.0,-4999.5,nan,0.0,nan
h2o_co2_hybrid_mrk,X(CO2)=0.500000,17000.0,1423.15,0.5,26.69863,0.5,0.5,0.1666667,0.5,0.3333333,0.0,0.0,0.0,31577.92,518673.9,0.0,-4999.5,nan,0.0,nan
h2o_co2_hybrid_mrk,X(CO2)=0.500000,18000.0,1423.15,0.5,26.20564,0.5,0.5,0.1666667,0.5,0.3333333,0.0,0.0,0.0,37502.32,705537.2,0.0,-4999.5,nan,0.0,nan
h2o_co2_hybrid_mrk,X(CO2)=0.500000,19000.0,1423.15,0.5,25.75457,0.5,0.5,0.1666667,0.5,0.3333333,0.0,0.0,0.0,44432.83,956820.7,0.0,-4999.5,nan,0.0,nan
h2o_co2_hybrid_mrk,X(CO2)=0.500000,20000.0,1423.15,0.5,25.33956,0.5,0.5,0.1666667,0.5,0.3333333,0.0,0.0,0.0,52531.58,1294076.0,0.0,-4999.5,nan,0.0,nan
h2o_co2_hybrid_mrk,X(CO2)=0.500000,1000.0,1473.15,0.5,135.3316,0.5,0.5,0.1666667,0.5,0.3333333,0.0,0.0,0.0,475.0955,599.3627,0.0,-4999.5,nan,0.0,nan
h2o_co2_hybrid_mrk,X(CO2)=0.500000,2000.0,1473.15,0.5,78.67219,0.5,0.5,0.1666667,0.5,0.3333333,0.0,0.0,0.0,946.4262,1482.713,0.0,-4999.5,nan,0.0,nan
h2o_co2_hybrid_mrk,X(CO2)=0.500000,3000.0,1473.15,0.5,60.31825,0.5,0.5,0.1666667,0.5,0.3333333,0.0,0.0,0.0,1463.477,2786.642,0.0,-4999.5,nan,0.0,nan
h2o_co2_hybrid_mrk,X(CO2)=0.500000,4000.0,1473.15,0.5,50.96342,0.5,0.5,0.1666667,0.5,0.3333333,0.0,0.0,0.0,2057.324,4684.044,0.0,-4999.5,nan,0.0,nan
h2o_co2_hybrid_mrk,X(CO2)=0.500000,5000.0,1473.15,0.5,45.17305,0.5,0.5,0.1666667,0.5,0.3333333,0.0,0.0,0.0,2752.218,7406.362,0.0,-4999.5,nan,0.0,nan
h2o_co2_hybrid_mrk,X(CO2)=0.500000,6000.0,1473.15,0.5,41.19636,0.5,0.5,0.1666667,0.5,0.3333333,0.0,0.0,0.0,3571.297,11265.71,0.0,-4999.5,nan,0.0,nan
h2o_co2_hybrid_mrk,X(CO2)=0.500000,7000.0,1473.15,0.5,38.28046,0.5,0.5,0.1666667,0.5,0.3333333,0.0,0.0,0.0,4539.066,16682.65,0.0,-4999.5,nan,0.0,nan
h2o_co2_hybrid_mrk,X(CO2)=0.500000,8000.0,1473.15,0.5,36.04127,0.5,0.5,0.1666667,0.5,0.3333333,0.0,0.0,0.0,5682.741,24222.53,0.0,-4999.5,nan,0.0,nan
h2o_co2_hybrid_mrk,X(CO2)=0.500000,9000.0,1473.15,0.5,34.26052,0.5,0.5,0.1666667,0.5,0.3333333,0.0,0.0,0.0,7033.172,34643.5,0.0,-4999.5,nan,0.0,nan
h2o_co2_hybrid_mrk,X(CO2)=0.500000,10000.0,1473.15,0.5,32.80471,0.5,0.5,0.1666667,0.5,0.3333333,0.0,0.0,0.0,8625.668,48959.84,0.0,-4999.5,nan,0.0,nan
h2o_co2_hybrid_mrk,X(CO2)=0.500000,11000.0,1473.15,0.5,31.58763,0.5,0.5,0.1666667,0.5,0.3333333,0.0,0.0,0.0,10500.82,68525.47,0.0,-4999.5,nan,0.0,nan
h2o_co2_hybrid_mrk,X(CO2)=0.500000,12000.0,1473.15,0.5,30.55124,0.5,0.5,0.1666667,0.5,0.3333333,0.0,0.0,0.0,12705.36,95144.08,0.0,-4999.5,nan,0.0,nan
h2o_co2_hybrid_mrk,X(CO2)=0.500000,13000.0,1473.15,0.5,29.65503,0.5,0.5,0.1666667,0.5,0.3333333,0.0,0.0,0.0,15293.19,131214.0,0.0,-4999.5,nan,0.0,nan
h2o_co2_hybrid_mrk,X(CO2)=0.500000,14000.0,1473.15,0.5,28.86992,0.5,0.5,0.1666667,0.5,0.3333333,0.0,0.0,0.0,18326.41,179918.9,0.0,-4999.5,nan,0.0,nan
h2o_co2_hybrid_mrk,X(CO2)=0.500000,15000.0,1473.15,0.5,28.17449,0.5,0.5,0.1666667,0.5,0.3333333,0.0,0.0,0.0,21876.64,245477.9,0.0,-4999.5,nan,0.0,nan
h2o_co2_hybrid_mrk,X(CO2)=0.500000,16000.0,1473.15,0.5,27.5526,0.5,0.5,0.1666667,0.5,0.3333333,0.0,0.0,0.0,26026.41,333474.6,0.0,-4999.5,nan,0.0,nan
h2o_co2_hybrid_mrk,X(CO2)=0.500000,17000.0,1473.15,0.5,26.99186,0.5,0.5,0.1666667,0.5,0.3333333,0.0,0.0,0.0,30870.79,451288.0,0.0,-4999.5,nan,0.0,nan
h2o_co2_hybrid_mrk,X(CO2)=0.500000,18000.0,1473.15,0.5,26.48259,0.5,0.5,0.1666667,0.5,0.3333333,0.0,0.0,0.0,36519.28,608657.2,0.0,-4999.5,nan,0.0,nan
h2o_co2_hybrid_mrk,X(CO2)=0.500000,19000.0,1473.15,0.5,26.01712,0.5,0.5,0.1666667,0.5,0.3333333,0.0,0.0,0.0,43097.91,818421.9,0.0,-4999.5,nan,0.0,nan
h2o_co2_hybrid_mrk,X(CO2)=0.500000,20000.0,1473.15,0.5,25.58929,0.5,0.5,0.1666667,0.5,0.3333333,0.0,0.0,0.0,50751.74,1097490.0,0.0,-4999.5,nan,0.0,nan
h2o_co2_hybrid_mrk,X(CO2)=0.500000,1000.0,1523.15,0.5,140.054,0.5,0.5,0.1666667,0.5,0.3333333,0.0,0.0,0.0,479.8305,596.8132,0.0,-4999.5,nan,0.0,nan
h2o_co2_hybrid_mrk,X(CO2)=0.500000,2000.0,1523.15,0.5,81.12751,0.5,0.5,0.1666667,0.5,0.3333333,0.0,0.0,0.0,960.5606,1466.267,0.0,-4999.5,nan,0.0,nan
h2o_co2_hybrid_mrk,X(CO2)=0.500000,3000.0,1523.15,0.5,62.00441,0.5,0.5,0.1666667,0.5,0.3333333,0.0,0.0,0.0,1487.619,2734.957,0.0,-4999.5,nan,0.0,nan
h2o_co2_hybrid_mrk,X(CO2)=0.500000,4000.0,1523.15,0.5,52.26127,0.5,0.5,0.1666667,0.5,0.3333333,0.0,0.0,0.0,2090.55,4561.533,0.0,-4999.5,nan,0.0,nan
h2o_co2_hybrid_mrk,X(CO2)=0.500000,5000.0,1523.15,0.5,46.22824,0.5,0.5,0.1666667,0.5,0.3333333,0.0,0.0,0.0,2792.707,7156.107,0.0,-4999.5,nan,0.0,nan
h2o_co2_hybrid_mrk,X(CO2)=0.500000,6000.0,1523.15,0.5,42.08118,0.5,0.5,0.1666667,0.5,0.3333333,0.0,0.0,0.0,3616.315,10799.25,0.0,-4999.5,nan,0.0,nan
h2o_co2_hybrid_mrk,X(CO2)=0.500000,7000.0,1523.15,0.5,39.03817,0.5,0.5,0.1666667,0.5,0.3333333,0.0,0.0,0.0,4584.773,15865.44,0.0,-4999.5,nan,0.0,nan
h2o_co2_hybrid_mrk,X(CO2)=0.500000,8000.0,1523.15,0.5,36.70091,0.5,0.5,0.1666667,0.5,0.3333333,0.0,0.0,0.0,5723.896,22853.49,0.0,-4999.5,nan,0.0,nan
h2o_co2_hybrid_mrk,X(CO2)=0.500000,9000.0,1523.15,0.5,34.84281,0.5,0.5,0.1666667,0.5,0.3333333,0.0,0.0,0.0,7062.785,32426.28,0.0,-4999.5,nan,0.0,nan
h2o_co2_hybrid_mrk,X(CO2)=0.500000,10000.0,1523.15,0.5,33.3249,0.5,0.5,0.1666667,0.5,0.3333333,0.0,0.0,0.0,8634.567,45462.71,0.0,-4999.5,nan,0.0,nan
h2o_co2_hybrid_mrk,X(CO2)=0.500000,11000.0,1523.15,0.5,32.05723,0.5,0.5,0.1666667,0.5,0.3333333,0.0,0.0,0.0,10477.13,63125.69,0.0,-4999.5,nan,0.0,nan
h2o_co2_hybrid_mrk,X(CO2)=0.500000,12000.0,1523.15,0.5,30.97904,0.5,0.5,0.1666667,0.5,0.3333333,0.0,0.0,0.0,12633.9,86950.85,0.0,-4999.5,nan,0.0,nan
h2o_co2_hybrid_mrk,X(CO2)=0.500000,13000.0,1523.15,0.5,30.04787,0.5,0.5,0.1666667,0.5,0.3333333,0.0,0.0,0.0,15154.72,118962.4,0.0,-4999.5,nan,0.0,nan
h2o_co2_hybrid_mrk,X(CO2)=0.500000,14000.0,1523.15,0.5,29.23319,0.5,0.5,0.1666667,0.5,0.3333333,0.0,0.0,0.0,18096.77,161824.3,0.0,-4999.5,nan,0.0,nan
h2o_co2_hybrid_mrk,X(CO2)=0.500000,15000.0,1523.15,0.5,28.51246,0.5,0.5,0.1666667,0.5,0.3333333,0.0,0.0,0.0,21525.68,219036.6,0.0,-4999.5,nan,0.0,nan
h2o_co2_hybrid_mrk,X(CO2)=0.500000,16000.0,1523.15,0.5,27.86873,0.5,0.5,0.1666667,0.5,0.3333333,0.0,0.0,0.0,25516.77,295191.9,0.0,-4999.5,nan,0.0,nan
h2o_co2_hybrid_mrk,X(CO2)=0.500000,17000.0,1523.15,0.5,27.28897,0.5,0.5,0.1666667,0.5,0.3333333,0.0,0.0,0.0,30156.42,396308.0,0.0,-4999.5,nan,0.0,nan
h2o_co2_hybrid_mrk,X(CO2)=0.500000,18000.0,1523.15,0.5,26.763,0.5,0.5,0.1666667,0.5,0.3333333,0.0,0.0,0.0,35543.69,530260.8,0.0,-4999.5,nan,0.0,nan
h2o_co2_hybrid_mrk,X(CO2)=0.500000,19000.0,1523.15,0.5,26.28277,0.5,0.5,0.1666667,0.5,0.3333333,0.0,0.0,0.0,41792.12,707345.8,0.0,-4999.5,nan,0.0,nan
h2o_co2_hybrid_mrk,X(CO2)=0.500000,20000.0,1523.15,0.5,25.8418,0.5,0.5,0.1666667,0.5,0.3333333,0.0,0.0,0.0,49031.78,941007.4,0.0,-4999.5,nan,0.0,nan
h2o_co2_hybrid_mrk,X(CO2)=0.500000,1000.0,1573.15,0.5,144.7569,0.5,0.5,0.1666667,0.5,0.3333333,0.0,0.0,0.0,483.8402,594.4038,0.0,-4999.5,nan,0.0,nan
h2o_co2_hybrid_mrk,X(CO2)=0.500000,2000.0,1573.15,0.5,83.57949,0.5,0.5,0.1666667,0.5,0.3333333,0.0,0.0,0.0,972.5436,1451.049,0.0,-4999.5,nan,0.0,nan
h2o_co2_hybrid_mrk,X(CO2)=0.500000,3000.0,1573.15,0.5,63.69187,0.5,0.5,0.1666667,0.5,0.3333333,0.0,0.0,0.0,1507.967,2687.581,0.0,-4999.5,nan,0.0,nan
h2o_co2_hybrid_mrk,X(CO2)=0.500000,4000.0,1573.15,0.5,53.56297,0.5,0.5,0.1666667,0.5,0.3333333,0.0,0.0,0.0,2118.178,4450.103,0.0,-4999.5,nan,0.0,nan
h2o_co2_hybrid_mrk,X(CO2)=0.500000,5000.0,1573.15,0.5,47.28972,0.5,0.5,0.1666667,0.5,0.3333333,0.0,0.0,0.0,2825.617,6930.171,0.0,-4999.5,nan,0.0,nan
h2o_co2_hybrid_mrk,X(CO2)=0.500000,6000.0,1573.15,0.5,42.97417,0.5,0.5,0.1666667,0.5,0.3333333,0.0,0.0,0.0,3651.599,10381.22,0.0,-4999.5,nan,0.0,nan
h2o_co2_hybrid_mrk,X(CO2)=0.500000,7000.0,1573.15,0.5,39.8051,0.5,0.5,0.1666667,0.5,0.3333333,0.0,0.0,0.0,4618.436,15138.51,0.0,-4999.5,nan,0.0,nan
h2o_co2_hybrid_mrk,X(CO2)=0.500000,8000.0,1573.15,0.5,37.37003,0.5,0.5,0.1666667,0.5,0.3333333,0.0,0.0,0.0,5750.6,21644.78,0.0,-4999.5,nan,0.0,nan
h2o_co2_hybrid_mrk,X(CO2)=0.500000,9000.0,1573.15,0.5,35.43429,0.5,0.5,0.1666667,0.5,0.3333333,0.0,0.0,0.0,7075.524,30483.38,0.0,-4999.5,nan,0.0,nan
h2o_co2_hybrid_mrk,X(CO2)=0.500000,10000.0,1573.15,0.5,33.85373,0.5,0.5,0.1666667,0.5,0.3333333,0.0,0.0,0.0,8624.279,42421.33,0.0,-4999.5,nan,0.0,nan
h2o_co2_hybrid_mrk,X(CO2)=0.500000,11000.0,1573.15,0.5,32.53477,0.5,0.5,0.1666667,0.5,0.3333333,0.0,0.0,0.0,10432.24,58465.04,0.0,-4999.5,nan,0.0,nan
h2o_co2_hybrid_mrk,X(CO2)=0.500000,12000.0,1573.15,0.5,31.41406,0.5,0.5,0.1666667,0.5,0.3333333,0.0,0.0,0.0,12539.76,79932.64,0.0,-4999.5,nan,0.0,nan
h2o_co2_hybrid_mrk,X(CO2)=0.500000,13000.0,1573.15,0.5,30.44723,0.5,0.5,0.1666667,0.5,0.3333333,0.0,0.0,0.0,14992.95,108547.5,0.0,-4999.5,nan,0.0,nan
h2o_co2_hybrid_mrk,X(CO2)=0.500000,14000.0,1573.15,0.5,29.6023,0.5,0.5,0.1666667,0.5,0.3333333,0.0,0.0,0.0,17844.5,146559.1,0.0,-4999.5,nan,0.0,nan
h2o_co2_hybrid_mrk,X(CO2)=0.500000,15000.0,1573.15,0.5,28.85568,0.5,0.5,0.1666667,0.5,0.3333333,0.0,0.0,0.0,21154.63,196899.5,0.0,-4999.5,nan,0.0,nan
h2o_co2_hybrid_mrk,X(CO2)=0.500000,16000.0,1573.15,0.5,28.18957,0.5,0.5,0.1666667,0.5,0.3333333,0.0,0.0,0.0,24992.15,263385.1,0.0,-4999.5,nan,0.0,nan
h2o_co2_hybrid_mrk,X(CO2)=0.500000,17000.0,1573.15,0.5,27.59031,0.5,0.5,0.1666667,0.5,0.3333333,0.0,0.0,0.0,29435.67,350976.9,0.0,-4999.5,nan,0.0,nan
h2o_co2_hybrid_mrk,X(CO2)=0.500000,18000.0,1573.15,0.5,27.04722,0.5,0.5,0.1666667,0.5,0.3333333,0.0,0.0,0.0,34574.96,466116.1,0.0,-4999.5,nan,0.0,nan
h2o_co2_hybrid_mrk,X(CO2)=0.500000,19000.0,1573.15,0.5,26.55185,0.5,0.5,0.1666667,0.5,0.3333333,0.0,0.0,0.0,40512.5,617156.6,0.0,-4999.5,nan,0.0,nan
h2o_co2_hybrid_mrk,X(CO2)=0.500000,20000.0,1573.15,0.5,26.0974,0.5,0.5,0.1666667,0.5,0.3333333,0.0,0.0,0.0,47365.23,814921.4,0.0,-4999.5,nan,0.0,nan
h2o_co2_hybrid_mrk,X(CO2)=0.600000,1000.0,373.15,0.6,34.59913,0.4,0.6,0.2,0.5333333,0.2666667,0.0,0.0,0.0,24.52503,401.3866,0.0,-4999.5,nan,0.0,nan
h2o_co2_hybrid_mrk,X(CO2)=0.600000,2000.0,373.15,0.6,30.95524,0.4,0.6,0.2,0.5333333,0.2666667,0.0,0.0,0.0,44.37323,1581.078,0.0,-4999.5,nan,0.0,nan
h2o_co2_hybrid_mrk,X(CO2)=0.600000,3000.0,373.15,0.6,29.00918,0.4,0.6,0.2,0.5333333,0.2666667,0.0,0.0,0.0,79.98527,5450.732,0.0,-4999.5,nan,0.0,nan
h2o_co2_hybrid_mrk,X(CO2)=0.600000,4000.0,373.15,0.6,27.69324,0.4,0.6,0.2,0.5333333,0.2666667,0.0,0.0,0.0,142.6117,17611.22,0.0,-4999.5,nan,0.0,nan
h2o_co2_hybrid_mrk,X(CO2)=0.600000,5000.0,373.15,0.6,26.70602,0.4,0.6,0.2,0.5333333,0.2666667,0.0,0.0,0.0,251.7062,54695.97,0.0,-4999.5,nan,0.0,nan
h2o_co2_hybrid_mrk,X(CO2)=0.600000,6000.0,373.15,0.6,25.91979,0.4,0.6,0.2,0.5333333,0.2666667,0.0,0.0,0.0,440.4225,165359.4,0.0,-4999.5,nan,0.0,nan
h2o_co2_hybrid_mrk,X(CO2)=0.600000,7000.0,373.15,0.6,25.26866,0.4,0.6,0.2,0.5333333,0.2666667,0.0,0.0,0.0,765.0004,490208.2,0.0,-4999.5,nan,0.0,nan
h2o_co2_hybrid_mrk,X(CO2)=0.600000,8000.0,373.15,0.6,24.7143,0.4,0.6,0.2,0.5333333,0.2666667,0.0,0.0,0.0,1320.521,1431614.0,0.0,-4999.5,nan,0.0,nan
h2o_co2_hybrid_mrk,X(CO2)=0.600000,9000.0,373.15,0.6,24.23248,0.4,0.6,0.2,0.5333333,0.2666667,0.0,0.0,0.0,2267.266,4131731.0,0.0,-4999.5,nan,0.0,nan
h2o_co2_hybrid_mrk,X(CO2)=0.600000,10000.0,373.15,0.6,23.80696,0.4,0.6,0.2,0.5333333,0.2666667,0.0,0.0,0.0,3874.743,11810590.0,0.0,-4999.5,nan,0.0,nan
h2o_co2_hybrid_mrk,X(CO2)=0.600000,11000.0,373.15,0.6,23.42634,0.4,0.6,0.2,0.5333333,0.2666667,0.0,0.0,0.0,6595.057,33493700.0,0.0,-4999.5,nan,0.0,nan
h2o_co2_hybrid_mrk,X(CO2)=0.600000,12000.0,373.15,0.6,23.08232,0.4,0.6,0.2,0.5333333,0.2666667,0.0,0.0,0.0,11185.04,94352150.0,0.0,-4999.5,nan,0.0,nan
h2o_co2_hybrid_mrk,X(CO2)=0.600000,13000.0,373.15,0.6,22.76867,0.4,0.6,0.2,0.5333333,0.2666667,0.0,0.0,0.0,18909.22,264279100.0,0.0,-4999.5,nan,0.0,nan
h2o_co2_hybrid_mrk,X(CO2)=0.600000,14000.0,373.15,0.6,22.4806,0.4,0.6,0.2,0.5333333,0.2666667,0.0,0.0,0.0,31876.62,736603200.0,0.0,-4999.5,nan,0.0,nan
h2o_co2_hybrid_mrk,X(CO2)=0.600000,15000.0,373.15,0.6,22.21437,0.4,0.6,0.2,0.5333333,0.2666667,0.0,0.0,0.0,53599.12,2044263000.0,0.0,-4999.5,nan,0.0,nan
h2o_co2_hybrid_mrk,X(CO2)=0.600000,16000.0,373.15,0.6,21.96699,0.4,0.6,0.2,0.5333333,0.2666667,0.0,0.0,0.0,89915.75,5651917000.0,0.0,-4999.5,nan,0.0,nan
h2o_co2_hybrid_mrk,X(CO2)=0.600000,17000.0,373.15,0.6,21.73603,0.4,0.6,0.2,0.5333333,0.2666667,0.0,0.0,0.0,150521.4,15573860000.0,0.0,-4999.5,nan,0.0,nan
h2o_co2_hybrid_mrk,X(CO2)=0.600000,18000.0,373.15,0.6,21.51949,0.4,0.6,0.2,0.5333333,0.2666667,0.0,0.0,0.0,251492.3,42785200000.0,0.0,-4999.5,nan,0.0,nan
h2o_co2_hybrid_mrk,X(CO2)=0.600000,19000.0,373.15,0.6,21.31573,0.4,0.6,0.2,0.5333333,0.2666667,0.0,0.0,0.0,419454.4,117224900000.0,0.0,-4999.5,nan,0.0,nan
h2o_co2_hybrid_mrk,X(CO2)=0.600000,20000.0,373.15,0.6,21.12336,0.4,0.6,0.2,0.5333333,0.2666667,0.0,0.0,0.0,698456.8,320396800000.0,0.0,-4999.5,nan,0.0,nan
h2o_co2_hybrid_mrk,X(CO2)=0.600000,1000.0,423.15,0.6,37.88812,0.4,0.6,0.2,0.5333333,0.2666667,0.0,0.0,0.0,45.10228,529.7652,0.0,-4999.5,nan,0.0,nan
h2o_co2_hybrid_mrk,X(CO2)=0.600000,2000.0,423.15,0.6,32.73296,0.4,0.6,0.2,0.5333333,0.2666667,0.0,0.0,0.0,78.06812,1945.828,0.0,-4999.5,nan,0.0,nan
h2o_co2_hybrid_mrk,X(CO2)=0.600000,3000.0,423.15,0.6,30.28814,0.4,0.6,0.2,0.5333333,0.2666667,0.0,0.0,0.0,134.1212,6100.045,0.0,-4999.5,nan,0.0,nan
h2o_co2_hybrid_mrk,X(CO2)=0.600000,4000.0,423.15,0.6,28.71141,0.4,0.6,0.2,0.5333333,0.2666667,0.0,0.0,0.0,227.3745,17783.69,0.0,-4999.5,nan,0.0,nan
h2o_co2_hybrid_mrk,X(CO2)=0.600000,5000.0,423.15,0.6,27.56009,0.4,0.6,0.2,0.5333333,0.2666667,0.0,0.0,0.0,381.0362,49658.87,0.0,-4999.5,nan,0.0,nan
h2o_co2_hybrid_mrk,X(CO2)=0.600000,6000.0,423.15,0.6,26.65956,0.4,0.6,0.2,0.5333333,0.2666667,0.0,0.0,0.0,632.4663,134719.1,0.0,-4999.5,nan,0.0,nan
h2o_co2_hybrid_mrk,X(CO2)=0.600000,7000.0,423.15,0.6,25.92349,0.4,0.6,0.2,0.5333333,0.2666667,0.0,0.0,0.0,1041.505,357945.8,0.0,-4999.5,nan,0.0,nan
h2o_co2_hybrid_mrk,X(CO2)=0.600000,8000.0,423.15,0.6,25.30309,0.4,0.6,0.2,0.5333333,0.2666667,0.0,0.0,0.0,1703.684,936168.4,0.0,-4999.5,nan,0.0,nan
h2o_co2_hybrid_mrk,X(CO2)=0.600000,9000.0,423.15,0.6,24.76823,0.4,0.6,0.2,0.5333333,0.2666667,0.0,0.0,0.0,2771.105,2418303.0,0.0,-4999.5,nan,0.0,nan
h2o_co2_hybrid_mrk,X(CO2)=0.600000,10000.0,423.15,0.6,24.29901,0.4,0.6,0.2,0.5333333,0.2666667,0.0,0.0,0.0,4485.34,6184803.0,0.0,-4999.5,nan,0.0,nan
h2o_co2_hybrid_mrk,X(CO2)=0.600000,11000.0,423.15,0.6,23.88165,0.4,0.6,0.2,0.5333333,0.2666667,0.0,0.0,0.0,7229.229,15687780.0,0.0,-4999.5,nan,0.0,nan
h2o_co2_hybrid_mrk,X(CO2)=0.600000,12000.0,423.15,0.6,23.50624,0.4,0.6,0.2,0.5333333,0.2666667,0.0,0.0,0.0,11608.27,39517830.0,0.0,-4999.5,nan,0.0,nan
h2o_co2_hybrid_mrk,X(CO2)=0.600000,13000.0,423.15,0.6,23.16542,0.4,0.6,0.2,0.5333333,0.2666667,0.0,0.0,0.0,18578.4,98961740.0,0.0,-4999.5,nan,0.0,nan
h2o_co2_hybrid_mrk,X(CO2)=0.600000,14000.0,423.15,0.6,22.85356,0.4,0.6,0.2,0.5333333,0.2666667,0.0,0.0,0.0,29646.2,246568400.0,0.0,-4999.5,nan,0.0,nan
h2o_co2_hybrid_mrk,X(CO2)=0.600000,15000.0,423.15,0.6,22.56629,0.4,0.6,0.2,0.5333333,0.2666667,0.0,0.0,0.0,47182.54,611628800.0,0.0,-4999.5,nan,0.0,nan
h2o_co2_hybrid_mrk,X(CO2)=0.600000,16000.0,423.15,0.6,22.30015,0.4,0.6,0.2,0.5333333,0.2666667,0.0,0.0,0.0,74912.94,1511302000.0,0.0,-4999.5,nan,0.0,nan
h2o_co2_hybrid_mrk,X(CO2)=0.600000,17000.0,423.15,0.6,22.05235,0.4,0.6,0.2,0.5333333,0.2666667,0.0,0.0,0.0,118683.9,3721518000.0,0.0,-4999.5,nan,0.0,nan
h2o_co2_hybrid_mrk,X(CO2)=0.600000,18000.0,423.15,0.6,21.8206,0.4,0.6,0.2,0.5333333,0.2666667,0.0,0.0,0.0,187658.9,9135991000.0,0.0,-4999.5,nan,0.0,nan
h2o_co2_hybrid_mrk,X(CO2)=0.600000,19000.0,423.15,0.6,21.60301,0.4,0.6,0.2,0.5333333,0.2666667,0.0,0.0,0.0,296184.0,22366310000.0,0.0,-4999.5,nan,0.0,nan
h2o_co2_hybrid_mrk,X(CO2)=0.600000,20000.0,423.15,0.6,21.398,0.4,0.6,0.2,0.5333333,0.2666667,0.0,0.0,0.0,466694.8,54620140000.0,0.0,-4999.5,nan,0.0,nan
h2o_co2_hybrid_mrk,X(CO2)=0.600000,1000.0,473.15,0.6,41.54727,0.4,0.6,0.2,0.5333333,0.2666667,0.0,0.0,0.0,67.33609,620.5563,0.0,-4999.5,nan,0.0,nan
h2o_co2_hybrid_mrk,X(CO2)=0.600000,2000.0,473.15,0.6,34.5745,0.4,0.6,0.2,0.5333333,0.2666667,0.0,0.0,0.0,112.7186,2161.904,0.0,-4999.5,nan,0.0,nan
h2o_co2_hybrid_mrk,X(CO2)=0.600000,3000.0,473.15,0.6,31.59678,0.4,0.6,0.2,0.5333333,0.2666667,0.0,0.0,0.0,186.3503,6289.73,0.0,-4999.5,nan,0.0,nan
h2o_co2_hybrid_mrk,X(CO2)=0.600000,4000.0,473.15,0.6,29.7537,0.4,0.6,0.2,0.5333333,0.2666667,0.0,0.0,0.0,303.3812,16908.42,0.0,-4999.5,nan,0.0,nan
h2o_co2_hybrid_mrk,X(CO2)=0.600000,5000.0,473.15,0.6,28.43849,0.4,0.6,0.2,0.5333333,0.2666667,0.0,0.0,0.0,487.7098,43412.65,0.0,-4999.5,nan,0.0,nan
h2o_co2_hybrid_mrk,X(CO2)=0.600000,6000.0,473.15,0.6,27.42517,0.4,0.6,0.2,0.5333333,0.2666667,0.0,0.0,0.0,776.0802,108121.9,0.0,-4999.5,nan,0.0,nan
h2o_co2_hybrid_mrk,X(CO2)=0.600000,7000.0,473.15,0.6,26.60587,0.4,0.6,0.2,0.5333333,0.2666667,0.0,0.0,0.0,1224.697,263486.3,0.0,-4999.5,nan,0.0,nan
h2o_co2_hybrid_mrk,X(CO2)=0.600000,8000.0,473.15,0.6,25.92106,0.4,0.6,0.2,0.5333333,0.2666667,0.0,0.0,0.0,1919.269,631659.1,0.0,-4999.5,nan,0.0,nan
h2o_co2_hybrid_mrk,X(CO2)=0.600000,9000.0,473.15,0.6,25.33456,0.4,0.6,0.2,0.5333333,0.2666667,0.0,0.0,0.0,2990.16,1495001.0,0.0,-4999.5,nan,0.0,nan
h2o_co2_hybrid_mrk,X(CO2)=0.600000,10000.0,473.15,0.6,24.82285,0.4,0.6,0.2,0.5333333,0.2666667,0.0,0.0,0.0,4635.211,3502064.0,0.0,-4999.5,nan,0.0,nan
h2o_co2_hybrid_mrk,X(CO2)=0.600000,11000.0,473.15,0.6,24.3698,0.4,0.6,0.2,0.5333333,0.2666667,0.0,0.0,0.0,7154.052,8134415.0,0.0,-4999.5,nan,0.0,nan
h2o_co2_hybrid_mrk,X(CO2)=0.600000,12000.0,473.15,0.6,23.9639,0.4,0.6,0.2,0.5333333,0.2666667,0.0,0.0,0.0,10999.62,18760630.0,0.0,-4999.5,nan,0.0,nan
h2o_co2_hybrid_mrk,X(CO2)=0.600000,13000.0,473.15,0.6,23.59667,0.4,0.6,0.2,0.5333333,0.2666667,0.0,0.0,0.0,16855.41,43008100.0,0.0,-4999.5,nan,0.0,nan
h2o_co2_hybrid_mrk,X(CO2)=0.600000,14000.0,473.15,0.6,23.26167,0.4,0.6,0.2,0.5333333,0.2666667,0.0,0.0,0.0,25751.27,98084490.0,0.0,-4999.5,nan,0.0,nan
h2o_co2_hybrid_mrk,X(CO2)=0.600000,15000.0,473.15,0.6,22.95393,0.4,0.6,0.2,0.5333333,0.2666667,0.0,0.0,0.0,39236.56,222685100.0,0.0,-4999.5,nan,0.0,nan
h2o_co2_hybrid_mrk,X(CO2)=0.600000,16000.0,473.15,0.6,22.66952,0.4,0.6,0.2,0.5333333,0.2666667,0.0,0.0,0.0,59639.11,503572800.0,0.0,-4999.5,nan,0.0,nan
h2o_co2_hybrid_mrk,X(CO2)=0.600000,17000.0,473.15,0.6,22.40529,0.4,0.6,0.2,0.5333333,0.2666667,0.0,0.0,0.0,90451.97,1134780000.0,0.0,-4999.5,nan,0.0,nan
h2o_co2_hybrid_mrk,X(CO2)=0.600000,18000.0,473.15,0.6,22.15868,0.4,0.6,0.2,0.5333333,0.2666667,0.0,0.0,0.0,136910.5,2549204000.0,0.0,-4999.5,nan,0.0,nan
h2o_co2_hybrid_mrk,X(CO2)=0.600000,19000.0,473.15,0.6,21.92757,0.4,0.6,0.2,0.5333333,0.2666667,0.0,0.0,0.0,206853.0,5710593000.0,0.0,-4999.5,nan,0.0,nan
h2o_co2_hybrid_mrk,X(CO2)=0.600000,20000.0,473.15,0.6,21.7102,0.4,0.6,0.2,0.5333333,0.2666667,0.0,0.0,0.0,312002.3,12760290000.0,0.0,-4999.5,nan,0.0,nan
h2o_co2_hybrid_mrk,X(CO2)=0.600000,1000.0,523.15,0.6,45.61109,0.4,0.6,0.2,0.5333333,0.2666667,0.0,0.0,0.0,90.87234,681.4091,0.0,-4999.5,nan,0.0,nan
h2o_co2_hybrid_mrk,X(CO2)=0.600000,2000.0,523.15,0.6,36.49534,0.4,0.6,0.2,0.5333333,0.2666667,0.0,0.0,0.0,148.7767,2278.248,0.0,-4999.5,nan,0.0,nan
h2o_co2_hybrid_mrk,X(CO2)=0.600000,3000.0,523.15,0.6,32.92939,0.4,0.6,0.2,0.5333333,0.2666667,0.0,0.0,0.0,238.7023,6242.293,0.0,-4999.5,nan,0.0,nan
h2o_co2_hybrid_mrk,X(CO2)=0.600000,4000.0,523.15,0.6,30.80332,0.4,0.6,0.2,0.5333333,0.2666667,0.0,0.0,0.0,376.2446,15717.69,0.0,-4999.5,nan,0.0,nan
h2o_co2_hybrid_mrk,X(CO2)=0.600000,5000.0,523.15,0.6,29.31786,0.4,0.6,0.2,0.5333333,0.2666667,0.0,0.0,0.0,584.9467,37707.8,0.0,-4999.5,nan,0.0,nan
h2o_co2_hybrid_mrk,X(CO2)=0.600000,6000.0,523.15,0.6,28.18909,0.4,0.6,0.2,0.5333333,0.2666667,0.0,0.0,0.0,899.6373,87639.18,0.0,-4999.5,nan,0.0,nan
h2o_co2_hybrid_mrk,X(CO2)=0.600000,7000.0,523.15,0.6,27.28545,0.4,0.6,0.2,0.5333333,0.2666667,0.0,0.0,0.0,1371.613,199147.8,0.0,-4999.5,nan,0.0,nan
h2o_co2_hybrid_mrk,X(CO2)=0.600000,8000.0,523.15,0.6,26.53583,0.4,0.6,0.2,0.5333333,0.2666667,0.0,0.0,0.0,2076.218,444952.1,0.0,-4999.5,nan,0.0,nan
h2o_co2_hybrid_mrk,X(CO2)=0.600000,9000.0,523.15,0.6,25.89768,0.4,0.6,0.2,0.5333333,0.2666667,0.0,0.0,0.0,3123.86,981145.8,0.0,-4999.5,nan,0.0,nan
h2o_co2_hybrid_mrk,X(CO2)=0.600000,10000.0,523.15,0.6,25.34366,0.4,0.6,0.2,0.5333333,0.2666667,0.0,0.0,0.0,4675.988,2140763.0,0.0,-4999.5,nan,0.0,nan
h2o_co2_hybrid_mrk,X(CO2)=0.600000,11000.0,523.15,0.6,24.85518,0.4,0.6,0.2,0.5333333,0.2666667,0.0,0.0,0.0,6968.242,4630649.0,0.0,-4999.5,nan,0.0,nan
h2o_co2_hybrid_mrk,X(CO2)=0.600000,12000.0,523.15,0.6,24.4191,0.4,0.6,0.2,0.5333333,0.2666667,0.0,0.0,0.0,10343.94,9944238.0,0.0,-4999.5,nan,0.0,nan
h2o_co2_hybrid_mrk,X(CO2)=0.600000,13000.0,523.15,0.6,24.02578,0.4,0.6,0.2,0.5333333,0.2666667,0.0,0.0,0.0,15302.5,21224330.0,0.0,-4999.5,nan,0.0,nan
h2o_co2_hybrid_mrk,X(CO2)=0.600000,14000.0,523.15,0.6,23.66797,0.4,0.6,0.2,0.5333333,0.2666667,0.0,0.0,0.0,22569.3,45061410.0,0.0,-4999.5,nan,0.0,nan
h2o_co2_hybrid_mrk,X(CO2)=0.600000,15000.0,523.15,0.6,23.34009,0.4,0.6,0.2,0.5333333,0.2666667,0.0,0.0,0.0,33196.47,95232340.0,0.0,-4999.5,nan,0.0,nan
h2o_co2_hybrid_mrk,X(CO2)=0.600000,16000.0,523.15,0.6,23.03773,0.4,0.6,0.2,0.5333333,0.2666667,0.0,0.0,0.0,48708.2,200455600.0,0.0,-4999.5,nan,0.0,nan
h2o_co2_hybrid_mrk,X(CO2)=0.600000,17000.0,523.15,0.6,22.75738,0.4,0.6,0.2,0.5333333,0.2666667,0.0,0.0,0.0,71309.81,420444300.0,0.0,-4999.5,nan,0.0,nan
h2o_co2_hybrid_mrk,X(CO2)=0.600000,18000.0,523.15,0.6,22.49621,0.4,0.6,0.2,0.5333333,0.2666667,0.0,0.0,0.0,104188.6,879071000.0,0.0,-4999.5,nan,0.0,nan
h2o_co2_hybrid_mrk,X(CO2)=0.600000,19000.0,523.15,0.6,22.25185,0.4,0.6,0.2,0.5333333,0.2666667,0.0,0.0,0.0,151946.6,1832768000.0,0.0,-4999.5,nan,0.0,nan
h2o_co2_hybrid_mrk,X(CO2)=0.600000,20000.0,523.15,0.6,22.02238,0.4,0.6,0.2,0.5333333,0.2666667,0.0,0.0,0.0,221221.2,3811363000.0,0.0,-4999.5,nan,0.0,nan
h2o_co2_hybrid_mrk,X(CO2)=0.600000,1000.0,573.15,0.6,50.01782,0.4,0.6,0.2,0.5333333,0.2666667,0.0,0.0,0.0,115.3101,720.5825,0.0,-4999.5,nan,0.0,nan
h2o_co2_hybrid_mrk,X(CO2)=0.600000,2000.0,573.15,0.6,38.50005,0.4,0.6,0.2,0.5333333,0.2666667,0.0,0.0,0.0,186.5799,2330.416,0.0,-4999.5,nan,0.0,nan
h2o_co2_hybrid_mrk,X(CO2)=0.600000,3000.0,573.15,0.6,34.28581,0.4,0.6,0.2,0.5333333,0.2666667,0.0,0.0,0.0,292.5876,6078.723,0.0,-4999.5,nan,0.0,nan
h2o_co2_hybrid_mrk,X(CO2)=0.600000,4000.0,573.15,0.6,31.85628,0.4,0.6,0.2,0.5333333,0.2666667,0.0,0.0,0.0,449.4335,14502.77,0.0,-4999.5,nan,0.0,nan
h2o_co2_hybrid_mrk,X(CO2)=0.600000,5000.0,573.15,0.6,30.19191,0.4,0.6,0.2,0.5333333,0.2666667,0.0,0.0,0.0,680.0615,32899.77,0.0,-4999.5,nan,0.0,nan
h2o_co2_hybrid_mrk,X(CO2)=0.600000,6000.0,573.15,0.6,28.9436,0.4,0.6,0.2,0.5333333,0.2666667,0.0,0.0,0.0,1017.269,72224.31,0.0,-4999.5,nan,0.0,nan
h2o_co2_hybrid_mrk,X(CO2)=0.600000,7000.0,573.15,0.6,27.95361,0.4,0.6,0.2,0.5333333,0.2666667,0.0,0.0,0.0,1507.841,154916.9,0.0,-4999.5,nan,0.0,nan
h2o_co2_hybrid_mrk,X(CO2)=0.600000,8000.0,573.15,0.6,27.13823,0.4,0.6,0.2,0.5333333,0.2666667,0.0,0.0,0.0,2218.38,326580.2,0.0,-4999.5,nan,0.0,nan
h2o_co2_hybrid_mrk,X(CO2)=0.600000,9000.0,573.15,0.6,26.44804,0.4,0.6,0.2,0.5333333,0.2666667,0.0,0.0,0.0,3243.499,679260.3,0.0,-4999.5,nan,0.0,nan
h2o_co2_hybrid_mrk,X(CO2)=0.600000,10000.0,573.15,0.6,25.85162,0.4,0.6,0.2,0.5333333,0.2666667,0.0,0.0,0.0,4717.349,1397675.0,0.0,-4999.5,nan,0.0,nan
h2o_co2_hybrid_mrk,X(CO2)=0.600000,11000.0,573.15,0.6,25.32782,0.4,0.6,0.2,0.5333333,0.2666667,0.0,0.0,0.0,6829.808,2850665.0,0.0,-4999.5,nan,0.0,nan
h2o_co2_hybrid_mrk,X(CO2)=0.600000,12000.0,573.15,0.6,24.86178,0.4,0.6,0.2,0.5333333,0.2666667,0.0,0.0,0.0,9849.195,5771530.0,0.0,-4999.5,nan,0.0,nan
h2o_co2_hybrid_mrk,X(CO2)=0.600000,13000.0,573.15,0.6,24.44266,0.4,0.6,0.2,0.5333333,0.2666667,0.0,0.0,0.0,14154.1,11612560.0,0.0,-4999.5,nan,0.0,nan
h2o_co2_hybrid_mrk,X(CO2)=0.600000,14000.0,573.15,0.6,24.06237,0.4,0.6,0.2,0.5333333,0.2666667,0.0,0.0,0.0,20277.94,23240250.0,0.0,-4999.5,nan,0.0,nan
h2o_co2_hybrid_mrk,X(CO2)=0.600000,15000.0,573.15,0.6,23.71467,0.4,0.6,0.2,0.5333333,0.2666667,0.0,0.0,0.0,28971.35,46295230.0,0.0,-4999.5,nan,0.0,nan
h2o_co2_hybrid_mrk,X(CO2)=0.600000,16000.0,573.15,0.6,23.3947,0.4,0.6,0.2,0.5333333,0.2666667,0.0,0.0,0.0,41289.32,91846850.0,0.0,-4999.5,nan,0.0,nan
h2o_co2_hybrid_mrk,X(CO2)=0.600000,17000.0,573.15,0.6,23.09858,0.4,0.6,0.2,0.5333333,0.2666667,0.0,0.0,0.0,58712.92,181564400.0,0.0,-4999.5,nan,0.0,nan
h2o_co2_hybrid_mrk,X(CO2)=0.600000,18000.0,573.15,0.6,22.82318,0.4,0.6,0.2,0.5333333,0.2666667,0.0,0.0,0.0,83319.24,357772800.0,0.0,-4999.5,nan,0.0,nan
h2o_co2_hybrid_mrk,X(CO2)=0.600000,19000.0,573.15,0.6,22.56592,0.4,0.6,0.2,0.5333333,0.2666667,0.0,0.0,0.0,118018.3,702973700.0,0.0,-4999.5,nan,0.0,nan
h2o_co2_hybrid_mrk,X(CO2)=0.600000,20000.0,573.15,0.6,22.32467,0.4,0.6,0.2,0.5333333,0.2666667,0.0,0.0,0.0,166883.4,1377683000.0,0.0,-4999.5,nan,0.0,nan
h2o_co2_hybrid_mrk,X(CO2)=0.600000,1000.0,623.15,0.6,54.68587,0.4,0.6,0.2,0.5333333,0.2666667,0.0,0.0,0.0,140.1361,744.931,0.0,-4999.5,nan,0.0,nan
h2o_co2_hybrid_mrk,X(CO2)=0.600000,2000.0,623.15,0.6,40.58978,0.4,0.6,0.2,0.5333333,0.2666667,0.0,0.0,0.0,226.1589,2342.611,0.0,-4999.5,nan,0.0,nan
h2o_co2_hybrid_mrk,X(CO2)=0.600000,3000.0,623.15,0.6,35.6706,0.4,0.6,0.2,0.5333333,0.2666667,0.0,0.0,0.0,348.6906,5864.521,0.0,-4999.5,nan,0.0,nan
h2o_co2_hybrid_mrk,X(CO2)=0.600000,4000.0,623.15,0.6,32.91593,0.4,0.6,0.2,0.5333333,0.2666667,0.0,0.0,0.0,524.7314,13374.22,0.0,-4999.5,nan,0.0,nan
h2o_co2_hybrid_mrk,X(CO2)=0.600000,5000.0,623.15,0.6,31.06284,0.4,0.6,0.2,0.5333333,0.2666667,0.0,0.0,0.0,776.6901,28949.1,0.0,-4999.5,nan,0.0,nan
h2o_co2_hybrid_mrk,X(CO2)=0.600000,6000.0,623.15,0.6,29.69007,0.4,0.6,0.2,0.5333333,0.2666667,0.0,0.0,0.0,1135.572,60581.39,0.0,-4999.5,nan,0.0,nan
h2o_co2_hybrid_mrk,X(CO2)=0.600000,7000.0,623.15,0.6,28.61112,0.4,0.6,0.2,0.5333333,0.2666667,0.0,0.0,0.0,1644.396,123800.6,0.0,-4999.5,nan,0.0,nan
h2o_co2_hybrid_mrk,X(CO2)=0.600000,8000.0,623.15,0.6,27.72857,0.4,0.6,0.2,0.5333333,0.2666667,0.0,0.0,0.0,2362.785,248555.5,0.0,-4999.5,nan,0.0,nan
h2o_co2_hybrid_mrk,X(CO2)=0.600000,9000.0,623.15,0.6,26.98561,0.4,0.6,0.2,0.5333333,0.2666667,0.0,0.0,0.0,3373.246,492232.7,0.0,-4999.5,nan,0.0,nan
h2o_co2_hybrid_mrk,X(CO2)=0.600000,10000.0,623.15,0.6,26.34648,0.4,0.6,0.2,0.5333333,0.2666667,0.0,0.0,0.0,4789.754,964191.0,0.0,-4999.5,nan,0.0,nan
h2o_co2_hybrid_mrk,X(CO2)=0.600000,11000.0,623.15,0.6,25.78727,0.4,0.6,0.2,0.5333333,0.2666667,0.0,0.0,0.0,6769.505,1871838.0,0.0,-4999.5,nan,0.0,nan
h2o_co2_hybrid_mrk,X(CO2)=0.600000,12000.0,623.15,0.6,25.29133,0.4,0.6,0.2,0.5333333,0.2666667,0.0,0.0,0.0,9528.975,3606898.0,0.0,-4999.5,nan,0.0,nan
h2o_co2_hybrid_mrk,X(CO2)=0.600000,13000.0,623.15,0.6,24.84657,0.4,0.6,0.2,0.5333333,0.2666667,0.0,0.0,0.0,13365.85,6906492.0,0.0,-4999.5,nan,0.0,nan
h2o_co2_hybrid_mrk,X(CO2)=0.600000,14000.0,623.15,0.6,24.444,0.4,0.6,0.2,0.5333333,0.2666667,0.0,0.0,0.0,18688.98,13153140.0,0.0,-4999.5,nan,0.0,nan
h2o_co2_hybrid_mrk,X(CO2)=0.600000,15000.0,623.15,0.6,24.07674,0.4,0.6,0.2,0.5333333,0.2666667,0.0,0.0,0.0,26059.15,24932280.0,0.0,-4999.5,nan,0.0,nan
h2o_co2_hybrid_mrk,X(CO2)=0.600000,16000.0,623.15,0.6,23.73943,0.4,0.6,0.2,0.5333333,0.2666667,0.0,0.0,0.0,36244.71,47066170.0,0.0,-4999.5,nan,0.0,nan
h2o_co2_hybrid_mrk,X(CO2)=0.600000,17000.0,623.15,0.6,23.42783,0.4,0.6,0.2,0.5333333,0.2666667,0.0,0.0,0.0,50297.27,88527650.0,0.0,-4999.5,nan,0.0,nan
h2o_co2_hybrid_mrk,X(CO2)=0.600000,18000.0,623.15,0.6,23.13848,0.4,0.6,0.2,0.5333333,0.2666667,0.0,0.0,0.0,69654.67,165976500.0,0.0,-4999.5,nan,0.0,nan
h2o_co2_hybrid_mrk,X(CO2)=0.600000,19000.0,623.15,0.6,22.8686,0.4,0.6,0.2,0.5333333,0.2666667,0.0,0.0,0.0,96280.96,310283300.0,0.0,-4999.5,nan,0.0,nan
h2o_co2_hybrid_mrk,X(CO2)=0.600000,20000.0,623.15,0.6,22.61587,0.4,0.6,0.2,0.5333333,0.2666667,0.0,0.0,0.0,132856.7,578548000.0,0.0,-4999.5,nan,0.0,nan
h2o_co2_hybrid_mrk,X(CO2)=0.600000,1000.0,673.15,0.6,59.55443,0.4,0.6,0.2,0.5333333,0.2666667,0.0,0.0,0.0,164.7692,759.4555,0.0,-4999.5,nan,0.0,nan
h2o_co2_hybrid_mrk,X(CO2)=0.600000,2000.0,673.15,0.6,42.76066,0.4,0.6,0.2,0.5333333,0.2666667,0.0,0.0,0.0,267.2086,2330.562,0.0,-4999.5,nan,0.0,nan
h2o_co2_hybrid_mrk,X(CO2)=0.600000,3000.0,673.15,0.6,37.08756,0.4,0.6,0.2,0.5333333,0.2666667,0.0,0.0,0.0,407.0364,5634.201,0.0,-4999.5,nan,0.0,nan
h2o_co2_hybrid_mrk,X(CO2)=0.600000,4000.0,673.15,0.6,33.98667,0.4,0.6,0.2,0.5333333,0.2666667,0.0,0.0,0.0,602.6631,12365.37,0.0,-4999.5,nan,0.0,nan
h2o_co2_hybrid_mrk,X(CO2)=0.600000,5000.0,673.15,0.6,31.93465,0.4,0.6,0.2,0.5333333,0.2666667,0.0,0.0,0.0,876.1312,25718.34,0.0,-4999.5,nan,0.0,nan
h2o_co2_hybrid_mrk,X(CO2)=0.600000,6000.0,673.15,0.6,30.43202,0.4,0.6,0.2,0.5333333,0.2666667,0.0,0.0,0.0,1256.957,51672.49,0.0,-4999.5,nan,0.0,nan
h2o_co2_hybrid_mrk,X(CO2)=0.600000,7000.0,673.15,0.6,29.26111,0.4,0.6,0.2,0.5333333,0.2666667,0.0,0.0,0.0,1785.086,101331.0,0.0,-4999.5,nan,0.0,nan
h2o_co2_hybrid_mrk,X(CO2)=0.600000,8000.0,673.15,0.6,28.30965,0.4,0.6,0.2,0.5333333,0.2666667,0.0,0.0,0.0,2514.61,195165.9,0.0,-4999.5,nan,0.0,nan
h2o_co2_hybrid_mrk,X(CO2)=0.600000,9000.0,673.15,0.6,27.51292,0.4,0.6,0.2,0.5333333,0.2666667,0.0,0.0,0.0,3518.709,370696.2,0.0,-4999.5,nan,0.0,nan
h2o_co2_hybrid_mrk,X(CO2)=0.600000,10000.0,673.15,0.6,26.8305,0.4,0.6,0.2,0.5333333,0.2666667,0.0,0.0,0.0,4896.241,696322.8,0.0,-4999.5,nan,0.0,nan
h2o_co2_hybrid_mrk,X(CO2)=0.600000,11000.0,673.15,0.6,26.2356,0.4,0.6,0.2,0.5333333,0.2666667,0.0,0.0,0.0,6780.562,1296181.0,0.0,-4999.5,nan,0.0,nan
h2o_co2_hybrid_mrk,X(CO2)=0.600000,12000.0,673.15,0.6,25.70965,0.4,0.6,0.2,0.5333333,0.2666667,0.0,0.0,0.0,9351.308,2394657.0,0.0,-4999.5,nan,0.0,nan
h2o_co2_hybrid_mrk,X(CO2)=0.600000,13000.0,673.15,0.6,25.23926,0.4,0.6,0.2,0.5333333,0.2666667,0.0,0.0,0.0,12850.14,4395915.0,0.0,-4999.5,nan,0.0,nan
h2o_co2_hybrid_mrk,X(CO2)=0.600000,14000.0,673.15,0.6,24.8145,0.4,0.6,0.2,0.5333333,0.2666667,0.0,0.0,0.0,17601.77,8025648.0,0.0,-4999.5,nan,0.0,nan
h2o_co2_hybrid_mrk,X(CO2)=0.600000,15000.0,673.15,0.6,24.42783,0.4,0.6,0.2,0.5333333,0.2666667,0.0,0.0,0.0,24041.97,14583190.0,0.0,-4999.5,nan,0.0,nan
h2o_co2_hybrid_mrk,X(CO2)=0.600000,16000.0,673.15,0.6,24.07336,0.4,0.6,0.2,0.5333333,0.2666667,0.0,0.0,0.0,32754.94,26389050.0,0.0,-4999.5,nan,0.0,nan
h2o_co2_hybrid_mrk,X(CO2)=0.600000,17000.0,673.15,0.6,23.74646,0.4,0.6,0.2,0.5333333,0.2666667,0.0,0.0,0.0,44523.08,47577890.0,0.0,-4999.5,nan,0.0,nan
h2o_co2_hybrid_mrk,X(CO2)=0.600000,18000.0,673.15,0.6,23.44338,0.4,0.6,0.2,0.5333333,0.2666667,0.0,0.0,0.0,60393.2,85501400.0,0.0,-4999.5,nan,0.0,nan
h2o_co2_hybrid_mrk,X(CO2)=0.600000,19000.0,673.15,0.6,23.1611,0.4,0.6,0.2,0.5333333,0.2666667,0.0,0.0,0.0,81764.68,153206200.0,0.0,-4999.5,nan,0.0,nan
h2o_co2_hybrid_mrk,X(CO2)=0.600000,20000.0,673.15,0.6,22.89709,0.4,0.6,0.2,0.5333333,0.2666667,0.0,0.0,0.0,110506.5,273804600.0,0.0,-4999.5,nan,0.0,nan
h2o_co2_hybrid_mrk,X(CO2)=0.600000,1000.0,723.15,0.6,64.59996,0.4,0.6,0.2,0.5333333,0.2666667,0.0,0.0,0.0,188.6533,767.5573,0.0,-4999.5,nan,0.0,nan
h2o_co2_hybrid_mrk,X(CO2)=0.600000,2000.0,723.15,0.6,45.0061,0.4,0.6,0.2,0.5333333,0.2666667,0.0,0.0,0.0,309.1625,2304.265,0.0,-4999.5,nan,0.0,nan
h2o_co2_hybrid_mrk,X(CO2)=0.600000,3000.0,723.15,0.6,38.53843,0.4,0.6,0.2,0.5333333,0.2666667,0.0,0.0,0.0,467.1487,5405.383,0.0,-4999.5,nan,0.0,nan
h2o_co2_hybrid_mrk,X(CO2)=0.600000,4000.0,723.15,0.6,35.07187,0.4,0.6,0.2,0.5333333,0.2666667,0.0,0.0,0.0,682.8862,11477.67,0.0,-4999.5,nan,0.0,nan
h2o_co2_hybrid_mrk,X(CO2)=0.600000,5000.0,723.15,0.6,32.8109,0.4,0.6,0.2,0.5333333,0.2666667,0.0,0.0,0.0,978.2357,23065.56,0.0,-4999.5,nan,0.0,nan
h2o_co2_hybrid_mrk,X(CO2)=0.600000,6000.0,723.15,0.6,31.17286,0.4,0.6,0.2,0.5333333,0.2666667,0.0,0.0,0.0,1381.496,44744.97,0.0,-4999.5,nan,0.0,nan
h2o_co2_hybrid_mrk,X(CO2)=0.600000,7000.0,723.15,0.6,29.90672,0.4,0.6,0.2,0.5333333,0.2666667,0.0,0.0,0.0,1930.092,84684.68,0.0,-4999.5,nan,0.0,nan
h2o_co2_hybrid_mrk,X(CO2)=0.600000,8000.0,723.15,0.6,28.8844,0.4,0.6,0.2,0.5333333,0.2666667,0.0,0.0,0.0,2673.671,157370.9,0.0,-4999.5,nan,0.0,nan
h2o_co2_hybrid_mrk,X(CO2)=0.600000,9000.0,723.15,0.6,28.0327,0.4,0.6,0.2,0.5333333,0.2666667,0.0,0.0,0.0,3678.086,288346.1,0.0,-4999.5,nan,0.0,nan
h2o_co2_hybrid_mrk,X(CO2)=0.600000,10000.0,723.15,0.6,27.30626,0.4,0.6,0.2,0.5333333,0.2666667,0.0,0.0,0.0,5030.588,522424.2,0.0,-4999.5,nan,0.0,nan
h2o_co2_hybrid_mrk,X(CO2)=0.600000,11000.0,723.15,0.6,26.67524,0.4,0.6,0.2,0.5333333,0.2666667,0.0,0.0,0.0,6846.634,937890.0,0.0,-4999.5,nan,0.0,nan
h2o_co2_hybrid_mrk,X(CO2)=0.600000,12000.0,723.15,0.6,26.11904,0.4,0.6,0.2,0.5333333,0.2666667,0.0,0.0,0.0,9278.806,1670975.0,0.0,-4999.5,nan,0.0,nan
h2o_co2_hybrid_mrk,X(CO2)=0.600000,13000.0,723.15,0.6,25.62291,0.4,0.6,0.2,0.5333333,0.2666667,0.0,0.0,0.0,12528.51,2957951.0,0.0,-4999.5,nan,0.0,nan
h2o_co2_hybrid_mrk,X(CO2)=0.600000,14000.0,723.15,0.6,25.17594,0.4,0.6,0.2,0.5333333,0.2666667,0.0,0.0,0.0,16861.27,5207344.0,0.0,-4999.5,nan,0.0,nan
h2o_co2_hybrid_mrk,X(CO2)=0.600000,15000.0,723.15,0.6,24.76988,0.4,0.6,0.2,0.5333333,0.2666667,0.0,0.0,0.0,22626.81,9123611.0,0.0,-4999.5,nan,0.0,nan
h2o_co2_hybrid_mrk,X(CO2)=0.600000,16000.0,723.15,0.6,24.39834,0.4,0.6,0.2,0.5333333,0.2666667,0.0,0.0,0.0,30285.18,15918510.0,0.0,-4999.5,nan,0.0,nan
h2o_co2_hybrid_mrk,X(CO2)=0.600000,17000.0,723.15,0.6,24.05625,0.4,0.6,0.2,0.5333333,0.2666667,0.0,0.0,0.0,40441.08,27671800.0,0.0,-4999.5,nan,0.0,nan
h2o_co2_hybrid_mrk,X(CO2)=0.600000,18000.0,723.15,0.6,23.73958,0.4,0.6,0.2,0.5333333,0.2666667,0.0,0.0,0.0,53888.58,47945690.0,0.0,-4999.5,nan,0.0,nan
h2o_co2_hybrid_mrk,X(CO2)=0.600000,19000.0,723.15,0.6,23.44503,0.4,0.6,0.2,0.5333333,0.2666667,0.0,0.0,0.0,71669.49,82830230.0,0.0,-4999.5,nan,0.0,nan
h2o_co2_hybrid_mrk,X(CO2)=0.600000,20000.0,723.15,0.6,23.16991,0.4,0.6,0.2,0.5333333,0.2666667,0.0,0.0,0.0,95149.62,142719300.0,0.0,-4999.5,nan,0.0,nan
h2o_co2_hybrid_mrk,X(CO2)=0.600000,1000.0,773.15,0.6,69.80945,0.4,0.6,0.2,0.5333333,0.2666667,0.0,0.0,0.0,211.3367,771.4626,0.0,-4999.5,nan,0.0,nan
h2o_co2_hybrid_mrk,X(CO2)=0.600000,2000.0,773.15,0.6,47.31983,0.4,0.6,0.2,0.5333333,0.2666667,0.0,0.0,0.0,351.3132,2270.018,0.0,-4999.5,nan,0.0,nan
h2o_co2_hybrid_mrk,X(CO2)=0.600000,3000.0,773.15,0.6,40.0234,0.4,0.6,0.2,0.5333333,0.2666667,0.0,0.0,0.0,528.2394,5186.647,0.0,-4999.5,nan,0.0,nan
h2o_co2_hybrid_mrk,X(CO2)=0.600000,4000.0,773.15,0.6,36.17371,0.4,0.6,0.2,0.5333333,0.2666667,0.0,0.0,0.0,764.5315,10700.75,0.0,-4999.5,nan,0.0,nan
h2o_co2_hybrid_mrk,X(CO2)=0.600000,5000.0,773.15,0.6,33.69425,0.4,0.6,0.2,0.5333333,0.2666667,0.0,0.0,0.0,1082.029,20870.29,0.0,-4999.5,nan,0.0,nan
h2o_co2_hybrid_mrk,X(CO2)=0.600000,6000.0,773.15,0.6,31.9153,0.4,0.6,0.2,0.5333333,0.2666667,0.0,0.0,0.0,1508.028,39268.38,0.0,-4999.5,nan,0.0,nan
h2o_co2_hybrid_mrk,X(CO2)=0.600000,7000.0,773.15,0.6,30.55062,0.4,0.6,0.2,0.5333333,0.2666667,0.0,0.0,0.0,2077.849,72056.94,0.0,-4999.5,nan,0.0,nan
h2o_co2_hybrid_mrk,X(CO2)=0.600000,8000.0,773.15,0.6,29.45536,0.4,0.6,0.2,0.5333333,0.2666667,0.0,0.0,0.0,2837.486,129796.4,0.0,-4999.5,nan,0.0,nan
h2o_co2_hybrid_mrk,X(CO2)=0.600000,9000.0,773.15,0.6,28.54735,0.4,0.6,0.2,0.5333333,0.2666667,0.0,0.0,0.0,3846.891,230487.7,0.0,-4999.5,nan,0.0,nan
h2o_co2_hybrid_mrk,X(CO2)=0.600000,10000.0,773.15,0.6,27.77604,0.4,0.6,0.2,0.5333333,0.2666667,0.0,0.0,0.0,5184.147,404670.3,0.0,-4999.5,nan,0.0,nan
h2o_co2_hybrid_mrk,X(CO2)=0.600000,11000.0,773.15,0.6,27.10834,0.4,0.6,0.2,0.5333333,0.2666667,0.0,0.0,0.0,6950.856,703941.2,0.0,-4999.5,nan,0.0,nan
h2o_co2_hybrid_mrk,X(CO2)=0.600000,12000.0,773.15,0.6,26.52155,0.4,0.6,0.2,0.5333333,0.2666667,0.0,0.0,0.0,9279.064,1215156.0,0.0,-4999.5,nan,0.0,nan
h2o_co2_hybrid_mrk,X(CO2)=0.600000,13000.0,773.15,0.6,25.99946,0.4,0.6,0.2,0.5333333,0.2666667,0.0,0.0,0.0,12340.19,2084051.0,0.0,-4999.5,nan,0.0,nan
h2o_co2_hybrid_mrk,X(CO2)=0.600000,14000.0,773.15,0.6,25.53018,0.4,0.6,0.2,0.5333333,0.2666667,0.0,0.0,0.0,16356.54,3554441.0,0.0,-4999.5,nan,0.0,nan
h2o_co2_hybrid_mrk,X(CO2)=0.600000,15000.0,773.15,0.6,25.1047,0.4,0.6,0.2,0.5333333,0.2666667,0.0,0.0,0.0,21616.08,6033165.0,0.0,-4999.5,nan,0.0,nan
h2o_co2_hybrid_mrk,X(CO2)=0.600000,16000.0,773.15,0.6,24.71608,0.4,0.6,0.2,0.5333333,0.2666667,0.0,0.0,0.0,28491.5,10197470.0,0.0,-4999.5,nan,0.0,nan
h2o_co2_hybrid_mrk,X(CO2)=0.600000,17000.0,773.15,0.6,24.35885,0.4,0.6,0.2,0.5333333,0.2666667,0.0,0.0,0.0,37464.66,17172340.0,0.0,-4999.5,nan,0.0,nan
h2o_co2_hybrid_mrk,X(CO2)=0.600000,18000.0,773.15,0.6,24.02864,0.4,0.6,0.2,0.5333333,0.2666667,0.0,0.0,0.0,49158.08,28822760.0,0.0,-4999.5,nan,0.0,nan
h2o_co2_hybrid_mrk,X(CO2)=0.600000,19000.0,773.15,0.6,23.72192,0.4,0.6,0.2,0.5333333,0.2666667,0.0,0.0,0.0,64375.28,48234950.0,0.0,-4999.5,nan,0.0,nan
h2o_co2_hybrid_mrk,X(CO2)=0.600000,20000.0,773.15,0.6,23.43578,0.4,0.6,0.2,0.5333333,0.2666667,0.0,0.0,0.0,84152.67,80507580.0,0.0,-4999.5,nan,0.0,nan
h2o_co2_hybrid_mrk,X(CO2)=0.600000,1000.0,823.15,0.6,75.04661,0.4,0.6,0.2,0.5333333,0.2666667,0.0,0.0,0.0,232.5068,772.6062,0.0,-4999.5,nan,0.0,nan
h2o_co2_hybrid_mrk,X(CO2)=0.600000,2000.0,823.15,0.6,49.69637,0.4,0.6,0.2,0.5333333,0.2666667,0.0,0.0,0.0,392.9288,2231.772,0.0,-4999.5,nan,0.0,nan
h2o_co2_hybrid_mrk,X(CO2)=0.600000,3000.0,823.15,0.6,41.54207,0.4,0.6,0.2,0.5333333,0.2666667,0.0,0.0,0.0,589.3807,4981.785,0.0,-4999.5,nan,0.0,nan
h2o_co2_hybrid_mrk,X(CO2)=0.600000,4000.0,823.15,0.6,37.29361,0.4,0.6,0.2,0.5333333,0.2666667,0.0,0.0,0.0,846.4738,10020.97,0.0,-4999.5,nan,0.0,nan
h2o_co2_hybrid_mrk,X(CO2)=0.600000,5000.0,823.15,0.6,34.58671,0.4,0.6,0.2,0.5333333,0.2666667,0.0,0.0,0.0,1186.142,19036.94,0.0,-4999.5,nan,0.0,nan
h2o_co2_hybrid_mrk,X(CO2)=0.600000,6000.0,823.15,0.6,32.66148,0.4,0.6,0.2,0.5333333,0.2666667,0.0,0.0,0.0,1634.838,34870.02,0.0,-4999.5,nan,0.0,nan
h2o_co2_hybrid_mrk,X(CO2)=0.600000,7000.0,823.15,0.6,31.19493,0.4,0.6,0.2,0.5333333,0.2666667,0.0,0.0,0.0,2226.083,62270.83,0.0,-4999.5,nan,0.0,nan
h2o_co2_hybrid_mrk,X(CO2)=0.600000,8000.0,823.15,0.6,30.02458,0.4,0.6,0.2,0.5333333,0.2666667,0.0,0.0,0.0,3002.794,109138.9,0.0,-4999.5,nan,0.0,nan
h2o_co2_hybrid_mrk,X(CO2)=0.600000,9000.0,823.15,0.6,29.05886,0.4,0.6,0.2,0.5333333,0.2666667,0.0,0.0,0.0,4020.036,188543.0,0.0,-4999.5,nan,0.0,nan
h2o_co2_hybrid_mrk,X(CO2)=0.600000,10000.0,823.15,0.6,28.24172,0.4,0.6,0.2,0.5333333,0.2666667,0.0,0.0,0.0,5348.452,322006.5,0.0,-4999.5,nan,0.0,nan
h2o_co2_hybrid_mrk,X(CO2)=0.600000,11000.0,823.15,0.6,27.53671,0.4,0.6,0.2,0.5333333,0.2666667,0.0,0.0,0.0,7078.6,544838.1,0.0,-4999.5,nan,0.0,nan
h2o_co2_hybrid_mrk,X(CO2)=0.600000,12000.0,823.15,0.6,26.91889,0.4,0.6,0.2,0.5333333,0.2666667,0.0,0.0,0.0,9326.445,914757.5,0.0,-4999.5,nan,0.0,nan
h2o_co2_hybrid_mrk,X(CO2)=0.600000,13000.0,823.15,0.6,26.37058,0.4,0.6,0.2,0.5333333,0.2666667,0.0,0.0,0.0,12240.34,1525827.0,0.0,-4999.5,nan,0.0,nan
h2o_co2_hybrid_mrk,X(CO2)=0.600000,14000.0,823.15,0.6,25.8788,0.4,0.6,0.2,0.5333333,0.2666667,0.0,0.0,0.0,16009.89,2530907.0,0.0,-4999.5,nan,0.0,nan
h2o_co2_hybrid_mrk,X(CO2)=0.600000,15000.0,823.15,0.6,25.4338,0.4,0.6,0.2,0.5333333,0.2666667,0.0,0.0,0.0,20877.15,4177778.0,0.0,-4999.5,nan,0.0,nan
h2o_co2_hybrid_mrk,X(CO2)=0.600000,16000.0,823.15,0.6,25.02805,0.4,0.6,0.2,0.5333333,0.2666667,0.0,0.0,0.0,27150.89,6867172.0,0.0,-4999.5,nan,0.0,nan
h2o_co2_hybrid_mrk,X(CO2)=0.600000,17000.0,823.15,0.6,24.65566,0.4,0.6,0.2,0.5333333,0.2666667,0.0,0.0,0.0,35224.61,11245830.0,0.0,-4999.5,nan,0.0,nan
h2o_co2_hybrid_mrk,X(CO2)=0.600000,18000.0,823.15,0.6,24.31194,0.4,0.6,0.2,0.5333333,0.2666667,0.0,0.0,0.0,45599.38,18355550.0,0.0,-4999.5,nan,0.0,nan
h2o_co2_hybrid_mrk,X(CO2)=0.600000,19000.0,823.15,0.6,23.99308,0.4,0.6,0.2,0.5333333,0.2666667,0.0,0.0,0.0,58912.76,29871540.0,0.0,-4999.5,nan,0.0,nan
h2o_co2_hybrid_mrk,X(CO2)=0.600000,20000.0,823.15,0.6,23.69596,0.4,0.6,0.2,0.5333333,0.2666667,0.0,0.0,0.0,75975.36,48483200.0,0.0,-4999.5,nan,0.0,nan
h2o_co2_hybrid_mrk,X(CO2)=0.600000,1000.0,873.15,0.6,80.13797,0.4,0.6,0.2,0.5333333,0.2666667,0.0,0.0,0.0,251.9878,771.9151,0.0,-4999.5,nan,0.0,nan
h2o_co2_hybrid_mrk,X(CO2)=0.600000,2000.0,873.15,0.6,52.12733,0.4,0.6,0.2,0.5333333,0.2666667,0.0,0.0,0.0,433.3421,2191.991,0.0,-4999.5,nan,0.0,nan
h2o_co2_hybrid_mrk,X(CO2)=0.600000,3000.0,873.15,0.6,43.09371,0.4,0.6,0.2,0.5333333,0.2666667,0.0,0.0,0.0,649.6406,4792.074,0.0,-4999.5,nan,0.0,nan
h2o_co2_hybrid_mrk,X(CO2)=0.600000,4000.0,873.15,0.6,38.43257,0.4,0.6,0.2,0.5333333,0.2666667,0.0,0.0,0.0,927.5287,9424.83,0.0,-4999.5,nan,0.0,nan
h2o_co2_hybrid_mrk,X(CO2)=0.600000,5000.0,873.15,0.6,35.48984,0.4,0.6,0.2,0.5333333,0.2666667,0.0,0.0,0.0,1289.097,17491.51,0.0,-4999.5,nan,0.0,nan
h2o_co2_hybrid_mrk,X(CO2)=0.600000,6000.0,873.15,0.6,33.41313,0.4,0.6,0.2,0.5333333,0.2666667,0.0,0.0,0.0,1760.069,31285.92,0.0,-4999.5,nan,0.0,nan
h2o_co2_hybrid_mrk,X(CO2)=0.600000,7000.0,873.15,0.6,31.84138,0.4,0.6,0.2,0.5333333,0.2666667,0.0,0.0,0.0,2372.385,54541.33,0.0,-4999.5,nan,0.0,nan
h2o_co2_hybrid_mrk,X(CO2)=0.600000,8000.0,873.15,0.6,30.59375,0.4,0.6,0.2,0.5333333,0.2666667,0.0,0.0,0.0,3166.304,93300.86,0.0,-4999.5,nan,0.0,nan
h2o_co2_hybrid_mrk,X(CO2)=0.600000,9000.0,873.15,0.6,29.56884,0.4,0.6,0.2,0.5333333,0.2666667,0.0,0.0,0.0,4192.748,157299.3,0.0,-4999.5,nan,0.0,nan
h2o_co2_hybrid_mrk,X(CO2)=0.600000,10000.0,873.15,0.6,28.70488,0.4,0.6,0.2,0.5333333,0.2666667,0.0,0.0,0.0,5516.161,262151.6,0.0,-4999.5,nan,0.0,nan
h2o_co2_hybrid_mrk,X(CO2)=0.600000,11000.0,873.15,0.6,27.96185,0.4,0.6,0.2,0.5333333,0.2666667,0.0,0.0,0.0,7218.058,432810.7,0.0,-4999.5,nan,0.0,nan
h2o_co2_hybrid_mrk,X(CO2)=0.600000,12000.0,873.15,0.6,27.31252,0.4,0.6,0.2,0.5333333,0.2666667,0.0,0.0,0.0,9401.464,709018.1,0.0,-4999.5,nan,0.0,nan
h2o_co2_hybrid_mrk,X(CO2)=0.600000,13000.0,873.15,0.6,26.73764,0.4,0.6,0.2,0.5333333,0.2666667,0.0,0.0,0.0,12196.46,1153880.0,0.0,-4999.5,nan,0.0,nan
h2o_co2_hybrid_mrk,X(CO2)=0.600000,14000.0,873.15,0.6,26.22313,0.4,0.6,0.2,0.5333333,0.2666667,0.0,0.0,0.0,15767.16,1867333.0,0.0,-4999.5,nan,0.0,nan
h2o_co2_hybrid_mrk,X(CO2)=0.600000,15000.0,873.15,0.6,25.75844,0.4,0.6,0.2,0.5333333,0.2666667,0.0,0.0,0.0,20320.39,3007257.0,0.0,-4999.5,nan,0.0,nan
h2o_co2_hybrid_mrk,X(CO2)=0.600000,16000.0,873.15,0.6,25.33546,0.4,0.6,0.2,0.5333333,0.2666667,0.0,0.0,0.0,26116.59,4822520.0,0.0,-4999.5,nan,0.0,nan
h2o_co2_hybrid_mrk,X(CO2)=0.600000,17000.0,873.15,0.6,24.94786,0.4,0.6,0.2,0.5333333,0.2666667,0.0,0.0,0.0,33483.44,7704620.0,0.0,-4999.5,nan,0.0,nan
h2o_co2_hybrid_mrk,X(CO2)=0.600000,18000.0,873.15,0.6,24.59059,0.4,0.6,0.2,0.5333333,0.2666667,0.0,0.0,0.0,42832.92,12268300.0,0.0,-4999.5,nan,0.0,nan
h2o_co2_hybrid_mrk,X(CO2)=0.600000,19000.0,873.15,0.6,24.25959,0.4,0.6,0.2,0.5333333,0.2666667,0.0,0.0,0.0,54682.53,19477220.0,0.0,-4999.5,nan,0.0,nan
h2o_co2_hybrid_mrk,X(CO2)=0.600000,20000.0,873.15,0.6,23.95152,0.4,0.6,0.2,0.5333333,0.2666667,0.0,0.0,0.0,69681.96,30839580.0,0.0,-4999.5,nan,0.0,nan
h2o_co2_hybrid_mrk,X(CO2)=0.600000,1000.0,923.15,0.6,85.15227,0.4,0.6,0.2,0.5333333,0.2666667,0.0,0.0,0.0,269.7156,769.9977,0.0,-4999.5,nan,0.0,nan
h2o_co2_hybrid_mrk,X(CO2)=0.600000,2000.0,923.15,0.6,54.59708,0.4,0.6,0.2,0.5333333,0.2666667,0.0,0.0,0.0,472.0029,2152.193,0.0,-4999.5,nan,0.0,nan
h2o_co2_hybrid_mrk,X(CO2)=0.600000,3000.0,923.15,0.6,44.67688,0.4,0.6,0.2,0.5333333,0.2666667,0.0,0.0,0.0,708.1738,4617.489,0.0,-4999.5,nan,0.0,nan
h2o_co2_hybrid_mrk,X(CO2)=0.600000,4000.0,923.15,0.6,39.59132,0.4,0.6,0.2,0.5333333,0.2666667,0.0,0.0,0.0,1006.584,8900.258,0.0,-4999.5,nan,0.0,nan
h2o_co2_hybrid_mrk,X(CO2)=0.600000,5000.0,923.15,0.6,36.40496,0.4,0.6,0.2,0.5333333,0.2666667,0.0,0.0,0.0,1389.493,16177.1,0.0,-4999.5,nan,0.0,nan
h2o_co2_hybrid_mrk,X(CO2)=0.600000,6000.0,923.15,0.6,34.17175,0.4,0.6,0.2,0.5333333,0.2666667,0.0,0.0,0.0,1881.963,28326.67,0.0,-4999.5,nan,0.0,nan
h2o_co2_hybrid_mrk,X(CO2)=0.600000,7000.0,923.15,0.6,32.49148,0.4,0.6,0.2,0.5333333,0.2666667,0.0,0.0,0.0,2514.519,48332.65,0.0,-4999.5,nan,0.0,nan
h2o_co2_hybrid_mrk,X(CO2)=0.600000,8000.0,923.15,0.6,31.16435,0.4,0.6,0.2,0.5333333,0.2666667,0.0,0.0,0.0,3325.07,80909.59,0.0,-4999.5,nan,0.0,nan
h2o_co2_hybrid_mrk,X(CO2)=0.600000,9000.0,923.15,0.6,30.07871,0.4,0.6,0.2,0.5333333,0.2666667,0.0,0.0,0.0,4360.945,133473.0,0.0,-4999.5,nan,0.0,nan
h2o_co2_hybrid_mrk,X(CO2)=0.600000,10000.0,923.15,0.6,29.16684,0.4,0.6,0.2,0.5333333,0.2666667,0.0,0.0,0.0,5681.305,217639.3,0.0,-4999.5,nan,0.0,nan
h2o_co2_hybrid_mrk,X(CO2)=0.600000,11000.0,923.15,0.6,28.38503,0.4,0.6,0.2,0.5333333,0.2666667,0.0,0.0,0.0,7360.092,351541.0,0.0,-4999.5,nan,0.0,nan
h2o_co2_hybrid_mrk,X(CO2)=0.600000,12000.0,923.15,0.6,27.70365,0.4,0.6,0.2,0.5333333,0.2666667,0.0,0.0,0.0,9489.658,563390.6,0.0,-4999.5,nan,0.0,nan
h2o_co2_hybrid_mrk,X(CO2)=0.600000,13000.0,923.15,0.6,27.1018,0.4,0.6,0.2,0.5333333,0.2666667,0.0,0.0,0.0,12185.26,896958.6,0.0,-4999.5,nan,0.0,nan
h2o_co2_hybrid_mrk,X(CO2)=0.600000,14000.0,923.15,0.6,26.56428,0.4,0.6,0.2,0.5333333,0.2666667,0.0,0.0,0.0,15590.6,1419978.0,0.0,-4999.5,nan,0.0,nan
h2o_co2_hybrid_mrk,X(CO2)=0.600000,15000.0,923.15,0.6,26.0797,0.4,0.6,0.2,0.5333333,0.2666667,0.0,0.0,0.0,19884.72,2237015.0,0.0,-4999.5,nan,0.0,nan
h2o_co2_hybrid_mrk,X(CO2)=0.600000,16000.0,923.15,0.6,25.63935,0.4,0.6,0.2,0.5333333,0.2666667,0.0,0.0,0.0,25290.5,3509160.0,0.0,-4999.5,nan,0.0,nan
h2o_co2_hybrid_mrk,X(CO2)=0.600000,17000.0,923.15,0.6,25.23644,0.4,0.6,0.2,0.5333333,0.2666667,0.0,0.0,0.0,32085.14,5484096.0,0.0,-4999.5,nan,0.0,nan
h2o_co2_hybrid_mrk,X(CO2)=0.600000,18000.0,923.15,0.6,24.86557,0.4,0.6,0.2,0.5333333,0.2666667,0.0,0.0,0.0,40613.18,8541962.0,0.0,-4999.5,nan,0.0,nan
h2o_co2_hybrid_mrk,X(CO2)=0.600000,19000.0,923.15,0.6,24.52238,0.4,0.6,0.2,0.5333333,0.2666667,0.0,0.0,0.0,51302.52,13265230.0,0.0,-4999.5,nan,0.0,nan
h2o_co2_hybrid_mrk,X(CO2)=0.600000,20000.0,923.15,0.6,24.20334,0.4,0.6,0.2,0.5333333,0.2666667,0.0,0.0,0.0,64684.25,20545070.0,0.0,-4999.5,nan,0.0,nan
h2o_co2_hybrid_mrk,X(CO2)=0.600000,1000.0,973.15,0.6,90.17834,0.4,0.6,0.2,0.5333333,0.2666667,0.0,0.0,0.0,285.7086,767.2621,0.0,-4999.5,nan,0.0,nan
h2o_co2_hybrid_mrk,X(CO2)=0.600000,2000.0,973.15,0.6,57.08538,0.4,0.6,0.2,0.5333333,0.2666667,0.0,0.0,0.0,508.4995,2113.295,0.0,-4999.5,nan,0.0,nan
h2o_co2_hybrid_mrk,X(CO2)=0.600000,3000.0,973.15,0.6,46.2885,0.4,0.6,0.2,0.5333333,0.2666667,0.0,0.0,0.0,764.2743,4457.351,0.0,-4999.5,nan,0.0,nan
h2o_co2_hybrid_mrk,X(CO2)=0.600000,4000.0,973.15,0.6,40.77018,0.4,0.6,0.2,0.5333333,0.2666667,0.0,0.0,0.0,1082.679,8436.849,0.0,-4999.5,nan,0.0,nan
h2o_co2_hybrid_mrk,X(CO2)=0.600000,5000.0,973.15,0.6,37.33321,0.4,0.6,0.2,0.5333333,0.2666667,0.0,0.0,0.0,1486.104,15049.82,0.0,-4999.5,nan,0.0,nan
h2o_co2_hybrid_mrk,X(CO2)=0.600000,6000.0,973.15,0.6,34.93866,0.4,0.6,0.2,0.5333333,0.2666667,0.0,0.0,0.0,1998.995,25854.32,0.0,-4999.5,nan,0.0,nan
h2o_co2_hybrid_mrk,X(CO2)=0.600000,7000.0,973.15,0.6,33.14659,0.4,0.6,0.2,0.5333333,0.2666667,0.0,0.0,0.0,2650.576,43270.83,0.0,-4999.5,nan,0.0,nan
h2o_co2_hybrid_mrk,X(CO2)=0.600000,8000.0,973.15,0.6,31.73768,0.4,0.6,0.2,0.5333333,0.2666667,0.0,0.0,0.0,3476.64,71041.54,0.0,-4999.5,nan,0.0,nan
h2o_co2_hybrid_mrk,X(CO2)=0.600000,9000.0,973.15,0.6,30.58972,0.4,0.6,0.2,0.5333333,0.2666667,0.0,0.0,0.0,4521.342,114927.1,0.0,-4999.5,nan,0.0,nan
h2o_co2_hybrid_mrk,X(CO2)=0.600000,10000.0,973.15,0.6,29.62881,0.4,0.6,0.2,0.5333333,0.2666667,0.0,0.0,0.0,5839.258,183761.3,0.0,-4999.5,nan,0.0,nan
h2o_co2_hybrid_mrk,X(CO2)=0.600000,11000.0,973.15,0.6,28.8074,0.4,0.6,0.2,0.5333333,0.2666667,0.0,0.0,0.0,7497.856,291044.0,0.0,-4999.5,nan,0.0,nan
h2o_co2_hybrid_mrk,X(CO2)=0.600000,12000.0,973.15,0.6,28.09335,0.4,0.6,0.2,0.5333333,0.2666667,0.0,0.0,0.0,9580.51,457342.7,0.0,-4999.5,nan,0.0,nan
h2o_co2_hybrid_mrk,X(CO2)=0.600000,13000.0,973.15,0.6,27.4641,0.4,0.6,0.2,0.5333333,0.2666667,0.0,0.0,0.0,12190.17,713906.3,0.0,-4999.5,nan,0.0,nan
h2o_co2_hybrid_mrk,X(CO2)=0.600000,14000.0,973.15,0.6,26.90323,0.4,0.6,0.2,0.5333333,0.2666667,0.0,0.0,0.0,15453.87,1108095.0,0.0,-4999.5,nan,0.0,nan
h2o_co2_hybrid_mrk,X(CO2)=0.600000,15000.0,973.15,0.6,26.39852,0.4,0.6,0.2,0.5333333,0.2666667,0.0,0.0,0.0,19528.23,1711523.0,0.0,-4999.5,nan,0.0,nan
h2o_co2_hybrid_mrk,X(CO2)=0.600000,16000.0,973.15,0.6,25.94062,0.4,0.6,0.2,0.5333333,0.2666667,0.0,0.0,0.0,24606.19,2632262.0,0.0,-4999.5,nan,0.0,nan
h2o_co2_hybrid_mrk,X(CO2)=0.600000,17000.0,973.15,0.6,25.52226,0.4,0.6,0.2,0.5333333,0.2666667,0.0,0.0,0.0,30925.27,4033085.0,0.0,-4999.5,nan,0.0,nan
h2o_co2_hybrid_mrk,X(CO2)=0.600000,18000.0,973.15,0.6,25.13769,0.4,0.6,0.2,0.5333333,0.2666667,0.0,0.0,0.0,38777.65,6158741.0,0.0,-4999.5,nan,0.0,nan
h2o_co2_hybrid_mrk,X(CO2)=0.600000,19000.0,973.15,0.6,24.78226,0.4,0.6,0.2,0.5333333,0.2666667,0.0,0.0,0.0,48522.51,9376642.0,0.0,-4999.5,nan,0.0,nan
h2o_co2_hybrid_mrk,X(CO2)=0.600000,20000.0,973.15,0.6,24.4522,0.4,0.6,0.2,0.5333333,0.2666667,0.0,0.0,0.0,60601.07,14237540.0,0.0,-4999.5,nan,0.0,nan
h2o_co2_hybrid_mrk,X(CO2)=0.600000,1000.0,1023.15,0.6,95.20743,0.4,0.6,0.2,0.5333333,0.2666667,0.0,0.0,0.0,300.0389,763.9887,0.0,-4999.5,nan,0.0,nan
h2o_co2_hybrid_mrk,X(CO2)=0.600000,2000.0,1023.15,0.6,59.57587,0.4,0.6,0.2,0.5333333,0.2666667,0.0,0.0,0.0,542.5567,2075.828,0.0,-4999.5,nan,0.0,nan
h2o_co2_hybrid_mrk,X(CO2)=0.600000,3000.0,1023.15,0.6,47.92353,0.4,0.6,0.2,0.5333333,0.2666667,0.0,0.0,0.0,817.3952,4310.684,0.0,-4999.5,nan,0.0,nan
h2o_co2_hybrid_mrk,X(CO2)=0.600000,4000.0,1023.15,0.6,41.96878,0.4,0.6,0.2,0.5333333,0.2666667,0.0,0.0,0.0,1155.035,8025.806,0.0,-4999.5,nan,0.0,nan
h2o_co2_hybrid_mrk,X(CO2)=0.600000,5000.0,1023.15,0.6,38.27544,0.4,0.6,0.2,0.5333333,0.2666667,0.0,0.0,0.0,1577.931,14075.57,0.0,-4999.5,nan,0.0,nan
h2o_co2_hybrid_mrk,X(CO2)=0.600000,6000.0,1023.15,0.6,35.71505,0.4,0.6,0.2,0.5333333,0.2666667,0.0,0.0,0.0,2109.925,23766.8,0.0,-4999.5,nan,0.0,nan
h2o_co2_hybrid_mrk,X(CO2)=0.600000,7000.0,1023.15,0.6,33.80794,0.4,0.6,0.2,0.5333333,0.2666667,0.0,0.0,0.0,2779.025,39089.35,0.0,-4999.5,nan,0.0,nan
h2o_co2_hybrid_mrk,X(CO2)=0.600000,8000.0,1023.15,0.6,32.31496,0.4,0.6,0.2,0.5333333,0.2666667,0.0,0.0,0.0,3619.094,63059.46,0.0,-4999.5,nan,0.0,nan
h2o_co2_hybrid_mrk,X(CO2)=0.600000,9000.0,1023.15,0.6,31.10303,0.4,0.6,0.2,0.5333333,0.2666667,0.0,0.0,0.0,4671.439,100230.5,0.0,-4999.5,nan,0.0,nan
h2o_co2_hybrid_mrk,X(CO2)=0.600000,10000.0,1023.15,0.6,30.09188,0.4,0.6,0.2,0.5333333,0.2666667,0.0,0.0,0.0,5986.588,157451.1,0.0,-4999.5,nan,0.0,nan
h2o_co2_hybrid_mrk,X(CO2)=0.600000,11000.0,1023.15,0.6,29.22997,0.4,0.6,0.2,0.5333333,0.2666667,0.0,0.0,0.0,7626.391,244988.5,0.0,-4999.5,nan,0.0,nan
h2o_co2_hybrid_mrk,X(CO2)=0.600000,12000.0,1023.15,0.6,28.48261,0.4,0.6,0.2,0.5333333,0.2666667,0.0,0.0,0.0,9666.534,378190.0,0.0,-4999.5,nan,0.0,nan
h2o_co2_hybrid_mrk,X(CO2)=0.600000,13000.0,1023.15,0.6,27.82545,0.4,0.6,0.2,0.5333333,0.2666667,0.0,0.0,0.0,12199.59,579935.7,0.0,-4999.5,nan,0.0,nan
h2o_co2_hybrid_mrk,X(CO2)=0.600000,14000.0,1023.15,0.6,27.24086,0.4,0.6,0.2,0.5333333,0.2666667,0.0,0.0,0.0,15338.68,884254.2,0.0,-4999.5,nan,0.0,nan
h2o_co2_hybrid_mrk,X(CO2)=0.600000,15000.0,1023.15,0.6,26.71573,0.4,0.6,0.2,0.5333333,0.2666667,0.0,0.0,0.0,19221.99,1341645.0,0.0,-4999.5,nan,0.0,nan
h2o_co2_hybrid_mrk,X(CO2)=0.600000,16000.0,1023.15,0.6,26.24006,0.4,0.6,0.2,0.5333333,0.2666667,0.0,0.0,0.0,24018.15,2026903.0,0.0,-4999.5,nan,0.0,nan
h2o_co2_hybrid_mrk,X(CO2)=0.600000,17000.0,1023.15,0.6,25.80609,0.4,0.6,0.2,0.5333333,0.2666667,0.0,0.0,0.0,29932.81,3050601.0,0.0,-4999.5,nan,0.0,nan
h2o_co2_hybrid_mrk,X(CO2)=0.600000,18000.0,1023.15,0.6,25.40768,0.4,0.6,0.2,0.5333333,0.2666667,0.0,0.0,0.0,37216.58,4575940.0,0.0,-4999.5,nan,0.0,nan
h2o_co2_hybrid_mrk,X(CO2)=0.600000,19000.0,1023.15,0.6,25.03991,0.4,0.6,0.2,0.5333333,0.2666667,0.0,0.0,0.0,46174.71,6843414.0,0.0,-4999.5,nan,0.0,nan
h2o_co2_hybrid_mrk,X(CO2)=0.600000,20000.0,1023.15,0.6,24.69876,0.4,0.6,0.2,0.5333333,0.2666667,0.0,0.0,0.0,57178.68,10206920.0,0.0,-4999.5,nan,0.0,nan
h2o_co2_hybrid_mrk,X(CO2)=0.600000,1000.0,1073.15,0.6,100.2093,0.4,0.6,0.2,0.5333333,0.2666667,0.0,0.0,0.0,312.8114,760.3743,0.0,-4999.5,nan,0.0,nan
h2o_co2_hybrid_mrk,X(CO2)=0.600000,2000.0,1073.15,0.6,62.06046,0.4,0.6,0.2,0.5333333,0.2666667,0.0,0.0,0.0,574.02,2040.08,0.0,-4999.5,nan,0.0,nan
h2o_co2_hybrid_mrk,X(CO2)=0.600000,3000.0,1073.15,0.6,49.57567,0.4,0.6,0.2,0.5333333,0.2666667,0.0,0.0,0.0,867.1487,4176.399,0.0,-4999.5,nan,0.0,nan
h2o_co2_hybrid_mrk,X(CO2)=0.600000,4000.0,1073.15,0.6,43.18584,0.4,0.6,0.2,0.5333333,0.2666667,0.0,0.0,0.0,1223.072,7659.744,0.0,-4999.5,nan,0.0,nan
h2o_co2_hybrid_mrk,X(CO2)=0.600000,5000.0,1073.15,0.6,39.23212,0.4,0.6,0.2,0.5333333,0.2666667,0.0,0.0,0.0,1664.212,13227.66,0.0,-4999.5,nan,0.0,nan
h2o_co2_hybrid_mrk,X(CO2)=0.600000,6000.0,1073.15,0.6,36.50192,0.4,0.6,0.2,0.5333333,0.2666667,0.0,0.0,0.0,2213.811,21987.42,0.0,-4999.5,nan,0.0,nan
h2o_co2_hybrid_mrk,X(CO2)=0.600000,7000.0,1073.15,0.6,34.47668,0.4,0.6,0.2,0.5333333,0.2666667,0.0,0.0,0.0,2898.724,35594.48,0.0,-4999.5,nan,0.0,nan
h2o_co2_hybrid_mrk,X(CO2)=0.600000,8000.0,1073.15,0.6,32.89732,0.4,0.6,0.2,0.5333333,0.2666667,0.0,0.0,0.0,3751.027,56513.41,0.0,-4999.5,nan,0.0,nan
h2o_co2_hybrid_mrk,X(CO2)=0.600000,9000.0,1073.15,0.6,31.61973,0.4,0.6,0.2,0.5333333,0.2666667,0.0,0.0,0.0,4809.441,88399.1,0.0,-4999.5,nan,0.0,nan
h2o_co2_hybrid_mrk,X(CO2)=0.600000,10000.0,1073.15,0.6,30.55707,0.4,0.6,0.2,0.5333333,0.2666667,0.0,0.0,0.0,6120.88,136652.8,0.0,-4999.5,nan,0.0,nan
h2o_co2_hybrid_mrk,X(CO2)=0.600000,11000.0,1073.15,0.6,29.65373,0.4,0.6,0.2,0.5333333,0.2666667,0.0,0.0,0.0,7742.248,209231.8,0.0,-4999.5,nan,0.0,nan
h2o_co2_hybrid_mrk,X(CO2)=0.600000,12000.0,1073.15,0.6,28.87233,0.4,0.6,0.2,0.5333333,0.2666667,0.0,0.0,0.0,9742.56,317825.5,0.0,-4999.5,nan,0.0,nan
h2o_co2_hybrid_mrk,X(CO2)=0.600000,13000.0,1073.15,0.6,28.18671,0.4,0.6,0.2,0.5333333,0.2666667,0.0,0.0,0.0,12205.49,479563.1,0.0,-4999.5,nan,0.0,nan
h2o_co2_hybrid_mrk,X(CO2)=0.600000,14000.0,1073.15,0.6,27.57798,0.4,0.6,0.2,0.5333333,0.2666667,0.0,0.0,0.0,15232.41,719486.8,0.0,-4999.5,nan,0.0,nan
h2o_co2_hybrid_mrk,X(CO2)=0.600000,15000.0,1073.15,0.6,27.0321,0.4,0.6,0.2,0.5333333,0.2666667,0.0,0.0,0.0,18946.07,1074131.0,0.0,-4999.5,nan,0.0,nan
h2o_co2_hybrid_mrk,X(CO2)=0.600000,16000.0,1073.15,0.6,26.5384,0.4,0.6,0.2,0.5333333,0.2666667,0.0,0.0,0.0,23495.02,1596692.0,0.0,-4999.5,nan,0.0,nan
h2o_co2_hybrid_mrk,X(CO2)=0.600000,17000.0,1073.15,0.6,26.08862,0.4,0.6,0.2,0.5333333,0.2666667,0.0,0.0,0.0,29058.83,2364497.0,0.0,-4999.5,nan,0.0,nan
h2o_co2_hybrid_mrk,X(CO2)=0.600000,18000.0,1073.15,0.6,25.67622,0.4,0.6,0.2,0.5333333,0.2666667,0.0,0.0,0.0,35854.54,3489756.0,0.0,-4999.5,nan,0.0,nan
h2o_co2_hybrid_mrk,X(CO2)=0.600000,19000.0,1073.15,0.6,25.29598,0.4,0.6,0.2,0.5333333,0.2666667,0.0,0.0,0.0,44144.23,5135069.0,0.0,-4999.5,nan,0.0,nan
h2o_co2_hybrid_mrk,X(CO2)=0.600000,20000.0,1073.15,0.6,24.94365,0.4,0.6,0.2,0.5333333,0.2666667,0.0,0.0,0.0,54244.19,7535715.0,0.0,-4999.5,nan,0.0,nan
h2o_co2_hybrid_mrk,X(CO2)=0.600000,1000.0,1123.15,0.6,105.1669,0.4,0.6,0.2,0.5333333,0.2666667,0.0,0.0,0.0,324.1467,756.5589,0.0,-4999.5,nan,0.0,nan
h2o_co2_hybrid_mrk,X(CO2)=0.600000,2000.0,1123.15,0.6,64.53716,0.4,0.6,0.2,0.5333333,0.2666667,0.0,0.0,0.0,602.8345,2006.185,0.0,-4999.5,nan,0.0,nan
h2o_co2_hybrid_mrk,X(CO2)=0.600000,3000.0,1123.15,0.6,51.2388,0.4,0.6,0.2,0.5333333,0.2666667,0.0,0.0,0.0,913.2908,4053.402,0.0,-4999.5,nan,0.0,nan
h2o_co2_hybrid_mrk,X(CO2)=0.600000,4000.0,1123.15,0.6,44.41922,0.4,0.6,0.2,0.5333333,0.2666667,0.0,0.0,0.0,1286.389,7332.467,0.0,-4999.5,nan,0.0,nan
h2o_co2_hybrid_mrk,X(CO2)=0.600000,5000.0,1123.15,0.6,40.20319,0.4,0.6,0.2,0.5333333,0.2666667,0.0,0.0,0.0,1744.413,12484.95,0.0,-4999.5,nan,0.0,nan
h2o_co2_hybrid_mrk,X(CO2)=0.600000,6000.0,1123.15,0.6,37.29999,0.4,0.6,0.2,0.5333333,0.2666667,0.0,0.0,0.0,2309.994,20457.72,0.0,-4999.5,nan,0.0,nan
h2o_co2_hybrid_mrk,X(CO2)=0.600000,7000.0,1123.15,0.6,35.15377,0.4,0.6,0.2,0.5333333,0.2666667,0.0,0.0,0.0,3008.884,32642.9,0.0,-4999.5,nan,0.0,nan
h2o_co2_hybrid_mrk,X(CO2)=0.600000,8000.0,1123.15,0.6,33.4858,0.4,0.6,0.2,0.5333333,0.2666667,0.0,0.0,0.0,3871.49,51079.08,0.0,-4999.5,nan,0.0,nan
h2o_co2_hybrid_mrk,X(CO2)=0.600000,9000.0,1123.15,0.6,32.14082,0.4,0.6,0.2,0.5333333,0.2666667,0.0,0.0,0.0,4934.161,78740.64,0.0,-4999.5,nan,0.0,nan
h2o_co2_hybrid_mrk,X(CO2)=0.600000,10000.0,1123.15,0.6,31.02534,0.4,0.6,0.2,0.5333333,0.2666667,0.0,0.0,0.0,6240.553,119952.9,0.0,-4999.5,nan,0.0,nan
h2o_co2_hybrid_mrk,X(CO2)=0.600000,11000.0,1123.15,0.6,30.07957,0.4,0.6,0.2,0.5333333,0.2666667,0.0,0.0,0.0,7843.167,180986.7,0.0,-4999.5,nan,0.0,nan
h2o_co2_hybrid_mrk,X(CO2)=0.600000,12000.0,1123.15,0.6,29.26336,0.4,0.6,0.2,0.5333333,0.2666667,0.0,0.0,0.0,9805.162,270909.5,0.0,-4999.5,nan,0.0,nan
h2o_co2_hybrid_mrk,X(CO2)=0.600000,13000.0,1123.15,0.6,28.54868,0.4,0.6,0.2,0.5333333,0.2666667,0.0,0.0,0.0,12202.49,402800.2,0.0,-4999.5,nan,0.0,nan
h2o_co2_hybrid_mrk,X(CO2)=0.600000,14000.0,1123.15,0.6,27.91533,0.4,0.6,0.2,0.5333333,0.2666667,0.0,0.0,0.0,15126.47,595482.2,0.0,-4999.5,nan,0.0,nan
h2o_co2_hybrid_mrk,X(CO2)=0.600000,15000.0,1123.15,0.6,27.34833,0.4,0.6,0.2,0.5333333,0.2666667,0.0,0.0,0.0,18686.76,875991.6,0.0,-4999.5,nan,0.0,nan
h2o_co2_hybrid_mrk,X(CO2)=0.600000,16000.0,1123.15,0.6,26.83631,0.4,0.6,0.2,0.5333333,0.2666667,0.0,0.0,0.0,23015.04,1283089.0,0.0,-4999.5,nan,0.0,nan
h2o_co2_hybrid_mrk,X(CO2)=0.600000,17000.0,1123.15,0.6,26.37048,0.4,0.6,0.2,0.5333333,0.2666667,0.0,0.0,0.0,28269.3,1872248.0,0.0,-4999.5,nan,0.0,nan
h2o_co2_hybrid_mrk,X(CO2)=0.600000,18000.0,1123.15,0.6,25.9439,0.4,0.6,0.2,0.5333333,0.2666667,0.0,0.0,0.0,34638.96,2722741.0,0.0,-4999.5,nan,0.0,nan
h2o_co2_hybrid_mrk,X(CO2)=0.600000,19000.0,1123.15,0.6,25.55104,0.4,0.6,0.2,0.5333333,0.2666667,0.0,0.0,0.0,42351.0,3947676.0,0.0,-4999.5,nan,0.0,nan
h2o_co2_hybrid_mrk,X(CO2)=0.600000,20000.0,1123.15,0.6,25.1874,0.4,0.6,0.2,0.5333333,0.2666667,0.0,0.0,0.0,51677.27,5708232.0,0.0,-4999.5,nan,0.0,nan
h2o_co2_hybrid_mrk,X(CO2)=0.600000,1000.0,1173.15,0.6,110.0754,0.4,0.6,0.2,0.5333333,0.2666667,0.0,0.0,0.0,334.1712,752.6437,0.0,-4999.5,nan,0.0,nan
h2o_co2_hybrid_mrk,X(CO2)=0.600000,2000.0,1173.15,0.6,67.00642,0.4,0.6,0.2,0.5333333,0.2666667,0.0,0.0,0.0,629.0212,1974.177,0.0,-4999.5,nan,0.0,nan
h2o_co2_hybrid_mrk,X(CO2)=0.600000,3000.0,1173.15,0.6,52.90809,0.4,0.6,0.2,0.5333333,0.2666667,0.0,0.0,0.0,955.7007,3940.646,0.0,-4999.5,nan,0.0,nan
h2o_co2_hybrid_mrk,X(CO2)=0.600000,4000.0,1173.15,0.6,45.66628,0.4,0.6,0.2,0.5333333,0.2666667,0.0,0.0,0.0,1344.747,7038.774,0.0,-4999.5,nan,0.0,nan
h2o_co2_hybrid_mrk,X(CO2)=0.600000,5000.0,1173.15,0.6,41.18806,0.4,0.6,0.2,0.5333333,0.2666667,0.0,0.0,0.0,1818.203,11830.58,0.0,-4999.5,nan,0.0,nan
h2o_co2_hybrid_mrk,X(CO2)=0.600000,6000.0,1173.15,0.6,38.10965,0.4,0.6,0.2,0.5333333,0.2666667,0.0,0.0,0.0,2398.067,19132.55,0.0,-4999.5,nan,0.0,nan
h2o_co2_hybrid_mrk,X(CO2)=0.600000,7000.0,1173.15,0.6,35.84,0.4,0.6,0.2,0.5333333,0.2666667,0.0,0.0,0.0,3109.029,30126.78,0.0,-4999.5,nan,0.0,nan
h2o_co2_hybrid_mrk,X(CO2)=0.600000,8000.0,1173.15,0.6,34.08129,0.4,0.6,0.2,0.5333333,0.2666667,0.0,0.0,0.0,3979.925,46518.27,0.0,-4999.5,nan,0.0,nan
h2o_co2_hybrid_mrk,X(CO2)=0.600000,9000.0,1173.15,0.6,32.66723,0.4,0.6,0.2,0.5333333,0.2666667,0.0,0.0,0.0,5044.917,70757.69,0.0,-4999.5,nan,0.0,nan
h2o_co2_hybrid_mrk,X(CO2)=0.600000,10000.0,1173.15,0.6,31.4976,0.4,0.6,0.2,0.5333333,0.2666667,0.0,0.0,0.0,6344.693,106356.3,0.0,-4999.5,nan,0.0,nan
h2o_co2_hybrid_mrk,X(CO2)=0.600000,11000.0,1173.15,0.6,30.50835,0.4,0.6,0.2,0.5333333,0.2666667,0.0,0.0,0.0,7927.808,158330.9,0.0,-4999.5,nan,0.0,nan
h2o_co2_hybrid_mrk,X(CO2)=0.600000,12000.0,1173.15,0.6,29.65651,0.4,0.6,0.2,0.5333333,0.2666667,0.0,0.0,0.0,9852.228,233830.2,0.0,-4999.5,nan,0.0,nan
h2o_co2_hybrid_mrk,X(CO2)=0.600000,13000.0,1173.15,0.6,28.91213,0.4,0.6,0.2,0.5333333,0.2666667,0.0,0.0,0.0,12187.15,343017.5,0.0,-4999.5,nan,0.0,nan
h2o_co2_hybrid_mrk,X(CO2)=0.600000,14000.0,1173.15,0.6,28.25365,0.4,0.6,0.2,0.5333333,0.2666667,0.0,0.0,0.0,15015.15,500311.0,0.0,-4999.5,nan,0.0,nan
h2o_co2_hybrid_mrk,X(CO2)=0.600000,15000.0,1173.15,0.6,27.66511,0.4,0.6,0.2,0.5333333,0.2666667,0.0,0.0,0.0,18434.69,726125.4,0.0,-4999.5,nan,0.0,nan
h2o_co2_hybrid_mrk,X(CO2)=0.600000,16000.0,1173.15,0.6,27.13443,0.4,0.6,0.2,0.5333333,0.2666667,0.0,0.0,0.0,22563.16,1049313.0,0.0,-4999.5,nan,0.0,nan
h2o_co2_hybrid_mrk,X(CO2)=0.600000,17000.0,1173.15,0.6,26.65228,0.4,0.6,0.2,0.5333333,0.2666667,0.0,0.0,0.0,27540.35,1510587.0,0.0,-4999.5,nan,0.0,nan
h2o_co2_hybrid_mrk,X(CO2)=0.600000,18000.0,1173.15,0.6,26.2113,0.4,0.6,0.2,0.5333333,0.2666667,0.0,0.0,0.0,33532.72,2167305.0,0.0,-4999.5,nan,0.0,nan
h2o_co2_hybrid_mrk,X(CO2)=0.600000,19000.0,1173.15,0.6,25.80564,0.4,0.6,0.2,0.5333333,0.2666667,0.0,0.0,0.0,40738.3,3100164.0,0.0,-4999.5,nan,0.0,nan
h2o_co2_hybrid_mrk,X(CO2)=0.600000,20000.0,1173.15,0.6,25.43054,0.4,0.6,0.2,0.5333333,0.2666667,0.0,0.0,0.0,49392.6,4422547.0,0.0,-4999.5,nan,0.0,nan
h2o_co2_hybrid_mrk,X(CO2)=0.600000,1000.0,1223.15,0.6,114.9371,0.4,0.6,0.2,0.5333333,0.2666667,0.0,0.0,0.0,343.0093,748.7018,0.0,-4999.5,nan,0.0,nan
h2o_co2_hybrid_mrk,X(CO2)=0.600000,2000.0,1223.15,0.6,69.46906,0.4,0.6,0.2,0.5333333,0.2666667,0.0,0.0,0.0,652.6573,1944.033,0.0,-4999.5,nan,0.0,nan
h2o_co2_hybrid_mrk,X(CO2)=0.600000,3000.0,1223.15,0.6,54.58035,0.4,0.6,0.2,0.5333333,0.2666667,0.0,0.0,0.0,994.3576,3837.155,0.0,-4999.5,nan,0.0,nan
h2o_co2_hybrid_mrk,X(CO2)=0.600000,4000.0,1223.15,0.6,46.9243,0.4,0.6,0.2,0.5333333,0.2666667,0.0,0.0,0.0,1398.047,6774.284,0.0,-4999.5,nan,0.0,nan
h2o_co2_hybrid_mrk,X(CO2)=0.600000,5000.0,1223.15,0.6,42.18571,0.4,0.6,0.2,0.5333333,0.2666667,0.0,0.0,0.0,1885.423,11250.93,0.0,-4999.5,nan,0.0,nan
h2o_co2_hybrid_mrk,X(CO2)=0.600000,6000.0,1223.15,0.6,38.93093,0.4,0.6,0.2,0.5333333,0.2666667,0.0,0.0,0.0,2477.836,17976.56,0.0,-4999.5,nan,0.0,nan
h2o_co2_hybrid_mrk,X(CO2)=0.600000,7000.0,1223.15,0.6,36.53591,0.4,0.6,0.2,0.5333333,0.2666667,0.0,0.0,0.0,3198.943,27963.84,0.0,-4999.5,nan,0.0,nan
h2o_co2_hybrid_mrk,X(CO2)=0.600000,8000.0,1223.15,0.6,34.68456,0.4,0.6,0.2,0.5333333,0.2666667,0.0,0.0,0.0,4076.097,42653.07,0.0,-4999.5,nan,0.0,nan
h2o_co2_hybrid_mrk,X(CO2)=0.600000,9000.0,1223.15,0.6,33.19978,0.4,0.6,0.2,0.5333333,0.2666667,0.0,0.0,0.0,5141.429,64086.11,0.0,-4999.5,nan,0.0,nan
h2o_co2_hybrid_mrk,X(CO2)=0.600000,10000.0,1223.15,0.6,31.97467,0.4,0.6,0.2,0.5333333,0.2666667,0.0,0.0,0.0,6432.913,95148.83,0.0,-4999.5,nan,0.0,nan
h2o_co2_hybrid_mrk,X(CO2)=0.600000,11000.0,1223.15,0.6,30.94087,0.4,0.6,0.2,0.5333333,0.2666667,0.0,0.0,0.0,7995.533,139908.9,0.0,-4999.5,nan,0.0,nan
h2o_co2_hybrid_mrk,X(CO2)=0.600000,12000.0,1223.15,0.6,30.05254,0.4,0.6,0.2,0.5333333,0.2666667,0.0,0.0,0.0,9882.622,204085.4,0.0,-4999.5,nan,0.0,nan
h2o_co2_hybrid_mrk,X(CO2)=0.600000,13000.0,1223.15,0.6,29.27776,0.4,0.6,0.2,0.5333333,0.2666667,0.0,0.0,0.0,12157.41,295701.4,0.0,-4999.5,nan,0.0,nan
h2o_co2_hybrid_mrk,X(CO2)=0.600000,14000.0,1223.15,0.6,28.59359,0.4,0.6,0.2,0.5333333,0.2666667,0.0,0.0,0.0,14894.82,425989.0,0.0,-4999.5,nan,0.0,nan
h2o_co2_hybrid_mrk,X(CO2)=0.600000,15000.0,1223.15,0.6,27.98307,0.4,0.6,0.2,0.5333333,0.2666667,0.0,0.0,0.0,18183.64,610642.9,0.0,-4999.5,nan,0.0,nan
h2o_co2_hybrid_mrk,X(CO2)=0.600000,16000.0,1223.15,0.6,27.43337,0.4,0.6,0.2,0.5333333,0.2666667,0.0,0.0,0.0,22128.96,871555.9,0.0,-4999.5,nan,0.0,nan
h2o_co2_hybrid_mrk,X(CO2)=0.600000,17000.0,1223.15,0.6,26.93459,0.4,0.6,0.2,0.5333333,0.2666667,0.0,0.0,0.0,26855.17,1239218.0,0.0,-4999.5,nan,0.0,nan
h2o_co2_hybrid_mrk,X(CO2)=0.600000,18000.0,1223.15,0.6,26.47896,0.4,0.6,0.2,0.5333333,0.2666667,0.0,0.0,0.0,32509.36,1756029.0,0.0,-4999.5,nan,0.0,nan
h2o_co2_hybrid_mrk,X(CO2)=0.600000,19000.0,1223.15,0.6,26.06029,0.4,0.6,0.2,0.5333333,0.2666667,0.0,0.0,0.0,39265.4,2480871.0,0.0,-4999.5,nan,0.0,nan
h2o_co2_hybrid_mrk,X(CO2)=0.600000,20000.0,1223.15,0.6,25.67356,0.4,0.6,0.2,0.5333333,0.2666667,0.0,0.0,0.0,47328.7,3495414.0,0.0,-4999.5,nan,0.0,nan
h2o_co2_hybrid_mrk,X(CO2)=0.600000,1000.0,1273.15,0.6,119.7566,0.4,0.6,0.2,0.5333333,0.2666667,0.0,0.0,0.0,350.7799,744.7862,0.0,-4999.5,nan,0.0,nan
h2o_co2_hybrid_mrk,X(CO2)=0.600000,2000.0,1273.15,0.6,71.92574,0.4,0.6,0.2,0.5333333,0.2666667,0.0,0.0,0.0,673.8575,1915.692,0.0,-4999.5,nan,0.0,nan
h2o_co2_hybrid_mrk,X(CO2)=0.600000,3000.0,1273.15,0.6,56.25383,0.4,0.6,0.2,0.5333333,0.2666667,0.0,0.0,0.0,1029.318,3742.039,0.0,-4999.5,nan,0.0,nan
h2o_co2_hybrid_mrk,X(CO2)=0.600000,4000.0,1273.15,0.6,48.19089,0.4,0.6,0.2,0.5333333,0.2666667,0.0,0.0,0.0,1446.297,6535.292,0.0,-4999.5,nan,0.0,nan
h2o_co2_hybrid_mrk,X(CO2)=0.600000,5000.0,1273.15,0.6,43.19487,0.4,0.6,0.2,0.5333333,0.2666667,0.0,0.0,0.0,1946.058,10734.93,0.0,-4999.5,nan,0.0,nan
h2o_co2_hybrid_mrk,X(CO2)=0.600000,6000.0,1273.15,0.6,39.76356,0.4,0.6,0.2,0.5333333,0.2666667,0.0,0.0,0.0,2549.282,16961.78,0.0,-4999.5,nan,0.0,nan
h2o_co2_hybrid_mrk,X(CO2)=0.600000,7000.0,1273.15,0.6,37.24179,0.4,0.6,0.2,0.5333333,0.2666667,0.0,0.0,0.0,3278.624,26090.36,0.0,-4999.5,nan,0.0,nan
h2o_co2_hybrid_mrk,X(CO2)=0.600000,8000.0,1273.15,0.6,35.29617,0.4,0.6,0.2,0.5333333,0.2666667,0.0,0.0,0.0,4160.032,39348.5,0.0,-4999.5,nan,0.0,nan
h2o_co2_hybrid_mrk,X(CO2)=0.600000,9000.0,1273.15,0.6,33.73917,0.4,0.6,0.2,0.5333333,0.2666667,0.0,0.0,0.0,5223.74,58454.77,0.0,-4999.5,nan,0.0,nan
h2o_co2_hybrid_mrk,X(CO2)=0.600000,10000.0,1273.15,0.6,32.45729,0.4,0.6,0.2,0.5333333,0.2666667,0.0,0.0,0.0,6505.226,85807.58,0.0,-4999.5,nan,0.0,nan
h2o_co2_hybrid_mrk,X(CO2)=0.600000,11000.0,1273.15,0.6,31.37785,0.4,0.6,0.2,0.5333333,0.2666667,0.0,0.0,0.0,8046.233,124745.5,0.0,-4999.5,nan,0.0,nan
h2o_co2_hybrid_mrk,X(CO2)=0.600000,12000.0,1273.15,0.6,30.45215,0.4,0.6,0.2,0.5333333,0.2666667,0.0,0.0,0.0,9895.923,179904.6,0.0,-4999.5,nan,0.0,nan
h2o_co2_hybrid_mrk,X(CO2)=0.600000,13000.0,1273.15,0.6,29.64626,0.4,0.6,0.2,0.5333333,0.2666667,0.0,0.0,0.0,12112.21,257708.9,0.0,-4999.5,nan,0.0,nan
h2o_co2_hybrid_mrk,X(CO2)=0.600000,14000.0,1273.15,0.6,28.93581,0.4,0.6,0.2,0.5333333,0.2666667,0.0,0.0,0.0,14763.31,367042.2,0.0,-4999.5,nan,0.0,nan
h2o_co2_hybrid_mrk,X(CO2)=0.600000,15000.0,1273.15,0.6,28.30282,0.4,0.6,0.2,0.5333333,0.2666667,0.0,0.0,0.0,17929.53,520167.5,0.0,-4999.5,nan,0.0,nan
h2o_co2_hybrid_mrk,X(CO2)=0.600000,16000.0,1273.15,0.6,27.73368,0.4,0.6,0.2,0.5333333,0.2666667,0.0,0.0,0.0,21705.35,733984.5,0.0,-4999.5,nan,0.0,nan
h2o_co2_hybrid_mrk,X(CO2)=0.600000,17000.0,1273.15,0.6,27.21795,0.4,0.6,0.2,0.5333333,0.2666667,0.0,0.0,0.0,26201.91,1031746.0,0.0,-4999.5,nan,0.0,nan
h2o_co2_hybrid_mrk,X(CO2)=0.600000,18000.0,1273.15,0.6,26.74739,0.4,0.6,0.2,0.5333333,0.2666667,0.0,0.0,0.0,31549.85,1445402.0,0.0,-4999.5,nan,0.0,nan
h2o_co2_hybrid_mrk,X(CO2)=0.600000,19000.0,1273.15,0.6,26.31548,0.4,0.6,0.2,0.5333333,0.2666667,0.0,0.0,0.0,37902.66,2018792.0,0.0,-4999.5,nan,0.0,nan
h2o_co2_hybrid_mrk,X(CO2)=0.600000,20000.0,1273.15,0.6,25.91692,0.4,0.6,0.2,0.5333333,0.2666667,0.0,0.0,0.0,45440.58,2811998.0,0.0,-4999.5,nan,0.0,nan
h2o_co2_hybrid_mrk,X(CO2)=0.600000,1000.0,1323.15,0.6,124.5394,0.4,0.6,0.2,0.5333333,0.2666667,0.0,0.0,0.0,357.5932,740.9349,0.0,-4999.5,nan,0.0,nan
h2o_co2_hybrid_mrk,X(CO2)=0.600000,2000.0,1323.15,0.6,74.37702,0.4,0.6,0.2,0.5333333,0.2666667,0.0,0.0,0.0,692.7605,1889.075,0.0,-4999.5,nan,0.0,nan
h2o_co2_hybrid_mrk,X(CO2)=0.600000,3000.0,1323.15,0.6,57.92774,0.4,0.6,0.2,0.5333333,0.2666667,0.0,0.0,0.0,1060.696,3654.488,0.0,-4999.5,nan,0.0,nan
h2o_co2_hybrid_mrk,X(CO2)=0.600000,4000.0,1323.15,0.6,49.46418,0.4,0.6,0.2,0.5333333,0.2666667,0.0,0.0,0.0,1489.592,6318.656,0.0,-4999.5,nan,0.0,nan
h2o_co2_hybrid_mrk,X(CO2)=0.600000,5000.0,1323.15,0.6,44.2142,0.4,0.6,0.2,0.5333333,0.2666667,0.0,0.0,0.0,2000.203,10273.52,0.0,-4999.5,nan,0.0,nan
h2o_co2_hybrid_mrk,X(CO2)=0.600000,6000.0,1323.15,0.6,40.60701,0.4,0.6,0.2,0.5333333,0.2666667,0.0,0.0,0.0,2612.527,16065.84,0.0,-4999.5,nan,0.0,nan
h2o_co2_hybrid_mrk,X(CO2)=0.600000,7000.0,1323.15,0.6,37.95771,0.4,0.6,0.2,0.5333333,0.2666667,0.0,0.0,0.0,3348.241,24456.43,0.0,-4999.5,nan,0.0,nan
h2o_co2_hybrid_mrk,X(CO2)=0.600000,8000.0,1323.15,0.6,35.91654,0.4,0.6,0.2,0.5333333,0.2666667,0.0,0.0,0.0,4231.956,36500.75,0.0,-4999.5,nan,0.0,nan
h2o_co2_hybrid_mrk,X(CO2)=0.600000,9000.0,1323.15,0.6,34.28596,0.4,0.6,0.2,0.5333333,0.2666667,0.0,0.0,0.0,5292.135,53658.65,0.0,-4999.5,nan,0.0,nan
h2o_co2_hybrid_mrk,X(CO2)=0.600000,10000.0,1323.15,0.6,32.94607,0.4,0.6,0.2,0.5333333,0.2666667,0.0,0.0,0.0,6561.951,77943.77,0.0,-4999.5,nan,0.0,nan
h2o_co2_hybrid_mrk,X(CO2)=0.600000,11000.0,1323.15,0.6,31.81996,0.4,0.6,0.2,0.5333333,0.2666667,0.0,0.0,0.0,8080.184,112126.7,0.0,-4999.5,nan,0.0,nan
h2o_co2_hybrid_mrk,X(CO2)=0.600000,12000.0,1323.15,0.6,30.85599,0.4,0.6,0.2,0.5333333,0.2666667,0.0,0.0,0.0,9892.234,160010.6,0.0,-4999.5,nan,0.0,nan
h2o_co2_hybrid_mrk,X(CO2)=0.600000,13000.0,1323.15,0.6,30.01824,0.4,0.6,0.2,0.5333333,0.2666667,0.0,0.0,0.0,12051.26,226805.8,0.0,-4999.5,nan,0.0,nan
h2o_co2_hybrid_mrk,X(CO2)=0.600000,14000.0,1323.15,0.6,29.2809,0.4,0.6,0.2,0.5333333,0.2666667,0.0,0.0,0.0,14619.52,319635.6,0.0,-4999.5,nan,0.0,nan
h2o_co2_hybrid_mrk,X(CO2)=0.600000,15000.0,1323.15,0.6,28.62491,0.4,0.6,0.2,0.5333333,0.2666667,0.0,0.0,0.0,17669.85,448223.1,0.0,-4999.5,nan,0.0,nan
h2o_co2_hybrid_mrk,X(CO2)=0.600000,16000.0,1323.15,0.6,28.03592,0.4,0.6,0.2,0.5333333,0.2666667,0.0,0.0,0.0,21287.52,625817.2,0.0,-4999.5,nan,0.0,nan
h2o_co2_hybrid_mrk,X(CO2)=0.600000,17000.0,1323.15,0.6,27.50286,0.4,0.6,0.2,0.5333333,0.2666667,0.0,0.0,0.0,25572.2,870444.7,0.0,-4999.5,nan,0.0,nan
h2o_co2_hybrid_mrk,X(CO2)=0.600000,18000.0,1323.15,0.6,27.01707,0.4,0.6,0.2,0.5333333,0.2666667,0.0,0.0,0.0,30640.42,1206600.0,0.0,-4999.5,nan,0.0,nan
h2o_co2_hybrid_mrk,X(CO2)=0.600000,19000.0,1323.15,0.6,26.57166,0.4,0.6,0.2,0.5333333,0.2666667,0.0,0.0,0.0,36628.32,1667520.0,0.0,-4999.5,nan,0.0,nan
h2o_co2_hybrid_mrk,X(CO2)=0.600000,20000.0,1323.15,0.6,26.16105,0.4,0.6,0.2,0.5333333,0.2666667,0.0,0.0,0.0,43694.84,2298256.0,0.0,-4999.5,nan,0.0,nan
h2o_co2_hybrid_mrk,X(CO2)=0.600000,1000.0,1373.15,0.6,129.2909,0.4,0.6,0.2,0.5333333,0.2666667,0.0,0.0,0.0,363.5507,737.1748,0.0,-4999.5,nan,0.0,nan
h2o_co2_hybrid_mrk,X(CO2)=0.600000,2000.0,1373.15,0.6,76.82347,0.4,0.6,0.2,0.5333333,0.2666667,0.0,0.0,0.0,709.5178,1864.09,0.0,-4999.5,nan,0.0,nan
h2o_co2_hybrid_mrk,X(CO2)=0.600000,3000.0,1373.15,0.6,59.60193,0.4,0.6,0.2,0.5333333,0.2666667,0.0,0.0,0.0,1088.646,3573.776,0.0,-4999.5,nan,0.0,nan
h2o_co2_hybrid_mrk,X(CO2)=0.600000,4000.0,1373.15,0.6,50.74285,0.4,0.6,0.2,0.5333333,0.2666667,0.0,0.0,0.0,1528.093,6121.697,0.0,-4999.5,nan,0.0,nan
h2o_co2_hybrid_mrk,X(CO2)=0.600000,5000.0,1373.15,0.6,45.24243,0.4,0.6,0.2,0.5333333,0.2666667,0.0,0.0,0.0,2048.043,9859.186,0.0,-4999.5,nan,0.0,nan
h2o_co2_hybrid_mrk,X(CO2)=0.600000,6000.0,1373.15,0.6,41.46061,0.4,0.6,0.2,0.5333333,0.2666667,0.0,0.0,0.0,2667.799,15270.65,0.0,-4999.5,nan,0.0,nan
h2o_co2_hybrid_mrk,X(CO2)=0.600000,7000.0,1373.15,0.6,38.68352,0.4,0.6,0.2,0.5333333,0.2666667,0.0,0.0,0.0,3408.087,23022.5,0.0,-4999.5,nan,0.0,nan
h2o_co2_hybrid_mrk,X(CO2)=0.600000,8000.0,1373.15,0.6,36.54586,0.4,0.6,0.2,0.5333333,0.2666667,0.0,0.0,0.0,4292.247,34028.94,0.0,-4999.5,nan,0.0,nan
h2o_co2_hybrid_mrk,X(CO2)=0.600000,9000.0,1373.15,0.6,34.84056,0.4,0.6,0.2,0.5333333,0.2666667,0.0,0.0,0.0,5347.08,49540.59,0.0,-4999.5,nan,0.0,nan
h2o_co2_hybrid_mrk,X(CO2)=0.600000,10000.0,1373.15,0.6,33.44156,0.4,0.6,0.2,0.5333333,0.2666667,0.0,0.0,0.0,6603.623,71263.73,0.0,-4999.5,nan,0.0,nan
h2o_co2_hybrid_mrk,X(CO2)=0.600000,11000.0,1373.15,0.6,32.26775,0.4,0.6,0.2,0.5333333,0.2666667,0.0,0.0,0.0,8097.945,101520.8,0.0,-4999.5,nan,0.0,nan
h2o_co2_hybrid_mrk,X(CO2)=0.600000,12000.0,1373.15,0.6,31.26464,0.4,0.6,0.2,0.5333333,0.2666667,0.0,0.0,0.0,9872.027,143466.0,0.0,-4999.5,nan,0.0,nan
h2o_co2_hybrid_mrk,X(CO2)=0.600000,13000.0,1373.15,0.6,30.39428,0.4,0.6,0.2,0.5333333,0.2666667,0.0,0.0,0.0,11974.76,201374.5,0.0,-4999.5,nan,0.0,nan
h2o_co2_hybrid_mrk,X(CO2)=0.600000,14000.0,1373.15,0.6,29.6294,0.4,0.6,0.2,0.5333333,0.2666667,0.0,0.0,0.0,14463.06,281030.1,0.0,-4999.5,nan,0.0,nan
h2o_co2_hybrid_mrk,X(CO2)=0.600000,15000.0,1373.15,0.6,28.94989,0.4,0.6,0.2,0.5333333,0.2666667,0.0,0.0,0.0,17403.22,390244.4,0.0,-4999.5,nan,0.0,nan
h2o_co2_hybrid_mrk,X(CO2)=0.600000,16000.0,1373.15,0.6,28.34059,0.4,0.6,0.2,0.5333333,0.2666667,0.0,0.0,0.0,20872.36,539551.2,0.0,-4999.5,nan,0.0,nan
h2o_co2_hybrid_mrk,X(CO2)=0.600000,17000.0,1373.15,0.6,27.78982,0.4,0.6,0.2,0.5333333,0.2666667,0.0,0.0,0.0,24960.2,743134.8,0.0,-4999.5,nan,0.0,nan
h2o_co2_hybrid_mrk,X(CO2)=0.600000,18000.0,1373.15,0.6,27.28847,0.4,0.6,0.2,0.5333333,0.2666667,0.0,0.0,0.0,29771.07,1020069.0,0.0,-4999.5,nan,0.0,nan
h2o_co2_hybrid_mrk,X(CO2)=0.600000,19000.0,1373.15,0.6,26.82927,0.4,0.6,0.2,0.5333333,0.2666667,0.0,0.0,0.0,35426.2,1395971.0,0.0,-4999.5,nan,0.0,nan
h2o_co2_hybrid_mrk,X(CO2)=0.600000,20000.0,1373.15,0.6,26.40637,0.4,0.6,0.2,0.5333333,0.2666667,0.0,0.0,0.0,42066.42,1905204.0,0.0,-4999.5,nan,0.0,nan
h2o_co2_hybrid_mrk,X(CO2)=0.600000,1000.0,1423.15,0.6,134.0162,0.4,0.6,0.2,0.5333333,0.2666667,0.0,0.0,0.0,368.7442,733.5245,0.0,-4999.5,nan,0.0,nan
h2o_co2_hybrid_mrk,X(CO2)=0.600000,2000.0,1423.15,0.6,79.26574,0.4,0.6,0.2,0.5333333,0.2666667,0.0,0.0,0.0,724.286,1840.642,0.0,-4999.5,nan,0.0,nan
h2o_co2_hybrid_mrk,X(CO2)=0.600000,3000.0,1423.15,0.6,61.27657,0.4,0.6,0.2,0.5333333,0.2666667,0.0,0.0,0.0,1113.35,3499.252,0.0,-4999.5,nan,0.0,nan
h2o_co2_hybrid_mrk,X(CO2)=0.600000,4000.0,1423.15,0.6,52.02606,0.4,0.6,0.2,0.5333333,0.2666667,0.0,0.0,0.0,1562.005,5942.123,0.0,-4999.5,nan,0.0,nan
h2o_co2_hybrid_mrk,X(CO2)=0.600000,5000.0,1423.15,0.6,46.2785,0.4,0.6,0.2,0.5333333,0.2666667,0.0,0.0,0.0,2089.824,9485.685,0.0,-4999.5,nan,0.0,nan
h2o_co2_hybrid_mrk,X(CO2)=0.600000,6000.0,1423.15,0.6,42.32364,0.4,0.6,0.2,0.5333333,0.2666667,0.0,0.0,0.0,2715.406,14561.47,0.0,-4999.5,nan,0.0,nan
h2o_co2_hybrid_mrk,X(CO2)=0.600000,7000.0,1423.15,0.6,39.41895,0.4,0.6,0.2,0.5333333,0.2666667,0.0,0.0,0.0,3458.554,21756.88,0.0,-4999.5,nan,0.0,nan
h2o_co2_hybrid_mrk,X(CO2)=0.600000,8000.0,1423.15,0.6,37.18419,0.4,0.6,0.2,0.5333333,0.2666667,0.0,0.0,0.0,4341.395,31869.34,0.0,-4999.5,nan,0.0,nan
h2o_co2_hybrid_mrk,X(CO2)=0.600000,9000.0,1423.15,0.6,35.40327,0.4,0.6,0.2,0.5333333,0.2666667,0.0,0.0,0.0,5389.172,45978.52,0.0,-4999.5,nan,0.0,nan
h2o_co2_hybrid_mrk,X(CO2)=0.600000,10000.0,1423.15,0.6,33.94415,0.4,0.6,0.2,0.5333333,0.2666667,0.0,0.0,0.0,6630.938,65542.61,0.0,-4999.5,nan,0.0,nan
h2o_co2_hybrid_mrk,X(CO2)=0.600000,11000.0,1423.15,0.6,32.7217,0.4,0.6,0.2,0.5333333,0.2666667,0.0,0.0,0.0,8100.268,92526.42,0.0,-4999.5,nan,0.0,nan
h2o_co2_hybrid_mrk,X(CO2)=0.600000,12000.0,1423.15,0.6,31.6786,0.4,0.6,0.2,0.5333333,0.2666667,0.0,0.0,0.0,9836.031,129571.9,0.0,-4999.5,nan,0.0,nan
h2o_co2_hybrid_mrk,X(CO2)=0.600000,13000.0,1423.15,0.6,30.77489,0.4,0.6,0.2,0.5333333,0.2666667,0.0,0.0,0.0,11883.25,180224.5,0.0,-4999.5,nan,0.0,nan
h2o_co2_hybrid_mrk,X(CO2)=0.600000,14000.0,1423.15,0.6,29.98183,0.4,0.6,0.2,0.5333333,0.2666667,0.0,0.0,0.0,14294.1,249233.9,0.0,-4999.5,nan,0.0,nan
h2o_co2_hybrid_mrk,X(CO2)=0.600000,15000.0,1423.15,0.6,29.27824,0.4,0.6,0.2,0.5333333,0.2666667,0.0,0.0,0.0,17129.0,342952.4,0.0,-4999.5,nan,0.0,nan
h2o_co2_hybrid_mrk,X(CO2)=0.600000,16000.0,1423.15,0.6,28.64815,0.4,0.6,0.2,0.5333333,0.2666667,0.0,0.0,0.0,20457.92,469862.7,0.0,-4999.5,nan,0.0,nan
h2o_co2_hybrid_mrk,X(CO2)=0.600000,17000.0,1423.15,0.6,28.07927,0.4,0.6,0.2,0.5333333,0.2666667,0.0,0.0,0.0,24361.84,641277.1,0.0,-4999.5,nan,0.0,nan
h2o_co2_hybrid_mrk,X(CO2)=0.600000,18000.0,1423.15,0.6,27.562,0.4,0.6,0.2,0.5333333,0.2666667,0.0,0.0,0.0,28934.48,872260.6,0.0,-4999.5,nan,0.0,nan
h2o_co2_hybrid_mrk,X(CO2)=0.600000,19000.0,1423.15,0.6,27.08872,0.4,0.6,0.2,0.5333333,0.2666667,0.0,0.0,0.0,34284.2,1182853.0,0.0,-4999.5,nan,0.0,nan
h2o_co2_hybrid_mrk,X(CO2)=0.600000,20000.0,1423.15,0.6,26.65328,0.4,0.6,0.2,0.5333333,0.2666667,0.0,0.0,0.0,40536.28,1599679.0,0.0,-4999.5,nan,0.0,nan
h2o_co2_hybrid_mrk,X(CO2)=0.600000,1000.0,1473.15,0.6,138.7194,0.4,0.6,0.2,0.5333333,0.2666667,0.0,0.0,0.0,373.2562,729.9965,0.0,-4999.5,nan,0.0,nan
h2o_co2_hybrid_mrk,X(CO2)=0.600000,2000.0,1473.15,0.6,81.70459,0.4,0.6,0.2,0.5333333,0.2666667,0.0,0.0,0.0,737.2211,1818.636,0.0,-4999.5,nan,0.0,nan
h2o_co2_hybrid_mrk,X(CO2)=0.600000,3000.0,1473.15,0.6,62.95202,0.4,0.6,0.2,0.5333333,0.2666667,0.0,0.0,0.0,1135.002,3430.335,0.0,-4999.5,nan,0.0,nan
h2o_co2_hybrid_mrk,X(CO2)=0.600000,4000.0,1473.15,0.6,53.31334,0.4,0.6,0.2,0.5333333,0.2666667,0.0,0.0,0.0,1591.565,5777.963,0.0,-4999.5,nan,0.0,nan
h2o_co2_hybrid_mrk,X(CO2)=0.600000,5000.0,1473.15,0.6,47.32159,0.4,0.6,0.2,0.5333333,0.2666667,0.0,0.0,0.0,2125.836,9147.784,0.0,-4999.5,nan,0.0,nan
h2o_co2_hybrid_mrk,X(CO2)=0.600000,6000.0,1473.15,0.6,43.1954,0.4,0.6,0.2,0.5333333,0.2666667,0.0,0.0,0.0,2755.712,13926.2,0.0,-4999.5,nan,0.0,nan
h2o_co2_hybrid_mrk,X(CO2)=0.600000,7000.0,1473.15,0.6,40.16361,0.4,0.6,0.2,0.5333333,0.2666667,0.0,0.0,0.0,3500.098,20633.96,0.0,-4999.5,nan,0.0,nan
h2o_co2_hybrid_mrk,X(CO2)=0.600000,8000.0,1473.15,0.6,37.83148,0.4,0.6,0.2,0.5333333,0.2666667,0.0,0.0,0.0,4379.967,29971.16,0.0,-4999.5,nan,0.0,nan
h2o_co2_hybrid_mrk,X(CO2)=0.600000,9000.0,1473.15,0.6,35.97422,0.4,0.6,0.2,0.5333333,0.2666667,0.0,0.0,0.0,5419.096,42876.57,0.0,-4999.5,nan,0.0,nan
h2o_co2_hybrid_mrk,X(CO2)=0.600000,10000.0,1473.15,0.6,34.45414,0.4,0.6,0.2,0.5333333,0.2666667,0.0,0.0,0.0,6644.693,60606.07,0.0,-4999.5,nan,0.0,nan
h2o_co2_hybrid_mrk,X(CO2)=0.600000,11000.0,1473.15,0.6,33.18219,0.4,0.6,0.2,0.5333333,0.2666667,0.0,0.0,0.0,8088.035,84836.03,0.0,-4999.5,nan,0.0,nan
h2o_co2_hybrid_mrk,X(CO2)=0.600000,12000.0,1473.15,0.6,32.0983,0.4,0.6,0.2,0.5333333,0.2666667,0.0,0.0,0.0,9785.149,117799.5,0.0,-4999.5,nan,0.0,nan
h2o_co2_hybrid_mrk,X(CO2)=0.600000,13000.0,1473.15,0.6,31.16051,0.4,0.6,0.2,0.5333333,0.2666667,0.0,0.0,0.0,11777.56,162465.8,0.0,-4999.5,nan,0.0,nan
h2o_co2_hybrid_mrk,X(CO2)=0.600000,14000.0,1473.15,0.6,30.33863,0.4,0.6,0.2,0.5333333,0.2666667,0.0,0.0,0.0,14113.15,222775.7,0.0,-4999.5,nan,0.0,nan
h2o_co2_hybrid_mrk,X(CO2)=0.600000,15000.0,1473.15,0.6,29.61041,0.4,0.6,0.2,0.5333333,0.2666667,0.0,0.0,0.0,16847.12,303952.3,0.0,-4999.5,nan,0.0,nan
h2o_co2_hybrid_mrk,X(CO2)=0.600000,16000.0,1473.15,0.6,28.95904,0.4,0.6,0.2,0.5333333,0.2666667,0.0,0.0,0.0,20043.09,412906.8,0.0,-4999.5,nan,0.0,nan
h2o_co2_hybrid_mrk,X(CO2)=0.600000,17000.0,1473.15,0.6,28.37163,0.4,0.6,0.2,0.5333333,0.2666667,0.0,0.0,0.0,23774.35,558772.3,0.0,-4999.5,nan,0.0,nan
h2o_co2_hybrid_mrk,X(CO2)=0.600000,18000.0,1473.15,0.6,27.83808,0.4,0.6,0.2,0.5333333,0.2666667,0.0,0.0,0.0,28125.32,753603.0,0.0,-4999.5,nan,0.0,nan
h2o_co2_hybrid_mrk,X(CO2)=0.600000,19000.0,1473.15,0.6,27.3504,0.4,0.6,0.2,0.5333333,0.2666667,0.0,0.0,0.0,33193.18,1013289.0,0.0,-4999.5,nan,0.0,nan
h2o_co2_hybrid_mrk,X(CO2)=0.600000,20000.0,1473.15,0.6,26.90213,0.4,0.6,0.2,0.5333333,0.2666667,0.0,0.0,0.0,39089.77,1358754.0,0.0,-4999.5,nan,0.0,nan
h2o_co2_hybrid_mrk,X(CO2)=0.600000,1000.0,1523.15,0.6,143.4045,0.4,0.6,0.2,0.5333333,0.2666667,0.0,0.0,0.0,377.1607,726.5985,0.0,-4999.5,nan,0.0,nan
h2o_co2_hybrid_mrk,X(CO2)=0.600000,2000.0,1523.15,0.6,84.14083,0.4,0.6,0.2,0.5333333,0.2666667,0.0,0.0,0.0,748.4748,1797.98,0.0,-4999.5,nan,0.0,nan
h2o_co2_hybrid_mrk,X(CO2)=0.600000,3000.0,1523.15,0.6,64.62874,0.4,0.6,0.2,0.5333333,0.2666667,0.0,0.0,0.0,1153.808,3366.504,0.0,-4999.5,nan,0.0,nan
h2o_co2_hybrid_mrk,X(CO2)=0.600000,4000.0,1523.15,0.6,54.60451,0.4,0.6,0.2,0.5333333,0.2666667,0.0,0.0,0.0,1617.027,5627.52,0.0,-4999.5,nan,0.0,nan
h2o_co2_hybrid_mrk,X(CO2)=0.600000,5000.0,1523.15,0.6,48.37109,0.4,0.6,0.2,0.5333333,0.2666667,0.0,0.0,0.0,2156.399,8841.07,0.0,-4999.5,nan,0.0,nan
h2o_co2_hybrid_mrk,X(CO2)=0.600000,6000.0,1523.15,0.6,44.07527,0.4,0.6,0.2,0.5333333,0.2666667,0.0,0.0,0.0,2789.117,13354.8,0.0,-4999.5,nan,0.0,nan
h2o_co2_hybrid_mrk,X(CO2)=0.600000,7000.0,1523.15,0.6,40.91709,0.4,0.6,0.2,0.5333333,0.2666667,0.0,0.0,0.0,3533.218,19632.86,0.0,-4999.5,nan,0.0,nan
h2o_co2_hybrid_mrk,X(CO2)=0.600000,8000.0,1523.15,0.6,38.48754,0.4,0.6,0.2,0.5333333,0.2666667,0.0,0.0,0.0,4408.578,28293.58,0.0,-4999.5,nan,0.0,nan
h2o_co2_hybrid_mrk,X(CO2)=0.600000,9000.0,1523.15,0.6,36.55347,0.4,0.6,0.2,0.5333333,0.2666667,0.0,0.0,0.0,5437.592,40158.6,0.0,-4999.5,nan,0.0,nan
h2o_co2_hybrid_mrk,X(CO2)=0.600000,10000.0,1523.15,0.6,34.97173,0.4,0.6,0.2,0.5333333,0.2666667,0.0,0.0,0.0,6645.75,56317.4,0.0,-4999.5,nan,0.0,nan
h2o_co2_hybrid_mrk,X(CO2)=0.600000,11000.0,1523.15,0.6,33.64952,0.4,0.6,0.2,0.5333333,0.2666667,0.0,0.0,0.0,8062.209,78211.36,0.0,-4999.5,nan,0.0,nan
h2o_co2_hybrid_mrk,X(CO2)=0.600000,12000.0,1523.15,0.6,32.52409,0.4,0.6,0.2,0.5333333,0.2666667,0.0,0.0,0.0,9720.388,107743.9,0.0,-4999.5,nan,0.0,nan
h2o_co2_hybrid_mrk,X(CO2)=0.600000,13000.0,1523.15,0.6,31.55153,0.4,0.6,0.2,0.5333333,0.2666667,0.0,0.0,0.0,11658.63,147423.8,0.0,-4999.5,nan,0.0,nan
h2o_co2_hybrid_mrk,X(CO2)=0.600000,14000.0,1523.15,0.6,30.70021,0.4,0.6,0.2,0.5333333,0.2666667,0.0,0.0,0.0,13920.96,200552.5,0.0,-4999.5,nan,0.0,nan
h2o_co2_hybrid_mrk,X(CO2)=0.600000,15000.0,1523.15,0.6,29.94679,0.4,0.6,0.2,0.5333333,0.2666667,0.0,0.0,0.0,16557.88,271467.9,0.0,-4999.5,nan,0.0,nan
h2o_co2_hybrid_mrk,X(CO2)=0.600000,16000.0,1523.15,0.6,29.27366,0.4,0.6,0.2,0.5333333,0.2666667,0.0,0.0,0.0,19627.35,365861.3,0.0,-4999.5,nan,0.0,nan
h2o_co2_hybrid_mrk,X(CO2)=0.600000,17000.0,1523.15,0.6,28.66728,0.4,0.6,0.2,0.5333333,0.2666667,0.0,0.0,0.0,23195.88,491190.2,0.0,-4999.5,nan,0.0,nan
h2o_co2_hybrid_mrk,X(CO2)=0.600000,18000.0,1523.15,0.6,28.11708,0.4,0.6,0.2,0.5333333,0.2666667,0.0,0.0,0.0,27339.69,657214.1,0.0,-4999.5,nan,0.0,nan
h2o_co2_hybrid_mrk,X(CO2)=0.600000,19000.0,1523.15,0.6,27.61466,0.4,0.6,0.2,0.5333333,0.2666667,0.0,0.0,0.0,32146.2,876690.3,0.0,-4999.5,nan,0.0,nan
h2o_co2_hybrid_mrk,X(CO2)=0.600000,20000.0,1523.15,0.6,27.15328,0.4,0.6,0.2,0.5333333,0.2666667,0.0,0.0,0.0,37715.54,1166277.0,0.0,-4999.5,nan,0.0,nan
h2o_co2_hybrid_mrk,X(CO2)=0.600000,1000.0,1573.15,0.6,148.0748,0.4,0.6,0.2,0.5333333,0.2666667,0.0,0.0,0.0,380.5238,723.3345,0.0,-4999.5,nan,0.0,nan
h2o_co2_hybrid_mrk,X(CO2)=0.600000,2000.0,1573.15,0.6,86.57533,0.4,0.6,0.2,0.5333333,0.2666667,0.0,0.0,0.0,758.1916,1778.584,0.0,-4999.5,nan,0.0,nan
h2o_co2_hybrid_mrk,X(CO2)=0.600000,3000.0,1573.15,0.6,66.30721,0.4,0.6,0.2,0.5333333,0.2666667,0.0,0.0,0.0,1169.972,3307.296,0.0,-4999.5,nan,0.0,nan
h2o_co2_hybrid_mrk,X(CO2)=0.600000,4000.0,1573.15,0.6,55.89957,0.4,0.6,0.2,0.5333333,0.2666667,0.0,0.0,0.0,1638.658,5489.323,0.0,-4999.5,nan,0.0,nan
h2o_co2_hybrid_mrk,X(CO2)=0.600000,5000.0,1573.15,0.6,49.42659,0.4,0.6,0.2,0.5333333,0.2666667,0.0,0.0,0.0,2181.847,8561.803,0.0,-4999.5,nan,0.0,nan
h2o_co2_hybrid_mrk,X(CO2)=0.600000,6000.0,1573.15,0.6,44.96273,0.4,0.6,0.2,0.5333333,0.2666667,0.0,0.0,0.0,2816.042,12838.9,0.0,-4999.5,nan,0.0,nan
h2o_co2_hybrid_mrk,X(CO2)=0.600000,7000.0,1573.15,0.6,41.67898,0.4,0.6,0.2,0.5333333,0.2666667,0.0,0.0,0.0,3558.44,18736.41,0.0,-4999.5,nan,0.0,nan
h2o_co2_hybrid_mrk,X(CO2)=0.600000,8000.0,1573.15,0.6,39.15216,0.4,0.6,0.2,0.5333333,0.2666667,0.0,0.0,0.0,4427.871,26803.45,0.0,-4999.5,nan,0.0,nan
h2o_co2_hybrid_mrk,X(CO2)=0.600000,9000.0,1573.15,0.6,37.14098,0.4,0.6,0.2,0.5333333,0.2666667,0.0,0.0,0.0,5445.43,37763.59,0.0,-4999.5,nan,0.0,nan
h2o_co2_hybrid_mrk,X(CO2)=0.600000,10000.0,1573.15,0.6,35.49703,0.4,0.6,0.2,0.5333333,0.2666667,0.0,0.0,0.0,6635.006,52568.2,0.0,-4999.5,nan,0.0,nan
h2o_co2_hybrid_mrk,X(CO2)=0.600000,11000.0,1573.15,0.6,34.1239,0.4,0.6,0.2,0.5333333,0.2666667,0.0,0.0,0.0,8023.792,72465.59,0.0,-4999.5,nan,0.0,nan
h2o_co2_hybrid_mrk,X(CO2)=0.600000,12000.0,1573.15,0.6,32.95625,0.4,0.6,0.2,0.5333333,0.2666667,0.0,0.0,0.0,9642.816,99090.65,0.0,-4999.5,nan,0.0,nan
h2o_co2_hybrid_mrk,X(CO2)=0.600000,13000.0,1573.15,0.6,31.94826,0.4,0.6,0.2,0.5333333,0.2666667,0.0,0.0,0.0,11527.52,134580.8,0.0,-4999.5,nan,0.0,nan
h2o_co2_hybrid_mrk,X(CO2)=0.600000,14000.0,1573.15,0.6,31.06689,0.4,0.6,0.2,0.5333333,0.2666667,0.0,0.0,0.0,13718.43,181726.1,0.0,-4999.5,nan,0.0,nan
h2o_co2_hybrid_mrk,X(CO2)=0.600000,15000.0,1573.15,0.6,30.28773,0.4,0.6,0.2,0.5333333,0.2666667,0.0,0.0,0.0,16261.82,244163.0,0.0,-4999.5,nan,0.0,nan
h2o_co2_hybrid_mrk,X(CO2)=0.600000,16000.0,1573.15,0.6,29.59235,0.4,0.6,0.2,0.5333333,0.2666667,0.0,0.0,0.0,19210.62,326624.3,0.0,-4999.5,nan,0.0,nan
h2o_co2_hybrid_mrk,X(CO2)=0.600000,17000.0,1573.15,0.6,28.96657,0.4,0.6,0.2,0.5333333,0.2666667,0.0,0.0,0.0,22625.25,435262.7,0.0,-4999.5,nan,0.0,nan
h2o_co2_hybrid_mrk,X(CO2)=0.600000,18000.0,1573.15,0.6,28.39933,0.4,0.6,0.2,0.5333333,0.2666667,0.0,0.0,0.0,26574.76,578065.9,0.0,-4999.5,nan,0.0,nan
h2o_co2_hybrid_mrk,X(CO2)=0.600000,19000.0,1573.15,0.6,27.88184,0.4,0.6,0.2,0.5333333,0.2666667,0.0,0.0,0.0,31137.93,765393.5,0.0,-4999.5,nan,0.0,nan
h2o_co2_hybrid_mrk,X(CO2)=0.600000,20000.0,1573.15,0.6,27.40704,0.4,0.6,0.2,0.5333333,0.2666667,0.0,0.0,0.0,36404.7,1010667.0,0.0,-4999.5,nan,0.0,nan
h2o_co2_hybrid_mrk,X(CO2)=0.700000,1000.0,373.15,0.7,37.29619,0.3,0.7,0.2333333,0.5666667,0.2,0.0,0.0,0.0,24.39371,401.7481,0.0,-4999.5,nan,0.0,nan
h2o_co2_hybrid_mrk,X(CO2)=0.700000,2000.0,373.15,0.7,33.02664,0.3,0.7,0.2333333,0.5666667,0.2,0.0,0.0,0.0,45.10185,1564.226,0.0,-4999.5,nan,0.0,nan
h2o_co2_hybrid_mrk,X(CO2)=0.700000,3000.0,373.15,0.7,30.84157,0.3,0.7,0.2333333,0.5666667,0.2,0.0,0.0,0.0,82.45242,5351.852,0.0,-4999.5,nan,0.0,nan
h2o_co2_hybrid_mrk,X(CO2)=0.700000,4000.0,373.15,0.7,29.38917,0.3,0.7,0.2333333,0.5666667,0.2,0.0,0.0,0.0,148.5178,17196.81,0.0,-4999.5,nan,0.0,nan
h2o_co2_hybrid_mrk,X(CO2)=0.700000,5000.0,373.15,0.7,28.30984,0.3,0.7,0.2333333,0.5666667,0.2,0.0,0.0,0.0,264.194,53183.11,0.0,-4999.5,nan,0.0,nan
h2o_co2_hybrid_mrk,X(CO2)=0.700000,6000.0,373.15,0.7,27.45542,0.3,0.7,0.2333333,0.5666667,0.2,0.0,0.0,0.0,465.1798,160241.6,0.0,-4999.5,nan,0.0,nan
h2o_co2_hybrid_mrk,X(CO2)=0.700000,7000.0,373.15,0.7,26.75079,0.3,0.7,0.2333333,0.5666667,0.2,0.0,0.0,0.0,812.1754,473714.7,0.0,-4999.5,nan,0.0,nan
h2o_co2_hybrid_mrk,X(CO2)=0.700000,8000.0,373.15,0.7,26.15274,0.3,0.7,0.2333333,0.5666667,0.2,0.0,0.0,0.0,1408.023,1380214.0,0.0,-4999.5,nan,0.0,nan
h2o_co2_hybrid_mrk,X(CO2)=0.700000,9000.0,373.15,0.7,25.6342,0.3,0.7,0.2333333,0.5666667,0.2,0.0,0.0,0.0,2426.426,3975450.0,0.0,-4999.5,nan,0.0,nan
h2o_co2_hybrid_mrk,X(CO2)=0.700000,10000.0,373.15,0.7,25.17713,0.3,0.7,0.2333333,0.5666667,0.2,0.0,0.0,0.0,4159.967,11344290.0,0.0,-4999.5,nan,0.0,nan
h2o_co2_hybrid_mrk,X(CO2)=0.700000,11000.0,373.15,0.7,24.76895,0.3,0.7,0.2333333,0.5666667,0.2,0.0,0.0,0.0,7100.248,32122850.0,0.0,-4999.5,nan,0.0,nan
h2o_co2_hybrid_mrk,X(CO2)=0.700000,12000.0,373.15,0.7,24.40051,0.3,0.7,0.2333333,0.5666667,0.2,0.0,0.0,0.0,12071.41,90370240.0,0.0,-4999.5,nan,0.0,nan
h2o_co2_hybrid_mrk,X(CO2)=0.700000,13000.0,373.15,0.7,24.06498,0.3,0.7,0.2333333,0.5666667,0.2,0.0,0.0,0.0,20452.24,252826800.0,0.0,-4999.5,nan,0.0,nan
h2o_co2_hybrid_mrk,X(CO2)=0.700000,14000.0,373.15,0.7,23.75715,0.3,0.7,0.2333333,0.5666667,0.2,0.0,0.0,0.0,34545.18,703937600.0,0.0,-4999.5,nan,0.0,nan
h2o_co2_hybrid_mrk,X(CO2)=0.700000,15000.0,373.15,0.7,23.47291,0.3,0.7,0.2333333,0.5666667,0.2,0.0,0.0,0.0,58188.43,1951745000.0,0.0,-4999.5,nan,0.0,nan
h2o_co2_hybrid_mrk,X(CO2)=0.700000,16000.0,373.15,0.7,23.20901,0.3,0.7,0.2333333,0.5666667,0.2,0.0,0.0,0.0,97770.22,5391467000.0,0.0,-4999.5,nan,0.0,nan
h2o_co2_hybrid_mrk,X(CO2)=0.700000,17000.0,373.15,0.7,22.96281,0.3,0.7,0.2333333,0.5666667,0.2,0.0,0.0,0.0,163907.5,14844510000.0,0.0,-4999.5,nan,0.0,nan
h2o_co2_hybrid_mrk,X(CO2)=0.700000,18000.0,373.15,0.7,22.73215,0.3,0.7,0.2333333,0.5666667,0.2,0.0,0.0,0.0,274221.2,40752170000.0,0.0,-4999.5,nan,0.0,nan
h2o_co2_hybrid_mrk,X(CO2)=0.700000,19000.0,373.15,0.7,22.51523,0.3,0.7,0.2333333,0.5666667,0.2,0.0,0.0,0.0,457920.0,111581000000.0,0.0,-4999.5,nan,0.0,nan
h2o_co2_hybrid_mrk,X(CO2)=0.700000,20000.0,373.15,0.7,22.31056,0.3,0.7,0.2333333,0.5666667,0.2,0.0,0.0,0.0,763363.4,304785600000.0,0.0,-4999.5,nan,0.0,nan
h2o_co2_hybrid_mrk,X(CO2)=0.700000,1000.0,423.15,0.7,40.97076,0.3,0.7,0.2333333,0.5666667,0.2,0.0,0.0,0.0,42.85093,543.5781,0.0,-4999.5,nan,0.0,nan
h2o_co2_hybrid_mrk,X(CO2)=0.700000,2000.0,423.15,0.7,34.97003,0.3,0.7,0.2333333,0.5666667,0.2,0.0,0.0,0.0,76.16563,1968.312,0.0,-4999.5,nan,0.0,nan
h2o_co2_hybrid_mrk,X(CO2)=0.700000,3000.0,423.15,0.7,32.2327,0.3,0.7,0.2333333,0.5666667,0.2,0.0,0.0,0.0,132.9271,6118.44,0.0,-4999.5,nan,0.0,nan
h2o_co2_hybrid_mrk,X(CO2)=0.700000,4000.0,423.15,0.7,30.49551,0.3,0.7,0.2333333,0.5666667,0.2,0.0,0.0,0.0,227.8496,17731.43,0.0,-4999.5,nan,0.0,nan
h2o_co2_hybrid_mrk,X(CO2)=0.700000,5000.0,423.15,0.7,29.23834,0.3,0.7,0.2333333,0.5666667,0.2,0.0,0.0,0.0,385.0321,49290.14,0.0,-4999.5,nan,0.0,nan
h2o_co2_hybrid_mrk,X(CO2)=0.700000,6000.0,423.15,0.7,28.26062,0.3,0.7,0.2333333,0.5666667,0.2,0.0,0.0,0.0,643.3351,133241.9,0.0,-4999.5,nan,0.0,nan
h2o_co2_hybrid_mrk,X(CO2)=0.700000,7000.0,423.15,0.7,27.46463,0.3,0.7,0.2333333,0.5666667,0.2,0.0,0.0,0.0,1065.132,352989.3,0.0,-4999.5,nan,0.0,nan
h2o_co2_hybrid_mrk,X(CO2)=0.700000,8000.0,423.15,0.7,26.7957,0.3,0.7,0.2333333,0.5666667,0.2,0.0,0.0,0.0,1750.2,920956.8,0.0,-4999.5,nan,0.0,nan
h2o_co2_hybrid_mrk,X(CO2)=0.700000,9000.0,423.15,0.7,26.22031,0.3,0.7,0.2333333,0.5666667,0.2,0.0,0.0,0.0,2857.683,2374082.0,0.0,-4999.5,nan,0.0,nan
h2o_co2_hybrid_mrk,X(CO2)=0.700000,10000.0,423.15,0.7,25.71644,0.3,0.7,0.2333333,0.5666667,0.2,0.0,0.0,0.0,4640.764,6060866.0,0.0,-4999.5,nan,0.0,nan
h2o_co2_hybrid_mrk,X(CO2)=0.700000,11000.0,423.15,0.7,25.26894,0.3,0.7,0.2333333,0.5666667,0.2,0.0,0.0,0.0,7501.283,15349460.0,0.0,-4999.5,nan,0.0,nan
h2o_co2_hybrid_mrk,X(CO2)=0.700000,12000.0,423.15,0.7,24.86693,0.3,0.7,0.2333333,0.5666667,0.2,0.0,0.0,0.0,12075.67,38612560.0,0.0,-4999.5,nan,0.0,nan
h2o_co2_hybrid_mrk,X(CO2)=0.700000,13000.0,423.15,0.7,24.50234,0.3,0.7,0.2333333,0.5666667,0.2,0.0,0.0,0.0,19369.96,96576930.0,0.0,-4999.5,nan,0.0,nan
h2o_co2_hybrid_mrk,X(CO2)=0.700000,14000.0,423.15,0.7,24.16906,0.3,0.7,0.2333333,0.5666667,0.2,0.0,0.0,0.0,30971.55,240364300.0,0.0,-4999.5,nan,0.0,nan
h2o_co2_hybrid_mrk,X(CO2)=0.700000,15000.0,423.15,0.7,23.86232,0.3,0.7,0.2333333,0.5666667,0.2,0.0,0.0,0.0,49381.17,595654100.0,0.0,-4999.5,nan,0.0,nan
h2o_co2_hybrid_mrk,X(CO2)=0.700000,16000.0,423.15,0.7,23.57836,0.3,0.7,0.2333333,0.5666667,0.2,0.0,0.0,0.0,78532.31,1470522000.0,0.0,-4999.5,nan,0.0,nan
h2o_co2_hybrid_mrk,X(CO2)=0.700000,17000.0,423.15,0.7,23.31414,0.3,0.7,0.2333333,0.5666667,0.2,0.0,0.0,0.0,124603.6,3618173000.0,0.0,-4999.5,nan,0.0,nan
h2o_co2_hybrid_mrk,X(CO2)=0.700000,18000.0,423.15,0.7,23.0672,0.3,0.7,0.2333333,0.5666667,0.2,0.0,0.0,0.0,197287.3,8875730000.0,0.0,-4999.5,nan,0.0,nan
h2o_co2_hybrid_mrk,X(CO2)=0.700000,19000.0,423.15,0.7,22.83547,0.3,0.7,0.2333333,0.5666667,0.2,0.0,0.0,0.0,311770.0,21714430000.0,0.0,-4999.5,nan,0.0,nan
h2o_co2_hybrid_mrk,X(CO2)=0.700000,20000.0,423.15,0.7,22.61727,0.3,0.7,0.2333333,0.5666667,0.2,0.0,0.0,0.0,491819.0,52995100000.0,0.0,-4999.5,nan,0.0,nan
h2o_co2_hybrid_mrk,X(CO2)=0.700000,1000.0,473.15,0.7,45.02061,0.3,0.7,0.2333333,0.5666667,0.2,0.0,0.0,0.0,60.76028,654.7921,0.0,-4999.5,nan,0.0,nan
h2o_co2_hybrid_mrk,X(CO2)=0.700000,2000.0,473.15,0.7,36.96622,0.3,0.7,0.2333333,0.5666667,0.2,0.0,0.0,0.0,104.5854,2247.244,0.0,-4999.5,nan,0.0,nan
h2o_co2_hybrid_mrk,X(CO2)=0.700000,3000.0,473.15,0.7,33.63787,0.3,0.7,0.2333333,0.5666667,0.2,0.0,0.0,0.0,175.6185,6483.334,0.0,-4999.5,nan,0.0,nan
h2o_co2_hybrid_mrk,X(CO2)=0.700000,4000.0,473.15,0.7,31.6086,0.3,0.7,0.2333333,0.5666667,0.2,0.0,0.0,0.0,289.0074,17327.76,0.0,-4999.5,nan,0.0,nan
h2o_co2_hybrid_mrk,X(CO2)=0.700000,5000.0,473.15,0.7,30.17304,0.3,0.7,0.2333333,0.5666667,0.2,0.0,0.0,0.0,468.3895,44294.59,0.0,-4999.5,nan,0.0,nan
h2o_co2_hybrid_mrk,X(CO2)=0.700000,6000.0,473.15,0.7,29.07323,0.3,0.7,0.2333333,0.5666667,0.2,0.0,0.0,0.0,750.1343,109936.3,0.0,-4999.5,nan,0.0,nan
h2o_co2_hybrid_mrk,X(CO2)=0.700000,7000.0,473.15,0.7,28.18752,0.3,0.7,0.2333333,0.5666667,0.2,0.0,0.0,0.0,1189.97,267149.8,0.0,-4999.5,nan,0.0,nan
h2o_co2_hybrid_mrk,X(CO2)=0.700000,8000.0,473.15,0.7,27.44938,0.3,0.7,0.2333333,0.5666667,0.2,0.0,0.0,0.0,1873.024,638926.5,0.0,-4999.5,nan,0.0,nan
h2o_co2_hybrid_mrk,X(CO2)=0.700000,9000.0,473.15,0.7,26.81866,0.3,0.7,0.2333333,0.5666667,0.2,0.0,0.0,0.0,2928.989,1509158.0,0.0,-4999.5,nan,0.0,nan
h2o_co2_hybrid_mrk,X(CO2)=0.700000,10000.0,473.15,0.7,26.26937,0.3,0.7,0.2333333,0.5666667,0.2,0.0,0.0,0.0,4554.981,3529087.0,0.0,-4999.5,nan,0.0,nan
h2o_co2_hybrid_mrk,X(CO2)=0.700000,11000.0,473.15,0.7,25.78379,0.3,0.7,0.2333333,0.5666667,0.2,0.0,0.0,0.0,7049.935,8184758.0,0.0,-4999.5,nan,0.0,nan
h2o_co2_hybrid_mrk,X(CO2)=0.700000,12000.0,473.15,0.7,25.34929,0.3,0.7,0.2333333,0.5666667,0.2,0.0,0.0,0.0,10866.31,18851520.0,0.0,-4999.5,nan,0.0,nan
h2o_co2_hybrid_mrk,X(CO2)=0.700000,13000.0,473.15,0.7,24.95661,0.3,0.7,0.2333333,0.5666667,0.2,0.0,0.0,0.0,16687.68,43165140.0,0.0,-4999.5,nan,0.0,nan
h2o_co2_hybrid_mrk,X(CO2)=0.700000,14000.0,473.15,0.7,24.59874,0.3,0.7,0.2333333,0.5666667,0.2,0.0,0.0,0.0,25545.07,98338020.0,0.0,-4999.5,nan,0.0,nan
h2o_co2_hybrid_mrk,X(CO2)=0.700000,15000.0,473.15,0.7,24.27027,0.3,0.7,0.2333333,0.5666667,0.2,0.0,0.0,0.0,38991.19,223047000.0,0.0,-4999.5,nan,0.0,nan
h2o_co2_hybrid_mrk,X(CO2)=0.700000,16000.0,473.15,0.7,23.96693,0.3,0.7,0.2333333,0.5666667,0.2,0.0,0.0,0.0,59361.05,503953700.0,0.0,-4999.5,nan,0.0,nan
h2o_co2_hybrid_mrk,X(CO2)=0.700000,17000.0,473.15,0.7,23.68531,0.3,0.7,0.2333333,0.5666667,0.2,0.0,0.0,0.0,90161.43,1134742000.0,0.0,-4999.5,nan,0.0,nan
h2o_co2_hybrid_mrk,X(CO2)=0.700000,18000.0,473.15,0.7,23.42263,0.3,0.7,0.2333333,0.5666667,0.2,0.0,0.0,0.0,136652.5,2547279000.0,0.0,-4999.5,nan,0.0,nan
h2o_co2_hybrid_mrk,X(CO2)=0.700000,19000.0,473.15,0.7,23.1766,0.3,0.7,0.2333333,0.5666667,0.2,0.0,0.0,0.0,206715.6,5702499000.0,0.0,-4999.5,nan,0.0,nan
h2o_co2_hybrid_mrk,X(CO2)=0.700000,20000.0,473.15,0.7,22.94533,0.3,0.7,0.2333333,0.5666667,0.2,0.0,0.0,0.0,312146.3,12734430000.0,0.0,-4999.5,nan,0.0,nan
h2o_co2_hybrid_mrk,X(CO2)=0.700000,1000.0,523.15,0.7,49.45086,0.3,0.7,0.2333333,0.5666667,0.2,0.0,0.0,0.0,78.35153,736.9744,0.0,-4999.5,nan,0.0,nan
h2o_co2_hybrid_mrk,X(CO2)=0.700000,2000.0,523.15,0.7,39.03455,0.3,0.7,0.2333333,0.5666667,0.2,0.0,0.0,0.0,131.8681,2427.667,0.0,-4999.5,nan,0.0,nan
h2o_co2_hybrid_mrk,X(CO2)=0.700000,3000.0,523.15,0.7,35.05907,0.3,0.7,0.2333333,0.5666667,0.2,0.0,0.0,0.0,214.7047,6599.195,0.0,-4999.5,nan,0.0,nan
h2o_co2_hybrid_mrk,X(CO2)=0.700000,4000.0,523.15,0.7,32.72081,0.3,0.7,0.2333333,0.5666667,0.2,0.0,0.0,0.0,341.8494,16526.11,0.0,-4999.5,nan,0.0,nan
h2o_co2_hybrid_mrk,X(CO2)=0.700000,5000.0,523.15,0.7,31.10053,0.3,0.7,0.2333333,0.5666667,0.2,0.0,0.0,0.0,535.5239,39484.87,0.0,-4999.5,nan,0.0,nan
h2o_co2_hybrid_mrk,X(CO2)=0.700000,6000.0,523.15,0.7,29.8761,0.3,0.7,0.2333333,0.5666667,0.2,0.0,0.0,0.0,828.593,91471.48,0.0,-4999.5,nan,0.0,nan
h2o_co2_hybrid_mrk,X(CO2)=0.700000,7000.0,523.15,0.7,28.89975,0.3,0.7,0.2333333,0.5666667,0.2,0.0,0.0,0.0,1269.526,207303.8,0.0,-4999.5,nan,0.0,nan
h2o_co2_hybrid_mrk,X(CO2)=0.700000,8000.0,523.15,0.7,28.09222,0.3,0.7,0.2333333,0.5666667,0.2,0.0,0.0,0.0,1929.618,462143.8,0.0,-4999.5,nan,0.0,nan
h2o_co2_hybrid_mrk,X(CO2)=0.700000,9000.0,523.15,0.7,27.40637,0.3,0.7,0.2333333,0.5666667,0.2,0.0,0.0,0.0,2913.492,1017120.0,0.0,-4999.5,nan,0.0,nan
h2o_co2_hybrid_mrk,X(CO2)=0.700000,10000.0,523.15,0.7,26.81204,0.3,0.7,0.2333333,0.5666667,0.2,0.0,0.0,0.0,4374.341,2215614.0,0.0,-4999.5,nan,0.0,nan
h2o_co2_hybrid_mrk,X(CO2)=0.700000,11000.0,523.15,0.7,26.28883,0.3,0.7,0.2333333,0.5666667,0.2,0.0,0.0,0.0,6536.026,4785681.0,0.0,-4999.5,nan,0.0,nan
h2o_co2_hybrid_mrk,X(CO2)=0.700000,12000.0,523.15,0.7,25.82235,0.3,0.7,0.2333333,0.5666667,0.2,0.0,0.0,0.0,9725.07,10264150.0,0.0,-4999.5,nan,0.0,nan
h2o_co2_hybrid_mrk,X(CO2)=0.700000,13000.0,523.15,0.7,25.40207,0.3,0.7,0.2333333,0.5666667,0.2,0.0,0.0,0.0,14416.94,21882430.0,0.0,-4999.5,nan,0.0,nan
h2o_co2_hybrid_mrk,X(CO2)=0.700000,14000.0,523.15,0.7,25.02012,0.3,0.7,0.2333333,0.5666667,0.2,0.0,0.0,0.0,21302.9,46411660.0,0.0,-4999.5,nan,0.0,nan
h2o_co2_hybrid_mrk,X(CO2)=0.700000,15000.0,523.15,0.7,24.6704,0.3,0.7,0.2333333,0.5666667,0.2,0.0,0.0,0.0,31386.53,97996560.0,0.0,-4999.5,nan,0.0,nan
h2o_co2_hybrid_mrk,X(CO2)=0.700000,16000.0,523.15,0.7,24.34815,0.3,0.7,0.2333333,0.5666667,0.2,0.0,0.0,0.0,46122.81,206103600.0,0.0,-4999.5,nan,0.0,nan
h2o_co2_hybrid_mrk,X(CO2)=0.700000,17000.0,523.15,0.7,24.04958,0.3,0.7,0.2333333,0.5666667,0.2,0.0,0.0,0.0,67618.64,431964900.0,0.0,-4999.5,nan,0.0,nan
h2o_co2_hybrid_mrk,X(CO2)=0.700000,18000.0,523.15,0.7,23.77159,0.3,0.7,0.2333333,0.5666667,0.2,0.0,0.0,0.0,98921.29,902535900.0,0.0,-4999.5,nan,0.0,nan
h2o_co2_hybrid_mrk,X(CO2)=0.700000,19000.0,523.15,0.7,23.51166,0.3,0.7,0.2333333,0.5666667,0.2,0.0,0.0,0.0,144433.4,1880498000.0,0.0,-4999.5,nan,0.0,nan
h2o_co2_hybrid_mrk,X(CO2)=0.700000,20000.0,523.15,0.7,23.2677,0.3,0.7,0.2333333,0.5666667,0.2,0.0,0.0,0.0,210509.4,3908336000.0,0.0,-4999.5,nan,0.0,nan
h2o_co2_hybrid_mrk,X(CO2)=0.700000,1000.0,573.15,0.7,54.16619,0.3,0.7,0.2333333,0.5666667,0.2,0.0,0.0,0.0,95.7554,795.4093,0.0,-4999.5,nan,0.0,nan
h2o_co2_hybrid_mrk,X(CO2)=0.700000,2000.0,573.15,0.7,41.17969,0.3,0.7,0.2333333,0.5666667,0.2,0.0,0.0,0.0,159.0902,2535.986,0.0,-4999.5,nan,0.0,nan
h2o_co2_hybrid_mrk,X(CO2)=0.700000,3000.0,573.15,0.7,36.49949,0.3,0.7,0.2333333,0.5666667,0.2,0.0,0.0,0.0,252.8729,6566.88,0.0,-4999.5,nan,0.0,nan
h2o_co2_hybrid_mrk,X(CO2)=0.700000,4000.0,573.15,0.7,33.83225,0.3,0.7,0.2333333,0.5666667,0.2,0.0,0.0,0.0,392.0284,15589.57,0.0,-4999.5,nan,0.0,nan
h2o_co2_hybrid_mrk,X(CO2)=0.700000,5000.0,573.15,0.7,32.01886,0.3,0.7,0.2333333,0.5666667,0.2,0.0,0.0,0.0,597.3392,35232.49,0.0,-4999.5,nan,0.0,nan
h2o_co2_hybrid_mrk,X(CO2)=0.700000,6000.0,573.15,0.7,30.66595,0.3,0.7,0.2333333,0.5666667,0.2,0.0,0.0,0.0,898.4787,77114.56,0.0,-4999.5,nan,0.0,nan
h2o_co2_hybrid_mrk,X(CO2)=0.700000,7000.0,573.15,0.7,29.59713,0.3,0.7,0.2333333,0.5666667,0.2,0.0,0.0,0.0,1337.818,165001.0,0.0,-4999.5,nan,0.0,nan
h2o_co2_hybrid_mrk,X(CO2)=0.700000,8000.0,573.15,0.7,28.71941,0.3,0.7,0.2333333,0.5666667,0.2,0.0,0.0,0.0,1975.746,347122.3,0.0,-4999.5,nan,0.0,nan
h2o_co2_hybrid_mrk,X(CO2)=0.700000,9000.0,573.15,0.7,27.97818,0.3,0.7,0.2333333,0.5666667,0.2,0.0,0.0,0.0,2898.16,720715.2,0.0,-4999.5,nan,0.0,nan
h2o_co2_hybrid_mrk,X(CO2)=0.700000,10000.0,573.15,0.7,27.33885,0.3,0.7,0.2333333,0.5666667,0.2,0.0,0.0,0.0,4226.99,1480711.0,0.0,-4999.5,nan,0.0,nan
h2o_co2_hybrid_mrk,X(CO2)=0.700000,11000.0,573.15,0.7,26.77824,0.3,0.7,0.2333333,0.5666667,0.2,0.0,0.0,0.0,6135.003,3015986.0,0.0,-4999.5,nan,0.0,nan
h2o_co2_hybrid_mrk,X(CO2)=0.700000,12000.0,573.15,0.7,26.28009,0.3,0.7,0.2333333,0.5666667,0.2,0.0,0.0,0.0,8866.578,6099018.0,0.0,-4999.5,nan,0.0,nan
h2o_co2_hybrid_mrk,X(CO2)=0.700000,13000.0,573.15,0.7,25.83261,0.3,0.7,0.2333333,0.5666667,0.2,0.0,0.0,0.0,12766.84,12258530.0,0.0,-4999.5,nan,0.0,nan
h2o_co2_hybrid_mrk,X(CO2)=0.700000,14000.0,573.15,0.7,25.42697,0.3,0.7,0.2333333,0.5666667,0.2,0.0,0.0,0.0,18322.5,24509800.0,0.0,-4999.5,nan,0.0,nan
h2o_co2_hybrid_mrk,X(CO2)=0.700000,15000.0,573.15,0.7,25.05642,0.3,0.7,0.2333333,0.5666667,0.2,0.0,0.0,0.0,26218.96,48782430.0,0.0,-4999.5,nan,0.0,nan
h2o_co2_hybrid_mrk,X(CO2)=0.700000,16000.0,573.15,0.7,24.71569,0.3,0.7,0.2333333,0.5666667,0.2,0.0,0.0,0.0,37420.3,96706110.0,0.0,-4999.5,nan,0.0,nan
h2o_co2_hybrid_mrk,X(CO2)=0.700000,17000.0,573.15,0.7,24.40058,0.3,0.7,0.2333333,0.5666667,0.2,0.0,0.0,0.0,53280.88,191034700.0,0.0,-4999.5,nan,0.0,nan
h2o_co2_hybrid_mrk,X(CO2)=0.700000,18000.0,573.15,0.7,24.10769,0.3,0.7,0.2333333,0.5666667,0.2,0.0,0.0,0.0,75701.35,376189500.0,0.0,-4999.5,nan,0.0,nan
h2o_co2_hybrid_mrk,X(CO2)=0.700000,19000.0,573.15,0.7,23.83426,0.3,0.7,0.2333333,0.5666667,0.2,0.0,0.0,0.0,107346.2,738718100.0,0.0,-4999.5,nan,0.0,nan
h2o_co2_hybrid_mrk,X(CO2)=0.700000,20000.0,573.15,0.7,23.57798,0.3,0.7,0.2333333,0.5666667,0.2,0.0,0.0,0.0,151947.1,1446936000.0,0.0,-4999.5,nan,0.0,nan
h2o_co2_hybrid_mrk,X(CO2)=0.700000,1000.0,623.15,0.7,59.06073,0.3,0.7,0.2333333,0.5666667,0.2,0.0,0.0,0.0,112.9246,835.8282,0.0,-4999.5,nan,0.0,nan
h2o_co2_hybrid_mrk,X(CO2)=0.700000,2000.0,623.15,0.7,43.3997,0.3,0.7,0.2333333,0.5666667,0.2,0.0,0.0,0.0,186.7836,2593.748,0.0,-4999.5,nan,0.0,nan
h2o_co2_hybrid_mrk,X(CO2)=0.700000,3000.0,623.15,0.7,37.96401,0.3,0.7,0.2333333,0.5666667,0.2,0.0,0.0,0.0,291.5277,6450.454,0.0,-4999.5,nan,0.0,nan
h2o_co2_hybrid_mrk,X(CO2)=0.700000,4000.0,623.15,0.7,34.94744,0.3,0.7,0.2333333,0.5666667,0.2,0.0,0.0,0.0,442.3744,14644.48,0.0,-4999.5,nan,0.0,nan
h2o_co2_hybrid_mrk,X(CO2)=0.700000,5000.0,623.15,0.7,32.93165,0.3,0.7,0.2333333,0.5666667,0.2,0.0,0.0,0.0,658.9194,31591.03,0.0,-4999.5,nan,0.0,nan
h2o_co2_hybrid_mrk,X(CO2)=0.700000,6000.0,623.15,0.7,31.44561,0.3,0.7,0.2333333,0.5666667,0.2,0.0,0.0,0.0,968.2273,65931.07,0.0,-4999.5,nan,0.0,nan
h2o_co2_hybrid_mrk,X(CO2)=0.700000,7000.0,623.15,0.7,30.28192,0.3,0.7,0.2333333,0.5666667,0.2,0.0,0.0,0.0,1407.874,134432.0,0.0,-4999.5,nan,0.0,nan
h2o_co2_hybrid_mrk,X(CO2)=0.700000,8000.0,623.15,0.7,29.33276,0.3,0.7,0.2333333,0.5666667,0.2,0.0,0.0,0.0,2029.993,269391.9,0.0,-4999.5,nan,0.0,nan
h2o_co2_hybrid_mrk,X(CO2)=0.700000,9000.0,623.15,0.7,28.53553,0.3,0.7,0.2333333,0.5666667,0.2,0.0,0.0,0.0,2906.804,532634.5,0.0,-4999.5,nan,0.0,nan
h2o_co2_hybrid_mrk,X(CO2)=0.700000,10000.0,623.15,0.7,27.85097,0.3,0.7,0.2333333,0.5666667,0.2,0.0,0.0,0.0,4138.171,1041865.0,0.0,-4999.5,nan,0.0,nan
h2o_co2_hybrid_mrk,X(CO2)=0.700000,11000.0,623.15,0.7,27.25295,0.3,0.7,0.2333333,0.5666667,0.2,0.0,0.0,0.0,5861.956,2020135.0,0.0,-4999.5,nan,0.0,nan
h2o_co2_hybrid_mrk,X(CO2)=0.700000,12000.0,623.15,0.7,26.72328,0.3,0.7,0.2333333,0.5666667,0.2,0.0,0.0,0.0,8268.18,3888395.0,0.0,-4999.5,nan,0.0,nan
h2o_co2_hybrid_mrk,X(CO2)=0.700000,13000.0,623.15,0.7,26.2488,0.3,0.7,0.2333333,0.5666667,0.2,0.0,0.0,0.0,11618.36,7438218.0,0.0,-4999.5,nan,0.0,nan
h2o_co2_hybrid_mrk,X(CO2)=0.700000,14000.0,623.15,0.7,25.81976,0.3,0.7,0.2333333,0.5666667,0.2,0.0,0.0,0.0,16271.94,14153330.0,0.0,-4999.5,nan,0.0,nan
h2o_co2_hybrid_mrk,X(CO2)=0.700000,15000.0,623.15,0.7,25.42868,0.3,0.7,0.2333333,0.5666667,0.2,0.0,0.0,0.0,22722.31,26806810.0,0.0,-4999.5,nan,0.0,nan
h2o_co2_hybrid_mrk,X(CO2)=0.700000,16000.0,623.15,0.7,25.06978,0.3,0.7,0.2333333,0.5666667,0.2,0.0,0.0,0.0,31645.89,50568180.0,0.0,-4999.5,nan,0.0,nan
h2o_co2_hybrid_mrk,X(CO2)=0.700000,17000.0,623.15,0.7,24.73845,0.3,0.7,0.2333333,0.5666667,0.2,0.0,0.0,0.0,43969.1,95051710.0,0.0,-4999.5,nan,0.0,nan
h2o_co2_hybrid_mrk,X(CO2)=0.700000,18000.0,623.15,0.7,24.431,0.3,0.7,0.2333333,0.5666667,0.2,0.0,0.0,0.0,60959.29,178099900.0,0.0,-4999.5,nan,0.0,nan
h2o_co2_hybrid_mrk,X(CO2)=0.700000,19000.0,623.15,0.7,24.14438,0.3,0.7,0.2333333,0.5666667,0.2,0.0,0.0,0.0,84348.67,332761200.0,0.0,-4999.5,nan,0.0,nan
h2o_co2_hybrid_mrk,X(CO2)=0.700000,20000.0,623.15,0.7,23.87612,0.3,0.7,0.2333333,0.5666667,0.2,0.0,0.0,0.0,116502.5,620139100.0,0.0,-4999.5,nan,0.0,nan
h2o_co2_hybrid_mrk,X(CO2)=0.700000,1000.0,673.15,0.7,64.06476,0.3,0.7,0.2333333,0.5666667,0.2,0.0,0.0,0.0,129.6855,863.0948,0.0,-4999.5,nan,0.0,nan
h2o_co2_hybrid_mrk,X(CO2)=0.700000,2000.0,673.15,0.7,45.68675,0.3,0.7,0.2333333,0.5666667,0.2,0.0,0.0,0.0,215.0358,2616.971,0.0,-4999.5,nan,0.0,nan
h2o_co2_hybrid_mrk,X(CO2)=0.700000,3000.0,673.15,0.7,39.45562,0.3,0.7,0.2333333,0.5666667,0.2,0.0,0.0,0.0,331.1677,6289.29,0.0,-4999.5,nan,0.0,nan
h2o_co2_hybrid_mrk,X(CO2)=0.700000,4000.0,673.15,0.7,36.07078,0.3,0.7,0.2333333,0.5666667,0.2,0.0,0.0,0.0,493.9875,13747.77,0.0,-4999.5,nan,0.0,nan
h2o_co2_hybrid_mrk,X(CO2)=0.700000,5000.0,673.15,0.7,33.8432,0.3,0.7,0.2333333,0.5666667,0.2,0.0,0.0,0.0,722.2011,28506.56,0.0,-4999.5,nan,0.0,nan
h2o_co2_hybrid_mrk,X(CO2)=0.700000,6000.0,673.15,0.7,32.21905,0.3,0.7,0.2333333,0.5666667,0.2,0.0,0.0,0.0,1040.807,57134.83,0.0,-4999.5,nan,0.0,nan
h2o_co2_hybrid_mrk,X(CO2)=0.700000,7000.0,673.15,0.7,30.95771,0.3,0.7,0.2333333,0.5666667,0.2,0.0,0.0,0.0,1483.65,111816.5,0.0,-4999.5,nan,0.0,nan
h2o_co2_hybrid_mrk,X(CO2)=0.700000,8000.0,673.15,0.7,29.93552,0.3,0.7,0.2333333,0.5666667,0.2,0.0,0.0,0.0,2096.605,214993.0,0.0,-4999.5,nan,0.0,nan
h2o_co2_hybrid_mrk,X(CO2)=0.700000,9000.0,673.15,0.7,29.08143,0.3,0.7,0.2333333,0.5666667,0.2,0.0,0.0,0.0,2941.788,407754.3,0.0,-4999.5,nan,0.0,nan
h2o_co2_hybrid_mrk,X(CO2)=0.700000,10000.0,673.15,0.7,28.35118,0.3,0.7,0.2333333,0.5666667,0.2,0.0,0.0,0.0,4103.189,764949.9,0.0,-4999.5,nan,0.0,nan
h2o_co2_hybrid_mrk,X(CO2)=0.700000,11000.0,673.15,0.7,27.71555,0.3,0.7,0.2333333,0.5666667,0.2,0.0,0.0,0.0,5694.196,1422317.0,0.0,-4999.5,nan,0.0,nan
h2o_co2_hybrid_mrk,X(CO2)=0.700000,12000.0,673.15,0.7,27.1543,0.3,0.7,0.2333333,0.5666667,0.2,0.0,0.0,0.0,7867.671,2625046.0,0.0,-4999.5,nan,0.0,nan
h2o_co2_hybrid_mrk,X(CO2)=0.700000,13000.0,673.15,0.7,26.6529,0.3,0.7,0.2333333,0.5666667,0.2,0.0,0.0,0.0,10829.4,4814502.0,0.0,-4999.5,nan,0.0,nan
h2o_co2_hybrid_mrk,X(CO2)=0.700000,14000.0,673.15,0.7,26.20058,0.3,0.7,0.2333333,0.5666667,0.2,0.0,0.0,0.0,14856.08,8782727.0,0.0,-4999.5,nan,0.0,nan
h2o_co2_hybrid_mrk,X(CO2)=0.700000,15000.0,673.15,0.7,25.78916,0.3,0.7,0.2333333,0.5666667,0.2,0.0,0.0,0.0,20319.28,15947110.0,0.0,-4999.5,nan,0.0,nan
h2o_co2_hybrid_mrk,X(CO2)=0.700000,16000.0,673.15,0.7,25.4123,0.3,0.7,0.2333333,0.5666667,0.2,0.0,0.0,0.0,27717.42,28837770.0,0.0,-4999.5,nan,0.0,nan
h2o_co2_hybrid_mrk,X(CO2)=0.700000,17000.0,673.15,0.7,25.06498,0.3,0.7,0.2333333,0.5666667,0.2,0.0,0.0,0.0,37718.4,51960870.0,0.0,-4999.5,nan,0.0,nan
h2o_co2_hybrid_mrk,X(CO2)=0.700000,18000.0,673.15,0.7,24.74319,0.3,0.7,0.2333333,0.5666667,0.2,0.0,0.0,0.0,51216.31,93325310.0,0.0,-4999.5,nan,0.0,nan
h2o_co2_hybrid_mrk,X(CO2)=0.700000,19000.0,673.15,0.7,24.44364,0.3,0.7,0.2333333,0.5666667,0.2,0.0,0.0,0.0,69406.93,167138500.0,0.0,-4999.5,nan,0.0,nan
h2o_co2_hybrid_mrk,X(CO2)=0.700000,20000.0,673.15,0.7,24.16363,0.3,0.7,0.2333333,0.5666667,0.2,0.0,0.0,0.0,93888.14,298560200.0,0.0,-4999.5,nan,0.0,nan
h2o_co2_hybrid_mrk,X(CO2)=0.700000,1000.0,723.15,0.7,69.15514,0.3,0.7,0.2333333,0.5666667,0.2,0.0,0.0,0.0,145.8176,880.9339,0.0,-4999.5,nan,0.0,nan
h2o_co2_hybrid_mrk,X(CO2)=0.700000,2000.0,723.15,0.7,48.03075,0.3,0.7,0.2333333,0.5666667,0.2,0.0,0.0,0.0,243.6357,2617.044,0.0,-4999.5,nan,0.0,nan
h2o_co2_hybrid_mrk,X(CO2)=0.700000,3000.0,723.15,0.7,40.97492,0.3,0.7,0.2333333,0.5666667,0.2,0.0,0.0,0.0,371.7112,6107.114,0.0,-4999.5,nan,0.0,nan
h2o_co2_hybrid_mrk,X(CO2)=0.700000,4000.0,723.15,0.7,37.20527,0.3,0.7,0.2333333,0.5666667,0.2,0.0,0.0,0.0,546.9556,12921.73,0.0,-4999.5,nan,0.0,nan
h2o_co2_hybrid_mrk,X(CO2)=0.700000,5000.0,723.15,0.7,34.75696,0.3,0.7,0.2333333,0.5666667,0.2,0.0,0.0,0.0,787.4485,25897.31,0.0,-4999.5,nan,0.0,nan
h2o_co2_hybrid_mrk,X(CO2)=0.700000,6000.0,723.15,0.7,32.98969,0.3,0.7,0.2333333,0.5666667,0.2,0.0,0.0,0.0,1116.555,50128.82,0.0,-4999.5,nan,0.0,nan
h2o_co2_hybrid_mrk,X(CO2)=0.700000,7000.0,723.15,0.7,31.62777,0.3,0.7,0.2333333,0.5666667,0.2,0.0,0.0,0.0,1565.183,94702.11,0.0,-4999.5,nan,0.0,nan
h2o_co2_hybrid_mrk,X(CO2)=0.700000,8000.0,723.15,0.7,30.53081,0.3,0.7,0.2333333,0.5666667,0.2,0.0,0.0,0.0,2174.374,175714.9,0.0,-4999.5,nan,0.0,nan
h2o_co2_hybrid_mrk,X(CO2)=0.700000,9000.0,723.15,0.7,29.61877,0.3,0.7,0.2333333,0.5666667,0.2,0.0,0.0,0.0,2998.601,321528.1,0.0,-4999.5,nan,0.0,nan
h2o_co2_hybrid_mrk,X(CO2)=0.700000,10000.0,723.15,0.7,28.8422,0.3,0.7,0.2333333,0.5666667,0.2,0.0,0.0,0.0,4110.098,581863.6,0.0,-4999.5,nan,0.0,nan
h2o_co2_hybrid_mrk,X(CO2)=0.700000,11000.0,723.15,0.7,28.1686,0.3,0.7,0.2333333,0.5666667,0.2,0.0,0.0,0.0,5604.518,1043522.0,0.0,-4999.5,nan,0.0,nan
h2o_co2_hybrid_mrk,X(CO2)=0.700000,12000.0,723.15,0.7,27.57561,0.3,0.7,0.2333333,0.5666667,0.2,0.0,0.0,0.0,7608.358,1857463.0,0.0,-4999.5,nan,0.0,nan
h2o_co2_hybrid_mrk,X(CO2)=0.700000,13000.0,723.15,0.7,27.04722,0.3,0.7,0.2333333,0.5666667,0.2,0.0,0.0,0.0,10288.7,3285356.0,0.0,-4999.5,nan,0.0,nan
h2o_co2_hybrid_mrk,X(CO2)=0.700000,14000.0,723.15,0.7,26.57165,0.3,0.7,0.2333333,0.5666667,0.2,0.0,0.0,0.0,13865.95,5779414.0,0.0,-4999.5,nan,0.0,nan
h2o_co2_hybrid_mrk,X(CO2)=0.700000,15000.0,723.15,0.7,26.13996,0.3,0.7,0.2333333,0.5666667,0.2,0.0,0.0,0.0,18630.54,10119060.0,0.0,-4999.5,nan,0.0,nan
h2o_co2_hybrid_mrk,X(CO2)=0.700000,16000.0,723.15,0.7,25.74525,0.3,0.7,0.2333333,0.5666667,0.2,0.0,0.0,0.0,24964.8,17644410.0,0.0,-4999.5,nan,0.0,nan
h2o_co2_hybrid_mrk,X(CO2)=0.700000,17000.0,723.15,0.7,25.38209,0.3,0.7,0.2333333,0.5666667,0.2,0.0,0.0,0.0,33371.44,30654620.0,0.0,-4999.5,nan,0.0,nan
h2o_co2_hybrid_mrk,X(CO2)=0.700000,18000.0,723.15,0.7,25.04612,0.3,0.7,0.2333333,0.5666667,0.2,0.0,0.0,0.0,44510.96,53086200.0,0.0,-4999.5,nan,0.0,nan
h2o_co2_hybrid_mrk,X(CO2)=0.700000,19000.0,723.15,0.7,24.73379,0.3,0.7,0.2333333,0.5666667,0.2,0.0,0.0,0.0,59250.29,91666740.0,0.0,-4999.5,nan,0.0,nan
h2o_co2_hybrid_mrk,X(CO2)=0.700000,20000.0,723.15,0.7,24.44221,0.3,0.7,0.2333333,0.5666667,0.2,0.0,0.0,0.0,78726.45,157874400.0,0.0,-4999.5,nan,0.0,nan
h2o_co2_hybrid_mrk,X(CO2)=0.700000,1000.0,773.15,0.7,74.32698,0.3,0.7,0.2333333,0.5666667,0.2,0.0,0.0,0.0,161.1168,892.0631,0.0,-4999.5,nan,0.0,nan
h2o_co2_hybrid_mrk,X(CO2)=0.700000,2000.0,773.15,0.7,50.42281,0.3,0.7,0.2333333,0.5666667,0.2,0.0,0.0,0.0,272.2131,2601.894,0.0,-4999.5,nan,0.0,nan
h2o_co2_hybrid_mrk,X(CO2)=0.700000,3000.0,773.15,0.7,42.52102,0.3,0.7,0.2333333,0.5666667,0.2,0.0,0.0,0.0,412.7491,5918.031,0.0,-4999.5,nan,0.0,nan
h2o_co2_hybrid_mrk,X(CO2)=0.700000,4000.0,773.15,0.7,38.35267,0.3,0.7,0.2333333,0.5666667,0.2,0.0,0.0,0.0,600.8201,12171.84,0.0,-4999.5,nan,0.0,nan
h2o_co2_hybrid_mrk,X(CO2)=0.700000,5000.0,773.15,0.7,35.67547,0.3,0.7,0.2333333,0.5666667,0.2,0.0,0.0,0.0,854.0874,23682.89,0.0,-4999.5,nan,0.0,nan
h2o_co2_hybrid_mrk,X(CO2)=0.700000,6000.0,773.15,0.7,33.76021,0.3,0.7,0.2333333,0.5666667,0.2,0.0,0.0,0.0,1194.607,44474.36,0.0,-4999.5,nan,0.0,nan
h2o_co2_hybrid_mrk,X(CO2)=0.700000,7000.0,773.15,0.7,32.29474,0.3,0.7,0.2333333,0.5666667,0.2,0.0,0.0,0.0,1650.928,81477.87,0.0,-4999.5,nan,0.0,nan
h2o_co2_hybrid_mrk,X(CO2)=0.700000,8000.0,773.15,0.7,31.12116,0.3,0.7,0.2333333,0.5666667,0.2,0.0,0.0,0.0,2260.259,146563.5,0.0,-4999.5,nan,0.0,nan
h2o_co2_hybrid_mrk,X(CO2)=0.700000,9000.0,773.15,0.7,30.15002,0.3,0.7,0.2333333,0.5666667,0.2,0.0,0.0,0.0,3071.126,259949.8,0.0,-4999.5,nan,0.0,nan
h2o_co2_hybrid_mrk,X(CO2)=0.700000,10000.0,773.15,0.7,29.32638,0.3,0.7,0.2333333,0.5666667,0.2,0.0,0.0,0.0,4146.782,455916.2,0.0,-4999.5,nan,0.0,nan
h2o_co2_hybrid_mrk,X(CO2)=0.700000,11000.0,773.15,0.7,28.61435,0.3,0.7,0.2333333,0.5666667,0.2,0.0,0.0,0.0,5569.579,792344.1,0.0,-4999.5,nan,0.0,nan
h2o_co2_hybrid_mrk,X(CO2)=0.700000,12000.0,773.15,0.7,27.98932,0.3,0.7,0.2333333,0.5666667,0.2,0.0,0.0,0.0,7446.615,1366616.0,0.0,-4999.5,nan,0.0,nan
h2o_co2_hybrid_mrk,X(CO2)=0.700000,13000.0,773.15,0.7,27.4338,0.3,0.7,0.2333333,0.5666667,0.2,0.0,0.0,0.0,9916.999,2342048.0,0.0,-4999.5,nan,0.0,nan
h2o_co2_hybrid_mrk,X(CO2)=0.700000,14000.0,773.15,0.7,26.93491,0.3,0.7,0.2333333,0.5666667,0.2,0.0,0.0,0.0,13161.22,3991746.0,0.0,-4999.5,nan,0.0,nan
h2o_co2_hybrid_mrk,X(CO2)=0.700000,15000.0,773.15,0.7,26.48295,0.3,0.7,0.2333333,0.5666667,0.2,0.0,0.0,0.0,17413.21,6771227.0,0.0,-4999.5,nan,0.0,nan
h2o_co2_hybrid_mrk,X(CO2)=0.700000,16000.0,773.15,0.7,26.07044,0.3,0.7,0.2333333,0.5666667,0.2,0.0,0.0,0.0,22975.86,11438490.0,0.0,-4999.5,nan,0.0,nan
h2o_co2_hybrid_mrk,X(CO2)=0.700000,17000.0,773.15,0.7,25.6915,0.3,0.7,0.2333333,0.5666667,0.2,0.0,0.0,0.0,30240.96,19252150.0,0.0,-4999.5,nan,0.0,nan
h2o_co2_hybrid_mrk,X(CO2)=0.700000,18000.0,773.15,0.7,25.34143,0.3,0.7,0.2333333,0.5666667,0.2,0.0,0.0,0.0,39714.89,32298100.0,0.0,-4999.5,nan,0.0,nan
h2o_co2_hybrid_mrk,X(CO2)=0.700000,19000.0,773.15,0.7,25.01644,0.3,0.7,0.2333333,0.5666667,0.2,0.0,0.0,0.0,52051.5,54026960.0,0.0,-4999.5,nan,0.0,nan
h2o_co2_hybrid_mrk,X(CO2)=0.700000,20000.0,773.15,0.7,24.71341,0.3,0.7,0.2333333,0.5666667,0.2,0.0,0.0,0.0,68094.47,90137750.0,0.0,-4999.5,nan,0.0,nan
h2o_co2_hybrid_mrk,X(CO2)=0.700000,1000.0,823.15,0.7,79.48662,0.3,0.7,0.2333333,0.5666667,0.2,0.0,0.0,0.0,175.4296,898.424,0.0,-4999.5,nan,0.0,nan
h2o_co2_hybrid_mrk,X(CO2)=0.700000,2000.0,823.15,0.7,52.85613,0.3,0.7,0.2333333,0.5666667,0.2,0.0,0.0,0.0,300.3486,2576.987,0.0,-4999.5,nan,0.0,nan
h2o_co2_hybrid_mrk,X(CO2)=0.700000,3000.0,823.15,0.7,44.09253,0.3,0.7,0.2333333,0.5666667,0.2,0.0,0.0,0.0,453.7269,5730.288,0.0,-4999.5,nan,0.0,nan
h2o_co2_hybrid_mrk,X(CO2)=0.700000,4000.0,823.15,0.7,39.51395,0.3,0.7,0.2333333,0.5666667,0.2,0.0,0.0,0.0,654.8747,11495.82,0.0,-4999.5,nan,0.0,nan
h2o_co2_hybrid_mrk,X(CO2)=0.700000,5000.0,823.15,0.7,36.60048,0.3,0.7,0.2333333,0.5666667,0.2,0.0,0.0,0.0,921.1835,21793.49,0.0,-4999.5,nan,0.0,nan
h2o_co2_hybrid_mrk,X(CO2)=0.700000,6000.0,823.15,0.7,34.53264,0.3,0.7,0.2333333,0.5666667,0.2,0.0,0.0,0.0,1273.637,39851.55,0.0,-4999.5,nan,0.0,nan
h2o_co2_hybrid_mrk,X(CO2)=0.700000,7000.0,823.15,0.7,32.96072,0.3,0.7,0.2333333,0.5666667,0.2,0.0,0.0,0.0,1738.841,71065.17,0.0,-4999.5,nan,0.0,nan
h2o_co2_hybrid_mrk,X(CO2)=0.700000,8000.0,823.15,0.7,31.70862,0.3,0.7,0.2333333,0.5666667,0.2,0.0,0.0,0.0,2350.881,124399.3,0.0,-4999.5,nan,0.0,nan
h2o_co2_hybrid_mrk,X(CO2)=0.700000,9000.0,823.15,0.7,30.67714,0.3,0.7,0.2333333,0.5666667,0.2,0.0,0.0,0.0,3153.522,214675.6,0.0,-4999.5,nan,0.0,nan
h2o_co2_hybrid_mrk,X(CO2)=0.700000,10000.0,823.15,0.7,29.80561,0.3,0.7,0.2333333,0.5666667,0.2,0.0,0.0,0.0,4202.94,366290.9,0.0,-4999.5,nan,0.0,nan
h2o_co2_hybrid_mrk,X(CO2)=0.700000,11000.0,823.15,0.7,29.0546,0.3,0.7,0.2333333,0.5666667,0.2,0.0,0.0,0.0,5571.193,619245.8,0.0,-4999.5,nan,0.0,nan
h2o_co2_hybrid_mrk,X(CO2)=0.700000,12000.0,823.15,0.7,28.3972,0.3,0.7,0.2333333,0.5666667,0.2,0.0,0.0,0.0,7350.602,1038899.0,0.0,-4999.5,nan,0.0,nan
h2o_co2_hybrid_mrk,X(CO2)=0.700000,13000.0,823.15,0.7,27.81431,0.3,0.7,0.2333333,0.5666667,0.2,0.0,0.0,0.0,9659.337,1731716.0,0.0,-4999.5,nan,0.0,nan
h2o_co2_hybrid_mrk,X(CO2)=0.700000,14000.0,823.15,0.7,27.29197,0.3,0.7,0.2333333,0.5666667,0.2,0.0,0.0,0.0,12648.48,2870640.0,0.0,-4999.5,nan,0.0,nan
h2o_co2_hybrid_mrk,X(CO2)=0.700000,15000.0,823.15,0.7,26.81967,0.3,0.7,0.2333333,0.5666667,0.2,0.0,0.0,0.0,16511.03,4735902.0,0.0,-4999.5,nan,0.0,nan
h2o_co2_hybrid_mrk,X(CO2)=0.700000,16000.0,823.15,0.7,26.38934,0.3,0.7,0.2333333,0.5666667,0.2,0.0,0.0,0.0,21493.23,7780557.0,0.0,-4999.5,nan,0.0,nan
h2o_co2_hybrid_mrk,X(CO2)=0.700000,17000.0,823.15,0.7,25.99463,0.3,0.7,0.2333333,0.5666667,0.2,0.0,0.0,0.0,27909.06,12735550.0,0.0,-4999.5,nan,0.0,nan
h2o_co2_hybrid_mrk,X(CO2)=0.700000,18000.0,823.15,0.7,25.63052,0.3,0.7,0.2333333,0.5666667,0.2,0.0,0.0,0.0,36158.47,20777950.0,0.0,-4999.5,nan,0.0,nan
h2o_co2_hybrid_mrk,X(CO2)=0.700000,19000.0,823.15,0.7,25.29293,0.3,0.7,0.2333333,0.5666667,0.2,0.0,0.0,0.0,46750.53,33799970.0,0.0,-4999.5,nan,0.0,nan
h2o_co2_hybrid_mrk,X(CO2)=0.700000,20000.0,823.15,0.7,24.97851,0.3,0.7,0.2333333,0.5666667,0.2,0.0,0.0,0.0,60332.7,54838540.0,0.0,-4999.5,nan,0.0,nan
h2o_co2_hybrid_mrk,X(CO2)=0.700000,1000.0,873.15,0.7,84.51248,0.3,0.7,0.2333333,0.5666667,0.2,0.0,0.0,0.0,188.6635,901.395,0.0,-4999.5,nan,0.0,nan
h2o_co2_hybrid_mrk,X(CO2)=0.700000,2000.0,873.15,0.7,55.3231,0.3,0.7,0.2333333,0.5666667,0.2,0.0,0.0,0.0,327.6463,2546.072,0.0,-4999.5,nan,0.0,nan
h2o_co2_hybrid_mrk,X(CO2)=0.700000,3000.0,873.15,0.7,45.68803,0.3,0.7,0.2333333,0.5666667,0.2,0.0,0.0,0.0,494.066,5548.574,0.0,-4999.5,nan,0.0,nan
h2o_co2_hybrid_mrk,X(CO2)=0.700000,4000.0,873.15,0.7,40.68967,0.3,0.7,0.2333333,0.5666667,0.2,0.0,0.0,0.0,708.3502,10888.11,0.0,-4999.5,nan,0.0,nan
h2o_co2_hybrid_mrk,X(CO2)=0.700000,5000.0,873.15,0.7,37.53337,0.3,0.7,0.2333333,0.5666667,0.2,0.0,0.0,0.0,987.7143,20171.37,0.0,-4999.5,nan,0.0,nan
h2o_co2_hybrid_mrk,X(CO2)=0.700000,6000.0,873.15,0.7,35.30862,0.3,0.7,0.2333333,0.5666667,0.2,0.0,0.0,0.0,1352.241,36026.25,0.0,-4999.5,nan,0.0,nan
h2o_co2_hybrid_mrk,X(CO2)=0.700000,7000.0,873.15,0.7,33.62739,0.3,0.7,0.2333333,0.5666667,0.2,0.0,0.0,0.0,1826.889,62726.84,0.0,-4999.5,nan,0.0,nan
h2o_co2_hybrid_mrk,X(CO2)=0.700000,8000.0,873.15,0.7,32.29488,0.3,0.7,0.2333333,0.5666667,0.2,0.0,0.0,0.0,2443.138,107187.3,0.0,-4999.5,nan,0.0,nan
h2o_co2_hybrid_mrk,X(CO2)=0.700000,9000.0,873.15,0.7,31.20176,0.3,0.7,0.2333333,0.5666667,0.2,0.0,0.0,0.0,3240.83,180539.5,0.0,-4999.5,nan,0.0,nan
h2o_co2_hybrid_mrk,X(CO2)=0.700000,10000.0,873.15,0.7,30.28147,0.3,0.7,0.2333333,0.5666667,0.2,0.0,0.0,0.0,4270.414,300630.0,0.0,-4999.5,nan,0.0,nan
h2o_co2_hybrid_mrk,X(CO2)=0.700000,11000.0,873.15,0.7,29.49088,0.3,0.7,0.2333333,0.5666667,0.2,0.0,0.0,0.0,5595.738,495964.7,0.0,-4999.5,nan,0.0,nan
h2o_co2_hybrid_mrk,X(CO2)=0.700000,12000.0,873.15,0.7,28.80068,0.3,0.7,0.2333333,0.5666667,0.2,0.0,0.0,0.0,7297.534,811924.8,0.0,-4999.5,nan,0.0,nan
h2o_co2_hybrid_mrk,X(CO2)=0.700000,13000.0,873.15,0.7,28.19015,0.3,0.7,0.2333333,0.5666667,0.2,0.0,0.0,0.0,9477.784,1320543.0,0.0,-4999.5,nan,0.0,nan
h2o_co2_hybrid_mrk,X(CO2)=0.700000,14000.0,873.15,0.7,27.64418,0.3,0.7,0.2333333,0.5666667,0.2,0.0,0.0,0.0,12265.2,2135852.0,0.0,-4999.5,nan,0.0,nan
h2o_co2_hybrid_mrk,X(CO2)=0.700000,15000.0,873.15,0.7,27.15142,0.3,0.7,0.2333333,0.5666667,0.2,0.0,0.0,0.0,15822.04,3437939.0,0.0,-4999.5,nan,0.0,nan
h2o_co2_hybrid_mrk,X(CO2)=0.700000,16000.0,873.15,0.7,26.7032,0.3,0.7,0.2333333,0.5666667,0.2,0.0,0.0,0.0,20352.75,5510587.0,0.0,-4999.5,nan,0.0,nan
h2o_co2_hybrid_mrk,X(CO2)=0.700000,17000.0,873.15,0.7,26.2927,0.3,0.7,0.2333333,0.5666667,0.2,0.0,0.0,0.0,26114.6,8800095.0,0.0,-4999.5,nan,0.0,nan
h2o_co2_hybrid_mrk,X(CO2)=0.700000,18000.0,873.15,0.7,25.91454,0.3,0.7,0.2333333,0.5666667,0.2,0.0,0.0,0.0,33431.16,14007060.0,0.0,-4999.5,nan,0.0,nan
h2o_co2_hybrid_mrk,X(CO2)=0.700000,19000.0,873.15,0.7,25.56436,0.3,0.7,0.2333333,0.5666667,0.2,0.0,0.0,0.0,42709.04,22229430.0,0.0,-4999.5,nan,0.0,nan
h2o_co2_hybrid_mrk,X(CO2)=0.700000,20000.0,873.15,0.7,25.23859,0.3,0.7,0.2333333,0.5666667,0.2,0.0,0.0,0.0,54458.8,35185200.0,0.0,-4999.5,nan,0.0,nan
h2o_co2_hybrid_mrk,X(CO2)=0.700000,1000.0,923.15,0.7,89.46314,0.3,0.7,0.2333333,0.5666667,0.2,0.0,0.0,0.0,200.7814,901.9565,0.0,-4999.5,nan,0.0,nan
h2o_co2_hybrid_mrk,X(CO2)=0.700000,2000.0,923.15,0.7,57.81177,0.3,0.7,0.2333333,0.5666667,0.2,0.0,0.0,0.0,353.7756,2511.707,0.0,-4999.5,nan,0.0,nan
h2o_co2_hybrid_mrk,X(CO2)=0.700000,3000.0,923.15,0.7,47.30581,0.3,0.7,0.2333333,0.5666667,0.2,0.0,0.0,0.0,533.2377,5375.409,0.0,-4999.5,nan,0.0,nan
h2o_co2_hybrid_mrk,X(CO2)=0.700000,4000.0,923.15,0.7,41.88022,0.3,0.7,0.2333333,0.5666667,0.2,0.0,0.0,0.0,760.5233,10342.05,0.0,-4999.5,nan,0.0,nan
h2o_co2_hybrid_mrk,X(CO2)=0.700000,5000.0,923.15,0.7,38.47522,0.3,0.7,0.2333333,0.5666667,0.2,0.0,0.0,0.0,1052.719,18769.76,0.0,-4999.5,nan,0.0,nan
h2o_co2_hybrid_mrk,X(CO2)=0.700000,6000.0,923.15,0.7,36.08949,0.3,0.7,0.2333333,0.5666667,0.2,0.0,0.0,0.0,1429.126,32825.45,0.0,-4999.5,nan,0.0,nan
h2o_co2_hybrid_mrk,X(CO2)=0.700000,7000.0,923.15,0.7,34.29617,0.3,0.7,0.2333333,0.5666667,0.2,0.0,0.0,0.0,1913.276,55948.52,0.0,-4999.5,nan,0.0,nan
h2o_co2_hybrid_mrk,X(CO2)=0.700000,8000.0,923.15,0.7,32.88134,0.3,0.7,0.2333333,0.5666667,0.2,0.0,0.0,0.0,2534.418,93570.64,0.0,-4999.5,nan,0.0,nan
h2o_co2_hybrid_mrk,X(CO2)=0.700000,9000.0,923.15,0.7,31.72528,0.3,0.7,0.2333333,0.5666667,0.2,0.0,0.0,0.0,3329.089,154231.0,0.0,-4999.5,nan,0.0,nan
h2o_co2_hybrid_mrk,X(CO2)=0.700000,10000.0,923.15,0.7,30.75528,0.3,0.7,0.2333333,0.5666667,0.2,0.0,0.0,0.0,4342.983,251300.7,0.0,-4999.5,nan,0.0,nan
h2o_co2_hybrid_mrk,X(CO2)=0.700000,11000.0,923.15,0.7,29.92445,0.3,0.7,0.2333333,0.5666667,0.2,0.0,0.0,0.0,5633.238,405642.0,0.0,-4999.5,nan,0.0,nan
h2o_co2_hybrid_mrk,X(CO2)=0.700000,12000.0,923.15,0.7,29.20099,0.3,0.7,0.2333333,0.5666667,0.2,0.0,0.0,0.0,7271.247,649703.0,0.0,-4999.5,nan,0.0,nan
h2o_co2_hybrid_mrk,X(CO2)=0.700000,13000.0,923.15,0.7,28.5625,0.3,0.7,0.2333333,0.5666667,0.2,0.0,0.0,0.0,9346.143,1033808.0,0.0,-4999.5,nan,0.0,nan
h2o_co2_hybrid_mrk,X(CO2)=0.700000,14000.0,923.15,0.7,27.99266,0.3,0.7,0.2333333,0.5666667,0.2,0.0,0.0,0.0,11969.11,1635806.0,0.0,-4999.5,nan,0.0,nan
h2o_co2_hybrid_mrk,X(CO2)=0.700000,15000.0,923.15,0.7,27.47929,0.3,0.7,0.2333333,0.5666667,0.2,0.0,0.0,0.0,15278.7,2575846.0,0.0,-4999.5,nan,0.0,nan
h2o_co2_hybrid_mrk,X(CO2)=0.700000,16000.0,923.15,0.7,27.01306,0.3,0.7,0.2333333,0.5666667,0.2,0.0,0.0,0.0,19447.47,4038971.0,0.0,-4999.5,nan,0.0,nan
h2o_co2_hybrid_mrk,X(CO2)=0.700000,17000.0,923.15,0.7,26.58671,0.3,0.7,0.2333333,0.5666667,0.2,0.0,0.0,0.0,24690.08,6309620.0,0.0,-4999.5,nan,0.0,nan
h2o_co2_hybrid_mrk,X(CO2)=0.700000,18000.0,923.15,0.7,26.19447,0.3,0.7,0.2333333,0.5666667,0.2,0.0,0.0,0.0,31273.43,9824236.0,0.0,-4999.5,nan,0.0,nan
h2o_co2_hybrid_mrk,X(CO2)=0.700000,19000.0,923.15,0.7,25.83168,0.3,0.7,0.2333333,0.5666667,0.2,0.0,0.0,0.0,39529.07,15251420.0,0.0,-4999.5,nan,0.0,nan
h2o_co2_hybrid_mrk,X(CO2)=0.700000,20000.0,923.15,0.7,25.49457,0.3,0.7,0.2333333,0.5666667,0.2,0.0,0.0,0.0,49868.63,23613860.0,0.0,-4999.5,nan,0.0,nan
h2o_co2_hybrid_mrk,X(CO2)=0.700000,1000.0,973.15,0.7,94.41049,0.3,0.7,0.2333333,0.5666667,0.2,0.0,0.0,0.0,211.7908,900.8103,0.0,-4999.5,nan,0.0,nan
h2o_co2_hybrid_mrk,X(CO2)=0.700000,2000.0,973.15,0.7,60.30737,0.3,0.7,0.2333333,0.5666667,0.2,0.0,0.0,0.0,378.4879,2475.631,0.0,-4999.5,nan,0.0,nan
h2o_co2_hybrid_mrk,X(CO2)=0.700000,3000.0,973.15,0.7,48.94321,0.3,0.7,0.2333333,0.5666667,0.2,0.0,0.0,0.0,570.8017,5211.994,0.0,-4999.5,nan,0.0,nan
h2o_co2_hybrid_mrk,X(CO2)=0.700000,4000.0,973.15,0.7,43.08573,0.3,0.7,0.2333333,0.5666667,0.2,0.0,0.0,0.0,810.7749,9850.924,0.0,-4999.5,nan,0.0,nan
h2o_co2_hybrid_mrk,X(CO2)=0.700000,5000.0,973.15,0.7,39.42698,0.3,0.7,0.2333333,0.5666667,0.2,0.0,0.0,0.0,1115.375,17551.03,0.0,-4999.5,nan,0.0,nan
h2o_co2_hybrid_mrk,X(CO2)=0.700000,6000.0,973.15,0.7,36.87646,0.3,0.7,0.2333333,0.5666667,0.2,0.0,0.0,0.0,1503.204,30119.87,0.0,-4999.5,nan,0.0,nan
h2o_co2_hybrid_mrk,X(CO2)=0.700000,7000.0,973.15,0.7,34.96834,0.3,0.7,0.2333333,0.5666667,0.2,0.0,0.0,0.0,1996.53,50364.03,0.0,-4999.5,nan,0.0,nan
h2o_co2_hybrid_mrk,X(CO2)=0.700000,8000.0,973.15,0.7,33.46928,0.3,0.7,0.2333333,0.5666667,0.2,0.0,0.0,0.0,2622.654,82620.6,0.0,-4999.5,nan,0.0,nan
h2o_co2_hybrid_mrk,X(CO2)=0.700000,9000.0,973.15,0.7,32.24889,0.3,0.7,0.2333333,0.5666667,0.2,0.0,0.0,0.0,3415.268,133563.2,0.0,-4999.5,nan,0.0,nan
h2o_co2_hybrid_mrk,X(CO2)=0.700000,10000.0,973.15,0.7,31.22823,0.3,0.7,0.2333333,0.5666667,0.2,0.0,0.0,0.0,4416.04,213421.5,0.0,-4999.5,nan,0.0,nan
h2o_co2_hybrid_mrk,X(CO2)=0.700000,11000.0,973.15,0.7,30.35645,0.3,0.7,0.2333333,0.5666667,0.2,0.0,0.0,0.0,5676.501,337823.1,0.0,-4999.5,nan,0.0,nan
h2o_co2_hybrid_mrk,X(CO2)=0.700000,12000.0,973.15,0.7,29.59921,0.3,0.7,0.2333333,0.5666667,0.2,0.0,0.0,0.0,7260.353,530569.4,0.0,-4999.5,nan,0.0,nan
h2o_co2_hybrid_mrk,X(CO2)=0.700000,13000.0,973.15,0.7,28.93237,0.3,0.7,0.2333333,0.5666667,0.2,0.0,0.0,0.0,9246.286,827811.5,0.0,-4999.5,nan,0.0,nan
h2o_co2_hybrid_mrk,X(CO2)=0.700000,14000.0,973.15,0.7,28.33839,0.3,0.7,0.2333333,0.5666667,0.2,0.0,0.0,0.0,11731.43,1284324.0,0.0,-4999.5,nan,0.0,nan
h2o_co2_hybrid_mrk,X(CO2)=0.700000,15000.0,973.15,0.7,27.8042,0.3,0.7,0.2333333,0.5666667,0.2,0.0,0.0,0.0,14835.57,1982910.0,0.0,-4999.5,nan,0.0,nan
h2o_co2_hybrid_mrk,X(CO2)=0.700000,16000.0,973.15,0.7,27.31984,0.3,0.7,0.2333333,0.5666667,0.2,0.0,0.0,0.0,18706.31,3048495.0,0.0,-4999.5,nan,0.0,nan
h2o_co2_hybrid_mrk,X(CO2)=0.700000,17000.0,973.15,0.7,26.87753,0.3,0.7,0.2333333,0.5666667,0.2,0.0,0.0,0.0,23525.42,4669197.0,0.0,-4999.5,nan,0.0,nan
h2o_co2_hybrid_mrk,X(CO2)=0.700000,18000.0,973.15,0.7,26.47113,0.3,0.7,0.2333333,0.5666667,0.2,0.0,0.0,0.0,29516.56,7127805.0,0.0,-4999.5,nan,0.0,nan
h2o_co2_hybrid_mrk,X(CO2)=0.700000,19000.0,973.15,0.7,26.0957,0.3,0.7,0.2333333,0.5666667,0.2,0.0,0.0,0.0,36954.71,10848760.0,0.0,-4999.5,nan,0.0,nan
h2o_co2_hybrid_mrk,X(CO2)=0.700000,20000.0,973.15,0.7,25.74721,0.3,0.7,0.2333333,0.5666667,0.2,0.0,0.0,0.0,46177.77,16468160.0,0.0,-4999.5,nan,0.0,nan
h2o_co2_hybrid_mrk,X(CO2)=0.700000,1000.0,1023.15,0.7,99.35172,0.3,0.7,0.2333333,0.5666667,0.2,0.0,0.0,0.0,221.7303,898.4621,0.0,-4999.5,nan,0.0,nan
h2o_co2_hybrid_mrk,X(CO2)=0.700000,2000.0,1023.15,0.7,62.79842,0.3,0.7,0.2333333,0.5666667,0.2,0.0,0.0,0.0,401.6163,2439.018,0.0,-4999.5,nan,0.0,nan
h2o_co2_hybrid_mrk,X(CO2)=0.700000,3000.0,1023.15,0.7,50.59632,0.3,0.7,0.2333333,0.5666667,0.2,0.0,0.0,0.0,606.4206,5058.732,0.0,-4999.5,nan,0.0,nan
h2o_co2_hybrid_mrk,X(CO2)=0.700000,4000.0,1023.15,0.7,44.30584,0.3,0.7,0.2333333,0.5666667,0.2,0.0,0.0,0.0,858.6131,9408.46,0.0,-4999.5,nan,0.0,nan
h2o_co2_hybrid_mrk,X(CO2)=0.700000,5000.0,1023.15,0.7,40.38937,0.3,0.7,0.2333333,0.5666667,0.2,0.0,0.0,0.0,1175.026,16484.9,0.0,-4999.5,nan,0.0,nan
h2o_co2_hybrid_mrk,X(CO2)=0.700000,6000.0,1023.15,0.7,37.67059,0.3,0.7,0.2333333,0.5666667,0.2,0.0,0.0,0.0,1573.616,27811.69,0.0,-4999.5,nan,0.0,nan
h2o_co2_hybrid_mrk,X(CO2)=0.700000,7000.0,1023.15,0.7,35.64505,0.3,0.7,0.2333333,0.5666667,0.2,0.0,0.0,0.0,2075.513,45707.76,0.0,-4999.5,nan,0.0,nan
h2o_co2_hybrid_mrk,X(CO2)=0.700000,8000.0,1023.15,0.7,34.05984,0.3,0.7,0.2333333,0.5666667,0.2,0.0,0.0,0.0,2706.286,73686.73,0.0,-4999.5,nan,0.0,nan
h2o_co2_hybrid_mrk,X(CO2)=0.700000,9000.0,1023.15,0.7,32.77373,0.3,0.7,0.2333333,0.5666667,0.2,0.0,0.0,0.0,3497.141,117050.8,0.0,-4999.5,nan,0.0,nan
h2o_co2_hybrid_mrk,X(CO2)=0.700000,10000.0,1023.15,0.7,31.70137,0.3,0.7,0.2333333,0.5666667,0.2,0.0,0.0,0.0,4486.269,183772.5,0.0,-4999.5,nan,0.0,nan
h2o_co2_hybrid_mrk,X(CO2)=0.700000,11000.0,1023.15,0.7,30.78789,0.3,0.7,0.2333333,0.5666667,0.2,0.0,0.0,0.0,5720.437,285799.8,0.0,-4999.5,nan,0.0,nan
h2o_co2_hybrid_mrk,X(CO2)=0.700000,12000.0,1023.15,0.7,29.9963,0.3,0.7,0.2333333,0.5666667,0.2,0.0,0.0,0.0,7256.892,440987.5,0.0,-4999.5,nan,0.0,nan
h2o_co2_hybrid_mrk,X(CO2)=0.700000,13000.0,1023.15,0.7,29.30068,0.3,0.7,0.2333333,0.5666667,0.2,0.0,0.0,0.0,9165.671,675946.7,0.0,-4999.5,nan,0.0,nan
h2o_co2_hybrid_mrk,X(CO2)=0.700000,14000.0,1023.15,0.7,28.68224,0.3,0.7,0.2333333,0.5666667,0.2,0.0,0.0,0.0,11532.4,1030245.0,0.0,-4999.5,nan,0.0,nan
h2o_co2_hybrid_mrk,X(CO2)=0.700000,15000.0,1023.15,0.7,28.127,0.3,0.7,0.2333333,0.5666667,0.2,0.0,0.0,0.0,14461.69,1562590.0,0.0,-4999.5,nan,0.0,nan
h2o_co2_hybrid_mrk,X(CO2)=0.700000,16000.0,1023.15,0.7,27.62431,0.3,0.7,0.2333333,0.5666667,0.2,0.0,0.0,0.0,18081.22,2359910.0,0.0,-4999.5,nan,0.0,nan
h2o_co2_hybrid_mrk,X(CO2)=0.700000,17000.0,1023.15,0.7,27.16591,0.3,0.7,0.2333333,0.5666667,0.2,0.0,0.0,0.0,22546.76,3550696.0,0.0,-4999.5,nan,0.0,nan
h2o_co2_hybrid_mrk,X(CO2)=0.700000,18000.0,1023.15,0.7,26.74526,0.3,0.7,0.2333333,0.5666667,0.2,0.0,0.0,0.0,28048.17,5324552.0,0.0,-4999.5,nan,0.0,nan
h2o_co2_hybrid_mrk,X(CO2)=0.700000,19000.0,1023.15,0.7,26.35711,0.3,0.7,0.2333333,0.5666667,0.2,0.0,0.0,0.0,34816.76,7960834.0,0.0,-4999.5,nan,0.0,nan
h2o_co2_hybrid_mrk,X(CO2)=0.700000,20000.0,1023.15,0.7,25.99721,0.3,0.7,0.2333333,0.5666667,0.2,0.0,0.0,0.0,43134.09,11870550.0,0.0,-4999.5,nan,0.0,nan
h2o_co2_hybrid_mrk,X(CO2)=0.700000,1000.0,1073.15,0.7,104.2667,0.3,0.7,0.2333333,0.5666667,0.2,0.0,0.0,0.0,230.6595,895.2793,0.0,-4999.5,nan,0.0,nan
h2o_co2_hybrid_mrk,X(CO2)=0.700000,2000.0,1073.15,0.7,65.27978,0.3,0.7,0.2333333,0.5666667,0.2,0.0,0.0,0.0,423.0679,2402.653,0.0,-4999.5,nan,0.0,nan
h2o_co2_hybrid_mrk,X(CO2)=0.700000,3000.0,1073.15,0.7,52.26045,0.3,0.7,0.2333333,0.5666667,0.2,0.0,0.0,0.0,639.8581,4915.543,0.0,-4999.5,nan,0.0,nan
h2o_co2_hybrid_mrk,X(CO2)=0.700000,4000.0,1073.15,0.7,45.53957,0.3,0.7,0.2333333,0.5666667,0.2,0.0,0.0,0.0,903.6763,9008.97,0.0,-4999.5,nan,0.0,nan
h2o_co2_hybrid_mrk,X(CO2)=0.700000,5000.0,1073.15,0.7,41.36281,0.3,0.7,0.2333333,0.5666667,0.2,0.0,0.0,0.0,1231.183,15546.94,0.0,-4999.5,nan,0.0,nan
h2o_co2_hybrid_mrk,X(CO2)=0.700000,6000.0,1073.15,0.7,38.47278,0.3,0.7,0.2333333,0.5666667,0.2,0.0,0.0,0.0,1639.728,25825.96,0.0,-4999.5,nan,0.0,nan
h2o_co2_hybrid_mrk,X(CO2)=0.700000,7000.0,1073.15,0.7,36.32734,0.3,0.7,0.2333333,0.5666667,0.2,0.0,0.0,0.0,2149.398,41783.63,0.0,-4999.5,nan,0.0,nan
h2o_co2_hybrid_mrk,X(CO2)=0.700000,8000.0,1073.15,0.7,34.65407,0.3,0.7,0.2333333,0.5666667,0.2,0.0,0.0,0.0,2784.202,66303.56,0.0,-4999.5,nan,0.0,nan
h2o_co2_hybrid_mrk,X(CO2)=0.700000,9000.0,1073.15,0.7,33.30082,0.3,0.7,0.2333333,0.5666667,0.2,0.0,0.0,0.0,3573.139,103660.7,0.0,-4999.5,nan,0.0,nan
h2o_co2_hybrid_mrk,X(CO2)=0.700000,10000.0,1073.15,0.7,32.17568,0.3,0.7,0.2333333,0.5666667,0.2,0.0,0.0,0.0,4551.364,160171.0,0.0,-4999.5,nan,0.0,nan
h2o_co2_hybrid_mrk,X(CO2)=0.700000,11000.0,1073.15,0.7,31.21968,0.3,0.7,0.2333333,0.5666667,0.2,0.0,0.0,0.0,5761.525,245136.2,0.0,-4999.5,nan,0.0,nan
h2o_co2_hybrid_mrk,X(CO2)=0.700000,12000.0,1073.15,0.7,30.39314,0.3,0.7,0.2333333,0.5666667,0.2,0.0,0.0,0.0,7255.371,372218.2,0.0,-4999.5,nan,0.0,nan
h2o_co2_hybrid_mrk,X(CO2)=0.700000,13000.0,1073.15,0.7,29.66827,0.3,0.7,0.2333333,0.5666667,0.2,0.0,0.0,0.0,9095.653,561431.3,0.0,-4999.5,nan,0.0,nan
h2o_co2_hybrid_mrk,X(CO2)=0.700000,14000.0,1073.15,0.7,29.02501,0.3,0.7,0.2333333,0.5666667,0.2,0.0,0.0,0.0,11358.42,842029.5,0.0,-4999.5,nan,0.0,nan
h2o_co2_hybrid_mrk,X(CO2)=0.700000,15000.0,1073.15,0.7,28.44843,0.3,0.7,0.2333333,0.5666667,0.2,0.0,0.0,0.0,14135.79,1256683.0,0.0,-4999.5,nan,0.0,nan
h2o_co2_hybrid_mrk,X(CO2)=0.700000,16000.0,1073.15,0.7,27.92721,0.3,0.7,0.2333333,0.5666667,0.2,0.0,0.0,0.0,17539.23,1867511.0,0.0,-4999.5,nan,0.0,nan
h2o_co2_hybrid_mrk,X(CO2)=0.700000,17000.0,1073.15,0.7,27.45255,0.3,0.7,0.2333333,0.5666667,0.2,0.0,0.0,0.0,21703.57,2764794.0,0.0,-4999.5,nan,0.0,nan
h2o_co2_hybrid_mrk,X(CO2)=0.700000,18000.0,1073.15,0.7,27.01752,0.3,0.7,0.2333333,0.5666667,0.2,0.0,0.0,0.0,26791.74,4079518.0,0.0,-4999.5,nan,0.0,nan
h2o_co2_hybrid_mrk,X(CO2)=0.700000,19000.0,1073.15,0.7,26.61655,0.3,0.7,0.2333333,0.5666667,0.2,0.0,0.0,0.0,33000.58,6001459.0,0.0,-4999.5,nan,0.0,nan
h2o_co2_hybrid_mrk,X(CO2)=0.700000,20000.0,1073.15,0.7,26.24516,0.3,0.7,0.2333333,0.5666667,0.2,0.0,0.0,0.0,40567.65,8805177.0,0.0,-4999.5,nan,0.0,nan
h2o_co2_hybrid_mrk,X(CO2)=0.700000,1000.0,1123.15,0.7,109.1442,0.3,0.7,0.2333333,0.5666667,0.2,0.0,0.0,0.0,238.6493,891.53,0.0,-4999.5,nan,0.0,nan
h2o_co2_hybrid_mrk,X(CO2)=0.700000,2000.0,1123.15,0.7,67.7509,0.3,0.7,0.2333333,0.5666667,0.2,0.0,0.0,0.0,442.8098,2367.048,0.0,-4999.5,nan,0.0,nan
h2o_co2_hybrid_mrk,X(CO2)=0.700000,3000.0,1123.15,0.7,53.93114,0.3,0.7,0.2333333,0.5666667,0.2,0.0,0.0,0.0,670.9694,4782.074,0.0,-4999.5,nan,0.0,nan
h2o_co2_hybrid_mrk,X(CO2)=0.700000,4000.0,1123.15,0.7,46.78535,0.3,0.7,0.2333333,0.5666667,0.2,0.0,0.0,0.0,945.7227,8647.409,0.0,-4999.5,nan,0.0,nan
h2o_co2_hybrid_mrk,X(CO2)=0.700000,5000.0,1123.15,0.7,42.34735,0.3,0.7,0.2333333,0.5666667,0.2,0.0,0.0,0.0,1283.514,14717.31,0.0,-4999.5,nan,0.0,nan
h2o_co2_hybrid_mrk,X(CO2)=0.700000,6000.0,1123.15,0.7,39.28371,0.3,0.7,0.2333333,0.5666667,0.2,0.0,0.0,0.0,1701.111,24104.54,0.0,-4999.5,nan,0.0,nan
h2o_co2_hybrid_mrk,X(CO2)=0.700000,7000.0,1123.15,0.7,37.01611,0.3,0.7,0.2333333,0.5666667,0.2,0.0,0.0,0.0,2217.631,38444.55,0.0,-4999.5,nan,0.0,nan
h2o_co2_hybrid_mrk,X(CO2)=0.700000,8000.0,1123.15,0.7,35.25295,0.3,0.7,0.2333333,0.5666667,0.2,0.0,0.0,0.0,2855.664,60131.6,0.0,-4999.5,nan,0.0,nan
h2o_co2_hybrid_mrk,X(CO2)=0.700000,9000.0,1123.15,0.7,33.83111,0.3,0.7,0.2333333,0.5666667,0.2,0.0,0.0,0.0,3642.229,92658.03,0.0,-4999.5,nan,0.0,nan
h2o_co2_hybrid_mrk,X(CO2)=0.700000,10000.0,1123.15,0.7,32.65208,0.3,0.7,0.2333333,0.5666667,0.2,0.0,0.0,0.0,4609.792,141101.1,0.0,-4999.5,nan,0.0,nan
h2o_co2_hybrid_mrk,X(CO2)=0.700000,11000.0,1123.15,0.7,31.65271,0.3,0.7,0.2333333,0.5666667,0.2,0.0,0.0,0.0,5797.408,212820.2,0.0,-4999.5,nan,0.0,nan
h2o_co2_hybrid_mrk,X(CO2)=0.700000,12000.0,1123.15,0.7,30.79055,0.3,0.7,0.2333333,0.5666667,0.2,0.0,0.0,0.0,7252.073,318454.4,0.0,-4999.5,nan,0.0,nan
h2o_co2_hybrid_mrk,X(CO2)=0.700000,13000.0,1123.15,0.7,30.03592,0.3,0.7,0.2333333,0.5666667,0.2,0.0,0.0,0.0,9030.321,473346.4,0.0,-4999.5,nan,0.0,nan
h2o_co2_hybrid_mrk,X(CO2)=0.700000,14000.0,1123.15,0.7,29.36743,0.3,0.7,0.2333333,0.5666667,0.2,0.0,0.0,0.0,11200.12,699573.7,0.0,-4999.5,nan,0.0,nan
h2o_co2_hybrid_mrk,X(CO2)=0.700000,15000.0,1123.15,0.7,28.7692,0.3,0.7,0.2333333,0.5666667,0.2,0.0,0.0,0.0,13843.14,1028841.0,0.0,-4999.5,nan,0.0,nan
h2o_co2_hybrid_mrk,X(CO2)=0.700000,16000.0,1123.15,0.7,28.22919,0.3,0.7,0.2333333,0.5666667,0.2,0.0,0.0,0.0,17057.46,1506593.0,0.0,-4999.5,nan,0.0,nan
h2o_co2_hybrid_mrk,X(CO2)=0.700000,17000.0,1123.15,0.7,27.73807,0.3,0.7,0.2333333,0.5666667,0.2,0.0,0.0,0.0,20960.74,2197862.0,0.0,-4999.5,nan,0.0,nan
h2o_co2_hybrid_mrk,X(CO2)=0.700000,18000.0,1123.15,0.7,27.2885,0.3,0.7,0.2333333,0.5666667,0.2,0.0,0.0,0.0,25694.11,3195563.0,0.0,-4999.5,nan,0.0,nan
h2o_co2_hybrid_mrk,X(CO2)=0.700000,19000.0,1123.15,0.7,26.8746,0.3,0.7,0.2333333,0.5666667,0.2,0.0,0.0,0.0,31426.72,4632256.0,0.0,-4999.5,nan,0.0,nan
h2o_co2_hybrid_mrk,X(CO2)=0.700000,20000.0,1123.15,0.7,26.49161,0.3,0.7,0.2333333,0.5666667,0.2,0.0,0.0,0.0,38361.16,6696808.0,0.0,-4999.5,nan,0.0,nan
h2o_co2_hybrid_mrk,X(CO2)=0.700000,1000.0,1173.15,0.7,113.9819,0.3,0.7,0.2333333,0.5666667,0.2,0.0,0.0,0.0,245.7754,887.4112,0.0,-4999.5,nan,0.0,nan
h2o_co2_hybrid_mrk,X(CO2)=0.700000,2000.0,1173.15,0.7,70.21292,0.3,0.7,0.2333333,0.5666667,0.2,0.0,0.0,0.0,460.8562,2332.532,0.0,-4999.5,nan,0.0,nan
h2o_co2_hybrid_mrk,X(CO2)=0.700000,3000.0,1173.15,0.7,55.60498,0.3,0.7,0.2333333,0.5666667,0.2,0.0,0.0,0.0,699.6862,4657.821,0.0,-4999.5,nan,0.0,nan
h2o_co2_hybrid_mrk,X(CO2)=0.700000,4000.0,1173.15,0.7,48.04125,0.3,0.7,0.2333333,0.5666667,0.2,0.0,0.0,0.0,984.6148,8319.346,0.0,-4999.5,nan,0.0,nan
h2o_co2_hybrid_mrk,X(CO2)=0.700000,5000.0,1173.15,0.7,43.34262,0.3,0.7,0.2333333,0.5666667,0.2,0.0,0.0,0.0,1331.822,13979.84,0.0,-4999.5,nan,0.0,nan
h2o_co2_hybrid_mrk,X(CO2)=0.700000,6000.0,1173.15,0.7,40.10379,0.3,0.7,0.2333333,0.5666667,0.2,0.0,0.0,0.0,1757.509,22601.85,0.0,-4999.5,nan,0.0,nan
h2o_co2_hybrid_mrk,X(CO2)=0.700000,7000.0,1173.15,0.7,37.71211,0.3,0.7,0.2333333,0.5666667,0.2,0.0,0.0,0.0,2279.884,35578.54,0.0,-4999.5,nan,0.0,nan
h2o_co2_hybrid_mrk,X(CO2)=0.700000,8000.0,1173.15,0.7,35.85731,0.3,0.7,0.2333333,0.5666667,0.2,0.0,0.0,0.0,2920.235,54918.86,0.0,-4999.5,nan,0.0,nan
h2o_co2_hybrid_mrk,X(CO2)=0.700000,9000.0,1173.15,0.7,34.36547,0.3,0.7,0.2333333,0.5666667,0.2,0.0,0.0,0.0,3703.79,83509.71,0.0,-4999.5,nan,0.0,nan
h2o_co2_hybrid_mrk,X(CO2)=0.700000,10000.0,1173.15,0.7,33.13142,0.3,0.7,0.2333333,0.5666667,0.2,0.0,0.0,0.0,4660.611,125486.6,0.0,-4999.5,nan,0.0,nan
h2o_co2_hybrid_mrk,X(CO2)=0.700000,11000.0,1173.15,0.7,32.08778,0.3,0.7,0.2333333,0.5666667,0.2,0.0,0.0,0.0,5826.582,186756.7,0.0,-4999.5,nan,0.0,nan
h2o_co2_hybrid_mrk,X(CO2)=0.700000,12000.0,1173.15,0.7,31.18929,0.3,0.7,0.2333333,0.5666667,0.2,0.0,0.0,0.0,7244.554,275736.4,0.0,-4999.5,nan,0.0,nan
h2o_co2_hybrid_mrk,X(CO2)=0.700000,13000.0,1173.15,0.7,30.40435,0.3,0.7,0.2333333,0.5666667,0.2,0.0,0.0,0.0,8965.691,404389.2,0.0,-4999.5,nan,0.0,nan
h2o_co2_hybrid_mrk,X(CO2)=0.700000,14000.0,1173.15,0.7,29.71019,0.3,0.7,0.2333333,0.5666667,0.2,0.0,0.0,0.0,11051.06,589684.0,0.0,-4999.5,nan,0.0,nan
h2o_co2_hybrid_mrk,X(CO2)=0.700000,15000.0,1173.15,0.7,29.08996,0.3,0.7,0.2333333,0.5666667,0.2,0.0,0.0,0.0,13573.49,855643.5,0.0,-4999.5,nan,0.0,nan
h2o_co2_hybrid_mrk,X(CO2)=0.700000,16000.0,1173.15,0.7,28.53087,0.3,0.7,0.2333333,0.5666667,0.2,0.0,0.0,0.0,16619.83,1236215.0,0.0,-4999.5,nan,0.0,nan
h2o_co2_hybrid_mrk,X(CO2)=0.700000,17000.0,1173.15,0.7,28.02307,0.3,0.7,0.2333333,0.5666667,0.2,0.0,0.0,0.0,20293.51,1779294.0,0.0,-4999.5,nan,0.0,nan
h2o_co2_hybrid_mrk,X(CO2)=0.700000,18000.0,1173.15,0.7,27.55877,0.3,0.7,0.2333333,0.5666667,0.2,0.0,0.0,0.0,24717.73,2552347.0,0.0,-4999.5,nan,0.0,nan
h2o_co2_hybrid_mrk,X(CO2)=0.700000,19000.0,1173.15,0.7,27.13178,0.3,0.7,0.2333333,0.5666667,0.2,0.0,0.0,0.0,30039.06,3650285.0,0.0,-4999.5,nan,0.0,nan
h2o_co2_hybrid_mrk,X(CO2)=0.700000,20000.0,1173.15,0.7,26.73707,0.3,0.7,0.2333333,0.5666667,0.2,0.0,0.0,0.0,36431.82,5206445.0,0.0,-4999.5,nan,0.0,nan
h2o_co2_hybrid_mrk,X(CO2)=0.700000,1000.0,1223.15,0.7,118.7819,0.3,0.7,0.2333333,0.5666667,0.2,0.0,0.0,0.0,252.1143,883.0675,0.0,-4999.5,nan,0.0,nan
h2o_co2_hybrid_mrk,X(CO2)=0.700000,2000.0,1223.15,0.7,72.6672,0.3,0.7,0.2333333,0.5666667,0.2,0.0,0.0,0.0,477.2555,2299.304,0.0,-4999.5,nan,0.0,nan
h2o_co2_hybrid_mrk,X(CO2)=0.700000,3000.0,1223.15,0.7,57.27979,0.3,0.7,0.2333333,0.5666667,0.2,0.0,0.0,0.0,726.0021,4542.204,0.0,-4999.5,nan,0.0,nan
h2o_co2_hybrid_mrk,X(CO2)=0.700000,4000.0,1223.15,0.7,49.3053,0.3,0.7,0.2333333,0.5666667,0.2,0.0,0.0,0.0,1020.301,8020.912,0.0,-4999.5,nan,0.0,nan
h2o_co2_hybrid_mrk,X(CO2)=0.700000,5000.0,1223.15,0.7,44.34793,0.3,0.7,0.2333333,0.5666667,0.2,0.0,0.0,0.0,1376.022,13321.22,0.0,-4999.5,nan,0.0,nan
h2o_co2_hybrid_mrk,X(CO2)=0.700000,6000.0,1223.15,0.7,40.93317,0.3,0.7,0.2333333,0.5666667,0.2,0.0,0.0,0.0,1808.808,21281.75,0.0,-4999.5,nan,0.0,nan
h2o_co2_hybrid_mrk,X(CO2)=0.700000,7000.0,1223.15,0.7,38.41587,0.3,0.7,0.2333333,0.5666667,0.2,0.0,0.0,0.0,2336.013,33099.2,0.0,-4999.5,nan,0.0,nan
h2o_co2_hybrid_mrk,X(CO2)=0.700000,8000.0,1223.15,0.7,36.46789,0.3,0.7,0.2333333,0.5666667,0.2,0.0,0.0,0.0,2977.717,50475.36,0.0,-4999.5,nan,0.0,nan
h2o_co2_hybrid_mrk,X(CO2)=0.700000,9000.0,1223.15,0.7,34.90466,0.3,0.7,0.2333333,0.5666667,0.2,0.0,0.0,0.0,3757.519,75822.3,0.0,-4999.5,nan,0.0,nan
h2o_co2_hybrid_mrk,X(CO2)=0.700000,10000.0,1223.15,0.7,33.61447,0.3,0.7,0.2333333,0.5666667,0.2,0.0,0.0,0.0,4703.318,112548.5,0.0,-4999.5,nan,0.0,nan
h2o_co2_hybrid_mrk,X(CO2)=0.700000,11000.0,1223.15,0.7,32.52565,0.3,0.7,0.2333333,0.5666667,0.2,0.0,0.0,0.0,5848.173,165457.6,0.0,-4999.5,nan,0.0,nan
h2o_co2_hybrid_mrk,X(CO2)=0.700000,12000.0,1223.15,0.7,31.59009,0.3,0.7,0.2333333,0.5666667,0.2,0.0,0.0,0.0,7231.287,241302.2,0.0,-4999.5,nan,0.0,nan
h2o_co2_hybrid_mrk,X(CO2)=0.700000,13000.0,1223.15,0.7,30.77424,0.3,0.7,0.2333333,0.5666667,0.2,0.0,0.0,0.0,8899.145,349554.2,0.0,-4999.5,nan,0.0,nan
h2o_co2_hybrid_mrk,X(CO2)=0.700000,14000.0,1223.15,0.7,30.05393,0.3,0.7,0.2333333,0.5666667,0.2,0.0,0.0,0.0,10906.85,503471.5,0.0,-4999.5,nan,0.0,nan
h2o_co2_hybrid_mrk,X(CO2)=0.700000,15000.0,1223.15,0.7,29.4113,0.3,0.7,0.2333333,0.5666667,0.2,0.0,0.0,0.0,13319.69,721577.9,0.0,-4999.5,nan,0.0,nan
h2o_co2_hybrid_mrk,X(CO2)=0.700000,16000.0,1223.15,0.7,28.83283,0.3,0.7,0.2333333,0.5666667,0.2,0.0,0.0,0.0,16214.98,1029709.0,0.0,-4999.5,nan,0.0,nan
h2o_co2_hybrid_mrk,X(CO2)=0.700000,17000.0,1223.15,0.7,28.30808,0.3,0.7,0.2333333,0.5666667,0.2,0.0,0.0,0.0,19684.22,1463842.0,0.0,-4999.5,nan,0.0,nan
h2o_co2_hybrid_mrk,X(CO2)=0.700000,18000.0,1223.15,0.7,27.82884,0.3,0.7,0.2333333,0.5666667,0.2,0.0,0.0,0.0,23835.63,2074001.0,0.0,-4999.5,nan,0.0,nan
h2o_co2_hybrid_mrk,X(CO2)=0.700000,19000.0,1223.15,0.7,27.38858,0.3,0.7,0.2333333,0.5666667,0.2,0.0,0.0,0.0,28797.18,2929651.0,0.0,-4999.5,nan,0.0,nan
h2o_co2_hybrid_mrk,X(CO2)=0.700000,20000.0,1223.15,0.7,26.98202,0.3,0.7,0.2333333,0.5666667,0.2,0.0,0.0,0.0,34720.03,4127127.0,0.0,-4999.5,nan,0.0,nan
h2o_co2_hybrid_mrk,X(CO2)=0.700000,1000.0,1273.15,0.7,123.5482,0.3,0.7,0.2333333,0.5666667,0.2,0.0,0.0,0.0,257.74,878.6055,0.0,-4999.5,nan,0.0,nan
h2o_co2_hybrid_mrk,X(CO2)=0.700000,2000.0,1273.15,0.7,75.11484,0.3,0.7,0.2333333,0.5666667,0.2,0.0,0.0,0.0,492.0795,2267.471,0.0,-4999.5,nan,0.0,nan
h2o_co2_hybrid_mrk,X(CO2)=0.700000,3000.0,1273.15,0.7,58.95448,0.3,0.7,0.2333333,0.5666667,0.2,0.0,0.0,0.0,749.9581,4434.622,0.0,-4999.5,nan,0.0,nan
h2o_co2_hybrid_mrk,X(CO2)=0.700000,4000.0,1273.15,0.7,50.5758,0.3,0.7,0.2333333,0.5666667,0.2,0.0,0.0,0.0,1052.799,7748.734,0.0,-4999.5,nan,0.0,nan
h2o_co2_hybrid_mrk,X(CO2)=0.700000,5000.0,1273.15,0.7,45.3624,0.3,0.7,0.2333333,0.5666667,0.2,0.0,0.0,0.0,1416.118,12730.46,0.0,-4999.5,nan,0.0,nan
h2o_co2_hybrid_mrk,X(CO2)=0.700000,6000.0,1273.15,0.7,41.77173,0.3,0.7,0.2333333,0.5666667,0.2,0.0,0.0,0.0,1855.008,20115.27,0.0,-4999.5,nan,0.0,nan
h2o_co2_hybrid_mrk,X(CO2)=0.700000,7000.0,1273.15,0.7,39.12775,0.3,0.7,0.2333333,0.5666667,0.2,0.0,0.0,0.0,2386.014,30938.99,0.0,-4999.5,nan,0.0,nan
h2o_co2_hybrid_mrk,X(CO2)=0.700000,8000.0,1273.15,0.7,37.08524,0.3,0.7,0.2333333,0.5666667,0.2,0.0,0.0,0.0,3028.096,46655.77,0.0,-4999.5,nan,0.0,nan
h2o_co2_hybrid_mrk,X(CO2)=0.700000,9000.0,1273.15,0.7,35.44937,0.3,0.7,0.2333333,0.5666667,0.2,0.0,0.0,0.0,3803.355,69300.57,0.0,-4999.5,nan,0.0,nan
h2o_co2_hybrid_mrk,X(CO2)=0.700000,10000.0,1273.15,0.7,34.10192,0.3,0.7,0.2333333,0.5666667,0.2,0.0,0.0,0.0,4737.732,101713.0,0.0,-4999.5,nan,0.0,nan
h2o_co2_hybrid_mrk,X(CO2)=0.700000,11000.0,1273.15,0.7,32.967,0.3,0.7,0.2333333,0.5666667,0.2,0.0,0.0,0.0,5861.758,147845.2,0.0,-4999.5,nan,0.0,nan
h2o_co2_hybrid_mrk,X(CO2)=0.700000,12000.0,1273.15,0.7,31.99362,0.3,0.7,0.2333333,0.5666667,0.2,0.0,0.0,0.0,7211.398,213184.7,0.0,-4999.5,nan,0.0,nan
h2o_co2_hybrid_mrk,X(CO2)=0.700000,13000.0,1273.15,0.7,31.14623,0.3,0.7,0.2333333,0.5666667,0.2,0.0,0.0,0.0,8829.027,305334.0,0.0,-4999.5,nan,0.0,nan
h2o_co2_hybrid_mrk,X(CO2)=0.700000,14000.0,1273.15,0.7,30.39926,0.3,0.7,0.2333333,0.5666667,0.2,0.0,0.0,0.0,10764.56,434805.9,0.0,-4999.5,nan,0.0,nan
h2o_co2_hybrid_mrk,X(CO2)=0.700000,15000.0,1273.15,0.7,29.73382,0.3,0.7,0.2333333,0.5666667,0.2,0.0,0.0,0.0,13076.77,616110.3,0.0,-4999.5,nan,0.0,nan
h2o_co2_hybrid_mrk,X(CO2)=0.700000,16000.0,1273.15,0.7,29.13561,0.3,0.7,0.2333333,0.5666667,0.2,0.0,0.0,0.0,15834.82,869241.1,0.0,-4999.5,nan,0.0,nan
h2o_co2_hybrid_mrk,X(CO2)=0.700000,17000.0,1273.15,0.7,28.59362,0.3,0.7,0.2333333,0.5666667,0.2,0.0,0.0,0.0,19120.07,1221706.0,0.0,-4999.5,nan,0.0,nan
h2o_co2_hybrid_mrk,X(CO2)=0.700000,18000.0,1273.15,0.7,28.09921,0.3,0.7,0.2333333,0.5666667,0.2,0.0,0.0,0.0,23028.17,1711298.0,0.0,-4999.5,nan,0.0,nan
h2o_co2_hybrid_mrk,X(CO2)=0.700000,19000.0,1273.15,0.7,27.64549,0.3,0.7,0.2333333,0.5666667,0.2,0.0,0.0,0.0,27671.52,2389869.0,0.0,-4999.5,nan,0.0,nan
h2o_co2_hybrid_mrk,X(CO2)=0.700000,20000.0,1273.15,0.7,27.2269,0.3,0.7,0.2333333,0.5666667,0.2,0.0,0.0,0.0,33182.09,3328476.0,0.0,-4999.5,nan,0.0,nan
h2o_co2_hybrid_mrk,X(CO2)=0.700000,1000.0,1323.15,0.7,128.2851,0.3,0.7,0.2333333,0.5666667,0.2,0.0,0.0,0.0,262.7225,874.1035,0.0,-4999.5,nan,0.0,nan
h2o_co2_hybrid_mrk,X(CO2)=0.700000,2000.0,1323.15,0.7,77.55672,0.3,0.7,0.2333333,0.5666667,0.2,0.0,0.0,0.0,505.4149,2237.083,0.0,-4999.5,nan,0.0,nan
h2o_co2_hybrid_mrk,X(CO2)=0.700000,3000.0,1323.15,0.7,60.62868,0.3,0.7,0.2333333,0.5666667,0.2,0.0,0.0,0.0,771.6295,4334.477,0.0,-4999.5,nan,0.0,nan
h2o_co2_hybrid_mrk,X(CO2)=0.700000,4000.0,1323.15,0.7,51.85141,0.3,0.7,0.2333333,0.5666667,0.2,0.0,0.0,0.0,1082.176,7499.88,0.0,-4999.5,nan,0.0,nan
h2o_co2_hybrid_mrk,X(CO2)=0.700000,5000.0,1323.15,0.7,46.38507,0.3,0.7,0.2333333,0.5666667,0.2,0.0,0.0,0.0,1452.182,12198.42,0.0,-4999.5,nan,0.0,nan
h2o_co2_hybrid_mrk,X(CO2)=0.700000,6000.0,1323.15,0.7,42.61915,0.3,0.7,0.2333333,0.5666667,0.2,0.0,0.0,0.0,1896.197,19079.01,0.0,-4999.5,nan,0.0,nan
h2o_co2_hybrid_mrk,X(CO2)=0.700000,7000.0,1323.15,0.7,39.84788,0.3,0.7,0.2333333,0.5666667,0.2,0.0,0.0,0.0,2429.995,29044.55,0.0,-4999.5,nan,0.0,nan
h2o_co2_hybrid_mrk,X(CO2)=0.700000,8000.0,1323.15,0.7,37.70978,0.3,0.7,0.2333333,0.5666667,0.2,0.0,0.0,0.0,3071.491,43347.46,0.0,-4999.5,nan,0.0,nan
h2o_co2_hybrid_mrk,X(CO2)=0.700000,9000.0,1323.15,0.7,36.00013,0.3,0.7,0.2333333,0.5666667,0.2,0.0,0.0,0.0,3841.409,63719.79,0.0,-4999.5,nan,0.0,nan
h2o_co2_hybrid_mrk,X(CO2)=0.700000,10000.0,1323.15,0.7,34.59438,0.3,0.7,0.2333333,0.5666667,0.2,0.0,0.0,0.0,4763.908,92550.39,0.0,-4999.5,nan,0.0,nan
h2o_co2_hybrid_mrk,X(CO2)=0.700000,11000.0,1323.15,0.7,33.41245,0.3,0.7,0.2333333,0.5666667,0.2,0.0,0.0,0.0,5867.239,133125.7,0.0,-4999.5,nan,0.0,nan
h2o_co2_hybrid_mrk,X(CO2)=0.700000,12000.0,1323.15,0.7,32.40047,0.3,0.7,0.2333333,0.5666667,0.2,0.0,0.0,0.0,7184.477,189956.6,0.0,-4999.5,nan,0.0,nan
h2o_co2_hybrid_mrk,X(CO2)=0.700000,13000.0,1323.15,0.7,31.52091,0.3,0.7,0.2333333,0.5666667,0.2,0.0,0.0,0.0,8754.362,269222.1,0.0,-4999.5,nan,0.0,nan
h2o_co2_hybrid_mrk,X(CO2)=0.700000,14000.0,1323.15,0.7,30.74675,0.3,0.7,0.2333333,0.5666667,0.2,0.0,0.0,0.0,10622.26,379369.6,0.0,-4999.5,nan,0.0,nan
h2o_co2_hybrid_mrk,X(CO2)=0.700000,15000.0,1323.15,0.7,30.05804,0.3,0.7,0.2333333,0.5666667,0.2,0.0,0.0,0.0,12841.27,531927.7,0.0,-4999.5,nan,0.0,nan
h2o_co2_hybrid_mrk,X(CO2)=0.700000,16000.0,1323.15,0.7,29.43972,0.3,0.7,0.2333333,0.5666667,0.2,0.0,0.0,0.0,15473.54,742604.6,0.0,-4999.5,nan,0.0,nan
h2o_co2_hybrid_mrk,X(CO2)=0.700000,17000.0,1323.15,0.7,28.88018,0.3,0.7,0.2333333,0.5666667,0.2,0.0,0.0,0.0,18591.74,1032772.0,0.0,-4999.5,nan,0.0,nan
h2o_co2_hybrid_mrk,X(CO2)=0.700000,18000.0,1323.15,0.7,28.37033,0.3,0.7,0.2333333,0.5666667,0.2,0.0,0.0,0.0,22280.84,1431465.0,0.0,-4999.5,nan,0.0,nan
h2o_co2_hybrid_mrk,X(CO2)=0.700000,19000.0,1323.15,0.7,27.90292,0.3,0.7,0.2333333,0.5666667,0.2,0.0,0.0,0.0,26640.09,1978083.0,0.0,-4999.5,nan,0.0,nan
h2o_co2_hybrid_mrk,X(CO2)=0.700000,20000.0,1323.15,0.7,27.47212,0.3,0.7,0.2333333,0.5666667,0.2,0.0,0.0,0.0,31785.42,2726021.0,0.0,-4999.5,nan,0.0,nan
h2o_co2_hybrid_mrk,X(CO2)=0.700000,1000.0,1373.15,0.7,132.9969,0.3,0.7,0.2333333,0.5666667,0.2,0.0,0.0,0.0,267.1265,869.6187,0.0,-4999.5,nan,0.0,nan
h2o_co2_hybrid_mrk,X(CO2)=0.700000,2000.0,1373.15,0.7,79.99366,0.3,0.7,0.2333333,0.5666667,0.2,0.0,0.0,0.0,517.3567,2208.147,0.0,-4999.5,nan,0.0,nan
h2o_co2_hybrid_mrk,X(CO2)=0.700000,3000.0,1373.15,0.7,62.30245,0.3,0.7,0.2333333,0.5666667,0.2,0.0,0.0,0.0,791.1159,4241.196,0.0,-4999.5,nan,0.0,nan
h2o_co2_hybrid_mrk,X(CO2)=0.700000,4000.0,1373.15,0.7,53.13121,0.3,0.7,0.2333333,0.5666667,0.2,0.0,0.0,0.0,1108.54,7271.792,0.0,-4999.5,nan,0.0,nan
h2o_co2_hybrid_mrk,X(CO2)=0.700000,5000.0,1373.15,0.7,47.41506,0.3,0.7,0.2333333,0.5666667,0.2,0.0,0.0,0.0,1484.339,11717.44,0.0,-4999.5,nan,0.0,nan
h2o_co2_hybrid_mrk,X(CO2)=0.700000,6000.0,1373.15,0.7,43.47501,0.3,0.7,0.2333333,0.5666667,0.2,0.0,0.0,0.0,1932.527,18153.9,0.0,-4999.5,nan,0.0,nan
h2o_co2_hybrid_mrk,X(CO2)=0.700000,7000.0,1373.15,0.7,40.57626,0.3,0.7,0.2333333,0.5666667,0.2,0.0,0.0,0.0,2468.143,27373.28,0.0,-4999.5,nan,0.0,nan
h2o_co2_hybrid_mrk,X(CO2)=0.700000,8000.0,1373.15,0.7,38.34177,0.3,0.7,0.2333333,0.5666667,0.2,0.0,0.0,0.0,3108.125,40462.11,0.0,-4999.5,nan,0.0,nan
h2o_co2_hybrid_mrk,X(CO2)=0.700000,9000.0,1373.15,0.7,36.55736,0.3,0.7,0.2333333,0.5666667,0.2,0.0,0.0,0.0,3871.922,58906.61,0.0,-4999.5,nan,0.0,nan
h2o_co2_hybrid_mrk,X(CO2)=0.700000,10000.0,1373.15,0.7,35.09236,0.3,0.7,0.2333333,0.5666667,0.2,0.0,0.0,0.0,4782.066,84734.33,0.0,-4999.5,nan,0.0,nan
h2o_co2_hybrid_mrk,X(CO2)=0.700000,11000.0,1373.15,0.7,33.86254,0.3,0.7,0.2333333,0.5666667,0.2,0.0,0.0,0.0,5864.742,120704.8,0.0,-4999.5,nan,0.0,nan
h2o_co2_hybrid_mrk,X(CO2)=0.700000,12000.0,1373.15,0.7,32.81121,0.3,0.7,0.2333333,0.5666667,0.2,0.0,0.0,0.0,7150.437,170565.3,0.0,-4999.5,nan,0.0,nan
h2o_co2_hybrid_mrk,X(CO2)=0.700000,13000.0,1373.15,0.7,31.89881,0.3,0.7,0.2333333,0.5666667,0.2,0.0,0.0,0.0,8674.653,239394.7,0.0,-4999.5,nan,0.0,nan
h2o_co2_hybrid_mrk,X(CO2)=0.700000,14000.0,1373.15,0.7,31.0969,0.3,0.7,0.2333333,0.5666667,0.2,0.0,0.0,0.0,10478.74,334063.5,0.0,-4999.5,nan,0.0,nan
h2o_co2_hybrid_mrk,X(CO2)=0.700000,15000.0,1373.15,0.7,30.38446,0.3,0.7,0.2333333,0.5666667,0.2,0.0,0.0,0.0,12610.84,463850.1,0.0,-4999.5,nan,0.0,nan
h2o_co2_hybrid_mrk,X(CO2)=0.700000,16000.0,1373.15,0.7,29.74564,0.3,0.7,0.2333333,0.5666667,0.2,0.0,0.0,0.0,15126.98,641265.8,0.0,-4999.5,nan,0.0,nan
h2o_co2_hybrid_mrk,X(CO2)=0.700000,17000.0,1373.15,0.7,29.16822,0.3,0.7,0.2333333,0.5666667,0.2,0.0,0.0,0.0,18092.36,883156.0,0.0,-4999.5,nan,0.0,nan
h2o_co2_hybrid_mrk,X(CO2)=0.700000,18000.0,1373.15,0.7,28.64264,0.3,0.7,0.2333333,0.5666667,0.2,0.0,0.0,0.0,21582.77,1212172.0,0.0,-4999.5,nan,0.0,nan
h2o_co2_hybrid_mrk,X(CO2)=0.700000,19000.0,1373.15,0.7,28.1613,0.3,0.7,0.2333333,0.5666667,0.2,0.0,0.0,0.0,25686.31,1658732.0,0.0,-4999.5,nan,0.0,nan
h2o_co2_hybrid_mrk,X(CO2)=0.700000,20000.0,1373.15,0.7,27.71807,0.3,0.7,0.2333333,0.5666667,0.2,0.0,0.0,0.0,30505.33,2263641.0,0.0,-4999.5,nan,0.0,nan
h2o_co2_hybrid_mrk,X(CO2)=0.700000,1000.0,1423.15,0.7,137.6872,0.3,0.7,0.2333333,0.5666667,0.2,0.0,0.0,0.0,271.0115,865.1925,0.0,-4999.5,nan,0.0,nan
h2o_co2_hybrid_mrk,X(CO2)=0.700000,2000.0,1423.15,0.7,82.42643,0.3,0.7,0.2333333,0.5666667,0.2,0.0,0.0,0.0,528.0033,2180.64,0.0,-4999.5,nan,0.0,nan
h2o_co2_hybrid_mrk,X(CO2)=0.700000,3000.0,1423.15,0.7,63.97608,0.3,0.7,0.2333333,0.5666667,0.2,0.0,0.0,0.0,808.5324,4154.237,0.0,-4999.5,nan,0.0,nan
h2o_co2_hybrid_mrk,X(CO2)=0.700000,4000.0,1423.15,0.7,54.41464,0.3,0.7,0.2333333,0.5666667,0.2,0.0,0.0,0.0,1132.024,7062.242,0.0,-4999.5,nan,0.0,nan
h2o_co2_hybrid_mrk,X(CO2)=0.700000,5000.0,1423.15,0.7,48.45161,0.3,0.7,0.2333333,0.5666667,0.2,0.0,0.0,0.0,1512.75,11281.07,0.0,-4999.5,nan,0.0,nan
h2o_co2_hybrid_mrk,X(CO2)=0.700000,6000.0,1423.15,0.7,44.3388,0.3,0.7,0.2333333,0.5666667,0.2,0.0,0.0,0.0,1964.196,17324.25,0.0,-4999.5,nan,0.0,nan
h2o_co2_hybrid_mrk,X(CO2)=0.700000,7000.0,1423.15,0.7,41.31273,0.3,0.7,0.2333333,0.5666667,0.2,0.0,0.0,0.0,2500.701,25890.81,0.0,-4999.5,nan,0.0,nan
h2o_co2_hybrid_mrk,X(CO2)=0.700000,8000.0,1423.15,0.7,38.98134,0.3,0.7,0.2333333,0.5666667,0.2,0.0,0.0,0.0,3138.285,37929.69,0.0,-4999.5,nan,0.0,nan
h2o_co2_hybrid_mrk,X(CO2)=0.700000,9000.0,1423.15,0.7,37.12139,0.3,0.7,0.2333333,0.5666667,0.2,0.0,0.0,0.0,3895.218,54725.65,0.0,-4999.5,nan,0.0,nan
h2o_co2_hybrid_mrk,X(CO2)=0.700000,10000.0,1423.15,0.7,35.59626,0.3,0.7,0.2333333,0.5666667,0.2,0.0,0.0,0.0,4792.537,78013.67,0.0,-4999.5,nan,0.0,nan
h2o_co2_hybrid_mrk,X(CO2)=0.700000,11000.0,1423.15,0.7,34.31772,0.3,0.7,0.2333333,0.5666667,0.2,0.0,0.0,0.0,5854.553,110131.4,0.0,-4999.5,nan,0.0,nan
h2o_co2_hybrid_mrk,X(CO2)=0.700000,12000.0,1423.15,0.7,33.22629,0.3,0.7,0.2333333,0.5666667,0.2,0.0,0.0,0.0,7109.415,154222.0,0.0,-4999.5,nan,0.0,nan
h2o_co2_hybrid_mrk,X(CO2)=0.700000,13000.0,1423.15,0.7,32.28042,0.3,0.7,0.2333333,0.5666667,0.2,0.0,0.0,0.0,8589.733,214503.0,0.0,-4999.5,nan,0.0,nan
h2o_co2_hybrid_mrk,X(CO2)=0.700000,14000.0,1423.15,0.7,31.45019,0.3,0.7,0.2333333,0.5666667,0.2,0.0,0.0,0.0,10333.29,296624.4,0.0,-4999.5,nan,0.0,nan
h2o_co2_hybrid_mrk,X(CO2)=0.700000,15000.0,1423.15,0.7,30.71354,0.3,0.7,0.2333333,0.5666667,0.2,0.0,0.0,0.0,12383.87,408141.7,0.0,-4999.5,nan,0.0,nan
h2o_co2_hybrid_mrk,X(CO2)=0.700000,16000.0,1423.15,0.7,30.0538,0.3,0.7,0.2333333,0.5666667,0.2,0.0,0.0,0.0,14792.15,559144.2,0.0,-4999.5,nan,0.0,nan
h2o_co2_hybrid_mrk,X(CO2)=0.700000,17000.0,1423.15,0.7,29.45815,0.3,0.7,0.2333333,0.5666667,0.2,0.0,0.0,0.0,17616.81,763085.6,0.0,-4999.5,nan,0.0,nan
h2o_co2_hybrid_mrk,X(CO2)=0.700000,18000.0,1423.15,0.7,28.91655,0.3,0.7,0.2333333,0.5666667,0.2,0.0,0.0,0.0,20925.75,1037882.0,0.0,-4999.5,nan,0.0,nan
h2o_co2_hybrid_mrk,X(CO2)=0.700000,19000.0,1423.15,0.7,28.42102,0.3,0.7,0.2333333,0.5666667,0.2,0.0,0.0,0.0,24797.51,1407364.0,0.0,-4999.5,nan,0.0,nan
h2o_co2_hybrid_mrk,X(CO2)=0.700000,20000.0,1423.15,0.7,27.96514,0.3,0.7,0.2333333,0.5666667,0.2,0.0,0.0,0.0,29322.85,1903192.0,0.0,-4999.5,nan,0.0,nan
h2o_co2_hybrid_mrk,X(CO2)=0.700000,1000.0,1473.15,0.7,142.3593,0.3,0.7,0.2333333,0.5666667,0.2,0.0,0.0,0.0,274.4312,860.8546,0.0,-4999.5,nan,0.0,nan
h2o_co2_hybrid_mrk,X(CO2)=0.700000,2000.0,1473.15,0.7,84.85582,0.3,0.7,0.2333333,0.5666667,0.2,0.0,0.0,0.0,537.4527,2154.524,0.0,-4999.5,nan,0.0,nan
h2o_co2_hybrid_mrk,X(CO2)=0.700000,3000.0,1473.15,0.7,65.64999,0.3,0.7,0.2333333,0.5666667,0.2,0.0,0.0,0.0,824.0029,4073.093,0.0,-4999.5,nan,0.0,nan
h2o_co2_hybrid_mrk,X(CO2)=0.700000,4000.0,1473.15,0.7,55.70139,0.3,0.7,0.2333333,0.5666667,0.2,0.0,0.0,0.0,1152.778,6869.284,0.0,-4999.5,nan,0.0,nan
h2o_co2_hybrid_mrk,X(CO2)=0.700000,5000.0,1473.15,0.7,49.49412,0.3,0.7,0.2333333,0.5666667,0.2,0.0,0.0,0.0,1537.599,10883.87,0.0,-4999.5,nan,0.0,nan
h2o_co2_hybrid_mrk,X(CO2)=0.700000,6000.0,1473.15,0.7,45.21004,0.3,0.7,0.2333333,0.5666667,0.2,0.0,0.0,0.0,1991.433,16577.07,0.0,-4999.5,nan,0.0,nan
h2o_co2_hybrid_mrk,X(CO2)=0.700000,7000.0,1473.15,0.7,42.05708,0.3,0.7,0.2333333,0.5666667,0.2,0.0,0.0,0.0,2527.95,24569.18,0.0,-4999.5,nan,0.0,nan
h2o_co2_hybrid_mrk,X(CO2)=0.700000,8000.0,1473.15,0.7,39.62852,0.3,0.7,0.2333333,0.5666667,0.2,0.0,0.0,0.0,3162.306,35694.1,0.0,-4999.5,nan,0.0,nan
h2o_co2_hybrid_mrk,X(CO2)=0.700000,9000.0,1473.15,0.7,37.69239,0.3,0.7,0.2333333,0.5666667,0.2,0.0,0.0,0.0,3911.679,51070.03,0.0,-4999.5,nan,0.0,nan
h2o_co2_hybrid_mrk,X(CO2)=0.700000,10000.0,1473.15,0.7,36.10639,0.3,0.7,0.2333333,0.5666667,0.2,0.0,0.0,0.0,4795.729,72192.75,0.0,-4999.5,nan,0.0,nan
h2o_co2_hybrid_mrk,X(CO2)=0.700000,11000.0,1473.15,0.7,34.77838,0.3,0.7,0.2333333,0.5666667,0.2,0.0,0.0,0.0,5837.058,101058.8,0.0,-4999.5,nan,0.0,nan
h2o_co2_hybrid_mrk,X(CO2)=0.700000,12000.0,1473.15,0.7,33.64615,0.3,0.7,0.2333333,0.5666667,0.2,0.0,0.0,0.0,7061.699,140327.5,0.0,-4999.5,nan,0.0,nan
h2o_co2_hybrid_mrk,X(CO2)=0.700000,13000.0,1473.15,0.7,32.66616,0.3,0.7,0.2333333,0.5666667,0.2,0.0,0.0,0.0,8499.666,193534.8,0.0,-4999.5,nan,0.0,nan
h2o_co2_hybrid_mrk,X(CO2)=0.700000,14000.0,1473.15,0.7,31.80706,0.3,0.7,0.2333333,0.5666667,0.2,0.0,0.0,0.0,10185.57,265373.5,0.0,-4999.5,nan,0.0,nan
h2o_co2_hybrid_mrk,X(CO2)=0.700000,15000.0,1473.15,0.7,31.04571,0.3,0.7,0.2333333,0.5666667,0.2,0.0,0.0,0.0,12159.31,362062.7,0.0,-4999.5,nan,0.0,nan
h2o_co2_hybrid_mrk,X(CO2)=0.700000,16000.0,1473.15,0.7,30.36463,0.3,0.7,0.2333333,0.5666667,0.2,0.0,0.0,0.0,14466.87,491831.3,0.0,-4999.5,nan,0.0,nan
h2o_co2_hybrid_mrk,X(CO2)=0.700000,17000.0,1473.15,0.7,29.75037,0.3,0.7,0.2333333,0.5666667,0.2,0.0,0.0,0.0,17161.26,665553.5,0.0,-4999.5,nan,0.0,nan
h2o_co2_hybrid_mrk,X(CO2)=0.700000,18000.0,1473.15,0.7,29.19242,0.3,0.7,0.2333333,0.5666667,0.2,0.0,0.0,0.0,20303.5,897580.1,0.0,-4999.5,nan,0.0,nan
h2o_co2_hybrid_mrk,X(CO2)=0.700000,19000.0,1473.15,0.7,28.68242,0.3,0.7,0.2333333,0.5666667,0.2,0.0,0.0,0.0,23963.86,1206829.0,0.0,-4999.5,nan,0.0,nan
h2o_co2_hybrid_mrk,X(CO2)=0.700000,20000.0,1473.15,0.7,28.21366,0.3,0.7,0.2333333,0.5666667,0.2,0.0,0.0,0.0,28223.2,1618208.0,0.0,-4999.5,nan,0.0,nan
h2o_co2_hybrid_mrk,X(CO2)=0.700000,1000.0,1523.15,0.7,147.0162,0.3,0.7,0.2333333,0.5666667,0.2,0.0,0.0,0.0,277.4343,856.6257,0.0,-4999.5,nan,0.0,nan
h2o_co2_hybrid_mrk,X(CO2)=0.700000,2000.0,1523.15,0.7,87.2826,0.3,0.7,0.2333333,0.5666667,0.2,0.0,0.0,0.0,545.8005,2129.746,0.0,-4999.5,nan,0.0,nan
h2o_co2_hybrid_mrk,X(CO2)=0.700000,3000.0,1523.15,0.7,67.3246,0.3,0.7,0.2333333,0.5666667,0.2,0.0,0.0,0.0,837.6551,3997.298,0.0,-4999.5,nan,0.0,nan
h2o_co2_hybrid_mrk,X(CO2)=0.700000,4000.0,1523.15,0.7,56.99137,0.3,0.7,0.2333333,0.5666667,0.2,0.0,0.0,0.0,1170.963,6691.214,0.0,-4999.5,nan,0.0,nan
h2o_co2_hybrid_mrk,X(CO2)=0.700000,5000.0,1523.15,0.7,50.54216,0.3,0.7,0.2333333,0.5666667,0.2,0.0,0.0,0.0,1559.087,10521.19,0.0,-4999.5,nan,0.0,nan
h2o_co2_hybrid_mrk,X(CO2)=0.700000,6000.0,1523.15,0.7,46.0883,0.3,0.7,0.2333333,0.5666667,0.2,0.0,0.0,0.0,2014.487,15901.52,0.0,-4999.5,nan,0.0,nan
h2o_co2_hybrid_mrk,X(CO2)=0.700000,7000.0,1523.15,0.7,42.80903,0.3,0.7,0.2333333,0.5666667,0.2,0.0,0.0,0.0,2550.193,23385.46,0.0,-4999.5,nan,0.0,nan
h2o_co2_hybrid_mrk,X(CO2)=0.700000,8000.0,1523.15,0.7,40.28323,0.3,0.7,0.2333333,0.5666667,0.2,0.0,0.0,0.0,3180.551,33709.99,0.0,-4999.5,nan,0.0,nan
h2o_co2_hybrid_mrk,X(CO2)=0.700000,9000.0,1523.15,0.7,38.27048,0.3,0.7,0.2333333,0.5666667,0.2,0.0,0.0,0.0,3921.721,47854.49,0.0,-4999.5,nan,0.0,nan
h2o_co2_hybrid_mrk,X(CO2)=0.700000,10000.0,1523.15,0.7,36.62298,0.3,0.7,0.2333333,0.5666667,0.2,0.0,0.0,0.0,4792.093,67117.46,0.0,-4999.5,nan,0.0,nan
h2o_co2_hybrid_mrk,X(CO2)=0.700000,11000.0,1523.15,0.7,35.24483,0.3,0.7,0.2333333,0.5666667,0.2,0.0,0.0,0.0,5812.705,93216.83,0.0,-4999.5,nan,0.0,nan
h2o_co2_hybrid_mrk,X(CO2)=0.700000,12000.0,1523.15,0.7,34.07113,0.3,0.7,0.2333333,0.5666667,0.2,0.0,0.0,0.0,7007.672,128421.0,0.0,-4999.5,nan,0.0,nan
h2o_co2_hybrid_mrk,X(CO2)=0.700000,13000.0,1523.15,0.7,33.0564,0.3,0.7,0.2333333,0.5666667,0.2,0.0,0.0,0.0,8404.667,175719.9,0.0,-4999.5,nan,0.0,nan
h2o_co2_hybrid_mrk,X(CO2)=0.700000,14000.0,1523.15,0.7,32.16788,0.3,0.7,0.2333333,0.5666667,0.2,0.0,0.0,0.0,10035.45,239047.9,0.0,-4999.5,nan,0.0,nan
h2o_co2_hybrid_mrk,X(CO2)=0.700000,15000.0,1523.15,0.7,31.38133,0.3,0.7,0.2333333,0.5666667,0.2,0.0,0.0,0.0,11936.49,323573.9,0.0,-4999.5,nan,0.0,nan
h2o_co2_hybrid_mrk,X(CO2)=0.700000,16000.0,1523.15,0.7,30.67848,0.3,0.7,0.2333333,0.5666667,0.2,0.0,0.0,0.0,14149.61,436080.0,0.0,-4999.5,nan,0.0,nan
h2o_co2_hybrid_mrk,X(CO2)=0.700000,17000.0,1523.15,0.7,30.04524,0.3,0.7,0.2333333,0.5666667,0.2,0.0,0.0,0.0,16722.81,585451.9,0.0,-4999.5,nan,0.0,nan
h2o_co2_hybrid_mrk,X(CO2)=0.700000,18000.0,1523.15,0.7,29.47061,0.3,0.7,0.2333333,0.5666667,0.2,0.0,0.0,0.0,19711.13,783318.1,0.0,-4999.5,nan,0.0,nan
h2o_co2_hybrid_mrk,X(CO2)=0.700000,19000.0,1523.15,0.7,28.94586,0.3,0.7,0.2333333,0.5666667,0.2,0.0,0.0,0.0,23177.66,1044879.0,0.0,-4999.5,nan,0.0,nan
h2o_co2_hybrid_mrk,X(CO2)=0.700000,20000.0,1523.15,0.7,28.46396,0.3,0.7,0.2333333,0.5666667,0.2,0.0,0.0,0.0,27194.7,1389981.0,0.0,-4999.5,nan,0.0,nan
h2o_co2_hybrid_mrk,X(CO2)=0.700000,1000.0,1573.15,0.7,151.6602,0.3,0.7,0.2333333,0.5666667,0.2,0.0,0.0,0.0,280.0645,852.5198,0.0,-4999.5,nan,0.0,nan
h2o_co2_hybrid_mrk,X(CO2)=0.700000,2000.0,1573.15,0.7,89.70754,0.3,0.7,0.2333333,0.5666667,0.2,0.0,0.0,0.0,553.1382,2106.249,0.0,-4999.5,nan,0.0,nan
h2o_co2_hybrid_mrk,X(CO2)=0.700000,3000.0,1573.15,0.7,69.00039,0.3,0.7,0.2333333,0.5666667,0.2,0.0,0.0,0.0,849.6168,3926.423,0.0,-4999.5,nan,0.0,nan
h2o_co2_hybrid_mrk,X(CO2)=0.700000,4000.0,1573.15,0.7,58.28461,0.3,0.7,0.2333333,0.5666667,0.2,0.0,0.0,0.0,1186.744,6526.539,0.0,-4999.5,nan,0.0,nan
h2o_co2_hybrid_mrk,X(CO2)=0.700000,5000.0,1573.15,0.7,51.59542,0.3,0.7,0.2333333,0.5666667,0.2,0.0,0.0,0.0,1577.421,10189.07,0.0,-4999.5,nan,0.0,nan
h2o_co2_hybrid_mrk,X(CO2)=0.700000,6000.0,1573.15,0.7,46.9732,0.3,0.7,0.2333333,0.5666667,0.2,0.0,0.0,0.0,2033.615,15288.53,0.0,-4999.5,nan,0.0,nan
h2o_co2_hybrid_mrk,X(CO2)=0.700000,7000.0,1573.15,0.7,43.56831,0.3,0.7,0.2333333,0.5666667,0.2,0.0,0.0,0.0,2567.746,22320.71,0.0,-4999.5,nan,0.0,nan
h2o_co2_hybrid_mrk,X(CO2)=0.700000,8000.0,1573.15,0.7,40.94537,0.3,0.7,0.2333333,0.5666667,0.2,0.0,0.0,0.0,3193.396,31940.39,0.0,-4999.5,nan,0.0,nan
h2o_co2_hybrid_mrk,X(CO2)=0.700000,9000.0,1573.15,0.7,38.85569,0.3,0.7,0.2333333,0.5666667,0.2,0.0,0.0,0.0,3925.775,45010.4,0.0,-4999.5,nan,0.0,nan
h2o_co2_hybrid_mrk,X(CO2)=0.700000,10000.0,1573.15,0.7,37.14617,0.3,0.7,0.2333333,0.5666667,0.2,0.0,0.0,0.0,4782.102,62665.15,0.0,-4999.5,nan,0.0,nan
h2o_co2_hybrid_mrk,X(CO2)=0.700000,11000.0,1573.15,0.7,35.71728,0.3,0.7,0.2333333,0.5666667,0.2,0.0,0.0,0.0,5781.981,86393.11,0.0,-4999.5,nan,0.0,nan
h2o_co2_hybrid_mrk,X(CO2)=0.700000,12000.0,1573.15,0.7,34.5015,0.3,0.7,0.2333333,0.5666667,0.2,0.0,0.0,0.0,6947.779,118143.6,0.0,-4999.5,nan,0.0,nan
h2o_co2_hybrid_mrk,X(CO2)=0.700000,13000.0,1573.15,0.7,33.45146,0.3,0.7,0.2333333,0.5666667,0.2,0.0,0.0,0.0,8305.05,160465.2,0.0,-4999.5,nan,0.0,nan
h2o_co2_hybrid_mrk,X(CO2)=0.700000,14000.0,1573.15,0.7,32.53297,0.3,0.7,0.2333333,0.5666667,0.2,0.0,0.0,0.0,9883.001,216684.2,0.0,-4999.5,nan,0.0,nan
h2o_co2_hybrid_mrk,X(CO2)=0.700000,15000.0,1573.15,0.7,31.72075,0.3,0.7,0.2333333,0.5666667,0.2,0.0,0.0,0.0,11715.01,291136.1,0.0,-4999.5,nan,0.0,nan
h2o_co2_hybrid_mrk,X(CO2)=0.700000,16000.0,1573.15,0.7,30.99569,0.3,0.7,0.2333333,0.5666667,0.2,0.0,0.0,0.0,13839.23,389463.6,0.0,-4999.5,nan,0.0,nan
h2o_co2_hybrid_mrk,X(CO2)=0.700000,17000.0,1573.15,0.7,30.34308,0.3,0.7,0.2333333,0.5666667,0.2,0.0,0.0,0.0,16299.25,519001.1,0.0,-4999.5,nan,0.0,nan
h2o_co2_hybrid_mrk,X(CO2)=0.700000,18000.0,1573.15,0.7,29.75144,0.3,0.7,0.2333333,0.5666667,0.2,0.0,0.0,0.0,19144.83,689271.4,0.0,-4999.5,nan,0.0,nan
h2o_co2_hybrid_mrk,X(CO2)=0.700000,19000.0,1573.15,0.7,29.21164,0.3,0.7,0.2333333,0.5666667,0.2,0.0,0.0,0.0,22432.81,912623.6,0.0,-4999.5,nan,0.0,nan
h2o_co2_hybrid_mrk,X(CO2)=0.700000,20000.0,1573.15,0.7,28.71633,0.3,0.7,0.2333333,0.5666667,0.2,0.0,0.0,0.0,26228.04,1205056.0,0.0,-4999.5,nan,0.0,nan
h2o_co2_hybrid_mrk,X(CO2)=0.800000,1000.0,373.15,0.8,39.84856,0.2,0.8,0.2666667,0.6,0.1333333,0.0,0.0,0.0,21.17182,420.1588,0.0,-4999.5,nan,0.0,nan
h2o_co2_hybrid_mrk,X(CO2)=0.800000,2000.0,373.15,0.8,35.01714,0.2,0.8,0.2666667,0.6,0.1333333,0.0,0.0,0.0,40.19347,1621.567,0.0,-4999.5,nan,0.0,nan
h2o_co2_hybrid_mrk,X(CO2)=0.800000,3000.0,373.15,0.8,32.61922,0.2,0.8,0.2666667,0.6,0.1333333,0.0,0.0,0.0,74.6401,5519.052,0.0,-4999.5,nan,0.0,nan
h2o_co2_hybrid_mrk,X(CO2)=0.800000,4000.0,373.15,0.8,31.04465,0.2,0.8,0.2666667,0.6,0.1333333,0.0,0.0,0.0,135.917,17669.59,0.0,-4999.5,nan,0.0,nan
h2o_co2_hybrid_mrk,X(CO2)=0.800000,5000.0,373.15,0.8,29.88218,0.2,0.8,0.2666667,0.6,0.1333333,0.0,0.0,0.0,243.7576,54496.18,0.0,-4999.5,nan,0.0,nan
h2o_co2_hybrid_mrk,X(CO2)=0.800000,6000.0,373.15,0.8,28.9657,0.2,0.8,0.2666667,0.6,0.1333333,0.0,0.0,0.0,431.95,163846.2,0.0,-4999.5,nan,0.0,nan
h2o_co2_hybrid_mrk,X(CO2)=0.800000,7000.0,373.15,0.8,28.21198,0.2,0.8,0.2666667,0.6,0.1333333,0.0,0.0,0.0,758.0749,483529.8,0.0,-4999.5,nan,0.0,nan
h2o_co2_hybrid_mrk,X(CO2)=0.800000,8000.0,373.15,0.8,27.57354,0.2,0.8,0.2666667,0.6,0.1333333,0.0,0.0,0.0,1319.89,1406782.0,0.0,-4999.5,nan,0.0,nan
h2o_co2_hybrid_mrk,X(CO2)=0.800000,9000.0,373.15,0.8,27.02083,0.2,0.8,0.2666667,0.6,0.1333333,0.0,0.0,0.0,2282.816,4047039.0,0.0,-4999.5,nan,0.0,nan
h2o_co2_hybrid_mrk,X(CO2)=0.800000,10000.0,373.15,0.8,26.53424,0.2,0.8,0.2666667,0.6,0.1333333,0.0,0.0,0.0,3925.949,11536510.0,0.0,-4999.5,nan,0.0,nan
h2o_co2_hybrid_mrk,X(CO2)=0.800000,11000.0,373.15,0.8,26.10012,0.2,0.8,0.2666667,0.6,0.1333333,0.0,0.0,0.0,6718.936,32637560.0,0.0,-4999.5,nan,0.0,nan
h2o_co2_hybrid_mrk,X(CO2)=0.800000,12000.0,373.15,0.8,25.70859,0.2,0.8,0.2666667,0.6,0.1333333,0.0,0.0,0.0,11450.18,91745280.0,0.0,-4999.5,nan,0.0,nan
h2o_co2_hybrid_mrk,X(CO2)=0.800000,13000.0,373.15,0.8,25.35231,0.2,0.8,0.2666667,0.6,0.1333333,0.0,0.0,0.0,19440.35,256493300.0,0.0,-4999.5,nan,0.0,nan
h2o_co2_hybrid_mrk,X(CO2)=0.800000,14000.0,373.15,0.8,25.02564,0.2,0.8,0.2666667,0.6,0.1333333,0.0,0.0,0.0,32897.31,713698600.0,0.0,-4999.5,nan,0.0,nan
h2o_co2_hybrid_mrk,X(CO2)=0.800000,15000.0,373.15,0.8,24.72418,0.2,0.8,0.2666667,0.6,0.1333333,0.0,0.0,0.0,55505.49,1977696000.0,0.0,-4999.5,nan,0.0,nan
h2o_co2_hybrid_mrk,X(CO2)=0.800000,16000.0,373.15,0.8,24.44444,0.2,0.8,0.2666667,0.6,0.1333333,0.0,0.0,0.0,93403.12,5460381000.0,0.0,-4999.5,nan,0.0,nan
h2o_co2_hybrid_mrk,X(CO2)=0.800000,17000.0,373.15,0.8,24.18359,0.2,0.8,0.2666667,0.6,0.1333333,0.0,0.0,0.0,156800.8,15027330000.0,0.0,-4999.5,nan,0.0,nan
h2o_co2_hybrid_mrk,X(CO2)=0.800000,18000.0,373.15,0.8,23.93931,0.2,0.8,0.2666667,0.6,0.1333333,0.0,0.0,0.0,262659.1,41236760000.0,0.0,-4999.5,nan,0.0,nan
h2o_co2_hybrid_mrk,X(CO2)=0.800000,19000.0,373.15,0.8,23.70969,0.2,0.8,0.2666667,0.6,0.1333333,0.0,0.0,0.0,439113.7,112864500000.0,0.0,-4999.5,nan,0.0,nan
h2o_co2_hybrid_mrk,X(CO2)=0.800000,20000.0,373.15,0.8,23.49311,0.2,0.8,0.2666667,0.6,0.1333333,0.0,0.0,0.0,732781.4,308182500000.0,0.0,-4999.5,nan,0.0,nan
h2o_co2_hybrid_mrk,X(CO2)=0.800000,1000.0,423.15,0.8,43.83817,0.2,0.8,0.2666667,0.6,0.1333333,0.0,0.0,0.0,35.57803,577.0213,0.0,-4999.5,nan,0.0,nan
h2o_co2_hybrid_mrk,X(CO2)=0.800000,2000.0,423.15,0.8,37.10307,0.2,0.8,0.2666667,0.6,0.1333333,0.0,0.0,0.0,65.252,2067.679,0.0,-4999.5,nan,0.0,nan
h2o_co2_hybrid_mrk,X(CO2)=0.800000,3000.0,423.15,0.8,34.10966,0.2,0.8,0.2666667,0.6,0.1333333,0.0,0.0,0.0,115.8649,6390.3,0.0,-4999.5,nan,0.0,nan
h2o_co2_hybrid_mrk,X(CO2)=0.800000,4000.0,423.15,0.8,32.23062,0.2,0.8,0.2666667,0.6,0.1333333,0.0,0.0,0.0,200.938,18446.96,0.0,-4999.5,nan,0.0,nan
h2o_co2_hybrid_mrk,X(CO2)=0.800000,5000.0,423.15,0.8,30.87889,0.2,0.8,0.2666667,0.6,0.1333333,0.0,0.0,0.0,342.5008,51131.0,0.0,-4999.5,nan,0.0,nan
h2o_co2_hybrid_mrk,X(CO2)=0.800000,6000.0,423.15,0.8,29.83152,0.2,0.8,0.2666667,0.6,0.1333333,0.0,0.0,0.0,576.13,137907.0,0.0,-4999.5,nan,0.0,nan
h2o_co2_hybrid_mrk,X(CO2)=0.800000,7000.0,423.15,0.8,28.98098,0.2,0.8,0.2666667,0.6,0.1333333,0.0,0.0,0.0,959.0422,364685.4,0.0,-4999.5,nan,0.0,nan
h2o_co2_hybrid_mrk,X(CO2)=0.800000,8000.0,423.15,0.8,28.26751,0.2,0.8,0.2666667,0.6,0.1333333,0.0,0.0,0.0,1582.938,950045.1,0.0,-4999.5,nan,0.0,nan
h2o_co2_hybrid_mrk,X(CO2)=0.800000,9000.0,423.15,0.8,27.65464,0.2,0.8,0.2666667,0.6,0.1333333,0.0,0.0,0.0,2594.333,2445972.0,0.0,-4999.5,nan,0.0,nan
h2o_co2_hybrid_mrk,X(CO2)=0.800000,10000.0,423.15,0.8,27.11854,0.2,0.8,0.2666667,0.6,0.1333333,0.0,0.0,0.0,4226.685,6237646.0,0.0,-4999.5,nan,0.0,nan
h2o_co2_hybrid_mrk,X(CO2)=0.800000,11000.0,423.15,0.8,26.64284,0.2,0.8,0.2666667,0.6,0.1333333,0.0,0.0,0.0,6851.054,15782370.0,0.0,-4999.5,nan,0.0,nan
h2o_co2_hybrid_mrk,X(CO2)=0.800000,12000.0,423.15,0.8,26.2158,0.2,0.8,0.2666667,0.6,0.1333333,0.0,0.0,0.0,11055.89,39669000.0,0.0,-4999.5,nan,0.0,nan
h2o_co2_hybrid_mrk,X(CO2)=0.800000,13000.0,423.15,0.8,25.82876,0.2,0.8,0.2666667,0.6,0.1333333,0.0,0.0,0.0,17772.46,99147390.0,0.0,-4999.5,nan,0.0,nan
h2o_co2_hybrid_mrk,X(CO2)=0.800000,14000.0,423.15,0.8,25.47516,0.2,0.8,0.2666667,0.6,0.1333333,0.0,0.0,0.0,28471.84,246602500.0,0.0,-4999.5,nan,0.0,nan
h2o_co2_hybrid_mrk,X(CO2)=0.800000,15000.0,423.15,0.8,25.14988,0.2,0.8,0.2666667,0.6,0.1333333,0.0,0.0,0.0,45473.8,610759800.0,0.0,-4999.5,nan,0.0,nan
h2o_co2_hybrid_mrk,X(CO2)=0.800000,16000.0,423.15,0.8,24.84889,0.2,0.8,0.2666667,0.6,0.1333333,0.0,0.0,0.0,72430.59,1507028000.0,0.0,-4999.5,nan,0.0,nan
h2o_co2_hybrid_mrk,X(CO2)=0.800000,17000.0,423.15,0.8,24.56895,0.2,0.8,0.2666667,0.6,0.1333333,0.0,0.0,0.0,115084.0,3706241000.0,0.0,-4999.5,nan,0.0,nan
h2o_co2_hybrid_mrk,X(CO2)=0.800000,18000.0,423.15,0.8,24.3074,0.2,0.8,0.2666667,0.6,0.1333333,0.0,0.0,0.0,182448.4,9087852000.0,0.0,-4999.5,nan,0.0,nan
h2o_co2_hybrid_mrk,X(CO2)=0.800000,19000.0,423.15,0.8,24.06207,0.2,0.8,0.2666667,0.6,0.1333333,0.0,0.0,0.0,288658.4,22224620000.0,0.0,-4999.5,nan,0.0,nan
h2o_co2_hybrid_mrk,X(CO2)=0.800000,20000.0,423.15,0.8,23.83114,0.2,0.8,0.2666667,0.6,0.1333333,0.0,0.0,0.0,455850.7,54220610000.0,0.0,-4999.5,nan,0.0,nan
h2o_co2_hybrid_mrk,X(CO2)=0.800000,1000.0,473.15,0.8,48.2305,0.2,0.8,0.2666667,0.6,0.1333333,0.0,0.0,0.0,48.02823,706.6535,0.0,-4999.5,nan,0.0,nan
h2o_co2_hybrid_mrk,X(CO2)=0.800000,2000.0,473.15,0.8,39.24198,0.2,0.8,0.2666667,0.6,0.1333333,0.0,0.0,0.0,85.36142,2399.428,0.0,-4999.5,nan,0.0,nan
h2o_co2_hybrid_mrk,X(CO2)=0.800000,3000.0,473.15,0.8,35.60499,0.2,0.8,0.2666667,0.6,0.1333333,0.0,0.0,0.0,145.7942,6883.166,0.0,-4999.5,nan,0.0,nan
h2o_co2_hybrid_mrk,X(CO2)=0.800000,4000.0,473.15,0.8,33.41017,0.2,0.8,0.2666667,0.6,0.1333333,0.0,0.0,0.0,242.6771,18326.31,0.0,-4999.5,nan,0.0,nan
h2o_co2_hybrid_mrk,X(CO2)=0.800000,5000.0,473.15,0.8,31.86662,0.2,0.8,0.2666667,0.6,0.1333333,0.0,0.0,0.0,396.6222,46715.42,0.0,-4999.5,nan,0.0,nan
h2o_co2_hybrid_mrk,X(CO2)=0.800000,6000.0,473.15,0.8,30.68852,0.2,0.8,0.2666667,0.6,0.1333333,0.0,0.0,0.0,639.3649,115690.7,0.0,-4999.5,nan,0.0,nan
h2o_co2_hybrid_mrk,X(CO2)=0.800000,7000.0,473.15,0.8,29.74222,0.2,0.8,0.2666667,0.6,0.1333333,0.0,0.0,0.0,1019.611,280636.6,0.0,-4999.5,nan,0.0,nan
h2o_co2_hybrid_mrk,X(CO2)=0.800000,8000.0,473.15,0.8,28.95507,0.2,0.8,0.2666667,0.6,0.1333333,0.0,0.0,0.0,1611.885,670201.5,0.0,-4999.5,nan,0.0,nan
h2o_co2_hybrid_mrk,X(CO2)=0.800000,9000.0,473.15,0.8,28.28344,0.2,0.8,0.2666667,0.6,0.1333333,0.0,0.0,0.0,2529.902,1581079.0,0.0,-4999.5,nan,0.0,nan
h2o_co2_hybrid_mrk,X(CO2)=0.800000,10000.0,473.15,0.8,27.69919,0.2,0.8,0.2666667,0.6,0.1333333,0.0,0.0,0.0,3946.736,3693370.0,0.0,-4999.5,nan,0.0,nan
h2o_co2_hybrid_mrk,X(CO2)=0.800000,11000.0,473.15,0.8,27.18316,0.2,0.8,0.2666667,0.6,0.1333333,0.0,0.0,0.0,6125.202,8557929.0,0.0,-4999.5,nan,0.0,nan
h2o_co2_hybrid_mrk,X(CO2)=0.800000,12000.0,473.15,0.8,26.72178,0.2,0.8,0.2666667,0.6,0.1333333,0.0,0.0,0.0,9463.556,19695210.0,0.0,-4999.5,nan,0.0,nan
h2o_co2_hybrid_mrk,X(CO2)=0.800000,13000.0,473.15,0.8,26.30508,0.2,0.8,0.2666667,0.6,0.1333333,0.0,0.0,0.0,14564.14,45065020.0,0.0,-4999.5,nan,0.0,nan
h2o_co2_hybrid_mrk,X(CO2)=0.800000,14000.0,473.15,0.8,25.92553,0.2,0.8,0.2666667,0.6,0.1333333,0.0,0.0,0.0,22336.38,102601400.0,0.0,-4999.5,nan,0.0,nan
h2o_co2_hybrid_mrk,X(CO2)=0.800000,15000.0,473.15,0.8,25.57734,0.2,0.8,0.2666667,0.6,0.1333333,0.0,0.0,0.0,34151.09,232585200.0,0.0,-4999.5,nan,0.0,nan
h2o_co2_hybrid_mrk,X(CO2)=0.800000,16000.0,473.15,0.8,25.25594,0.2,0.8,0.2666667,0.6,0.1333333,0.0,0.0,0.0,52071.54,525235600.0,0.0,-4999.5,nan,0.0,nan
h2o_co2_hybrid_mrk,X(CO2)=0.800000,17000.0,473.15,0.8,24.95768,0.2,0.8,0.2666667,0.6,0.1333333,0.0,0.0,0.0,79198.88,1182113000.0,0.0,-4999.5,nan,0.0,nan
h2o_co2_hybrid_mrk,X(CO2)=0.800000,18000.0,473.15,0.8,24.67958,0.2,0.8,0.2666667,0.6,0.1333333,0.0,0.0,0.0,120188.3,2652496000.0,0.0,-4999.5,nan,0.0,nan
h2o_co2_hybrid_mrk,X(CO2)=0.800000,19000.0,473.15,0.8,24.41921,0.2,0.8,0.2666667,0.6,0.1333333,0.0,0.0,0.0,182019.5,5935745000.0,0.0,-4999.5,nan,0.0,nan
h2o_co2_hybrid_mrk,X(CO2)=0.800000,20000.0,473.15,0.8,24.17453,0.2,0.8,0.2666667,0.6,0.1333333,0.0,0.0,0.0,275145.4,13250580000.0,0.0,-4999.5,nan,0.0,nan
h2o_co2_hybrid_mrk,X(CO2)=0.800000,1000.0,523.15,0.8,52.99469,0.2,0.8,0.2666667,0.6,0.1333333,0.0,0.0,0.0,59.34172,806.8583,0.0,-4999.5,nan,0.0,nan
h2o_co2_hybrid_mrk,X(CO2)=0.800000,2000.0,523.15,0.8,41.45256,0.2,0.8,0.2666667,0.6,0.1333333,0.0,0.0,0.0,102.9928,2630.694,0.0,-4999.5,nan,0.0,nan
h2o_co2_hybrid_mrk,X(CO2)=0.800000,3000.0,523.15,0.8,37.11228,0.2,0.8,0.2666667,0.6,0.1333333,0.0,0.0,0.0,170.3771,7113.17,0.0,-4999.5,nan,0.0,nan
h2o_co2_hybrid_mrk,X(CO2)=0.800000,4000.0,523.15,0.8,34.58318,0.2,0.8,0.2666667,0.6,0.1333333,0.0,0.0,0.0,274.1738,17749.89,0.0,-4999.5,nan,0.0,nan
h2o_co2_hybrid_mrk,X(CO2)=0.800000,5000.0,523.15,0.8,32.84077,0.2,0.8,0.2666667,0.6,0.1333333,0.0,0.0,0.0,432.8984,42297.15,0.0,-4999.5,nan,0.0,nan
h2o_co2_hybrid_mrk,X(CO2)=0.800000,6000.0,523.15,0.8,31.52909,0.2,0.8,0.2666667,0.6,0.1333333,0.0,0.0,0.0,673.9299,97785.02,0.0,-4999.5,nan,0.0,nan
h2o_co2_hybrid_mrk,X(CO2)=0.800000,7000.0,523.15,0.8,30.48601,0.2,0.8,0.2666667,0.6,0.1333333,0.0,0.0,0.0,1037.697,221243.7,0.0,-4999.5,nan,0.0,nan
h2o_co2_hybrid_mrk,X(CO2)=0.800000,8000.0,523.15,0.8,29.625,0.2,0.8,0.2666667,0.6,0.1333333,0.0,0.0,0.0,1583.755,492539.4,0.0,-4999.5,nan,0.0,nan
h2o_co2_hybrid_mrk,X(CO2)=0.800000,9000.0,523.15,0.8,28.89486,0.2,0.8,0.2666667,0.6,0.1333333,0.0,0.0,0.0,2399.614,1082752.0,0.0,-4999.5,nan,0.0,nan
h2o_co2_hybrid_mrk,X(CO2)=0.800000,10000.0,523.15,0.8,28.26291,0.2,0.8,0.2666667,0.6,0.1333333,0.0,0.0,0.0,3613.57,2356219.0,0.0,-4999.5,nan,0.0,nan
h2o_co2_hybrid_mrk,X(CO2)=0.800000,11000.0,523.15,0.8,27.70714,0.2,0.8,0.2666667,0.6,0.1333333,0.0,0.0,0.0,5413.32,5084956.0,0.0,-4999.5,nan,0.0,nan
h2o_co2_hybrid_mrk,X(CO2)=0.800000,12000.0,523.15,0.8,27.21203,0.2,0.8,0.2666667,0.6,0.1333333,0.0,0.0,0.0,8072.926,10897690.0,0.0,-4999.5,nan,0.0,nan
h2o_co2_hybrid_mrk,X(CO2)=0.800000,13000.0,523.15,0.8,26.76628,0.2,0.8,0.2666667,0.6,0.1333333,0.0,0.0,0.0,11991.86,23217370.0,0.0,-4999.5,nan,0.0,nan
h2o_co2_hybrid_mrk,X(CO2)=0.800000,14000.0,523.15,0.8,26.36141,0.2,0.8,0.2666667,0.6,0.1333333,0.0,0.0,0.0,17751.41,49213270.0,0.0,-4999.5,nan,0.0,nan
h2o_co2_hybrid_mrk,X(CO2)=0.800000,15000.0,523.15,0.8,25.99092,0.2,0.8,0.2666667,0.6,0.1333333,0.0,0.0,0.0,26196.22,103855700.0,0.0,-4999.5,nan,0.0,nan
h2o_co2_hybrid_mrk,X(CO2)=0.800000,16000.0,523.15,0.8,25.64969,0.2,0.8,0.2666667,0.6,0.1333333,0.0,0.0,0.0,38551.79,218319200.0,0.0,-4999.5,nan,0.0,nan
h2o_co2_hybrid_mrk,X(CO2)=0.800000,17000.0,523.15,0.8,25.33367,0.2,0.8,0.2666667,0.6,0.1333333,0.0,0.0,0.0,56594.01,457363600.0,0.0,-4999.5,nan,0.0,nan
h2o_co2_hybrid_mrk,X(CO2)=0.800000,18000.0,523.15,0.8,25.03956,0.2,0.8,0.2666667,0.6,0.1333333,0.0,0.0,0.0,82893.14,955215100.0,0.0,-4999.5,nan,0.0,nan
h2o_co2_hybrid_mrk,X(CO2)=0.800000,19000.0,523.15,0.8,24.76465,0.2,0.8,0.2666667,0.6,0.1333333,0.0,0.0,0.0,121165.0,1989518000.0,0.0,-4999.5,nan,0.0,nan
h2o_co2_hybrid_mrk,X(CO2)=0.800000,20000.0,523.15,0.8,24.50672,0.2,0.8,0.2666667,0.6,0.1333333,0.0,0.0,0.0,176776.0,4133503000.0,0.0,-4999.5,nan,0.0,nan
h2o_co2_hybrid_mrk,X(CO2)=0.800000,1000.0,573.15,0.8,58.0018,0.2,0.8,0.2666667,0.6,0.1333333,0.0,0.0,0.0,70.03989,881.1002,0.0,-4999.5,nan,0.0,nan
h2o_co2_hybrid_mrk,X(CO2)=0.800000,2000.0,573.15,0.8,43.73728,0.2,0.8,0.2666667,0.6,0.1333333,0.0,0.0,0.0,119.7234,2782.578,0.0,-4999.5,nan,0.0,nan
h2o_co2_hybrid_mrk,X(CO2)=0.800000,3000.0,573.15,0.8,38.63676,0.2,0.8,0.2666667,0.6,0.1333333,0.0,0.0,0.0,193.0712,7170.646,0.0,-4999.5,nan,0.0,nan
h2o_co2_hybrid_mrk,X(CO2)=0.800000,4000.0,573.15,0.8,35.75307,0.2,0.8,0.2666667,0.6,0.1333333,0.0,0.0,0.0,302.2332,16967.73,0.0,-4999.5,nan,0.0,nan
h2o_co2_hybrid_mrk,X(CO2)=0.800000,5000.0,573.15,0.8,33.80319,0.2,0.8,0.2666667,0.6,0.1333333,0.0,0.0,0.0,463.8439,38254.78,0.0,-4999.5,nan,0.0,nan
h2o_co2_hybrid_mrk,X(CO2)=0.800000,6000.0,573.15,0.8,32.35397,0.2,0.8,0.2666667,0.6,0.1333333,0.0,0.0,0.0,701.6342,83571.24,0.0,-4999.5,nan,0.0,nan
h2o_co2_hybrid_mrk,X(CO2)=0.800000,7000.0,573.15,0.8,31.21225,0.2,0.8,0.2666667,0.6,0.1333333,0.0,0.0,0.0,1049.522,178541.4,0.0,-4999.5,nan,0.0,nan
h2o_co2_hybrid_mrk,X(CO2)=0.800000,8000.0,573.15,0.8,30.2766,0.2,0.8,0.2666667,0.6,0.1333333,0.0,0.0,0.0,1555.908,375127.4,0.0,-4999.5,nan,0.0,nan
h2o_co2_hybrid_mrk,X(CO2)=0.800000,9000.0,573.15,0.8,29.48773,0.2,0.8,0.2666667,0.6,0.1333333,0.0,0.0,0.0,2289.716,778015.1,0.0,-4999.5,nan,0.0,nan
h2o_co2_hybrid_mrk,X(CO2)=0.800000,10000.0,573.15,0.8,28.80818,0.2,0.8,0.2666667,0.6,0.1333333,0.0,0.0,0.0,3348.891,1596939.0,0.0,-4999.5,nan,0.0,nan
h2o_co2_hybrid_mrk,X(CO2)=0.800000,11000.0,573.15,0.8,28.21293,0.2,0.8,0.2666667,0.6,0.1333333,0.0,0.0,0.0,4872.355,3250075.0,0.0,-4999.5,nan,0.0,nan
h2o_co2_hybrid_mrk,X(CO2)=0.800000,12000.0,573.15,0.8,27.68447,0.2,0.8,0.2666667,0.6,0.1333333,0.0,0.0,0.0,7056.801,6567688.0,0.0,-4999.5,nan,0.0,nan
h2o_co2_hybrid_mrk,X(CO2)=0.800000,13000.0,573.15,0.8,27.21011,0.2,0.8,0.2666667,0.6,0.1333333,0.0,0.0,0.0,10180.25,13192120.0,0.0,-4999.5,nan,0.0,nan
h2o_co2_hybrid_mrk,X(CO2)=0.800000,14000.0,573.15,0.8,26.78039,0.2,0.8,0.2666667,0.6,0.1333333,0.0,0.0,0.0,14635.09,26361410.0,0.0,-4999.5,nan,0.0,nan
h2o_co2_hybrid_mrk,X(CO2)=0.800000,15000.0,573.15,0.8,26.38807,0.2,0.8,0.2666667,0.6,0.1333333,0.0,0.0,0.0,20974.34,52440880.0,0.0,-4999.5,nan,0.0,nan
h2o_co2_hybrid_mrk,X(CO2)=0.800000,16000.0,573.15,0.8,26.0275,0.2,0.8,0.2666667,0.6,0.1333333,0.0,0.0,0.0,29976.37,103910400.0,0.0,-4999.5,nan,0.0,nan
h2o_co2_hybrid_mrk,X(CO2)=0.800000,17000.0,573.15,0.8,25.69419,0.2,0.8,0.2666667,0.6,0.1333333,0.0,0.0,0.0,42735.41,205179700.0,0.0,-4999.5,nan,0.0,nan
h2o_co2_hybrid_mrk,X(CO2)=0.800000,18000.0,573.15,0.8,25.38451,0.2,0.8,0.2666667,0.6,0.1333333,0.0,0.0,0.0,60787.97,403888600.0,0.0,-4999.5,nan,0.0,nan
h2o_co2_hybrid_mrk,X(CO2)=0.800000,19000.0,573.15,0.8,25.09552,0.2,0.8,0.2666667,0.6,0.1333333,0.0,0.0,0.0,86289.32,792830300.0,0.0,-4999.5,nan,0.0,nan
h2o_co2_hybrid_mrk,X(CO2)=0.800000,20000.0,573.15,0.8,24.82476,0.2,0.8,0.2666667,0.6,0.1333333,0.0,0.0,0.0,122259.6,1552421000.0,0.0,-4999.5,nan,0.0,nan
h2o_co2_hybrid_mrk,X(CO2)=0.800000,1000.0,623.15,0.8,63.12315,0.2,0.8,0.2666667,0.6,0.1333333,0.0,0.0,0.0,80.34946,934.5136,0.0,-4999.5,nan,0.0,nan
h2o_co2_hybrid_mrk,X(CO2)=0.800000,2000.0,623.15,0.8,46.0898,0.2,0.8,0.2666667,0.6,0.1333333,0.0,0.0,0.0,136.3465,2875.238,0.0,-4999.5,nan,0.0,nan
h2o_co2_hybrid_mrk,X(CO2)=0.800000,3000.0,623.15,0.8,40.18282,0.2,0.8,0.2666667,0.6,0.1333333,0.0,0.0,0.0,215.5751,7119.623,0.0,-4999.5,nan,0.0,nan
h2o_co2_hybrid_mrk,X(CO2)=0.800000,4000.0,623.15,0.8,36.92493,0.2,0.8,0.2666667,0.6,0.1333333,0.0,0.0,0.0,329.9767,16116.72,0.0,-4999.5,nan,0.0,nan
h2o_co2_hybrid_mrk,X(CO2)=0.800000,5000.0,623.15,0.8,34.7585,0.2,0.8,0.2666667,0.6,0.1333333,0.0,0.0,0.0,494.7044,34691.38,0.0,-4999.5,nan,0.0,nan
h2o_co2_hybrid_mrk,X(CO2)=0.800000,6000.0,623.15,0.8,33.16721,0.2,0.8,0.2666667,0.6,0.1333333,0.0,0.0,0.0,730.6617,72277.3,0.0,-4999.5,nan,0.0,nan
h2o_co2_hybrid_mrk,X(CO2)=0.800000,7000.0,623.15,0.8,31.9245,0.2,0.8,0.2666667,0.6,0.1333333,0.0,0.0,0.0,1066.891,147165.2,0.0,-4999.5,nan,0.0,nan
h2o_co2_hybrid_mrk,X(CO2)=0.800000,8000.0,623.15,0.8,30.913,0.2,0.8,0.2666667,0.6,0.1333333,0.0,0.0,0.0,1543.73,294562.2,0.0,-4999.5,nan,0.0,nan
h2o_co2_hybrid_mrk,X(CO2)=0.800000,9000.0,623.15,0.8,30.06483,0.2,0.8,0.2666667,0.6,0.1333333,0.0,0.0,0.0,2217.11,581818.3,0.0,-4999.5,nan,0.0,nan
h2o_co2_hybrid_mrk,X(CO2)=0.800000,10000.0,623.15,0.8,29.3375,0.2,0.8,0.2666667,0.6,0.1333333,0.0,0.0,0.0,3164.45,1137089.0,0.0,-4999.5,nan,0.0,nan
h2o_co2_hybrid_mrk,X(CO2)=0.800000,11000.0,623.15,0.8,28.70282,0.2,0.8,0.2666667,0.6,0.1333333,0.0,0.0,0.0,4492.723,2203104.0,0.0,-4999.5,nan,0.0,nan
h2o_co2_hybrid_mrk,X(CO2)=0.800000,12000.0,623.15,0.8,28.14118,0.2,0.8,0.2666667,0.6,0.1333333,0.0,0.0,0.0,6349.494,4237754.0,0.0,-4999.5,nan,0.0,nan
h2o_co2_hybrid_mrk,X(CO2)=0.800000,13000.0,623.15,0.8,27.63846,0.2,0.8,0.2666667,0.6,0.1333333,0.0,0.0,0.0,8938.013,8101712.0,0.0,-4999.5,nan,0.0,nan
h2o_co2_hybrid_mrk,X(CO2)=0.800000,14000.0,623.15,0.8,27.18419,0.2,0.8,0.2666667,0.6,0.1333333,0.0,0.0,0.0,12537.83,15407620.0,0.0,-4999.5,nan,0.0,nan
h2o_co2_hybrid_mrk,X(CO2)=0.800000,15000.0,623.15,0.8,26.77037,0.2,0.8,0.2666667,0.6,0.1333333,0.0,0.0,0.0,17532.94,29168510.0,0.0,-4999.5,nan,0.0,nan
h2o_co2_hybrid_mrk,X(CO2)=0.800000,16000.0,623.15,0.8,26.3908,0.2,0.8,0.2666667,0.6,0.1333333,0.0,0.0,0.0,24450.11,54999400.0,0.0,-4999.5,nan,0.0,nan
h2o_co2_hybrid_mrk,X(CO2)=0.800000,17000.0,623.15,0.8,26.04055,0.2,0.8,0.2666667,0.6,0.1333333,0.0,0.0,0.0,34011.22,103340100.0,0.0,-4999.5,nan,0.0,nan
h2o_co2_hybrid_mrk,X(CO2)=0.800000,18000.0,623.15,0.8,25.71567,0.2,0.8,0.2666667,0.6,0.1333333,0.0,0.0,0.0,47204.38,193559900.0,0.0,-4999.5,nan,0.0,nan
h2o_co2_hybrid_mrk,X(CO2)=0.800000,19000.0,623.15,0.8,25.41294,0.2,0.8,0.2666667,0.6,0.1333333,0.0,0.0,0.0,65380.79,361526400.0,0.0,-4999.5,nan,0.0,nan
h2o_co2_hybrid_mrk,X(CO2)=0.800000,20000.0,623.15,0.8,25.1297,0.2,0.8,0.2666667,0.6,0.1333333,0.0,0.0,0.0,90386.42,673540000.0,0.0,-4999.5,nan,0.0,nan
h2o_co2_hybrid_mrk,X(CO2)=0.800000,1000.0,673.15,0.8,68.27994,0.2,0.8,0.2666667,0.6,0.1333333,0.0,0.0,0.0,90.31105,972.0133,0.0,-4999.5,nan,0.0,nan
h2o_co2_hybrid_mrk,X(CO2)=0.800000,2000.0,673.15,0.8,48.49772,0.2,0.8,0.2666667,0.6,0.1333333,0.0,0.0,0.0,153.1409,2925.155,0.0,-4999.5,nan,0.0,nan
h2o_co2_hybrid_mrk,X(CO2)=0.800000,3000.0,673.15,0.8,41.75213,0.2,0.8,0.2666667,0.6,0.1333333,0.0,0.0,0.0,238.5499,7003.149,0.0,-4999.5,nan,0.0,nan
h2o_co2_hybrid_mrk,X(CO2)=0.800000,4000.0,673.15,0.8,38.10283,0.2,0.8,0.2666667,0.6,0.1333333,0.0,0.0,0.0,358.586,15268.74,0.0,-4999.5,nan,0.0,nan
h2o_co2_hybrid_mrk,X(CO2)=0.800000,5000.0,673.15,0.8,35.71107,0.2,0.8,0.2666667,0.6,0.1333333,0.0,0.0,0.0,527.2949,31598.9,0.0,-4999.5,nan,0.0,nan
h2o_co2_hybrid_mrk,X(CO2)=0.800000,6000.0,673.15,0.8,33.97299,0.2,0.8,0.2666667,0.6,0.1333333,0.0,0.0,0.0,763.425,63235.0,0.0,-4999.5,nan,0.0,nan
h2o_co2_hybrid_mrk,X(CO2)=0.800000,7000.0,673.15,0.8,32.62668,0.2,0.8,0.2666667,0.6,0.1333333,0.0,0.0,0.0,1092.375,123597.9,0.0,-4999.5,nan,0.0,nan
h2o_co2_hybrid_mrk,X(CO2)=0.800000,8000.0,673.15,0.8,31.53786,0.2,0.8,0.2666667,0.6,0.1333333,0.0,0.0,0.0,1548.599,237392.0,0.0,-4999.5,nan,0.0,nan
h2o_co2_hybrid_mrk,X(CO2)=0.800000,9000.0,673.15,0.8,30.62959,0.2,0.8,0.2666667,0.6,0.1333333,0.0,0.0,0.0,2178.794,449825.2,0.0,-4999.5,nan,0.0,nan
h2o_co2_hybrid_mrk,X(CO2)=0.800000,10000.0,673.15,0.8,29.85406,0.2,0.8,0.2666667,0.6,0.1333333,0.0,0.0,0.0,3046.153,843206.9,0.0,-4999.5,nan,0.0,nan
h2o_co2_hybrid_mrk,X(CO2)=0.800000,11000.0,673.15,0.8,29.17978,0.2,0.8,0.2666667,0.6,0.1333333,0.0,0.0,0.0,4236.055,1566736.0,0.0,-4999.5,nan,0.0,nan
h2o_co2_hybrid_mrk,X(CO2)=0.800000,12000.0,673.15,0.8,28.58495,0.2,0.8,0.2666667,0.6,0.1333333,0.0,0.0,0.0,5863.688,2889810.0,0.0,-4999.5,nan,0.0,nan
h2o_co2_hybrid_mrk,X(CO2)=0.800000,13000.0,673.15,0.8,28.05398,0.2,0.8,0.2666667,0.6,0.1333333,0.0,0.0,0.0,8084.229,5297192.0,0.0,-4999.5,nan,0.0,nan
h2o_co2_hybrid_mrk,X(CO2)=0.800000,14000.0,673.15,0.8,27.57532,0.2,0.8,0.2666667,0.6,0.1333333,0.0,0.0,0.0,11106.45,9658502.0,0.0,-4999.5,nan,0.0,nan
h2o_co2_hybrid_mrk,X(CO2)=0.800000,15000.0,673.15,0.8,27.14021,0.2,0.8,0.2666667,0.6,0.1333333,0.0,0.0,0.0,15210.9,17529480.0,0.0,-4999.5,nan,0.0,nan
h2o_co2_hybrid_mrk,X(CO2)=0.800000,16000.0,673.15,0.8,26.74186,0.2,0.8,0.2666667,0.6,0.1333333,0.0,0.0,0.0,20774.08,31686430.0,0.0,-4999.5,nan,0.0,nan
h2o_co2_hybrid_mrk,X(CO2)=0.800000,17000.0,673.15,0.8,26.37493,0.2,0.8,0.2666667,0.6,0.1333333,0.0,0.0,0.0,28300.82,57072640.0,0.0,-4999.5,nan,0.0,nan
h2o_co2_hybrid_mrk,X(CO2)=0.800000,18000.0,673.15,0.8,26.0351,0.2,0.8,0.2666667,0.6,0.1333333,0.0,0.0,0.0,38467.22,102471800.0,0.0,-4999.5,nan,0.0,nan
h2o_co2_hybrid_mrk,X(CO2)=0.800000,19000.0,673.15,0.8,25.71889,0.2,0.8,0.2666667,0.6,0.1333333,0.0,0.0,0.0,52177.96,183462100.0,0.0,-4999.5,nan,0.0,nan
h2o_co2_hybrid_mrk,X(CO2)=0.800000,20000.0,673.15,0.8,25.42342,0.2,0.8,0.2666667,0.6,0.1333333,0.0,0.0,0.0,70642.48,327625000.0,0.0,-4999.5,nan,0.0,nan
h2o_co2_hybrid_mrk,X(CO2)=0.800000,1000.0,723.15,0.8,73.44661,0.2,0.8,0.2666667,0.6,0.1333333,0.0,0.0,0.0,99.87397,997.6597,0.0,-4999.5,nan,0.0,nan
h2o_co2_hybrid_mrk,X(CO2)=0.800000,2000.0,723.15,0.8,50.94722,0.2,0.8,0.2666667,0.6,0.1333333,0.0,0.0,0.0,170.0855,2944.891,0.0,-4999.5,nan,0.0,nan
h2o_co2_hybrid_mrk,X(CO2)=0.800000,3000.0,723.15,0.8,43.34392,0.2,0.8,0.2666667,0.6,0.1333333,0.0,0.0,0.0,262.0837,6849.372,0.0,-4999.5,nan,0.0,nan
h2o_co2_hybrid_mrk,X(CO2)=0.800000,4000.0,723.15,0.8,39.28926,0.2,0.8,0.2666667,0.6,0.1333333,0.0,0.0,0.0,388.2597,14459.44,0.0,-4999.5,nan,0.0,nan
h2o_co2_hybrid_mrk,X(CO2)=0.800000,5000.0,723.15,0.8,36.66416,0.2,0.8,0.2666667,0.6,0.1333333,0.0,0.0,0.0,561.8503,28929.37,0.0,-4999.5,nan,0.0,nan
h2o_co2_hybrid_mrk,X(CO2)=0.800000,6000.0,723.15,0.8,34.7747,0.2,0.8,0.2666667,0.6,0.1333333,0.0,0.0,0.0,799.9497,55920.85,0.0,-4999.5,nan,0.0,nan
h2o_co2_hybrid_mrk,X(CO2)=0.800000,7000.0,723.15,0.8,33.32208,0.2,0.8,0.2666667,0.6,0.1333333,0.0,0.0,0.0,1125.185,105524.0,0.0,-4999.5,nan,0.0,nan
h2o_co2_hybrid_mrk,X(CO2)=0.800000,8000.0,723.15,0.8,32.15434,0.2,0.8,0.2666667,0.6,0.1333333,0.0,0.0,0.0,1567.62,195605.8,0.0,-4999.5,nan,0.0,nan
h2o_co2_hybrid_mrk,X(CO2)=0.800000,9000.0,723.15,0.8,31.185,0.2,0.8,0.2666667,0.6,0.1333333,0.0,0.0,0.0,2167.196,357628.4,0.0,-4999.5,nan,0.0,nan
h2o_co2_hybrid_mrk,X(CO2)=0.800000,10000.0,723.15,0.8,30.36072,0.2,0.8,0.2666667,0.6,0.1333333,0.0,0.0,0.0,2976.912,646726.8,0.0,-4999.5,nan,0.0,nan
h2o_co2_hybrid_mrk,X(CO2)=0.800000,11000.0,723.15,0.8,29.64653,0.2,0.8,0.2666667,0.6,0.1333333,0.0,0.0,0.0,4066.999,1159112.0,0.0,-4999.5,nan,0.0,nan
h2o_co2_hybrid_mrk,X(CO2)=0.800000,12000.0,723.15,0.8,29.0184,0.2,0.8,0.2666667,0.6,0.1333333,0.0,0.0,0.0,5530.399,2062050.0,0.0,-4999.5,nan,0.0,nan
h2o_co2_hybrid_mrk,X(CO2)=0.800000,13000.0,723.15,0.8,28.45915,0.2,0.8,0.2666667,0.6,0.1333333,0.0,0.0,0.0,7489.943,3645376.0,0.0,-4999.5,nan,0.0,nan
h2o_co2_hybrid_mrk,X(CO2)=0.800000,14000.0,723.15,0.8,27.95615,0.2,0.8,0.2666667,0.6,0.1333333,0.0,0.0,0.0,10107.76,6409830.0,0.0,-4999.5,nan,0.0,nan
h2o_co2_hybrid_mrk,X(CO2)=0.800000,15000.0,723.15,0.8,27.49985,0.2,0.8,0.2666667,0.6,0.1333333,0.0,0.0,0.0,13597.62,11218230.0,0.0,-4999.5,nan,0.0,nan
h2o_co2_hybrid_mrk,X(CO2)=0.800000,16000.0,723.15,0.8,27.08287,0.2,0.8,0.2666667,0.6,0.1333333,0.0,0.0,0.0,18241.02,19553700.0,0.0,-4999.5,nan,0.0,nan
h2o_co2_hybrid_mrk,X(CO2)=0.800000,17000.0,723.15,0.8,26.6994,0.2,0.8,0.2666667,0.6,0.1333333,0.0,0.0,0.0,24408.35,33960120.0,0.0,-4999.5,nan,0.0,nan
h2o_co2_hybrid_mrk,X(CO2)=0.800000,18000.0,723.15,0.8,26.3448,0.2,0.8,0.2666667,0.6,0.1333333,0.0,0.0,0.0,32586.39,58792040.0,0.0,-4999.5,nan,0.0,nan
h2o_co2_hybrid_mrk,X(CO2)=0.800000,19000.0,723.15,0.8,26.01529,0.2,0.8,0.2666667,0.6,0.1333333,0.0,0.0,0.0,43414.38,101490000.0,0.0,-4999.5,nan,0.0,nan
h2o_co2_hybrid_mrk,X(CO2)=0.800000,20000.0,723.15,0.8,25.70779,0.2,0.8,0.2666667,0.6,0.1333333,0.0,0.0,0.0,57731.04,174745900.0,0.0,-4999.5,nan,0.0,nan
h2o_co2_hybrid_mrk,X(CO2)=0.800000,1000.0,773.15,0.8,78.62205,0.2,0.8,0.2666667,0.6,0.1333333,0.0,0.0,0.0,108.9597,1014.591,0.0,-4999.5,nan,0.0,nan
h2o_co2_hybrid_mrk,X(CO2)=0.800000,2000.0,773.15,0.8,53.42674,0.2,0.8,0.2666667,0.6,0.1333333,0.0,0.0,0.0,187.0087,2943.686,0.0,-4999.5,nan,0.0,nan
h2o_co2_hybrid_mrk,X(CO2)=0.800000,3000.0,773.15,0.8,44.95609,0.2,0.8,0.2666667,0.6,0.1333333,0.0,0.0,0.0,285.9748,6676.403,0.0,-4999.5,nan,0.0,nan
h2o_co2_hybrid_mrk,X(CO2)=0.800000,4000.0,773.15,0.8,40.48543,0.2,0.8,0.2666667,0.6,0.1333333,0.0,0.0,0.0,418.7284,13704.65,0.0,-4999.5,nan,0.0,nan
h2o_co2_hybrid_mrk,X(CO2)=0.800000,5000.0,773.15,0.8,37.62003,0.2,0.8,0.2666667,0.6,0.1333333,0.0,0.0,0.0,597.9205,26625.14,0.0,-4999.5,nan,0.0,nan
h2o_co2_hybrid_mrk,X(CO2)=0.800000,6000.0,773.15,0.8,35.5749,0.2,0.8,0.2666667,0.6,0.1333333,0.0,0.0,0.0,839.352,49938.79,0.0,-4999.5,nan,0.0,nan
h2o_co2_hybrid_mrk,X(CO2)=0.800000,7000.0,773.15,0.8,34.01332,0.2,0.8,0.2666667,0.6,0.1333333,0.0,0.0,0.0,1163.49,91395.98,0.0,-4999.5,nan,0.0,nan
h2o_co2_hybrid_mrk,X(CO2)=0.800000,8000.0,773.15,0.8,32.76499,0.2,0.8,0.2666667,0.6,0.1333333,0.0,0.0,0.0,1597.025,164262.3,0.0,-4999.5,nan,0.0,nan
h2o_co2_hybrid_mrk,X(CO2)=0.800000,9000.0,773.15,0.8,31.73353,0.2,0.8,0.2666667,0.6,0.1333333,0.0,0.0,0.0,2174.795,291123.5,0.0,-4999.5,nan,0.0,nan
h2o_co2_hybrid_mrk,X(CO2)=0.800000,10000.0,773.15,0.8,30.85984,0.2,0.8,0.2666667,0.6,0.1333333,0.0,0.0,0.0,2942.24,510257.0,0.0,-4999.5,nan,0.0,nan
h2o_co2_hybrid_mrk,X(CO2)=0.800000,11000.0,773.15,0.8,30.10535,0.2,0.8,0.2666667,0.6,0.1333333,0.0,0.0,0.0,3958.555,886272.0,0.0,-4999.5,nan,0.0,nan
h2o_co2_hybrid_mrk,X(CO2)=0.800000,12000.0,773.15,0.8,29.44366,0.2,0.8,0.2666667,0.6,0.1333333,0.0,0.0,0.0,5300.769,1527835.0,0.0,-4999.5,nan,0.0,nan
h2o_co2_hybrid_mrk,X(CO2)=0.800000,13000.0,773.15,0.8,28.85602,0.2,0.8,0.2666667,0.6,0.1333333,0.0,0.0,0.0,7068.99,2617130.0,0.0,-4999.5,nan,0.0,nan
h2o_co2_hybrid_mrk,X(CO2)=0.800000,14000.0,773.15,0.8,28.32866,0.2,0.8,0.2666667,0.6,0.1333333,0.0,0.0,0.0,9393.17,4458733.0,0.0,-4999.5,nan,0.0,nan
h2o_co2_hybrid_mrk,X(CO2)=0.800000,15000.0,773.15,0.8,27.85119,0.2,0.8,0.2666667,0.6,0.1333333,0.0,0.0,0.0,12441.82,7560523.0,0.0,-4999.5,nan,0.0,nan
h2o_co2_hybrid_mrk,X(CO2)=0.800000,16000.0,773.15,0.8,27.41564,0.2,0.8,0.2666667,0.6,0.1333333,0.0,0.0,0.0,16433.22,12767420.0,0.0,-4999.5,nan,0.0,nan
h2o_co2_hybrid_mrk,X(CO2)=0.800000,17000.0,773.15,0.8,27.01573,0.2,0.8,0.2666667,0.6,0.1333333,0.0,0.0,0.0,21649.84,21482110.0,0.0,-4999.5,nan,0.0,nan
h2o_co2_hybrid_mrk,X(CO2)=0.800000,18000.0,773.15,0.8,26.64647,0.2,0.8,0.2666667,0.6,0.1333333,0.0,0.0,0.0,28456.91,36028700.0,0.0,-4999.5,nan,0.0,nan
h2o_co2_hybrid_mrk,X(CO2)=0.800000,19000.0,773.15,0.8,26.30379,0.2,0.8,0.2666667,0.6,0.1333333,0.0,0.0,0.0,37326.21,60251240.0,0.0,-4999.5,nan,0.0,nan
h2o_co2_hybrid_mrk,X(CO2)=0.800000,20000.0,773.15,0.8,25.98438,0.2,0.8,0.2666667,0.6,0.1333333,0.0,0.0,0.0,48866.7,100497300.0,0.0,-4999.5,nan,0.0,nan
h2o_co2_hybrid_mrk,X(CO2)=0.800000,1000.0,823.15,0.8,83.75072,0.2,0.8,0.2666667,0.6,0.1333333,0.0,0.0,0.0,117.4971,1025.154,0.0,-4999.5,nan,0.0,nan
h2o_co2_hybrid_mrk,X(CO2)=0.800000,2000.0,823.15,0.8,55.92803,0.2,0.8,0.2666667,0.6,0.1333333,0.0,0.0,0.0,203.6854,2928.211,0.0,-4999.5,nan,0.0,nan
h2o_co2_hybrid_mrk,X(CO2)=0.800000,3000.0,823.15,0.8,46.58626,0.2,0.8,0.2666667,0.6,0.1333333,0.0,0.0,0.0,309.9006,6495.746,0.0,-4999.5,nan,0.0,nan
h2o_co2_hybrid_mrk,X(CO2)=0.800000,4000.0,823.15,0.8,41.6918,0.2,0.8,0.2666667,0.6,0.1333333,0.0,0.0,0.0,449.5343,13009.57,0.0,-4999.5,nan,0.0,nan
h2o_co2_hybrid_mrk,X(CO2)=0.800000,5000.0,823.15,0.8,38.58021,0.2,0.8,0.2666667,0.6,0.1333333,0.0,0.0,0.0,634.8091,24631.02,0.0,-4999.5,nan,0.0,nan
h2o_co2_hybrid_mrk,X(CO2)=0.800000,6000.0,823.15,0.8,36.37549,0.2,0.8,0.2666667,0.6,0.1333333,0.0,0.0,0.0,880.4912,44992.23,0.0,-4999.5,nan,0.0,nan
h2o_co2_hybrid_mrk,X(CO2)=0.800000,7000.0,823.15,0.8,34.70241,0.2,0.8,0.2666667,0.6,0.1333333,0.0,0.0,0.0,1205.317,80160.33,0.0,-4999.5,nan,0.0,nan
h2o_co2_hybrid_mrk,X(CO2)=0.800000,8000.0,823.15,0.8,33.37181,0.2,0.8,0.2666667,0.6,0.1333333,0.0,0.0,0.0,1633.308,140212.5,0.0,-4999.5,nan,0.0,nan
h2o_co2_hybrid_mrk,X(CO2)=0.800000,9000.0,823.15,0.8,32.27715,0.2,0.8,0.2666667,0.6,0.1333333,0.0,0.0,0.0,2195.327,241802.7,0.0,-4999.5,nan,0.0,nan
h2o_co2_hybrid_mrk,X(CO2)=0.800000,10000.0,823.15,0.8,31.35332,0.2,0.8,0.2666667,0.6,0.1333333,0.0,0.0,0.0,2931.013,412334.0,0.0,-4999.5,nan,0.0,nan
h2o_co2_hybrid_mrk,X(CO2)=0.800000,11000.0,823.15,0.8,30.55806,0.2,0.8,0.2666667,0.6,0.1333333,0.0,0.0,0.0,3891.241,696722.2,0.0,-4999.5,nan,0.0,nan
h2o_co2_hybrid_mrk,X(CO2)=0.800000,12000.0,823.15,0.8,29.86253,0.2,0.8,0.2666667,0.6,0.1333333,0.0,0.0,0.0,5141.225,1168335.0,0.0,-4999.5,nan,0.0,nan
h2o_co2_hybrid_mrk,X(CO2)=0.800000,13000.0,823.15,0.8,29.24632,0.2,0.8,0.2666667,0.6,0.1333333,0.0,0.0,0.0,6764.479,1946653.0,0.0,-4999.5,nan,0.0,nan
h2o_co2_hybrid_mrk,X(CO2)=0.800000,14000.0,823.15,0.8,28.69449,0.2,0.8,0.2666667,0.6,0.1333333,0.0,0.0,0.0,8867.827,3225711.0,0.0,-4999.5,nan,0.0,nan
h2o_co2_hybrid_mrk,X(CO2)=0.800000,15000.0,823.15,0.8,28.19582,0.2,0.8,0.2666667,0.6,0.1333333,0.0,0.0,0.0,11587.78,5319849.0,0.0,-4999.5,nan,0.0,nan
h2o_co2_hybrid_mrk,X(CO2)=0.800000,16000.0,823.15,0.8,27.74171,0.2,0.8,0.2666667,0.6,0.1333333,0.0,0.0,0.0,15098.59,8737156.0,0.0,-4999.5,nan,0.0,nan
h2o_co2_hybrid_mrk,X(CO2)=0.800000,17000.0,823.15,0.8,27.3254,0.2,0.8,0.2666667,0.6,0.1333333,0.0,0.0,0.0,19622.53,14297210.0,0.0,-4999.5,nan,0.0,nan
h2o_co2_hybrid_mrk,X(CO2)=0.800000,18000.0,823.15,0.8,26.94153,0.2,0.8,0.2666667,0.6,0.1333333,0.0,0.0,0.0,25442.82,23319560.0,0.0,-4999.5,nan,0.0,nan
h2o_co2_hybrid_mrk,X(CO2)=0.800000,19000.0,823.15,0.8,26.58575,0.2,0.8,0.2666667,0.6,0.1333333,0.0,0.0,0.0,32920.09,37925090.0,0.0,-4999.5,nan,0.0,nan
h2o_co2_hybrid_mrk,X(CO2)=0.800000,20000.0,823.15,0.8,26.25452,0.2,0.8,0.2666667,0.6,0.1333333,0.0,0.0,0.0,42513.14,61517250.0,0.0,-4999.5,nan,0.0,nan
h2o_co2_hybrid_mrk,X(CO2)=0.800000,1000.0,873.15,0.8,88.75924,0.2,0.8,0.2666667,0.6,0.1333333,0.0,0.0,0.0,125.4374,1031.083,0.0,-4999.5,nan,0.0,nan
h2o_co2_hybrid_mrk,X(CO2)=0.800000,2000.0,873.15,0.8,58.44406,0.2,0.8,0.2666667,0.6,0.1333333,0.0,0.0,0.0,219.8943,2903.23,0.0,-4999.5,nan,0.0,nan
h2o_co2_hybrid_mrk,X(CO2)=0.800000,3000.0,873.15,0.8,48.23226,0.2,0.8,0.2666667,0.6,0.1333333,0.0,0.0,0.0,333.5154,6314.602,0.0,-4999.5,nan,0.0,nan
h2o_co2_hybrid_mrk,X(CO2)=0.800000,4000.0,873.15,0.8,42.90853,0.2,0.8,0.2666667,0.6,0.1333333,0.0,0.0,0.0,480.1802,12373.86,0.0,-4999.5,nan,0.0,nan
h2o_co2_hybrid_mrk,X(CO2)=0.800000,5000.0,873.15,0.8,39.54581,0.2,0.8,0.2666667,0.6,0.1333333,0.0,0.0,0.0,671.7885,22898.32,0.0,-4999.5,nan,0.0,nan
h2o_co2_hybrid_mrk,X(CO2)=0.800000,6000.0,873.15,0.8,37.17797,0.2,0.8,0.2666667,0.6,0.1333333,0.0,0.0,0.0,922.2558,40858.87,0.0,-4999.5,nan,0.0,nan
h2o_co2_hybrid_mrk,X(CO2)=0.800000,7000.0,873.15,0.8,35.39095,0.2,0.8,0.2666667,0.6,0.1333333,0.0,0.0,0.0,1248.894,71085.34,0.0,-4999.5,nan,0.0,nan
h2o_co2_hybrid_mrk,X(CO2)=0.800000,8000.0,873.15,0.8,33.97645,0.2,0.8,0.2666667,0.6,0.1333333,0.0,0.0,0.0,1673.555,121388.0,0.0,-4999.5,nan,0.0,nan
h2o_co2_hybrid_mrk,X(CO2)=0.800000,9000.0,873.15,0.8,32.81745,0.2,0.8,0.2666667,0.6,0.1333333,0.0,0.0,0.0,2223.909,204336.8,0.0,-4999.5,nan,0.0,nan
h2o_co2_hybrid_mrk,X(CO2)=0.800000,10000.0,873.15,0.8,31.84273,0.2,0.8,0.2666667,0.6,0.1333333,0.0,0.0,0.0,2935.018,340078.1,0.0,-4999.5,nan,0.0,nan
h2o_co2_hybrid_mrk,X(CO2)=0.800000,11000.0,873.15,0.8,31.00617,0.2,0.8,0.2666667,0.6,0.1333333,0.0,0.0,0.0,3851.271,560781.8,0.0,-4999.5,nan,0.0,nan
h2o_co2_hybrid_mrk,X(CO2)=0.800000,12000.0,873.15,0.8,30.27644,0.2,0.8,0.2666667,0.6,0.1333333,0.0,0.0,0.0,5028.828,917648.8,0.0,-4999.5,nan,0.0,nan
h2o_co2_hybrid_mrk,X(CO2)=0.800000,13000.0,873.15,0.8,29.63143,0.2,0.8,0.2666667,0.6,0.1333333,0.0,0.0,0.0,6538.66,1491930.0,0.0,-4999.5,nan,0.0,nan
h2o_co2_hybrid_mrk,X(CO2)=0.800000,14000.0,873.15,0.8,29.05499,0.2,0.8,0.2666667,0.6,0.1333333,0.0,0.0,0.0,8470.371,2412223.0,0.0,-4999.5,nan,0.0,nan
h2o_co2_hybrid_mrk,X(CO2)=0.800000,15000.0,873.15,0.8,28.53504,0.2,0.8,0.2666667,0.6,0.1333333,0.0,0.0,0.0,10936.98,3881575.0,0.0,-4999.5,nan,0.0,nan
h2o_co2_hybrid_mrk,X(CO2)=0.800000,16000.0,873.15,0.8,28.06232,0.2,0.8,0.2666667,0.6,0.1333333,0.0,0.0,0.0,14080.91,6219889.0,0.0,-4999.5,nan,0.0,nan
h2o_co2_hybrid_mrk,X(CO2)=0.800000,17000.0,873.15,0.8,27.62961,0.2,0.8,0.2666667,0.6,0.1333333,0.0,0.0,0.0,18081.46,9930180.0,0.0,-4999.5,nan,0.0,nan
h2o_co2_hybrid_mrk,X(CO2)=0.800000,18000.0,873.15,0.8,27.23115,0.2,0.8,0.2666667,0.6,0.1333333,0.0,0.0,0.0,23164.23,15801950.0,0.0,-4999.5,nan,0.0,nan
h2o_co2_hybrid_mrk,X(CO2)=0.800000,19000.0,873.15,0.8,26.86231,0.2,0.8,0.2666667,0.6,0.1333333,0.0,0.0,0.0,29612.76,25072270.0,0.0,-4999.5,nan,0.0,nan
h2o_co2_hybrid_mrk,X(CO2)=0.800000,20000.0,873.15,0.8,26.51932,0.2,0.8,0.2666667,0.6,0.1333333,0.0,0.0,0.0,37783.22,39676580.0,0.0,-4999.5,nan,0.0,nan
h2o_co2_hybrid_mrk,X(CO2)=0.800000,1000.0,923.15,0.8,93.69346,0.2,0.8,0.2666667,0.6,0.1333333,0.0,0.0,0.0,132.7572,1033.645,0.0,-4999.5,nan,0.0,nan
h2o_co2_hybrid_mrk,X(CO2)=0.800000,2000.0,923.15,0.8,60.96618,0.2,0.8,0.2666667,0.6,0.1333333,0.0,0.0,0.0,235.4478,2872.124,0.0,-4999.5,nan,0.0,nan
h2o_co2_hybrid_mrk,X(CO2)=0.800000,3000.0,923.15,0.8,49.89207,0.2,0.8,0.2666667,0.6,0.1333333,0.0,0.0,0.0,356.5037,6137.373,0.0,-4999.5,nan,0.0,nan
h2o_co2_hybrid_mrk,X(CO2)=0.800000,4000.0,923.15,0.8,44.1356,0.2,0.8,0.2666667,0.6,0.1333333,0.0,0.0,0.0,510.2074,11794.45,0.0,-4999.5,nan,0.0,nan
h2o_co2_hybrid_mrk,X(CO2)=0.800000,5000.0,923.15,0.8,40.5177,0.2,0.8,0.2666667,0.6,0.1333333,0.0,0.0,0.0,708.2013,21385.74,0.0,-4999.5,nan,0.0,nan
h2o_co2_hybrid_mrk,X(CO2)=0.800000,6000.0,923.15,0.8,37.98354,0.2,0.8,0.2666667,0.6,0.1333333,0.0,0.0,0.0,963.6819,37370.99,0.0,-4999.5,nan,0.0,nan
h2o_co2_hybrid_mrk,X(CO2)=0.800000,7000.0,923.15,0.8,36.08029,0.2,0.8,0.2666667,0.6,0.1333333,0.0,0.0,0.0,1292.761,63652.95,0.0,-4999.5,nan,0.0,nan
h2o_co2_hybrid_mrk,X(CO2)=0.800000,8000.0,923.15,0.8,34.58026,0.2,0.8,0.2666667,0.6,0.1333333,0.0,0.0,0.0,1715.476,106392.9,0.0,-4999.5,nan,0.0,nan
h2o_co2_hybrid_mrk,X(CO2)=0.800000,9000.0,923.15,0.8,33.3558,0.2,0.8,0.2666667,0.6,0.1333333,0.0,0.0,0.0,2256.876,175274.4,0.0,-4999.5,nan,0.0,nan
h2o_co2_hybrid_mrk,X(CO2)=0.800000,10000.0,923.15,0.8,32.32938,0.2,0.8,0.2666667,0.6,0.1333333,0.0,0.0,0.0,2948.302,285455.7,0.0,-4999.5,nan,0.0,nan
h2o_co2_hybrid_mrk,X(CO2)=0.800000,11000.0,923.15,0.8,31.45096,0.2,0.8,0.2666667,0.6,0.1333333,0.0,0.0,0.0,3828.964,460582.1,0.0,-4999.5,nan,0.0,nan
h2o_co2_hybrid_mrk,X(CO2)=0.800000,12000.0,923.15,0.8,30.68664,0.2,0.8,0.2666667,0.6,0.1333333,0.0,0.0,0.0,4947.872,737421.7,0.0,-4999.5,nan,0.0,nan
h2o_co2_hybrid_mrk,X(CO2)=0.800000,13000.0,923.15,0.8,30.01254,0.2,0.8,0.2666667,0.6,0.1333333,0.0,0.0,0.0,6366.239,1172986.0,0.0,-4999.5,nan,0.0,nan
h2o_co2_hybrid_mrk,X(CO2)=0.800000,14000.0,923.15,0.8,29.4113,0.2,0.8,0.2666667,0.6,0.1333333,0.0,0.0,0.0,8160.45,1855454.0,0.0,-4999.5,nan,0.0,nan
h2o_co2_hybrid_mrk,X(CO2)=0.800000,15000.0,923.15,0.8,28.86994,0.2,0.8,0.2666667,0.6,0.1333333,0.0,0.0,0.0,10425.73,2920888.0,0.0,-4999.5,nan,0.0,nan
h2o_co2_hybrid_mrk,X(CO2)=0.800000,16000.0,923.15,0.8,28.37854,0.2,0.8,0.2666667,0.6,0.1333333,0.0,0.0,0.0,13280.69,4578810.0,0.0,-4999.5,nan,0.0,nan
h2o_co2_hybrid_mrk,X(CO2)=0.800000,17000.0,923.15,0.8,27.92938,0.2,0.8,0.2666667,0.6,0.1333333,0.0,0.0,0.0,16872.96,7151228.0,0.0,-4999.5,nan,0.0,nan
h2o_co2_hybrid_mrk,X(CO2)=0.800000,18000.0,923.15,0.8,27.51632,0.2,0.8,0.2666667,0.6,0.1333333,0.0,0.0,0.0,21386.12,11132170.0,0.0,-4999.5,nan,0.0,nan
h2o_co2_hybrid_mrk,X(CO2)=0.800000,19000.0,923.15,0.8,27.13442,0.2,0.8,0.2666667,0.6,0.1333333,0.0,0.0,0.0,27048.31,17278320.0,0.0,-4999.5,nan,0.0,nan
h2o_co2_hybrid_mrk,X(CO2)=0.800000,20000.0,923.15,0.8,26.77968,0.2,0.8,0.2666667,0.6,0.1333333,0.0,0.0,0.0,34142.82,26746990.0,0.0,-4999.5,nan,0.0,nan
h2o_co2_hybrid_mrk,X(CO2)=0.800000,1000.0,973.15,0.8,98.60675,0.2,0.8,0.2666667,0.6,0.1333333,0.0,0.0,0.0,139.4556,1033.773,0.0,-4999.5,nan,0.0,nan
h2o_co2_hybrid_mrk,X(CO2)=0.800000,2000.0,973.15,0.8,63.48474,0.2,0.8,0.2666667,0.6,0.1333333,0.0,0.0,0.0,250.2039,2837.281,0.0,-4999.5,nan,0.0,nan
h2o_co2_hybrid_mrk,X(CO2)=0.800000,3000.0,973.15,0.8,51.56335,0.2,0.8,0.2666667,0.6,0.1333333,0.0,0.0,0.0,378.6054,5966.652,0.0,-4999.5,nan,0.0,nan
h2o_co2_hybrid_mrk,X(CO2)=0.800000,4000.0,973.15,0.8,45.37291,0.2,0.8,0.2666667,0.6,0.1333333,0.0,0.0,0.0,539.2314,11267.05,0.0,-4999.5,nan,0.0,nan
h2o_co2_hybrid_mrk,X(CO2)=0.800000,5000.0,973.15,0.8,41.49659,0.2,0.8,0.2666667,0.6,0.1333333,0.0,0.0,0.0,743.5023,20058.81,0.0,-4999.5,nan,0.0,nan
h2o_co2_hybrid_mrk,X(CO2)=0.800000,6000.0,973.15,0.8,38.79326,0.2,0.8,0.2666667,0.6,0.1333333,0.0,0.0,0.0,1003.991,34400.98,0.0,-4999.5,nan,0.0,nan
h2o_co2_hybrid_mrk,X(CO2)=0.800000,7000.0,973.15,0.8,36.7716,0.2,0.8,0.2666667,0.6,0.1333333,0.0,0.0,0.0,1335.773,57489.52,0.0,-4999.5,nan,0.0,nan
h2o_co2_hybrid_mrk,X(CO2)=0.800000,8000.0,973.15,0.8,35.18446,0.2,0.8,0.2666667,0.6,0.1333333,0.0,0.0,0.0,1757.341,94261.83,0.0,-4999.5,nan,0.0,nan
h2o_co2_hybrid_mrk,X(CO2)=0.800000,9000.0,973.15,0.8,33.89336,0.2,0.8,0.2666667,0.6,0.1333333,0.0,0.0,0.0,2291.537,152313.2,0.0,-4999.5,nan,0.0,nan
h2o_co2_hybrid_mrk,X(CO2)=0.800000,10000.0,973.15,0.8,32.8144,0.2,0.8,0.2666667,0.6,0.1333333,0.0,0.0,0.0,2966.618,243283.4,0.0,-4999.5,nan,0.0,nan
h2o_co2_hybrid_mrk,X(CO2)=0.800000,11000.0,973.15,0.8,31.89352,0.2,0.8,0.2666667,0.6,0.1333333,0.0,0.0,0.0,3817.548,384950.1,0.0,-4999.5,nan,0.0,nan
h2o_co2_hybrid_mrk,X(CO2)=0.800000,12000.0,973.15,0.8,31.09416,0.2,0.8,0.2666667,0.6,0.1333333,0.0,0.0,0.0,4887.564,604383.7,0.0,-4999.5,nan,0.0,nan
h2o_co2_hybrid_mrk,X(CO2)=0.800000,13000.0,973.15,0.8,30.39066,0.2,0.8,0.2666667,0.6,0.1333333,0.0,0.0,0.0,6230.094,942693.4,0.0,-4999.5,nan,0.0,nan
h2o_co2_hybrid_mrk,X(CO2)=0.800000,14000.0,973.15,0.8,29.76439,0.2,0.8,0.2666667,0.6,0.1333333,0.0,0.0,0.0,7911.106,1462154.0,0.0,-4999.5,nan,0.0,nan
h2o_co2_hybrid_mrk,X(CO2)=0.800000,15000.0,973.15,0.8,29.20146,0.2,0.8,0.2666667,0.6,0.1333333,0.0,0.0,0.0,10011.98,2256893.0,0.0,-4999.5,nan,0.0,nan
h2o_co2_hybrid_mrk,X(CO2)=0.800000,16000.0,973.15,0.8,28.69127,0.2,0.8,0.2666667,0.6,0.1333333,0.0,0.0,0.0,12633.04,3468900.0,0.0,-4999.5,nan,0.0,nan
h2o_co2_hybrid_mrk,X(CO2)=0.800000,17000.0,973.15,0.8,28.22558,0.2,0.8,0.2666667,0.6,0.1333333,0.0,0.0,0.0,15897.84,5311953.0,0.0,-4999.5,nan,0.0,nan
h2o_co2_hybrid_mrk,X(CO2)=0.800000,18000.0,973.15,0.8,27.79787,0.2,0.8,0.2666667,0.6,0.1333333,0.0,0.0,0.0,19958.44,8107381.0,0.0,-4999.5,nan,0.0,nan
h2o_co2_hybrid_mrk,X(CO2)=0.800000,19000.0,973.15,0.8,27.40289,0.2,0.8,0.2666667,0.6,0.1333333,0.0,0.0,0.0,25001.87,12337400.0,0.0,-4999.5,nan,0.0,nan
h2o_co2_hybrid_mrk,X(CO2)=0.800000,20000.0,973.15,0.8,27.0364,0.2,0.8,0.2666667,0.6,0.1333333,0.0,0.0,0.0,31258.0,18724620.0,0.0,-4999.5,nan,0.0,nan
h2o_co2_hybrid_mrk,X(CO2)=0.800000,1000.0,1023.15,0.8,103.5013,0.2,0.8,0.2666667,0.6,0.1333333,0.0,0.0,0.0,145.5491,1032.149,0.0,-4999.5,nan,0.0,nan
h2o_co2_hybrid_mrk,X(CO2)=0.800000,2000.0,1023.15,0.8,65.99269,0.2,0.8,0.2666667,0.6,0.1333333,0.0,0.0,0.0,264.0669,2800.38,0.0,-4999.5,nan,0.0,nan
h2o_co2_hybrid_mrk,X(CO2)=0.800000,3000.0,1023.15,0.8,53.24319,0.2,0.8,0.2666667,0.6,0.1333333,0.0,0.0,0.0,399.6234,5803.857,0.0,-4999.5,nan,0.0,nan
h2o_co2_hybrid_mrk,X(CO2)=0.800000,4000.0,1023.15,0.8,46.62005,0.2,0.8,0.2666667,0.6,0.1333333,0.0,0.0,0.0,566.9533,10787.01,0.0,-4999.5,nan,0.0,nan
h2o_co2_hybrid_mrk,X(CO2)=0.800000,5000.0,1023.15,0.8,42.48304,0.2,0.8,0.2666667,0.6,0.1333333,0.0,0.0,0.0,777.2695,18889.02,0.0,-4999.5,nan,0.0,nan
h2o_co2_hybrid_mrk,X(CO2)=0.800000,6000.0,1023.15,0.8,39.60804,0.2,0.8,0.2666667,0.6,0.1333333,0.0,0.0,0.0,1042.59,31850.71,0.0,-4999.5,nan,0.0,nan
h2o_co2_hybrid_mrk,X(CO2)=0.800000,7000.0,1023.15,0.8,37.46593,0.2,0.8,0.2666667,0.6,0.1333333,0.0,0.0,0.0,1377.079,52320.81,0.0,-4999.5,nan,0.0,nan
h2o_co2_hybrid_mrk,X(CO2)=0.800000,8000.0,1023.15,0.8,35.79009,0.2,0.8,0.2666667,0.6,0.1333333,0.0,0.0,0.0,1797.89,84311.64,0.0,-4999.5,nan,0.0,nan
h2o_co2_hybrid_mrk,X(CO2)=0.800000,9000.0,1023.15,0.8,34.4312,0.2,0.8,0.2666667,0.6,0.1333333,0.0,0.0,0.0,2325.971,133876.6,0.0,-4999.5,nan,0.0,nan
h2o_co2_hybrid_mrk,X(CO2)=0.800000,10000.0,1023.15,0.8,33.29883,0.2,0.8,0.2666667,0.6,0.1333333,0.0,0.0,0.0,2986.974,210115.5,0.0,-4999.5,nan,0.0,nan
h2o_co2_hybrid_mrk,X(CO2)=0.800000,11000.0,1023.15,0.8,32.33483,0.2,0.8,0.2666667,0.6,0.1333333,0.0,0.0,0.0,3812.316,326663.8,0.0,-4999.5,nan,0.0,nan
h2o_co2_hybrid_mrk,X(CO2)=0.800000,12000.0,1023.15,0.8,31.49995,0.2,0.8,0.2666667,0.6,0.1333333,0.0,0.0,0.0,4840.475,503893.6,0.0,-4999.5,nan,0.0,nan
h2o_co2_hybrid_mrk,X(CO2)=0.800000,13000.0,1023.15,0.8,30.76669,0.2,0.8,0.2666667,0.6,0.1333333,0.0,0.0,0.0,6118.537,772163.2,0.0,-4999.5,nan,0.0,nan
h2o_co2_hybrid_mrk,X(CO2)=0.800000,14000.0,1023.15,0.8,30.11512,0.2,0.8,0.2666667,0.6,0.1333333,0.0,0.0,0.0,7704.084,1176605.0,0.0,-4999.5,nan,0.0,nan
h2o_co2_hybrid_mrk,X(CO2)=0.800000,15000.0,1023.15,0.8,29.53041,0.2,0.8,0.2666667,0.6,0.1333333,0.0,0.0,0.0,9667.481,1784172.0,0.0,-4999.5,nan,0.0,nan
h2o_co2_hybrid_mrk,X(CO2)=0.800000,16000.0,1023.15,0.8,29.00128,0.2,0.8,0.2666667,0.6,0.1333333,0.0,0.0,0.0,12094.64,2693992.0,0.0,-4999.5,nan,0.0,nan
h2o_co2_hybrid_mrk,X(CO2)=0.800000,17000.0,1023.15,0.8,28.51896,0.2,0.8,0.2666667,0.6,0.1333333,0.0,0.0,0.0,15090.4,4052567.0,0.0,-4999.5,nan,0.0,nan
h2o_co2_hybrid_mrk,X(CO2)=0.800000,18000.0,1023.15,0.8,28.07653,0.2,0.8,0.2666667,0.6,0.1333333,0.0,0.0,0.0,18782.56,6076052.0,0.0,-4999.5,nan,0.0,nan
h2o_co2_hybrid_mrk,X(CO2)=0.800000,19000.0,1023.15,0.8,27.66842,0.2,0.8,0.2666667,0.6,0.1333333,0.0,0.0,0.0,23326.86,9082889.0,0.0,-4999.5,nan,0.0,nan
h2o_co2_hybrid_mrk,X(CO2)=0.800000,20000.0,1023.15,0.8,27.29014,0.2,0.8,0.2666667,0.6,0.1333333,0.0,0.0,0.0,28912.92,13541540.0,0.0,-4999.5,nan,0.0,nan
h2o_co2_hybrid_mrk,X(CO2)=0.800000,1000.0,1073.15,0.8,108.3668,0.2,0.8,0.2666667,0.6,0.1333333,0.0,0.0,0.0,151.0665,1029.277,0.0,-4999.5,nan,0.0,nan
h2o_co2_hybrid_mrk,X(CO2)=0.800000,2000.0,1073.15,0.8,68.48743,0.2,0.8,0.2666667,0.6,0.1333333,0.0,0.0,0.0,276.9831,2762.593,0.0,-4999.5,nan,0.0,nan
h2o_co2_hybrid_mrk,X(CO2)=0.800000,3000.0,1073.15,0.8,54.92834,0.2,0.8,0.2666667,0.6,0.1333333,0.0,0.0,0.0,419.4216,5649.654,0.0,-4999.5,nan,0.0,nan
h2o_co2_hybrid_mrk,X(CO2)=0.800000,4000.0,1073.15,0.8,47.87629,0.2,0.8,0.2666667,0.6,0.1333333,0.0,0.0,0.0,593.1578,10349.7,0.0,-4999.5,nan,0.0,nan
h2o_co2_hybrid_mrk,X(CO2)=0.800000,5000.0,1073.15,0.8,43.47738,0.2,0.8,0.2666667,0.6,0.1333333,0.0,0.0,0.0,809.1971,17852.75,0.0,-4999.5,nan,0.0,nan
h2o_co2_hybrid_mrk,X(CO2)=0.800000,6000.0,1073.15,0.8,40.42865,0.2,0.8,0.2666667,0.6,0.1333333,0.0,0.0,0.0,1079.053,29643.96,0.0,-4999.5,nan,0.0,nan
h2o_co2_hybrid_mrk,X(CO2)=0.800000,7000.0,1073.15,0.8,38.16419,0.2,0.8,0.2666667,0.6,0.1333333,0.0,0.0,0.0,1416.076,47942.32,0.0,-4999.5,nan,0.0,nan
h2o_co2_hybrid_mrk,X(CO2)=0.800000,8000.0,1073.15,0.8,36.39813,0.2,0.8,0.2666667,0.6,0.1333333,0.0,0.0,0.0,1836.238,76049.47,0.0,-4999.5,nan,0.0,nan
h2o_co2_hybrid_mrk,X(CO2)=0.800000,9000.0,1073.15,0.8,34.97027,0.2,0.8,0.2666667,0.6,0.1333333,0.0,0.0,0.0,2358.843,118859.2,0.0,-4999.5,nan,0.0,nan
h2o_co2_hybrid_mrk,X(CO2)=0.800000,10000.0,1073.15,0.8,33.78359,0.2,0.8,0.2666667,0.6,0.1333333,0.0,0.0,0.0,3007.301,183600.1,0.0,-4999.5,nan,0.0,nan
h2o_co2_hybrid_mrk,X(CO2)=0.800000,11000.0,1073.15,0.8,32.77578,0.2,0.8,0.2666667,0.6,0.1333333,0.0,0.0,0.0,3810.024,280916.8,0.0,-4999.5,nan,0.0,nan
h2o_co2_hybrid_mrk,X(CO2)=0.800000,12000.0,1073.15,0.8,31.90486,0.2,0.8,0.2666667,0.6,0.1333333,0.0,0.0,0.0,4801.495,426440.5,0.0,-4999.5,nan,0.0,nan
h2o_co2_hybrid_mrk,X(CO2)=0.800000,13000.0,1073.15,0.8,31.14143,0.2,0.8,0.2666667,0.6,0.1333333,0.0,0.0,0.0,6023.543,643067.5,0.0,-4999.5,nan,0.0,nan
h2o_co2_hybrid_mrk,X(CO2)=0.800000,14000.0,1073.15,0.8,30.46426,0.2,0.8,0.2666667,0.6,0.1333333,0.0,0.0,0.0,7526.875,964259.5,0.0,-4999.5,nan,0.0,nan
h2o_co2_hybrid_mrk,X(CO2)=0.800000,15000.0,1073.15,0.8,29.85754,0.2,0.8,0.2666667,0.6,0.1333333,0.0,0.0,0.0,9372.917,1438818.0,0.0,-4999.5,nan,0.0,nan
h2o_co2_hybrid_mrk,X(CO2)=0.800000,16000.0,1073.15,0.8,29.30929,0.2,0.8,0.2666667,0.6,0.1333333,0.0,0.0,0.0,11636.03,2137781.0,0.0,-4999.5,nan,0.0,nan
h2o_co2_hybrid_mrk,X(CO2)=0.800000,17000.0,1073.15,0.8,28.81021,0.2,0.8,0.2666667,0.6,0.1333333,0.0,0.0,0.0,14406.16,3164375.0,0.0,-4999.5,nan,0.0,nan
h2o_co2_hybrid_mrk,X(CO2)=0.800000,18000.0,1073.15,0.8,28.35295,0.2,0.8,0.2666667,0.6,0.1333333,0.0,0.0,0.0,17792.05,4668361.0,0.0,-4999.5,nan,0.0,nan
h2o_co2_hybrid_mrk,X(CO2)=0.800000,19000.0,1073.15,0.8,27.93164,0.2,0.8,0.2666667,0.6,0.1333333,0.0,0.0,0.0,21925.07,6866687.0,0.0,-4999.5,nan,0.0,nan
h2o_co2_hybrid_mrk,X(CO2)=0.800000,20000.0,1073.15,0.8,27.54151,0.2,0.8,0.2666667,0.6,0.1333333,0.0,0.0,0.0,26963.81,10073200.0,0.0,-4999.5,nan,0.0,nan
h2o_co2_hybrid_mrk,X(CO2)=0.800000,1000.0,1123.15,0.8,113.1979,0.2,0.8,0.2666667,0.6,0.1333333,0.0,0.0,0.0,156.0439,1025.527,0.0,-4999.5,nan,0.0,nan
h2o_co2_hybrid_mrk,X(CO2)=0.800000,2000.0,1123.15,0.8,70.96945,0.2,0.8,0.2666667,0.6,0.1333333,0.0,0.0,0.0,288.9328,2724.732,0.0,-4999.5,nan,0.0,nan
h2o_co2_hybrid_mrk,X(CO2)=0.800000,3000.0,1123.15,0.8,56.61587,0.2,0.8,0.2666667,0.6,0.1333333,0.0,0.0,0.0,437.9183,5504.228,0.0,-4999.5,nan,0.0,nan
h2o_co2_hybrid_mrk,X(CO2)=0.800000,4000.0,1123.15,0.8,49.14052,0.2,0.8,0.2666667,0.6,0.1333333,0.0,0.0,0.0,617.7046,9950.776,0.0,-4999.5,nan,0.0,nan
h2o_co2_hybrid_mrk,X(CO2)=0.800000,5000.0,1123.15,0.8,44.47971,0.2,0.8,0.2666667,0.6,0.1333333,0.0,0.0,0.0,839.0819,16930.52,0.0,-4999.5,nan,0.0,nan
h2o_co2_hybrid_mrk,X(CO2)=0.800000,6000.0,1123.15,0.8,41.25569,0.2,0.8,0.2666667,0.6,0.1333333,0.0,0.0,0.0,1113.096,27720.94,0.0,-4999.5,nan,0.0,nan
h2o_co2_hybrid_mrk,X(CO2)=0.800000,7000.0,1123.15,0.8,38.86719,0.2,0.8,0.2666667,0.6,0.1333333,0.0,0.0,0.0,1452.362,44199.25,0.0,-4999.5,nan,0.0,nan
h2o_co2_hybrid_mrk,X(CO2)=0.800000,8000.0,1123.15,0.8,37.00946,0.2,0.8,0.2666667,0.6,0.1333333,0.0,0.0,0.0,1871.798,69113.09,0.0,-4999.5,nan,0.0,nan
h2o_co2_hybrid_mrk,X(CO2)=0.800000,9000.0,1123.15,0.8,35.51143,0.2,0.8,0.2666667,0.6,0.1333333,0.0,0.0,0.0,2389.26,106469.6,0.0,-4999.5,nan,0.0,nan
h2o_co2_hybrid_mrk,X(CO2)=0.800000,10000.0,1123.15,0.8,34.26951,0.2,0.8,0.2666667,0.6,0.1333333,0.0,0.0,0.0,3026.206,162093.4,0.0,-4999.5,nan,0.0,nan
h2o_co2_hybrid_mrk,X(CO2)=0.800000,11000.0,1123.15,0.8,33.21718,0.2,0.8,0.2666667,0.6,0.1333333,0.0,0.0,0.0,3808.466,244426.2,0.0,-4999.5,nan,0.0,nan
h2o_co2_hybrid_mrk,X(CO2)=0.800000,12000.0,1123.15,0.8,32.30966,0.2,0.8,0.2666667,0.6,0.1333333,0.0,0.0,0.0,4767.124,365669.8,0.0,-4999.5,nan,0.0,nan
h2o_co2_hybrid_mrk,X(CO2)=0.800000,13000.0,1123.15,0.8,31.51564,0.2,0.8,0.2666667,0.6,0.1333333,0.0,0.0,0.0,5939.585,543418.4,0.0,-4999.5,nan,0.0,nan
h2o_co2_hybrid_mrk,X(CO2)=0.800000,14000.0,1123.15,0.8,30.81251,0.2,0.8,0.2666667,0.6,0.1333333,0.0,0.0,0.0,7370.831,802986.3,0.0,-4999.5,nan,0.0,nan
h2o_co2_hybrid_mrk,X(CO2)=0.800000,15000.0,1123.15,0.8,30.18352,0.2,0.8,0.2666667,0.6,0.1333333,0.0,0.0,0.0,9114.92,1180722.0,0.0,-4999.5,nan,0.0,nan
h2o_co2_hybrid_mrk,X(CO2)=0.800000,16000.0,1123.15,0.8,29.61594,0.2,0.8,0.2666667,0.6,0.1333333,0.0,0.0,0.0,11236.78,1728723.0,0.0,-4999.5,nan,0.0,nan
h2o_co2_hybrid_mrk,X(CO2)=0.800000,17000.0,1123.15,0.8,29.09993,0.2,0.8,0.2666667,0.6,0.1333333,0.0,0.0,0.0,13814.33,2521531.0,0.0,-4999.5,nan,0.0,nan
h2o_co2_hybrid_mrk,X(CO2)=0.800000,18000.0,1123.15,0.8,28.62771,0.2,0.8,0.2666667,0.6,0.1333333,0.0,0.0,0.0,16941.05,3665640.0,0.0,-4999.5,nan,0.0,nan
h2o_co2_hybrid_mrk,X(CO2)=0.800000,19000.0,1123.15,0.8,28.1931,0.2,0.8,0.2666667,0.6,0.1333333,0.0,0.0,0.0,20728.97,5312970.0,0.0,-4999.5,nan,0.0,nan
h2o_co2_hybrid_mrk,X(CO2)=0.800000,20000.0,1123.15,0.8,27.79106,0.2,0.8,0.2666667,0.6,0.1333333,0.0,0.0,0.0,25312.32,7679953.0,0.0,-4999.5,nan,0.0,nan
h2o_co2_hybrid_mrk,X(CO2)=0.800000,1000.0,1173.15,0.8,117.9945,0.2,0.8,0.2666667,0.6,0.1333333,0.0,0.0,0.0,160.5213,1021.176,0.0,-4999.5,nan,0.0,nan
h2o_co2_hybrid_mrk,X(CO2)=0.800000,2000.0,1173.15,0.8,73.44032,0.2,0.8,0.2666667,0.6,0.1333333,0.0,0.0,0.0,299.923,2687.355,0.0,-4999.5,nan,0.0,nan
h2o_co2_hybrid_mrk,X(CO2)=0.800000,3000.0,1173.15,0.8,58.30359,0.2,0.8,0.2666667,0.6,0.1333333,0.0,0.0,0.0,455.076,5367.466,0.0,-4999.5,nan,0.0,nan
h2o_co2_hybrid_mrk,X(CO2)=0.800000,4000.0,1173.15,0.8,50.41144,0.2,0.8,0.2666667,0.6,0.1333333,0.0,0.0,0.0,640.5163,9586.242,0.0,-4999.5,nan,0.0,nan
h2o_co2_hybrid_mrk,X(CO2)=0.800000,5000.0,1173.15,0.8,45.48981,0.2,0.8,0.2666667,0.6,0.1333333,0.0,0.0,0.0,866.8059,16106.12,0.0,-4999.5,nan,0.0,nan
h2o_co2_hybrid_mrk,X(CO2)=0.800000,6000.0,1173.15,0.8,42.08956,0.2,0.8,0.2666667,0.6,0.1333333,0.0,0.0,0.0,1144.553,26034.25,0.0,-4999.5,nan,0.0,nan
h2o_co2_hybrid_mrk,X(CO2)=0.800000,7000.0,1173.15,0.8,39.57559,0.2,0.8,0.2666667,0.6,0.1333333,0.0,0.0,0.0,1485.698,40972.81,0.0,-4999.5,nan,0.0,nan
h2o_co2_hybrid_mrk,X(CO2)=0.800000,8000.0,1173.15,0.8,37.62482,0.2,0.8,0.2666667,0.6,0.1333333,0.0,0.0,0.0,1904.211,63231.83,0.0,-4999.5,nan,0.0,nan
h2o_co2_hybrid_mrk,X(CO2)=0.800000,9000.0,1173.15,0.8,36.05548,0.2,0.8,0.2666667,0.6,0.1333333,0.0,0.0,0.0,2416.659,96130.34,0.0,-4999.5,nan,0.0,nan
h2o_co2_hybrid_mrk,X(CO2)=0.800000,10000.0,1173.15,0.8,34.75739,0.2,0.8,0.2666667,0.6,0.1333333,0.0,0.0,0.0,3042.787,144422.2,0.0,-4999.5,nan,0.0,nan
h2o_co2_hybrid_mrk,X(CO2)=0.800000,11000.0,1173.15,0.8,33.65979,0.2,0.8,0.2666667,0.6,0.1333333,0.0,0.0,0.0,3806.174,214897.1,0.0,-4999.5,nan,0.0,nan
h2o_co2_hybrid_mrk,X(CO2)=0.800000,12000.0,1173.15,0.8,32.71507,0.2,0.8,0.2666667,0.6,0.1333333,0.0,0.0,0.0,4734.983,317227.6,0.0,-4999.5,nan,0.0,nan
h2o_co2_hybrid_mrk,X(CO2)=0.800000,13000.0,1173.15,0.8,31.88997,0.2,0.8,0.2666667,0.6,0.1333333,0.0,0.0,0.0,5862.85,465161.0,0.0,-4999.5,nan,0.0,nan
h2o_co2_hybrid_mrk,X(CO2)=0.800000,14000.0,1173.15,0.8,31.16053,0.2,0.8,0.2666667,0.6,0.1333333,0.0,0.0,0.0,7229.926,678194.9,0.0,-4999.5,nan,0.0,nan
h2o_co2_hybrid_mrk,X(CO2)=0.800000,15000.0,1173.15,0.8,30.50897,0.2,0.8,0.2666667,0.6,0.1333333,0.0,0.0,0.0,8884.115,983928.8,0.0,-4999.5,nan,0.0,nan
h2o_co2_hybrid_mrk,X(CO2)=0.800000,16000.0,1173.15,0.8,29.92182,0.2,0.8,0.2666667,0.6,0.1333333,0.0,0.0,0.0,10882.53,1421361.0,0.0,-4999.5,nan,0.0,nan
h2o_co2_hybrid_mrk,X(CO2)=0.800000,17000.0,1173.15,0.8,29.38868,0.2,0.8,0.2666667,0.6,0.1333333,0.0,0.0,0.0,13293.23,2045507.0,0.0,-4999.5,nan,0.0,nan
h2o_co2_hybrid_mrk,X(CO2)=0.800000,18000.0,1173.15,0.8,28.90136,0.2,0.8,0.2666667,0.6,0.1333333,0.0,0.0,0.0,16197.27,2933862.0,0.0,-4999.5,nan,0.0,nan
h2o_co2_hybrid_mrk,X(CO2)=0.800000,19000.0,1173.15,0.8,28.45332,0.2,0.8,0.2666667,0.6,0.1333333,0.0,0.0,0.0,19691.11,4195428.0,0.0,-4999.5,nan,0.0,nan
h2o_co2_hybrid_mrk,X(CO2)=0.800000,20000.0,1173.15,0.8,28.03926,0.2,0.8,0.2666667,0.6,0.1333333,0.0,0.0,0.0,23889.48,5983334.0,0.0,-4999.5,nan,0.0,nan
h2o_co2_hybrid_mrk,X(CO2)=0.800000,1000.0,1223.15,0.8,122.7591,0.2,0.8,0.2666667,0.6,0.1333333,0.0,0.0,0.0,164.5399,1016.428,0.0,-4999.5,nan,0.0,nan
h2o_co2_hybrid_mrk,X(CO2)=0.800000,2000.0,1223.15,0.8,75.90164,0.2,0.8,0.2666667,0.6,0.1333333,0.0,0.0,0.0,309.98,2650.832,0.0,-4999.5,nan,0.0,nan
h2o_co2_hybrid_mrk,X(CO2)=0.800000,3000.0,1223.15,0.8,59.9902,0.2,0.8,0.2666667,0.6,0.1333333,0.0,0.0,0.0,470.8928,5239.071,0.0,-4999.5,nan,0.0,nan
h2o_co2_hybrid_mrk,X(CO2)=0.800000,4000.0,1223.15,0.8,51.68774,0.2,0.8,0.2666667,0.6,0.1333333,0.0,0.0,0.0,661.566,9252.496,0.0,-4999.5,nan,0.0,nan
h2o_co2_hybrid_mrk,X(CO2)=0.800000,5000.0,1223.15,0.8,46.50727,0.2,0.8,0.2666667,0.6,0.1333333,0.0,0.0,0.0,892.3198,15366.07,0.0,-4999.5,nan,0.0,nan
h2o_co2_hybrid_mrk,X(CO2)=0.800000,6000.0,1223.15,0.8,42.93045,0.2,0.8,0.2666667,0.6,0.1333333,0.0,0.0,0.0,1173.347,24545.96,0.0,-4999.5,nan,0.0,nan
h2o_co2_hybrid_mrk,X(CO2)=0.800000,7000.0,1223.15,0.8,40.2899,0.2,0.8,0.2666667,0.6,0.1333333,0.0,0.0,0.0,1515.967,38170.7,0.0,-4999.5,nan,0.0,nan
h2o_co2_hybrid_mrk,X(CO2)=0.800000,8000.0,1223.15,0.8,38.24488,0.2,0.8,0.2666667,0.6,0.1333333,0.0,0.0,0.0,1933.288,58200.4,0.0,-4999.5,nan,0.0,nan
h2o_co2_hybrid_mrk,X(CO2)=0.800000,9000.0,1223.15,0.8,36.60313,0.2,0.8,0.2666667,0.6,0.1333333,0.0,0.0,0.0,2440.72,87412.9,0.0,-4999.5,nan,0.0,nan
h2o_co2_hybrid_mrk,X(CO2)=0.800000,10000.0,1223.15,0.8,35.24793,0.2,0.8,0.2666667,0.6,0.1333333,0.0,0.0,0.0,3056.491,129733.2,0.0,-4999.5,nan,0.0,nan
h2o_co2_hybrid_mrk,X(CO2)=0.800000,11000.0,1223.15,0.8,34.10429,0.2,0.8,0.2666667,0.6,0.1333333,0.0,0.0,0.0,3802.204,190691.9,0.0,-4999.5,nan,0.0,nan
h2o_co2_hybrid_mrk,X(CO2)=0.800000,12000.0,1223.15,0.8,33.12175,0.2,0.8,0.2666667,0.6,0.1333333,0.0,0.0,0.0,4703.483,278063.4,0.0,-4999.5,nan,0.0,nan
h2o_co2_hybrid_mrk,X(CO2)=0.800000,13000.0,1223.15,0.8,32.26508,0.2,0.8,0.2666667,0.6,0.1333333,0.0,0.0,0.0,5790.719,402751.1,0.0,-4999.5,nan,0.0,nan
h2o_co2_hybrid_mrk,X(CO2)=0.800000,14000.0,1223.15,0.8,31.50891,0.2,0.8,0.2666667,0.6,0.1333333,0.0,0.0,0.0,7099.942,580016.0,0.0,-4999.5,nan,0.0,nan
h2o_co2_hybrid_mrk,X(CO2)=0.800000,15000.0,1223.15,0.8,30.83444,0.2,0.8,0.2666667,0.6,0.1333333,0.0,0.0,0.0,8673.852,831178.0,0.0,-4999.5,nan,0.0,nan
h2o_co2_hybrid_mrk,X(CO2)=0.800000,16000.0,1223.15,0.8,30.22746,0.2,0.8,0.2666667,0.6,0.1333333,0.0,0.0,0.0,10563.02,1185971.0,0.0,-4999.5,nan,0.0,nan
h2o_co2_hybrid_mrk,X(CO2)=0.800000,17000.0,1223.15,0.8,29.67698,0.2,0.8,0.2666667,0.6,0.1333333,0.0,0.0,0.0,12827.3,1685795.0,0.0,-4999.5,nan,0.0,nan
h2o_co2_hybrid_mrk,X(CO2)=0.800000,18000.0,1223.15,0.8,29.17438,0.2,0.8,0.2666667,0.6,0.1333333,0.0,0.0,0.0,15537.52,2388216.0,0.0,-4999.5,nan,0.0,nan
h2o_co2_hybrid_mrk,X(CO2)=0.800000,19000.0,1223.15,0.8,28.71276,0.2,0.8,0.2666667,0.6,0.1333333,0.0,0.0,0.0,18777.39,3373160.0,0.0,-4999.5,nan,0.0,nan
h2o_co2_hybrid_mrk,X(CO2)=0.800000,20000.0,1223.15,0.8,28.28657,0.2,0.8,0.2666667,0.6,0.1333333,0.0,0.0,0.0,22645.86,4751466.0,0.0,-4999.5,nan,0.0,nan
h2o_co2_hybrid_mrk,X(CO2)=0.800000,1000.0,1273.15,0.8,127.4951,0.2,0.8,0.2666667,0.6,0.1333333,0.0,0.0,0.0,168.1404,1011.434,0.0,-4999.5,nan,0.0,nan
h2o_co2_hybrid_mrk,X(CO2)=0.800000,2000.0,1273.15,0.8,78.35473,0.2,0.8,0.2666667,0.6,0.1333333,0.0,0.0,0.0,319.1436,2615.407,0.0,-4999.5,nan,0.0,nan
h2o_co2_hybrid_mrk,X(CO2)=0.800000,3000.0,1273.15,0.8,61.67512,0.2,0.8,0.2666667,0.6,0.1333333,0.0,0.0,0.0,485.3933,5118.646,0.0,-4999.5,nan,0.0,nan
h2o_co2_hybrid_mrk,X(CO2)=0.800000,4000.0,1273.15,0.8,52.96828,0.2,0.8,0.2666667,0.6,0.1333333,0.0,0.0,0.0,680.8659,8946.318,0.0,-4999.5,nan,0.0,nan
h2o_co2_hybrid_mrk,X(CO2)=0.800000,5000.0,1273.15,0.8,47.53151,0.2,0.8,0.2666667,0.6,0.1333333,0.0,0.0,0.0,915.627,14699.11,0.0,-4999.5,nan,0.0,nan
h2o_co2_hybrid_mrk,X(CO2)=0.800000,6000.0,1273.15,0.8,43.77835,0.2,0.8,0.2666667,0.6,0.1333333,0.0,0.0,0.0,1199.472,23225.48,0.0,-4999.5,nan,0.0,nan
h2o_co2_hybrid_mrk,X(CO2)=0.800000,7000.0,1273.15,0.8,41.01047,0.2,0.8,0.2666667,0.6,0.1333333,0.0,0.0,0.0,1543.144,35720.34,0.0,-4999.5,nan,0.0,nan
h2o_co2_hybrid_mrk,X(CO2)=0.800000,8000.0,1273.15,0.8,38.87015,0.2,0.8,0.2666667,0.6,0.1333333,0.0,0.0,0.0,1958.965,53860.94,0.0,-4999.5,nan,0.0,nan
h2o_co2_hybrid_mrk,X(CO2)=0.800000,9000.0,1273.15,0.8,37.15496,0.2,0.8,0.2666667,0.6,0.1333333,0.0,0.0,0.0,2461.301,79994.21,0.0,-4999.5,nan,0.0,nan
h2o_co2_hybrid_mrk,X(CO2)=0.800000,10000.0,1273.15,0.8,35.74175,0.2,0.8,0.2666667,0.6,0.1333333,0.0,0.0,0.0,3067.021,117394.8,0.0,-4999.5,nan,0.0,nan
h2o_co2_hybrid_mrk,X(CO2)=0.800000,11000.0,1273.15,0.8,34.5513,0.2,0.8,0.2666667,0.6,0.1333333,0.0,0.0,0.0,3795.983,170619.9,0.0,-4999.5,nan,0.0,nan
h2o_co2_hybrid_mrk,X(CO2)=0.800000,12000.0,1273.15,0.8,33.53031,0.2,0.8,0.2666667,0.6,0.1333333,0.0,0.0,0.0,4671.585,245996.4,0.0,-4999.5,nan,0.0,nan
h2o_co2_hybrid_mrk,X(CO2)=0.800000,13000.0,1273.15,0.8,32.64154,0.2,0.8,0.2666667,0.6,0.1333333,0.0,0.0,0.0,5721.399,352289.6,0.0,-4999.5,nan,0.0,nan
h2o_co2_hybrid_mrk,X(CO2)=0.800000,14000.0,1273.15,0.8,31.85821,0.2,0.8,0.2666667,0.6,0.1333333,0.0,0.0,0.0,6977.91,501618.3,0.0,-4999.5,nan,0.0,nan
h2o_co2_hybrid_mrk,X(CO2)=0.800000,15000.0,1273.15,0.8,31.16049,0.2,0.8,0.2666667,0.6,0.1333333,0.0,0.0,0.0,8479.373,710708.7,0.0,-4999.5,nan,0.0,nan
h2o_co2_hybrid_mrk,X(CO2)=0.800000,16000.0,1273.15,0.8,30.53338,0.2,0.8,0.2666667,0.6,0.1333333,0.0,0.0,0.0,10270.81,1002607.0,0.0,-4999.5,nan,0.0,nan
h2o_co2_hybrid_mrk,X(CO2)=0.800000,17000.0,1273.15,0.8,29.96532,0.2,0.8,0.2666667,0.6,0.1333333,0.0,0.0,0.0,12405.2,1409017.0,0.0,-4999.5,nan,0.0,nan
h2o_co2_hybrid_mrk,X(CO2)=0.800000,18000.0,1273.15,0.8,29.44723,0.2,0.8,0.2666667,0.6,0.1333333,0.0,0.0,0.0,14944.83,1973495.0,0.0,-4999.5,nan,0.0,nan
h2o_co2_hybrid_mrk,X(CO2)=0.800000,19000.0,1273.15,0.8,28.97188,0.2,0.8,0.2666667,0.6,0.1333333,0.0,0.0,0.0,17962.87,2755797.0,0.0,-4999.5,nan,0.0,nan
h2o_co2_hybrid_mrk,X(CO2)=0.800000,20000.0,1273.15,0.8,28.53341,0.2,0.8,0.2666667,0.6,0.1333333,0.0,0.0,0.0,21545.31,3837806.0,0.0,-4999.5,nan,0.0,nan
h2o_co2_hybrid_mrk,X(CO2)=0.800000,1000.0,1323.15,0.8,132.2059,0.2,0.8,0.2666667,0.6,0.1333333,0.0,0.0,0.0,171.3618,1006.308,0.0,-4999.5,nan,0.0,nan
h2o_co2_hybrid_mrk,X(CO2)=0.800000,2000.0,1323.15,0.8,80.80069,0.2,0.8,0.2666667,0.6,0.1333333,0.0,0.0,0.0,327.4617,2581.227,0.0,-4999.5,nan,0.0,nan
h2o_co2_hybrid_mrk,X(CO2)=0.800000,3000.0,1323.15,0.8,63.35824,0.2,0.8,0.2666667,0.6,0.1333333,0.0,0.0,0.0,498.621,5005.736,0.0,-4999.5,nan,0.0,nan
h2o_co2_hybrid_mrk,X(CO2)=0.800000,4000.0,1323.15,0.8,54.25218,0.2,0.8,0.2666667,0.6,0.1333333,0.0,0.0,0.0,698.4575,8664.845,0.0,-4999.5,nan,0.0,nan
h2o_co2_hybrid_mrk,X(CO2)=0.800000,5000.0,1323.15,0.8,48.56193,0.2,0.8,0.2666667,0.6,0.1333333,0.0,0.0,0.0,936.7704,14095.74,0.0,-4999.5,nan,0.0,nan
h2o_co2_hybrid_mrk,X(CO2)=0.800000,6000.0,1323.15,0.8,44.63312,0.2,0.8,0.2666667,0.6,0.1333333,0.0,0.0,0.0,1222.974,22047.9,0.0,-4999.5,nan,0.0,nan
h2o_co2_hybrid_mrk,X(CO2)=0.800000,7000.0,1323.15,0.8,41.7375,0.2,0.8,0.2666667,0.6,0.1333333,0.0,0.0,0.0,1567.275,33564.07,0.0,-4999.5,nan,0.0,nan
h2o_co2_hybrid_mrk,X(CO2)=0.800000,8000.0,1323.15,0.8,39.50105,0.2,0.8,0.2666667,0.6,0.1333333,0.0,0.0,0.0,1981.27,50090.54,0.0,-4999.5,nan,0.0,nan
h2o_co2_hybrid_mrk,X(CO2)=0.800000,9000.0,1323.15,0.8,37.7115,0.2,0.8,0.2666667,0.6,0.1333333,0.0,0.0,0.0,2478.381,73627.33,0.0,-4999.5,nan,0.0,nan
h2o_co2_hybrid_mrk,X(CO2)=0.800000,10000.0,1323.15,0.8,36.23941,0.2,0.8,0.2666667,0.6,0.1333333,0.0,0.0,0.0,3074.255,106932.6,0.0,-4999.5,nan,0.0,nan
h2o_co2_hybrid_mrk,X(CO2)=0.800000,11000.0,1323.15,0.8,35.0014,0.2,0.8,0.2666667,0.6,0.1333333,0.0,0.0,0.0,3787.195,153800.6,0.0,-4999.5,nan,0.0,nan
h2o_co2_hybrid_mrk,X(CO2)=0.800000,12000.0,1323.15,0.8,33.9413,0.2,0.8,0.2666667,0.6,0.1333333,0.0,0.0,0.0,4638.635,219439.0,0.0,-4999.5,nan,0.0,nan
h2o_co2_hybrid_mrk,X(CO2)=0.800000,13000.0,1323.15,0.8,33.0199,0.2,0.8,0.2666667,0.6,0.1333333,0.0,0.0,0.0,5653.682,310980.3,0.0,-4999.5,nan,0.0,nan
h2o_co2_hybrid_mrk,X(CO2)=0.800000,14000.0,1323.15,0.8,32.20895,0.2,0.8,0.2666667,0.6,0.1333333,0.0,0.0,0.0,6861.74,438175.2,0.0,-4999.5,nan,0.0,nan
h2o_co2_hybrid_mrk,X(CO2)=0.800000,15000.0,1323.15,0.8,31.48759,0.2,0.8,0.2666667,0.6,0.1333333,0.0,0.0,0.0,8297.237,614330.1,0.0,-4999.5,nan,0.0,nan
h2o_co2_hybrid_mrk,X(CO2)=0.800000,16000.0,1323.15,0.8,30.84004,0.2,0.8,0.2666667,0.6,0.1333333,0.0,0.0,0.0,10000.46,857574.6,0.0,-4999.5,nan,0.0,nan
h2o_co2_hybrid_mrk,X(CO2)=0.800000,17000.0,1323.15,0.8,30.25414,0.2,0.8,0.2666667,0.6,0.1333333,0.0,0.0,0.0,12018.55,1192573.0,0.0,-4999.5,nan,0.0,nan
h2o_co2_hybrid_mrk,X(CO2)=0.800000,18000.0,1323.15,0.8,29.72034,0.2,0.8,0.2666667,0.6,0.1333333,0.0,0.0,0.0,14406.58,1652832.0,0.0,-4999.5,nan,0.0,nan
h2o_co2_hybrid_mrk,X(CO2)=0.800000,19000.0,1323.15,0.8,29.23107,0.2,0.8,0.2666667,0.6,0.1333333,0.0,0.0,0.0,17228.95,2283816.0,0.0,-4999.5,nan,0.0,nan
h2o_co2_hybrid_mrk,X(CO2)=0.800000,20000.0,1323.15,0.8,28.78018,0.2,0.8,0.2666667,0.6,0.1333333,0.0,0.0,0.0,20560.85,3147138.0,0.0,-4999.5,nan,0.0,nan
h2o_co2_hybrid_mrk,X(CO2)=0.800000,1000.0,1373.15,0.8,136.8947,0.2,0.8,0.2666667,0.6,0.1333333,0.0,0.0,0.0,174.2405,1001.132,0.0,-4999.5,nan,0.0,nan
h2o_co2_hybrid_mrk,X(CO2)=0.800000,2000.0,1373.15,0.8,83.24042,0.2,0.8,0.2666667,0.6,0.1333333,0.0,0.0,0.0,334.9872,2548.376,0.0,-4999.5,nan,0.0,nan
h2o_co2_hybrid_mrk,X(CO2)=0.800000,3000.0,1373.15,0.8,65.03975,0.2,0.8,0.2666667,0.6,0.1333333,0.0,0.0,0.0,510.6328,4899.871,0.0,-4999.5,nan,0.0,nan
h2o_co2_hybrid_mrk,X(CO2)=0.800000,4000.0,1373.15,0.8,55.53883,0.2,0.8,0.2666667,0.6,0.1333333,0.0,0.0,0.0,714.4027,8405.543,0.0,-4999.5,nan,0.0,nan
h2o_co2_hybrid_mrk,X(CO2)=0.800000,5000.0,1373.15,0.8,49.59792,0.2,0.8,0.2666667,0.6,0.1333333,0.0,0.0,0.0,955.8214,13547.98,0.0,-4999.5,nan,0.0,nan
h2o_co2_hybrid_mrk,X(CO2)=0.800000,6000.0,1373.15,0.8,45.49451,0.2,0.8,0.2666667,0.6,0.1333333,0.0,0.0,0.0,1243.936,20992.78,0.0,-4999.5,nan,0.0,nan
h2o_co2_hybrid_mrk,X(CO2)=0.800000,7000.0,1373.15,0.8,42.47104,0.2,0.8,0.2666667,0.6,0.1333333,0.0,0.0,0.0,1588.451,31655.61,0.0,-4999.5,nan,0.0,nan
h2o_co2_hybrid_mrk,X(CO2)=0.800000,8000.0,1373.15,0.8,40.13784,0.2,0.8,0.2666667,0.6,0.1333333,0.0,0.0,0.0,2000.297,46792.42,0.0,-4999.5,nan,0.0,nan
h2o_co2_hybrid_mrk,X(CO2)=0.800000,9000.0,1373.15,0.8,38.27313,0.2,0.8,0.2666667,0.6,0.1333333,0.0,0.0,0.0,2492.03,68121.02,0.0,-4999.5,nan,0.0,nan
h2o_co2_hybrid_mrk,X(CO2)=0.800000,10000.0,1373.15,0.8,36.74137,0.2,0.8,0.2666667,0.6,0.1333333,0.0,0.0,0.0,3078.196,97984.83,0.0,-4999.5,nan,0.0,nan
h2o_co2_hybrid_mrk,X(CO2)=0.800000,11000.0,1373.15,0.8,35.45506,0.2,0.8,0.2666667,0.6,0.1333333,0.0,0.0,0.0,3775.706,139573.0,0.0,-4999.5,nan,0.0,nan
h2o_co2_hybrid_mrk,X(CO2)=0.800000,12000.0,1373.15,0.8,34.35522,0.2,0.8,0.2666667,0.6,0.1333333,0.0,0.0,0.0,4604.25,197216.0,0.0,-4999.5,nan,0.0,nan
h2o_co2_hybrid_mrk,X(CO2)=0.800000,13000.0,1373.15,0.8,33.40062,0.2,0.8,0.2666667,0.6,0.1333333,0.0,0.0,0.0,5586.761,276782.6,0.0,-4999.5,nan,0.0,nan
h2o_co2_hybrid_mrk,X(CO2)=0.800000,14000.0,1373.15,0.8,32.5616,0.2,0.8,0.2666667,0.6,0.1333333,0.0,0.0,0.0,6749.955,386211.7,0.0,-4999.5,nan,0.0,nan
h2o_co2_hybrid_mrk,X(CO2)=0.800000,15000.0,1373.15,0.8,31.81621,0.2,0.8,0.2666667,0.6,0.1333333,0.0,0.0,0.0,8124.936,536223.9,0.0,-4999.5,nan,0.0,nan
h2o_co2_hybrid_mrk,X(CO2)=0.800000,16000.0,1373.15,0.8,31.14788,0.2,0.8,0.2666667,0.6,0.1333333,0.0,0.0,0.0,9747.915,741274.1,0.0,-4999.5,nan,0.0,nan
h2o_co2_hybrid_mrk,X(CO2)=0.800000,17000.0,1373.15,0.8,30.54385,0.2,0.8,0.2666667,0.6,0.1333333,0.0,0.0,0.0,11661.02,1020824.0,0.0,-4999.5,nan,0.0,nan
h2o_co2_hybrid_mrk,X(CO2)=0.800000,18000.0,1373.15,0.8,29.99411,0.2,0.8,0.2666667,0.6,0.1333333,0.0,0.0,0.0,13913.24,1401042.0,0.0,-4999.5,nan,0.0,nan
h2o_co2_hybrid_mrk,X(CO2)=0.800000,19000.0,1373.15,0.8,29.49071,0.2,0.8,0.2666667,0.6,0.1333333,0.0,0.0,0.0,16561.53,1917067.0,0.0,-4999.5,nan,0.0,nan
h2o_co2_hybrid_mrk,X(CO2)=0.800000,20000.0,1373.15,0.8,29.02722,0.2,0.8,0.2666667,0.6,0.1333333,0.0,0.0,0.0,19672.05,2616036.0,0.0,-4999.5,nan,0.0,nan
h2o_co2_hybrid_mrk,X(CO2)=0.800000,1000.0,1423.15,0.8,141.5641,0.2,0.8,0.2666667,0.6,0.1333333,0.0,0.0,0.0,176.8103,995.9677,0.0,-4999.5,nan,0.0,nan
h2o_co2_hybrid_mrk,X(CO2)=0.800000,2000.0,1423.15,0.8,85.67475,0.2,0.8,0.2666667,0.6,0.1333333,0.0,0.0,0.0,341.7748,2516.89,0.0,-4999.5,nan,0.0,nan
h2o_co2_hybrid_mrk,X(CO2)=0.800000,3000.0,1423.15,0.8,66.71995,0.2,0.8,0.2666667,0.6,0.1333333,0.0,0.0,0.0,521.4934,4800.578,0.0,-4999.5,nan,0.0,nan
h2o_co2_hybrid_mrk,X(CO2)=0.800000,4000.0,1423.15,0.8,56.82786,0.2,0.8,0.2666667,0.6,0.1333333,0.0,0.0,0.0,728.7775,8166.169,0.0,-4999.5,nan,0.0,nan
h2o_co2_hybrid_mrk,X(CO2)=0.800000,5000.0,1423.15,0.8,50.63897,0.2,0.8,0.2666667,0.6,0.1333333,0.0,0.0,0.0,972.8705,13049.04,0.0,-4999.5,nan,0.0,nan
h2o_co2_hybrid_mrk,X(CO2)=0.800000,6000.0,1423.15,0.8,46.36219,0.2,0.8,0.2666667,0.6,0.1333333,0.0,0.0,0.0,1262.466,20043.25,0.0,-4999.5,nan,0.0,nan
h2o_co2_hybrid_mrk,X(CO2)=0.800000,7000.0,1423.15,0.8,43.21106,0.2,0.8,0.2666667,0.6,0.1333333,0.0,0.0,0.0,1606.798,29957.49,0.0,-4999.5,nan,0.0,nan
h2o_co2_hybrid_mrk,X(CO2)=0.800000,8000.0,1423.15,0.8,40.78069,0.2,0.8,0.2666667,0.6,0.1333333,0.0,0.0,0.0,2016.178,43889.52,0.0,-4999.5,nan,0.0,nan
h2o_co2_hybrid_mrk,X(CO2)=0.800000,9000.0,1423.15,0.8,38.84017,0.2,0.8,0.2666667,0.6,0.1333333,0.0,0.0,0.0,2502.373,63325.47,0.0,-4999.5,nan,0.0,nan
h2o_co2_hybrid_mrk,X(CO2)=0.800000,10000.0,1423.15,0.8,37.24801,0.2,0.8,0.2666667,0.6,0.1333333,0.0,0.0,0.0,3078.929,90272.2,0.0,-4999.5,nan,0.0,nan
h2o_co2_hybrid_mrk,X(CO2)=0.800000,11000.0,1423.15,0.8,35.91272,0.2,0.8,0.2666667,0.6,0.1333333,0.0,0.0,0.0,3761.503,127433.6,0.0,-4999.5,nan,0.0,nan
h2o_co2_hybrid_mrk,X(CO2)=0.800000,12000.0,1423.15,0.8,34.7725,0.2,0.8,0.2666667,0.6,0.1333333,0.0,0.0,0.0,4568.23,178444.7,0.0,-4999.5,nan,0.0,nan
h2o_co2_hybrid_mrk,X(CO2)=0.800000,13000.0,1423.15,0.8,33.78417,0.2,0.8,0.2666667,0.6,0.1333333,0.0,0.0,0.0,5520.118,248183.4,0.0,-4999.5,nan,0.0,nan
h2o_co2_hybrid_mrk,X(CO2)=0.800000,14000.0,1423.15,0.8,32.91658,0.2,0.8,0.2666667,0.6,0.1333333,0.0,0.0,0.0,6641.515,343183.5,0.0,-4999.5,nan,0.0,nan
h2o_co2_hybrid_mrk,X(CO2)=0.800000,15000.0,1423.15,0.8,32.14675,0.2,0.8,0.2666667,0.6,0.1333333,0.0,0.0,0.0,7960.628,472182.5,0.0,-4999.5,nan,0.0,nan
h2o_co2_hybrid_mrk,X(CO2)=0.800000,16000.0,1423.15,0.8,31.4573,0.2,0.8,0.2666667,0.6,0.1333333,0.0,0.0,0.0,9510.123,646847.1,0.0,-4999.5,nan,0.0,nan
h2o_co2_hybrid_mrk,X(CO2)=0.800000,17000.0,1423.15,0.8,30.83485,0.2,0.8,0.2666667,0.6,0.1333333,0.0,0.0,0.0,11327.82,882733.8,0.0,-4999.5,nan,0.0,nan
h2o_co2_hybrid_mrk,X(CO2)=0.800000,18000.0,1423.15,0.8,30.26891,0.2,0.8,0.2666667,0.6,0.1333333,0.0,0.0,0.0,13457.49,1200559.0,0.0,-4999.5,nan,0.0,nan
h2o_co2_hybrid_mrk,X(CO2)=0.800000,19000.0,1423.15,0.8,29.75116,0.2,0.8,0.2666667,0.6,0.1333333,0.0,0.0,0.0,15949.75,1627874.0,0.0,-4999.5,nan,0.0,nan
h2o_co2_hybrid_mrk,X(CO2)=0.800000,20000.0,1423.15,0.8,29.27488,0.2,0.8,0.2666667,0.6,0.1333333,0.0,0.0,0.0,18863.12,2201287.0,0.0,-4999.5,nan,0.0,nan
h2o_co2_hybrid_mrk,X(CO2)=0.800000,1000.0,1473.15,0.8,146.2167,0.2,0.8,0.2666667,0.6,0.1333333,0.0,0.0,0.0,179.1021,990.8608,0.0,-4999.5,nan,0.0,nan
h2o_co2_hybrid_mrk,X(CO2)=0.800000,2000.0,1473.15,0.8,88.10443,0.2,0.8,0.2666667,0.6,0.1333333,0.0,0.0,0.0,347.8793,2486.773,0.0,-4999.5,nan,0.0,nan
h2o_co2_hybrid_mrk,X(CO2)=0.800000,3000.0,1473.15,0.8,68.39919,0.2,0.8,0.2666667,0.6,0.1333333,0.0,0.0,0.0,531.2721,4707.398,0.0,-4999.5,nan,0.0,nan
h2o_co2_hybrid_mrk,X(CO2)=0.800000,4000.0,1473.15,0.8,58.11907,0.2,0.8,0.2666667,0.6,0.1333333,0.0,0.0,0.0,741.6662,7944.74,0.0,-4999.5,nan,0.0,nan
h2o_co2_hybrid_mrk,X(CO2)=0.800000,5000.0,1473.15,0.8,51.68465,0.2,0.8,0.2666667,0.6,0.1333333,0.0,0.0,0.0,988.0209,12593.12,0.0,-4999.5,nan,0.0,nan
h2o_co2_hybrid_mrk,X(CO2)=0.800000,6000.0,1473.15,0.8,47.23585,0.2,0.8,0.2666667,0.6,0.1333333,0.0,0.0,0.0,1278.69,19185.24,0.0,-4999.5,nan,0.0,nan
h2o_co2_hybrid_mrk,X(CO2)=0.800000,7000.0,1473.15,0.8,43.95745,0.2,0.8,0.2666667,0.6,0.1333333,0.0,0.0,0.0,1622.461,28439.1,0.0,-4999.5,nan,0.0,nan
h2o_co2_hybrid_mrk,X(CO2)=0.800000,8000.0,1473.15,0.8,41.42969,0.2,0.8,0.2666667,0.6,0.1333333,0.0,0.0,0.0,2029.077,41319.93,0.0,-4999.5,nan,0.0,nan
h2o_co2_hybrid_mrk,X(CO2)=0.800000,9000.0,1473.15,0.8,39.41283,0.2,0.8,0.2666667,0.6,0.1333333,0.0,0.0,0.0,2509.576,59122.0,0.0,-4999.5,nan,0.0,nan
h2o_co2_hybrid_mrk,X(CO2)=0.800000,10000.0,1473.15,0.8,37.75965,0.2,0.8,0.2666667,0.6,0.1333333,0.0,0.0,0.0,3076.593,83576.54,0.0,-4999.5,nan,0.0,nan
h2o_co2_hybrid_mrk,X(CO2)=0.800000,11000.0,1473.15,0.8,36.37472,0.2,0.8,0.2666667,0.6,0.1333333,0.0,0.0,0.0,3744.657,116994.2,0.0,-4999.5,nan,0.0,nan
h2o_co2_hybrid_mrk,X(CO2)=0.800000,12000.0,1473.15,0.8,35.19353,0.2,0.8,0.2666667,0.6,0.1333333,0.0,0.0,0.0,4530.505,162452.8,0.0,-4999.5,nan,0.0,nan
h2o_co2_hybrid_mrk,X(CO2)=0.800000,13000.0,1473.15,0.8,34.17091,0.2,0.8,0.2666667,0.6,0.1333333,0.0,0.0,0.0,5453.432,224044.0,0.0,-4999.5,nan,0.0,nan
h2o_co2_hybrid_mrk,X(CO2)=0.800000,14000.0,1473.15,0.8,33.2743,0.2,0.8,0.2666667,0.6,0.1333333,0.0,0.0,0.0,6535.692,307198.8,0.0,-4999.5,nan,0.0,nan
h2o_co2_hybrid_mrk,X(CO2)=0.800000,15000.0,1473.15,0.8,32.47961,0.2,0.8,0.2666667,0.6,0.1333333,0.0,0.0,0.0,7802.944,419113.3,0.0,-4999.5,nan,0.0,nan
h2o_co2_hybrid_mrk,X(CO2)=0.800000,16000.0,1473.15,0.8,31.76867,0.2,0.8,0.2666667,0.6,0.1333333,0.0,0.0,0.0,9284.765,569309.6,0.0,-4999.5,nan,0.0,nan
h2o_co2_hybrid_mrk,X(CO2)=0.800000,17000.0,1473.15,0.8,31.12748,0.2,0.8,0.2666667,0.6,0.1333333,0.0,0.0,0.0,11015.24,770369.7,0.0,-4999.5,nan,0.0,nan
h2o_co2_hybrid_mrk,X(CO2)=0.800000,18000.0,1473.15,0.8,30.54508,0.2,0.8,0.2666667,0.6,0.1333333,0.0,0.0,0.0,13033.62,1038898.0,0.0,-4999.5,nan,0.0,nan
h2o_co2_hybrid_mrk,X(CO2)=0.800000,19000.0,1473.15,0.8,30.01275,0.2,0.8,0.2666667,0.6,0.1333333,0.0,0.0,0.0,15385.11,1396783.0,0.0,-4999.5,nan,0.0,nan
h2o_co2_hybrid_mrk,X(CO2)=0.800000,20000.0,1473.15,0.8,29.52348,0.2,0.8,0.2666667,0.6,0.1333333,0.0,0.0,0.0,18121.73,1872843.0,0.0,-4999.5,nan,0.0,nan
h2o_co2_hybrid_mrk,X(CO2)=0.800000,1000.0,1523.15,0.8,150.8545,0.2,0.8,0.2666667,0.6,0.1333333,0.0,0.0,0.0,181.1439,985.8433,0.0,-4999.5,nan,0.0,nan
h2o_co2_hybrid_mrk,X(CO2)=0.800000,2000.0,1523.15,0.8,90.53016,0.2,0.8,0.2666667,0.6,0.1333333,0.0,0.0,0.0,353.3539,2458.006,0.0,-4999.5,nan,0.0,nan
h2o_co2_hybrid_mrk,X(CO2)=0.800000,3000.0,1523.15,0.8,70.07783,0.2,0.8,0.2666667,0.6,0.1333333,0.0,0.0,0.0,540.0399,4619.895,0.0,-4999.5,nan,0.0,nan
h2o_co2_hybrid_mrk,X(CO2)=0.800000,4000.0,1523.15,0.8,59.41236,0.2,0.8,0.2666667,0.6,0.1333333,0.0,0.0,0.0,753.1579,7739.503,0.0,-4999.5,nan,0.0,nan
h2o_co2_hybrid_mrk,X(CO2)=0.800000,5000.0,1523.15,0.8,52.73464,0.2,0.8,0.2666667,0.6,0.1333333,0.0,0.0,0.0,1001.383,12175.3,0.0,-4999.5,nan,0.0,nan
h2o_co2_hybrid_mrk,X(CO2)=0.800000,6000.0,1523.15,0.8,48.11519,0.2,0.8,0.2666667,0.6,0.1333333,0.0,0.0,0.0,1292.739,18407.0,0.0,-4999.5,nan,0.0,nan
h2o_co2_hybrid_mrk,X(CO2)=0.800000,7000.0,1523.15,0.8,44.71003,0.2,0.8,0.2666667,0.6,0.1333333,0.0,0.0,0.0,1635.599,27075.24,0.0,-4999.5,nan,0.0,nan
h2o_co2_hybrid_mrk,X(CO2)=0.800000,8000.0,1523.15,0.8,42.08484,0.2,0.8,0.2666667,0.6,0.1333333,0.0,0.0,0.0,2039.17,39033.44,0.0,-4999.5,nan,0.0,nan
h2o_co2_hybrid_mrk,X(CO2)=0.800000,9000.0,1523.15,0.8,39.99125,0.2,0.8,0.2666667,0.6,0.1333333,0.0,0.0,0.0,2513.824,55415.68,0.0,-4999.5,nan,0.0,nan
h2o_co2_hybrid_mrk,X(CO2)=0.800000,10000.0,1523.15,0.8,38.2765,0.2,0.8,0.2666667,0.6,0.1333333,0.0,0.0,0.0,3071.364,77725.49,0.0,-4999.5,nan,0.0,nan
h2o_co2_hybrid_mrk,X(CO2)=0.800000,11000.0,1523.15,0.8,36.84135,0.2,0.8,0.2666667,0.6,0.1333333,0.0,0.0,0.0,3725.292,107952.0,0.0,-4999.5,nan,0.0,nan
h2o_co2_hybrid_mrk,X(CO2)=0.800000,12000.0,1523.15,0.8,35.61863,0.2,0.8,0.2666667,0.6,0.1333333,0.0,0.0,0.0,4491.089,148721.7,0.0,-4999.5,nan,0.0,nan
h2o_co2_hybrid_mrk,X(CO2)=0.800000,13000.0,1523.15,0.8,34.5612,0.2,0.8,0.2666667,0.6,0.1333333,0.0,0.0,0.0,5386.519,203496.2,0.0,-4999.5,nan,0.0,nan
h2o_co2_hybrid_mrk,X(CO2)=0.800000,14000.0,1523.15,0.8,33.63508,0.2,0.8,0.2666667,0.6,0.1333333,0.0,0.0,0.0,6431.974,276830.5,0.0,-4999.5,nan,0.0,nan
h2o_co2_hybrid_mrk,X(CO2)=0.800000,15000.0,1523.15,0.8,32.81512,0.2,0.8,0.2666667,0.6,0.1333333,0.0,0.0,0.0,7650.864,374708.9,0.0,-4999.5,nan,0.0,nan
h2o_co2_hybrid_mrk,X(CO2)=0.800000,16000.0,1523.15,0.8,32.08233,0.2,0.8,0.2666667,0.6,0.1333333,0.0,0.0,0.0,9070.053,504982.6,0.0,-4999.5,nan,0.0,nan
h2o_co2_hybrid_mrk,X(CO2)=0.800000,17000.0,1523.15,0.8,31.42208,0.2,0.8,0.2666667,0.6,0.1333333,0.0,0.0,0.0,10720.36,677938.1,0.0,-4999.5,nan,0.0,nan
h2o_co2_hybrid_mrk,X(CO2)=0.800000,18000.0,1523.15,0.8,30.82293,0.2,0.8,0.2666667,0.6,0.1333333,0.0,0.0,0.0,12637.14,907036.7,0.0,-4999.5,nan,0.0,nan
h2o_co2_hybrid_mrk,X(CO2)=0.800000,19000.0,1523.15,0.8,30.27578,0.2,0.8,0.2666667,0.6,0.1333333,0.0,0.0,0.0,14860.9,1209873.0,0.0,-4999.5,nan,0.0,nan
h2o_co2_hybrid_mrk,X(CO2)=0.800000,20000.0,1523.15,0.8,29.7733,0.2,0.8,0.2666667,0.6,0.1333333,0.0,0.0,0.0,17438.09,1609422.0,0.0,-4999.5,nan,0.0,nan
h2o_co2_hybrid_mrk,X(CO2)=0.800000,1000.0,1573.15,0.8,155.4792,0.2,0.8,0.2666667,0.6,0.1333333,0.0,0.0,0.0,182.9611,980.9382,0.0,-4999.5,nan,0.0,nan
h2o_co2_hybrid_mrk,X(CO2)=0.800000,2000.0,1573.15,0.8,92.95258,0.2,0.8,0.2666667,0.6,0.1333333,0.0,0.0,0.0,358.2496,2430.555,0.0,-4999.5,nan,0.0,nan
h2o_co2_hybrid_mrk,X(CO2)=0.800000,3000.0,1573.15,0.8,71.75624,0.2,0.8,0.2666667,0.6,0.1333333,0.0,0.0,0.0,547.8674,4537.655,0.0,-4999.5,nan,0.0,nan
h2o_co2_hybrid_mrk,X(CO2)=0.800000,4000.0,1573.15,0.8,60.70774,0.2,0.8,0.2666667,0.6,0.1333333,0.0,0.0,0.0,763.343,7548.907,0.0,-4999.5,nan,0.0,nan
h2o_co2_hybrid_mrk,X(CO2)=0.800000,5000.0,1573.15,0.8,53.78871,0.2,0.8,0.2666667,0.6,0.1333333,0.0,0.0,0.0,1013.068,11791.31,0.0,-4999.5,nan,0.0,nan
h2o_co2_hybrid_mrk,X(CO2)=0.800000,6000.0,1573.15,0.8,48.99992,0.2,0.8,0.2666667,0.6,0.1333333,0.0,0.0,0.0,1304.753,17698.6,0.0,-4999.5,nan,0.0,nan
h2o_co2_hybrid_mrk,X(CO2)=0.800000,7000.0,1573.15,0.8,45.46863,0.2,0.8,0.2666667,0.6,0.1333333,0.0,0.0,0.0,1646.374,25845.01,0.0,-4999.5,nan,0.0,nan
h2o_co2_hybrid_mrk,X(CO2)=0.800000,8000.0,1573.15,0.8,42.74608,0.2,0.8,0.2666667,0.6,0.1333333,0.0,0.0,0.0,2046.644,36988.98,0.0,-4999.5,nan,0.0,nan
h2o_co2_hybrid_mrk,X(CO2)=0.800000,9000.0,1573.15,0.8,40.5755,0.2,0.8,0.2666667,0.6,0.1333333,0.0,0.0,0.0,2515.316,52129.87,0.0,-4999.5,nan,0.0,nan
h2o_co2_hybrid_mrk,X(CO2)=0.800000,10000.0,1573.15,0.8,38.79872,0.2,0.8,0.2666667,0.6,0.1333333,0.0,0.0,0.0,3063.433,72581.59,0.0,-4999.5,nan,0.0,nan
h2o_co2_hybrid_mrk,X(CO2)=0.800000,11000.0,1573.15,0.8,37.31285,0.2,0.8,0.2666667,0.6,0.1333333,0.0,0.0,0.0,3703.564,100068.1,0.0,-4999.5,nan,0.0,nan
h2o_co2_hybrid_mrk,X(CO2)=0.800000,12000.0,1573.15,0.8,36.04805,0.2,0.8,0.2666667,0.6,0.1333333,0.0,0.0,0.0,4450.054,136847.0,0.0,-4999.5,nan,0.0,nan
h2o_co2_hybrid_mrk,X(CO2)=0.800000,13000.0,1573.15,0.8,34.95532,0.2,0.8,0.2666667,0.6,0.1333333,0.0,0.0,0.0,5319.291,185869.7,0.0,-4999.5,nan,0.0,nan
h2o_co2_hybrid_mrk,X(CO2)=0.800000,14000.0,1573.15,0.8,33.99923,0.2,0.8,0.2666667,0.6,0.1333333,0.0,0.0,0.0,6330.008,250988.7,0.0,-4999.5,nan,0.0,nan
h2o_co2_hybrid_mrk,X(CO2)=0.800000,15000.0,1573.15,0.8,33.15358,0.2,0.8,0.2666667,0.6,0.1333333,0.0,0.0,0.0,7503.618,337224.5,0.0,-4999.5,nan,0.0,nan
h2o_co2_hybrid_mrk,X(CO2)=0.800000,16000.0,1573.15,0.8,32.39857,0.2,0.8,0.2666667,0.6,0.1333333,0.0,0.0,0.0,8864.591,451111.5,0.0,-4999.5,nan,0.0,nan
h2o_co2_hybrid_mrk,X(CO2)=0.800000,17000.0,1573.15,0.8,31.71894,0.2,0.8,0.2666667,0.6,0.1333333,0.0,0.0,0.0,10440.89,601143.1,0.0,-4999.5,nan,0.0,nan
h2o_co2_hybrid_mrk,X(CO2)=0.800000,18000.0,1573.15,0.8,31.10275,0.2,0.8,0.2666667,0.6,0.1333333,0.0,0.0,0.0,12264.44,798346.1,0.0,-4999.5,nan,0.0,nan
h2o_co2_hybrid_mrk,X(CO2)=0.800000,19000.0,1573.15,0.8,30.54052,0.2,0.8,0.2666667,0.6,0.1333333,0.0,0.0,0.0,14371.71,1057020.0,0.0,-4999.5,nan,0.0,nan
h2o_co2_hybrid_mrk,X(CO2)=0.800000,20000.0,1573.15,0.8,30.02463,0.2,0.8,0.2666667,0.6,0.1333333,0.0,0.0,0.0,16804.32,1395691.0,0.0,-4999.5,nan,0.0,nan
h2o_co2_hybrid_mrk,X(CO2)=0.900000,1000.0,373.15,0.9,42.24372,0.1,0.9,0.3,0.6333333,0.06666667,0.0,0.0,0.0,13.55228,452.2815,0.0,-4999.5,nan,0.0,nan
h2o_co2_hybrid_mrk,X(CO2)=0.900000,2000.0,373.15,0.9,36.9293,0.1,0.9,0.3,0.6333333,0.06666667,0.0,0.0,0.0,26.49975,1736.44,0.0,-4999.5,nan,0.0,nan
h2o_co2_hybrid_mrk,X(CO2)=0.900000,3000.0,373.15,0.9,34.3462,0.1,0.9,0.3,0.6333333,0.06666667,0.0,0.0,0.0,50.0295,5892.74,0.0,-4999.5,nan,0.0,nan
h2o_co2_hybrid_mrk,X(CO2)=0.900000,4000.0,373.15,0.9,32.6637,0.1,0.9,0.3,0.6333333,0.06666667,0.0,0.0,0.0,92.12047,18828.72,0.0,-4999.5,nan,0.0,nan
h2o_co2_hybrid_mrk,X(CO2)=0.900000,5000.0,373.15,0.9,31.42672,0.1,0.9,0.3,0.6333333,0.06666667,0.0,0.0,0.0,166.5658,57986.83,0.0,-4999.5,nan,0.0,nan
h2o_co2_hybrid_mrk,X(CO2)=0.900000,6000.0,373.15,0.9,30.4539,0.1,0.9,0.3,0.6333333,0.06666667,0.0,0.0,0.0,297.0313,174145.2,0.0,-4999.5,nan,0.0,nan
h2o_co2_hybrid_mrk,X(CO2)=0.900000,7000.0,373.15,0.9,29.65513,0.1,0.9,0.3,0.6333333,0.06666667,0.0,0.0,0.0,523.9332,513460.5,0.0,-4999.5,nan,0.0,nan
h2o_co2_hybrid_mrk,X(CO2)=0.900000,8000.0,373.15,0.9,28.97929,0.1,0.9,0.3,0.6333333,0.06666667,0.0,0.0,0.0,916.0203,1492756.0,0.0,-4999.5,nan,0.0,nan
h2o_co2_hybrid_mrk,X(CO2)=0.900000,9000.0,373.15,0.9,28.39469,0.1,0.9,0.3,0.6333333,0.06666667,0.0,0.0,0.0,1589.828,4291704.0,0.0,-4999.5,nan,0.0,nan
h2o_co2_hybrid_mrk,X(CO2)=0.900000,10000.0,373.15,0.9,27.88036,0.1,0.9,0.3,0.6333333,0.06666667,0.0,0.0,0.0,2742.276,12227480.0,0.0,-4999.5,nan,0.0,nan
h2o_co2_hybrid_mrk,X(CO2)=0.900000,11000.0,373.15,0.9,27.42172,0.1,0.9,0.3,0.6333333,0.06666667,0.0,0.0,0.0,4705.197,34576560.0,0.0,-4999.5,nan,0.0,nan
h2o_co2_hybrid_mrk,X(CO2)=0.900000,12000.0,373.15,0.9,27.00828,0.1,0.9,0.3,0.6333333,0.06666667,0.0,0.0,0.0,8036.346,97157170.0,0.0,-4999.5,nan,0.0,nan
h2o_co2_hybrid_mrk,X(CO2)=0.900000,13000.0,373.15,0.9,26.63219,0.1,0.9,0.3,0.6333333,0.06666667,0.0,0.0,0.0,13671.1,271528000.0,0.0,-4999.5,nan,0.0,nan
h2o_co2_hybrid_mrk,X(CO2)=0.900000,14000.0,373.15,0.9,26.28748,0.1,0.9,0.3,0.6333333,0.06666667,0.0,0.0,0.0,23174.86,755297700.0,0.0,-4999.5,nan,0.0,nan
h2o_co2_hybrid_mrk,X(CO2)=0.900000,15000.0,373.15,0.9,25.96948,0.1,0.9,0.3,0.6333333,0.06666667,0.0,0.0,0.0,39162.43,2092387000.0,0.0,-4999.5,nan,0.0,nan
h2o_co2_hybrid_mrk,X(CO2)=0.900000,16000.0,373.15,0.9,25.67448,0.1,0.9,0.3,0.6333333,0.06666667,0.0,0.0,0.0,65993.93,5775591000.0,0.0,-4999.5,nan,0.0,nan
h2o_co2_hybrid_mrk,X(CO2)=0.900000,17000.0,373.15,0.9,25.39947,0.1,0.9,0.3,0.6333333,0.06666667,0.0,0.0,0.0,110928.1,15891200000.0,0.0,-4999.5,nan,0.0,nan
h2o_co2_hybrid_mrk,X(CO2)=0.900000,18000.0,373.15,0.9,25.14201,0.1,0.9,0.3,0.6333333,0.06666667,0.0,0.0,0.0,186031.5,43598340000.0,0.0,-4999.5,nan,0.0,nan
h2o_co2_hybrid_mrk,X(CO2)=0.900000,19000.0,373.15,0.9,24.90005,0.1,0.9,0.3,0.6333333,0.06666667,0.0,0.0,0.0,311335.3,119305600000.0,0.0,-4999.5,nan,0.0,nan
h2o_co2_hybrid_mrk,X(CO2)=0.900000,20000.0,373.15,0.9,24.6719,0.1,0.9,0.3,0.6333333,0.06666667,0.0,0.0,0.0,520050.0,325714200000.0,0.0,-4999.5,nan,0.0,nan
h2o_co2_hybrid_mrk,X(CO2)=0.900000,1000.0,423.15,0.9,46.48396,0.1,0.9,0.3,0.6333333,0.06666667,0.0,0.0,0.0,21.8346,625.8238,0.0,-4999.5,nan,0.0,nan
h2o_co2_hybrid_mrk,X(CO2)=0.900000,2000.0,423.15,0.9,39.13699,0.1,0.9,0.3,0.6333333,0.06666667,0.0,0.0,0.0,41.43508,2229.045,0.0,-4999.5,nan,0.0,nan
h2o_co2_hybrid_mrk,X(CO2)=0.900000,3000.0,423.15,0.9,35.9246,0.1,0.9,0.3,0.6333333,0.06666667,0.0,0.0,0.0,74.91089,6867.02,0.0,-4999.5,nan,0.0,nan
h2o_co2_hybrid_mrk,X(CO2)=0.900000,4000.0,423.15,0.9,33.92183,0.1,0.9,0.3,0.6333333,0.06666667,0.0,0.0,0.0,131.4653,19781.31,0.0,-4999.5,nan,0.0,nan
h2o_co2_hybrid_mrk,X(CO2)=0.900000,5000.0,423.15,0.9,32.48623,0.1,0.9,0.3,0.6333333,0.06666667,0.0,0.0,0.0,226.0234,54745.46,0.0,-4999.5,nan,0.0,nan
h2o_co2_hybrid_mrk,X(CO2)=0.900000,6000.0,423.15,0.9,31.37623,0.1,0.9,0.3,0.6333333,0.06666667,0.0,0.0,0.0,382.7239,147481.7,0.0,-4999.5,nan,0.0,nan
h2o_co2_hybrid_mrk,X(CO2)=0.900000,7000.0,423.15,0.9,30.47603,0.1,0.9,0.3,0.6333333,0.06666667,0.0,0.0,0.0,640.4606,389638.7,0.0,-4999.5,nan,0.0,nan
h2o_co2_hybrid_mrk,X(CO2)=0.900000,8000.0,423.15,0.9,29.7216,0.1,0.9,0.3,0.6333333,0.06666667,0.0,0.0,0.0,1061.679,1014270.0,0.0,-4999.5,nan,0.0,nan
h2o_co2_hybrid_mrk,X(CO2)=0.900000,9000.0,423.15,0.9,29.07398,0.1,0.9,0.3,0.6333333,0.06666667,0.0,0.0,0.0,1746.313,2609643.0,0.0,-4999.5,nan,0.0,nan
h2o_co2_hybrid_mrk,X(CO2)=0.900000,10000.0,423.15,0.9,28.50777,0.1,0.9,0.3,0.6333333,0.06666667,0.0,0.0,0.0,2853.828,6651394.0,0.0,-4999.5,nan,0.0,nan
h2o_co2_hybrid_mrk,X(CO2)=0.900000,11000.0,423.15,0.9,28.00554,0.1,0.9,0.3,0.6333333,0.06666667,0.0,0.0,0.0,4638.017,16821290.0,0.0,-4999.5,nan,0.0,nan
h2o_co2_hybrid_mrk,X(CO2)=0.900000,12000.0,423.15,0.9,27.55485,0.1,0.9,0.3,0.6333333,0.06666667,0.0,0.0,0.0,7501.837,42262960.0,0.0,-4999.5,nan,0.0,nan
h2o_co2_hybrid_mrk,X(CO2)=0.900000,13000.0,423.15,0.9,27.14649,0.1,0.9,0.3,0.6333333,0.06666667,0.0,0.0,0.0,12083.71,105592500.0,0.0,-4999.5,nan,0.0,nan
h2o_co2_hybrid_mrk,X(CO2)=0.900000,14000.0,423.15,0.9,26.77351,0.1,0.9,0.3,0.6333333,0.06666667,0.0,0.0,0.0,19393.11,262548800.0,0.0,-4999.5,nan,0.0,nan
h2o_co2_hybrid_mrk,X(CO2)=0.900000,15000.0,423.15,0.9,26.43048,0.1,0.9,0.3,0.6333333,0.06666667,0.0,0.0,0.0,31023.38,650067600.0,0.0,-4999.5,nan,0.0,nan
h2o_co2_hybrid_mrk,X(CO2)=0.900000,16000.0,423.15,0.9,26.11314,0.1,0.9,0.3,0.6333333,0.06666667,0.0,0.0,0.0,49485.21,1603606000.0,0.0,-4999.5,nan,0.0,nan
h2o_co2_hybrid_mrk,X(CO2)=0.900000,17000.0,423.15,0.9,25.81805,0.1,0.9,0.3,0.6333333,0.06666667,0.0,0.0,0.0,78728.82,3942836000.0,0.0,-4999.5,nan,0.0,nan
h2o_co2_hybrid_mrk,X(CO2)=0.900000,18000.0,423.15,0.9,25.54241,0.1,0.9,0.3,0.6333333,0.06666667,0.0,0.0,0.0,124960.5,9665948000.0,0.0,-4999.5,nan,0.0,nan
h2o_co2_hybrid_mrk,X(CO2)=0.900000,19000.0,423.15,0.9,25.28391,0.1,0.9,0.3,0.6333333,0.06666667,0.0,0.0,0.0,197918.2,23633810000.0,0.0,-4999.5,nan,0.0,nan
h2o_co2_hybrid_mrk,X(CO2)=0.900000,20000.0,423.15,0.9,25.04063,0.1,0.9,0.3,0.6333333,0.06666667,0.0,0.0,0.0,312862.7,57648350000.0,0.0,-4999.5,nan,0.0,nan
h2o_co2_hybrid_mrk,X(CO2)=0.900000,1000.0,473.15,0.9,51.18102,0.1,0.9,0.3,0.6333333,0.06666667,0.0,0.0,0.0,28.12999,772.8349,0.0,-4999.5,nan,0.0,nan
h2o_co2_hybrid_mrk,X(CO2)=0.900000,2000.0,473.15,0.9,41.40821,0.1,0.9,0.3,0.6333333,0.06666667,0.0,0.0,0.0,51.73712,2608.26,0.0,-4999.5,nan,0.0,nan
h2o_co2_hybrid_mrk,X(CO2)=0.900000,3000.0,473.15,0.9,37.50433,0.1,0.9,0.3,0.6333333,0.06666667,0.0,0.0,0.0,89.93938,7458.807,0.0,-4999.5,nan,0.0,nan
h2o_co2_hybrid_mrk,X(CO2)=0.900000,4000.0,473.15,0.9,35.1639,0.1,0.9,0.3,0.6333333,0.06666667,0.0,0.0,0.0,151.4514,19818.05,0.0,-4999.5,nan,0.0,nan
h2o_co2_hybrid_mrk,X(CO2)=0.900000,5000.0,473.15,0.9,33.52402,0.1,0.9,0.3,0.6333333,0.06666667,0.0,0.0,0.0,249.6175,50442.42,0.0,-4999.5,nan,0.0,nan
h2o_co2_hybrid_mrk,X(CO2)=0.900000,6000.0,473.15,0.9,32.27524,0.1,0.9,0.3,0.6333333,0.06666667,0.0,0.0,0.0,404.9986,124776.9,0.0,-4999.5,nan,0.0,nan
h2o_co2_hybrid_mrk,X(CO2)=0.900000,7000.0,473.15,0.9,31.27367,0.1,0.9,0.3,0.6333333,0.06666667,0.0,0.0,0.0,649.1996,302399.5,0.0,-4999.5,nan,0.0,nan
h2o_co2_hybrid_mrk,X(CO2)=0.900000,8000.0,473.15,0.9,30.4414,0.1,0.9,0.3,0.6333333,0.06666667,0.0,0.0,0.0,1030.655,721630.4,0.0,-4999.5,nan,0.0,nan
h2o_co2_hybrid_mrk,X(CO2)=0.900000,9000.0,473.15,0.9,29.73182,0.1,0.9,0.3,0.6333333,0.06666667,0.0,0.0,0.0,1623.375,1701332.0,0.0,-4999.5,nan,0.0,nan
h2o_co2_hybrid_mrk,X(CO2)=0.900000,10000.0,473.15,0.9,29.1149,0.1,0.9,0.3,0.6333333,0.06666667,0.0,0.0,0.0,2540.152,3972146.0,0.0,-4999.5,nan,0.0,nan
h2o_co2_hybrid_mrk,X(CO2)=0.900000,11000.0,473.15,0.9,28.57027,0.1,0.9,0.3,0.6333333,0.06666667,0.0,0.0,0.0,3952.47,9199619.0,0.0,-4999.5,nan,0.0,nan
h2o_co2_hybrid_mrk,X(CO2)=0.900000,12000.0,473.15,0.9,28.0835,0.1,0.9,0.3,0.6333333,0.06666667,0.0,0.0,0.0,6120.47,21163450.0,0.0,-4999.5,nan,0.0,nan
h2o_co2_hybrid_mrk,X(CO2)=0.900000,13000.0,473.15,0.9,27.644,0.1,0.9,0.3,0.6333333,0.06666667,0.0,0.0,0.0,9437.996,48407310.0,0.0,-4999.5,nan,0.0,nan
h2o_co2_hybrid_mrk,X(CO2)=0.900000,14000.0,473.15,0.9,27.24381,0.1,0.9,0.3,0.6333333,0.06666667,0.0,0.0,0.0,14500.23,110176200.0,0.0,-4999.5,nan,0.0,nan
h2o_co2_hybrid_mrk,X(CO2)=0.900000,15000.0,473.15,0.9,26.87676,0.1,0.9,0.3,0.6333333,0.06666667,0.0,0.0,0.0,22205.08,249685800.0,0.0,-4999.5,nan,0.0,nan
h2o_co2_hybrid_mrk,X(CO2)=0.900000,16000.0,473.15,0.9,26.53804,0.1,0.9,0.3,0.6333333,0.06666667,0.0,0.0,0.0,33905.08,563710000.0,0.0,-4999.5,nan,0.0,nan
h2o_co2_hybrid_mrk,X(CO2)=0.900000,17000.0,473.15,0.9,26.22377,0.1,0.9,0.3,0.6333333,0.06666667,0.0,0.0,0.0,51634.65,1268413000.0,0.0,-4999.5,nan,0.0,nan
h2o_co2_hybrid_mrk,X(CO2)=0.900000,18000.0,473.15,0.9,25.9308,0.1,0.9,0.3,0.6333333,0.06666667,0.0,0.0,0.0,78449.74,2845548000.0,0.0,-4999.5,nan,0.0,nan
h2o_co2_hybrid_mrk,X(CO2)=0.900000,19000.0,473.15,0.9,25.65656,0.1,0.9,0.3,0.6333333,0.06666667,0.0,0.0,0.0,118935.1,6366544000.0,0.0,-4999.5,nan,0.0,nan
h2o_co2_hybrid_mrk,X(CO2)=0.900000,20000.0,473.15,0.9,25.3989,0.1,0.9,0.3,0.6333333,0.06666667,0.0,0.0,0.0,179961.2,14209780000.0,0.0,-4999.5,nan,0.0,nan
h2o_co2_hybrid_mrk,X(CO2)=0.900000,1000.0,523.15,0.9,56.26069,0.1,0.9,0.3,0.6333333,0.06666667,0.0,0.0,0.0,33.38278,888.7969,0.0,-4999.5,nan,0.0,nan
h2o_co2_hybrid_mrk,X(CO2)=0.900000,2000.0,523.15,0.9,43.75722,0.1,0.9,0.3,0.6333333,0.06666667,0.0,0.0,0.0,59.83594,2881.319,0.0,-4999.5,nan,0.0,nan
h2o_co2_hybrid_mrk,X(CO2)=0.900000,3000.0,523.15,0.9,39.09556,0.1,0.9,0.3,0.6333333,0.06666667,0.0,0.0,0.0,100.628,7768.082,0.0,-4999.5,nan,0.0,nan
h2o_co2_hybrid_mrk,X(CO2)=0.900000,4000.0,523.15,0.9,36.39606,0.1,0.9,0.3,0.6333333,0.06666667,0.0,0.0,0.0,163.6973,19346.8,0.0,-4999.5,nan,0.0,nan
h2o_co2_hybrid_mrk,X(CO2)=0.900000,5000.0,523.15,0.9,34.54344,0.1,0.9,0.3,0.6333333,0.06666667,0.0,0.0,0.0,260.5152,46037.77,0.0,-4999.5,nan,0.0,nan
h2o_co2_hybrid_mrk,X(CO2)=0.900000,6000.0,523.15,0.9,33.15231,0.1,0.9,0.3,0.6333333,0.06666667,0.0,0.0,0.0,408.0462,106317.3,0.0,-4999.5,nan,0.0,nan
h2o_co2_hybrid_mrk,X(CO2)=0.900000,7000.0,523.15,0.9,32.04795,0.1,0.9,0.3,0.6333333,0.06666667,0.0,0.0,0.0,631.3725,240339.3,0.0,-4999.5,nan,0.0,nan
h2o_co2_hybrid_mrk,X(CO2)=0.900000,8000.0,523.15,0.9,31.13748,0.1,0.9,0.3,0.6333333,0.06666667,0.0,0.0,0.0,967.4907,534668.0,0.0,-4999.5,nan,0.0,nan
h2o_co2_hybrid_mrk,X(CO2)=0.900000,9000.0,523.15,0.9,30.3661,0.1,0.9,0.3,0.6333333,0.06666667,0.0,0.0,0.0,1470.834,1174658.0,0.0,-4999.5,nan,0.0,nan
h2o_co2_hybrid_mrk,X(CO2)=0.900000,10000.0,523.15,0.9,29.69893,0.1,0.9,0.3,0.6333333,0.06666667,0.0,0.0,0.0,2221.299,2554908.0,0.0,-4999.5,nan,0.0,nan
h2o_co2_hybrid_mrk,X(CO2)=0.900000,11000.0,523.15,0.9,29.1125,0.1,0.9,0.3,0.6333333,0.06666667,0.0,0.0,0.0,3335.898,5511304.0,0.0,-4999.5,nan,0.0,nan
h2o_co2_hybrid_mrk,X(CO2)=0.900000,12000.0,523.15,0.9,28.59031,0.1,0.9,0.3,0.6333333,0.06666667,0.0,0.0,0.0,4985.656,11806830.0,0.0,-4999.5,nan,0.0,nan
h2o_co2_hybrid_mrk,X(CO2)=0.900000,13000.0,523.15,0.9,28.12037,0.1,0.9,0.3,0.6333333,0.06666667,0.0,0.0,0.0,7420.08,25145700.0,0.0,-4999.5,nan,0.0,nan
h2o_co2_hybrid_mrk,X(CO2)=0.900000,14000.0,523.15,0.9,27.69367,0.1,0.9,0.3,0.6333333,0.06666667,0.0,0.0,0.0,11002.55,53284520.0,0.0,-4999.5,nan,0.0,nan
h2o_co2_hybrid_mrk,X(CO2)=0.900000,15000.0,523.15,0.9,27.30331,0.1,0.9,0.3,0.6333333,0.06666667,0.0,0.0,0.0,16261.48,112416800.0,0.0,-4999.5,nan,0.0,nan
h2o_co2_hybrid_mrk,X(CO2)=0.900000,16000.0,523.15,0.9,26.94388,0.1,0.9,0.3,0.6333333,0.06666667,0.0,0.0,0.0,23964.1,236258000.0,0.0,-4999.5,nan,0.0,nan
h2o_co2_hybrid_mrk,X(CO2)=0.900000,17000.0,523.15,0.9,26.61108,0.1,0.9,0.3,0.6333333,0.06666667,0.0,0.0,0.0,35222.96,494834300.0,0.0,-4999.5,nan,0.0,nan
h2o_co2_hybrid_mrk,X(CO2)=0.900000,18000.0,523.15,0.9,26.30142,0.1,0.9,0.3,0.6333333,0.06666667,0.0,0.0,0.0,51649.29,1033265000.0,0.0,-4999.5,nan,0.0,nan
h2o_co2_hybrid_mrk,X(CO2)=0.900000,19000.0,523.15,0.9,26.01205,0.1,0.9,0.3,0.6333333,0.06666667,0.0,0.0,0.0,75573.8,2151683000.0,0.0,-4999.5,nan,0.0,nan
h2o_co2_hybrid_mrk,X(CO2)=0.900000,20000.0,523.15,0.9,25.74059,0.1,0.9,0.3,0.6333333,0.06666667,0.0,0.0,0.0,110364.3,4469668000.0,0.0,-4999.5,nan,0.0,nan
h2o_co2_hybrid_mrk,X(CO2)=0.900000,1000.0,573.15,0.9,61.55713,0.1,0.9,0.3,0.6333333,0.06666667,0.0,0.0,0.0,38.13862,976.2381,0.0,-4999.5,nan,0.0,nan
h2o_co2_hybrid_mrk,X(CO2)=0.900000,2000.0,573.15,0.9,46.18217,0.1,0.9,0.3,0.6333333,0.06666667,0.0,0.0,0.0,67.12226,3067.089,0.0,-4999.5,nan,0.0,nan
h2o_co2_hybrid_mrk,X(CO2)=0.900000,3000.0,573.15,0.9,40.70446,0.1,0.9,0.3,0.6333333,0.06666667,0.0,0.0,0.0,109.8699,7882.923,0.0,-4999.5,nan,0.0,nan
h2o_co2_hybrid_mrk,X(CO2)=0.900000,4000.0,573.15,0.9,37.62436,0.1,0.9,0.3,0.6333333,0.06666667,0.0,0.0,0.0,173.6965,18620.47,0.0,-4999.5,nan,0.0,nan
h2o_co2_hybrid_mrk,X(CO2)=0.900000,5000.0,573.15,0.9,35.5497,0.1,0.9,0.3,0.6333333,0.06666667,0.0,0.0,0.0,268.5149,41926.89,0.0,-4999.5,nan,0.0,nan
h2o_co2_hybrid_mrk,X(CO2)=0.900000,6000.0,573.15,0.9,34.01187,0.1,0.9,0.3,0.6333333,0.06666667,0.0,0.0,0.0,408.4618,91501.61,0.0,-4999.5,nan,0.0,nan
h2o_co2_hybrid_mrk,X(CO2)=0.900000,7000.0,573.15,0.9,32.80265,0.1,0.9,0.3,0.6333333,0.06666667,0.0,0.0,0.0,613.7626,195326.2,0.0,-4999.5,nan,0.0,nan
h2o_co2_hybrid_mrk,X(CO2)=0.900000,8000.0,573.15,0.9,31.81307,0.1,0.9,0.3,0.6333333,0.06666667,0.0,0.0,0.0,913.3118,410119.5,0.0,-4999.5,nan,0.0,nan
h2o_co2_hybrid_mrk,X(CO2)=0.900000,9000.0,573.15,0.9,30.97961,0.1,0.9,0.3,0.6333333,0.06666667,0.0,0.0,0.0,1348.301,850110.7,0.0,-4999.5,nan,0.0,nan
h2o_co2_hybrid_mrk,X(CO2)=0.900000,10000.0,573.15,0.9,30.26225,0.1,0.9,0.3,0.6333333,0.06666667,0.0,0.0,0.0,1977.329,1744082.0,0.0,-4999.5,nan,0.0,nan
h2o_co2_hybrid_mrk,X(CO2)=0.900000,11000.0,573.15,0.9,29.63429,0.1,0.9,0.3,0.6333333,0.06666667,0.0,0.0,0.0,2883.588,3548057.0,0.0,-4999.5,nan,0.0,nan
h2o_co2_hybrid_mrk,X(CO2)=0.900000,12000.0,573.15,0.9,29.07709,0.1,0.9,0.3,0.6333333,0.06666667,0.0,0.0,0.0,4184.969,7167222.0,0.0,-4999.5,nan,0.0,nan
h2o_co2_hybrid_mrk,X(CO2)=0.900000,13000.0,573.15,0.9,28.57716,0.1,0.9,0.3,0.6333333,0.06666667,0.0,0.0,0.0,6048.246,14391720.0,0.0,-4999.5,nan,0.0,nan
h2o_co2_hybrid_mrk,X(CO2)=0.900000,14000.0,573.15,0.9,28.12445,0.1,0.9,0.3,0.6333333,0.06666667,0.0,0.0,0.0,8708.973,28750250.0,0.0,-4999.5,nan,0.0,nan
h2o_co2_hybrid_mrk,X(CO2)=0.900000,15000.0,573.15,0.9,27.71128,0.1,0.9,0.3,0.6333333,0.06666667,0.0,0.0,0.0,12499.37,57178240.0,0.0,-4999.5,nan,0.0,nan
h2o_co2_hybrid_mrk,X(CO2)=0.900000,16000.0,573.15,0.9,27.33166,0.1,0.9,0.3,0.6333333,0.06666667,0.0,0.0,0.0,17887.32,113271000.0,0.0,-4999.5,nan,0.0,nan
h2o_co2_hybrid_mrk,X(CO2)=0.900000,17000.0,573.15,0.9,26.98084,0.1,0.9,0.3,0.6333333,0.06666667,0.0,0.0,0.0,25531.0,223615700.0,0.0,-4999.5,nan,0.0,nan
h2o_co2_hybrid_mrk,X(CO2)=0.900000,18000.0,573.15,0.9,26.65498,0.1,0.9,0.3,0.6333333,0.06666667,0.0,0.0,0.0,36355.14,440094400.0,0.0,-4999.5,nan,0.0,nan
h2o_co2_hybrid_mrk,X(CO2)=0.900000,19000.0,573.15,0.9,26.35095,0.1,0.9,0.3,0.6333333,0.06666667,0.0,0.0,0.0,51657.54,863749800.0,0.0,-4999.5,nan,0.0,nan
h2o_co2_hybrid_mrk,X(CO2)=0.900000,20000.0,573.15,0.9,26.06616,0.1,0.9,0.3,0.6333333,0.06666667,0.0,0.0,0.0,73257.7,1691013000.0,0.0,-4999.5,nan,0.0,nan
h2o_co2_hybrid_mrk,X(CO2)=0.900000,1000.0,623.15,0.9,66.91647,0.1,0.9,0.3,0.6333333,0.06666667,0.0,0.0,0.0,42.64556,1040.169,0.0,-4999.5,nan,0.0,nan
h2o_co2_hybrid_mrk,X(CO2)=0.900000,2000.0,623.15,0.9,48.6709,0.1,0.9,0.3,0.6333333,0.06666667,0.0,0.0,0.0,74.24857,3185.72,0.0,-4999.5,nan,0.0,nan
h2o_co2_hybrid_mrk,X(CO2)=0.900000,3000.0,623.15,0.9,42.33411,0.1,0.9,0.3,0.6333333,0.06666667,0.0,0.0,0.0,118.9562,7869.916,0.0,-4999.5,nan,0.0,nan
h2o_co2_hybrid_mrk,X(CO2)=0.900000,4000.0,623.15,0.9,38.854,0.1,0.9,0.3,0.6333333,0.06666667,0.0,0.0,0.0,183.7,17787.2,0.0,-4999.5,nan,0.0,nan
h2o_co2_hybrid_mrk,X(CO2)=0.900000,5000.0,623.15,0.9,36.54812,0.1,0.9,0.3,0.6333333,0.06666667,0.0,0.0,0.0,277.2129,38242.58,0.0,-4999.5,nan,0.0,nan
h2o_co2_hybrid_mrk,X(CO2)=0.900000,6000.0,623.15,0.9,34.85895,0.1,0.9,0.3,0.6333333,0.06666667,0.0,0.0,0.0,411.536,79603.42,0.0,-4999.5,nan,0.0,nan
h2o_co2_hybrid_mrk,X(CO2)=0.900000,7000.0,623.15,0.9,33.54245,0.1,0.9,0.3,0.6333333,0.06666667,0.0,0.0,0.0,603.4122,161962.4,0.0,-4999.5,nan,0.0,nan
h2o_co2_hybrid_mrk,X(CO2)=0.900000,8000.0,623.15,0.9,32.47251,0.1,0.9,0.3,0.6333333,0.06666667,0.0,0.0,0.0,876.1183,323980.8,0.0,-4999.5,nan,0.0,nan
h2o_co2_hybrid_mrk,X(CO2)=0.900000,9000.0,623.15,0.9,31.57638,0.1,0.9,0.3,0.6333333,0.06666667,0.0,0.0,0.0,1261.962,639593.1,0.0,-4999.5,nan,0.0,nan
h2o_co2_hybrid_mrk,X(CO2)=0.900000,10000.0,623.15,0.9,30.80864,0.1,0.9,0.3,0.6333333,0.06666667,0.0,0.0,0.0,1805.704,1249443.0,0.0,-4999.5,nan,0.0,nan
h2o_co2_hybrid_mrk,X(CO2)=0.900000,11000.0,623.15,0.9,30.13918,0.1,0.9,0.3,0.6333333,0.06666667,0.0,0.0,0.0,2569.243,2419850.0,0.0,-4999.5,nan,0.0,nan
h2o_co2_hybrid_mrk,X(CO2)=0.900000,12000.0,623.15,0.9,29.54714,0.1,0.9,0.3,0.6333333,0.06666667,0.0,0.0,0.0,3638.033,4653082.0,0.0,-4999.5,nan,0.0,nan
h2o_co2_hybrid_mrk,X(CO2)=0.900000,13000.0,623.15,0.9,29.01749,0.1,0.9,0.3,0.6333333,0.06666667,0.0,0.0,0.0,5129.864,8893041.0,0.0,-4999.5,nan,0.0,nan
h2o_co2_hybrid_mrk,X(CO2)=0.900000,14000.0,623.15,0.9,28.53908,0.1,0.9,0.3,0.6333333,0.06666667,0.0,0.0,0.0,7206.849,16907980.0,0.0,-4999.5,nan,0.0,nan
h2o_co2_hybrid_mrk,X(CO2)=0.900000,15000.0,623.15,0.9,28.10345,0.1,0.9,0.3,0.6333333,0.06666667,0.0,0.0,0.0,10091.81,32001100.0,0.0,-4999.5,nan,0.0,nan
h2o_co2_hybrid_mrk,X(CO2)=0.900000,16000.0,623.15,0.9,27.70399,0.1,0.9,0.3,0.6333333,0.06666667,0.0,0.0,0.0,14090.6,60327200.0,0.0,-4999.5,nan,0.0,nan
h2o_co2_hybrid_mrk,X(CO2)=0.900000,17000.0,623.15,0.9,27.33551,0.1,0.9,0.3,0.6333333,0.06666667,0.0,0.0,0.0,19622.59,113328000.0,0.0,-4999.5,nan,0.0,nan
h2o_co2_hybrid_mrk,X(CO2)=0.900000,18000.0,623.15,0.9,26.99382,0.1,0.9,0.3,0.6333333,0.06666667,0.0,0.0,0.0,27262.1,212229100.0,0.0,-4999.5,nan,0.0,nan
h2o_co2_hybrid_mrk,X(CO2)=0.900000,19000.0,623.15,0.9,26.6755,0.1,0.9,0.3,0.6333333,0.06666667,0.0,0.0,0.0,37794.89,396330000.0,0.0,-4999.5,nan,0.0,nan
h2o_co2_hybrid_mrk,X(CO2)=0.900000,20000.0,623.15,0.9,26.37774,0.1,0.9,0.3,0.6333333,0.06666667,0.0,0.0,0.0,52294.93,738267400.0,0.0,-4999.5,nan,0.0,nan
h2o_co2_hybrid_mrk,X(CO2)=0.900000,1000.0,673.15,0.9,72.2483,0.1,0.9,0.3,0.6333333,0.06666667,0.0,0.0,0.0,46.98742,1085.765,0.0,-4999.5,nan,0.0,nan
h2o_co2_hybrid_mrk,X(CO2)=0.900000,2000.0,673.15,0.9,51.20563,0.1,0.9,0.3,0.6333333,0.06666667,0.0,0.0,0.0,81.45488,3254.659,0.0,-4999.5,nan,0.0,nan
h2o_co2_hybrid_mrk,X(CO2)=0.900000,3000.0,673.15,0.9,43.98436,0.1,0.9,0.3,0.6333333,0.06666667,0.0,0.0,0.0,128.3591,7776.017,0.0,-4999.5,nan,0.0,nan
h2o_co2_hybrid_mrk,X(CO2)=0.900000,4000.0,673.15,0.9,40.0884,0.1,0.9,0.3,0.6333333,0.06666667,0.0,0.0,0.0,194.4603,16930.29,0.0,-4999.5,nan,0.0,nan
h2o_co2_hybrid_mrk,X(CO2)=0.900000,5000.0,673.15,0.9,37.54291,0.1,0.9,0.3,0.6333333,0.06666667,0.0,0.0,0.0,287.6254,35001.13,0.0,-4999.5,nan,0.0,nan
h2o_co2_hybrid_mrk,X(CO2)=0.900000,6000.0,673.15,0.9,35.69782,0.1,0.9,0.3,0.6333333,0.06666667,0.0,0.0,0.0,418.3521,69986.04,0.0,-4999.5,nan,0.0,nan
h2o_co2_hybrid_mrk,X(CO2)=0.900000,7000.0,673.15,0.9,34.27148,0.1,0.9,0.3,0.6333333,0.06666667,0.0,0.0,0.0,600.8715,136701.8,0.0,-4999.5,nan,0.0,nan
h2o_co2_hybrid_mrk,X(CO2)=0.900000,8000.0,673.15,0.9,33.11974,0.1,0.9,0.3,0.6333333,0.06666667,0.0,0.0,0.0,854.5063,262413.3,0.0,-4999.5,nan,0.0,nan
h2o_co2_hybrid_mrk,X(CO2)=0.900000,9000.0,673.15,0.9,32.16016,0.1,0.9,0.3,0.6333333,0.06666667,0.0,0.0,0.0,1205.467,497000.0,0.0,-4999.5,nan,0.0,nan
h2o_co2_hybrid_mrk,X(CO2)=0.900000,10000.0,673.15,0.9,31.34164,0.1,0.9,0.3,0.6333333,0.06666667,0.0,0.0,0.0,1689.25,931253.8,0.0,-4999.5,nan,0.0,nan
h2o_co2_hybrid_mrk,X(CO2)=0.900000,11000.0,673.15,0.9,30.63054,0.1,0.9,0.3,0.6333333,0.06666667,0.0,0.0,0.0,2353.854,1729712.0,0.0,-4999.5,nan,0.0,nan
h2o_co2_hybrid_mrk,X(CO2)=0.900000,12000.0,673.15,0.9,30.00367,0.1,0.9,0.3,0.6333333,0.06666667,0.0,0.0,0.0,3264.079,3189405.0,0.0,-4999.5,nan,0.0,nan
h2o_co2_hybrid_mrk,X(CO2)=0.900000,13000.0,673.15,0.9,29.4444,0.1,0.9,0.3,0.6333333,0.06666667,0.0,0.0,0.0,4507.277,5844720.0,0.0,-4999.5,nan,0.0,nan
h2o_co2_hybrid_mrk,X(CO2)=0.900000,14000.0,673.15,0.9,28.94047,0.1,0.9,0.3,0.6333333,0.06666667,0.0,0.0,0.0,6201.044,10654140.0,0.0,-4999.5,nan,0.0,nan
h2o_co2_hybrid_mrk,X(CO2)=0.900000,15000.0,673.15,0.9,28.48258,0.1,0.9,0.3,0.6333333,0.06666667,0.0,0.0,0.0,8503.485,19332100.0,0.0,-4999.5,nan,0.0,nan
h2o_co2_hybrid_mrk,X(CO2)=0.900000,16000.0,673.15,0.9,28.06354,0.1,0.9,0.3,0.6333333,0.06666667,0.0,0.0,0.0,11626.91,34937670.0,0.0,-4999.5,nan,0.0,nan
h2o_co2_hybrid_mrk,X(CO2)=0.900000,17000.0,673.15,0.9,27.67766,0.1,0.9,0.3,0.6333333,0.06666667,0.0,0.0,0.0,15856.13,62916900.0,0.0,-4999.5,nan,0.0,nan
h2o_co2_hybrid_mrk,X(CO2)=0.900000,18000.0,673.15,0.9,27.32041,0.1,0.9,0.3,0.6333333,0.06666667,0.0,0.0,0.0,21572.74,112945600.0,0.0,-4999.5,nan,0.0,nan
h2o_co2_hybrid_mrk,X(CO2)=0.900000,19000.0,673.15,0.9,26.98807,0.1,0.9,0.3,0.6333333,0.06666667,0.0,0.0,0.0,29287.59,202182400.0,0.0,-4999.5,nan,0.0,nan
h2o_co2_hybrid_mrk,X(CO2)=0.900000,20000.0,673.15,0.9,26.6776,0.1,0.9,0.3,0.6333333,0.06666667,0.0,0.0,0.0,39683.9,361003300.0,0.0,-4999.5,nan,0.0,nan
h2o_co2_hybrid_mrk,X(CO2)=0.900000,1000.0,723.15,0.9,77.52174,0.1,0.9,0.3,0.6333333,0.06666667,0.0,0.0,0.0,51.16959,1117.48,0.0,-4999.5,nan,0.0,nan
h2o_co2_hybrid_mrk,X(CO2)=0.900000,2000.0,723.15,0.9,53.76832,0.1,0.9,0.3,0.6333333,0.06666667,0.0,0.0,0.0,88.76949,3287.714,0.0,-4999.5,nan,0.0,nan
h2o_co2_hybrid_mrk,X(CO2)=0.900000,3000.0,723.15,0.9,45.65276,0.1,0.9,0.3,0.6333333,0.06666667,0.0,0.0,0.0,138.1547,7633.178,0.0,-4999.5,nan,0.0,nan
h2o_co2_hybrid_mrk,X(CO2)=0.900000,4000.0,723.15,0.9,41.3293,0.1,0.9,0.3,0.6333333,0.06666667,0.0,0.0,0.0,206.0677,16094.58,0.0,-4999.5,nan,0.0,nan
h2o_co2_hybrid_mrk,X(CO2)=0.900000,5000.0,723.15,0.9,38.53697,0.1,0.9,0.3,0.6333333,0.06666667,0.0,0.0,0.0,299.7432,32171.28,0.0,-4999.5,nan,0.0,nan
h2o_co2_hybrid_mrk,X(CO2)=0.900000,6000.0,723.15,0.9,36.53171,0.1,0.9,0.3,0.6333333,0.06666667,0.0,0.0,0.0,428.5265,62142.02,0.0,-4999.5,nan,0.0,nan
h2o_co2_hybrid_mrk,X(CO2)=0.900000,7000.0,723.15,0.9,34.993,0.1,0.9,0.3,0.6333333,0.06666667,0.0,0.0,0.0,604.7961,117192.9,0.0,-4999.5,nan,0.0,nan
h2o_co2_hybrid_mrk,X(CO2)=0.900000,8000.0,723.15,0.9,33.75795,0.1,0.9,0.3,0.6333333,0.06666667,0.0,0.0,0.0,845.0125,217125.8,0.0,-4999.5,nan,0.0,nan
h2o_co2_hybrid_mrk,X(CO2)=0.900000,9000.0,723.15,0.9,32.73402,0.1,0.9,0.3,0.6333333,0.06666667,0.0,0.0,0.0,1171.06,396801.6,0.0,-4999.5,nan,0.0,nan
h2o_co2_hybrid_mrk,X(CO2)=0.900000,10000.0,723.15,0.9,31.8642,0.1,0.9,0.3,0.6333333,0.06666667,0.0,0.0,0.0,1611.999,717296.5,0.0,-4999.5,nan,0.0,nan
h2o_co2_hybrid_mrk,X(CO2)=0.900000,11000.0,723.15,0.9,31.11119,0.1,0.9,0.3,0.6333333,0.06666667,0.0,0.0,0.0,2206.365,1285168.0,0.0,-4999.5,nan,0.0,nan
h2o_co2_hybrid_mrk,X(CO2)=0.900000,12000.0,723.15,0.9,30.44937,0.1,0.9,0.3,0.6333333,0.06666667,0.0,0.0,0.0,3005.184,2285635.0,0.0,-4999.5,nan,0.0,nan
h2o_co2_hybrid_mrk,X(CO2)=0.900000,13000.0,723.15,0.9,29.86049,0.1,0.9,0.3,0.6333333,0.06666667,0.0,0.0,0.0,4075.936,4039588.0,0.0,-4999.5,nan,0.0,nan
h2o_co2_hybrid_mrk,X(CO2)=0.900000,14000.0,723.15,0.9,29.3311,0.1,0.9,0.3,0.6333333,0.06666667,0.0,0.0,0.0,5507.733,7101332.0,0.0,-4999.5,nan,0.0,nan
h2o_co2_hybrid_mrk,X(CO2)=0.900000,15000.0,723.15,0.9,28.85108,0.1,0.9,0.3,0.6333333,0.06666667,0.0,0.0,0.0,7418.129,12425850.0,0.0,-4999.5,nan,0.0,nan
h2o_co2_hybrid_mrk,X(CO2)=0.900000,16000.0,723.15,0.9,28.4126,0.1,0.9,0.3,0.6333333,0.06666667,0.0,0.0,0.0,9962.007,21654470.0,0.0,-4999.5,nan,0.0,nan
h2o_co2_hybrid_mrk,X(CO2)=0.900000,17000.0,723.15,0.9,28.0095,0.1,0.9,0.3,0.6333333,0.06666667,0.0,0.0,0.0,13343.23,37602090.0,0.0,-4999.5,nan,0.0,nan
h2o_co2_hybrid_mrk,X(CO2)=0.900000,18000.0,723.15,0.9,27.63686,0.1,0.9,0.3,0.6333333,0.06666667,0.0,0.0,0.0,17829.86,65086650.0,0.0,-4999.5,nan,0.0,nan
h2o_co2_hybrid_mrk,X(CO2)=0.900000,19000.0,723.15,0.9,27.29069,0.1,0.9,0.3,0.6333333,0.06666667,0.0,0.0,0.0,23774.04,112339500.0,0.0,-4999.5,nan,0.0,nan
h2o_co2_hybrid_mrk,X(CO2)=0.900000,20000.0,723.15,0.9,26.96772,0.1,0.9,0.3,0.6333333,0.06666667,0.0,0.0,0.0,31637.98,193400600.0,0.0,-4999.5,nan,0.0,nan
h2o_co2_hybrid_mrk,X(CO2)=0.900000,1000.0,773.15,0.9,82.73645,0.1,0.9,0.3,0.6333333,0.06666667,0.0,0.0,0.0,55.16747,1138.85,0.0,-4999.5,nan,0.0,nan
h2o_co2_hybrid_mrk,X(CO2)=0.900000,2000.0,773.15,0.9,56.34451,0.1,0.9,0.3,0.6333333,0.06666667,0.0,0.0,0.0,96.12363,3295.329,0.0,-4999.5,nan,0.0,nan
h2o_co2_hybrid_mrk,X(CO2)=0.900000,3000.0,773.15,0.9,47.33586,0.1,0.9,0.3,0.6333333,0.06666667,0.0,0.0,0.0,148.242,7462.696,0.0,-4999.5,nan,0.0,nan
h2o_co2_hybrid_mrk,X(CO2)=0.900000,4000.0,773.15,0.9,42.57725,0.1,0.9,0.3,0.6333333,0.06666667,0.0,0.0,0.0,218.3401,15302.64,0.0,-4999.5,nan,0.0,nan
h2o_co2_hybrid_mrk,X(CO2)=0.900000,5000.0,773.15,0.9,39.53222,0.1,0.9,0.3,0.6333333,0.06666667,0.0,0.0,0.0,313.1884,29705.82,0.0,-4999.5,nan,0.0,nan
h2o_co2_hybrid_mrk,X(CO2)=0.900000,6000.0,773.15,0.9,37.36299,0.1,0.9,0.3,0.6333333,0.06666667,0.0,0.0,0.0,441.2519,55680.93,0.0,-4999.5,nan,0.0,nan
h2o_co2_hybrid_mrk,X(CO2)=0.900000,7000.0,773.15,0.9,35.70951,0.1,0.9,0.3,0.6333333,0.06666667,0.0,0.0,0.0,613.5035,101850.3,0.0,-4999.5,nan,0.0,nan
h2o_co2_hybrid_mrk,X(CO2)=0.900000,8000.0,773.15,0.9,34.38963,0.1,0.9,0.3,0.6333333,0.06666667,0.0,0.0,0.0,844.2644,182967.9,0.0,-4999.5,nan,0.0,nan
h2o_co2_hybrid_mrk,X(CO2)=0.900000,9000.0,773.15,0.9,33.30039,0.1,0.9,0.3,0.6333333,0.06666667,0.0,0.0,0.0,1152.239,324148.4,0.0,-4999.5,nan,0.0,nan
h2o_co2_hybrid_mrk,X(CO2)=0.900000,10000.0,773.15,0.9,32.37868,0.1,0.9,0.3,0.6333333,0.06666667,0.0,0.0,0.0,1561.841,567946.0,0.0,-4999.5,nan,0.0,nan
h2o_co2_hybrid_mrk,X(CO2)=0.900000,11000.0,773.15,0.9,31.5834,0.1,0.9,0.3,0.6333333,0.06666667,0.0,0.0,0.0,2104.893,986175.7,0.0,-4999.5,nan,0.0,nan
h2o_co2_hybrid_mrk,X(CO2)=0.900000,12000.0,773.15,0.9,30.88644,0.1,0.9,0.3,0.6333333,0.06666667,0.0,0.0,0.0,2822.827,1699603.0,0.0,-4999.5,nan,0.0,nan
h2o_co2_hybrid_mrk,X(CO2)=0.900000,13000.0,773.15,0.9,30.26785,0.1,0.9,0.3,0.6333333,0.06666667,0.0,0.0,0.0,3769.518,2910667.0,0.0,-4999.5,nan,0.0,nan
h2o_co2_hybrid_mrk,X(CO2)=0.900000,14000.0,773.15,0.9,29.71301,0.1,0.9,0.3,0.6333333,0.06666667,0.0,0.0,0.0,5014.937,4957756.0,0.0,-4999.5,nan,0.0,nan
h2o_co2_hybrid_mrk,X(CO2)=0.900000,15000.0,773.15,0.9,29.2109,0.1,0.9,0.3,0.6333333,0.06666667,0.0,0.0,0.0,6649.852,8405061.0,0.0,-4999.5,nan,0.0,nan
h2o_co2_hybrid_mrk,X(CO2)=0.900000,16000.0,773.15,0.9,28.75306,0.1,0.9,0.3,0.6333333,0.06666667,0.0,0.0,0.0,8791.898,14191080.0,0.0,-4999.5,nan,0.0,nan
h2o_co2_hybrid_mrk,X(CO2)=0.900000,17000.0,773.15,0.9,28.33283,0.1,0.9,0.3,0.6333333,0.06666667,0.0,0.0,0.0,11593.36,23873640.0,0.0,-4999.5,nan,0.0,nan
h2o_co2_hybrid_mrk,X(CO2)=0.900000,18000.0,773.15,0.9,27.94493,0.1,0.9,0.3,0.6333333,0.06666667,0.0,0.0,0.0,15251.21,40033710.0,0.0,-4999.5,nan,0.0,nan
h2o_co2_hybrid_mrk,X(CO2)=0.900000,19000.0,773.15,0.9,27.58507,0.1,0.9,0.3,0.6333333,0.06666667,0.0,0.0,0.0,20019.98,66939690.0,0.0,-4999.5,nan,0.0,nan
h2o_co2_hybrid_mrk,X(CO2)=0.900000,20000.0,773.15,0.9,27.24973,0.1,0.9,0.3,0.6333333,0.06666667,0.0,0.0,0.0,26228.33,111639400.0,0.0,-4999.5,nan,0.0,nan
h2o_co2_hybrid_mrk,X(CO2)=0.900000,1000.0,823.15,0.9,87.87235,0.1,0.9,0.3,0.6333333,0.06666667,0.0,0.0,0.0,58.9514,1152.577,0.0,-4999.5,nan,0.0,nan
h2o_co2_hybrid_mrk,X(CO2)=0.900000,2000.0,823.15,0.9,58.92433,0.1,0.9,0.3,0.6333333,0.06666667,0.0,0.0,0.0,103.4148,3285.211,0.0,-4999.5,nan,0.0,nan
h2o_co2_hybrid_mrk,X(CO2)=0.900000,3000.0,823.15,0.9,49.03018,0.1,0.9,0.3,0.6333333,0.06666667,0.0,0.0,0.0,158.4546,7278.556,0.0,-4999.5,nan,0.0,nan
h2o_co2_hybrid_mrk,X(CO2)=0.900000,4000.0,823.15,0.9,43.83218,0.1,0.9,0.3,0.6333333,0.06666667,0.0,0.0,0.0,231.0057,14564.37,0.0,-4999.5,nan,0.0,nan
h2o_co2_hybrid_mrk,X(CO2)=0.900000,5000.0,823.15,0.9,40.5299,0.1,0.9,0.3,0.6333333,0.06666667,0.0,0.0,0.0,327.4915,27555.57,0.0,-4999.5,nan,0.0,nan
h2o_co2_hybrid_mrk,X(CO2)=0.900000,6000.0,823.15,0.9,38.19341,0.1,0.9,0.3,0.6333333,0.06666667,0.0,0.0,0.0,455.6869,50305.83,0.0,-4999.5,nan,0.0,nan
h2o_co2_hybrid_mrk,X(CO2)=0.900000,7000.0,823.15,0.9,36.42292,0.1,0.9,0.3,0.6333333,0.06666667,0.0,0.0,0.0,625.4665,89584.66,0.0,-4999.5,nan,0.0,nan
h2o_co2_hybrid_mrk,X(CO2)=0.900000,8000.0,823.15,0.9,35.01673,0.1,0.9,0.3,0.6333333,0.06666667,0.0,0.0,0.0,849.5,156633.3,0.0,-4999.5,nan,0.0,nan
h2o_co2_hybrid_mrk,X(CO2)=0.900000,9000.0,823.15,0.9,33.8612,0.1,0.9,0.3,0.6333333,0.06666667,0.0,0.0,0.0,1144.075,270026.0,0.0,-4999.5,nan,0.0,nan
h2o_co2_hybrid_mrk,X(CO2)=0.900000,10000.0,823.15,0.9,32.88697,0.1,0.9,0.3,0.6333333,0.06666667,0.0,0.0,0.0,1530.125,460319.7,0.0,-4999.5,nan,0.0,nan
h2o_co2_hybrid_mrk,X(CO2)=0.900000,11000.0,823.15,0.9,32.049,0.1,0.9,0.3,0.6333333,0.06666667,0.0,0.0,0.0,2034.53,777591.1,0.0,-4999.5,nan,0.0,nan
h2o_co2_hybrid_mrk,X(CO2)=0.900000,12000.0,823.15,0.9,31.31665,0.1,0.9,0.3,0.6333333,0.06666667,0.0,0.0,0.0,2691.763,1303627.0,0.0,-4999.5,nan,0.0,nan
h2o_co2_hybrid_mrk,X(CO2)=0.900000,13000.0,823.15,0.9,30.66822,0.1,0.9,0.3,0.6333333,0.06666667,0.0,0.0,0.0,3545.992,2171597.0,0.0,-4999.5,nan,0.0,nan
h2o_co2_hybrid_mrk,X(CO2)=0.900000,14000.0,823.15,0.9,30.08784,0.1,0.9,0.3,0.6333333,0.06666667,0.0,0.0,0.0,4653.738,3597746.0,0.0,-4999.5,nan,0.0,nan
h2o_co2_hybrid_mrk,X(CO2)=0.900000,15000.0,823.15,0.9,29.56363,0.1,0.9,0.3,0.6333333,0.06666667,0.0,0.0,0.0,6087.256,5932348.0,0.0,-4999.5,nan,0.0,nan
h2o_co2_hybrid_mrk,X(CO2)=0.900000,16000.0,823.15,0.9,29.08645,0.1,0.9,0.3,0.6333333,0.06666667,0.0,0.0,0.0,7938.822,9741513.0,0.0,-4999.5,nan,0.0,nan
h2o_co2_hybrid_mrk,X(CO2)=0.900000,17000.0,823.15,0.9,28.64916,0.1,0.9,0.3,0.6333333,0.06666667,0.0,0.0,0.0,10326.17,15938320.0,0.0,-4999.5,nan,0.0,nan
h2o_co2_hybrid_mrk,X(CO2)=0.900000,18000.0,823.15,0.9,28.24607,0.1,0.9,0.3,0.6333333,0.06666667,0.0,0.0,0.0,13399.37,25992740.0,0.0,-4999.5,nan,0.0,nan
h2o_co2_hybrid_mrk,X(CO2)=0.900000,19000.0,823.15,0.9,27.8726,0.1,0.9,0.3,0.6333333,0.06666667,0.0,0.0,0.0,17349.59,42267180.0,0.0,-4999.5,nan,0.0,nan
h2o_co2_hybrid_mrk,X(CO2)=0.900000,20000.0,823.15,0.9,27.525,0.1,0.9,0.3,0.6333333,0.06666667,0.0,0.0,0.0,22420.09,68552380.0,0.0,-4999.5,nan,0.0,nan
h2o_co2_hybrid_mrk,X(CO2)=0.900000,1000.0,873.15,0.9,92.90221,0.1,0.9,0.3,0.6333333,0.06666667,0.0,0.0,0.0,62.49776,1160.686,0.0,-4999.5,nan,0.0,nan
h2o_co2_hybrid_mrk,X(CO2)=0.900000,2000.0,873.15,0.9,61.50113,0.1,0.9,0.3,0.6333333,0.06666667,0.0,0.0,0.0,110.5399,3262.965,0.0,-4999.5,nan,0.0,nan
h2o_co2_hybrid_mrk,X(CO2)=0.900000,3000.0,873.15,0.9,50.73276,0.1,0.9,0.3,0.6333333,0.06666667,0.0,0.0,0.0,168.6175,7089.818,0.0,-4999.5,nan,0.0,nan
h2o_co2_hybrid_mrk,X(CO2)=0.900000,4000.0,873.15,0.9,45.09373,0.1,0.9,0.3,0.6333333,0.06666667,0.0,0.0,0.0,243.7877,13882.58,0.0,-4999.5,nan,0.0,nan
h2o_co2_hybrid_mrk,X(CO2)=0.900000,5000.0,873.15,0.9,41.53084,0.1,0.9,0.3,0.6333333,0.06666667,0.0,0.0,0.0,342.2064,25675.04,0.0,-4999.5,nan,0.0,nan
h2o_co2_hybrid_mrk,X(CO2)=0.900000,6000.0,873.15,0.9,39.02427,0.1,0.9,0.3,0.6333333,0.06666667,0.0,0.0,0.0,471.0928,45791.06,0.0,-4999.5,nan,0.0,nan
h2o_co2_hybrid_mrk,X(CO2)=0.900000,7000.0,873.15,0.9,37.13476,0.1,0.9,0.3,0.6333333,0.06666667,0.0,0.0,0.0,639.4384,79633.05,0.0,-4999.5,nan,0.0,nan
h2o_co2_hybrid_mrk,X(CO2)=0.900000,8000.0,873.15,0.9,35.64084,0.1,0.9,0.3,0.6333333,0.06666667,0.0,0.0,0.0,858.6,135935.4,0.0,-4999.5,nan,0.0,nan
h2o_co2_hybrid_mrk,X(CO2)=0.900000,9000.0,873.15,0.9,34.41804,0.1,0.9,0.3,0.6333333,0.06666667,0.0,0.0,0.0,1142.97,228753.2,0.0,-4999.5,nan,0.0,nan
h2o_co2_hybrid_mrk,X(CO2)=0.900000,10000.0,873.15,0.9,33.3906,0.1,0.9,0.3,0.6333333,0.06666667,0.0,0.0,0.0,1510.791,380609.0,0.0,-4999.5,nan,0.0,nan
h2o_co2_hybrid_mrk,X(CO2)=0.900000,11000.0,873.15,0.9,32.5095,0.1,0.9,0.3,0.6333333,0.06666667,0.0,0.0,0.0,1985.175,627461.9,0.0,-4999.5,nan,0.0,nan
h2o_co2_hybrid_mrk,X(CO2)=0.900000,12000.0,873.15,0.9,31.74145,0.1,0.9,0.3,0.6333333,0.06666667,0.0,0.0,0.0,2595.372,1026536.0,0.0,-4999.5,nan,0.0,nan
h2o_co2_hybrid_mrk,X(CO2)=0.900000,13000.0,873.15,0.9,31.06297,0.1,0.9,0.3,0.6333333,0.06666667,0.0,0.0,0.0,3378.363,1668629.0,0.0,-4999.5,nan,0.0,nan
h2o_co2_hybrid_mrk,X(CO2)=0.900000,14000.0,873.15,0.9,30.45695,0.1,0.9,0.3,0.6333333,0.06666667,0.0,0.0,0.0,4380.857,2697433.0,0.0,-4999.5,nan,0.0,nan
h2o_co2_hybrid_mrk,X(CO2)=0.900000,15000.0,873.15,0.9,29.91058,0.1,0.9,0.3,0.6333333,0.06666667,0.0,0.0,0.0,5661.787,4339803.0,0.0,-4999.5,nan,0.0,nan
h2o_co2_hybrid_mrk,X(CO2)=0.900000,16000.0,873.15,0.9,29.41404,0.1,0.9,0.3,0.6333333,0.06666667,0.0,0.0,0.0,7295.446,6953118.0,0.0,-4999.5,nan,0.0,nan
h2o_co2_hybrid_mrk,X(CO2)=0.900000,17000.0,873.15,0.9,28.95969,0.1,0.9,0.3,0.6333333,0.06666667,0.0,0.0,0.0,9375.404,11099270.0,0.0,-4999.5,nan,0.0,nan
h2o_co2_hybrid_mrk,X(CO2)=0.900000,18000.0,873.15,0.9,28.54146,0.1,0.9,0.3,0.6333333,0.06666667,0.0,0.0,0.0,12019.4,17660090.0,0.0,-4999.5,nan,0.0,nan
h2o_co2_hybrid_mrk,X(CO2)=0.900000,19000.0,873.15,0.9,28.15443,0.1,0.9,0.3,0.6333333,0.06666667,0.0,0.0,0.0,15375.49,28017230.0,0.0,-4999.5,nan,0.0,nan
h2o_co2_hybrid_mrk,X(CO2)=0.900000,20000.0,873.15,0.9,27.79463,0.1,0.9,0.3,0.6333333,0.06666667,0.0,0.0,0.0,19629.69,44332130.0,0.0,-4999.5,nan,0.0,nan
h2o_co2_hybrid_mrk,X(CO2)=0.900000,1000.0,923.15,0.9,97.85772,0.1,0.9,0.3,0.6333333,0.06666667,0.0,0.0,0.0,65.79264,1164.678,0.0,-4999.5,nan,0.0,nan
h2o_co2_hybrid_mrk,X(CO2)=0.900000,2000.0,923.15,0.9,64.06933,0.1,0.9,0.3,0.6333333,0.06666667,0.0,0.0,0.0,117.4115,3232.633,0.0,-4999.5,nan,0.0,nan
h2o_co2_hybrid_mrk,X(CO2)=0.900000,3000.0,923.15,0.9,52.44118,0.1,0.9,0.3,0.6333333,0.06666667,0.0,0.0,0.0,178.5747,6902.245,0.0,-4999.5,nan,0.0,nan
h2o_co2_hybrid_mrk,X(CO2)=0.900000,4000.0,923.15,0.9,46.3615,0.1,0.9,0.3,0.6333333,0.06666667,0.0,0.0,0.0,256.4416,13256.26,0.0,-4999.5,nan,0.0,nan
h2o_co2_hybrid_mrk,X(CO2)=0.900000,5000.0,923.15,0.9,42.53565,0.1,0.9,0.3,0.6333333,0.06666667,0.0,0.0,0.0,356.9537,24024.36,0.0,-4999.5,nan,0.0,nan
h2o_co2_hybrid_mrk,X(CO2)=0.900000,6000.0,923.15,0.9,39.85666,0.1,0.9,0.3,0.6333333,0.06666667,0.0,0.0,0.0,486.8702,41964.32,0.0,-4999.5,nan,0.0,nan
h2o_co2_hybrid_mrk,X(CO2)=0.900000,7000.0,923.15,0.9,37.84626,0.1,0.9,0.3,0.6333333,0.06666667,0.0,0.0,0.0,654.454,71450.84,0.0,-4999.5,nan,0.0,nan
h2o_co2_hybrid_mrk,X(CO2)=0.900000,8000.0,923.15,0.9,36.26325,0.1,0.9,0.3,0.6333333,0.06666667,0.0,0.0,0.0,869.9902,119389.2,0.0,-4999.5,nan,0.0,nan
h2o_co2_hybrid_mrk,X(CO2)=0.900000,9000.0,923.15,0.9,34.97221,0.1,0.9,0.3,0.6333333,0.06666667,0.0,0.0,0.0,1146.343,196630.1,0.0,-4999.5,nan,0.0,nan
h2o_co2_hybrid_mrk,X(CO2)=0.900000,10000.0,923.15,0.9,33.89087,0.1,0.9,0.3,0.6333333,0.06666667,0.0,0.0,0.0,1499.617,320157.2,0.0,-4999.5,nan,0.0,nan
h2o_co2_hybrid_mrk,X(CO2)=0.900000,11000.0,923.15,0.9,32.96614,0.1,0.9,0.3,0.6333333,0.06666667,0.0,0.0,0.0,1949.968,516459.2,0.0,-4999.5,nan,0.0,nan
h2o_co2_hybrid_mrk,X(CO2)=0.900000,12000.0,923.15,0.9,32.16206,0.1,0.9,0.3,0.6333333,0.06666667,0.0,0.0,0.0,2522.6,826720.6,0.0,-4999.5,nan,0.0,nan
h2o_co2_hybrid_mrk,X(CO2)=0.900000,13000.0,923.15,0.9,31.4533,0.1,0.9,0.3,0.6333333,0.06666667,0.0,0.0,0.0,3249.008,1314795.0,0.0,-4999.5,nan,0.0,nan
h2o_co2_hybrid_mrk,X(CO2)=0.900000,14000.0,923.15,0.9,30.82147,0.1,0.9,0.3,0.6333333,0.06666667,0.0,0.0,0.0,4168.5,2079430.0,0.0,-4999.5,nan,0.0,nan
h2o_co2_hybrid_mrk,X(CO2)=0.900000,15000.0,923.15,0.9,30.25284,0.1,0.9,0.3,0.6333333,0.06666667,0.0,0.0,0.0,5330.102,3272988.0,0.0,-4999.5,nan,0.0,nan
h2o_co2_hybrid_mrk,X(CO2)=0.900000,16000.0,923.15,0.9,29.73689,0.1,0.9,0.3,0.6333333,0.06666667,0.0,0.0,0.0,6794.895,5130064.0,0.0,-4999.5,nan,0.0,nan
h2o_co2_hybrid_mrk,X(CO2)=0.900000,17000.0,923.15,0.9,29.26547,0.1,0.9,0.3,0.6333333,0.06666667,0.0,0.0,0.0,8638.926,8011175.0,0.0,-4999.5,nan,0.0,nan
h2o_co2_hybrid_mrk,X(CO2)=0.900000,18000.0,923.15,0.9,28.83208,0.1,0.9,0.3,0.6333333,0.06666667,0.0,0.0,0.0,10956.79,12469380.0,0.0,-4999.5,nan,0.0,nan
h2o_co2_hybrid_mrk,X(CO2)=0.900000,19000.0,923.15,0.9,28.43152,0.1,0.9,0.3,0.6333333,0.06666667,0.0,0.0,0.0,13866.06,19351740.0,0.0,-4999.5,nan,0.0,nan
h2o_co2_hybrid_mrk,X(CO2)=0.900000,20000.0,923.15,0.9,28.05954,0.1,0.9,0.3,0.6333333,0.06666667,0.0,0.0,0.0,17512.79,29953680.0,0.0,-4999.5,nan,0.0,nan
h2o_co2_hybrid_mrk,X(CO2)=0.900000,1000.0,973.15,0.9,102.7728,0.1,0.9,0.3,0.6333333,0.06666667,0.0,0.0,0.0,68.83166,1165.667,0.0,-4999.5,nan,0.0,nan
h2o_co2_hybrid_mrk,X(CO2)=0.900000,2000.0,973.15,0.9,66.62411,0.1,0.9,0.3,0.6333333,0.06666667,0.0,0.0,0.0,123.9629,3197.113,0.0,-4999.5,nan,0.0,nan
h2o_co2_hybrid_mrk,X(CO2)=0.900000,3000.0,973.15,0.9,54.15336,0.1,0.9,0.3,0.6333333,0.06666667,0.0,0.0,0.0,188.1998,6719.407,0.0,-4999.5,nan,0.0,nan
h2o_co2_hybrid_mrk,X(CO2)=0.900000,4000.0,973.15,0.9,47.63507,0.1,0.9,0.3,0.6333333,0.06666667,0.0,0.0,0.0,268.7691,12682.42,0.0,-4999.5,nan,0.0,nan
h2o_co2_hybrid_mrk,X(CO2)=0.900000,5000.0,973.15,0.9,43.5448,0.1,0.9,0.3,0.6333333,0.06666667,0.0,0.0,0.0,371.4319,22569.43,0.0,-4999.5,nan,0.0,nan
h2o_co2_hybrid_mrk,X(CO2)=0.900000,6000.0,973.15,0.9,40.69142,0.1,0.9,0.3,0.6333333,0.06666667,0.0,0.0,0.0,502.557,38693.1,0.0,-4999.5,nan,0.0,nan
h2o_co2_hybrid_mrk,X(CO2)=0.900000,7000.0,973.15,0.9,38.55847,0.1,0.9,0.3,0.6333333,0.06666667,0.0,0.0,0.0,669.7923,64642.42,0.0,-4999.5,nan,0.0,nan
h2o_co2_hybrid_mrk,X(CO2)=0.900000,8000.0,973.15,0.9,36.88507,0.1,0.9,0.3,0.6333333,0.06666667,0.0,0.0,0.0,882.5278,105961.2,0.0,-4999.5,nan,0.0,nan
h2o_co2_hybrid_mrk,X(CO2)=0.900000,9000.0,973.15,0.9,35.52482,0.1,0.9,0.3,0.6333333,0.06666667,0.0,0.0,0.0,1152.367,171176.1,0.0,-4999.5,nan,0.0,nan
h2o_co2_hybrid_mrk,X(CO2)=0.900000,10000.0,973.15,0.9,34.38888,0.1,0.9,0.3,0.6333333,0.06666667,0.0,0.0,0.0,1493.672,273353.0,0.0,-4999.5,nan,0.0,nan
h2o_co2_hybrid_mrk,X(CO2)=0.900000,11000.0,973.15,0.9,33.42,0.1,0.9,0.3,0.6333333,0.06666667,0.0,0.0,0.0,1924.222,432445.1,0.0,-4999.5,nan,0.0,nan
h2o_co2_hybrid_mrk,X(CO2)=0.900000,12000.0,973.15,0.9,32.5795,0.1,0.9,0.3,0.6333333,0.06666667,0.0,0.0,0.0,2466.01,678832.4,0.0,-4999.5,nan,0.0,nan
h2o_co2_hybrid_mrk,X(CO2)=0.900000,13000.0,973.15,0.9,31.8402,0.1,0.9,0.3,0.6333333,0.06666667,0.0,0.0,0.0,3146.223,1058645.0,0.0,-4999.5,nan,0.0,nan
h2o_co2_hybrid_mrk,X(CO2)=0.900000,14000.0,973.15,0.9,31.18237,0.1,0.9,0.3,0.6333333,0.06666667,0.0,0.0,0.0,3998.437,1641759.0,0.0,-4999.5,nan,0.0,nan
h2o_co2_hybrid_mrk,X(CO2)=0.900000,15000.0,973.15,0.9,30.59134,0.1,0.9,0.3,0.6333333,0.06666667,0.0,0.0,0.0,5064.09,2533780.0,0.0,-4999.5,nan,0.0,nan
h2o_co2_hybrid_mrk,X(CO2)=0.900000,16000.0,973.15,0.9,30.0559,0.1,0.9,0.3,0.6333333,0.06666667,0.0,0.0,0.0,6394.27,3894000.0,0.0,-4999.5,nan,0.0,nan
h2o_co2_hybrid_mrk,X(CO2)=0.900000,17000.0,973.15,0.9,29.56734,0.1,0.9,0.3,0.6333333,0.06666667,0.0,0.0,0.0,8051.92,5962232.0,0.0,-4999.5,nan,0.0,nan
h2o_co2_hybrid_mrk,X(CO2)=0.900000,18000.0,973.15,0.9,29.11877,0.1,0.9,0.3,0.6333333,0.06666667,0.0,0.0,0.0,10114.53,9098909.0,0.0,-4999.5,nan,0.0,nan
h2o_co2_hybrid_mrk,X(CO2)=0.900000,19000.0,973.15,0.9,28.70467,0.1,0.9,0.3,0.6333333,0.06666667,0.0,0.0,0.0,12677.41,13844900.0,0.0,-4999.5,nan,0.0,nan
h2o_co2_hybrid_mrk,X(CO2)=0.900000,20000.0,973.15,0.9,28.32052,0.1,0.9,0.3,0.6333333,0.06666667,0.0,0.0,0.0,15857.76,21010660.0,0.0,-4999.5,nan,0.0,nan
h2o_co2_hybrid_mrk,X(CO2)=0.900000,1000.0,1023.15,0.9,107.6543,0.1,0.9,0.3,0.6333333,0.06666667,0.0,0.0,0.0,71.61836,1164.473,0.0,-4999.5,nan,0.0,nan
h2o_co2_hybrid_mrk,X(CO2)=0.900000,2000.0,1023.15,0.9,69.16259,0.1,0.9,0.3,0.6333333,0.06666667,0.0,0.0,0.0,130.1492,3158.473,0.0,-4999.5,nan,0.0,nan
h2o_co2_hybrid_mrk,X(CO2)=0.900000,3000.0,1023.15,0.9,55.86729,0.1,0.9,0.3,0.6333333,0.06666667,0.0,0.0,0.0,197.3989,6543.423,0.0,-4999.5,nan,0.0,nan
h2o_co2_hybrid_mrk,X(CO2)=0.900000,4000.0,1023.15,0.9,48.91399,0.1,0.9,0.3,0.6333333,0.06666667,0.0,0.0,0.0,280.6202,12157.19,0.0,-4999.5,nan,0.0,nan
h2o_co2_hybrid_mrk,X(CO2)=0.900000,5000.0,1023.15,0.9,44.55863,0.1,0.9,0.3,0.6333333,0.06666667,0.0,0.0,0.0,385.4148,21281.49,0.0,-4999.5,nan,0.0,nan
h2o_co2_hybrid_mrk,X(CO2)=0.900000,6000.0,1023.15,0.9,41.52932,0.1,0.9,0.3,0.6333333,0.06666667,0.0,0.0,0.0,517.8127,35874.59,0.0,-4999.5,nan,0.0,nan
h2o_co2_hybrid_mrk,X(CO2)=0.900000,7000.0,1023.15,0.9,39.2723,0.1,0.9,0.3,0.6333333,0.06666667,0.0,0.0,0.0,684.9321,58915.62,0.0,-4999.5,nan,0.0,nan
h2o_co2_hybrid_mrk,X(CO2)=0.900000,8000.0,1023.15,0.9,37.50728,0.1,0.9,0.3,0.6333333,0.06666667,0.0,0.0,0.0,895.4008,94916.79,0.0,-4999.5,nan,0.0,nan
h2o_co2_hybrid_mrk,X(CO2)=0.900000,9000.0,1023.15,0.9,36.07686,0.1,0.9,0.3,0.6333333,0.06666667,0.0,0.0,0.0,1159.762,150684.8,0.0,-4999.5,nan,0.0,nan
h2o_co2_hybrid_mrk,X(CO2)=0.900000,10000.0,1023.15,0.9,34.88558,0.1,0.9,0.3,0.6333333,0.06666667,0.0,0.0,0.0,1490.93,236451.0,0.0,-4999.5,nan,0.0,nan
h2o_co2_hybrid_mrk,X(CO2)=0.900000,11000.0,1023.15,0.9,33.87201,0.1,0.9,0.3,0.6333333,0.06666667,0.0,0.0,0.0,1904.731,367544.1,0.0,-4999.5,nan,0.0,nan
h2o_co2_hybrid_mrk,X(CO2)=0.900000,12000.0,1023.15,0.9,32.99469,0.1,0.9,0.3,0.6333333,0.06666667,0.0,0.0,0.0,2420.551,566864.8,0.0,-4999.5,nan,0.0,nan
h2o_co2_hybrid_mrk,X(CO2)=0.900000,13000.0,1023.15,0.9,32.22453,0.1,0.9,0.3,0.6333333,0.06666667,0.0,0.0,0.0,3062.123,868535.8,0.0,-4999.5,nan,0.0,nan
h2o_co2_hybrid_mrk,X(CO2)=0.900000,14000.0,1023.15,0.9,31.54048,0.1,0.9,0.3,0.6333333,0.06666667,0.0,0.0,0.0,3858.477,1323282.0,0.0,-4999.5,nan,0.0,nan
h2o_co2_hybrid_mrk,X(CO2)=0.900000,15000.0,1023.15,0.9,30.92689,0.1,0.9,0.3,0.6333333,0.06666667,0.0,0.0,0.0,4845.097,2006348.0,0.0,-4999.5,nan,0.0,nan
h2o_co2_hybrid_mrk,X(CO2)=0.900000,16000.0,1023.15,0.9,30.37184,0.1,0.9,0.3,0.6333333,0.06666667,0.0,0.0,0.0,6065.322,3029127.0,0.0,-4999.5,nan,0.0,nan
h2o_co2_hybrid_mrk,X(CO2)=0.900000,17000.0,1023.15,0.9,29.86606,0.1,0.9,0.3,0.6333333,0.06666667,0.0,0.0,0.0,7572.04,4556240.0,0.0,-4999.5,nan,0.0,nan
h2o_co2_hybrid_mrk,X(CO2)=0.900000,18000.0,1023.15,0.9,29.40226,0.1,0.9,0.3,0.6333333,0.06666667,0.0,0.0,0.0,9429.752,6830561.0,0.0,-4999.5,nan,0.0,nan
h2o_co2_hybrid_mrk,X(CO2)=0.900000,19000.0,1023.15,0.9,28.97458,0.1,0.9,0.3,0.6333333,0.06666667,0.0,0.0,0.0,11717.06,10209870.0,0.0,-4999.5,nan,0.0,nan
h2o_co2_hybrid_mrk,X(CO2)=0.900000,20000.0,1023.15,0.9,28.57825,0.1,0.9,0.3,0.6333333,0.06666667,0.0,0.0,0.0,14529.7,15220480.0,0.0,-4999.5,nan,0.0,nan
h2o_co2_hybrid_mrk,X(CO2)=0.900000,1000.0,1073.15,0.9,112.5012,0.1,0.9,0.3,0.6333333,0.06666667,0.0,0.0,0.0,74.16208,1161.708,0.0,-4999.5,nan,0.0,nan
h2o_co2_hybrid_mrk,X(CO2)=0.900000,2000.0,1073.15,0.9,71.68445,0.1,0.9,0.3,0.6333333,0.06666667,0.0,0.0,0.0,135.9443,3118.181,0.0,-4999.5,nan,0.0,nan
h2o_co2_hybrid_mrk,X(CO2)=0.900000,3000.0,1073.15,0.9,57.58108,0.1,0.9,0.3,0.6333333,0.06666667,0.0,0.0,0.0,206.1076,6375.454,0.0,-4999.5,nan,0.0,nan
h2o_co2_hybrid_mrk,X(CO2)=0.900000,4000.0,1073.15,0.9,50.19767,0.1,0.9,0.3,0.6333333,0.06666667,0.0,0.0,0.0,291.8889,11676.42,0.0,-4999.5,nan,0.0,nan
h2o_co2_hybrid_mrk,X(CO2)=0.900000,5000.0,1073.15,0.9,45.57737,0.1,0.9,0.3,0.6333333,0.06666667,0.0,0.0,0.0,398.7423,20136.42,0.0,-4999.5,nan,0.0,nan
h2o_co2_hybrid_mrk,X(CO2)=0.900000,6000.0,1073.15,0.9,42.37095,0.1,0.9,0.3,0.6333333,0.06666667,0.0,0.0,0.0,532.3975,33428.34,0.0,-4999.5,nan,0.0,nan
h2o_co2_hybrid_mrk,X(CO2)=0.900000,7000.0,1073.15,0.9,39.98854,0.1,0.9,0.3,0.6333333,0.06666667,0.0,0.0,0.0,699.5094,54051.32,0.0,-4999.5,nan,0.0,nan
h2o_co2_hybrid_mrk,X(CO2)=0.900000,8000.0,1073.15,0.9,38.13072,0.1,0.9,0.3,0.6333333,0.06666667,0.0,0.0,0.0,908.0464,85723.46,0.0,-4999.5,nan,0.0,nan
h2o_co2_hybrid_mrk,X(CO2)=0.900000,9000.0,1073.15,0.9,36.62919,0.1,0.9,0.3,0.6333333,0.06666667,0.0,0.0,0.0,1167.645,133955.2,0.0,-4999.5,nan,0.0,nan
h2o_co2_hybrid_mrk,X(CO2)=0.900000,10000.0,1073.15,0.9,35.38184,0.1,0.9,0.3,0.6333333,0.06666667,0.0,0.0,0.0,1489.995,206885.1,0.0,-4999.5,nan,0.0,nan
h2o_co2_hybrid_mrk,X(CO2)=0.900000,11000.0,1073.15,0.9,34.32301,0.1,0.9,0.3,0.6333333,0.06666667,0.0,0.0,0.0,1889.291,316497.0,0.0,-4999.5,nan,0.0,nan
h2o_co2_hybrid_mrk,X(CO2)=0.900000,12000.0,1073.15,0.9,33.40842,0.1,0.9,0.3,0.6333333,0.06666667,0.0,0.0,0.0,2382.765,480386.7,0.0,-4999.5,nan,0.0,nan
h2o_co2_hybrid_mrk,X(CO2)=0.900000,13000.0,1073.15,0.9,32.60707,0.1,0.9,0.3,0.6333333,0.06666667,0.0,0.0,0.0,2991.325,724326.8,0.0,-4999.5,nan,0.0,nan
h2o_co2_hybrid_mrk,X(CO2)=0.900000,14000.0,1073.15,0.9,31.89655,0.1,0.9,0.3,0.6333333,0.06666667,0.0,0.0,0.0,3740.326,1085980.0,0.0,-4999.5,nan,0.0,nan
h2o_co2_hybrid_mrk,X(CO2)=0.900000,15000.0,1073.15,0.9,31.26021,0.1,0.9,0.3,0.6333333,0.06666667,0.0,0.0,0.0,4660.487,1620269.0,0.0,-4999.5,nan,0.0,nan
h2o_co2_hybrid_mrk,X(CO2)=0.900000,16000.0,1073.15,0.9,30.68539,0.1,0.9,0.3,0.6333333,0.06666667,0.0,0.0,0.0,5789.003,2407140.0,0.0,-4999.5,nan,0.0,nan
h2o_co2_hybrid_mrk,X(CO2)=0.900000,17000.0,1073.15,0.9,30.16229,0.1,0.9,0.3,0.6333333,0.06666667,0.0,0.0,0.0,7170.882,3562755.0,0.0,-4999.5,nan,0.0,nan
h2o_co2_hybrid_mrk,X(CO2)=0.900000,18000.0,1073.15,0.9,29.68318,0.1,0.9,0.3,0.6333333,0.06666667,0.0,0.0,0.0,8860.537,5255635.0,0.0,-4999.5,nan,0.0,nan
h2o_co2_hybrid_mrk,X(CO2)=0.900000,19000.0,1073.15,0.9,29.24187,0.1,0.9,0.3,0.6333333,0.06666667,0.0,0.0,0.0,10923.72,7729888.0,0.0,-4999.5,nan,0.0,nan
h2o_co2_hybrid_mrk,X(CO2)=0.900000,20000.0,1073.15,0.9,28.83332,0.1,0.9,0.3,0.6333333,0.06666667,0.0,0.0,0.0,13439.83,11338640.0,0.0,-4999.5,nan,0.0,nan
h2o_co2_hybrid_mrk,X(CO2)=0.900000,1000.0,1123.15,0.9,117.3139,0.1,0.9,0.3,0.6333333,0.06666667,0.0,0.0,0.0,76.47599,1157.825,0.0,-4999.5,nan,0.0,nan
h2o_co2_hybrid_mrk,X(CO2)=0.900000,2000.0,1123.15,0.9,74.19097,0.1,0.9,0.3,0.6333333,0.06666667,0.0,0.0,0.0,141.3377,3077.271,0.0,-4999.5,nan,0.0,nan
h2o_co2_hybrid_mrk,X(CO2)=0.900000,3000.0,1123.15,0.9,59.29317,0.1,0.9,0.3,0.6333333,0.06666667,0.0,0.0,0.0,214.2874,6216.034,0.0,-4999.5,nan,0.0,nan
h2o_co2_hybrid_mrk,X(CO2)=0.900000,4000.0,1123.15,0.9,51.48544,0.1,0.9,0.3,0.6333333,0.06666667,0.0,0.0,0.0,302.5069,11236.0,0.0,-4999.5,nan,0.0,nan
h2o_co2_hybrid_mrk,X(CO2)=0.900000,5000.0,1123.15,0.9,46.60109,0.1,0.9,0.3,0.6333333,0.06666667,0.0,0.0,0.0,411.309,19114.04,0.0,-4999.5,nan,0.0,nan
h2o_co2_hybrid_mrk,X(CO2)=0.900000,6000.0,1123.15,0.9,43.21682,0.1,0.9,0.3,0.6333333,0.06666667,0.0,0.0,0.0,546.1528,31290.76,0.0,-4999.5,nan,0.0,nan
h2o_co2_hybrid_mrk,X(CO2)=0.900000,7000.0,1123.15,0.9,40.70786,0.1,0.9,0.3,0.6333333,0.06666667,0.0,0.0,0.0,713.2822,49882.85,0.0,-4999.5,nan,0.0,nan
h2o_co2_hybrid_mrk,X(CO2)=0.900000,8000.0,1123.15,0.9,38.75617,0.1,0.9,0.3,0.6333333,0.06666667,0.0,0.0,0.0,920.0875,77988.16,0.0,-4999.5,nan,0.0,nan
h2o_co2_hybrid_mrk,X(CO2)=0.900000,9000.0,1123.15,0.9,37.1826,0.1,0.9,0.3,0.6333333,0.06666667,0.0,0.0,0.0,1175.419,120124.1,0.0,-4999.5,nan,0.0,nan
h2o_co2_hybrid_mrk,X(CO2)=0.900000,10000.0,1123.15,0.9,35.87843,0.1,0.9,0.3,0.6333333,0.06666667,0.0,0.0,0.0,1489.918,182856.6,0.0,-4999.5,nan,0.0,nan
h2o_co2_hybrid_mrk,X(CO2)=0.900000,11000.0,1123.15,0.9,34.77374,0.1,0.9,0.3,0.6333333,0.06666667,0.0,0.0,0.0,1876.395,275700.7,0.0,-4999.5,nan,0.0,nan
h2o_co2_hybrid_mrk,X(CO2)=0.900000,12000.0,1123.15,0.9,33.82142,0.1,0.9,0.3,0.6333333,0.06666667,0.0,0.0,0.0,2350.274,412409.0,0.0,-4999.5,nan,0.0,nan
h2o_co2_hybrid_mrk,X(CO2)=0.900000,13000.0,1123.15,0.9,32.98852,0.1,0.9,0.3,0.6333333,0.06666667,0.0,0.0,0.0,2930.119,612810.2,0.0,-4999.5,nan,0.0,nan
h2o_co2_hybrid_mrk,X(CO2)=0.900000,14000.0,1123.15,0.9,32.25124,0.1,0.9,0.3,0.6333333,0.06666667,0.0,0.0,0.0,3638.259,905431.8,0.0,-4999.5,nan,0.0,nan
h2o_co2_hybrid_mrk,X(CO2)=0.900000,15000.0,1123.15,0.9,31.59192,0.1,0.9,0.3,0.6333333,0.06666667,0.0,0.0,0.0,4501.535,1331234.0,0.0,-4999.5,nan,0.0,nan
h2o_co2_hybrid_mrk,X(CO2)=0.900000,16000.0,1123.15,0.9,30.99717,0.1,0.9,0.3,0.6333333,0.06666667,0.0,0.0,0.0,5552.191,1948919.0,0.0,-4999.5,nan,0.0,nan
h2o_co2_hybrid_mrk,X(CO2)=0.900000,17000.0,1123.15,0.9,30.45662,0.1,0.9,0.3,0.6333333,0.06666667,0.0,0.0,0.0,6828.932,2842479.0,0.0,-4999.5,nan,0.0,nan
h2o_co2_hybrid_mrk,X(CO2)=0.900000,18000.0,1123.15,0.9,29.96209,0.1,0.9,0.3,0.6333333,0.06666667,0.0,0.0,0.0,8378.192,4131897.0,0.0,-4999.5,nan,0.0,nan
h2o_co2_hybrid_mrk,X(CO2)=0.900000,19000.0,1123.15,0.9,29.50707,0.1,0.9,0.3,0.6333333,0.06666667,0.0,0.0,0.0,10255.64,5988333.0,0.0,-4999.5,nan,0.0,nan
h2o_co2_hybrid_mrk,X(CO2)=0.900000,20000.0,1123.15,0.9,29.08625,0.1,0.9,0.3,0.6333333,0.06666667,0.0,0.0,0.0,12527.99,8655616.0,0.0,-4999.5,nan,0.0,nan
h2o_co2_hybrid_mrk,X(CO2)=0.900000,1000.0,1173.15,0.9,122.0948,0.1,0.9,0.3,0.6333333,0.06666667,0.0,0.0,0.0,78.5755,1153.159,0.0,-4999.5,nan,0.0,nan
h2o_co2_hybrid_mrk,X(CO2)=0.900000,2000.0,1173.15,0.9,76.68394,0.1,0.9,0.3,0.6333333,0.06666667,0.0,0.0,0.0,146.3308,3036.469,0.0,-4999.5,nan,0.0,nan
h2o_co2_hybrid_mrk,X(CO2)=0.900000,3000.0,1173.15,0.9,61.00253,0.1,0.9,0.3,0.6333333,0.06666667,0.0,0.0,0.0,221.9205,6065.289,0.0,-4999.5,nan,0.0,nan
h2o_co2_hybrid_mrk,X(CO2)=0.900000,4000.0,1173.15,0.9,52.77652,0.1,0.9,0.3,0.6333333,0.06666667,0.0,0.0,0.0,312.4365,10832.03,0.0,-4999.5,nan,0.0,nan
h2o_co2_hybrid_mrk,X(CO2)=0.900000,5000.0,1173.15,0.9,47.62971,0.1,0.9,0.3,0.6333333,0.06666667,0.0,0.0,0.0,423.0533,18197.42,0.0,-4999.5,nan,0.0,nan
h2o_co2_hybrid_mrk,X(CO2)=0.900000,6000.0,1173.15,0.9,44.06725,0.1,0.9,0.3,0.6333333,0.06666667,0.0,0.0,0.0,558.9827,29411.2,0.0,-4999.5,nan,0.0,nan
h2o_co2_hybrid_mrk,X(CO2)=0.900000,7000.0,1173.15,0.9,41.43083,0.1,0.9,0.3,0.6333333,0.06666667,0.0,0.0,0.0,726.0999,46281.77,0.0,-4999.5,nan,0.0,nan
h2o_co2_hybrid_mrk,X(CO2)=0.900000,8000.0,1173.15,0.9,39.38427,0.1,0.9,0.3,0.6333333,0.06666667,0.0,0.0,0.0,931.283,71416.18,0.0,-4999.5,nan,0.0,nan
h2o_co2_hybrid_mrk,X(CO2)=0.900000,9000.0,1173.15,0.9,37.73777,0.1,0.9,0.3,0.6333333,0.06666667,0.0,0.0,0.0,1182.693,108560.0,0.0,-4999.5,nan,0.0,nan
h2o_co2_hybrid_mrk,X(CO2)=0.900000,10000.0,1173.15,0.9,36.37603,0.1,0.9,0.3,0.6333333,0.06666667,0.0,0.0,0.0,1490.063,163077.6,0.0,-4999.5,nan,0.0,nan
h2o_co2_hybrid_mrk,X(CO2)=0.900000,11000.0,1173.15,0.9,35.22487,0.1,0.9,0.3,0.6333333,0.06666667,0.0,0.0,0.0,1865.014,242630.2,0.0,-4999.5,nan,0.0,nan
h2o_co2_hybrid_mrk,X(CO2)=0.900000,12000.0,1173.15,0.9,34.23434,0.1,0.9,0.3,0.6333333,0.06666667,0.0,0.0,0.0,2321.436,358131.0,0.0,-4999.5,nan,0.0,nan
h2o_co2_hybrid_mrk,X(CO2)=0.900000,13000.0,1173.15,0.9,33.3695,0.1,0.9,0.3,0.6333333,0.06666667,0.0,0.0,0.0,2875.917,525089.8,0.0,-4999.5,nan,0.0,nan
h2o_co2_hybrid_mrk,X(CO2)=0.900000,14000.0,1173.15,0.9,32.60515,0.1,0.9,0.3,0.6333333,0.06666667,0.0,0.0,0.0,3548.266,765502.7,0.0,-4999.5,nan,0.0,nan
h2o_co2_hybrid_mrk,X(CO2)=0.900000,15000.0,1173.15,0.9,31.92261,0.1,0.9,0.3,0.6333333,0.06666667,0.0,0.0,0.0,4362.119,1110504.0,0.0,-4999.5,nan,0.0,nan
h2o_co2_hybrid_mrk,X(CO2)=0.900000,16000.0,1173.15,0.9,31.30773,0.1,0.9,0.3,0.6333333,0.06666667,0.0,0.0,0.0,5345.663,1604085.0,0.0,-4999.5,nan,0.0,nan
h2o_co2_hybrid_mrk,X(CO2)=0.900000,17000.0,1173.15,0.9,30.74957,0.1,0.9,0.3,0.6333333,0.06666667,0.0,0.0,0.0,6532.49,2308303.0,0.0,-4999.5,nan,0.0,nan
h2o_co2_hybrid_mrk,X(CO2)=0.900000,18000.0,1173.15,0.9,30.2395,0.1,0.9,0.3,0.6333333,0.06666667,0.0,0.0,0.0,7962.614,3310564.0,0.0,-4999.5,nan,0.0,nan
h2o_co2_hybrid_mrk,X(CO2)=0.900000,19000.0,1173.15,0.9,29.77067,0.1,0.9,0.3,0.6333333,0.06666667,0.0,0.0,0.0,9683.66,4733812.0,0.0,-4999.5,nan,0.0,nan
h2o_co2_hybrid_mrk,X(CO2)=0.900000,20000.0,1173.15,0.9,29.3375,0.1,0.9,0.3,0.6333333,0.06666667,0.0,0.0,0.0,11752.29,6750750.0,0.0,-4999.5,nan,0.0,nan
h2o_co2_hybrid_mrk,X(CO2)=0.900000,1000.0,1223.15,0.9,126.8467,0.1,0.9,0.3,0.6333333,0.06666667,0.0,0.0,0.0,80.47701,1147.962,0.0,-4999.5,nan,0.0,nan
h2o_co2_hybrid_mrk,X(CO2)=0.900000,2000.0,1223.15,0.9,79.16503,0.1,0.9,0.3,0.6333333,0.06666667,0.0,0.0,0.0,150.9338,2996.273,0.0,-4999.5,nan,0.0,nan
h2o_co2_hybrid_mrk,X(CO2)=0.900000,3000.0,1223.15,0.9,62.70859,0.1,0.9,0.3,0.6333333,0.06666667,0.0,0.0,0.0,229.005,5923.091,0.0,-4999.5,nan,0.0,nan
h2o_co2_hybrid_mrk,X(CO2)=0.900000,4000.0,1223.15,0.9,54.07019,0.1,0.9,0.3,0.6333333,0.06666667,0.0,0.0,0.0,321.6639,10460.93,0.0,-4999.5,nan,0.0,nan
h2o_co2_hybrid_mrk,X(CO2)=0.900000,5000.0,1223.15,0.9,48.66303,0.1,0.9,0.3,0.6333333,0.06666667,0.0,0.0,0.0,433.9473,17372.37,0.0,-4999.5,nan,0.0,nan
h2o_co2_hybrid_mrk,X(CO2)=0.900000,6000.0,1223.15,0.9,44.92245,0.1,0.9,0.3,0.6333333,0.06666667,0.0,0.0,0.0,570.839,27748.92,0.0,-4999.5,nan,0.0,nan
h2o_co2_hybrid_mrk,X(CO2)=0.900000,7000.0,1223.15,0.9,42.1579,0.1,0.9,0.3,0.6333333,0.06666667,0.0,0.0,0.0,737.8801,43147.88,0.0,-4999.5,nan,0.0,nan
h2o_co2_hybrid_mrk,X(CO2)=0.900000,8000.0,1223.15,0.9,40.01558,0.1,0.9,0.3,0.6333333,0.06666667,0.0,0.0,0.0,941.4912,65783.31,0.0,-4999.5,nan,0.0,nan
h2o_co2_hybrid_mrk,X(CO2)=0.900000,9000.0,1223.15,0.9,38.29531,0.1,0.9,0.3,0.6333333,0.06666667,0.0,0.0,0.0,1189.224,98792.81,0.0,-4999.5,nan,0.0,nan
h2o_co2_hybrid_mrk,X(CO2)=0.900000,10000.0,1223.15,0.9,36.87527,0.1,0.9,0.3,0.6333333,0.06666667,0.0,0.0,0.0,1490.015,146609.3,0.0,-4999.5,nan,0.0,nan
h2o_co2_hybrid_mrk,X(CO2)=0.900000,11000.0,1223.15,0.9,35.67703,0.1,0.9,0.3,0.6333333,0.06666667,0.0,0.0,0.0,1854.456,215479.1,0.0,-4999.5,nan,0.0,nan
h2o_co2_hybrid_mrk,X(CO2)=0.900000,12000.0,1223.15,0.9,34.64777,0.1,0.9,0.3,0.6333333,0.06666667,0.0,0.0,0.0,2295.117,314181.4,0.0,-4999.5,nan,0.0,nan
h2o_co2_hybrid_mrk,X(CO2)=0.900000,13000.0,1223.15,0.9,33.75058,0.1,0.9,0.3,0.6333333,0.06666667,0.0,0.0,0.0,2826.907,455029.0,0.0,-4999.5,nan,0.0,nan
h2o_co2_hybrid_mrk,X(CO2)=0.900000,14000.0,1223.15,0.9,32.95882,0.1,0.9,0.3,0.6333333,0.06666667,0.0,0.0,0.0,3467.505,655254.3,0.0,-4999.5,nan,0.0,nan
h2o_co2_hybrid_mrk,X(CO2)=0.900000,15000.0,1223.15,0.9,32.2528,0.1,0.9,0.3,0.6333333,0.06666667,0.0,0.0,0.0,4237.868,938930.1,0.0,-4999.5,nan,0.0,nan
h2o_co2_hybrid_mrk,X(CO2)=0.900000,16000.0,1223.15,0.9,31.61757,0.1,0.9,0.3,0.6333333,0.06666667,0.0,0.0,0.0,5162.818,1339628.0,0.0,-4999.5,nan,0.0,nan
h2o_co2_hybrid_mrk,X(CO2)=0.900000,17000.0,1223.15,0.9,31.04162,0.1,0.9,0.3,0.6333333,0.06666667,0.0,0.0,0.0,6271.741,1904091.0,0.0,-4999.5,nan,0.0,nan
h2o_co2_hybrid_mrk,X(CO2)=0.900000,18000.0,1223.15,0.9,30.51588,0.1,0.9,0.3,0.6333333,0.06666667,0.0,0.0,0.0,7599.407,2697310.0,0.0,-4999.5,nan,0.0,nan
h2o_co2_hybrid_mrk,X(CO2)=0.900000,19000.0,1223.15,0.9,30.03312,0.1,0.9,0.3,0.6333333,0.06666667,0.0,0.0,0.0,9186.931,3809517.0,0.0,-4999.5,nan,0.0,nan
h2o_co2_hybrid_mrk,X(CO2)=0.900000,20000.0,1223.15,0.9,29.58751,0.1,0.9,0.3,0.6333333,0.06666667,0.0,0.0,0.0,11082.9,5365838.0,0.0,-4999.5,nan,0.0,nan
h2o_co2_hybrid_mrk,X(CO2)=0.900000,1000.0,1273.15,0.9,131.5726,0.1,0.9,0.3,0.6333333,0.06666667,0.0,0.0,0.0,82.19709,1142.423,0.0,-4999.5,nan,0.0,nan
h2o_co2_hybrid_mrk,X(CO2)=0.900000,2000.0,1273.15,0.9,81.63564,0.1,0.9,0.3,0.6333333,0.06666667,0.0,0.0,0.0,155.1626,2957.018,0.0,-4999.5,nan,0.0,nan
h2o_co2_hybrid_mrk,X(CO2)=0.900000,3000.0,1273.15,0.9,64.41118,0.1,0.9,0.3,0.6333333,0.06666667,0.0,0.0,0.0,235.5509,5789.151,0.0,-4999.5,nan,0.0,nan
h2o_co2_hybrid_mrk,X(CO2)=0.900000,4000.0,1273.15,0.9,55.36583,0.1,0.9,0.3,0.6333333,0.06666667,0.0,0.0,0.0,330.193,10119.41,0.0,-4999.5,nan,0.0,nan
h2o_co2_hybrid_mrk,X(CO2)=0.900000,5000.0,1273.15,0.9,49.70074,0.1,0.9,0.3,0.6333333,0.06666667,0.0,0.0,0.0,443.9886,16626.93,0.0,-4999.5,nan,0.0,nan
h2o_co2_hybrid_mrk,X(CO2)=0.900000,6000.0,1273.15,0.9,45.78251,0.1,0.9,0.3,0.6333333,0.06666667,0.0,0.0,0.0,581.7085,26270.91,0.0,-4999.5,nan,0.0,nan
h2o_co2_hybrid_mrk,X(CO2)=0.900000,7000.0,1273.15,0.9,42.88938,0.1,0.9,0.3,0.6333333,0.06666667,0.0,0.0,0.0,748.5899,40402.16,0.0,-4999.5,nan,0.0,nan
h2o_co2_hybrid_mrk,X(CO2)=0.900000,8000.0,1273.15,0.9,40.65056,0.1,0.9,0.3,0.6333333,0.06666667,0.0,0.0,0.0,950.6408,60916.66,0.0,-4999.5,nan,0.0,nan
h2o_co2_hybrid_mrk,X(CO2)=0.900000,9000.0,1273.15,0.9,38.85574,0.1,0.9,0.3,0.6333333,0.06666667,0.0,0.0,0.0,1194.871,90467.27,0.0,-4999.5,nan,0.0,nan
h2o_co2_hybrid_mrk,X(CO2)=0.900000,10000.0,1273.15,0.9,37.37668,0.1,0.9,0.3,0.6333333,0.06666667,0.0,0.0,0.0,1489.512,132755.2,0.0,-4999.5,nan,0.0,nan
h2o_co2_hybrid_mrk,X(CO2)=0.900000,11000.0,1273.15,0.9,36.13075,0.1,0.9,0.3,0.6333333,0.06666667,0.0,0.0,0.0,1844.258,192931.2,0.0,-4999.5,nan,0.0,nan
h2o_co2_hybrid_mrk,X(CO2)=0.900000,12000.0,1273.15,0.9,35.06226,0.1,0.9,0.3,0.6333333,0.06666667,0.0,0.0,0.0,2270.534,278145.6,0.0,-4999.5,nan,0.0,nan
h2o_co2_hybrid_mrk,X(CO2)=0.900000,13000.0,1273.15,0.9,34.13228,0.1,0.9,0.3,0.6333333,0.06666667,0.0,0.0,0.0,2781.804,398304.0,0.0,-4999.5,nan,0.0,nan
h2o_co2_hybrid_mrk,X(CO2)=0.900000,14000.0,1273.15,0.9,33.31277,0.1,0.9,0.3,0.6333333,0.06666667,0.0,0.0,0.0,3393.936,567101.9,0.0,-4999.5,nan,0.0,nan
h2o_co2_hybrid_mrk,X(CO2)=0.900000,15000.0,1273.15,0.9,32.58296,0.1,0.9,0.3,0.6333333,0.06666667,0.0,0.0,0.0,4125.617,803439.8,0.0,-4999.5,nan,0.0,nan
h2o_co2_hybrid_mrk,X(CO2)=0.900000,16000.0,1273.15,0.9,31.92715,0.1,0.9,0.3,0.6333333,0.06666667,0.0,0.0,0.0,4998.849,1133359.0,0.0,-4999.5,nan,0.0,nan
h2o_co2_hybrid_mrk,X(CO2)=0.900000,17000.0,1273.15,0.9,31.33321,0.1,0.9,0.3,0.6333333,0.06666667,0.0,0.0,0.0,6039.514,1592684.0,0.0,-4999.5,nan,0.0,nan
h2o_co2_hybrid_mrk,X(CO2)=0.900000,18000.0,1273.15,0.9,30.79163,0.1,0.9,0.3,0.6333333,0.06666667,0.0,0.0,0.0,7278.052,2230627.0,0.0,-4999.5,nan,0.0,nan
h2o_co2_hybrid_mrk,X(CO2)=0.900000,19000.0,1273.15,0.9,30.29482,0.1,0.9,0.3,0.6333333,0.06666667,0.0,0.0,0.0,8750.237,3114706.0,0.0,-4999.5,nan,0.0,nan
h2o_co2_hybrid_mrk,X(CO2)=0.900000,20000.0,1273.15,0.9,29.83666,0.1,0.9,0.3,0.6333333,0.06666667,0.0,0.0,0.0,10498.09,4337433.0,0.0,-4999.5,nan,0.0,nan
h2o_co2_hybrid_mrk,X(CO2)=0.900000,1000.0,1323.15,0.9,136.2749,0.1,0.9,0.3,0.6333333,0.06666667,0.0,0.0,0.0,83.75183,1136.68,0.0,-4999.5,nan,0.0,nan
h2o_co2_hybrid_mrk,X(CO2)=0.900000,2000.0,1323.15,0.9,84.09693,0.1,0.9,0.3,0.6333333,0.06666667,0.0,0.0,0.0,159.0371,2918.926,0.0,-4999.5,nan,0.0,nan
h2o_co2_hybrid_mrk,X(CO2)=0.900000,3000.0,1323.15,0.9,66.11038,0.1,0.9,0.3,0.6333333,0.06666667,0.0,0.0,0.0,241.5764,5663.09,0.0,-4999.5,nan,0.0,nan
h2o_co2_hybrid_mrk,X(CO2)=0.900000,4000.0,1323.15,0.9,56.66294,0.1,0.9,0.3,0.6333333,0.06666667,0.0,0.0,0.0,338.0407,9804.556,0.0,-4999.5,nan,0.0,nan
h2o_co2_hybrid_mrk,X(CO2)=0.900000,5000.0,1323.15,0.9,50.7425,0.1,0.9,0.3,0.6333333,0.06666667,0.0,0.0,0.0,453.1927,15950.99,0.0,-4999.5,nan,0.0,nan
h2o_co2_hybrid_mrk,X(CO2)=0.900000,6000.0,1323.15,0.9,46.64739,0.1,0.9,0.3,0.6333333,0.06666667,0.0,0.0,0.0,591.6035,24950.18,0.0,-4999.5,nan,0.0,nan
h2o_co2_hybrid_mrk,X(CO2)=0.900000,7000.0,1323.15,0.9,43.62548,0.1,0.9,0.3,0.6333333,0.06666667,0.0,0.0,0.0,758.2312,37981.65,0.0,-4999.5,nan,0.0,nan
h2o_co2_hybrid_mrk,X(CO2)=0.900000,8000.0,1323.15,0.9,41.28958,0.1,0.9,0.3,0.6333333,0.06666667,0.0,0.0,0.0,958.7104,56681.3,0.0,-4999.5,nan,0.0,nan
h2o_co2_hybrid_mrk,X(CO2)=0.900000,9000.0,1323.15,0.9,39.41951,0.1,0.9,0.3,0.6333333,0.06666667,0.0,0.0,0.0,1199.564,83311.23,0.0,-4999.5,nan,0.0,nan
h2o_co2_hybrid_mrk,X(CO2)=0.900000,10000.0,1323.15,0.9,37.88076,0.1,0.9,0.3,0.6333333,0.06666667,0.0,0.0,0.0,1488.4,120990.9,0.0,-4999.5,nan,0.0,nan
h2o_co2_hybrid_mrk,X(CO2)=0.900000,11000.0,1323.15,0.9,36.58653,0.1,0.9,0.3,0.6333333,0.06666667,0.0,0.0,0.0,1834.119,174011.5,0.0,-4999.5,nan,0.0,nan
h2o_co2_hybrid_mrk,X(CO2)=0.900000,12000.0,1323.15,0.9,35.47827,0.1,0.9,0.3,0.6333333,0.06666667,0.0,0.0,0.0,2247.147,248262.1,0.0,-4999.5,nan,0.0,nan
h2o_co2_hybrid_mrk,X(CO2)=0.900000,13000.0,1323.15,0.9,34.51508,0.1,0.9,0.3,0.6333333,0.06666667,0.0,0.0,0.0,2739.697,351808.7,0.0,-4999.5,nan,0.0,nan
h2o_co2_hybrid_mrk,X(CO2)=0.900000,14000.0,1323.15,0.9,33.66744,0.1,0.9,0.3,0.6333333,0.06666667,0.0,0.0,0.0,3326.076,495677.5,0.0,-4999.5,nan,0.0,nan
h2o_co2_hybrid_mrk,X(CO2)=0.900000,15000.0,1323.15,0.9,32.91354,0.1,0.9,0.3,0.6333333,0.06666667,0.0,0.0,0.0,4023.038,694914.7,0.0,-4999.5,nan,0.0,nan
h2o_co2_hybrid_mrk,X(CO2)=0.900000,16000.0,1323.15,0.9,32.23689,0.1,0.9,0.3,0.6333333,0.06666667,0.0,0.0,0.0,4850.193,970020.1,0.0,-4999.5,nan,0.0,nan
h2o_co2_hybrid_mrk,X(CO2)=0.900000,17000.0,1323.15,0.9,31.62475,0.1,0.9,0.3,0.6333333,0.06666667,0.0,0.0,0.0,5830.478,1348881.0,0.0,-4999.5,nan,0.0,nan
h2o_co2_hybrid_mrk,X(CO2)=0.900000,18000.0,1323.15,0.9,31.06715,0.1,0.9,0.3,0.6333333,0.06666667,0.0,0.0,0.0,6990.715,1869383.0,0.0,-4999.5,nan,0.0,nan
h2o_co2_hybrid_mrk,X(CO2)=0.900000,19000.0,1323.15,0.9,30.55614,0.1,0.9,0.3,0.6333333,0.06666667,0.0,0.0,0.0,8362.25,2582929.0,0.0,-4999.5,nan,0.0,nan
h2o_co2_hybrid_mrk,X(CO2)=0.900000,20000.0,1323.15,0.9,30.08531,0.1,0.9,0.3,0.6333333,0.06666667,0.0,0.0,0.0,9981.695,3559177.0,0.0,-4999.5,nan,0.0,nan
h2o_co2_hybrid_mrk,X(CO2)=0.900000,1000.0,1373.15,0.9,140.956,0.1,0.9,0.3,0.6333333,0.06666667,0.0,0.0,0.0,85.1565,1130.838,0.0,-4999.5,nan,0.0,nan
h2o_co2_hybrid_mrk,X(CO2)=0.900000,2000.0,1373.15,0.9,86.54982,0.1,0.9,0.3,0.6333333,0.06666667,0.0,0.0,0.0,162.5792,2882.131,0.0,-4999.5,nan,0.0,nan
h2o_co2_hybrid_mrk,X(CO2)=0.900000,3000.0,1373.15,0.9,67.80638,0.1,0.9,0.3,0.6333333,0.06666667,0.0,0.0,0.0,247.1052,5544.48,0.0,-4999.5,nan,0.0,nan
h2o_co2_hybrid_mrk,X(CO2)=0.900000,4000.0,1373.15,0.9,57.96115,0.1,0.9,0.3,0.6333333,0.06666667,0.0,0.0,0.0,345.2331,9513.715,0.0,-4999.5,nan,0.0,nan
h2o_co2_hybrid_mrk,X(CO2)=0.900000,5000.0,1373.15,0.9,51.78796,0.1,0.9,0.3,0.6333333,0.06666667,0.0,0.0,0.0,461.588,15335.98,0.0,-4999.5,nan,0.0,nan
h2o_co2_hybrid_mrk,X(CO2)=0.900000,6000.0,1373.15,0.9,47.51698,0.1,0.9,0.3,0.6333333,0.06666667,0.0,0.0,0.0,600.5534,23764.54,0.0,-4999.5,nan,0.0,nan
h2o_co2_hybrid_mrk,X(CO2)=0.900000,7000.0,1373.15,0.9,44.36631,0.1,0.9,0.3,0.6333333,0.06666667,0.0,0.0,0.0,766.83,35835.68,0.0,-4999.5,nan,0.0,nan
h2o_co2_hybrid_mrk,X(CO2)=0.900000,8000.0,1373.15,0.9,41.93289,0.1,0.9,0.3,0.6333333,0.06666667,0.0,0.0,0.0,965.7129,52970.71,0.0,-4999.5,nan,0.0,nan
h2o_co2_hybrid_mrk,X(CO2)=0.900000,9000.0,1373.15,0.9,39.98696,0.1,0.9,0.3,0.6333333,0.06666667,0.0,0.0,0.0,1203.286,77113.56,0.0,-4999.5,nan,0.0,nan
h2o_co2_hybrid_mrk,X(CO2)=0.900000,10000.0,1373.15,0.9,38.3879,0.1,0.9,0.3,0.6333333,0.06666667,0.0,0.0,0.0,1486.6,110916.0,0.0,-4999.5,nan,0.0,nan
h2o_co2_hybrid_mrk,X(CO2)=0.900000,11000.0,1373.15,0.9,37.04478,0.1,0.9,0.3,0.6333333,0.06666667,0.0,0.0,0.0,1823.852,157986.6,0.0,-4999.5,nan,0.0,nan
h2o_co2_hybrid_mrk,X(CO2)=0.900000,12000.0,1373.15,0.9,35.89625,0.1,0.9,0.3,0.6333333,0.06666667,0.0,0.0,0.0,2224.588,223225.4,0.0,-4999.5,nan,0.0,nan
h2o_co2_hybrid_mrk,X(CO2)=0.900000,13000.0,1373.15,0.9,34.89939,0.1,0.9,0.3,0.6333333,0.06666667,0.0,0.0,0.0,2699.931,313272.6,0.0,-4999.5,nan,0.0,nan
h2o_co2_hybrid_mrk,X(CO2)=0.900000,14000.0,1373.15,0.9,34.02324,0.1,0.9,0.3,0.6333333,0.06666667,0.0,0.0,0.0,3262.837,437110.4,0.0,-4999.5,nan,0.0,nan
h2o_co2_hybrid_mrk,X(CO2)=0.900000,15000.0,1373.15,0.9,33.24494,0.1,0.9,0.3,0.6333333,0.06666667,0.0,0.0,0.0,3928.394,606867.9,0.0,-4999.5,nan,0.0,nan
h2o_co2_hybrid_mrk,X(CO2)=0.900000,16000.0,1373.15,0.9,32.54717,0.1,0.9,0.3,0.6333333,0.06666667,0.0,0.0,0.0,4714.168,838898.7,0.0,-4999.5,nan,0.0,nan
h2o_co2_hybrid_mrk,X(CO2)=0.900000,17000.0,1373.15,0.9,31.91661,0.1,0.9,0.3,0.6333333,0.06666667,0.0,0.0,0.0,5640.599,1155220.0,0.0,-4999.5,nan,0.0,nan
h2o_co2_hybrid_mrk,X(CO2)=0.900000,18000.0,1373.15,0.9,31.3428,0.1,0.9,0.3,0.6333333,0.06666667,0.0,0.0,0.0,6731.458,1585436.0,0.0,-4999.5,nan,0.0,nan
h2o_co2_hybrid_mrk,X(CO2)=0.900000,19000.0,1373.15,0.9,30.81742,0.1,0.9,0.3,0.6333333,0.06666667,0.0,0.0,0.0,8014.382,2169298.0,0.0,-4999.5,nan,0.0,nan
h2o_co2_hybrid_mrk,X(CO2)=0.900000,20000.0,1373.15,0.9,30.33377,0.1,0.9,0.3,0.6333333,0.06666667,0.0,0.0,0.0,9521.479,2960129.0,0.0,-4999.5,nan,0.0,nan
h2o_co2_hybrid_mrk,X(CO2)=0.900000,1000.0,1423.15,0.9,145.6177,0.1,0.9,0.3,0.6333333,0.06666667,0.0,0.0,0.0,86.42537,1124.974,0.0,-4999.5,nan,0.0,nan
h2o_co2_hybrid_mrk,X(CO2)=0.900000,2000.0,1423.15,0.9,88.99512,0.1,0.9,0.3,0.6333333,0.06666667,0.0,0.0,0.0,165.8114,2846.709,0.0,-4999.5,nan,0.0,nan
h2o_co2_hybrid_mrk,X(CO2)=0.900000,3000.0,1423.15,0.9,69.49941,0.1,0.9,0.3,0.6333333,0.06666667,0.0,0.0,0.0,252.1646,5432.873,0.0,-4999.5,nan,0.0,nan
h2o_co2_hybrid_mrk,X(CO2)=0.900000,4000.0,1423.15,0.9,59.26023,0.1,0.9,0.3,0.6333333,0.06666667,0.0,0.0,0.0,351.8015,9244.546,0.0,-4999.5,nan,0.0,nan
h2o_co2_hybrid_mrk,X(CO2)=0.900000,5000.0,1423.15,0.9,52.83681,0.1,0.9,0.3,0.6333333,0.06666667,0.0,0.0,0.0,469.2111,14774.59,0.0,-4999.5,nan,0.0,nan
h2o_co2_hybrid_mrk,X(CO2)=0.900000,6000.0,1423.15,0.9,48.3911,0.1,0.9,0.3,0.6333333,0.06666667,0.0,0.0,0.0,608.5992,22695.6,0.0,-4999.5,nan,0.0,nan
h2o_co2_hybrid_mrk,X(CO2)=0.900000,7000.0,1423.15,0.9,45.11191,0.1,0.9,0.3,0.6333333,0.06666667,0.0,0.0,0.0,774.4285,33923.12,0.0,-4999.5,nan,0.0,nan
h2o_co2_hybrid_mrk,X(CO2)=0.900000,8000.0,1423.15,0.9,42.58068,0.1,0.9,0.3,0.6333333,0.06666667,0.0,0.0,0.0,971.6835,49699.95,0.0,-4999.5,nan,0.0,nan
h2o_co2_hybrid_mrk,X(CO2)=0.900000,9000.0,1423.15,0.9,40.55839,0.1,0.9,0.3,0.6333333,0.06666667,0.0,0.0,0.0,1206.051,71708.52,0.0,-4999.5,nan,0.0,nan
h2o_co2_hybrid_mrk,X(CO2)=0.900000,10000.0,1423.15,0.9,38.89844,0.1,0.9,0.3,0.6333333,0.06666667,0.0,0.0,0.0,1484.08,102220.7,0.0,-4999.5,nan,0.0,nan
h2o_co2_hybrid_mrk,X(CO2)=0.900000,11000.0,1423.15,0.9,37.50589,0.1,0.9,0.3,0.6333333,0.06666667,0.0,0.0,0.0,1813.343,144297.3,0.0,-4999.5,nan,0.0,nan
h2o_co2_hybrid_mrk,X(CO2)=0.900000,12000.0,1423.15,0.9,36.31658,0.1,0.9,0.3,0.6333333,0.06666667,0.0,0.0,0.0,2202.608,202053.1,0.0,-4999.5,nan,0.0,nan
h2o_co2_hybrid_mrk,X(CO2)=0.900000,13000.0,1423.15,0.9,35.2856,0.1,0.9,0.3,0.6333333,0.06666667,0.0,0.0,0.0,2662.037,281009.8,0.0,-4999.5,nan,0.0,nan
h2o_co2_hybrid_mrk,X(CO2)=0.900000,14000.0,1423.15,0.9,34.38056,0.1,0.9,0.3,0.6333333,0.06666667,0.0,0.0,0.0,3203.409,388562.8,0.0,-4999.5,nan,0.0,nan
h2o_co2_hybrid_mrk,X(CO2)=0.900000,15000.0,1423.15,0.9,33.57751,0.1,0.9,0.3,0.6333333,0.06666667,0.0,0.0,0.0,3840.369,534601.9,0.0,-4999.5,nan,0.0,nan
h2o_co2_hybrid_mrk,X(CO2)=0.900000,16000.0,1423.15,0.9,32.85835,0.1,0.9,0.3,0.6333333,0.06666667,0.0,0.0,0.0,4588.724,732332.2,0.0,-4999.5,nan,0.0,nan
h2o_co2_hybrid_mrk,X(CO2)=0.900000,17000.0,1423.15,0.9,32.20912,0.1,0.9,0.3,0.6333333,0.06666667,0.0,0.0,0.0,5466.776,999361.0,0.0,-4999.5,nan,0.0,nan
h2o_co2_hybrid_mrk,X(CO2)=0.900000,18000.0,1423.15,0.9,31.61889,0.1,0.9,0.3,0.6333333,0.06666667,0.0,0.0,0.0,6495.704,1359134.0,0.0,-4999.5,nan,0.0,nan
h2o_co2_hybrid_mrk,X(CO2)=0.900000,19000.0,1423.15,0.9,31.07898,0.1,0.9,0.3,0.6333333,0.06666667,0.0,0.0,0.0,7700.01,1842836.0,0.0,-4999.5,nan,0.0,nan
h2o_co2_hybrid_mrk,X(CO2)=0.900000,20000.0,1423.15,0.9,30.58236,0.1,0.9,0.3,0.6333333,0.06666667,0.0,0.0,0.0,9108.021,2491894.0,0.0,-4999.5,nan,0.0,nan
h2o_co2_hybrid_mrk,X(CO2)=0.900000,1000.0,1473.15,0.9,150.2617,0.1,0.9,0.3,0.6333333,0.06666667,0.0,0.0,0.0,87.57157,1119.146,0.0,-4999.5,nan,0.0,nan
h2o_co2_hybrid_mrk,X(CO2)=0.900000,2000.0,1473.15,0.9,91.43347,0.1,0.9,0.3,0.6333333,0.06666667,0.0,0.0,0.0,168.7567,2812.691,0.0,-4999.5,nan,0.0,nan
h2o_co2_hybrid_mrk,X(CO2)=0.900000,3000.0,1473.15,0.9,71.18971,0.1,0.9,0.3,0.6333333,0.06666667,0.0,0.0,0.0,256.7833,5327.823,0.0,-4999.5,nan,0.0,nan
h2o_co2_hybrid_mrk,X(CO2)=0.900000,4000.0,1473.15,0.9,60.55998,0.1,0.9,0.3,0.6333333,0.06666667,0.0,0.0,0.0,357.7812,8994.955,0.0,-4999.5,nan,0.0,nan
h2o_co2_hybrid_mrk,X(CO2)=0.900000,5000.0,1473.15,0.9,53.88874,0.1,0.9,0.3,0.6333333,0.06666667,0.0,0.0,0.0,476.1038,14260.6,0.0,-4999.5,nan,0.0,nan
h2o_co2_hybrid_mrk,X(CO2)=0.900000,6000.0,1473.15,0.9,49.26957,0.1,0.9,0.3,0.6333333,0.06666667,0.0,0.0,0.0,615.789,21728.01,0.0,-4999.5,nan,0.0,nan
h2o_co2_hybrid_mrk,X(CO2)=0.900000,7000.0,1473.15,0.9,45.86224,0.1,0.9,0.3,0.6333333,0.06666667,0.0,0.0,0.0,781.0785,32210.32,0.0,-4999.5,nan,0.0,nan
h2o_co2_hybrid_mrk,X(CO2)=0.900000,8000.0,1473.15,0.9,43.23306,0.1,0.9,0.3,0.6333333,0.06666667,0.0,0.0,0.0,976.672,46800.63,0.0,-4999.5,nan,0.0,nan
h2o_co2_hybrid_mrk,X(CO2)=0.900000,9000.0,1473.15,0.9,41.13401,0.1,0.9,0.3,0.6333333,0.06666667,0.0,0.0,0.0,1207.895,66964.62,0.0,-4999.5,nan,0.0,nan
h2o_co2_hybrid_mrk,X(CO2)=0.900000,10000.0,1473.15,0.9,39.41266,0.1,0.9,0.3,0.6333333,0.06666667,0.0,0.0,0.0,1480.846,94662.75,0.0,-4999.5,nan,0.0,nan
h2o_co2_hybrid_mrk,X(CO2)=0.900000,11000.0,1473.15,0.9,37.97015,0.1,0.9,0.3,0.6333333,0.06666667,0.0,0.0,0.0,1802.534,132511.6,0.0,-4999.5,nan,0.0,nan
h2o_co2_hybrid_mrk,X(CO2)=0.900000,12000.0,1473.15,0.9,36.73958,0.1,0.9,0.3,0.6333333,0.06666667,0.0,0.0,0.0,2181.038,183996.2,0.0,-4999.5,nan,0.0,nan
h2o_co2_hybrid_mrk,X(CO2)=0.900000,13000.0,1473.15,0.9,35.67404,0.1,0.9,0.3,0.6333333,0.06666667,0.0,0.0,0.0,2625.673,253749.8,0.0,-4999.5,nan,0.0,nan
h2o_co2_hybrid_mrk,X(CO2)=0.900000,14000.0,1473.15,0.9,34.73973,0.1,0.9,0.3,0.6333333,0.06666667,0.0,0.0,0.0,3147.181,347921.6,0.0,-4999.5,nan,0.0,nan
h2o_co2_hybrid_mrk,X(CO2)=0.900000,15000.0,1473.15,0.9,33.9116,0.1,0.9,0.3,0.6333333,0.06666667,0.0,0.0,0.0,3757.952,474659.8,0.0,-4999.5,nan,0.0,nan
h2o_co2_hybrid_mrk,X(CO2)=0.900000,16000.0,1473.15,0.9,33.17075,0.1,0.9,0.3,0.6333333,0.06666667,0.0,0.0,0.0,4472.268,644745.5,0.0,-4999.5,nan,0.0,nan
h2o_co2_hybrid_mrk,X(CO2)=0.900000,17000.0,1473.15,0.9,32.5026,0.1,0.9,0.3,0.6333333,0.06666667,0.0,0.0,0.0,5306.587,872424.3,0.0,-4999.5,nan,0.0,nan
h2o_co2_hybrid_mrk,X(CO2)=0.900000,18000.0,1473.15,0.9,31.89573,0.1,0.9,0.3,0.6333333,0.06666667,0.0,0.0,0.0,6279.869,1176496.0,0.0,-4999.5,nan,0.0,nan
h2o_co2_hybrid_mrk,X(CO2)=0.900000,19000.0,1473.15,0.9,31.34109,0.1,0.9,0.3,0.6333333,0.06666667,0.0,0.0,0.0,7413.946,1581740.0,0.0,-4999.5,nan,0.0,nan
h2o_co2_hybrid_mrk,X(CO2)=0.900000,20000.0,1473.15,0.9,30.83135,0.1,0.9,0.3,0.6333333,0.06666667,0.0,0.0,0.0,8733.944,2120785.0,0.0,-4999.5,nan,0.0,nan
h2o_co2_hybrid_mrk,X(CO2)=0.900000,1000.0,1523.15,0.9,154.8893,0.1,0.9,0.3,0.6333333,0.06666667,0.0,0.0,0.0,88.60709,1113.396,0.0,-4999.5,nan,0.0,nan
h2o_co2_hybrid_mrk,X(CO2)=0.900000,2000.0,1523.15,0.9,93.86545,0.1,0.9,0.3,0.6333333,0.06666667,0.0,0.0,0.0,171.4373,2780.081,0.0,-4999.5,nan,0.0,nan
h2o_co2_hybrid_mrk,X(CO2)=0.900000,3000.0,1523.15,0.9,72.87752,0.1,0.9,0.3,0.6333333,0.06666667,0.0,0.0,0.0,260.9909,5228.891,0.0,-4999.5,nan,0.0,nan
h2o_co2_hybrid_mrk,X(CO2)=0.900000,4000.0,1523.15,0.9,61.86031,0.1,0.9,0.3,0.6333333,0.06666667,0.0,0.0,0.0,363.2086,8763.082,0.0,-4999.5,nan,0.0,nan
h2o_co2_hybrid_mrk,X(CO2)=0.900000,5000.0,1523.15,0.9,54.9435,0.1,0.9,0.3,0.6333333,0.06666667,0.0,0.0,0.0,482.3105,13788.62,0.0,-4999.5,nan,0.0,nan
h2o_co2_hybrid_mrk,X(CO2)=0.900000,6000.0,1523.15,0.9,50.15218,0.1,0.9,0.3,0.6333333,0.06666667,0.0,0.0,0.0,622.1747,20848.88,0.0,-4999.5,nan,0.0,nan
h2o_co2_hybrid_mrk,X(CO2)=0.900000,7000.0,1523.15,0.9,46.61721,0.1,0.9,0.3,0.6333333,0.06666667,0.0,0.0,0.0,786.8375,30669.51,0.0,-4999.5,nan,0.0,nan
h2o_co2_hybrid_mrk,X(CO2)=0.900000,8000.0,1523.15,0.9,43.89007,0.1,0.9,0.3,0.6333333,0.06666667,0.0,0.0,0.0,980.7366,44217.21,0.0,-4999.5,nan,0.0,nan
h2o_co2_hybrid_mrk,X(CO2)=0.900000,9000.0,1523.15,0.9,41.71395,0.1,0.9,0.3,0.6333333,0.06666667,0.0,0.0,0.0,1208.869,62776.53,0.0,-4999.5,nan,0.0,nan
h2o_co2_hybrid_mrk,X(CO2)=0.900000,10000.0,1523.15,0.9,39.93077,0.1,0.9,0.3,0.6333333,0.06666667,0.0,0.0,0.0,1476.921,88050.49,0.0,-4999.5,nan,0.0,nan
h2o_co2_hybrid_mrk,X(CO2)=0.900000,11000.0,1523.15,0.9,38.43784,0.1,0.9,0.3,0.6333333,0.06666667,0.0,0.0,0.0,1791.401,122292.1,0.0,-4999.5,nan,0.0,nan
h2o_co2_hybrid_mrk,X(CO2)=0.900000,12000.0,1523.15,0.9,37.16553,0.1,0.9,0.3,0.6333333,0.06666667,0.0,0.0,0.0,2159.77,168476.0,0.0,-4999.5,nan,0.0,nan
h2o_co2_hybrid_mrk,X(CO2)=0.900000,13000.0,1523.15,0.9,36.06502,0.1,0.9,0.3,0.6333333,0.06666667,0.0,0.0,0.0,2590.589,230522.9,0.0,-4999.5,nan,0.0,nan
h2o_co2_hybrid_mrk,X(CO2)=0.900000,14000.0,1523.15,0.9,35.10103,0.1,0.9,0.3,0.6333333,0.06666667,0.0,0.0,0.0,3093.689,313591.7,0.0,-4999.5,nan,0.0,nan
h2o_co2_hybrid_mrk,X(CO2)=0.900000,15000.0,1523.15,0.9,34.24749,0.1,0.9,0.3,0.6333333,0.06666667,0.0,0.0,0.0,3680.357,424459.7,0.0,-4999.5,nan,0.0,nan
h2o_co2_hybrid_mrk,X(CO2)=0.900000,16000.0,1523.15,0.9,33.48465,0.1,0.9,0.3,0.6333333,0.06666667,0.0,0.0,0.0,4363.544,572018.5,0.0,-4999.5,nan,0.0,nan
h2o_co2_hybrid_mrk,X(CO2)=0.900000,17000.0,1523.15,0.9,32.79732,0.1,0.9,0.3,0.6333333,0.06666667,0.0,0.0,0.0,5158.112,767917.8,0.0,-4999.5,nan,0.0,nan
h2o_co2_hybrid_mrk,X(CO2)=0.900000,18000.0,1523.15,0.9,32.1736,0.1,0.9,0.3,0.6333333,0.06666667,0.0,0.0,0.0,6081.106,1027402.0,0.0,-4999.5,nan,0.0,nan
h2o_co2_hybrid_mrk,X(CO2)=0.900000,19000.0,1523.15,0.9,31.60403,0.1,0.9,0.3,0.6333333,0.06666667,0.0,0.0,0.0,7152.069,1370396.0,0.0,-4999.5,nan,0.0,nan
h2o_co2_hybrid_mrk,X(CO2)=0.900000,20000.0,1523.15,0.9,31.08099,0.1,0.9,0.3,0.6333333,0.06666667,0.0,0.0,0.0,8393.396,1822918.0,0.0,-4999.5,nan,0.0,nan
h2o_co2_hybrid_mrk,X(CO2)=0.900000,1000.0,1573.15,0.9,159.5017,0.1,0.9,0.3,0.6333333,0.06666667,0.0,0.0,0.0,89.54282,1107.752,0.0,-4999.5,nan,0.0,nan
h2o_co2_hybrid_mrk,X(CO2)=0.900000,2000.0,1573.15,0.9,96.29155,0.1,0.9,0.3,0.6333333,0.06666667,0.0,0.0,0.0,173.8742,2748.858,0.0,-4999.5,nan,0.0,nan
h2o_co2_hybrid_mrk,X(CO2)=0.900000,3000.0,1573.15,0.9,74.56303,0.1,0.9,0.3,0.6333333,0.06666667,0.0,0.0,0.0,264.8164,5135.661,0.0,-4999.5,nan,0.0,nan
h2o_co2_hybrid_mrk,X(CO2)=0.900000,4000.0,1573.15,0.9,63.16111,0.1,0.9,0.3,0.6333333,0.06666667,0.0,0.0,0.0,368.1208,8547.273,0.0,-4999.5,nan,0.0,nan
h2o_co2_hybrid_mrk,X(CO2)=0.900000,5000.0,1573.15,0.9,56.00087,0.1,0.9,0.3,0.6333333,0.06666667,0.0,0.0,0.0,487.8764,13354.04,0.0,-4999.5,nan,0.0,nan
h2o_co2_hybrid_mrk,X(CO2)=0.900000,6000.0,1573.15,0.9,51.0387,0.1,0.9,0.3,0.6333333,0.06666667,0.0,0.0,0.0,627.8097,20047.33,0.0,-4999.5,nan,0.0,nan
h2o_co2_hybrid_mrk,X(CO2)=0.900000,7000.0,1573.15,0.9,47.3767,0.1,0.9,0.3,0.6333333,0.06666667,0.0,0.0,0.0,791.7654,29277.64,0.0,-4999.5,nan,0.0,nan
h2o_co2_hybrid_mrk,X(CO2)=0.900000,8000.0,1573.15,0.9,44.55169,0.1,0.9,0.3,0.6333333,0.06666667,0.0,0.0,0.0,983.9395,41904.2,0.0,-4999.5,nan,0.0,nan
h2o_co2_hybrid_mrk,X(CO2)=0.900000,9000.0,1573.15,0.9,42.2983,0.1,0.9,0.3,0.6333333,0.06666667,0.0,0.0,0.0,1209.027,59059.11,0.0,-4999.5,nan,0.0,nan
h2o_co2_hybrid_mrk,X(CO2)=0.900000,10000.0,1573.15,0.9,40.45293,0.1,0.9,0.3,0.6333333,0.06666667,0.0,0.0,0.0,1472.345,82230.83,0.0,-4999.5,nan,0.0,nan
h2o_co2_hybrid_mrk,X(CO2)=0.900000,11000.0,1573.15,0.9,38.90915,0.1,0.9,0.3,0.6333333,0.06666667,0.0,0.0,0.0,1779.945,113372.2,0.0,-4999.5,nan,0.0,nan
h2o_co2_hybrid_mrk,X(CO2)=0.900000,12000.0,1573.15,0.9,37.59468,0.1,0.9,0.3,0.6333333,0.06666667,0.0,0.0,0.0,2138.733,155040.7,0.0,-4999.5,nan,0.0,nan
h2o_co2_hybrid_mrk,X(CO2)=0.900000,13000.0,1573.15,0.9,36.45877,0.1,0.9,0.3,0.6333333,0.06666667,0.0,0.0,0.0,2556.601,210579.7,0.0,-4999.5,nan,0.0,nan
h2o_co2_hybrid_mrk,X(CO2)=0.900000,14000.0,1573.15,0.9,35.46475,0.1,0.9,0.3,0.6333333,0.06666667,0.0,0.0,0.0,3042.572,284352.7,0.0,-4999.5,nan,0.0,nan
h2o_co2_hybrid_mrk,X(CO2)=0.900000,15000.0,1573.15,0.9,34.58544,0.1,0.9,0.3,0.6333333,0.06666667,0.0,0.0,0.0,3606.959,382046.7,0.0,-4999.5,nan,0.0,nan
h2o_co2_hybrid_mrk,X(CO2)=0.900000,16000.0,1573.15,0.9,33.80031,0.1,0.9,0.3,0.6333333,0.06666667,0.0,0.0,0.0,4261.547,511063.3,0.0,-4999.5,nan,0.0,nan
h2o_co2_hybrid_mrk,X(CO2)=0.900000,17000.0,1573.15,0.9,33.09354,0.1,0.9,0.3,0.6333333,0.06666667,0.0,0.0,0.0,5019.807,681022.6,0.0,-4999.5,nan,0.0,nan
h2o_co2_hybrid_mrk,X(CO2)=0.900000,18000.0,1573.15,0.9,32.45272,0.1,0.9,0.3,0.6333333,0.06666667,0.0,0.0,0.0,5897.122,904414.4,0.0,-4999.5,nan,0.0,nan
h2o_co2_hybrid_mrk,X(CO2)=0.900000,19000.0,1573.15,0.9,31.86803,0.1,0.9,0.3,0.6333333,0.06666667,0.0,0.0,0.0,6911.059,1197435.0,0.0,-4999.5,nan,0.0,nan
h2o_co2_hybrid_mrk,X(CO2)=0.900000,20000.0,1573.15,0.9,31.33152,0.1,0.9,0.3,0.6333333,0.06666667,0.0,0.0,0.0,8081.667,1581066.0,0.0,-4999.5,nan,0.0,nan
h2o_co2_hybrid_mrk,X(CO2)=1.000000,1000.0,373.15,1.0,44.48185,0.0,1.0,0.3333333,0.6666667,0.0,0.0,0.0,0.0,1000000000000000.0,503.8756,0.0,-4999.5,nan,0.0,nan
h2o_co2_hybrid_mrk,X(CO2)=1.000000,2000.0,373.15,1.0,38.76848,0.0,1.0,0.3333333,0.6666667,0.0,0.0,0.0,0.0,2000000000000000.0,1898.933,0.0,-4999.5,nan,0.0,nan
h2o_co2_hybrid_mrk,X(CO2)=1.000000,3000.0,373.15,1.0,36.02747,0.0,1.0,0.3333333,0.6666667,0.0,0.0,0.0,0.0,3000000000000000.0,6315.02,0.0,-4999.5,nan,0.0,nan
h2o_co2_hybrid_mrk,X(CO2)=1.000000,4000.0,373.15,1.0,34.25055,0.0,1.0,0.3333333,0.6666667,0.0,0.0,0.0,0.0,4000000000000000.0,19567.93,0.0,-4999.5,nan,0.0,nan
h2o_co2_hybrid_mrk,X(CO2)=1.000000,5000.0,373.15,1.0,32.94703,0.0,1.0,0.3333333,0.6666667,0.0,0.0,0.0,0.0,5000000000000000.0,57740.4,0.0,-4999.5,nan,0.0,nan
h2o_co2_hybrid_mrk,X(CO2)=1.000000,6000.0,373.15,1.0,31.92309,0.0,1.0,0.3333333,0.6666667,0.0,0.0,0.0,0.0,6000000000000000.0,164162.5,0.0,-4999.5,nan,0.0,nan
h2o_co2_hybrid_mrk,X(CO2)=1.000000,7000.0,373.15,1.0,31.0829,0.0,1.0,0.3333333,0.6666667,0.0,0.0,0.0,0.0,7000000000000000.0,453003.1,0.0,-4999.5,nan,0.0,nan
h2o_co2_hybrid_mrk,X(CO2)=1.000000,8000.0,373.15,1.0,30.37231,0.0,1.0,0.3333333,0.6666667,0.0,0.0,0.0,0.0,8000000000000000.0,1219333.0,0.0,-4999.5,nan,0.0,nan
h2o_co2_hybrid_mrk,X(CO2)=1.000000,9000.0,373.15,1.0,29.75782,0.0,1.0,0.3333333,0.6666667,0.0,0.0,0.0,0.0,9000000000000000.0,3212919.0,0.0,-4999.5,nan,0.0,nan
h2o_co2_hybrid_mrk,X(CO2)=1.000000,10000.0,373.15,1.0,29.21729,0.0,1.0,0.3333333,0.6666667,0.0,0.0,0.0,0.0,1e+16,8310248.0,0.0,-4999.5,nan,0.0,nan
h2o_co2_hybrid_mrk,X(CO2)=1.000000,11000.0,373.15,1.0,28.73538,0.0,1.0,0.3333333,0.6666667,0.0,0.0,0.0,0.0,1.1e+16,21143980.0,0.0,-4999.5,nan,0.0,nan
h2o_co2_hybrid_mrk,X(CO2)=1.000000,12000.0,373.15,1.0,28.301,0.0,1.0,0.3333333,0.6666667,0.0,0.0,0.0,0.0,1.2e+16,53009910.0,0.0,-4999.5,nan,0.0,nan
h2o_co2_hybrid_mrk,X(CO2)=1.000000,13000.0,373.15,1.0,27.90593,0.0,1.0,0.3333333,0.6666667,0.0,0.0,0.0,0.0,1.3e+16,131138400.0,0.0,-4999.5,nan,0.0,nan
h2o_co2_hybrid_mrk,X(CO2)=1.000000,14000.0,373.15,1.0,27.54386,0.0,1.0,0.3333333,0.6666667,0.0,0.0,0.0,0.0,1.4e+16,320486600.0,0.0,-4999.5,nan,0.0,nan
h2o_co2_hybrid_mrk,X(CO2)=1.000000,15000.0,373.15,1.0,27.20989,0.0,1.0,0.3333333,0.6666667,0.0,0.0,0.0,0.0,1.5e+16,774502900.0,0.0,-4999.5,nan,0.0,nan
h2o_co2_hybrid_mrk,X(CO2)=1.000000,16000.0,373.15,1.0,26.9001,0.0,1.0,0.3333333,0.6666667,0.0,0.0,0.0,0.0,1.6e+16,1852398000.0,0.0,-4999.5,nan,0.0,nan
h2o_co2_hybrid_mrk,X(CO2)=1.000000,17000.0,373.15,1.0,26.61136,0.0,1.0,0.3333333,0.6666667,0.0,0.0,0.0,0.0,1.7e+16,4387928000.0,0.0,-4999.5,nan,0.0,nan
h2o_co2_hybrid_mrk,X(CO2)=1.000000,18000.0,373.15,1.0,26.34106,0.0,1.0,0.3333333,0.6666667,0.0,0.0,0.0,0.0,1.8e+16,10300880000.0,0.0,-4999.5,nan,0.0,nan
h2o_co2_hybrid_mrk,X(CO2)=1.000000,19000.0,373.15,1.0,26.08709,0.0,1.0,0.3333333,0.6666667,0.0,0.0,0.0,0.0,1.9e+16,23978510000.0,0.0,-4999.5,nan,0.0,nan
h2o_co2_hybrid_mrk,X(CO2)=1.000000,20000.0,373.15,1.0,25.84764,0.0,1.0,0.3333333,0.6666667,0.0,0.0,0.0,0.0,2e+16,55375570000.0,0.0,-4999.5,nan,0.0,nan
h2o_co2_hybrid_mrk,X(CO2)=1.000000,1000.0,423.15,1.0,48.9173,0.0,1.0,0.3333333,0.6666667,0.0,0.0,0.0,0.0,1000000000000000.0,685.3004,0.0,-4999.5,nan,0.0,nan
h2o_co2_hybrid_mrk,X(CO2)=1.000000,2000.0,423.15,1.0,41.07973,0.0,1.0,0.3333333,0.6666667,0.0,0.0,0.0,0.0,2000000000000000.0,2411.545,0.0,-4999.5,nan,0.0,nan
h2o_co2_hybrid_mrk,X(CO2)=1.000000,3000.0,423.15,1.0,37.68393,0.0,1.0,0.3333333,0.6666667,0.0,0.0,0.0,0.0,3000000000000000.0,7352.622,0.0,-4999.5,nan,0.0,nan
h2o_co2_hybrid_mrk,X(CO2)=1.000000,4000.0,423.15,1.0,35.57439,0.0,1.0,0.3333333,0.6666667,0.0,0.0,0.0,0.0,4000000000000000.0,20786.61,0.0,-4999.5,nan,0.0,nan
h2o_co2_hybrid_mrk,X(CO2)=1.000000,5000.0,423.15,1.0,34.06474,0.0,1.0,0.3333333,0.6666667,0.0,0.0,0.0,0.0,5000000000000000.0,55869.31,0.0,-4999.5,nan,0.0,nan
h2o_co2_hybrid_mrk,X(CO2)=1.000000,6000.0,423.15,1.0,32.89841,0.0,1.0,0.3333333,0.6666667,0.0,0.0,0.0,0.0,6000000000000000.0,144616.3,0.0,-4999.5,nan,0.0,nan
h2o_co2_hybrid_mrk,X(CO2)=1.000000,7000.0,423.15,1.0,31.95293,0.0,1.0,0.3333333,0.6666667,0.0,0.0,0.0,0.0,7000000000000000.0,363342.5,0.0,-4999.5,nan,0.0,nan
h2o_co2_hybrid_mrk,X(CO2)=1.000000,8000.0,423.15,1.0,31.16071,0.0,1.0,0.3333333,0.6666667,0.0,0.0,0.0,0.0,8000000000000000.0,890721.8,0.0,-4999.5,nan,0.0,nan
h2o_co2_hybrid_mrk,X(CO2)=1.000000,9000.0,423.15,1.0,30.48072,0.0,1.0,0.3333333,0.6666667,0.0,0.0,0.0,0.0,9000000000000000.0,2138525.0,0.0,-4999.5,nan,0.0,nan
h2o_co2_hybrid_mrk,X(CO2)=1.000000,10000.0,423.15,1.0,29.88623,0.0,1.0,0.3333333,0.6666667,0.0,0.0,0.0,0.0,1e+16,5042459.0,0.0,-4999.5,nan,0.0,nan
h2o_co2_hybrid_mrk,X(CO2)=1.000000,11000.0,423.15,1.0,29.35894,0.0,1.0,0.3333333,0.6666667,0.0,0.0,0.0,0.0,1.1e+16,11702060.0,0.0,-4999.5,nan,0.0,nan
h2o_co2_hybrid_mrk,X(CO2)=1.000000,12000.0,423.15,1.0,28.88576,0.0,1.0,0.3333333,0.6666667,0.0,0.0,0.0,0.0,1.2e+16,26774310.0,0.0,-4999.5,nan,0.0,nan
h2o_co2_hybrid_mrk,X(CO2)=1.000000,13000.0,423.15,1.0,28.45705,0.0,1.0,0.3333333,0.6666667,0.0,0.0,0.0,0.0,1.3e+16,60480600.0,0.0,-4999.5,nan,0.0,nan
h2o_co2_hybrid_mrk,X(CO2)=1.000000,14000.0,423.15,1.0,28.06548,0.0,1.0,0.3333333,0.6666667,0.0,0.0,0.0,0.0,1.4e+16,135038400.0,0.0,-4999.5,nan,0.0,nan
h2o_co2_hybrid_mrk,X(CO2)=1.000000,15000.0,423.15,1.0,27.70537,0.0,1.0,0.3333333,0.6666667,0.0,0.0,0.0,0.0,1.5e+16,298307500.0,0.0,-4999.5,nan,0.0,nan
h2o_co2_hybrid_mrk,X(CO2)=1.000000,16000.0,423.15,1.0,27.37224,0.0,1.0,0.3333333,0.6666667,0.0,0.0,0.0,0.0,1.6e+16,652523700.0,0.0,-4999.5,nan,0.0,nan
h2o_co2_hybrid_mrk,X(CO2)=1.000000,17000.0,423.15,1.0,27.06249,0.0,1.0,0.3333333,0.6666667,0.0,0.0,0.0,0.0,1.7e+16,1414372000.0,0.0,-4999.5,nan,0.0,nan
h2o_co2_hybrid_mrk,X(CO2)=1.000000,18000.0,423.15,1.0,26.77318,0.0,1.0,0.3333333,0.6666667,0.0,0.0,0.0,0.0,1.8e+16,3039738000.0,0.0,-4999.5,nan,0.0,nan
h2o_co2_hybrid_mrk,X(CO2)=1.000000,19000.0,423.15,1.0,26.50188,0.0,1.0,0.3333333,0.6666667,0.0,0.0,0.0,0.0,1.9e+16,6481128000.0,0.0,-4999.5,nan,0.0,nan
h2o_co2_hybrid_mrk,X(CO2)=1.000000,20000.0,423.15,1.0,26.24657,0.0,1.0,0.3333333,0.6666667,0.0,0.0,0.0,0.0,2e+16,13715650000.0,0.0,-4999.5,nan,0.0,nan
h2o_co2_hybrid_mrk,X(CO2)=1.000000,1000.0,473.15,1.0,53.89009,0.0,1.0,0.3333333,0.6666667,0.0,0.0,0.0,0.0,1000000000000000.0,840.7673,0.0,-4999.5,nan,0.0,nan
h2o_co2_hybrid_mrk,X(CO2)=1.000000,2000.0,473.15,1.0,43.47405,0.0,1.0,0.3333333,0.6666667,0.0,0.0,0.0,0.0,2000000000000000.0,2819.686,0.0,-4999.5,nan,0.0,nan
h2o_co2_hybrid_mrk,X(CO2)=1.000000,3000.0,473.15,1.0,39.34281,0.0,1.0,0.3333333,0.6666667,0.0,0.0,0.0,0.0,3000000000000000.0,8034.864,0.0,-4999.5,nan,0.0,nan
h2o_co2_hybrid_mrk,X(CO2)=1.000000,4000.0,473.15,1.0,36.87536,0.0,1.0,0.3333333,0.6666667,0.0,0.0,0.0,0.0,4000000000000000.0,21123.85,0.0,-4999.5,nan,0.0,nan
h2o_co2_hybrid_mrk,X(CO2)=1.000000,5000.0,473.15,1.0,35.14985,0.0,1.0,0.3333333,0.6666667,0.0,0.0,0.0,0.0,5000000000000000.0,52707.51,0.0,-4999.5,nan,0.0,nan
h2o_co2_hybrid_mrk,X(CO2)=1.000000,6000.0,473.15,1.0,33.83729,0.0,1.0,0.3333333,0.6666667,0.0,0.0,0.0,0.0,6000000000000000.0,126588.5,0.0,-4999.5,nan,0.0,nan
h2o_co2_hybrid_mrk,X(CO2)=1.000000,7000.0,473.15,1.0,32.7852,0.0,1.0,0.3333333,0.6666667,0.0,0.0,0.0,0.0,7000000000000000.0,295094.8,0.0,-4999.5,nan,0.0,nan
h2o_co2_hybrid_mrk,X(CO2)=1.000000,8000.0,473.15,1.0,31.91128,0.0,1.0,0.3333333,0.6666667,0.0,0.0,0.0,0.0,8000000000000000.0,671357.7,0.0,-4999.5,nan,0.0,nan
h2o_co2_hybrid_mrk,X(CO2)=1.000000,9000.0,473.15,1.0,31.16634,0.0,1.0,0.3333333,0.6666667,0.0,0.0,0.0,0.0,9000000000000000.0,1496393.0,0.0,-4999.5,nan,0.0,nan
h2o_co2_hybrid_mrk,X(CO2)=1.000000,10000.0,473.15,1.0,30.51877,0.0,1.0,0.3333333,0.6666667,0.0,0.0,0.0,0.0,1e+16,3276981.0,0.0,-4999.5,nan,0.0,nan
h2o_co2_hybrid_mrk,X(CO2)=1.000000,11000.0,473.15,1.0,29.94713,0.0,1.0,0.3333333,0.6666667,0.0,0.0,0.0,0.0,1.1e+16,7066244.0,0.0,-4999.5,nan,0.0,nan
h2o_co2_hybrid_mrk,X(CO2)=1.000000,12000.0,473.15,1.0,29.43625,0.0,1.0,0.3333333,0.6666667,0.0,0.0,0.0,0.0,1.2e+16,15029320.0,0.0,-4999.5,nan,0.0,nan
h2o_co2_hybrid_mrk,X(CO2)=1.000000,13000.0,473.15,1.0,28.97501,0.0,1.0,0.3333333,0.6666667,0.0,0.0,0.0,0.0,1.3e+16,31574240.0,0.0,-4999.5,nan,0.0,nan
h2o_co2_hybrid_mrk,X(CO2)=1.000000,14000.0,473.15,1.0,28.55504,0.0,1.0,0.3333333,0.6666667,0.0,0.0,0.0,0.0,1.4e+16,65594710.0,0.0,-4999.5,nan,0.0,nan
h2o_co2_hybrid_mrk,X(CO2)=1.000000,15000.0,473.15,1.0,28.16988,0.0,1.0,0.3333333,0.6666667,0.0,0.0,0.0,0.0,1.5e+16,134885600.0,0.0,-4999.5,nan,0.0,nan
h2o_co2_hybrid_mrk,X(CO2)=1.000000,16000.0,473.15,1.0,27.81446,0.0,1.0,0.3333333,0.6666667,0.0,0.0,0.0,0.0,1.6e+16,274775600.0,0.0,-4999.5,nan,0.0,nan
h2o_co2_hybrid_mrk,X(CO2)=1.000000,17000.0,473.15,1.0,27.48471,0.0,1.0,0.3333333,0.6666667,0.0,0.0,0.0,0.0,1.7e+16,554896600.0,0.0,-4999.5,nan,0.0,nan
h2o_co2_hybrid_mrk,X(CO2)=1.000000,18000.0,473.15,1.0,27.17734,0.0,1.0,0.3333333,0.6666667,0.0,0.0,0.0,0.0,1.8e+16,1111557000.0,0.0,-4999.5,nan,0.0,nan
h2o_co2_hybrid_mrk,X(CO2)=1.000000,19000.0,473.15,1.0,26.88964,0.0,1.0,0.3333333,0.6666667,0.0,0.0,0.0,0.0,1.9e+16,2209881000.0,0.0,-4999.5,nan,0.0,nan
h2o_co2_hybrid_mrk,X(CO2)=1.000000,20000.0,473.15,1.0,26.61934,0.0,1.0,0.3333333,0.6666667,0.0,0.0,0.0,0.0,2e+16,4362422000.0,0.0,-4999.5,nan,0.0,nan
h2o_co2_hybrid_mrk,X(CO2)=1.000000,1000.0,523.15,1.0,59.27571,0.0,1.0,0.3333333,0.6666667,0.0,0.0,0.0,0.0,1000000000000000.0,964.2382,0.0,-4999.5,nan,0.0,nan
h2o_co2_hybrid_mrk,X(CO2)=1.000000,2000.0,523.15,1.0,45.95841,0.0,1.0,0.3333333,0.6666667,0.0,0.0,0.0,0.0,2000000000000000.0,3125.467,0.0,-4999.5,nan,0.0,nan
h2o_co2_hybrid_mrk,X(CO2)=1.000000,3000.0,523.15,1.0,41.01595,0.0,1.0,0.3333333,0.6666667,0.0,0.0,0.0,0.0,3000000000000000.0,8440.79,0.0,-4999.5,nan,0.0,nan
h2o_co2_hybrid_mrk,X(CO2)=1.000000,4000.0,523.15,1.0,38.16503,0.0,1.0,0.3333333,0.6666667,0.0,0.0,0.0,0.0,4000000000000000.0,20924.53,0.0,-4999.5,nan,0.0,nan
h2o_co2_hybrid_mrk,X(CO2)=1.000000,5000.0,523.15,1.0,36.21316,0.0,1.0,0.3333333,0.6666667,0.0,0.0,0.0,0.0,5000000000000000.0,49143.34,0.0,-4999.5,nan,0.0,nan
h2o_co2_hybrid_mrk,X(CO2)=1.000000,6000.0,523.15,1.0,34.74966,0.0,1.0,0.3333333,0.6666667,0.0,0.0,0.0,0.0,6000000000000000.0,111029.0,0.0,-4999.5,nan,0.0,nan
h2o_co2_hybrid_mrk,X(CO2)=1.000000,7000.0,523.15,1.0,33.58894,0.0,1.0,0.3333333,0.6666667,0.0,0.0,0.0,0.0,7000000000000000.0,243452.6,0.0,-4999.5,nan,0.0,nan
h2o_co2_hybrid_mrk,X(CO2)=1.000000,8000.0,523.15,1.0,32.63259,0.0,1.0,0.3333333,0.6666667,0.0,0.0,0.0,0.0,8000000000000000.0,521055.1,0.0,-4999.5,nan,0.0,nan
h2o_co2_hybrid_mrk,X(CO2)=1.000000,9000.0,523.15,1.0,31.82267,0.0,1.0,0.3333333,0.6666667,0.0,0.0,0.0,0.0,9000000000000000.0,1092880.0,0.0,-4999.5,nan,0.0,nan
h2o_co2_hybrid_mrk,X(CO2)=1.000000,10000.0,523.15,1.0,31.12237,0.0,1.0,0.3333333,0.6666667,0.0,0.0,0.0,0.0,1e+16,2252921.0,0.0,-4999.5,nan,0.0,nan
h2o_co2_hybrid_mrk,X(CO2)=1.000000,11000.0,523.15,1.0,30.50695,0.0,1.0,0.3333333,0.6666667,0.0,0.0,0.0,0.0,1.1e+16,4574754.0,0.0,-4999.5,nan,0.0,nan
h2o_co2_hybrid_mrk,X(CO2)=1.000000,12000.0,523.15,1.0,29.95905,0.0,1.0,0.3333333,0.6666667,0.0,0.0,0.0,0.0,1.2e+16,9166296.0,0.0,-4999.5,nan,0.0,nan
h2o_co2_hybrid_mrk,X(CO2)=1.000000,13000.0,523.15,1.0,29.46602,0.0,1.0,0.3333333,0.6666667,0.0,0.0,0.0,0.0,1.3e+16,18148140.0,0.0,-4999.5,nan,0.0,nan
h2o_co2_hybrid_mrk,X(CO2)=1.000000,14000.0,523.15,1.0,29.01841,0.0,1.0,0.3333333,0.6666667,0.0,0.0,0.0,0.0,1.4e+16,35545220.0,0.0,-4999.5,nan,0.0,nan
h2o_co2_hybrid_mrk,X(CO2)=1.000000,15000.0,523.15,1.0,28.60896,0.0,1.0,0.3333333,0.6666667,0.0,0.0,0.0,0.0,1.5e+16,68937680.0,0.0,-4999.5,nan,0.0,nan
h2o_co2_hybrid_mrk,X(CO2)=1.000000,16000.0,523.15,1.0,28.23199,0.0,1.0,0.3333333,0.6666667,0.0,0.0,0.0,0.0,1.6e+16,132498200.0,0.0,-4999.5,nan,0.0,nan
h2o_co2_hybrid_mrk,X(CO2)=1.000000,17000.0,523.15,1.0,27.88298,0.0,1.0,0.3333333,0.6666667,0.0,0.0,0.0,0.0,1.7e+16,252547100.0,0.0,-4999.5,nan,0.0,nan
h2o_co2_hybrid_mrk,X(CO2)=1.000000,18000.0,523.15,1.0,27.55826,0.0,1.0,0.3333333,0.6666667,0.0,0.0,0.0,0.0,1.8e+16,477654500.0,0.0,-4999.5,nan,0.0,nan
h2o_co2_hybrid_mrk,X(CO2)=1.000000,19000.0,523.15,1.0,27.25484,0.0,1.0,0.3333333,0.6666667,0.0,0.0,0.0,0.0,1.9e+16,896915900.0,0.0,-4999.5,nan,0.0,nan
h2o_co2_hybrid_mrk,X(CO2)=1.000000,20000.0,523.15,1.0,26.97024,0.0,1.0,0.3333333,0.6666667,0.0,0.0,0.0,0.0,2e+16,1672845000.0,0.0,-4999.5,nan,0.0,nan
h2o_co2_hybrid_mrk,X(CO2)=1.000000,1000.0,573.15,1.0,64.86645,0.0,1.0,0.3333333,0.6666667,0.0,0.0,0.0,0.0,1000000000000000.0,1057.555,0.0,-4999.5,nan,0.0,nan
h2o_co2_hybrid_mrk,X(CO2)=1.000000,2000.0,573.15,1.0,48.52487,0.0,1.0,0.3333333,0.6666667,0.0,0.0,0.0,0.0,2000000000000000.0,3343.211,0.0,-4999.5,nan,0.0,nan
h2o_co2_hybrid_mrk,X(CO2)=1.000000,3000.0,573.15,1.0,42.70957,0.0,1.0,0.3333333,0.6666667,0.0,0.0,0.0,0.0,3000000000000000.0,8645.88,0.0,-4999.5,nan,0.0,nan
h2o_co2_hybrid_mrk,X(CO2)=1.000000,4000.0,573.15,1.0,39.45158,0.0,1.0,0.3333333,0.6666667,0.0,0.0,0.0,0.0,4000000000000000.0,20420.98,0.0,-4999.5,nan,0.0,nan
h2o_co2_hybrid_mrk,X(CO2)=1.000000,5000.0,573.15,1.0,37.26289,0.0,1.0,0.3333333,0.6666667,0.0,0.0,0.0,0.0,5000000000000000.0,45614.19,0.0,-4999.5,nan,0.0,nan
h2o_co2_hybrid_mrk,X(CO2)=1.000000,6000.0,573.15,1.0,35.64345,0.0,1.0,0.3333333,0.6666667,0.0,0.0,0.0,0.0,6000000000000000.0,97950.13,0.0,-4999.5,nan,0.0,nan
h2o_co2_hybrid_mrk,X(CO2)=1.000000,7000.0,573.15,1.0,34.37161,0.0,1.0,0.3333333,0.6666667,0.0,0.0,0.0,0.0,7000000000000000.0,204103.5,0.0,-4999.5,nan,0.0,nan
h2o_co2_hybrid_mrk,X(CO2)=1.000000,8000.0,573.15,1.0,33.33168,0.0,1.0,0.3333333,0.6666667,0.0,0.0,0.0,0.0,8000000000000000.0,415170.3,0.0,-4999.5,nan,0.0,nan
h2o_co2_hybrid_mrk,X(CO2)=1.000000,9000.0,573.15,1.0,32.45636,0.0,1.0,0.3333333,0.6666667,0.0,0.0,0.0,0.0,9000000000000000.0,827778.0,0.0,-4999.5,nan,0.0,nan
h2o_co2_hybrid_mrk,X(CO2)=1.000000,10000.0,573.15,1.0,31.70331,0.0,1.0,0.3333333,0.6666667,0.0,0.0,0.0,0.0,1e+16,1622583.0,0.0,-4999.5,nan,0.0,nan
h2o_co2_hybrid_mrk,X(CO2)=1.000000,11000.0,573.15,1.0,31.04434,0.0,1.0,0.3333333,0.6666667,0.0,0.0,0.0,0.0,1.1e+16,3133883.0,0.0,-4999.5,nan,0.0,nan
h2o_co2_hybrid_mrk,X(CO2)=1.000000,12000.0,573.15,1.0,30.45977,0.0,1.0,0.3333333,0.6666667,0.0,0.0,0.0,0.0,1.2e+16,5974541.0,0.0,-4999.5,nan,0.0,nan
h2o_co2_hybrid_mrk,X(CO2)=1.000000,13000.0,573.15,1.0,29.93541,0.0,1.0,0.3333333,0.6666667,0.0,0.0,0.0,0.0,1.3e+16,11258540.0,0.0,-4999.5,nan,0.0,nan
h2o_co2_hybrid_mrk,X(CO2)=1.000000,14000.0,573.15,1.0,29.46065,0.0,1.0,0.3333333,0.6666667,0.0,0.0,0.0,0.0,1.4e+16,20994900.0,0.0,-4999.5,nan,0.0,nan
h2o_co2_hybrid_mrk,X(CO2)=1.000000,15000.0,573.15,1.0,29.02743,0.0,1.0,0.3333333,0.6666667,0.0,0.0,0.0,0.0,1.5e+16,38780490.0,0.0,-4999.5,nan,0.0,nan
h2o_co2_hybrid_mrk,X(CO2)=1.000000,16000.0,573.15,1.0,28.62945,0.0,1.0,0.3333333,0.6666667,0.0,0.0,0.0,0.0,1.6e+16,71011570.0,0.0,-4999.5,nan,0.0,nan
h2o_co2_hybrid_mrk,X(CO2)=1.000000,17000.0,573.15,1.0,28.2617,0.0,1.0,0.3333333,0.6666667,0.0,0.0,0.0,0.0,1.7e+16,128990900.0,0.0,-4999.5,nan,0.0,nan
h2o_co2_hybrid_mrk,X(CO2)=1.000000,18000.0,573.15,1.0,27.92016,0.0,1.0,0.3333333,0.6666667,0.0,0.0,0.0,0.0,1.8e+16,232573000.0,0.0,-4999.5,nan,0.0,nan
h2o_co2_hybrid_mrk,X(CO2)=1.000000,19000.0,573.15,1.0,27.60153,0.0,1.0,0.3333333,0.6666667,0.0,0.0,0.0,0.0,1.9e+16,416441100.0,0.0,-4999.5,nan,0.0,nan
h2o_co2_hybrid_mrk,X(CO2)=1.000000,20000.0,573.15,1.0,27.30311,0.0,1.0,0.3333333,0.6666667,0.0,0.0,0.0,0.0,2e+16,740862800.0,0.0,-4999.5,nan,0.0,nan
h2o_co2_hybrid_mrk,X(CO2)=1.000000,1000.0,623.15,1.0,70.4793,0.0,1.0,0.3333333,0.6666667,0.0,0.0,0.0,0.0,1000000000000000.0,1126.041,0.0,-4999.5,nan,0.0,nan
h2o_co2_hybrid_mrk,X(CO2)=1.000000,2000.0,623.15,1.0,51.15405,0.0,1.0,0.3333333,0.6666667,0.0,0.0,0.0,0.0,2000000000000000.0,3490.605,0.0,-4999.5,nan,0.0,nan
h2o_co2_hybrid_mrk,X(CO2)=1.000000,3000.0,623.15,1.0,44.42478,0.0,1.0,0.3333333,0.6666667,0.0,0.0,0.0,0.0,3000000000000000.0,8711.216,0.0,-4999.5,nan,0.0,nan
h2o_co2_hybrid_mrk,X(CO2)=1.000000,4000.0,623.15,1.0,40.73994,0.0,1.0,0.3333333,0.6666667,0.0,0.0,0.0,0.0,4000000000000000.0,19760.57,0.0,-4999.5,nan,0.0,nan
h2o_co2_hybrid_mrk,X(CO2)=1.000000,5000.0,623.15,1.0,38.30484,0.0,1.0,0.3333333,0.6666667,0.0,0.0,0.0,0.0,5000000000000000.0,42315.93,0.0,-4999.5,nan,0.0,nan
h2o_co2_hybrid_mrk,X(CO2)=1.000000,6000.0,623.15,1.0,36.52451,0.0,1.0,0.3333333,0.6666667,0.0,0.0,0.0,0.0,6000000000000000.0,87055.27,0.0,-4999.5,nan,0.0,nan
h2o_co2_hybrid_mrk,X(CO2)=1.000000,7000.0,623.15,1.0,35.13893,0.0,1.0,0.3333333,0.6666667,0.0,0.0,0.0,0.0,7000000000000000.0,173756.5,0.0,-4999.5,nan,0.0,nan
h2o_co2_hybrid_mrk,X(CO2)=1.000000,8000.0,623.15,1.0,34.01404,0.0,1.0,0.3333333,0.6666667,0.0,0.0,0.0,0.0,8000000000000000.0,338558.5,0.0,-4999.5,nan,0.0,nan
h2o_co2_hybrid_mrk,X(CO2)=1.000000,9000.0,623.15,1.0,33.07263,0.0,1.0,0.3333333,0.6666667,0.0,0.0,0.0,0.0,9000000000000000.0,646706.7,0.0,-4999.5,nan,0.0,nan
h2o_co2_hybrid_mrk,X(CO2)=1.000000,10000.0,623.15,1.0,32.26657,0.0,1.0,0.3333333,0.6666667,0.0,0.0,0.0,0.0,1e+16,1214741.0,0.0,-4999.5,nan,0.0,nan
h2o_co2_hybrid_mrk,X(CO2)=1.000000,11000.0,623.15,1.0,31.56403,0.0,1.0,0.3333333,0.6666667,0.0,0.0,0.0,0.0,1.1e+16,2248821.0,0.0,-4999.5,nan,0.0,nan
h2o_co2_hybrid_mrk,X(CO2)=1.000000,12000.0,623.15,1.0,30.94296,0.0,1.0,0.3333333,0.6666667,0.0,0.0,0.0,0.0,1.2e+16,4110471.0,0.0,-4999.5,nan,0.0,nan
h2o_co2_hybrid_mrk,X(CO2)=1.000000,13000.0,623.15,1.0,30.3875,0.0,1.0,0.3333333,0.6666667,0.0,0.0,0.0,0.0,1.3e+16,7428590.0,0.0,-4999.5,nan,0.0,nan
h2o_co2_hybrid_mrk,X(CO2)=1.000000,14000.0,623.15,1.0,29.88591,0.0,1.0,0.3333333,0.6666667,0.0,0.0,0.0,0.0,1.4e+16,13289170.0,0.0,-4999.5,nan,0.0,nan
h2o_co2_hybrid_mrk,X(CO2)=1.000000,15000.0,623.15,1.0,29.42926,0.0,1.0,0.3333333,0.6666667,0.0,0.0,0.0,0.0,1.5e+16,23554750.0,0.0,-4999.5,nan,0.0,nan
h2o_co2_hybrid_mrk,X(CO2)=1.000000,16000.0,623.15,1.0,29.01062,0.0,1.0,0.3333333,0.6666667,0.0,0.0,0.0,0.0,1.6e+16,41399470.0,0.0,-4999.5,nan,0.0,nan
h2o_co2_hybrid_mrk,X(CO2)=1.000000,17000.0,623.15,1.0,28.62451,0.0,1.0,0.3333333,0.6666667,0.0,0.0,0.0,0.0,1.7e+16,72200700.0,0.0,-4999.5,nan,0.0,nan
h2o_co2_hybrid_mrk,X(CO2)=1.000000,18000.0,623.15,1.0,28.26651,0.0,1.0,0.3333333,0.6666667,0.0,0.0,0.0,0.0,1.8e+16,125017900.0,0.0,-4999.5,nan,0.0,nan
h2o_co2_hybrid_mrk,X(CO2)=1.000000,19000.0,623.15,1.0,27.93306,0.0,1.0,0.3333333,0.6666667,0.0,0.0,0.0,0.0,1.9e+16,215033900.0,0.0,-4999.5,nan,0.0,nan
h2o_co2_hybrid_mrk,X(CO2)=1.000000,20000.0,623.15,1.0,27.62118,0.0,1.0,0.3333333,0.6666667,0.0,0.0,0.0,0.0,2e+16,367568900.0,0.0,-4999.5,nan,0.0,nan
h2o_co2_hybrid_mrk,X(CO2)=1.000000,1000.0,673.15,1.0,76.00911,0.0,1.0,0.3333333,0.6666667,0.0,0.0,0.0,0.0,1000000000000000.0,1175.513,0.0,-4999.5,nan,0.0,nan
h2o_co2_hybrid_mrk,X(CO2)=1.000000,2000.0,673.15,1.0,53.82183,0.0,1.0,0.3333333,0.6666667,0.0,0.0,0.0,0.0,2000000000000000.0,3584.415,0.0,-4999.5,nan,0.0,nan
h2o_co2_hybrid_mrk,X(CO2)=1.000000,3000.0,673.15,1.0,46.1591,0.0,1.0,0.3333333,0.6666667,0.0,0.0,0.0,0.0,3000000000000000.0,8682.695,0.0,-4999.5,nan,0.0,nan
h2o_co2_hybrid_mrk,X(CO2)=1.000000,4000.0,673.15,1.0,42.03258,0.0,1.0,0.3333333,0.6666667,0.0,0.0,0.0,0.0,4000000000000000.0,19033.58,0.0,-4999.5,nan,0.0,nan
h2o_co2_hybrid_mrk,X(CO2)=1.000000,5000.0,673.15,1.0,39.34283,0.0,1.0,0.3333333,0.6666667,0.0,0.0,0.0,0.0,5000000000000000.0,39321.07,0.0,-4999.5,nan,0.0,nan
h2o_co2_hybrid_mrk,X(CO2)=1.000000,6000.0,673.15,1.0,37.39704,0.0,1.0,0.3333333,0.6666667,0.0,0.0,0.0,0.0,6000000000000000.0,77986.2,0.0,-4999.5,nan,0.0,nan
h2o_co2_hybrid_mrk,X(CO2)=1.000000,7000.0,673.15,1.0,35.89514,0.0,1.0,0.3333333,0.6666667,0.0,0.0,0.0,0.0,7000000000000000.0,150025.5,0.0,-4999.5,nan,0.0,nan
h2o_co2_hybrid_mrk,X(CO2)=1.000000,8000.0,673.15,1.0,34.68382,0.0,1.0,0.3333333,0.6666667,0.0,0.0,0.0,0.0,8000000000000000.0,281745.9,0.0,-4999.5,nan,0.0,nan
h2o_co2_hybrid_mrk,X(CO2)=1.000000,9000.0,673.15,1.0,33.67551,0.0,1.0,0.3333333,0.6666667,0.0,0.0,0.0,0.0,9000000000000000.0,518777.8,0.0,-4999.5,nan,0.0,nan
h2o_co2_hybrid_mrk,X(CO2)=1.000000,10000.0,673.15,1.0,32.81602,0.0,1.0,0.3333333,0.6666667,0.0,0.0,0.0,0.0,1e+16,939476.3,0.0,-4999.5,nan,0.0,nan
h2o_co2_hybrid_mrk,X(CO2)=1.000000,11000.0,673.15,1.0,32.06975,0.0,1.0,0.3333333,0.6666667,0.0,0.0,0.0,0.0,1.1e+16,1677176.0,0.0,-4999.5,nan,0.0,nan
h2o_co2_hybrid_mrk,X(CO2)=1.000000,12000.0,673.15,1.0,31.41217,0.0,1.0,0.3333333,0.6666667,0.0,0.0,0.0,0.0,1.2e+16,2956909.0,0.0,-4999.5,nan,0.0,nan
h2o_co2_hybrid_mrk,X(CO2)=1.000000,13000.0,673.15,1.0,30.82572,0.0,1.0,0.3333333,0.6666667,0.0,0.0,0.0,0.0,1.3e+16,5155609.0,0.0,-4999.5,nan,0.0,nan
h2o_co2_hybrid_mrk,X(CO2)=1.000000,14000.0,673.15,1.0,30.29746,0.0,1.0,0.3333333,0.6666667,0.0,0.0,0.0,0.0,1.4e+16,8900291.0,0.0,-4999.5,nan,0.0,nan
h2o_co2_hybrid_mrk,X(CO2)=1.000000,15000.0,673.15,1.0,29.8176,0.0,1.0,0.3333333,0.6666667,0.0,0.0,0.0,0.0,1.5e+16,15227280.0,0.0,-4999.5,nan,0.0,nan
h2o_co2_hybrid_mrk,X(CO2)=1.000000,16000.0,673.15,1.0,29.37854,0.0,1.0,0.3333333,0.6666667,0.0,0.0,0.0,0.0,1.6e+16,25839230.0,0.0,-4999.5,nan,0.0,nan
h2o_co2_hybrid_mrk,X(CO2)=1.000000,17000.0,673.15,1.0,28.97432,0.0,1.0,0.3333333,0.6666667,0.0,0.0,0.0,0.0,1.7e+16,43517930.0,0.0,-4999.5,nan,0.0,nan
h2o_co2_hybrid_mrk,X(CO2)=1.000000,18000.0,673.15,1.0,28.60015,0.0,1.0,0.3333333,0.6666667,0.0,0.0,0.0,0.0,1.8e+16,72784590.0,0.0,-4999.5,nan,0.0,nan
h2o_co2_hybrid_mrk,X(CO2)=1.000000,19000.0,673.15,1.0,28.25213,0.0,1.0,0.3333333,0.6666667,0.0,0.0,0.0,0.0,1.9e+16,120951400.0,0.0,-4999.5,nan,0.0,nan
h2o_co2_hybrid_mrk,X(CO2)=1.000000,20000.0,673.15,1.0,27.92707,0.0,1.0,0.3333333,0.6666667,0.0,0.0,0.0,0.0,2e+16,199789400.0,0.0,-4999.5,nan,0.0,nan
h2o_co2_hybrid_mrk,X(CO2)=1.000000,1000.0,723.15,1.0,81.41712,0.0,1.0,0.3333333,0.6666667,0.0,0.0,0.0,0.0,1000000000000000.0,1210.939,0.0,-4999.5,nan,0.0,nan
h2o_co2_hybrid_mrk,X(CO2)=1.000000,2000.0,723.15,1.0,56.50541,0.0,1.0,0.3333333,0.6666667,0.0,0.0,0.0,0.0,2000000000000000.0,3638.767,0.0,-4999.5,nan,0.0,nan
h2o_co2_hybrid_mrk,X(CO2)=1.000000,3000.0,723.15,1.0,47.90807,0.0,1.0,0.3333333,0.6666667,0.0,0.0,0.0,0.0,3000000000000000.0,8593.411,0.0,-4999.5,nan,0.0,nan
h2o_co2_hybrid_mrk,X(CO2)=1.000000,4000.0,723.15,1.0,43.33026,0.0,1.0,0.3333333,0.6666667,0.0,0.0,0.0,0.0,4000000000000000.0,18293.67,0.0,-4999.5,nan,0.0,nan
h2o_co2_hybrid_mrk,X(CO2)=1.000000,5000.0,723.15,1.0,40.3793,0.0,1.0,0.3333333,0.6666667,0.0,0.0,0.0,0.0,5000000000000000.0,36641.57,0.0,-4999.5,nan,0.0,nan
h2o_co2_hybrid_mrk,X(CO2)=1.000000,6000.0,723.15,1.0,38.26403,0.0,1.0,0.3333333,0.6666667,0.0,0.0,0.0,0.0,6000000000000000.0,70410.84,0.0,-4999.5,nan,0.0,nan
h2o_co2_hybrid_mrk,X(CO2)=1.000000,7000.0,723.15,1.0,36.64338,0.0,1.0,0.3333333,0.6666667,0.0,0.0,0.0,0.0,7000000000000000.0,131205.2,0.0,-4999.5,nan,0.0,nan
h2o_co2_hybrid_mrk,X(CO2)=1.000000,8000.0,723.15,1.0,35.34415,0.0,1.0,0.3333333,0.6666667,0.0,0.0,0.0,0.0,8000000000000000.0,238667.1,0.0,-4999.5,nan,0.0,nan
h2o_co2_hybrid_mrk,X(CO2)=1.000000,9000.0,723.15,1.0,34.26806,0.0,1.0,0.3333333,0.6666667,0.0,0.0,0.0,0.0,9000000000000000.0,425696.8,0.0,-4999.5,nan,0.0,nan
h2o_co2_hybrid_mrk,X(CO2)=1.000000,10000.0,723.15,1.0,33.35465,0.0,1.0,0.3333333,0.6666667,0.0,0.0,0.0,0.0,1e+16,746881.0,0.0,-4999.5,nan,0.0,nan
h2o_co2_hybrid_mrk,X(CO2)=1.000000,11000.0,723.15,1.0,32.56438,0.0,1.0,0.3333333,0.6666667,0.0,0.0,0.0,0.0,1.1e+16,1292018.0,0.0,-4999.5,nan,0.0,nan
h2o_co2_hybrid_mrk,X(CO2)=1.000000,12000.0,723.15,1.0,31.87018,0.0,1.0,0.3333333,0.6666667,0.0,0.0,0.0,0.0,1.2e+16,2207689.0,0.0,-4999.5,nan,0.0,nan
h2o_co2_hybrid_mrk,X(CO2)=1.000000,13000.0,723.15,1.0,31.25275,0.0,1.0,0.3333333,0.6666667,0.0,0.0,0.0,0.0,1.3e+16,3731467.0,0.0,-4999.5,nan,0.0,nan
h2o_co2_hybrid_mrk,X(CO2)=1.000000,14000.0,723.15,1.0,30.6979,0.0,1.0,0.3333333,0.6666667,0.0,0.0,0.0,0.0,1.4e+16,6245898.0,0.0,-4999.5,nan,0.0,nan
h2o_co2_hybrid_mrk,X(CO2)=1.000000,15000.0,723.15,1.0,30.19494,0.0,1.0,0.3333333,0.6666667,0.0,0.0,0.0,0.0,1.5e+16,10363230.0,0.0,-4999.5,nan,0.0,nan
h2o_co2_hybrid_mrk,X(CO2)=1.000000,16000.0,723.15,1.0,29.73563,0.0,1.0,0.3333333,0.6666667,0.0,0.0,0.0,0.0,1.6e+16,17057850.0,0.0,-4999.5,nan,0.0,nan
h2o_co2_hybrid_mrk,X(CO2)=1.000000,17000.0,723.15,1.0,29.31348,0.0,1.0,0.3333333,0.6666667,0.0,0.0,0.0,0.0,1.7e+16,27872340.0,0.0,-4999.5,nan,0.0,nan
h2o_co2_hybrid_mrk,X(CO2)=1.000000,18000.0,723.15,1.0,28.92331,0.0,1.0,0.3333333,0.6666667,0.0,0.0,0.0,0.0,1.8e+16,45236750.0,0.0,-4999.5,nan,0.0,nan
h2o_co2_hybrid_mrk,X(CO2)=1.000000,19000.0,723.15,1.0,28.56093,0.0,1.0,0.3333333,0.6666667,0.0,0.0,0.0,0.0,1.9e+16,72961480.0,0.0,-4999.5,nan,0.0,nan
h2o_co2_hybrid_mrk,X(CO2)=1.000000,20000.0,723.15,1.0,28.22288,0.0,1.0,0.3333333,0.6666667,0.0,0.0,0.0,0.0,2e+16,116995200.0,0.0,-4999.5,nan,0.0,nan
h2o_co2_hybrid_mrk,X(CO2)=1.000000,1000.0,773.15,1.0,86.70165,0.0,1.0,0.3333333,0.6666667,0.0,0.0,0.0,0.0,1000000000000000.0,1236.127,0.0,-4999.5,nan,0.0,nan
h2o_co2_hybrid_mrk,X(CO2)=1.000000,2000.0,773.15,1.0,59.18709,0.0,1.0,0.3333333,0.6666667,0.0,0.0,0.0,0.0,2000000000000000.0,3664.785,0.0,-4999.5,nan,0.0,nan
h2o_co2_hybrid_mrk,X(CO2)=1.000000,3000.0,773.15,1.0,49.66666,0.0,1.0,0.3333333,0.6666667,0.0,0.0,0.0,0.0,3000000000000000.0,8466.595,0.0,-4999.5,nan,0.0,nan
h2o_co2_hybrid_mrk,X(CO2)=1.000000,4000.0,773.15,1.0,44.63275,0.0,1.0,0.3333333,0.6666667,0.0,0.0,0.0,0.0,4000000000000000.0,17571.56,0.0,-4999.5,nan,0.0,nan
h2o_co2_hybrid_mrk,X(CO2)=1.000000,5000.0,773.15,1.0,41.41571,0.0,1.0,0.3333333,0.6666667,0.0,0.0,0.0,0.0,5000000000000000.0,34261.35,0.0,-4999.5,nan,0.0,nan
h2o_co2_hybrid_mrk,X(CO2)=1.000000,6000.0,773.15,1.0,39.12759,0.0,1.0,0.3333333,0.6666667,0.0,0.0,0.0,0.0,6000000000000000.0,64048.04,0.0,-4999.5,nan,0.0,nan
h2o_co2_hybrid_mrk,X(CO2)=1.000000,7000.0,773.15,1.0,37.38599,0.0,1.0,0.3333333,0.6666667,0.0,0.0,0.0,0.0,7000000000000000.0,116075.3,0.0,-4999.5,nan,0.0,nan
h2o_co2_hybrid_mrk,X(CO2)=1.000000,8000.0,773.15,1.0,35.99745,0.0,1.0,0.3333333,0.6666667,0.0,0.0,0.0,0.0,8000000000000000.0,205342.5,0.0,-4999.5,nan,0.0,nan
h2o_co2_hybrid_mrk,X(CO2)=1.000000,9000.0,773.15,1.0,34.85269,0.0,1.0,0.3333333,0.6666667,0.0,0.0,0.0,0.0,9000000000000000.0,356210.7,0.0,-4999.5,nan,0.0,nan
h2o_co2_hybrid_mrk,X(CO2)=1.000000,10000.0,773.15,1.0,33.88479,0.0,1.0,0.3333333,0.6666667,0.0,0.0,0.0,0.0,1e+16,607893.9,0.0,-4999.5,nan,0.0,nan
h2o_co2_hybrid_mrk,X(CO2)=1.000000,11000.0,773.15,1.0,33.05021,0.0,1.0,0.3333333,0.6666667,0.0,0.0,0.0,0.0,1.1e+16,1023009.0,0.0,-4999.5,nan,0.0,nan
h2o_co2_hybrid_mrk,X(CO2)=1.000000,12000.0,773.15,1.0,32.31922,0.0,1.0,0.3333333,0.6666667,0.0,0.0,0.0,0.0,1.2e+16,1700812.0,0.0,-4999.5,nan,0.0,nan
h2o_co2_hybrid_mrk,X(CO2)=1.000000,13000.0,773.15,1.0,31.67072,0.0,1.0,0.3333333,0.6666667,0.0,0.0,0.0,0.0,1.3e+16,2797584.0,0.0,-4999.5,nan,0.0,nan
h2o_co2_hybrid_mrk,X(CO2)=1.000000,14000.0,773.15,1.0,31.08929,0.0,1.0,0.3333333,0.6666667,0.0,0.0,0.0,0.0,1.4e+16,4557875.0,0.0,-4999.5,nan,0.0,nan
h2o_co2_hybrid_mrk,X(CO2)=1.000000,15000.0,773.15,1.0,30.56329,0.0,1.0,0.3333333,0.6666667,0.0,0.0,0.0,0.0,1.5e+16,7362179.0,0.0,-4999.5,nan,0.0,nan
h2o_co2_hybrid_mrk,X(CO2)=1.000000,16000.0,773.15,1.0,30.0838,0.0,1.0,0.3333333,0.6666667,0.0,0.0,0.0,0.0,1.6e+16,11799350.0,0.0,-4999.5,nan,0.0,nan
h2o_co2_hybrid_mrk,X(CO2)=1.000000,17000.0,773.15,1.0,29.64383,0.0,1.0,0.3333333,0.6666667,0.0,0.0,0.0,0.0,1.7e+16,18776180.0,0.0,-4999.5,nan,0.0,nan
h2o_co2_hybrid_mrk,X(CO2)=1.000000,18000.0,773.15,1.0,29.2378,0.0,1.0,0.3333333,0.6666667,0.0,0.0,0.0,0.0,1.8e+16,29682550.0,0.0,-4999.5,nan,0.0,nan
h2o_co2_hybrid_mrk,X(CO2)=1.000000,19000.0,773.15,1.0,28.86119,0.0,1.0,0.3333333,0.6666667,0.0,0.0,0.0,0.0,1.9e+16,46639460.0,0.0,-4999.5,nan,0.0,nan
h2o_co2_hybrid_mrk,X(CO2)=1.000000,20000.0,773.15,1.0,28.51032,0.0,1.0,0.3333333,0.6666667,0.0,0.0,0.0,0.0,2e+16,72870250.0,0.0,-4999.5,nan,0.0,nan
h2o_co2_hybrid_mrk,X(CO2)=1.000000,1000.0,823.15,1.0,91.87647,0.0,1.0,0.3333333,0.6666667,0.0,0.0,0.0,0.0,1000000000000000.0,1253.862,0.0,-4999.5,nan,0.0,nan
h2o_co2_hybrid_mrk,X(CO2)=1.000000,2000.0,823.15,1.0,61.85515,0.0,1.0,0.3333333,0.6666667,0.0,0.0,0.0,0.0,2000000000000000.0,3670.855,0.0,-4999.5,nan,0.0,nan
h2o_co2_hybrid_mrk,X(CO2)=1.000000,3000.0,823.15,1.0,51.43018,0.0,1.0,0.3333333,0.6666667,0.0,0.0,0.0,0.0,3000000000000000.0,8318.21,0.0,-4999.5,nan,0.0,nan
h2o_co2_hybrid_mrk,X(CO2)=1.000000,4000.0,823.15,1.0,45.93934,0.0,1.0,0.3333333,0.6666667,0.0,0.0,0.0,0.0,4000000000000000.0,16883.79,0.0,-4999.5,nan,0.0,nan
h2o_co2_hybrid_mrk,X(CO2)=1.000000,5000.0,823.15,1.0,42.45295,0.0,1.0,0.3333333,0.6666667,0.0,0.0,0.0,0.0,5000000000000000.0,32152.85,0.0,-4999.5,nan,0.0,nan
h2o_co2_hybrid_mrk,X(CO2)=1.000000,6000.0,823.15,1.0,39.98925,0.0,1.0,0.3333333,0.6666667,0.0,0.0,0.0,0.0,6000000000000000.0,58668.7,0.0,-4999.5,nan,0.0,nan
h2o_co2_hybrid_mrk,X(CO2)=1.000000,7000.0,823.15,1.0,38.12476,0.0,1.0,0.3333333,0.6666667,0.0,0.0,0.0,0.0,7000000000000000.0,103755.7,0.0,-4999.5,nan,0.0,nan
h2o_co2_hybrid_mrk,X(CO2)=1.000000,8000.0,823.15,1.0,36.64559,0.0,1.0,0.3333333,0.6666667,0.0,0.0,0.0,0.0,8000000000000000.0,179097.6,0.0,-4999.5,nan,0.0,nan
h2o_co2_hybrid_mrk,X(CO2)=1.000000,9000.0,823.15,1.0,35.43127,0.0,1.0,0.3333333,0.6666667,0.0,0.0,0.0,0.0,9000000000000000.0,303158.4,0.0,-4999.5,nan,0.0,nan
h2o_co2_hybrid_mrk,X(CO2)=1.000000,10000.0,823.15,1.0,34.40831,0.0,1.0,0.3333333,0.6666667,0.0,0.0,0.0,0.0,1e+16,504872.2,0.0,-4999.5,nan,0.0,nan
h2o_co2_hybrid_mrk,X(CO2)=1.000000,11000.0,823.15,1.0,33.52903,0.0,1.0,0.3333333,0.6666667,0.0,0.0,0.0,0.0,1.1e+16,829235.7,0.0,-4999.5,nan,0.0,nan
h2o_co2_hybrid_mrk,X(CO2)=1.000000,12000.0,823.15,1.0,32.76103,0.0,1.0,0.3333333,0.6666667,0.0,0.0,0.0,0.0,1.2e+16,1345743.0,0.0,-4999.5,nan,0.0,nan
h2o_co2_hybrid_mrk,X(CO2)=1.000000,13000.0,823.15,1.0,32.08135,0.0,1.0,0.3333333,0.6666667,0.0,0.0,0.0,0.0,1.3e+16,2161040.0,0.0,-4999.5,nan,0.0,nan
h2o_co2_hybrid_mrk,X(CO2)=1.000000,14000.0,823.15,1.0,31.47327,0.0,1.0,0.3333333,0.6666667,0.0,0.0,0.0,0.0,1.4e+16,3437837.0,0.0,-4999.5,nan,0.0,nan
h2o_co2_hybrid_mrk,X(CO2)=1.000000,15000.0,823.15,1.0,30.92424,0.0,1.0,0.3333333,0.6666667,0.0,0.0,0.0,0.0,1.5e+16,5423029.0,0.0,-4999.5,nan,0.0,nan
h2o_co2_hybrid_mrk,X(CO2)=1.000000,16000.0,823.15,1.0,30.42462,0.0,1.0,0.3333333,0.6666667,0.0,0.0,0.0,0.0,1.6e+16,8489375.0,0.0,-4999.5,nan,0.0,nan
h2o_co2_hybrid_mrk,X(CO2)=1.000000,17000.0,823.15,1.0,29.96689,0.0,1.0,0.3333333,0.6666667,0.0,0.0,0.0,0.0,1.7e+16,13197010.0,0.0,-4999.5,nan,0.0,nan
h2o_co2_hybrid_mrk,X(CO2)=1.000000,18000.0,823.15,1.0,29.54508,0.0,1.0,0.3333333,0.6666667,0.0,0.0,0.0,0.0,1.8e+16,20383900.0,0.0,-4999.5,nan,0.0,nan
h2o_co2_hybrid_mrk,X(CO2)=1.000000,19000.0,823.15,1.0,29.15434,0.0,1.0,0.3333333,0.6666667,0.0,0.0,0.0,0.0,1.9e+16,31298470.0,0.0,-4999.5,nan,0.0,nan
h2o_co2_hybrid_mrk,X(CO2)=1.000000,20000.0,823.15,1.0,28.79074,0.0,1.0,0.3333333,0.6666667,0.0,0.0,0.0,0.0,2e+16,47793350.0,0.0,-4999.5,nan,0.0,nan
h2o_co2_hybrid_mrk,X(CO2)=1.000000,1000.0,873.15,1.0,96.95933,0.0,1.0,0.3333333,0.6666667,0.0,0.0,0.0,0.0,1000000000000000.0,1266.138,0.0,-4999.5,nan,0.0,nan
h2o_co2_hybrid_mrk,X(CO2)=1.000000,2000.0,873.15,1.0,64.50314,0.0,1.0,0.3333333,0.6666667,0.0,0.0,0.0,0.0,2000000000000000.0,3663.121,0.0,-4999.5,nan,0.0,nan
h2o_co2_hybrid_mrk,X(CO2)=1.000000,3000.0,873.15,1.0,53.1948,0.0,1.0,0.3333333,0.6666667,0.0,0.0,0.0,0.0,3000000000000000.0,8159.019,0.0,-4999.5,nan,0.0,nan
h2o_co2_hybrid_mrk,X(CO2)=1.000000,4000.0,873.15,1.0,47.24913,0.0,1.0,0.3333333,0.6666667,0.0,0.0,0.0,0.0,4000000000000000.0,16238.28,0.0,-4999.5,nan,0.0,nan
h2o_co2_hybrid_mrk,X(CO2)=1.000000,5000.0,873.15,1.0,43.49154,0.0,1.0,0.3333333,0.6666667,0.0,0.0,0.0,0.0,5000000000000000.0,30285.34,0.0,-4999.5,nan,0.0,nan
h2o_co2_hybrid_mrk,X(CO2)=1.000000,6000.0,873.15,1.0,40.85015,0.0,1.0,0.3333333,0.6666667,0.0,0.0,0.0,0.0,6000000000000000.0,54089.24,0.0,-4999.5,nan,0.0,nan
h2o_co2_hybrid_mrk,X(CO2)=1.000000,7000.0,873.15,1.0,38.86109,0.0,1.0,0.3333333,0.6666667,0.0,0.0,0.0,0.0,7000000000000000.0,93604.07,0.0,-4999.5,nan,0.0,nan
h2o_co2_hybrid_mrk,X(CO2)=1.000000,8000.0,873.15,1.0,37.29006,0.0,1.0,0.3333333,0.6666667,0.0,0.0,0.0,0.0,8000000000000000.0,158093.5,0.0,-4999.5,nan,0.0,nan
h2o_co2_hybrid_mrk,X(CO2)=1.000000,9000.0,873.15,1.0,36.00533,0.0,1.0,0.3333333,0.6666667,0.0,0.0,0.0,0.0,9000000000000000.0,261842.9,0.0,-4999.5,nan,0.0,nan
h2o_co2_hybrid_mrk,X(CO2)=1.000000,10000.0,873.15,1.0,34.92671,0.0,1.0,0.3333333,0.6666667,0.0,0.0,0.0,0.0,1e+16,426707.0,0.0,-4999.5,nan,0.0,nan
h2o_co2_hybrid_mrk,X(CO2)=1.000000,11000.0,873.15,1.0,34.00234,0.0,1.0,0.3333333,0.6666667,0.0,0.0,0.0,0.0,1.1e+16,685879.9,0.0,-4999.5,nan,0.0,nan
h2o_co2_hybrid_mrk,X(CO2)=1.000000,12000.0,873.15,1.0,33.19705,0.0,1.0,0.3333333,0.6666667,0.0,0.0,0.0,0.0,1.2e+16,1089450.0,0.0,-4999.5,nan,0.0,nan
h2o_co2_hybrid_mrk,X(CO2)=1.000000,13000.0,873.15,1.0,32.48603,0.0,1.0,0.3333333,0.6666667,0.0,0.0,0.0,0.0,1.3e+16,1712541.0,0.0,-4999.5,nan,0.0,nan
h2o_co2_hybrid_mrk,X(CO2)=1.000000,14000.0,873.15,1.0,31.85122,0.0,1.0,0.3333333,0.6666667,0.0,0.0,0.0,0.0,1.4e+16,2667206.0,0.0,-4999.5,nan,0.0,nan
h2o_co2_hybrid_mrk,X(CO2)=1.000000,15000.0,873.15,1.0,31.2791,0.0,1.0,0.3333333,0.6666667,0.0,0.0,0.0,0.0,1.5e+16,4119722.0,0.0,-4999.5,nan,0.0,nan
h2o_co2_hybrid_mrk,X(CO2)=1.000000,16000.0,873.15,1.0,30.75934,0.0,1.0,0.3333333,0.6666667,0.0,0.0,0.0,0.0,1.6e+16,6315643.0,0.0,-4999.5,nan,0.0,nan
h2o_co2_hybrid_mrk,X(CO2)=1.000000,17000.0,873.15,1.0,30.28389,0.0,1.0,0.3333333,0.6666667,0.0,0.0,0.0,0.0,1.7e+16,9615988.0,0.0,-4999.5,nan,0.0,nan
h2o_co2_hybrid_mrk,X(CO2)=1.000000,18000.0,873.15,1.0,29.84633,0.0,1.0,0.3333333,0.6666667,0.0,0.0,0.0,0.0,1.8e+16,14549300.0,0.0,-4999.5,nan,0.0,nan
h2o_co2_hybrid_mrk,X(CO2)=1.000000,19000.0,873.15,1.0,29.44153,0.0,1.0,0.3333333,0.6666667,0.0,0.0,0.0,0.0,1.9e+16,21886320.0,0.0,-4999.5,nan,0.0,nan
h2o_co2_hybrid_mrk,X(CO2)=1.000000,20000.0,873.15,1.0,29.06527,0.0,1.0,0.3333333,0.6666667,0.0,0.0,0.0,0.0,2e+16,32746810.0,0.0,-4999.5,nan,0.0,nan
h2o_co2_hybrid_mrk,X(CO2)=1.000000,1000.0,923.15,1.0,101.9669,0.0,1.0,0.3333333,0.6666667,0.0,0.0,0.0,0.0,1000000000000000.0,1274.381,0.0,-4999.5,nan,0.0,nan
h2o_co2_hybrid_mrk,X(CO2)=1.000000,2000.0,923.15,1.0,67.12839,0.0,1.0,0.3333333,0.6666667,0.0,0.0,0.0,0.0,2000000000000000.0,3645.995,0.0,-4999.5,nan,0.0,nan
h2o_co2_hybrid_mrk,X(CO2)=1.000000,3000.0,923.15,1.0,54.95767,0.0,1.0,0.3333333,0.6666667,0.0,0.0,0.0,0.0,3000000000000000.0,7996.134,0.0,-4999.5,nan,0.0,nan
h2o_co2_hybrid_mrk,X(CO2)=1.000000,4000.0,923.15,1.0,48.56126,0.0,1.0,0.3333333,0.6666667,0.0,0.0,0.0,0.0,4000000000000000.0,15637.77,0.0,-4999.5,nan,0.0,nan
h2o_co2_hybrid_mrk,X(CO2)=1.000000,5000.0,923.15,1.0,44.53179,0.0,1.0,0.3333333,0.6666667,0.0,0.0,0.0,0.0,5000000000000000.0,28628.82,0.0,-4999.5,nan,0.0,nan
h2o_co2_hybrid_mrk,X(CO2)=1.000000,6000.0,923.15,1.0,41.71115,0.0,1.0,0.3333333,0.6666667,0.0,0.0,0.0,0.0,6000000000000000.0,50163.36,0.0,-4999.5,nan,0.0,nan
h2o_co2_hybrid_mrk,X(CO2)=1.000000,7000.0,923.15,1.0,39.59608,0.0,1.0,0.3333333,0.6666667,0.0,0.0,0.0,0.0,7000000000000000.0,85146.36,0.0,-4999.5,nan,0.0,nan
h2o_co2_hybrid_mrk,X(CO2)=1.000000,8000.0,923.15,1.0,37.93209,0.0,1.0,0.3333333,0.6666667,0.0,0.0,0.0,0.0,8000000000000000.0,141039.4,0.0,-4999.5,nan,0.0,nan
h2o_co2_hybrid_mrk,X(CO2)=1.000000,9000.0,923.15,1.0,36.57612,0.0,1.0,0.3333333,0.6666667,0.0,0.0,0.0,0.0,9000000000000000.0,229098.3,0.0,-4999.5,nan,0.0,nan
h2o_co2_hybrid_mrk,X(CO2)=1.000000,10000.0,923.15,1.0,35.44124,0.0,1.0,0.3333333,0.6666667,0.0,0.0,0.0,0.0,1e+16,366174.6,0.0,-4999.5,nan,0.0,nan
h2o_co2_hybrid_mrk,X(CO2)=1.000000,11000.0,923.15,1.0,34.47135,0.0,1.0,0.3333333,0.6666667,0.0,0.0,0.0,0.0,1.1e+16,577326.0,0.0,-4999.5,nan,0.0,nan
h2o_co2_hybrid_mrk,X(CO2)=1.000000,12000.0,923.15,1.0,33.62849,0.0,1.0,0.3333333,0.6666667,0.0,0.0,0.0,0.0,1.2e+16,899580.6,0.0,-4999.5,nan,0.0,nan
h2o_co2_hybrid_mrk,X(CO2)=1.000000,13000.0,923.15,1.0,32.88592,0.0,1.0,0.3333333,0.6666667,0.0,0.0,0.0,0.0,1.3e+16,1387344.0,0.0,-4999.5,nan,0.0,nan
h2o_co2_hybrid_mrk,X(CO2)=1.000000,14000.0,923.15,1.0,32.22424,0.0,1.0,0.3333333,0.6666667,0.0,0.0,0.0,0.0,1.4e+16,2120132.0,0.0,-4999.5,nan,0.0,nan
h2o_co2_hybrid_mrk,X(CO2)=1.000000,15000.0,923.15,1.0,31.62896,0.0,1.0,0.3333333,0.6666667,0.0,0.0,0.0,0.0,1.5e+16,3213596.0,0.0,-4999.5,nan,0.0,nan
h2o_co2_hybrid_mrk,X(CO2)=1.000000,16000.0,923.15,1.0,31.08903,0.0,1.0,0.3333333,0.6666667,0.0,0.0,0.0,0.0,1.6e+16,4835179.0,0.0,-4999.5,nan,0.0,nan
h2o_co2_hybrid_mrk,X(CO2)=1.000000,17000.0,923.15,1.0,30.59583,0.0,1.0,0.3333333,0.6666667,0.0,0.0,0.0,0.0,1.7e+16,7226275.0,0.0,-4999.5,nan,0.0,nan
h2o_co2_hybrid_mrk,X(CO2)=1.000000,18000.0,923.15,1.0,30.14255,0.0,1.0,0.3333333,0.6666667,0.0,0.0,0.0,0.0,1.8e+16,10733500.0,0.0,-4999.5,nan,0.0,nan
h2o_co2_hybrid_mrk,X(CO2)=1.000000,19000.0,923.15,1.0,29.72371,0.0,1.0,0.3333333,0.6666667,0.0,0.0,0.0,0.0,1.9e+16,15852700.0,0.0,-4999.5,nan,0.0,nan
h2o_co2_hybrid_mrk,X(CO2)=1.000000,20000.0,923.15,1.0,29.33485,0.0,1.0,0.3333333,0.6666667,0.0,0.0,0.0,0.0,2e+16,23290650.0,0.0,-4999.5,nan,0.0,nan
h2o_co2_hybrid_mrk,X(CO2)=1.000000,1000.0,973.15,1.0,106.9132,0.0,1.0,0.3333333,0.6666667,0.0,0.0,0.0,0.0,1000000000000000.0,1279.616,0.0,-4999.5,nan,0.0,nan
h2o_co2_hybrid_mrk,X(CO2)=1.000000,2000.0,973.15,1.0,69.73071,0.0,1.0,0.3333333,0.6666667,0.0,0.0,0.0,0.0,2000000000000000.0,3622.609,0.0,-4999.5,nan,0.0,nan
h2o_co2_hybrid_mrk,X(CO2)=1.000000,3000.0,973.15,1.0,56.71687,0.0,1.0,0.3333333,0.6666667,0.0,0.0,0.0,0.0,3000000000000000.0,7834.135,0.0,-4999.5,nan,0.0,nan
h2o_co2_hybrid_mrk,X(CO2)=1.000000,4000.0,973.15,1.0,49.87501,0.0,1.0,0.3333333,0.6666667,0.0,0.0,0.0,0.0,4000000000000000.0,15081.98,0.0,-4999.5,nan,0.0,nan
h2o_co2_hybrid_mrk,X(CO2)=1.000000,5000.0,973.15,1.0,45.57389,0.0,1.0,0.3333333,0.6666667,0.0,0.0,0.0,0.0,5000000000000000.0,27155.79,0.0,-4999.5,nan,0.0,nan
h2o_co2_hybrid_mrk,X(CO2)=1.000000,6000.0,973.15,1.0,42.57293,0.0,1.0,0.3333333,0.6666667,0.0,0.0,0.0,0.0,6000000000000000.0,46774.58,0.0,-4999.5,nan,0.0,nan
h2o_co2_hybrid_mrk,X(CO2)=1.000000,7000.0,973.15,1.0,40.33066,0.0,1.0,0.3333333,0.6666667,0.0,0.0,0.0,0.0,7000000000000000.0,78027.82,0.0,-4999.5,nan,0.0,nan
h2o_co2_hybrid_mrk,X(CO2)=1.000000,8000.0,973.15,1.0,38.57268,0.0,1.0,0.3333333,0.6666667,0.0,0.0,0.0,0.0,8000000000000000.0,127011.1,0.0,-4999.5,nan,0.0,nan
h2o_co2_hybrid_mrk,X(CO2)=1.000000,9000.0,973.15,1.0,37.14467,0.0,1.0,0.3333333,0.6666667,0.0,0.0,0.0,0.0,9000000000000000.0,202738.2,0.0,-4999.5,nan,0.0,nan
h2o_co2_hybrid_mrk,X(CO2)=1.000000,10000.0,973.15,1.0,35.95294,0.0,1.0,0.3333333,0.6666667,0.0,0.0,0.0,0.0,1e+16,318442.7,0.0,-4999.5,nan,0.0,nan
h2o_co2_hybrid_mrk,X(CO2)=1.000000,11000.0,973.15,1.0,34.9371,0.0,1.0,0.3333333,0.6666667,0.0,0.0,0.0,0.0,1.1e+16,493428.3,0.0,-4999.5,nan,0.0,nan
h2o_co2_hybrid_mrk,X(CO2)=1.000000,12000.0,973.15,1.0,34.05634,0.0,1.0,0.3333333,0.6666667,0.0,0.0,0.0,0.0,1.2e+16,755686.2,0.0,-4999.5,nan,0.0,nan
h2o_co2_hybrid_mrk,X(CO2)=1.000000,13000.0,973.15,1.0,33.28199,0.0,1.0,0.3333333,0.6666667,0.0,0.0,0.0,0.0,1.3e+16,1145586.0,0.0,-4999.5,nan,0.0,nan
h2o_co2_hybrid_mrk,X(CO2)=1.000000,14000.0,973.15,1.0,32.59328,0.0,1.0,0.3333333,0.6666667,0.0,0.0,0.0,0.0,1.4e+16,1721056.0,0.0,-4999.5,nan,0.0,nan
h2o_co2_hybrid_mrk,X(CO2)=1.000000,15000.0,973.15,1.0,31.97474,0.0,1.0,0.3333333,0.6666667,0.0,0.0,0.0,0.0,1.5e+16,2564838.0,0.0,-4999.5,nan,0.0,nan
h2o_co2_hybrid_mrk,X(CO2)=1.000000,16000.0,973.15,1.0,31.41457,0.0,1.0,0.3333333,0.6666667,0.0,0.0,0.0,0.0,1.6e+16,3794599.0,0.0,-4999.5,nan,0.0,nan
h2o_co2_hybrid_mrk,X(CO2)=1.000000,17000.0,973.15,1.0,30.90359,0.0,1.0,0.3333333,0.6666667,0.0,0.0,0.0,0.0,1.7e+16,5577000.0,0.0,-4999.5,nan,0.0,nan
h2o_co2_hybrid_mrk,X(CO2)=1.000000,18000.0,973.15,1.0,30.43458,0.0,1.0,0.3333333,0.6666667,0.0,0.0,0.0,0.0,1.8e+16,8147195.0,0.0,-4999.5,nan,0.0,nan
h2o_co2_hybrid_mrk,X(CO2)=1.000000,19000.0,973.15,1.0,30.00171,0.0,1.0,0.3333333,0.6666667,0.0,0.0,0.0,0.0,1.9e+16,11835790.0,0.0,-4999.5,nan,0.0,nan
h2o_co2_hybrid_mrk,X(CO2)=1.000000,20000.0,973.15,1.0,29.60024,0.0,1.0,0.3333333,0.6666667,0.0,0.0,0.0,0.0,2e+16,17106030.0,0.0,-4999.5,nan,0.0,nan
h2o_co2_hybrid_mrk,X(CO2)=1.000000,1000.0,1023.15,1.0,111.8091,0.0,1.0,0.3333333,0.6666667,0.0,0.0,0.0,0.0,1000000000000000.0,1282.584,0.0,-4999.5,nan,0.0,nan
h2o_co2_hybrid_mrk,X(CO2)=1.000000,2000.0,1023.15,1.0,72.31123,0.0,1.0,0.3333333,0.6666667,0.0,0.0,0.0,0.0,2000000000000000.0,3595.169,0.0,-4999.5,nan,0.0,nan
h2o_co2_hybrid_mrk,X(CO2)=1.000000,3000.0,1023.15,1.0,58.47122,0.0,1.0,0.3333333,0.6666667,0.0,0.0,0.0,0.0,3000000000000000.0,7675.877,0.0,-4999.5,nan,0.0,nan
h2o_co2_hybrid_mrk,X(CO2)=1.000000,4000.0,1023.15,1.0,51.18978,0.0,1.0,0.3333333,0.6666667,0.0,0.0,0.0,0.0,4000000000000000.0,14568.97,0.0,-4999.5,nan,0.0,nan
h2o_co2_hybrid_mrk,X(CO2)=1.000000,5000.0,1023.15,1.0,46.61796,0.0,1.0,0.3333333,0.6666667,0.0,0.0,0.0,0.0,5000000000000000.0,25841.81,0.0,-4999.5,nan,0.0,nan
h2o_co2_hybrid_mrk,X(CO2)=1.000000,6000.0,1023.15,1.0,43.43603,0.0,1.0,0.3333333,0.6666667,0.0,0.0,0.0,0.0,6000000000000000.0,43829.88,0.0,-4999.5,nan,0.0,nan
h2o_co2_hybrid_mrk,X(CO2)=1.000000,7000.0,1023.15,1.0,41.06559,0.0,1.0,0.3333333,0.6666667,0.0,0.0,0.0,0.0,7000000000000000.0,71979.9,0.0,-4999.5,nan,0.0,nan
h2o_co2_hybrid_mrk,X(CO2)=1.000000,8000.0,1023.15,1.0,39.2127,0.0,1.0,0.3333333,0.6666667,0.0,0.0,0.0,0.0,8000000000000000.0,115335.2,0.0,-4999.5,nan,0.0,nan
h2o_co2_hybrid_mrk,X(CO2)=1.000000,9000.0,1023.15,1.0,37.7119,0.0,1.0,0.3333333,0.6666667,0.0,0.0,0.0,0.0,9000000000000000.0,181219.4,0.0,-4999.5,nan,0.0,nan
h2o_co2_hybrid_mrk,X(CO2)=1.000000,10000.0,1023.15,1.0,36.46273,0.0,1.0,0.3333333,0.6666667,0.0,0.0,0.0,0.0,1e+16,280195.7,0.0,-4999.5,nan,0.0,nan
h2o_co2_hybrid_mrk,X(CO2)=1.000000,11000.0,1023.15,1.0,35.40047,0.0,1.0,0.3333333,0.6666667,0.0,0.0,0.0,0.0,1.1e+16,427405.2,0.0,-4999.5,nan,0.0,nan
h2o_co2_hybrid_mrk,X(CO2)=1.000000,12000.0,1023.15,1.0,34.48146,0.0,1.0,0.3333333,0.6666667,0.0,0.0,0.0,0.0,1.2e+16,644430.2,0.0,-4999.5,nan,0.0,nan
h2o_co2_hybrid_mrk,X(CO2)=1.000000,13000.0,1023.15,1.0,33.67509,0.0,1.0,0.3333333,0.6666667,0.0,0.0,0.0,0.0,1.3e+16,961874.8,0.0,-4999.5,nan,0.0,nan
h2o_co2_hybrid_mrk,X(CO2)=1.000000,14000.0,1023.15,1.0,32.95917,0.0,1.0,0.3333333,0.6666667,0.0,0.0,0.0,0.0,1.4e+16,1422929.0,0.0,-4999.5,nan,0.0,nan
h2o_co2_hybrid_mrk,X(CO2)=1.000000,15000.0,1023.15,1.0,32.31723,0.0,1.0,0.3333333,0.6666667,0.0,0.0,0.0,0.0,1.5e+16,2088275.0,0.0,-4999.5,nan,0.0,nan
h2o_co2_hybrid_mrk,X(CO2)=1.000000,16000.0,1023.15,1.0,31.73671,0.0,1.0,0.3333333,0.6666667,0.0,0.0,0.0,0.0,1.6e+16,3042820.0,0.0,-4999.5,nan,0.0,nan
h2o_co2_hybrid_mrk,X(CO2)=1.000000,17000.0,1023.15,1.0,31.20791,0.0,1.0,0.3333333,0.6666667,0.0,0.0,0.0,0.0,1.7e+16,4404907.0,0.0,-4999.5,nan,0.0,nan
h2o_co2_hybrid_mrk,X(CO2)=1.000000,18000.0,1023.15,1.0,30.72312,0.0,1.0,0.3333333,0.6666667,0.0,0.0,0.0,0.0,1.8e+16,6338882.0,0.0,-4999.5,nan,0.0,nan
h2o_co2_hybrid_mrk,X(CO2)=1.000000,19000.0,1023.15,1.0,30.27619,0.0,1.0,0.3333333,0.6666667,0.0,0.0,0.0,0.0,1.9e+16,9072197.0,0.0,-4999.5,nan,0.0,nan
h2o_co2_hybrid_mrk,X(CO2)=1.000000,20000.0,1023.15,1.0,29.86213,0.0,1.0,0.3333333,0.6666667,0.0,0.0,0.0,0.0,2e+16,12918630.0,0.0,-4999.5,nan,0.0,nan
h2o_co2_hybrid_mrk,X(CO2)=1.000000,1000.0,1073.15,1.0,116.6631,0.0,1.0,0.3333333,0.6666667,0.0,0.0,0.0,0.0,1000000000000000.0,1283.831,0.0,-4999.5,nan,0.0,nan
h2o_co2_hybrid_mrk,X(CO2)=1.000000,2000.0,1073.15,1.0,74.87173,0.0,1.0,0.3333333,0.6666667,0.0,0.0,0.0,0.0,2000000000000000.0,3565.217,0.0,-4999.5,nan,0.0,nan
h2o_co2_hybrid_mrk,X(CO2)=1.000000,3000.0,1073.15,1.0,60.22012,0.0,1.0,0.3333333,0.6666667,0.0,0.0,0.0,0.0,3000000000000000.0,7523.052,0.0,-4999.5,nan,0.0,nan
h2o_co2_hybrid_mrk,X(CO2)=1.000000,4000.0,1073.15,1.0,52.50513,0.0,1.0,0.3333333,0.6666667,0.0,0.0,0.0,0.0,4000000000000000.0,14095.93,0.0,-4999.5,nan,0.0,nan
h2o_co2_hybrid_mrk,X(CO2)=1.000000,5000.0,1073.15,1.0,47.66406,0.0,1.0,0.3333333,0.6666667,0.0,0.0,0.0,0.0,5000000000000000.0,24665.62,0.0,-4999.5,nan,0.0,nan
h2o_co2_hybrid_mrk,X(CO2)=1.000000,6000.0,1073.15,1.0,44.30088,0.0,1.0,0.3333333,0.6666667,0.0,0.0,0.0,0.0,6000000000000000.0,41254.68,0.0,-4999.5,nan,0.0,nan
h2o_co2_hybrid_mrk,X(CO2)=1.000000,7000.0,1073.15,1.0,41.80149,0.0,1.0,0.3333333,0.6666667,0.0,0.0,0.0,0.0,7000000000000000.0,66796.82,0.0,-4999.5,nan,0.0,nan
h2o_co2_hybrid_mrk,X(CO2)=1.000000,8000.0,1073.15,1.0,39.85287,0.0,1.0,0.3333333,0.6666667,0.0,0.0,0.0,0.0,8000000000000000.0,105512.7,0.0,-4999.5,nan,0.0,nan
h2o_co2_hybrid_mrk,X(CO2)=1.000000,9000.0,1073.15,1.0,38.27856,0.0,1.0,0.3333333,0.6666667,0.0,0.0,0.0,0.0,9000000000000000.0,163431.0,0.0,-4999.5,nan,0.0,nan
h2o_co2_hybrid_mrk,X(CO2)=1.000000,10000.0,1073.15,1.0,36.97136,0.0,1.0,0.3333333,0.6666667,0.0,0.0,0.0,0.0,1e+16,249106.4,0.0,-4999.5,nan,0.0,nan
h2o_co2_hybrid_mrk,X(CO2)=1.000000,11000.0,1073.15,1.0,35.86222,0.0,1.0,0.3333333,0.6666667,0.0,0.0,0.0,0.0,1.1e+16,374608.2,0.0,-4999.5,nan,0.0,nan
h2o_co2_hybrid_mrk,X(CO2)=1.000000,12000.0,1073.15,1.0,34.90462,0.0,1.0,0.3333333,0.6666667,0.0,0.0,0.0,0.0,1.2e+16,556871.7,0.0,-4999.5,nan,0.0,nan
h2o_co2_hybrid_mrk,X(CO2)=1.000000,13000.0,1073.15,1.0,34.06594,0.0,1.0,0.3333333,0.6666667,0.0,0.0,0.0,0.0,1.3e+16,819544.2,0.0,-4999.5,nan,0.0,nan
h2o_co2_hybrid_mrk,X(CO2)=1.000000,14000.0,1073.15,1.0,33.3226,0.0,1.0,0.3333333,0.6666667,0.0,0.0,0.0,0.0,1.4e+16,1195494.0,0.0,-4999.5,nan,0.0,nan
h2o_co2_hybrid_mrk,X(CO2)=1.000000,15000.0,1073.15,1.0,32.6571,0.0,1.0,0.3333333,0.6666667,0.0,0.0,0.0,0.0,1.5e+16,1730214.0,0.0,-4999.5,nan,0.0,nan
h2o_co2_hybrid_mrk,X(CO2)=1.000000,16000.0,1073.15,1.0,32.05613,0.0,1.0,0.3333333,0.6666667,0.0,0.0,0.0,0.0,1.6e+16,2486421.0,0.0,-4999.5,nan,0.0,nan
h2o_co2_hybrid_mrk,X(CO2)=1.000000,17000.0,1073.15,1.0,31.5094,0.0,1.0,0.3333333,0.6666667,0.0,0.0,0.0,0.0,1.7e+16,3550258.0,0.0,-4999.5,nan,0.0,nan
h2o_co2_hybrid_mrk,X(CO2)=1.000000,18000.0,1073.15,1.0,31.00878,0.0,1.0,0.3333333,0.6666667,0.0,0.0,0.0,0.0,1.8e+16,5039634.0,0.0,-4999.5,nan,0.0,nan
h2o_co2_hybrid_mrk,X(CO2)=1.000000,19000.0,1073.15,1.0,30.54777,0.0,1.0,0.3333333,0.6666667,0.0,0.0,0.0,0.0,1.9e+16,7115412.0,0.0,-4999.5,nan,0.0,nan
h2o_co2_hybrid_mrk,X(CO2)=1.000000,20000.0,1073.15,1.0,30.12109,0.0,1.0,0.3333333,0.6666667,0.0,0.0,0.0,0.0,2e+16,9996377.0,0.0,-4999.5,nan,0.0,nan
h2o_co2_hybrid_mrk,X(CO2)=1.000000,1000.0,1123.15,1.0,121.4812,0.0,1.0,0.3333333,0.6666667,0.0,0.0,0.0,0.0,1000000000000000.0,1283.762,0.0,-4999.5,nan,0.0,nan
h2o_co2_hybrid_mrk,X(CO2)=1.000000,2000.0,1123.15,1.0,77.41412,0.0,1.0,0.3333333,0.6666667,0.0,0.0,0.0,0.0,2000000000000000.0,3533.833,0.0,-4999.5,nan,0.0,nan
h2o_co2_hybrid_mrk,X(CO2)=1.000000,3000.0,1123.15,1.0,61.96332,0.0,1.0,0.3333333,0.6666667,0.0,0.0,0.0,0.0,3000000000000000.0,7376.575,0.0,-4999.5,nan,0.0,nan
h2o_co2_hybrid_mrk,X(CO2)=1.000000,4000.0,1123.15,1.0,53.82071,0.0,1.0,0.3333333,0.6666667,0.0,0.0,0.0,0.0,4000000000000000.0,13659.71,0.0,-4999.5,nan,0.0,nan
h2o_co2_hybrid_mrk,X(CO2)=1.000000,5000.0,1123.15,1.0,48.71223,0.0,1.0,0.3333333,0.6666667,0.0,0.0,0.0,0.0,5000000000000000.0,23608.88,0.0,-4999.5,nan,0.0,nan
h2o_co2_hybrid_mrk,X(CO2)=1.000000,6000.0,1123.15,1.0,45.16784,0.0,1.0,0.3333333,0.6666667,0.0,0.0,0.0,0.0,6000000000000000.0,38988.86,0.0,-4999.5,nan,0.0,nan
h2o_co2_hybrid_mrk,X(CO2)=1.000000,7000.0,1123.15,1.0,42.5389,0.0,1.0,0.3333333,0.6666667,0.0,0.0,0.0,0.0,7000000000000000.0,62319.15,0.0,-4999.5,nan,0.0,nan
h2o_co2_hybrid_mrk,X(CO2)=1.000000,8000.0,1123.15,1.0,40.49383,0.0,1.0,0.3333333,0.6666667,0.0,0.0,0.0,0.0,8000000000000000.0,97168.76,0.0,-4999.5,nan,0.0,nan
h2o_co2_hybrid_mrk,X(CO2)=1.000000,9000.0,1123.15,1.0,38.84533,0.0,1.0,0.3333333,0.6666667,0.0,0.0,0.0,0.0,9000000000000000.0,148558.6,0.0,-4999.5,nan,0.0,nan
h2o_co2_hybrid_mrk,X(CO2)=1.000000,10000.0,1123.15,1.0,37.47952,0.0,1.0,0.3333333,0.6666667,0.0,0.0,0.0,0.0,1e+16,223508.5,0.0,-4999.5,nan,0.0,nan
h2o_co2_hybrid_mrk,X(CO2)=1.000000,11000.0,1123.15,1.0,36.32304,0.0,1.0,0.3333333,0.6666667,0.0,0.0,0.0,0.0,1.1e+16,331778.1,0.0,-4999.5,nan,0.0,nan
h2o_co2_hybrid_mrk,X(CO2)=1.000000,12000.0,1123.15,1.0,35.32646,0.0,1.0,0.3333333,0.6666667,0.0,0.0,0.0,0.0,1.2e+16,486867.1,0.0,-4999.5,nan,0.0,nan
h2o_co2_hybrid_mrk,X(CO2)=1.000000,13000.0,1123.15,1.0,34.45518,0.0,1.0,0.3333333,0.6666667,0.0,0.0,0.0,0.0,1.3e+16,707360.5,0.0,-4999.5,nan,0.0,nan
h2o_co2_hybrid_mrk,X(CO2)=1.000000,14000.0,1123.15,1.0,33.68419,0.0,1.0,0.3333333,0.6666667,0.0,0.0,0.0,0.0,1.4e+16,1018733.0,0.0,-4999.5,nan,0.0,nan
h2o_co2_hybrid_mrk,X(CO2)=1.000000,15000.0,1123.15,1.0,32.99495,0.0,1.0,0.3333333,0.6666667,0.0,0.0,0.0,0.0,1.5e+16,1455763.0,0.0,-4999.5,nan,0.0,nan
h2o_co2_hybrid_mrk,X(CO2)=1.000000,16000.0,1123.15,1.0,32.3734,0.0,1.0,0.3333333,0.6666667,0.0,0.0,0.0,0.0,1.6e+16,2065748.0,0.0,-4999.5,nan,0.0,nan
h2o_co2_hybrid_mrk,X(CO2)=1.000000,17000.0,1123.15,1.0,31.80865,0.0,1.0,0.3333333,0.6666667,0.0,0.0,0.0,0.0,1.7e+16,2912789.0,0.0,-4999.5,nan,0.0,nan
h2o_co2_hybrid_mrk,X(CO2)=1.000000,18000.0,1123.15,1.0,31.29212,0.0,1.0,0.3333333,0.6666667,0.0,0.0,0.0,0.0,1.8e+16,4083469.0,0.0,-4999.5,nan,0.0,nan
h2o_co2_hybrid_mrk,X(CO2)=1.000000,19000.0,1123.15,1.0,30.81696,0.0,1.0,0.3333333,0.6666667,0.0,0.0,0.0,0.0,1.9e+16,5694372.0,0.0,-4999.5,nan,0.0,nan
h2o_co2_hybrid_mrk,X(CO2)=1.000000,20000.0,1123.15,1.0,30.37762,0.0,1.0,0.3333333,0.6666667,0.0,0.0,0.0,0.0,2e+16,7902011.0,0.0,-4999.5,nan,0.0,nan
h2o_co2_hybrid_mrk,X(CO2)=1.000000,1000.0,1173.15,1.0,126.2681,0.0,1.0,0.3333333,0.6666667,0.0,0.0,0.0,0.0,1000000000000000.0,1282.682,0.0,-4999.5,nan,0.0,nan
h2o_co2_hybrid_mrk,X(CO2)=1.000000,2000.0,1173.15,1.0,79.94026,0.0,1.0,0.3333333,0.6666667,0.0,0.0,0.0,0.0,2000000000000000.0,3501.764,0.0,-4999.5,nan,0.0,nan
h2o_co2_hybrid_mrk,X(CO2)=1.000000,3000.0,1173.15,1.0,63.70082,0.0,1.0,0.3333333,0.6666667,0.0,0.0,0.0,0.0,3000000000000000.0,7236.85,0.0,-4999.5,nan,0.0,nan
h2o_co2_hybrid_mrk,X(CO2)=1.000000,4000.0,1173.15,1.0,55.13629,0.0,1.0,0.3333333,0.6666667,0.0,0.0,0.0,0.0,4000000000000000.0,13257.09,0.0,-4999.5,nan,0.0,nan
h2o_co2_hybrid_mrk,X(CO2)=1.000000,5000.0,1173.15,1.0,49.76247,0.0,1.0,0.3333333,0.6666667,0.0,0.0,0.0,0.0,5000000000000000.0,22655.86,0.0,-4999.5,nan,0.0,nan
h2o_co2_hybrid_mrk,X(CO2)=1.000000,6000.0,1173.15,1.0,46.03716,0.0,1.0,0.3333333,0.6666667,0.0,0.0,0.0,0.0,6000000000000000.0,36983.68,0.0,-4999.5,nan,0.0,nan
h2o_co2_hybrid_mrk,X(CO2)=1.000000,7000.0,1173.15,1.0,43.27824,0.0,1.0,0.3333333,0.6666667,0.0,0.0,0.0,0.0,7000000000000000.0,58422.04,0.0,-4999.5,nan,0.0,nan
h2o_co2_hybrid_mrk,X(CO2)=1.000000,8000.0,1173.15,1.0,41.13609,0.0,1.0,0.3333333,0.6666667,0.0,0.0,0.0,0.0,8000000000000000.0,90017.36,0.0,-4999.5,nan,0.0,nan
h2o_co2_hybrid_mrk,X(CO2)=1.000000,9000.0,1173.15,1.0,39.41278,0.0,1.0,0.3333333,0.6666667,0.0,0.0,0.0,0.0,9000000000000000.0,135995.9,0.0,-4999.5,nan,0.0,nan
h2o_co2_hybrid_mrk,X(CO2)=1.000000,10000.0,1173.15,1.0,37.9878,0.0,1.0,0.3333333,0.6666667,0.0,0.0,0.0,0.0,1e+16,202186.2,0.0,-4999.5,nan,0.0,nan
h2o_co2_hybrid_mrk,X(CO2)=1.000000,11000.0,1173.15,1.0,36.78351,0.0,1.0,0.3333333,0.6666667,0.0,0.0,0.0,0.0,1.1e+16,296583.2,0.0,-4999.5,nan,0.0,nan
h2o_co2_hybrid_mrk,X(CO2)=1.000000,12000.0,1173.15,1.0,35.74757,0.0,1.0,0.3333333,0.6666667,0.0,0.0,0.0,0.0,1.2e+16,430100.9,0.0,-4999.5,nan,0.0,nan
h2o_co2_hybrid_mrk,X(CO2)=1.000000,13000.0,1173.15,1.0,34.84337,0.0,1.0,0.3333333,0.6666667,0.0,0.0,0.0,0.0,1.3e+16,617569.8,0.0,-4999.5,nan,0.0,nan
h2o_co2_hybrid_mrk,X(CO2)=1.000000,14000.0,1173.15,1.0,34.04448,0.0,1.0,0.3333333,0.6666667,0.0,0.0,0.0,0.0,1.4e+16,879060.1,0.0,-4999.5,nan,0.0,nan
h2o_co2_hybrid_mrk,X(CO2)=1.000000,15000.0,1173.15,1.0,33.33132,0.0,1.0,0.3333333,0.6666667,0.0,0.0,0.0,0.0,1.5e+16,1241626.0,0.0,-4999.5,nan,0.0,nan
h2o_co2_hybrid_mrk,X(CO2)=1.000000,16000.0,1173.15,1.0,32.68902,0.0,1.0,0.3333333,0.6666667,0.0,0.0,0.0,0.0,1.6e+16,1741608.0,0.0,-4999.5,nan,0.0,nan
h2o_co2_hybrid_mrk,X(CO2)=1.000000,17000.0,1173.15,1.0,32.10612,0.0,1.0,0.3333333,0.6666667,0.0,0.0,0.0,0.0,1.7e+16,2427650.0,0.0,-4999.5,nan,0.0,nan
h2o_co2_hybrid_mrk,X(CO2)=1.000000,18000.0,1173.15,1.0,31.57359,0.0,1.0,0.3333333,0.6666667,0.0,0.0,0.0,0.0,1.8e+16,3364660.0,0.0,-4999.5,nan,0.0,nan
h2o_co2_hybrid_mrk,X(CO2)=1.000000,19000.0,1173.15,1.0,31.08421,0.0,1.0,0.3333333,0.6666667,0.0,0.0,0.0,0.0,1.9e+16,4638993.0,0.0,-4999.5,nan,0.0,nan
h2o_co2_hybrid_mrk,X(CO2)=1.000000,20000.0,1173.15,1.0,30.63216,0.0,1.0,0.3333333,0.6666667,0.0,0.0,0.0,0.0,2e+16,6365202.0,0.0,-4999.5,nan,0.0,nan
h2o_co2_hybrid_mrk,X(CO2)=1.000000,1000.0,1223.15,1.0,131.0269,0.0,1.0,0.3333333,0.6666667,0.0,0.0,0.0,0.0,1000000000000000.0,1280.824,0.0,-4999.5,nan,0.0,nan
h2o_co2_hybrid_mrk,X(CO2)=1.000000,2000.0,1223.15,1.0,82.45177,0.0,1.0,0.3333333,0.6666667,0.0,0.0,0.0,0.0,2000000000000000.0,3469.528,0.0,-4999.5,nan,0.0,nan
h2o_co2_hybrid_mrk,X(CO2)=1.000000,3000.0,1223.15,1.0,65.43274,0.0,1.0,0.3333333,0.6666667,0.0,0.0,0.0,0.0,3000000000000000.0,7103.958,0.0,-4999.5,nan,0.0,nan
h2o_co2_hybrid_mrk,X(CO2)=1.000000,4000.0,1223.15,1.0,56.45165,0.0,1.0,0.3333333,0.6666667,0.0,0.0,0.0,0.0,4000000000000000.0,12884.96,0.0,-4999.5,nan,0.0,nan
h2o_co2_hybrid_mrk,X(CO2)=1.000000,5000.0,1223.15,1.0,50.81475,0.0,1.0,0.3333333,0.6666667,0.0,0.0,0.0,0.0,5000000000000000.0,21793.12,0.0,-4999.5,nan,0.0,nan
h2o_co2_hybrid_mrk,X(CO2)=1.000000,6000.0,1223.15,1.0,46.90903,0.0,1.0,0.3333333,0.6666667,0.0,0.0,0.0,0.0,6000000000000000.0,35199.41,0.0,-4999.5,nan,0.0,nan
h2o_co2_hybrid_mrk,X(CO2)=1.000000,7000.0,1223.15,1.0,44.01989,0.0,1.0,0.3333333,0.6666667,0.0,0.0,0.0,0.0,7000000000000000.0,55006.78,0.0,-4999.5,nan,0.0,nan
h2o_co2_hybrid_mrk,X(CO2)=1.000000,8000.0,1223.15,1.0,41.78012,0.0,1.0,0.3333333,0.6666667,0.0,0.0,0.0,0.0,8000000000000000.0,83837.89,0.0,-4999.5,nan,0.0,nan
h2o_co2_hybrid_mrk,X(CO2)=1.000000,9000.0,1223.15,1.0,39.9814,0.0,1.0,0.3333333,0.6666667,0.0,0.0,0.0,0.0,9000000000000000.0,125284.5,0.0,-4999.5,nan,0.0,nan
h2o_co2_hybrid_mrk,X(CO2)=1.000000,10000.0,1223.15,1.0,38.49671,0.0,1.0,0.3333333,0.6666667,0.0,0.0,0.0,0.0,1e+16,184237.9,0.0,-4999.5,nan,0.0,nan
h2o_co2_hybrid_mrk,X(CO2)=1.000000,11000.0,1223.15,1.0,37.24414,0.0,1.0,0.3333333,0.6666667,0.0,0.0,0.0,0.0,1.1e+16,267324.7,0.0,-4999.5,nan,0.0,nan
h2o_co2_hybrid_mrk,X(CO2)=1.000000,12000.0,1223.15,1.0,36.16845,0.0,1.0,0.3333333,0.6666667,0.0,0.0,0.0,0.0,1.2e+16,383480.9,0.0,-4999.5,nan,0.0,nan
h2o_co2_hybrid_mrk,X(CO2)=1.000000,13000.0,1223.15,1.0,35.23102,0.0,1.0,0.3333333,0.6666667,0.0,0.0,0.0,0.0,1.3e+16,544705.0,0.0,-4999.5,nan,0.0,nan
h2o_co2_hybrid_mrk,X(CO2)=1.000000,14000.0,1223.15,1.0,34.40397,0.0,1.0,0.3333333,0.6666667,0.0,0.0,0.0,0.0,1.4e+16,767043.0,0.0,-4999.5,nan,0.0,nan
h2o_co2_hybrid_mrk,X(CO2)=1.000000,15000.0,1223.15,1.0,33.66666,0.0,1.0,0.3333333,0.6666667,0.0,0.0,0.0,0.0,1.5e+16,1071875.0,0.0,-4999.5,nan,0.0,nan
h2o_co2_hybrid_mrk,X(CO2)=1.000000,16000.0,1223.15,1.0,33.00345,0.0,1.0,0.3333333,0.6666667,0.0,0.0,0.0,0.0,1.6e+16,1487587.0,0.0,-4999.5,nan,0.0,nan
h2o_co2_hybrid_mrk,X(CO2)=1.000000,17000.0,1223.15,1.0,32.40227,0.0,1.0,0.3333333,0.6666667,0.0,0.0,0.0,0.0,1.7e+16,2051752.0,0.0,-4999.5,nan,0.0,nan
h2o_co2_hybrid_mrk,X(CO2)=1.000000,18000.0,1223.15,1.0,31.85362,0.0,1.0,0.3333333,0.6666667,0.0,0.0,0.0,0.0,1.8e+16,2813942.0,0.0,-4999.5,nan,0.0,nan
h2o_co2_hybrid_mrk,X(CO2)=1.000000,19000.0,1223.15,1.0,31.34995,0.0,1.0,0.3333333,0.6666667,0.0,0.0,0.0,0.0,1.9e+16,3839376.0,0.0,-4999.5,nan,0.0,nan
h2o_co2_hybrid_mrk,X(CO2)=1.000000,20000.0,1223.15,1.0,30.88511,0.0,1.0,0.3333333,0.6666667,0.0,0.0,0.0,0.0,2e+16,5213627.0,0.0,-4999.5,nan,0.0,nan
h2o_co2_hybrid_mrk,X(CO2)=1.000000,1000.0,1273.15,1.0,135.7603,0.0,1.0,0.3333333,0.6666667,0.0,0.0,0.0,0.0,1000000000000000.0,1278.367,0.0,-4999.5,nan,0.0,nan
h2o_co2_hybrid_mrk,X(CO2)=1.000000,2000.0,1273.15,1.0,84.95002,0.0,1.0,0.3333333,0.6666667,0.0,0.0,0.0,0.0,2000000000000000.0,3437.483,0.0,-4999.5,nan,0.0,nan
h2o_co2_hybrid_mrk,X(CO2)=1.000000,3000.0,1273.15,1.0,67.15923,0.0,1.0,0.3333333,0.6666667,0.0,0.0,0.0,0.0,3000000000000000.0,6977.774,0.0,-4999.5,nan,0.0,nan
h2o_co2_hybrid_mrk,X(CO2)=1.000000,4000.0,1273.15,1.0,57.76662,0.0,1.0,0.3333333,0.6666667,0.0,0.0,0.0,0.0,4000000000000000.0,12540.41,0.0,-4999.5,nan,0.0,nan
h2o_co2_hybrid_mrk,X(CO2)=1.000000,5000.0,1273.15,1.0,51.869,0.0,1.0,0.3333333,0.6666667,0.0,0.0,0.0,0.0,5000000000000000.0,21009.18,0.0,-4999.5,nan,0.0,nan
h2o_co2_hybrid_mrk,X(CO2)=1.000000,6000.0,1273.15,1.0,47.78358,0.0,1.0,0.3333333,0.6666667,0.0,0.0,0.0,0.0,6000000000000000.0,33603.45,0.0,-4999.5,nan,0.0,nan
h2o_co2_hybrid_mrk,X(CO2)=1.000000,7000.0,1273.15,1.0,44.76409,0.0,1.0,0.3333333,0.6666667,0.0,0.0,0.0,0.0,7000000000000000.0,51994.56,0.0,-4999.5,nan,0.0,nan
h2o_co2_hybrid_mrk,X(CO2)=1.000000,8000.0,1273.15,1.0,42.42627,0.0,1.0,0.3333333,0.6666667,0.0,0.0,0.0,0.0,8000000000000000.0,78458.05,0.0,-4999.5,nan,0.0,nan
h2o_co2_hybrid_mrk,X(CO2)=1.000000,9000.0,1273.15,1.0,40.55163,0.0,1.0,0.3333333,0.6666667,0.0,0.0,0.0,0.0,9000000000000000.0,116073.3,0.0,-4999.5,nan,0.0,nan
h2o_co2_hybrid_mrk,X(CO2)=1.000000,10000.0,1273.15,1.0,39.00672,0.0,1.0,0.3333333,0.6666667,0.0,0.0,0.0,0.0,1e+16,168984.9,0.0,-4999.5,nan,0.0,nan
h2o_co2_hybrid_mrk,X(CO2)=1.000000,11000.0,1273.15,1.0,37.7054,0.0,1.0,0.3333333,0.6666667,0.0,0.0,0.0,0.0,1.1e+16,242743.9,0.0,-4999.5,nan,0.0,nan
h2o_co2_hybrid_mrk,X(CO2)=1.000000,12000.0,1273.15,1.0,36.58957,0.0,1.0,0.3333333,0.6666667,0.0,0.0,0.0,0.0,1.2e+16,344751.7,0.0,-4999.5,nan,0.0,nan
h2o_co2_hybrid_mrk,X(CO2)=1.000000,13000.0,1273.15,1.0,35.61858,0.0,1.0,0.3333333,0.6666667,0.0,0.0,0.0,0.0,1.3e+16,484836.3,0.0,-4999.5,nan,0.0,nan
h2o_co2_hybrid_mrk,X(CO2)=1.000000,14000.0,1273.15,1.0,34.76309,0.0,1.0,0.3333333,0.6666667,0.0,0.0,0.0,0.0,1.4e+16,675998.1,0.0,-4999.5,nan,0.0,nan
h2o_co2_hybrid_mrk,X(CO2)=1.000000,15000.0,1273.15,1.0,34.00141,0.0,1.0,0.3333333,0.6666667,0.0,0.0,0.0,0.0,1.5e+16,935372.6,0.0,-4999.5,nan,0.0,nan
h2o_co2_hybrid_mrk,X(CO2)=1.000000,16000.0,1273.15,1.0,33.3171,0.0,1.0,0.3333333,0.6666667,0.0,0.0,0.0,0.0,1.6e+16,1285471.0,0.0,-4999.5,nan,0.0,nan
h2o_co2_hybrid_mrk,X(CO2)=1.000000,17000.0,1273.15,1.0,32.69748,0.0,1.0,0.3333333,0.6666667,0.0,0.0,0.0,0.0,1.7e+16,1755775.0,0.0,-4999.5,nan,0.0,nan
h2o_co2_hybrid_mrk,X(CO2)=1.000000,18000.0,1273.15,1.0,32.1326,0.0,1.0,0.3333333,0.6666667,0.0,0.0,0.0,0.0,1.8e+16,2384781.0,0.0,-4999.5,nan,0.0,nan
h2o_co2_hybrid_mrk,X(CO2)=1.000000,19000.0,1273.15,1.0,31.61452,0.0,1.0,0.3333333,0.6666667,0.0,0.0,0.0,0.0,1.9e+16,3222618.0,0.0,-4999.5,nan,0.0,nan
h2o_co2_hybrid_mrk,X(CO2)=1.000000,20000.0,1273.15,1.0,31.13683,0.0,1.0,0.3333333,0.6666667,0.0,0.0,0.0,0.0,2e+16,4334393.0,0.0,-4999.5,nan,0.0,nan
h2o_co2_hybrid_mrk,X(CO2)=1.000000,1000.0,1323.15,1.0,140.4699,0.0,1.0,0.3333333,0.6666667,0.0,0.0,0.0,0.0,1000000000000000.0,1275.451,0.0,-4999.5,nan,0.0,nan
h2o_co2_hybrid_mrk,X(CO2)=1.000000,2000.0,1323.15,1.0,87.43613,0.0,1.0,0.3333333,0.6666667,0.0,0.0,0.0,0.0,2000000000000000.0,3405.87,0.0,-4999.5,nan,0.0,nan
h2o_co2_hybrid_mrk,X(CO2)=1.000000,3000.0,1323.15,1.0,68.88047,0.0,1.0,0.3333333,0.6666667,0.0,0.0,0.0,0.0,3000000000000000.0,6858.052,0.0,-4999.5,nan,0.0,nan
h2o_co2_hybrid_mrk,X(CO2)=1.000000,4000.0,1323.15,1.0,59.08105,0.0,1.0,0.3333333,0.6666667,0.0,0.0,0.0,0.0,4000000000000000.0,12220.77,0.0,-4999.5,nan,0.0,nan
h2o_co2_hybrid_mrk,X(CO2)=1.000000,5000.0,1323.15,1.0,52.92512,0.0,1.0,0.3333333,0.6666667,0.0,0.0,0.0,0.0,5000000000000000.0,20294.25,0.0,-4999.5,nan,0.0,nan
h2o_co2_hybrid_mrk,X(CO2)=1.000000,6000.0,1323.15,1.0,48.66086,0.0,1.0,0.3333333,0.6666667,0.0,0.0,0.0,0.0,6000000000000000.0,32168.92,0.0,-4999.5,nan,0.0,nan
h2o_co2_hybrid_mrk,X(CO2)=1.000000,7000.0,1323.15,1.0,45.51107,0.0,1.0,0.3333333,0.6666667,0.0,0.0,0.0,0.0,7000000000000000.0,49321.95,0.0,-4999.5,nan,0.0,nan
h2o_co2_hybrid_mrk,X(CO2)=1.000000,8000.0,1323.15,1.0,43.07485,0.0,1.0,0.3333333,0.6666667,0.0,0.0,0.0,0.0,8000000000000000.0,73741.84,0.0,-4999.5,nan,0.0,nan
h2o_co2_hybrid_mrk,X(CO2)=1.000000,9000.0,1323.15,1.0,41.12381,0.0,1.0,0.3333333,0.6666667,0.0,0.0,0.0,0.0,9000000000000000.0,108089.8,0.0,-4999.5,nan,0.0,nan
h2o_co2_hybrid_mrk,X(CO2)=1.000000,10000.0,1323.15,1.0,39.51819,0.0,1.0,0.3333333,0.6666667,0.0,0.0,0.0,0.0,1e+16,155909.0,0.0,-4999.5,nan,0.0,nan
h2o_co2_hybrid_mrk,X(CO2)=1.000000,11000.0,1323.15,1.0,38.16769,0.0,1.0,0.3333333,0.6666667,0.0,0.0,0.0,0.0,1.1e+16,221894.4,0.0,-4999.5,nan,0.0,nan
h2o_co2_hybrid_mrk,X(CO2)=1.000000,12000.0,1323.15,1.0,37.01132,0.0,1.0,0.3333333,0.6666667,0.0,0.0,0.0,0.0,1.2e+16,312240.8,0.0,-4999.5,nan,0.0,nan
h2o_co2_hybrid_mrk,X(CO2)=1.000000,13000.0,1323.15,1.0,36.00642,0.0,1.0,0.3333333,0.6666667,0.0,0.0,0.0,0.0,1.3e+16,435089.4,0.0,-4999.5,nan,0.0,nan
h2o_co2_hybrid_mrk,X(CO2)=1.000000,14000.0,1323.15,1.0,35.12222,0.0,1.0,0.3333333,0.6666667,0.0,0.0,0.0,0.0,1.4e+16,601100.4,0.0,-4999.5,nan,0.0,nan
h2o_co2_hybrid_mrk,X(CO2)=1.000000,15000.0,1323.15,1.0,34.33593,0.0,1.0,0.3333333,0.6666667,0.0,0.0,0.0,0.0,1.5e+16,824184.7,0.0,-4999.5,nan,0.0,nan
h2o_co2_hybrid_mrk,X(CO2)=1.000000,16000.0,1323.15,1.0,33.63032,0.0,1.0,0.3333333,0.6666667,0.0,0.0,0.0,0.0,1.6e+16,1122437.0,0.0,-4999.5,nan,0.0,nan
h2o_co2_hybrid_mrk,X(CO2)=1.000000,17000.0,1323.15,1.0,32.99211,0.0,1.0,0.3333333,0.6666667,0.0,0.0,0.0,0.0,1.7e+16,1519325.0,0.0,-4999.5,nan,0.0,nan
h2o_co2_hybrid_mrk,X(CO2)=1.000000,18000.0,1323.15,1.0,32.41086,0.0,1.0,0.3333333,0.6666667,0.0,0.0,0.0,0.0,1.8e+16,2045198.0,0.0,-4999.5,nan,0.0,nan
h2o_co2_hybrid_mrk,X(CO2)=1.000000,19000.0,1323.15,1.0,31.87826,0.0,1.0,0.3333333,0.6666667,0.0,0.0,0.0,0.0,1.9e+16,2739201.0,0.0,-4999.5,nan,0.0,nan
h2o_co2_hybrid_mrk,X(CO2)=1.000000,20000.0,1323.15,1.0,31.38761,0.0,1.0,0.3333333,0.6666667,0.0,0.0,0.0,0.0,2e+16,3651694.0,0.0,-4999.5,nan,0.0,nan
h2o_co2_hybrid_mrk,X(CO2)=1.000000,1000.0,1373.15,1.0,145.1572,0.0,1.0,0.3333333,0.6666667,0.0,0.0,0.0,0.0,1000000000000000.0,1272.187,0.0,-4999.5,nan,0.0,nan
h2o_co2_hybrid_mrk,X(CO2)=1.000000,2000.0,1373.15,1.0,89.91098,0.0,1.0,0.3333333,0.6666667,0.0,0.0,0.0,0.0,2000000000000000.0,3374.853,0.0,-4999.5,nan,0.0,nan
h2o_co2_hybrid_mrk,X(CO2)=1.000000,3000.0,1373.15,1.0,70.5966,0.0,1.0,0.3333333,0.6666667,0.0,0.0,0.0,0.0,3000000000000000.0,6744.477,0.0,-4999.5,nan,0.0,nan
h2o_co2_hybrid_mrk,X(CO2)=1.000000,4000.0,1373.15,1.0,60.39475,0.0,1.0,0.3333333,0.6666667,0.0,0.0,0.0,0.0,4000000000000000.0,11923.61,0.0,-4999.5,nan,0.0,nan
h2o_co2_hybrid_mrk,X(CO2)=1.000000,5000.0,1373.15,1.0,53.98295,0.0,1.0,0.3333333,0.6666667,0.0,0.0,0.0,0.0,5000000000000000.0,19639.95,0.0,-4999.5,nan,0.0,nan
h2o_co2_hybrid_mrk,X(CO2)=1.000000,6000.0,1373.15,1.0,49.54086,0.0,1.0,0.3333333,0.6666667,0.0,0.0,0.0,0.0,6000000000000000.0,30873.51,0.0,-4999.5,nan,0.0,nan
h2o_co2_hybrid_mrk,X(CO2)=1.000000,7000.0,1373.15,1.0,46.26095,0.0,1.0,0.3333333,0.6666667,0.0,0.0,0.0,0.0,7000000000000000.0,46937.46,0.0,-4999.5,nan,0.0,nan
h2o_co2_hybrid_mrk,X(CO2)=1.000000,8000.0,1373.15,1.0,43.7261,0.0,1.0,0.3333333,0.6666667,0.0,0.0,0.0,0.0,8000000000000000.0,69580.86,0.0,-4999.5,nan,0.0,nan
h2o_co2_hybrid_mrk,X(CO2)=1.000000,9000.0,1373.15,1.0,41.69825,0.0,1.0,0.3333333,0.6666667,0.0,0.0,0.0,0.0,9000000000000000.0,101120.5,0.0,-4999.5,nan,0.0,nan
h2o_co2_hybrid_mrk,X(CO2)=1.000000,10000.0,1373.15,1.0,40.03148,0.0,1.0,0.3333333,0.6666667,0.0,0.0,0.0,0.0,1e+16,144609.7,0.0,-4999.5,nan,0.0,nan
h2o_co2_hybrid_mrk,X(CO2)=1.000000,11000.0,1373.15,1.0,38.63135,0.0,1.0,0.3333333,0.6666667,0.0,0.0,0.0,0.0,1.1e+16,204054.7,0.0,-4999.5,nan,0.0,nan
h2o_co2_hybrid_mrk,X(CO2)=1.000000,12000.0,1373.15,1.0,37.43406,0.0,1.0,0.3333333,0.6666667,0.0,0.0,0.0,0.0,1.2e+16,284689.8,0.0,-4999.5,nan,0.0,nan
h2o_co2_hybrid_mrk,X(CO2)=1.000000,13000.0,1373.15,1.0,36.39492,0.0,1.0,0.3333333,0.6666667,0.0,0.0,0.0,0.0,1.3e+16,393328.4,0.0,-4999.5,nan,0.0,nan
h2o_co2_hybrid_mrk,X(CO2)=1.000000,14000.0,1373.15,1.0,35.48171,0.0,1.0,0.3333333,0.6666667,0.0,0.0,0.0,0.0,1.4e+16,538807.8,0.0,-4999.5,nan,0.0,nan
h2o_co2_hybrid_mrk,X(CO2)=1.000000,15000.0,1373.15,1.0,34.67056,0.0,1.0,0.3333333,0.6666667,0.0,0.0,0.0,0.0,1.5e+16,732553.1,0.0,-4999.5,nan,0.0,nan
h2o_co2_hybrid_mrk,X(CO2)=1.000000,16000.0,1373.15,1.0,33.94345,0.0,1.0,0.3333333,0.6666667,0.0,0.0,0.0,0.0,1.6e+16,989289.6,0.0,-4999.5,nan,0.0,nan
h2o_co2_hybrid_mrk,X(CO2)=1.000000,17000.0,1373.15,1.0,33.28646,0.0,1.0,0.3333333,0.6666667,0.0,0.0,0.0,0.0,1.7e+16,1327942.0,0.0,-4999.5,nan,0.0,nan
h2o_co2_hybrid_mrk,X(CO2)=1.000000,18000.0,1373.15,1.0,32.68869,0.0,1.0,0.3333333,0.6666667,0.0,0.0,0.0,0.0,1.8e+16,1772765.0,0.0,-4999.5,nan,0.0,nan
h2o_co2_hybrid_mrk,X(CO2)=1.000000,19000.0,1373.15,1.0,32.14146,0.0,1.0,0.3333333,0.6666667,0.0,0.0,0.0,0.0,1.9e+16,2354766.0,0.0,-4999.5,nan,0.0,nan
h2o_co2_hybrid_mrk,X(CO2)=1.000000,20000.0,1373.15,1.0,31.63776,0.0,1.0,0.3333333,0.6666667,0.0,0.0,0.0,0.0,2e+16,3113489.0,0.0,-4999.5,nan,0.0,nan
h2o_co2_hybrid_mrk,X(CO2)=1.000000,1000.0,1423.15,1.0,149.8232,0.0,1.0,0.3333333,0.6666667,0.0,0.0,0.0,0.0,1000000000000000.0,1268.66,0.0,-4999.5,nan,0.0,nan
h2o_co2_hybrid_mrk,X(CO2)=1.000000,2000.0,1423.15,1.0,92.37526,0.0,1.0,0.3333333,0.6666667,0.0,0.0,0.0,0.0,2000000000000000.0,3344.536,0.0,-4999.5,nan,0.0,nan
h2o_co2_hybrid_mrk,X(CO2)=1.000000,3000.0,1423.15,1.0,72.30772,0.0,1.0,0.3333333,0.6666667,0.0,0.0,0.0,0.0,3000000000000000.0,6636.703,0.0,-4999.5,nan,0.0,nan
h2o_co2_hybrid_mrk,X(CO2)=1.000000,4000.0,1423.15,1.0,61.70756,0.0,1.0,0.3333333,0.6666667,0.0,0.0,0.0,0.0,4000000000000000.0,11646.76,0.0,-4999.5,nan,0.0,nan
h2o_co2_hybrid_mrk,X(CO2)=1.000000,5000.0,1423.15,1.0,55.04233,0.0,1.0,0.3333333,0.6666667,0.0,0.0,0.0,0.0,5000000000000000.0,19039.08,0.0,-4999.5,nan,0.0,nan
h2o_co2_hybrid_mrk,X(CO2)=1.000000,6000.0,1423.15,1.0,50.42354,0.0,1.0,0.3333333,0.6666667,0.0,0.0,0.0,0.0,6000000000000000.0,29698.62,0.0,-4999.5,nan,0.0,nan
h2o_co2_hybrid_mrk,X(CO2)=1.000000,7000.0,1423.15,1.0,47.0138,0.0,1.0,0.3333333,0.6666667,0.0,0.0,0.0,0.0,7000000000000000.0,44798.98,0.0,-4999.5,nan,0.0,nan
h2o_co2_hybrid_mrk,X(CO2)=1.000000,8000.0,1423.15,1.0,44.38018,0.0,1.0,0.3333333,0.6666667,0.0,0.0,0.0,0.0,8000000000000000.0,65887.93,0.0,-4999.5,nan,0.0,nan
h2o_co2_hybrid_mrk,X(CO2)=1.000000,9000.0,1423.15,1.0,42.27518,0.0,1.0,0.3333333,0.6666667,0.0,0.0,0.0,0.0,9000000000000000.0,94995.91,0.0,-4999.5,nan,0.0,nan
h2o_co2_hybrid_mrk,X(CO2)=1.000000,10000.0,1423.15,1.0,40.54685,0.0,1.0,0.3333333,0.6666667,0.0,0.0,0.0,0.0,1e+16,134773.8,0.0,-4999.5,nan,0.0,nan
h2o_co2_hybrid_mrk,X(CO2)=1.000000,11000.0,1423.15,1.0,39.0967,0.0,1.0,0.3333333,0.6666667,0.0,0.0,0.0,0.0,1.1e+16,188667.6,0.0,-4999.5,nan,0.0,nan
h2o_co2_hybrid_mrk,X(CO2)=1.000000,12000.0,1423.15,1.0,37.8581,0.0,1.0,0.3333333,0.6666667,0.0,0.0,0.0,0.0,1.2e+16,261138.8,0.0,-4999.5,nan,0.0,nan
h2o_co2_hybrid_mrk,X(CO2)=1.000000,13000.0,1423.15,1.0,36.78438,0.0,1.0,0.3333333,0.6666667,0.0,0.0,0.0,0.0,1.3e+16,357942.9,0.0,-4999.5,nan,0.0,nan
h2o_co2_hybrid_mrk,X(CO2)=1.000000,14000.0,1423.15,1.0,35.84186,0.0,1.0,0.3333333,0.6666667,0.0,0.0,0.0,0.0,1.4e+16,486479.6,0.0,-4999.5,nan,0.0,nan
h2o_co2_hybrid_mrk,X(CO2)=1.000000,15000.0,1423.15,1.0,35.00561,0.0,1.0,0.3333333,0.6666667,0.0,0.0,0.0,0.0,1.5e+16,656232.4,0.0,-4999.5,nan,0.0,nan
h2o_co2_hybrid_mrk,X(CO2)=1.000000,16000.0,1423.15,1.0,34.25678,0.0,1.0,0.3333333,0.6666667,0.0,0.0,0.0,0.0,1.6e+16,879319.4,0.0,-4999.5,nan,0.0,nan
h2o_co2_hybrid_mrk,X(CO2)=1.000000,17000.0,1423.15,1.0,33.58083,0.0,1.0,0.3333333,0.6666667,0.0,0.0,0.0,0.0,1.7e+16,1171183.0,0.0,-4999.5,nan,0.0,nan
h2o_co2_hybrid_mrk,X(CO2)=1.000000,18000.0,1423.15,1.0,32.96639,0.0,1.0,0.3333333,0.6666667,0.0,0.0,0.0,0.0,1.8e+16,1551450.0,0.0,-4999.5,nan,0.0,nan
h2o_co2_hybrid_mrk,X(CO2)=1.000000,19000.0,1423.15,1.0,32.40439,0.0,1.0,0.3333333,0.6666667,0.0,0.0,0.0,0.0,1.9e+16,2045004.0,0.0,-4999.5,nan,0.0,nan
h2o_co2_hybrid_mrk,X(CO2)=1.000000,20000.0,1423.15,1.0,31.88752,0.0,1.0,0.3333333,0.6666667,0.0,0.0,0.0,0.0,2e+16,2683322.0,0.0,-4999.5,nan,0.0,nan
h2o_co2_hybrid_mrk,X(CO2)=1.000000,1000.0,1473.15,1.0,154.4688,0.0,1.0,0.3333333,0.6666667,0.0,0.0,0.0,0.0,1000000000000000.0,1264.941,0.0,-4999.5,nan,0.0,nan
h2o_co2_hybrid_mrk,X(CO2)=1.000000,2000.0,1473.15,1.0,94.82948,0.0,1.0,0.3333333,0.6666667,0.0,0.0,0.0,0.0,2000000000000000.0,3314.987,0.0,-4999.5,nan,0.0,nan
h2o_co2_hybrid_mrk,X(CO2)=1.000000,3000.0,1473.15,1.0,74.01392,0.0,1.0,0.3333333,0.6666667,0.0,0.0,0.0,0.0,3000000000000000.0,6534.375,0.0,-4999.5,nan,0.0,nan
h2o_co2_hybrid_mrk,X(CO2)=1.000000,4000.0,1473.15,1.0,63.01929,0.0,1.0,0.3333333,0.6666667,0.0,0.0,0.0,0.0,4000000000000000.0,11388.26,0.0,-4999.5,nan,0.0,nan
h2o_co2_hybrid_mrk,X(CO2)=1.000000,5000.0,1473.15,1.0,56.10306,0.0,1.0,0.3333333,0.6666667,0.0,0.0,0.0,0.0,5000000000000000.0,18485.49,0.0,-4999.5,nan,0.0,nan
h2o_co2_hybrid_mrk,X(CO2)=1.000000,6000.0,1473.15,1.0,51.30879,0.0,1.0,0.3333333,0.6666667,0.0,0.0,0.0,0.0,6000000000000000.0,28628.65,0.0,-4999.5,nan,0.0,nan
h2o_co2_hybrid_mrk,X(CO2)=1.000000,7000.0,1473.15,1.0,47.76964,0.0,1.0,0.3333333,0.6666667,0.0,0.0,0.0,0.0,7000000000000000.0,42871.82,0.0,-4999.5,nan,0.0,nan
h2o_co2_hybrid_mrk,X(CO2)=1.000000,8000.0,1473.15,1.0,45.03721,0.0,1.0,0.3333333,0.6666667,0.0,0.0,0.0,0.0,8000000000000000.0,62592.28,0.0,-4999.5,nan,0.0,nan
h2o_co2_hybrid_mrk,X(CO2)=1.000000,9000.0,1473.15,1.0,42.85479,0.0,1.0,0.3333333,0.6666667,0.0,0.0,0.0,0.0,9000000000000000.0,89580.57,0.0,-4999.5,nan,0.0,nan
h2o_co2_hybrid_mrk,X(CO2)=1.000000,10000.0,1473.15,1.0,41.06454,0.0,1.0,0.3333333,0.6666667,0.0,0.0,0.0,0.0,1e+16,126153.8,0.0,-4999.5,nan,0.0,nan
h2o_co2_hybrid_mrk,X(CO2)=1.000000,11000.0,1473.15,1.0,39.56397,0.0,1.0,0.3333333,0.6666667,0.0,0.0,0.0,0.0,1.1e+16,175298.0,0.0,-4999.5,nan,0.0,nan
h2o_co2_hybrid_mrk,X(CO2)=1.000000,12000.0,1473.15,1.0,38.2837,0.0,1.0,0.3333333,0.6666667,0.0,0.0,0.0,0.0,1.2e+16,240846.5,0.0,-4999.5,nan,0.0,nan
h2o_co2_hybrid_mrk,X(CO2)=1.000000,13000.0,1473.15,1.0,37.17507,0.0,1.0,0.3333333,0.6666667,0.0,0.0,0.0,0.0,1.3e+16,327702.9,0.0,-4999.5,nan,0.0,nan
h2o_co2_hybrid_mrk,X(CO2)=1.000000,14000.0,1473.15,1.0,36.20295,0.0,1.0,0.3333333,0.6666667,0.0,0.0,0.0,0.0,1.4e+16,442119.8,0.0,-4999.5,nan,0.0,nan
h2o_co2_hybrid_mrk,X(CO2)=1.000000,15000.0,1473.15,1.0,35.34134,0.0,1.0,0.3333333,0.6666667,0.0,0.0,0.0,0.0,1.5e+16,592045.6,0.0,-4999.5,nan,0.0,nan
h2o_co2_hybrid_mrk,X(CO2)=1.000000,16000.0,1473.15,1.0,34.57057,0.0,1.0,0.3333333,0.6666667,0.0,0.0,0.0,0.0,1.6e+16,787555.8,0.0,-4999.5,nan,0.0,nan
h2o_co2_hybrid_mrk,X(CO2)=1.000000,17000.0,1473.15,1.0,33.87548,0.0,1.0,0.3333333,0.6666667,0.0,0.0,0.0,0.0,1.7e+16,1041388.0,0.0,-4999.5,nan,0.0,nan
h2o_co2_hybrid_mrk,X(CO2)=1.000000,18000.0,1473.15,1.0,33.2442,0.0,1.0,0.3333333,0.6666667,0.0,0.0,0.0,0.0,1.8e+16,1369605.0,0.0,-4999.5,nan,0.0,nan
h2o_co2_hybrid_mrk,X(CO2)=1.000000,19000.0,1473.15,1.0,32.66729,0.0,1.0,0.3333333,0.6666667,0.0,0.0,0.0,0.0,1.9e+16,1792414.0,0.0,-4999.5,nan,0.0,nan
h2o_co2_hybrid_mrk,X(CO2)=1.000000,20000.0,1473.15,1.0,32.13714,0.0,1.0,0.3333333,0.6666667,0.0,0.0,0.0,0.0,2e+16,2335182.0,0.0,-4999.5,nan,0.0,nan
h2o_co2_hybrid_mrk,X(CO2)=1.000000,1000.0,1523.15,1.0,159.0947,0.0,1.0,0.3333333,0.6666667,0.0,0.0,0.0,0.0,1000000000000000.0,1261.085,0.0,-4999.5,nan,0.0,nan
h2o_co2_hybrid_mrk,X(CO2)=1.000000,2000.0,1523.15,1.0,97.27404,0.0,1.0,0.3333333,0.6666667,0.0,0.0,0.0,0.0,2000000000000000.0,3286.244,0.0,-4999.5,nan,0.0,nan
h2o_co2_hybrid_mrk,X(CO2)=1.000000,3000.0,1523.15,1.0,75.71522,0.0,1.0,0.3333333,0.6666667,0.0,0.0,0.0,0.0,3000000000000000.0,6437.142,0.0,-4999.5,nan,0.0,nan
h2o_co2_hybrid_mrk,X(CO2)=1.000000,4000.0,1523.15,1.0,64.32974,0.0,1.0,0.3333333,0.6666667,0.0,0.0,0.0,0.0,4000000000000000.0,11146.37,0.0,-4999.5,nan,0.0,nan
h2o_co2_hybrid_mrk,X(CO2)=1.000000,5000.0,1523.15,1.0,57.16491,0.0,1.0,0.3333333,0.6666667,0.0,0.0,0.0,0.0,5000000000000000.0,17973.86,0.0,-4999.5,nan,0.0,nan
h2o_co2_hybrid_mrk,X(CO2)=1.000000,6000.0,1523.15,1.0,52.19646,0.0,1.0,0.3333333,0.6666667,0.0,0.0,0.0,0.0,6000000000000000.0,27650.45,0.0,-4999.5,nan,0.0,nan
h2o_co2_hybrid_mrk,X(CO2)=1.000000,7000.0,1523.15,1.0,48.52843,0.0,1.0,0.3333333,0.6666667,0.0,0.0,0.0,0.0,7000000000000000.0,41127.22,0.0,-4999.5,nan,0.0,nan
h2o_co2_hybrid_mrk,X(CO2)=1.000000,8000.0,1523.15,1.0,45.69724,0.0,1.0,0.3333333,0.6666667,0.0,0.0,0.0,0.0,8000000000000000.0,59636.07,0.0,-4999.5,nan,0.0,nan
h2o_co2_hybrid_mrk,X(CO2)=1.000000,9000.0,1523.15,1.0,43.43722,0.0,1.0,0.3333333,0.6666667,0.0,0.0,0.0,0.0,9000000000000000.0,84765.0,0.0,-4999.5,nan,0.0,nan
h2o_co2_hybrid_mrk,X(CO2)=1.000000,10000.0,1523.15,1.0,41.58472,0.0,1.0,0.3333333,0.6666667,0.0,0.0,0.0,0.0,1e+16,118552.1,0.0,-4999.5,nan,0.0,nan
h2o_co2_hybrid_mrk,X(CO2)=1.000000,11000.0,1523.15,1.0,40.03339,0.0,1.0,0.3333333,0.6666667,0.0,0.0,0.0,0.0,1.1e+16,163602.4,0.0,-4999.5,nan,0.0,nan
h2o_co2_hybrid_mrk,X(CO2)=1.000000,12000.0,1523.15,1.0,38.7111,0.0,1.0,0.3333333,0.6666667,0.0,0.0,0.0,0.0,1.2e+16,223233.7,0.0,-4999.5,nan,0.0,nan
h2o_co2_hybrid_mrk,X(CO2)=1.000000,13000.0,1523.15,1.0,37.56724,0.0,1.0,0.3333333,0.6666667,0.0,0.0,0.0,0.0,1.3e+16,301656.8,0.0,-4999.5,nan,0.0,nan
h2o_co2_hybrid_mrk,X(CO2)=1.000000,14000.0,1523.15,1.0,36.56523,0.0,1.0,0.3333333,0.6666667,0.0,0.0,0.0,0.0,1.4e+16,404199.5,0.0,-4999.5,nan,0.0,nan
h2o_co2_hybrid_mrk,X(CO2)=1.000000,15000.0,1523.15,1.0,35.67799,0.0,1.0,0.3333333,0.6666667,0.0,0.0,0.0,0.0,1.5e+16,537582.9,0.0,-4999.5,nan,0.0,nan
h2o_co2_hybrid_mrk,X(CO2)=1.000000,16000.0,1523.15,1.0,34.88505,0.0,1.0,0.3333333,0.6666667,0.0,0.0,0.0,0.0,1.6e+16,710262.9,0.0,-4999.5,nan,0.0,nan
h2o_co2_hybrid_mrk,X(CO2)=1.000000,17000.0,1523.15,1.0,34.17062,0.0,1.0,0.3333333,0.6666667,0.0,0.0,0.0,0.0,1.7e+16,932850.5,0.0,-4999.5,nan,0.0,nan
h2o_co2_hybrid_mrk,X(CO2)=1.000000,18000.0,1523.15,1.0,33.52234,0.0,1.0,0.3333333,0.6666667,0.0,0.0,0.0,0.0,1.8e+16,1218629.0,0.0,-4999.5,nan,0.0,nan
h2o_co2_hybrid_mrk,X(CO2)=1.000000,19000.0,1523.15,1.0,32.93038,0.0,1.0,0.3333333,0.6666667,0.0,0.0,0.0,0.0,1.9e+16,1584187.0,0.0,-4999.5,nan,0.0,nan
h2o_co2_hybrid_mrk,X(CO2)=1.000000,20000.0,1523.15,1.0,32.38682,0.0,1.0,0.3333333,0.6666667,0.0,0.0,0.0,0.0,2e+16,2050202.0,0.0,-4999.5,nan,0.0,nan
h2o_co2_hybrid_mrk,X(CO2)=1.000000,1000.0,1573.15,1.0,163.7016,0.0,1.0,0.3333333,0.6666667,0.0,0.0,0.0,0.0,1000000000000000.0,1257.136,0.0,-4999.5,nan,0.0,nan
h2o_co2_hybrid_mrk,X(CO2)=1.000000,2000.0,1573.15,1.0,99.70924,0.0,1.0,0.3333333,0.6666667,0.0,0.0,0.0,0.0,2000000000000000.0,3258.324,0.0,-4999.5,nan,0.0,nan
h2o_co2_hybrid_mrk,X(CO2)=1.000000,3000.0,1573.15,1.0,77.41161,0.0,1.0,0.3333333,0.6666667,0.0,0.0,0.0,0.0,3000000000000000.0,6344.666,0.0,-4999.5,nan,0.0,nan
h2o_co2_hybrid_mrk,X(CO2)=1.000000,4000.0,1573.15,1.0,65.63872,0.0,1.0,0.3333333,0.6666667,0.0,0.0,0.0,0.0,4000000000000000.0,10919.55,0.0,-4999.5,nan,0.0,nan
h2o_co2_hybrid_mrk,X(CO2)=1.000000,5000.0,1573.15,1.0,58.22764,0.0,1.0,0.3333333,0.6666667,0.0,0.0,0.0,0.0,5000000000000000.0,17499.62,0.0,-4999.5,nan,0.0,nan
h2o_co2_hybrid_mrk,X(CO2)=1.000000,6000.0,1573.15,1.0,53.08638,0.0,1.0,0.3333333,0.6666667,0.0,0.0,0.0,0.0,6000000000000000.0,26752.88,0.0,-4999.5,nan,0.0,nan
h2o_co2_hybrid_mrk,X(CO2)=1.000000,7000.0,1573.15,1.0,49.2901,0.0,1.0,0.3333333,0.6666667,0.0,0.0,0.0,0.0,7000000000000000.0,39541.18,0.0,-4999.5,nan,0.0,nan
h2o_co2_hybrid_mrk,X(CO2)=1.000000,8000.0,1573.15,1.0,46.36031,0.0,1.0,0.3333333,0.6666667,0.0,0.0,0.0,0.0,8000000000000000.0,56971.63,0.0,-4999.5,nan,0.0,nan
h2o_co2_hybrid_mrk,X(CO2)=1.000000,9000.0,1573.15,1.0,44.02254,0.0,1.0,0.3333333,0.6666667,0.0,0.0,0.0,0.0,9000000000000000.0,80460.08,0.0,-4999.5,nan,0.0,nan
h2o_co2_hybrid_mrk,X(CO2)=1.000000,10000.0,1573.15,1.0,42.10754,0.0,1.0,0.3333333,0.6666667,0.0,0.0,0.0,0.0,1e+16,111809.5,0.0,-4999.5,nan,0.0,nan
h2o_co2_hybrid_mrk,X(CO2)=1.000000,11000.0,1573.15,1.0,40.50513,0.0,1.0,0.3333333,0.6666667,0.0,0.0,0.0,0.0,1.1e+16,153306.9,0.0,-4999.5,nan,0.0,nan
h2o_co2_hybrid_mrk,X(CO2)=1.000000,12000.0,1573.15,1.0,39.14049,0.0,1.0,0.3333333,0.6666667,0.0,0.0,0.0,0.0,1.2e+16,207843.3,0.0,-4999.5,nan,0.0,nan
h2o_co2_hybrid_mrk,X(CO2)=1.000000,13000.0,1573.15,1.0,37.96108,0.0,1.0,0.3333333,0.6666667,0.0,0.0,0.0,0.0,1.3e+16,279060.7,0.0,-4999.5,nan,0.0,nan
h2o_co2_hybrid_mrk,X(CO2)=1.000000,14000.0,1573.15,1.0,36.9289,0.0,1.0,0.3333333,0.6666667,0.0,0.0,0.0,0.0,1.4e+16,371534.0,0.0,-4999.5,nan,0.0,nan
h2o_co2_hybrid_mrk,X(CO2)=1.000000,15000.0,1573.15,1.0,36.01578,0.0,1.0,0.3333333,0.6666667,0.0,0.0,0.0,0.0,1.5e+16,490993.2,0.0,-4999.5,nan,0.0,nan
h2o_co2_hybrid_mrk,X(CO2)=1.000000,16000.0,1573.15,1.0,35.20045,0.0,1.0,0.3333333,0.6666667,0.0,0.0,0.0,0.0,1.6e+16,644596.3,0.0,-4999.5,nan,0.0,nan
h2o_co2_hybrid_mrk,X(CO2)=1.000000,17000.0,1573.15,1.0,34.46648,0.0,1.0,0.3333333,0.6666667,0.0,0.0,0.0,0.0,1.7e+16,841263.2,0.0,-4999.5,nan,0.0,nan
h2o_co2_hybrid_mrk,X(CO2)=1.000000,18000.0,1573.15,1.0,33.80102,0.0,1.0,0.3333333,0.6666667,0.0,0.0,0.0,0.0,1.8e+16,1092083.0,0.0,-4999.5,nan,0.0,nan
h2o_co2_hybrid_mrk,X(CO2)=1.000000,19000.0,1573.15,1.0,33.19385,0.0,1.0,0.3333333,0.6666667,0.0,0.0,0.0,0.0,1.9e+16,1410812.0,0.0,-4999.5,nan,0.0,nan
h2o_co2_hybrid_mrk,X(CO2)=1.000000,20000.0,1573.15,1.0,32.63675,0.0,1.0,0.3333333,0.6666667,0.0,0.0,0.0,0.0,2e+16,1814478.0,0.0,-4999.5,nan,0.0,nan
