backend_dew,curve_type,P_kbar,T_C,molality_dew,backend_perplex,molality_perplex,molality_delta
DEW,isobar,0.000557288,34.0,0.0002256521555747,"PerplexDEW (Davies, activity=DEW)",0.0002256521555747,0.0
DEW,isobar,0.000557288,35.01010101010101,0.0002301348867052,"PerplexDEW (Davies, activity=DEW)",0.0002301348867052,0.0
DEW,isobar,0.000557288,36.02020202020202,0.0002347073853807,"PerplexDEW (Davies, activity=DEW)",0.0002347073853807,0.0
DEW,isobar,0.000557288,37.03030303030303,0.0002393707713035,"PerplexDEW (Davies, activity=DEW)",0.0002393707713035,0.0
DEW,isobar,0.000557288,38.04040404040404,0.0002441262554726,"PerplexDEW (Davies, activity=DEW)",0.0002441262554726,0.0
DEW,isobar,0.000557288,39.05050505050505,0.0002489750328056,"PerplexDEW (Davies, activity=DEW)",0.0002489750328056,0.0
DEW,isobar,0.000557288,40.06060606060606,0.0002539183253076,"PerplexDEW (Davies, activity=DEW)",0.0002539183253076,0.0
DEW,isobar,0.000557288,41.07070707070707,0.000258957398452,"PerplexDEW (Davies, activity=DEW)",0.000258957398452,0.0
DEW,isobar,0.000557288,42.08080808080808,0.0002640935272857,"PerplexDEW (Davies, activity=DEW)",0.0002640935272857,0.0
DEW,isobar,0.000557288,43.09090909090909,0.0002693280299039,"PerplexDEW (Davies, activity=DEW)",0.0002693280299039,0.0
DEW,isobar,0.000557288,44.1010101010101,0.000274662213337,"PerplexDEW (Davies, activity=DEW)",0.000274662213337,0.0
DEW,isobar,0.000557288,45.11111111111112,0.0002800974639772,"PerplexDEW (Davies, activity=DEW)",0.0002800974639772,0.0
DEW,isobar,0.000557288,46.121212121212125,0.0002856351367655,"PerplexDEW (Davies, activity=DEW)",0.0002856351367655,0.0
DEW,isobar,0.000557288,47.131313131313135,0.0002912766078723,"PerplexDEW (Davies, activity=DEW)",0.0002912766078723,0.0
DEW,isobar,0.000557288,48.14141414141415,0.0002970233155949,"PerplexDEW (Davies, activity=DEW)",0.0002970233155949,0.0
DEW,isobar,0.000557288,49.15151515151516,0.0003028767017827,"PerplexDEW (Davies, activity=DEW)",0.0003028767017827,0.0
DEW,isobar,0.000557288,50.161616161616166,0.0003088382090761,"PerplexDEW (Davies, activity=DEW)",0.0003088382090761,0.0
DEW,isobar,0.000557288,51.17171717171718,0.0003149093447816,"PerplexDEW (Davies, activity=DEW)",0.0003149093447816,0.0
DEW,isobar,0.000557288,52.18181818181819,0.0003210915721819,"PerplexDEW (Davies, activity=DEW)",0.0003210915721819,0.0
DEW,isobar,0.000557288,53.1919191919192,0.0003273864423191,"PerplexDEW (Davies, activity=DEW)",0.0003273864423191,0.0
DEW,isobar,0.000557288,54.20202020202021,0.0003337954826185,"PerplexDEW (Davies, activity=DEW)",0.0003337954826185,0.0
DEW,isobar,0.000557288,55.21212121212122,0.0003403202401632,"PerplexDEW (Davies, activity=DEW)",0.0003403202401632,0.0
DEW,isobar,0.000557288,56.22222222222223,0.000346962306761,"PerplexDEW (Davies, activity=DEW)",0.000346962306761,0.0
DEW,isobar,0.000557288,57.23232323232324,0.0003537232703539,"PerplexDEW (Davies, activity=DEW)",0.0003537232703539,0.0
DEW,isobar,0.000557288,58.24242424242424,0.000360604764773,"PerplexDEW (Davies, activity=DEW)",0.000360604764773,0.0
DEW,isobar,0.000557288,59.25252525252525,0.000367608418745,"PerplexDEW (Davies, activity=DEW)",0.000367608418745,0.0
DEW,isobar,0.000557288,60.26262626262626,0.0003747358804213,"PerplexDEW (Davies, activity=DEW)",0.0003747358804213,0.0
DEW,isobar,0.000557288,61.27272727272727,0.0003819888173498,"PerplexDEW (Davies, activity=DEW)",0.0003819888173498,0.0
DEW,isobar,0.000557288,62.28282828282829,0.0003893689164578,"PerplexDEW (Davies, activity=DEW)",0.0003893689164578,0.0
DEW,isobar,0.000557288,63.292929292929294,0.0003968779437011,"PerplexDEW (Davies, activity=DEW)",0.0003968779437011,0.0
DEW,isobar,0.000557288,64.30303030303031,0.0004045175679883,"PerplexDEW (Davies, activity=DEW)",0.0004045175679883,0.0
DEW,isobar,0.000557288,65.31313131313132,0.0004122895657688,"PerplexDEW (Davies, activity=DEW)",0.0004122895657688,0.0
DEW,isobar,0.000557288,66.32323232323233,0.0004201956718511,"PerplexDEW (Davies, activity=DEW)",0.0004201956718511,0.0
DEW,isobar,0.000557288,67.33333333333334,0.0004282377031258,"PerplexDEW (Davies, activity=DEW)",0.0004282377031258,0.0
DEW,isobar,0.000557288,68.34343434343435,0.000436417465528,"PerplexDEW (Davies, activity=DEW)",0.000436417465528,0.0
DEW,isobar,0.000557288,69.35353535353536,0.000444736784637,"PerplexDEW (Davies, activity=DEW)",0.000444736784637,0.0
DEW,isobar,0.000557288,70.36363636363637,0.0004531974705463,"PerplexDEW (Davies, activity=DEW)",0.0004531974705463,0.0
DEW,isobar,0.000557288,71.37373737373738,0.000461801421836,"PerplexDEW (Davies, activity=DEW)",0.000461801421836,0.0
DEW,isobar,0.000557288,72.3838383838384,0.0004705504496183,"PerplexDEW (Davies, activity=DEW)",0.0004705504496183,0.0
DEW,isobar,0.000557288,73.3939393939394,0.0004794465289297,"PerplexDEW (Davies, activity=DEW)",0.0004794465289297,0.0
DEW,isobar,0.000557288,74.40404040404042,0.0004884915458212,"PerplexDEW (Davies, activity=DEW)",0.0004884915458212,0.0
DEW,isobar,0.000557288,75.41414141414143,0.0004976874028403,"PerplexDEW (Davies, activity=DEW)",0.0004976874028403,0.0
DEW,isobar,0.000557288,76.42424242424244,0.0005070360593725,"PerplexDEW (Davies, activity=DEW)",0.0005070360593725,0.0
DEW,isobar,0.000557288,77.43434343434345,0.0005165395362328,"PerplexDEW (Davies, activity=DEW)",0.0005165395362328,0.0
DEW,isobar,0.000557288,78.44444444444446,0.0005261997512756,"PerplexDEW (Davies, activity=DEW)",0.0005261997512756,0.0
DEW,isobar,0.000557288,79.45454545454547,0.0005360187215357,"PerplexDEW (Davies, activity=DEW)",0.0005360187215357,0.0
DEW,isobar,0.000557288,80.46464646464648,0.000545998528598,"PerplexDEW (Davies, activity=DEW)",0.000545998528598,0.0
DEW,isobar,0.000557288,81.47474747474749,0.0005561411426,"PerplexDEW (Davies, activity=DEW)",0.0005561411426,0.0
DEW,isobar,0.000557288,82.48484848484848,0.0005664486850142,"PerplexDEW (Davies, activity=DEW)",0.0005664486850142,0.0
DEW,isobar,0.000557288,83.4949494949495,0.0005769231598916,"PerplexDEW (Davies, activity=DEW)",0.0005769231598916,0.0
DEW,isobar,0.000557288,84.5050505050505,0.0005875666803429,"PerplexDEW (Davies, activity=DEW)",0.0005875666803429,0.0
DEW,isobar,0.000557288,85.51515151515152,0.0005983814296439,"PerplexDEW (Davies, activity=DEW)",0.0005983814296439,0.0
DEW,isobar,0.000557288,86.52525252525253,0.0006093694643067,"PerplexDEW (Davies, activity=DEW)",0.0006093694643067,0.0
DEW,isobar,0.000557288,87.53535353535354,0.0006205329563495,"PerplexDEW (Davies, activity=DEW)",0.0006205329563495,0.0
DEW,isobar,0.000557288,88.54545454545455,0.0006318740457227,"PerplexDEW (Davies, activity=DEW)",0.0006318740457227,0.0
DEW,isobar,0.000557288,89.55555555555556,0.0006433949428088,"PerplexDEW (Davies, activity=DEW)",0.0006433949428088,0.0
DEW,isobar,0.000557288,90.56565656565655,0.0006550978790171,"PerplexDEW (Davies, activity=DEW)",0.0006550978790171,0.0
DEW,isobar,0.000557288,91.57575757575758,0.0006669850503573,"PerplexDEW (Davies, activity=DEW)",0.0006669850503573,0.0
DEW,isobar,0.000557288,92.5858585858586,0.0006790586113291,"PerplexDEW (Davies, activity=DEW)",0.0006790586113291,0.0
DEW,isobar,0.000557288,93.5959595959596,0.000691320963925,"PerplexDEW (Davies, activity=DEW)",0.000691320963925,0.0
DEW,isobar,0.000557288,94.6060606060606,0.0007037742397444,"PerplexDEW (Davies, activity=DEW)",0.0007037742397444,0.0
DEW,isobar,0.000557288,95.61616161616162,0.0007164208229849,"PerplexDEW (Davies, activity=DEW)",0.0007164208229849,0.0
DEW,isobar,0.000557288,96.62626262626264,0.0007292629984334,"PerplexDEW (Davies, activity=DEW)",0.0007292629984334,0.0
DEW,isobar,0.000557288,97.63636363636364,0.0007423030670057,"PerplexDEW (Davies, activity=DEW)",0.0007423030670057,0.0
DEW,isobar,0.000557288,98.64646464646464,0.0007555434114881,"PerplexDEW (Davies, activity=DEW)",0.0007555434114881,0.0
DEW,isobar,0.000557288,99.65656565656566,0.0007689863017587,"PerplexDEW (Davies, activity=DEW)",0.0007689863017587,0.0
DEW,isobar,0.000557288,100.66666666666669,0.0007826342240247,"PerplexDEW (Davies, activity=DEW)",0.0007826342240247,0.0
DEW,isobar,0.000557288,101.67676767676768,0.0007964894814285,"PerplexDEW (Davies, activity=DEW)",0.0007964894814285,0.0
DEW,isobar,0.000557288,102.68686868686868,0.0008105545304193,"PerplexDEW (Davies, activity=DEW)",0.0008105545304193,0.0
DEW,isobar,0.000557288,103.6969696969697,0.0008248317759744,"PerplexDEW (Davies, activity=DEW)",0.0008248317759744,0.0
DEW,isobar,0.000557288,104.70707070707071,0.0008393237135682,"PerplexDEW (Davies, activity=DEW)",0.0008393237135682,0.0
DEW,isobar,0.000557288,105.71717171717172,0.0008540326313697,"PerplexDEW (Davies, activity=DEW)",0.0008540326313697,0.0
DEW,isobar,0.000557288,106.72727272727272,0.0008689612103464,"PerplexDEW (Davies, activity=DEW)",0.0008689612103464,0.0
DEW,isobar,0.000557288,107.73737373737374,0.000884111927357,"PerplexDEW (Davies, activity=DEW)",0.000884111927357,0.0
DEW,isobar,0.000557288,108.74747474747475,0.0008994871120241,"PerplexDEW (Davies, activity=DEW)",0.0008994871120241,0.0
DEW,isobar,0.000557288,109.75757575757576,0.000915089428005,"PerplexDEW (Davies, activity=DEW)",0.000915089428005,0.0
DEW,isobar,0.000557288,110.76767676767678,0.000930921398123,"PerplexDEW (Davies, activity=DEW)",0.000930921398123,0.0
DEW,isobar,0.000557288,111.7777777777778,0.0009469855602997,"PerplexDEW (Davies, activity=DEW)",0.0009469855602997,0.0
DEW,isobar,0.000557288,112.7878787878788,0.0009632844674053,"PerplexDEW (Davies, activity=DEW)",0.0009632844674053,0.0
DEW,isobar,0.000557288,113.7979797979798,0.000979820687103,"PerplexDEW (Davies, activity=DEW)",0.000979820687103,0.0
DEW,isobar,0.000557288,114.80808080808082,0.0009965968016884,"PerplexDEW (Davies, activity=DEW)",0.0009965968016884,0.0
DEW,isobar,0.000557288,115.81818181818184,0.0010136155960631,"PerplexDEW (Davies, activity=DEW)",0.0010136155960631,0.0
DEW,isobar,0.000557288,116.82828282828284,0.0010308795009307,"PerplexDEW (Davies, activity=DEW)",0.0010308795009307,0.0
DEW,isobar,0.000557288,117.83838383838383,0.0010483913376698,"PerplexDEW (Davies, activity=DEW)",0.0010483913376698,0.0
DEW,isobar,0.000557288,118.84848484848486,0.0010661535576703,"PerplexDEW (Davies, activity=DEW)",0.0010661535576703,0.0
DEW,isobar,0.000557288,119.85858585858588,0.0010841690183521,"PerplexDEW (Davies, activity=DEW)",0.0010841690183521,0.0
DEW,isobar,0.000557288,120.86868686868688,0.0011024403990909,"PerplexDEW (Davies, activity=DEW)",0.0011024403990909,0.0
DEW,isobar,0.000557288,121.87878787878788,0.0011209701804836,"PerplexDEW (Davies, activity=DEW)",0.0011209701804836,0.0
DEW,isobar,0.000557288,122.8888888888889,0.0011397612732191,"PerplexDEW (Davies, activity=DEW)",0.0011397612732191,0.0
DEW,isobar,0.000557288,123.89898989898992,0.0011588163972382,"PerplexDEW (Davies, activity=DEW)",0.0011588163972382,0.0
DEW,isobar,0.000557288,124.90909090909092,0.0011781382856624,"PerplexDEW (Davies, activity=DEW)",0.0011781382856624,0.0
DEW,isobar,0.000557288,125.91919191919192,0.0011977296845777,"PerplexDEW (Davies, activity=DEW)",0.0011977296845777,0.0
DEW,isobar,0.000557288,126.92929292929294,0.001217593352811,"PerplexDEW (Davies, activity=DEW)",0.001217593352811,0.0
DEW,isobar,0.000557288,127.93939393939397,0.0012377320616991,"PerplexDEW (Davies, activity=DEW)",0.0012377320616991,0.0
DEW,isobar,0.000557288,128.94949494949498,0.0012581485948516,"PerplexDEW (Davies, activity=DEW)",0.0012581485948516,0.0
DEW,isobar,0.000557288,129.95959595959596,0.0012788457479067,"PerplexDEW (Davies, activity=DEW)",0.0012788457479067,0.0
DEW,isobar,0.000557288,130.96969696969697,0.00129982632828,"PerplexDEW (Davies, activity=DEW)",0.00129982632828,0.0
DEW,isobar,0.000557288,131.97979797979798,0.0013210931549052,"PerplexDEW (Davies, activity=DEW)",0.0013210931549052,0.0
DEW,isobar,0.000557288,132.989898989899,0.001342649057969,"PerplexDEW (Davies, activity=DEW)",0.001342649057969,0.0
DEW,isobar,0.000557288,134.0,0.0013644970135791,"PerplexDEW (Davies, activity=DEW)",0.0013644970135791,0.0
DEW,isobar,0.000658613,34.0,0.0002256561267129,"PerplexDEW (Davies, activity=DEW)",0.0002256561267129,0.0
DEW,isobar,0.000658613,35.01010101010101,0.0002301388943044,"PerplexDEW (Davies, activity=DEW)",0.0002301388943044,0.0
DEW,isobar,0.000658613,36.02020202020202,0.0002347114154424,"PerplexDEW (Davies, activity=DEW)",0.0002347114154424,0.0
DEW,isobar,0.000658613,37.03030303030303,0.0002393748552017,"PerplexDEW (Davies, activity=DEW)",0.0002393748552017,0.0
DEW,isobar,0.000658613,38.04040404040404,0.0002441303792049,"PerplexDEW (Davies, activity=DEW)",0.0002441303792049,0.0
DEW,isobar,0.000658613,39.05050505050505,0.0002489791811202,"PerplexDEW (Davies, activity=DEW)",0.0002489791811202,0.0
DEW,isobar,0.000658613,40.06060606060606,0.0002539225152667,"PerplexDEW (Davies, activity=DEW)",0.0002539225152667,0.0
DEW,isobar,0.000658613,41.07070707070707,0.0002589616311704,"PerplexDEW (Davies, activity=DEW)",0.0002589616311704,0.0
DEW,isobar,0.000658613,42.08080808080808,0.0002640978215864,"PerplexDEW (Davies, activity=DEW)",0.0002640978215864,0.0
DEW,isobar,0.000658613,43.09090909090909,0.0002693323514949,"PerplexDEW (Davies, activity=DEW)",0.0002693323514949,0.0
DEW,isobar,0.000658613,44.1010101010101,0.0002746665810477,"PerplexDEW (Davies, activity=DEW)",0.0002746665810477,0.0
DEW,isobar,0.000658613,45.11111111111112,0.0002801018789358,"PerplexDEW (Davies, activity=DEW)",0.0002801018789358,0.0
DEW,isobar,0.000658613,46.121212121212125,0.0002856395804846,"PerplexDEW (Davies, activity=DEW)",0.0002856395804846,0.0
DEW,isobar,0.000658613,47.131313131313135,0.0002912811006067,"PerplexDEW (Davies, activity=DEW)",0.0002912811006067,0.0
DEW,isobar,0.000658613,48.14141414141415,0.0002970278791198,"PerplexDEW (Davies, activity=DEW)",0.0002970278791198,0.0
DEW,isobar,0.000658613,49.15151515151516,0.0003028812959578,"PerplexDEW (Davies, activity=DEW)",0.0003028812959578,0.0
DEW,isobar,0.000658613,50.161616161616166,0.0003088428773963,"PerplexDEW (Davies, activity=DEW)",0.0003088428773963,0.0
DEW,isobar,0.000658613,51.17171717171718,0.0003149140449929,"PerplexDEW (Davies, activity=DEW)",0.0003149140449929,0.0
DEW,isobar,0.000658613,52.18181818181819,0.0003210963499706,"PerplexDEW (Davies, activity=DEW)",0.0003210963499706,0.0
DEW,isobar,0.000658613,53.1919191919192,0.0003273912766164,"PerplexDEW (Davies, activity=DEW)",0.0003273912766164,0.0
DEW,isobar,0.000658613,54.20202020202021,0.0003338003506461,"PerplexDEW (Davies, activity=DEW)",0.0003338003506461,0.0
DEW,isobar,0.000658613,55.21212121212122,0.0003403251665036,"PerplexDEW (Davies, activity=DEW)",0.0003403251665036,0.0
DEW,isobar,0.000658613,56.22222222222223,0.0003469673178,"PerplexDEW (Davies, activity=DEW)",0.0003469673178,0.0
DEW,isobar,0.000658613,57.23232323232324,0.0003537283427477,"PerplexDEW (Davies, activity=DEW)",0.0003537283427477,0.0
DEW,isobar,0.000658613,58.24242424242424,0.000360609899761,"PerplexDEW (Davies, activity=DEW)",0.000360609899761,0.0
DEW,isobar,0.000658613,59.25252525252525,0.0003676136175786,"PerplexDEW (Davies, activity=DEW)",0.0003676136175786,0.0
DEW,isobar,0.000658613,60.26262626262626,0.0003747411166109,"PerplexDEW (Davies, activity=DEW)",0.0003747411166109,0.0
DEW,isobar,0.000658613,61.27272727272727,0.0003819941192489,"PerplexDEW (Davies, activity=DEW)",0.0003819941192489,0.0
DEW,isobar,0.000658613,62.28282828282829,0.000389374314464,"PerplexDEW (Davies, activity=DEW)",0.000389374314464,0.0
DEW,isobar,0.000658613,63.292929292929294,0.000396883410688,"PerplexDEW (Davies, activity=DEW)",0.000396883410688,0.0
DEW,isobar,0.000658613,64.30303030303031,0.0004045231052737,"PerplexDEW (Davies, activity=DEW)",0.0004045231052737,0.0
DEW,isobar,0.000658613,65.31313131313132,0.0004122951434033,"PerplexDEW (Davies, activity=DEW)",0.0004122951434033,0.0
DEW,isobar,0.000658613,66.32323232323233,0.0004202013537461,"PerplexDEW (Davies, activity=DEW)",0.0004202013537461,0.0
DEW,isobar,0.000658613,67.33333333333334,0.000428243459362,"PerplexDEW (Davies, activity=DEW)",0.000428243459362,0.0
DEW,isobar,0.000658613,68.34343434343435,0.000436423297484,"PerplexDEW (Davies, activity=DEW)",0.000436423297484,0.0
DEW,isobar,0.000658613,69.35353535353536,0.0004447426937072,"PerplexDEW (Davies, activity=DEW)",0.0004447426937072,0.0
DEW,isobar,0.000658613,70.36363636363637,0.0004532034581417,"PerplexDEW (Davies, activity=DEW)",0.0004532034581417,0.0
DEW,isobar,0.000658613,71.37373737373738,0.0004618074893843,"PerplexDEW (Davies, activity=DEW)",0.0004618074893843,0.0
DEW,isobar,0.000658613,72.3838383838384,0.0004705565985644,"PerplexDEW (Davies, activity=DEW)",0.0004705565985644,0.0
DEW,isobar,0.000658613,73.3939393939394,0.0004794527607361,"PerplexDEW (Davies, activity=DEW)",0.0004794527607361,0.0
DEW,isobar,0.000658613,74.40404040404042,0.0004884978619682,"PerplexDEW (Davies, activity=DEW)",0.0004884978619682,0.0
DEW,isobar,0.000658613,75.41414141414143,0.0004976938048265,"PerplexDEW (Davies, activity=DEW)",0.0004976938048265,0.0
DEW,isobar,0.000658613,76.42424242424244,0.000507042589141,"PerplexDEW (Davies, activity=DEW)",0.000507042589141,0.0
DEW,isobar,0.000658613,77.43434343434345,0.0005165461144681,"PerplexDEW (Davies, activity=DEW)",0.0005165461144681,0.0
DEW,isobar,0.000658613,78.44444444444446,0.0005262064622741,"PerplexDEW (Davies, activity=DEW)",0.0005262064622741,0.0
DEW,isobar,0.000658613,79.45454545454547,0.0005360255255305,"PerplexDEW (Davies, activity=DEW)",0.0005360255255305,0.0
DEW,isobar,0.000658613,80.46464646464648,0.0005460054272037,"PerplexDEW (Davies, activity=DEW)",0.0005460054272037,0.0
DEW,isobar,0.000658613,81.47474747474749,0.000556148137452,"PerplexDEW (Davies, activity=DEW)",0.000556148137452,0.0
DEW,isobar,0.000658613,82.48484848484848,0.0005664557777687,"PerplexDEW (Davies, activity=DEW)",0.0005664557777687,0.0
DEW,isobar,0.000658613,83.4949494949495,0.0005769303522266,"PerplexDEW (Davies, activity=DEW)",0.0005769303522266,0.0
DEW,isobar,0.000658613,84.5050505050505,0.000587574022407,"PerplexDEW (Davies, activity=DEW)",0.000587574022407,0.0
DEW,isobar,0.000658613,85.51515151515152,0.0005983888262609,"PerplexDEW (Davies, activity=DEW)",0.0005983888262609,0.0
DEW,isobar,0.000658613,86.52525252525253,0.00060937696567,"PerplexDEW (Davies, activity=DEW)",0.00060937696567,0.0
DEW,isobar,0.000658613,87.53535353535354,0.0006205405642264,"PerplexDEW (Davies, activity=DEW)",0.0006205405642264,0.0
DEW,isobar,0.000658613,88.54545454545455,0.0006318818148578,"PerplexDEW (Davies, activity=DEW)",0.0006318818148578,0.0
DEW,isobar,0.000658613,89.55555555555556,0.0006434028232437,"PerplexDEW (Davies, activity=DEW)",0.0006434028232437,0.0
DEW,isobar,0.000658613,90.56565656565655,0.0006551059279526,"PerplexDEW (Davies, activity=DEW)",0.0006551059279526,0.0
DEW,isobar,0.000658613,91.57575757575758,0.0006669931589993,"PerplexDEW (Davies, activity=DEW)",0.0006669931589993,0.0
DEW,isobar,0.000658613,92.5858585858586,0.0006790668947467,"PerplexDEW (Davies, activity=DEW)",0.0006790668947467,0.0
DEW,isobar,0.000658613,93.5959595959596,0.0006913293084177,"PerplexDEW (Davies, activity=DEW)",0.0006913293084177,0.0
DEW,isobar,0.000658613,94.6060606060606,0.0007037827654858,"PerplexDEW (Davies, activity=DEW)",0.0007037827654858,0.0
DEW,isobar,0.000658613,95.61616161616162,0.0007164295346117,"PerplexDEW (Davies, activity=DEW)",0.0007164295346117,0.0
DEW,isobar,0.000658613,96.62626262626264,0.0007292718376181,"PerplexDEW (Davies, activity=DEW)",0.0007292718376181,0.0
DEW,isobar,0.000658613,97.63636363636364,0.0007423120358415,"PerplexDEW (Davies, activity=DEW)",0.0007423120358415,0.0
DEW,isobar,0.000658613,98.64646464646464,0.0007555524462541,"PerplexDEW (Davies, activity=DEW)",0.0007555524462541,0.0
DEW,isobar,0.000658613,99.65656565656566,0.0007689955362897,"PerplexDEW (Davies, activity=DEW)",0.0007689955362897,0.0
DEW,isobar,0.000658613,100.66666666666669,0.0007826435259332,"PerplexDEW (Davies, activity=DEW)",0.0007826435259332,0.0
DEW,isobar,0.000658613,101.67676767676768,0.0007964989903713,"PerplexDEW (Davies, activity=DEW)",0.0007964989903713,0.0
DEW,isobar,0.000658613,102.68686868686868,0.0008105641799105,"PerplexDEW (Davies, activity=DEW)",0.0008105641799105,0.0
DEW,isobar,0.000658613,103.6969696969697,0.000824841641535,"PerplexDEW (Davies, activity=DEW)",0.000824841641535,0.0
DEW,isobar,0.000658613,104.70707070707071,0.0008393336509925,"PerplexDEW (Davies, activity=DEW)",0.0008393336509925,0.0
DEW,isobar,0.000658613,105.71717171717172,0.0008540427926542,"PerplexDEW (Davies, activity=DEW)",0.0008540427926542,0.0
DEW,isobar,0.000658613,106.72727272727272,0.0008689715230636,"PerplexDEW (Davies, activity=DEW)",0.0008689715230636,0.0
DEW,isobar,0.000658613,107.73737373737374,0.0008841223142375,"PerplexDEW (Davies, activity=DEW)",0.0008841223142375,0.0
DEW,isobar,0.000658613,108.74747474747475,0.0008994977349108,"PerplexDEW (Davies, activity=DEW)",0.0008994977349108,0.0
DEW,isobar,0.000658613,109.75757575757576,0.0009151002096942,"PerplexDEW (Davies, activity=DEW)",0.0009151002096942,0.0
DEW,isobar,0.000658613,110.76767676767678,0.0009309323411381,"PerplexDEW (Davies, activity=DEW)",0.0009309323411381,0.0
DEW,isobar,0.000658613,111.7777777777778,0.000946996667198,"PerplexDEW (Davies, activity=DEW)",0.000946996667198,0.0
DEW,isobar,0.000658613,112.7878787878788,0.0009632957407787,"PerplexDEW (Davies, activity=DEW)",0.0009632957407787,0.0
DEW,isobar,0.000658613,113.7979797979798,0.0009798322198574,"PerplexDEW (Davies, activity=DEW)",0.0009798322198574,0.0
DEW,isobar,0.000658613,114.80808080808082,0.0009966086002433,"PerplexDEW (Davies, activity=DEW)",0.0009966086002433,0.0
DEW,isobar,0.000658613,115.81818181818184,0.0010136274788358,"PerplexDEW (Davies, activity=DEW)",0.0010136274788358,0.0
DEW,isobar,0.000658613,116.82828282828284,0.0010308916588646,"PerplexDEW (Davies, activity=DEW)",0.0010308916588646,0.0
DEW,isobar,0.000658613,117.83838383838383,0.0010484036795366,"PerplexDEW (Davies, activity=DEW)",0.0010484036795366,0.0
DEW,isobar,0.000658613,118.84848484848486,0.0010661661863665,"PerplexDEW (Davies, activity=DEW)",0.0010661661863665,0.0
DEW,isobar,0.000658613,119.85858585858588,0.0010841818388334,"PerplexDEW (Davies, activity=DEW)",0.0010841818388334,0.0
DEW,isobar,0.000658613,120.86868686868688,0.0011024533101913,"PerplexDEW (Davies, activity=DEW)",0.0011024533101913,0.0
DEW,isobar,0.000658613,121.87878787878788,0.0011209833935597,"PerplexDEW (Davies, activity=DEW)",0.0011209833935597,0.0
DEW,isobar,0.000658613,122.8888888888889,0.0011397747956403,"PerplexDEW (Davies, activity=DEW)",0.0011397747956403,0.0
DEW,isobar,0.000658613,123.89898989898992,0.0011588301258715,"PerplexDEW (Davies, activity=DEW)",0.0011588301258715,0.0
DEW,isobar,0.000658613,124.90909090909092,0.001178152223706,"PerplexDEW (Davies, activity=DEW)",0.001178152223706,0.0
DEW,isobar,0.000658613,125.91919191919192,0.0011977438352728,"PerplexDEW (Davies, activity=DEW)",0.0011977438352728,0.0
DEW,isobar,0.000658613,126.92929292929294,0.0012176077194421,"PerplexDEW (Davies, activity=DEW)",0.0012176077194421,0.0
DEW,isobar,0.000658613,127.93939393939397,0.001237746647595,"PerplexDEW (Davies, activity=DEW)",0.001237746647595,0.0
DEW,isobar,0.000658613,128.94949494949498,0.0012581634033856,"PerplexDEW (Davies, activity=DEW)",0.0012581634033856,0.0
DEW,isobar,0.000658613,129.95959595959596,0.0012788609072182,"PerplexDEW (Davies, activity=DEW)",0.0012788609072182,0.0
DEW,isobar,0.000658613,130.96969696969697,0.0012998417196016,"PerplexDEW (Davies, activity=DEW)",0.0012998417196016,0.0
DEW,isobar,0.000658613,131.97979797979798,0.0013211087817904,"PerplexDEW (Davies, activity=DEW)",0.0013211087817904,0.0
DEW,isobar,0.000658613,132.989898989899,0.0013426650563388,"PerplexDEW (Davies, activity=DEW)",0.0013426650563388,0.0
DEW,isobar,0.000658613,134.0,0.0013645132573834,"PerplexDEW (Davies, activity=DEW)",0.0013645132573834,0.0
DEW,isobar,0.003141075,86.0,0.0006038243874919,"PerplexDEW (Davies, activity=DEW)",0.0006038243874919,0.0
DEW,isobar,0.003141075,87.01010101010101,0.0006148992188974,"PerplexDEW (Davies, activity=DEW)",0.0006148992188974,0.0
DEW,isobar,0.003141075,88.02020202020202,0.00062615063693,"PerplexDEW (Davies, activity=DEW)",0.00062615063693,0.0
DEW,isobar,0.003141075,89.03030303030303,0.0006375807401442,"PerplexDEW (Davies, activity=DEW)",0.0006375807401442,0.0
DEW,isobar,0.003141075,90.04040404040404,0.0006491918028632,"PerplexDEW (Davies, activity=DEW)",0.0006491918028632,0.0
DEW,isobar,0.003141075,91.05050505050504,0.0006609859575345,"PerplexDEW (Davies, activity=DEW)",0.0006609859575345,0.0
DEW,isobar,0.003141075,92.06060606060606,0.0006729654623506,"PerplexDEW (Davies, activity=DEW)",0.0006729654623506,0.0
DEW,isobar,0.003141075,93.07070707070709,0.0006851325966928,"PerplexDEW (Davies, activity=DEW)",0.0006851325966928,0.0
DEW,isobar,0.003141075,94.08080808080808,0.000697489661277,"PerplexDEW (Davies, activity=DEW)",0.000697489661277,0.0
DEW,isobar,0.003141075,95.0909090909091,0.0007100387952273,"PerplexDEW (Davies, activity=DEW)",0.0007100387952273,0.0
DEW,isobar,0.003141075,96.1010101010101,0.0007227823927197,"PerplexDEW (Davies, activity=DEW)",0.0007227823927197,0.0
DEW,isobar,0.003141075,97.11111111111111,0.0007357227472712,"PerplexDEW (Davies, activity=DEW)",0.0007357227472712,0.0
DEW,isobar,0.003141075,98.12121212121212,0.0007488621684958,"PerplexDEW (Davies, activity=DEW)",0.0007488621684958,0.0
DEW,isobar,0.003141075,99.13131313131314,0.000762203115049,"PerplexDEW (Davies, activity=DEW)",0.000762203115049,0.0
DEW,isobar,0.003141075,100.14141414141416,0.0007757478011384,"PerplexDEW (Davies, activity=DEW)",0.0007757478011384,0.0
DEW,isobar,0.003141075,101.15151515151516,0.0007894987230581,"PerplexDEW (Davies, activity=DEW)",0.0007894987230581,0.0
DEW,isobar,0.003141075,102.16161616161617,0.0008034582628703,"PerplexDEW (Davies, activity=DEW)",0.0008034582628703,0.0
DEW,isobar,0.003141075,103.17171717171718,0.000817628818514,"PerplexDEW (Davies, activity=DEW)",0.000817628818514,0.0
DEW,isobar,0.003141075,104.1818181818182,0.0008320128036884,"PerplexDEW (Davies, activity=DEW)",0.0008320128036884,0.0
DEW,isobar,0.003141075,105.1919191919192,0.0008466126477319,"PerplexDEW (Davies, activity=DEW)",0.0008466126477319,0.0
DEW,isobar,0.003141075,106.2020202020202,0.0008614309498738,"PerplexDEW (Davies, activity=DEW)",0.0008614309498738,0.0
DEW,isobar,0.003141075,107.21212121212122,0.0008764700225272,"PerplexDEW (Davies, activity=DEW)",0.0008764700225272,0.0
DEW,isobar,0.003141075,108.22222222222224,0.0008917325023485,"PerplexDEW (Davies, activity=DEW)",0.0008917325023485,0.0
DEW,isobar,0.003141075,109.23232323232324,0.0009072208081133,"PerplexDEW (Davies, activity=DEW)",0.0009072208081133,0.0
DEW,isobar,0.003141075,110.24242424242424,0.0009229375348666,"PerplexDEW (Davies, activity=DEW)",0.0009229375348666,0.0
DEW,isobar,0.003141075,111.25252525252526,0.0009388852140206,"PerplexDEW (Davies, activity=DEW)",0.0009388852140206,0.0
DEW,isobar,0.003141075,112.26262626262628,0.0009550663920359,"PerplexDEW (Davies, activity=DEW)",0.0009550663920359,0.0
DEW,isobar,0.003141075,113.27272727272728,0.0009714837195813,"PerplexDEW (Davies, activity=DEW)",0.0009714837195813,0.0
DEW,isobar,0.003141075,114.28282828282828,0.0009881396871602,"PerplexDEW (Davies, activity=DEW)",0.0009881396871602,0.0
DEW,isobar,0.003141075,115.2929292929293,0.0010050369786111,"PerplexDEW (Davies, activity=DEW)",0.0010050369786111,0.0
DEW,isobar,0.003141075,116.30303030303033,0.0010221782048989,"PerplexDEW (Davies, activity=DEW)",0.0010221782048989,0.0
DEW,isobar,0.003141075,117.31313131313132,0.00103956599143,"PerplexDEW (Davies, activity=DEW)",0.00103956599143,0.0
DEW,isobar,0.003141075,118.32323232323232,0.0010572029778779,"PerplexDEW (Davies, activity=DEW)",0.0010572029778779,0.0
DEW,isobar,0.003141075,119.33333333333334,0.0010750918180007,"PerplexDEW (Davies, activity=DEW)",0.0010750918180007,0.0
DEW,isobar,0.003141075,120.34343434343435,0.0010932352825198,"PerplexDEW (Davies, activity=DEW)",0.0010932352825198,0.0
DEW,isobar,0.003141075,121.35353535353536,0.0011116359539473,"PerplexDEW (Davies, activity=DEW)",0.0011116359539473,0.0
DEW,isobar,0.003141075,122.36363636363636,0.0011302966345798,"PerplexDEW (Davies, activity=DEW)",0.0011302966345798,0.0
DEW,isobar,0.003141075,123.37373737373738,0.0011492199297453,"PerplexDEW (Davies, activity=DEW)",0.0011492199297453,0.0
DEW,isobar,0.003141075,124.3838383838384,0.0011684086726517,"PerplexDEW (Davies, activity=DEW)",0.0011684086726517,0.0
DEW,isobar,0.003141075,125.3939393939394,0.0011878657184254,"PerplexDEW (Davies, activity=DEW)",0.0011878657184254,0.0
DEW,isobar,0.003141075,126.40404040404042,0.0012075935954201,"PerplexDEW (Davies, activity=DEW)",0.0012075935954201,0.0
DEW,isobar,0.003141075,127.41414141414144,0.0012275951820444,"PerplexDEW (Davies, activity=DEW)",0.0012275951820444,0.0
DEW,isobar,0.003141075,128.42424242424244,0.0012478733784195,"PerplexDEW (Davies, activity=DEW)",0.0012478733784195,0.0
DEW,isobar,0.003141075,129.43434343434345,0.0012684308596754,"PerplexDEW (Davies, activity=DEW)",0.0012684308596754,0.0
DEW,isobar,0.003141075,130.44444444444446,0.0012892704291696,"PerplexDEW (Davies, activity=DEW)",0.0012892704291696,0.0
DEW,isobar,0.003141075,131.45454545454547,0.0013103949019452,"PerplexDEW (Davies, activity=DEW)",0.0013103949019452,0.0
DEW,isobar,0.003141075,132.46464646464648,0.0013318072354358,"PerplexDEW (Davies, activity=DEW)",0.0013318072354358,0.0
DEW,isobar,0.003141075,133.4747474747475,0.0013535101414902,"PerplexDEW (Davies, activity=DEW)",0.0013535101414902,0.0
DEW,isobar,0.003141075,134.4848484848485,0.0013755064687419,"PerplexDEW (Davies, activity=DEW)",0.0013755064687419,0.0
DEW,isobar,0.003141075,135.49494949494948,0.0013977992153169,"PerplexDEW (Davies, activity=DEW)",0.0013977992153169,0.0
DEW,isobar,0.003141075,136.50505050505052,0.0014203911173231,"PerplexDEW (Davies, activity=DEW)",0.0014203911173231,0.0
DEW,isobar,0.003141075,137.5151515151515,0.0014432851988525,"PerplexDEW (Davies, activity=DEW)",0.0014432851988525,0.0
DEW,isobar,0.003141075,138.52525252525254,0.0014664840632927,"PerplexDEW (Davies, activity=DEW)",0.0014664840632927,0.0
DEW,isobar,0.003141075,139.53535353535352,0.0014899909011579,"PerplexDEW (Davies, activity=DEW)",0.0014899909011579,0.0
DEW,isobar,0.003141075,140.54545454545456,0.0015138084760119,"PerplexDEW (Davies, activity=DEW)",0.0015138084760119,0.0
DEW,isobar,0.003141075,141.55555555555554,0.0015379398605817,"PerplexDEW (Davies, activity=DEW)",0.0015379398605817,0.0
DEW,isobar,0.003141075,142.56565656565658,0.0015623878299999,"PerplexDEW (Davies, activity=DEW)",0.0015623878299999,0.0
DEW,isobar,0.003141075,143.57575757575756,0.0015871553175639,"PerplexDEW (Davies, activity=DEW)",0.0015871553175639,0.0
DEW,isobar,0.003141075,144.5858585858586,0.0016122452642604,"PerplexDEW (Davies, activity=DEW)",0.0016122452642604,0.0
DEW,isobar,0.003141075,145.59595959595958,0.0016376606184001,"PerplexDEW (Davies, activity=DEW)",0.0016376606184001,0.0
DEW,isobar,0.003141075,146.60606060606062,0.0016634043352424,"PerplexDEW (Davies, activity=DEW)",0.0016634043352424,0.0
DEW,isobar,0.003141075,147.6161616161616,0.001689479551571,"PerplexDEW (Davies, activity=DEW)",0.001689479551571,0.0
DEW,isobar,0.003141075,148.62626262626264,0.0017158888888114,"PerplexDEW (Davies, activity=DEW)",0.0017158888888114,0.0
DEW,isobar,0.003141075,149.63636363636363,0.0017426353106992,"PerplexDEW (Davies, activity=DEW)",0.0017426353106992,0.0
DEW,isobar,0.003141075,150.64646464646466,0.0017697221563145,"PerplexDEW (Davies, activity=DEW)",0.0017697221563145,0.0
DEW,isobar,0.003141075,151.65656565656565,0.0017971522314238,"PerplexDEW (Davies, activity=DEW)",0.0017971522314238,0.0
DEW,isobar,0.003141075,152.66666666666669,0.001824928140114,"PerplexDEW (Davies, activity=DEW)",0.001824928140114,0.0
DEW,isobar,0.003141075,153.67676767676767,0.0018530532450023,"PerplexDEW (Davies, activity=DEW)",0.0018530532450023,0.0
DEW,isobar,0.003141075,154.6868686868687,0.0018815301428652,"PerplexDEW (Davies, activity=DEW)",0.0018815301428652,0.0
DEW,isobar,0.003141075,155.6969696969697,0.0019103622169003,"PerplexDEW (Davies, activity=DEW)",0.0019103622169003,0.0
DEW,isobar,0.003141075,156.70707070707073,0.0019395524684939,"PerplexDEW (Davies, activity=DEW)",0.0019395524684939,0.0
DEW,isobar,0.003141075,157.7171717171717,0.0019691034792148,"PerplexDEW (Davies, activity=DEW)",0.0019691034792148,0.0
DEW,isobar,0.003141075,158.72727272727275,0.0019990182307275,"PerplexDEW (Davies, activity=DEW)",0.0019990182307275,0.0
DEW,isobar,0.003141075,159.73737373737373,0.0020293001430366,"PerplexDEW (Davies, activity=DEW)",0.0020293001430366,0.0
DEW,isobar,0.003141075,160.74747474747477,0.0020599513304967,"PerplexDEW (Davies, activity=DEW)",0.0020599513304967,0.0
DEW,isobar,0.003141075,161.75757575757575,0.0020909756586974,"PerplexDEW (Davies, activity=DEW)",0.0020909756586974,0.0
DEW,isobar,0.003141075,162.7676767676768,0.002122375670355,"PerplexDEW (Davies, activity=DEW)",0.002122375670355,0.0
DEW,isobar,0.003141075,163.77777777777777,0.0021541541087357,"PerplexDEW (Davies, activity=DEW)",0.0021541541087357,0.0
DEW,isobar,0.003141075,164.7878787878788,0.0021863141773693,"PerplexDEW (Davies, activity=DEW)",0.0021863141773693,0.0
DEW,isobar,0.003141075,165.7979797979798,0.0022188586053819,"PerplexDEW (Davies, activity=DEW)",0.0022188586053819,0.0
DEW,isobar,0.003141075,166.80808080808083,0.0022517905981886,"PerplexDEW (Davies, activity=DEW)",0.0022517905981886,0.0
DEW,isobar,0.003141075,167.8181818181818,0.0022851126147111,"PerplexDEW (Davies, activity=DEW)",0.0022851126147111,0.0
DEW,isobar,0.003141075,168.82828282828285,0.0023188278462225,"PerplexDEW (Davies, activity=DEW)",0.0023188278462225,0.0
DEW,isobar,0.003141075,169.83838383838383,0.002352938971139,"PerplexDEW (Davies, activity=DEW)",0.002352938971139,0.0
DEW,isobar,0.003141075,170.84848484848487,0.0023874491773139,"PerplexDEW (Davies, activity=DEW)",0.0023874491773139,0.0
DEW,isobar,0.003141075,171.85858585858583,0.0024223611197841,"PerplexDEW (Davies, activity=DEW)",0.0024223611197841,0.0
DEW,isobar,0.003141075,172.8686868686869,0.0024576777033618,"PerplexDEW (Davies, activity=DEW)",0.0024576777033618,0.0
DEW,isobar,0.003141075,173.87878787878788,0.0024934015416845,"PerplexDEW (Davies, activity=DEW)",0.0024934015416845,0.0
DEW,isobar,0.003141075,174.8888888888889,0.0025295357930704,"PerplexDEW (Davies, activity=DEW)",0.0025295357930704,0.0
DEW,isobar,0.003141075,175.8989898989899,0.0025660824557165,"PerplexDEW (Davies, activity=DEW)",0.0025660824557165,0.0
DEW,isobar,0.003141075,176.9090909090909,0.0026030452401385,"PerplexDEW (Davies, activity=DEW)",0.0026030452401385,0.0
DEW,isobar,0.003141075,177.91919191919192,0.0026404263921877,"PerplexDEW (Davies, activity=DEW)",0.0026404263921877,0.0
DEW,isobar,0.003141075,178.92929292929296,0.0026782287187339,"PerplexDEW (Davies, activity=DEW)",0.0026782287187339,0.0
DEW,isobar,0.003141075,179.93939393939394,0.0027164550122284,"PerplexDEW (Davies, activity=DEW)",0.0027164550122284,0.0
DEW,isobar,0.003141075,180.94949494949495,0.0027551080498943,"PerplexDEW (Davies, activity=DEW)",0.0027551080498943,0.0
DEW,isobar,0.003141075,181.959595959596,0.0027941899425883,"PerplexDEW (Davies, activity=DEW)",0.0027941899425883,0.0
DEW,isobar,0.003141075,182.96969696969697,0.0028337034001124,"PerplexDEW (Davies, activity=DEW)",0.0028337034001124,0.0
DEW,isobar,0.003141075,183.979797979798,0.0028736517869335,"PerplexDEW (Davies, activity=DEW)",0.0028736517869335,0.0
DEW,isobar,0.003141075,184.989898989899,0.0029140371245731,"PerplexDEW (Davies, activity=DEW)",0.0029140371245731,0.0
DEW,isobar,0.003141075,186.0,0.00295486136692,"PerplexDEW (Davies, activity=DEW)",0.00295486136692,0.0
DEW,isobar,0.0062,110.0,0.0009194717343646,"PerplexDEW (Davies, activity=DEW)",0.0009194717343646,0.0
DEW,isobar,0.0062,111.010101010101,0.0009353691734771,"PerplexDEW (Davies, activity=DEW)",0.0009353691734771,0.0
DEW,isobar,0.0062,112.02020202020202,0.000951499598362,"PerplexDEW (Davies, activity=DEW)",0.000951499598362,0.0
DEW,isobar,0.0062,113.03030303030305,0.0009678656573268,"PerplexDEW (Davies, activity=DEW)",0.0009678656573268,0.0
DEW,isobar,0.0062,114.04040404040404,0.0009844698394508,"PerplexDEW (Davies, activity=DEW)",0.0009844698394508,0.0
DEW,isobar,0.0062,115.05050505050504,0.0010013149189314,"PerplexDEW (Davies, activity=DEW)",0.0010013149189314,0.0
DEW,isobar,0.0062,116.06060606060606,0.001018403321696,"PerplexDEW (Davies, activity=DEW)",0.001018403321696,0.0
DEW,isobar,0.0062,117.07070707070709,0.0010357376657144,"PerplexDEW (Davies, activity=DEW)",0.0010357376657144,0.0
DEW,isobar,0.0062,118.08080808080808,0.0010533208785007,"PerplexDEW (Davies, activity=DEW)",0.0010533208785007,0.0
DEW,isobar,0.0062,119.0909090909091,0.0010711553228352,"PerplexDEW (Davies, activity=DEW)",0.0010711553228352,0.0
DEW,isobar,0.0062,120.1010101010101,0.0010892439665168,"PerplexDEW (Davies, activity=DEW)",0.0010892439665168,0.0
DEW,isobar,0.0062,121.11111111111111,0.0011075892927992,"PerplexDEW (Davies, activity=DEW)",0.0011075892927992,0.0
DEW,isobar,0.0062,122.12121212121212,0.001126194102262,"PerplexDEW (Davies, activity=DEW)",0.001126194102262,0.0
DEW,isobar,0.0062,123.13131313131314,0.0011450609996257,"PerplexDEW (Davies, activity=DEW)",0.0011450609996257,0.0
DEW,isobar,0.0062,124.14141414141416,0.0011641928165273,"PerplexDEW (Davies, activity=DEW)",0.0011641928165273,0.0
DEW,isobar,0.0062,125.15151515151516,0.0011835922931345,"PerplexDEW (Davies, activity=DEW)",0.0011835922931345,0.0
DEW,isobar,0.0062,126.16161616161617,0.0012032622983117,"PerplexDEW (Davies, activity=DEW)",0.0012032622983117,0.0
DEW,isobar,0.0062,127.17171717171718,0.0012232054868842,"PerplexDEW (Davies, activity=DEW)",0.0012232054868842,0.0
DEW,isobar,0.0062,128.1818181818182,0.0012434245169477,"PerplexDEW (Davies, activity=DEW)",0.0012434245169477,0.0
DEW,isobar,0.0062,129.1919191919192,0.0012639225405964,"PerplexDEW (Davies, activity=DEW)",0.0012639225405964,0.0
DEW,isobar,0.0062,130.2020202020202,0.0012847021246814,"PerplexDEW (Davies, activity=DEW)",0.0012847021246814,0.0
DEW,isobar,0.0062,131.21212121212122,0.0013057660839538,"PerplexDEW (Davies, activity=DEW)",0.0013057660839538,0.0
DEW,isobar,0.0062,132.22222222222223,0.0013271172446891,"PerplexDEW (Davies, activity=DEW)",0.0013271172446891,0.0
DEW,isobar,0.0062,133.23232323232324,0.0013487584444219,"PerplexDEW (Davies, activity=DEW)",0.0013487584444219,0.0
DEW,isobar,0.0062,134.24242424242425,0.0013706928027914,"PerplexDEW (Davies, activity=DEW)",0.0013706928027914,0.0
DEW,isobar,0.0062,135.25252525252526,0.0013929229186064,"PerplexDEW (Davies, activity=DEW)",0.0013929229186064,0.0
DEW,isobar,0.0062,136.26262626262627,0.0014154516617786,"PerplexDEW (Davies, activity=DEW)",0.0014154516617786,0.0
DEW,isobar,0.0062,137.27272727272728,0.0014382819123405,"PerplexDEW (Davies, activity=DEW)",0.0014382819123405,0.0
DEW,isobar,0.0062,138.2828282828283,0.0014614168532331,"PerplexDEW (Davies, activity=DEW)",0.0014614168532331,0.0
DEW,isobar,0.0062,139.2929292929293,0.0014848589527672,"PerplexDEW (Davies, activity=DEW)",0.0014848589527672,0.0
DEW,isobar,0.0062,140.3030303030303,0.0015086114156779,"PerplexDEW (Davies, activity=DEW)",0.0015086114156779,0.0
DEW,isobar,0.0062,141.31313131313132,0.0015326771683935,"PerplexDEW (Davies, activity=DEW)",0.0015326771683935,0.0
DEW,isobar,0.0062,142.32323232323233,0.0015570588295589,"PerplexDEW (Davies, activity=DEW)",0.0015570588295589,0.0
DEW,isobar,0.0062,143.33333333333334,0.0015817598086132,"PerplexDEW (Davies, activity=DEW)",0.0015817598086132,0.0
DEW,isobar,0.0062,144.34343434343435,0.0016067824085291,"PerplexDEW (Davies, activity=DEW)",0.0016067824085291,0.0
DEW,isobar,0.0062,145.35353535353536,0.0016321302308725,"PerplexDEW (Davies, activity=DEW)",0.0016321302308725,0.0
DEW,isobar,0.0062,146.36363636363637,0.0016578059099778,"PerplexDEW (Davies, activity=DEW)",0.0016578059099778,0.0
DEW,isobar,0.0062,147.37373737373738,0.0016838124096207,"PerplexDEW (Davies, activity=DEW)",0.0016838124096207,0.0
DEW,isobar,0.0062,148.3838383838384,0.0017101526998981,"PerplexDEW (Davies, activity=DEW)",0.0017101526998981,0.0
DEW,isobar,0.0062,149.3939393939394,0.0017368297568288,"PerplexDEW (Davies, activity=DEW)",0.0017368297568288,0.0
DEW,isobar,0.0062,150.40404040404042,0.0017638463776378,"PerplexDEW (Davies, activity=DEW)",0.0017638463776378,0.0
DEW,isobar,0.0062,151.41414141414143,0.0017912057262622,"PerplexDEW (Davies, activity=DEW)",0.0017912057262622,0.0
DEW,isobar,0.0062,152.42424242424244,0.0018189109851913,"PerplexDEW (Davies, activity=DEW)",0.0018189109851913,0.0
DEW,isobar,0.0062,153.43434343434345,0.0018469645756855,"PerplexDEW (Davies, activity=DEW)",0.0018469645756855,0.0
DEW,isobar,0.0062,154.44444444444446,0.0018753698723192,"PerplexDEW (Davies, activity=DEW)",0.0018753698723192,0.0
DEW,isobar,0.0062,155.45454545454547,0.0019041294725909,"PerplexDEW (Davies, activity=DEW)",0.0019041294725909,0.0
DEW,isobar,0.0062,156.46464646464648,0.0019332467712396,"PerplexDEW (Davies, activity=DEW)",0.0019332467712396,0.0
DEW,isobar,0.0062,157.4747474747475,0.0019627247754164,"PerplexDEW (Davies, activity=DEW)",0.0019627247754164,0.0
DEW,isobar,0.0062,158.4848484848485,0.0019925660662161,"PerplexDEW (Davies, activity=DEW)",0.0019925660662161,0.0
DEW,isobar,0.0062,159.49494949494948,0.0020227736301501,"PerplexDEW (Davies, activity=DEW)",0.0020227736301501,0.0
DEW,isobar,0.0062,160.50505050505052,0.0020533508978591,"PerplexDEW (Davies, activity=DEW)",0.0020533508978591,0.0
DEW,isobar,0.0062,161.5151515151515,0.0020843004279791,"PerplexDEW (Davies, activity=DEW)",0.0020843004279791,0.0
DEW,isobar,0.0062,162.52525252525254,0.0021156252061243,"PerplexDEW (Davies, activity=DEW)",0.0021156252061243,0.0
DEW,isobar,0.0062,163.53535353535352,0.0021473279818201,"PerplexDEW (Davies, activity=DEW)",0.0021473279818201,0.0
DEW,isobar,0.0062,164.54545454545456,0.0021794119629838,"PerplexDEW (Davies, activity=DEW)",0.0021794119629838,0.0
DEW,isobar,0.0062,165.55555555555554,0.0022118803719981,"PerplexDEW (Davies, activity=DEW)",0.0022118803719981,0.0
DEW,isobar,0.0062,166.56565656565658,0.0022447354548928,"PerplexDEW (Davies, activity=DEW)",0.0022447354548928,0.0
DEW,isobar,0.0062,167.57575757575756,0.0022779806611911,"PerplexDEW (Davies, activity=DEW)",0.0022779806611911,0.0
DEW,isobar,0.0062,168.5858585858586,0.0023116184444351,"PerplexDEW (Davies, activity=DEW)",0.0023116184444351,0.0
DEW,isobar,0.0062,169.59595959595958,0.0023456522618019,"PerplexDEW (Davies, activity=DEW)",0.0023456522618019,0.0
DEW,isobar,0.0062,170.60606060606062,0.0023800845366657,"PerplexDEW (Davies, activity=DEW)",0.0023800845366657,0.0
DEW,isobar,0.0062,171.6161616161616,0.0024149181896174,"PerplexDEW (Davies, activity=DEW)",0.0024149181896174,0.0
DEW,isobar,0.0062,172.62626262626264,0.0024501561332593,"PerplexDEW (Davies, activity=DEW)",0.0024501561332593,0.0
DEW,isobar,0.0062,173.63636363636363,0.0024858012715119,"PerplexDEW (Davies, activity=DEW)",0.0024858012715119,0.0
DEW,isobar,0.0062,174.64646464646466,0.0025218559267955,"PerplexDEW (Davies, activity=DEW)",0.0025218559267955,0.0
DEW,isobar,0.0062,175.65656565656565,0.0025583241174806,"PerplexDEW (Davies, activity=DEW)",0.0025583241174806,0.0
DEW,isobar,0.0062,176.66666666666669,0.00259520696951,"PerplexDEW (Davies, activity=DEW)",0.00259520696951,0.0
DEW,isobar,0.0062,177.67676767676767,0.0026325084881248,"PerplexDEW (Davies, activity=DEW)",0.0026325084881248,0.0
DEW,isobar,0.0062,178.6868686868687,0.0026702309077998,"PerplexDEW (Davies, activity=DEW)",0.0026702309077998,0.0
DEW,isobar,0.0062,179.6969696969697,0.0027083770312658,"PerplexDEW (Davies, activity=DEW)",0.0027083770312658,0.0
DEW,isobar,0.0062,180.70707070707076,0.0027469496463172,"PerplexDEW (Davies, activity=DEW)",0.0027469496463172,0.0
DEW,isobar,0.0062,181.7171717171717,0.0027859515249929,"PerplexDEW (Davies, activity=DEW)",0.0027859515249929,0.0
DEW,isobar,0.0062,182.72727272727275,0.0028253847638048,"PerplexDEW (Davies, activity=DEW)",0.0028253847638048,0.0
DEW,isobar,0.0062,183.73737373737373,0.0028652520658907,"PerplexDEW (Davies, activity=DEW)",0.0028652520658907,0.0
DEW,isobar,0.0062,184.7474747474748,0.0029055567973776,"PerplexDEW (Davies, activity=DEW)",0.0029055567973776,0.0
DEW,isobar,0.0062,185.75757575757572,0.0029463002690157,"PerplexDEW (Davies, activity=DEW)",0.0029463002690157,0.0
DEW,isobar,0.0062,186.7676767676768,0.0029874857936716,"PerplexDEW (Davies, activity=DEW)",0.0029874857936716,0.0
DEW,isobar,0.0062,187.77777777777777,0.0030291159915379,"PerplexDEW (Davies, activity=DEW)",0.0030291159915379,0.0
DEW,isobar,0.0062,188.7878787878788,0.0030711927283366,"PerplexDEW (Davies, activity=DEW)",0.0030711927283366,0.0
DEW,isobar,0.0062,189.7979797979798,0.0031137185389865,"PerplexDEW (Davies, activity=DEW)",0.0031137185389865,0.0
DEW,isobar,0.0062,190.80808080808083,0.0031566966893295,"PerplexDEW (Davies, activity=DEW)",0.0031566966893295,0.0
DEW,isobar,0.0062,191.8181818181818,0.0032001281599519,"PerplexDEW (Davies, activity=DEW)",0.0032001281599519,0.0
DEW,isobar,0.0062,192.82828282828285,0.0032440153649036,"PerplexDEW (Davies, activity=DEW)",0.0032440153649036,0.0
DEW,isobar,0.0062,193.83838383838383,0.003288361484846,"PerplexDEW (Davies, activity=DEW)",0.003288361484846,0.0
DEW,isobar,0.0062,194.84848484848487,0.0033331681023005,"PerplexDEW (Davies, activity=DEW)",0.0033331681023005,0.0
DEW,isobar,0.0062,195.85858585858583,0.0033784367126816,"PerplexDEW (Davies, activity=DEW)",0.0033784367126816,0.0
DEW,isobar,0.0062,196.8686868686869,0.0034241703987994,"PerplexDEW (Davies, activity=DEW)",0.0034241703987994,0.0
DEW,isobar,0.0062,197.87878787878788,0.0034703714115608,"PerplexDEW (Davies, activity=DEW)",0.0034703714115608,0.0
DEW,isobar,0.0062,198.8888888888889,0.0035170402303377,"PerplexDEW (Davies, activity=DEW)",0.0035170402303377,0.0
DEW,isobar,0.0062,199.8989898989899,0.0035641807092332,"PerplexDEW (Davies, activity=DEW)",0.0035641807092332,0.0
DEW,isobar,0.0062,200.9090909090909,0.0036117922936367,"PerplexDEW (Davies, activity=DEW)",0.0036117922936367,0.0
DEW,isobar,0.0062,201.91919191919192,0.0036598787705234,"PerplexDEW (Davies, activity=DEW)",0.0036598787705234,0.0
DEW,isobar,0.0062,202.92929292929296,0.0037084412209466,"PerplexDEW (Davies, activity=DEW)",0.0037084412209466,0.0
DEW,isobar,0.0062,203.93939393939397,0.0037574815637218,"PerplexDEW (Davies, activity=DEW)",0.0037574815637218,0.0
DEW,isobar,0.0062,204.94949494949495,0.003807000711751,"PerplexDEW (Davies, activity=DEW)",0.003807000711751,0.0
DEW,isobar,0.0062,205.959595959596,0.0038570004419089,"PerplexDEW (Davies, activity=DEW)",0.0038570004419089,0.0
DEW,isobar,0.0062,206.96969696969697,0.0039074824808965,"PerplexDEW (Davies, activity=DEW)",0.0039074824808965,0.0
DEW,isobar,0.0062,207.979797979798,0.0039584474948799,"PerplexDEW (Davies, activity=DEW)",0.0039584474948799,0.0
DEW,isobar,0.0062,208.989898989899,0.0040098970554385,"PerplexDEW (Davies, activity=DEW)",0.0040098970554385,0.0
DEW,isobar,0.0062,210.0,0.0040618326782885,"PerplexDEW (Davies, activity=DEW)",0.0040618326782885,0.0
DEW,isobar,0.0111,132.0,0.0013231527777037,"PerplexDEW (Davies, activity=DEW)",0.0013231527777037,0.0
DEW,isobar,0.0111,133.010101010101,0.0013447434752599,"PerplexDEW (Davies, activity=DEW)",0.0013447434752599,0.0
DEW,isobar,0.0111,134.02020202020202,0.0013666265518857,"PerplexDEW (Davies, activity=DEW)",0.0013666265518857,0.0
DEW,isobar,0.0111,135.03030303030303,0.0013888052737045,"PerplexDEW (Davies, activity=DEW)",0.0013888052737045,0.0
DEW,isobar,0.0111,136.04040404040404,0.0014112822479558,"PerplexDEW (Davies, activity=DEW)",0.0014112822479558,0.0
DEW,isobar,0.0111,137.05050505050505,0.0014340606430103,"PerplexDEW (Davies, activity=DEW)",0.0014340606430103,0.0
DEW,isobar,0.0111,138.06060606060606,0.0014571430760192,"PerplexDEW (Davies, activity=DEW)",0.0014571430760192,0.0
DEW,isobar,0.0111,139.07070707070707,0.0014805324490341,"PerplexDEW (Davies, activity=DEW)",0.0014805324490341,0.0
DEW,isobar,0.0111,140.08080808080808,0.0015042318250937,"PerplexDEW (Davies, activity=DEW)",0.0015042318250937,0.0
DEW,isobar,0.0111,141.0909090909091,0.0015282439788205,"PerplexDEW (Davies, activity=DEW)",0.0015282439788205,0.0
DEW,isobar,0.0111,142.1010101010101,0.0015525719970221,"PerplexDEW (Davies, activity=DEW)",0.0015525719970221,0.0
DEW,isobar,0.0111,143.11111111111111,0.0015772189870408,"PerplexDEW (Davies, activity=DEW)",0.0015772189870408,0.0
DEW,isobar,0.0111,144.12121212121212,0.0016021872580699,"PerplexDEW (Davies, activity=DEW)",0.0016021872580699,0.0
DEW,isobar,0.0111,145.13131313131314,0.0016274804124509,"PerplexDEW (Davies, activity=DEW)",0.0016274804124509,0.0
DEW,isobar,0.0111,146.14141414141417,0.0016531010896808,"PerplexDEW (Davies, activity=DEW)",0.0016531010896808,0.0
DEW,isobar,0.0111,147.15151515151516,0.0016790522574618,"PerplexDEW (Davies, activity=DEW)",0.0016790522574618,0.0
DEW,isobar,0.0111,148.16161616161617,0.001705337243415,"PerplexDEW (Davies, activity=DEW)",0.001705337243415,0.0
DEW,isobar,0.0111,149.17171717171718,0.0017319583277067,"PerplexDEW (Davies, activity=DEW)",0.0017319583277067,0.0
DEW,isobar,0.0111,150.1818181818182,0.001758918843103,"PerplexDEW (Davies, activity=DEW)",0.001758918843103,0.0
DEW,isobar,0.0111,151.1919191919192,0.0017862221548534,"PerplexDEW (Davies, activity=DEW)",0.0017862221548534,0.0
DEW,isobar,0.0111,152.2020202020202,0.0018138705181236,"PerplexDEW (Davies, activity=DEW)",0.0018138705181236,0.0
DEW,isobar,0.0111,153.21212121212122,0.0018418673004566,"PerplexDEW (Davies, activity=DEW)",0.0018418673004566,0.0
DEW,isobar,0.0111,154.22222222222223,0.0018702155063327,"PerplexDEW (Davies, activity=DEW)",0.0018702155063327,0.0
DEW,isobar,0.0111,155.23232323232324,0.0018989181437516,"PerplexDEW (Davies, activity=DEW)",0.0018989181437516,0.0
DEW,isobar,0.0111,156.24242424242425,0.0019279778131389,"PerplexDEW (Davies, activity=DEW)",0.0019279778131389,0.0
DEW,isobar,0.0111,157.25252525252526,0.001957398132547,"PerplexDEW (Davies, activity=DEW)",0.001957398132547,0.0
DEW,isobar,0.0111,158.26262626262627,0.0019871814898592,"PerplexDEW (Davies, activity=DEW)",0.0019871814898592,0.0
DEW,isobar,0.0111,159.27272727272728,0.0020173310954423,"PerplexDEW (Davies, activity=DEW)",0.0020173310954423,0.0
DEW,isobar,0.0111,160.2828282828283,0.0020478501761315,"PerplexDEW (Davies, activity=DEW)",0.0020478501761315,0.0
DEW,isobar,0.0111,161.2929292929293,0.0020787408494723,"PerplexDEW (Davies, activity=DEW)",0.0020787408494723,0.0
DEW,isobar,0.0111,162.3030303030303,0.0021100072304723,"PerplexDEW (Davies, activity=DEW)",0.0021100072304723,0.0
DEW,isobar,0.0111,163.31313131313132,0.0021416516481072,"PerplexDEW (Davies, activity=DEW)",0.0021416516481072,0.0
DEW,isobar,0.0111,164.32323232323233,0.0021736768548417,"PerplexDEW (Davies, activity=DEW)",0.0021736768548417,0.0
DEW,isobar,0.0111,165.33333333333334,0.0022060860677298,"PerplexDEW (Davies, activity=DEW)",0.0022060860677298,0.0
DEW,isobar,0.0111,166.34343434343435,0.0022388822714605,"PerplexDEW (Davies, activity=DEW)",0.0022388822714605,0.0
DEW,isobar,0.0111,167.35353535353536,0.0022720684471028,"PerplexDEW (Davies, activity=DEW)",0.0022720684471028,0.0
DEW,isobar,0.0111,168.36363636363637,0.0023056470599057,"PerplexDEW (Davies, activity=DEW)",0.0023056470599057,0.0
DEW,isobar,0.0111,169.37373737373738,0.0023396215748122,"PerplexDEW (Davies, activity=DEW)",0.0023396215748122,0.0
DEW,isobar,0.0111,170.3838383838384,0.002373994427508,"PerplexDEW (Davies, activity=DEW)",0.002373994427508,0.0
DEW,isobar,0.0111,171.3939393939394,0.0024087690890529,"PerplexDEW (Davies, activity=DEW)",0.0024087690890529,0.0
DEW,isobar,0.0111,172.40404040404042,0.002443947962358,"PerplexDEW (Davies, activity=DEW)",0.002443947962358,0.0
DEW,isobar,0.0111,173.41414141414143,0.0024795336830126,"PerplexDEW (Davies, activity=DEW)",0.0024795336830126,0.0
DEW,isobar,0.0111,174.42424242424244,0.0025155294271098,"PerplexDEW (Davies, activity=DEW)",0.0025155294271098,0.0
DEW,isobar,0.0111,175.43434343434345,0.0025519383809307,"PerplexDEW (Davies, activity=DEW)",0.0025519383809307,0.0
DEW,isobar,0.0111,176.44444444444446,0.0025887625602377,"PerplexDEW (Davies, activity=DEW)",0.0025887625602377,0.0
DEW,isobar,0.0111,177.45454545454547,0.0026260048080625,"PerplexDEW (Davies, activity=DEW)",0.0026260048080625,0.0
DEW,isobar,0.0111,178.46464646464648,0.0026636685660824,"PerplexDEW (Davies, activity=DEW)",0.0026636685660824,0.0
DEW,isobar,0.0111,179.4747474747475,0.0027017560606142,"PerplexDEW (Davies, activity=DEW)",0.0027017560606142,0.0
DEW,isobar,0.0111,180.4848484848485,0.0027402700937563,"PerplexDEW (Davies, activity=DEW)",0.0027402700937563,0.0
DEW,isobar,0.0111,181.49494949494948,0.0027792134521908,"PerplexDEW (Davies, activity=DEW)",0.0027792134521908,0.0
DEW,isobar,0.0111,182.5050505050505,0.0028185889063515,"PerplexDEW (Davies, activity=DEW)",0.0028185889063515,0.0
DEW,isobar,0.0111,183.5151515151515,0.0028583985417485,"PerplexDEW (Davies, activity=DEW)",0.0028583985417485,0.0
DEW,isobar,0.0111,184.5252525252525,0.0028986457380942,"PerplexDEW (Davies, activity=DEW)",0.0028986457380942,0.0
DEW,isobar,0.0111,185.53535353535352,0.0029393318283593,"PerplexDEW (Davies, activity=DEW)",0.0029393318283593,0.0
DEW,isobar,0.0111,186.54545454545456,0.0029804608434414,"PerplexDEW (Davies, activity=DEW)",0.0029804608434414,0.0
DEW,isobar,0.0111,187.55555555555557,0.0030220340260111,"PerplexDEW (Davies, activity=DEW)",0.0030220340260111,0.0
DEW,isobar,0.0111,188.56565656565655,0.0030640546826053,"PerplexDEW (Davies, activity=DEW)",0.0030640546826053,0.0
DEW,isobar,0.0111,189.5757575757576,0.0031065254046022,"PerplexDEW (Davies, activity=DEW)",0.0031065254046022,0.0
DEW,isobar,0.0111,190.5858585858586,0.0031494472507355,"PerplexDEW (Davies, activity=DEW)",0.0031494472507355,0.0
DEW,isobar,0.0111,191.5959595959596,0.0031928242179705,"PerplexDEW (Davies, activity=DEW)",0.0031928242179705,0.0
DEW,isobar,0.0111,192.60606060606065,0.0032366572590116,"PerplexDEW (Davies, activity=DEW)",0.0032366572590116,0.0
DEW,isobar,0.0111,193.6161616161616,0.003280949572715,"PerplexDEW (Davies, activity=DEW)",0.003280949572715,0.0
DEW,isobar,0.0111,194.62626262626264,0.003325702766527,"PerplexDEW (Davies, activity=DEW)",0.003325702766527,0.0
DEW,isobar,0.0111,195.63636363636363,0.0033709191828414,"PerplexDEW (Davies, activity=DEW)",0.0033709191828414,0.0
DEW,isobar,0.0111,196.64646464646464,0.0034166011307886,"PerplexDEW (Davies, activity=DEW)",0.0034166011307886,0.0
DEW,isobar,0.0111,197.65656565656565,0.0034627508851074,"PerplexDEW (Davies, activity=DEW)",0.0034627508851074,0.0
DEW,isobar,0.0111,198.66666666666669,0.0035093698206928,"PerplexDEW (Davies, activity=DEW)",0.0035093698206928,0.0
DEW,isobar,0.0111,199.67676767676767,0.0035564600958638,"PerplexDEW (Davies, activity=DEW)",0.0035564600958638,0.0
DEW,isobar,0.0111,200.6868686868687,0.0036040238297538,"PerplexDEW (Davies, activity=DEW)",0.0036040238297538,0.0
DEW,isobar,0.0111,201.6969696969697,0.0036520621919334,"PerplexDEW (Davies, activity=DEW)",0.0036520621919334,0.0
DEW,isobar,0.0111,202.70707070707076,0.0037005771733021,"PerplexDEW (Davies, activity=DEW)",0.0037005771733021,0.0
DEW,isobar,0.0111,203.7171717171717,0.003749571660682,"PerplexDEW (Davies, activity=DEW)",0.003749571660682,0.0
DEW,isobar,0.0111,204.72727272727275,0.0037990456906493,"PerplexDEW (Davies, activity=DEW)",0.0037990456906493,0.0
DEW,isobar,0.0111,205.73737373737373,0.0038490020419717,"PerplexDEW (Davies, activity=DEW)",0.0038490020419717,0.0
DEW,isobar,0.0111,206.7474747474748,0.003899440543761,"PerplexDEW (Davies, activity=DEW)",0.003899440543761,0.0
DEW,isobar,0.0111,207.75757575757572,0.0039503648631001,"PerplexDEW (Davies, activity=DEW)",0.0039503648631001,0.0
DEW,isobar,0.0111,208.7676767676768,0.0040017736386137,"PerplexDEW (Davies, activity=DEW)",0.0040017736386137,0.0
DEW,isobar,0.0111,209.77777777777777,0.0040536704463027,"PerplexDEW (Davies, activity=DEW)",0.0040536704463027,0.0
DEW,isobar,0.0111,210.7878787878788,0.0041060557738611,"PerplexDEW (Davies, activity=DEW)",0.0041060557738611,0.0
DEW,isobar,0.0111,211.7979797979798,0.0041589299820806,"PerplexDEW (Davies, activity=DEW)",0.0041589299820806,0.0
DEW,isobar,0.0111,212.80808080808083,0.0042122943923483,"PerplexDEW (Davies, activity=DEW)",0.0042122943923483,0.0
DEW,isobar,0.0111,213.8181818181818,0.0042661502632859,"PerplexDEW (Davies, activity=DEW)",0.0042661502632859,0.0
DEW,isobar,0.0111,214.82828282828285,0.0043204965333875,"PerplexDEW (Davies, activity=DEW)",0.0043204965333875,0.0
DEW,isobar,0.0111,215.83838383838383,0.0043753365124694,"PerplexDEW (Davies, activity=DEW)",0.0043753365124694,0.0
DEW,isobar,0.0111,216.84848484848487,0.0044306700944335,"PerplexDEW (Davies, activity=DEW)",0.0044306700944335,0.0
DEW,isobar,0.0111,217.85858585858583,0.0044864958430511,"PerplexDEW (Davies, activity=DEW)",0.0044864958430511,0.0
DEW,isobar,0.0111,218.8686868686869,0.0045428169098822,"PerplexDEW (Davies, activity=DEW)",0.0045428169098822,0.0
DEW,isobar,0.0111,219.87878787878788,0.0045996304087494,"PerplexDEW (Davies, activity=DEW)",0.0045996304087494,0.0
DEW,isobar,0.0111,220.8888888888889,0.0046569381120656,"PerplexDEW (Davies, activity=DEW)",0.0046569381120656,0.0
DEW,isobar,0.0111,221.8989898989899,0.0047147405267409,"PerplexDEW (Davies, activity=DEW)",0.0047147405267409,0.0
DEW,isobar,0.0111,222.9090909090909,0.0047730355083286,"PerplexDEW (Davies, activity=DEW)",0.0047730355083286,0.0
DEW,isobar,0.0111,223.91919191919192,0.0048318258814083,"PerplexDEW (Davies, activity=DEW)",0.0048318258814083,0.0
DEW,isobar,0.0111,224.92929292929296,0.0048911065923159,"PerplexDEW (Davies, activity=DEW)",0.0048911065923159,0.0
DEW,isobar,0.0111,225.93939393939397,0.0049508815894724,"PerplexDEW (Davies, activity=DEW)",0.0049508815894724,0.0
DEW,isobar,0.0111,226.94949494949495,0.0050111467684867,"PerplexDEW (Davies, activity=DEW)",0.0050111467684867,0.0
DEW,isobar,0.0111,227.959595959596,0.0050719032318663,"PerplexDEW (Davies, activity=DEW)",0.0050719032318663,0.0
DEW,isobar,0.0111,228.96969696969697,0.0051331492424908,"PerplexDEW (Davies, activity=DEW)",0.0051331492424908,0.0
DEW,isobar,0.0111,229.979797979798,0.0051948828708138,"PerplexDEW (Davies, activity=DEW)",0.0051948828708138,0.0
DEW,isobar,0.0111,230.989898989899,0.0052571019896285,"PerplexDEW (Davies, activity=DEW)",0.0052571019896285,0.0
DEW,isobar,0.0111,232.0,0.0053198072336952,"PerplexDEW (Davies, activity=DEW)",0.0053198072336952,0.0
DEW,isobar,0.0125643,140.0,0.0015025846260579,"PerplexDEW (Davies, activity=DEW)",0.0015025846260579,0.0
DEW,isobar,0.0125643,141.010101010101,0.0015265763508633,"PerplexDEW (Davies, activity=DEW)",0.0015265763508633,0.0
DEW,isobar,0.0125643,142.02020202020202,0.0015508839500752,"PerplexDEW (Davies, activity=DEW)",0.0015508839500752,0.0
DEW,isobar,0.0125643,143.03030303030303,0.0015755098990965,"PerplexDEW (Davies, activity=DEW)",0.0015755098990965,0.0
DEW,isobar,0.0125643,144.04040404040404,0.0016004576258485,"PerplexDEW (Davies, activity=DEW)",0.0016004576258485,0.0
DEW,isobar,0.0125643,145.05050505050505,0.0016257296034456,"PerplexDEW (Davies, activity=DEW)",0.0016257296034456,0.0
DEW,isobar,0.0125643,146.06060606060606,0.0016513292936942,"PerplexDEW (Davies, activity=DEW)",0.0016513292936942,0.0
DEW,isobar,0.0125643,147.07070707070707,0.0016772591653432,"PerplexDEW (Davies, activity=DEW)",0.0016772591653432,0.0
DEW,isobar,0.0125643,148.08080808080808,0.0017035225367826,"PerplexDEW (Davies, activity=DEW)",0.0017035225367826,0.0
DEW,isobar,0.0125643,149.0909090909091,0.0017301222197406,"PerplexDEW (Davies, activity=DEW)",0.0017301222197406,0.0
DEW,isobar,0.0125643,150.1010101010101,0.0017570613847942,"PerplexDEW (Davies, activity=DEW)",0.0017570613847942,0.0
DEW,isobar,0.0125643,151.11111111111111,0.001784342661637,"PerplexDEW (Davies, activity=DEW)",0.001784342661637,0.0
DEW,isobar,0.0125643,152.12121212121212,0.0018119692276665,"PerplexDEW (Davies, activity=DEW)",0.0018119692276665,0.0
DEW,isobar,0.0125643,153.13131313131314,0.0018399440849507,"PerplexDEW (Davies, activity=DEW)",0.0018399440849507,0.0
DEW,isobar,0.0125643,154.14141414141417,0.0018682702395932,"PerplexDEW (Davies, activity=DEW)",0.0018682702395932,0.0
DEW,isobar,0.0125643,155.15151515151516,0.0018969505000603,"PerplexDEW (Davies, activity=DEW)",0.0018969505000603,0.0
DEW,isobar,0.0125643,156.16161616161617,0.0019259880728321,"PerplexDEW (Davies, activity=DEW)",0.0019259880728321,0.0
DEW,isobar,0.0125643,157.17171717171718,0.0019553857643463,"PerplexDEW (Davies, activity=DEW)",0.0019553857643463,0.0
DEW,isobar,0.0125643,158.1818181818182,0.0019851465803413,"PerplexDEW (Davies, activity=DEW)",0.0019851465803413,0.0
DEW,isobar,0.0125643,159.1919191919192,0.0020152737445545,"PerplexDEW (Davies, activity=DEW)",0.0020152737445545,0.0
DEW,isobar,0.0125643,160.2020202020202,0.0020457696146733,"PerplexDEW (Davies, activity=DEW)",0.0020457696146733,0.0
DEW,isobar,0.0125643,161.21212121212122,0.0020766378488906,"PerplexDEW (Davies, activity=DEW)",0.0020766378488906,0.0
DEW,isobar,0.0125643,162.22222222222223,0.0021078814672894,"PerplexDEW (Davies, activity=DEW)",0.0021078814672894,0.0
DEW,isobar,0.0125643,163.23232323232324,0.0021395025566367,"PerplexDEW (Davies, activity=DEW)",0.0021395025566367,0.0
DEW,isobar,0.0125643,164.24242424242425,0.0021715047966339,"PerplexDEW (Davies, activity=DEW)",0.0021715047966339,0.0
DEW,isobar,0.0125643,165.25252525252526,0.002203890948648,"PerplexDEW (Davies, activity=DEW)",0.002203890948648,0.0
DEW,isobar,0.0125643,166.26262626262627,0.0022366640001046,"PerplexDEW (Davies, activity=DEW)",0.0022366640001046,0.0
DEW,isobar,0.0125643,167.27272727272728,0.0022698269348939,"PerplexDEW (Davies, activity=DEW)",0.0022698269348939,0.0
DEW,isobar,0.0125643,168.2828282828283,0.0023033822219404,"PerplexDEW (Davies, activity=DEW)",0.0023033822219404,0.0
DEW,isobar,0.0125643,169.2929292929293,0.0023373333284391,"PerplexDEW (Davies, activity=DEW)",0.0023373333284391,0.0
DEW,isobar,0.0125643,170.3030303030303,0.0023716829587419,"PerplexDEW (Davies, activity=DEW)",0.0023716829587419,0.0
DEW,isobar,0.0125643,171.31313131313132,0.0024064337919487,"PerplexDEW (Davies, activity=DEW)",0.0024064337919487,0.0
DEW,isobar,0.0125643,172.32323232323233,0.0024415893038904,"PerplexDEW (Davies, activity=DEW)",0.0024415893038904,0.0
DEW,isobar,0.0125643,173.33333333333334,0.0024771513252041,"PerplexDEW (Davies, activity=DEW)",0.0024771513252041,0.0
DEW,isobar,0.0125643,174.34343434343435,0.0025131238735708,"PerplexDEW (Davies, activity=DEW)",0.0025131238735708,0.0
DEW,isobar,0.0125643,175.35353535353536,0.0025495087212819,"PerplexDEW (Davies, activity=DEW)",0.0025495087212819,0.0
DEW,isobar,0.0125643,176.36363636363637,0.0025863093166183,"PerplexDEW (Davies, activity=DEW)",0.0025863093166183,0.0
DEW,isobar,0.0125643,177.37373737373738,0.0026235279377825,"PerplexDEW (Davies, activity=DEW)",0.0026235279377825,0.0
DEW,isobar,0.0125643,178.3838383838384,0.0026611680297335,"PerplexDEW (Davies, activity=DEW)",0.0026611680297335,0.0
DEW,isobar,0.0125643,179.3939393939394,0.0026992321347738,"PerplexDEW (Davies, activity=DEW)",0.0026992321347738,0.0
DEW,isobar,0.0125643,180.4040404040404,0.0027377227596298,"PerplexDEW (Davies, activity=DEW)",0.0027377227596298,0.0
DEW,isobar,0.0125643,181.41414141414143,0.0027766423738033,"PerplexDEW (Davies, activity=DEW)",0.0027766423738033,0.0
DEW,isobar,0.0125643,182.42424242424244,0.0028159940631764,"PerplexDEW (Davies, activity=DEW)",0.0028159940631764,0.0
DEW,isobar,0.0125643,183.43434343434345,0.0028557799189814,"PerplexDEW (Davies, activity=DEW)",0.0028557799189814,0.0
DEW,isobar,0.0125643,184.44444444444449,0.0028960033248429,"PerplexDEW (Davies, activity=DEW)",0.0028960033248429,0.0
DEW,isobar,0.0125643,185.45454545454547,0.0029366663112528,"PerplexDEW (Davies, activity=DEW)",0.0029366663112528,0.0
DEW,isobar,0.0125643,186.46464646464648,0.0029777718946272,"PerplexDEW (Davies, activity=DEW)",0.0029777718946272,0.0
DEW,isobar,0.0125643,187.4747474747475,0.0030193223794415,"PerplexDEW (Davies, activity=DEW)",0.0030193223794415,0.0
DEW,isobar,0.0125643,188.4848484848485,0.0030613192958347,"PerplexDEW (Davies, activity=DEW)",0.0030613192958347,0.0
DEW,isobar,0.0125643,189.49494949494948,0.0031037662946564,"PerplexDEW (Davies, activity=DEW)",0.0031037662946564,0.0
DEW,isobar,0.0125643,190.5050505050505,0.0031466659483459,"PerplexDEW (Davies, activity=DEW)",0.0031466659483459,0.0
DEW,isobar,0.0125643,191.5151515151515,0.0031900192719161,"PerplexDEW (Davies, activity=DEW)",0.0031900192719161,0.0
DEW,isobar,0.0125643,192.5252525252525,0.0032338294856341,"PerplexDEW (Davies, activity=DEW)",0.0032338294856341,0.0
DEW,isobar,0.0125643,193.53535353535352,0.0032780990410345,"PerplexDEW (Davies, activity=DEW)",0.0032780990410345,0.0
DEW,isobar,0.0125643,194.54545454545456,0.0033228303599357,"PerplexDEW (Davies, activity=DEW)",0.0033228303599357,0.0
DEW,isobar,0.0125643,195.55555555555557,0.0033680241929291,"PerplexDEW (Davies, activity=DEW)",0.0033680241929291,0.0
DEW,isobar,0.0125643,196.56565656565655,0.0034136836490524,"PerplexDEW (Davies, activity=DEW)",0.0034136836490524,0.0
DEW,isobar,0.0125643,197.5757575757576,0.0034598110104033,"PerplexDEW (Davies, activity=DEW)",0.0034598110104033,0.0
DEW,isobar,0.0125643,198.5858585858586,0.0035064085237004,"PerplexDEW (Davies, activity=DEW)",0.0035064085237004,0.0
DEW,isobar,0.0125643,199.5959595959596,0.0035534766435585,"PerplexDEW (Davies, activity=DEW)",0.0035534766435585,0.0
DEW,isobar,0.0125643,200.60606060606065,0.0036010183455791,"PerplexDEW (Davies, activity=DEW)",0.0036010183455791,0.0
DEW,isobar,0.0125643,201.6161616161616,0.0036490366244105,"PerplexDEW (Davies, activity=DEW)",0.0036490366244105,0.0
DEW,isobar,0.0125643,202.62626262626264,0.0036975308017641,"PerplexDEW (Davies, activity=DEW)",0.0036975308017641,0.0
DEW,isobar,0.0125643,203.63636363636363,0.003746503726123,"PerplexDEW (Davies, activity=DEW)",0.003746503726123,0.0
DEW,isobar,0.0125643,204.64646464646464,0.0037959573078798,"PerplexDEW (Davies, activity=DEW)",0.0037959573078798,0.0
DEW,isobar,0.0125643,205.65656565656565,0.0038458934107352,"PerplexDEW (Davies, activity=DEW)",0.0038458934107352,0.0
DEW,isobar,0.0125643,206.66666666666669,0.0038963128633196,"PerplexDEW (Davies, activity=DEW)",0.0038963128633196,0.0
DEW,isobar,0.0125643,207.67676767676767,0.0039472163787246,"PerplexDEW (Davies, activity=DEW)",0.0039472163787246,0.0
DEW,isobar,0.0125643,208.6868686868687,0.0039986076118345,"PerplexDEW (Davies, activity=DEW)",0.0039986076118345,0.0
DEW,isobar,0.0125643,209.6969696969697,0.0040504851116866,"PerplexDEW (Davies, activity=DEW)",0.0040504851116866,0.0
DEW,isobar,0.0125643,210.70707070707076,0.0041028513851491,"PerplexDEW (Davies, activity=DEW)",0.0041028513851491,0.0
DEW,isobar,0.0125643,211.7171717171717,0.0041557078774988,"PerplexDEW (Davies, activity=DEW)",0.0041557078774988,0.0
DEW,isobar,0.0125643,212.72727272727275,0.0042090548845266,"PerplexDEW (Davies, activity=DEW)",0.0042090548845266,0.0
DEW,isobar,0.0125643,213.73737373737373,0.0042628936768747,"PerplexDEW (Davies, activity=DEW)",0.0042628936768747,0.0
DEW,isobar,0.0125643,214.7474747474748,0.0043172243347506,"PerplexDEW (Davies, activity=DEW)",0.0043172243347506,0.0
DEW,isobar,0.0125643,215.75757575757572,0.0043720479432942,"PerplexDEW (Davies, activity=DEW)",0.0043720479432942,0.0
DEW,isobar,0.0125643,216.7676767676768,0.0044273643550321,"PerplexDEW (Davies, activity=DEW)",0.0044273643550321,0.0
DEW,isobar,0.0125643,217.77777777777777,0.004483175641153,"PerplexDEW (Davies, activity=DEW)",0.004483175641153,0.0
DEW,isobar,0.0125643,218.7878787878788,0.0045394814721028,"PerplexDEW (Davies, activity=DEW)",0.0045394814721028,0.0
DEW,isobar,0.0125643,219.7979797979798,0.0045962813657916,"PerplexDEW (Davies, activity=DEW)",0.0045962813657916,0.0
DEW,isobar,0.0125643,220.80808080808083,0.0046535759248481,"PerplexDEW (Davies, activity=DEW)",0.0046535759248481,0.0
DEW,isobar,0.0125643,221.8181818181818,0.0047113656711082,"PerplexDEW (Davies, activity=DEW)",0.0047113656711082,0.0
DEW,isobar,0.0125643,222.82828282828285,0.0047696497613307,"PerplexDEW (Davies, activity=DEW)",0.0047696497613307,0.0
DEW,isobar,0.0125643,223.83838383838383,0.0048284271846736,"PerplexDEW (Davies, activity=DEW)",0.0048284271846736,0.0
DEW,isobar,0.0125643,224.84848484848487,0.0048876994065909,"PerplexDEW (Davies, activity=DEW)",0.0048876994065909,0.0
DEW,isobar,0.0125643,225.85858585858583,0.004947463849136,"PerplexDEW (Davies, activity=DEW)",0.004947463849136,0.0
DEW,isobar,0.0125643,226.8686868686869,0.0050077204038148,"PerplexDEW (Davies, activity=DEW)",0.0050077204038148,0.0
DEW,isobar,0.0125643,227.87878787878788,0.0050684688646254,"PerplexDEW (Davies, activity=DEW)",0.0050684688646254,0.0
DEW,isobar,0.0125643,228.8888888888889,0.0051297061026542,"PerplexDEW (Davies, activity=DEW)",0.0051297061026542,0.0
DEW,isobar,0.0125643,229.8989898989899,0.005191433009413,"PerplexDEW (Davies, activity=DEW)",0.005191433009413,0.0
DEW,isobar,0.0125643,230.9090909090909,0.0052536490034278,"PerplexDEW (Davies, activity=DEW)",0.0052536490034278,0.0
DEW,isobar,0.0125643,231.91919191919192,0.005316348954162,"PerplexDEW (Davies, activity=DEW)",0.005316348954162,0.0
DEW,isobar,0.0125643,232.92929292929296,0.0053795333545153,"PerplexDEW (Davies, activity=DEW)",0.0053795333545153,0.0
DEW,isobar,0.0125643,233.93939393939397,0.0054432011471331,"PerplexDEW (Davies, activity=DEW)",0.0054432011471331,0.0
DEW,isobar,0.0125643,234.94949494949495,0.0055073480521939,"PerplexDEW (Davies, activity=DEW)",0.0055073480521939,0.0
DEW,isobar,0.0125643,235.959595959596,0.0055719710496115,"PerplexDEW (Davies, activity=DEW)",0.0055719710496115,0.0
DEW,isobar,0.0125643,236.96969696969697,0.0056370700959997,"PerplexDEW (Davies, activity=DEW)",0.0056370700959997,0.0
DEW,isobar,0.0125643,237.979797979798,0.0057026418639967,"PerplexDEW (Davies, activity=DEW)",0.0057026418639967,0.0
DEW,isobar,0.0125643,238.989898989899,0.0057686811398569,"PerplexDEW (Davies, activity=DEW)",0.0057686811398569,0.0
DEW,isobar,0.0125643,240.0,0.005835185722796,"PerplexDEW (Davies, activity=DEW)",0.005835185722796,0.0
DEW,isobar,0.0155,150.0,0.0017549752814195,"PerplexDEW (Davies, activity=DEW)",0.0017549752814195,0.0
DEW,isobar,0.0155,151.010101010101,0.0017822337424274,"PerplexDEW (Davies, activity=DEW)",0.0017822337424274,0.0
DEW,isobar,0.0155,152.02020202020202,0.0018098374089642,"PerplexDEW (Davies, activity=DEW)",0.0018098374089642,0.0
DEW,isobar,0.0155,153.03030303030303,0.0018377892863466,"PerplexDEW (Davies, activity=DEW)",0.0018377892863466,0.0
DEW,isobar,0.0155,154.04040404040404,0.0018660923840276,"PerplexDEW (Davies, activity=DEW)",0.0018660923840276,0.0
DEW,isobar,0.0155,155.05050505050505,0.0018947497151461,"PerplexDEW (Davies, activity=DEW)",0.0018947497151461,0.0
DEW,isobar,0.0155,156.06060606060606,0.0019237640914678,"PerplexDEW (Davies, activity=DEW)",0.0019237640914678,0.0
DEW,isobar,0.0155,157.07070707070707,0.0019531387290483,"PerplexDEW (Davies, activity=DEW)",0.0019531387290483,0.0
DEW,isobar,0.0155,158.08080808080808,0.0019828764367697,"PerplexDEW (Davies, activity=DEW)",0.0019828764367697,0.0
DEW,isobar,0.0155,159.0909090909091,0.0020129802257463,"PerplexDEW (Davies, activity=DEW)",0.0020129802257463,0.0
DEW,isobar,0.0155,160.1010101010101,0.0020434533282966,"PerplexDEW (Davies, activity=DEW)",0.0020434533282966,0.0
DEW,isobar,0.0155,161.11111111111111,0.002074298095877,"PerplexDEW (Davies, activity=DEW)",0.002074298095877,0.0
DEW,isobar,0.0155,162.12121212121212,0.0021055182016416,"PerplexDEW (Davies, activity=DEW)",0.0021055182016416,0.0
DEW,isobar,0.0155,163.13131313131314,0.0021371162040362,"PerplexDEW (Davies, activity=DEW)",0.0021371162040362,0.0
DEW,isobar,0.0155,164.14141414141417,0.0021690955745961,"PerplexDEW (Davies, activity=DEW)",0.0021690955745961,0.0
DEW,isobar,0.0155,165.15151515151516,0.0022014583689676,"PerplexDEW (Davies, activity=DEW)",0.0022014583689676,0.0
DEW,isobar,0.0155,166.16161616161617,0.0022342085367675,"PerplexDEW (Davies, activity=DEW)",0.0022342085367675,0.0
DEW,isobar,0.0155,167.17171717171718,0.0022673480925582,"PerplexDEW (Davies, activity=DEW)",0.0022673480925582,0.0
DEW,isobar,0.0155,168.1818181818182,0.0023008805041319,"PerplexDEW (Davies, activity=DEW)",0.0023008805041319,0.0
DEW,isobar,0.0155,169.1919191919192,0.0023348087518054,"PerplexDEW (Davies, activity=DEW)",0.0023348087518054,0.0
DEW,isobar,0.0155,170.2020202020202,0.0023691352820677,"PerplexDEW (Davies, activity=DEW)",0.0023691352820677,0.0
DEW,isobar,0.0155,171.21212121212122,0.0024038635734591,"PerplexDEW (Davies, activity=DEW)",0.0024038635734591,0.0
DEW,isobar,0.0155,172.22222222222223,0.002438996040226,"PerplexDEW (Davies, activity=DEW)",0.002438996040226,0.0
DEW,isobar,0.0155,173.23232323232324,0.0024745356075944,"PerplexDEW (Davies, activity=DEW)",0.0024745356075944,0.0
DEW,isobar,0.0155,174.24242424242425,0.0025104851919432,"PerplexDEW (Davies, activity=DEW)",0.0025104851919432,0.0
DEW,isobar,0.0155,175.25252525252526,0.0025468479891044,"PerplexDEW (Davies, activity=DEW)",0.0025468479891044,0.0
DEW,isobar,0.0155,176.26262626262627,0.0025836263227707,"PerplexDEW (Davies, activity=DEW)",0.0025836263227707,0.0
DEW,isobar,0.0155,177.27272727272728,0.0026208230629116,"PerplexDEW (Davies, activity=DEW)",0.0026208230629116,0.0
DEW,isobar,0.0155,178.2828282828283,0.0026584410672372,"PerplexDEW (Davies, activity=DEW)",0.0026584410672372,0.0
DEW,isobar,0.0155,179.2929292929293,0.0026964834906561,"PerplexDEW (Davies, activity=DEW)",0.0026964834906561,0.0
DEW,isobar,0.0155,180.3030303030303,0.0027349519175869,"PerplexDEW (Davies, activity=DEW)",0.0027349519175869,0.0
DEW,isobar,0.0155,181.3131313131313,0.0027738503995063,"PerplexDEW (Davies, activity=DEW)",0.0027738503995063,0.0
DEW,isobar,0.0155,182.32323232323236,0.0028131810996961,"PerplexDEW (Davies, activity=DEW)",0.0028131810996961,0.0
DEW,isobar,0.0155,183.33333333333331,0.0028529461195119,"PerplexDEW (Davies, activity=DEW)",0.0028529461195119,0.0
DEW,isobar,0.0155,184.34343434343435,0.0028931488504192,"PerplexDEW (Davies, activity=DEW)",0.0028931488504192,0.0
DEW,isobar,0.0155,185.35353535353536,0.0029337913334548,"PerplexDEW (Davies, activity=DEW)",0.0029337913334548,0.0
DEW,isobar,0.0155,186.3636363636364,0.0029748762432238,"PerplexDEW (Davies, activity=DEW)",0.0029748762432238,0.0
DEW,isobar,0.0155,187.37373737373736,0.0030164062329268,"PerplexDEW (Davies, activity=DEW)",0.0030164062329268,0.0
DEW,isobar,0.0155,188.3838383838384,0.0030583839334249,"PerplexDEW (Davies, activity=DEW)",0.0030583839334249,0.0
DEW,isobar,0.0155,189.3939393939394,0.0031008119522939,"PerplexDEW (Davies, activity=DEW)",0.0031008119522939,0.0
DEW,isobar,0.0155,190.4040404040404,0.0031436921213304,"PerplexDEW (Davies, activity=DEW)",0.0031436921213304,0.0
DEW,isobar,0.0155,191.41414141414143,0.0031870269595268,"PerplexDEW (Davies, activity=DEW)",0.0031870269595268,0.0
DEW,isobar,0.0155,192.42424242424244,0.0032308189584713,"PerplexDEW (Davies, activity=DEW)",0.0032308189584713,0.0
DEW,isobar,0.0155,193.43434343434345,0.0032750705813131,"PerplexDEW (Davies, activity=DEW)",0.0032750705813131,0.0
DEW,isobar,0.0155,194.44444444444449,0.0033197842617147,"PerplexDEW (Davies, activity=DEW)",0.0033197842617147,0.0
DEW,isobar,0.0155,195.45454545454547,0.003364960765385,"PerplexDEW (Davies, activity=DEW)",0.003364960765385,0.0
DEW,isobar,0.0155,196.46464646464648,0.0034106040450164,"PerplexDEW (Davies, activity=DEW)",0.0034106040450164,0.0
DEW,isobar,0.0155,197.4747474747475,0.0034567155910924,"PerplexDEW (Davies, activity=DEW)",0.0034567155910924,0.0
DEW,isobar,0.0155,198.4848484848485,0.0035032968023539,"PerplexDEW (Davies, activity=DEW)",0.0035032968023539,0.0
DEW,isobar,0.0155,199.49494949494948,0.0035503498586771,"PerplexDEW (Davies, activity=DEW)",0.0035503498586771,0.0
DEW,isobar,0.0155,200.5050505050505,0.0035978777922391,"PerplexDEW (Davies, activity=DEW)",0.0035978777922391,0.0
DEW,isobar,0.0155,201.5151515151515,0.0036458809371638,"PerplexDEW (Davies, activity=DEW)",0.0036458809371638,0.0
DEW,isobar,0.0155,202.5252525252525,0.0036943622295351,"PerplexDEW (Davies, activity=DEW)",0.0036943622295351,0.0
DEW,isobar,0.0155,203.53535353535352,0.0037433227496956,"PerplexDEW (Davies, activity=DEW)",0.0037433227496956,0.0
DEW,isobar,0.0155,204.54545454545456,0.0037927644239613,"PerplexDEW (Davies, activity=DEW)",0.0037927644239613,0.0
DEW,isobar,0.0155,205.55555555555557,0.0038426881632807,"PerplexDEW (Davies, activity=DEW)",0.0038426881632807,0.0
DEW,isobar,0.0155,206.56565656565655,0.0038930967362477,"PerplexDEW (Davies, activity=DEW)",0.0038930967362477,0.0
DEW,isobar,0.0155,207.5757575757576,0.0039439909234958,"PerplexDEW (Davies, activity=DEW)",0.0039439909234958,0.0
DEW,isobar,0.0155,208.5858585858586,0.0039953724066916,"PerplexDEW (Davies, activity=DEW)",0.0039953724066916,0.0
DEW,isobar,0.0155,209.5959595959596,0.0040472417786959,"PerplexDEW (Davies, activity=DEW)",0.0040472417786959,0.0
DEW,isobar,0.0155,210.60606060606065,0.0040996005614044,"PerplexDEW (Davies, activity=DEW)",0.0040996005614044,0.0
DEW,isobar,0.0155,211.6161616161616,0.0041524502190323,"PerplexDEW (Davies, activity=DEW)",0.0041524502190323,0.0
DEW,isobar,0.0155,212.62626262626264,0.0042057910686206,"PerplexDEW (Davies, activity=DEW)",0.0042057910686206,0.0
DEW,isobar,0.0155,213.63636363636363,0.0042596244004971,"PerplexDEW (Davies, activity=DEW)",0.0042596244004971,0.0
DEW,isobar,0.0155,214.64646464646464,0.0043139514412104,"PerplexDEW (Davies, activity=DEW)",0.0043139514412104,0.0
DEW,isobar,0.0155,215.65656565656565,0.0043687722091407,"PerplexDEW (Davies, activity=DEW)",0.0043687722091407,0.0
DEW,isobar,0.0155,216.66666666666669,0.0044240877421207,"PerplexDEW (Davies, activity=DEW)",0.0044240877421207,0.0
DEW,isobar,0.0155,217.67676767676767,0.0044798978271154,"PerplexDEW (Davies, activity=DEW)",0.0044798978271154,0.0
DEW,isobar,0.0155,218.6868686868687,0.0045362045018783,"PerplexDEW (Davies, activity=DEW)",0.0045362045018783,0.0
DEW,isobar,0.0155,219.6969696969697,0.004593006148541,"PerplexDEW (Davies, activity=DEW)",0.004593006148541,0.0
DEW,isobar,0.0155,220.70707070707076,0.0046503033938313,"PerplexDEW (Davies, activity=DEW)",0.0046503033938313,0.0
DEW,isobar,0.0155,221.7171717171717,0.0047080967840766,"PerplexDEW (Davies, activity=DEW)",0.0047080967840766,0.0
DEW,isobar,0.0155,222.72727272727275,0.0047663867833916,"PerplexDEW (Davies, activity=DEW)",0.0047663867833916,0.0
DEW,isobar,0.0155,223.73737373737373,0.0048251711700153,"PerplexDEW (Davies, activity=DEW)",0.0048251711700153,0.0
DEW,isobar,0.0155,224.7474747474748,0.004884450111835,"PerplexDEW (Davies, activity=DEW)",0.004884450111835,0.0
DEW,isobar,0.0155,225.75757575757572,0.0049442250287181,"PerplexDEW (Davies, activity=DEW)",0.0049442250287181,0.0
DEW,isobar,0.0155,226.7676767676768,0.0050044932389674,"PerplexDEW (Davies, activity=DEW)",0.0050044932389674,0.0
DEW,isobar,0.0155,227.77777777777777,0.0050652531787561,"PerplexDEW (Davies, activity=DEW)",0.0050652531787561,0.0
DEW,isobar,0.0155,228.7878787878788,0.0051265059144499,"PerplexDEW (Davies, activity=DEW)",0.0051265059144499,0.0
DEW,isobar,0.0155,229.7979797979798,0.0051882496362212,"PerplexDEW (Davies, activity=DEW)",0.0051882496362212,0.0
DEW,isobar,0.0155,230.80808080808083,0.0052504837940847,"PerplexDEW (Davies, activity=DEW)",0.0052504837940847,0.0
DEW,isobar,0.0155,231.8181818181818,0.0053132032974015,"PerplexDEW (Davies, activity=DEW)",0.0053132032974015,0.0
DEW,isobar,0.0155,232.82828282828285,0.005376410170516,"PerplexDEW (Davies, activity=DEW)",0.005376410170516,0.0
DEW,isobar,0.0155,233.83838383838383,0.0054401004104346,"PerplexDEW (Davies, activity=DEW)",0.0054401004104346,0.0
DEW,isobar,0.0155,234.84848484848487,0.0055042728036882,"PerplexDEW (Davies, activity=DEW)",0.0055042728036882,0.0
DEW,isobar,0.0155,235.85858585858583,0.0055689260148038,"PerplexDEW (Davies, activity=DEW)",0.0055689260148038,0.0
DEW,isobar,0.0155,236.8686868686869,0.0056340553865337,"PerplexDEW (Davies, activity=DEW)",0.0056340553865337,0.0
DEW,isobar,0.0155,237.87878787878788,0.0056996591812258,"PerplexDEW (Davies, activity=DEW)",0.0056996591812258,0.0
DEW,isobar,0.0155,238.8888888888889,0.005765733878572,"PerplexDEW (Davies, activity=DEW)",0.005765733878572,0.0
DEW,isobar,0.0155,239.8989898989899,0.0058322757190448,"PerplexDEW (Davies, activity=DEW)",0.0058322757190448,0.0
DEW,isobar,0.0155,240.9090909090909,0.0058992823994456,"PerplexDEW (Davies, activity=DEW)",0.0058992823994456,0.0
DEW,isobar,0.0155,241.91919191919192,0.0059667514716064,"PerplexDEW (Davies, activity=DEW)",0.0059667514716064,0.0
DEW,isobar,0.0155,242.92929292929296,0.0060346750744184,"PerplexDEW (Davies, activity=DEW)",0.0060346750744184,0.0
DEW,isobar,0.0155,243.93939393939397,0.0061030502160452,"PerplexDEW (Davies, activity=DEW)",0.0061030502160452,0.0
DEW,isobar,0.0155,244.94949494949495,0.0061718755553216,"PerplexDEW (Davies, activity=DEW)",0.0061718755553216,0.0
DEW,isobar,0.0155,245.959595959596,0.0062411423482791,"PerplexDEW (Davies, activity=DEW)",0.0062411423482791,0.0
DEW,isobar,0.0155,246.96969696969697,0.0063108450801552,"PerplexDEW (Davies, activity=DEW)",0.0063108450801552,0.0
DEW,isobar,0.0155,247.979797979798,0.0063809817394392,"PerplexDEW (Davies, activity=DEW)",0.0063809817394392,0.0
DEW,isobar,0.0155,248.989898989899,0.0064515444797835,"PerplexDEW (Davies, activity=DEW)",0.0064515444797835,0.0
DEW,isobar,0.0155,250.0,0.0065225250397887,"PerplexDEW (Davies, activity=DEW)",0.0065225250397887,0.0
DEW,isobar,0.022798125,169.0,0.0023305278446744,"PerplexDEW (Davies, activity=DEW)",0.0023305278446744,0.0
DEW,isobar,0.022798125,170.010101010101,0.0023648208837813,"PerplexDEW (Davies, activity=DEW)",0.0023648208837813,0.0
DEW,isobar,0.022798125,171.02020202020202,0.0023995153888863,"PerplexDEW (Davies, activity=DEW)",0.0023995153888863,0.0
DEW,isobar,0.022798125,172.03030303030303,0.0024346148538193,"PerplexDEW (Davies, activity=DEW)",0.0024346148538193,0.0
DEW,isobar,0.022798125,173.04040404040404,0.0024701219704335,"PerplexDEW (Davies, activity=DEW)",0.0024701219704335,0.0
DEW,isobar,0.022798125,174.05050505050505,0.002506039402969,"PerplexDEW (Davies, activity=DEW)",0.002506039402969,0.0
DEW,isobar,0.022798125,175.06060606060606,0.0025423703624751,"PerplexDEW (Davies, activity=DEW)",0.0025423703624751,0.0
DEW,isobar,0.022798125,176.07070707070707,0.0025791174844964,"PerplexDEW (Davies, activity=DEW)",0.0025791174844964,0.0
DEW,isobar,0.022798125,177.08080808080808,0.0026162833734148,"PerplexDEW (Davies, activity=DEW)",0.0026162833734148,0.0
DEW,isobar,0.022798125,178.0909090909091,0.0026538712082612,"PerplexDEW (Davies, activity=DEW)",0.0026538712082612,0.0
DEW,isobar,0.022798125,179.1010101010101,0.0026918835588535,"PerplexDEW (Davies, activity=DEW)",0.0026918835588535,0.0
DEW,isobar,0.022798125,180.11111111111111,0.0027303235892637,"PerplexDEW (Davies, activity=DEW)",0.0027303235892637,0.0
DEW,isobar,0.022798125,181.12121212121207,0.0027691928708106,"PerplexDEW (Davies, activity=DEW)",0.0027691928708106,0.0
DEW,isobar,0.022798125,182.13131313131316,0.0028084954762863,"PerplexDEW (Davies, activity=DEW)",0.0028084954762863,0.0
DEW,isobar,0.022798125,183.14141414141412,0.0028482335635821,"PerplexDEW (Davies, activity=DEW)",0.0028482335635821,0.0
DEW,isobar,0.022798125,184.1515151515152,0.0028884099025232,"PerplexDEW (Davies, activity=DEW)",0.0028884099025232,0.0
DEW,isobar,0.022798125,185.16161616161617,0.0029290265581194,"PerplexDEW (Davies, activity=DEW)",0.0029290265581194,0.0
DEW,isobar,0.022798125,186.1717171717172,0.0029700869257406,"PerplexDEW (Davies, activity=DEW)",0.0029700869257406,0.0
DEW,isobar,0.022798125,187.1818181818182,0.0030115930067256,"PerplexDEW (Davies, activity=DEW)",0.0030115930067256,0.0
DEW,isobar,0.022798125,188.1919191919192,0.0030535481787733,"PerplexDEW (Davies, activity=DEW)",0.0030535481787733,0.0
DEW,isobar,0.022798125,189.2020202020202,0.0030959536391467,"PerplexDEW (Davies, activity=DEW)",0.0030959536391467,0.0
DEW,isobar,0.022798125,190.2121212121212,0.0031388119577013,"PerplexDEW (Davies, activity=DEW)",0.0031388119577013,0.0
DEW,isobar,0.022798125,191.22222222222223,0.0031821272019581,"PerplexDEW (Davies, activity=DEW)",0.0031821272019581,0.0
DEW,isobar,0.022798125,192.23232323232324,0.0032258996431022,"PerplexDEW (Davies, activity=DEW)",0.0032258996431022,0.0
DEW,isobar,0.022798125,193.24242424242425,0.0032701333079441,"PerplexDEW (Davies, activity=DEW)",0.0032701333079441,0.0
DEW,isobar,0.022798125,194.2525252525253,0.0033148290939885,"PerplexDEW (Davies, activity=DEW)",0.0033148290939885,0.0
DEW,isobar,0.022798125,195.26262626262627,0.0033599910225597,"PerplexDEW (Davies, activity=DEW)",0.0033599910225597,0.0
DEW,isobar,0.022798125,196.27272727272728,0.0034056190458925,"PerplexDEW (Davies, activity=DEW)",0.0034056190458925,0.0
DEW,isobar,0.022798125,197.2828282828283,0.0034517171345249,"PerplexDEW (Davies, activity=DEW)",0.0034517171345249,0.0
DEW,isobar,0.022798125,198.2929292929293,0.0034982859050051,"PerplexDEW (Davies, activity=DEW)",0.0034982859050051,0.0
DEW,isobar,0.022798125,199.3030303030303,0.0035453293143804,"PerplexDEW (Davies, activity=DEW)",0.0035453293143804,0.0
DEW,isobar,0.022798125,200.3131313131313,0.0035928469609985,"PerplexDEW (Davies, activity=DEW)",0.0035928469609985,0.0
DEW,isobar,0.022798125,201.32323232323236,0.0036408427402419,"PerplexDEW (Davies, activity=DEW)",0.0036408427402419,0.0
DEW,isobar,0.022798125,202.33333333333331,0.0036893178732057,"PerplexDEW (Davies, activity=DEW)",0.0036893178732057,0.0
DEW,isobar,0.022798125,203.34343434343435,0.0037382734783735,"PerplexDEW (Davies, activity=DEW)",0.0037382734783735,0.0
DEW,isobar,0.022798125,204.35353535353536,0.0037877124671252,"PerplexDEW (Davies, activity=DEW)",0.0037877124671252,0.0
DEW,isobar,0.022798125,205.3636363636364,0.0038376358379948,"PerplexDEW (Davies, activity=DEW)",0.0038376358379948,0.0
DEW,isobar,0.022798125,206.37373737373736,0.003888044478939,"PerplexDEW (Davies, activity=DEW)",0.003888044478939,0.0
DEW,isobar,0.022798125,207.3838383838384,0.0039389421581698,"PerplexDEW (Davies, activity=DEW)",0.0039389421581698,0.0
DEW,isobar,0.022798125,208.3939393939394,0.0039903276518844,"PerplexDEW (Davies, activity=DEW)",0.0039903276518844,0.0
DEW,isobar,0.022798125,209.4040404040404,0.0040422036105151,"PerplexDEW (Davies, activity=DEW)",0.0040422036105151,0.0
DEW,isobar,0.022798125,210.41414141414143,0.0040945705997253,"PerplexDEW (Davies, activity=DEW)",0.0040945705997253,0.0
DEW,isobar,0.022798125,211.42424242424244,0.0041474311928109,"PerplexDEW (Davies, activity=DEW)",0.0041474311928109,0.0
DEW,isobar,0.022798125,212.43434343434345,0.0042007858071035,"PerplexDEW (Davies, activity=DEW)",0.0042007858071035,0.0
DEW,isobar,0.022798125,213.44444444444449,0.0042546336276325,"PerplexDEW (Davies, activity=DEW)",0.0042546336276325,0.0
DEW,isobar,0.022798125,214.45454545454547,0.0043089792337048,"PerplexDEW (Davies, activity=DEW)",0.0043089792337048,0.0
DEW,isobar,0.022798125,215.46464646464648,0.004363820527565,"PerplexDEW (Davies, activity=DEW)",0.004363820527565,0.0
DEW,isobar,0.022798125,216.4747474747475,0.0044191585960821,"PerplexDEW (Davies, activity=DEW)",0.0044191585960821,0.0
DEW,isobar,0.022798125,217.4848484848485,0.0044749944567151,"PerplexDEW (Davies, activity=DEW)",0.0044749944567151,0.0
DEW,isobar,0.022798125,218.49494949494948,0.0045313290558502,"PerplexDEW (Davies, activity=DEW)",0.0045313290558502,0.0
DEW,isobar,0.022798125,219.5050505050505,0.0045881620518096,"PerplexDEW (Davies, activity=DEW)",0.0045881620518096,0.0
DEW,isobar,0.022798125,220.5151515151515,0.004645494184286,"PerplexDEW (Davies, activity=DEW)",0.004645494184286,0.0
DEW,isobar,0.022798125,221.5252525252525,0.0047033261151013,"PerplexDEW (Davies, activity=DEW)",0.0047033261151013,0.0
DEW,isobar,0.022798125,222.53535353535352,0.0047616558751554,"PerplexDEW (Davies, activity=DEW)",0.0047616558751554,0.0
DEW,isobar,0.022798125,223.54545454545456,0.0048204838410947,"PerplexDEW (Davies, activity=DEW)",0.0048204838410947,0.0
DEW,isobar,0.022798125,224.55555555555557,0.0048798116201196,"PerplexDEW (Davies, activity=DEW)",0.0048798116201196,0.0
DEW,isobar,0.022798125,225.56565656565655,0.0049396368001469,"PerplexDEW (Davies, activity=DEW)",0.0049396368001469,0.0
DEW,isobar,0.022798125,226.5757575757576,0.0049999607881908,"PerplexDEW (Davies, activity=DEW)",0.0049999607881908,0.0
DEW,isobar,0.022798125,227.5858585858586,0.0050607794563728,"PerplexDEW (Davies, activity=DEW)",0.0050607794563728,0.0
DEW,isobar,0.022798125,228.5959595959596,0.0051220953371956,"PerplexDEW (Davies, activity=DEW)",0.0051220953371956,0.0
DEW,isobar,0.022798125,229.60606060606065,0.0051839067609946,"PerplexDEW (Davies, activity=DEW)",0.0051839067609946,0.0
DEW,isobar,0.022798125,230.6161616161616,0.0052462104170353,"PerplexDEW (Davies, activity=DEW)",0.0052462104170353,0.0
DEW,isobar,0.022798125,231.62626262626264,0.0053090071231588,"PerplexDEW (Davies, activity=DEW)",0.0053090071231588,0.0
DEW,isobar,0.022798125,232.63636363636363,0.0053722931925231,"PerplexDEW (Davies, activity=DEW)",0.0053722931925231,0.0
DEW,isobar,0.022798125,233.64646464646464,0.0054360691971227,"PerplexDEW (Davies, activity=DEW)",0.0054360691971227,0.0
DEW,isobar,0.022798125,234.65656565656565,0.0055003310569148,"PerplexDEW (Davies, activity=DEW)",0.0055003310569148,0.0
DEW,isobar,0.022798125,235.66666666666669,0.0055650790845812,"PerplexDEW (Davies, activity=DEW)",0.0055650790845812,0.0
DEW,isobar,0.022798125,236.67676767676767,0.0056303087892851,"PerplexDEW (Davies, activity=DEW)",0.0056303087892851,0.0
DEW,isobar,0.022798125,237.6868686868687,0.005696018592288,"PerplexDEW (Davies, activity=DEW)",0.005696018592288,0.0
DEW,isobar,0.022798125,238.6969696969697,0.0057622051411956,"PerplexDEW (Davies, activity=DEW)",0.0057622051411956,0.0
DEW,isobar,0.022798125,239.70707070707076,0.0058288648480213,"PerplexDEW (Davies, activity=DEW)",0.0058288648480213,0.0
DEW,isobar,0.022798125,240.7171717171717,0.0058959955788524,"PerplexDEW (Davies, activity=DEW)",0.0058959955788524,0.0
DEW,isobar,0.022798125,241.72727272727275,0.0059635933360488,"PerplexDEW (Davies, activity=DEW)",0.0059635933360488,0.0
DEW,isobar,0.022798125,242.73737373737373,0.0060316538703538,"PerplexDEW (Davies, activity=DEW)",0.0060316538703538,0.0
DEW,isobar,0.022798125,243.7474747474748,0.0061001744509167,"PerplexDEW (Davies, activity=DEW)",0.0061001744509167,0.0
DEW,isobar,0.022798125,244.75757575757572,0.0061691467816285,"PerplexDEW (Davies, activity=DEW)",0.0061691467816285,0.0
DEW,isobar,0.022798125,245.7676767676768,0.0062385730651364,"PerplexDEW (Davies, activity=DEW)",0.0062385730651364,0.0
DEW,isobar,0.022798125,246.77777777777777,0.0063084426572478,"PerplexDEW (Davies, activity=DEW)",0.0063084426572478,0.0
DEW,isobar,0.022798125,247.7878787878788,0.0063787518477437,"PerplexDEW (Davies, activity=DEW)",0.0063787518477437,0.0
DEW,isobar,0.022798125,248.7979797979798,0.0064494929165211,"PerplexDEW (Davies, activity=DEW)",0.0064494929165211,0.0
DEW,isobar,0.022798125,249.80808080808083,0.0065206655206903,"PerplexDEW (Davies, activity=DEW)",0.0065206655206903,0.0
DEW,isobar,0.022798125,250.8181818181818,0.0065922575076615,"PerplexDEW (Davies, activity=DEW)",0.0065922575076615,0.0
DEW,isobar,0.022798125,251.82828282828285,0.0066642681036479,"PerplexDEW (Davies, activity=DEW)",0.0066642681036479,0.0
DEW,isobar,0.022798125,252.83838383838383,0.0067366843547568,"PerplexDEW (Davies, activity=DEW)",0.0067366843547568,0.0
DEW,isobar,0.022798125,260.9191919191919,0.0073297274140061,"PerplexDEW (Davies, activity=DEW)",0.0073297274140061,0.0
DEW,isobar,0.022798125,261.92929292929296,0.0074054312090379,"PerplexDEW (Davies, activity=DEW)",0.0074054312090379,0.0
DEW,isobar,0.022798125,262.93939393939394,0.0074814460505432,"PerplexDEW (Davies, activity=DEW)",0.0074814460505432,0.0
DEW,isobar,0.022798125,263.949494949495,0.0075577630314266,"PerplexDEW (Davies, activity=DEW)",0.0075577630314266,0.0
DEW,isobar,0.022798125,264.959595959596,0.007634368092604,"PerplexDEW (Davies, activity=DEW)",0.007634368092604,0.0
DEW,isobar,0.022798125,265.969696969697,0.0077112466081477,"PerplexDEW (Davies, activity=DEW)",0.0077112466081477,0.0
DEW,isobar,0.022798125,266.979797979798,0.00778838337224,"PerplexDEW (Davies, activity=DEW)",0.00778838337224,0.0
DEW,isobar,0.022798125,267.98989898989896,0.0078657625859615,"PerplexDEW (Davies, activity=DEW)",0.0078657625859615,0.0
DEW,isobar,0.022798125,269.0,0.0079433781957997,"PerplexDEW (Davies, activity=DEW)",0.0079433781957997,0.0
DEW,isobar,0.025,172.0,0.002434255840619,"PerplexDEW (Davies, activity=DEW)",0.002434255840619,0.0
DEW,isobar,0.025,173.010101010101,0.0024697642945796,"PerplexDEW (Davies, activity=DEW)",0.0024697642945796,0.0
DEW,isobar,0.025,174.02020202020202,0.0025056829512034,"PerplexDEW (Davies, activity=DEW)",0.0025056829512034,0.0
DEW,isobar,0.025,175.03030303030303,0.0025420155862913,"PerplexDEW (Davies, activity=DEW)",0.0025420155862913,0.0
DEW,isobar,0.025,176.04040404040404,0.0025787645626042,"PerplexDEW (Davies, activity=DEW)",0.0025787645626042,0.0
DEW,isobar,0.025,177.05050505050505,0.0026159327876916,"PerplexDEW (Davies, activity=DEW)",0.0026159327876916,0.0
DEW,isobar,0.025,178.06060606060606,0.002653522550793,"PerplexDEW (Davies, activity=DEW)",0.002653522550793,0.0
DEW,isobar,0.025,179.07070707070707,0.0026915379392137,"PerplexDEW (Davies, activity=DEW)",0.0026915379392137,0.0
DEW,isobar,0.025,180.08080808080808,0.0027299805991275,"PerplexDEW (Davies, activity=DEW)",0.0027299805991275,0.0
DEW,isobar,0.025,181.0909090909091,0.0027688533547399,"PerplexDEW (Davies, activity=DEW)",0.0027688533547399,0.0
DEW,isobar,0.025,182.1010101010101,0.0028081590147903,"PerplexDEW (Davies, activity=DEW)",0.0028081590147903,0.0
DEW,isobar,0.025,183.11111111111111,0.0028479010344723,"PerplexDEW (Davies, activity=DEW)",0.0028479010344723,0.0
DEW,isobar,0.025,184.12121212121207,0.0028880808752498,"PerplexDEW (Davies, activity=DEW)",0.0028880808752498,0.0
DEW,isobar,0.025,185.13131313131316,0.0029287019456681,"PerplexDEW (Davies, activity=DEW)",0.0029287019456681,0.0
DEW,isobar,0.025,186.14141414141412,0.0029697669841362,"PerplexDEW (Davies, activity=DEW)",0.0029697669841362,0.0
DEW,isobar,0.025,187.1515151515152,0.0030112779987514,"PerplexDEW (Davies, activity=DEW)",0.0030112779987514,0.0
DEW,isobar,0.025,188.16161616161617,0.0030532376502571,"PerplexDEW (Davies, activity=DEW)",0.0030532376502571,0.0
DEW,isobar,0.025,189.1717171717172,0.0030956485766704,"PerplexDEW (Davies, activity=DEW)",0.0030956485766704,0.0
DEW,isobar,0.025,190.1818181818182,0.0031385133923283,"PerplexDEW (Davies, activity=DEW)",0.0031385133923283,0.0
DEW,isobar,0.025,191.1919191919192,0.0031818343062561,"PerplexDEW (Davies, activity=DEW)",0.0031818343062561,0.0
DEW,isobar,0.025,192.2020202020202,0.0032256134754832,"PerplexDEW (Davies, activity=DEW)",0.0032256134754832,0.0
DEW,isobar,0.025,193.2121212121212,0.0032698537909194,"PerplexDEW (Davies, activity=DEW)",0.0032698537909194,0.0
DEW,isobar,0.025,194.22222222222223,0.0033145573403095,"PerplexDEW (Davies, activity=DEW)",0.0033145573403095,0.0
DEW,isobar,0.025,195.23232323232324,0.0033597265621334,"PerplexDEW (Davies, activity=DEW)",0.0033597265621334,0.0
DEW,isobar,0.025,196.24242424242425,0.0034053630346469,"PerplexDEW (Davies, activity=DEW)",0.0034053630346469,0.0
DEW,isobar,0.025,197.2525252525253,0.0034514699340755,"PerplexDEW (Davies, activity=DEW)",0.0034514699340755,0.0
DEW,isobar,0.025,198.26262626262627,0.0034980478863131,"PerplexDEW (Davies, activity=DEW)",0.0034980478863131,0.0
DEW,isobar,0.025,199.27272727272728,0.0035451008557793,"PerplexDEW (Davies, activity=DEW)",0.0035451008557793,0.0
DEW,isobar,0.025,200.2828282828283,0.0035926284510318,"PerplexDEW (Davies, activity=DEW)",0.0035926284510318,0.0
DEW,isobar,0.025,201.2929292929293,0.0036406345750918,"PerplexDEW (Davies, activity=DEW)",0.0036406345750918,0.0
DEW,isobar,0.025,202.3030303030303,0.0036891213761422,"PerplexDEW (Davies, activity=DEW)",0.0036891213761422,0.0
DEW,isobar,0.025,203.3131313131313,0.0037380881624601,"PerplexDEW (Davies, activity=DEW)",0.0037380881624601,0.0
DEW,isobar,0.025,204.32323232323236,0.0037875397053231,"PerplexDEW (Davies, activity=DEW)",0.0037875397053231,0.0
DEW,isobar,0.025,205.33333333333331,0.0038374751313168,"PerplexDEW (Davies, activity=DEW)",0.0038374751313168,0.0
DEW,isobar,0.025,206.34343434343435,0.0038878972527833,"PerplexDEW (Davies, activity=DEW)",0.0038878972527833,0.0
DEW,isobar,0.025,207.35353535353536,0.0039388079005983,"PerplexDEW (Davies, activity=DEW)",0.0039388079005983,0.0
DEW,isobar,0.025,208.3636363636364,0.0039902078417556,"PerplexDEW (Davies, activity=DEW)",0.0039902078417556,0.0
DEW,isobar,0.025,209.37373737373736,0.0040420997868444,"PerplexDEW (Davies, activity=DEW)",0.0040420997868444,0.0
DEW,isobar,0.025,210.3838383838384,0.0040944822678924,"PerplexDEW (Davies, activity=DEW)",0.0040944822678924,0.0
DEW,isobar,0.025,211.3939393939394,0.0041473599486121,"PerplexDEW (Davies, activity=DEW)",0.0041473599486121,0.0
DEW,isobar,0.025,212.4040404040404,0.0042007300609045,"PerplexDEW (Davies, activity=DEW)",0.0042007300609045,0.0
DEW,isobar,0.025,213.41414141414143,0.0042545972026821,"PerplexDEW (Davies, activity=DEW)",0.0042545972026821,0.0
DEW,isobar,0.025,214.42424242424244,0.0043089605278709,"PerplexDEW (Davies, activity=DEW)",0.0043089605278709,0.0
DEW,isobar,0.025,215.43434343434345,0.0043638212575251,"PerplexDEW (Davies, activity=DEW)",0.0043638212575251,0.0
DEW,isobar,0.025,216.44444444444449,0.00441918054669,"PerplexDEW (Davies, activity=DEW)",0.00441918054669,0.0
DEW,isobar,0.025,217.45454545454547,0.0044750371312938,"PerplexDEW (Davies, activity=DEW)",0.0044750371312938,0.0
DEW,isobar,0.025,218.46464646464648,0.004531393108953,"PerplexDEW (Davies, activity=DEW)",0.004531393108953,0.0
DEW,isobar,0.025,219.4747474747475,0.0045882493666873,"PerplexDEW (Davies, activity=DEW)",0.0045882493666873,0.0
DEW,isobar,0.025,220.4848484848485,0.0046456054828929,"PerplexDEW (Davies, activity=DEW)",0.0046456054828929,0.0
DEW,isobar,0.025,221.49494949494948,0.0047034608795978,"PerplexDEW (Davies, activity=DEW)",0.0047034608795978,0.0
DEW,isobar,0.025,222.5050505050505,0.0047618160927188,"PerplexDEW (Davies, activity=DEW)",0.0047618160927188,0.0
DEW,isobar,0.025,223.5151515151515,0.0048206715752234,"PerplexDEW (Davies, activity=DEW)",0.0048206715752234,0.0
DEW,isobar,0.025,224.5252525252525,0.0048800263788108,"PerplexDEW (Davies, activity=DEW)",0.0048800263788108,0.0
DEW,isobar,0.025,225.53535353535352,0.0049398807212278,"PerplexDEW (Davies, activity=DEW)",0.0049398807212278,0.0
DEW,isobar,0.025,226.54545454545456,0.0050002333705993,"PerplexDEW (Davies, activity=DEW)",0.0050002333705993,0.0
DEW,isobar,0.025,227.55555555555557,0.0050610842964942,"PerplexDEW (Davies, activity=DEW)",0.0050610842964942,0.0
DEW,isobar,0.025,228.56565656565655,0.0051224305657842,"PerplexDEW (Davies, activity=DEW)",0.0051224305657842,0.0
DEW,isobar,0.025,229.5757575757576,0.0051842746706509,"PerplexDEW (Davies, activity=DEW)",0.0051842746706509,0.0
DEW,isobar,0.025,230.5858585858586,0.0052466133873871,"PerplexDEW (Davies, activity=DEW)",0.0052466133873871,0.0
DEW,isobar,0.025,231.5959595959596,0.0053094461486443,"PerplexDEW (Davies, activity=DEW)",0.0053094461486443,0.0
DEW,isobar,0.025,232.60606060606065,0.0053727692887337,"PerplexDEW (Davies, activity=DEW)",0.0053727692887337,0.0
DEW,isobar,0.025,233.6161616161616,0.0054365833983275,"PerplexDEW (Davies, activity=DEW)",0.0054365833983275,0.0
DEW,isobar,0.025,234.62626262626264,0.0055008859621326,"PerplexDEW (Davies, activity=DEW)",0.0055008859621326,0.0
DEW,isobar,0.025,235.63636363636363,0.0055656742505543,"PerplexDEW (Davies, activity=DEW)",0.0055656742505543,0.0
DEW,isobar,0.025,236.64646464646464,0.0056309469062008,"PerplexDEW (Davies, activity=DEW)",0.0056309469062008,0.0
DEW,isobar,0.025,237.65656565656565,0.0056967008291994,"PerplexDEW (Davies, activity=DEW)",0.0056967008291994,0.0
DEW,isobar,0.025,238.66666666666669,0.0057629326903048,"PerplexDEW (Davies, activity=DEW)",0.0057629326903048,0.0
DEW,isobar,0.025,239.67676767676767,0.0058296405934651,"PerplexDEW (Davies, activity=DEW)",0.0058296405934651,0.0
DEW,isobar,0.025,240.6868686868687,0.0058968208114052,"PerplexDEW (Davies, activity=DEW)",0.0058968208114052,0.0
DEW,isobar,0.025,241.6969696969697,0.0059644693717295,"PerplexDEW (Davies, activity=DEW)",0.0059644693717295,0.0
DEW,isobar,0.025,242.70707070707076,0.0060325820508086,"PerplexDEW (Davies, activity=DEW)",0.0060325820508086,0.0
DEW,isobar,0.025,243.7171717171717,0.0061011561426824,"PerplexDEW (Davies, activity=DEW)",0.0061011561426824,0.0
DEW,isobar,0.025,244.72727272727275,0.0061701887879581,"PerplexDEW (Davies, activity=DEW)",0.0061701887879581,0.0
DEW,isobar,0.025,245.73737373737373,0.0062396714791629,"PerplexDEW (Davies, activity=DEW)",0.0062396714791629,0.0
DEW,isobar,0.025,246.7474747474748,0.0063096026459733,"PerplexDEW (Davies, activity=DEW)",0.0063096026459733,0.0
DEW,isobar,0.025,247.75757575757572,0.0063799731137355,"PerplexDEW (Davies, activity=DEW)",0.0063799731137355,0.0
DEW,isobar,0.025,248.7676767676768,0.0064507827736681,"PerplexDEW (Davies, activity=DEW)",0.0064507827736681,0.0
DEW,isobar,0.025,249.77777777777777,0.006522021842714,"PerplexDEW (Davies, activity=DEW)",0.006522021842714,0.0
DEW,isobar,0.025,250.7878787878788,0.0065936839545602,"PerplexDEW (Davies, activity=DEW)",0.0065936839545602,0.0
DEW,isobar,0.025,251.7979797979798,0.00666576644759,"PerplexDEW (Davies, activity=DEW)",0.00666576644759,0.0
DEW,isobar,0.025,252.80808080808083,0.0067382564048249,"PerplexDEW (Davies, activity=DEW)",0.0067382564048249,0.0
DEW,isobar,0.025,260.8888888888889,0.0073320088760054,"PerplexDEW (Davies, activity=DEW)",0.0073320088760054,0.0
DEW,isobar,0.025,261.8989898989899,0.0074078143078202,"PerplexDEW (Davies, activity=DEW)",0.0074078143078202,0.0
DEW,isobar,0.025,262.90909090909093,0.0074839379784921,"PerplexDEW (Davies, activity=DEW)",0.0074839379784921,0.0
DEW,isobar,0.025,263.9191919191919,0.0075603664308185,"PerplexDEW (Davies, activity=DEW)",0.0075603664308185,0.0
DEW,isobar,0.025,264.92929292929296,0.0076370856542713,"PerplexDEW (Davies, activity=DEW)",0.0076370856542713,0.0
DEW,isobar,0.025,265.93939393939394,0.0077140810721142,"PerplexDEW (Davies, activity=DEW)",0.0077140810721142,0.0
DEW,isobar,0.025,266.949494949495,0.00779134255104,"PerplexDEW (Davies, activity=DEW)",0.00779134255104,0.0
DEW,isobar,0.025,267.959595959596,0.0078688545660839,"PerplexDEW (Davies, activity=DEW)",0.0078688545660839,0.0
DEW,isobar,0.025,268.969696969697,0.0079466009921319,"PerplexDEW (Davies, activity=DEW)",0.0079466009921319,0.0
DEW,isobar,0.025,269.979797979798,0.0080245598414255,"PerplexDEW (Davies, activity=DEW)",0.0080245598414255,0.0
DEW,isobar,0.025,270.98989898989896,0.0081027188423643,"PerplexDEW (Davies, activity=DEW)",0.0081027188423643,0.0
DEW,isobar,0.025,272.0,0.0081810653899897,"PerplexDEW (Davies, activity=DEW)",0.0081810653899897,0.0
DEW,isobar,0.03343725,190.0,0.0031345478418247,"PerplexDEW (Davies, activity=DEW)",0.0031345478418247,0.0
DEW,isobar,0.03343725,191.010101010101,0.0031778621722131,"PerplexDEW (Davies, activity=DEW)",0.0031778621722131,0.0
DEW,isobar,0.03343725,192.020202020202,0.003221636508248,"PerplexDEW (Davies, activity=DEW)",0.003221636508248,0.0
DEW,isobar,0.03343725,193.03030303030303,0.0032658726307667,"PerplexDEW (Davies, activity=DEW)",0.0032658726307667,0.0
DEW,isobar,0.03343725,194.04040404040404,0.0033105738366297,"PerplexDEW (Davies, activity=DEW)",0.0033105738366297,0.0
DEW,isobar,0.03343725,195.05050505050505,0.0033557410110958,"PerplexDEW (Davies, activity=DEW)",0.0033557410110958,0.0
DEW,isobar,0.03343725,196.0606060606061,0.0034013782039769,"PerplexDEW (Davies, activity=DEW)",0.0034013782039769,0.0
DEW,isobar,0.03343725,197.07070707070707,0.0034474861835897,"PerplexDEW (Davies, activity=DEW)",0.0034474861835897,0.0
DEW,isobar,0.03343725,198.08080808080808,0.0034940681365119,"PerplexDEW (Davies, activity=DEW)",0.0034940681365119,0.0
DEW,isobar,0.03343725,199.0909090909091,0.0035411255337561,"PerplexDEW (Davies, activity=DEW)",0.0035411255337561,0.0
DEW,isobar,0.03343725,200.1010101010101,0.0035886597522721,"PerplexDEW (Davies, activity=DEW)",0.0035886597522721,0.0
DEW,isobar,0.03343725,201.11111111111111,0.0036366747693077,"PerplexDEW (Davies, activity=DEW)",0.0036366747693077,0.0
DEW,isobar,0.03343725,202.12121212121207,0.0036851709862494,"PerplexDEW (Davies, activity=DEW)",0.0036851709862494,0.0
DEW,isobar,0.03343725,203.13131313131316,0.003734150502251,"PerplexDEW (Davies, activity=DEW)",0.003734150502251,0.0
DEW,isobar,0.03343725,204.14141414141412,0.0037836153741301,"PerplexDEW (Davies, activity=DEW)",0.0037836153741301,0.0
DEW,isobar,0.03343725,205.1515151515152,0.0038335666535569,"PerplexDEW (Davies, activity=DEW)",0.0038335666535569,0.0
DEW,isobar,0.03343725,206.16161616161617,0.0038840072380935,"PerplexDEW (Davies, activity=DEW)",0.0038840072380935,0.0
DEW,isobar,0.03343725,207.1717171717172,0.0039349380550742,"PerplexDEW (Davies, activity=DEW)",0.0039349380550742,0.0
DEW,isobar,0.03343725,208.1818181818182,0.0039863609285094,"PerplexDEW (Davies, activity=DEW)",0.0039863609285094,0.0
DEW,isobar,0.03343725,209.1919191919192,0.0040382766044976,"PerplexDEW (Davies, activity=DEW)",0.0040382766044976,0.0
DEW,isobar,0.03343725,210.2020202020202,0.0040906877983948,"PerplexDEW (Davies, activity=DEW)",0.0040906877983948,0.0
DEW,isobar,0.03343725,211.2121212121212,0.004143594054181,"PerplexDEW (Davies, activity=DEW)",0.004143594054181,0.0
DEW,isobar,0.03343725,212.22222222222223,0.0041969979594626,"PerplexDEW (Davies, activity=DEW)",0.0041969979594626,0.0
DEW,isobar,0.03343725,213.23232323232324,0.0042508988215747,"PerplexDEW (Davies, activity=DEW)",0.0042508988215747,0.0
DEW,isobar,0.03343725,214.24242424242425,0.0043053002066545,"PerplexDEW (Davies, activity=DEW)",0.0043053002066545,0.0
DEW,isobar,0.03343725,215.2525252525253,0.0043602012279212,"PerplexDEW (Davies, activity=DEW)",0.0043602012279212,0.0
DEW,isobar,0.03343725,216.26262626262627,0.0044156030928172,"PerplexDEW (Davies, activity=DEW)",0.0044156030928172,0.0
DEW,isobar,0.03343725,217.27272727272728,0.0044715069419888,"PerplexDEW (Davies, activity=DEW)",0.0044715069419888,0.0
DEW,isobar,0.03343725,218.2828282828283,0.0045279138476653,"PerplexDEW (Davies, activity=DEW)",0.0045279138476653,0.0
DEW,isobar,0.03343725,219.2929292929293,0.0045848223912851,"PerplexDEW (Davies, activity=DEW)",0.0045848223912851,0.0
DEW,isobar,0.03343725,220.3030303030303,0.0046422346149192,"PerplexDEW (Davies, activity=DEW)",0.0046422346149192,0.0
DEW,isobar,0.03343725,221.3131313131313,0.0047001500637034,"PerplexDEW (Davies, activity=DEW)",0.0047001500637034,0.0
DEW,isobar,0.03343725,222.32323232323236,0.0047585693951497,"PerplexDEW (Davies, activity=DEW)",0.0047585693951497,0.0
DEW,isobar,0.03343725,223.33333333333331,0.0048174918954093,"PerplexDEW (Davies, activity=DEW)",0.0048174918954093,0.0
DEW,isobar,0.03343725,224.34343434343435,0.0048769179969127,"PerplexDEW (Davies, activity=DEW)",0.0048769179969127,0.0
DEW,isobar,0.03343725,225.35353535353536,0.0049368467132587,"PerplexDEW (Davies, activity=DEW)",0.0049368467132587,0.0
DEW,isobar,0.03343725,226.3636363636364,0.0049972782391656,"PerplexDEW (Davies, activity=DEW)",0.0049972782391656,0.0
DEW,isobar,0.03343725,227.37373737373736,0.0050582126780847,"PerplexDEW (Davies, activity=DEW)",0.0050582126780847,0.0
DEW,isobar,0.03343725,228.3838383838384,0.00511964864174,"PerplexDEW (Davies, activity=DEW)",0.00511964864174,0.0
DEW,isobar,0.03343725,229.3939393939394,0.0051815845570646,"PerplexDEW (Davies, activity=DEW)",0.0051815845570646,0.0
DEW,isobar,0.03343725,230.4040404040404,0.0052440201047158,"PerplexDEW (Davies, activity=DEW)",0.0052440201047158,0.0
DEW,isobar,0.03343725,231.41414141414143,0.005306954862368,"PerplexDEW (Davies, activity=DEW)",0.005306954862368,0.0
DEW,isobar,0.03343725,232.42424242424244,0.0053703868126073,"PerplexDEW (Davies, activity=DEW)",0.0053703868126073,0.0
DEW,isobar,0.03343725,233.43434343434345,0.0054343137361282,"PerplexDEW (Davies, activity=DEW)",0.0054343137361282,0.0
DEW,isobar,0.03343725,234.44444444444449,0.0054987332063226,"PerplexDEW (Davies, activity=DEW)",0.0054987332063226,0.0
DEW,isobar,0.03343725,235.45454545454547,0.0055636457078077,"PerplexDEW (Davies, activity=DEW)",0.0055636457078077,0.0
DEW,isobar,0.03343725,236.46464646464648,0.0056290485307734,"PerplexDEW (Davies, activity=DEW)",0.0056290485307734,0.0
DEW,isobar,0.03343725,237.4747474747475,0.0056949371336918,"PerplexDEW (Davies, activity=DEW)",0.0056949371336918,0.0
DEW,isobar,0.03343725,238.4848484848485,0.0057613115590087,"PerplexDEW (Davies, activity=DEW)",0.0057613115590087,0.0
DEW,isobar,0.03343725,239.49494949494948,0.0058281668329044,"PerplexDEW (Davies, activity=DEW)",0.0058281668329044,0.0
DEW,isobar,0.03343725,240.5050505050505,0.005895501019565,"PerplexDEW (Davies, activity=DEW)",0.005895501019565,0.0
DEW,isobar,0.03343725,241.5151515151515,0.0059633120453251,"PerplexDEW (Davies, activity=DEW)",0.0059633120453251,0.0
DEW,isobar,0.03343725,242.5252525252525,0.0060315959542078,"PerplexDEW (Davies, activity=DEW)",0.0060315959542078,0.0
DEW,isobar,0.03343725,243.53535353535352,0.0061003450007182,"PerplexDEW (Davies, activity=DEW)",0.0061003450007182,0.0
DEW,isobar,0.03343725,244.54545454545456,0.0061695617411697,"PerplexDEW (Davies, activity=DEW)",0.0061695617411697,0.0
DEW,isobar,0.03343725,245.55555555555557,0.0062392361383659,"PerplexDEW (Davies, activity=DEW)",0.0062392361383659,0.0
DEW,isobar,0.03343725,246.56565656565655,0.0063093668136797,"PerplexDEW (Davies, activity=DEW)",0.0063093668136797,0.0
DEW,isobar,0.03343725,247.5757575757576,0.0063799485757554,"PerplexDEW (Davies, activity=DEW)",0.0063799485757554,0.0
DEW,isobar,0.03343725,248.5858585858586,0.006450974041805,"PerplexDEW (Davies, activity=DEW)",0.006450974041805,0.0
DEW,isobar,0.03343725,249.5959595959596,0.0065224393029747,"PerplexDEW (Davies, activity=DEW)",0.0065224393029747,0.0
DEW,isobar,0.03343725,250.60606060606065,0.0065943402725728,"PerplexDEW (Davies, activity=DEW)",0.0065943402725728,0.0
DEW,isobar,0.03343725,251.6161616161616,0.0066666686839251,"PerplexDEW (Davies, activity=DEW)",0.0066666686839251,0.0
DEW,isobar,0.03343725,252.62626262626264,0.0067394158420258,"PerplexDEW (Davies, activity=DEW)",0.0067394158420258,0.0
DEW,isobar,0.03343725,260.7070707070707,0.0073356360852329,"PerplexDEW (Davies, activity=DEW)",0.0073356360852329,0.0
DEW,isobar,0.03343725,261.7171717171717,0.007411810677529,"PerplexDEW (Davies, activity=DEW)",0.007411810677529,0.0
DEW,isobar,0.03343725,262.72727272727275,0.0074883159055378,"PerplexDEW (Davies, activity=DEW)",0.0074883159055378,0.0
DEW,isobar,0.03343725,263.73737373737373,0.0075651410093508,"PerplexDEW (Davies, activity=DEW)",0.0075651410093508,0.0
DEW,isobar,0.03343725,264.7474747474748,0.007642272394255,"PerplexDEW (Davies, activity=DEW)",0.007642272394255,0.0
DEW,isobar,0.03343725,265.7575757575757,0.0077197008400474,"PerplexDEW (Davies, activity=DEW)",0.0077197008400474,0.0
DEW,isobar,0.03343725,266.7676767676768,0.0077974118433167,"PerplexDEW (Davies, activity=DEW)",0.0077974118433167,0.0
DEW,isobar,0.03343725,267.77777777777777,0.0078753877823748,"PerplexDEW (Davies, activity=DEW)",0.0078753877823748,0.0
DEW,isobar,0.03343725,268.7878787878788,0.007953615448742,"PerplexDEW (Davies, activity=DEW)",0.007953615448742,0.0
DEW,isobar,0.03343725,269.7979797979798,0.0080320811784993,"PerplexDEW (Davies, activity=DEW)",0.0080320811784993,0.0
DEW,isobar,0.03343725,270.80808080808083,0.0081107708435502,"PerplexDEW (Davies, activity=DEW)",0.0081107708435502,0.0
DEW,isobar,0.03343725,271.8181818181818,0.0081896617630526,"PerplexDEW (Davies, activity=DEW)",0.0081896617630526,0.0
DEW,isobar,0.03343725,272.82828282828285,0.0082687357654111,"PerplexDEW (Davies, activity=DEW)",0.0082687357654111,0.0
DEW,isobar,0.03343725,273.83838383838383,0.0083479795648549,"PerplexDEW (Davies, activity=DEW)",0.0083479795648549,0.0
DEW,isobar,0.03343725,274.8484848484849,0.0084273654590981,"PerplexDEW (Davies, activity=DEW)",0.0084273654590981,0.0
DEW,isobar,0.03343725,275.85858585858585,0.0085068816977242,"PerplexDEW (Davies, activity=DEW)",0.0085068816977242,0.0
DEW,isobar,0.03343725,276.8686868686869,0.0085864989475309,"PerplexDEW (Davies, activity=DEW)",0.0085864989475309,0.0
DEW,isobar,0.03343725,277.8787878787879,0.0086661984118534,"PerplexDEW (Davies, activity=DEW)",0.0086661984118534,0.0
DEW,isobar,0.03343725,278.8888888888889,0.0087459517877767,"PerplexDEW (Davies, activity=DEW)",0.0087459517877767,0.0
DEW,isobar,0.03343725,279.8989898989899,0.0088257417763251,"PerplexDEW (Davies, activity=DEW)",0.0088257417763251,0.0
DEW,isobar,0.03343725,280.90909090909093,0.0089055322558268,"PerplexDEW (Davies, activity=DEW)",0.0089055322558268,0.0
DEW,isobar,0.03343725,281.9191919191919,0.0089853042915557,"PerplexDEW (Davies, activity=DEW)",0.0089853042915557,0.0
DEW,isobar,0.03343725,282.92929292929296,0.009065025877619,"PerplexDEW (Davies, activity=DEW)",0.009065025877619,0.0
DEW,isobar,0.03343725,283.93939393939394,0.0091446574306087,"PerplexDEW (Davies, activity=DEW)",0.0091446574306087,0.0
DEW,isobar,0.03343725,284.949494949495,0.0092241772849457,"PerplexDEW (Davies, activity=DEW)",0.0092241772849457,0.0
DEW,isobar,0.03343725,285.959595959596,0.0093035501087688,"PerplexDEW (Davies, activity=DEW)",0.0093035501087688,0.0
DEW,isobar,0.03343725,286.969696969697,0.0093827393242456,"PerplexDEW (Davies, activity=DEW)",0.0093827393242456,0.0
DEW,isobar,0.03343725,287.979797979798,0.0094617003048455,"PerplexDEW (Davies, activity=DEW)",0.0094617003048455,0.0
DEW,isobar,0.03343725,288.98989898989896,0.00954040048608,"PerplexDEW (Davies, activity=DEW)",0.00954040048608,0.0
DEW,isobar,0.03343725,290.0,0.0096187993907832,"PerplexDEW (Davies, activity=DEW)",0.0096187993907832,0.0
DEW,isobar,0.0335,190.0,0.0031345763416725,"PerplexDEW (Davies, activity=DEW)",0.0031345763416725,0.0
DEW,isobar,0.0335,191.010101010101,0.0031778911078553,"PerplexDEW (Davies, activity=DEW)",0.0031778911078553,0.0
DEW,isobar,0.0335,192.020202020202,0.0032216658858141,"PerplexDEW (Davies, activity=DEW)",0.0032216658858141,0.0
DEW,isobar,0.0335,193.03030303030303,0.0032659024564637,"PerplexDEW (Davies, activity=DEW)",0.0032659024564637,0.0
DEW,isobar,0.0335,194.04040404040404,0.003310604116737,"PerplexDEW (Davies, activity=DEW)",0.003310604116737,0.0
DEW,isobar,0.0335,195.05050505050505,0.0033557725643574,"PerplexDEW (Davies, activity=DEW)",0.0033557725643574,0.0
DEW,isobar,0.0335,196.0606060606061,0.0034014094120571,"PerplexDEW (Davies, activity=DEW)",0.0034014094120571,0.0
DEW,isobar,0.0335,197.07070707070707,0.0034475187058674,"PerplexDEW (Davies, activity=DEW)",0.0034475187058674,0.0
DEW,isobar,0.0335,198.08080808080808,0.003494101153461,"PerplexDEW (Davies, activity=DEW)",0.003494101153461,0.0
DEW,isobar,0.0335,199.0909090909091,0.0035411590522626,"PerplexDEW (Davies, activity=DEW)",0.0035411590522626,0.0
DEW,isobar,0.0335,200.1010101010101,0.0035886946635243,"PerplexDEW (Davies, activity=DEW)",0.0035886946635243,0.0
DEW,isobar,0.0335,201.11111111111111,0.0036367093119209,"PerplexDEW (Davies, activity=DEW)",0.0036367093119209,0.0
DEW,isobar,0.0335,202.12121212121207,0.0036852060515794,"PerplexDEW (Davies, activity=DEW)",0.0036852060515794,0.0
DEW,isobar,0.0335,203.13131313131316,0.0037341870274516,"PerplexDEW (Davies, activity=DEW)",0.0037341870274516,0.0
DEW,isobar,0.0335,204.14141414141412,0.0037836524522704,"PerplexDEW (Davies, activity=DEW)",0.0037836524522704,0.0
DEW,isobar,0.0335,205.1515151515152,0.0038336052538086,"PerplexDEW (Davies, activity=DEW)",0.0038336052538086,0.0
DEW,isobar,0.0335,206.16161616161617,0.0038840464227865,"PerplexDEW (Davies, activity=DEW)",0.0038840464227865,0.0
DEW,isobar,0.0335,207.1717171717172,0.0039349778322563,"PerplexDEW (Davies, activity=DEW)",0.0039349778322563,0.0
DEW,isobar,0.0335,208.1818181818182,0.0039864013063234,"PerplexDEW (Davies, activity=DEW)",0.0039864013063234,0.0
DEW,isobar,0.0335,209.1919191919192,0.0040383175911846,"PerplexDEW (Davies, activity=DEW)",0.0040383175911846,0.0
DEW,isobar,0.0335,210.2020202020202,0.0040907294022898,"PerplexDEW (Davies, activity=DEW)",0.0040907294022898,0.0
DEW,isobar,0.0335,211.2121212121212,0.0041436362837229,"PerplexDEW (Davies, activity=DEW)",0.0041436362837229,0.0
DEW,isobar,0.0335,212.22222222222223,0.0041970408231854,"PerplexDEW (Davies, activity=DEW)",0.0041970408231854,0.0
DEW,isobar,0.0335,213.23232323232324,0.0042509434256974,"PerplexDEW (Davies, activity=DEW)",0.0042509434256974,0.0
DEW,isobar,0.0335,214.24242424242425,0.0043053454804646,"PerplexDEW (Davies, activity=DEW)",0.0043053454804646,0.0
DEW,isobar,0.0335,215.2525252525253,0.0043602483146278,"PerplexDEW (Davies, activity=DEW)",0.0043602483146278,0.0
DEW,isobar,0.0335,216.26262626262627,0.0044156508861816,"PerplexDEW (Davies, activity=DEW)",0.0044156508861816,0.0
DEW,isobar,0.0335,217.27272727272728,0.0044715554515922,"PerplexDEW (Davies, activity=DEW)",0.0044715554515922,0.0
DEW,isobar,0.0335,218.2828282828283,0.0045279630831991,"PerplexDEW (Davies, activity=DEW)",0.0045279630831991,0.0
DEW,isobar,0.0335,219.2929292929293,0.0045848723625608,"PerplexDEW (Davies, activity=DEW)",0.0045848723625608,0.0
DEW,isobar,0.0335,220.3030303030303,0.0046422865619658,"PerplexDEW (Davies, activity=DEW)",0.0046422865619658,0.0
DEW,isobar,0.0335,221.3131313131313,0.0047002027864768,"PerplexDEW (Davies, activity=DEW)",0.0047002027864768,0.0
DEW,isobar,0.0335,222.32323232323236,0.0047586229040842,"PerplexDEW (Davies, activity=DEW)",0.0047586229040842,0.0
DEW,isobar,0.0335,223.33333333333331,0.0048175462010621,"PerplexDEW (Davies, activity=DEW)",0.0048175462010621,0.0
DEW,isobar,0.0335,224.34343434343435,0.0048769744219105,"PerplexDEW (Davies, activity=DEW)",0.0048769744219105,0.0
DEW,isobar,0.0335,225.35353535353536,0.0049369039776408,"PerplexDEW (Davies, activity=DEW)",0.0049369039776408,0.0
DEW,isobar,0.0335,226.3636363636364,0.0049973377087768,"PerplexDEW (Davies, activity=DEW)",0.0049973377087768,0.0
DEW,isobar,0.0335,227.37373737373736,0.0050582730314348,"PerplexDEW (Davies, activity=DEW)",0.0050582730314348,0.0
DEW,isobar,0.0335,228.3838383838384,0.0051197098906121,"PerplexDEW (Davies, activity=DEW)",0.0051197098906121,0.0
DEW,isobar,0.0335,229.3939393939394,0.0051816481342852,"PerplexDEW (Davies, activity=DEW)",0.0051816481342852,0.0
DEW,isobar,0.0335,230.4040404040404,0.0052440846241453,"PerplexDEW (Davies, activity=DEW)",0.0052440846241453,0.0
DEW,isobar,0.0335,231.41414141414143,0.0053070203365076,"PerplexDEW (Davies, activity=DEW)",0.0053070203365076,0.0
DEW,isobar,0.0335,232.42424242424244,0.0053704532541022,"PerplexDEW (Davies, activity=DEW)",0.0053704532541022,0.0
DEW,isobar,0.0335,233.43434343434345,0.0054343811577681,"PerplexDEW (Davies, activity=DEW)",0.0054343811577681,0.0
DEW,isobar,0.0335,234.44444444444449,0.0054988046963946,"PerplexDEW (Davies, activity=DEW)",0.0054988046963946,0.0
DEW,isobar,0.0335,235.45454545454547,0.005563716690688,"PerplexDEW (Davies, activity=DEW)",0.005563716690688,0.0
DEW,isobar,0.0335,236.46464646464648,0.0056291221443657,"PerplexDEW (Davies, activity=DEW)",0.0056291221443657,0.0
DEW,isobar,0.0335,237.4747474747475,0.0056950118300409,"PerplexDEW (Davies, activity=DEW)",0.0056950118300409,0.0
DEW,isobar,0.0335,238.4848484848485,0.0057613873523111,"PerplexDEW (Davies, activity=DEW)",0.0057613873523111,0.0
DEW,isobar,0.0335,239.49494949494948,0.0058282454002498,"PerplexDEW (Davies, activity=DEW)",0.0058282454002498,0.0
DEW,isobar,0.0335,240.5050505050505,0.0058955824275633,"PerplexDEW (Davies, activity=DEW)",0.0058955824275633,0.0
DEW,isobar,0.0335,241.5151515151515,0.0059633946466287,"PerplexDEW (Davies, activity=DEW)",0.0059633946466287,0.0
DEW,isobar,0.0335,242.5252525252525,0.0060316797643672,"PerplexDEW (Davies, activity=DEW)",0.0060316797643672,0.0
DEW,isobar,0.0335,243.53535353535352,0.0061004318045288,"PerplexDEW (Davies, activity=DEW)",0.0061004318045288,0.0
DEW,isobar,0.0335,244.54545454545456,0.0061696480163952,"PerplexDEW (Davies, activity=DEW)",0.0061696480163952,0.0
DEW,isobar,0.0335,245.55555555555557,0.0062393273189569,"PerplexDEW (Davies, activity=DEW)",0.0062393273189569,0.0
DEW,isobar,0.0335,246.56565656565655,0.0063094574708843,"PerplexDEW (Davies, activity=DEW)",0.0063094574708843,0.0
DEW,isobar,0.0335,247.5757575757576,0.0063800424320311,"PerplexDEW (Davies, activity=DEW)",0.0063800424320311,0.0
DEW,isobar,0.0335,248.5858585858586,0.0064510711721307,"PerplexDEW (Davies, activity=DEW)",0.0064510711721307,0.0
DEW,isobar,0.0335,249.5959595959596,0.0065225397836659,"PerplexDEW (Davies, activity=DEW)",0.0065225397836659,0.0
DEW,isobar,0.0335,250.60606060606065,0.006594440242452,"PerplexDEW (Davies, activity=DEW)",0.006594440242452,0.0
DEW,isobar,0.0335,251.6161616161616,0.0066667701009521,"PerplexDEW (Davies, activity=DEW)",0.0066667701009521,0.0
DEW,isobar,0.0335,252.62626262626264,0.0067395207548894,"PerplexDEW (Davies, activity=DEW)",0.0067395207548894,0.0
DEW,isobar,0.0335,260.7070707070707,0.007335765121372,"PerplexDEW (Davies, activity=DEW)",0.007335765121372,0.0
DEW,isobar,0.0335,261.7171717171717,0.0074119392369028,"PerplexDEW (Davies, activity=DEW)",0.0074119392369028,0.0
DEW,isobar,0.0335,262.72727272727275,0.0074884486595716,"PerplexDEW (Davies, activity=DEW)",0.0074884486595716,0.0
DEW,isobar,0.0335,263.73737373737373,0.007565278051549,"PerplexDEW (Davies, activity=DEW)",0.007565278051549,0.0
DEW,isobar,0.0335,264.7474747474748,0.0076424138197208,"PerplexDEW (Davies, activity=DEW)",0.0076424138197208,0.0
DEW,isobar,0.0335,265.7575757575757,0.0077198467454752,"PerplexDEW (Davies, activity=DEW)",0.0077198467454752,0.0
DEW,isobar,0.0335,266.7676767676768,0.0077975598242137,"PerplexDEW (Davies, activity=DEW)",0.0077975598242137,0.0
DEW,isobar,0.0335,267.77777777777777,0.0078755404044329,"PerplexDEW (Davies, activity=DEW)",0.0078755404044329,0.0
DEW,isobar,0.0335,268.7878787878788,0.0079537728131424,"PerplexDEW (Davies, activity=DEW)",0.0079537728131424,0.0
DEW,isobar,0.0335,269.7979797979798,0.0080322407724673,"PerplexDEW (Davies, activity=DEW)",0.0080322407724673,0.0
DEW,isobar,0.0335,270.80808080808083,0.0081109326945031,"PerplexDEW (Davies, activity=DEW)",0.0081109326945031,0.0
DEW,isobar,0.0335,271.8181818181818,0.0081898258986944,"PerplexDEW (Davies, activity=DEW)",0.0081898258986944,0.0
DEW,isobar,0.0335,272.82828282828285,0.0082689076792677,"PerplexDEW (Davies, activity=DEW)",0.0082689076792677,0.0
DEW,isobar,0.0335,273.83838383838383,0.0083481538996272,"PerplexDEW (Davies, activity=DEW)",0.0083481538996272,0.0
DEW,isobar,0.0335,274.8484848484849,0.008427545057637,"PerplexDEW (Davies, activity=DEW)",0.008427545057637,0.0
DEW,isobar,0.0335,275.85858585858585,0.0085070666718274,"PerplexDEW (Davies, activity=DEW)",0.0085070666718274,0.0
DEW,isobar,0.0335,276.8686868686869,0.008586686514864,"PerplexDEW (Davies, activity=DEW)",0.008586686514864,0.0
DEW,isobar,0.0335,277.8787878787879,0.0086663944797831,"PerplexDEW (Davies, activity=DEW)",0.0086663944797831,0.0
DEW,isobar,0.0335,278.8888888888889,0.0087461565582574,"PerplexDEW (Davies, activity=DEW)",0.0087461565582574,0.0
DEW,isobar,0.0335,279.8989898989899,0.0088259494071542,"PerplexDEW (Davies, activity=DEW)",0.0088259494071542,0.0
DEW,isobar,0.0335,280.90909090909093,0.0089057489160658,"PerplexDEW (Davies, activity=DEW)",0.0089057489160658,0.0
DEW,isobar,0.0335,281.9191919191919,0.0089855239692,"PerplexDEW (Davies, activity=DEW)",0.0089855239692,0.0
DEW,isobar,0.0335,282.92929292929296,0.0090652486084949,"PerplexDEW (Davies, activity=DEW)",0.0090652486084949,0.0
DEW,isobar,0.0335,283.93939393939394,0.0091448896540713,"PerplexDEW (Davies, activity=DEW)",0.0091448896540713,0.0
DEW,isobar,0.0335,284.949494949495,0.0092244192206372,"PerplexDEW (Davies, activity=DEW)",0.0092244192206372,0.0
DEW,isobar,0.0335,285.959595959596,0.0093037953923553,"PerplexDEW (Davies, activity=DEW)",0.0093037953923553,0.0
DEW,isobar,0.0335,286.969696969697,0.0093829879948771,"PerplexDEW (Davies, activity=DEW)",0.0093829879948771,0.0
DEW,isobar,0.0335,287.979797979798,0.0094619659547897,"PerplexDEW (Davies, activity=DEW)",0.0094619659547897,0.0
DEW,isobar,0.0335,288.98989898989896,0.0095406697944398,"PerplexDEW (Davies, activity=DEW)",0.0095406697944398,0.0
DEW,isobar,0.0335,290.0,0.0096190723997777,"PerplexDEW (Davies, activity=DEW)",0.0096190723997777,0.0
DEW,isobar,0.0517,213.0,0.0042513500753326,"PerplexDEW (Davies, activity=DEW)",0.0042513500753326,0.0
DEW,isobar,0.0517,214.010101010101,0.0043059069601192,"PerplexDEW (Davies, activity=DEW)",0.0043059069601192,0.0
DEW,isobar,0.0517,215.020202020202,0.0043609694830336,"PerplexDEW (Davies, activity=DEW)",0.0043609694830336,0.0
DEW,isobar,0.0517,216.03030303030303,0.0044165390072793,"PerplexDEW (Davies, activity=DEW)",0.0044165390072793,0.0
DEW,isobar,0.0517,217.04040404040404,0.0044726168323748,"PerplexDEW (Davies, activity=DEW)",0.0044726168323748,0.0
DEW,isobar,0.0517,218.05050505050505,0.0045292041925529,"PerplexDEW (Davies, activity=DEW)",0.0045292041925529,0.0
DEW,isobar,0.0517,219.0606060606061,0.004586301050677,"PerplexDEW (Davies, activity=DEW)",0.004586301050677,0.0
DEW,isobar,0.0517,220.07070707070707,0.0046439072225064,"PerplexDEW (Davies, activity=DEW)",0.0046439072225064,0.0
DEW,isobar,0.0517,221.08080808080808,0.0047020248604215,"PerplexDEW (Davies, activity=DEW)",0.0047020248604215,0.0
DEW,isobar,0.0517,222.0909090909091,0.0047606535938968,"PerplexDEW (Davies, activity=DEW)",0.0047606535938968,0.0
DEW,isobar,0.0517,223.1010101010101,0.0048197941799892,"PerplexDEW (Davies, activity=DEW)",0.0048197941799892,0.0
DEW,isobar,0.0517,224.11111111111111,0.0048794459915124,"PerplexDEW (Davies, activity=DEW)",0.0048794459915124,0.0
DEW,isobar,0.0517,225.12121212121207,0.0049396095631718,"PerplexDEW (Davies, activity=DEW)",0.0049396095631718,0.0
DEW,isobar,0.0517,226.13131313131316,0.0050002839976195,"PerplexDEW (Davies, activity=DEW)",0.0050002839976195,0.0
DEW,isobar,0.0517,227.14141414141412,0.0050614695946529,"PerplexDEW (Davies, activity=DEW)",0.0050614695946529,0.0
DEW,isobar,0.0517,228.1515151515152,0.0051231665645212,"PerplexDEW (Davies, activity=DEW)",0.0051231665645212,0.0
DEW,isobar,0.0517,229.16161616161617,0.0051853721980221,"PerplexDEW (Davies, activity=DEW)",0.0051853721980221,0.0
DEW,isobar,0.0517,230.1717171717172,0.0052480878215207,"PerplexDEW (Davies, activity=DEW)",0.0052480878215207,0.0
DEW,isobar,0.0517,231.1818181818182,0.0053113132943985,"PerplexDEW (Davies, activity=DEW)",0.0053113132943985,0.0
DEW,isobar,0.0517,232.1919191919192,0.0053750439285243,"PerplexDEW (Davies, activity=DEW)",0.0053750439285243,0.0
DEW,isobar,0.0517,233.2020202020202,0.0054392821832889,"PerplexDEW (Davies, activity=DEW)",0.0054392821832889,0.0
DEW,isobar,0.0517,234.2121212121212,0.0055040244791847,"PerplexDEW (Davies, activity=DEW)",0.0055040244791847,0.0
DEW,isobar,0.0517,235.22222222222223,0.0055692700443525,"PerplexDEW (Davies, activity=DEW)",0.0055692700443525,0.0
DEW,isobar,0.0517,236.23232323232324,0.0056350179933572,"PerplexDEW (Davies, activity=DEW)",0.0056350179933572,0.0
DEW,isobar,0.0517,237.24242424242425,0.0057012641173349,"PerplexDEW (Davies, activity=DEW)",0.0057012641173349,0.0
DEW,isobar,0.0517,238.2525252525253,0.0057680071456906,"PerplexDEW (Davies, activity=DEW)",0.0057680071456906,0.0
DEW,isobar,0.0517,239.26262626262627,0.0058352456834035,"PerplexDEW (Davies, activity=DEW)",0.0058352456834035,0.0
DEW,isobar,0.0517,240.27272727272728,0.005902978208671,"PerplexDEW (Davies, activity=DEW)",0.005902978208671,0.0
DEW,isobar,0.0517,241.2828282828283,0.0059711979501728,"PerplexDEW (Davies, activity=DEW)",0.0059711979501728,0.0
DEW,isobar,0.0517,242.2929292929293,0.0060399046192052,"PerplexDEW (Davies, activity=DEW)",0.0060399046192052,0.0
DEW,isobar,0.0517,243.3030303030303,0.0061090943737705,"PerplexDEW (Davies, activity=DEW)",0.0061090943737705,0.0
DEW,isobar,0.0517,244.3131313131313,0.0061787649094253,"PerplexDEW (Davies, activity=DEW)",0.0061787649094253,0.0
DEW,isobar,0.0517,245.32323232323236,0.006248910145258,"PerplexDEW (Davies, activity=DEW)",0.006248910145258,0.0
DEW,isobar,0.0517,246.33333333333331,0.0063195273146384,"PerplexDEW (Davies, activity=DEW)",0.0063195273146384,0.0
DEW,isobar,0.0517,247.34343434343435,0.0063906116236789,"PerplexDEW (Davies, activity=DEW)",0.0063906116236789,0.0
DEW,isobar,0.0517,248.35353535353536,0.0064621599060595,"PerplexDEW (Davies, activity=DEW)",0.0064621599060595,0.0
DEW,isobar,0.0517,249.3636363636364,0.0065341630421479,"PerplexDEW (Davies, activity=DEW)",0.0065341630421479,0.0
DEW,isobar,0.0517,250.37373737373736,0.0066066211898517,"PerplexDEW (Davies, activity=DEW)",0.0066066211898517,0.0
DEW,isobar,0.0517,251.3838383838384,0.0066795246228102,"PerplexDEW (Davies, activity=DEW)",0.0066795246228102,0.0
DEW,isobar,0.0517,252.3939393939394,0.0067528711566879,"PerplexDEW (Davies, activity=DEW)",0.0067528711566879,0.0
DEW,isobar,0.0517,260.47474747474746,0.0073546823871677,"PerplexDEW (Davies, activity=DEW)",0.0073546823871677,0.0
DEW,isobar,0.0517,261.4848484848485,0.0074316705203242,"PerplexDEW (Davies, activity=DEW)",0.0074316705203242,0.0
DEW,isobar,0.0517,262.4949494949495,0.0075090181657088,"PerplexDEW (Davies, activity=DEW)",0.0075090181657088,0.0
DEW,isobar,0.0517,263.5050505050505,0.0075867153313863,"PerplexDEW (Davies, activity=DEW)",0.0075867153313863,0.0
DEW,isobar,0.0517,264.5151515151515,0.0076647492176589,"PerplexDEW (Davies, activity=DEW)",0.0076647492176589,0.0
DEW,isobar,0.0517,265.52525252525254,0.0077431162987254,"PerplexDEW (Davies, activity=DEW)",0.0077431162987254,0.0
DEW,isobar,0.0517,266.5353535353535,0.0078217931541455,"PerplexDEW (Davies, activity=DEW)",0.0078217931541455,0.0
DEW,isobar,0.0517,267.54545454545456,0.0079007754349136,"PerplexDEW (Davies, activity=DEW)",0.0079007754349136,0.0
DEW,isobar,0.0517,268.55555555555554,0.007980043421143,"PerplexDEW (Davies, activity=DEW)",0.007980043421143,0.0
DEW,isobar,0.0517,269.5656565656566,0.0080595869178518,"PerplexDEW (Davies, activity=DEW)",0.0080595869178518,0.0
DEW,isobar,0.0517,270.5757575757576,0.0081393901532117,"PerplexDEW (Davies, activity=DEW)",0.0081393901532117,0.0
DEW,isobar,0.0517,271.5858585858586,0.0082194367459573,"PerplexDEW (Davies, activity=DEW)",0.0082194367459573,0.0
DEW,isobar,0.0517,272.5959595959596,0.0082997151301952,"PerplexDEW (Davies, activity=DEW)",0.0082997151301952,0.0
DEW,isobar,0.0517,273.6060606060606,0.0083802023856935,"PerplexDEW (Davies, activity=DEW)",0.0083802023856935,0.0
DEW,isobar,0.0517,274.6161616161616,0.0084608802235614,"PerplexDEW (Davies, activity=DEW)",0.0084608802235614,0.0
DEW,isobar,0.0517,275.62626262626264,0.0085417353705835,"PerplexDEW (Davies, activity=DEW)",0.0085417353705835,0.0
DEW,isobar,0.0517,276.6363636363636,0.0086227426790754,"PerplexDEW (Davies, activity=DEW)",0.0086227426790754,0.0
DEW,isobar,0.0517,277.64646464646466,0.0087038818261804,"PerplexDEW (Davies, activity=DEW)",0.0087038818261804,0.0
DEW,isobar,0.0517,278.65656565656565,0.0087851377129489,"PerplexDEW (Davies, activity=DEW)",0.0087851377129489,0.0
DEW,isobar,0.0517,279.6666666666667,0.008866482826494,"PerplexDEW (Davies, activity=DEW)",0.008866482826494,0.0
DEW,isobar,0.0517,280.67676767676767,0.0089478946801407,"PerplexDEW (Davies, activity=DEW)",0.0089478946801407,0.0
DEW,isobar,0.0517,281.6868686868687,0.0090293438432835,"PerplexDEW (Davies, activity=DEW)",0.0090293438432835,0.0
DEW,isobar,0.0517,282.6969696969697,0.0091108060439832,"PerplexDEW (Davies, activity=DEW)",0.0091108060439832,0.0
DEW,isobar,0.0517,283.7070707070707,0.0091922625936393,"PerplexDEW (Davies, activity=DEW)",0.0091922625936393,0.0
DEW,isobar,0.0517,284.7171717171717,0.0092736685153508,"PerplexDEW (Davies, activity=DEW)",0.0092736685153508,0.0
DEW,isobar,0.0517,285.72727272727275,0.0093550096871874,"PerplexDEW (Davies, activity=DEW)",0.0093550096871874,0.0
DEW,isobar,0.0517,286.73737373737373,0.0094362452951304,"PerplexDEW (Davies, activity=DEW)",0.0094362452951304,0.0
DEW,isobar,0.0517,287.7474747474748,0.009517339663329,"PerplexDEW (Davies, activity=DEW)",0.009517339663329,0.0
DEW,isobar,0.0517,288.7575757575757,0.0095982626946384,"PerplexDEW (Davies, activity=DEW)",0.0095982626946384,0.0
DEW,isobar,0.0517,289.7676767676768,0.0096789833928148,"PerplexDEW (Davies, activity=DEW)",0.0096789833928148,0.0
DEW,isobar,0.0517,290.77777777777777,0.0097594417152479,"PerplexDEW (Davies, activity=DEW)",0.0097594417152479,0.0
DEW,isobar,0.0517,291.7878787878788,0.0098396178972167,"PerplexDEW (Davies, activity=DEW)",0.0098396178972167,0.0
DEW,isobar,0.0517,292.7979797979798,0.0099194630743184,"PerplexDEW (Davies, activity=DEW)",0.0099194630743184,0.0
DEW,isobar,0.0517,293.80808080808083,0.009998926597573,"PerplexDEW (Davies, activity=DEW)",0.009998926597573,0.0
DEW,isobar,0.0517,294.8181818181818,0.0100779559951805,"PerplexDEW (Davies, activity=DEW)",0.0100779559951805,0.0
DEW,isobar,0.0517,295.82828282828285,0.0101565120143817,"PerplexDEW (Davies, activity=DEW)",0.0101565120143817,0.0
DEW,isobar,0.0517,296.83838383838383,0.0102345314077426,"PerplexDEW (Davies, activity=DEW)",0.0102345314077426,0.0
DEW,isobar,0.0517,297.8484848484849,0.0103119640825921,"PerplexDEW (Davies, activity=DEW)",0.0103119640825921,0.0
DEW,isobar,0.0517,298.85858585858585,0.0103887426907957,"PerplexDEW (Davies, activity=DEW)",0.0103887426907957,0.0
DEW,isobar,0.0517,299.8686868686869,0.010464805419016,"PerplexDEW (Davies, activity=DEW)",0.010464805419016,0.0
DEW,isobar,0.0517,300.8787878787879,0.01054008841167,"PerplexDEW (Davies, activity=DEW)",0.01054008841167,0.0
DEW,isobar,0.0517,301.8888888888889,0.0106145093589526,"PerplexDEW (Davies, activity=DEW)",0.0106145093589526,0.0
DEW,isobar,0.0517,302.8989898989899,0.0106879912391168,"PerplexDEW (Davies, activity=DEW)",0.0106879912391168,0.0
DEW,isobar,0.0517,303.90909090909093,0.0107604544129222,"PerplexDEW (Davies, activity=DEW)",0.0107604544129222,0.0
DEW,isobar,0.0517,304.9191919191919,0.0108318165776053,"PerplexDEW (Davies, activity=DEW)",0.0108318165776053,0.0
DEW,isobar,0.0517,305.92929292929296,0.0109019754343117,"PerplexDEW (Davies, activity=DEW)",0.0109019754343117,0.0
DEW,isobar,0.0517,306.93939393939394,0.0109708162350085,"PerplexDEW (Davies, activity=DEW)",0.0109708162350085,0.0
DEW,isobar,0.0517,307.949494949495,0.0110382555216132,"PerplexDEW (Davies, activity=DEW)",0.0110382555216132,0.0
DEW,isobar,0.0517,308.959595959596,0.0111041534526191,"PerplexDEW (Davies, activity=DEW)",0.0111041534526191,0.0
DEW,isobar,0.0517,309.969696969697,0.011168383113157,"PerplexDEW (Davies, activity=DEW)",0.011168383113157,0.0
DEW,isobar,0.0517,310.979797979798,0.0112308131577802,"PerplexDEW (Davies, activity=DEW)",0.0112308131577802,0.0
DEW,isobar,0.0517,311.98989898989896,0.0112912890159736,"PerplexDEW (Davies, activity=DEW)",0.0112912890159736,0.0
DEW,isobar,0.0517,313.0,0.0113496600555399,"PerplexDEW (Davies, activity=DEW)",0.0113496600555399,0.0
DEW,isobar,0.0642,230.0,0.0052498427770848,"PerplexDEW (Davies, activity=DEW)",0.0052498427770848,0.0
DEW,isobar,0.0642,231.010101010101,0.0053132523515019,"PerplexDEW (Davies, activity=DEW)",0.0053132523515019,0.0
DEW,isobar,0.0642,232.020202020202,0.0053771753019291,"PerplexDEW (Davies, activity=DEW)",0.0053771753019291,0.0
DEW,isobar,0.0642,233.03030303030303,0.0054416098170698,"PerplexDEW (Davies, activity=DEW)",0.0054416098170698,0.0
DEW,isobar,0.0642,234.04040404040404,0.0055065584609777,"PerplexDEW (Davies, activity=DEW)",0.0055065584609777,0.0
DEW,isobar,0.0642,235.05050505050505,0.0055720161381483,"PerplexDEW (Davies, activity=DEW)",0.0055720161381483,0.0
DEW,isobar,0.0642,236.0606060606061,0.0056379836469134,"PerplexDEW (Davies, activity=DEW)",0.0056379836469134,0.0
DEW,isobar,0.0642,237.07070707070707,0.0057044585741483,"PerplexDEW (Davies, activity=DEW)",0.0057044585741483,0.0
DEW,isobar,0.0642,238.08080808080808,0.005771439914993,"PerplexDEW (Davies, activity=DEW)",0.005771439914993,0.0
DEW,isobar,0.0642,239.0909090909091,0.0058389232482818,"PerplexDEW (Davies, activity=DEW)",0.0058389232482818,0.0
DEW,isobar,0.0642,240.1010101010101,0.0059069088489946,"PerplexDEW (Davies, activity=DEW)",0.0059069088489946,0.0
DEW,isobar,0.0642,241.11111111111111,0.0059753935677357,"PerplexDEW (Davies, activity=DEW)",0.0059753935677357,0.0
DEW,isobar,0.0642,242.12121212121207,0.0060443722939031,"PerplexDEW (Davies, activity=DEW)",0.0060443722939031,0.0
DEW,isobar,0.0642,243.13131313131316,0.0061138448320126,"PerplexDEW (Davies, activity=DEW)",0.0061138448320126,0.0
DEW,isobar,0.0642,244.14141414141412,0.0061838073936286,"PerplexDEW (Davies, activity=DEW)",0.0061838073936286,0.0
DEW,isobar,0.0642,245.1515151515152,0.0062542559404289,"PerplexDEW (Davies, activity=DEW)",0.0062542559404289,0.0
DEW,isobar,0.0642,246.16161616161617,0.0063251861779955,"PerplexDEW (Davies, activity=DEW)",0.0063251861779955,0.0
DEW,isobar,0.0642,247.1717171717172,0.0063965954149193,"PerplexDEW (Davies, activity=DEW)",0.0063965954149193,0.0
DEW,isobar,0.0642,248.1818181818182,0.0064684789118098,"PerplexDEW (Davies, activity=DEW)",0.0064684789118098,0.0
DEW,isobar,0.0642,249.1919191919192,0.0065408316562626,"PerplexDEW (Davies, activity=DEW)",0.0065408316562626,0.0
DEW,isobar,0.0642,250.2020202020202,0.0066136503091139,"PerplexDEW (Davies, activity=DEW)",0.0066136503091139,0.0
DEW,isobar,0.0642,251.2121212121212,0.006686927399149,"PerplexDEW (Davies, activity=DEW)",0.006686927399149,0.0
DEW,isobar,0.0642,252.22222222222223,0.0067606590693723,"PerplexDEW (Davies, activity=DEW)",0.0067606590693723,0.0
DEW,isobar,0.0642,253.23232323232324,0.0068348371982913,"PerplexDEW (Davies, activity=DEW)",0.0068348371982913,0.0
DEW,isobar,0.0642,261.3131313131313,0.0074436005641291,"PerplexDEW (Davies, activity=DEW)",0.0074436005641291,0.0
DEW,isobar,0.0642,262.32323232323233,0.0075214936200309,"PerplexDEW (Davies, activity=DEW)",0.0075214936200309,0.0
DEW,isobar,0.0642,263.3333333333333,0.0075997589154906,"PerplexDEW (Davies, activity=DEW)",0.0075997589154906,0.0
DEW,isobar,0.0642,264.34343434343435,0.007678379502267,"PerplexDEW (Davies, activity=DEW)",0.007678379502267,0.0
DEW,isobar,0.0642,265.35353535353534,0.0077573473983725,"PerplexDEW (Davies, activity=DEW)",0.0077573473983725,0.0
DEW,isobar,0.0642,266.3636363636364,0.0078366543667711,"PerplexDEW (Davies, activity=DEW)",0.0078366543667711,0.0
DEW,isobar,0.0642,267.37373737373736,0.0079162868750709,"PerplexDEW (Davies, activity=DEW)",0.0079162868750709,0.0
DEW,isobar,0.0642,268.3838383838384,0.007996228274861,"PerplexDEW (Davies, activity=DEW)",0.007996228274861,0.0
DEW,isobar,0.0642,269.3939393939394,0.0080764715668391,"PerplexDEW (Davies, activity=DEW)",0.0080764715668391,0.0
DEW,isobar,0.0642,270.4040404040404,0.0081569990944629,"PerplexDEW (Davies, activity=DEW)",0.0081569990944629,0.0
DEW,isobar,0.0642,271.4141414141414,0.0082377924521041,"PerplexDEW (Davies, activity=DEW)",0.0082377924521041,0.0
DEW,isobar,0.0642,272.42424242424244,0.0083188460142682,"PerplexDEW (Davies, activity=DEW)",0.0083188460142682,0.0
DEW,isobar,0.0642,273.4343434343434,0.0084001376680274,"PerplexDEW (Davies, activity=DEW)",0.0084001376680274,0.0
DEW,isobar,0.0642,274.44444444444446,0.008481655507324,"PerplexDEW (Davies, activity=DEW)",0.008481655507324,0.0
DEW,isobar,0.0642,275.45454545454544,0.0085633759822415,"PerplexDEW (Davies, activity=DEW)",0.0085633759822415,0.0
DEW,isobar,0.0642,276.4646464646465,0.0086452802987892,"PerplexDEW (Davies, activity=DEW)",0.0086452802987892,0.0
DEW,isobar,0.0642,277.47474747474746,0.0087273548116385,"PerplexDEW (Davies, activity=DEW)",0.0087273548116385,0.0
DEW,isobar,0.0642,278.4848484848485,0.0088095796111686,"PerplexDEW (Davies, activity=DEW)",0.0088095796111686,0.0
DEW,isobar,0.0642,279.4949494949495,0.0088919280919207,"PerplexDEW (Davies, activity=DEW)",0.0088919280919207,0.0
DEW,isobar,0.0642,280.5050505050505,0.0089743786703049,"PerplexDEW (Davies, activity=DEW)",0.0089743786703049,0.0
DEW,isobar,0.0642,281.5151515151515,0.0090569151974337,"PerplexDEW (Davies, activity=DEW)",0.0090569151974337,0.0
DEW,isobar,0.0642,282.52525252525254,0.009139502352579,"PerplexDEW (Davies, activity=DEW)",0.009139502352579,0.0
DEW,isobar,0.0642,283.5353535353535,0.0092221223839066,"PerplexDEW (Davies, activity=DEW)",0.0092221223839066,0.0
DEW,isobar,0.0642,284.54545454545456,0.0093047506769962,"PerplexDEW (Davies, activity=DEW)",0.0093047506769962,0.0
DEW,isobar,0.0642,285.55555555555554,0.0093873552909178,"PerplexDEW (Davies, activity=DEW)",0.0093873552909178,0.0
DEW,isobar,0.0642,286.5656565656566,0.0094699031022559,"PerplexDEW (Davies, activity=DEW)",0.0094699031022559,0.0
DEW,isobar,0.0642,287.5757575757576,0.0095523664974241,"PerplexDEW (Davies, activity=DEW)",0.0095523664974241,0.0
DEW,isobar,0.0642,288.5858585858586,0.0096347170087978,"PerplexDEW (Davies, activity=DEW)",0.0096347170087978,0.0
DEW,isobar,0.0642,289.5959595959596,0.0097169114787097,"PerplexDEW (Davies, activity=DEW)",0.0097169114787097,0.0
DEW,isobar,0.0642,290.6060606060606,0.0097989261080264,"PerplexDEW (Davies, activity=DEW)",0.0097989261080264,0.0
DEW,isobar,0.0642,291.6161616161616,0.0098807081522396,"PerplexDEW (Davies, activity=DEW)",0.0098807081522396,0.0
DEW,isobar,0.0642,292.62626262626264,0.0099622315724005,"PerplexDEW (Davies, activity=DEW)",0.0099622315724005,0.0
DEW,isobar,0.0642,293.6363636363636,0.010043440545235,"PerplexDEW (Davies, activity=DEW)",0.010043440545235,0.0
DEW,isobar,0.0642,294.64646464646466,0.0101243066938954,"PerplexDEW (Davies, activity=DEW)",0.0101243066938954,0.0
DEW,isobar,0.0642,295.65656565656565,0.0102047785129936,"PerplexDEW (Davies, activity=DEW)",0.0102047785129936,0.0
DEW,isobar,0.0642,296.6666666666667,0.0102847950322754,"PerplexDEW (Davies, activity=DEW)",0.0102847950322754,0.0
DEW,isobar,0.0642,297.67676767676767,0.0103643161439413,"PerplexDEW (Davies, activity=DEW)",0.0103643161439413,0.0
DEW,isobar,0.0642,298.6868686868687,0.0104432850038571,"PerplexDEW (Davies, activity=DEW)",0.0104432850038571,0.0
DEW,isobar,0.0642,299.6969696969697,0.0105216428131608,"PerplexDEW (Davies, activity=DEW)",0.0105216428131608,0.0
DEW,isobar,0.0642,300.7070707070707,0.0105993207320354,"PerplexDEW (Davies, activity=DEW)",0.0105993207320354,0.0
DEW,isobar,0.0642,301.7171717171717,0.0106762719249689,"PerplexDEW (Davies, activity=DEW)",0.0106762719249689,0.0
DEW,isobar,0.0642,302.72727272727275,0.0107523987516943,"PerplexDEW (Davies, activity=DEW)",0.0107523987516943,0.0
DEW,isobar,0.0642,303.73737373737373,0.0108276499699819,"PerplexDEW (Davies, activity=DEW)",0.0108276499699819,0.0
DEW,isobar,0.0642,304.7474747474748,0.0109019390976326,"PerplexDEW (Davies, activity=DEW)",0.0109019390976326,0.0
DEW,isobar,0.0642,305.7575757575757,0.0109751765465368,"PerplexDEW (Davies, activity=DEW)",0.0109751765465368,0.0
DEW,isobar,0.0642,306.7676767676768,0.0110472870256668,"PerplexDEW (Davies, activity=DEW)",0.0110472870256668,0.0
DEW,isobar,0.0642,307.77777777777777,0.011118157572216,"PerplexDEW (Davies, activity=DEW)",0.011118157572216,0.0
DEW,isobar,0.0642,308.7878787878788,0.0111876979112895,"PerplexDEW (Davies, activity=DEW)",0.0111876979112895,0.0
DEW,isobar,0.0642,309.7979797979798,0.0112557876545829,"PerplexDEW (Davies, activity=DEW)",0.0112557876545829,0.0
DEW,isobar,0.0642,310.80808080808083,0.0113223020663235,"PerplexDEW (Davies, activity=DEW)",0.0113223020663235,0.0
DEW,isobar,0.0642,311.8181818181818,0.0113871306567356,"PerplexDEW (Davies, activity=DEW)",0.0113871306567356,0.0
DEW,isobar,0.0642,312.82828282828285,0.0114501216111219,"PerplexDEW (Davies, activity=DEW)",0.0114501216111219,0.0
DEW,isobar,0.0642,313.83838383838383,0.0115111079899797,"PerplexDEW (Davies, activity=DEW)",0.0115111079899797,0.0
DEW,isobar,0.0642,314.8484848484849,0.011569955558158,"PerplexDEW (Davies, activity=DEW)",0.011569955558158,0.0
DEW,isobar,0.0642,315.85858585858585,0.0116264472088905,"PerplexDEW (Davies, activity=DEW)",0.0116264472088905,0.0
DEW,isobar,0.0642,316.8686868686869,0.0116803973630048,"PerplexDEW (Davies, activity=DEW)",0.0116803973630048,0.0
DEW,isobar,0.0642,317.8787878787879,0.011731593878429,"PerplexDEW (Davies, activity=DEW)",0.011731593878429,0.0
DEW,isobar,0.0642,318.8888888888889,0.0117797762273815,"PerplexDEW (Davies, activity=DEW)",0.0117797762273815,0.0
DEW,isobar,0.0642,319.8989898989899,0.0118246742227929,"PerplexDEW (Davies, activity=DEW)",0.0118246742227929,0.0
DEW,isobar,0.0642,320.90909090909093,0.0118659869453607,"PerplexDEW (Davies, activity=DEW)",0.0118659869453607,0.0
DEW,isobar,0.0642,321.9191919191919,0.0119033813383833,"PerplexDEW (Davies, activity=DEW)",0.0119033813383833,0.0
DEW,isobar,0.0642,322.92929292929296,0.0119364262379911,"PerplexDEW (Davies, activity=DEW)",0.0119364262379911,0.0
DEW,isobar,0.0642,323.93939393939394,0.0119647176725883,"PerplexDEW (Davies, activity=DEW)",0.0119647176725883,0.0
DEW,isobar,0.0642,324.949494949495,0.0119876829468966,"PerplexDEW (Davies, activity=DEW)",0.0119876829468966,0.0
DEW,isobar,0.0642,325.959595959596,0.0120047498289851,"PerplexDEW (Davies, activity=DEW)",0.0120047498289851,0.0
DEW,isobar,0.0642,326.969696969697,0.0120151896733198,"PerplexDEW (Davies, activity=DEW)",0.0120151896733198,0.0
DEW,isobar,0.0642,327.979797979798,0.0120181093472228,"PerplexDEW (Davies, activity=DEW)",0.0120181093472228,0.0
DEW,isobar,0.0642,328.98989898989896,0.0120124896371906,"PerplexDEW (Davies, activity=DEW)",0.0120124896371906,0.0
DEW,isobar,0.0642,330.0,0.0119969927710827,"PerplexDEW (Davies, activity=DEW)",0.0119969927710827,0.0
DEW,isobar,0.0859,250.0,0.0066319919429295,"PerplexDEW (Davies, activity=DEW)",0.0066319919429295,0.0
DEW,isobar,0.0859,251.010101010101,0.0067059314501363,"PerplexDEW (Davies, activity=DEW)",0.0067059314501363,0.0
DEW,isobar,0.0859,252.020202020202,0.0067803469120054,"PerplexDEW (Davies, activity=DEW)",0.0067803469120054,0.0
DEW,isobar,0.0859,253.03030303030303,0.0068552307666627,"PerplexDEW (Davies, activity=DEW)",0.0068552307666627,0.0
DEW,isobar,0.0859,261.1111111111111,0.0074705149052288,"PerplexDEW (Davies, activity=DEW)",0.0074705149052288,0.0
DEW,isobar,0.0859,262.1212121212121,0.0075493471690954,"PerplexDEW (Davies, activity=DEW)",0.0075493471690954,0.0
DEW,isobar,0.0859,263.1313131313131,0.0076285776362953,"PerplexDEW (Davies, activity=DEW)",0.0076285776362953,0.0
DEW,isobar,0.0859,264.14141414141415,0.0077081995625974,"PerplexDEW (Davies, activity=DEW)",0.0077081995625974,0.0
DEW,isobar,0.0859,265.1515151515151,0.0077882035386117,"PerplexDEW (Davies, activity=DEW)",0.0077882035386117,0.0
DEW,isobar,0.0859,266.16161616161617,0.0078685773056523,"PerplexDEW (Davies, activity=DEW)",0.0078685773056523,0.0
DEW,isobar,0.0859,267.17171717171715,0.0079493105774683,"PerplexDEW (Davies, activity=DEW)",0.0079493105774683,0.0
DEW,isobar,0.0859,268.1818181818182,0.008030392669436,"PerplexDEW (Davies, activity=DEW)",0.008030392669436,0.0
DEW,isobar,0.0859,269.1919191919192,0.0081118150713858,"PerplexDEW (Davies, activity=DEW)",0.0081118150713858,0.0
DEW,isobar,0.0859,270.2020202020202,0.0081935611531994,"PerplexDEW (Davies, activity=DEW)",0.0081935611531994,0.0
DEW,isobar,0.0859,271.2121212121212,0.0082756188714568,"PerplexDEW (Davies, activity=DEW)",0.0082756188714568,0.0
DEW,isobar,0.0859,272.22222222222223,0.0083579703549813,"PerplexDEW (Davies, activity=DEW)",0.0083579703549813,0.0
DEW,isobar,0.0859,273.2323232323232,0.0084406106538495,"PerplexDEW (Davies, activity=DEW)",0.0084406106538495,0.0
DEW,isobar,0.0859,274.24242424242425,0.0085235181838582,"PerplexDEW (Davies, activity=DEW)",0.0085235181838582,0.0
DEW,isobar,0.0859,275.25252525252523,0.0086066816835559,"PerplexDEW (Davies, activity=DEW)",0.0086066816835559,0.0
DEW,isobar,0.0859,276.26262626262627,0.0086900781499168,"PerplexDEW (Davies, activity=DEW)",0.0086900781499168,0.0
DEW,isobar,0.0859,277.27272727272725,0.0087736951967372,"PerplexDEW (Davies, activity=DEW)",0.0087736951967372,0.0
DEW,isobar,0.0859,278.2828282828283,0.0088575171653171,"PerplexDEW (Davies, activity=DEW)",0.0088575171653171,0.0
DEW,isobar,0.0859,279.2929292929293,0.0089415219242566,"PerplexDEW (Davies, activity=DEW)",0.0089415219242566,0.0
DEW,isobar,0.0859,280.3030303030303,0.0090256864830074,"PerplexDEW (Davies, activity=DEW)",0.0090256864830074,0.0
DEW,isobar,0.0859,281.3131313131313,0.0091099992530256,"PerplexDEW (Davies, activity=DEW)",0.0091099992530256,0.0
DEW,isobar,0.0859,282.32323232323233,0.0091944266523916,"PerplexDEW (Davies, activity=DEW)",0.0091944266523916,0.0
DEW,isobar,0.0859,283.3333333333333,0.0092789589291801,"PerplexDEW (Davies, activity=DEW)",0.0092789589291801,0.0
DEW,isobar,0.0859,284.34343434343435,0.0093635670741399,"PerplexDEW (Davies, activity=DEW)",0.0093635670741399,0.0
DEW,isobar,0.0859,285.35353535353534,0.0094482209548056,"PerplexDEW (Davies, activity=DEW)",0.0094482209548056,0.0
DEW,isobar,0.0859,286.3636363636364,0.0095329024745299,"PerplexDEW (Davies, activity=DEW)",0.0095329024745299,0.0
DEW,isobar,0.0859,287.37373737373736,0.0096175730522342,"PerplexDEW (Davies, activity=DEW)",0.0096175730522342,0.0
DEW,isobar,0.0859,288.3838383838384,0.0097022196632884,"PerplexDEW (Davies, activity=DEW)",0.0097022196632884,0.0
DEW,isobar,0.0859,289.3939393939394,0.0097868017047214,"PerplexDEW (Davies, activity=DEW)",0.0097868017047214,0.0
DEW,isobar,0.0859,290.4040404040404,0.009871290905315,"PerplexDEW (Davies, activity=DEW)",0.009871290905315,0.0
DEW,isobar,0.0859,291.4141414141414,0.0099556581251442,"PerplexDEW (Davies, activity=DEW)",0.0099556581251442,0.0
DEW,isobar,0.0859,292.42424242424244,0.0100398589964812,"PerplexDEW (Davies, activity=DEW)",0.0100398589964812,0.0
DEW,isobar,0.0859,293.4343434343434,0.0101238692646993,"PerplexDEW (Davies, activity=DEW)",0.0101238692646993,0.0
DEW,isobar,0.0859,294.44444444444446,0.0102076346565749,"PerplexDEW (Davies, activity=DEW)",0.0102076346565749,0.0
DEW,isobar,0.0859,295.45454545454544,0.0102911361120412,"PerplexDEW (Davies, activity=DEW)",0.0102911361120412,0.0
DEW,isobar,0.0859,296.4646464646465,0.0103743089427571,"PerplexDEW (Davies, activity=DEW)",0.0103743089427571,0.0
DEW,isobar,0.0859,297.47474747474746,0.0104571242334143,"PerplexDEW (Davies, activity=DEW)",0.0104571242334143,0.0
DEW,isobar,0.0859,298.4848484848485,0.010539521303909,"PerplexDEW (Davies, activity=DEW)",0.010539521303909,0.0
DEW,isobar,0.0859,299.4949494949495,0.0106214687585641,"PerplexDEW (Davies, activity=DEW)",0.0106214687585641,0.0
DEW,isobar,0.0859,300.5050505050505,0.0107029025356477,"PerplexDEW (Davies, activity=DEW)",0.0107029025356477,0.0
DEW,isobar,0.0859,301.5151515151515,0.0107837643015668,"PerplexDEW (Davies, activity=DEW)",0.0107837643015668,0.0
DEW,isobar,0.0859,302.52525252525254,0.0108640019571429,"PerplexDEW (Davies, activity=DEW)",0.0108640019571429,0.0
DEW,isobar,0.0859,303.5353535353535,0.0109435534744103,"PerplexDEW (Davies, activity=DEW)",0.0109435534744103,0.0
DEW,isobar,0.0859,304.54545454545456,0.0110223547596166,"PerplexDEW (Davies, activity=DEW)",0.0110223547596166,0.0
DEW,isobar,0.0859,305.55555555555554,0.0111003224696453,"PerplexDEW (Davies, activity=DEW)",0.0111003224696453,0.0
DEW,isobar,0.0859,306.5656565656566,0.0111773962589031,"PerplexDEW (Davies, activity=DEW)",0.0111773962589031,0.0
DEW,isobar,0.0859,307.5757575757576,0.0112535052543319,"PerplexDEW (Davies, activity=DEW)",0.0112535052543319,0.0
DEW,isobar,0.0859,308.5858585858586,0.0113285406604712,"PerplexDEW (Davies, activity=DEW)",0.0113285406604712,0.0
DEW,isobar,0.0859,309.5959595959596,0.0114024347380145,"PerplexDEW (Davies, activity=DEW)",0.0114024347380145,0.0
DEW,isobar,0.0859,310.6060606060606,0.0114750812481942,"PerplexDEW (Davies, activity=DEW)",0.0114750812481942,0.0
DEW,isobar,0.0859,311.6161616161616,0.0115463701422521,"PerplexDEW (Davies, activity=DEW)",0.0115463701422521,0.0
DEW,isobar,0.0859,312.62626262626264,0.0116162063228965,"PerplexDEW (Davies, activity=DEW)",0.0116162063228965,0.0
DEW,isobar,0.0859,313.6363636363636,0.0116844726749885,"PerplexDEW (Davies, activity=DEW)",0.0116844726749885,0.0
DEW,isobar,0.0859,314.64646464646466,0.0117510287656911,"PerplexDEW (Davies, activity=DEW)",0.0117510287656911,0.0
DEW,isobar,0.0859,315.65656565656565,0.0118157486829617,"PerplexDEW (Davies, activity=DEW)",0.0118157486829617,0.0
DEW,isobar,0.0859,316.6666666666667,0.0118784627148093,"PerplexDEW (Davies, activity=DEW)",0.0118784627148093,0.0
DEW,isobar,0.0859,317.67676767676767,0.0119390351149266,"PerplexDEW (Davies, activity=DEW)",0.0119390351149266,0.0
DEW,isobar,0.0859,318.6868686868687,0.0119972648067575,"PerplexDEW (Davies, activity=DEW)",0.0119972648067575,0.0
DEW,isobar,0.0859,319.6969696969697,0.0120529638999266,"PerplexDEW (Davies, activity=DEW)",0.0120529638999266,0.0
DEW,isobar,0.0859,320.7070707070707,0.012105938031486,"PerplexDEW (Davies, activity=DEW)",0.012105938031486,0.0
DEW,isobar,0.0859,321.7171717171717,0.012155922805454,"PerplexDEW (Davies, activity=DEW)",0.012155922805454,0.0
DEW,isobar,0.0859,322.72727272727275,0.0122026654266924,"PerplexDEW (Davies, activity=DEW)",0.0122026654266924,0.0
DEW,isobar,0.0859,323.73737373737373,0.0122458825518493,"PerplexDEW (Davies, activity=DEW)",0.0122458825518493,0.0
DEW,isobar,0.0859,324.7474747474748,0.0122852368770372,"PerplexDEW (Davies, activity=DEW)",0.0122852368770372,0.0
DEW,isobar,0.0859,325.7575757575757,0.0123203565887497,"PerplexDEW (Davies, activity=DEW)",0.0123203565887497,0.0
DEW,isobar,0.0859,326.7676767676768,0.012350811386827,"PerplexDEW (Davies, activity=DEW)",0.012350811386827,0.0
DEW,isobar,0.0859,327.77777777777777,0.012376132495023,"PerplexDEW (Davies, activity=DEW)",0.012376132495023,0.0
DEW,isobar,0.0859,328.7878787878788,0.0123957650700331,"PerplexDEW (Davies, activity=DEW)",0.0123957650700331,0.0
DEW,isobar,0.0859,329.7979797979798,0.0124090406707503,"PerplexDEW (Davies, activity=DEW)",0.0124090406707503,0.0
DEW,isobar,0.0859,330.80808080808083,0.0124151480966646,"PerplexDEW (Davies, activity=DEW)",0.0124151480966646,0.0
DEW,isobar,0.0859,331.8181818181818,0.0124131984654638,"PerplexDEW (Davies, activity=DEW)",0.0124131984654638,0.0
DEW,isobar,0.0859,332.82828282828285,0.0124019805208104,"PerplexDEW (Davies, activity=DEW)",0.0124019805208104,0.0
DEW,isobar,0.0859,333.83838383838383,0.01238009163663,"PerplexDEW (Davies, activity=DEW)",0.01238009163663,0.0
DEW,isobar,0.1067,268.0,0.0080624481059185,"PerplexDEW (Davies, activity=DEW)",0.0080624481059185,0.0
DEW,isobar,0.1067,269.010101010101,0.0081449376505822,"PerplexDEW (Davies, activity=DEW)",0.0081449376505822,0.0
DEW,isobar,0.1067,270.020202020202,0.0082277874673844,"PerplexDEW (Davies, activity=DEW)",0.0082277874673844,0.0
DEW,isobar,0.1067,271.030303030303,0.0083109864816755,"PerplexDEW (Davies, activity=DEW)",0.0083109864816755,0.0
DEW,isobar,0.1067,272.04040404040404,0.0083945178348912,"PerplexDEW (Davies, activity=DEW)",0.0083945178348912,0.0
DEW,isobar,0.1067,273.050505050505,0.0084783748262781,"PerplexDEW (Davies, activity=DEW)",0.0084783748262781,0.0
DEW,isobar,0.1067,274.06060606060606,0.0085625423431459,"PerplexDEW (Davies, activity=DEW)",0.0085625423431459,0.0
DEW,isobar,0.1067,275.07070707070704,0.0086470046703446,"PerplexDEW (Davies, activity=DEW)",0.0086470046703446,0.0
DEW,isobar,0.1067,276.0808080808081,0.0087317454766135,"PerplexDEW (Davies, activity=DEW)",0.0087317454766135,0.0
DEW,isobar,0.1067,277.09090909090907,0.0088167535733926,"PerplexDEW (Davies, activity=DEW)",0.0088167535733926,0.0
DEW,isobar,0.1067,278.1010101010101,0.0089020116064813,"PerplexDEW (Davies, activity=DEW)",0.0089020116064813,0.0
DEW,isobar,0.1067,279.1111111111111,0.0089875015698111,"PerplexDEW (Davies, activity=DEW)",0.0089875015698111,0.0
DEW,isobar,0.1067,280.1212121212121,0.009073204791248,"PerplexDEW (Davies, activity=DEW)",0.009073204791248,0.0
DEW,isobar,0.1067,281.1313131313131,0.0091591080316802,"PerplexDEW (Davies, activity=DEW)",0.0091591080316802,0.0
DEW,isobar,0.1067,282.14141414141415,0.009245185305855,"PerplexDEW (Davies, activity=DEW)",0.009245185305855,0.0
DEW,isobar,0.1067,283.1515151515151,0.0093314221501537,"PerplexDEW (Davies, activity=DEW)",0.0093314221501537,0.0
DEW,isobar,0.1067,284.16161616161617,0.0094177909762799,"PerplexDEW (Davies, activity=DEW)",0.0094177909762799,0.0
DEW,isobar,0.1067,285.17171717171715,0.0095042760415311,"PerplexDEW (Davies, activity=DEW)",0.0095042760415311,0.0
DEW,isobar,0.1067,286.1818181818182,0.0095908480909287,"PerplexDEW (Davies, activity=DEW)",0.0095908480909287,0.0
DEW,isobar,0.1067,287.1919191919192,0.009677490047252,"PerplexDEW (Davies, activity=DEW)",0.009677490047252,0.0
DEW,isobar,0.1067,288.2020202020202,0.009764170924267,"PerplexDEW (Davies, activity=DEW)",0.009764170924267,0.0
DEW,isobar,0.1067,289.2121212121212,0.0098508654074149,"PerplexDEW (Davies, activity=DEW)",0.0098508654074149,0.0
DEW,isobar,0.1067,290.22222222222223,0.0099375473672122,"PerplexDEW (Davies, activity=DEW)",0.0099375473672122,0.0
DEW,isobar,0.1067,291.2323232323232,0.0100241828026724,"PerplexDEW (Davies, activity=DEW)",0.0100241828026724,0.0
DEW,isobar,0.1067,292.24242424242425,0.0101107507515131,"PerplexDEW (Davies, activity=DEW)",0.0101107507515131,0.0
DEW,isobar,0.1067,293.25252525252523,0.0101972080629134,"PerplexDEW (Davies, activity=DEW)",0.0101972080629134,0.0
DEW,isobar,0.1067,294.26262626262627,0.0102835245821523,"PerplexDEW (Davies, activity=DEW)",0.0102835245821523,0.0
DEW,isobar,0.1067,295.27272727272725,0.0103696692482824,"PerplexDEW (Davies, activity=DEW)",0.0103696692482824,0.0
DEW,isobar,0.1067,296.2828282828283,0.0104556025307673,"PerplexDEW (Davies, activity=DEW)",0.0104556025307673,0.0
DEW,isobar,0.1067,297.2929292929293,0.0105412835423025,"PerplexDEW (Davies, activity=DEW)",0.0105412835423025,0.0
DEW,isobar,0.1067,298.3030303030303,0.0106266700114132,"PerplexDEW (Davies, activity=DEW)",0.0106266700114132,0.0
DEW,isobar,0.1067,299.3131313131313,0.0107117261211379,"PerplexDEW (Davies, activity=DEW)",0.0107117261211379,0.0
DEW,isobar,0.1067,300.32323232323233,0.010796399100346,"PerplexDEW (Davies, activity=DEW)",0.010796399100346,0.0
DEW,isobar,0.1067,301.3333333333333,0.010880642364337,"PerplexDEW (Davies, activity=DEW)",0.010880642364337,0.0
DEW,isobar,0.1067,302.34343434343435,0.0109644078349265,"PerplexDEW (Davies, activity=DEW)",0.0109644078349265,0.0
DEW,isobar,0.1067,303.35353535353534,0.0110476459134395,"PerplexDEW (Davies, activity=DEW)",0.0110476459134395,0.0
DEW,isobar,0.1067,304.3636363636364,0.01113028861183,"PerplexDEW (Davies, activity=DEW)",0.01113028861183,0.0
DEW,isobar,0.1067,305.37373737373736,0.0112122910579574,"PerplexDEW (Davies, activity=DEW)",0.0112122910579574,0.0
DEW,isobar,0.1067,306.3838383838384,0.0112935812735435,"PerplexDEW (Davies, activity=DEW)",0.0112935812735435,0.0
DEW,isobar,0.1067,307.3939393939394,0.0113740934785874,"PerplexDEW (Davies, activity=DEW)",0.0113740934785874,0.0
DEW,isobar,0.1067,308.4040404040404,0.0114537686336055,"PerplexDEW (Davies, activity=DEW)",0.0114537686336055,0.0
DEW,isobar,0.1067,309.4141414141414,0.0115325189724935,"PerplexDEW (Davies, activity=DEW)",0.0115325189724935,0.0
DEW,isobar,0.1067,310.42424242424244,0.0116102626766797,"PerplexDEW (Davies, activity=DEW)",0.0116102626766797,0.0
DEW,isobar,0.1067,311.4343434343434,0.0116869336765735,"PerplexDEW (Davies, activity=DEW)",0.0116869336765735,0.0
DEW,isobar,0.1067,312.44444444444446,0.0117624265957841,"PerplexDEW (Davies, activity=DEW)",0.0117624265957841,0.0
DEW,isobar,0.1067,313.45454545454544,0.0118366417292701,"PerplexDEW (Davies, activity=DEW)",0.0118366417292701,0.0
DEW,isobar,0.1067,314.4646464646465,0.0119094952297984,"PerplexDEW (Davies, activity=DEW)",0.0119094952297984,0.0
DEW,isobar,0.1067,315.47474747474746,0.0119808618129638,"PerplexDEW (Davies, activity=DEW)",0.0119808618129638,0.0
DEW,isobar,0.1067,316.4848484848485,0.0120506413250864,"PerplexDEW (Davies, activity=DEW)",0.0120506413250864,0.0
DEW,isobar,0.1067,317.4949494949495,0.0121186805304858,"PerplexDEW (Davies, activity=DEW)",0.0121186805304858,0.0
DEW,isobar,0.1067,318.5050505050505,0.0121848610780169,"PerplexDEW (Davies, activity=DEW)",0.0121848610780169,0.0
DEW,isobar,0.1067,319.5151515151515,0.0122490198630176,"PerplexDEW (Davies, activity=DEW)",0.0122490198630176,0.0
DEW,isobar,0.1067,320.52525252525254,0.0123110087663766,"PerplexDEW (Davies, activity=DEW)",0.0123110087663766,0.0
DEW,isobar,0.1067,321.5353535353535,0.0123706642954219,"PerplexDEW (Davies, activity=DEW)",0.0123706642954219,0.0
DEW,isobar,0.1067,322.54545454545456,0.0124277748222989,"PerplexDEW (Davies, activity=DEW)",0.0124277748222989,0.0
DEW,isobar,0.1067,323.55555555555554,0.0124821210538603,"PerplexDEW (Davies, activity=DEW)",0.0124821210538603,0.0
DEW,isobar,0.1067,324.5656565656566,0.0125334978531145,"PerplexDEW (Davies, activity=DEW)",0.0125334978531145,0.0
DEW,isobar,0.1067,325.5757575757576,0.0125816490057918,"PerplexDEW (Davies, activity=DEW)",0.0125816490057918,0.0
DEW,isobar,0.1067,326.5858585858586,0.0126262643837782,"PerplexDEW (Davies, activity=DEW)",0.0126262643837782,0.0
DEW,isobar,0.1067,327.5959595959596,0.0126670453115914,"PerplexDEW (Davies, activity=DEW)",0.0126670453115914,0.0
DEW,isobar,0.1067,328.6060606060606,0.0127036598600864,"PerplexDEW (Davies, activity=DEW)",0.0127036598600864,0.0
DEW,isobar,0.1067,329.6161616161616,0.0127356481354093,"PerplexDEW (Davies, activity=DEW)",0.0127356481354093,0.0
DEW,isobar,0.1067,330.62626262626264,0.0127626039510013,"PerplexDEW (Davies, activity=DEW)",0.0127626039510013,0.0
DEW,isobar,0.1067,331.6363636363636,0.0127839641126585,"PerplexDEW (Davies, activity=DEW)",0.0127839641126585,0.0
DEW,isobar,0.1067,332.64646464646466,0.0127990965768249,"PerplexDEW (Davies, activity=DEW)",0.0127990965768249,0.0
DEW,isobar,0.1067,333.65656565656565,0.0128073466498753,"PerplexDEW (Davies, activity=DEW)",0.0128073466498753,0.0
DEW,isobar,0.1067,334.6666666666667,0.0128077896222727,"PerplexDEW (Davies, activity=DEW)",0.0128077896222727,0.0
DEW,isobar,0.1067,335.67676767676767,0.0127993670403134,"PerplexDEW (Davies, activity=DEW)",0.0127993670403134,0.0
DEW,isobar,0.1067,336.6868686868687,0.0127808309775846,"PerplexDEW (Davies, activity=DEW)",0.0127808309775846,0.0
DEW,isobar,0.1281,280.0,0.00912531920651,"PerplexDEW (Davies, activity=DEW)",0.00912531920651,0.0
DEW,isobar,0.1281,281.010101010101,0.0092127709769821,"PerplexDEW (Davies, activity=DEW)",0.0092127709769821,0.0
DEW,isobar,0.1281,282.020202020202,0.009300447629025,"PerplexDEW (Davies, activity=DEW)",0.009300447629025,0.0
DEW,isobar,0.1281,283.030303030303,0.0093883359884444,"PerplexDEW (Davies, activity=DEW)",0.0093883359884444,0.0
DEW,isobar,0.1281,284.04040404040404,0.0094764161843393,"PerplexDEW (Davies, activity=DEW)",0.0094764161843393,0.0
DEW,isobar,0.1281,285.050505050505,0.0095646708615045,"PerplexDEW (Davies, activity=DEW)",0.0095646708615045,0.0
DEW,isobar,0.1281,286.06060606060606,0.0096530755852573,"PerplexDEW (Davies, activity=DEW)",0.0096530755852573,0.0
DEW,isobar,0.1281,287.07070707070704,0.0097416050002814,"PerplexDEW (Davies, activity=DEW)",0.0097416050002814,0.0
DEW,isobar,0.1281,288.0808080808081,0.0098302395370036,"PerplexDEW (Davies, activity=DEW)",0.0098302395370036,0.0
DEW,isobar,0.1281,289.09090909090907,0.009918962455639,"PerplexDEW (Davies, activity=DEW)",0.009918962455639,0.0
DEW,isobar,0.1281,290.1010101010101,0.0100077358628365,"PerplexDEW (Davies, activity=DEW)",0.0100077358628365,0.0
DEW,isobar,0.1281,291.1111111111111,0.0100965413413006,"PerplexDEW (Davies, activity=DEW)",0.0100965413413006,0.0
DEW,isobar,0.1281,292.1212121212121,0.0101853529325502,"PerplexDEW (Davies, activity=DEW)",0.0101853529325502,0.0
DEW,isobar,0.1281,293.1313131313131,0.0102741438484078,"PerplexDEW (Davies, activity=DEW)",0.0102741438484078,0.0
DEW,isobar,0.1281,294.14141414141415,0.0103628718250487,"PerplexDEW (Davies, activity=DEW)",0.0103628718250487,0.0
DEW,isobar,0.1281,295.1515151515151,0.0104515225902825,"PerplexDEW (Davies, activity=DEW)",0.0104515225902825,0.0
DEW,isobar,0.1281,296.16161616161617,0.0105400517252412,"PerplexDEW (Davies, activity=DEW)",0.0105400517252412,0.0
DEW,isobar,0.1281,297.17171717171715,0.0106284283334069,"PerplexDEW (Davies, activity=DEW)",0.0106284283334069,0.0
DEW,isobar,0.1281,298.1818181818182,0.0107166128655054,"PerplexDEW (Davies, activity=DEW)",0.0107166128655054,0.0
DEW,isobar,0.1281,299.1919191919192,0.0108045800826652,"PerplexDEW (Davies, activity=DEW)",0.0108045800826652,0.0
DEW,isobar,0.1281,300.2020202020202,0.010892272434429,"PerplexDEW (Davies, activity=DEW)",0.010892272434429,0.0
DEW,isobar,0.1281,301.2121212121212,0.0109796623106549,"PerplexDEW (Davies, activity=DEW)",0.0109796623106549,0.0
DEW,isobar,0.1281,302.22222222222223,0.0110666970397973,"PerplexDEW (Davies, activity=DEW)",0.0110666970397973,0.0
DEW,isobar,0.1281,303.2323232323232,0.011153338597204,"PerplexDEW (Davies, activity=DEW)",0.011153338597204,0.0
DEW,isobar,0.1281,304.24242424242425,0.0112395311325245,"PerplexDEW (Davies, activity=DEW)",0.0112395311325245,0.0
DEW,isobar,0.1281,305.25252525252523,0.011325233832306,"PerplexDEW (Davies, activity=DEW)",0.011325233832306,0.0
DEW,isobar,0.1281,306.26262626262627,0.011410378931961,"PerplexDEW (Davies, activity=DEW)",0.011410378931961,0.0
DEW,isobar,0.1281,307.27272727272725,0.0114949223748445,"PerplexDEW (Davies, activity=DEW)",0.0114949223748445,0.0
DEW,isobar,0.1281,308.2828282828283,0.0115788012529386,"PerplexDEW (Davies, activity=DEW)",0.0115788012529386,0.0
DEW,isobar,0.1281,309.2929292929293,0.0116619415743886,"PerplexDEW (Davies, activity=DEW)",0.0116619415743886,0.0
DEW,isobar,0.1281,310.3030303030303,0.011744294005847,"PerplexDEW (Davies, activity=DEW)",0.011744294005847,0.0
DEW,isobar,0.1281,311.3131313131313,0.0118257803431175,"PerplexDEW (Davies, activity=DEW)",0.0118257803431175,0.0
DEW,isobar,0.1281,312.32323232323233,0.0119063196744938,"PerplexDEW (Davies, activity=DEW)",0.0119063196744938,0.0
DEW,isobar,0.1281,313.3333333333333,0.0119858472633891,"PerplexDEW (Davies, activity=DEW)",0.0119858472633891,0.0
DEW,isobar,0.1281,314.34343434343435,0.0120642677996468,"PerplexDEW (Davies, activity=DEW)",0.0120642677996468,0.0
DEW,isobar,0.1281,315.35353535353534,0.0121414923468281,"PerplexDEW (Davies, activity=DEW)",0.0121414923468281,0.0
DEW,isobar,0.1281,316.3636363636364,0.0122174192311448,"PerplexDEW (Davies, activity=DEW)",0.0122174192311448,0.0
DEW,isobar,0.1281,317.37373737373736,0.0122919632800831,"PerplexDEW (Davies, activity=DEW)",0.0122919632800831,0.0
DEW,isobar,0.1281,318.3838383838384,0.012364996429474,"PerplexDEW (Davies, activity=DEW)",0.012364996429474,0.0
DEW,isobar,0.1281,319.3939393939394,0.012436426973633,"PerplexDEW (Davies, activity=DEW)",0.012436426973633,0.0
DEW,isobar,0.1281,320.4040404040404,0.0125060984235189,"PerplexDEW (Davies, activity=DEW)",0.0125060984235189,0.0
DEW,isobar,0.1281,321.4141414141414,0.0125738905279434,"PerplexDEW (Davies, activity=DEW)",0.0125738905279434,0.0
DEW,isobar,0.1281,322.42424242424244,0.0126396580349382,"PerplexDEW (Davies, activity=DEW)",0.0126396580349382,0.0
DEW,isobar,0.1281,323.4343434343434,0.012703250845893,"PerplexDEW (Davies, activity=DEW)",0.012703250845893,0.0
DEW,isobar,0.1281,324.44444444444446,0.0127644811999408,"PerplexDEW (Davies, activity=DEW)",0.0127644811999408,0.0
DEW,isobar,0.1281,325.45454545454544,0.0128231547103749,"PerplexDEW (Davies, activity=DEW)",0.0128231547103749,0.0
DEW,isobar,0.1281,326.4646464646465,0.0128790926899417,"PerplexDEW (Davies, activity=DEW)",0.0128790926899417,0.0
DEW,isobar,0.1281,327.47474747474746,0.0129320654532789,"PerplexDEW (Davies, activity=DEW)",0.0129320654532789,0.0
DEW,isobar,0.1281,328.4848484848485,0.0129818124000377,"PerplexDEW (Davies, activity=DEW)",0.0129818124000377,0.0
DEW,isobar,0.1281,329.4949494949495,0.01302806377687,"PerplexDEW (Davies, activity=DEW)",0.01302806377687,0.0
DEW,isobar,0.1281,330.5050505050505,0.0130705170739982,"PerplexDEW (Davies, activity=DEW)",0.0130705170739982,0.0
DEW,isobar,0.1281,331.5151515151515,0.0131088355367938,"PerplexDEW (Davies, activity=DEW)",0.0131088355367938,0.0
DEW,isobar,0.1281,332.52525252525254,0.0131426466823556,"PerplexDEW (Davies, activity=DEW)",0.0131426466823556,0.0
DEW,isobar,0.1281,333.5353535353535,0.0131714919777539,"PerplexDEW (Davies, activity=DEW)",0.0131714919777539,0.0
DEW,isobar,0.1281,334.54545454545456,0.0131948966111774,"PerplexDEW (Davies, activity=DEW)",0.0131948966111774,0.0
DEW,isobar,0.1281,335.55555555555554,0.0132122444631888,"PerplexDEW (Davies, activity=DEW)",0.0132122444631888,0.0
DEW,isobar,0.1281,336.5656565656566,0.0132229227345639,"PerplexDEW (Davies, activity=DEW)",0.0132229227345639,0.0
DEW,isobar,0.1281,337.5757575757576,0.013226118755687,"PerplexDEW (Davies, activity=DEW)",0.013226118755687,0.0
DEW,isobar,0.1281,338.5858585858586,0.013220887713859,"PerplexDEW (Davies, activity=DEW)",0.013220887713859,0.0
DEW,isobar,0.15,323.95,0.0129533469767289,"PerplexDEW (Davies, activity=DEW)",0.0129533469767289,0.0
DEW,isobar,0.15,324.18333333333334,0.0129693295335969,"PerplexDEW (Davies, activity=DEW)",0.0129693295335969,0.0
DEW,isobar,0.15,324.41666666666663,0.0129852180074793,"PerplexDEW (Davies, activity=DEW)",0.0129852180074793,0.0
DEW,isobar,0.15,324.65,0.0130009678678242,"PerplexDEW (Davies, activity=DEW)",0.0130009678678242,0.0
DEW,isobar,0.15,324.8833333333333,0.0130166217882244,"PerplexDEW (Davies, activity=DEW)",0.0130166217882244,0.0
DEW,isobar,0.15,325.1166666666667,0.0130321789755967,"PerplexDEW (Davies, activity=DEW)",0.0130321789755967,0.0
DEW,isobar,0.15,325.35,0.0130475945250736,"PerplexDEW (Davies, activity=DEW)",0.0130475945250736,0.0
DEW,isobar,0.15,325.5833333333333,0.013062911488524,"PerplexDEW (Davies, activity=DEW)",0.013062911488524,0.0
DEW,isobar,0.15,325.81666666666666,0.0130781068802854,"PerplexDEW (Davies, activity=DEW)",0.0130781068802854,0.0
DEW,isobar,0.15,326.05,0.0130931797014726,"PerplexDEW (Davies, activity=DEW)",0.0130931797014726,0.0
DEW,isobar,0.15,326.2833333333333,0.0131081289500909,"PerplexDEW (Davies, activity=DEW)",0.0131081289500909,0.0
DEW,isobar,0.15,326.51666666666665,0.0131229536210589,"PerplexDEW (Davies, activity=DEW)",0.0131229536210589,0.0
DEW,isobar,0.15,326.75,0.0131376302601696,"PerplexDEW (Davies, activity=DEW)",0.0131376302601696,0.0
DEW,isobar,0.15,326.9833333333333,0.0131522026826996,"PerplexDEW (Davies, activity=DEW)",0.0131522026826996,0.0
DEW,isobar,0.15,327.21666666666664,0.0131666474939435,"PerplexDEW (Davies, activity=DEW)",0.0131666474939435,0.0
DEW,isobar,0.15,327.45,0.013180941033239,"PerplexDEW (Davies, activity=DEW)",0.013180941033239,0.0
DEW,isobar,0.15,327.68333333333334,0.013195104791829,"PerplexDEW (Davies, activity=DEW)",0.013195104791829,0.0
DEW,isobar,0.15,327.9166666666667,0.0132091377462814,"PerplexDEW (Davies, activity=DEW)",0.0132091377462814,0.0
DEW,isobar,0.15,328.15,0.013223038870267,"PerplexDEW (Davies, activity=DEW)",0.013223038870267,0.0
DEW,isobar,0.15,328.3833333333333,0.0132367842261054,"PerplexDEW (Davies, activity=DEW)",0.0132367842261054,0.0
DEW,isobar,0.15,328.6166666666667,0.0132503725820916,"PerplexDEW (Davies, activity=DEW)",0.0132503725820916,0.0
DEW,isobar,0.15,328.85,0.0132638257447052,"PerplexDEW (Davies, activity=DEW)",0.0132638257447052,0.0
DEW,isobar,0.15,329.0833333333333,0.0132771195670822,"PerplexDEW (Davies, activity=DEW)",0.0132771195670822,0.0
DEW,isobar,0.15,329.31666666666666,0.013290275982836,"PerplexDEW (Davies, activity=DEW)",0.013290275982836,0.0
DEW,isobar,0.15,329.55,0.0133032707053448,"PerplexDEW (Davies, activity=DEW)",0.0133032707053448,0.0
DEW,isobar,0.15,329.7833333333333,0.0133161024863357,"PerplexDEW (Davies, activity=DEW)",0.0133161024863357,0.0
DEW,isobar,0.15,330.01666666666665,0.0133287700742041,"PerplexDEW (Davies, activity=DEW)",0.0133287700742041,0.0
DEW,isobar,0.15,330.25,0.013341272214056,"PerplexDEW (Davies, activity=DEW)",0.013341272214056,0.0
DEW,isobar,0.15,330.4833333333333,0.0133536076477603,"PerplexDEW (Davies, activity=DEW)",0.0133536076477603,0.0
DEW,isobar,0.15,330.71666666666664,0.0133657751139952,"PerplexDEW (Davies, activity=DEW)",0.0133657751139952,0.0
DEW,isobar,0.15,330.95,0.0133777497010801,"PerplexDEW (Davies, activity=DEW)",0.0133777497010801,0.0
DEW,isobar,0.15,331.18333333333334,0.0133895773680509,"PerplexDEW (Davies, activity=DEW)",0.0133895773680509,0.0
DEW,isobar,0.15,331.4166666666667,0.0134012094818038,"PerplexDEW (Davies, activity=DEW)",0.0134012094818038,0.0
DEW,isobar,0.15,331.65,0.0134126445645353,"PerplexDEW (Davies, activity=DEW)",0.0134126445645353,0.0
DEW,isobar,0.15,331.8833333333333,0.013423928973492,"PerplexDEW (Davies, activity=DEW)",0.013423928973492,0.0
DEW,isobar,0.15,332.1166666666667,0.0134349896707301,"PerplexDEW (Davies, activity=DEW)",0.0134349896707301,0.0
DEW,isobar,0.15,332.35,0.013445873075372,"PerplexDEW (Davies, activity=DEW)",0.013445873075372,0.0
DEW,isobar,0.15,332.5833333333333,0.0134565537770364,"PerplexDEW (Davies, activity=DEW)",0.0134565537770364,0.0
DEW,isobar,0.15,332.81666666666666,0.0134670060882092,"PerplexDEW (Davies, activity=DEW)",0.0134670060882092,0.0
DEW,isobar,0.15,333.05,0.0134773010907217,"PerplexDEW (Davies, activity=DEW)",0.0134773010907217,0.0
DEW,isobar,0.15,333.2833333333333,0.0134873403737325,"PerplexDEW (Davies, activity=DEW)",0.0134873403737325,0.0
DEW,isobar,0.15,333.51666666666665,0.0134971952190202,"PerplexDEW (Davies, activity=DEW)",0.0134971952190202,0.0
DEW,isobar,0.15,333.75,0.0135068398579496,"PerplexDEW (Davies, activity=DEW)",0.0135068398579496,0.0
DEW,isobar,0.15,333.9833333333333,0.0135162237053997,"PerplexDEW (Davies, activity=DEW)",0.0135162237053997,0.0
DEW,isobar,0.15,334.21666666666664,0.0135254186544579,"PerplexDEW (Davies, activity=DEW)",0.0135254186544579,0.0
DEW,isobar,0.15,334.45,0.0135343740448154,"PerplexDEW (Davies, activity=DEW)",0.0135343740448154,0.0
DEW,isobar,0.15,334.68333333333334,0.0135430881502282,"PerplexDEW (Davies, activity=DEW)",0.0135430881502282,0.0
DEW,isobar,0.15,334.9166666666667,0.0135515344262917,"PerplexDEW (Davies, activity=DEW)",0.0135515344262917,0.0
DEW,isobar,0.15,335.15,0.0135597607014263,"PerplexDEW (Davies, activity=DEW)",0.0135597607014263,0.0
DEW,isobar,0.15,335.3833333333333,0.0135677654492955,"PerplexDEW (Davies, activity=DEW)",0.0135677654492955,0.0
DEW,isobar,0.15,335.6166666666667,0.0135754720691842,"PerplexDEW (Davies, activity=DEW)",0.0135754720691842,0.0
DEW,isobar,0.15,335.85,0.013582928589912,"PerplexDEW (Davies, activity=DEW)",0.013582928589912,0.0
DEW,isobar,0.15,336.0833333333333,0.0135901332685271,"PerplexDEW (Davies, activity=DEW)",0.0135901332685271,0.0
DEW,isobar,0.15,336.31666666666666,0.0135970338922911,"PerplexDEW (Davies, activity=DEW)",0.0135970338922911,0.0
DEW,isobar,0.15,336.55,0.0136036789011386,"PerplexDEW (Davies, activity=DEW)",0.0136036789011386,0.0
DEW,isobar,0.15,336.78333333333336,0.0136100411713413,"PerplexDEW (Davies, activity=DEW)",0.0136100411713413,0.0
DEW,isobar,0.15,337.01666666666665,0.0136161187406865,"PerplexDEW (Davies, activity=DEW)",0.0136161187406865,0.0
DEW,isobar,0.15,337.25,0.0136218841305362,"PerplexDEW (Davies, activity=DEW)",0.0136218841305362,0.0
DEW,isobar,0.15,337.4833333333333,0.0136273607484039,"PerplexDEW (Davies, activity=DEW)",0.0136273607484039,0.0
DEW,isobar,0.15,337.7166666666667,0.0136325209711691,"PerplexDEW (Davies, activity=DEW)",0.0136325209711691,0.0
DEW,isobar,0.15,337.95,0.0136373626179288,"PerplexDEW (Davies, activity=DEW)",0.0136373626179288,0.0
DEW,isobar,0.15,338.18333333333334,0.0136418577102208,"PerplexDEW (Davies, activity=DEW)",0.0136418577102208,0.0
DEW,isobar,0.15,338.4166666666667,0.0136460555854014,"PerplexDEW (Davies, activity=DEW)",0.0136460555854014,0.0
DEW,isobar,0.15,338.65,0.0136499023958854,"PerplexDEW (Davies, activity=DEW)",0.0136499023958854,0.0
DEW,isobar,0.15,338.8833333333333,0.0136533957437821,"PerplexDEW (Davies, activity=DEW)",0.0136533957437821,0.0
DEW,isobar,0.15,339.1166666666667,0.0136565332302879,"PerplexDEW (Davies, activity=DEW)",0.0136565332302879,0.0
DEW,isobar,0.15,339.35,0.0136592863070364,"PerplexDEW (Davies, activity=DEW)",0.0136592863070364,0.0
DEW,isobar,0.15,339.5833333333333,0.0136616785818447,"PerplexDEW (Davies, activity=DEW)",0.0136616785818447,0.0
DEW,isobar,0.15,339.81666666666666,0.0136637076549311,"PerplexDEW (Davies, activity=DEW)",0.0136637076549311,0.0
DEW,isobar,0.15,340.05,0.0136653184045165,"PerplexDEW (Davies, activity=DEW)",0.0136653184045165,0.0
DEW,isobar,0.15,340.28333333333336,0.0136665344391356,"PerplexDEW (Davies, activity=DEW)",0.0136665344391356,0.0
DEW,isobar,0.15,340.51666666666665,0.0136673266458959,"PerplexDEW (Davies, activity=DEW)",0.0136673266458959,0.0
DEW,isobar,0.15,340.75,0.0136677187771262,"PerplexDEW (Davies, activity=DEW)",0.0136677187771262,0.0
DEW,isobar,0.15,340.9833333333333,0.0136676549371946,"PerplexDEW (Davies, activity=DEW)",0.0136676549371946,0.0
DEW,isobar,0.15,341.2166666666667,0.0136671320965808,"PerplexDEW (Davies, activity=DEW)",0.0136671320965808,0.0
DEW,isobar,0.15,341.45,0.0136661740143689,"PerplexDEW (Davies, activity=DEW)",0.0136661740143689,0.0
DEW,isobar,0.15,341.68333333333334,0.0136647241662354,"PerplexDEW (Davies, activity=DEW)",0.0136647241662354,0.0
DEW,isobar,0.15,341.9166666666667,0.0136628062477295,"PerplexDEW (Davies, activity=DEW)",0.0136628062477295,0.0
DEW,isobar,0.15,342.15,0.0122434994623699,"PerplexDEW (Davies, activity=DEW)",0.0122434994623699,0.0
DEW,isobar,0.1565,323.95,0.0130150561909569,"PerplexDEW (Davies, activity=DEW)",0.0130150561909569,0.0
DEW,isobar,0.1565,324.18333333333334,0.0130315439528063,"PerplexDEW (Davies, activity=DEW)",0.0130315439528063,0.0
DEW,isobar,0.1565,324.41666666666663,0.013047939917652,"PerplexDEW (Davies, activity=DEW)",0.013047939917652,0.0
DEW,isobar,0.1565,324.65,0.013064221430785,"PerplexDEW (Davies, activity=DEW)",0.013064221430785,0.0
DEW,isobar,0.1565,324.8833333333333,0.0130804094276102,"PerplexDEW (Davies, activity=DEW)",0.0130804094276102,0.0
DEW,isobar,0.1565,325.1166666666667,0.0130964921302135,"PerplexDEW (Davies, activity=DEW)",0.0130964921302135,0.0
DEW,isobar,0.1565,325.35,0.0131124576285859,"PerplexDEW (Davies, activity=DEW)",0.0131124576285859,0.0
DEW,isobar,0.1565,325.5833333333333,0.013128327043326,"PerplexDEW (Davies, activity=DEW)",0.013128327043326,0.0
DEW,isobar,0.1565,325.81666666666666,0.0131440774041445,"PerplexDEW (Davies, activity=DEW)",0.0131440774041445,0.0
DEW,isobar,0.1565,326.05,0.0131597188362622,"PerplexDEW (Davies, activity=DEW)",0.0131597188362622,0.0
DEW,isobar,0.1565,326.2833333333333,0.0131752392878651,"PerplexDEW (Davies, activity=DEW)",0.0131752392878651,0.0
DEW,isobar,0.1565,326.51666666666665,0.0131906489433902,"PerplexDEW (Davies, activity=DEW)",0.0131906489433902,0.0
DEW,isobar,0.1565,326.75,0.0132059356797411,"PerplexDEW (Davies, activity=DEW)",0.0132059356797411,0.0
DEW,isobar,0.1565,326.9833333333333,0.0132211097409169,"PerplexDEW (Davies, activity=DEW)",0.0132211097409169,0.0
DEW,isobar,0.1565,327.21666666666664,0.0132361476487826,"PerplexDEW (Davies, activity=DEW)",0.0132361476487826,0.0
DEW,isobar,0.1565,327.45,0.0132510596082677,"PerplexDEW (Davies, activity=DEW)",0.0132510596082677,0.0
DEW,isobar,0.1565,327.68333333333334,0.0132658559530786,"PerplexDEW (Davies, activity=DEW)",0.0132658559530786,0.0
DEW,isobar,0.1565,327.9166666666667,0.0132805243808672,"PerplexDEW (Davies, activity=DEW)",0.0132805243808672,0.0
DEW,isobar,0.1565,328.15,0.0132950410379774,"PerplexDEW (Davies, activity=DEW)",0.0132950410379774,0.0
DEW,isobar,0.1565,328.3833333333333,0.0133094504968784,"PerplexDEW (Davies, activity=DEW)",0.0133094504968784,0.0
DEW,isobar,0.1565,328.6166666666667,0.0133237059993442,"PerplexDEW (Davies, activity=DEW)",0.0133237059993442,0.0
DEW,isobar,0.1565,328.85,0.0133378293461996,"PerplexDEW (Davies, activity=DEW)",0.0133378293461996,0.0
DEW,isobar,0.1565,329.0833333333333,0.0133517964048872,"PerplexDEW (Davies, activity=DEW)",0.0133517964048872,0.0
DEW,isobar,0.1565,329.31666666666666,0.0133656291032099,"PerplexDEW (Davies, activity=DEW)",0.0133656291032099,0.0
DEW,isobar,0.1565,329.55,0.0133793264011437,"PerplexDEW (Davies, activity=DEW)",0.0133793264011437,0.0
DEW,isobar,0.1565,329.7833333333333,0.013392863955884,"PerplexDEW (Davies, activity=DEW)",0.013392863955884,0.0
DEW,isobar,0.1565,330.01666666666665,0.013406263887076,"PerplexDEW (Davies, activity=DEW)",0.013406263887076,0.0
DEW,isobar,0.1565,330.25,0.0134195017111916,"PerplexDEW (Davies, activity=DEW)",0.0134195017111916,0.0
DEW,isobar,0.1565,330.4833333333333,0.0134325761740118,"PerplexDEW (Davies, activity=DEW)",0.0134325761740118,0.0
DEW,isobar,0.1565,330.71666666666664,0.0134454860179386,"PerplexDEW (Davies, activity=DEW)",0.0134454860179386,0.0
DEW,isobar,0.1565,330.95,0.013458253620039,"PerplexDEW (Davies, activity=DEW)",0.013458253620039,0.0
DEW,isobar,0.1565,331.18333333333334,0.0134708305080528,"PerplexDEW (Davies, activity=DEW)",0.0134708305080528,0.0
DEW,isobar,0.1565,331.4166666666667,0.0134832627587174,"PerplexDEW (Davies, activity=DEW)",0.0134832627587174,0.0
DEW,isobar,0.1565,331.65,0.0134955016214951,"PerplexDEW (Davies, activity=DEW)",0.0134955016214951,0.0
DEW,isobar,0.1565,331.8833333333333,0.0135075934390976,"PerplexDEW (Davies, activity=DEW)",0.0135075934390976,0.0
DEW,isobar,0.1565,332.1166666666667,0.0135194891819934,"PerplexDEW (Davies, activity=DEW)",0.0135194891819934,0.0
DEW,isobar,0.1565,332.35,0.0135312114125034,"PerplexDEW (Davies, activity=DEW)",0.0135312114125034,0.0
DEW,isobar,0.1565,332.5833333333333,0.0135427347316103,"PerplexDEW (Davies, activity=DEW)",0.0135427347316103,0.0
DEW,isobar,0.1565,332.81666666666666,0.0135540818321301,"PerplexDEW (Davies, activity=DEW)",0.0135540818321301,0.0
DEW,isobar,0.1565,333.05,0.0135652514250652,"PerplexDEW (Davies, activity=DEW)",0.0135652514250652,0.0
DEW,isobar,0.1565,333.2833333333333,0.013576217895912,"PerplexDEW (Davies, activity=DEW)",0.013576217895912,0.0
DEW,isobar,0.1565,333.51666666666665,0.013586979742921,"PerplexDEW (Davies, activity=DEW)",0.013586979742921,0.0
DEW,isobar,0.1565,333.75,0.01359753546104,"PerplexDEW (Davies, activity=DEW)",0.01359753546104,0.0
DEW,isobar,0.1565,333.9833333333333,0.0136078835419925,"PerplexDEW (Davies, activity=DEW)",0.0136078835419925,0.0
DEW,isobar,0.1565,334.21666666666664,0.0136180470739745,"PerplexDEW (Davies, activity=DEW)",0.0136180470739745,0.0
DEW,isobar,0.1565,334.45,0.0136279754127685,"PerplexDEW (Davies, activity=DEW)",0.0136279754127685,0.0
DEW,isobar,0.1565,334.68333333333334,0.0136376915711536,"PerplexDEW (Davies, activity=DEW)",0.0136376915711536,0.0
DEW,isobar,0.1565,334.9166666666667,0.0136471692204532,"PerplexDEW (Davies, activity=DEW)",0.0136471692204532,0.0
DEW,isobar,0.1565,335.15,0.0136564563844392,"PerplexDEW (Davies, activity=DEW)",0.0136564563844392,0.0
DEW,isobar,0.1565,335.3833333333333,0.0136654769026725,"PerplexDEW (Davies, activity=DEW)",0.0136654769026725,0.0
DEW,isobar,0.1565,335.6166666666667,0.0136742788628261,"PerplexDEW (Davies, activity=DEW)",0.0136742788628261,0.0
DEW,isobar,0.1565,335.85,0.0136828356454402,"PerplexDEW (Davies, activity=DEW)",0.0136828356454402,0.0
DEW,isobar,0.1565,336.0833333333333,0.0136911706643109,"PerplexDEW (Davies, activity=DEW)",0.0136911706643109,0.0
DEW,isobar,0.1565,336.31666666666666,0.0136992319263884,"PerplexDEW (Davies, activity=DEW)",0.0136992319263884,0.0
DEW,isobar,0.1565,336.55,0.0137070427698452,"PerplexDEW (Davies, activity=DEW)",0.0137070427698452,0.0
DEW,isobar,0.1565,336.78333333333336,0.0137145760733799,"PerplexDEW (Davies, activity=DEW)",0.0137145760733799,0.0
DEW,isobar,0.1565,337.01666666666665,0.0137218553102854,"PerplexDEW (Davies, activity=DEW)",0.0137218553102854,0.0
DEW,isobar,0.1565,337.25,0.0137288787232781,"PerplexDEW (Davies, activity=DEW)",0.0137288787232781,0.0
DEW,isobar,0.1565,337.4833333333333,0.0137356189723909,"PerplexDEW (Davies, activity=DEW)",0.0137356189723909,0.0
DEW,isobar,0.1565,337.7166666666667,0.0137420740841864,"PerplexDEW (Davies, activity=DEW)",0.0137420740841864,0.0
DEW,isobar,0.1565,337.95,0.0137482163610157,"PerplexDEW (Davies, activity=DEW)",0.0137482163610157,0.0
DEW,isobar,0.1565,338.18333333333334,0.0137540951981835,"PerplexDEW (Davies, activity=DEW)",0.0137540951981835,0.0
DEW,isobar,0.1565,338.4166666666667,0.013759657101176,"PerplexDEW (Davies, activity=DEW)",0.013759657101176,0.0
DEW,isobar,0.1565,338.65,0.0137648998758124,"PerplexDEW (Davies, activity=DEW)",0.0137648998758124,0.0
DEW,isobar,0.1565,338.8833333333333,0.0137698473315655,"PerplexDEW (Davies, activity=DEW)",0.0137698473315655,0.0
DEW,isobar,0.1565,339.1166666666667,0.0137744453307551,"PerplexDEW (Davies, activity=DEW)",0.0137744453307551,0.0
DEW,isobar,0.1565,339.35,0.0137787437564512,"PerplexDEW (Davies, activity=DEW)",0.0137787437564512,0.0
DEW,isobar,0.1565,339.5833333333333,0.0137826881842825,"PerplexDEW (Davies, activity=DEW)",0.0137826881842825,0.0
DEW,isobar,0.1565,339.81666666666666,0.0137862761997074,"PerplexDEW (Davies, activity=DEW)",0.0137862761997074,0.0
DEW,isobar,0.1565,340.05,0.0137895317483859,"PerplexDEW (Davies, activity=DEW)",0.0137895317483859,0.0
DEW,isobar,0.1565,340.28333333333336,0.013792426195619,"PerplexDEW (Davies, activity=DEW)",0.013792426195619,0.0
DEW,isobar,0.1565,340.51666666666665,0.0137949306215257,"PerplexDEW (Davies, activity=DEW)",0.0137949306215257,0.0
DEW,isobar,0.1565,340.75,0.013797068970849,"PerplexDEW (Davies, activity=DEW)",0.013797068970849,0.0
DEW,isobar,0.1565,340.9833333333333,0.0137987855351594,"PerplexDEW (Davies, activity=DEW)",0.0137987855351594,0.0
DEW,isobar,0.1565,341.2166666666667,0.0138001309061863,"PerplexDEW (Davies, activity=DEW)",0.0138001309061863,0.0
DEW,isobar,0.1565,341.45,0.013801049091788,"PerplexDEW (Davies, activity=DEW)",0.013801049091788,0.0
DEW,isobar,0.1565,341.68333333333334,0.0138015641110659,"PerplexDEW (Davies, activity=DEW)",0.0138015641110659,0.0
DEW,isobar,0.1565,341.9166666666667,0.0138016464071683,"PerplexDEW (Davies, activity=DEW)",0.0138016464071683,0.0
DEW,isobar,0.1565,342.15,0.0138012661401132,"PerplexDEW (Davies, activity=DEW)",0.0138012661401132,0.0
DEW,isobar,0.1565,342.3833333333333,0.013800447335638,"PerplexDEW (Davies, activity=DEW)",0.013800447335638,0.0
DEW,isobar,0.1565,342.6166666666667,0.0137991328716219,"PerplexDEW (Davies, activity=DEW)",0.0137991328716219,0.0
DEW,isobar,0.1565,342.85,0.0137973467096288,"PerplexDEW (Davies, activity=DEW)",0.0137973467096288,0.0
DEW,isobar,0.1565,343.0833333333333,0.0137950585249058,"PerplexDEW (Davies, activity=DEW)",0.0137950585249058,0.0
DEW,isobar,0.1867,310.0,0.0120732689341237,"PerplexDEW (Davies, activity=DEW)",0.0120732689341237,0.0
DEW,isobar,0.1867,311.010101010101,0.01216562293434,"PerplexDEW (Davies, activity=DEW)",0.01216562293434,0.0
DEW,isobar,0.1867,312.020202020202,0.0122575113485462,"PerplexDEW (Davies, activity=DEW)",0.0122575113485462,0.0
DEW,isobar,0.1867,313.030303030303,0.012348863994763,"PerplexDEW (Davies, activity=DEW)",0.012348863994763,0.0
DEW,isobar,0.1867,314.04040404040404,0.0124396271060886,"PerplexDEW (Davies, activity=DEW)",0.0124396271060886,0.0
DEW,isobar,0.1867,315.050505050505,0.0125297452643457,"PerplexDEW (Davies, activity=DEW)",0.0125297452643457,0.0
DEW,isobar,0.1867,316.06060606060606,0.0126191711324208,"PerplexDEW (Davies, activity=DEW)",0.0126191711324208,0.0
DEW,isobar,0.1867,317.07070707070704,0.0127078265185184,"PerplexDEW (Davies, activity=DEW)",0.0127078265185184,0.0
DEW,isobar,0.1867,318.0808080808081,0.0127956505023027,"PerplexDEW (Davies, activity=DEW)",0.0127956505023027,0.0
DEW,isobar,0.1867,319.09090909090907,0.0128825600971857,"PerplexDEW (Davies, activity=DEW)",0.0128825600971857,0.0
DEW,isobar,0.1867,320.1010101010101,0.0129685105972799,"PerplexDEW (Davies, activity=DEW)",0.0129685105972799,0.0
DEW,isobar,0.1867,321.1111111111111,0.0130533940334634,"PerplexDEW (Davies, activity=DEW)",0.0130533940334634,0.0
DEW,isobar,0.1867,322.1212121212121,0.0131371406437514,"PerplexDEW (Davies, activity=DEW)",0.0131371406437514,0.0
DEW,isobar,0.1867,323.1313131313131,0.013219657394027,"PerplexDEW (Davies, activity=DEW)",0.013219657394027,0.0
DEW,isobar,0.1867,324.14141414141415,0.0133008590616599,"PerplexDEW (Davies, activity=DEW)",0.0133008590616599,0.0
DEW,isobar,0.1867,325.1515151515151,0.0133806359818737,"PerplexDEW (Davies, activity=DEW)",0.0133806359818737,0.0
DEW,isobar,0.1867,326.16161616161617,0.0134588970473498,"PerplexDEW (Davies, activity=DEW)",0.0134588970473498,0.0
DEW,isobar,0.1867,327.17171717171715,0.0135355260681693,"PerplexDEW (Davies, activity=DEW)",0.0135355260681693,0.0
DEW,isobar,0.1867,328.1818181818182,0.0136103917062392,"PerplexDEW (Davies, activity=DEW)",0.0136103917062392,0.0
DEW,isobar,0.1867,329.1919191919192,0.0136833697842323,"PerplexDEW (Davies, activity=DEW)",0.0136833697842323,0.0
DEW,isobar,0.1867,330.2020202020202,0.0137543322723788,"PerplexDEW (Davies, activity=DEW)",0.0137543322723788,0.0
DEW,isobar,0.1867,331.2121212121212,0.013823123579895,"PerplexDEW (Davies, activity=DEW)",0.013823123579895,0.0
DEW,isobar,0.1867,332.22222222222223,0.0138895829998022,"PerplexDEW (Davies, activity=DEW)",0.0138895829998022,0.0
DEW,isobar,0.1867,333.2323232323232,0.0139535325230109,"PerplexDEW (Davies, activity=DEW)",0.0139535325230109,0.0
DEW,isobar,0.1867,334.24242424242425,0.0140148128893108,"PerplexDEW (Davies, activity=DEW)",0.0140148128893108,0.0
DEW,isobar,0.1867,335.25252525252523,0.0140731855732115,"PerplexDEW (Davies, activity=DEW)",0.0140731855732115,0.0
DEW,isobar,0.1867,336.26262626262627,0.0141284540636683,"PerplexDEW (Davies, activity=DEW)",0.0141284540636683,0.0
DEW,isobar,0.1867,337.27272727272725,0.0141803649346492,"PerplexDEW (Davies, activity=DEW)",0.0141803649346492,0.0
DEW,isobar,0.1867,338.2828282828283,0.0142286563254317,"PerplexDEW (Davies, activity=DEW)",0.0142286563254317,0.0
DEW,isobar,0.1867,339.2929292929293,0.0142730579107449,"PerplexDEW (Davies, activity=DEW)",0.0142730579107449,0.0
DEW,isobar,0.1867,340.3030303030303,0.0143132116229817,"PerplexDEW (Davies, activity=DEW)",0.0143132116229817,0.0
DEW,isobar,0.1867,341.3131313131313,0.0143487738985943,"PerplexDEW (Davies, activity=DEW)",0.0143487738985943,0.0
DEW,isobar,0.1867,342.32323232323233,0.0143793361070659,"PerplexDEW (Davies, activity=DEW)",0.0143793361070659,0.0
DEW,isobar,0.1867,343.3333333333333,0.0144044488201049,"PerplexDEW (Davies, activity=DEW)",0.0144044488201049,0.0
DEW,isobar,0.1867,344.34343434343435,0.0144235926343675,"PerplexDEW (Davies, activity=DEW)",0.0144235926343675,0.0
DEW,isobar,0.1867,345.35353535353534,0.0144361471415112,"PerplexDEW (Davies, activity=DEW)",0.0144361471415112,0.0
DEW,isobar,0.1867,346.3636363636364,0.0144414430696267,"PerplexDEW (Davies, activity=DEW)",0.0144414430696267,0.0
DEW,isobar,0.2,317.6,0.0128460639768905,"PerplexDEW (Davies, activity=DEW)",0.0128460639768905,0.0
DEW,isobar,0.2,318.1333333333334,0.0128937556383498,"PerplexDEW (Davies, activity=DEW)",0.0128937556383498,0.0
DEW,isobar,0.2,318.6666666666667,0.0129412253624856,"PerplexDEW (Davies, activity=DEW)",0.0129412253624856,0.0
DEW,isobar,0.2,319.20000000000005,0.0129884670493747,"PerplexDEW (Davies, activity=DEW)",0.0129884670493747,0.0
DEW,isobar,0.2,319.7333333333333,0.013035474561778,"PerplexDEW (Davies, activity=DEW)",0.013035474561778,0.0
DEW,isobar,0.2,320.2666666666667,0.0130822314127666,"PerplexDEW (Davies, activity=DEW)",0.0130822314127666,0.0
DEW,isobar,0.2,320.8,0.0131287104114071,"PerplexDEW (Davies, activity=DEW)",0.0131287104114071,0.0
DEW,isobar,0.2,321.33333333333337,0.0131749254853647,"PerplexDEW (Davies, activity=DEW)",0.0131749254853647,0.0
DEW,isobar,0.2,321.8666666666667,0.0132208595491796,"PerplexDEW (Davies, activity=DEW)",0.0132208595491796,0.0
DEW,isobar,0.2,322.40000000000003,0.0132664951722535,"PerplexDEW (Davies, activity=DEW)",0.0132664951722535,0.0
DEW,isobar,0.2,322.93333333333334,0.013311825227791,"PerplexDEW (Davies, activity=DEW)",0.013311825227791,0.0
DEW,isobar,0.2,323.4666666666667,0.0133568210771791,"PerplexDEW (Davies, activity=DEW)",0.0133568210771791,0.0
DEW,isobar,0.2,324.0,0.013401496629392,"PerplexDEW (Davies, activity=DEW)",0.013401496629392,0.0
DEW,isobar,0.2,324.53333333333336,0.013445822828482,"PerplexDEW (Davies, activity=DEW)",0.013445822828482,0.0
DEW,isobar,0.2,325.06666666666666,0.0134897918585746,"PerplexDEW (Davies, activity=DEW)",0.0134897918585746,0.0
DEW,isobar,0.2,325.6,0.013533395839121,"PerplexDEW (Davies, activity=DEW)",0.013533395839121,0.0
DEW,isobar,0.2,326.1333333333333,0.0135766046358955,"PerplexDEW (Davies, activity=DEW)",0.0135766046358955,0.0
DEW,isobar,0.2,326.6666666666667,0.0136193986204541,"PerplexDEW (Davies, activity=DEW)",0.0136193986204541,0.0
DEW,isobar,0.2,327.2,0.013661780284995,"PerplexDEW (Davies, activity=DEW)",0.013661780284995,0.0
DEW,isobar,0.2,327.7333333333333,0.0137037297134206,"PerplexDEW (Davies, activity=DEW)",0.0137037297134206,0.0
DEW,isobar,0.2,328.26666666666665,0.013745238015128,"PerplexDEW (Davies, activity=DEW)",0.013745238015128,0.0
DEW,isobar,0.2,328.8,0.0137862618109355,"PerplexDEW (Davies, activity=DEW)",0.0137862618109355,0.0
DEW,isobar,0.2,329.33333333333337,0.0138268260326587,"PerplexDEW (Davies, activity=DEW)",0.0138268260326587,0.0
DEW,isobar,0.2,329.8666666666667,0.0138668634458108,"PerplexDEW (Davies, activity=DEW)",0.0138668634458108,0.0
DEW,isobar,0.2,330.40000000000003,0.0139063871325618,"PerplexDEW (Davies, activity=DEW)",0.0139063871325618,0.0
DEW,isobar,0.2,330.93333333333334,0.013945363590589,"PerplexDEW (Davies, activity=DEW)",0.013945363590589,0.0
DEW,isobar,0.2,331.4666666666667,0.0139837823422288,"PerplexDEW (Davies, activity=DEW)",0.0139837823422288,0.0
DEW,isobar,0.2,332.0,0.0140216328351638,"PerplexDEW (Davies, activity=DEW)",0.0140216328351638,0.0
DEW,isobar,0.2,332.53333333333336,0.0140588563689533,"PerplexDEW (Davies, activity=DEW)",0.0140588563689533,0.0
DEW,isobar,0.2,333.06666666666666,0.0140954654894162,"PerplexDEW (Davies, activity=DEW)",0.0140954654894162,0.0
DEW,isobar,0.2,333.6,0.0141314245897244,"PerplexDEW (Davies, activity=DEW)",0.0141314245897244,0.0
DEW,isobar,0.2,334.1333333333333,0.0141666973491352,"PerplexDEW (Davies, activity=DEW)",0.0141666973491352,0.0
DEW,isobar,0.2,334.6666666666667,0.0142012714035549,"PerplexDEW (Davies, activity=DEW)",0.0142012714035549,0.0
DEW,isobar,0.2,335.2,0.0142351343099591,"PerplexDEW (Davies, activity=DEW)",0.0142351343099591,0.0
DEW,isobar,0.2,335.7333333333333,0.0142682235499515,"PerplexDEW (Davies, activity=DEW)",0.0142682235499515,0.0
DEW,isobar,0.2,336.26666666666665,0.0143005255524695,"PerplexDEW (Davies, activity=DEW)",0.0143005255524695,0.0
DEW,isobar,0.2,336.8,0.014332026665649,"PerplexDEW (Davies, activity=DEW)",0.014332026665649,0.0
DEW,isobar,0.2,337.3333333333333,0.0143626876703403,"PerplexDEW (Davies, activity=DEW)",0.0143626876703403,0.0
DEW,isobar,0.2,337.8666666666667,0.0143924429602316,"PerplexDEW (Davies, activity=DEW)",0.0143924429602316,0.0
DEW,isobar,0.2,338.4,0.0144213029867362,"PerplexDEW (Davies, activity=DEW)",0.0144213029867362,0.0
DEW,isobar,0.2,338.93333333333334,0.0144492268148649,"PerplexDEW (Davies, activity=DEW)",0.0144492268148649,0.0
DEW,isobar,0.2,339.4666666666667,0.0144761466203804,"PerplexDEW (Davies, activity=DEW)",0.0144761466203804,0.0
DEW,isobar,0.2,340.0,0.0145020194879397,"PerplexDEW (Davies, activity=DEW)",0.0145020194879397,0.0
DEW,isobar,0.2,340.53333333333336,0.0145268547249974,"PerplexDEW (Davies, activity=DEW)",0.0145268547249974,0.0
DEW,isobar,0.2,341.06666666666666,0.0145505556265085,"PerplexDEW (Davies, activity=DEW)",0.0145505556265085,0.0
DEW,isobar,0.2,341.6,0.0145731038614851,"PerplexDEW (Davies, activity=DEW)",0.0145731038614851,0.0
DEW,isobar,0.2,342.1333333333333,0.0145944270494845,"PerplexDEW (Davies, activity=DEW)",0.0145944270494845,0.0
DEW,isobar,0.2,342.6666666666667,0.0146145057077367,"PerplexDEW (Davies, activity=DEW)",0.0146145057077367,0.0
DEW,isobar,0.2,343.2,0.0146332656332793,"PerplexDEW (Davies, activity=DEW)",0.0146332656332793,0.0
DEW,isobar,0.2,343.7333333333333,0.0146506312058029,"PerplexDEW (Davies, activity=DEW)",0.0146506312058029,0.0
DEW,isobar,0.2,344.26666666666665,0.0146665253878483,"PerplexDEW (Davies, activity=DEW)",0.0146665253878483,0.0
DEW,isobar,0.2,344.8,0.0146809532435259,"PerplexDEW (Davies, activity=DEW)",0.0146809532435259,0.0
DEW,isobar,0.2,345.3333333333333,0.0146938084372394,"PerplexDEW (Davies, activity=DEW)",0.0146938084372394,0.0
DEW,isobar,0.2,345.8666666666667,0.0147049825472366,"PerplexDEW (Davies, activity=DEW)",0.0147049825472366,0.0
DEW,isobar,0.2,346.4,0.0147144217753256,"PerplexDEW (Davies, activity=DEW)",0.0147144217753256,0.0
DEW,isobar,0.2,346.93333333333334,0.0147220430982258,"PerplexDEW (Davies, activity=DEW)",0.0147220430982258,0.0
DEW,isobar,0.2,347.46666666666664,0.014727704727276,"PerplexDEW (Davies, activity=DEW)",0.014727704727276,0.0
DEW,isobar,0.2,348.0,0.0147313776108172,"PerplexDEW (Davies, activity=DEW)",0.0147313776108172,0.0
DEW,isobar,0.2,348.5333333333333,0.0147329165736801,"PerplexDEW (Davies, activity=DEW)",0.0147329165736801,0.0
DEW,isobar,0.2051,317.6,0.0128806410499041,"PerplexDEW (Davies, activity=DEW)",0.0128806410499041,0.0
DEW,isobar,0.2051,318.1333333333334,0.01292886742395,"PerplexDEW (Davies, activity=DEW)",0.01292886742395,0.0
DEW,isobar,0.2051,318.6666666666667,0.0129768873465429,"PerplexDEW (Davies, activity=DEW)",0.0129768873465429,0.0
DEW,isobar,0.2051,319.20000000000005,0.0130246949596452,"PerplexDEW (Davies, activity=DEW)",0.0130246949596452,0.0
DEW,isobar,0.2051,319.7333333333333,0.0130722639308915,"PerplexDEW (Davies, activity=DEW)",0.0130722639308915,0.0
DEW,isobar,0.2051,320.2666666666667,0.013119608470839,"PerplexDEW (Davies, activity=DEW)",0.013119608470839,0.0
DEW,isobar,0.2051,320.8,0.0131666914946117,"PerplexDEW (Davies, activity=DEW)",0.0131666914946117,0.0
DEW,isobar,0.2051,321.33333333333337,0.0132135167378517,"PerplexDEW (Davies, activity=DEW)",0.0132135167378517,0.0
DEW,isobar,0.2051,321.8666666666667,0.0132600671552532,"PerplexDEW (Davies, activity=DEW)",0.0132600671552532,0.0
DEW,isobar,0.2051,322.40000000000003,0.0133063465075987,"PerplexDEW (Davies, activity=DEW)",0.0133063465075987,0.0
DEW,isobar,0.2051,322.93333333333334,0.0133523268410768,"PerplexDEW (Davies, activity=DEW)",0.0133523268410768,0.0
DEW,isobar,0.2051,323.4666666666667,0.0133980010045106,"PerplexDEW (Davies, activity=DEW)",0.0133980010045106,0.0
DEW,isobar,0.2051,324.0,0.0134433617852122,"PerplexDEW (Davies, activity=DEW)",0.0134433617852122,0.0
DEW,isobar,0.2051,324.53333333333336,0.0134883801741003,"PerplexDEW (Davies, activity=DEW)",0.0134883801741003,0.0
DEW,isobar,0.2051,325.06666666666666,0.0135330702757245,"PerplexDEW (Davies, activity=DEW)",0.0135330702757245,0.0
DEW,isobar,0.2051,325.6,0.0135773916449691,"PerplexDEW (Davies, activity=DEW)",0.0135773916449691,0.0
DEW,isobar,0.2051,326.1333333333333,0.0136213472419489,"PerplexDEW (Davies, activity=DEW)",0.0136213472419489,0.0
DEW,isobar,0.2051,326.6666666666667,0.0136649179292896,"PerplexDEW (Davies, activity=DEW)",0.0136649179292896,0.0
DEW,isobar,0.2051,327.2,0.0137080954445543,"PerplexDEW (Davies, activity=DEW)",0.0137080954445543,0.0
DEW,isobar,0.2051,327.7333333333333,0.0137508601428064,"PerplexDEW (Davies, activity=DEW)",0.0137508601428064,0.0
DEW,isobar,0.2051,328.26666666666665,0.0137931920090385,"PerplexDEW (Davies, activity=DEW)",0.0137931920090385,0.0
DEW,isobar,0.2051,328.8,0.0138350706549838,"PerplexDEW (Davies, activity=DEW)",0.0138350706549838,0.0
DEW,isobar,0.2051,329.33333333333337,0.0138764868618664,"PerplexDEW (Davies, activity=DEW)",0.0138764868618664,0.0
DEW,isobar,0.2051,329.8666666666667,0.0139174313403424,"PerplexDEW (Davies, activity=DEW)",0.0139174313403424,0.0
DEW,isobar,0.2051,330.40000000000003,0.0139578713298329,"PerplexDEW (Davies, activity=DEW)",0.0139578713298329,0.0
DEW,isobar,0.2051,330.93333333333334,0.0139977969342788,"PerplexDEW (Davies, activity=DEW)",0.0139977969342788,0.0
DEW,isobar,0.2051,331.4666666666667,0.0140371744710999,"PerplexDEW (Davies, activity=DEW)",0.0140371744710999,0.0
DEW,isobar,0.2051,332.0,0.0140760172988599,"PerplexDEW (Davies, activity=DEW)",0.0140760172988599,0.0
DEW,isobar,0.2051,332.53333333333336,0.0141142672456381,"PerplexDEW (Davies, activity=DEW)",0.0141142672456381,0.0
DEW,isobar,0.2051,333.06666666666666,0.0141519373634035,"PerplexDEW (Davies, activity=DEW)",0.0141519373634035,0.0
DEW,isobar,0.2051,333.6,0.0141889682228047,"PerplexDEW (Davies, activity=DEW)",0.0141889682228047,0.0
DEW,isobar,0.2051,334.1333333333333,0.0142253725639466,"PerplexDEW (Davies, activity=DEW)",0.0142253725639466,0.0
DEW,isobar,0.2051,334.6666666666667,0.0142610896868981,"PerplexDEW (Davies, activity=DEW)",0.0142610896868981,0.0
DEW,isobar,0.2051,335.2,0.014296132015687,"PerplexDEW (Davies, activity=DEW)",0.014296132015687,0.0
DEW,isobar,0.2051,335.7333333333333,0.0143304375679602,"PerplexDEW (Davies, activity=DEW)",0.0143304375679602,0.0
DEW,isobar,0.2051,336.26666666666665,0.0143640184486964,"PerplexDEW (Davies, activity=DEW)",0.0143640184486964,0.0
DEW,isobar,0.2051,336.8,0.0143968113827894,"PerplexDEW (Davies, activity=DEW)",0.0143968113827894,0.0
DEW,isobar,0.2051,337.3333333333333,0.0144288026725951,"PerplexDEW (Davies, activity=DEW)",0.0144288026725951,0.0
DEW,isobar,0.2051,337.8666666666667,0.0144599528943216,"PerplexDEW (Davies, activity=DEW)",0.0144599528943216,0.0
DEW,isobar,0.2051,338.4,0.0144902476979813,"PerplexDEW (Davies, activity=DEW)",0.0144902476979813,0.0
DEW,isobar,0.2051,338.93333333333334,0.0145196466776832,"PerplexDEW (Davies, activity=DEW)",0.0145196466776832,0.0
DEW,isobar,0.2051,339.4666666666667,0.014548108686463,"PerplexDEW (Davies, activity=DEW)",0.014548108686463,0.0
DEW,isobar,0.2051,340.0,0.0145755918336284,"PerplexDEW (Davies, activity=DEW)",0.0145755918336284,0.0
DEW,isobar,0.2051,340.53333333333336,0.0146020534825692,"PerplexDEW (Davies, activity=DEW)",0.0146020534825692,0.0
DEW,isobar,0.2051,341.06666666666666,0.0146274768963418,"PerplexDEW (Davies, activity=DEW)",0.0146274768963418,0.0
DEW,isobar,0.2051,341.6,0.0146517916322454,"PerplexDEW (Davies, activity=DEW)",0.0146517916322454,0.0
DEW,isobar,0.2051,342.1333333333333,0.0146749528098726,"PerplexDEW (Davies, activity=DEW)",0.0146749528098726,0.0
DEW,isobar,0.2051,342.6666666666667,0.0146969419545603,"PerplexDEW (Davies, activity=DEW)",0.0146969419545603,0.0
DEW,isobar,0.2051,343.2,0.0147176858744465,"PerplexDEW (Davies, activity=DEW)",0.0147176858744465,0.0
DEW,isobar,0.2051,343.7333333333333,0.0147371374472131,"PerplexDEW (Davies, activity=DEW)",0.0147371374472131,0.0
DEW,isobar,0.2051,344.26666666666665,0.0147552211406128,"PerplexDEW (Davies, activity=DEW)",0.0147552211406128,0.0
DEW,isobar,0.2051,344.8,0.0147719156720067,"PerplexDEW (Davies, activity=DEW)",0.0147719156720067,0.0
DEW,isobar,0.2051,345.3333333333333,0.0147871156803025,"PerplexDEW (Davies, activity=DEW)",0.0147871156803025,0.0
DEW,isobar,0.2051,345.8666666666667,0.0148007700611742,"PerplexDEW (Davies, activity=DEW)",0.0148007700611742,0.0
DEW,isobar,0.2051,346.4,0.0148127986308964,"PerplexDEW (Davies, activity=DEW)",0.0148127986308964,0.0
DEW,isobar,0.2051,346.93333333333334,0.0148231483242897,"PerplexDEW (Davies, activity=DEW)",0.0148231483242897,0.0
DEW,isobar,0.2051,347.46666666666664,0.014831679273876,"PerplexDEW (Davies, activity=DEW)",0.014831679273876,0.0
DEW,isobar,0.2051,348.0,0.0148383931977398,"PerplexDEW (Davies, activity=DEW)",0.0148383931977398,0.0
DEW,isobar,0.2051,348.5333333333333,0.0148430892086564,"PerplexDEW (Davies, activity=DEW)",0.0148430892086564,0.0
DEW,isobar,0.2051,349.06666666666666,0.0148457083798394,"PerplexDEW (Davies, activity=DEW)",0.0148457083798394,0.0
DEW,isobar,0.221,323.0,0.0134812682948265,"PerplexDEW (Davies, activity=DEW)",0.0134812682948265,0.0
DEW,isobar,0.221,324.010101010101,0.0135712320406835,"PerplexDEW (Davies, activity=DEW)",0.0135712320406835,0.0
DEW,isobar,0.221,325.020202020202,0.0136601734141925,"PerplexDEW (Davies, activity=DEW)",0.0136601734141925,0.0
DEW,isobar,0.221,326.030303030303,0.013748012086478,"PerplexDEW (Davies, activity=DEW)",0.013748012086478,0.0
DEW,isobar,0.221,327.04040404040404,0.0138346764911679,"PerplexDEW (Davies, activity=DEW)",0.0138346764911679,0.0
DEW,isobar,0.221,328.050505050505,0.013920059091928,"PerplexDEW (Davies, activity=DEW)",0.013920059091928,0.0
DEW,isobar,0.221,329.06060606060606,0.014004083146045,"PerplexDEW (Davies, activity=DEW)",0.014004083146045,0.0
DEW,isobar,0.221,330.07070707070704,0.0140866466433293,"PerplexDEW (Davies, activity=DEW)",0.0140866466433293,0.0
DEW,isobar,0.221,331.0808080808081,0.0141676208130607,"PerplexDEW (Davies, activity=DEW)",0.0141676208130607,0.0
DEW,isobar,0.221,332.09090909090907,0.0142469321447335,"PerplexDEW (Davies, activity=DEW)",0.0142469321447335,0.0
DEW,isobar,0.221,333.1010101010101,0.0143244452181541,"PerplexDEW (Davies, activity=DEW)",0.0143244452181541,0.0
DEW,isobar,0.221,334.1111111111111,0.0144000323447243,"PerplexDEW (Davies, activity=DEW)",0.0144000323447243,0.0
DEW,isobar,0.221,335.1212121212121,0.0144735618835561,"PerplexDEW (Davies, activity=DEW)",0.0144735618835561,0.0
DEW,isobar,0.221,336.1313131313131,0.0145448731118568,"PerplexDEW (Davies, activity=DEW)",0.0145448731118568,0.0
DEW,isobar,0.221,337.14141414141415,0.0146138254367997,"PerplexDEW (Davies, activity=DEW)",0.0146138254367997,0.0
DEW,isobar,0.221,338.1515151515151,0.0146802356243923,"PerplexDEW (Davies, activity=DEW)",0.0146802356243923,0.0
DEW,isobar,0.221,339.16161616161617,0.0147439404832897,"PerplexDEW (Davies, activity=DEW)",0.0147439404832897,0.0
DEW,isobar,0.221,340.17171717171715,0.0148047457117108,"PerplexDEW (Davies, activity=DEW)",0.0148047457117108,0.0
DEW,isobar,0.221,341.1818181818182,0.0148624509482843,"PerplexDEW (Davies, activity=DEW)",0.0148624509482843,0.0
DEW,isobar,0.221,342.1919191919192,0.0149167687804596,"PerplexDEW (Davies, activity=DEW)",0.0149167687804596,0.0
DEW,isobar,0.221,343.2020202020202,0.0149675110594066,"PerplexDEW (Davies, activity=DEW)",0.0149675110594066,0.0
DEW,isobar,0.221,344.2121212121212,0.0150143742590475,"PerplexDEW (Davies, activity=DEW)",0.0150143742590475,0.0
DEW,isobar,0.221,345.22222222222223,0.015057072797684,"PerplexDEW (Davies, activity=DEW)",0.015057072797684,0.0
DEW,isobar,0.221,346.2323232323232,0.01509522750334,"PerplexDEW (Davies, activity=DEW)",0.01509522750334,0.0
DEW,isobar,0.221,347.24242424242425,0.0151285038331495,"PerplexDEW (Davies, activity=DEW)",0.0151285038331495,0.0
DEW,isobar,0.221,348.25252525252523,0.0151564704546589,"PerplexDEW (Davies, activity=DEW)",0.0151564704546589,0.0
DEW,isobar,0.221,349.26262626262627,0.015178682253165,"PerplexDEW (Davies, activity=DEW)",0.015178682253165,0.0
DEW,isobar,0.221,350.27272727272725,0.0151945323795701,"PerplexDEW (Davies, activity=DEW)",0.0151945323795701,0.0
DEW,isobar,0.221,351.2828282828283,0.0152035137701155,"PerplexDEW (Davies, activity=DEW)",0.0152035137701155,0.0
DEW,isobar,0.25,322.85,0.0136799767847301,"PerplexDEW (Davies, activity=DEW)",0.0136799767847301,0.0
DEW,isobar,0.25,323.55,0.0137468345250378,"PerplexDEW (Davies, activity=DEW)",0.0137468345250378,0.0
DEW,isobar,0.25,324.25,0.0138133316401982,"PerplexDEW (Davies, activity=DEW)",0.0138133316401982,0.0
DEW,isobar,0.25,324.95000000000005,0.0138794547197163,"PerplexDEW (Davies, activity=DEW)",0.0138794547197163,0.0
DEW,isobar,0.25,325.65000000000003,0.0139451792350722,"PerplexDEW (Davies, activity=DEW)",0.0139451792350722,0.0
DEW,isobar,0.25,326.35,0.0140104801081213,"PerplexDEW (Davies, activity=DEW)",0.0140104801081213,0.0
DEW,isobar,0.25,327.05,0.0140753428855219,"PerplexDEW (Davies, activity=DEW)",0.0140753428855219,0.0
DEW,isobar,0.25,327.75,0.0141397416689717,"PerplexDEW (Davies, activity=DEW)",0.0141397416689717,0.0
DEW,isobar,0.25,328.45000000000005,0.0142036386154284,"PerplexDEW (Davies, activity=DEW)",0.0142036386154284,0.0
DEW,isobar,0.25,329.15000000000003,0.0142670178703039,"PerplexDEW (Davies, activity=DEW)",0.0142670178703039,0.0
DEW,isobar,0.25,329.85,0.0143298634039923,"PerplexDEW (Davies, activity=DEW)",0.0143298634039923,0.0
DEW,isobar,0.25,330.55,0.014392135643857,"PerplexDEW (Davies, activity=DEW)",0.014392135643857,0.0
DEW,isobar,0.25,331.25,0.0144538058093848,"PerplexDEW (Davies, activity=DEW)",0.0144538058093848,0.0
DEW,isobar,0.25,331.95000000000005,0.0145148445263919,"PerplexDEW (Davies, activity=DEW)",0.0145148445263919,0.0
DEW,isobar,0.25,332.65000000000003,0.0145752338162038,"PerplexDEW (Davies, activity=DEW)",0.0145752338162038,0.0
DEW,isobar,0.25,333.35,0.0146349313162314,"PerplexDEW (Davies, activity=DEW)",0.0146349313162314,0.0
DEW,isobar,0.25,334.05,0.0146938936372381,"PerplexDEW (Davies, activity=DEW)",0.0146938936372381,0.0
DEW,isobar,0.25,334.75,0.0147521009732528,"PerplexDEW (Davies, activity=DEW)",0.0147521009732528,0.0
DEW,isobar,0.25,335.45,0.0148095084881289,"PerplexDEW (Davies, activity=DEW)",0.0148095084881289,0.0
DEW,isobar,0.25,336.15000000000003,0.0148660702939614,"PerplexDEW (Davies, activity=DEW)",0.0148660702939614,0.0
DEW,isobar,0.25,336.85,0.0149217899706857,"PerplexDEW (Davies, activity=DEW)",0.0149217899706857,0.0
DEW,isobar,0.25,337.55,0.0149765698350629,"PerplexDEW (Davies, activity=DEW)",0.0149765698350629,0.0
DEW,isobar,0.25,338.25,0.0150304121923673,"PerplexDEW (Davies, activity=DEW)",0.0150304121923673,0.0
DEW,isobar,0.25,338.95,0.0150832422543629,"PerplexDEW (Davies, activity=DEW)",0.0150832422543629,0.0
DEW,isobar,0.25,339.65000000000003,0.0151350094065041,"PerplexDEW (Davies, activity=DEW)",0.0151350094065041,0.0
DEW,isobar,0.25,340.35,0.0151857146611395,"PerplexDEW (Davies, activity=DEW)",0.0151857146611395,0.0
DEW,isobar,0.25,341.05,0.0152352533654571,"PerplexDEW (Davies, activity=DEW)",0.0152352533654571,0.0
DEW,isobar,0.25,341.75,0.0152835715940206,"PerplexDEW (Davies, activity=DEW)",0.0152835715940206,0.0
DEW,isobar,0.25,342.45,0.0153306683754955,"PerplexDEW (Davies, activity=DEW)",0.0153306683754955,0.0
DEW,isobar,0.25,343.15000000000003,0.0153764071143444,"PerplexDEW (Davies, activity=DEW)",0.0153764071143444,0.0
DEW,isobar,0.25,343.85,0.0154207848215035,"PerplexDEW (Davies, activity=DEW)",0.0154207848215035,0.0
DEW,isobar,0.25,344.55,0.0154637160438462,"PerplexDEW (Davies, activity=DEW)",0.0154637160438462,0.0
DEW,isobar,0.25,345.25,0.0155051412331736,"PerplexDEW (Davies, activity=DEW)",0.0155051412331736,0.0
DEW,isobar,0.25,345.95,0.0155449715291375,"PerplexDEW (Davies, activity=DEW)",0.0155449715291375,0.0
DEW,isobar,0.25,346.65,0.0155831160131268,"PerplexDEW (Davies, activity=DEW)",0.0155831160131268,0.0
DEW,isobar,0.25,347.35,0.0156195103467625,"PerplexDEW (Davies, activity=DEW)",0.0156195103467625,0.0
DEW,isobar,0.25,348.05,0.0156540890572086,"PerplexDEW (Davies, activity=DEW)",0.0156540890572086,0.0
DEW,isobar,0.25,348.75,0.0156866982028811,"PerplexDEW (Davies, activity=DEW)",0.0156866982028811,0.0
DEW,isobar,0.25,349.45,0.0157172972949089,"PerplexDEW (Davies, activity=DEW)",0.0157172972949089,0.0
DEW,isobar,0.25,350.15,0.0157457569119885,"PerplexDEW (Davies, activity=DEW)",0.0157457569119885,0.0
DEW,isobar,0.25,350.85,0.0157719446361007,"PerplexDEW (Davies, activity=DEW)",0.0157719446361007,0.0
DEW,isobar,0.25,351.55,0.0157957551168576,"PerplexDEW (Davies, activity=DEW)",0.0157957551168576,0.0
DEW,isobar,0.25,352.25,0.0158170809744534,"PerplexDEW (Davies, activity=DEW)",0.0158170809744534,0.0
DEW,isobar,0.25,352.95,0.0158357212136473,"PerplexDEW (Davies, activity=DEW)",0.0158357212136473,0.0
DEW,isobar,0.25,353.65,0.0158515930914199,"PerplexDEW (Davies, activity=DEW)",0.0158515930914199,0.0
DEW,isobar,0.25,354.35,0.0158644577996787,"PerplexDEW (Davies, activity=DEW)",0.0158644577996787,0.0
DEW,isobar,0.3,294.6,0.0110327317244723,"PerplexDEW (Davies, activity=DEW)",0.0110327317244723,0.0
DEW,isobar,0.3,295.8,0.0111567134833054,"PerplexDEW (Davies, activity=DEW)",0.0111567134833054,0.0
DEW,isobar,0.3,297.0,0.0112811829530811,"PerplexDEW (Davies, activity=DEW)",0.0112811829530811,0.0
DEW,isobar,0.3,298.20000000000005,0.0114061163925629,"PerplexDEW (Davies, activity=DEW)",0.0114061163925629,0.0
DEW,isobar,0.3,299.40000000000003,0.0115314853241025,"PerplexDEW (Davies, activity=DEW)",0.0115314853241025,0.0
DEW,isobar,0.3,300.6,0.0116572601306143,"PerplexDEW (Davies, activity=DEW)",0.0116572601306143,0.0
DEW,isobar,0.3,301.8,0.0117834180323698,"PerplexDEW (Davies, activity=DEW)",0.0117834180323698,0.0
DEW,isobar,0.3,303.0,0.0119099111825916,"PerplexDEW (Davies, activity=DEW)",0.0119099111825916,0.0
DEW,isobar,0.3,304.20000000000005,0.0120367225306246,"PerplexDEW (Davies, activity=DEW)",0.0120367225306246,0.0
DEW,isobar,0.3,305.40000000000003,0.0121638180465608,"PerplexDEW (Davies, activity=DEW)",0.0121638180465608,0.0
DEW,isobar,0.3,306.6,0.0122911453743764,"PerplexDEW (Davies, activity=DEW)",0.0122911453743764,0.0
DEW,isobar,0.3,307.8,0.0124186757890257,"PerplexDEW (Davies, activity=DEW)",0.0124186757890257,0.0
DEW,isobar,0.3,309.0,0.0125463709794755,"PerplexDEW (Davies, activity=DEW)",0.0125463709794755,0.0
DEW,isobar,0.3,310.20000000000005,0.0126741912868286,"PerplexDEW (Davies, activity=DEW)",0.0126741912868286,0.0
DEW,isobar,0.3,311.40000000000003,0.0128020774874615,"PerplexDEW (Davies, activity=DEW)",0.0128020774874615,0.0
DEW,isobar,0.3,312.6,0.0129300047576931,"PerplexDEW (Davies, activity=DEW)",0.0129300047576931,0.0
DEW,isobar,0.3,313.8,0.0130579104505359,"PerplexDEW (Davies, activity=DEW)",0.0130579104505359,0.0
DEW,isobar,0.3,315.0,0.0131857483463023,"PerplexDEW (Davies, activity=DEW)",0.0131857483463023,0.0
DEW,isobar,0.3,316.2,0.0133134707217204,"PerplexDEW (Davies, activity=DEW)",0.0133134707217204,0.0
DEW,isobar,0.3,317.40000000000003,0.0134410086457259,"PerplexDEW (Davies, activity=DEW)",0.0134410086457259,0.0
DEW,isobar,0.3,318.6,0.0135683203747865,"PerplexDEW (Davies, activity=DEW)",0.0135683203747865,0.0
DEW,isobar,0.3,319.8,0.01369533273576,"PerplexDEW (Davies, activity=DEW)",0.01369533273576,0.0
DEW,isobar,0.3,321.0,0.0138219902844706,"PerplexDEW (Davies, activity=DEW)",0.0138219902844706,0.0
DEW,isobar,0.3,322.2,0.0139482149698823,"PerplexDEW (Davies, activity=DEW)",0.0139482149698823,0.0
DEW,isobar,0.3,323.40000000000003,0.0140739470095581,"PerplexDEW (Davies, activity=DEW)",0.0140739470095581,0.0
DEW,isobar,0.3,324.6,0.0141991032866567,"PerplexDEW (Davies, activity=DEW)",0.0141991032866567,0.0
DEW,isobar,0.3,325.8,0.0143236085477689,"PerplexDEW (Davies, activity=DEW)",0.0143236085477689,0.0
DEW,isobar,0.3,327.0,0.014447385050976,"PerplexDEW (Davies, activity=DEW)",0.014447385050976,0.0
DEW,isobar,0.3,328.2,0.0145703525230159,"PerplexDEW (Davies, activity=DEW)",0.0145703525230159,0.0
DEW,isobar,0.3,329.4,0.0146924051699824,"PerplexDEW (Davies, activity=DEW)",0.0146924051699824,0.0
DEW,isobar,0.3,330.6,0.0148134448356219,"PerplexDEW (Davies, activity=DEW)",0.0148134448356219,0.0
DEW,isobar,0.3,331.8,0.0149333936289127,"PerplexDEW (Davies, activity=DEW)",0.0149333936289127,0.0
DEW,isobar,0.3,333.0,0.0150521236309219,"PerplexDEW (Davies, activity=DEW)",0.0150521236309219,0.0
DEW,isobar,0.3,334.2,0.0151695385544844,"PerplexDEW (Davies, activity=DEW)",0.0151695385544844,0.0
DEW,isobar,0.3,335.4,0.015285502188112,"PerplexDEW (Davies, activity=DEW)",0.015285502188112,0.0
DEW,isobar,0.3,336.6,0.0153998983508867,"PerplexDEW (Davies, activity=DEW)",0.0153998983508867,0.0
DEW,isobar,0.3,337.8,0.0155125944548135,"PerplexDEW (Davies, activity=DEW)",0.0155125944548135,0.0
DEW,isobar,0.3,339.0,0.015623440514625,"PerplexDEW (Davies, activity=DEW)",0.015623440514625,0.0
DEW,isobar,0.3,340.2,0.015732294366875,"PerplexDEW (Davies, activity=DEW)",0.015732294366875,0.0
DEW,isobar,0.3,341.4,0.0158390092448283,"PerplexDEW (Davies, activity=DEW)",0.0158390092448283,0.0
DEW,isobar,0.3,342.6,0.0159433932098167,"PerplexDEW (Davies, activity=DEW)",0.0159433932098167,0.0
DEW,isobar,0.3,343.8,0.0160452609619787,"PerplexDEW (Davies, activity=DEW)",0.0160452609619787,0.0
DEW,isobar,0.3,345.0,0.0161444208346687,"PerplexDEW (Davies, activity=DEW)",0.0161444208346687,0.0
DEW,isobar,0.3,346.2,0.0162407029260206,"PerplexDEW (Davies, activity=DEW)",0.0162407029260206,0.0
DEW,isobar,0.3,347.4,0.0163338180333167,"PerplexDEW (Davies, activity=DEW)",0.0163338180333167,0.0
DEW,isobar,0.3,348.6,0.0164235815903406,"PerplexDEW (Davies, activity=DEW)",0.0164235815903406,0.0
DEW,isobar,0.3,349.8,0.0165097157814074,"PerplexDEW (Davies, activity=DEW)",0.0165097157814074,0.0
DEW,isobar,0.3,351.0,0.0165919328556479,"PerplexDEW (Davies, activity=DEW)",0.0165919328556479,0.0
DEW,isobar,0.3,352.2,0.0166699350622163,"PerplexDEW (Davies, activity=DEW)",0.0166699350622163,0.0
DEW,isobar,0.3,353.4,0.0167433839328445,"PerplexDEW (Davies, activity=DEW)",0.0167433839328445,0.0
DEW,isobar,0.3,354.6,0.0168119292562684,"PerplexDEW (Davies, activity=DEW)",0.0168119292562684,0.0
DEW,isobar,0.3,355.8,0.0168755772165005,"PerplexDEW (Davies, activity=DEW)",0.0168755772165005,0.0
DEW,isobar,0.3,357.0,0.0169330705670775,"PerplexDEW (Davies, activity=DEW)",0.0169330705670775,0.0
DEW,isobar,0.3,358.2,0.0169843736230949,"PerplexDEW (Davies, activity=DEW)",0.0169843736230949,0.0
DEW,isobar,0.3,359.4,0.0170289190379645,"PerplexDEW (Davies, activity=DEW)",0.0170289190379645,0.0
DEW,isobar,0.3,360.6,0.0170660862556793,"PerplexDEW (Davies, activity=DEW)",0.0170660862556793,0.0
DEW,isobar,0.35,344.0,0.0166049220631623,"PerplexDEW (Davies, activity=DEW)",0.0166049220631623,0.0
DEW,isobar,0.35,344.8888888888889,0.0166929124489697,"PerplexDEW (Davies, activity=DEW)",0.0166929124489697,0.0
DEW,isobar,0.35,345.77777777777777,0.0167798555373638,"PerplexDEW (Davies, activity=DEW)",0.0167798555373638,0.0
DEW,isobar,0.35,346.6666666666667,0.0168657145930025,"PerplexDEW (Davies, activity=DEW)",0.0168657145930025,0.0
DEW,isobar,0.35,347.55555555555554,0.0169504096146522,"PerplexDEW (Davies, activity=DEW)",0.0169504096146522,0.0
DEW,isobar,0.35,348.44444444444446,0.0170338872217703,"PerplexDEW (Davies, activity=DEW)",0.0170338872217703,0.0
DEW,isobar,0.35,349.3333333333333,0.0171160637733056,"PerplexDEW (Davies, activity=DEW)",0.0171160637733056,0.0
DEW,isobar,0.35,350.22222222222223,0.0171969123278502,"PerplexDEW (Davies, activity=DEW)",0.0171969123278502,0.0
DEW,isobar,0.35,351.1111111111111,0.0172763017530979,"PerplexDEW (Davies, activity=DEW)",0.0172763017530979,0.0
DEW,isobar,0.35,352.0,0.0173541870908868,"PerplexDEW (Davies, activity=DEW)",0.0173541870908868,0.0
DEW,isobar,0.35,352.8888888888889,0.0174304924635161,"PerplexDEW (Davies, activity=DEW)",0.0174304924635161,0.0
DEW,isobar,0.35,353.77777777777777,0.0175051094983938,"PerplexDEW (Davies, activity=DEW)",0.0175051094983938,0.0
DEW,isobar,0.35,354.6666666666667,0.017577957881528,"PerplexDEW (Davies, activity=DEW)",0.017577957881528,0.0
DEW,isobar,0.35,355.55555555555554,0.0176493223028322,"PerplexDEW (Davies, activity=DEW)",0.0176493223028322,0.0
DEW,isobar,0.35,356.44444444444446,0.0177183787625231,"PerplexDEW (Davies, activity=DEW)",0.0177183787625231,0.0
DEW,isobar,0.35,357.3333333333333,0.0177853669046477,"PerplexDEW (Davies, activity=DEW)",0.0177853669046477,0.0
DEW,isobar,0.35,358.22222222222223,0.0178502140772691,"PerplexDEW (Davies, activity=DEW)",0.0178502140772691,0.0
DEW,isobar,0.35,359.1111111111111,0.0179127647443777,"PerplexDEW (Davies, activity=DEW)",0.0179127647443777,0.0
DEW,isobar,0.35,360.0,0.017972891996975,"PerplexDEW (Davies, activity=DEW)",0.017972891996975,0.0
DEW,isobar,0.35,360.8888888888889,0.0180304991913605,"PerplexDEW (Davies, activity=DEW)",0.0180304991913605,0.0
DEW,isobar,0.35,361.77777777777777,0.018085454213463,"PerplexDEW (Davies, activity=DEW)",0.018085454213463,0.0
DEW,isobar,0.35,362.6666666666667,0.0181375537861307,"PerplexDEW (Davies, activity=DEW)",0.0181375537861307,0.0
DEW,isobar,0.35,363.55555555555554,0.0181867263560739,"PerplexDEW (Davies, activity=DEW)",0.0181867263560739,0.0
DEW,isobar,0.35,364.44444444444446,0.0182327264395773,"PerplexDEW (Davies, activity=DEW)",0.0182327264395773,0.0
DEW,isobar,0.35,365.3333333333333,0.0182754416517106,"PerplexDEW (Davies, activity=DEW)",0.0182754416517106,0.0
DEW,isobar,0.35,366.22222222222223,0.0183146163864923,"PerplexDEW (Davies, activity=DEW)",0.0183146163864923,0.0
DEW,isobar,0.35,367.1111111111111,0.018350130902864,"PerplexDEW (Davies, activity=DEW)",0.018350130902864,0.0
DEW,isobar,0.35,368.0,0.0004023617614765,"PerplexDEW (Davies, activity=DEW)",0.0004023617614765,0.0
DEW,isobar,0.35,368.8888888888889,0.0003987579115975,"PerplexDEW (Davies, activity=DEW)",0.0003987579115975,0.0
DEW,isobar,0.35,369.77777777777777,0.0003952235337744,"PerplexDEW (Davies, activity=DEW)",0.0003952235337744,0.0
DEW,isobar,0.35,370.6666666666667,0.0003917332912143,"PerplexDEW (Davies, activity=DEW)",0.0003917332912143,0.0
DEW,isobar,0.35,371.55555555555554,0.0003883022770858,"PerplexDEW (Davies, activity=DEW)",0.0003883022770858,0.0
DEW,isobar,0.35,372.44444444444446,0.0003849185078114,"PerplexDEW (Davies, activity=DEW)",0.0003849185078114,0.0
DEW,isobar,0.35,373.3333333333333,0.0003815970454444,"PerplexDEW (Davies, activity=DEW)",0.0003815970454444,0.0
DEW,isobar,0.35,374.22222222222223,0.0003782986131151,"PerplexDEW (Davies, activity=DEW)",0.0003782986131151,0.0
DEW,isobar,0.35,375.1111111111111,0.0003750517502512,"PerplexDEW (Davies, activity=DEW)",0.0003750517502512,0.0
DEW,isobar,0.35,376.0,0.0003718578458173,"PerplexDEW (Davies, activity=DEW)",0.0003718578458173,0.0
DEW,isobar,0.35,376.8888888888889,0.0003686909730887,"PerplexDEW (Davies, activity=DEW)",0.0003686909730887,0.0
DEW,isobar,0.35,377.77777777777777,0.000365552367677,"PerplexDEW (Davies, activity=DEW)",0.000365552367677,0.0
DEW,isobar,0.35,378.6666666666667,0.0003624705793283,"PerplexDEW (Davies, activity=DEW)",0.0003624705793283,0.0
DEW,isobar,0.35,379.55555555555554,0.0003594195065966,"PerplexDEW (Davies, activity=DEW)",0.0003594195065966,0.0
DEW,isobar,0.35,380.44444444444446,0.0003564003052553,"PerplexDEW (Davies, activity=DEW)",0.0003564003052553,0.0
DEW,isobar,0.35,381.3333333333333,0.0003534141058479,"PerplexDEW (Davies, activity=DEW)",0.0003534141058479,0.0
DEW,isobar,0.35,382.22222222222223,0.0003504620135982,"PerplexDEW (Davies, activity=DEW)",0.0003504620135982,0.0
DEW,isobar,0.35,383.1111111111111,0.0003475313794945,"PerplexDEW (Davies, activity=DEW)",0.0003475313794945,0.0
DEW,isobar,0.35,384.0,0.0003446369673837,"PerplexDEW (Davies, activity=DEW)",0.0003446369673837,0.0
DEW,isobar,0.35,384.8888888888889,0.0003417660608804,"PerplexDEW (Davies, activity=DEW)",0.0003417660608804,0.0
DEW,isobar,0.35,385.77777777777777,0.0003389196408122,"PerplexDEW (Davies, activity=DEW)",0.0003389196408122,0.0
DEW,isobar,0.35,386.6666666666667,0.0003360986666946,"PerplexDEW (Davies, activity=DEW)",0.0003360986666946,0.0
DEW,isobar,0.35,387.55555555555554,0.0003333040766062,"PerplexDEW (Davies, activity=DEW)",0.0003333040766062,0.0
DEW,isobar,0.35,388.44444444444446,0.0003305367871107,"PerplexDEW (Davies, activity=DEW)",0.0003305367871107,0.0
DEW,isobar,0.35,389.3333333333333,0.0003277976932238,"PerplexDEW (Davies, activity=DEW)",0.0003277976932238,0.0
DEW,isobar,0.35,390.22222222222223,0.0003250738842963,"PerplexDEW (Davies, activity=DEW)",0.0003250738842963,0.0
DEW,isobar,0.35,391.1111111111111,0.0003223799890262,"PerplexDEW (Davies, activity=DEW)",0.0003223799890262,0.0
DEW,isobar,0.35,392.0,0.0003197030493846,"PerplexDEW (Davies, activity=DEW)",0.0003197030493846,0.0
DEW,isobar,0.35,392.8888888888889,0.0003170576620033,"PerplexDEW (Davies, activity=DEW)",0.0003170576620033,0.0
DEW,isobar,0.35,393.77777777777777,0.0003144170309402,"PerplexDEW (Davies, activity=DEW)",0.0003144170309402,0.0
DEW,isobar,0.35,394.6666666666667,0.0003118095099336,"PerplexDEW (Davies, activity=DEW)",0.0003118095099336,0.0
DEW,isobar,0.35,395.55555555555554,0.0003092082638644,"PerplexDEW (Davies, activity=DEW)",0.0003092082638644,0.0
DEW,isobar,0.35,396.44444444444446,0.0003066416127415,"PerplexDEW (Davies, activity=DEW)",0.0003066416127415,0.0
DEW,isobar,0.35,397.3333333333333,0.0003040964782639,"PerplexDEW (Davies, activity=DEW)",0.0003040964782639,0.0
DEW,isobar,0.35,398.22222222222223,0.0003015597706782,"PerplexDEW (Davies, activity=DEW)",0.0003015597706782,0.0
DEW,isobar,0.35,399.1111111111111,0.0002990459642361,"PerplexDEW (Davies, activity=DEW)",0.0002990459642361,0.0
DEW,isobar,0.35,400.0,0.000296541944176,"PerplexDEW (Davies, activity=DEW)",0.000296541944176,0.0
DEW,isobar,0.35,400.8888888888889,0.0002940621468584,"PerplexDEW (Davies, activity=DEW)",0.0002940621468584,0.0
DEW,isobar,0.35,401.77777777777777,0.0002915934355085,"PerplexDEW (Davies, activity=DEW)",0.0002915934355085,0.0
DEW,isobar,0.35,402.6666666666667,0.0002891502051065,"PerplexDEW (Davies, activity=DEW)",0.0002891502051065,0.0
DEW,isobar,0.35,403.55555555555554,0.0002867192998185,"PerplexDEW (Davies, activity=DEW)",0.0002867192998185,0.0
DEW,isobar,0.35,404.44444444444446,0.0002843150701528,"PerplexDEW (Davies, activity=DEW)",0.0002843150701528,0.0
DEW,isobar,0.35,405.3333333333333,0.0002819106074198,"PerplexDEW (Davies, activity=DEW)",0.0002819106074198,0.0
DEW,isobar,0.35,406.22222222222223,0.0002795339706553,"PerplexDEW (Davies, activity=DEW)",0.0002795339706553,0.0
DEW,isobar,0.35,407.1111111111111,0.0002771719769312,"PerplexDEW (Davies, activity=DEW)",0.0002771719769312,0.0
DEW,isobar,0.35,408.0,0.0002748114707706,"PerplexDEW (Davies, activity=DEW)",0.0002748114707706,0.0
DEW,isobar,0.35,408.8888888888889,0.0002724804097237,"PerplexDEW (Davies, activity=DEW)",0.0002724804097237,0.0
DEW,isobar,0.35,409.77777777777777,0.0002701656002301,"PerplexDEW (Davies, activity=DEW)",0.0002701656002301,0.0
DEW,isobar,0.35,410.6666666666666,0.000267867551396,"PerplexDEW (Davies, activity=DEW)",0.000267867551396,0.0
DEW,isobar,0.35,411.55555555555554,0.0002655867589278,"PerplexDEW (Davies, activity=DEW)",0.0002655867589278,0.0
DEW,isobar,0.35,412.44444444444446,0.0002633100679963,"PerplexDEW (Davies, activity=DEW)",0.0002633100679963,0.0
DEW,isobar,0.35,413.3333333333333,0.0002610516160047,"PerplexDEW (Davies, activity=DEW)",0.0002610516160047,0.0
DEW,isobar,0.35,414.22222222222223,0.0002588118604385,"PerplexDEW (Davies, activity=DEW)",0.0002588118604385,0.0
DEW,isobar,0.35,415.1111111111111,0.0002565912454499,"PerplexDEW (Davies, activity=DEW)",0.0002565912454499,0.0
DEW,isobar,0.35,416.0,0.0002543766321188,"PerplexDEW (Davies, activity=DEW)",0.0002543766321188,0.0
DEW,isobar,0.35,416.8888888888889,0.0002521684938056,"PerplexDEW (Davies, activity=DEW)",0.0002521684938056,0.0
DEW,isobar,0.35,417.77777777777777,0.000249994357338,"PerplexDEW (Davies, activity=DEW)",0.000249994357338,0.0
DEW,isobar,0.35,418.6666666666666,0.0002478140232722,"PerplexDEW (Davies, activity=DEW)",0.0002478140232722,0.0
DEW,isobar,0.35,419.55555555555554,0.0002456684670333,"PerplexDEW (Davies, activity=DEW)",0.0002456684670333,0.0
DEW,isobar,0.35,420.44444444444446,0.0002435175871126,"PerplexDEW (Davies, activity=DEW)",0.0002435175871126,0.0
DEW,isobar,0.35,421.3333333333333,0.0002413887649197,"PerplexDEW (Davies, activity=DEW)",0.0002413887649197,0.0
DEW,isobar,0.35,422.22222222222223,0.0002392823459043,"PerplexDEW (Davies, activity=DEW)",0.0002392823459043,0.0
DEW,isobar,0.35,423.1111111111111,0.000237185261832,"PerplexDEW (Davies, activity=DEW)",0.000237185261832,0.0
DEW,isobar,0.35,424.0,0.0002350979041468,"PerplexDEW (Davies, activity=DEW)",0.0002350979041468,0.0
DEW,isobar,0.35,424.8888888888889,0.0002330206552486,"PerplexDEW (Davies, activity=DEW)",0.0002330206552486,0.0
DEW,isobar,0.35,425.77777777777777,0.0002309672146483,"PerplexDEW (Davies, activity=DEW)",0.0002309672146483,0.0
DEW,isobar,0.35,426.6666666666666,0.0002289112676906,"PerplexDEW (Davies, activity=DEW)",0.0002289112676906,0.0
DEW,isobar,0.35,427.55555555555554,0.0002268797944074,"PerplexDEW (Davies, activity=DEW)",0.0002268797944074,0.0
DEW,isobar,0.35,428.44444444444446,0.0002248598124164,"PerplexDEW (Davies, activity=DEW)",0.0002248598124164,0.0
DEW,isobar,0.35,429.3333333333333,0.0002228648745135,"PerplexDEW (Davies, activity=DEW)",0.0002228648745135,0.0
DEW,isobar,0.35,430.22222222222223,0.0002208688415056,"PerplexDEW (Davies, activity=DEW)",0.0002208688415056,0.0
DEW,isobar,0.35,431.1111111111111,0.000218885276139,"PerplexDEW (Davies, activity=DEW)",0.000218885276139,0.0
DEW,isobar,0.35,432.0,0.0002169276164768,"PerplexDEW (Davies, activity=DEW)",0.0002169276164768,0.0
DEW,isobar,0.4,356.4,0.0183984955366279,"PerplexDEW (Davies, activity=DEW)",0.0183984955366279,0.0
DEW,isobar,0.4,357.4222222222222,0.0184971560654344,"PerplexDEW (Davies, activity=DEW)",0.0184971560654344,0.0
DEW,isobar,0.4,358.4444444444444,0.0185939140301632,"PerplexDEW (Davies, activity=DEW)",0.0185939140301632,0.0
DEW,isobar,0.4,359.46666666666664,0.0186886542203177,"PerplexDEW (Davies, activity=DEW)",0.0186886542203177,0.0
DEW,isobar,0.4,360.4888888888889,0.0187812583440023,"PerplexDEW (Davies, activity=DEW)",0.0187812583440023,0.0
DEW,isobar,0.4,361.5111111111111,0.0188716050082613,"PerplexDEW (Davies, activity=DEW)",0.0188716050082613,0.0
DEW,isobar,0.4,362.5333333333333,0.0189595697031717,"PerplexDEW (Davies, activity=DEW)",0.0189595697031717,0.0
DEW,isobar,0.4,363.55555555555554,0.0190450076153768,"PerplexDEW (Davies, activity=DEW)",0.0190450076153768,0.0
DEW,isobar,0.4,364.5777777777778,0.0191277700010468,"PerplexDEW (Davies, activity=DEW)",0.0191277700010468,0.0
DEW,isobar,0.4,365.6,0.0192077393182231,"PerplexDEW (Davies, activity=DEW)",0.0192077393182231,0.0
DEW,isobar,0.4,366.6222222222222,0.0192846890344103,"PerplexDEW (Davies, activity=DEW)",0.0192846890344103,0.0
DEW,isobar,0.4,367.6444444444445,0.019358493301801,"PerplexDEW (Davies, activity=DEW)",0.019358493301801,0.0
DEW,isobar,0.4,368.6666666666666,0.0194289875797312,"PerplexDEW (Davies, activity=DEW)",0.0194289875797312,0.0
DEW,isobar,0.4,369.68888888888887,0.0194959298607575,"PerplexDEW (Davies, activity=DEW)",0.0194959298607575,0.0
DEW,isobar,0.4,370.7111111111111,0.0195591824863471,"PerplexDEW (Davies, activity=DEW)",0.0195591824863471,0.0
DEW,isobar,0.4,371.7333333333333,0.0196184551939103,"PerplexDEW (Davies, activity=DEW)",0.0196184551939103,0.0
DEW,isobar,0.4,372.75555555555553,0.0196735249380744,"PerplexDEW (Davies, activity=DEW)",0.0196735249380744,0.0
DEW,isobar,0.4,373.77777777777777,0.019724201643579,"PerplexDEW (Davies, activity=DEW)",0.019724201643579,0.0
DEW,isobar,0.4,374.8,0.0197701361775114,"PerplexDEW (Davies, activity=DEW)",0.0197701361775114,0.0
DEW,isobar,0.4,375.8222222222222,0.0198110868809345,"PerplexDEW (Davies, activity=DEW)",0.0198110868809345,0.0
DEW,isobar,0.4,376.8444444444444,0.0198467672449602,"PerplexDEW (Davies, activity=DEW)",0.0198467672449602,0.0
DEW,isobar,0.4,377.8666666666667,0.0198767637888799,"PerplexDEW (Davies, activity=DEW)",0.0198767637888799,0.0
DEW,isobar,0.4,378.88888888888886,0.0199008135127168,"PerplexDEW (Davies, activity=DEW)",0.0199008135127168,0.0
DEW,isobar,0.4,379.9111111111111,0.0199184032280033,"PerplexDEW (Davies, activity=DEW)",0.0199184032280033,0.0
DEW,isobar,0.4,380.9333333333333,0.0199291293838875,"PerplexDEW (Davies, activity=DEW)",0.0199291293838875,0.0
DEW,isobar,0.4,381.9555555555555,0.0199325794029746,"PerplexDEW (Davies, activity=DEW)",0.0199325794029746,0.0
DEW,isobar,0.4,382.97777777777776,0.0199281212485585,"PerplexDEW (Davies, activity=DEW)",0.0199281212485585,0.0
DEW,isobar,0.4,384.0,0.0199152343040148,"PerplexDEW (Davies, activity=DEW)",0.0199152343040148,0.0
DEW,isobar,0.4,385.02222222222224,0.0015196360267674,"PerplexDEW (Davies, activity=DEW)",0.0015196360267674,0.0
DEW,isobar,0.4,386.0444444444444,0.0014748171092509,"PerplexDEW (Davies, activity=DEW)",0.0014748171092509,0.0
DEW,isobar,0.4,387.06666666666666,0.0014355280538709,"PerplexDEW (Davies, activity=DEW)",0.0014355280538709,0.0
DEW,isobar,0.4,388.0888888888889,0.0014003742186043,"PerplexDEW (Davies, activity=DEW)",0.0014003742186043,0.0
DEW,isobar,0.4,389.1111111111111,0.0013686394956118,"PerplexDEW (Davies, activity=DEW)",0.0013686394956118,0.0
DEW,isobar,0.4,390.1333333333333,0.0013396164025943,"PerplexDEW (Davies, activity=DEW)",0.0013396164025943,0.0
DEW,isobar,0.4,391.1555555555556,0.0013129317756204,"PerplexDEW (Davies, activity=DEW)",0.0013129317756204,0.0
DEW,isobar,0.4,392.17777777777775,0.0012882146050671,"PerplexDEW (Davies, activity=DEW)",0.0012882146050671,0.0
DEW,isobar,0.4,393.2,0.0012651496862866,"PerplexDEW (Davies, activity=DEW)",0.0012651496862866,0.0
DEW,isobar,0.4,394.22222222222223,0.0012435318224673,"PerplexDEW (Davies, activity=DEW)",0.0012435318224673,0.0
DEW,isobar,0.4,395.2444444444444,0.0012231554774243,"PerplexDEW (Davies, activity=DEW)",0.0012231554774243,0.0
DEW,isobar,0.4,396.26666666666665,0.0012038695435388,"PerplexDEW (Davies, activity=DEW)",0.0012038695435388,0.0
DEW,isobar,0.4,397.2888888888889,0.0011855773918698,"PerplexDEW (Davies, activity=DEW)",0.0011855773918698,0.0
DEW,isobar,0.4,398.31111111111113,0.0011681817624078,"PerplexDEW (Davies, activity=DEW)",0.0011681817624078,0.0
DEW,isobar,0.4,399.3333333333333,0.0011515846623428,"PerplexDEW (Davies, activity=DEW)",0.0011515846623428,0.0
DEW,isobar,0.4,400.3555555555556,0.0011356872812385,"PerplexDEW (Davies, activity=DEW)",0.0011356872812385,0.0
DEW,isobar,0.4,401.3777777777778,0.0011204455086997,"PerplexDEW (Davies, activity=DEW)",0.0011204455086997,0.0
DEW,isobar,0.4,402.4,0.0011058146787046,"PerplexDEW (Davies, activity=DEW)",0.0011058146787046,0.0
DEW,isobar,0.4,403.4222222222222,0.0010916937779217,"PerplexDEW (Davies, activity=DEW)",0.0010916937779217,0.0
DEW,isobar,0.4,404.44444444444446,0.001078092566323,"PerplexDEW (Davies, activity=DEW)",0.001078092566323,0.0
DEW,isobar,0.4,405.4666666666666,0.001064936642785,"PerplexDEW (Davies, activity=DEW)",0.001064936642785,0.0
DEW,isobar,0.4,406.4888888888889,0.0010522068863143,"PerplexDEW (Davies, activity=DEW)",0.0010522068863143,0.0
DEW,isobar,0.4,407.5111111111111,0.0010398276071665,"PerplexDEW (Davies, activity=DEW)",0.0010398276071665,0.0
DEW,isobar,0.4,408.5333333333333,0.0010278348718122,"PerplexDEW (Davies, activity=DEW)",0.0010278348718122,0.0
DEW,isobar,0.4,409.55555555555554,0.0010162083870757,"PerplexDEW (Davies, activity=DEW)",0.0010162083870757,0.0
DEW,isobar,0.4,410.5777777777778,0.0010048710087486,"PerplexDEW (Davies, activity=DEW)",0.0010048710087486,0.0
DEW,isobar,0.4,411.6,0.0009938013955143,"PerplexDEW (Davies, activity=DEW)",0.0009938013955143,0.0
DEW,isobar,0.4,412.6222222222222,0.0009830345091307,"PerplexDEW (Davies, activity=DEW)",0.0009830345091307,0.0
DEW,isobar,0.4,413.6444444444445,0.0009725202002802,"PerplexDEW (Davies, activity=DEW)",0.0009725202002802,0.0
DEW,isobar,0.4,414.6666666666667,0.0009622646343349,"PerplexDEW (Davies, activity=DEW)",0.0009622646343349,0.0
DEW,isobar,0.4,415.68888888888887,0.0009522168786224,"PerplexDEW (Davies, activity=DEW)",0.0009522168786224,0.0
DEW,isobar,0.4,416.7111111111111,0.0009423825231981,"PerplexDEW (Davies, activity=DEW)",0.0009423825231981,0.0
DEW,isobar,0.4,417.73333333333335,0.0009327670184852,"PerplexDEW (Davies, activity=DEW)",0.0009327670184852,0.0
DEW,isobar,0.4,418.75555555555553,0.0009233184688551,"PerplexDEW (Davies, activity=DEW)",0.0009233184688551,0.0
DEW,isobar,0.4,419.77777777777777,0.0009140417990895,"PerplexDEW (Davies, activity=DEW)",0.0009140417990895,0.0
DEW,isobar,0.4,420.8,0.0009049704963376,"PerplexDEW (Davies, activity=DEW)",0.0009049704963376,0.0
DEW,isobar,0.4,421.8222222222222,0.0008960806333177,"PerplexDEW (Davies, activity=DEW)",0.0008960806333177,0.0
DEW,isobar,0.4,422.8444444444444,0.0008872904750215,"PerplexDEW (Davies, activity=DEW)",0.0008872904750215,0.0
DEW,isobar,0.4,423.8666666666667,0.0008786905250012,"PerplexDEW (Davies, activity=DEW)",0.0008786905250012,0.0
DEW,isobar,0.4,424.8888888888889,0.0008702274383505,"PerplexDEW (Davies, activity=DEW)",0.0008702274383505,0.0
DEW,isobar,0.4,425.9111111111111,0.0008618763473649,"PerplexDEW (Davies, activity=DEW)",0.0008618763473649,0.0
DEW,isobar,0.4,426.9333333333333,0.0008536699545301,"PerplexDEW (Davies, activity=DEW)",0.0008536699545301,0.0
DEW,isobar,0.4,427.9555555555556,0.0008455831267224,"PerplexDEW (Davies, activity=DEW)",0.0008455831267224,0.0
DEW,isobar,0.4,428.97777777777776,0.0008376484347419,"PerplexDEW (Davies, activity=DEW)",0.0008376484347419,0.0
DEW,isobar,0.4,430.0,0.0008298114965455,"PerplexDEW (Davies, activity=DEW)",0.0008298114965455,0.0
DEW,isobar,0.4,431.02222222222224,0.0008220756489704,"PerplexDEW (Davies, activity=DEW)",0.0008220756489704,0.0
DEW,isobar,0.4,432.0444444444445,0.00081444414525,"PerplexDEW (Davies, activity=DEW)",0.00081444414525,0.0
DEW,isobar,0.4,433.06666666666666,0.0008068910884127,"PerplexDEW (Davies, activity=DEW)",0.0008068910884127,0.0
DEW,isobar,0.4,434.0888888888889,0.0007994776759068,"PerplexDEW (Davies, activity=DEW)",0.0007994776759068,0.0
DEW,isobar,0.4,435.1111111111111,0.0007921487588181,"PerplexDEW (Davies, activity=DEW)",0.0007921487588181,0.0
DEW,isobar,0.4,436.1333333333333,0.0007849072003823,"PerplexDEW (Davies, activity=DEW)",0.0007849072003823,0.0
DEW,isobar,0.4,437.1555555555556,0.0007777266448064,"PerplexDEW (Davies, activity=DEW)",0.0007777266448064,0.0
DEW,isobar,0.4,438.1777777777778,0.000770668084724,"PerplexDEW (Davies, activity=DEW)",0.000770668084724,0.0
DEW,isobar,0.4,439.2,0.0007636758599639,"PerplexDEW (Davies, activity=DEW)",0.0007636758599639,0.0
DEW,isobar,0.4,440.22222222222223,0.0007567816922016,"PerplexDEW (Davies, activity=DEW)",0.0007567816922016,0.0
DEW,isobar,0.4,441.24444444444447,0.0007499588852646,"PerplexDEW (Davies, activity=DEW)",0.0007499588852646,0.0
DEW,isobar,0.4,442.26666666666665,0.0007432098416477,"PerplexDEW (Davies, activity=DEW)",0.0007432098416477,0.0
DEW,isobar,0.4,443.2888888888889,0.000736536901212,"PerplexDEW (Davies, activity=DEW)",0.000736536901212,0.0
DEW,isobar,0.4,444.31111111111113,0.000729913117924,"PerplexDEW (Davies, activity=DEW)",0.000729913117924,0.0
DEW,isobar,0.4,445.33333333333337,0.0007233991486648,"PerplexDEW (Davies, activity=DEW)",0.0007233991486648,0.0
DEW,isobar,0.4,446.3555555555556,0.0007169386980934,"PerplexDEW (Davies, activity=DEW)",0.0007169386980934,0.0
DEW,isobar,0.4,447.3777777777778,0.0007105338522525,"PerplexDEW (Davies, activity=DEW)",0.0007105338522525,0.0
DEW,isobar,0.4,448.4,0.0007041866451466,"PerplexDEW (Davies, activity=DEW)",0.0007041866451466,0.0
DEW,isobar,0.4,449.4222222222222,0.0006979282891138,"PerplexDEW (Davies, activity=DEW)",0.0006979282891138,0.0
DEW,isobar,0.4,450.44444444444446,0.0006917022490797,"PerplexDEW (Davies, activity=DEW)",0.0006917022490797,0.0
DEW,isobar,0.4,451.4666666666667,0.0006855688574893,"PerplexDEW (Davies, activity=DEW)",0.0006855688574893,0.0
DEW,isobar,0.4,452.4888888888889,0.0006794714889678,"PerplexDEW (Davies, activity=DEW)",0.0006794714889678,0.0
DEW,isobar,0.4,453.5111111111111,0.0006734411450715,"PerplexDEW (Davies, activity=DEW)",0.0006734411450715,0.0
DEW,isobar,0.4,454.53333333333336,0.0006674503505444,"PerplexDEW (Davies, activity=DEW)",0.0006674503505444,0.0
DEW,isobar,0.4,455.55555555555554,0.0006615299971136,"PerplexDEW (Davies, activity=DEW)",0.0006615299971136,0.0
DEW,isobar,0.4,456.5777777777778,0.0006556817095931,"PerplexDEW (Davies, activity=DEW)",0.0006556817095931,0.0
DEW,isobar,0.4,457.6,0.0006498779024758,"PerplexDEW (Davies, activity=DEW)",0.0006498779024758,0.0
DEW,isobar,0.5,305.85,0.0129607581118381,"PerplexDEW (Davies, activity=DEW)",0.0129607581118381,0.0
DEW,isobar,0.5,308.3277777777778,0.0132658551720166,"PerplexDEW (Davies, activity=DEW)",0.0132658551720166,0.0
DEW,isobar,0.5,310.8055555555556,0.0135742821066558,"PerplexDEW (Davies, activity=DEW)",0.0135742821066558,0.0
DEW,isobar,0.5,313.28333333333336,0.0138858648899202,"PerplexDEW (Davies, activity=DEW)",0.0138858648899202,0.0
DEW,isobar,0.5,315.7611111111111,0.014200424101149,"PerplexDEW (Davies, activity=DEW)",0.014200424101149,0.0
DEW,isobar,0.5,318.23888888888894,0.0145177562384753,"PerplexDEW (Davies, activity=DEW)",0.0145177562384753,0.0
DEW,isobar,0.5,320.7166666666667,0.0148376366240165,"PerplexDEW (Davies, activity=DEW)",0.0148376366240165,0.0
DEW,isobar,0.5,323.19444444444446,0.0151598336045313,"PerplexDEW (Davies, activity=DEW)",0.0151598336045313,0.0
DEW,isobar,0.5,325.6722222222222,0.0154840879708504,"PerplexDEW (Davies, activity=DEW)",0.0154840879708504,0.0
DEW,isobar,0.5,328.15000000000003,0.0158100994845389,"PerplexDEW (Davies, activity=DEW)",0.0158100994845389,0.0
DEW,isobar,0.5,330.6277777777778,0.0161375915202486,"PerplexDEW (Davies, activity=DEW)",0.0161375915202486,0.0
DEW,isobar,0.5,333.10555555555555,0.0164661989796809,"PerplexDEW (Davies, activity=DEW)",0.0164661989796809,0.0
DEW,isobar,0.5,335.58333333333337,0.0167955787700707,"PerplexDEW (Davies, activity=DEW)",0.0167955787700707,0.0
DEW,isobar,0.5,338.0611111111112,0.0171253281540181,"PerplexDEW (Davies, activity=DEW)",0.0171253281540181,0.0
DEW,isobar,0.5,340.5388888888889,0.0174550431376471,"PerplexDEW (Davies, activity=DEW)",0.0174550431376471,0.0
DEW,isobar,0.5,343.0166666666667,0.0177842411284454,"PerplexDEW (Davies, activity=DEW)",0.0177842411284454,0.0
DEW,isobar,0.5,345.49444444444447,0.0181124485867105,"PerplexDEW (Davies, activity=DEW)",0.0181124485867105,0.0
DEW,isobar,0.5,347.97222222222223,0.0184391065941513,"PerplexDEW (Davies, activity=DEW)",0.0184391065941513,0.0
DEW,isobar,0.5,350.45000000000005,0.0187636640276179,"PerplexDEW (Davies, activity=DEW)",0.0187636640276179,0.0
DEW,isobar,0.5,352.9277777777778,0.0190854470733038,"PerplexDEW (Davies, activity=DEW)",0.0190854470733038,0.0
DEW,isobar,0.5,355.4055555555556,0.0194040187230706,"PerplexDEW (Davies, activity=DEW)",0.0194040187230706,0.0
DEW,isobar,0.5,357.8833333333333,0.0197182189750051,"PerplexDEW (Davies, activity=DEW)",0.0197182189750051,0.0
DEW,isobar,0.5,360.3611111111112,0.0200274482220706,"PerplexDEW (Davies, activity=DEW)",0.0200274482220706,0.0
DEW,isobar,0.5,362.8388888888889,0.0203308234072866,"PerplexDEW (Davies, activity=DEW)",0.0203308234072866,0.0
DEW,isobar,0.5,365.31666666666666,0.0206274090949171,"PerplexDEW (Davies, activity=DEW)",0.0206274090949171,0.0
DEW,isobar,0.5,367.7944444444445,0.0209161444939775,"PerplexDEW (Davies, activity=DEW)",0.0209161444939775,0.0
DEW,isobar,0.5,370.27222222222224,0.0211959061695224,"PerplexDEW (Davies, activity=DEW)",0.0211959061695224,0.0
DEW,isobar,0.5,372.75,0.0214654689691912,"PerplexDEW (Davies, activity=DEW)",0.0214654689691912,0.0
DEW,isobar,0.5,375.22777777777776,0.0217234609164793,"PerplexDEW (Davies, activity=DEW)",0.0217234609164793,0.0
DEW,isobar,0.5,377.7055555555556,0.0219683719309127,"PerplexDEW (Davies, activity=DEW)",0.0219683719309127,0.0
DEW,isobar,0.5,380.1833333333333,0.0221985657971412,"PerplexDEW (Davies, activity=DEW)",0.0221985657971412,0.0
DEW,isobar,0.5,382.6611111111112,0.0224121899892584,"PerplexDEW (Davies, activity=DEW)",0.0224121899892584,0.0
DEW,isobar,0.5,385.1388888888889,0.022607202901566,"PerplexDEW (Davies, activity=DEW)",0.022607202901566,0.0
DEW,isobar,0.5,387.6166666666667,0.0227813415070625,"PerplexDEW (Davies, activity=DEW)",0.0227813415070625,0.0
DEW,isobar,0.5,390.0944444444444,0.0229320409729726,"PerplexDEW (Davies, activity=DEW)",0.0229320409729726,0.0
DEW,isobar,0.5,392.5722222222223,0.0230563220492861,"PerplexDEW (Davies, activity=DEW)",0.0230563220492861,0.0
DEW,isobar,0.5,395.05,0.0231509544946713,"PerplexDEW (Davies, activity=DEW)",0.0231509544946713,0.0
DEW,isobar,0.5,397.52777777777777,0.0232121109782937,"PerplexDEW (Davies, activity=DEW)",0.0232121109782937,0.0
DEW,isobar,0.5,400.0055555555556,0.0232352791143254,"PerplexDEW (Davies, activity=DEW)",0.0232352791143254,0.0
DEW,isobar,0.5,402.48333333333335,0.0232153280214506,"PerplexDEW (Davies, activity=DEW)",0.0232153280214506,0.0
DEW,isobar,0.5,404.9611111111111,0.0231459173952601,"PerplexDEW (Davies, activity=DEW)",0.0231459173952601,0.0
DEW,isobar,0.5,407.43888888888887,0.0230196544263021,"PerplexDEW (Davies, activity=DEW)",0.0230196544263021,0.0
DEW,isobar,0.5,409.9166666666667,0.0228269957763154,"PerplexDEW (Davies, activity=DEW)",0.0228269957763154,0.0
DEW,isobar,0.5,412.3944444444445,0.022556185179696,"PerplexDEW (Davies, activity=DEW)",0.022556185179696,0.0
DEW,isobar,0.5,414.8722222222223,0.0221915293459709,"PerplexDEW (Davies, activity=DEW)",0.0221915293459709,0.0
DEW,isobar,0.5,417.35,0.0217117256019009,"PerplexDEW (Davies, activity=DEW)",0.0217117256019009,0.0
DEW,isobar,0.5,419.8277777777778,0.0210861812411956,"PerplexDEW (Davies, activity=DEW)",0.0210861812411956,0.0
DEW,isobar,0.5,422.30555555555554,0.0202670351632419,"PerplexDEW (Davies, activity=DEW)",0.0202670351632419,0.0
DEW,isobar,0.5,424.7833333333333,0.0191711964948139,"PerplexDEW (Davies, activity=DEW)",0.0191711964948139,0.0
DEW,isobar,0.5,427.2611111111111,0.017626885389573,"PerplexDEW (Davies, activity=DEW)",0.017626885389573,0.0
DEW,isobar,0.5,429.7388888888889,0.0151265322480864,"PerplexDEW (Davies, activity=DEW)",0.0151265322480864,0.0
DEW,isobar,0.5,432.2166666666667,0.009687593695369,"PerplexDEW (Davies, activity=DEW)",0.009687593695369,0.0
DEW,isobar,0.5,434.69444444444446,0.0072525615348116,"PerplexDEW (Davies, activity=DEW)",0.0072525615348116,0.0
DEW,isobar,0.5,437.1722222222222,0.0063396207234187,"PerplexDEW (Davies, activity=DEW)",0.0063396207234187,0.0
DEW,isobar,0.5,439.65,0.005791442768328,"PerplexDEW (Davies, activity=DEW)",0.005791442768328,0.0
DEW,isobar,0.5,442.1277777777778,0.0054048506117591,"PerplexDEW (Davies, activity=DEW)",0.0054048506117591,0.0
DEW,isobar,0.5,444.6055555555556,0.0051092355527441,"PerplexDEW (Davies, activity=DEW)",0.0051092355527441,0.0
DEW,isobar,0.5,447.08333333333337,0.004871276001626,"PerplexDEW (Davies, activity=DEW)",0.004871276001626,0.0
DEW,isobar,0.5,449.56111111111113,0.0046729866660309,"PerplexDEW (Davies, activity=DEW)",0.0046729866660309,0.0
DEW,isobar,0.5,452.0388888888889,0.0045031832591134,"PerplexDEW (Davies, activity=DEW)",0.0045031832591134,0.0
DEW,isobar,0.5,454.51666666666665,0.0043552494230854,"PerplexDEW (Davies, activity=DEW)",0.0043552494230854,0.0
DEW,isobar,0.5,456.9944444444444,0.0042239636627678,"PerplexDEW (Davies, activity=DEW)",0.0042239636627678,0.0
DEW,isobar,0.5,459.47222222222223,0.0041061704585706,"PerplexDEW (Davies, activity=DEW)",0.0041061704585706,0.0
DEW,isobar,0.5,461.95,0.0039991534845387,"PerplexDEW (Davies, activity=DEW)",0.0039991534845387,0.0
DEW,isobar,0.5,464.4277777777778,0.0039011366515606,"PerplexDEW (Davies, activity=DEW)",0.0039011366515606,0.0
DEW,isobar,0.5,466.9055555555556,0.0038106505871478,"PerplexDEW (Davies, activity=DEW)",0.0038106505871478,0.0
DEW,isobar,0.5,469.3833333333333,0.003726464892182,"PerplexDEW (Davies, activity=DEW)",0.003726464892182,0.0
DEW,isobar,0.5,471.8611111111111,0.003647818420225,"PerplexDEW (Davies, activity=DEW)",0.003647818420225,0.0
DEW,isobar,0.5,474.3388888888889,0.0035737619956099,"PerplexDEW (Davies, activity=DEW)",0.0035737619956099,0.0
DEW,isobar,0.5,476.81666666666666,0.0035038319459432,"PerplexDEW (Davies, activity=DEW)",0.0035038319459432,0.0
DEW,isobar,0.5,479.2944444444445,0.0034374601195463,"PerplexDEW (Davies, activity=DEW)",0.0034374601195463,0.0
DEW,isobar,0.5,481.77222222222224,0.0033742782735182,"PerplexDEW (Davies, activity=DEW)",0.0033742782735182,0.0
DEW,isobar,0.5,484.25,0.0033138943725308,"PerplexDEW (Davies, activity=DEW)",0.0033138943725308,0.0
DEW,isobar,0.5,486.72777777777776,0.0032560491277927,"PerplexDEW (Davies, activity=DEW)",0.0032560491277927,0.0
DEW,isobar,0.5,489.2055555555555,0.0032003857145405,"PerplexDEW (Davies, activity=DEW)",0.0032003857145405,0.0
DEW,isobar,0.5,491.6833333333333,0.0031467648413366,"PerplexDEW (Davies, activity=DEW)",0.0031467648413366,0.0
DEW,isobar,0.5,494.1611111111111,0.0030950338399716,"PerplexDEW (Davies, activity=DEW)",0.0030950338399716,0.0
DEW,isobar,0.5,496.6388888888889,0.0030449463330916,"PerplexDEW (Davies, activity=DEW)",0.0030449463330916,0.0
DEW,isobar,0.5,499.1166666666667,0.0029964842862081,"PerplexDEW (Davies, activity=DEW)",0.0029964842862081,0.0
DEW,isobar,0.5,501.5944444444444,0.0029492949624901,"PerplexDEW (Davies, activity=DEW)",0.0029492949624901,0.0
DEW,isobar,0.5,504.0722222222222,0.0029035023589528,"PerplexDEW (Davies, activity=DEW)",0.0029035023589528,0.0
DEW,isobar,0.5,506.55,0.0028588963700019,"PerplexDEW (Davies, activity=DEW)",0.0028588963700019,0.0
DEW,isobar,0.5,509.02777777777777,0.0028154218517488,"PerplexDEW (Davies, activity=DEW)",0.0028154218517488,0.0
DEW,isobar,0.5,511.5055555555556,0.0027730166071546,"PerplexDEW (Davies, activity=DEW)",0.0027730166071546,0.0
DEW,isobar,0.5,513.9833333333333,0.0027315275855371,"PerplexDEW (Davies, activity=DEW)",0.0027315275855371,0.0
DEW,isobar,0.5,516.4611111111111,0.0026909623951644,"PerplexDEW (Davies, activity=DEW)",0.0026909623951644,0.0
DEW,isobar,0.5,518.9388888888889,0.002651324091519,"PerplexDEW (Davies, activity=DEW)",0.002651324091519,0.0
DEW,isobar,0.5,521.4166666666666,0.0026124407626238,"PerplexDEW (Davies, activity=DEW)",0.0026124407626238,0.0
DEW,isobar,0.5,523.8944444444444,0.0025743044528541,"PerplexDEW (Davies, activity=DEW)",0.0025743044528541,0.0
DEW,isobar,0.5,526.3722222222223,0.0025369891977096,"PerplexDEW (Davies, activity=DEW)",0.0025369891977096,0.0
DEW,isobar,0.5,528.85,0.0025003075530937,"PerplexDEW (Davies, activity=DEW)",0.0025003075530937,0.0
DEW,isobar,0.5,531.3277777777778,0.0024643256148587,"PerplexDEW (Davies, activity=DEW)",0.0024643256148587,0.0
DEW,isobar,0.5,533.8055555555555,0.0024290202659819,"PerplexDEW (Davies, activity=DEW)",0.0024290202659819,0.0
DEW,isobar,0.5,536.2833333333333,0.0023942777378652,"PerplexDEW (Davies, activity=DEW)",0.0023942777378652,0.0
DEW,isobar,0.5,538.7611111111111,0.0023601548860995,"PerplexDEW (Davies, activity=DEW)",0.0023601548860995,0.0
DEW,isobar,0.5,541.2388888888888,0.0023265749369752,"PerplexDEW (Davies, activity=DEW)",0.0023265749369752,0.0
DEW,isobar,0.5,543.7166666666667,0.0022935456416728,"PerplexDEW (Davies, activity=DEW)",0.0022935456416728,0.0
DEW,isobar,0.5,546.1944444444445,0.0022610724095703,"PerplexDEW (Davies, activity=DEW)",0.0022610724095703,0.0
DEW,isobar,0.5,548.6722222222222,0.0022291142025712,"PerplexDEW (Davies, activity=DEW)",0.0022291142025712,0.0
DEW,isobar,0.5,551.15,0.0021976717018927,"PerplexDEW (Davies, activity=DEW)",0.0021976717018927,0.0
DEW,isobar,0.6,390.8,0.025176035378049,"PerplexDEW (Davies, activity=DEW)",0.025176035378049,0.0
DEW,isobar,0.6,393.06666666666666,0.0254305425265562,"PerplexDEW (Davies, activity=DEW)",0.0254305425265562,0.0
DEW,isobar,0.6,395.33333333333337,0.025673146123945,"PerplexDEW (Davies, activity=DEW)",0.025673146123945,0.0
DEW,isobar,0.6,397.6,0.0259026931317017,"PerplexDEW (Davies, activity=DEW)",0.0259026931317017,0.0
DEW,isobar,0.6,399.8666666666667,0.0261178808870148,"PerplexDEW (Davies, activity=DEW)",0.0261178808870148,0.0
DEW,isobar,0.6,402.1333333333333,0.0263174534315248,"PerplexDEW (Davies, activity=DEW)",0.0263174534315248,0.0
DEW,isobar,0.6,404.4,0.0264999495420291,"PerplexDEW (Davies, activity=DEW)",0.0264999495420291,0.0
DEW,isobar,0.6,406.6666666666667,0.0266637410150399,"PerplexDEW (Davies, activity=DEW)",0.0266637410150399,0.0
DEW,isobar,0.6,408.9333333333333,0.0268072442810444,"PerplexDEW (Davies, activity=DEW)",0.0268072442810444,0.0
DEW,isobar,0.6,411.2,0.0269285398284822,"PerplexDEW (Davies, activity=DEW)",0.0269285398284822,0.0
DEW,isobar,0.6,413.4666666666667,0.0270256926193494,"PerplexDEW (Davies, activity=DEW)",0.0270256926193494,0.0
DEW,isobar,0.6,415.73333333333335,0.0270965278391525,"PerplexDEW (Davies, activity=DEW)",0.0270965278391525,0.0
DEW,isobar,0.6,418.0,0.0271387400695734,"PerplexDEW (Davies, activity=DEW)",0.0271387400695734,0.0
DEW,isobar,0.6,420.2666666666667,0.0271497739340856,"PerplexDEW (Davies, activity=DEW)",0.0271497739340856,0.0
DEW,isobar,0.6,422.53333333333336,0.0271268804802841,"PerplexDEW (Davies, activity=DEW)",0.0271268804802841,0.0
DEW,isobar,0.6,424.8,0.0270669302620944,"PerplexDEW (Davies, activity=DEW)",0.0270669302620944,0.0
DEW,isobar,0.6,427.06666666666666,0.026966598288683,"PerplexDEW (Davies, activity=DEW)",0.026966598288683,0.0
DEW,isobar,0.6,429.33333333333337,0.0268224438390335,"PerplexDEW (Davies, activity=DEW)",0.0268224438390335,0.0
DEW,isobar,0.6,431.6,0.0266302044706663,"PerplexDEW (Davies, activity=DEW)",0.0266302044706663,0.0
DEW,isobar,0.6,433.8666666666667,0.0263855884529324,"PerplexDEW (Davies, activity=DEW)",0.0263855884529324,0.0
DEW,isobar,0.6,436.1333333333333,0.0260839197767227,"PerplexDEW (Davies, activity=DEW)",0.0260839197767227,0.0
DEW,isobar,0.6,438.4,0.0257200438287896,"PerplexDEW (Davies, activity=DEW)",0.0257200438287896,0.0
DEW,isobar,0.6,440.6666666666667,0.0252883876928624,"PerplexDEW (Davies, activity=DEW)",0.0252883876928624,0.0
DEW,isobar,0.6,442.9333333333333,0.0247837569278642,"PerplexDEW (Davies, activity=DEW)",0.0247837569278642,0.0
DEW,isobar,0.6,445.2000000000001,0.0242002129260501,"PerplexDEW (Davies, activity=DEW)",0.0242002129260501,0.0
DEW,isobar,0.6,447.4666666666667,0.0235330735488924,"PerplexDEW (Davies, activity=DEW)",0.0235330735488924,0.0
DEW,isobar,0.6,449.73333333333335,0.0227792852228847,"PerplexDEW (Davies, activity=DEW)",0.0227792852228847,0.0
DEW,isobar,0.6,452.0,0.0219387799300104,"PerplexDEW (Davies, activity=DEW)",0.0219387799300104,0.0
DEW,isobar,0.6,454.2666666666667,0.021017164465944,"PerplexDEW (Davies, activity=DEW)",0.021017164465944,0.0
DEW,isobar,0.6,456.53333333333336,0.0200279885280324,"PerplexDEW (Davies, activity=DEW)",0.0200279885280324,0.0
DEW,isobar,0.6,458.8,0.0189953356897163,"PerplexDEW (Davies, activity=DEW)",0.0189953356897163,0.0
DEW,isobar,0.6,461.0666666666667,0.0179531103060907,"PerplexDEW (Davies, activity=DEW)",0.0179531103060907,0.0
DEW,isobar,0.6,463.33333333333337,0.0169399191708041,"PerplexDEW (Davies, activity=DEW)",0.0169399191708041,0.0
DEW,isobar,0.6,465.6,0.015990761490819,"PerplexDEW (Davies, activity=DEW)",0.015990761490819,0.0
DEW,isobar,0.6,467.8666666666667,0.0151279928506611,"PerplexDEW (Davies, activity=DEW)",0.0151279928506611,0.0
DEW,isobar,0.6,470.1333333333333,0.014361344329778,"PerplexDEW (Davies, activity=DEW)",0.014361344329778,0.0
DEW,isobar,0.6,472.4,0.0136886235488129,"PerplexDEW (Davies, activity=DEW)",0.0136886235488129,0.0
DEW,isobar,0.6,474.6666666666667,0.0131015793702507,"PerplexDEW (Davies, activity=DEW)",0.0131015793702507,0.0
DEW,isobar,0.6,476.9333333333334,0.0125888217864052,"PerplexDEW (Davies, activity=DEW)",0.0125888217864052,0.0
DEW,isobar,0.6,479.2000000000001,0.0121400594977423,"PerplexDEW (Davies, activity=DEW)",0.0121400594977423,0.0
DEW,isobar,0.6,481.4666666666667,0.011744952009304,"PerplexDEW (Davies, activity=DEW)",0.011744952009304,0.0
DEW,isobar,0.6,483.73333333333335,0.0113949022587715,"PerplexDEW (Davies, activity=DEW)",0.0113949022587715,0.0
DEW,isobar,0.6,486.0,0.0110828920192711,"PerplexDEW (Davies, activity=DEW)",0.0110828920192711,0.0
DEW,isobar,0.6,488.2666666666667,0.0108027446383251,"PerplexDEW (Davies, activity=DEW)",0.0108027446383251,0.0
DEW,isobar,0.6,490.53333333333336,0.0105499024294284,"PerplexDEW (Davies, activity=DEW)",0.0105499024294284,0.0
DEW,isobar,0.6,492.8,0.0103201337521602,"PerplexDEW (Davies, activity=DEW)",0.0103201337521602,0.0
DEW,isobar,0.6,495.0666666666667,0.0101101114614491,"PerplexDEW (Davies, activity=DEW)",0.0101101114614491,0.0
DEW,isobar,0.6,497.33333333333337,0.0099171434743346,"PerplexDEW (Davies, activity=DEW)",0.0099171434743346,0.0
DEW,isobar,0.6,499.6,0.0097390353951371,"PerplexDEW (Davies, activity=DEW)",0.0097390353951371,0.0
DEW,isobar,0.6,501.8666666666667,0.0095738280213027,"PerplexDEW (Davies, activity=DEW)",0.0095738280213027,0.0
DEW,isobar,0.6,504.1333333333334,0.0094199197373571,"PerplexDEW (Davies, activity=DEW)",0.0094199197373571,0.0
DEW,isobar,0.6,506.4,0.0092759376744522,"PerplexDEW (Davies, activity=DEW)",0.0092759376744522,0.0
DEW,isobar,0.6,508.6666666666667,0.0091406055793731,"PerplexDEW (Davies, activity=DEW)",0.0091406055793731,0.0
DEW,isobar,0.6,510.9333333333334,0.0090131445737868,"PerplexDEW (Davies, activity=DEW)",0.0090131445737868,0.0
DEW,isobar,0.6,513.2,0.0088924780615425,"PerplexDEW (Davies, activity=DEW)",0.0088924780615425,0.0
DEW,isobar,0.6,515.4666666666667,0.0087778987545414,"PerplexDEW (Davies, activity=DEW)",0.0087778987545414,0.0
DEW,isobar,0.6,517.7333333333333,0.0086689466407783,"PerplexDEW (Davies, activity=DEW)",0.0086689466407783,0.0
DEW,isobar,0.6,520.0,0.0085649994454432,"PerplexDEW (Davies, activity=DEW)",0.0085649994454432,0.0
DEW,isobar,0.6,522.2666666666667,0.0084655459933198,"PerplexDEW (Davies, activity=DEW)",0.0084655459933198,0.0
DEW,isobar,0.6,524.5333333333333,0.0083700480967204,"PerplexDEW (Davies, activity=DEW)",0.0083700480967204,0.0
DEW,isobar,0.6,526.8000000000001,0.0082782281348805,"PerplexDEW (Davies, activity=DEW)",0.0082782281348805,0.0
DEW,isobar,0.6,529.0666666666667,0.0081899364240182,"PerplexDEW (Davies, activity=DEW)",0.0081899364240182,0.0
DEW,isobar,0.6,531.3333333333334,0.008104566656568,"PerplexDEW (Davies, activity=DEW)",0.008104566656568,0.0
DEW,isobar,0.6,533.6,0.0080219278068898,"PerplexDEW (Davies, activity=DEW)",0.0080219278068898,0.0
DEW,isobar,0.6,535.8666666666667,0.007941964548352,"PerplexDEW (Davies, activity=DEW)",0.007941964548352,0.0
DEW,isobar,0.6,538.1333333333334,0.0078643073009428,"PerplexDEW (Davies, activity=DEW)",0.0078643073009428,0.0
DEW,isobar,0.6,540.4000000000001,0.007788718028317,"PerplexDEW (Davies, activity=DEW)",0.007788718028317,0.0
DEW,isobar,0.6,542.6666666666667,0.0077152527591044,"PerplexDEW (Davies, activity=DEW)",0.0077152527591044,0.0
DEW,isobar,0.6,544.9333333333334,0.0076436489803192,"PerplexDEW (Davies, activity=DEW)",0.0076436489803192,0.0
DEW,isobar,0.6,547.2,0.0075736269941175,"PerplexDEW (Davies, activity=DEW)",0.0075736269941175,0.0
DEW,isobar,0.6,549.4666666666667,0.0075053692183244,"PerplexDEW (Davies, activity=DEW)",0.0075053692183244,0.0
DEW,isobar,0.6,551.7333333333333,0.0074384132332321,"PerplexDEW (Davies, activity=DEW)",0.0074384132332321,0.0
DEW,isobar,0.6,554.0,0.0073730055748895,"PerplexDEW (Davies, activity=DEW)",0.0073730055748895,0.0
DEW,isobar,0.6,556.2666666666667,0.0073089030443823,"PerplexDEW (Davies, activity=DEW)",0.0073089030443823,0.0
DEW,isobar,0.6,558.5333333333333,0.0072458477223762,"PerplexDEW (Davies, activity=DEW)",0.0072458477223762,0.0
DEW,isobar,0.6,560.8000000000001,0.0071840682561095,"PerplexDEW (Davies, activity=DEW)",0.0071840682561095,0.0
DEW,isobar,0.6,563.0666666666667,0.0071233745193951,"PerplexDEW (Davies, activity=DEW)",0.0071233745193951,0.0
DEW,isobar,0.6,565.3333333333334,0.0070635645714926,"PerplexDEW (Davies, activity=DEW)",0.0070635645714926,0.0
DEW,isobar,0.6,567.6,0.0070047672811347,"PerplexDEW (Davies, activity=DEW)",0.0070047672811347,0.0
DEW,isobar,0.6,569.8666666666667,0.0069469382557333,"PerplexDEW (Davies, activity=DEW)",0.0069469382557333,0.0
DEW,isobar,0.6,572.1333333333334,0.0068898529442486,"PerplexDEW (Davies, activity=DEW)",0.0068898529442486,0.0
DEW,isobar,0.6,574.4000000000001,0.0068336258944411,"PerplexDEW (Davies, activity=DEW)",0.0068336258944411,0.0
DEW,isobar,0.6,576.6666666666667,0.0067782825674636,"PerplexDEW (Davies, activity=DEW)",0.0067782825674636,0.0
DEW,isobar,0.6,578.9333333333334,0.0067235780666237,"PerplexDEW (Davies, activity=DEW)",0.0067235780666237,0.0
DEW,isobar,0.6,581.2,0.0066696146727729,"PerplexDEW (Davies, activity=DEW)",0.0066696146727729,0.0
DEW,isobar,0.6,583.4666666666667,0.0066163133613655,"PerplexDEW (Davies, activity=DEW)",0.0066163133613655,0.0
DEW,isobar,0.6,585.7333333333333,0.0065636800275273,"PerplexDEW (Davies, activity=DEW)",0.0065636800275273,0.0
DEW,isobar,0.6,588.0,0.0065116257270022,"PerplexDEW (Davies, activity=DEW)",0.0065116257270022,0.0
DEW,isobar,0.6,590.2666666666667,0.0064602398459081,"PerplexDEW (Davies, activity=DEW)",0.0064602398459081,0.0
DEW,isobar,0.6,592.5333333333334,0.0064094255388708,"PerplexDEW (Davies, activity=DEW)",0.0064094255388708,0.0
DEW,isobar,0.6,594.8000000000001,0.0063592667564059,"PerplexDEW (Davies, activity=DEW)",0.0063592667564059,0.0
DEW,isobar,0.6,597.0666666666667,0.0063094712658351,"PerplexDEW (Davies, activity=DEW)",0.0063094712658351,0.0
DEW,isobar,0.6,599.3333333333334,0.0062603030130589,"PerplexDEW (Davies, activity=DEW)",0.0062603030130589,0.0
DEW,isobar,0.6,601.6,0.0062116498327888,"PerplexDEW (Davies, activity=DEW)",0.0062116498327888,0.0
DEW,isobar,0.6,603.8666666666667,0.0061635851241377,"PerplexDEW (Davies, activity=DEW)",0.0061635851241377,0.0
DEW,isobar,0.6,606.1333333333334,0.0061158933243392,"PerplexDEW (Davies, activity=DEW)",0.0061158933243392,0.0
DEW,isobar,0.6,608.4000000000001,0.0060687376864857,"PerplexDEW (Davies, activity=DEW)",0.0060687376864857,0.0
DEW,isobar,0.6,610.6666666666667,0.0060219915260048,"PerplexDEW (Davies, activity=DEW)",0.0060219915260048,0.0
DEW,isobar,0.6,612.9333333333334,0.0059757182474984,"PerplexDEW (Davies, activity=DEW)",0.0059757182474984,0.0
DEW,isobar,0.6,615.2,0.0059299803692676,"PerplexDEW (Davies, activity=DEW)",0.0059299803692676,0.0
DEW,isobar,0.75,318.55,0.015527953126599,"PerplexDEW (Davies, activity=DEW)",0.015527953126599,0.0
DEW,isobar,0.75,321.09444444444443,0.01590667444234,"PerplexDEW (Davies, activity=DEW)",0.01590667444234,0.0
DEW,isobar,0.75,323.6388888888889,0.0162905966498507,"PerplexDEW (Davies, activity=DEW)",0.0162905966498507,0.0
DEW,isobar,0.75,326.18333333333334,0.0166796104003466,"PerplexDEW (Davies, activity=DEW)",0.0166796104003466,0.0
DEW,isobar,0.75,328.7277777777778,0.0170736061926197,"PerplexDEW (Davies, activity=DEW)",0.0170736061926197,0.0
DEW,isobar,0.75,331.27222222222224,0.0174724472375431,"PerplexDEW (Davies, activity=DEW)",0.0174724472375431,0.0
DEW,isobar,0.75,333.81666666666666,0.017875995722852,"PerplexDEW (Davies, activity=DEW)",0.017875995722852,0.0
DEW,isobar,0.75,336.36111111111114,0.0182840899361218,"PerplexDEW (Davies, activity=DEW)",0.0182840899361218,0.0
DEW,isobar,0.75,338.9055555555556,0.0186965669596224,"PerplexDEW (Davies, activity=DEW)",0.0186965669596224,0.0
DEW,isobar,0.75,341.45,0.0191132253731902,"PerplexDEW (Davies, activity=DEW)",0.0191132253731902,0.0
DEW,isobar,0.75,343.99444444444447,0.019533894094918,"PerplexDEW (Davies, activity=DEW)",0.019533894094918,0.0
DEW,isobar,0.75,346.5388888888889,0.0199583221603939,"PerplexDEW (Davies, activity=DEW)",0.0199583221603939,0.0
DEW,isobar,0.75,349.08333333333337,0.0203863024924915,"PerplexDEW (Davies, activity=DEW)",0.0203863024924915,0.0
DEW,isobar,0.75,351.6277777777778,0.0208175712980781,"PerplexDEW (Davies, activity=DEW)",0.0208175712980781,0.0
DEW,isobar,0.75,354.1722222222222,0.0212518613071805,"PerplexDEW (Davies, activity=DEW)",0.0212518613071805,0.0
DEW,isobar,0.75,356.7166666666667,0.021688923408216,"PerplexDEW (Davies, activity=DEW)",0.021688923408216,0.0
DEW,isobar,0.75,359.2611111111111,0.0221283635887252,"PerplexDEW (Davies, activity=DEW)",0.0221283635887252,0.0
DEW,isobar,0.75,361.80555555555554,0.02256989944094,"PerplexDEW (Davies, activity=DEW)",0.02256989944094,0.0
DEW,isobar,0.75,364.35,0.0230131811569384,"PerplexDEW (Davies, activity=DEW)",0.0230131811569384,0.0
DEW,isobar,0.75,366.8944444444445,0.023457820872346,"PerplexDEW (Davies, activity=DEW)",0.023457820872346,0.0
DEW,isobar,0.75,369.4388888888889,0.0239034075469284,"PerplexDEW (Davies, activity=DEW)",0.0239034075469284,0.0
DEW,isobar,0.75,371.98333333333335,0.0243495435034489,"PerplexDEW (Davies, activity=DEW)",0.0243495435034489,0.0
DEW,isobar,0.75,374.52777777777777,0.0247957535035223,"PerplexDEW (Davies, activity=DEW)",0.0247957535035223,0.0
DEW,isobar,0.75,377.0722222222223,0.0252415547887697,"PerplexDEW (Davies, activity=DEW)",0.0252415547887697,0.0
DEW,isobar,0.75,379.6166666666667,0.025686438926204,"PerplexDEW (Davies, activity=DEW)",0.025686438926204,0.0
DEW,isobar,0.75,382.1611111111112,0.0261298712215804,"PerplexDEW (Davies, activity=DEW)",0.0261298712215804,0.0
DEW,isobar,0.75,384.7055555555556,0.0265712686887564,"PerplexDEW (Davies, activity=DEW)",0.0265712686887564,0.0
DEW,isobar,0.75,387.25,0.0270100406504319,"PerplexDEW (Davies, activity=DEW)",0.0270100406504319,0.0
DEW,isobar,0.75,389.7944444444445,0.0274455231257185,"PerplexDEW (Davies, activity=DEW)",0.0274455231257185,0.0
DEW,isobar,0.75,392.3388888888889,0.027877065441028,"PerplexDEW (Davies, activity=DEW)",0.027877065441028,0.0
DEW,isobar,0.75,394.8833333333333,0.0283039401198683,"PerplexDEW (Davies, activity=DEW)",0.0283039401198683,0.0
DEW,isobar,0.75,397.4277777777778,0.0287253852996667,"PerplexDEW (Davies, activity=DEW)",0.0287253852996667,0.0
DEW,isobar,0.75,399.97222222222223,0.0291406042792724,"PerplexDEW (Davies, activity=DEW)",0.0291406042792724,0.0
DEW,isobar,0.75,402.5166666666667,0.0295487651625637,"PerplexDEW (Davies, activity=DEW)",0.0295487651625637,0.0
DEW,isobar,0.75,405.06111111111113,0.0299489738935062,"PerplexDEW (Davies, activity=DEW)",0.0299489738935062,0.0
DEW,isobar,0.75,407.6055555555556,0.0303403528732165,"PerplexDEW (Davies, activity=DEW)",0.0303403528732165,0.0
DEW,isobar,0.75,410.15,0.0307218510351995,"PerplexDEW (Davies, activity=DEW)",0.0307218510351995,0.0
DEW,isobar,0.75,412.69444444444446,0.0310925146542194,"PerplexDEW (Davies, activity=DEW)",0.0310925146542194,0.0
DEW,isobar,0.75,415.23888888888894,0.0314512392432817,"PerplexDEW (Davies, activity=DEW)",0.0314512392432817,0.0
DEW,isobar,0.75,417.78333333333336,0.0317969374423627,"PerplexDEW (Davies, activity=DEW)",0.0317969374423627,0.0
DEW,isobar,0.75,420.3277777777778,0.0321283914888845,"PerplexDEW (Davies, activity=DEW)",0.0321283914888845,0.0
DEW,isobar,0.75,422.8722222222223,0.0324443702812267,"PerplexDEW (Davies, activity=DEW)",0.0324443702812267,0.0
DEW,isobar,0.75,425.4166666666667,0.0327436996758339,"PerplexDEW (Davies, activity=DEW)",0.0327436996758339,0.0
DEW,isobar,0.75,427.9611111111111,0.0330249745899156,"PerplexDEW (Davies, activity=DEW)",0.0330249745899156,0.0
DEW,isobar,0.75,430.5055555555556,0.0332868114178882,"PerplexDEW (Davies, activity=DEW)",0.0332868114178882,0.0
DEW,isobar,0.75,433.05,0.0335277880684214,"PerplexDEW (Davies, activity=DEW)",0.0335277880684214,0.0
DEW,isobar,0.75,435.5944444444444,0.0337465184699296,"PerplexDEW (Davies, activity=DEW)",0.0337465184699296,0.0
DEW,isobar,0.75,438.1388888888889,0.0339415173866946,"PerplexDEW (Davies, activity=DEW)",0.0339415173866946,0.0
DEW,isobar,0.75,440.6833333333334,0.0341111215587977,"PerplexDEW (Davies, activity=DEW)",0.0341111215587977,0.0
DEW,isobar,0.75,443.2277777777778,0.0342539372746791,"PerplexDEW (Davies, activity=DEW)",0.0342539372746791,0.0
DEW,isobar,0.75,445.77222222222224,0.0343683311972015,"PerplexDEW (Davies, activity=DEW)",0.0343683311972015,0.0
DEW,isobar,0.75,448.3166666666667,0.0344527313073155,"PerplexDEW (Davies, activity=DEW)",0.0344527313073155,0.0
DEW,isobar,0.75,450.8611111111112,0.0345056418805311,"PerplexDEW (Davies, activity=DEW)",0.0345056418805311,0.0
DEW,isobar,0.75,453.4055555555556,0.0345256591343017,"PerplexDEW (Davies, activity=DEW)",0.0345256591343017,0.0
DEW,isobar,0.75,455.9500000000001,0.034511234563209,"PerplexDEW (Davies, activity=DEW)",0.034511234563209,0.0
DEW,isobar,0.75,458.49444444444447,0.034461269534128,"PerplexDEW (Davies, activity=DEW)",0.034461269534128,0.0
DEW,isobar,0.75,461.0388888888889,0.0343745515413937,"PerplexDEW (Davies, activity=DEW)",0.0343745515413937,0.0
DEW,isobar,0.75,463.58333333333337,0.0342501038860432,"PerplexDEW (Davies, activity=DEW)",0.0342501038860432,0.0
DEW,isobar,0.75,466.1277777777778,0.0340875696356565,"PerplexDEW (Davies, activity=DEW)",0.0340875696356565,0.0
DEW,isobar,0.75,468.6722222222222,0.0338861647805933,"PerplexDEW (Davies, activity=DEW)",0.0338861647805933,0.0
DEW,isobar,0.75,471.2166666666667,0.033646497383499,"PerplexDEW (Davies, activity=DEW)",0.033646497383499,0.0
DEW,isobar,0.75,473.7611111111112,0.0333685967411198,"PerplexDEW (Davies, activity=DEW)",0.0333685967411198,0.0
DEW,isobar,0.75,476.30555555555554,0.033053952786587,"PerplexDEW (Davies, activity=DEW)",0.033053952786587,0.0
DEW,isobar,0.75,478.85,0.0327038639592226,"PerplexDEW (Davies, activity=DEW)",0.0327038639592226,0.0
DEW,isobar,0.75,481.3944444444445,0.0323209546436753,"PerplexDEW (Davies, activity=DEW)",0.0323209546436753,0.0
DEW,isobar,0.75,483.9388888888889,0.0319082383512306,"PerplexDEW (Davies, activity=DEW)",0.0319082383512306,0.0
DEW,isobar,0.75,486.48333333333335,0.0314689035598206,"PerplexDEW (Davies, activity=DEW)",0.0314689035598206,0.0
DEW,isobar,0.75,489.0277777777778,0.0310074739805491,"PerplexDEW (Davies, activity=DEW)",0.0310074739805491,0.0
DEW,isobar,0.75,491.5722222222223,0.0305286178898092,"PerplexDEW (Davies, activity=DEW)",0.0305286178898092,0.0
DEW,isobar,0.75,494.1166666666667,0.0300373086207331,"PerplexDEW (Davies, activity=DEW)",0.0300373086207331,0.0
DEW,isobar,0.75,496.6611111111112,0.0295385901398973,"PerplexDEW (Davies, activity=DEW)",0.0295385901398973,0.0
DEW,isobar,0.75,499.2055555555556,0.0290379482110934,"PerplexDEW (Davies, activity=DEW)",0.0290379482110934,0.0
DEW,isobar,0.75,501.75,0.0285398668579865,"PerplexDEW (Davies, activity=DEW)",0.0285398668579865,0.0
DEW,isobar,0.75,504.2944444444445,0.0280488103378681,"PerplexDEW (Davies, activity=DEW)",0.0280488103378681,0.0
DEW,isobar,0.75,506.83888888888896,0.0275690109248531,"PerplexDEW (Davies, activity=DEW)",0.0275690109248531,0.0
DEW,isobar,0.75,509.3833333333333,0.0271038490289485,"PerplexDEW (Davies, activity=DEW)",0.0271038490289485,0.0
DEW,isobar,0.75,511.9277777777778,0.0266554335169961,"PerplexDEW (Davies, activity=DEW)",0.0266554335169961,0.0
DEW,isobar,0.75,514.4722222222223,0.0262258400129403,"PerplexDEW (Davies, activity=DEW)",0.0262258400129403,0.0
DEW,isobar,0.75,517.0166666666667,0.0258162950903679,"PerplexDEW (Davies, activity=DEW)",0.0258162950903679,0.0
DEW,isobar,0.75,519.5611111111111,0.0254278077669005,"PerplexDEW (Davies, activity=DEW)",0.0254278077669005,0.0
DEW,isobar,0.75,522.1055555555556,0.0250601271438711,"PerplexDEW (Davies, activity=DEW)",0.0250601271438711,0.0
DEW,isobar,0.75,524.6500000000001,0.0247132117976297,"PerplexDEW (Davies, activity=DEW)",0.0247132117976297,0.0
DEW,isobar,0.75,527.1944444444445,0.0243866064352265,"PerplexDEW (Davies, activity=DEW)",0.0243866064352265,0.0
DEW,isobar,0.75,529.7388888888889,0.0240796533816696,"PerplexDEW (Davies, activity=DEW)",0.0240796533816696,0.0
DEW,isobar,0.75,532.2833333333333,0.0237912732363057,"PerplexDEW (Davies, activity=DEW)",0.0237912732363057,0.0
DEW,isobar,0.75,534.8277777777778,0.0235203893515457,"PerplexDEW (Davies, activity=DEW)",0.0235203893515457,0.0
DEW,isobar,0.75,537.3722222222223,0.0232663710095952,"PerplexDEW (Davies, activity=DEW)",0.0232663710095952,0.0
DEW,isobar,0.75,539.9166666666667,0.0230279334584354,"PerplexDEW (Davies, activity=DEW)",0.0230279334584354,0.0
DEW,isobar,0.75,542.4611111111111,0.0228040077448822,"PerplexDEW (Davies, activity=DEW)",0.0228040077448822,0.0
DEW,isobar,0.75,545.0055555555556,0.0225935185850251,"PerplexDEW (Davies, activity=DEW)",0.0225935185850251,0.0
DEW,isobar,0.75,547.5500000000001,0.0223956104664906,"PerplexDEW (Davies, activity=DEW)",0.0223956104664906,0.0
DEW,isobar,0.75,550.0944444444444,0.0222091874952045,"PerplexDEW (Davies, activity=DEW)",0.0222091874952045,0.0
DEW,isobar,0.75,552.6388888888889,0.0220333678369439,"PerplexDEW (Davies, activity=DEW)",0.0220333678369439,0.0
DEW,isobar,0.75,555.1833333333334,0.0218674916962988,"PerplexDEW (Davies, activity=DEW)",0.0218674916962988,0.0
DEW,isobar,0.75,557.7277777777779,0.0217106457612902,"PerplexDEW (Davies, activity=DEW)",0.0217106457612902,0.0
DEW,isobar,0.75,560.2722222222222,0.021562379903684,"PerplexDEW (Davies, activity=DEW)",0.021562379903684,0.0
DEW,isobar,0.75,562.8166666666667,0.0214214897197112,"PerplexDEW (Davies, activity=DEW)",0.0214214897197112,0.0
DEW,isobar,0.75,565.3611111111111,0.021287727691416,"PerplexDEW (Davies, activity=DEW)",0.021287727691416,0.0
DEW,isobar,0.75,567.9055555555556,0.0211605871527016,"PerplexDEW (Davies, activity=DEW)",0.0211605871527016,0.0
DEW,isobar,0.75,570.45,0.0210392824755213,"PerplexDEW (Davies, activity=DEW)",0.0210392824755213,0.0
DEW,isobar,1.0,25.0,0.0002221699817381,"PerplexDEW (Davies, activity=DEW)",0.0002221699817381,0.0
DEW,isobar,1.0,30.55808080808081,0.0002450615544441,"PerplexDEW (Davies, activity=DEW)",0.0002450615544441,0.0
DEW,isobar,1.0,36.11616161616162,0.0002708590818783,"PerplexDEW (Davies, activity=DEW)",0.0002708590818783,0.0
DEW,isobar,1.0,41.67424242424242,0.0002997349112126,"PerplexDEW (Davies, activity=DEW)",0.0002997349112126,0.0
DEW,isobar,1.0,47.23232323232323,0.0003318991543121,"PerplexDEW (Davies, activity=DEW)",0.0003318991543121,0.0
DEW,isobar,1.0,52.79040404040404,0.000367591802984,"PerplexDEW (Davies, activity=DEW)",0.000367591802984,0.0
DEW,isobar,1.0,58.34848484848485,0.0004070788185381,"PerplexDEW (Davies, activity=DEW)",0.0004070788185381,0.0
DEW,isobar,1.0,63.90656565656565,0.0004506499755388,"PerplexDEW (Davies, activity=DEW)",0.0004506499755388,0.0
DEW,isobar,1.0,69.46464646464646,0.0004986178409156,"PerplexDEW (Davies, activity=DEW)",0.0004986178409156,0.0
DEW,isobar,1.0,75.02272727272728,0.0005513172947677,"PerplexDEW (Davies, activity=DEW)",0.0005513172947677,0.0
DEW,isobar,1.0,80.58080808080808,0.000609105511064,"PerplexDEW (Davies, activity=DEW)",0.000609105511064,0.0
DEW,isobar,1.0,86.13888888888889,0.0006723618500726,"PerplexDEW (Davies, activity=DEW)",0.0006723618500726,0.0
DEW,isobar,1.0,91.69696969696967,0.0007414881819214,"PerplexDEW (Davies, activity=DEW)",0.0007414881819214,0.0
DEW,isobar,1.0,97.2550505050505,0.0008169093495498,"PerplexDEW (Davies, activity=DEW)",0.0008169093495498,0.0
DEW,isobar,1.0,102.81313131313132,0.0008990730905323,"PerplexDEW (Davies, activity=DEW)",0.0008990730905323,0.0
DEW,isobar,1.0,108.37121212121212,0.0009884508555401,"PerplexDEW (Davies, activity=DEW)",0.0009884508555401,0.0
DEW,isobar,1.0,113.92929292929291,0.0010855376846462,"PerplexDEW (Davies, activity=DEW)",0.0010855376846462,0.0
DEW,isobar,1.0,119.48737373737372,0.0011908527973931,"PerplexDEW (Davies, activity=DEW)",0.0011908527973931,0.0
DEW,isobar,1.0,125.04545454545456,0.0013049398462147,"PerplexDEW (Davies, activity=DEW)",0.0013049398462147,0.0
DEW,isobar,1.0,130.60353535353534,0.0014283668523598,"PerplexDEW (Davies, activity=DEW)",0.0014283668523598,0.0
DEW,isobar,1.0,136.16161616161617,0.0015617265829367,"PerplexDEW (Davies, activity=DEW)",0.0015617265829367,0.0
DEW,isobar,1.0,141.71969696969697,0.0017056362917355,"PerplexDEW (Davies, activity=DEW)",0.0017056362917355,0.0
DEW,isobar,1.0,147.27777777777777,0.0018607380104222,"PerplexDEW (Davies, activity=DEW)",0.0018607380104222,0.0
DEW,isobar,1.0,152.8358585858586,0.0020276980613035,"PerplexDEW (Davies, activity=DEW)",0.0020276980613035,0.0
DEW,isobar,1.0,158.39393939393938,0.0022072068451388,"PerplexDEW (Davies, activity=DEW)",0.0022072068451388,0.0
DEW,isobar,1.0,163.9520202020202,0.0023999788113206,"PerplexDEW (Davies, activity=DEW)",0.0023999788113206,0.0
DEW,isobar,1.0,169.510101010101,0.0026067507629264,"PerplexDEW (Davies, activity=DEW)",0.0026067507629264,0.0
DEW,isobar,1.0,175.0681818181818,0.0028282820591072,"PerplexDEW (Davies, activity=DEW)",0.0028282820591072,0.0
DEW,isobar,1.0,180.62626262626264,0.0030653538144024,"PerplexDEW (Davies, activity=DEW)",0.0030653538144024,0.0
DEW,isobar,1.0,186.18434343434345,0.0033187669223179,"PerplexDEW (Davies, activity=DEW)",0.0033187669223179,0.0
DEW,isobar,1.0,191.74242424242425,0.0035893411693804,"PerplexDEW (Davies, activity=DEW)",0.0035893411693804,0.0
DEW,isobar,1.0,197.30050505050505,0.0038779136586803,"PerplexDEW (Davies, activity=DEW)",0.0038779136586803,0.0
DEW,isobar,1.0,202.85858585858583,0.0041853365405269,"PerplexDEW (Davies, activity=DEW)",0.0041853365405269,0.0
DEW,isobar,1.0,208.41666666666663,0.004512475689696,"PerplexDEW (Davies, activity=DEW)",0.004512475689696,0.0
DEW,isobar,1.0,213.97474747474743,0.0048602079935142,"PerplexDEW (Davies, activity=DEW)",0.0048602079935142,0.0
DEW,isobar,1.0,219.5328282828283,0.0052294175123436,"PerplexDEW (Davies, activity=DEW)",0.0052294175123436,0.0
DEW,isobar,1.0,225.0909090909091,0.0056209944937266,"PerplexDEW (Davies, activity=DEW)",0.0056209944937266,0.0
DEW,isobar,1.0,230.6489898989899,0.0060358311385575,"PerplexDEW (Davies, activity=DEW)",0.0060358311385575,0.0
DEW,isobar,1.0,236.2070707070707,0.0064748163923713,"PerplexDEW (Davies, activity=DEW)",0.0064748163923713,0.0
DEW,isobar,1.0,241.7651515151515,0.0069388344771984,"PerplexDEW (Davies, activity=DEW)",0.0069388344771984,0.0
DEW,isobar,1.0,247.32323232323236,0.007428758347424,"PerplexDEW (Davies, activity=DEW)",0.007428758347424,0.0
DEW,isobar,1.0,252.88131313131316,0.0079454453622898,"PerplexDEW (Davies, activity=DEW)",0.0079454453622898,0.0
DEW,isobar,1.0,258.43939393939394,0.0084897318752524,"PerplexDEW (Davies, activity=DEW)",0.0084897318752524,0.0
DEW,isobar,1.0,269.55555555555554,0.0096643080116921,"PerplexDEW (Davies, activity=DEW)",0.0096643080116921,0.0
DEW,isobar,1.0,275.1136363636364,0.0102961112551187,"PerplexDEW (Davies, activity=DEW)",0.0102961112551187,0.0
DEW,isobar,1.0,280.6717171717172,0.0109585230697495,"PerplexDEW (Davies, activity=DEW)",0.0109585230697495,0.0
DEW,isobar,1.0,286.229797979798,0.011652176170736,"PerplexDEW (Davies, activity=DEW)",0.011652176170736,0.0
DEW,isobar,1.0,291.78787878787875,0.0123776375354501,"PerplexDEW (Davies, activity=DEW)",0.0123776375354501,0.0
DEW,isobar,1.0,297.3459595959596,0.0131354040566521,"PerplexDEW (Davies, activity=DEW)",0.0131354040566521,0.0
DEW,isobar,1.0,302.9040404040404,0.0139258805450715,"PerplexDEW (Davies, activity=DEW)",0.0139258805450715,0.0
DEW,isobar,1.0,308.4621212121212,0.0147493867168051,"PerplexDEW (Davies, activity=DEW)",0.0147493867168051,0.0
DEW,isobar,1.0,314.020202020202,0.0156061273409176,"PerplexDEW (Davies, activity=DEW)",0.0156061273409176,0.0
DEW,isobar,1.0,319.5782828282828,0.0164962007560552,"PerplexDEW (Davies, activity=DEW)",0.0164962007560552,0.0
DEW,isobar,1.0,325.1363636363636,0.017419559580584,"PerplexDEW (Davies, activity=DEW)",0.017419559580584,0.0
DEW,isobar,1.0,330.69444444444446,0.0183760248025531,"PerplexDEW (Davies, activity=DEW)",0.0183760248025531,0.0
DEW,isobar,1.0,336.25252525252523,0.0193652587761425,"PerplexDEW (Davies, activity=DEW)",0.0193652587761425,0.0
DEW,isobar,1.0,341.81060606060606,0.0203867308014753,"PerplexDEW (Davies, activity=DEW)",0.0203867308014753,0.0
DEW,isobar,1.0,347.36868686868684,0.0214397560194843,"PerplexDEW (Davies, activity=DEW)",0.0214397560194843,0.0
DEW,isobar,1.0,352.92676767676767,0.0225234042873721,"PerplexDEW (Davies, activity=DEW)",0.0225234042873721,0.0
DEW,isobar,1.0,358.4848484848485,0.0236365545262234,"PerplexDEW (Davies, activity=DEW)",0.0236365545262234,0.0
DEW,isobar,1.0,364.0429292929293,0.0247778388839633,"PerplexDEW (Davies, activity=DEW)",0.0247778388839633,0.0
DEW,isobar,1.0,369.6010101010101,0.0259456038967552,"PerplexDEW (Davies, activity=DEW)",0.0259456038967552,0.0
DEW,isobar,1.0,375.1590909090909,0.0271379587723531,"PerplexDEW (Davies, activity=DEW)",0.0271379587723531,0.0
DEW,isobar,1.0,380.7171717171717,0.0283526895293212,"PerplexDEW (Davies, activity=DEW)",0.0283526895293212,0.0
DEW,isobar,1.0,386.2752525252525,0.0295872840989679,"PerplexDEW (Davies, activity=DEW)",0.0295872840989679,0.0
DEW,isobar,1.0,391.8333333333333,0.0308388961249862,"PerplexDEW (Davies, activity=DEW)",0.0308388961249862,0.0
DEW,isobar,1.0,397.39141414141415,0.032104337794742,"PerplexDEW (Davies, activity=DEW)",0.032104337794742,0.0
DEW,isobar,1.0,402.9494949494949,0.0333800386618764,"PerplexDEW (Davies, activity=DEW)",0.0333800386618764,0.0
DEW,isobar,1.0,408.50757575757575,0.0346620923889914,"PerplexDEW (Davies, activity=DEW)",0.0346620923889914,0.0
DEW,isobar,1.0,414.0656565656566,0.035946153778319,"PerplexDEW (Davies, activity=DEW)",0.035946153778319,0.0
DEW,isobar,1.0,419.62373737373736,0.0372275655863017,"PerplexDEW (Davies, activity=DEW)",0.0372275655863017,0.0
DEW,isobar,1.0,425.1818181818182,0.0385011799724199,"PerplexDEW (Davies, activity=DEW)",0.0385011799724199,0.0
DEW,isobar,1.0,430.73989898989896,0.0397616024449707,"PerplexDEW (Davies, activity=DEW)",0.0397616024449707,0.0
DEW,isobar,1.0,436.2979797979798,0.0410029453265463,"PerplexDEW (Davies, activity=DEW)",0.0410029453265463,0.0
DEW,isobar,1.0,441.8560606060606,0.0422190714963232,"PerplexDEW (Davies, activity=DEW)",0.0422190714963232,0.0
DEW,isobar,1.0,447.4141414141414,0.0434036022535007,"PerplexDEW (Davies, activity=DEW)",0.0434036022535007,0.0
DEW,isobar,1.0,452.97222222222223,0.044549793455901,"PerplexDEW (Davies, activity=DEW)",0.044549793455901,0.0
DEW,isobar,1.0,458.530303030303,0.0456509060689031,"PerplexDEW (Davies, activity=DEW)",0.0456509060689031,0.0
DEW,isobar,1.0,464.08838383838383,0.0467000771446331,"PerplexDEW (Davies, activity=DEW)",0.0467000771446331,0.0
DEW,isobar,1.0,469.6464646464647,0.0476906773616275,"PerplexDEW (Davies, activity=DEW)",0.0476906773616275,0.0
DEW,isobar,1.0,475.20454545454544,0.0486161388467013,"PerplexDEW (Davies, activity=DEW)",0.0486161388467013,0.0
DEW,isobar,1.0,480.7626262626263,0.0494706277882303,"PerplexDEW (Davies, activity=DEW)",0.0494706277882303,0.0
DEW,isobar,1.0,486.32070707070704,0.050248749312199,"PerplexDEW (Davies, activity=DEW)",0.050248749312199,0.0
DEW,isobar,1.0,491.8787878787879,0.050946365922119,"PerplexDEW (Davies, activity=DEW)",0.050946365922119,0.0
DEW,isobar,1.0,497.4368686868687,0.0515601163840795,"PerplexDEW (Davies, activity=DEW)",0.0515601163840795,0.0
DEW,isobar,1.0,502.9949494949495,0.0520884144354766,"PerplexDEW (Davies, activity=DEW)",0.0520884144354766,0.0
DEW,isobar,1.0,508.5530303030303,0.0525313151375156,"PerplexDEW (Davies, activity=DEW)",0.0525313151375156,0.0
DEW,isobar,1.0,514.1111111111111,0.0528904136828926,"PerplexDEW (Davies, activity=DEW)",0.0528904136828926,0.0
DEW,isobar,1.0,519.6691919191919,0.0531695158451893,"PerplexDEW (Davies, activity=DEW)",0.0531695158451893,0.0
DEW,isobar,1.0,525.2272727272727,0.0533740755755194,"PerplexDEW (Davies, activity=DEW)",0.0533740755755194,0.0
DEW,isobar,1.0,530.7853535353536,0.0535115235864971,"PerplexDEW (Davies, activity=DEW)",0.0535115235864971,0.0
DEW,isobar,1.0,536.3434343434344,0.0535903817942092,"PerplexDEW (Davies, activity=DEW)",0.0535903817942092,0.0
DEW,isobar,1.0,541.9015151515151,0.0536204815729325,"PerplexDEW (Davies, activity=DEW)",0.0536204815729325,0.0
DEW,isobar,1.0,547.459595959596,0.0536120796501473,"PerplexDEW (Davies, activity=DEW)",0.0536120796501473,0.0
DEW,isobar,1.0,553.0176767676768,0.0535755256251419,"PerplexDEW (Davies, activity=DEW)",0.0535755256251419,0.0
DEW,isobar,1.0,558.5757575757575,0.0535205756203626,"PerplexDEW (Davies, activity=DEW)",0.0535205756203626,0.0
DEW,isobar,1.0,564.1338383838383,0.0534567219379753,"PerplexDEW (Davies, activity=DEW)",0.0534567219379753,0.0
DEW,isobar,1.0,569.6919191919192,0.05339180507123,"PerplexDEW (Davies, activity=DEW)",0.05339180507123,0.0
DEW,isobar,1.0,575.25,0.053332709447587,"PerplexDEW (Davies, activity=DEW)",0.053332709447587,0.0
DEW,isobar,1.01325,25.0,0.0002225576101276,"PerplexDEW (Davies, activity=DEW)",0.0002225576101276,0.0
DEW,isobar,1.01325,30.55808080808081,0.0002454667000124,"PerplexDEW (Davies, activity=DEW)",0.0002454667000124,0.0
DEW,isobar,1.01325,36.11616161616162,0.0002712857884275,"PerplexDEW (Davies, activity=DEW)",0.0002712857884275,0.0
DEW,isobar,1.01325,41.67424242424242,0.0003001871853951,"PerplexDEW (Davies, activity=DEW)",0.0003001871853951,0.0
DEW,isobar,1.01325,47.23232323232323,0.0003323809897756,"PerplexDEW (Davies, activity=DEW)",0.0003323809897756,0.0
DEW,isobar,1.01325,52.79040404040404,0.00036810737536,"PerplexDEW (Davies, activity=DEW)",0.00036810737536,0.0
DEW,isobar,1.01325,58.34848484848485,0.0004076325010359,"PerplexDEW (Davies, activity=DEW)",0.0004076325010359,0.0
DEW,isobar,1.01325,63.90656565656565,0.000451246417962,"PerplexDEW (Davies, activity=DEW)",0.000451246417962,0.0
DEW,isobar,1.01325,69.46464646464646,0.0004992620575705,"PerplexDEW (Davies, activity=DEW)",0.0004992620575705,0.0
DEW,isobar,1.01325,75.02272727272728,0.0005520146905934,"PerplexDEW (Davies, activity=DEW)",0.0005520146905934,0.0
DEW,isobar,1.01325,80.58080808080808,0.0006098619283151,"PerplexDEW (Davies, activity=DEW)",0.0006098619283151,0.0
DEW,isobar,1.01325,86.13888888888889,0.0006731836123214,"PerplexDEW (Davies, activity=DEW)",0.0006731836123214,0.0
DEW,isobar,1.01325,91.69696969696967,0.0007423823068197,"PerplexDEW (Davies, activity=DEW)",0.0007423823068197,0.0
DEW,isobar,1.01325,97.2550505050505,0.0008178833524276,"PerplexDEW (Davies, activity=DEW)",0.0008178833524276,0.0
DEW,isobar,1.01325,102.81313131313132,0.0009001353314988,"PerplexDEW (Davies, activity=DEW)",0.0009001353314988,0.0
DEW,isobar,1.01325,108.37121212121212,0.0009896104406598,"PerplexDEW (Davies, activity=DEW)",0.0009896104406598,0.0
DEW,isobar,1.01325,113.92929292929291,0.0010868045180038,"PerplexDEW (Davies, activity=DEW)",0.0010868045180038,0.0
DEW,isobar,1.01325,119.48737373737372,0.0011922379327651,"PerplexDEW (Davies, activity=DEW)",0.0011922379327651,0.0
DEW,isobar,1.01325,125.04545454545456,0.0013064552252824,"PerplexDEW (Davies, activity=DEW)",0.0013064552252824,0.0
DEW,isobar,1.01325,130.60353535353534,0.0014300255680605,"PerplexDEW (Davies, activity=DEW)",0.0014300255680605,0.0
DEW,isobar,1.01325,136.16161616161617,0.001563542990453,"PerplexDEW (Davies, activity=DEW)",0.001563542990453,0.0
DEW,isobar,1.01325,141.71969696969697,0.0017076264362853,"PerplexDEW (Davies, activity=DEW)",0.0017076264362853,0.0
DEW,isobar,1.01325,147.27777777777777,0.0018629192092961,"PerplexDEW (Davies, activity=DEW)",0.0018629192092961,0.0
DEW,isobar,1.01325,152.8358585858586,0.0020300894837939,"PerplexDEW (Davies, activity=DEW)",0.0020300894837939,0.0
DEW,isobar,1.01325,158.39393939393938,0.0022098293288126,"PerplexDEW (Davies, activity=DEW)",0.0022098293288126,0.0
DEW,isobar,1.01325,163.9520202020202,0.0024028554126933,"PerplexDEW (Davies, activity=DEW)",0.0024028554126933,0.0
DEW,isobar,1.01325,169.510101010101,0.0026099067785396,"PerplexDEW (Davies, activity=DEW)",0.0026099067785396,0.0
DEW,isobar,1.01325,175.0681818181818,0.0028317455122787,"PerplexDEW (Davies, activity=DEW)",0.0028317455122787,0.0
DEW,isobar,1.01325,180.62626262626264,0.003069155175746,"PerplexDEW (Davies, activity=DEW)",0.003069155175746,0.0
DEW,isobar,1.01325,186.18434343434345,0.0033229395827174,"PerplexDEW (Davies, activity=DEW)",0.0033229395827174,0.0
DEW,isobar,1.01325,191.74242424242425,0.0035939217017975,"PerplexDEW (Davies, activity=DEW)",0.0035939217017975,0.0
DEW,isobar,1.01325,197.30050505050505,0.0038829429140913,"PerplexDEW (Davies, activity=DEW)",0.0038829429140913,0.0
DEW,isobar,1.01325,202.85858585858583,0.0041908584794646,"PerplexDEW (Davies, activity=DEW)",0.0041908584794646,0.0
DEW,isobar,1.01325,208.41666666666663,0.004518539849271,"PerplexDEW (Davies, activity=DEW)",0.004518539849271,0.0
DEW,isobar,1.01325,213.97474747474743,0.0048668671870704,"PerplexDEW (Davies, activity=DEW)",0.0048668671870704,0.0
DEW,isobar,1.01325,219.5328282828283,0.0052367305951829,"PerplexDEW (Davies, activity=DEW)",0.0052367305951829,0.0
DEW,isobar,1.01325,225.0909090909091,0.0056290265590291,"PerplexDEW (Davies, activity=DEW)",0.0056290265590291,0.0
DEW,isobar,1.01325,230.6489898989899,0.0060446535401788,"PerplexDEW (Davies, activity=DEW)",0.0060446535401788,0.0
DEW,isobar,1.01325,236.2070707070707,0.0064845065414054,"PerplexDEW (Davies, activity=DEW)",0.0064845065414054,0.0
DEW,isobar,1.01325,241.7651515151515,0.0069494786213493,"PerplexDEW (Davies, activity=DEW)",0.0069494786213493,0.0
DEW,isobar,1.01325,247.32323232323236,0.0074404509603296,"PerplexDEW (Davies, activity=DEW)",0.0074404509603296,0.0
DEW,isobar,1.01325,252.88131313131316,0.007958290813404,"PerplexDEW (Davies, activity=DEW)",0.007958290813404,0.0
DEW,isobar,1.01325,258.43939393939394,0.0085038444633548,"PerplexDEW (Davies, activity=DEW)",0.0085038444633548,0.0
DEW,isobar,1.01325,269.55555555555554,0.0096813429739355,"PerplexDEW (Davies, activity=DEW)",0.0096813429739355,0.0
DEW,isobar,1.01325,275.1136363636364,0.0103148259437813,"PerplexDEW (Davies, activity=DEW)",0.0103148259437813,0.0
DEW,isobar,1.01325,280.6717171717172,0.0109790878809397,"PerplexDEW (Davies, activity=DEW)",0.0109790878809397,0.0
DEW,isobar,1.01325,286.229797979798,0.0116747733108056,"PerplexDEW (Davies, activity=DEW)",0.0116747733108056,0.0
DEW,isobar,1.01325,291.78787878787875,0.0124024692926314,"PerplexDEW (Davies, activity=DEW)",0.0124024692926314,0.0
DEW,isobar,1.01325,297.3459595959596,0.0131626933568192,"PerplexDEW (Davies, activity=DEW)",0.0131626933568192,0.0
DEW,isobar,1.01325,302.9040404040404,0.0139558730085423,"PerplexDEW (Davies, activity=DEW)",0.0139558730085423,0.0
DEW,isobar,1.01325,308.4621212121212,0.0147823528787881,"PerplexDEW (Davies, activity=DEW)",0.0147823528787881,0.0
DEW,isobar,1.01325,314.020202020202,0.0156423673165456,"PerplexDEW (Davies, activity=DEW)",0.0156423673165456,0.0
DEW,isobar,1.01325,319.5782828282828,0.0165360378443902,"PerplexDEW (Davies, activity=DEW)",0.0165360378443902,0.0
DEW,isobar,1.01325,325.1363636363636,0.0174633565697488,"PerplexDEW (Davies, activity=DEW)",0.0174633565697488,0.0
DEW,isobar,1.01325,330.69444444444446,0.0184241835505926,"PerplexDEW (Davies, activity=DEW)",0.0184241835505926,0.0
DEW,isobar,1.01325,336.25252525252523,0.0194182183427948,"PerplexDEW (Davies, activity=DEW)",0.0194182183427948,0.0
DEW,isobar,1.01325,341.81060606060606,0.0204449765991392,"PerplexDEW (Davies, activity=DEW)",0.0204449765991392,0.0
DEW,isobar,1.01325,347.36868686868684,0.0215038175951547,"PerplexDEW (Davies, activity=DEW)",0.0215038175951547,0.0
DEW,isobar,1.01325,352.92676767676767,0.0225938804171673,"PerplexDEW (Davies, activity=DEW)",0.0225938804171673,0.0
DEW,isobar,1.01325,358.4848484848485,0.0237140911308539,"PerplexDEW (Davies, activity=DEW)",0.0237140911308539,0.0
DEW,isobar,1.01325,364.0429292929293,0.0248631557496532,"PerplexDEW (Davies, activity=DEW)",0.0248631557496532,0.0
DEW,isobar,1.01325,369.6010101010101,0.0260395028612042,"PerplexDEW (Davies, activity=DEW)",0.0260395028612042,0.0
DEW,isobar,1.01325,375.1590909090909,0.0272412944629916,"PerplexDEW (Davies, activity=DEW)",0.0272412944629916,0.0
DEW,isobar,1.01325,380.7171717171717,0.0284664499311717,"PerplexDEW (Davies, activity=DEW)",0.0284664499311717,0.0
DEW,isobar,1.01325,386.2752525252525,0.0297125348136724,"PerplexDEW (Davies, activity=DEW)",0.0297125348136724,0.0
DEW,isobar,1.01325,391.8333333333333,0.0309768172105487,"PerplexDEW (Davies, activity=DEW)",0.0309768172105487,0.0
DEW,isobar,1.01325,397.39141414141415,0.0322562099806398,"PerplexDEW (Davies, activity=DEW)",0.0322562099806398,0.0
DEW,isobar,1.01325,402.9494949494949,0.0335473131631033,"PerplexDEW (Davies, activity=DEW)",0.0335473131631033,0.0
DEW,isobar,1.01325,408.50757575757575,0.034846328949424,"PerplexDEW (Davies, activity=DEW)",0.034846328949424,0.0
DEW,isobar,1.01325,414.0656565656566,0.0361491101446758,"PerplexDEW (Davies, activity=DEW)",0.0361491101446758,0.0
DEW,isobar,1.01325,419.62373737373736,0.0374510957448698,"PerplexDEW (Davies, activity=DEW)",0.0374510957448698,0.0
DEW,isobar,1.01325,425.1818181818182,0.0387474078587845,"PerplexDEW (Davies, activity=DEW)",0.0387474078587845,0.0
DEW,isobar,1.01325,430.73989898989896,0.0400327822210168,"PerplexDEW (Davies, activity=DEW)",0.0400327822210168,0.0
DEW,isobar,1.01325,436.2979797979798,0.0413016030953874,"PerplexDEW (Davies, activity=DEW)",0.0413016030953874,0.0
DEW,isobar,1.01325,441.8560606060606,0.0425479154262094,"PerplexDEW (Davies, activity=DEW)",0.0425479154262094,0.0
DEW,isobar,1.01325,447.4141414141414,0.0437654828185432,"PerplexDEW (Davies, activity=DEW)",0.0437654828185432,0.0
DEW,isobar,1.01325,452.97222222222223,0.044947906856273,"PerplexDEW (Davies, activity=DEW)",0.044947906856273,0.0
DEW,isobar,1.01325,458.530303030303,0.0460885554624859,"PerplexDEW (Davies, activity=DEW)",0.0460885554624859,0.0
DEW,isobar,1.01325,464.08838383838383,0.0471808842643672,"PerplexDEW (Davies, activity=DEW)",0.0471808842643672,0.0
DEW,isobar,1.01325,469.6464646464647,0.0482182538738191,"PerplexDEW (Davies, activity=DEW)",0.0482182538738191,0.0
DEW,isobar,1.01325,475.20454545454544,0.0491944506193932,"PerplexDEW (Davies, activity=DEW)",0.0491944506193932,0.0
DEW,isobar,1.01325,480.7626262626263,0.05010352853879,"PerplexDEW (Davies, activity=DEW)",0.05010352853879,0.0
DEW,isobar,1.01325,486.32070707070704,0.0509401963594557,"PerplexDEW (Davies, activity=DEW)",0.0509401963594557,0.0
DEW,isobar,1.01325,491.8787878787879,0.0516999856436829,"PerplexDEW (Davies, activity=DEW)",0.0516999856436829,0.0
DEW,isobar,1.01325,497.4368686868687,0.0523794822137673,"PerplexDEW (Davies, activity=DEW)",0.0523794822137673,0.0
DEW,isobar,1.01325,502.9949494949495,0.0529767616046207,"PerplexDEW (Davies, activity=DEW)",0.0529767616046207,0.0
DEW,isobar,1.01325,508.5530303030303,0.0534910770888572,"PerplexDEW (Davies, activity=DEW)",0.0534910770888572,0.0
DEW,isobar,1.01325,514.1111111111111,0.0539234503878924,"PerplexDEW (Davies, activity=DEW)",0.0539234503878924,0.0
DEW,isobar,1.01325,519.6691919191919,0.0542769181626714,"PerplexDEW (Davies, activity=DEW)",0.0542769181626714,0.0
DEW,isobar,1.01325,525.2272727272727,0.0545559573683833,"PerplexDEW (Davies, activity=DEW)",0.0545559573683833,0.0
DEW,isobar,1.01325,530.7853535353536,0.0547668089873321,"PerplexDEW (Davies, activity=DEW)",0.0547668089873321,0.0
DEW,isobar,1.01325,536.3434343434344,0.0549173665515009,"PerplexDEW (Davies, activity=DEW)",0.0549173665515009,0.0
DEW,isobar,1.01325,541.9015151515151,0.0550160484268955,"PerplexDEW (Davies, activity=DEW)",0.0550160484268955,0.0
DEW,isobar,1.01325,547.459595959596,0.0550726318736352,"PerplexDEW (Davies, activity=DEW)",0.0550726318736352,0.0
DEW,isobar,1.01325,553.0176767676768,0.055097033567212,"PerplexDEW (Davies, activity=DEW)",0.055097033567212,0.0
DEW,isobar,1.01325,558.5757575757575,0.0550984361437194,"PerplexDEW (Davies, activity=DEW)",0.0550984361437194,0.0
DEW,isobar,1.01325,564.1338383838383,0.0550863095464242,"PerplexDEW (Davies, activity=DEW)",0.0550863095464242,0.0
DEW,isobar,1.01325,569.6919191919192,0.0550683209739392,"PerplexDEW (Davies, activity=DEW)",0.0550683209739392,0.0
DEW,isobar,1.01325,575.25,0.0550519457835111,"PerplexDEW (Davies, activity=DEW)",0.0550519457835111,0.0
DEW,isobar,1.25,344.0,0.0218590298665208,"PerplexDEW (Davies, activity=DEW)",0.0218590298665208,0.0
DEW,isobar,1.25,345.010101010101,0.0220682397416144,"PerplexDEW (Davies, activity=DEW)",0.0220682397416144,0.0
DEW,isobar,1.25,346.020202020202,0.0222787761647071,"PerplexDEW (Davies, activity=DEW)",0.0222787761647071,0.0
DEW,isobar,1.25,347.030303030303,0.022490638689213,"PerplexDEW (Davies, activity=DEW)",0.022490638689213,0.0
DEW,isobar,1.25,348.04040404040404,0.0227038335396696,"PerplexDEW (Davies, activity=DEW)",0.0227038335396696,0.0
DEW,isobar,1.25,349.050505050505,0.0229183533299788,"PerplexDEW (Davies, activity=DEW)",0.0229183533299788,0.0
DEW,isobar,1.25,350.06060606060606,0.0231341971757529,"PerplexDEW (Davies, activity=DEW)",0.0231341971757529,0.0
DEW,isobar,1.25,351.07070707070704,0.0233513640420347,"PerplexDEW (Davies, activity=DEW)",0.0233513640420347,0.0
DEW,isobar,1.25,352.0808080808081,0.0235698527413994,"PerplexDEW (Davies, activity=DEW)",0.0235698527413994,0.0
DEW,isobar,1.25,353.09090909090907,0.0237896691772894,"PerplexDEW (Davies, activity=DEW)",0.0237896691772894,0.0
DEW,isobar,1.25,354.1010101010101,0.0240107974496217,"PerplexDEW (Davies, activity=DEW)",0.0240107974496217,0.0
DEW,isobar,1.25,355.1111111111111,0.0242332430597603,"PerplexDEW (Davies, activity=DEW)",0.0242332430597603,0.0
DEW,isobar,1.25,356.1212121212121,0.0244570117047765,"PerplexDEW (Davies, activity=DEW)",0.0244570117047765,0.0
DEW,isobar,1.25,357.1313131313131,0.024682086470561,"PerplexDEW (Davies, activity=DEW)",0.024682086470561,0.0
DEW,isobar,1.25,358.14141414141415,0.0249084726379062,"PerplexDEW (Davies, activity=DEW)",0.0249084726379062,0.0
DEW,isobar,1.25,359.1515151515151,0.025136175688475,"PerplexDEW (Davies, activity=DEW)",0.025136175688475,0.0
DEW,isobar,1.25,360.16161616161617,0.025365177660461,"PerplexDEW (Davies, activity=DEW)",0.025365177660461,0.0
DEW,isobar,1.25,361.1717171717172,0.025595483604945,"PerplexDEW (Davies, activity=DEW)",0.025595483604945,0.0
DEW,isobar,1.25,362.1818181818182,0.0258270907045354,"PerplexDEW (Davies, activity=DEW)",0.0258270907045354,0.0
DEW,isobar,1.25,363.1919191919192,0.0260599877966859,"PerplexDEW (Davies, activity=DEW)",0.0260599877966859,0.0
DEW,isobar,1.25,364.2020202020202,0.0262941879602559,"PerplexDEW (Davies, activity=DEW)",0.0262941879602559,0.0
DEW,isobar,1.25,365.2121212121212,0.0265296714084357,"PerplexDEW (Davies, activity=DEW)",0.0265296714084357,0.0
DEW,isobar,1.25,366.22222222222223,0.026766442786585,"PerplexDEW (Davies, activity=DEW)",0.026766442786585,0.0
DEW,isobar,1.25,367.2323232323232,0.0270044983871664,"PerplexDEW (Davies, activity=DEW)",0.0270044983871664,0.0
DEW,isobar,1.25,368.24242424242425,0.0272438256490342,"PerplexDEW (Davies, activity=DEW)",0.0272438256490342,0.0
DEW,isobar,1.25,369.2525252525252,0.0274844289611367,"PerplexDEW (Davies, activity=DEW)",0.0274844289611367,0.0
DEW,isobar,1.25,370.2626262626263,0.027726304057384,"PerplexDEW (Davies, activity=DEW)",0.027726304057384,0.0
DEW,isobar,1.25,371.27272727272725,0.0279694375011238,"PerplexDEW (Davies, activity=DEW)",0.0279694375011238,0.0
DEW,isobar,1.25,372.2828282828283,0.0282138334162514,"PerplexDEW (Davies, activity=DEW)",0.0282138334162514,0.0
DEW,isobar,1.25,373.2929292929293,0.0284594777666638,"PerplexDEW (Davies, activity=DEW)",0.0284594777666638,0.0
DEW,isobar,1.25,374.3030303030303,0.0287063744938412,"PerplexDEW (Davies, activity=DEW)",0.0287063744938412,0.0
DEW,isobar,1.25,375.3131313131313,0.0289545183609739,"PerplexDEW (Davies, activity=DEW)",0.0289545183609739,0.0
DEW,isobar,1.25,376.32323232323233,0.0292038944120757,"PerplexDEW (Davies, activity=DEW)",0.0292038944120757,0.0
DEW,isobar,1.25,377.3333333333333,0.0294544966782922,"PerplexDEW (Davies, activity=DEW)",0.0294544966782922,0.0
DEW,isobar,1.25,378.3434343434344,0.0297063189819393,"PerplexDEW (Davies, activity=DEW)",0.0297063189819393,0.0
DEW,isobar,1.25,379.35353535353534,0.0299593746473822,"PerplexDEW (Davies, activity=DEW)",0.0299593746473822,0.0
DEW,isobar,1.25,380.3636363636364,0.0302136278464448,"PerplexDEW (Davies, activity=DEW)",0.0302136278464448,0.0
DEW,isobar,1.25,381.37373737373736,0.030469091595532,"PerplexDEW (Davies, activity=DEW)",0.030469091595532,0.0
DEW,isobar,1.25,382.3838383838384,0.0307257490121553,"PerplexDEW (Davies, activity=DEW)",0.0307257490121553,0.0
DEW,isobar,1.25,383.3939393939394,0.0309836031710623,"PerplexDEW (Davies, activity=DEW)",0.0309836031710623,0.0
DEW,isobar,1.25,384.4040404040404,0.0312426260869868,"PerplexDEW (Davies, activity=DEW)",0.0312426260869868,0.0
DEW,isobar,1.25,385.4141414141414,0.0315028308318537,"PerplexDEW (Davies, activity=DEW)",0.0315028308318537,0.0
DEW,isobar,1.25,386.4242424242424,0.0317642098559837,"PerplexDEW (Davies, activity=DEW)",0.0317642098559837,0.0
DEW,isobar,1.25,387.4343434343434,0.0320267337906103,"PerplexDEW (Davies, activity=DEW)",0.0320267337906103,0.0
DEW,isobar,1.25,388.44444444444446,0.0322904157532403,"PerplexDEW (Davies, activity=DEW)",0.0322904157532403,0.0
DEW,isobar,1.25,389.45454545454544,0.0325552254300165,"PerplexDEW (Davies, activity=DEW)",0.0325552254300165,0.0
DEW,isobar,1.25,390.4646464646465,0.0328211871403137,"PerplexDEW (Davies, activity=DEW)",0.0328211871403137,0.0
DEW,isobar,1.25,391.47474747474746,0.0330882473911912,"PerplexDEW (Davies, activity=DEW)",0.0330882473911912,0.0
DEW,isobar,1.25,392.4848484848485,0.0333564418341351,"PerplexDEW (Davies, activity=DEW)",0.0333564418341351,0.0
DEW,isobar,1.25,393.4949494949495,0.0336257270472052,"PerplexDEW (Davies, activity=DEW)",0.0336257270472052,0.0
DEW,isobar,1.25,394.5050505050505,0.0338961045622673,"PerplexDEW (Davies, activity=DEW)",0.0338961045622673,0.0
DEW,isobar,1.25,395.5151515151515,0.0341675761870901,"PerplexDEW (Davies, activity=DEW)",0.0341675761870901,0.0
DEW,isobar,1.25,396.5252525252525,0.0344401081736974,"PerplexDEW (Davies, activity=DEW)",0.0344401081736974,0.0
DEW,isobar,1.25,397.5353535353535,0.0347137017117213,"PerplexDEW (Davies, activity=DEW)",0.0347137017117213,0.0
DEW,isobar,1.25,398.54545454545456,0.0349883582754329,"PerplexDEW (Davies, activity=DEW)",0.0349883582754329,0.0
DEW,isobar,1.25,399.55555555555554,0.0352640549325254,"PerplexDEW (Davies, activity=DEW)",0.0352640549325254,0.0
DEW,isobar,1.25,400.5656565656566,0.0355407679606349,"PerplexDEW (Davies, activity=DEW)",0.0355407679606349,0.0
DEW,isobar,1.25,401.5757575757576,0.0358184980849435,"PerplexDEW (Davies, activity=DEW)",0.0358184980849435,0.0
DEW,isobar,1.25,402.5858585858586,0.0360972463275274,"PerplexDEW (Davies, activity=DEW)",0.0360972463275274,0.0
DEW,isobar,1.25,403.5959595959596,0.0363769623957984,"PerplexDEW (Davies, activity=DEW)",0.0363769623957984,0.0
DEW,isobar,1.25,404.6060606060606,0.0366576853778569,"PerplexDEW (Davies, activity=DEW)",0.0366576853778569,0.0
DEW,isobar,1.25,405.6161616161616,0.0369393508548435,"PerplexDEW (Davies, activity=DEW)",0.0369393508548435,0.0
DEW,isobar,1.25,406.6262626262626,0.0372219985312256,"PerplexDEW (Davies, activity=DEW)",0.0372219985312256,0.0
DEW,isobar,1.25,407.6363636363636,0.0375055623233854,"PerplexDEW (Davies, activity=DEW)",0.0375055623233854,0.0
DEW,isobar,1.25,408.6464646464647,0.0377900689389258,"PerplexDEW (Davies, activity=DEW)",0.0377900689389258,0.0
DEW,isobar,1.25,409.6565656565657,0.0380754914832954,"PerplexDEW (Davies, activity=DEW)",0.0380754914832954,0.0
DEW,isobar,1.25,410.6666666666667,0.0383618022067425,"PerplexDEW (Davies, activity=DEW)",0.0383618022067425,0.0
DEW,isobar,1.25,411.67676767676767,0.0386490006388682,"PerplexDEW (Davies, activity=DEW)",0.0386490006388682,0.0
DEW,isobar,1.25,412.6868686868687,0.0389370724138389,"PerplexDEW (Davies, activity=DEW)",0.0389370724138389,0.0
DEW,isobar,1.25,413.6969696969697,0.0392260028955829,"PerplexDEW (Davies, activity=DEW)",0.0392260028955829,0.0
DEW,isobar,1.25,414.7070707070707,0.0395157771763957,"PerplexDEW (Davies, activity=DEW)",0.0395157771763957,0.0
DEW,isobar,1.25,415.7171717171717,0.0398063653865248,"PerplexDEW (Davies, activity=DEW)",0.0398063653865248,0.0
DEW,isobar,1.25,416.7272727272728,0.0400977664461279,"PerplexDEW (Davies, activity=DEW)",0.0400977664461279,0.0
DEW,isobar,1.25,417.7373737373737,0.0403899796246723,"PerplexDEW (Davies, activity=DEW)",0.0403899796246723,0.0
DEW,isobar,1.25,418.7474747474748,0.0406829438981517,"PerplexDEW (Davies, activity=DEW)",0.0406829438981517,0.0
DEW,isobar,1.25,419.75757575757575,0.040976703313489,"PerplexDEW (Davies, activity=DEW)",0.040976703313489,0.0
DEW,isobar,1.25,420.7676767676768,0.0412711803239431,"PerplexDEW (Davies, activity=DEW)",0.0412711803239431,0.0
DEW,isobar,1.25,421.77777777777777,0.0415664040528115,"PerplexDEW (Davies, activity=DEW)",0.0415664040528115,0.0
DEW,isobar,1.25,422.7878787878788,0.0418623420438775,"PerplexDEW (Davies, activity=DEW)",0.0418623420438775,0.0
DEW,isobar,1.25,423.7979797979798,0.0421589609016289,"PerplexDEW (Davies, activity=DEW)",0.0421589609016289,0.0
DEW,isobar,1.25,424.8080808080808,0.042456258573346,"PerplexDEW (Davies, activity=DEW)",0.042456258573346,0.0
DEW,isobar,1.25,425.8181818181818,0.0427542170712681,"PerplexDEW (Davies, activity=DEW)",0.0427542170712681,0.0
DEW,isobar,1.25,426.82828282828285,0.043052818121573,"PerplexDEW (Davies, activity=DEW)",0.043052818121573,0.0
DEW,isobar,1.25,427.83838383838383,0.04335204316339,"PerplexDEW (Davies, activity=DEW)",0.04335204316339,0.0
DEW,isobar,1.25,428.8484848484849,0.0436518733478877,"PerplexDEW (Davies, activity=DEW)",0.0436518733478877,0.0
DEW,isobar,1.25,429.85858585858585,0.0439522725319827,"PerplexDEW (Davies, activity=DEW)",0.0439522725319827,0.0
DEW,isobar,1.25,430.8686868686869,0.0442532379427183,"PerplexDEW (Davies, activity=DEW)",0.0442532379427183,0.0
DEW,isobar,1.25,431.8787878787879,0.0445547672158664,"PerplexDEW (Davies, activity=DEW)",0.0445547672158664,0.0
DEW,isobar,1.25,432.8888888888889,0.0448568233368792,"PerplexDEW (Davies, activity=DEW)",0.0448568233368792,0.0
DEW,isobar,1.25,433.8989898989899,0.0451593860046222,"PerplexDEW (Davies, activity=DEW)",0.0451593860046222,0.0
DEW,isobar,1.25,434.9090909090909,0.0454624346253272,"PerplexDEW (Davies, activity=DEW)",0.0454624346253272,0.0
DEW,isobar,1.25,435.9191919191919,0.045765948311959,"PerplexDEW (Davies, activity=DEW)",0.045765948311959,0.0
DEW,isobar,1.25,436.92929292929296,0.0460699058836355,"PerplexDEW (Davies, activity=DEW)",0.0460699058836355,0.0
DEW,isobar,1.25,437.93939393939394,0.0463742858651038,"PerplexDEW (Davies, activity=DEW)",0.0463742858651038,0.0
DEW,isobar,1.25,438.949494949495,0.0466790664862622,"PerplexDEW (Davies, activity=DEW)",0.0466790664862622,0.0
DEW,isobar,1.25,439.959595959596,0.0469842256817405,"PerplexDEW (Davies, activity=DEW)",0.0469842256817405,0.0
DEW,isobar,1.25,440.969696969697,0.0472897410905093,"PerplexDEW (Davies, activity=DEW)",0.0472897410905093,0.0
DEW,isobar,1.25,441.979797979798,0.0475956284589617,"PerplexDEW (Davies, activity=DEW)",0.0475956284589617,0.0
DEW,isobar,1.25,442.98989898989896,0.0479017884110799,"PerplexDEW (Davies, activity=DEW)",0.0479017884110799,0.0
DEW,isobar,1.25,444.0,0.0482082748935355,"PerplexDEW (Davies, activity=DEW)",0.0482082748935355,0.0
DEW,isobar,1.5,426.25,0.046161670673153,"PerplexDEW (Davies, activity=DEW)",0.046161670673153,0.0
DEW,isobar,1.5,426.4166666666667,0.0462191178979941,"PerplexDEW (Davies, activity=DEW)",0.0462191178979941,0.0
DEW,isobar,1.5,426.5833333333333,0.0462765895196649,"PerplexDEW (Davies, activity=DEW)",0.0462765895196649,0.0
DEW,isobar,1.5,426.75,0.0463341017409185,"PerplexDEW (Davies, activity=DEW)",0.0463341017409185,0.0
DEW,isobar,1.5,426.9166666666667,0.0463916381988004,"PerplexDEW (Davies, activity=DEW)",0.0463916381988004,0.0
DEW,isobar,1.5,427.0833333333333,0.0464492315187478,"PerplexDEW (Davies, activity=DEW)",0.0464492315187478,0.0
DEW,isobar,1.5,427.25,0.0465068489704214,"PerplexDEW (Davies, activity=DEW)",0.0465068489704214,0.0
DEW,isobar,1.5,427.4166666666667,0.0465645068682225,"PerplexDEW (Davies, activity=DEW)",0.0465645068682225,0.0
DEW,isobar,1.5,427.5833333333333,0.0466221887356693,"PerplexDEW (Davies, activity=DEW)",0.0466221887356693,0.0
DEW,isobar,1.5,427.75,0.0466799274234534,"PerplexDEW (Davies, activity=DEW)",0.0466799274234534,0.0
DEW,isobar,1.5,427.9166666666667,0.0467376734659727,"PerplexDEW (Davies, activity=DEW)",0.0467376734659727,0.0
DEW,isobar,1.5,428.0833333333333,0.0467954762788433,"PerplexDEW (Davies, activity=DEW)",0.0467954762788433,0.0
DEW,isobar,1.5,428.25,0.0468533193566751,"PerplexDEW (Davies, activity=DEW)",0.0468533193566751,0.0
DEW,isobar,1.5,428.4166666666667,0.046911186080234,"PerplexDEW (Davies, activity=DEW)",0.046911186080234,0.0
DEW,isobar,1.5,428.5833333333333,0.0469690929610498,"PerplexDEW (Davies, activity=DEW)",0.0469690929610498,0.0
DEW,isobar,1.5,428.75,0.0470270399735109,"PerplexDEW (Davies, activity=DEW)",0.0470270399735109,0.0
DEW,isobar,1.5,428.9166666666667,0.0470850104122214,"PerplexDEW (Davies, activity=DEW)",0.0470850104122214,0.0
DEW,isobar,1.5,429.0833333333333,0.0471430208737392,"PerplexDEW (Davies, activity=DEW)",0.0471430208737392,0.0
DEW,isobar,1.5,429.25,0.0472010713320229,"PerplexDEW (Davies, activity=DEW)",0.0472010713320229,0.0
DEW,isobar,1.5,429.4166666666667,0.0472591617609111,"PerplexDEW (Davies, activity=DEW)",0.0472591617609111,0.0
DEW,isobar,1.5,429.5833333333333,0.0473172753396125,"PerplexDEW (Davies, activity=DEW)",0.0473172753396125,0.0
DEW,isobar,1.5,429.75,0.0473754287786661,"PerplexDEW (Davies, activity=DEW)",0.0473754287786661,0.0
DEW,isobar,1.5,429.9166666666667,0.0474336220514594,"PerplexDEW (Davies, activity=DEW)",0.0474336220514594,0.0
DEW,isobar,1.5,430.0833333333333,0.0474918551312773,"PerplexDEW (Davies, activity=DEW)",0.0474918551312773,0.0
DEW,isobar,1.5,430.25,0.0475501110813243,"PerplexDEW (Davies, activity=DEW)",0.0475501110813243,0.0
DEW,isobar,1.5,430.4166666666667,0.0476084067267119,"PerplexDEW (Davies, activity=DEW)",0.0476084067267119,0.0
DEW,isobar,1.5,430.5833333333333,0.0476667250723392,"PerplexDEW (Davies, activity=DEW)",0.0476667250723392,0.0
DEW,isobar,1.5,430.75,0.0477250999977711,"PerplexDEW (Davies, activity=DEW)",0.0477250999977711,0.0
DEW,isobar,1.5,430.9166666666667,0.0477835145366796,"PerplexDEW (Davies, activity=DEW)",0.0477835145366796,0.0
DEW,isobar,1.5,431.0833333333333,0.047841951606399,"PerplexDEW (Davies, activity=DEW)",0.047841951606399,0.0
DEW,isobar,1.5,431.25,0.0479004110918538,"PerplexDEW (Davies, activity=DEW)",0.0479004110918538,0.0
DEW,isobar,1.5,431.4166666666667,0.0479589099911506,"PerplexDEW (Davies, activity=DEW)",0.0479589099911506,0.0
DEW,isobar,1.5,431.5833333333333,0.0480174654189719,"PerplexDEW (Davies, activity=DEW)",0.0480174654189719,0.0
DEW,isobar,1.5,431.75,0.0480760259188754,"PerplexDEW (Davies, activity=DEW)",0.0480760259188754,0.0
DEW,isobar,1.5,431.9166666666667,0.048134642890843,"PerplexDEW (Davies, activity=DEW)",0.048134642890843,0.0
DEW,isobar,1.5,432.0833333333333,0.0481932991637119,"PerplexDEW (Davies, activity=DEW)",0.0481932991637119,0.0
DEW,isobar,1.5,432.25,0.0482519774488946,"PerplexDEW (Davies, activity=DEW)",0.0482519774488946,0.0
DEW,isobar,1.5,432.4166666666667,0.0483106949189934,"PerplexDEW (Davies, activity=DEW)",0.0483106949189934,0.0
DEW,isobar,1.5,432.5833333333333,0.0483694515451439,"PerplexDEW (Davies, activity=DEW)",0.0483694515451439,0.0
DEW,isobar,1.5,432.75,0.0484282126014078,"PerplexDEW (Davies, activity=DEW)",0.0484282126014078,0.0
DEW,isobar,1.5,432.9166666666667,0.0484870473935788,"PerplexDEW (Davies, activity=DEW)",0.0484870473935788,0.0
DEW,isobar,1.5,433.0833333333333,0.0485458864392355,"PerplexDEW (Davies, activity=DEW)",0.0485458864392355,0.0
DEW,isobar,1.5,433.25,0.0486047818430905,"PerplexDEW (Davies, activity=DEW)",0.0486047818430905,0.0
DEW,isobar,1.5,433.4166666666667,0.0486637161975572,"PerplexDEW (Davies, activity=DEW)",0.0486637161975572,0.0
DEW,isobar,1.5,433.5833333333333,0.0487226719763698,"PerplexDEW (Davies, activity=DEW)",0.0487226719763698,0.0
DEW,isobar,1.5,433.75,0.0487816665869155,"PerplexDEW (Davies, activity=DEW)",0.0487816665869155,0.0
DEW,isobar,1.5,433.9166666666667,0.0488406824430335,"PerplexDEW (Davies, activity=DEW)",0.0488406824430335,0.0
DEW,isobar,1.5,434.0833333333333,0.0488997370111401,"PerplexDEW (Davies, activity=DEW)",0.0488997370111401,0.0
DEW,isobar,1.5,434.25,0.0489588302608936,"PerplexDEW (Davies, activity=DEW)",0.0489588302608936,0.0
DEW,isobar,1.5,434.4166666666667,0.0490179621618507,"PerplexDEW (Davies, activity=DEW)",0.0490179621618507,0.0
DEW,isobar,1.5,434.5833333333333,0.0490771150077552,"PerplexDEW (Davies, activity=DEW)",0.0490771150077552,0.0
DEW,isobar,1.5,434.75,0.0491363063836604,"PerplexDEW (Davies, activity=DEW)",0.0491363063836604,0.0
DEW,isobar,1.5,434.9166666666667,0.0491955362586663,"PerplexDEW (Davies, activity=DEW)",0.0491955362586663,0.0
DEW,isobar,1.5,435.0833333333333,0.0492548046017435,"PerplexDEW (Davies, activity=DEW)",0.0492548046017435,0.0
DEW,isobar,1.5,435.25,0.049314111381762,"PerplexDEW (Davies, activity=DEW)",0.049314111381762,0.0
DEW,isobar,1.5,435.4166666666667,0.0493734387414701,"PerplexDEW (Davies, activity=DEW)",0.0493734387414701,0.0
DEW,isobar,1.5,435.5833333333333,0.0494328044151493,"PerplexDEW (Davies, activity=DEW)",0.0494328044151493,0.0
DEW,isobar,1.5,435.75,0.0494921904847947,"PerplexDEW (Davies, activity=DEW)",0.0494921904847947,0.0
DEW,isobar,1.5,435.9166666666667,0.0495516326612555,"PerplexDEW (Davies, activity=DEW)",0.0495516326612555,0.0
DEW,isobar,1.5,436.0833333333333,0.0496111130565125,"PerplexDEW (Davies, activity=DEW)",0.0496111130565125,0.0
DEW,isobar,1.5,436.25,0.0496705956840137,"PerplexDEW (Davies, activity=DEW)",0.0496705956840137,0.0
DEW,isobar,1.5,436.4166666666667,0.0497301343525014,"PerplexDEW (Davies, activity=DEW)",0.0497301343525014,0.0
DEW,isobar,1.5,436.5833333333333,0.0497896930445976,"PerplexDEW (Davies, activity=DEW)",0.0497896930445976,0.0
DEW,isobar,1.5,436.75,0.0498493077736742,"PerplexDEW (Davies, activity=DEW)",0.0498493077736742,0.0
DEW,isobar,1.5,436.9166666666667,0.0499089243013634,"PerplexDEW (Davies, activity=DEW)",0.0499089243013634,0.0
DEW,isobar,1.5,437.0833333333333,0.0499685968006522,"PerplexDEW (Davies, activity=DEW)",0.0499685968006522,0.0
DEW,isobar,1.5,437.25,0.0500283071700962,"PerplexDEW (Davies, activity=DEW)",0.0500283071700962,0.0
DEW,isobar,1.5,437.4166666666667,0.0500880371858869,"PerplexDEW (Davies, activity=DEW)",0.0500880371858869,0.0
DEW,isobar,1.5,437.5833333333333,0.050147804944435,"PerplexDEW (Davies, activity=DEW)",0.050147804944435,0.0
DEW,isobar,1.5,437.75,0.0502075921602271,"PerplexDEW (Davies, activity=DEW)",0.0502075921602271,0.0
DEW,isobar,1.5,437.9166666666667,0.0502674169905176,"PerplexDEW (Davies, activity=DEW)",0.0502674169905176,0.0
DEW,isobar,1.5,438.0833333333333,0.0503272977153285,"PerplexDEW (Davies, activity=DEW)",0.0503272977153285,0.0
DEW,isobar,1.5,438.25,0.0503871793597342,"PerplexDEW (Davies, activity=DEW)",0.0503871793597342,0.0
DEW,isobar,1.5,438.4166666666667,0.0504471168309621,"PerplexDEW (Davies, activity=DEW)",0.0504471168309621,0.0
DEW,isobar,1.5,438.5833333333333,0.0505070733749668,"PerplexDEW (Davies, activity=DEW)",0.0505070733749668,0.0
DEW,isobar,1.5,438.75,0.050567067302018,"PerplexDEW (Davies, activity=DEW)",0.050567067302018,0.0
DEW,isobar,1.5,438.9166666666667,0.0506270985777359,"PerplexDEW (Davies, activity=DEW)",0.0506270985777359,0.0
DEW,isobar,1.5,439.0833333333333,0.0506871486683711,"PerplexDEW (Davies, activity=DEW)",0.0506871486683711,0.0
DEW,isobar,1.5,439.25,0.0507472545067532,"PerplexDEW (Davies, activity=DEW)",0.0507472545067532,0.0
DEW,isobar,1.5,439.4166666666667,0.0508073790284986,"PerplexDEW (Davies, activity=DEW)",0.0508073790284986,0.0
DEW,isobar,1.5,439.5833333333333,0.050867540697897,"PerplexDEW (Davies, activity=DEW)",0.050867540697897,0.0
DEW,isobar,1.5,439.75,0.05092772085611,"PerplexDEW (Davies, activity=DEW)",0.05092772085611,0.0
DEW,isobar,1.5,439.9166666666667,0.0509879380292466,"PerplexDEW (Davies, activity=DEW)",0.0509879380292466,0.0
DEW,isobar,1.5,440.0833333333333,0.0510482108681028,"PerplexDEW (Davies, activity=DEW)",0.0510482108681028,0.0
DEW,isobar,1.5,440.25,0.0511084832783928,"PerplexDEW (Davies, activity=DEW)",0.0511084832783928,0.0
DEW,isobar,1.5,440.4166666666667,0.0511688112831924,"PerplexDEW (Davies, activity=DEW)",0.0511688112831924,0.0
DEW,isobar,1.5,440.5833333333333,0.0512291761604535,"PerplexDEW (Davies, activity=DEW)",0.0512291761604535,0.0
DEW,isobar,1.5,440.75,0.0512895402508431,"PerplexDEW (Davies, activity=DEW)",0.0512895402508431,0.0
DEW,isobar,1.5,440.9166666666667,0.0513499598590854,"PerplexDEW (Davies, activity=DEW)",0.0513499598590854,0.0
DEW,isobar,1.5,441.0833333333333,0.0514104161686283,"PerplexDEW (Davies, activity=DEW)",0.0514104161686283,0.0
DEW,isobar,1.5,441.25,0.051470890236847,"PerplexDEW (Davies, activity=DEW)",0.051470890236847,0.0
DEW,isobar,1.5,441.4166666666667,0.0515314008703128,"PerplexDEW (Davies, activity=DEW)",0.0515314008703128,0.0
DEW,isobar,1.5,441.5833333333333,0.0515919480322914,"PerplexDEW (Davies, activity=DEW)",0.0515919480322914,0.0
DEW,isobar,1.5,441.75,0.0516525316859335,"PerplexDEW (Davies, activity=DEW)",0.0516525316859335,0.0
DEW,isobar,1.5,441.9166666666667,0.0517131327613965,"PerplexDEW (Davies, activity=DEW)",0.0517131327613965,0.0
DEW,isobar,1.5,442.0833333333333,0.0517737701909631,"PerplexDEW (Davies, activity=DEW)",0.0517737701909631,0.0
DEW,isobar,1.5,442.25,0.0518344248408798,"PerplexDEW (Davies, activity=DEW)",0.0518344248408798,0.0
DEW,isobar,1.5,442.4166666666667,0.0518951348347034,"PerplexDEW (Davies, activity=DEW)",0.0518951348347034,0.0
DEW,isobar,1.5,442.5833333333333,0.0519558810702427,"PerplexDEW (Davies, activity=DEW)",0.0519558810702427,0.0
DEW,isobar,1.5,442.75,0.0520166443177767,"PerplexDEW (Davies, activity=DEW)",0.0520166443177767,0.0
DEW,isobar,1.75,411.9,0.0436151765734456,"PerplexDEW (Davies, activity=DEW)",0.0436151765734456,0.0
DEW,isobar,1.75,412.1444444444445,0.0437024858047041,"PerplexDEW (Davies, activity=DEW)",0.0437024858047041,0.0
DEW,isobar,1.75,412.38888888888886,0.0437898974222768,"PerplexDEW (Davies, activity=DEW)",0.0437898974222768,0.0
DEW,isobar,1.75,412.6333333333333,0.0438774252598401,"PerplexDEW (Davies, activity=DEW)",0.0438774252598401,0.0
DEW,isobar,1.75,412.87777777777774,0.0439650693281335,"PerplexDEW (Davies, activity=DEW)",0.0439650693281335,0.0
DEW,isobar,1.75,413.1222222222222,0.044052815652526,"PerplexDEW (Davies, activity=DEW)",0.044052815652526,0.0
DEW,isobar,1.75,413.3666666666667,0.0441406781548959,"PerplexDEW (Davies, activity=DEW)",0.0441406781548959,0.0
DEW,isobar,1.75,413.6111111111111,0.0442286427864275,"PerplexDEW (Davies, activity=DEW)",0.0442286427864275,0.0
DEW,isobar,1.75,413.8555555555556,0.0443167235408331,"PerplexDEW (Davies, activity=DEW)",0.0443167235408331,0.0
DEW,isobar,1.75,414.1,0.04440492042643,"PerplexDEW (Davies, activity=DEW)",0.04440492042643,0.0
DEW,isobar,1.75,414.3444444444444,0.0444932192826671,"PerplexDEW (Davies, activity=DEW)",0.0444932192826671,0.0
DEW,isobar,1.75,414.5888888888889,0.0445816342117081,"PerplexDEW (Davies, activity=DEW)",0.0445816342117081,0.0
DEW,isobar,1.75,414.8333333333333,0.0446701509780317,"PerplexDEW (Davies, activity=DEW)",0.0446701509780317,0.0
DEW,isobar,1.75,415.0777777777778,0.0447587837563937,"PerplexDEW (Davies, activity=DEW)",0.0447587837563937,0.0
DEW,isobar,1.75,415.3222222222222,0.0448475325526571,"PerplexDEW (Davies, activity=DEW)",0.0448475325526571,0.0
DEW,isobar,1.75,415.56666666666666,0.0449363830183893,"PerplexDEW (Davies, activity=DEW)",0.0449363830183893,0.0
DEW,isobar,1.75,415.8111111111111,0.0450253494379406,"PerplexDEW (Davies, activity=DEW)",0.0450253494379406,0.0
DEW,isobar,1.75,416.05555555555554,0.0451144173871052,"PerplexDEW (Davies, activity=DEW)",0.0451144173871052,0.0
DEW,isobar,1.75,416.3,0.0452036012236054,"PerplexDEW (Davies, activity=DEW)",0.0452036012236054,0.0
DEW,isobar,1.75,416.5444444444444,0.045292900950837,"PerplexDEW (Davies, activity=DEW)",0.045292900950837,0.0
DEW,isobar,1.75,416.7888888888889,0.045382302030474,"PerplexDEW (Davies, activity=DEW)",0.045382302030474,0.0
DEW,isobar,1.75,417.0333333333333,0.0454718189309979,"PerplexDEW (Davies, activity=DEW)",0.0454718189309979,0.0
DEW,isobar,1.75,417.27777777777777,0.0455614370375154,"PerplexDEW (Davies, activity=DEW)",0.0455614370375154,0.0
DEW,isobar,1.75,417.5222222222222,0.0456511708926617,"PerplexDEW (Davies, activity=DEW)",0.0456511708926617,0.0
DEW,isobar,1.75,417.76666666666665,0.0457410058046519,"PerplexDEW (Davies, activity=DEW)",0.0457410058046519,0.0
DEW,isobar,1.75,418.0111111111111,0.0458309563905871,"PerplexDEW (Davies, activity=DEW)",0.0458309563905871,0.0
DEW,isobar,1.75,418.25555555555553,0.0459210226502936,"PerplexDEW (Davies, activity=DEW)",0.0459210226502936,0.0
DEW,isobar,1.75,418.5,0.0460112045832134,"PerplexDEW (Davies, activity=DEW)",0.0460112045832134,0.0
DEW,isobar,1.75,418.7444444444444,0.0461014724977518,"PerplexDEW (Davies, activity=DEW)",0.0461014724977518,0.0
DEW,isobar,1.75,418.9888888888889,0.0461918708133793,"PerplexDEW (Davies, activity=DEW)",0.0461918708133793,0.0
DEW,isobar,1.75,419.23333333333335,0.0462823697989038,"PerplexDEW (Davies, activity=DEW)",0.0462823697989038,0.0
DEW,isobar,1.75,419.47777777777776,0.0463729842969458,"PerplexDEW (Davies, activity=DEW)",0.0463729842969458,0.0
DEW,isobar,1.75,419.72222222222223,0.0464636993051676,"PerplexDEW (Davies, activity=DEW)",0.0464636993051676,0.0
DEW,isobar,1.75,419.9666666666666,0.0465545297419101,"PerplexDEW (Davies, activity=DEW)",0.0465545297419101,0.0
DEW,isobar,1.75,420.2111111111111,0.0466454756029758,"PerplexDEW (Davies, activity=DEW)",0.0466454756029758,0.0
DEW,isobar,1.75,420.4555555555555,0.0467365217682694,"PerplexDEW (Davies, activity=DEW)",0.0467365217682694,0.0
DEW,isobar,1.75,420.7,0.0468276832704217,"PerplexDEW (Davies, activity=DEW)",0.0468276832704217,0.0
DEW,isobar,1.75,420.94444444444446,0.0469189449103378,"PerplexDEW (Davies, activity=DEW)",0.0469189449103378,0.0
DEW,isobar,1.75,421.18888888888887,0.0470103217971587,"PerplexDEW (Davies, activity=DEW)",0.0470103217971587,0.0
DEW,isobar,1.75,421.4333333333333,0.0471017986524478,"PerplexDEW (Davies, activity=DEW)",0.0471017986524478,0.0
DEW,isobar,1.75,421.67777777777775,0.0471934059730917,"PerplexDEW (Davies, activity=DEW)",0.0471934059730917,0.0
DEW,isobar,1.75,421.9222222222222,0.0472850978185152,"PerplexDEW (Davies, activity=DEW)",0.0472850978185152,0.0
DEW,isobar,1.75,422.1666666666667,0.047376920113152,"PerplexDEW (Davies, activity=DEW)",0.047376920113152,0.0
DEW,isobar,1.75,422.4111111111111,0.0474688421082508,"PerplexDEW (Davies, activity=DEW)",0.0474688421082508,0.0
DEW,isobar,1.75,422.6555555555556,0.0475608636759769,"PerplexDEW (Davies, activity=DEW)",0.0475608636759769,0.0
DEW,isobar,1.75,422.9,0.0476530157042636,"PerplexDEW (Davies, activity=DEW)",0.0476530157042636,0.0
DEW,isobar,1.75,423.1444444444445,0.0477452516575684,"PerplexDEW (Davies, activity=DEW)",0.0477452516575684,0.0
DEW,isobar,1.75,423.3888888888889,0.0478376180500507,"PerplexDEW (Davies, activity=DEW)",0.0478376180500507,0.0
DEW,isobar,1.75,423.6333333333333,0.0479300837342002,"PerplexDEW (Davies, activity=DEW)",0.0479300837342002,0.0
DEW,isobar,1.75,423.8777777777778,0.048022648578322,"PerplexDEW (Davies, activity=DEW)",0.048022648578322,0.0
DEW,isobar,1.75,424.1222222222222,0.0481153438654659,"PerplexDEW (Davies, activity=DEW)",0.0481153438654659,0.0
DEW,isobar,1.75,424.3666666666667,0.048208138206939,"PerplexDEW (Davies, activity=DEW)",0.048208138206939,0.0
DEW,isobar,1.75,424.6111111111111,0.0483010314687702,"PerplexDEW (Davies, activity=DEW)",0.0483010314687702,0.0
DEW,isobar,1.75,424.8555555555556,0.0483940393445534,"PerplexDEW (Davies, activity=DEW)",0.0483940393445534,0.0
DEW,isobar,1.75,425.1,0.0484871618196047,"PerplexDEW (Davies, activity=DEW)",0.0484871618196047,0.0
DEW,isobar,1.75,425.3444444444444,0.0485803829694097,"PerplexDEW (Davies, activity=DEW)",0.0485803829694097,0.0
DEW,isobar,1.75,425.5888888888889,0.0486737186067033,"PerplexDEW (Davies, activity=DEW)",0.0486737186067033,0.0
DEW,isobar,1.75,425.8333333333333,0.0487671687152423,"PerplexDEW (Davies, activity=DEW)",0.0487671687152423,0.0
DEW,isobar,1.75,426.0777777777778,0.0488607172470132,"PerplexDEW (Davies, activity=DEW)",0.0488607172470132,0.0
DEW,isobar,1.75,426.3222222222223,0.0489543801346305,"PerplexDEW (Davies, activity=DEW)",0.0489543801346305,0.0
DEW,isobar,1.75,426.56666666666666,0.0490481412472214,"PerplexDEW (Davies, activity=DEW)",0.0490481412472214,0.0
DEW,isobar,1.75,426.81111111111113,0.0491420165976526,"PerplexDEW (Davies, activity=DEW)",0.0491420165976526,0.0
DEW,isobar,1.75,427.05555555555554,0.0492360061669662,"PerplexDEW (Davies, activity=DEW)",0.0492360061669662,0.0
DEW,isobar,1.75,427.3,0.0493300936995448,"PerplexDEW (Davies, activity=DEW)",0.0493300936995448,0.0
DEW,isobar,1.75,427.5444444444445,0.0494242953293514,"PerplexDEW (Davies, activity=DEW)",0.0494242953293514,0.0
DEW,isobar,1.75,427.7888888888889,0.0495185947170629,"PerplexDEW (Davies, activity=DEW)",0.0495185947170629,0.0
DEW,isobar,1.75,428.03333333333336,0.0496130080777087,"PerplexDEW (Davies, activity=DEW)",0.0496130080777087,0.0
DEW,isobar,1.75,428.27777777777777,0.0497075353896088,"PerplexDEW (Davies, activity=DEW)",0.0497075353896088,0.0
DEW,isobar,1.75,428.52222222222224,0.0498021766306523,"PerplexDEW (Davies, activity=DEW)",0.0498021766306523,0.0
DEW,isobar,1.75,428.76666666666665,0.049896898808498,"PerplexDEW (Davies, activity=DEW)",0.049896898808498,0.0
DEW,isobar,1.75,429.0111111111111,0.0499917512295979,"PerplexDEW (Davies, activity=DEW)",0.0499917512295979,0.0
DEW,isobar,1.75,429.2555555555556,0.0500867008585278,"PerplexDEW (Davies, activity=DEW)",0.0500867008585278,0.0
DEW,isobar,1.75,429.5,0.0501817641557707,"PerplexDEW (Davies, activity=DEW)",0.0501817641557707,0.0
DEW,isobar,1.75,429.74444444444447,0.0502769244440986,"PerplexDEW (Davies, activity=DEW)",0.0502769244440986,0.0
DEW,isobar,1.75,429.9888888888889,0.0503722149608015,"PerplexDEW (Davies, activity=DEW)",0.0503722149608015,0.0
DEW,isobar,1.75,430.23333333333335,0.0504675855965657,"PerplexDEW (Davies, activity=DEW)",0.0504675855965657,0.0
DEW,isobar,1.75,430.47777777777776,0.0505630696293524,"PerplexDEW (Davies, activity=DEW)",0.0505630696293524,0.0
DEW,isobar,1.75,430.72222222222223,0.0506586670319446,"PerplexDEW (Davies, activity=DEW)",0.0506586670319446,0.0
DEW,isobar,1.75,430.9666666666667,0.0507543777766752,"PerplexDEW (Davies, activity=DEW)",0.0507543777766752,0.0
DEW,isobar,1.75,431.2111111111111,0.0508501849293513,"PerplexDEW (Davies, activity=DEW)",0.0508501849293513,0.0
DEW,isobar,1.75,431.4555555555556,0.0509461052823089,"PerplexDEW (Davies, activity=DEW)",0.0509461052823089,0.0
DEW,isobar,1.75,431.7,0.051042138806242,"PerplexDEW (Davies, activity=DEW)",0.051042138806242,0.0
DEW,isobar,1.75,431.94444444444446,0.0511382684372936,"PerplexDEW (Davies, activity=DEW)",0.0511382684372936,0.0
DEW,isobar,1.75,432.1888888888889,0.0512344940167195,"PerplexDEW (Davies, activity=DEW)",0.0512344940167195,0.0
DEW,isobar,1.75,432.4333333333333,0.0513308496245647,"PerplexDEW (Davies, activity=DEW)",0.0513308496245647,0.0
DEW,isobar,1.75,432.6777777777778,0.051427301032395,"PerplexDEW (Davies, activity=DEW)",0.051427301032395,0.0
DEW,isobar,1.75,432.9222222222222,0.0515238480790545,"PerplexDEW (Davies, activity=DEW)",0.0515238480790545,0.0
DEW,isobar,1.75,433.1666666666667,0.0516205251008091,"PerplexDEW (Davies, activity=DEW)",0.0516205251008091,0.0
DEW,isobar,1.75,433.4111111111112,0.0517172976091856,"PerplexDEW (Davies, activity=DEW)",0.0517172976091856,0.0
DEW,isobar,1.75,433.6555555555556,0.0518141654405921,"PerplexDEW (Davies, activity=DEW)",0.0518141654405921,0.0
DEW,isobar,1.75,433.9,0.0519111458097482,"PerplexDEW (Davies, activity=DEW)",0.0519111458097482,0.0
DEW,isobar,1.75,434.1444444444445,0.0520082386816735,"PerplexDEW (Davies, activity=DEW)",0.0520082386816735,0.0
DEW,isobar,1.75,434.3888888888889,0.0521054265544513,"PerplexDEW (Davies, activity=DEW)",0.0521054265544513,0.0
DEW,isobar,1.75,434.6333333333333,0.0522027267712438,"PerplexDEW (Davies, activity=DEW)",0.0522027267712438,0.0
DEW,isobar,1.75,434.8777777777778,0.052300139295401,"PerplexDEW (Davies, activity=DEW)",0.052300139295401,0.0
DEW,isobar,1.75,435.1222222222223,0.0523976464919307,"PerplexDEW (Davies, activity=DEW)",0.0523976464919307,0.0
DEW,isobar,1.75,435.3666666666667,0.0524952658331998,"PerplexDEW (Davies, activity=DEW)",0.0524952658331998,0.0
DEW,isobar,1.75,435.6111111111112,0.0525929972808815,"PerplexDEW (Davies, activity=DEW)",0.0525929972808815,0.0
DEW,isobar,1.75,435.8555555555556,0.0526908230661105,"PerplexDEW (Davies, activity=DEW)",0.0526908230661105,0.0
DEW,isobar,1.75,436.1,0.0527887607912326,"PerplexDEW (Davies, activity=DEW)",0.0527887607912326,0.0
DEW,isobar,2.0,175.0,0.003070123234624,"PerplexDEW (Davies, activity=DEW)",0.003070123234624,0.0
DEW,isobar,2.0,180.55555555555557,0.0033300428351694,"PerplexDEW (Davies, activity=DEW)",0.0033300428351694,0.0
DEW,isobar,2.0,186.11111111111111,0.0036084489016557,"PerplexDEW (Davies, activity=DEW)",0.0036084489016557,0.0
DEW,isobar,2.0,191.66666666666663,0.0039063555881947,"PerplexDEW (Davies, activity=DEW)",0.0039063555881947,0.0
DEW,isobar,2.0,197.22222222222223,0.0042248127467425,"PerplexDEW (Davies, activity=DEW)",0.0042248127467425,0.0
DEW,isobar,2.0,202.77777777777777,0.0045649044199393,"PerplexDEW (Davies, activity=DEW)",0.0045649044199393,0.0
DEW,isobar,2.0,208.3333333333333,0.0049277468421537,"PerplexDEW (Davies, activity=DEW)",0.0049277468421537,0.0
DEW,isobar,2.0,213.88888888888889,0.0053144917216296,"PerplexDEW (Davies, activity=DEW)",0.0053144917216296,0.0
DEW,isobar,2.0,219.44444444444449,0.0057263215085977,"PerplexDEW (Davies, activity=DEW)",0.0057263215085977,0.0
DEW,isobar,2.0,225.0,0.0061644506884677,"PerplexDEW (Davies, activity=DEW)",0.0061644506884677,0.0
DEW,isobar,2.0,230.55555555555557,0.0066301236251813,"PerplexDEW (Davies, activity=DEW)",0.0066301236251813,0.0
DEW,isobar,2.0,236.11111111111111,0.007124614516969,"PerplexDEW (Davies, activity=DEW)",0.007124614516969,0.0
DEW,isobar,2.0,241.66666666666663,0.0076492254882076,"PerplexDEW (Davies, activity=DEW)",0.0076492254882076,0.0
DEW,isobar,2.0,247.22222222222223,0.0082052824364993,"PerplexDEW (Davies, activity=DEW)",0.0082052824364993,0.0
DEW,isobar,2.0,252.77777777777777,0.0087941378069206,"PerplexDEW (Davies, activity=DEW)",0.0087941378069206,0.0
DEW,isobar,2.0,258.3333333333333,0.0094171646050846,"PerplexDEW (Davies, activity=DEW)",0.0094171646050846,0.0
DEW,isobar,2.0,263.8888888888889,0.0100757567209466,"PerplexDEW (Davies, activity=DEW)",0.0100757567209466,0.0
DEW,isobar,2.0,280.55555555555554,0.0122791039873746,"PerplexDEW (Davies, activity=DEW)",0.0122791039873746,0.0
DEW,isobar,2.0,286.1111111111111,0.0130941990465226,"PerplexDEW (Davies, activity=DEW)",0.0130941990465226,0.0
DEW,isobar,2.0,291.66666666666663,0.0139520330456943,"PerplexDEW (Davies, activity=DEW)",0.0139520330456943,0.0
DEW,isobar,2.0,297.22222222222223,0.0148540566630081,"PerplexDEW (Davies, activity=DEW)",0.0148540566630081,0.0
DEW,isobar,2.0,302.77777777777777,0.0158017272456388,"PerplexDEW (Davies, activity=DEW)",0.0158017272456388,0.0
DEW,isobar,2.0,308.3333333333333,0.0167964881684119,"PerplexDEW (Davies, activity=DEW)",0.0167964881684119,0.0
DEW,isobar,2.0,313.8888888888889,0.0178397784728719,"PerplexDEW (Davies, activity=DEW)",0.0178397784728719,0.0
DEW,isobar,2.0,319.44444444444446,0.0189330237847115,"PerplexDEW (Davies, activity=DEW)",0.0189330237847115,0.0
DEW,isobar,2.0,325.0,0.0200776268968894,"PerplexDEW (Davies, activity=DEW)",0.0200776268968894,0.0
DEW,isobar,2.0,330.55555555555554,0.0212749773243903,"PerplexDEW (Davies, activity=DEW)",0.0212749773243903,0.0
DEW,isobar,2.0,336.1111111111111,0.0225264243843162,"PerplexDEW (Davies, activity=DEW)",0.0225264243843162,0.0
DEW,isobar,2.0,341.66666666666663,0.0238332918278384,"PerplexDEW (Davies, activity=DEW)",0.0238332918278384,0.0
DEW,isobar,2.0,347.22222222222223,0.0251968722586309,"PerplexDEW (Davies, activity=DEW)",0.0251968722586309,0.0
DEW,isobar,2.0,352.77777777777777,0.0266184030877313,"PerplexDEW (Davies, activity=DEW)",0.0266184030877313,0.0
DEW,isobar,2.0,358.3333333333333,0.028099086415486,"PerplexDEW (Davies, activity=DEW)",0.028099086415486,0.0
DEW,isobar,2.0,363.8888888888889,0.0296400642886603,"PerplexDEW (Davies, activity=DEW)",0.0296400642886603,0.0
DEW,isobar,2.0,369.44444444444446,0.031242419093336,"PerplexDEW (Davies, activity=DEW)",0.031242419093336,0.0
DEW,isobar,2.0,375.0,0.0329071768029035,"PerplexDEW (Davies, activity=DEW)",0.0329071768029035,0.0
DEW,isobar,2.0,380.55555555555554,0.034635284697413,"PerplexDEW (Davies, activity=DEW)",0.034635284697413,0.0
DEW,isobar,2.0,386.1111111111111,0.0364276334449662,"PerplexDEW (Davies, activity=DEW)",0.0364276334449662,0.0
DEW,isobar,2.0,391.6666666666666,0.0382850248010796,"PerplexDEW (Davies, activity=DEW)",0.0382850248010796,0.0
DEW,isobar,2.0,397.22222222222223,0.0402081627530294,"PerplexDEW (Davies, activity=DEW)",0.0402081627530294,0.0
DEW,isobar,2.0,402.77777777777777,0.0421976813015214,"PerplexDEW (Davies, activity=DEW)",0.0421976813015214,0.0
DEW,isobar,2.0,408.3333333333333,0.0442541329422352,"PerplexDEW (Davies, activity=DEW)",0.0442541329422352,0.0
DEW,isobar,2.0,413.8888888888889,0.046377931616462,"PerplexDEW (Davies, activity=DEW)",0.046377931616462,0.0
DEW,isobar,2.0,419.44444444444446,0.0485694388812779,"PerplexDEW (Davies, activity=DEW)",0.0485694388812779,0.0
DEW,isobar,2.0,425.0,0.0508288659813258,"PerplexDEW (Davies, activity=DEW)",0.0508288659813258,0.0
DEW,isobar,2.0,430.55555555555554,0.053156338961297,"PerplexDEW (Davies, activity=DEW)",0.053156338961297,0.0
DEW,isobar,2.0,436.1111111111111,0.0555518856861291,"PerplexDEW (Davies, activity=DEW)",0.0555518856861291,0.0
DEW,isobar,2.0,441.6666666666666,0.0580153810172533,"PerplexDEW (Davies, activity=DEW)",0.0580153810172533,0.0
DEW,isobar,2.0,447.22222222222223,0.0605466312584842,"PerplexDEW (Davies, activity=DEW)",0.0605466312584842,0.0
DEW,isobar,2.0,452.77777777777777,0.0631452828542971,"PerplexDEW (Davies, activity=DEW)",0.0631452828542971,0.0
DEW,isobar,2.0,458.3333333333333,0.0658108964016386,"PerplexDEW (Davies, activity=DEW)",0.0658108964016386,0.0
DEW,isobar,2.0,463.88888888888886,0.0685429095585533,"PerplexDEW (Davies, activity=DEW)",0.0685429095585533,0.0
DEW,isobar,2.0,469.44444444444446,0.0713406110857234,"PerplexDEW (Davies, activity=DEW)",0.0713406110857234,0.0
DEW,isobar,2.0,475.0,0.0742032363584141,"PerplexDEW (Davies, activity=DEW)",0.0742032363584141,0.0
DEW,isobar,2.0,480.55555555555554,0.0771298510052903,"PerplexDEW (Davies, activity=DEW)",0.0771298510052903,0.0
DEW,isobar,2.0,486.1111111111111,0.0801194233498665,"PerplexDEW (Davies, activity=DEW)",0.0801194233498665,0.0
DEW,isobar,2.0,491.6666666666666,0.0831708623455095,"PerplexDEW (Davies, activity=DEW)",0.0831708623455095,0.0
DEW,isobar,2.0,497.22222222222223,0.0862829078436987,"PerplexDEW (Davies, activity=DEW)",0.0862829078436987,0.0
DEW,isobar,2.0,502.77777777777777,0.089454250747176,"PerplexDEW (Davies, activity=DEW)",0.089454250747176,0.0
DEW,isobar,2.0,508.3333333333333,0.0926834823451729,"PerplexDEW (Davies, activity=DEW)",0.0926834823451729,0.0
DEW,isobar,2.0,513.8888888888889,0.0959691353146357,"PerplexDEW (Davies, activity=DEW)",0.0959691353146357,0.0
DEW,isobar,2.0,519.4444444444445,0.0993095820575781,"PerplexDEW (Davies, activity=DEW)",0.0993095820575781,0.0
DEW,isobar,2.0,525.0,0.1027032644333793,"PerplexDEW (Davies, activity=DEW)",0.1027032644333793,0.0
DEW,isobar,2.0,530.5555555555555,0.1061484838925224,"PerplexDEW (Davies, activity=DEW)",0.1061484838925224,0.0
DEW,isobar,2.0,536.1111111111111,0.1096434786825556,"PerplexDEW (Davies, activity=DEW)",0.1096434786825556,0.0
DEW,isobar,2.0,541.6666666666666,0.1131865708618676,"PerplexDEW (Davies, activity=DEW)",0.1131865708618676,0.0
DEW,isobar,2.0,547.2222222222222,0.1167759155104804,"PerplexDEW (Davies, activity=DEW)",0.1167759155104804,0.0
DEW,isobar,2.0,552.7777777777778,0.1204097830224982,"PerplexDEW (Davies, activity=DEW)",0.1204097830224982,0.0
DEW,isobar,2.0,558.3333333333333,0.1240863375275526,"PerplexDEW (Davies, activity=DEW)",0.1240863375275526,0.0
DEW,isobar,2.0,563.8888888888889,0.1278037914537189,"PerplexDEW (Davies, activity=DEW)",0.1278037914537189,0.0
DEW,isobar,2.0,569.4444444444445,0.1315604863676273,"PerplexDEW (Davies, activity=DEW)",0.1315604863676273,0.0
DEW,isobar,2.0,575.0,0.1353546285489815,"PerplexDEW (Davies, activity=DEW)",0.1353546285489815,0.0
DEW,isobar,2.0,580.5555555555555,0.1391845786103358,"PerplexDEW (Davies, activity=DEW)",0.1391845786103358,0.0
DEW,isobar,2.0,586.1111111111111,0.1430488898384729,"PerplexDEW (Davies, activity=DEW)",0.1430488898384729,0.0
DEW,isobar,2.0,591.6666666666666,0.1469458035648392,"PerplexDEW (Davies, activity=DEW)",0.1469458035648392,0.0
DEW,isobar,2.0,597.2222222222222,0.150873961702713,"PerplexDEW (Davies, activity=DEW)",0.150873961702713,0.0
DEW,isobar,2.0,602.7777777777778,0.1548320464037267,"PerplexDEW (Davies, activity=DEW)",0.1548320464037267,0.0
DEW,isobar,2.0,608.3333333333333,0.1588187804196586,"PerplexDEW (Davies, activity=DEW)",0.1588187804196586,0.0
DEW,isobar,2.0,613.8888888888889,0.1628330061857132,"PerplexDEW (Davies, activity=DEW)",0.1628330061857132,0.0
DEW,isobar,2.0,619.4444444444445,0.1668735339033974,"PerplexDEW (Davies, activity=DEW)",0.1668735339033974,0.0
DEW,isobar,2.0,625.0,0.1709397253272866,"PerplexDEW (Davies, activity=DEW)",0.1709397253272866,0.0
DEW,isobar,2.0,630.5555555555555,0.175030516573146,"PerplexDEW (Davies, activity=DEW)",0.175030516573146,0.0
DEW,isobar,2.0,636.1111111111111,0.1791451507651399,"PerplexDEW (Davies, activity=DEW)",0.1791451507651399,0.0
DEW,isobar,2.0,641.6666666666666,0.1832832222943692,"PerplexDEW (Davies, activity=DEW)",0.1832832222943692,0.0
DEW,isobar,2.0,647.2222222222222,0.1874443262554474,"PerplexDEW (Davies, activity=DEW)",0.1874443262554474,0.0
DEW,isobar,2.0,652.7777777777778,0.1916278312571836,"PerplexDEW (Davies, activity=DEW)",0.1916278312571836,0.0
DEW,isobar,2.0,658.3333333333333,0.1958336702591625,"PerplexDEW (Davies, activity=DEW)",0.1958336702591625,0.0
DEW,isobar,2.0,663.8888888888889,0.2000615426146518,"PerplexDEW (Davies, activity=DEW)",0.2000615426146518,0.0
DEW,isobar,2.0,669.4444444444443,0.2043117609209851,"PerplexDEW (Davies, activity=DEW)",0.2043117609209851,0.0
DEW,isobar,2.0,675.0,0.2085841604857989,"PerplexDEW (Davies, activity=DEW)",0.2085841604857989,0.0
DEW,isobar,2.0,680.5555555555555,0.2128789657835887,"PerplexDEW (Davies, activity=DEW)",0.2128789657835887,0.0
DEW,isobar,2.0,686.1111111111111,0.2171963355986476,"PerplexDEW (Davies, activity=DEW)",0.2171963355986476,0.0
DEW,isobar,2.0,691.6666666666666,0.2215365900665767,"PerplexDEW (Davies, activity=DEW)",0.2215365900665767,0.0
DEW,isobar,2.0,697.2222222222222,0.2259004847980029,"PerplexDEW (Davies, activity=DEW)",0.2259004847980029,0.0
DEW,isobar,2.0,702.7777777777777,0.2302878826335804,"PerplexDEW (Davies, activity=DEW)",0.2302878826335804,0.0
DEW,isobar,2.0,708.3333333333333,0.2346998634854113,"PerplexDEW (Davies, activity=DEW)",0.2346998634854113,0.0
DEW,isobar,2.0,713.8888888888889,0.2391368519995637,"PerplexDEW (Davies, activity=DEW)",0.2391368519995637,0.0
DEW,isobar,2.0,719.4444444444445,0.2435993982663895,"PerplexDEW (Davies, activity=DEW)",0.2435993982663895,0.0
DEW,isobar,2.0,725.0,0.2480881821063658,"PerplexDEW (Davies, activity=DEW)",0.2480881821063658,0.0
DEW,isobar,4.35,592.5,0.2379533940936212,"PerplexDEW (Davies, activity=DEW)",0.2379533940936212,0.0
DEW,isobar,4.35,594.1666666666666,0.2405018925426649,"PerplexDEW (Davies, activity=DEW)",0.2405018925426649,0.0
DEW,isobar,4.35,595.8333333333334,0.2430690526033481,"PerplexDEW (Davies, activity=DEW)",0.2430690526033481,0.0
DEW,isobar,4.35,597.5,0.245655026250236,"PerplexDEW (Davies, activity=DEW)",0.245655026250236,0.0
DEW,isobar,4.35,599.1666666666666,0.248259760387609,"PerplexDEW (Davies, activity=DEW)",0.248259760387609,0.0
DEW,isobar,4.35,600.8333333333334,0.2508833734333208,"PerplexDEW (Davies, activity=DEW)",0.2508833734333208,0.0
DEW,isobar,4.35,602.5,0.2535259152016319,"PerplexDEW (Davies, activity=DEW)",0.2535259152016319,0.0
DEW,isobar,4.35,604.1666666666666,0.2561874351379737,"PerplexDEW (Davies, activity=DEW)",0.2561874351379737,0.0
DEW,isobar,4.35,605.8333333333334,0.2588679823253666,"PerplexDEW (Davies, activity=DEW)",0.2588679823253666,0.0
DEW,isobar,4.35,607.5,0.2615676054910364,"PerplexDEW (Davies, activity=DEW)",0.2615676054910364,0.0
DEW,isobar,4.35,609.1666666666666,0.2642863530131918,"PerplexDEW (Davies, activity=DEW)",0.2642863530131918,0.0
DEW,isobar,4.35,610.8333333333334,0.2670242729281755,"PerplexDEW (Davies, activity=DEW)",0.2670242729281755,0.0
DEW,isobar,4.35,612.5,0.2697814517221927,"PerplexDEW (Davies, activity=DEW)",0.2697814517221927,0.0
DEW,isobar,4.35,614.1666666666666,0.2725578989736772,"PerplexDEW (Davies, activity=DEW)",0.2725578989736772,0.0
DEW,isobar,4.35,615.8333333333334,0.2753537015311446,"PerplexDEW (Davies, activity=DEW)",0.2753537015311446,0.0
DEW,isobar,4.35,617.5,0.2781689076672808,"PerplexDEW (Davies, activity=DEW)",0.2781689076672808,0.0
DEW,isobar,4.35,619.1666666666666,0.2810035245919443,"PerplexDEW (Davies, activity=DEW)",0.2810035245919443,0.0
DEW,isobar,4.35,620.8333333333334,0.2838577224174312,"PerplexDEW (Davies, activity=DEW)",0.2838577224174312,0.0
DEW,isobar,4.35,622.5,0.2867313844291093,"PerplexDEW (Davies, activity=DEW)",0.2867313844291093,0.0
DEW,isobar,4.35,624.1666666666666,0.2896246817858762,"PerplexDEW (Davies, activity=DEW)",0.2896246817858762,0.0
DEW,isobar,4.35,625.8333333333334,0.2925376201886813,"PerplexDEW (Davies, activity=DEW)",0.2925376201886813,0.0
DEW,isobar,4.35,627.5,0.2954702898376652,"PerplexDEW (Davies, activity=DEW)",0.2954702898376652,0.0
DEW,isobar,4.35,629.1666666666666,0.2984227389256398,"PerplexDEW (Davies, activity=DEW)",0.2984227389256398,0.0
DEW,isobar,4.35,630.8333333333334,0.3013949709688738,"PerplexDEW (Davies, activity=DEW)",0.3013949709688738,0.0
DEW,isobar,4.35,632.5,0.3043870772309681,"PerplexDEW (Davies, activity=DEW)",0.3043870772309681,0.0
DEW,isobar,4.35,634.1666666666666,0.3073991054097164,"PerplexDEW (Davies, activity=DEW)",0.3073991054097164,0.0
DEW,isobar,4.35,635.8333333333334,0.3104311030663023,"PerplexDEW (Davies, activity=DEW)",0.3104311030663023,0.0
DEW,isobar,4.35,637.5,0.3134831176372021,"PerplexDEW (Davies, activity=DEW)",0.3134831176372021,0.0
DEW,isobar,4.35,639.1666666666666,0.3165551964462987,"PerplexDEW (Davies, activity=DEW)",0.3165551964462987,0.0
DEW,isobar,4.35,640.8333333333334,0.3196474346224561,"PerplexDEW (Davies, activity=DEW)",0.3196474346224561,0.0
DEW,isobar,4.35,642.5,0.3227598325701062,"PerplexDEW (Davies, activity=DEW)",0.3227598325701062,0.0
DEW,isobar,4.35,644.1666666666666,0.3258924373684031,"PerplexDEW (Davies, activity=DEW)",0.3258924373684031,0.0
DEW,isobar,4.35,645.8333333333334,0.3290453457180309,"PerplexDEW (Davies, activity=DEW)",0.3290453457180309,0.0
DEW,isobar,4.35,647.5,0.3322186064022754,"PerplexDEW (Davies, activity=DEW)",0.3322186064022754,0.0
DEW,isobar,4.35,649.1666666666666,0.3354122682062769,"PerplexDEW (Davies, activity=DEW)",0.3354122682062769,0.0
DEW,isobar,4.35,650.8333333333334,0.3386263799313698,"PerplexDEW (Davies, activity=DEW)",0.3386263799313698,0.0
DEW,isobar,4.35,652.5,0.3418609382720579,"PerplexDEW (Davies, activity=DEW)",0.3418609382720579,0.0
DEW,isobar,4.35,654.1666666666666,0.3451160957521244,"PerplexDEW (Davies, activity=DEW)",0.3451160957521244,0.0
DEW,isobar,4.35,655.8333333333334,0.3483919031971568,"PerplexDEW (Davies, activity=DEW)",0.3483919031971568,0.0
DEW,isobar,4.35,657.5,0.3516883034589876,"PerplexDEW (Davies, activity=DEW)",0.3516883034589876,0.0
DEW,isobar,4.35,659.1666666666666,0.3550054531018284,"PerplexDEW (Davies, activity=DEW)",0.3550054531018284,0.0
DEW,isobar,4.35,660.8333333333334,0.3583434033023321,"PerplexDEW (Davies, activity=DEW)",0.3583434033023321,0.0
DEW,isobar,4.35,662.5,0.3617020933841803,"PerplexDEW (Davies, activity=DEW)",0.3617020933841803,0.0
DEW,isobar,4.35,664.1666666666666,0.3650817975603387,"PerplexDEW (Davies, activity=DEW)",0.3650817975603387,0.0
DEW,isobar,4.35,665.8333333333334,0.368482342152455,"PerplexDEW (Davies, activity=DEW)",0.368482342152455,0.0
DEW,isobar,4.35,667.5,0.3719039490935946,"PerplexDEW (Davies, activity=DEW)",0.3719039490935946,0.0
DEW,isobar,4.35,669.1666666666666,0.3753466138462236,"PerplexDEW (Davies, activity=DEW)",0.3753466138462236,0.0
DEW,isobar,4.35,670.8333333333334,0.3788103293830572,"PerplexDEW (Davies, activity=DEW)",0.3788103293830572,0.0
DEW,isobar,4.35,672.5,0.3822953265962555,"PerplexDEW (Davies, activity=DEW)",0.3822953265962555,0.0
DEW,isobar,4.35,674.1666666666666,0.3858014801824703,"PerplexDEW (Davies, activity=DEW)",0.3858014801824703,0.0
DEW,isobar,4.35,675.8333333333334,0.3893289027942069,"PerplexDEW (Davies, activity=DEW)",0.3893289027942069,0.0
DEW,isobar,4.35,677.5,0.3928777725160908,"PerplexDEW (Davies, activity=DEW)",0.3928777725160908,0.0
DEW,isobar,4.35,679.1666666666666,0.3964480216444616,"PerplexDEW (Davies, activity=DEW)",0.3964480216444616,0.0
DEW,isobar,4.35,680.8333333333334,0.4000397044823387,"PerplexDEW (Davies, activity=DEW)",0.4000397044823387,0.0
DEW,isobar,4.35,682.5,0.4036530046595548,"PerplexDEW (Davies, activity=DEW)",0.4036530046595548,0.0
DEW,isobar,4.35,684.1666666666666,0.4072877860898976,"PerplexDEW (Davies, activity=DEW)",0.4072877860898976,0.0
DEW,isobar,4.35,685.8333333333334,0.4109442999941629,"PerplexDEW (Davies, activity=DEW)",0.4109442999941629,0.0
DEW,isobar,4.35,687.5,0.4146225401800745,"PerplexDEW (Davies, activity=DEW)",0.4146225401800745,0.0
DEW,isobar,4.35,689.1666666666666,0.4183225654332807,"PerplexDEW (Davies, activity=DEW)",0.4183225654332807,0.0
DEW,isobar,4.35,690.8333333333334,0.4220444350642159,"PerplexDEW (Davies, activity=DEW)",0.4220444350642159,0.0
DEW,isobar,4.35,692.5,0.4257882089292643,"PerplexDEW (Davies, activity=DEW)",0.4257882089292643,0.0
DEW,isobar,4.35,694.1666666666666,0.4295540173512232,"PerplexDEW (Davies, activity=DEW)",0.4295540173512232,0.0
DEW,isobar,4.35,695.8333333333334,0.4333419237615576,"PerplexDEW (Davies, activity=DEW)",0.4333419237615576,0.0
DEW,isobar,4.35,697.5,0.4371518492104197,"PerplexDEW (Davies, activity=DEW)",0.4371518492104197,0.0
DEW,isobar,4.35,699.1666666666666,0.4409839982195188,"PerplexDEW (Davies, activity=DEW)",0.4409839982195188,0.0
DEW,isobar,4.35,700.8333333333334,0.4448384362159744,"PerplexDEW (Davies, activity=DEW)",0.4448384362159744,0.0
DEW,isobar,4.35,702.5,0.4487152293540098,"PerplexDEW (Davies, activity=DEW)",0.4487152293540098,0.0
DEW,isobar,4.35,704.1666666666666,0.4526144445381668,"PerplexDEW (Davies, activity=DEW)",0.4526144445381668,0.0
DEW,isobar,4.35,705.8333333333334,0.4565359980127184,"PerplexDEW (Davies, activity=DEW)",0.4565359980127184,0.0
DEW,isobar,4.35,707.5,0.4604802593923486,"PerplexDEW (Davies, activity=DEW)",0.4604802593923486,0.0
DEW,isobar,4.35,709.1666666666666,0.4644470707968841,"PerplexDEW (Davies, activity=DEW)",0.4644470707968841,0.0
DEW,isobar,4.35,710.8333333333334,0.4684365780599641,"PerplexDEW (Davies, activity=DEW)",0.4684365780599641,0.0
DEW,isobar,4.35,712.5,0.4724489313974349,"PerplexDEW (Davies, activity=DEW)",0.4724489313974349,0.0
DEW,isobar,4.35,714.1666666666666,0.4764841252600433,"PerplexDEW (Davies, activity=DEW)",0.4764841252600433,0.0
DEW,isobar,4.35,715.8333333333334,0.4805422324731429,"PerplexDEW (Davies, activity=DEW)",0.4805422324731429,0.0
DEW,isobar,4.35,717.5,0.484623326805529,"PerplexDEW (Davies, activity=DEW)",0.484623326805529,0.0
DEW,isobar,4.35,719.1666666666666,0.488727648770864,"PerplexDEW (Davies, activity=DEW)",0.488727648770864,0.0
DEW,isobar,4.35,720.8333333333334,0.4928549444227537,"PerplexDEW (Davies, activity=DEW)",0.4928549444227537,0.0
DEW,isobar,4.35,722.5,0.4970056239778791,"PerplexDEW (Davies, activity=DEW)",0.4970056239778791,0.0
DEW,isobar,4.35,724.1666666666667,0.5011797709739909,"PerplexDEW (Davies, activity=DEW)",0.5011797709739909,0.0
DEW,isobar,4.35,725.8333333333334,0.5053772100407921,"PerplexDEW (Davies, activity=DEW)",0.5053772100407921,0.0
DEW,isobar,4.35,727.5,0.5095981936761591,"PerplexDEW (Davies, activity=DEW)",0.5095981936761591,0.0
DEW,isobar,4.35,729.1666666666667,0.5138428060125806,"PerplexDEW (Davies, activity=DEW)",0.5138428060125806,0.0
DEW,isobar,4.35,730.8333333333334,0.5181111323922379,"PerplexDEW (Davies, activity=DEW)",0.5181111323922379,0.0
DEW,isobar,4.35,732.5,0.5224032593944585,"PerplexDEW (Davies, activity=DEW)",0.5224032593944585,0.0
DEW,isobar,4.35,734.1666666666667,0.5267192748630739,"PerplexDEW (Davies, activity=DEW)",0.5267192748630739,0.0
DEW,isobar,4.35,735.8333333333334,0.5310592679342654,"PerplexDEW (Davies, activity=DEW)",0.5310592679342654,0.0
DEW,isobar,4.35,737.5,0.5354233290642106,"PerplexDEW (Davies, activity=DEW)",0.5354233290642106,0.0
DEW,isobar,4.35,739.1666666666667,0.5398116448644397,"PerplexDEW (Davies, activity=DEW)",0.5398116448644397,0.0
DEW,isobar,4.35,740.8333333333334,0.5442241199632342,"PerplexDEW (Davies, activity=DEW)",0.5442241199632342,0.0
DEW,isobar,4.35,742.5,0.5486610396441967,"PerplexDEW (Davies, activity=DEW)",0.5486610396441967,0.0
DEW,isobar,4.35,744.1666666666667,0.5531225031788398,"PerplexDEW (Davies, activity=DEW)",0.5531225031788398,0.0
DEW,isobar,4.35,745.8333333333334,0.5576085122469423,"PerplexDEW (Davies, activity=DEW)",0.5576085122469423,0.0
DEW,isobar,4.35,747.5,0.5621192661186402,"PerplexDEW (Davies, activity=DEW)",0.5621192661186402,0.0
DEW,isobar,4.35,749.1666666666667,0.5666547673635408,"PerplexDEW (Davies, activity=DEW)",0.5666547673635408,0.0
DEW,isobar,4.35,750.8333333333334,0.571215118127689,"PerplexDEW (Davies, activity=DEW)",0.571215118127689,0.0
DEW,isobar,4.35,752.5,0.5758005257604574,"PerplexDEW (Davies, activity=DEW)",0.5758005257604574,0.0
DEW,isobar,4.35,754.1666666666667,0.5804110990629424,"PerplexDEW (Davies, activity=DEW)",0.5804110990629424,0.0
DEW,isobar,4.35,755.8333333333334,0.5850469485491908,"PerplexDEW (Davies, activity=DEW)",0.5850469485491908,0.0
DEW,isobar,4.35,757.5,0.589708079348812,"PerplexDEW (Davies, activity=DEW)",0.589708079348812,0.0
DEW,isobar,5.0,485.0,0.1165301011592844,"PerplexDEW (Davies, activity=DEW)",0.1165301011592844,0.0
DEW,isobar,5.0,488.3333333333333,0.1196945060893393,"PerplexDEW (Davies, activity=DEW)",0.1196945060893393,0.0
DEW,isobar,5.0,491.6666666666667,0.1229232233233724,"PerplexDEW (Davies, activity=DEW)",0.1229232233233724,0.0
DEW,isobar,5.0,495.0,0.1262169878544126,"PerplexDEW (Davies, activity=DEW)",0.1262169878544126,0.0
DEW,isobar,5.0,498.3333333333333,0.1295765464857527,"PerplexDEW (Davies, activity=DEW)",0.1295765464857527,0.0
DEW,isobar,5.0,501.6666666666667,0.133002614125969,"PerplexDEW (Davies, activity=DEW)",0.133002614125969,0.0
DEW,isobar,5.0,505.0,0.1364959162853607,"PerplexDEW (Davies, activity=DEW)",0.1364959162853607,0.0
DEW,isobar,5.0,508.3333333333333,0.140057175064777,"PerplexDEW (Davies, activity=DEW)",0.140057175064777,0.0
DEW,isobar,5.0,511.6666666666667,0.1436871257606791,"PerplexDEW (Davies, activity=DEW)",0.1436871257606791,0.0
DEW,isobar,5.0,515.0,0.1473864677486326,"PerplexDEW (Davies, activity=DEW)",0.1473864677486326,0.0
DEW,isobar,5.0,518.3333333333334,0.1511559125146613,"PerplexDEW (Davies, activity=DEW)",0.1511559125146613,0.0
DEW,isobar,5.0,521.6666666666666,0.1549961496741441,"PerplexDEW (Davies, activity=DEW)",0.1549961496741441,0.0
DEW,isobar,5.0,525.0,0.1589079193176753,"PerplexDEW (Davies, activity=DEW)",0.1589079193176753,0.0
DEW,isobar,5.0,528.3333333333334,0.1628919042487692,"PerplexDEW (Davies, activity=DEW)",0.1628919042487692,0.0
DEW,isobar,5.0,531.6666666666666,0.1669488013098413,"PerplexDEW (Davies, activity=DEW)",0.1669488013098413,0.0
DEW,isobar,5.0,535.0,0.1710792832483784,"PerplexDEW (Davies, activity=DEW)",0.1710792832483784,0.0
DEW,isobar,5.0,538.3333333333334,0.1752840589635027,"PerplexDEW (Davies, activity=DEW)",0.1752840589635027,0.0
DEW,isobar,5.0,541.6666666666666,0.1795638145131344,"PerplexDEW (Davies, activity=DEW)",0.1795638145131344,0.0
DEW,isobar,5.0,545.0,0.1839192102369156,"PerplexDEW (Davies, activity=DEW)",0.1839192102369156,0.0
DEW,isobar,5.0,548.3333333333334,0.1883509235168881,"PerplexDEW (Davies, activity=DEW)",0.1883509235168881,0.0
DEW,isobar,5.0,551.6666666666666,0.1928596520024476,"PerplexDEW (Davies, activity=DEW)",0.1928596520024476,0.0
DEW,isobar,5.0,555.0,0.197446044393829,"PerplexDEW (Davies, activity=DEW)",0.197446044393829,0.0
DEW,isobar,5.0,558.3333333333334,0.2021107686886284,"PerplexDEW (Davies, activity=DEW)",0.2021107686886284,0.0
DEW,isobar,5.0,561.6666666666666,0.2068544900928065,"PerplexDEW (Davies, activity=DEW)",0.2068544900928065,0.0
DEW,isobar,5.0,565.0,0.2116778449253956,"PerplexDEW (Davies, activity=DEW)",0.2116778449253956,0.0
DEW,isobar,5.0,568.3333333333334,0.2165815183360015,"PerplexDEW (Davies, activity=DEW)",0.2165815183360015,0.0
DEW,isobar,5.0,571.6666666666666,0.221566168494791,"PerplexDEW (Davies, activity=DEW)",0.221566168494791,0.0
DEW,isobar,5.0,575.0,0.2266323947168511,"PerplexDEW (Davies, activity=DEW)",0.2266323947168511,0.0
DEW,isobar,5.0,578.3333333333334,0.2317809058970649,"PerplexDEW (Davies, activity=DEW)",0.2317809058970649,0.0
DEW,isobar,5.0,581.6666666666666,0.2370122955310717,"PerplexDEW (Davies, activity=DEW)",0.2370122955310717,0.0
DEW,isobar,5.0,585.0,0.2423272735456734,"PerplexDEW (Davies, activity=DEW)",0.2423272735456734,0.0
DEW,isobar,5.0,588.3333333333334,0.2477263972299312,"PerplexDEW (Davies, activity=DEW)",0.2477263972299312,0.0
DEW,isobar,5.0,591.6666666666666,0.253210376751015,"PerplexDEW (Davies, activity=DEW)",0.253210376751015,0.0
DEW,isobar,5.0,595.0,0.2587798290644741,"PerplexDEW (Davies, activity=DEW)",0.2587798290644741,0.0
DEW,isobar,5.0,598.3333333333334,0.2644354028689116,"PerplexDEW (Davies, activity=DEW)",0.2644354028689116,0.0
DEW,isobar,5.0,601.6666666666666,0.2701777482168184,"PerplexDEW (Davies, activity=DEW)",0.2701777482168184,0.0
DEW,isobar,5.0,605.0,0.2760074447657731,"PerplexDEW (Davies, activity=DEW)",0.2760074447657731,0.0
DEW,isobar,5.0,608.3333333333334,0.2819252155298081,"PerplexDEW (Davies, activity=DEW)",0.2819252155298081,0.0
DEW,isobar,5.0,611.6666666666666,0.2879316418807593,"PerplexDEW (Davies, activity=DEW)",0.2879316418807593,0.0
DEW,isobar,5.0,615.0,0.2940274182399324,"PerplexDEW (Davies, activity=DEW)",0.2940274182399324,0.0
DEW,isobar,5.0,618.3333333333334,0.3002132072409532,"PerplexDEW (Davies, activity=DEW)",0.3002132072409532,0.0
DEW,isobar,5.0,621.6666666666667,0.3064895945018297,"PerplexDEW (Davies, activity=DEW)",0.3064895945018297,0.0
DEW,isobar,5.0,625.0,0.3128572894661283,"PerplexDEW (Davies, activity=DEW)",0.3128572894661283,0.0
DEW,isobar,5.0,628.3333333333334,0.3193169259267939,"PerplexDEW (Davies, activity=DEW)",0.3193169259267939,0.0
DEW,isobar,5.0,631.6666666666667,0.3258692292348145,"PerplexDEW (Davies, activity=DEW)",0.3258692292348145,0.0
DEW,isobar,5.0,635.0,0.3325148012352746,"PerplexDEW (Davies, activity=DEW)",0.3325148012352746,0.0
DEW,isobar,5.0,638.3333333333334,0.339254336918783,"PerplexDEW (Davies, activity=DEW)",0.339254336918783,0.0
DEW,isobar,5.0,641.6666666666667,0.3460885411828314,"PerplexDEW (Davies, activity=DEW)",0.3460885411828314,0.0
DEW,isobar,5.0,645.0,0.3530181298402028,"PerplexDEW (Davies, activity=DEW)",0.3530181298402028,0.0
DEW,isobar,5.0,648.3333333333334,0.3600438306717946,"PerplexDEW (Davies, activity=DEW)",0.3600438306717946,0.0
DEW,isobar,5.0,651.6666666666667,0.3671662819571537,"PerplexDEW (Davies, activity=DEW)",0.3671662819571537,0.0
DEW,isobar,5.0,655.0,0.3743862837443665,"PerplexDEW (Davies, activity=DEW)",0.3743862837443665,0.0
DEW,isobar,5.0,658.3333333333334,0.3817045486521579,"PerplexDEW (Davies, activity=DEW)",0.3817045486521579,0.0
DEW,isobar,5.0,661.6666666666667,0.3891218556666314,"PerplexDEW (Davies, activity=DEW)",0.3891218556666314,0.0
DEW,isobar,5.0,665.0,0.3966390013678237,"PerplexDEW (Davies, activity=DEW)",0.3966390013678237,0.0
DEW,isobar,5.0,668.3333333333334,0.4042566855607649,"PerplexDEW (Davies, activity=DEW)",0.4042566855607649,0.0
DEW,isobar,5.0,671.6666666666667,0.4119757356638483,"PerplexDEW (Davies, activity=DEW)",0.4119757356638483,0.0
DEW,isobar,5.0,675.0,0.4197970611421882,"PerplexDEW (Davies, activity=DEW)",0.4197970611421882,0.0
DEW,isobar,5.0,678.3333333333334,0.427721475875268,"PerplexDEW (Davies, activity=DEW)",0.427721475875268,0.0
DEW,isobar,5.0,681.6666666666667,0.4357497487266381,"PerplexDEW (Davies, activity=DEW)",0.4357497487266381,0.0
DEW,isobar,5.0,685.0,0.4438828577595962,"PerplexDEW (Davies, activity=DEW)",0.4438828577595962,0.0
DEW,isobar,5.0,688.3333333333334,0.4521217477487841,"PerplexDEW (Davies, activity=DEW)",0.4521217477487841,0.0
DEW,isobar,5.0,691.6666666666667,0.4604672559833282,"PerplexDEW (Davies, activity=DEW)",0.4604672559833282,0.0
DEW,isobar,5.0,695.0,0.4689203773884072,"PerplexDEW (Davies, activity=DEW)",0.4689203773884072,0.0
DEW,isobar,5.0,698.3333333333334,0.4774822106257566,"PerplexDEW (Davies, activity=DEW)",0.4774822106257566,0.0
DEW,isobar,5.0,701.6666666666667,0.4861536021768487,"PerplexDEW (Davies, activity=DEW)",0.4861536021768487,0.0
DEW,isobar,5.0,705.0,0.4949357138199382,"PerplexDEW (Davies, activity=DEW)",0.4949357138199382,0.0
DEW,isobar,5.0,708.3333333333334,0.5038295983658784,"PerplexDEW (Davies, activity=DEW)",0.5038295983658784,0.0
DEW,isobar,5.0,711.6666666666667,0.5128364196353783,"PerplexDEW (Davies, activity=DEW)",0.5128364196353783,0.0
DEW,isobar,5.0,715.0,0.5219573025882114,"PerplexDEW (Davies, activity=DEW)",0.5219573025882114,0.0
DEW,isobar,5.0,718.3333333333334,0.5311934083043066,"PerplexDEW (Davies, activity=DEW)",0.5311934083043066,0.0
DEW,isobar,5.0,721.6666666666667,0.5405460199794501,"PerplexDEW (Davies, activity=DEW)",0.5405460199794501,0.0
DEW,isobar,5.0,725.0,0.5500164684402271,"PerplexDEW (Davies, activity=DEW)",0.5500164684402271,0.0
DEW,isobar,5.0,728.3333333333334,0.5596059580479128,"PerplexDEW (Davies, activity=DEW)",0.5596059580479128,0.0
DEW,isobar,5.0,731.6666666666667,0.5693159095326884,"PerplexDEW (Davies, activity=DEW)",0.5693159095326884,0.0
DEW,isobar,5.0,735.0,0.5791477978730677,"PerplexDEW (Davies, activity=DEW)",0.5791477978730677,0.0
DEW,isobar,5.0,738.3333333333334,0.5891030602552022,"PerplexDEW (Davies, activity=DEW)",0.5891030602552022,0.0
DEW,isobar,5.0,741.6666666666667,0.5991831843616525,"PerplexDEW (Davies, activity=DEW)",0.5991831843616525,0.0
DEW,isobar,5.0,745.0,0.6093897105188975,"PerplexDEW (Davies, activity=DEW)",0.6093897105188975,0.0
DEW,isobar,5.0,748.3333333333334,0.6197244366399977,"PerplexDEW (Davies, activity=DEW)",0.6197244366399977,0.0
DEW,isobar,5.0,751.6666666666667,0.6301888217538678,"PerplexDEW (Davies, activity=DEW)",0.6301888217538678,0.0
DEW,isobar,5.0,755.0,0.6407848964226663,"PerplexDEW (Davies, activity=DEW)",0.6407848964226663,0.0
DEW,isobar,5.0,758.3333333333334,0.6515142394683172,"PerplexDEW (Davies, activity=DEW)",0.6515142394683172,0.0
DEW,isobar,5.0,761.6666666666667,0.6623789203984579,"PerplexDEW (Davies, activity=DEW)",0.6623789203984579,0.0
DEW,isobar,5.0,765.0,0.67338075143682,"PerplexDEW (Davies, activity=DEW)",0.67338075143682,0.0
DEW,isobar,5.0,768.3333333333334,0.684521726336752,"PerplexDEW (Davies, activity=DEW)",0.684521726336752,0.0
DEW,isobar,5.0,771.6666666666667,0.6958042657529189,"PerplexDEW (Davies, activity=DEW)",0.6958042657529189,0.0
DEW,isobar,5.0,775.0,0.7072301673171658,"PerplexDEW (Davies, activity=DEW)",0.7072301673171658,0.0
DEW,isobar,5.0,778.3333333333334,0.7188018983552099,"PerplexDEW (Davies, activity=DEW)",0.7188018983552099,0.0
DEW,isobar,5.0,781.6666666666667,0.7305217745349128,"PerplexDEW (Davies, activity=DEW)",0.7305217745349128,0.0
DEW,isobar,5.0,785.0,0.7423920647449752,"PerplexDEW (Davies, activity=DEW)",0.7423920647449752,0.0
DEW,isobar,5.0,788.3333333333334,0.7544156497210972,"PerplexDEW (Davies, activity=DEW)",0.7544156497210972,0.0
DEW,isobar,5.0,791.6666666666667,0.7665947136024109,"PerplexDEW (Davies, activity=DEW)",0.7665947136024109,0.0
DEW,isobar,5.0,795.0,0.7789323400787682,"PerplexDEW (Davies, activity=DEW)",0.7789323400787682,0.0
DEW,isobar,5.0,798.3333333333334,0.7914310283566712,"PerplexDEW (Davies, activity=DEW)",0.7914310283566712,0.0
DEW,isobar,5.0,801.6666666666667,0.8040939413341306,"PerplexDEW (Davies, activity=DEW)",0.8040939413341306,0.0
DEW,isobar,5.0,805.0,0.8169239194349012,"PerplexDEW (Davies, activity=DEW)",0.8169239194349012,0.0
DEW,isobar,5.0,808.3333333333334,0.8299242057264608,"PerplexDEW (Davies, activity=DEW)",0.8299242057264608,0.0
DEW,isobar,5.0,811.6666666666667,0.8430978508323089,"PerplexDEW (Davies, activity=DEW)",0.8430978508323089,0.0
DEW,isobar,5.0,815.0,0.8564483295522445,"PerplexDEW (Davies, activity=DEW)",0.8564483295522445,0.0
DEW,isobar,6.5,750.0,0.7351619732252105,"PerplexDEW (Davies, activity=DEW)",0.7351619732252105,0.0
DEW,isobar,6.5,751.010101010101,0.7391650526521478,"PerplexDEW (Davies, activity=DEW)",0.7391650526521478,0.0
DEW,isobar,6.5,752.020202020202,0.7431867735031796,"PerplexDEW (Davies, activity=DEW)",0.7431867735031796,0.0
DEW,isobar,6.5,753.030303030303,0.7472272606872897,"PerplexDEW (Davies, activity=DEW)",0.7472272606872897,0.0
DEW,isobar,6.5,754.040404040404,0.7512866374928415,"PerplexDEW (Davies, activity=DEW)",0.7512866374928415,0.0
DEW,isobar,6.5,755.0505050505051,0.7553650288184598,"PerplexDEW (Davies, activity=DEW)",0.7553650288184598,0.0
DEW,isobar,6.5,756.060606060606,0.7594626693780282,"PerplexDEW (Davies, activity=DEW)",0.7594626693780282,0.0
DEW,isobar,6.5,757.070707070707,0.7635794718230788,"PerplexDEW (Davies, activity=DEW)",0.7635794718230788,0.0
DEW,isobar,6.5,758.0808080808081,0.7677157832298294,"PerplexDEW (Davies, activity=DEW)",0.7677157832298294,0.0
DEW,isobar,6.5,759.0909090909091,0.7718716269942386,"PerplexDEW (Davies, activity=DEW)",0.7718716269942386,0.0
DEW,isobar,6.5,760.10101010101,0.7760471364157688,"PerplexDEW (Davies, activity=DEW)",0.7760471364157688,0.0
DEW,isobar,6.5,761.1111111111111,0.7802425589720905,"PerplexDEW (Davies, activity=DEW)",0.7802425589720905,0.0
DEW,isobar,6.5,762.1212121212121,0.7844578074732802,"PerplexDEW (Davies, activity=DEW)",0.7844578074732802,0.0
DEW,isobar,6.5,763.1313131313132,0.7886932462768803,"PerplexDEW (Davies, activity=DEW)",0.7886932462768803,0.0
DEW,isobar,6.5,764.1414141414141,0.792948903378827,"PerplexDEW (Davies, activity=DEW)",0.792948903378827,0.0
DEW,isobar,6.5,765.1515151515151,0.7972249210460671,"PerplexDEW (Davies, activity=DEW)",0.7972249210460671,0.0
DEW,isobar,6.5,766.1616161616162,0.8015214434044602,"PerplexDEW (Davies, activity=DEW)",0.8015214434044602,0.0
DEW,isobar,6.5,767.1717171717172,0.8058387342690793,"PerplexDEW (Davies, activity=DEW)",0.8058387342690793,0.0
DEW,isobar,6.5,768.1818181818181,0.8101768255990116,"PerplexDEW (Davies, activity=DEW)",0.8101768255990116,0.0
DEW,isobar,6.5,769.1919191919192,0.8145358672677279,"PerplexDEW (Davies, activity=DEW)",0.8145358672677279,0.0
DEW,isobar,6.5,770.2020202020202,0.8189160111047729,"PerplexDEW (Davies, activity=DEW)",0.8189160111047729,0.0
DEW,isobar,6.5,771.2121212121212,0.8233175324810494,"PerplexDEW (Davies, activity=DEW)",0.8233175324810494,0.0
DEW,isobar,6.5,772.2222222222222,0.8277404675755441,"PerplexDEW (Davies, activity=DEW)",0.8277404675755441,0.0
DEW,isobar,6.5,773.2323232323232,0.8321849742647216,"PerplexDEW (Davies, activity=DEW)",0.8321849742647216,0.0
DEW,isobar,6.5,774.2424242424242,0.8366512124822567,"PerplexDEW (Davies, activity=DEW)",0.8366512124822567,0.0
DEW,isobar,6.5,775.2525252525253,0.841139469706801,"PerplexDEW (Davies, activity=DEW)",0.841139469706801,0.0
DEW,isobar,6.5,776.2626262626262,0.8456497866017758,"PerplexDEW (Davies, activity=DEW)",0.8456497866017758,0.0
DEW,isobar,6.5,777.2727272727273,0.8501823294587484,"PerplexDEW (Davies, activity=DEW)",0.8501823294587484,0.0
DEW,isobar,6.5,778.2828282828283,0.8547372667318077,"PerplexDEW (Davies, activity=DEW)",0.8547372667318077,0.0
DEW,isobar,6.5,779.2929292929293,0.8593148985827417,"PerplexDEW (Davies, activity=DEW)",0.8593148985827417,0.0
DEW,isobar,6.5,780.3030303030303,0.8639152704322149,"PerplexDEW (Davies, activity=DEW)",0.8639152704322149,0.0
DEW,isobar,6.5,781.3131313131313,0.8685385574149797,"PerplexDEW (Davies, activity=DEW)",0.8685385574149797,0.0
DEW,isobar,6.5,782.3232323232323,0.8731850696059296,"PerplexDEW (Davies, activity=DEW)",0.8731850696059296,0.0
DEW,isobar,6.5,783.3333333333334,0.8778547224456548,"PerplexDEW (Davies, activity=DEW)",0.8778547224456548,0.0
DEW,isobar,6.5,784.3434343434343,0.8825480992187988,"PerplexDEW (Davies, activity=DEW)",0.8825480992187988,0.0
DEW,isobar,6.5,785.3535353535353,0.887264983129787,"PerplexDEW (Davies, activity=DEW)",0.887264983129787,0.0
DEW,isobar,6.5,786.3636363636364,0.8920058317443328,"PerplexDEW (Davies, activity=DEW)",0.8920058317443328,0.0
DEW,isobar,6.5,787.3737373737374,0.8967706994964386,"PerplexDEW (Davies, activity=DEW)",0.8967706994964386,0.0
DEW,isobar,6.5,788.3838383838383,0.9015597780852423,"PerplexDEW (Davies, activity=DEW)",0.9015597780852423,0.0
DEW,isobar,6.5,789.3939393939394,0.9063734020817652,"PerplexDEW (Davies, activity=DEW)",0.9063734020817652,0.0
DEW,isobar,6.5,790.4040404040404,0.9112116300621368,"PerplexDEW (Davies, activity=DEW)",0.9112116300621368,0.0
DEW,isobar,6.5,791.4141414141415,0.9160748039803596,"PerplexDEW (Davies, activity=DEW)",0.9160748039803596,0.0
DEW,isobar,6.5,792.4242424242424,0.9209628413950706,"PerplexDEW (Davies, activity=DEW)",0.9209628413950706,0.0
DEW,isobar,6.5,793.4343434343434,0.9258762333271108,"PerplexDEW (Davies, activity=DEW)",0.9258762333271108,0.0
DEW,isobar,6.5,794.4444444444445,0.9308151903978178,"PerplexDEW (Davies, activity=DEW)",0.9308151903978178,0.0
DEW,isobar,6.5,795.4545454545455,0.9357796309967538,"PerplexDEW (Davies, activity=DEW)",0.9357796309967538,0.0
DEW,isobar,6.5,796.4646464646464,0.9407702100123632,"PerplexDEW (Davies, activity=DEW)",0.9407702100123632,0.0
DEW,isobar,6.5,797.4747474747475,0.9457867001646788,"PerplexDEW (Davies, activity=DEW)",0.9457867001646788,0.0
DEW,isobar,6.5,798.4848484848485,0.9508296180435252,"PerplexDEW (Davies, activity=DEW)",0.9508296180435252,0.0
DEW,isobar,6.5,799.4949494949495,0.9558990356828438,"PerplexDEW (Davies, activity=DEW)",0.9558990356828438,0.0
DEW,isobar,6.5,800.5050505050505,0.960995176639372,"PerplexDEW (Davies, activity=DEW)",0.960995176639372,0.0
DEW,isobar,6.5,801.5151515151515,0.9661184223423938,"PerplexDEW (Davies, activity=DEW)",0.9661184223423938,0.0
DEW,isobar,6.5,802.5252525252525,0.971268849666778,"PerplexDEW (Davies, activity=DEW)",0.971268849666778,0.0
DEW,isobar,6.5,803.5353535353536,0.9764468485054923,"PerplexDEW (Davies, activity=DEW)",0.9764468485054923,0.0
DEW,isobar,6.5,804.5454545454545,0.981652499076066,"PerplexDEW (Davies, activity=DEW)",0.981652499076066,0.0
DEW,isobar,6.5,805.5555555555555,0.9868860396041764,"PerplexDEW (Davies, activity=DEW)",0.9868860396041764,0.0
DEW,isobar,6.5,806.5656565656566,0.9921478730216272,"PerplexDEW (Davies, activity=DEW)",0.9921478730216272,0.0
DEW,isobar,6.5,807.5757575757576,0.9974380846935382,"PerplexDEW (Davies, activity=DEW)",0.9974380846935382,0.0
DEW,isobar,6.5,808.5858585858585,1.0027570865074966,"PerplexDEW (Davies, activity=DEW)",1.0027570865074966,0.0
DEW,isobar,6.5,809.5959595959596,1.0081049673799356,"PerplexDEW (Davies, activity=DEW)",1.0081049673799356,0.0
DEW,isobar,6.5,810.6060606060606,1.0134819810748166,"PerplexDEW (Davies, activity=DEW)",1.0134819810748166,0.0
DEW,isobar,6.5,811.6161616161617,1.0188885532745149,"PerplexDEW (Davies, activity=DEW)",1.0188885532745149,0.0
DEW,isobar,6.5,812.6262626262626,1.0243247783586682,"PerplexDEW (Davies, activity=DEW)",1.0243247783586682,0.0
DEW,isobar,6.5,813.6363636363636,1.0297909198384003,"PerplexDEW (Davies, activity=DEW)",1.0297909198384003,0.0
DEW,isobar,6.5,814.6464646464647,1.0352874176627842,"PerplexDEW (Davies, activity=DEW)",1.0352874176627842,0.0
DEW,isobar,6.5,815.6565656565657,1.040814546501503,"PerplexDEW (Davies, activity=DEW)",1.040814546501503,0.0
DEW,isobar,6.5,816.6666666666666,1.046372232199446,"PerplexDEW (Davies, activity=DEW)",1.046372232199446,0.0
DEW,isobar,6.5,817.6767676767677,1.0519611025905866,"PerplexDEW (Davies, activity=DEW)",1.0519611025905866,0.0
DEW,isobar,6.5,818.6868686868687,1.057581442806849,"PerplexDEW (Davies, activity=DEW)",1.057581442806849,0.0
DEW,isobar,6.5,819.6969696969697,1.0632333607660462,"PerplexDEW (Davies, activity=DEW)",1.0632333607660462,0.0
DEW,isobar,6.5,820.7070707070707,1.0689171440756806,"PerplexDEW (Davies, activity=DEW)",1.0689171440756806,0.0
DEW,isobar,6.5,821.7171717171717,1.074633267930125,"PerplexDEW (Davies, activity=DEW)",1.074633267930125,0.0
DEW,isobar,6.5,822.7272727272727,1.080381846366422,"PerplexDEW (Davies, activity=DEW)",1.080381846366422,0.0
DEW,isobar,6.5,823.7373737373738,1.0861633651727385,"PerplexDEW (Davies, activity=DEW)",1.0861633651727385,0.0
DEW,isobar,6.5,824.7474747474747,1.0919779425966183,"PerplexDEW (Davies, activity=DEW)",1.0919779425966183,0.0
DEW,isobar,6.5,825.7575757575758,1.0978260752583835,"PerplexDEW (Davies, activity=DEW)",1.0978260752583835,0.0
DEW,isobar,6.5,826.7676767676768,1.10370769338252,"PerplexDEW (Davies, activity=DEW)",1.10370769338252,0.0
DEW,isobar,6.5,827.7777777777778,1.1096236875959289,"PerplexDEW (Davies, activity=DEW)",1.1096236875959289,0.0
DEW,isobar,6.5,828.7878787878788,1.1155739942187686,"PerplexDEW (Davies, activity=DEW)",1.1155739942187686,0.0
DEW,isobar,6.5,829.7979797979798,1.1215589347243295,"PerplexDEW (Davies, activity=DEW)",1.1215589347243295,0.0
DEW,isobar,6.5,830.8080808080808,1.1275790338592024,"PerplexDEW (Davies, activity=DEW)",1.1275790338592024,0.0
DEW,isobar,6.5,831.8181818181819,1.133634425305463,"PerplexDEW (Davies, activity=DEW)",1.133634425305463,0.0
DEW,isobar,6.5,832.8282828282828,1.1397256455155294,"PerplexDEW (Davies, activity=DEW)",1.1397256455155294,0.0
DEW,isobar,6.5,833.8383838383838,1.1458528328006516,"PerplexDEW (Davies, activity=DEW)",1.1458528328006516,0.0
DEW,isobar,6.5,834.8484848484849,1.152016328919661,"PerplexDEW (Davies, activity=DEW)",1.152016328919661,0.0
DEW,isobar,6.5,835.8585858585859,1.1582166883428031,"PerplexDEW (Davies, activity=DEW)",1.1582166883428031,0.0
DEW,isobar,6.5,836.8686868686868,1.1644542669281603,"PerplexDEW (Davies, activity=DEW)",1.1644542669281603,0.0
DEW,isobar,6.5,837.8787878787879,1.1707292125320683,"PerplexDEW (Davies, activity=DEW)",1.1707292125320683,0.0
DEW,isobar,6.5,838.8888888888889,1.1770418839713226,"PerplexDEW (Davies, activity=DEW)",1.1770418839713226,0.0
DEW,isobar,6.5,839.89898989899,1.18339286072896,"PerplexDEW (Davies, activity=DEW)",1.18339286072896,0.0
DEW,isobar,6.5,840.9090909090909,1.1897822980388333,"PerplexDEW (Davies, activity=DEW)",1.1897822980388333,0.0
DEW,isobar,6.5,841.9191919191919,1.1962107883090147,"PerplexDEW (Davies, activity=DEW)",1.1962107883090147,0.0
DEW,isobar,6.5,842.929292929293,1.2026784918357492,"PerplexDEW (Davies, activity=DEW)",1.2026784918357492,0.0
DEW,isobar,6.5,843.939393939394,1.2091860142388056,"PerplexDEW (Davies, activity=DEW)",1.2091860142388056,0.0
DEW,isobar,6.5,844.9494949494949,1.2157335209755415,"PerplexDEW (Davies, activity=DEW)",1.2157335209755415,0.0
DEW,isobar,6.5,845.959595959596,1.2223216311701552,"PerplexDEW (Davies, activity=DEW)",1.2223216311701552,0.0
DEW,isobar,6.5,846.969696969697,1.228950515539789,"PerplexDEW (Davies, activity=DEW)",1.228950515539789,0.0
DEW,isobar,6.5,847.9797979797979,1.235620573998074,"PerplexDEW (Davies, activity=DEW)",1.235620573998074,0.0
DEW,isobar,6.5,848.989898989899,1.242332446448872,"PerplexDEW (Davies, activity=DEW)",1.242332446448872,0.0
DEW,isobar,6.5,850.0,1.2490865490880556,"PerplexDEW (Davies, activity=DEW)",1.2490865490880556,0.0
DEW,isobar,7.0,650.0,0.4316753457724009,"PerplexDEW (Davies, activity=DEW)",0.4316753457724009,0.0
DEW,isobar,7.0,651.010101010101,0.434363426891762,"PerplexDEW (Davies, activity=DEW)",0.434363426891762,0.0
DEW,isobar,7.0,652.020202020202,0.4370640514016377,"PerplexDEW (Davies, activity=DEW)",0.4370640514016377,0.0
DEW,isobar,7.0,653.030303030303,0.4397771652165196,"PerplexDEW (Davies, activity=DEW)",0.4397771652165196,0.0
DEW,isobar,7.0,654.040404040404,0.4425029143070181,"PerplexDEW (Davies, activity=DEW)",0.4425029143070181,0.0
DEW,isobar,7.0,655.0505050505051,0.4452412947199383,"PerplexDEW (Davies, activity=DEW)",0.4452412947199383,0.0
DEW,isobar,7.0,656.060606060606,0.4479923528974711,"PerplexDEW (Davies, activity=DEW)",0.4479923528974711,0.0
DEW,isobar,7.0,657.070707070707,0.450756135700914,"PerplexDEW (Davies, activity=DEW)",0.450756135700914,0.0
DEW,isobar,7.0,658.0808080808081,0.4535326904189266,"PerplexDEW (Davies, activity=DEW)",0.4535326904189266,0.0
DEW,isobar,7.0,659.0909090909091,0.4563220911122233,"PerplexDEW (Davies, activity=DEW)",0.4563220911122233,0.0
DEW,isobar,7.0,660.10101010101,0.4591243600078614,"PerplexDEW (Davies, activity=DEW)",0.4591243600078614,0.0
DEW,isobar,7.0,661.1111111111111,0.4619395724639806,"PerplexDEW (Davies, activity=DEW)",0.4619395724639806,0.0
DEW,isobar,7.0,662.1212121212121,0.4647677243028975,"PerplexDEW (Davies, activity=DEW)",0.4647677243028975,0.0
DEW,isobar,7.0,663.1313131313132,0.4676089187504112,"PerplexDEW (Davies, activity=DEW)",0.4676089187504112,0.0
DEW,isobar,7.0,664.1414141414141,0.4704632064526921,"PerplexDEW (Davies, activity=DEW)",0.4704632064526921,0.0
DEW,isobar,7.0,665.1515151515151,0.4733305834698365,"PerplexDEW (Davies, activity=DEW)",0.4733305834698365,0.0
DEW,isobar,7.0,666.1616161616162,0.4762111834594649,"PerplexDEW (Davies, activity=DEW)",0.4762111834594649,0.0
DEW,isobar,7.0,667.1717171717172,0.4791050032912508,"PerplexDEW (Davies, activity=DEW)",0.4791050032912508,0.0
DEW,isobar,7.0,668.1818181818181,0.4820120950263923,"PerplexDEW (Davies, activity=DEW)",0.4820120950263923,0.0
DEW,isobar,7.0,669.1919191919192,0.4849325112527701,"PerplexDEW (Davies, activity=DEW)",0.4849325112527701,0.0
DEW,isobar,7.0,670.2020202020202,0.4878663622664138,"PerplexDEW (Davies, activity=DEW)",0.4878663622664138,0.0
DEW,isobar,7.0,671.2121212121212,0.4908135878213907,"PerplexDEW (Davies, activity=DEW)",0.4908135878213907,0.0
DEW,isobar,7.0,672.2222222222222,0.4937743859349723,"PerplexDEW (Davies, activity=DEW)",0.4937743859349723,0.0
DEW,isobar,7.0,673.2323232323232,0.4967487256575528,"PerplexDEW (Davies, activity=DEW)",0.4967487256575528,0.0
DEW,isobar,7.0,674.2424242424242,0.4997366329259474,"PerplexDEW (Davies, activity=DEW)",0.4997366329259474,0.0
DEW,isobar,7.0,675.2525252525253,0.5027382520579732,"PerplexDEW (Davies, activity=DEW)",0.5027382520579732,0.0
DEW,isobar,7.0,676.2626262626262,0.5057536409468331,"PerplexDEW (Davies, activity=DEW)",0.5057536409468331,0.0
DEW,isobar,7.0,677.2727272727273,0.5087827376676277,"PerplexDEW (Davies, activity=DEW)",0.5087827376676277,0.0
DEW,isobar,7.0,678.2828282828283,0.5118257200336358,"PerplexDEW (Davies, activity=DEW)",0.5118257200336358,0.0
DEW,isobar,7.0,679.2929292929293,0.5148825867138282,"PerplexDEW (Davies, activity=DEW)",0.5148825867138282,0.0
DEW,isobar,7.0,680.3030303030303,0.5179534583768556,"PerplexDEW (Davies, activity=DEW)",0.5179534583768556,0.0
DEW,isobar,7.0,681.3131313131313,0.521038303085791,"PerplexDEW (Davies, activity=DEW)",0.521038303085791,0.0
DEW,isobar,7.0,682.3232323232323,0.5241372743166434,"PerplexDEW (Davies, activity=DEW)",0.5241372743166434,0.0
DEW,isobar,7.0,683.3333333333334,0.5272503401102209,"PerplexDEW (Davies, activity=DEW)",0.5272503401102209,0.0
DEW,isobar,7.0,684.3434343434343,0.5303776567056482,"PerplexDEW (Davies, activity=DEW)",0.5303776567056482,0.0
DEW,isobar,7.0,685.3535353535353,0.5335192241019745,"PerplexDEW (Davies, activity=DEW)",0.5335192241019745,0.0
DEW,isobar,7.0,686.3636363636364,0.5366751698932787,"PerplexDEW (Davies, activity=DEW)",0.5366751698932787,0.0
DEW,isobar,7.0,687.3737373737374,0.5398454945951274,"PerplexDEW (Davies, activity=DEW)",0.5398454945951274,0.0
DEW,isobar,7.0,688.3838383838383,0.5430303282395101,"PerplexDEW (Davies, activity=DEW)",0.5430303282395101,0.0
DEW,isobar,7.0,689.3939393939394,0.5462296060648995,"PerplexDEW (Davies, activity=DEW)",0.5462296060648995,0.0
DEW,isobar,7.0,690.4040404040404,0.5494435917775026,"PerplexDEW (Davies, activity=DEW)",0.5494435917775026,0.0
DEW,isobar,7.0,691.4141414141415,0.5526721548789054,"PerplexDEW (Davies, activity=DEW)",0.5526721548789054,0.0
DEW,isobar,7.0,692.4242424242424,0.5559154962949641,"PerplexDEW (Davies, activity=DEW)",0.5559154962949641,0.0
DEW,isobar,7.0,693.4343434343434,0.5591736861175512,"PerplexDEW (Davies, activity=DEW)",0.5591736861175512,0.0
DEW,isobar,7.0,694.4444444444445,0.5624467269604687,"PerplexDEW (Davies, activity=DEW)",0.5624467269604687,0.0
DEW,isobar,7.0,695.4545454545455,0.5657346890837154,"PerplexDEW (Davies, activity=DEW)",0.5657346890837154,0.0
DEW,isobar,7.0,696.4646464646464,0.5690377129335689,"PerplexDEW (Davies, activity=DEW)",0.5690377129335689,0.0
DEW,isobar,7.0,697.4747474747475,0.5723558720260803,"PerplexDEW (Davies, activity=DEW)",0.5723558720260803,0.0
DEW,isobar,7.0,698.4848484848485,0.5756891352075653,"PerplexDEW (Davies, activity=DEW)",0.5756891352075653,0.0
DEW,isobar,7.0,699.4949494949495,0.5790376817976403,"PerplexDEW (Davies, activity=DEW)",0.5790376817976403,0.0
DEW,isobar,7.0,700.5050505050505,0.5824015523162709,"PerplexDEW (Davies, activity=DEW)",0.5824015523162709,0.0
DEW,isobar,7.0,701.5151515151515,0.5857807871599908,"PerplexDEW (Davies, activity=DEW)",0.5857807871599908,0.0
DEW,isobar,7.0,702.5252525252525,0.5891755353507137,"PerplexDEW (Davies, activity=DEW)",0.5891755353507137,0.0
DEW,isobar,7.0,703.5353535353536,0.592585802936259,"PerplexDEW (Davies, activity=DEW)",0.592585802936259,0.0
DEW,isobar,7.0,704.5454545454545,0.5960117419509383,"PerplexDEW (Davies, activity=DEW)",0.5960117419509383,0.0
DEW,isobar,7.0,705.5555555555555,0.5994533593287238,"PerplexDEW (Davies, activity=DEW)",0.5994533593287238,0.0
DEW,isobar,7.0,706.5656565656566,0.602910810196398,"PerplexDEW (Davies, activity=DEW)",0.602910810196398,0.0
DEW,isobar,7.0,707.5757575757576,0.6063841024209685,"PerplexDEW (Davies, activity=DEW)",0.6063841024209685,0.0
DEW,isobar,7.0,708.5858585858585,0.6098733943038888,"PerplexDEW (Davies, activity=DEW)",0.6098733943038888,0.0
DEW,isobar,7.0,709.5959595959596,0.6133787710776829,"PerplexDEW (Davies, activity=DEW)",0.6133787710776829,0.0
DEW,isobar,7.0,710.6060606060606,0.6169002421059708,"PerplexDEW (Davies, activity=DEW)",0.6169002421059708,0.0
DEW,isobar,7.0,711.6161616161617,0.6204379706175274,"PerplexDEW (Davies, activity=DEW)",0.6204379706175274,0.0
DEW,isobar,7.0,712.6262626262626,0.6239919670316373,"PerplexDEW (Davies, activity=DEW)",0.6239919670316373,0.0
DEW,isobar,7.0,713.6363636363636,0.6275623979661311,"PerplexDEW (Davies, activity=DEW)",0.6275623979661311,0.0
DEW,isobar,7.0,714.6464646464647,0.6311492749468902,"PerplexDEW (Davies, activity=DEW)",0.6311492749468902,0.0
DEW,isobar,7.0,715.6565656565657,0.6347527680701776,"PerplexDEW (Davies, activity=DEW)",0.6347527680701776,0.0
DEW,isobar,7.0,716.6666666666666,0.6383728900209116,"PerplexDEW (Davies, activity=DEW)",0.6383728900209116,0.0
DEW,isobar,7.0,717.6767676767677,0.6420098955611927,"PerplexDEW (Davies, activity=DEW)",0.6420098955611927,0.0
DEW,isobar,7.0,718.6868686868687,0.6456636370077073,"PerplexDEW (Davies, activity=DEW)",0.6456636370077073,0.0
DEW,isobar,7.0,719.6969696969697,0.6493344545031114,"PerplexDEW (Davies, activity=DEW)",0.6493344545031114,0.0
DEW,isobar,7.0,720.7070707070707,0.6530222821321731,"PerplexDEW (Davies, activity=DEW)",0.6530222821321731,0.0
DEW,isobar,7.0,721.7171717171717,0.6567272174297043,"PerplexDEW (Davies, activity=DEW)",0.6567272174297043,0.0
DEW,isobar,7.0,722.7272727272727,0.6604495276113406,"PerplexDEW (Davies, activity=DEW)",0.6604495276113406,0.0
DEW,isobar,7.0,723.7373737373738,0.6641891469299701,"PerplexDEW (Davies, activity=DEW)",0.6641891469299701,0.0
DEW,isobar,7.0,724.7474747474747,0.6679461768428391,"PerplexDEW (Davies, activity=DEW)",0.6679461768428391,0.0
DEW,isobar,7.0,725.7575757575758,0.671720806272252,"PerplexDEW (Davies, activity=DEW)",0.671720806272252,0.0
DEW,isobar,7.0,726.7676767676768,0.6755131413281145,"PerplexDEW (Davies, activity=DEW)",0.6755131413281145,0.0
DEW,isobar,7.0,727.7777777777778,0.6793232895306194,"PerplexDEW (Davies, activity=DEW)",0.6793232895306194,0.0
DEW,isobar,7.0,728.7878787878788,0.6831512717260025,"PerplexDEW (Davies, activity=DEW)",0.6831512717260025,0.0
DEW,isobar,7.0,729.7979797979798,0.6869972850831821,"PerplexDEW (Davies, activity=DEW)",0.6869972850831821,0.0
DEW,isobar,7.0,730.8080808080808,0.6908614414635245,"PerplexDEW (Davies, activity=DEW)",0.6908614414635245,0.0
DEW,isobar,7.0,731.8181818181819,0.694743764090692,"PerplexDEW (Davies, activity=DEW)",0.694743764090692,0.0
DEW,isobar,7.0,732.8282828282828,0.6986444565978719,"PerplexDEW (Davies, activity=DEW)",0.6986444565978719,0.0
DEW,isobar,7.0,733.8383838383838,0.7025636353830765,"PerplexDEW (Davies, activity=DEW)",0.7025636353830765,0.0
DEW,isobar,7.0,734.8484848484849,0.7065013261915029,"PerplexDEW (Davies, activity=DEW)",0.7065013261915029,0.0
DEW,isobar,7.0,735.8585858585859,0.7104577393730517,"PerplexDEW (Davies, activity=DEW)",0.7104577393730517,0.0
DEW,isobar,7.0,736.8686868686868,0.7144329960646226,"PerplexDEW (Davies, activity=DEW)",0.7144329960646226,0.0
DEW,isobar,7.0,737.8787878787879,0.7184271246822089,"PerplexDEW (Davies, activity=DEW)",0.7184271246822089,0.0
DEW,isobar,7.0,738.8888888888889,0.7224404376319062,"PerplexDEW (Davies, activity=DEW)",0.7224404376319062,0.0
DEW,isobar,7.0,739.89898989899,0.7264728715739653,"PerplexDEW (Davies, activity=DEW)",0.7264728715739653,0.0
DEW,isobar,7.0,740.9090909090909,0.7305245521020591,"PerplexDEW (Davies, activity=DEW)",0.7305245521020591,0.0
DEW,isobar,7.0,741.9191919191919,0.7345958010861525,"PerplexDEW (Davies, activity=DEW)",0.7345958010861525,0.0
DEW,isobar,7.0,742.929292929293,0.7386865559407926,"PerplexDEW (Davies, activity=DEW)",0.7386865559407926,0.0
DEW,isobar,7.0,743.939393939394,0.7427970462430896,"PerplexDEW (Davies, activity=DEW)",0.7427970462430896,0.0
DEW,isobar,7.0,744.9494949494949,0.7469274068244934,"PerplexDEW (Davies, activity=DEW)",0.7469274068244934,0.0
DEW,isobar,7.0,745.959595959596,0.7510777743453967,"PerplexDEW (Davies, activity=DEW)",0.7510777743453967,0.0
DEW,isobar,7.0,746.969696969697,0.7552481861981938,"PerplexDEW (Davies, activity=DEW)",0.7552481861981938,0.0
DEW,isobar,7.0,747.9797979797979,0.7594388823276423,"PerplexDEW (Davies, activity=DEW)",0.7594388823276423,0.0
DEW,isobar,7.0,748.989898989899,0.7636500050153326,"PerplexDEW (Davies, activity=DEW)",0.7636500050153326,0.0
DEW,isobar,7.0,750.0,0.7678816984768548,"PerplexDEW (Davies, activity=DEW)",0.7678816984768548,0.0
DEW,isobar,7.5,485.0,0.1373287377081999,"PerplexDEW (Davies, activity=DEW)",0.1373287377081999,0.0
DEW,isobar,7.5,488.3333333333333,0.1411526047864323,"PerplexDEW (Davies, activity=DEW)",0.1411526047864323,0.0
DEW,isobar,7.5,491.6666666666667,0.1450583544915372,"PerplexDEW (Davies, activity=DEW)",0.1450583544915372,0.0
DEW,isobar,7.5,495.0,0.1490470951972048,"PerplexDEW (Davies, activity=DEW)",0.1490470951972048,0.0
DEW,isobar,7.5,498.3333333333333,0.1531199169776908,"PerplexDEW (Davies, activity=DEW)",0.1531199169776908,0.0
DEW,isobar,7.5,501.6666666666667,0.1572779470991882,"PerplexDEW (Davies, activity=DEW)",0.1572779470991882,0.0
DEW,isobar,7.5,505.0,0.1615222795564695,"PerplexDEW (Davies, activity=DEW)",0.1615222795564695,0.0
DEW,isobar,7.5,508.3333333333333,0.1658540320600122,"PerplexDEW (Davies, activity=DEW)",0.1658540320600122,0.0
DEW,isobar,7.5,511.6666666666667,0.1702743172351927,"PerplexDEW (Davies, activity=DEW)",0.1702743172351927,0.0
DEW,isobar,7.5,515.0,0.1747842498030719,"PerplexDEW (Davies, activity=DEW)",0.1747842498030719,0.0
DEW,isobar,7.5,518.3333333333334,0.1793849637142421,"PerplexDEW (Davies, activity=DEW)",0.1793849637142421,0.0
DEW,isobar,7.5,521.6666666666666,0.1840775532090297,"PerplexDEW (Davies, activity=DEW)",0.1840775532090297,0.0
DEW,isobar,7.5,525.0,0.1888631570894802,"PerplexDEW (Davies, activity=DEW)",0.1888631570894802,0.0
DEW,isobar,7.5,528.3333333333334,0.1937429000817884,"PerplexDEW (Davies, activity=DEW)",0.1937429000817884,0.0
DEW,isobar,7.5,531.6666666666666,0.1987179095905112,"PerplexDEW (Davies, activity=DEW)",0.1987179095905112,0.0
DEW,isobar,7.5,535.0,0.2037893060375184,"PerplexDEW (Davies, activity=DEW)",0.2037893060375184,0.0
DEW,isobar,7.5,538.3333333333334,0.2089582422550579,"PerplexDEW (Davies, activity=DEW)",0.2089582422550579,0.0
DEW,isobar,7.5,541.6666666666666,0.2142258350014168,"PerplexDEW (Davies, activity=DEW)",0.2142258350014168,0.0
DEW,isobar,7.5,545.0,0.2195932345837211,"PerplexDEW (Davies, activity=DEW)",0.2195932345837211,0.0
DEW,isobar,7.5,548.3333333333334,0.2250615854876273,"PerplexDEW (Davies, activity=DEW)",0.2250615854876273,0.0
DEW,isobar,7.5,551.6666666666666,0.2306320479758075,"PerplexDEW (Davies, activity=DEW)",0.2306320479758075,0.0
DEW,isobar,7.5,555.0,0.2363057651247062,"PerplexDEW (Davies, activity=DEW)",0.2363057651247062,0.0
DEW,isobar,7.5,558.3333333333334,0.2420838960966363,"PerplexDEW (Davies, activity=DEW)",0.2420838960966363,0.0
DEW,isobar,7.5,561.6666666666666,0.2479675936230582,"PerplexDEW (Davies, activity=DEW)",0.2479675936230582,0.0
DEW,isobar,7.5,565.0,0.2539580535400828,"PerplexDEW (Davies, activity=DEW)",0.2539580535400828,0.0
DEW,isobar,7.5,568.3333333333334,0.2600564295067771,"PerplexDEW (Davies, activity=DEW)",0.2600564295067771,0.0
DEW,isobar,7.5,571.6666666666666,0.2662639203091091,"PerplexDEW (Davies, activity=DEW)",0.2662639203091091,0.0
DEW,isobar,7.5,575.0,0.2725817210065352,"PerplexDEW (Davies, activity=DEW)",0.2725817210065352,0.0
DEW,isobar,7.5,578.3333333333334,0.2790110360854728,"PerplexDEW (Davies, activity=DEW)",0.2790110360854728,0.0
DEW,isobar,7.5,581.6666666666666,0.2855530803595698,"PerplexDEW (Davies, activity=DEW)",0.2855530803595698,0.0
DEW,isobar,7.5,585.0,0.2922090501960337,"PerplexDEW (Davies, activity=DEW)",0.2922090501960337,0.0
DEW,isobar,7.5,588.3333333333334,0.2989802122091541,"PerplexDEW (Davies, activity=DEW)",0.2989802122091541,0.0
DEW,isobar,7.5,591.6666666666666,0.3058678182809641,"PerplexDEW (Davies, activity=DEW)",0.3058678182809641,0.0
DEW,isobar,7.5,595.0,0.3128731027890692,"PerplexDEW (Davies, activity=DEW)",0.3128731027890692,0.0
DEW,isobar,7.5,598.3333333333334,0.3199973622482939,"PerplexDEW (Davies, activity=DEW)",0.3199973622482939,0.0
DEW,isobar,7.5,601.6666666666666,0.327241895215548,"PerplexDEW (Davies, activity=DEW)",0.327241895215548,0.0
DEW,isobar,7.5,605.0,0.3346080190438097,"PerplexDEW (Davies, activity=DEW)",0.3346080190438097,0.0
DEW,isobar,7.5,608.3333333333334,0.3420970357574672,"PerplexDEW (Davies, activity=DEW)",0.3420970357574672,0.0
DEW,isobar,7.5,611.6666666666666,0.3497103390036892,"PerplexDEW (Davies, activity=DEW)",0.3497103390036892,0.0
DEW,isobar,7.5,615.0,0.3574492935891223,"PerplexDEW (Davies, activity=DEW)",0.3574492935891223,0.0
DEW,isobar,7.5,618.3333333333334,0.3653152881510491,"PerplexDEW (Davies, activity=DEW)",0.3653152881510491,0.0
DEW,isobar,7.5,621.6666666666667,0.3733097766323433,"PerplexDEW (Davies, activity=DEW)",0.3733097766323433,0.0
DEW,isobar,7.5,625.0,0.3814342042660237,"PerplexDEW (Davies, activity=DEW)",0.3814342042660237,0.0
DEW,isobar,7.5,628.3333333333334,0.3896900463848958,"PerplexDEW (Davies, activity=DEW)",0.3896900463848958,0.0
DEW,isobar,7.5,631.6666666666667,0.3980788533932303,"PerplexDEW (Davies, activity=DEW)",0.3980788533932303,0.0
DEW,isobar,7.5,635.0,0.406602171126792,"PerplexDEW (Davies, activity=DEW)",0.406602171126792,0.0
DEW,isobar,7.5,638.3333333333334,0.4152616278576135,"PerplexDEW (Davies, activity=DEW)",0.4152616278576135,0.0
DEW,isobar,7.5,641.6666666666667,0.4240588277051034,"PerplexDEW (Davies, activity=DEW)",0.4240588277051034,0.0
DEW,isobar,7.5,645.0,0.4329954629784159,"PerplexDEW (Davies, activity=DEW)",0.4329954629784159,0.0
DEW,isobar,7.5,648.3333333333334,0.4420732746905405,"PerplexDEW (Davies, activity=DEW)",0.4420732746905405,0.0
DEW,isobar,7.5,651.6666666666667,0.4512940559149806,"PerplexDEW (Davies, activity=DEW)",0.4512940559149806,0.0
DEW,isobar,7.5,655.0,0.4606596299161382,"PerplexDEW (Davies, activity=DEW)",0.4606596299161382,0.0
DEW,isobar,7.5,658.3333333333334,0.4701719288239182,"PerplexDEW (Davies, activity=DEW)",0.4701719288239182,0.0
DEW,isobar,7.5,661.6666666666667,0.4798328437471356,"PerplexDEW (Davies, activity=DEW)",0.4798328437471356,0.0
DEW,isobar,7.5,665.0,0.4896444346127419,"PerplexDEW (Davies, activity=DEW)",0.4896444346127419,0.0
DEW,isobar,7.5,668.3333333333334,0.4996088355059963,"PerplexDEW (Davies, activity=DEW)",0.4996088355059963,0.0
DEW,isobar,7.5,671.6666666666667,0.5097281443864334,"PerplexDEW (Davies, activity=DEW)",0.5097281443864334,0.0
DEW,isobar,7.5,675.0,0.5200046494161729,"PerplexDEW (Davies, activity=DEW)",0.5200046494161729,0.0
DEW,isobar,7.5,678.3333333333334,0.5304406669469168,"PerplexDEW (Davies, activity=DEW)",0.5304406669469168,0.0
DEW,isobar,7.5,681.6666666666667,0.5410386632365785,"PerplexDEW (Davies, activity=DEW)",0.5410386632365785,0.0
DEW,isobar,7.5,685.0,0.5518011405891765,"PerplexDEW (Davies, activity=DEW)",0.5518011405891765,0.0
DEW,isobar,7.5,688.3333333333334,0.5627306354041032,"PerplexDEW (Davies, activity=DEW)",0.5627306354041032,0.0
DEW,isobar,7.5,691.6666666666667,0.5738299825463563,"PerplexDEW (Davies, activity=DEW)",0.5738299825463563,0.0
DEW,isobar,7.5,695.0,0.5851019360822538,"PerplexDEW (Davies, activity=DEW)",0.5851019360822538,0.0
DEW,isobar,7.5,698.3333333333334,0.5965495010715613,"PerplexDEW (Davies, activity=DEW)",0.5965495010715613,0.0
DEW,isobar,7.5,701.6666666666667,0.6081757061042287,"PerplexDEW (Davies, activity=DEW)",0.6081757061042287,0.0
DEW,isobar,7.5,705.0,0.6199838180265713,"PerplexDEW (Davies, activity=DEW)",0.6199838180265713,0.0
DEW,isobar,7.5,708.3333333333334,0.6319771742877915,"PerplexDEW (Davies, activity=DEW)",0.6319771742877915,0.0
DEW,isobar,7.5,711.6666666666667,0.6441592589162466,"PerplexDEW (Davies, activity=DEW)",0.6441592589162466,0.0
DEW,isobar,7.5,715.0,0.6565337501529527,"PerplexDEW (Davies, activity=DEW)",0.6565337501529527,0.0
DEW,isobar,7.5,718.3333333333334,0.6691044524902757,"PerplexDEW (Davies, activity=DEW)",0.6691044524902757,0.0
DEW,isobar,7.5,721.6666666666667,0.6818754255414592,"PerplexDEW (Davies, activity=DEW)",0.6818754255414592,0.0
DEW,isobar,7.5,725.0,0.6948507044535154,"PerplexDEW (Davies, activity=DEW)",0.6948507044535154,0.0
DEW,isobar,7.5,728.3333333333334,0.7080347649382759,"PerplexDEW (Davies, activity=DEW)",0.7080347649382759,0.0
DEW,isobar,7.5,731.6666666666667,0.721432161179528,"PerplexDEW (Davies, activity=DEW)",0.721432161179528,0.0
DEW,isobar,7.5,735.0,0.7350476597182186,"PerplexDEW (Davies, activity=DEW)",0.7350476597182186,0.0
DEW,isobar,7.5,738.3333333333334,0.7488862891607441,"PerplexDEW (Davies, activity=DEW)",0.7488862891607441,0.0
DEW,isobar,7.5,741.6666666666667,0.7629532283343914,"PerplexDEW (Davies, activity=DEW)",0.7629532283343914,0.0
DEW,isobar,7.5,745.0,0.7772540381143164,"PerplexDEW (Davies, activity=DEW)",0.7772540381143164,0.0
DEW,isobar,7.5,748.3333333333334,0.7917944452392385,"PerplexDEW (Davies, activity=DEW)",0.7917944452392385,0.0
DEW,isobar,7.5,751.6666666666667,0.8065803929134233,"PerplexDEW (Davies, activity=DEW)",0.8065803929134233,0.0
DEW,isobar,7.5,755.0,0.8216182085487274,"PerplexDEW (Davies, activity=DEW)",0.8216182085487274,0.0
DEW,isobar,7.5,758.3333333333334,0.8369145205277502,"PerplexDEW (Davies, activity=DEW)",0.8369145205277502,0.0
DEW,isobar,7.5,761.6666666666667,0.8524762726685019,"PerplexDEW (Davies, activity=DEW)",0.8524762726685019,0.0
DEW,isobar,7.5,765.0,0.8683105640090004,"PerplexDEW (Davies, activity=DEW)",0.8683105640090004,0.0
DEW,isobar,7.5,768.3333333333334,0.8844250605390076,"PerplexDEW (Davies, activity=DEW)",0.8844250605390076,0.0
DEW,isobar,7.5,771.6666666666667,0.9008275494971204,"PerplexDEW (Davies, activity=DEW)",0.9008275494971204,0.0
DEW,isobar,7.5,775.0,0.9175265563667871,"PerplexDEW (Davies, activity=DEW)",0.9175265563667871,0.0
DEW,isobar,7.5,778.3333333333334,0.934530631755195,"PerplexDEW (Davies, activity=DEW)",0.934530631755195,0.0
DEW,isobar,7.5,781.6666666666667,0.9518488522204066,"PerplexDEW (Davies, activity=DEW)",0.9518488522204066,0.0
DEW,isobar,7.5,785.0,0.9694907183150656,"PerplexDEW (Davies, activity=DEW)",0.9694907183150656,0.0
DEW,isobar,7.5,788.3333333333334,0.9874663151577148,"PerplexDEW (Davies, activity=DEW)",0.9874663151577148,0.0
DEW,isobar,7.5,791.6666666666667,1.0057859145336407,"PerplexDEW (Davies, activity=DEW)",1.0057859145336407,0.0
DEW,isobar,7.5,795.0,1.024460554724668,"PerplexDEW (Davies, activity=DEW)",1.024460554724668,0.0
DEW,isobar,7.5,798.3333333333334,1.043501640077774,"PerplexDEW (Davies, activity=DEW)",1.043501640077774,0.0
DEW,isobar,7.5,801.6666666666667,1.0629211004395058,"PerplexDEW (Davies, activity=DEW)",1.0629211004395058,0.0
DEW,isobar,7.5,805.0,1.0827314134575408,"PerplexDEW (Davies, activity=DEW)",1.0827314134575408,0.0
DEW,isobar,7.5,808.3333333333334,1.1029456276410223,"PerplexDEW (Davies, activity=DEW)",1.1029456276410223,0.0
DEW,isobar,7.5,811.6666666666667,1.1235773861999423,"PerplexDEW (Davies, activity=DEW)",1.1235773861999423,0.0
DEW,isobar,7.5,815.0,1.1446409516840008,"PerplexDEW (Davies, activity=DEW)",1.1446409516840008,0.0
DEW,isobar,8.0,850.0,1.4666582636486405,"PerplexDEW (Davies, activity=DEW)",1.4666582636486405,0.0
DEW,isobar,8.0,851.010101010101,1.475561879248664,"PerplexDEW (Davies, activity=DEW)",1.475561879248664,0.0
DEW,isobar,8.0,852.020202020202,1.4845349013300355,"PerplexDEW (Davies, activity=DEW)",1.4845349013300355,0.0
DEW,isobar,8.0,853.030303030303,1.4935784139374677,"PerplexDEW (Davies, activity=DEW)",1.4935784139374677,0.0
DEW,isobar,8.0,854.040404040404,1.502693251046028,"PerplexDEW (Davies, activity=DEW)",1.502693251046028,0.0
DEW,isobar,8.0,855.0505050505051,1.5118799842217094,"PerplexDEW (Davies, activity=DEW)",1.5118799842217094,0.0
DEW,isobar,8.0,856.060606060606,1.5211397369030957,"PerplexDEW (Davies, activity=DEW)",1.5211397369030957,0.0
DEW,isobar,8.0,857.070707070707,1.530473096844294,"PerplexDEW (Davies, activity=DEW)",1.530473096844294,0.0
DEW,isobar,8.0,858.0808080808081,1.5398809333294048,"PerplexDEW (Davies, activity=DEW)",1.5398809333294048,0.0
DEW,isobar,8.0,859.0909090909091,1.5493644123820984,"PerplexDEW (Davies, activity=DEW)",1.5493644123820984,0.0
DEW,isobar,8.0,860.10101010101,1.5589244352862237,"PerplexDEW (Davies, activity=DEW)",1.5589244352862237,0.0
DEW,isobar,8.0,861.1111111111111,1.5685616232162718,"PerplexDEW (Davies, activity=DEW)",1.5685616232162718,0.0
DEW,isobar,8.0,862.1212121212121,1.5782771864525111,"PerplexDEW (Davies, activity=DEW)",1.5782771864525111,0.0
DEW,isobar,8.0,863.1313131313132,1.5880717634114423,"PerplexDEW (Davies, activity=DEW)",1.5880717634114423,0.0
DEW,isobar,8.0,864.1414141414141,1.5979462930452026,"PerplexDEW (Davies, activity=DEW)",1.5979462930452026,0.0
DEW,isobar,8.0,865.1515151515151,1.6079020313546295,"PerplexDEW (Davies, activity=DEW)",1.6079020313546295,0.0
DEW,isobar,8.0,866.1616161616162,1.6179399516830366,"PerplexDEW (Davies, activity=DEW)",1.6179399516830366,0.0
DEW,isobar,8.0,867.1717171717172,1.6280607280176842,"PerplexDEW (Davies, activity=DEW)",1.6280607280176842,0.0
DEW,isobar,8.0,868.1818181818181,1.63826566386616,"PerplexDEW (Davies, activity=DEW)",1.63826566386616,0.0
DEW,isobar,8.0,869.1919191919192,1.648555451554533,"PerplexDEW (Davies, activity=DEW)",1.648555451554533,0.0
DEW,isobar,8.0,870.2020202020202,1.6589312658598423,"PerplexDEW (Davies, activity=DEW)",1.6589312658598423,0.0
DEW,isobar,8.0,871.2121212121212,1.6693943017153423,"PerplexDEW (Davies, activity=DEW)",1.6693943017153423,0.0
DEW,isobar,8.0,872.2222222222222,1.6799451146764757,"PerplexDEW (Davies, activity=DEW)",1.6799451146764757,0.0
DEW,isobar,8.0,873.2323232323232,1.690585419207345,"PerplexDEW (Davies, activity=DEW)",1.690585419207345,0.0
DEW,isobar,8.0,874.2424242424242,1.701315792003109,"PerplexDEW (Davies, activity=DEW)",1.701315792003109,0.0
DEW,isobar,8.0,875.2525252525253,1.7121374832664995,"PerplexDEW (Davies, activity=DEW)",1.7121374832664995,0.0
DEW,isobar,8.0,876.2626262626262,1.7230517646118413,"PerplexDEW (Davies, activity=DEW)",1.7230517646118413,0.0
DEW,isobar,8.0,877.2727272727273,1.7340594055155103,"PerplexDEW (Davies, activity=DEW)",1.7340594055155103,0.0
DEW,isobar,8.0,878.2828282828283,1.7451618802146038,"PerplexDEW (Davies, activity=DEW)",1.7451618802146038,0.0
DEW,isobar,8.0,879.2929292929293,1.756359978446264,"PerplexDEW (Davies, activity=DEW)",1.756359978446264,0.0
DEW,isobar,8.0,880.3030303030303,1.7676552110470252,"PerplexDEW (Davies, activity=DEW)",1.7676552110470252,0.0
DEW,isobar,8.0,881.3131313131313,1.779048388412983,"PerplexDEW (Davies, activity=DEW)",1.779048388412983,0.0
DEW,isobar,8.0,882.3232323232323,1.7905410588391109,"PerplexDEW (Davies, activity=DEW)",1.7905410588391109,0.0
DEW,isobar,8.0,883.3333333333334,1.8021342409801813,"PerplexDEW (Davies, activity=DEW)",1.8021342409801813,0.0
DEW,isobar,8.0,884.3434343434343,1.813828959877035,"PerplexDEW (Davies, activity=DEW)",1.813828959877035,0.0
DEW,isobar,8.0,885.3535353535353,1.8256270132801196,"PerplexDEW (Davies, activity=DEW)",1.8256270132801196,0.0
DEW,isobar,8.0,886.3636363636364,1.837528690157444,"PerplexDEW (Davies, activity=DEW)",1.837528690157444,0.0
DEW,isobar,8.0,887.3737373737374,1.849536407340716,"PerplexDEW (Davies, activity=DEW)",1.849536407340716,0.0
DEW,isobar,8.0,888.3838383838383,1.861650667601068,"PerplexDEW (Davies, activity=DEW)",1.861650667601068,0.0
DEW,isobar,8.0,889.3939393939394,1.8738727557949717,"PerplexDEW (Davies, activity=DEW)",1.8738727557949717,0.0
DEW,isobar,8.0,890.4040404040404,1.886204379013673,"PerplexDEW (Davies, activity=DEW)",1.886204379013673,0.0
DEW,isobar,8.0,891.4141414141415,1.89864645708785,"PerplexDEW (Davies, activity=DEW)",1.89864645708785,0.0
DEW,isobar,8.0,892.4242424242424,1.9112007391438168,"PerplexDEW (Davies, activity=DEW)",1.9112007391438168,0.0
DEW,isobar,8.0,893.4343434343434,1.923868589344132,"PerplexDEW (Davies, activity=DEW)",1.923868589344132,0.0
DEW,isobar,8.0,894.4444444444445,1.9366509625071524,"PerplexDEW (Davies, activity=DEW)",1.9366509625071524,0.0
DEW,isobar,8.0,895.4545454545455,1.949549241392841,"PerplexDEW (Davies, activity=DEW)",1.949549241392841,0.0
DEW,isobar,8.0,896.4646464646464,1.962565262142448,"PerplexDEW (Davies, activity=DEW)",1.962565262142448,0.0
DEW,isobar,8.0,897.4747474747475,1.9757004571528545,"PerplexDEW (Davies, activity=DEW)",1.9757004571528545,0.0
DEW,isobar,8.0,898.4848484848485,1.9889558292763363,"PerplexDEW (Davies, activity=DEW)",1.9889558292763363,0.0
DEW,isobar,8.0,899.4949494949495,2.002332830092942,"PerplexDEW (Davies, activity=DEW)",2.002332830092942,0.0
DEW,isobar,8.0,900.5050505050505,2.0158333868232354,"PerplexDEW (Davies, activity=DEW)",2.0158333868232354,0.0
DEW,isobar,8.0,901.5151515151516,2.0294590030563064,"PerplexDEW (Davies, activity=DEW)",2.0294590030563064,0.0
DEW,isobar,8.0,902.5252525252524,2.043210731447135,"PerplexDEW (Davies, activity=DEW)",2.043210731447135,0.0
DEW,isobar,8.0,903.5353535353536,2.0570903328856787,"PerplexDEW (Davies, activity=DEW)",2.0570903328856787,0.0
DEW,isobar,8.0,904.5454545454544,2.0710995981962776,"PerplexDEW (Davies, activity=DEW)",2.0710995981962776,0.0
DEW,isobar,8.0,905.5555555555557,2.0852393751768,"PerplexDEW (Davies, activity=DEW)",2.0852393751768,0.0
DEW,isobar,8.0,906.5656565656566,2.0995119731988146,"PerplexDEW (Davies, activity=DEW)",2.0995119731988146,0.0
DEW,isobar,8.0,907.5757575757576,2.113919008421884,"PerplexDEW (Davies, activity=DEW)",2.113919008421884,0.0
DEW,isobar,8.0,908.5858585858584,2.128461611597517,"PerplexDEW (Davies, activity=DEW)",2.128461611597517,0.0
DEW,isobar,8.0,909.5959595959596,2.1431419307727886,"PerplexDEW (Davies, activity=DEW)",2.1431419307727886,0.0
DEW,isobar,8.0,910.6060606060606,2.157961123653898,"PerplexDEW (Davies, activity=DEW)",2.157961123653898,0.0
DEW,isobar,8.0,911.6161616161615,2.172921390458004,"PerplexDEW (Davies, activity=DEW)",2.172921390458004,0.0
DEW,isobar,8.0,912.6262626262626,2.188023916314053,"PerplexDEW (Davies, activity=DEW)",2.188023916314053,0.0
DEW,isobar,8.0,913.6363636363636,2.2032709547965705,"PerplexDEW (Davies, activity=DEW)",2.2032709547965705,0.0
DEW,isobar,8.0,914.6464646464648,2.218663718929462,"PerplexDEW (Davies, activity=DEW)",2.218663718929462,0.0
DEW,isobar,8.0,915.6565656565656,2.234204241545388,"PerplexDEW (Davies, activity=DEW)",2.234204241545388,0.0
DEW,isobar,8.0,916.6666666666666,2.249894589973924,"PerplexDEW (Davies, activity=DEW)",2.249894589973924,0.0
DEW,isobar,8.0,917.6767676767676,2.265736019975993,"PerplexDEW (Davies, activity=DEW)",2.265736019975993,0.0
DEW,isobar,8.0,918.6868686868688,2.2817309238776526,"PerplexDEW (Davies, activity=DEW)",2.2817309238776526,0.0
DEW,isobar,8.0,919.6969696969696,2.2978802971337293,"PerplexDEW (Davies, activity=DEW)",2.2978802971337293,0.0
DEW,isobar,8.0,920.7070707070708,2.3141874579801147,"PerplexDEW (Davies, activity=DEW)",2.3141874579801147,0.0
DEW,isobar,8.0,921.7171717171716,2.330652852652914,"PerplexDEW (Davies, activity=DEW)",2.330652852652914,0.0
DEW,isobar,8.0,922.7272727272727,2.347279279603649,"PerplexDEW (Davies, activity=DEW)",2.347279279603649,0.0
DEW,isobar,8.0,923.7373737373738,2.3640680833372216,"PerplexDEW (Davies, activity=DEW)",2.3640680833372216,0.0
DEW,isobar,8.0,924.7474747474748,2.381021833249916,"PerplexDEW (Davies, activity=DEW)",2.381021833249916,0.0
DEW,isobar,8.0,925.7575757575758,2.398142216495561,"PerplexDEW (Davies, activity=DEW)",2.398142216495561,0.0
DEW,isobar,8.0,926.7676767676768,2.415430927920686,"PerplexDEW (Davies, activity=DEW)",2.415430927920686,0.0
DEW,isobar,8.0,927.7777777777778,2.43289062999249,"PerplexDEW (Davies, activity=DEW)",2.43289062999249,0.0
DEW,isobar,8.0,928.7878787878788,2.450522744564024,"PerplexDEW (Davies, activity=DEW)",2.450522744564024,0.0
DEW,isobar,8.0,929.7979797979798,2.46832999789335,"PerplexDEW (Davies, activity=DEW)",2.46832999789335,0.0
DEW,isobar,8.0,930.8080808080808,2.4863138436507577,"PerplexDEW (Davies, activity=DEW)",2.4863138436507577,0.0
DEW,isobar,8.0,931.818181818182,2.5044770733145167,"PerplexDEW (Davies, activity=DEW)",2.5044770733145167,0.0
DEW,isobar,8.0,932.8282828282828,2.522821172879264,"PerplexDEW (Davies, activity=DEW)",2.522821172879264,0.0
DEW,isobar,8.0,933.8383838383838,2.5413490005021884,"PerplexDEW (Davies, activity=DEW)",2.5413490005021884,0.0
DEW,isobar,8.0,934.8484848484848,2.5600620750135725,"PerplexDEW (Davies, activity=DEW)",2.5600620750135725,0.0
DEW,isobar,8.0,935.858585858586,2.5789633227377,"PerplexDEW (Davies, activity=DEW)",2.5789633227377,0.0
DEW,isobar,8.0,936.8686868686868,2.5980542958552864,"PerplexDEW (Davies, activity=DEW)",2.5980542958552864,0.0
DEW,isobar,8.0,937.878787878788,2.617337990377322,"PerplexDEW (Davies, activity=DEW)",2.617337990377322,0.0
DEW,isobar,8.0,938.8888888888888,2.6368159923524277,"PerplexDEW (Davies, activity=DEW)",2.6368159923524277,0.0
DEW,isobar,8.0,939.89898989899,2.656491369029517,"PerplexDEW (Davies, activity=DEW)",2.656491369029517,0.0
DEW,isobar,8.0,940.9090909090908,2.676365740846438,"PerplexDEW (Davies, activity=DEW)",2.676365740846438,0.0
DEW,isobar,8.0,941.919191919192,2.696442247872595,"PerplexDEW (Davies, activity=DEW)",2.696442247872595,0.0
DEW,isobar,8.0,942.929292929293,2.716722545459727,"PerplexDEW (Davies, activity=DEW)",2.716722545459727,0.0
DEW,isobar,8.0,943.939393939394,2.7372098481136358,"PerplexDEW (Davies, activity=DEW)",2.7372098481136358,0.0
DEW,isobar,8.0,944.9494949494948,2.7579058466266906,"PerplexDEW (Davies, activity=DEW)",2.7579058466266906,0.0
DEW,isobar,8.0,945.959595959596,2.778813831590573,"PerplexDEW (Davies, activity=DEW)",2.778813831590573,0.0
DEW,isobar,8.0,946.969696969697,2.799935529769569,"PerplexDEW (Davies, activity=DEW)",2.799935529769569,0.0
DEW,isobar,8.0,947.979797979798,2.821273481914274,"PerplexDEW (Davies, activity=DEW)",2.821273481914274,0.0
DEW,isobar,8.0,948.989898989899,2.8428315149027896,"PerplexDEW (Davies, activity=DEW)",2.8428315149027896,0.0
DEW,isobar,8.0,950.0,2.8646110019918813,"PerplexDEW (Davies, activity=DEW)",2.8646110019918813,0.0
DEW,isobar,8.8,690.0,0.6172033308748544,"PerplexDEW (Davies, activity=DEW)",0.6172033308748544,0.0
DEW,isobar,8.8,692.2222222222222,0.6254324032866317,"PerplexDEW (Davies, activity=DEW)",0.6254324032866317,0.0
DEW,isobar,8.8,694.4444444444445,0.6337515066124022,"PerplexDEW (Davies, activity=DEW)",0.6337515066124022,0.0
DEW,isobar,8.8,696.6666666666666,0.6421618277136489,"PerplexDEW (Davies, activity=DEW)",0.6421618277136489,0.0
DEW,isobar,8.8,698.8888888888889,0.6506645539770598,"PerplexDEW (Davies, activity=DEW)",0.6506645539770598,0.0
DEW,isobar,8.8,701.1111111111111,0.6592609788785295,"PerplexDEW (Davies, activity=DEW)",0.6592609788785295,0.0
DEW,isobar,8.8,703.3333333333334,0.6679523650195611,"PerplexDEW (Davies, activity=DEW)",0.6679523650195611,0.0
DEW,isobar,8.8,705.5555555555555,0.676740159726807,"PerplexDEW (Davies, activity=DEW)",0.676740159726807,0.0
DEW,isobar,8.8,707.7777777777778,0.685625635781063,"PerplexDEW (Davies, activity=DEW)",0.685625635781063,0.0
DEW,isobar,8.8,710.0,0.6946102537753226,"PerplexDEW (Davies, activity=DEW)",0.6946102537753226,0.0
DEW,isobar,8.8,712.2222222222222,0.7036955219478656,"PerplexDEW (Davies, activity=DEW)",0.7036955219478656,0.0
DEW,isobar,8.8,714.4444444444445,0.7128829194183243,"PerplexDEW (Davies, activity=DEW)",0.7128829194183243,0.0
DEW,isobar,8.8,716.6666666666666,0.7221740510789099,"PerplexDEW (Davies, activity=DEW)",0.7221740510789099,0.0
DEW,isobar,8.8,718.8888888888889,0.731570493557499,"PerplexDEW (Davies, activity=DEW)",0.731570493557499,0.0
DEW,isobar,8.8,721.1111111111111,0.741073996891638,"PerplexDEW (Davies, activity=DEW)",0.741073996891638,0.0
DEW,isobar,8.8,723.3333333333334,0.7506862025487433,"PerplexDEW (Davies, activity=DEW)",0.7506862025487433,0.0
DEW,isobar,8.8,725.5555555555555,0.7604089306213628,"PerplexDEW (Davies, activity=DEW)",0.7604089306213628,0.0
DEW,isobar,8.8,727.7777777777778,0.7702440621005802,"PerplexDEW (Davies, activity=DEW)",0.7702440621005802,0.0
DEW,isobar,8.8,730.0,0.7801934080920091,"PerplexDEW (Davies, activity=DEW)",0.7801934080920091,0.0
DEW,isobar,8.8,732.2222222222222,0.7902590161403339,"PerplexDEW (Davies, activity=DEW)",0.7902590161403339,0.0
DEW,isobar,8.8,734.4444444444445,0.8004428207611022,"PerplexDEW (Davies, activity=DEW)",0.8004428207611022,0.0
DEW,isobar,8.8,736.6666666666666,0.8107470502713453,"PerplexDEW (Davies, activity=DEW)",0.8107470502713453,0.0
DEW,isobar,8.8,738.8888888888889,0.8211737263599945,"PerplexDEW (Davies, activity=DEW)",0.8211737263599945,0.0
DEW,isobar,8.8,741.1111111111111,0.8317252224875492,"PerplexDEW (Davies, activity=DEW)",0.8317252224875492,0.0
DEW,isobar,8.8,743.3333333333334,0.8424037496642719,"PerplexDEW (Davies, activity=DEW)",0.8424037496642719,0.0
DEW,isobar,8.8,745.5555555555555,0.8532117387681822,"PerplexDEW (Davies, activity=DEW)",0.8532117387681822,0.0
DEW,isobar,8.8,747.7777777777778,0.8641516008818705,"PerplexDEW (Davies, activity=DEW)",0.8641516008818705,0.0
DEW,isobar,8.8,750.0,0.8752259810533725,"PerplexDEW (Davies, activity=DEW)",0.8752259810533725,0.0
DEW,isobar,8.8,752.2222222222222,0.8864374571172954,"PerplexDEW (Davies, activity=DEW)",0.8864374571172954,0.0
DEW,isobar,8.8,754.4444444444445,0.8977886902032498,"PerplexDEW (Davies, activity=DEW)",0.8977886902032498,0.0
DEW,isobar,8.8,756.6666666666666,0.90928253739968,"PerplexDEW (Davies, activity=DEW)",0.90928253739968,0.0
DEW,isobar,8.8,758.8888888888889,0.9209220087476876,"PerplexDEW (Davies, activity=DEW)",0.9209220087476876,0.0
DEW,isobar,8.8,761.1111111111111,0.9327098761781116,"PerplexDEW (Davies, activity=DEW)",0.9327098761781116,0.0
DEW,isobar,8.8,763.3333333333334,0.9446494591144676,"PerplexDEW (Davies, activity=DEW)",0.9446494591144676,0.0
DEW,isobar,8.8,765.5555555555555,0.9567438410445928,"PerplexDEW (Davies, activity=DEW)",0.9567438410445928,0.0
DEW,isobar,8.8,767.7777777777778,0.9689963231578556,"PerplexDEW (Davies, activity=DEW)",0.9689963231578556,0.0
DEW,isobar,8.8,770.0,0.9814103772495358,"PerplexDEW (Davies, activity=DEW)",0.9814103772495358,0.0
DEW,isobar,8.8,772.2222222222222,0.9939894668352482,"PerplexDEW (Davies, activity=DEW)",0.9939894668352482,0.0
DEW,isobar,8.8,774.4444444444445,1.0067372947940216,"PerplexDEW (Davies, activity=DEW)",1.0067372947940216,0.0
DEW,isobar,8.8,776.6666666666666,1.0196576235113084,"PerplexDEW (Davies, activity=DEW)",1.0196576235113084,0.0
DEW,isobar,8.8,778.8888888888889,1.0327542725099392,"PerplexDEW (Davies, activity=DEW)",1.0327542725099392,0.0
DEW,isobar,8.8,781.1111111111111,1.0460313872307094,"PerplexDEW (Davies, activity=DEW)",1.0460313872307094,0.0
DEW,isobar,8.8,783.3333333333334,1.0594929783432203,"PerplexDEW (Davies, activity=DEW)",1.0594929783432203,0.0
DEW,isobar,8.8,785.5555555555555,1.0731433930915537,"PerplexDEW (Davies, activity=DEW)",1.0731433930915537,0.0
DEW,isobar,8.8,787.7777777777778,1.086987124025138,"PerplexDEW (Davies, activity=DEW)",1.086987124025138,0.0
DEW,isobar,8.8,790.0,1.1010285929881605,"PerplexDEW (Davies, activity=DEW)",1.1010285929881605,0.0
DEW,isobar,8.8,792.2222222222222,1.1152725836204485,"PerplexDEW (Davies, activity=DEW)",1.1152725836204485,0.0
DEW,isobar,8.8,794.4444444444445,1.1297239618797594,"PerplexDEW (Davies, activity=DEW)",1.1297239618797594,0.0
DEW,isobar,8.8,796.6666666666666,1.1443877513052978,"PerplexDEW (Davies, activity=DEW)",1.1443877513052978,0.0
DEW,isobar,8.8,798.8888888888889,1.159269297517542,"PerplexDEW (Davies, activity=DEW)",1.159269297517542,0.0
DEW,isobar,8.8,801.1111111111111,1.174373718968908,"PerplexDEW (Davies, activity=DEW)",1.174373718968908,0.0
DEW,isobar,8.8,803.3333333333334,1.1897066191991847,"PerplexDEW (Davies, activity=DEW)",1.1897066191991847,0.0
DEW,isobar,8.8,805.5555555555555,1.2052737858636449,"PerplexDEW (Davies, activity=DEW)",1.2052737858636449,0.0
DEW,isobar,8.8,807.7777777777778,1.2210810225384,"PerplexDEW (Davies, activity=DEW)",1.2210810225384,0.0
DEW,isobar,8.8,810.0,1.2371344910444608,"PerplexDEW (Davies, activity=DEW)",1.2371344910444608,0.0
DEW,isobar,8.8,812.2222222222222,1.2534402818783397,"PerplexDEW (Davies, activity=DEW)",1.2534402818783397,0.0
DEW,isobar,8.8,814.4444444444445,1.270005132791727,"PerplexDEW (Davies, activity=DEW)",1.270005132791727,0.0
DEW,isobar,8.8,816.6666666666666,1.2868355362221569,"PerplexDEW (Davies, activity=DEW)",1.2868355362221569,0.0
DEW,isobar,8.8,818.8888888888889,1.3039383728575902,"PerplexDEW (Davies, activity=DEW)",1.3039383728575902,0.0
DEW,isobar,8.8,821.1111111111111,1.3213209383881763,"PerplexDEW (Davies, activity=DEW)",1.3213209383881763,0.0
DEW,isobar,8.8,823.3333333333334,1.3389903633998936,"PerplexDEW (Davies, activity=DEW)",1.3389903633998936,0.0
DEW,isobar,8.8,825.5555555555555,1.3569543011293193,"PerplexDEW (Davies, activity=DEW)",1.3569543011293193,0.0
DEW,isobar,8.8,827.7777777777778,1.3752204375036632,"PerplexDEW (Davies, activity=DEW)",1.3752204375036632,0.0
DEW,isobar,8.8,830.0,1.393796908493031,"PerplexDEW (Davies, activity=DEW)",1.393796908493031,0.0
DEW,isobar,8.8,832.2222222222222,1.4126919979264323,"PerplexDEW (Davies, activity=DEW)",1.4126919979264323,0.0
DEW,isobar,8.8,834.4444444444445,1.431914245920434,"PerplexDEW (Davies, activity=DEW)",1.431914245920434,0.0
DEW,isobar,8.8,836.6666666666667,1.4514724559851582,"PerplexDEW (Davies, activity=DEW)",1.4514724559851582,0.0
DEW,isobar,8.8,838.8888888888889,1.4713754635451783,"PerplexDEW (Davies, activity=DEW)",1.4713754635451783,0.0
DEW,isobar,8.8,841.1111111111111,1.4916330926085788,"PerplexDEW (Davies, activity=DEW)",1.4916330926085788,0.0
DEW,isobar,8.8,843.3333333333334,1.5122546227604157,"PerplexDEW (Davies, activity=DEW)",1.5122546227604157,0.0
DEW,isobar,8.8,845.5555555555555,1.5332501045540423,"PerplexDEW (Davies, activity=DEW)",1.5332501045540423,0.0
DEW,isobar,8.8,847.7777777777778,1.554629902046334,"PerplexDEW (Davies, activity=DEW)",1.554629902046334,0.0
DEW,isobar,8.8,850.0,1.5764041630336316,"PerplexDEW (Davies, activity=DEW)",1.5764041630336316,0.0
DEW,isobar,8.8,852.2222222222222,1.5985841419053295,"PerplexDEW (Davies, activity=DEW)",1.5985841419053295,0.0
DEW,isobar,8.8,854.4444444444445,1.6211808936032668,"PerplexDEW (Davies, activity=DEW)",1.6211808936032668,0.0
DEW,isobar,8.8,856.6666666666667,1.6442059395776647,"PerplexDEW (Davies, activity=DEW)",1.6442059395776647,0.0
DEW,isobar,8.8,858.8888888888889,1.6676711452129829,"PerplexDEW (Davies, activity=DEW)",1.6676711452129829,0.0
DEW,isobar,8.8,861.1111111111111,1.6915887289012663,"PerplexDEW (Davies, activity=DEW)",1.6915887289012663,0.0
DEW,isobar,8.8,863.3333333333334,1.7159712713144937,"PerplexDEW (Davies, activity=DEW)",1.7159712713144937,0.0
DEW,isobar,8.8,865.5555555555555,1.7408318855219551,"PerplexDEW (Davies, activity=DEW)",1.7408318855219551,0.0
DEW,isobar,8.8,867.7777777777778,1.7661834234553335,"PerplexDEW (Davies, activity=DEW)",1.7661834234553335,0.0
DEW,isobar,8.8,870.0,1.7920402613921804,"PerplexDEW (Davies, activity=DEW)",1.7920402613921804,0.0
DEW,isobar,8.8,872.2222222222222,1.8184162050692243,"PerplexDEW (Davies, activity=DEW)",1.8184162050692243,0.0
DEW,isobar,8.8,874.4444444444445,1.8453256150188544,"PerplexDEW (Davies, activity=DEW)",1.8453256150188544,0.0
DEW,isobar,8.8,876.6666666666667,1.8727836210445323,"PerplexDEW (Davies, activity=DEW)",1.8727836210445323,0.0
DEW,isobar,8.8,878.8888888888889,1.9008058047560707,"PerplexDEW (Davies, activity=DEW)",1.9008058047560707,0.0
DEW,isobar,8.8,881.1111111111111,1.929407826085564,"PerplexDEW (Davies, activity=DEW)",1.929407826085564,0.0
DEW,isobar,8.8,883.3333333333334,1.9586059784860224,"PerplexDEW (Davies, activity=DEW)",1.9586059784860224,0.0
DEW,isobar,8.8,885.5555555555555,1.988417022138374,"PerplexDEW (Davies, activity=DEW)",1.988417022138374,0.0
DEW,isobar,8.8,887.7777777777778,2.01885819564727,"PerplexDEW (Davies, activity=DEW)",2.01885819564727,0.0
DEW,isobar,8.8,890.0,2.0499474430141227,"PerplexDEW (Davies, activity=DEW)",2.0499474430141227,0.0
DEW,isobar,8.8,892.2222222222222,2.0817027926488327,"PerplexDEW (Davies, activity=DEW)",2.0817027926488327,0.0
DEW,isobar,8.8,894.4444444444445,2.114142764490992,"PerplexDEW (Davies, activity=DEW)",2.114142764490992,0.0
DEW,isobar,8.8,896.6666666666667,2.1472870812897886,"PerplexDEW (Davies, activity=DEW)",2.1472870812897886,0.0
DEW,isobar,8.8,898.8888888888889,2.181155337512691,"PerplexDEW (Davies, activity=DEW)",2.181155337512691,0.0
DEW,isobar,8.8,901.1111111111112,2.2157679025089747,"PerplexDEW (Davies, activity=DEW)",2.2157679025089747,0.0
DEW,isobar,8.8,903.3333333333334,2.2511457130063115,"PerplexDEW (Davies, activity=DEW)",2.2511457130063115,0.0
DEW,isobar,8.8,905.5555555555557,2.287310547968891,"PerplexDEW (Davies, activity=DEW)",2.287310547968891,0.0
DEW,isobar,8.8,907.7777777777778,2.3242840057295555,"PerplexDEW (Davies, activity=DEW)",2.3242840057295555,0.0
DEW,isobar,8.8,910.0,2.362089062721611,"PerplexDEW (Davies, activity=DEW)",2.362089062721611,0.0
DEW,isobar,9.0,690.0,0.6243904225181117,"PerplexDEW (Davies, activity=DEW)",0.6243904225181117,0.0
DEW,isobar,9.0,692.2222222222222,0.6327348223194387,"PerplexDEW (Davies, activity=DEW)",0.6327348223194387,0.0
DEW,isobar,9.0,694.4444444444445,0.6411711364780299,"PerplexDEW (Davies, activity=DEW)",0.6411711364780299,0.0
DEW,isobar,9.0,696.6666666666666,0.649700666641552,"PerplexDEW (Davies, activity=DEW)",0.649700666641552,0.0
DEW,isobar,9.0,698.8888888888889,0.6583246517331139,"PerplexDEW (Davies, activity=DEW)",0.6583246517331139,0.0
DEW,isobar,9.0,701.1111111111111,0.6670444032405982,"PerplexDEW (Davies, activity=DEW)",0.6670444032405982,0.0
DEW,isobar,9.0,703.3333333333334,0.6758612735911937,"PerplexDEW (Davies, activity=DEW)",0.6758612735911937,0.0
DEW,isobar,9.0,705.5555555555555,0.684776694368934,"PerplexDEW (Davies, activity=DEW)",0.684776694368934,0.0
DEW,isobar,9.0,707.7777777777778,0.6937920691885617,"PerplexDEW (Davies, activity=DEW)",0.6937920691885617,0.0
DEW,isobar,9.0,710.0,0.7029089207924433,"PerplexDEW (Davies, activity=DEW)",0.7029089207924433,0.0
DEW,isobar,9.0,712.2222222222222,0.7121287448273638,"PerplexDEW (Davies, activity=DEW)",0.7121287448273638,0.0
DEW,isobar,9.0,714.4444444444445,0.7214532013291992,"PerplexDEW (Davies, activity=DEW)",0.7214532013291992,0.0
DEW,isobar,9.0,716.6666666666666,0.7308838470808027,"PerplexDEW (Davies, activity=DEW)",0.7308838470808027,0.0
DEW,isobar,9.0,718.8888888888889,0.7404224082639979,"PerplexDEW (Davies, activity=DEW)",0.7404224082639979,0.0
DEW,isobar,9.0,721.1111111111111,0.750070668730174,"PerplexDEW (Davies, activity=DEW)",0.750070668730174,0.0
DEW,isobar,9.0,723.3333333333334,0.7598303459538536,"PerplexDEW (Davies, activity=DEW)",0.7598303459538536,0.0
DEW,isobar,9.0,725.5555555555555,0.76970338174214,"PerplexDEW (Davies, activity=DEW)",0.76970338174214,0.0
DEW,isobar,9.0,727.7777777777778,0.7796916542547064,"PerplexDEW (Davies, activity=DEW)",0.7796916542547064,0.0
DEW,isobar,9.0,730.0,0.7897971905553561,"PerplexDEW (Davies, activity=DEW)",0.7897971905553561,0.0
DEW,isobar,9.0,732.2222222222222,0.8000219961163108,"PerplexDEW (Davies, activity=DEW)",0.8000219961163108,0.0
DEW,isobar,9.0,734.4444444444445,0.8103682329139614,"PerplexDEW (Davies, activity=DEW)",0.8103682329139614,0.0
DEW,isobar,9.0,736.6666666666666,0.8208380896363071,"PerplexDEW (Davies, activity=DEW)",0.8208380896363071,0.0
DEW,isobar,9.0,738.8888888888889,0.8314337801002665,"PerplexDEW (Davies, activity=DEW)",0.8314337801002665,0.0
DEW,isobar,9.0,741.1111111111111,0.8421577352385908,"PerplexDEW (Davies, activity=DEW)",0.8421577352385908,0.0
DEW,isobar,9.0,743.3333333333334,0.8530122241104358,"PerplexDEW (Davies, activity=DEW)",0.8530122241104358,0.0
DEW,isobar,9.0,745.5555555555555,0.8639999371403067,"PerplexDEW (Davies, activity=DEW)",0.8639999371403067,0.0
DEW,isobar,9.0,747.7777777777778,0.8751233044501572,"PerplexDEW (Davies, activity=DEW)",0.8751233044501572,0.0
DEW,isobar,9.0,750.0,0.8863850915875476,"PerplexDEW (Davies, activity=DEW)",0.8863850915875476,0.0
DEW,isobar,9.0,752.2222222222222,0.897788001466588,"PerplexDEW (Davies, activity=DEW)",0.897788001466588,0.0
DEW,isobar,9.0,754.4444444444445,0.9093348791467232,"PerplexDEW (Davies, activity=DEW)",0.9093348791467232,0.0
DEW,isobar,9.0,756.6666666666666,0.921028719730657,"PerplexDEW (Davies, activity=DEW)",0.921028719730657,0.0
DEW,isobar,9.0,758.8888888888889,0.9328725084090006,"PerplexDEW (Davies, activity=DEW)",0.9328725084090006,0.0
DEW,isobar,9.0,761.1111111111111,0.9448693847977002,"PerplexDEW (Davies, activity=DEW)",0.9448693847977002,0.0
DEW,isobar,9.0,763.3333333333334,0.9570227097125056,"PerplexDEW (Davies, activity=DEW)",0.9570227097125056,0.0
DEW,isobar,9.0,765.5555555555555,0.9693357235339246,"PerplexDEW (Davies, activity=DEW)",0.9693357235339246,0.0
DEW,isobar,9.0,767.7777777777778,0.9818119509795032,"PerplexDEW (Davies, activity=DEW)",0.9818119509795032,0.0
DEW,isobar,9.0,770.0,0.994454913303469,"PerplexDEW (Davies, activity=DEW)",0.994454913303469,0.0
DEW,isobar,9.0,772.2222222222222,1.0072683718417743,"PerplexDEW (Davies, activity=DEW)",1.0072683718417743,0.0
DEW,isobar,9.0,774.4444444444445,1.0202562156073038,"PerplexDEW (Davies, activity=DEW)",1.0202562156073038,0.0
DEW,isobar,9.0,776.6666666666666,1.0334222692773682,"PerplexDEW (Davies, activity=DEW)",1.0334222692773682,0.0
DEW,isobar,9.0,778.8888888888889,1.0467707449925605,"PerplexDEW (Davies, activity=DEW)",1.0467707449925605,0.0
DEW,isobar,9.0,781.1111111111111,1.0603057281264685,"PerplexDEW (Davies, activity=DEW)",1.0603057281264685,0.0
DEW,isobar,9.0,783.3333333333334,1.0740316407375274,"PerplexDEW (Davies, activity=DEW)",1.0740316407375274,0.0
DEW,isobar,9.0,785.5555555555555,1.0879530538325053,"PerplexDEW (Davies, activity=DEW)",1.0879530538325053,0.0
DEW,isobar,9.0,787.7777777777778,1.1020745475894806,"PerplexDEW (Davies, activity=DEW)",1.1020745475894806,0.0
DEW,isobar,9.0,790.0,1.1164009227765972,"PerplexDEW (Davies, activity=DEW)",1.1164009227765972,0.0
DEW,isobar,9.0,792.2222222222222,1.130937212704295,"PerplexDEW (Davies, activity=DEW)",1.130937212704295,0.0
DEW,isobar,9.0,794.4444444444445,1.1456884651971235,"PerplexDEW (Davies, activity=DEW)",1.1456884651971235,0.0
DEW,isobar,9.0,796.6666666666666,1.160660045853805,"PerplexDEW (Davies, activity=DEW)",1.160660045853805,0.0
DEW,isobar,9.0,798.8888888888889,1.175857258349628,"PerplexDEW (Davies, activity=DEW)",1.175857258349628,0.0
DEW,isobar,9.0,801.1111111111111,1.1912859796507724,"PerplexDEW (Davies, activity=DEW)",1.1912859796507724,0.0
DEW,isobar,9.0,803.3333333333334,1.2069518717011296,"PerplexDEW (Davies, activity=DEW)",1.2069518717011296,0.0
DEW,isobar,9.0,805.5555555555555,1.2228609414250664,"PerplexDEW (Davies, activity=DEW)",1.2228609414250664,0.0
DEW,isobar,9.0,807.7777777777778,1.2390195639766468,"PerplexDEW (Davies, activity=DEW)",1.2390195639766468,0.0
DEW,isobar,9.0,810.0,1.2554339719491572,"PerplexDEW (Davies, activity=DEW)",1.2554339719491572,0.0
DEW,isobar,9.0,812.2222222222222,1.272110770364074,"PerplexDEW (Davies, activity=DEW)",1.272110770364074,0.0
DEW,isobar,9.0,814.4444444444445,1.2890569619379235,"PerplexDEW (Davies, activity=DEW)",1.2890569619379235,0.0
DEW,isobar,9.0,816.6666666666666,1.3062794017332164,"PerplexDEW (Davies, activity=DEW)",1.3062794017332164,0.0
DEW,isobar,9.0,818.8888888888889,1.3237854444855135,"PerplexDEW (Davies, activity=DEW)",1.3237854444855135,0.0
DEW,isobar,9.0,821.1111111111111,1.3415825839821096,"PerplexDEW (Davies, activity=DEW)",1.3415825839821096,0.0
DEW,isobar,9.0,823.3333333333334,1.3596785509515823,"PerplexDEW (Davies, activity=DEW)",1.3596785509515823,0.0
DEW,isobar,9.0,825.5555555555555,1.3780813198364277,"PerplexDEW (Davies, activity=DEW)",1.3780813198364277,0.0
DEW,isobar,9.0,827.7777777777778,1.3967990088014954,"PerplexDEW (Davies, activity=DEW)",1.3967990088014954,0.0
DEW,isobar,9.0,830.0,1.4158403120177443,"PerplexDEW (Davies, activity=DEW)",1.4158403120177443,0.0
DEW,isobar,9.0,832.2222222222222,1.4352137608080926,"PerplexDEW (Davies, activity=DEW)",1.4352137608080926,0.0
DEW,isobar,9.0,834.4444444444445,1.454928596864208,"PerplexDEW (Davies, activity=DEW)",1.454928596864208,0.0
DEW,isobar,9.0,836.6666666666667,1.4749940110862363,"PerplexDEW (Davies, activity=DEW)",1.4749940110862363,0.0
DEW,isobar,9.0,838.8888888888889,1.4954195916572184,"PerplexDEW (Davies, activity=DEW)",1.4954195916572184,0.0
DEW,isobar,9.0,841.1111111111111,1.516215222565352,"PerplexDEW (Davies, activity=DEW)",1.516215222565352,0.0
DEW,isobar,9.0,843.3333333333334,1.5373910917521298,"PerplexDEW (Davies, activity=DEW)",1.5373910917521298,0.0
DEW,isobar,9.0,845.5555555555555,1.5589578288531205,"PerplexDEW (Davies, activity=DEW)",1.5589578288531205,0.0
DEW,isobar,9.0,847.7777777777778,1.5809259993208131,"PerplexDEW (Davies, activity=DEW)",1.5809259993208131,0.0
DEW,isobar,9.0,850.0,1.6033070159673914,"PerplexDEW (Davies, activity=DEW)",1.6033070159673914,0.0
DEW,isobar,9.0,852.2222222222222,1.6261120993350304,"PerplexDEW (Davies, activity=DEW)",1.6261120993350304,0.0
DEW,isobar,9.0,854.4444444444445,1.6493533615646512,"PerplexDEW (Davies, activity=DEW)",1.6493533615646512,0.0
DEW,isobar,9.0,856.6666666666667,1.6730430070845694,"PerplexDEW (Davies, activity=DEW)",1.6730430070845694,0.0
DEW,isobar,9.0,858.8888888888889,1.6971933067164342,"PerplexDEW (Davies, activity=DEW)",1.6971933067164342,0.0
DEW,isobar,9.0,861.1111111111111,1.721817494022105,"PerplexDEW (Davies, activity=DEW)",1.721817494022105,0.0
DEW,isobar,9.0,863.3333333333334,1.7469289035553146,"PerplexDEW (Davies, activity=DEW)",1.7469289035553146,0.0
DEW,isobar,9.0,865.5555555555555,1.772540942077922,"PerplexDEW (Davies, activity=DEW)",1.772540942077922,0.0
DEW,isobar,9.0,867.7777777777778,1.7986680564160118,"PerplexDEW (Davies, activity=DEW)",1.7986680564160118,0.0
DEW,isobar,9.0,870.0,1.8253244607390864,"PerplexDEW (Davies, activity=DEW)",1.8253244607390864,0.0
DEW,isobar,9.0,872.2222222222222,1.852525640236945,"PerplexDEW (Davies, activity=DEW)",1.852525640236945,0.0
DEW,isobar,9.0,874.4444444444445,1.8802864925258191,"PerplexDEW (Davies, activity=DEW)",1.8802864925258191,0.0
DEW,isobar,9.0,876.6666666666667,1.908623420987689,"PerplexDEW (Davies, activity=DEW)",1.908623420987689,0.0
DEW,isobar,9.0,878.8888888888889,1.9375522085989336,"PerplexDEW (Davies, activity=DEW)",1.9375522085989336,0.0
DEW,isobar,9.0,881.1111111111111,1.967090029593456,"PerplexDEW (Davies, activity=DEW)",1.967090029593456,0.0
DEW,isobar,9.0,883.3333333333334,1.99725398349731,"PerplexDEW (Davies, activity=DEW)",1.99725398349731,0.0
DEW,isobar,9.0,885.5555555555555,2.028062059998308,"PerplexDEW (Davies, activity=DEW)",2.028062059998308,0.0
DEW,isobar,9.0,887.7777777777778,2.059532358317705,"PerplexDEW (Davies, activity=DEW)",2.059532358317705,0.0
DEW,isobar,9.0,890.0,2.0916834789685144,"PerplexDEW (Davies, activity=DEW)",2.0916834789685144,0.0
DEW,isobar,9.0,892.2222222222222,2.124535431825388,"PerplexDEW (Davies, activity=DEW)",2.124535431825388,0.0
DEW,isobar,9.0,894.4444444444445,2.158107468525383,"PerplexDEW (Davies, activity=DEW)",2.158107468525383,0.0
DEW,isobar,9.0,896.6666666666667,2.192420751205388,"PerplexDEW (Davies, activity=DEW)",2.192420751205388,0.0
DEW,isobar,9.0,898.8888888888889,2.2274956368584475,"PerplexDEW (Davies, activity=DEW)",2.2274956368584475,0.0
DEW,isobar,9.0,901.1111111111112,2.2633542475341413,"PerplexDEW (Davies, activity=DEW)",2.2633542475341413,0.0
DEW,isobar,9.0,903.3333333333334,2.300018852341368,"PerplexDEW (Davies, activity=DEW)",2.300018852341368,0.0
DEW,isobar,9.0,905.5555555555557,2.33751181268961,"PerplexDEW (Davies, activity=DEW)",2.33751181268961,0.0
DEW,isobar,9.0,907.7777777777778,2.3758571589176034,"PerplexDEW (Davies, activity=DEW)",2.3758571589176034,0.0
DEW,isobar,9.0,910.0,2.415079073547536,"PerplexDEW (Davies, activity=DEW)",2.415079073547536,0.0
DEW,isobar,10.0,480.0,0.1493712002443833,"PerplexDEW (Davies, activity=DEW)",0.1493712002443833,0.0
DEW,isobar,10.0,484.44444444444446,0.1550389998415373,"PerplexDEW (Davies, activity=DEW)",0.1550389998415373,0.0
DEW,isobar,10.0,488.8888888888889,0.1608737453535603,"PerplexDEW (Davies, activity=DEW)",0.1608737453535603,0.0
DEW,isobar,10.0,493.3333333333333,0.1668786492015024,"PerplexDEW (Davies, activity=DEW)",0.1668786492015024,0.0
DEW,isobar,10.0,497.77777777777777,0.1730569425442541,"PerplexDEW (Davies, activity=DEW)",0.1730569425442541,0.0
DEW,isobar,10.0,502.22222222222223,0.1794118753741326,"PerplexDEW (Davies, activity=DEW)",0.1794118753741326,0.0
DEW,isobar,10.0,506.6666666666667,0.1859467243910731,"PerplexDEW (Davies, activity=DEW)",0.1859467243910731,0.0
DEW,isobar,10.0,511.1111111111111,0.1926647713542078,"PerplexDEW (Davies, activity=DEW)",0.1926647713542078,0.0
DEW,isobar,10.0,515.5555555555555,0.1995693252660005,"PerplexDEW (Davies, activity=DEW)",0.1995693252660005,0.0
DEW,isobar,10.0,520.0,0.2066637162176458,"PerplexDEW (Davies, activity=DEW)",0.2066637162176458,0.0
DEW,isobar,10.0,524.4444444444445,0.2139512964493077,"PerplexDEW (Davies, activity=DEW)",0.2139512964493077,0.0
DEW,isobar,10.0,528.8888888888889,0.2214354416485513,"PerplexDEW (Davies, activity=DEW)",0.2214354416485513,0.0
DEW,isobar,10.0,533.3333333333334,0.2291195525094354,"PerplexDEW (Davies, activity=DEW)",0.2291195525094354,0.0
DEW,isobar,10.0,537.7777777777778,0.2370070565762016,"PerplexDEW (Davies, activity=DEW)",0.2370070565762016,0.0
DEW,isobar,10.0,542.2222222222222,0.2451014001207148,"PerplexDEW (Davies, activity=DEW)",0.2451014001207148,0.0
DEW,isobar,10.0,546.6666666666666,0.2534060806888653,"PerplexDEW (Davies, activity=DEW)",0.2534060806888653,0.0
DEW,isobar,10.0,551.1111111111111,0.2619245985158903,"PerplexDEW (Davies, activity=DEW)",0.2619245985158903,0.0
DEW,isobar,10.0,555.5555555555555,0.2706605225826248,"PerplexDEW (Davies, activity=DEW)",0.2706605225826248,0.0
DEW,isobar,10.0,560.0,0.2796174409176931,"PerplexDEW (Davies, activity=DEW)",0.2796174409176931,0.0
DEW,isobar,10.0,564.4444444444445,0.2887989975212879,"PerplexDEW (Davies, activity=DEW)",0.2887989975212879,0.0
DEW,isobar,10.0,568.8888888888889,0.2982088863607615,"PerplexDEW (Davies, activity=DEW)",0.2982088863607615,0.0
DEW,isobar,10.0,573.3333333333334,0.3078508433210776,"PerplexDEW (Davies, activity=DEW)",0.3078508433210776,0.0
DEW,isobar,10.0,577.7777777777778,0.3177286633442081,"PerplexDEW (Davies, activity=DEW)",0.3177286633442081,0.0
DEW,isobar,10.0,582.2222222222222,0.327846235186549,"PerplexDEW (Davies, activity=DEW)",0.327846235186549,0.0
DEW,isobar,10.0,586.6666666666666,0.3382074797769483,"PerplexDEW (Davies, activity=DEW)",0.3382074797769483,0.0
DEW,isobar,10.0,591.1111111111111,0.3488164419571576,"PerplexDEW (Davies, activity=DEW)",0.3488164419571576,0.0
DEW,isobar,10.0,595.5555555555555,0.3596772120912336,"PerplexDEW (Davies, activity=DEW)",0.3596772120912336,0.0
DEW,isobar,10.0,600.0,0.3707940092023442,"PerplexDEW (Davies, activity=DEW)",0.3707940092023442,0.0
DEW,isobar,10.0,604.4444444444445,0.3821711629311424,"PerplexDEW (Davies, activity=DEW)",0.3821711629311424,0.0
DEW,isobar,10.0,608.8888888888889,0.3938130723493176,"PerplexDEW (Davies, activity=DEW)",0.3938130723493176,0.0
DEW,isobar,10.0,613.3333333333334,0.4057243544106425,"PerplexDEW (Davies, activity=DEW)",0.4057243544106425,0.0
DEW,isobar,10.0,617.7777777777778,0.4179097015660542,"PerplexDEW (Davies, activity=DEW)",0.4179097015660542,0.0
DEW,isobar,10.0,622.2222222222222,0.4303740092249651,"PerplexDEW (Davies, activity=DEW)",0.4303740092249651,0.0
DEW,isobar,10.0,626.6666666666667,0.4431223249420364,"PerplexDEW (Davies, activity=DEW)",0.4431223249420364,0.0
DEW,isobar,10.0,631.1111111111111,0.4561598709737759,"PerplexDEW (Davies, activity=DEW)",0.4561598709737759,0.0
DEW,isobar,10.0,635.5555555555555,0.4694921218310631,"PerplexDEW (Davies, activity=DEW)",0.4694921218310631,0.0
DEW,isobar,10.0,640.0,0.4831247872574846,"PerplexDEW (Davies, activity=DEW)",0.4831247872574846,0.0
DEW,isobar,10.0,644.4444444444445,0.4970637884689555,"PerplexDEW (Davies, activity=DEW)",0.4970637884689555,0.0
DEW,isobar,10.0,648.8888888888889,0.5113153693973008,"PerplexDEW (Davies, activity=DEW)",0.5113153693973008,0.0
DEW,isobar,10.0,653.3333333333334,0.5258860318809434,"PerplexDEW (Davies, activity=DEW)",0.5258860318809434,0.0
DEW,isobar,10.0,657.7777777777778,0.5407826314812778,"PerplexDEW (Davies, activity=DEW)",0.5407826314812778,0.0
DEW,isobar,10.0,662.2222222222222,0.5560124113476954,"PerplexDEW (Davies, activity=DEW)",0.5560124113476954,0.0
DEW,isobar,10.0,666.6666666666667,0.5715829572687293,"PerplexDEW (Davies, activity=DEW)",0.5715829572687293,0.0
DEW,isobar,10.0,671.1111111111111,0.5875023356284083,"PerplexDEW (Davies, activity=DEW)",0.5875023356284083,0.0
DEW,isobar,10.0,675.5555555555555,0.6037790235408425,"PerplexDEW (Davies, activity=DEW)",0.6037790235408425,0.0
DEW,isobar,10.0,680.0,0.6204220592643306,"PerplexDEW (Davies, activity=DEW)",0.6204220592643306,0.0
DEW,isobar,10.0,684.4444444444445,0.6374409394629594,"PerplexDEW (Davies, activity=DEW)",0.6374409394629594,0.0
DEW,isobar,10.0,688.8888888888889,0.6548458743419654,"PerplexDEW (Davies, activity=DEW)",0.6548458743419654,0.0
DEW,isobar,10.0,693.3333333333334,0.6726475920029606,"PerplexDEW (Davies, activity=DEW)",0.6726475920029606,0.0
DEW,isobar,10.0,697.7777777777778,0.6908575751042318,"PerplexDEW (Davies, activity=DEW)",0.6908575751042318,0.0
DEW,isobar,10.0,702.2222222222222,0.7094881280001893,"PerplexDEW (Davies, activity=DEW)",0.7094881280001893,0.0
DEW,isobar,10.0,706.6666666666667,0.7285521911296328,"PerplexDEW (Davies, activity=DEW)",0.7285521911296328,0.0
DEW,isobar,10.0,711.1111111111111,0.7480637549657749,"PerplexDEW (Davies, activity=DEW)",0.7480637549657749,0.0
DEW,isobar,10.0,715.5555555555555,0.7680375654537301,"PerplexDEW (Davies, activity=DEW)",0.7680375654537301,0.0
DEW,isobar,10.0,720.0,0.7884895716395438,"PerplexDEW (Davies, activity=DEW)",0.7884895716395438,0.0
DEW,isobar,10.0,724.4444444444445,0.8094366990635413,"PerplexDEW (Davies, activity=DEW)",0.8094366990635413,0.0
DEW,isobar,10.0,728.8888888888889,0.8308970421289467,"PerplexDEW (Davies, activity=DEW)",0.8308970421289467,0.0
DEW,isobar,10.0,733.3333333333334,0.8528900483588125,"PerplexDEW (Davies, activity=DEW)",0.8528900483588125,0.0
DEW,isobar,10.0,737.7777777777778,0.875436360768291,"PerplexDEW (Davies, activity=DEW)",0.875436360768291,0.0
DEW,isobar,10.0,742.2222222222222,0.8985582468822184,"PerplexDEW (Davies, activity=DEW)",0.8985582468822184,0.0
DEW,isobar,10.0,746.6666666666667,0.9222794140688748,"PerplexDEW (Davies, activity=DEW)",0.9222794140688748,0.0
DEW,isobar,10.0,751.1111111111111,0.9466252390340764,"PerplexDEW (Davies, activity=DEW)",0.9466252390340764,0.0
DEW,isobar,10.0,755.5555555555555,0.9716228790610776,"PerplexDEW (Davies, activity=DEW)",0.9716228790610776,0.0
DEW,isobar,10.0,760.0,0.9973015673336754,"PerplexDEW (Davies, activity=DEW)",0.9973015673336754,0.0
DEW,isobar,10.0,764.4444444444445,1.0236923047281403,"PerplexDEW (Davies, activity=DEW)",1.0236923047281403,0.0
DEW,isobar,10.0,768.8888888888889,1.0508284361914777,"PerplexDEW (Davies, activity=DEW)",1.0508284361914777,0.0
DEW,isobar,10.0,773.3333333333334,1.0787456411464873,"PerplexDEW (Davies, activity=DEW)",1.0787456411464873,0.0
DEW,isobar,10.0,777.7777777777778,1.1074820908203955,"PerplexDEW (Davies, activity=DEW)",1.1074820908203955,0.0
DEW,isobar,10.0,782.2222222222222,1.1370784862099006,"PerplexDEW (Davies, activity=DEW)",1.1370784862099006,0.0
DEW,isobar,10.0,786.6666666666667,1.167578451705944,"PerplexDEW (Davies, activity=DEW)",1.167578451705944,0.0
DEW,isobar,10.0,791.1111111111111,1.1990285089041484,"PerplexDEW (Davies, activity=DEW)",1.1990285089041484,0.0
DEW,isobar,10.0,795.5555555555555,1.2314786719237245,"PerplexDEW (Davies, activity=DEW)",1.2314786719237245,0.0
DEW,isobar,10.0,800.0,1.2649820699285643,"PerplexDEW (Davies, activity=DEW)",1.2649820699285643,0.0
DEW,isobar,10.0,804.4444444444445,1.2995954392891034,"PerplexDEW (Davies, activity=DEW)",1.2995954392891034,0.0
DEW,isobar,10.0,808.8888888888889,1.3353797098729874,"PerplexDEW (Davies, activity=DEW)",1.3353797098729874,0.0
DEW,isobar,10.0,813.3333333333334,1.3723994749259023,"PerplexDEW (Davies, activity=DEW)",1.3723994749259023,0.0
DEW,isobar,10.0,817.7777777777778,1.41072393051595,"PerplexDEW (Davies, activity=DEW)",1.41072393051595,0.0
DEW,isobar,10.0,822.2222222222222,1.450426894775254,"PerplexDEW (Davies, activity=DEW)",1.450426894775254,0.0
DEW,isobar,10.0,826.6666666666667,1.4915868708783144,"PerplexDEW (Davies, activity=DEW)",1.4915868708783144,0.0
DEW,isobar,10.0,831.1111111111111,1.5342876314636709,"PerplexDEW (Davies, activity=DEW)",1.5342876314636709,0.0
DEW,isobar,10.0,835.5555555555555,1.5786186713076245,"PerplexDEW (Davies, activity=DEW)",1.5786186713076245,0.0
DEW,isobar,10.0,840.0,1.6246748326139682,"PerplexDEW (Davies, activity=DEW)",1.6246748326139682,0.0
DEW,isobar,10.0,844.4444444444445,1.6725575833152424,"PerplexDEW (Davies, activity=DEW)",1.6725575833152424,0.0
DEW,isobar,10.0,848.8888888888889,1.7223743833845302,"PerplexDEW (Davies, activity=DEW)",1.7223743833845302,0.0
DEW,isobar,10.0,853.3333333333334,1.7742402434791753,"PerplexDEW (Davies, activity=DEW)",1.7742402434791753,0.0
DEW,isobar,10.0,857.7777777777778,1.8282767491705327,"PerplexDEW (Davies, activity=DEW)",1.8282767491705327,0.0
DEW,isobar,10.0,862.2222222222222,1.884613419636588,"PerplexDEW (Davies, activity=DEW)",1.884613419636588,0.0
DEW,isobar,10.0,866.6666666666667,1.9433882151612607,"PerplexDEW (Davies, activity=DEW)",1.9433882151612607,0.0
DEW,isobar,10.0,871.1111111111111,2.0047471662824004,"PerplexDEW (Davies, activity=DEW)",2.0047471662824004,0.0
DEW,isobar,10.0,875.5555555555557,2.0688450848209583,"PerplexDEW (Davies, activity=DEW)",2.0688450848209583,0.0
DEW,isobar,10.0,880.0,2.1358474233265548,"PerplexDEW (Davies, activity=DEW)",2.1358474233265548,0.0
DEW,isobar,10.0,884.4444444444445,2.205928312751607,"PerplexDEW (Davies, activity=DEW)",2.205928312751607,0.0
DEW,isobar,10.0,888.8888888888889,2.2792732052411075,"PerplexDEW (Davies, activity=DEW)",2.2792732052411075,0.0
DEW,isobar,10.0,893.3333333333334,2.356078464370102,"PerplexDEW (Davies, activity=DEW)",2.356078464370102,0.0
DEW,isobar,10.0,897.7777777777778,2.436552141193606,"PerplexDEW (Davies, activity=DEW)",2.436552141193606,0.0
DEW,isobar,10.0,902.2222222222222,2.5209145822463848,"PerplexDEW (Davies, activity=DEW)",2.5209145822463848,0.0
DEW,isobar,10.0,906.6666666666669,2.60939906393446,"PerplexDEW (Davies, activity=DEW)",2.60939906393446,0.0
DEW,isobar,10.0,911.1111111111112,2.7022524542464463,"PerplexDEW (Davies, activity=DEW)",2.7022524542464463,0.0
DEW,isobar,10.0,915.5555555555557,2.799735902755478,"PerplexDEW (Davies, activity=DEW)",2.799735902755478,0.0
DEW,isobar,10.0,920.0,2.90212521259441,"PerplexDEW (Davies, activity=DEW)",2.90212521259441,0.0
DEW,isobar,12.0,490.0,0.1769714748370742,"PerplexDEW (Davies, activity=DEW)",0.1769714748370742,0.0
DEW,isobar,12.0,492.22222222222223,0.1802530475515851,"PerplexDEW (Davies, activity=DEW)",0.1802530475515851,0.0
DEW,isobar,12.0,494.44444444444446,0.1835820837605664,"PerplexDEW (Davies, activity=DEW)",0.1835820837605664,0.0
DEW,isobar,12.0,496.6666666666667,0.1869590441549656,"PerplexDEW (Davies, activity=DEW)",0.1869590441549656,0.0
DEW,isobar,12.0,498.8888888888889,0.1903843917955877,"PerplexDEW (Davies, activity=DEW)",0.1903843917955877,0.0
DEW,isobar,12.0,501.1111111111111,0.1938585775233975,"PerplexDEW (Davies, activity=DEW)",0.1938585775233975,0.0
DEW,isobar,12.0,503.3333333333333,0.1973820678215453,"PerplexDEW (Davies, activity=DEW)",0.1973820678215453,0.0
DEW,isobar,12.0,505.55555555555554,0.2009553164404345,"PerplexDEW (Davies, activity=DEW)",0.2009553164404345,0.0
DEW,isobar,12.0,507.77777777777777,0.2045788009844787,"PerplexDEW (Davies, activity=DEW)",0.2045788009844787,0.0
DEW,isobar,12.0,510.0,0.2082529709042816,"PerplexDEW (Davies, activity=DEW)",0.2082529709042816,0.0
DEW,isobar,12.0,512.2222222222222,0.2119783156598131,"PerplexDEW (Davies, activity=DEW)",0.2119783156598131,0.0
DEW,isobar,12.0,514.4444444444445,0.2157552880053932,"PerplexDEW (Davies, activity=DEW)",0.2157552880053932,0.0
DEW,isobar,12.0,516.6666666666666,0.2195843576760215,"PerplexDEW (Davies, activity=DEW)",0.2195843576760215,0.0
DEW,isobar,12.0,518.8888888888889,0.2234660129710627,"PerplexDEW (Davies, activity=DEW)",0.2234660129710627,0.0
DEW,isobar,12.0,521.1111111111111,0.2274007197616611,"PerplexDEW (Davies, activity=DEW)",0.2274007197616611,0.0
DEW,isobar,12.0,523.3333333333334,0.2313889539192719,"PerplexDEW (Davies, activity=DEW)",0.2313889539192719,0.0
DEW,isobar,12.0,525.5555555555555,0.2354312021823908,"PerplexDEW (Davies, activity=DEW)",0.2354312021823908,0.0
DEW,isobar,12.0,527.7777777777778,0.2395279450066976,"PerplexDEW (Davies, activity=DEW)",0.2395279450066976,0.0
DEW,isobar,12.0,530.0,0.2436796650064333,"PerplexDEW (Davies, activity=DEW)",0.2436796650064333,0.0
DEW,isobar,12.0,532.2222222222222,0.2478868470316304,"PerplexDEW (Davies, activity=DEW)",0.2478868470316304,0.0
DEW,isobar,12.0,534.4444444444445,0.2521499782514818,"PerplexDEW (Davies, activity=DEW)",0.2521499782514818,0.0
DEW,isobar,12.0,536.6666666666666,0.2564695579774298,"PerplexDEW (Davies, activity=DEW)",0.2564695579774298,0.0
DEW,isobar,12.0,538.8888888888889,0.2608460788407337,"PerplexDEW (Davies, activity=DEW)",0.2608460788407337,0.0
DEW,isobar,12.0,541.1111111111111,0.2652800360981103,"PerplexDEW (Davies, activity=DEW)",0.2652800360981103,0.0
DEW,isobar,12.0,543.3333333333334,0.2697719277426901,"PerplexDEW (Davies, activity=DEW)",0.2697719277426901,0.0
DEW,isobar,12.0,545.5555555555555,0.2743222546223498,"PerplexDEW (Davies, activity=DEW)",0.2743222546223498,0.0
DEW,isobar,12.0,547.7777777777778,0.2789315312415134,"PerplexDEW (Davies, activity=DEW)",0.2789315312415134,0.0
DEW,isobar,12.0,550.0,0.2836002542640262,"PerplexDEW (Davies, activity=DEW)",0.2836002542640262,0.0
DEW,isobar,12.0,552.2222222222222,0.2883289449756452,"PerplexDEW (Davies, activity=DEW)",0.2883289449756452,0.0
DEW,isobar,12.0,554.4444444444445,0.2931181176105702,"PerplexDEW (Davies, activity=DEW)",0.2931181176105702,0.0
DEW,isobar,12.0,556.6666666666666,0.297968301477398,"PerplexDEW (Davies, activity=DEW)",0.297968301477398,0.0
DEW,isobar,12.0,558.8888888888889,0.3028799954093709,"PerplexDEW (Davies, activity=DEW)",0.3028799954093709,0.0
DEW,isobar,12.0,561.1111111111111,0.3078537481225833,"PerplexDEW (Davies, activity=DEW)",0.3078537481225833,0.0
DEW,isobar,12.0,563.3333333333334,0.312890089937728,"PerplexDEW (Davies, activity=DEW)",0.312890089937728,0.0
DEW,isobar,12.0,565.5555555555555,0.3179895555368081,"PerplexDEW (Davies, activity=DEW)",0.3179895555368081,0.0
DEW,isobar,12.0,567.7777777777778,0.3231526841788879,"PerplexDEW (Davies, activity=DEW)",0.3231526841788879,0.0
DEW,isobar,12.0,570.0,0.3283800199275342,"PerplexDEW (Davies, activity=DEW)",0.3283800199275342,0.0
DEW,isobar,12.0,572.2222222222222,0.3336721118910508,"PerplexDEW (Davies, activity=DEW)",0.3336721118910508,0.0
DEW,isobar,12.0,574.4444444444445,0.3390295277278671,"PerplexDEW (Davies, activity=DEW)",0.3390295277278671,0.0
DEW,isobar,12.0,576.6666666666666,0.3444528146297761,"PerplexDEW (Davies, activity=DEW)",0.3444528146297761,0.0
DEW,isobar,12.0,578.8888888888889,0.3499425658814906,"PerplexDEW (Davies, activity=DEW)",0.3499425658814906,0.0
DEW,isobar,12.0,581.1111111111111,0.3554993269684458,"PerplexDEW (Davies, activity=DEW)",0.3554993269684458,0.0
DEW,isobar,12.0,583.3333333333334,0.3611236905524286,"PerplexDEW (Davies, activity=DEW)",0.3611236905524286,0.0
DEW,isobar,12.0,585.5555555555555,0.3668162570789303,"PerplexDEW (Davies, activity=DEW)",0.3668162570789303,0.0
DEW,isobar,12.0,587.7777777777778,0.3725776057047077,"PerplexDEW (Davies, activity=DEW)",0.3725776057047077,0.0
DEW,isobar,12.0,590.0,0.3784083520499079,"PerplexDEW (Davies, activity=DEW)",0.3784083520499079,0.0
DEW,isobar,12.0,592.2222222222222,0.3843090901723579,"PerplexDEW (Davies, activity=DEW)",0.3843090901723579,0.0
DEW,isobar,12.0,594.4444444444445,0.3902804679129218,"PerplexDEW (Davies, activity=DEW)",0.3902804679129218,0.0
DEW,isobar,12.0,596.6666666666666,0.3963230808300681,"PerplexDEW (Davies, activity=DEW)",0.3963230808300681,0.0
DEW,isobar,12.0,598.8888888888889,0.4024375796478642,"PerplexDEW (Davies, activity=DEW)",0.4024375796478642,0.0
DEW,isobar,12.0,601.1111111111111,0.4086246257966137,"PerplexDEW (Davies, activity=DEW)",0.4086246257966137,0.0
DEW,isobar,12.0,603.3333333333334,0.41488485868336,"PerplexDEW (Davies, activity=DEW)",0.41488485868336,0.0
DEW,isobar,12.0,605.5555555555555,0.4212189610079015,"PerplexDEW (Davies, activity=DEW)",0.4212189610079015,0.0
DEW,isobar,12.0,607.7777777777778,0.4276276105510856,"PerplexDEW (Davies, activity=DEW)",0.4276276105510856,0.0
DEW,isobar,12.0,610.0,0.4341114792820279,"PerplexDEW (Davies, activity=DEW)",0.4341114792820279,0.0
DEW,isobar,12.0,612.2222222222222,0.4406712858365488,"PerplexDEW (Davies, activity=DEW)",0.4406712858365488,0.0
DEW,isobar,12.0,614.4444444444445,0.4473077629109326,"PerplexDEW (Davies, activity=DEW)",0.4473077629109326,0.0
DEW,isobar,12.0,616.6666666666666,0.4540216026679305,"PerplexDEW (Davies, activity=DEW)",0.4540216026679305,0.0
DEW,isobar,12.0,618.8888888888889,0.4608136026031403,"PerplexDEW (Davies, activity=DEW)",0.4608136026031403,0.0
DEW,isobar,12.0,621.1111111111111,0.4676844645024572,"PerplexDEW (Davies, activity=DEW)",0.4676844645024572,0.0
DEW,isobar,12.0,623.3333333333334,0.4746349987596712,"PerplexDEW (Davies, activity=DEW)",0.4746349987596712,0.0
DEW,isobar,12.0,625.5555555555555,0.4816659952309094,"PerplexDEW (Davies, activity=DEW)",0.4816659952309094,0.0
DEW,isobar,12.0,627.7777777777778,0.4887782608534068,"PerplexDEW (Davies, activity=DEW)",0.4887782608534068,0.0
DEW,isobar,12.0,630.0,0.4959726204526488,"PerplexDEW (Davies, activity=DEW)",0.4959726204526488,0.0
DEW,isobar,12.0,632.2222222222222,0.5032499175840613,"PerplexDEW (Davies, activity=DEW)",0.5032499175840613,0.0
DEW,isobar,12.0,634.4444444444445,0.5106110154094039,"PerplexDEW (Davies, activity=DEW)",0.5106110154094039,0.0
DEW,isobar,12.0,636.6666666666667,0.5180568190642049,"PerplexDEW (Davies, activity=DEW)",0.5180568190642049,0.0
DEW,isobar,12.0,638.8888888888889,0.5255882129744638,"PerplexDEW (Davies, activity=DEW)",0.5255882129744638,0.0
DEW,isobar,12.0,641.1111111111111,0.5332061247688071,"PerplexDEW (Davies, activity=DEW)",0.5332061247688071,0.0
DEW,isobar,12.0,643.3333333333334,0.5409115506992185,"PerplexDEW (Davies, activity=DEW)",0.5409115506992185,0.0
DEW,isobar,12.0,645.5555555555555,0.5487054228446133,"PerplexDEW (Davies, activity=DEW)",0.5487054228446133,0.0
DEW,isobar,12.0,647.7777777777778,0.556588765938666,"PerplexDEW (Davies, activity=DEW)",0.556588765938666,0.0
DEW,isobar,12.0,650.0,0.5645626093999658,"PerplexDEW (Davies, activity=DEW)",0.5645626093999658,0.0
DEW,isobar,12.0,652.2222222222222,0.5726280107281727,"PerplexDEW (Davies, activity=DEW)",0.5726280107281727,0.0
DEW,isobar,12.0,654.4444444444445,0.5807860813065353,"PerplexDEW (Davies, activity=DEW)",0.5807860813065353,0.0
DEW,isobar,12.0,656.6666666666667,0.5890379148933379,"PerplexDEW (Davies, activity=DEW)",0.5890379148933379,0.0
DEW,isobar,12.0,658.8888888888889,0.5973846609748131,"PerplexDEW (Davies, activity=DEW)",0.5973846609748131,0.0
DEW,isobar,12.0,661.1111111111111,0.6058275282567731,"PerplexDEW (Davies, activity=DEW)",0.6058275282567731,0.0
DEW,isobar,12.0,663.3333333333334,0.6143677095393555,"PerplexDEW (Davies, activity=DEW)",0.6143677095393555,0.0
DEW,isobar,12.0,665.5555555555555,0.6230064856705783,"PerplexDEW (Davies, activity=DEW)",0.6230064856705783,0.0
DEW,isobar,12.0,667.7777777777778,0.6317451501042979,"PerplexDEW (Davies, activity=DEW)",0.6317451501042979,0.0
DEW,isobar,12.0,670.0,0.640585035924436,"PerplexDEW (Davies, activity=DEW)",0.640585035924436,0.0
DEW,isobar,12.0,672.2222222222222,0.6495275456398153,"PerplexDEW (Davies, activity=DEW)",0.6495275456398153,0.0
DEW,isobar,12.0,674.4444444444445,0.658574041029204,"PerplexDEW (Davies, activity=DEW)",0.658574041029204,0.0
DEW,isobar,12.0,676.6666666666667,0.6677260121244436,"PerplexDEW (Davies, activity=DEW)",0.6677260121244436,0.0
DEW,isobar,12.0,678.8888888888889,0.676984997700881,"PerplexDEW (Davies, activity=DEW)",0.676984997700881,0.0
DEW,isobar,12.0,681.1111111111111,0.6863525271763542,"PerplexDEW (Davies, activity=DEW)",0.6863525271763542,0.0
DEW,isobar,12.0,683.3333333333334,0.6958302399398348,"PerplexDEW (Davies, activity=DEW)",0.6958302399398348,0.0
DEW,isobar,12.0,685.5555555555555,0.7054197681483132,"PerplexDEW (Davies, activity=DEW)",0.7054197681483132,0.0
DEW,isobar,12.0,687.7777777777778,0.7151228602755487,"PerplexDEW (Davies, activity=DEW)",0.7151228602755487,0.0
DEW,isobar,12.0,690.0,0.7249412921268269,"PerplexDEW (Davies, activity=DEW)",0.7249412921268269,0.0
DEW,isobar,12.0,692.2222222222222,0.7348768664858027,"PerplexDEW (Davies, activity=DEW)",0.7348768664858027,0.0
DEW,isobar,12.0,694.4444444444445,0.7449315460650932,"PerplexDEW (Davies, activity=DEW)",0.7449315460650932,0.0
DEW,isobar,12.0,696.6666666666667,0.7551072271500523,"PerplexDEW (Davies, activity=DEW)",0.7551072271500523,0.0
DEW,isobar,12.0,698.8888888888889,0.7654059721999137,"PerplexDEW (Davies, activity=DEW)",0.7654059721999137,0.0
DEW,isobar,12.0,701.1111111111111,0.7758299160174887,"PerplexDEW (Davies, activity=DEW)",0.7758299160174887,0.0
DEW,isobar,12.0,703.3333333333334,0.7863811971458688,"PerplexDEW (Davies, activity=DEW)",0.7863811971458688,0.0
DEW,isobar,12.0,705.5555555555555,0.7970620637078657,"PerplexDEW (Davies, activity=DEW)",0.7970620637078657,0.0
DEW,isobar,12.0,707.7777777777778,0.8078748794959701,"PerplexDEW (Davies, activity=DEW)",0.8078748794959701,0.0
DEW,isobar,12.0,710.0,0.8188220172580325,"PerplexDEW (Davies, activity=DEW)",0.8188220172580325,0.0
DEW,isobar,12.5,490.0,0.1805592664131711,"PerplexDEW (Davies, activity=DEW)",0.1805592664131711,0.0
DEW,isobar,12.5,492.22222222222223,0.1839084403299698,"PerplexDEW (Davies, activity=DEW)",0.1839084403299698,0.0
DEW,isobar,12.5,494.44444444444446,0.1873061045684527,"PerplexDEW (Davies, activity=DEW)",0.1873061045684527,0.0
DEW,isobar,12.5,496.6666666666667,0.1907527316283342,"PerplexDEW (Davies, activity=DEW)",0.1907527316283342,0.0
DEW,isobar,12.5,498.8888888888889,0.1942487824687258,"PerplexDEW (Davies, activity=DEW)",0.1942487824687258,0.0
DEW,isobar,12.5,501.1111111111111,0.1977947406584309,"PerplexDEW (Davies, activity=DEW)",0.1977947406584309,0.0
DEW,isobar,12.5,503.3333333333333,0.201391070669325,"PerplexDEW (Davies, activity=DEW)",0.201391070669325,0.0
DEW,isobar,12.5,505.55555555555554,0.2050382455847682,"PerplexDEW (Davies, activity=DEW)",0.2050382455847682,0.0
DEW,isobar,12.5,507.77777777777777,0.2087367478370645,"PerplexDEW (Davies, activity=DEW)",0.2087367478370645,0.0
DEW,isobar,12.5,510.0,0.2124870544957608,"PerplexDEW (Davies, activity=DEW)",0.2124870544957608,0.0
DEW,isobar,12.5,512.2222222222222,0.2162896444684808,"PerplexDEW (Davies, activity=DEW)",0.2162896444684808,0.0
DEW,isobar,12.5,514.4444444444445,0.2201449985422603,"PerplexDEW (Davies, activity=DEW)",0.2201449985422603,0.0
DEW,isobar,12.5,516.6666666666666,0.2240536076336346,"PerplexDEW (Davies, activity=DEW)",0.2240536076336346,0.0
DEW,isobar,12.5,518.8888888888889,0.228015948543584,"PerplexDEW (Davies, activity=DEW)",0.228015948543584,0.0
DEW,isobar,12.5,521.1111111111111,0.2320325165225267,"PerplexDEW (Davies, activity=DEW)",0.2320325165225267,0.0
DEW,isobar,12.5,523.3333333333334,0.2361038008797731,"PerplexDEW (Davies, activity=DEW)",0.2361038008797731,0.0
DEW,isobar,12.5,525.5555555555555,0.240230301950455,"PerplexDEW (Davies, activity=DEW)",0.240230301950455,0.0
DEW,isobar,12.5,527.7777777777778,0.2444124959252948,"PerplexDEW (Davies, activity=DEW)",0.2444124959252948,0.0
DEW,isobar,12.5,530.0,0.2486509059260294,"PerplexDEW (Davies, activity=DEW)",0.2486509059260294,0.0
DEW,isobar,12.5,532.2222222222222,0.2529460127198065,"PerplexDEW (Davies, activity=DEW)",0.2529460127198065,0.0
DEW,isobar,12.5,534.4444444444445,0.2572983268190336,"PerplexDEW (Davies, activity=DEW)",0.2572983268190336,0.0
DEW,isobar,12.5,536.6666666666666,0.2617083523250781,"PerplexDEW (Davies, activity=DEW)",0.2617083523250781,0.0
DEW,isobar,12.5,538.8888888888889,0.2661765960539037,"PerplexDEW (Davies, activity=DEW)",0.2661765960539037,0.0
DEW,isobar,12.5,541.1111111111111,0.2707035777374358,"PerplexDEW (Davies, activity=DEW)",0.2707035777374358,0.0
DEW,isobar,12.5,543.3333333333334,0.2752898002497428,"PerplexDEW (Davies, activity=DEW)",0.2752898002497428,0.0
DEW,isobar,12.5,545.5555555555555,0.2799357897292202,"PerplexDEW (Davies, activity=DEW)",0.2799357897292202,0.0
DEW,isobar,12.5,547.7777777777778,0.2846420656362639,"PerplexDEW (Davies, activity=DEW)",0.2846420656362639,0.0
DEW,isobar,12.5,550.0,0.2894091508032399,"PerplexDEW (Davies, activity=DEW)",0.2894091508032399,0.0
DEW,isobar,12.5,552.2222222222222,0.2942375826471944,"PerplexDEW (Davies, activity=DEW)",0.2942375826471944,0.0
DEW,isobar,12.5,554.4444444444445,0.2991278805635964,"PerplexDEW (Davies, activity=DEW)",0.2991278805635964,0.0
DEW,isobar,12.5,556.6666666666666,0.3040805899413057,"PerplexDEW (Davies, activity=DEW)",0.3040805899413057,0.0
DEW,isobar,12.5,558.8888888888889,0.309096237700856,"PerplexDEW (Davies, activity=DEW)",0.309096237700856,0.0
DEW,isobar,12.5,561.1111111111111,0.3141753898420317,"PerplexDEW (Davies, activity=DEW)",0.3141753898420317,0.0
DEW,isobar,12.5,563.3333333333334,0.3193185701220593,"PerplexDEW (Davies, activity=DEW)",0.3193185701220593,0.0
DEW,isobar,12.5,565.5555555555555,0.324526354546922,"PerplexDEW (Davies, activity=DEW)",0.324526354546922,0.0
DEW,isobar,12.5,567.7777777777778,0.3297993007084932,"PerplexDEW (Davies, activity=DEW)",0.3297993007084932,0.0
DEW,isobar,12.5,570.0,0.3351379458403864,"PerplexDEW (Davies, activity=DEW)",0.3351379458403864,0.0
DEW,isobar,12.5,572.2222222222222,0.3405428957823844,"PerplexDEW (Davies, activity=DEW)",0.3405428957823844,0.0
DEW,isobar,12.5,574.4444444444445,0.3460147119059896,"PerplexDEW (Davies, activity=DEW)",0.3460147119059896,0.0
DEW,isobar,12.5,576.6666666666666,0.3515539606574118,"PerplexDEW (Davies, activity=DEW)",0.3515539606574118,0.0
DEW,isobar,12.5,578.8888888888889,0.3571612549456374,"PerplexDEW (Davies, activity=DEW)",0.3571612549456374,0.0
DEW,isobar,12.5,581.1111111111111,0.3628371743667902,"PerplexDEW (Davies, activity=DEW)",0.3628371743667902,0.0
DEW,isobar,12.5,583.3333333333334,0.3685823328946292,"PerplexDEW (Davies, activity=DEW)",0.3685823328946292,0.0
DEW,isobar,12.5,585.5555555555555,0.3743973383555846,"PerplexDEW (Davies, activity=DEW)",0.3743973383555846,0.0
DEW,isobar,12.5,587.7777777777778,0.3802827915617465,"PerplexDEW (Davies, activity=DEW)",0.3802827915617465,0.0
DEW,isobar,12.5,590.0,0.3862393302887163,"PerplexDEW (Davies, activity=DEW)",0.3862393302887163,0.0
DEW,isobar,12.5,592.2222222222222,0.3922675865944353,"PerplexDEW (Davies, activity=DEW)",0.3922675865944353,0.0
DEW,isobar,12.5,594.4444444444445,0.3983682169314954,"PerplexDEW (Davies, activity=DEW)",0.3983682169314954,0.0
DEW,isobar,12.5,596.6666666666666,0.4045418409044903,"PerplexDEW (Davies, activity=DEW)",0.4045418409044903,0.0
DEW,isobar,12.5,598.8888888888889,0.4107891659371931,"PerplexDEW (Davies, activity=DEW)",0.4107891659371931,0.0
DEW,isobar,12.5,601.1111111111111,0.4171108315130294,"PerplexDEW (Davies, activity=DEW)",0.4171108315130294,0.0
DEW,isobar,12.5,603.3333333333334,0.4235075189138326,"PerplexDEW (Davies, activity=DEW)",0.4235075189138326,0.0
DEW,isobar,12.5,605.5555555555555,0.429979954544264,"PerplexDEW (Davies, activity=DEW)",0.429979954544264,0.0
DEW,isobar,12.5,607.7777777777778,0.4365288275318478,"PerplexDEW (Davies, activity=DEW)",0.4365288275318478,0.0
DEW,isobar,12.5,610.0,0.4431548383741726,"PerplexDEW (Davies, activity=DEW)",0.4431548383741726,0.0
DEW,isobar,12.5,612.2222222222222,0.4498587528271769,"PerplexDEW (Davies, activity=DEW)",0.4498587528271769,0.0
DEW,isobar,12.5,614.4444444444445,0.4566413166899157,"PerplexDEW (Davies, activity=DEW)",0.4566413166899157,0.0
DEW,isobar,12.5,616.6666666666666,0.4635032718533662,"PerplexDEW (Davies, activity=DEW)",0.4635032718533662,0.0
DEW,isobar,12.5,618.8888888888889,0.4704454115388187,"PerplexDEW (Davies, activity=DEW)",0.4704454115388187,0.0
DEW,isobar,12.5,621.1111111111111,0.4774685080811005,"PerplexDEW (Davies, activity=DEW)",0.4774685080811005,0.0
DEW,isobar,12.5,623.3333333333334,0.4845734072414775,"PerplexDEW (Davies, activity=DEW)",0.4845734072414775,0.0
DEW,isobar,12.5,625.5555555555555,0.4917608961395924,"PerplexDEW (Davies, activity=DEW)",0.4917608961395924,0.0
DEW,isobar,12.5,627.7777777777778,0.499031857610708,"PerplexDEW (Davies, activity=DEW)",0.499031857610708,0.0
DEW,isobar,12.5,630.0,0.5063871352775989,"PerplexDEW (Davies, activity=DEW)",0.5063871352775989,0.0
DEW,isobar,12.5,632.2222222222222,0.5138276121824846,"PerplexDEW (Davies, activity=DEW)",0.5138276121824846,0.0
DEW,isobar,12.5,634.4444444444445,0.521354213434675,"PerplexDEW (Davies, activity=DEW)",0.521354213434675,0.0
DEW,isobar,12.5,636.6666666666667,0.5289678447298521,"PerplexDEW (Davies, activity=DEW)",0.5289678447298521,0.0
DEW,isobar,12.5,638.8888888888889,0.5366694769119107,"PerplexDEW (Davies, activity=DEW)",0.5366694769119107,0.0
DEW,isobar,12.5,641.1111111111111,0.5444600842234315,"PerplexDEW (Davies, activity=DEW)",0.5444600842234315,0.0
DEW,isobar,12.5,643.3333333333334,0.5523406661182678,"PerplexDEW (Davies, activity=DEW)",0.5523406661182678,0.0
DEW,isobar,12.5,645.5555555555555,0.5603122484130517,"PerplexDEW (Davies, activity=DEW)",0.5603122484130517,0.0
DEW,isobar,12.5,647.7777777777778,0.5683758844849631,"PerplexDEW (Davies, activity=DEW)",0.5683758844849631,0.0
DEW,isobar,12.5,650.0,0.5765326565178092,"PerplexDEW (Davies, activity=DEW)",0.5765326565178092,0.0
DEW,isobar,12.5,652.2222222222222,0.5847837008969159,"PerplexDEW (Davies, activity=DEW)",0.5847837008969159,0.0
DEW,isobar,12.5,654.4444444444445,0.5931301380776688,"PerplexDEW (Davies, activity=DEW)",0.5931301380776688,0.0
DEW,isobar,12.5,656.6666666666667,0.6015731695918017,"PerplexDEW (Davies, activity=DEW)",0.6015731695918017,0.0
DEW,isobar,12.5,658.8888888888889,0.6101139822723699,"PerplexDEW (Davies, activity=DEW)",0.6101139822723699,0.0
DEW,isobar,12.5,661.1111111111111,0.6187538486502616,"PerplexDEW (Davies, activity=DEW)",0.6187538486502616,0.0
DEW,isobar,12.5,663.3333333333334,0.6274940541794564,"PerplexDEW (Davies, activity=DEW)",0.6274940541794564,0.0
DEW,isobar,12.5,665.5555555555555,0.6363359233782397,"PerplexDEW (Davies, activity=DEW)",0.6363359233782397,0.0
DEW,isobar,12.5,667.7777777777778,0.6452808215237109,"PerplexDEW (Davies, activity=DEW)",0.6452808215237109,0.0
DEW,isobar,12.5,670.0,0.654330156410495,"PerplexDEW (Davies, activity=DEW)",0.654330156410495,0.0
DEW,isobar,12.5,672.2222222222222,0.6634854082372245,"PerplexDEW (Davies, activity=DEW)",0.6634854082372245,0.0
DEW,isobar,12.5,674.4444444444445,0.6727480197380136,"PerplexDEW (Davies, activity=DEW)",0.6727480197380136,0.0
DEW,isobar,12.5,676.6666666666667,0.6821195941102334,"PerplexDEW (Davies, activity=DEW)",0.6821195941102334,0.0
DEW,isobar,12.5,678.8888888888889,0.6916017296688111,"PerplexDEW (Davies, activity=DEW)",0.6916017296688111,0.0
DEW,isobar,12.5,681.1111111111111,0.7011960470956878,"PerplexDEW (Davies, activity=DEW)",0.7011960470956878,0.0
DEW,isobar,12.5,683.3333333333334,0.7109042807212568,"PerplexDEW (Davies, activity=DEW)",0.7109042807212568,0.0
DEW,isobar,12.5,685.5555555555555,0.7207281927178413,"PerplexDEW (Davies, activity=DEW)",0.7207281927178413,0.0
DEW,isobar,12.5,687.7777777777778,0.730669572855529,"PerplexDEW (Davies, activity=DEW)",0.730669572855529,0.0
DEW,isobar,12.5,690.0,0.7407303347380424,"PerplexDEW (Davies, activity=DEW)",0.7407303347380424,0.0
DEW,isobar,12.5,692.2222222222222,0.750912458351827,"PerplexDEW (Davies, activity=DEW)",0.750912458351827,0.0
DEW,isobar,12.5,694.4444444444445,0.7612178928352866,"PerplexDEW (Davies, activity=DEW)",0.7612178928352866,0.0
DEW,isobar,12.5,696.6666666666667,0.7716487878657396,"PerplexDEW (Davies, activity=DEW)",0.7716487878657396,0.0
DEW,isobar,12.5,698.8888888888889,0.782207266656944,"PerplexDEW (Davies, activity=DEW)",0.782207266656944,0.0
DEW,isobar,12.5,701.1111111111111,0.7928955604137361,"PerplexDEW (Davies, activity=DEW)",0.7928955604137361,0.0
DEW,isobar,12.5,703.3333333333334,0.803715978593985,"PerplexDEW (Davies, activity=DEW)",0.803715978593985,0.0
DEW,isobar,12.5,705.5555555555555,0.8146709484004414,"PerplexDEW (Davies, activity=DEW)",0.8146709484004414,0.0
DEW,isobar,12.5,707.7777777777778,0.825762947199097,"PerplexDEW (Davies, activity=DEW)",0.825762947199097,0.0
DEW,isobar,12.5,710.0,0.8369945026624611,"PerplexDEW (Davies, activity=DEW)",0.8369945026624611,0.0
DEW,isobar,15.0,490.0,0.1982466858202296,"PerplexDEW (Davies, activity=DEW)",0.1982466858202296,0.0
DEW,isobar,15.0,492.22222222222223,0.2019247511096047,"PerplexDEW (Davies, activity=DEW)",0.2019247511096047,0.0
DEW,isobar,15.0,494.44444444444446,0.2056561843685821,"PerplexDEW (Davies, activity=DEW)",0.2056561843685821,0.0
DEW,isobar,15.0,496.6666666666667,0.2094415185800306,"PerplexDEW (Davies, activity=DEW)",0.2094415185800306,0.0
DEW,isobar,15.0,498.8888888888889,0.2132812693320545,"PerplexDEW (Davies, activity=DEW)",0.2132812693320545,0.0
DEW,isobar,15.0,501.1111111111111,0.2171759681957819,"PerplexDEW (Davies, activity=DEW)",0.2171759681957819,0.0
DEW,isobar,15.0,503.3333333333333,0.2211261422284237,"PerplexDEW (Davies, activity=DEW)",0.2211261422284237,0.0
DEW,isobar,15.0,505.55555555555554,0.2251323133243179,"PerplexDEW (Davies, activity=DEW)",0.2251323133243179,0.0
DEW,isobar,15.0,507.77777777777777,0.2291950279130457,"PerplexDEW (Davies, activity=DEW)",0.2291950279130457,0.0
DEW,isobar,15.0,510.0,0.233314808880238,"PerplexDEW (Davies, activity=DEW)",0.233314808880238,0.0
DEW,isobar,15.0,512.2222222222222,0.237492204343981,"PerplexDEW (Davies, activity=DEW)",0.237492204343981,0.0
DEW,isobar,15.0,514.4444444444445,0.2417277457256732,"PerplexDEW (Davies, activity=DEW)",0.2417277457256732,0.0
DEW,isobar,15.0,516.6666666666666,0.2460219828136147,"PerplexDEW (Davies, activity=DEW)",0.2460219828136147,0.0
DEW,isobar,15.0,518.8888888888889,0.2503754561410211,"PerplexDEW (Davies, activity=DEW)",0.2503754561410211,0.0
DEW,isobar,15.0,521.1111111111111,0.2547887214389597,"PerplexDEW (Davies, activity=DEW)",0.2547887214389597,0.0
DEW,isobar,15.0,523.3333333333334,0.2592623248970789,"PerplexDEW (Davies, activity=DEW)",0.2592623248970789,0.0
DEW,isobar,15.0,525.5555555555555,0.2637968241521691,"PerplexDEW (Davies, activity=DEW)",0.2637968241521691,0.0
DEW,isobar,15.0,527.7777777777778,0.2683927711965373,"PerplexDEW (Davies, activity=DEW)",0.2683927711965373,0.0
DEW,isobar,15.0,530.0,0.2730507345969883,"PerplexDEW (Davies, activity=DEW)",0.2730507345969883,0.0
DEW,isobar,15.0,532.2222222222222,0.2777712775162009,"PerplexDEW (Davies, activity=DEW)",0.2777712775162009,0.0
DEW,isobar,15.0,534.4444444444445,0.282554961752998,"PerplexDEW (Davies, activity=DEW)",0.282554961752998,0.0
DEW,isobar,15.0,536.6666666666666,0.2874023619876549,"PerplexDEW (Davies, activity=DEW)",0.2874023619876549,0.0
DEW,isobar,15.0,538.8888888888889,0.2923140569313131,"PerplexDEW (Davies, activity=DEW)",0.2923140569313131,0.0
DEW,isobar,15.0,541.1111111111111,0.2972906194265102,"PerplexDEW (Davies, activity=DEW)",0.2972906194265102,0.0
DEW,isobar,15.0,543.3333333333334,0.3023326413274859,"PerplexDEW (Davies, activity=DEW)",0.3023326413274859,0.0
DEW,isobar,15.0,545.5555555555555,0.3074407089725412,"PerplexDEW (Davies, activity=DEW)",0.3074407089725412,0.0
DEW,isobar,15.0,547.7777777777778,0.3126154024386882,"PerplexDEW (Davies, activity=DEW)",0.3126154024386882,0.0
DEW,isobar,15.0,550.0,0.3178573272517694,"PerplexDEW (Davies, activity=DEW)",0.3178573272517694,0.0
DEW,isobar,15.0,552.2222222222222,0.3231670889772092,"PerplexDEW (Davies, activity=DEW)",0.3231670889772092,0.0
DEW,isobar,15.0,554.4444444444445,0.3285452873554886,"PerplexDEW (Davies, activity=DEW)",0.3285452873554886,0.0
DEW,isobar,15.0,556.6666666666666,0.3339925383962725,"PerplexDEW (Davies, activity=DEW)",0.3339925383962725,0.0
DEW,isobar,15.0,558.8888888888889,0.3395094523690695,"PerplexDEW (Davies, activity=DEW)",0.3395094523690695,0.0
DEW,isobar,15.0,561.1111111111111,0.3450966626538064,"PerplexDEW (Davies, activity=DEW)",0.3450966626538064,0.0
DEW,isobar,15.0,563.3333333333334,0.3507547974469598,"PerplexDEW (Davies, activity=DEW)",0.3507547974469598,0.0
DEW,isobar,15.0,565.5555555555555,0.3564844912832942,"PerplexDEW (Davies, activity=DEW)",0.3564844912832942,0.0
DEW,isobar,15.0,567.7777777777778,0.3622863728464463,"PerplexDEW (Davies, activity=DEW)",0.3622863728464463,0.0
DEW,isobar,15.0,570.0,0.3681611150699588,"PerplexDEW (Davies, activity=DEW)",0.3681611150699588,0.0
DEW,isobar,15.0,572.2222222222222,0.3741093611521875,"PerplexDEW (Davies, activity=DEW)",0.3741093611521875,0.0
DEW,isobar,15.0,574.4444444444445,0.3801317874334606,"PerplexDEW (Davies, activity=DEW)",0.3801317874334606,0.0
DEW,isobar,15.0,576.6666666666666,0.3862290524264417,"PerplexDEW (Davies, activity=DEW)",0.3862290524264417,0.0
DEW,isobar,15.0,578.8888888888889,0.3924018494846368,"PerplexDEW (Davies, activity=DEW)",0.3924018494846368,0.0
DEW,isobar,15.0,581.1111111111111,0.3986508540310875,"PerplexDEW (Davies, activity=DEW)",0.3986508540310875,0.0
DEW,isobar,15.0,583.3333333333334,0.4049767922762959,"PerplexDEW (Davies, activity=DEW)",0.4049767922762959,0.0
DEW,isobar,15.0,585.5555555555555,0.4113803446792672,"PerplexDEW (Davies, activity=DEW)",0.4113803446792672,0.0
DEW,isobar,15.0,587.7777777777778,0.4178622585674944,"PerplexDEW (Davies, activity=DEW)",0.4178622585674944,0.0
DEW,isobar,15.0,590.0,0.4244232494441903,"PerplexDEW (Davies, activity=DEW)",0.4244232494441903,0.0
DEW,isobar,15.0,592.2222222222222,0.4310640583200349,"PerplexDEW (Davies, activity=DEW)",0.4310640583200349,0.0
DEW,isobar,15.0,594.4444444444445,0.4377854535612808,"PerplexDEW (Davies, activity=DEW)",0.4377854535612808,0.0
DEW,isobar,15.0,596.6666666666666,0.4445882014539502,"PerplexDEW (Davies, activity=DEW)",0.4445882014539502,0.0
DEW,isobar,15.0,598.8888888888889,0.4514730655069129,"PerplexDEW (Davies, activity=DEW)",0.4514730655069129,0.0
DEW,isobar,15.0,601.1111111111111,0.4584408544264375,"PerplexDEW (Davies, activity=DEW)",0.4584408544264375,0.0
DEW,isobar,15.0,603.3333333333334,0.4654923760199118,"PerplexDEW (Davies, activity=DEW)",0.4654923760199118,0.0
DEW,isobar,15.0,605.5555555555555,0.4726284533299143,"PerplexDEW (Davies, activity=DEW)",0.4726284533299143,0.0
DEW,isobar,15.0,607.7777777777778,0.4798499424745273,"PerplexDEW (Davies, activity=DEW)",0.4798499424745273,0.0
DEW,isobar,15.0,610.0,0.4871576740568336,"PerplexDEW (Davies, activity=DEW)",0.4871576740568336,0.0
DEW,isobar,15.0,612.2222222222222,0.4945525475548822,"PerplexDEW (Davies, activity=DEW)",0.4945525475548822,0.0
DEW,isobar,15.0,614.4444444444445,0.5020354287407398,"PerplexDEW (Davies, activity=DEW)",0.5020354287407398,0.0
DEW,isobar,15.0,616.6666666666666,0.5096072740918667,"PerplexDEW (Davies, activity=DEW)",0.5096072740918667,0.0
DEW,isobar,15.0,618.8888888888889,0.5172689797448355,"PerplexDEW (Davies, activity=DEW)",0.5172689797448355,0.0
DEW,isobar,15.0,621.1111111111111,0.5250215173914624,"PerplexDEW (Davies, activity=DEW)",0.5250215173914624,0.0
DEW,isobar,15.0,623.3333333333334,0.532865843796583,"PerplexDEW (Davies, activity=DEW)",0.532865843796583,0.0
DEW,isobar,15.0,625.5555555555555,0.5408029965307178,"PerplexDEW (Davies, activity=DEW)",0.5408029965307178,0.0
DEW,isobar,15.0,627.7777777777778,0.5488339805556014,"PerplexDEW (Davies, activity=DEW)",0.5488339805556014,0.0
DEW,isobar,15.0,630.0,0.5569598656717679,"PerplexDEW (Davies, activity=DEW)",0.5569598656717679,0.0
DEW,isobar,15.0,632.2222222222222,0.5651816881285848,"PerplexDEW (Davies, activity=DEW)",0.5651816881285848,0.0
DEW,isobar,15.0,634.4444444444445,0.5735005933396174,"PerplexDEW (Davies, activity=DEW)",0.5735005933396174,0.0
DEW,isobar,15.0,636.6666666666667,0.5819177163735638,"PerplexDEW (Davies, activity=DEW)",0.5819177163735638,0.0
DEW,isobar,15.0,638.8888888888889,0.5904342014870008,"PerplexDEW (Davies, activity=DEW)",0.5904342014870008,0.0
DEW,isobar,15.0,641.1111111111111,0.5990512678357115,"PerplexDEW (Davies, activity=DEW)",0.5990512678357115,0.0
DEW,isobar,15.0,643.3333333333334,0.6077701474086906,"PerplexDEW (Davies, activity=DEW)",0.6077701474086906,0.0
DEW,isobar,15.0,645.5555555555555,0.6165920961343493,"PerplexDEW (Davies, activity=DEW)",0.6165920961343493,0.0
DEW,isobar,15.0,647.7777777777778,0.625518429310525,"PerplexDEW (Davies, activity=DEW)",0.625518429310525,0.0
DEW,isobar,15.0,650.0,0.6345505016496933,"PerplexDEW (Davies, activity=DEW)",0.6345505016496933,0.0
DEW,isobar,15.0,652.2222222222222,0.6436896850781678,"PerplexDEW (Davies, activity=DEW)",0.6436896850781678,0.0
DEW,isobar,15.0,654.4444444444445,0.652937405143871,"PerplexDEW (Davies, activity=DEW)",0.652937405143871,0.0
DEW,isobar,15.0,656.6666666666667,0.6622951563311056,"PerplexDEW (Davies, activity=DEW)",0.6622951563311056,0.0
DEW,isobar,15.0,658.8888888888889,0.6717644304355059,"PerplexDEW (Davies, activity=DEW)",0.6717644304355059,0.0
DEW,isobar,15.0,661.1111111111111,0.6813467913890403,"PerplexDEW (Davies, activity=DEW)",0.6813467913890403,0.0
DEW,isobar,15.0,663.3333333333334,0.691043879521969,"PerplexDEW (Davies, activity=DEW)",0.691043879521969,0.0
DEW,isobar,15.0,665.5555555555555,0.7008573628973137,"PerplexDEW (Davies, activity=DEW)",0.7008573628973137,0.0
DEW,isobar,15.0,667.7777777777778,0.710788964434858,"PerplexDEW (Davies, activity=DEW)",0.710788964434858,0.0
DEW,isobar,15.0,670.0,0.7208404368172172,"PerplexDEW (Davies, activity=DEW)",0.7208404368172172,0.0
DEW,isobar,15.0,672.2222222222222,0.73101364650281,"PerplexDEW (Davies, activity=DEW)",0.73101364650281,0.0
DEW,isobar,15.0,674.4444444444445,0.7413105241671764,"PerplexDEW (Davies, activity=DEW)",0.7413105241671764,0.0
DEW,isobar,15.0,676.6666666666667,0.7517329806378893,"PerplexDEW (Davies, activity=DEW)",0.7517329806378893,0.0
DEW,isobar,15.0,678.8888888888889,0.7622831083791081,"PerplexDEW (Davies, activity=DEW)",0.7622831083791081,0.0
DEW,isobar,15.0,681.1111111111111,0.7729629547410796,"PerplexDEW (Davies, activity=DEW)",0.7729629547410796,0.0
DEW,isobar,15.0,683.3333333333334,0.7837747586100489,"PerplexDEW (Davies, activity=DEW)",0.7837747586100489,0.0
DEW,isobar,15.0,685.5555555555555,0.7947207778578027,"PerplexDEW (Davies, activity=DEW)",0.7947207778578027,0.0
DEW,isobar,15.0,687.7777777777778,0.8058033188938162,"PerplexDEW (Davies, activity=DEW)",0.8058033188938162,0.0
DEW,isobar,15.0,690.0,0.8170248015018284,"PerplexDEW (Davies, activity=DEW)",0.8170248015018284,0.0
DEW,isobar,15.0,692.2222222222222,0.8283877650593341,"PerplexDEW (Davies, activity=DEW)",0.8283877650593341,0.0
DEW,isobar,15.0,694.4444444444445,0.8398948084717796,"PerplexDEW (Davies, activity=DEW)",0.8398948084717796,0.0
DEW,isobar,15.0,696.6666666666667,0.851548591051379,"PerplexDEW (Davies, activity=DEW)",0.851548591051379,0.0
DEW,isobar,15.0,698.8888888888889,0.8633519368529183,"PerplexDEW (Davies, activity=DEW)",0.8633519368529183,0.0
DEW,isobar,15.0,701.1111111111111,0.8753077394117372,"PerplexDEW (Davies, activity=DEW)",0.8753077394117372,0.0
DEW,isobar,15.0,703.3333333333334,0.8874189986177459,"PerplexDEW (Davies, activity=DEW)",0.8874189986177459,0.0
DEW,isobar,15.0,705.5555555555555,0.8996888068162106,"PerplexDEW (Davies, activity=DEW)",0.8996888068162106,0.0
DEW,isobar,15.0,707.7777777777778,0.9121204072356076,"PerplexDEW (Davies, activity=DEW)",0.9121204072356076,0.0
DEW,isobar,15.0,710.0,0.9247171641814051,"PerplexDEW (Davies, activity=DEW)",0.9247171641814051,0.0
DEW,isobar,17.5,490.0,0.2156536940993593,"PerplexDEW (Davies, activity=DEW)",0.2156536940993593,0.0
DEW,isobar,17.5,492.22222222222223,0.2196496626518609,"PerplexDEW (Davies, activity=DEW)",0.2196496626518609,0.0
DEW,isobar,17.5,494.44444444444446,0.2237035916844223,"PerplexDEW (Davies, activity=DEW)",0.2237035916844223,0.0
DEW,isobar,17.5,496.6666666666667,0.2278160457065388,"PerplexDEW (Davies, activity=DEW)",0.2278160457065388,0.0
DEW,isobar,17.5,498.8888888888889,0.2319875957408239,"PerplexDEW (Davies, activity=DEW)",0.2319875957408239,0.0
DEW,isobar,17.5,501.1111111111111,0.2362188190657052,"PerplexDEW (Davies, activity=DEW)",0.2362188190657052,0.0
DEW,isobar,17.5,503.3333333333333,0.2405102959513349,"PerplexDEW (Davies, activity=DEW)",0.2405102959513349,0.0
DEW,isobar,17.5,505.55555555555554,0.2448626022502489,"PerplexDEW (Davies, activity=DEW)",0.2448626022502489,0.0
DEW,isobar,17.5,507.77777777777777,0.249276324001185,"PerplexDEW (Davies, activity=DEW)",0.249276324001185,0.0
DEW,isobar,17.5,510.0,0.2537520426803124,"PerplexDEW (Davies, activity=DEW)",0.2537520426803124,0.0
DEW,isobar,17.5,512.2222222222222,0.258290354347883,"PerplexDEW (Davies, activity=DEW)",0.258290354347883,0.0
DEW,isobar,17.5,514.4444444444445,0.262891850676275,"PerplexDEW (Davies, activity=DEW)",0.262891850676275,0.0
DEW,isobar,17.5,516.6666666666666,0.2675571182954052,"PerplexDEW (Davies, activity=DEW)",0.2675571182954052,0.0
DEW,isobar,17.5,518.8888888888889,0.2722867716442488,"PerplexDEW (Davies, activity=DEW)",0.2722867716442488,0.0
DEW,isobar,17.5,521.1111111111111,0.2770813999111137,"PerplexDEW (Davies, activity=DEW)",0.2770813999111137,0.0
DEW,isobar,17.5,523.3333333333334,0.2819416209493248,"PerplexDEW (Davies, activity=DEW)",0.2819416209493248,0.0
DEW,isobar,17.5,525.5555555555555,0.2868680306153966,"PerplexDEW (Davies, activity=DEW)",0.2868680306153966,0.0
DEW,isobar,17.5,527.7777777777778,0.2918612591662923,"PerplexDEW (Davies, activity=DEW)",0.2918612591662923,0.0
DEW,isobar,17.5,530.0,0.2969219052961201,"PerplexDEW (Davies, activity=DEW)",0.2969219052961201,0.0
DEW,isobar,17.5,532.2222222222222,0.3020506079079871,"PerplexDEW (Davies, activity=DEW)",0.3020506079079871,0.0
DEW,isobar,17.5,534.4444444444445,0.3072479876391238,"PerplexDEW (Davies, activity=DEW)",0.3072479876391238,0.0
DEW,isobar,17.5,536.6666666666666,0.312514674054551,"PerplexDEW (Davies, activity=DEW)",0.312514674054551,0.0
DEW,isobar,17.5,538.8888888888889,0.3178513013149875,"PerplexDEW (Davies, activity=DEW)",0.3178513013149875,0.0
DEW,isobar,17.5,541.1111111111111,0.3232585083737909,"PerplexDEW (Davies, activity=DEW)",0.3232585083737909,0.0
DEW,isobar,17.5,543.3333333333334,0.3287369494607877,"PerplexDEW (Davies, activity=DEW)",0.3287369494607877,0.0
DEW,isobar,17.5,545.5555555555555,0.334287269089428,"PerplexDEW (Davies, activity=DEW)",0.334287269089428,0.0
DEW,isobar,17.5,547.7777777777778,0.3399101168687718,"PerplexDEW (Davies, activity=DEW)",0.3399101168687718,0.0
DEW,isobar,17.5,550.0,0.3456061694352643,"PerplexDEW (Davies, activity=DEW)",0.3456061694352643,0.0
DEW,isobar,17.5,552.2222222222222,0.3513760829719655,"PerplexDEW (Davies, activity=DEW)",0.3513760829719655,0.0
DEW,isobar,17.5,554.4444444444445,0.3572205360133559,"PerplexDEW (Davies, activity=DEW)",0.3572205360133559,0.0
DEW,isobar,17.5,556.6666666666666,0.3631402083400166,"PerplexDEW (Davies, activity=DEW)",0.3631402083400166,0.0
DEW,isobar,17.5,558.8888888888889,0.3691357924468547,"PerplexDEW (Davies, activity=DEW)",0.3691357924468547,0.0
DEW,isobar,17.5,561.1111111111111,0.3752079766039647,"PerplexDEW (Davies, activity=DEW)",0.3752079766039647,0.0
DEW,isobar,17.5,563.3333333333334,0.3813574743503227,"PerplexDEW (Davies, activity=DEW)",0.3813574743503227,0.0
DEW,isobar,17.5,565.5555555555555,0.3875849895916909,"PerplexDEW (Davies, activity=DEW)",0.3875849895916909,0.0
DEW,isobar,17.5,567.7777777777778,0.3938912404023665,"PerplexDEW (Davies, activity=DEW)",0.3938912404023665,0.0
DEW,isobar,17.5,570.0,0.4002769536100146,"PerplexDEW (Davies, activity=DEW)",0.4002769536100146,0.0
DEW,isobar,17.5,572.2222222222222,0.4067428781884356,"PerplexDEW (Davies, activity=DEW)",0.4067428781884356,0.0
DEW,isobar,17.5,574.4444444444445,0.4132897472966336,"PerplexDEW (Davies, activity=DEW)",0.4132897472966336,0.0
DEW,isobar,17.5,576.6666666666666,0.419918330150142,"PerplexDEW (Davies, activity=DEW)",0.419918330150142,0.0
DEW,isobar,17.5,578.8888888888889,0.4266293938839255,"PerplexDEW (Davies, activity=DEW)",0.4266293938839255,0.0
DEW,isobar,17.5,581.1111111111111,0.4334237029204613,"PerplexDEW (Davies, activity=DEW)",0.4334237029204613,0.0
DEW,isobar,17.5,583.3333333333334,0.4403020748741277,"PerplexDEW (Davies, activity=DEW)",0.4403020748741277,0.0
DEW,isobar,17.5,585.5555555555555,0.4472652840957373,"PerplexDEW (Davies, activity=DEW)",0.4472652840957373,0.0
DEW,isobar,17.5,587.7777777777778,0.4543141744557047,"PerplexDEW (Davies, activity=DEW)",0.4543141744557047,0.0
DEW,isobar,17.5,590.0,0.4614495607562765,"PerplexDEW (Davies, activity=DEW)",0.4614495607562765,0.0
DEW,isobar,17.5,592.2222222222222,0.4686722937945293,"PerplexDEW (Davies, activity=DEW)",0.4686722937945293,0.0
DEW,isobar,17.5,594.4444444444445,0.4759832321760663,"PerplexDEW (Davies, activity=DEW)",0.4759832321760663,0.0
DEW,isobar,17.5,596.6666666666666,0.4833832502572233,"PerplexDEW (Davies, activity=DEW)",0.4833832502572233,0.0
DEW,isobar,17.5,598.8888888888889,0.4908732389292348,"PerplexDEW (Davies, activity=DEW)",0.4908732389292348,0.0
DEW,isobar,17.5,601.1111111111111,0.4984541145552675,"PerplexDEW (Davies, activity=DEW)",0.4984541145552675,0.0
DEW,isobar,17.5,603.3333333333334,0.5061268040202159,"PerplexDEW (Davies, activity=DEW)",0.5061268040202159,0.0
DEW,isobar,17.5,605.5555555555555,0.513892253340494,"PerplexDEW (Davies, activity=DEW)",0.513892253340494,0.0
DEW,isobar,17.5,607.7777777777778,0.5217514200658175,"PerplexDEW (Davies, activity=DEW)",0.5217514200658175,0.0
DEW,isobar,17.5,610.0,0.5297053169767062,"PerplexDEW (Davies, activity=DEW)",0.5297053169767062,0.0
DEW,isobar,17.5,612.2222222222222,0.5377549276973042,"PerplexDEW (Davies, activity=DEW)",0.5377549276973042,0.0
DEW,isobar,17.5,614.4444444444445,0.5459013111750035,"PerplexDEW (Davies, activity=DEW)",0.5459013111750035,0.0
DEW,isobar,17.5,616.6666666666666,0.5541455067787476,"PerplexDEW (Davies, activity=DEW)",0.5541455067787476,0.0
DEW,isobar,17.5,618.8888888888889,0.5624886060416621,"PerplexDEW (Davies, activity=DEW)",0.5624886060416621,0.0
DEW,isobar,17.5,621.1111111111111,0.570931727853157,"PerplexDEW (Davies, activity=DEW)",0.570931727853157,0.0
DEW,isobar,17.5,623.3333333333334,0.5794760005324444,"PerplexDEW (Davies, activity=DEW)",0.5794760005324444,0.0
DEW,isobar,17.5,625.5555555555555,0.5881226006981225,"PerplexDEW (Davies, activity=DEW)",0.5881226006981225,0.0
DEW,isobar,17.5,627.7777777777778,0.5968727264616694,"PerplexDEW (Davies, activity=DEW)",0.5968727264616694,0.0
DEW,isobar,17.5,630.0,0.6057275980729561,"PerplexDEW (Davies, activity=DEW)",0.6057275980729561,0.0
DEW,isobar,17.5,632.2222222222222,0.6146884997677194,"PerplexDEW (Davies, activity=DEW)",0.6146884997677194,0.0
DEW,isobar,17.5,634.4444444444445,0.6237567211482569,"PerplexDEW (Davies, activity=DEW)",0.6237567211482569,0.0
DEW,isobar,17.5,636.6666666666667,0.6329336094755528,"PerplexDEW (Davies, activity=DEW)",0.6329336094755528,0.0
DEW,isobar,17.5,638.8888888888889,0.6422205298702028,"PerplexDEW (Davies, activity=DEW)",0.6422205298702028,0.0
DEW,isobar,17.5,641.1111111111111,0.6516189093715046,"PerplexDEW (Davies, activity=DEW)",0.6516189093715046,0.0
DEW,isobar,17.5,643.3333333333334,0.6611302070628383,"PerplexDEW (Davies, activity=DEW)",0.6611302070628383,0.0
DEW,isobar,17.5,645.5555555555555,0.6707559265111827,"PerplexDEW (Davies, activity=DEW)",0.6707559265111827,0.0
DEW,isobar,17.5,647.7777777777778,0.6804976294099218,"PerplexDEW (Davies, activity=DEW)",0.6804976294099218,0.0
DEW,isobar,17.5,650.0,0.6903569033368908,"PerplexDEW (Davies, activity=DEW)",0.6903569033368908,0.0
DEW,isobar,17.5,652.2222222222222,0.7003354099636592,"PerplexDEW (Davies, activity=DEW)",0.7003354099636592,0.0
DEW,isobar,17.5,654.4444444444445,0.710434840599647,"PerplexDEW (Davies, activity=DEW)",0.710434840599647,0.0
DEW,isobar,17.5,656.6666666666667,0.7206569661783125,"PerplexDEW (Davies, activity=DEW)",0.7206569661783125,0.0
DEW,isobar,17.5,658.8888888888889,0.731003616620585,"PerplexDEW (Davies, activity=DEW)",0.731003616620585,0.0
DEW,isobar,17.5,661.1111111111111,0.7414766578036116,"PerplexDEW (Davies, activity=DEW)",0.7414766578036116,0.0
DEW,isobar,17.5,663.3333333333334,0.7520780312870279,"PerplexDEW (Davies, activity=DEW)",0.7520780312870279,0.0
DEW,isobar,17.5,665.5555555555555,0.7628097449390672,"PerplexDEW (Davies, activity=DEW)",0.7628097449390672,0.0
DEW,isobar,17.5,667.7777777777778,0.7736739029169127,"PerplexDEW (Davies, activity=DEW)",0.7736739029169127,0.0
DEW,isobar,17.5,670.0,0.7846726285359247,"PerplexDEW (Davies, activity=DEW)",0.7846726285359247,0.0
DEW,isobar,17.5,672.2222222222222,0.7958081607121243,"PerplexDEW (Davies, activity=DEW)",0.7958081607121243,0.0
DEW,isobar,17.5,674.4444444444445,0.8070828181181418,"PerplexDEW (Davies, activity=DEW)",0.8070828181181418,0.0
DEW,isobar,17.5,676.6666666666667,0.8184989591815506,"PerplexDEW (Davies, activity=DEW)",0.8184989591815506,0.0
DEW,isobar,17.5,678.8888888888889,0.8300590851073625,"PerplexDEW (Davies, activity=DEW)",0.8300590851073625,0.0
DEW,isobar,17.5,681.1111111111111,0.8417657286123374,"PerplexDEW (Davies, activity=DEW)",0.8417657286123374,0.0
DEW,isobar,17.5,683.3333333333334,0.8536216053117082,"PerplexDEW (Davies, activity=DEW)",0.8536216053117082,0.0
DEW,isobar,17.5,685.5555555555555,0.8656294080777187,"PerplexDEW (Davies, activity=DEW)",0.8656294080777187,0.0
DEW,isobar,17.5,687.7777777777778,0.8777920218687386,"PerplexDEW (Davies, activity=DEW)",0.8777920218687386,0.0
DEW,isobar,17.5,690.0,0.8901124235374486,"PerplexDEW (Davies, activity=DEW)",0.8901124235374486,0.0
DEW,isobar,17.5,692.2222222222222,0.9025936685569528,"PerplexDEW (Davies, activity=DEW)",0.9025936685569528,0.0
DEW,isobar,17.5,694.4444444444445,0.9152389261408188,"PerplexDEW (Davies, activity=DEW)",0.9152389261408188,0.0
DEW,isobar,17.5,696.6666666666667,0.9280515520034124,"PerplexDEW (Davies, activity=DEW)",0.9280515520034124,0.0
DEW,isobar,17.5,698.8888888888889,0.9410349263230596,"PerplexDEW (Davies, activity=DEW)",0.9410349263230596,0.0
DEW,isobar,17.5,701.1111111111111,0.954192661195625,"PerplexDEW (Davies, activity=DEW)",0.954192661195625,0.0
DEW,isobar,17.5,703.3333333333334,0.9675284000005188,"PerplexDEW (Davies, activity=DEW)",0.9675284000005188,0.0
DEW,isobar,17.5,705.5555555555555,0.9810460327264424,"PerplexDEW (Davies, activity=DEW)",0.9810460327264424,0.0
DEW,isobar,17.5,707.7777777777778,0.994749525354214,"PerplexDEW (Davies, activity=DEW)",0.994749525354214,0.0
DEW,isobar,17.5,710.0,1.0086429950119244,"PerplexDEW (Davies, activity=DEW)",1.0086429950119244,0.0
DEW,isobar,20.0,495.0,0.2426494767604492,"PerplexDEW (Davies, activity=DEW)",0.2426494767604492,0.0
DEW,isobar,20.0,496.1111111111111,0.2448651477856017,"PerplexDEW (Davies, activity=DEW)",0.2448651477856017,0.0
DEW,isobar,20.0,497.22222222222223,0.2470966694241414,"PerplexDEW (Davies, activity=DEW)",0.2470966694241414,0.0
DEW,isobar,20.0,498.3333333333333,0.2493441188560846,"PerplexDEW (Davies, activity=DEW)",0.2493441188560846,0.0
DEW,isobar,20.0,499.44444444444446,0.2516075734807304,"PerplexDEW (Davies, activity=DEW)",0.2516075734807304,0.0
DEW,isobar,20.0,500.55555555555554,0.2538871072866424,"PerplexDEW (Davies, activity=DEW)",0.2538871072866424,0.0
DEW,isobar,20.0,501.6666666666667,0.256182801606514,"PerplexDEW (Davies, activity=DEW)",0.256182801606514,0.0
DEW,isobar,20.0,502.77777777777777,0.2584947344358169,"PerplexDEW (Davies, activity=DEW)",0.2584947344358169,0.0
DEW,isobar,20.0,503.8888888888889,0.2608229839739916,"PerplexDEW (Davies, activity=DEW)",0.2608229839739916,0.0
DEW,isobar,20.0,505.0,0.2631676286270739,"PerplexDEW (Davies, activity=DEW)",0.2631676286270739,0.0
DEW,isobar,20.0,506.1111111111111,0.2655287470104271,"PerplexDEW (Davies, activity=DEW)",0.2655287470104271,0.0
DEW,isobar,20.0,507.22222222222223,0.2679064179516426,"PerplexDEW (Davies, activity=DEW)",0.2679064179516426,0.0
DEW,isobar,20.0,508.3333333333333,0.2703007204935138,"PerplexDEW (Davies, activity=DEW)",0.2703007204935138,0.0
DEW,isobar,20.0,509.44444444444446,0.2727117300037201,"PerplexDEW (Davies, activity=DEW)",0.2727117300037201,0.0
DEW,isobar,20.0,510.55555555555554,0.2751395376452842,"PerplexDEW (Davies, activity=DEW)",0.2751395376452842,0.0
DEW,isobar,20.0,511.6666666666667,0.2775842114454052,"PerplexDEW (Davies, activity=DEW)",0.2775842114454052,0.0
DEW,isobar,20.0,512.7777777777778,0.2800458352334946,"PerplexDEW (Davies, activity=DEW)",0.2800458352334946,0.0
DEW,isobar,20.0,513.8888888888889,0.2825244891775194,"PerplexDEW (Davies, activity=DEW)",0.2825244891775194,0.0
DEW,isobar,20.0,515.0,0.2850202577627872,"PerplexDEW (Davies, activity=DEW)",0.2850202577627872,0.0
DEW,isobar,20.0,516.1111111111111,0.2875332135080478,"PerplexDEW (Davies, activity=DEW)",0.2875332135080478,0.0
DEW,isobar,20.0,517.2222222222222,0.290063445502658,"PerplexDEW (Davies, activity=DEW)",0.290063445502658,0.0
DEW,isobar,20.0,518.3333333333334,0.2926110349989523,"PerplexDEW (Davies, activity=DEW)",0.2926110349989523,0.0
DEW,isobar,20.0,519.4444444444445,0.2951760592657989,"PerplexDEW (Davies, activity=DEW)",0.2951760592657989,0.0
DEW,isobar,20.0,520.5555555555555,0.2977585956717705,"PerplexDEW (Davies, activity=DEW)",0.2977585956717705,0.0
DEW,isobar,20.0,521.6666666666666,0.3003587389554768,"PerplexDEW (Davies, activity=DEW)",0.3003587389554768,0.0
DEW,isobar,20.0,522.7777777777778,0.3029765584586029,"PerplexDEW (Davies, activity=DEW)",0.3029765584586029,0.0
DEW,isobar,20.0,523.8888888888889,0.3056121453009612,"PerplexDEW (Davies, activity=DEW)",0.3056121453009612,0.0
DEW,isobar,20.0,525.0,0.3082655823261133,"PerplexDEW (Davies, activity=DEW)",0.3082655823261133,0.0
DEW,isobar,20.0,526.1111111111111,0.3109369437001667,"PerplexDEW (Davies, activity=DEW)",0.3109369437001667,0.0
DEW,isobar,20.0,527.2222222222222,0.3136263261558471,"PerplexDEW (Davies, activity=DEW)",0.3136263261558471,0.0
DEW,isobar,20.0,528.3333333333334,0.3163338043997226,"PerplexDEW (Davies, activity=DEW)",0.3163338043997226,0.0
DEW,isobar,20.0,529.4444444444445,0.3190594623154236,"PerplexDEW (Davies, activity=DEW)",0.3190594623154236,0.0
DEW,isobar,20.0,530.5555555555555,0.3218033887401649,"PerplexDEW (Davies, activity=DEW)",0.3218033887401649,0.0
DEW,isobar,20.0,531.6666666666666,0.324565663610139,"PerplexDEW (Davies, activity=DEW)",0.324565663610139,0.0
DEW,isobar,20.0,532.7777777777778,0.3273463764779888,"PerplexDEW (Davies, activity=DEW)",0.3273463764779888,0.0
DEW,isobar,20.0,533.8888888888889,0.3301456126161206,"PerplexDEW (Davies, activity=DEW)",0.3301456126161206,0.0
DEW,isobar,20.0,535.0,0.3329634576298341,"PerplexDEW (Davies, activity=DEW)",0.3329634576298341,0.0
DEW,isobar,20.0,536.1111111111111,0.3357999925977625,"PerplexDEW (Davies, activity=DEW)",0.3357999925977625,0.0
DEW,isobar,20.0,537.2222222222222,0.3386553085900768,"PerplexDEW (Davies, activity=DEW)",0.3386553085900768,0.0
DEW,isobar,20.0,538.3333333333334,0.3415294872970965,"PerplexDEW (Davies, activity=DEW)",0.3415294872970965,0.0
DEW,isobar,20.0,539.4444444444445,0.3444226255950443,"PerplexDEW (Davies, activity=DEW)",0.3444226255950443,0.0
DEW,isobar,20.0,540.5555555555555,0.3473348009053975,"PerplexDEW (Davies, activity=DEW)",0.3473348009053975,0.0
DEW,isobar,20.0,541.6666666666666,0.3502661059419595,"PerplexDEW (Davies, activity=DEW)",0.3502661059419595,0.0
DEW,isobar,20.0,542.7777777777778,0.3532166288497338,"PerplexDEW (Davies, activity=DEW)",0.3532166288497338,0.0
DEW,isobar,20.0,543.8888888888889,0.3561864581698342,"PerplexDEW (Davies, activity=DEW)",0.3561864581698342,0.0
DEW,isobar,20.0,545.0,0.3591756776155689,"PerplexDEW (Davies, activity=DEW)",0.3591756776155689,0.0
DEW,isobar,20.0,546.1111111111111,0.3621843869661789,"PerplexDEW (Davies, activity=DEW)",0.3621843869661789,0.0
DEW,isobar,20.0,547.2222222222222,0.3652126654922442,"PerplexDEW (Davies, activity=DEW)",0.3652126654922442,0.0
DEW,isobar,20.0,548.3333333333334,0.368260614020185,"PerplexDEW (Davies, activity=DEW)",0.368260614020185,0.0
DEW,isobar,20.0,549.4444444444445,0.3713283125072838,"PerplexDEW (Davies, activity=DEW)",0.3713283125072838,0.0
DEW,isobar,20.0,550.5555555555555,0.3744158628704152,"PerplexDEW (Davies, activity=DEW)",0.3744158628704152,0.0
DEW,isobar,20.0,551.6666666666666,0.3775233457922077,"PerplexDEW (Davies, activity=DEW)",0.3775233457922077,0.0
DEW,isobar,20.0,552.7777777777778,0.3806508643256964,"PerplexDEW (Davies, activity=DEW)",0.3806508643256964,0.0
DEW,isobar,20.0,553.8888888888889,0.3837984999198004,"PerplexDEW (Davies, activity=DEW)",0.3837984999198004,0.0
DEW,isobar,20.0,555.0,0.3869663568119015,"PerplexDEW (Davies, activity=DEW)",0.3869663568119015,0.0
DEW,isobar,20.0,556.1111111111111,0.3901545287070887,"PerplexDEW (Davies, activity=DEW)",0.3901545287070887,0.0
DEW,isobar,20.0,557.2222222222222,0.3933630982871705,"PerplexDEW (Davies, activity=DEW)",0.3933630982871705,0.0
DEW,isobar,20.0,558.3333333333334,0.3965921658373663,"PerplexDEW (Davies, activity=DEW)",0.3965921658373663,0.0
DEW,isobar,20.0,559.4444444444445,0.3998418323966871,"PerplexDEW (Davies, activity=DEW)",0.3998418323966871,0.0
DEW,isobar,20.0,560.5555555555555,0.403112187915102,"PerplexDEW (Davies, activity=DEW)",0.403112187915102,0.0
DEW,isobar,20.0,561.6666666666666,0.4064033286925399,"PerplexDEW (Davies, activity=DEW)",0.4064033286925399,0.0
DEW,isobar,20.0,562.7777777777778,0.4097153576540381,"PerplexDEW (Davies, activity=DEW)",0.4097153576540381,0.0
DEW,isobar,20.0,563.8888888888889,0.4130483663642408,"PerplexDEW (Davies, activity=DEW)",0.4130483663642408,0.0
DEW,isobar,20.0,565.0,0.4164024529364602,"PerplexDEW (Davies, activity=DEW)",0.4164024529364602,0.0
DEW,isobar,20.0,566.1111111111111,0.4197777223152527,"PerplexDEW (Davies, activity=DEW)",0.4197777223152527,0.0
DEW,isobar,20.0,567.2222222222222,0.4231742678094062,"PerplexDEW (Davies, activity=DEW)",0.4231742678094062,0.0
DEW,isobar,20.0,568.3333333333334,0.4265921894824021,"PerplexDEW (Davies, activity=DEW)",0.4265921894824021,0.0
DEW,isobar,20.0,569.4444444444445,0.4300315944423687,"PerplexDEW (Davies, activity=DEW)",0.4300315944423687,0.0
DEW,isobar,20.0,570.5555555555555,0.4334925778825687,"PerplexDEW (Davies, activity=DEW)",0.4334925778825687,0.0
DEW,isobar,20.0,571.6666666666666,0.4369752484395738,"PerplexDEW (Davies, activity=DEW)",0.4369752484395738,0.0
DEW,isobar,20.0,572.7777777777778,0.4404797091789519,"PerplexDEW (Davies, activity=DEW)",0.4404797091789519,0.0
DEW,isobar,20.0,573.8888888888889,0.4440060507425758,"PerplexDEW (Davies, activity=DEW)",0.4440060507425758,0.0
DEW,isobar,20.0,575.0,0.4475543973181438,"PerplexDEW (Davies, activity=DEW)",0.4475543973181438,0.0
DEW,isobar,20.0,576.1111111111111,0.4511248410531637,"PerplexDEW (Davies, activity=DEW)",0.4511248410531637,0.0
DEW,isobar,20.0,577.2222222222222,0.4547174947317672,"PerplexDEW (Davies, activity=DEW)",0.4547174947317672,0.0
DEW,isobar,20.0,578.3333333333334,0.4583324585584852,"PerplexDEW (Davies, activity=DEW)",0.4583324585584852,0.0
DEW,isobar,20.0,579.4444444444445,0.4619698539987524,"PerplexDEW (Davies, activity=DEW)",0.4619698539987524,0.0
DEW,isobar,20.0,580.5555555555555,0.4656297691587865,"PerplexDEW (Davies, activity=DEW)",0.4656297691587865,0.0
DEW,isobar,20.0,581.6666666666666,0.4693123343325801,"PerplexDEW (Davies, activity=DEW)",0.4693123343325801,0.0
DEW,isobar,20.0,582.7777777777778,0.4730176461405,"PerplexDEW (Davies, activity=DEW)",0.4730176461405,0.0
DEW,isobar,20.0,583.8888888888889,0.4767458230292763,"PerplexDEW (Davies, activity=DEW)",0.4767458230292763,0.0
DEW,isobar,20.0,585.0,0.4804969774675851,"PerplexDEW (Davies, activity=DEW)",0.4804969774675851,0.0
DEW,isobar,20.0,586.1111111111111,0.4842712156632325,"PerplexDEW (Davies, activity=DEW)",0.4842712156632325,0.0
DEW,isobar,20.0,587.2222222222222,0.4880686665194131,"PerplexDEW (Davies, activity=DEW)",0.4880686665194131,0.0
DEW,isobar,20.0,588.3333333333334,0.4918894309812148,"PerplexDEW (Davies, activity=DEW)",0.4918894309812148,0.0
DEW,isobar,20.0,589.4444444444445,0.4957336328648926,"PerplexDEW (Davies, activity=DEW)",0.4957336328648926,0.0
DEW,isobar,20.0,590.5555555555555,0.4996013973301262,"PerplexDEW (Davies, activity=DEW)",0.4996013973301262,0.0
DEW,isobar,20.0,591.6666666666666,0.5034928206424729,"PerplexDEW (Davies, activity=DEW)",0.5034928206424729,0.0
DEW,isobar,20.0,592.7777777777778,0.5074080528595931,"PerplexDEW (Davies, activity=DEW)",0.5074080528595931,0.0
DEW,isobar,20.0,593.8888888888889,0.5113471846707611,"PerplexDEW (Davies, activity=DEW)",0.5113471846707611,0.0
DEW,isobar,20.0,595.0,0.5153103612643184,"PerplexDEW (Davies, activity=DEW)",0.5153103612643184,0.0
DEW,isobar,20.0,596.1111111111111,0.5192976985292171,"PerplexDEW (Davies, activity=DEW)",0.5192976985292171,0.0
DEW,isobar,20.0,597.2222222222222,0.5233093212480081,"PerplexDEW (Davies, activity=DEW)",0.5233093212480081,0.0
DEW,isobar,20.0,598.3333333333334,0.5273453554955106,"PerplexDEW (Davies, activity=DEW)",0.5273453554955106,0.0
DEW,isobar,20.0,599.4444444444445,0.5314059286704348,"PerplexDEW (Davies, activity=DEW)",0.5314059286704348,0.0
DEW,isobar,20.0,600.5555555555555,0.5354911695280526,"PerplexDEW (Davies, activity=DEW)",0.5354911695280526,0.0
DEW,isobar,20.0,601.6666666666666,0.5396012163865159,"PerplexDEW (Davies, activity=DEW)",0.5396012163865159,0.0
DEW,isobar,20.0,602.7777777777778,0.5437361845383456,"PerplexDEW (Davies, activity=DEW)",0.5437361845383456,0.0
DEW,isobar,20.0,603.8888888888889,0.5478962234285564,"PerplexDEW (Davies, activity=DEW)",0.5478962234285564,0.0
DEW,isobar,20.0,605.0,0.5520814510226848,"PerplexDEW (Davies, activity=DEW)",0.5520814510226848,0.0
DEW,psat,3.16674874006291e-05,25.0,0.0001843112955938,"PerplexDEW (Davies, activity=DEW)",0.0001843112955938,0.0
DEW,psat,3.8971296034890025e-05,28.52525252525253,0.0001985832497898,"PerplexDEW (Davies, activity=DEW)",0.0001985832497898,0.0
DEW,psat,4.770372635983489e-05,32.05050505050505,0.0002138497028562,"PerplexDEW (Davies, activity=DEW)",0.0002138497028562,0.0
DEW,psat,5.8093119737924695e-05,35.57575757575758,0.000230163076876,"PerplexDEW (Davies, activity=DEW)",0.000230163076876,0.0
DEW,psat,7.039572688496795e-05,39.1010101010101,0.0002475779713272,"PerplexDEW (Davies, activity=DEW)",0.0002475779713272,0.0
DEW,psat,8.48979454804781e-05,42.62626262626263,0.0002661511635052,"PerplexDEW (Davies, activity=DEW)",0.0002661511635052,0.0
DEW,psat,0.0001019186125535,46.15151515151515,0.0002857828069039,"PerplexDEW (Davies, activity=DEW)",0.0002857828069039,0.0
DEW,psat,0.0001218113426962,49.67676767676768,0.0003059431761998,"PerplexDEW (Davies, activity=DEW)",0.0003059431761998,0.0
DEW,psat,0.0001449669027263,53.2020202020202,0.0003274303205334,"PerplexDEW (Davies, activity=DEW)",0.0003274303205334,0.0
DEW,psat,0.0001718156130765,56.72727272727273,0.0003503087009176,"PerplexDEW (Davies, activity=DEW)",0.0003503087009176,0.0
DEW,psat,0.0002028297659316,60.25252525252525,0.0003746455962334,"PerplexDEW (Davies, activity=DEW)",0.0003746455962334,0.0
DEW,psat,0.0002385260499634,63.77777777777778,0.0004005112847368,"PerplexDEW (Davies, activity=DEW)",0.0004005112847368,0.0
DEW,psat,0.000279467971427,67.3030303030303,0.0004279786784554,"PerplexDEW (Davies, activity=DEW)",0.0004279786784554,0.0
DEW,psat,0.0003262682613799,70.82828282828282,0.0004571236131102,"PerplexDEW (Davies, activity=DEW)",0.0004571236131102,0.0
DEW,psat,0.0003795912588559,74.35353535353535,0.000488024604487,"PerplexDEW (Davies, activity=DEW)",0.000488024604487,0.0
DEW,psat,0.0004401552599783,77.87878787878788,0.0005207629016312,"PerplexDEW (Davies, activity=DEW)",0.0005207629016312,0.0
DEW,psat,0.0005087348232109,81.4040404040404,0.0005554224542155,"PerplexDEW (Davies, activity=DEW)",0.0005554224542155,0.0
DEW,psat,0.0005861630212284,84.92929292929293,0.0005920900207215,"PerplexDEW (Davies, activity=DEW)",0.0005920900207215,0.0
DEW,psat,0.0006733336302288,88.45454545454545,0.0006308549159132,"PerplexDEW (Davies, activity=DEW)",0.0006308549159132,0.0
DEW,psat,0.0007712032478991,91.97979797979798,0.0006718092601292,"PerplexDEW (Davies, activity=DEW)",0.0006718092601292,0.0
DEW,psat,0.0008807933316895,95.5050505050505,0.0007150477529148,"PerplexDEW (Davies, activity=DEW)",0.0007150477529148,0.0
DEW,psat,0.0010031921495257,99.03030303030305,0.000760667797387,"PerplexDEW (Davies, activity=DEW)",0.000760667797387,0.0
DEW,psat,0.0011395566356065,102.55555555555556,0.0008087694127458,"PerplexDEW (Davies, activity=DEW)",0.0008087694127458,0.0
DEW,psat,0.0012911141444717,106.08080808080808,0.0008594552622829,"PerplexDEW (Davies, activity=DEW)",0.0008594552622829,0.0
DEW,psat,0.0014591640970957,109.6060606060606,0.0009128303731099,"PerplexDEW (Davies, activity=DEW)",0.0009128303731099,0.0
DEW,psat,0.0016450795133371,113.13131313131312,0.0009690025375157,"PerplexDEW (Davies, activity=DEW)",0.0009690025375157,0.0
DEW,psat,0.0018503084256746,116.65656565656565,0.0010280816819631,"PerplexDEW (Davies, activity=DEW)",0.0010280816819631,0.0
DEW,psat,0.0020763751697535,120.18181818181816,0.0010901802834443,"PerplexDEW (Davies, activity=DEW)",0.0010901802834443,0.0
DEW,psat,0.0023248815478766,123.7070707070707,0.0011554130258778,"PerplexDEW (Davies, activity=DEW)",0.0011554130258778,0.0
DEW,psat,0.0025975078621642,127.23232323232322,0.0012238971406848,"PerplexDEW (Davies, activity=DEW)",0.0012238971406848,0.0
DEW,psat,0.0028960138147114,130.75757575757575,0.0012957512821871,"PerplexDEW (Davies, activity=DEW)",0.0012957512821871,0.0
DEW,psat,0.0032222392726451,134.2828282828283,0.001371096638295,"PerplexDEW (Davies, activity=DEW)",0.001371096638295,0.0
DEW,psat,0.0035781048965617,137.8080808080808,0.0014500561371887,"PerplexDEW (Davies, activity=DEW)",0.0014500561371887,0.0
DEW,psat,0.0039656126313736,141.33333333333331,0.001532754244525,"PerplexDEW (Davies, activity=DEW)",0.001532754244525,0.0
DEW,psat,0.0043868460591339,144.85858585858583,0.001619317064515,"PerplexDEW (Davies, activity=DEW)",0.001619317064515,0.0
DEW,psat,0.0048439706139195,148.3838383838384,0.001709872191723,"PerplexDEW (Davies, activity=DEW)",0.001709872191723,0.0
DEW,psat,0.0053392336593447,151.9090909090909,0.0018045481702966,"PerplexDEW (Davies, activity=DEW)",0.0018045481702966,0.0
DEW,psat,0.0058749644297488,155.43434343434342,0.0019034745951512,"PerplexDEW (Davies, activity=DEW)",0.0019034745951512,0.0
DEW,psat,0.0064535738365357,158.95959595959596,0.0020067814749883,"PerplexDEW (Davies, activity=DEW)",0.0020067814749883,0.0
DEW,psat,0.0070775541415659,162.48484848484847,0.0021145997877312,"PerplexDEW (Davies, activity=DEW)",0.0021145997877312,0.0
DEW,psat,0.0077494784998842,166.010101010101,0.0022270599041158,"PerplexDEW (Davies, activity=DEW)",0.0022270599041158,0.0
DEW,psat,0.008472000374428,169.53535353535352,0.0023442925769209,"PerplexDEW (Davies, activity=DEW)",0.0023442925769209,0.0
DEW,psat,0.0092478528256943,173.06060606060606,0.0024664282400679,"PerplexDEW (Davies, activity=DEW)",0.0024664282400679,0.0
DEW,psat,0.0100798476796436,176.58585858585857,0.0025935955073314,"PerplexDEW (Davies, activity=DEW)",0.0025935955073314,0.0
DEW,psat,0.0109708745774009,180.11111111111111,0.0027259220302339,"PerplexDEW (Davies, activity=DEW)",0.0027259220302339,0.0
DEW,psat,0.0119238999105565,183.63636363636363,0.0028635338588706,"PerplexDEW (Davies, activity=DEW)",0.0028635338588706,0.0
DEW,psat,0.0129419656460948,187.16161616161617,0.0030065550215102,"PerplexDEW (Davies, activity=DEW)",0.0030065550215102,0.0
DEW,psat,0.0140281880451728,190.68686868686868,0.0031551063215931,"PerplexDEW (Davies, activity=DEW)",0.0031551063215931,0.0
DEW,psat,0.0151857562801404,194.2121212121212,0.0033093050299841,"PerplexDEW (Davies, activity=DEW)",0.0033093050299841,0.0
DEW,psat,0.016417930954337,197.73737373737373,0.0034692638071385,"PerplexDEW (Davies, activity=DEW)",0.0034692638071385,0.0
DEW,psat,0.0177280425293224,201.26262626262624,0.0036350934791757,"PerplexDEW (Davies, activity=DEW)",0.0036350934791757,0.0
DEW,psat,0.0191194896642947,204.7878787878788,0.0038068955630667,"PerplexDEW (Davies, activity=DEW)",0.0038068955630667,0.0
DEW,psat,0.0205957374725261,208.3131313131313,0.0039847683589061,"PerplexDEW (Davies, activity=DEW)",0.0039847683589061,0.0
DEW,psat,0.0221603156996996,211.83838383838383,0.004168801714015,"PerplexDEW (Davies, activity=DEW)",0.004168801714015,0.0
DEW,psat,0.0238168168290675,215.36363636363637,0.0043590779449333,"PerplexDEW (Davies, activity=DEW)",0.0043590779449333,0.0
DEW,psat,0.0255688941183654,218.88888888888889,0.0045556710149787,"PerplexDEW (Davies, activity=DEW)",0.0045556710149787,0.0
DEW,psat,0.0274202595734187,222.4141414141414,0.0047586443951886,"PerplexDEW (Davies, activity=DEW)",0.0047586443951886,0.0
DEW,psat,0.0293746818633557,225.93939393939397,0.004968049786705,"PerplexDEW (Davies, activity=DEW)",0.004968049786705,0.0
DEW,psat,0.0314359841823141,229.46464646464645,0.005183930012959,"PerplexDEW (Davies, activity=DEW)",0.005183930012959,0.0
DEW,psat,0.0336080420624766,232.989898989899,0.0054063097251103,"PerplexDEW (Davies, activity=DEW)",0.0054063097251103,0.0
DEW,psat,0.0358947811432143,236.5151515151515,0.0056352005974172,"PerplexDEW (Davies, activity=DEW)",0.0056352005974172,0.0
DEW,psat,0.0383001749010427,240.04040404040404,0.005870598829428,"PerplexDEW (Davies, activity=DEW)",0.005870598829428,0.0
DEW,psat,0.0408282423450148,243.56565656565652,0.0061124803265567,"PerplexDEW (Davies, activity=DEW)",0.0061124803265567,0.0
DEW,psat,0.0434830456820815,247.0909090909091,0.0063608039884579,"PerplexDEW (Davies, activity=DEW)",0.0063608039884579,0.0
DEW,psat,0.0462686879568494,250.6161616161616,0.0066155048279744,"PerplexDEW (Davies, activity=DEW)",0.0066155048279744,0.0
DEW,psat,0.0554522412908059,261.1919191919192,0.0074168391398649,"PerplexDEW (Davies, activity=DEW)",0.0074168391398649,0.0
DEW,psat,0.0588030028320609,264.7171717171717,0.007695881915076,"PerplexDEW (Davies, activity=DEW)",0.007695881915076,0.0
DEW,psat,0.0623056472327026,268.24242424242425,0.0079805678904531,"PerplexDEW (Davies, activity=DEW)",0.0079805678904531,0.0
DEW,psat,0.0659644720937761,271.7676767676768,0.0082706447886699,"PerplexDEW (Davies, activity=DEW)",0.0082706447886699,0.0
DEW,psat,0.0697837989630582,275.2929292929293,0.0085658278813377,"PerplexDEW (Davies, activity=DEW)",0.0085658278813377,0.0
DEW,psat,0.0737679709151438,278.8181818181818,0.0088657811342059,"PerplexDEW (Davies, activity=DEW)",0.0088657811342059,0.0
DEW,psat,0.0779213501402304,282.34343434343435,0.0091701242183046,"PerplexDEW (Davies, activity=DEW)",0.0091701242183046,0.0
DEW,psat,0.0822483155447325,285.86868686868684,0.0094784035649278,"PerplexDEW (Davies, activity=DEW)",0.0094784035649278,0.0
DEW,psat,0.0867532603666977,289.3939393939394,0.0097901311537521,"PerplexDEW (Davies, activity=DEW)",0.0097901311537521,0.0
DEW,psat,0.091440589808867,292.9191919191919,0.0101047285100247,"PerplexDEW (Davies, activity=DEW)",0.0101047285100247,0.0
DEW,psat,0.0963147186920685,296.44444444444446,0.0104215602629509,"PerplexDEW (Davies, activity=DEW)",0.0104215602629509,0.0
DEW,psat,0.101380069131496,299.96969696969694,0.0107399005110971,"PerplexDEW (Davies, activity=DEW)",0.0107399005110971,0.0
DEW,psat,0.1066410682382795,303.4949494949495,0.0110589235009357,"PerplexDEW (Davies, activity=DEW)",0.0110589235009357,0.0
DEW,psat,0.1121021458486162,307.020202020202,0.0113777111278162,"PerplexDEW (Davies, activity=DEW)",0.0113777111278162,0.0
DEW,psat,0.1177677322825945,310.5454545454545,0.0116952282543326,"PerplexDEW (Davies, activity=DEW)",0.0116952282543326,0.0
DEW,psat,0.1236422561347023,314.07070707070704,0.012010292790318,"PerplexDEW (Davies, activity=DEW)",0.012010292790318,0.0
DEW,psat,0.1297301420978825,317.5959595959596,0.0123215799856513,"PerplexDEW (Davies, activity=DEW)",0.0123215799856513,0.0
DEW,psat,0.1360358088228683,321.1212121212121,0.012627589513245,"PerplexDEW (Davies, activity=DEW)",0.012627589513245,0.0
DEW,psat,0.1425636668143959,324.6464646464646,0.012926595664103,"PerplexDEW (Davies, activity=DEW)",0.012926595664103,0.0
DEW,psat,0.1493181163657802,328.17171717171715,0.0132166567550469,"PerplexDEW (Davies, activity=DEW)",0.0132166567550469,0.0
DEW,psat,0.1563035455332,331.6969696969697,0.013495477591955,"PerplexDEW (Davies, activity=DEW)",0.013495477591955,0.0
DEW,psat,0.1635243281509449,335.22222222222223,0.0137604774601617,"PerplexDEW (Davies, activity=DEW)",0.0137604774601617,0.0
DEW,psat,0.1709848218887319,338.7474747474747,0.0140085220460824,"PerplexDEW (Davies, activity=DEW)",0.0140085220460824,0.0
DEW,psat,0.1786893663521207,342.27272727272725,0.0142359462452839,"PerplexDEW (Davies, activity=DEW)",0.0142359462452839,0.0
DEW,psat,0.1866422812269186,345.7979797979798,0.0144382194619845,"PerplexDEW (Davies, activity=DEW)",0.0144382194619845,0.0
