backend,curve_type,P_kbar,T_C,molality
DEW,isobar,0.000293842,19.0,388.5590454325439
DEW,isobar,0.000293842,20.01010101010101,388.5590454325439
DEW,isobar,0.000293842,21.02020202020202,388.5590454325439
DEW,isobar,0.000293842,22.03030303030303,388.5590454325439
DEW,isobar,0.000293842,23.04040404040404,
DEW,isobar,0.000293842,24.050505050505052,
DEW,isobar,0.000293842,25.060606060606062,
DEW,isobar,0.000293842,26.070707070707073,
DEW,isobar,0.000293842,27.080808080808083,
DEW,isobar,0.000293842,28.090909090909093,
DEW,isobar,0.000293842,29.101010101010104,
DEW,isobar,0.000293842,30.111111111111114,
DEW,isobar,0.000293842,31.12121212121212,
DEW,isobar,0.000293842,32.131313131313135,
DEW,isobar,0.000293842,33.141414141414145,
DEW,isobar,0.000293842,34.151515151515156,
DEW,isobar,0.000293842,35.161616161616166,
DEW,isobar,0.000293842,36.17171717171718,
DEW,isobar,0.000293842,37.18181818181819,
DEW,isobar,0.000293842,38.1919191919192,
DEW,isobar,0.000293842,39.20202020202021,
DEW,isobar,0.000293842,40.21212121212122,
DEW,isobar,0.000293842,41.22222222222223,
DEW,isobar,0.000293842,42.23232323232324,
DEW,isobar,0.000293842,43.24242424242424,
DEW,isobar,0.000293842,44.25252525252525,
DEW,isobar,0.000293842,45.26262626262626,
DEW,isobar,0.000293842,46.27272727272727,
DEW,isobar,0.000293842,47.282828282828284,
DEW,isobar,0.000293842,48.292929292929294,
DEW,isobar,0.000293842,49.303030303030305,
DEW,isobar,0.000293842,50.313131313131315,
DEW,isobar,0.000293842,51.323232323232325,
DEW,isobar,0.000293842,52.333333333333336,
DEW,isobar,0.000293842,53.343434343434346,
DEW,isobar,0.000293842,54.35353535353536,
DEW,isobar,0.000293842,55.36363636363637,
DEW,isobar,0.000293842,56.37373737373738,
DEW,isobar,0.000293842,57.38383838383839,
DEW,isobar,0.000293842,58.3939393939394,
DEW,isobar,0.000293842,59.40404040404041,
DEW,isobar,0.000293842,60.41414141414142,
DEW,isobar,0.000293842,61.42424242424243,
DEW,isobar,0.000293842,62.43434343434344,
DEW,isobar,0.000293842,63.44444444444445,
DEW,isobar,0.000293842,64.45454545454547,
DEW,isobar,0.000293842,65.46464646464648,
DEW,isobar,0.000293842,66.47474747474749,
DEW,isobar,0.000293842,67.48484848484848,
DEW,isobar,0.000293842,68.4949494949495,
DEW,isobar,0.000293842,69.5050505050505,
DEW,isobar,0.000293842,70.51515151515152,
DEW,isobar,0.000293842,71.52525252525253,
DEW,isobar,0.000293842,72.53535353535354,
DEW,isobar,0.000293842,73.54545454545455,
DEW,isobar,0.000293842,74.55555555555556,
DEW,isobar,0.000293842,75.56565656565657,
DEW,isobar,0.000293842,76.57575757575758,
DEW,isobar,0.000293842,77.58585858585859,
DEW,isobar,0.000293842,78.5959595959596,
DEW,isobar,0.000293842,79.60606060606061,
DEW,isobar,0.000293842,80.61616161616162,
DEW,isobar,0.000293842,81.62626262626263,
DEW,isobar,0.000293842,82.63636363636364,
DEW,isobar,0.000293842,83.64646464646465,
DEW,isobar,0.000293842,84.65656565656566,
DEW,isobar,0.000293842,85.66666666666667,
DEW,isobar,0.000293842,86.67676767676768,
DEW,isobar,0.000293842,87.68686868686869,
DEW,isobar,0.000293842,88.6969696969697,
DEW,isobar,0.000293842,89.70707070707071,
DEW,isobar,0.000293842,90.71717171717172,
DEW,isobar,0.000293842,91.72727272727273,
DEW,isobar,0.000293842,92.73737373737374,
DEW,isobar,0.000293842,93.74747474747475,
DEW,isobar,0.000293842,94.75757575757576,
DEW,isobar,0.000293842,95.76767676767678,
DEW,isobar,0.000293842,96.77777777777779,
DEW,isobar,0.000293842,97.7878787878788,
DEW,isobar,0.000293842,98.7979797979798,
DEW,isobar,0.000293842,99.80808080808082,
DEW,isobar,0.000293842,100.81818181818183,
DEW,isobar,0.000293842,101.82828282828284,
DEW,isobar,0.000293842,102.83838383838385,
DEW,isobar,0.000293842,103.84848484848486,
DEW,isobar,0.000293842,104.85858585858587,
DEW,isobar,0.000293842,105.86868686868688,
DEW,isobar,0.000293842,106.87878787878789,
DEW,isobar,0.000293842,107.8888888888889,
DEW,isobar,0.000293842,108.89898989898991,
DEW,isobar,0.000293842,109.90909090909092,
DEW,isobar,0.000293842,110.91919191919193,
DEW,isobar,0.000293842,111.92929292929294,
DEW,isobar,0.000293842,112.93939393939395,
DEW,isobar,0.000293842,113.94949494949496,
DEW,isobar,0.000293842,114.95959595959597,
DEW,isobar,0.000293842,115.96969696969697,
DEW,isobar,0.000293842,116.97979797979798,
DEW,isobar,0.000293842,117.98989898989899,
DEW,isobar,0.000293842,119.0,
DEW,isobar,0.000557288,34.0,0.0002256521555667265
DEW,isobar,0.000557288,35.01010101010101,0.00023013488669676568
DEW,isobar,0.000557288,36.02020202020202,0.00023470738537182323
DEW,isobar,0.000557288,37.03030303030303,0.00023937077129416827
DEW,isobar,0.000557288,38.04040404040404,0.00024412625546275682
DEW,isobar,0.000557288,39.05050505050505,0.0002489750327952567
DEW,isobar,0.000557288,40.06060606060606,0.0002539183252967291
DEW,isobar,0.000557288,41.07070707070707,0.00025895739844054215
DEW,isobar,0.000557288,42.08080808080808,0.00026409352727372064
DEW,isobar,0.000557288,43.09090909090909,0.00026932802989132167
DEW,isobar,0.000557288,44.101010101010104,0.00027466221332376496
DEW,isobar,0.000557288,45.111111111111114,0.0002800974639632685
DEW,isobar,0.000557288,46.121212121212125,0.0002856351367508569
DEW,isobar,0.000557288,47.131313131313135,0.0002912766078569954
DEW,isobar,0.000557288,48.141414141414145,0.00029702331557883703
DEW,isobar,0.000557288,49.151515151515156,0.0003028767017658088
DEW,isobar,0.000557288,50.161616161616166,0.00030883820905842094
DEW,isobar,0.000557288,51.17171717171718,0.0003149093447630871
DEW,isobar,0.000557288,52.18181818181819,0.00032109157216256577
DEW,isobar,0.000557288,53.1919191919192,0.00032738644229877506
DEW,isobar,0.000557288,54.20202020202021,0.0003337954825972416
DEW,isobar,0.000557288,55.21212121212122,0.00034032024014100904
DEW,isobar,0.000557288,56.22222222222223,0.00034696230673775724
DEW,isobar,0.000557288,57.23232323232324,0.0003537232703296022
DEW,isobar,0.000557288,58.24242424242424,0.0003606047647475566
DEW,isobar,0.000557288,59.25252525252525,0.00036760841871836066
DEW,isobar,0.000557288,60.26262626262626,0.0003747358803934978
DEW,isobar,0.000557288,61.27272727272727,0.0003819888173208213
DEW,isobar,0.000557288,62.282828282828284,0.0003893689164274499
DEW,isobar,0.000557288,63.292929292929294,0.0003968779436694603
DEW,isobar,0.000557288,64.30303030303031,0.0004045175679552547
DEW,isobar,0.000557288,65.31313131313132,0.0004122895657342597
DEW,isobar,0.000557288,66.32323232323233,0.0004201956718151213
DEW,isobar,0.000557288,67.33333333333334,0.0004282377030882763
DEW,isobar,0.000557288,68.34343434343435,0.0004364174654888999
DEW,isobar,0.000557288,69.35353535353536,0.00044473678459620955
DEW,isobar,0.000557288,70.36363636363637,0.0004531974705037873
DEW,isobar,0.000557288,71.37373737373738,0.0004618014217917134
DEW,isobar,0.000557288,72.3838383838384,0.0004705504495721394
DEW,isobar,0.000557288,73.3939393939394,0.000479446528881674
DEW,isobar,0.000557288,74.40404040404042,0.0004884915457712074
DEW,isobar,0.000557288,75.41414141414143,0.0004976874027882271
DEW,isobar,0.000557288,76.42424242424244,0.0005070360593182835
DEW,isobar,0.000557288,77.43434343434345,0.0005165395361764584
DEW,isobar,0.000557288,78.44444444444446,0.0005261997512169747
DEW,isobar,0.000557288,79.45454545454547,0.0005360187214747557
DEW,isobar,0.000557288,80.46464646464648,0.0005459985285346778
DEW,isobar,0.000557288,81.47474747474749,0.0005561411425341966
DEW,isobar,0.000557288,82.48484848484848,0.0005664486849458524
DEW,isobar,0.000557288,83.4949494949495,0.0005769231598206178
DEW,isobar,0.000557288,84.5050505050505,0.0005875666802691377
DEW,isobar,0.000557288,85.51515151515152,0.0005983814295673498
DEW,isobar,0.000557288,86.52525252525253,0.0006093694642272648
DEW,isobar,0.000557288,87.53535353535354,0.0006205329562670992
DEW,isobar,0.000557288,88.54545454545455,0.0006318740456372185
DEW,isobar,0.000557288,89.55555555555556,0.0006433949427201824
DEW,isobar,0.000557288,90.56565656565657,0.0006550978789252153
DEW,isobar,0.000557288,91.57575757575758,0.0006669850502620044
DEW,isobar,0.000557288,92.58585858585859,0.0006790586112303735
DEW,isobar,0.000557288,93.5959595959596,0.0006913209638226799
DEW,isobar,0.000557288,94.60606060606061,0.0007037742396384983
DEW,isobar,0.000557288,95.61616161616162,0.0007164208228751557
DEW,isobar,0.000557288,96.62626262626263,0.0007292629983197315
DEW,isobar,0.000557288,97.63636363636364,0.0007423030668880676
DEW,isobar,0.000557288,98.64646464646465,0.000755543411366423
DEW,isobar,0.000557288,99.65656565656566,0.0007689863016327958
DEW,isobar,0.000557288,100.66666666666667,0.0007826342238944457
DEW,isobar,0.000557288,101.67676767676768,0.0007964894812938234
DEW,isobar,0.000557288,102.68686868686869,0.000810554530279976
DEW,isobar,0.000557288,103.6969696969697,0.0008248317758303964
DEW,isobar,0.000557288,104.70707070707071,0.000839323713419419
DEW,isobar,0.000557288,105.71717171717172,0.0008540326312160456
DEW,isobar,0.000557288,106.72727272727273,0.0008689612101875438
DEW,isobar,0.000557288,107.73737373737374,0.0008841119271929798
DEW,isobar,0.000557288,108.74747474747475,0.0008994871118547749
DEW,isobar,0.000557288,109.75757575757576,0.0009150894278301552
DEW,isobar,0.000557288,110.76767676767678,0.0009309213979425896
DEW,isobar,0.000557288,111.77777777777779,0.0009469855601135243
DEW,isobar,0.000557288,112.7878787878788,0.0009632844672131713
DEW,isobar,0.000557288,113.7979797979798,0.0009798206869048368
DEW,isobar,0.000557288,114.80808080808082,0.0009965968014840985
DEW,isobar,0.000557288,115.81818181818183,0.0010136155958524304
DEW,isobar,0.000557288,116.82828282828284,0.0010308795007135446
DEW,isobar,0.000557288,117.83838383838385,0.0010483913374460738
DEW,isobar,0.000557288,118.84848484848486,0.0010661535574397446
DEW,isobar,0.000557288,119.85858585858587,0.0010841690181146008
DEW,isobar,0.000557288,120.86868686868688,0.001102440398846326
DEW,isobar,0.000557288,121.87878787878789,0.0011209701802317024
DEW,isobar,0.000557288,122.8888888888889,0.0011397612729598142
DEW,isobar,0.000557288,123.89898989898991,0.0011588163969712961
DEW,isobar,0.000557288,124.90909090909092,0.0011781382853877482
DEW,isobar,0.000557288,125.91919191919193,0.001197729684295083
DEW,isobar,0.000557288,126.92929292929294,0.0012175933525203106
DEW,isobar,0.000557288,127.93939393939395,0.0012377320614001108
DEW,isobar,0.000557288,128.94949494949498,0.0012581485945441558
DEW,isobar,0.000557288,129.95959595959596,0.0012788457475906125
DEW,isobar,0.000557288,130.96969696969697,0.0012998263279551097
DEW,isobar,0.000557288,131.97979797979798,0.0013210931545713453
DEW,isobar,0.000557288,132.989898989899,0.0013426490576260112
DEW,isobar,0.000557288,134.0,0.001364497013226732
DEW,isobar,0.000658613,34.0,0.00022565612670488941
DEW,isobar,0.000658613,35.01010101010101,0.00023013889429600708
DEW,isobar,0.000658613,36.02020202020202,0.00023471141543350706
DEW,isobar,0.000658613,37.03030303030303,0.0002393748551923907
DEW,isobar,0.000658613,38.04040404040404,0.0002441303791950285
DEW,isobar,0.000658613,39.05050505050505,0.00024897918110983636
DEW,isobar,0.000658613,40.06060606060606,0.0002539225152558065
DEW,isobar,0.000658613,41.07070707070707,0.0002589616311589349
DEW,isobar,0.000658613,42.08080808080808,0.00026409782157433534
DEW,isobar,0.000658613,43.09090909090909,0.00026933235148221134
DEW,isobar,0.000658613,44.101010101010104,0.0002746665810344178
DEW,isobar,0.000658613,45.111111111111114,0.00028010187892183705
DEW,isobar,0.000658613,46.121212121212125,0.0002856395804699998
DEW,isobar,0.000658613,47.131313131313135,0.0002912811005913458
DEW,isobar,0.000658613,48.141414141414145,0.00029702787910373604
DEW,isobar,0.000658613,49.151515151515156,0.00030288129594096907
DEW,isobar,0.000658613,50.161616161616166,0.0003088428773786429
DEW,isobar,0.000658613,51.17171717171718,0.00031491404497441104
DEW,isobar,0.000658613,52.18181818181819,0.0003210963499511928
DEW,isobar,0.000658613,53.1919191919192,0.00032739127659605943
DEW,isobar,0.000658613,54.20202020202021,0.00033380035062481237
DEW,isobar,0.000658613,55.21212121212122,0.000340325166481341
DEW,isobar,0.000658613,56.22222222222223,0.00034696731777671407
DEW,isobar,0.000658613,57.23232323232324,0.0003537283427233504
DEW,isobar,0.000658613,58.24242424242424,0.0003606098997355136
DEW,isobar,0.000658613,59.25252525252525,0.00036761361755203797
DEW,isobar,0.000658613,60.26262626262626,0.0003747411165830589
DEW,isobar,0.000658613,61.27272727272727,0.0003819941192198552
DEW,isobar,0.000658613,62.282828282828284,0.00038937431443370515
DEW,isobar,0.000658613,63.292929292929294,0.00039688341065629136
DEW,isobar,0.000658613,64.30303030303031,0.00040452310524060063
DEW,isobar,0.000658613,65.31313131313132,0.0004122951433688338
DEW,isobar,0.000658613,66.32323232323233,0.00042020135371008784
DEW,isobar,0.000658613,67.33333333333334,0.00042824345932450543
DEW,isobar,0.000658613,68.34343434343435,0.000436423297444873
DEW,isobar,0.000658613,69.35353535353536,0.00044474269366643894
DEW,isobar,0.000658613,70.36363636363637,0.0004532034580991509
DEW,isobar,0.000658613,71.37373737373738,0.00046180748934003735
DEW,isobar,0.000658613,72.3838383838384,0.0004705565985182612
DEW,isobar,0.000658613,73.3939393939394,0.00047945276068809265
DEW,isobar,0.000658613,74.40404040404042,0.0004884978619181647
DEW,isobar,0.000658613,75.41414141414143,0.0004976938047744088
DEW,isobar,0.000658613,76.42424242424244,0.0005070425890867962
DEW,isobar,0.000658613,77.43434343434345,0.0005165461144117531
DEW,isobar,0.000658613,78.44444444444446,0.000526206462215538
DEW,isobar,0.000658613,79.45454545454547,0.0005360255254695938
DEW,isobar,0.000658613,80.46464646464648,0.0005460054271404017
DEW,isobar,0.000658613,81.47474747474749,0.0005561481373861573
DEW,isobar,0.000658613,82.48484848484848,0.0005664557777003715
DEW,isobar,0.000658613,83.4949494949495,0.0005769303521556156
DEW,isobar,0.000658613,84.5050505050505,0.0005875740223333127
DEW,isobar,0.000658613,85.51515151515152,0.0005983888261843477
DEW,isobar,0.000658613,86.52525252525253,0.0006093769655905901
DEW,isobar,0.000658613,87.53535353535354,0.0006205405641439949
DEW,isobar,0.000658613,88.54545454545455,0.0006318818147722959
DEW,isobar,0.000658613,89.55555555555556,0.0006434028231550316
DEW,isobar,0.000658613,90.56565656565657,0.0006551059278606324
DEW,isobar,0.000658613,91.57575757575758,0.0006669931589039877
DEW,isobar,0.000658613,92.58585858585859,0.0006790668946479826
DEW,isobar,0.000658613,93.5959595959596,0.0006913293083154367
DEW,isobar,0.000658613,94.60606060606061,0.0007037827653798547
DEW,isobar,0.000658613,95.61616161616162,0.0007164295345019997
DEW,isobar,0.000658613,96.62626262626263,0.0007292718375044858
DEW,isobar,0.000658613,97.63636363636364,0.00074231203572392
DEW,isobar,0.000658613,98.64646464646465,0.0007555524461323754
DEW,isobar,0.000658613,99.65656565656566,0.0007689955361637591
DEW,isobar,0.000658613,100.66666666666667,0.000782643525802889
DEW,isobar,0.000658613,101.67676767676768,0.0007964989902365999
DEW,isobar,0.000658613,102.68686868686869,0.0008105641797711947
DEW,isobar,0.000658613,103.6969696969697,0.0008248416413910478
DEW,isobar,0.000658613,104.70707070707071,0.000839333650843727
DEW,isobar,0.000658613,105.71717171717172,0.0008540427925004886
DEW,isobar,0.000658613,106.72727272727273,0.0008689715229047857
DEW,isobar,0.000658613,107.73737373737374,0.0008841223140734611
DEW,isobar,0.000658613,108.74747474747475,0.0008994977347414054
DEW,isobar,0.000658613,109.75757575757576,0.0009151002095193796
DEW,isobar,0.000658613,110.76767676767678,0.0009309323409576334
DEW,isobar,0.000658613,111.77777777777779,0.0009469966670117942
DEW,isobar,0.000658613,112.7878787878788,0.0009632957405865976
DEW,isobar,0.000658613,113.7979797979798,0.000979832219659306
DEW,isobar,0.000658613,114.80808080808082,0.000996608600038985
DEW,isobar,0.000658613,115.81818181818183,0.0010136274786252445
DEW,isobar,0.000658613,116.82828282828284,0.00103089165864745
DEW,isobar,0.000658613,117.83838383838385,0.0010484036793128582
DEW,isobar,0.000658613,118.84848484848486,0.0010661661861358855
DEW,isobar,0.000658613,119.85858585858587,0.001084181838595905
DEW,isobar,0.000658613,120.86868686868688,0.0011024533099466768
DEW,isobar,0.000658613,121.87878787878789,0.0011209833933078493
DEW,isobar,0.000658613,122.8888888888889,0.001139774795380936
DEW,isobar,0.000658613,123.89898989898991,0.0011588301256045444
DEW,isobar,0.000658613,124.90909090909092,0.001178152223431379
DEW,isobar,0.000658613,125.91919191919193,0.0011977438349901675
DEW,isobar,0.000658613,126.92929292929294,0.0012176077191514106
DEW,isobar,0.000658613,127.93939393939395,0.001237746647296075
DEW,isobar,0.000658613,128.94949494949498,0.0012581634030781534
DEW,isobar,0.000658613,129.95959595959596,0.0012788609069021876
DEW,isobar,0.000658613,130.96969696969697,0.0012998417192766954
DEW,isobar,0.000658613,131.97979797979798,0.0013211087814564886
DEW,isobar,0.000658613,132.989898989899,0.0013426650559957994
DEW,isobar,0.000658613,134.0,0.001364513257030982
DEW,isobar,0.003141075,86.0,0.0006038243874140276
DEW,isobar,0.003141075,87.01010101010101,0.0006148992188165068
DEW,isobar,0.003141075,88.02020202020202,0.000626150636846111
DEW,isobar,0.003141075,89.03030303030303,0.0006375807400571738
DEW,isobar,0.003141075,90.04040404040404,0.0006491918027730026
DEW,isobar,0.003141075,91.05050505050505,0.0006609859574409916
DEW,isobar,0.003141075,92.06060606060606,0.0006729654622536601
DEW,isobar,0.003141075,93.07070707070707,0.0006851325965923625
DEW,isobar,0.003141075,94.08080808080808,0.0006974896611729325
DEW,isobar,0.003141075,95.0909090909091,0.0007100387951195064
DEW,isobar,0.003141075,96.1010101010101,0.0007227823926081342
DEW,isobar,0.003141075,97.11111111111111,0.000735722747155661
DEW,isobar,0.003141075,98.12121212121212,0.0007488621683761688
DEW,isobar,0.003141075,99.13131313131314,0.000762203114925298
DEW,isobar,0.003141075,100.14141414141415,0.0007757478010104293
DEW,isobar,0.003141075,101.15151515151516,0.0007894987229257156
DEW,isobar,0.003141075,102.16161616161617,0.0008034582627334172
DEW,isobar,0.003141075,103.17171717171718,0.0008176288183724392
DEW,isobar,0.003141075,104.18181818181819,0.0008320128035420621
DEW,isobar,0.003141075,105.1919191919192,0.0008466126475807727
DEW,isobar,0.003141075,106.20202020202021,0.000861430949717627
DEW,isobar,0.003141075,107.21212121212122,0.0008764700223659094
DEW,isobar,0.003141075,108.22222222222223,0.0008917325021819968
DEW,isobar,0.003141075,109.23232323232324,0.0009072208079413643
DEW,isobar,0.003141075,110.24242424242425,0.0009229375346890456
DEW,isobar,0.003141075,111.25252525252526,0.0009388852138374
DEW,isobar,0.003141075,112.26262626262627,0.0009550663918468194
DEW,isobar,0.003141075,113.27272727272728,0.0009714837193863026
DEW,isobar,0.003141075,114.28282828282829,0.0009881396869591131
DEW,isobar,0.003141075,115.2929292929293,0.0010050369784037646
DEW,isobar,0.003141075,116.30303030303031,0.0010221782046851064
DEW,isobar,0.003141075,117.31313131313132,0.0010395659912096956
DEW,isobar,0.003141075,118.32323232323233,0.0010572029776508422
DEW,isobar,0.003141075,119.33333333333334,0.00107509181776673
DEW,isobar,0.003141075,120.34343434343435,0.0010932352822788645
DEW,isobar,0.003141075,121.35353535353536,0.0011116359536991656
DEW,isobar,0.003141075,122.36363636363637,0.0011302966343242785
DEW,isobar,0.003141075,123.37373737373738,0.0011492199294822912
DEW,isobar,0.003141075,124.3838383838384,0.0011684086723810117
DEW,isobar,0.003141075,125.3939393939394,0.0011878657181468367
DEW,isobar,0.003141075,126.40404040404042,0.001207593595133587
DEW,isobar,0.003141075,127.41414141414143,0.0012275951817496704
DEW,isobar,0.003141075,128.42424242424244,0.0012478733781163681
DEW,isobar,0.003141075,129.43434343434345,0.0012684308593637612
DEW,isobar,0.003141075,130.44444444444446,0.0012892704288492785
DEW,isobar,0.003141075,131.45454545454547,0.0013103949016159363
DEW,isobar,0.003141075,132.46464646464648,0.0013318072350974274
DEW,isobar,0.003141075,133.4747474747475,0.0013535101411425987
DEW,isobar,0.003141075,134.4848484848485,0.0013755064683848813
DEW,isobar,0.003141075,135.49494949494948,0.0013977992149503174
DEW,isobar,0.003141075,136.50505050505052,0.0014203911169466687
DEW,isobar,0.003141075,137.5151515151515,0.001443285198466058
DEW,isobar,0.003141075,138.52525252525254,0.0014664840628960364
DEW,isobar,0.003141075,139.53535353535352,0.0014899909007508134
DEW,isobar,0.003141075,140.54545454545456,0.0015138084755942946
DEW,isobar,0.003141075,141.55555555555554,0.0015379398601532315
DEW,isobar,0.003141075,142.56565656565658,0.001562387829560487
DEW,isobar,0.003141075,143.57575757575756,0.0015871553171134182
DEW,isobar,0.003141075,144.5858585858586,0.001612245263798534
DEW,isobar,0.003141075,145.59595959595958,0.0016376606179266087
DEW,isobar,0.003141075,146.60606060606062,0.0016634043347570895
DEW,isobar,0.003141075,147.6161616161616,0.0016894795510738433
DEW,isobar,0.003141075,148.62626262626264,0.0017158888883019726
DEW,isobar,0.003141075,149.63636363636363,0.001742635310177406
DEW,isobar,0.003141075,150.64646464646466,0.0017697221557801159
DEW,isobar,0.003141075,151.65656565656565,0.0017971522308767082
DEW,isobar,0.003141075,152.66666666666669,0.0018249281395538548
DEW,isobar,0.003141075,153.67676767676767,0.0018530532444289449
DEW,isobar,0.003141075,154.6868686868687,0.0018815301422785312
DEW,isobar,0.003141075,155.6969696969697,0.001910362216300057
DEW,isobar,0.003141075,156.70707070707073,0.001939552467879796
DEW,isobar,0.003141075,157.7171717171717,0.0019691034785866398
DEW,isobar,0.003141075,158.72727272727275,0.001999018230085098
DEW,isobar,0.003141075,159.73737373737373,0.002029300142379825
DEW,isobar,0.003141075,160.74747474747477,0.0020599513298252678
DEW,isobar,0.003141075,161.75757575757575,0.0020909756580111062
DEW,isobar,0.003141075,162.7676767676768,0.0021223756696536655
DEW,isobar,0.003141075,163.77777777777777,0.002154154108019124
DEW,isobar,0.003141075,164.7878787878788,0.002186314176637165
DEW,isobar,0.003141075,165.7979797979798,0.002218858604634164
DEW,isobar,0.003141075,166.80808080808083,0.0022517905974249785
DEW,isobar,0.003141075,167.8181818181818,0.0022851126139314406
DEW,isobar,0.003141075,168.82828282828285,0.0023188278454264882
DEW,isobar,0.003141075,169.83838383838383,0.0023529389703264725
DEW,isobar,0.003141075,170.84848484848487,0.002387449176484738
DEW,isobar,0.003141075,171.85858585858585,0.002422361118937968
DEW,isobar,0.003141075,172.8686868686869,0.0024576777024985876
DEW,isobar,0.003141075,173.87878787878788,0.002493401540803971
DEW,isobar,0.003141075,174.8888888888889,0.0025295357921724052
DEW,isobar,0.003141075,175.8989898989899,0.0025660824548007794
DEW,isobar,0.003141075,176.90909090909093,0.0026030452392049527
DEW,isobar,0.003141075,177.91919191919192,0.0026404263912360427
DEW,isobar,0.003141075,178.92929292929296,0.002678228717763983
DEW,isobar,0.003141075,179.93939393939394,0.002716455011240072
DEW,isobar,0.003141075,180.94949494949498,0.0027551080488872346
DEW,isobar,0.003141075,181.95959595959596,0.0027941899415624125
DEW,isobar,0.003141075,182.96969696969697,0.0028337033990674435
DEW,isobar,0.003141075,183.97979797979798,0.002873651785869404
DEW,isobar,0.003141075,184.989898989899,0.002914037123489606
DEW,isobar,0.003141075,186.0,0.0029548613658169133
DEW,isobar,0.0062,110.0,0.000919471734188382
DEW,isobar,0.0062,111.01010101010101,0.0009353691732951916
DEW,isobar,0.0062,112.02020202020202,0.0009514995981743256
DEW,isobar,0.0062,113.03030303030303,0.0009678656571331434
DEW,isobar,0.0062,114.04040404040404,0.0009844698392511297
DEW,isobar,0.0062,115.05050505050505,0.0010013149187255218
DEW,isobar,0.0062,116.06060606060606,0.0010184033214836654
DEW,isobar,0.0062,117.07070707070707,0.001035737665495491
DEW,isobar,0.0062,118.08080808080808,0.0010533208782751787
DEW,isobar,0.0062,119.0909090909091,0.0010711553226028603
DEW,isobar,0.0062,120.1010101010101,0.0010892439662774193
DEW,isobar,0.0062,121.11111111111111,0.0011075892925528025
DEW,isobar,0.0062,122.12121212121212,0.0011261941020081886
DEW,isobar,0.0062,123.13131313131314,0.001145060999364431
DEW,isobar,0.0062,124.14141414141415,0.0011641928162583856
DEW,isobar,0.0062,125.15151515151516,0.0011835922928578658
DEW,isobar,0.0062,126.16161616161617,0.0012032622980269506
DEW,isobar,0.0062,127.17171717171718,0.0012232054865914269
DEW,isobar,0.0062,128.1818181818182,0.001243424516646533
DEW,isobar,0.0062,129.1919191919192,0.001263922540286655
DEW,isobar,0.0062,130.2020202020202,0.001284702124363069
DEW,isobar,0.0062,131.21212121212122,0.0013057660836265546
DEW,isobar,0.0062,132.22222222222223,0.001327117244352796
DEW,isobar,0.0062,133.23232323232324,0.001348758444076408
DEW,isobar,0.0062,134.24242424242425,0.0013706928024364658
DEW,isobar,0.0062,135.25252525252526,0.001392922918241935
DEW,isobar,0.0062,136.26262626262627,0.0014154516614043
DEW,isobar,0.0062,137.27272727272728,0.0014382819119563518
DEW,isobar,0.0062,138.2828282828283,0.0014614168528387305
DEW,isobar,0.0062,139.2929292929293,0.0014848589523624967
DEW,isobar,0.0062,140.3030303030303,0.0015086114152626478
DEW,isobar,0.0062,141.31313131313132,0.001532677167967454
DEW,isobar,0.0062,142.32323232323233,0.001557058829121945
DEW,isobar,0.0062,143.33333333333334,0.0015817598081650829
DEW,isobar,0.0062,144.34343434343435,0.0016067824080697227
DEW,isobar,0.0062,145.35353535353536,0.001632130230401633
DEW,isobar,0.0062,146.36363636363637,0.0016578059094952042
DEW,isobar,0.0062,147.37373737373738,0.0016838124091261542
DEW,isobar,0.0062,148.3838383838384,0.0017101526993913462
DEW,isobar,0.0062,149.3939393939394,0.0017368297563097731
DEW,isobar,0.0062,150.40404040404042,0.001763846377106228
DEW,isobar,0.0062,151.41414141414143,0.0017912057257178696
DEW,isobar,0.0062,152.42424242424244,0.0018189109846340945
DEW,isobar,0.0062,153.43434343434345,0.0018469645751150205
DEW,isobar,0.0062,154.44444444444446,0.001875369871735415
DEW,isobar,0.0062,155.45454545454547,0.0019041294719936445
DEW,isobar,0.0062,156.46464646464648,0.001933246770628533
DEW,isobar,0.0062,157.4747474747475,0.0019627247747913594
DEW,isobar,0.0062,158.4848484848485,0.0019925660655768056
DEW,isobar,0.0062,159.49494949494948,0.002022773629496436
DEW,isobar,0.0062,160.50505050505052,0.0020533508971908683
DEW,isobar,0.0062,161.5151515151515,0.002084300427296068
DEW,isobar,0.0062,162.52525252525254,0.0021156252054262033
DEW,isobar,0.0062,163.53535353535352,0.002147327981106765
DEW,isobar,0.0062,164.54545454545456,0.0021794119622550296
DEW,isobar,0.0062,165.55555555555554,0.002211880371253705
DEW,isobar,0.0062,166.56565656565658,0.002244735454132581
DEW,isobar,0.0062,167.57575757575756,0.002277980660414811
DEW,isobar,0.0062,168.5858585858586,0.0023116184436426427
DEW,isobar,0.0062,169.59595959595958,0.0023456522609928946
DEW,isobar,0.0062,170.60606060606062,0.002380084535840066
DEW,isobar,0.0062,171.6161616161616,0.002414918188774814
DEW,isobar,0.0062,172.62626262626264,0.00245015613239965
DEW,isobar,0.0062,173.63636363636363,0.002485801270634975
DEW,isobar,0.0062,174.64646464646466,0.0025218559259011174
DEW,isobar,0.0062,175.65656565656565,0.002558324116568492
DEW,isobar,0.0062,176.66666666666669,0.0025952069685801584
DEW,isobar,0.0062,177.67676767676767,0.002632508487176781
DEW,isobar,0.0062,178.6868686868687,0.0026702309068335627
DEW,isobar,0.0062,179.6969696969697,0.002708377030281059
DEW,isobar,0.0062,180.70707070707073,0.0027469496453138777
DEW,isobar,0.0062,181.7171717171717,0.0027859515239707744
DEW,isobar,0.0062,182.72727272727275,0.002825384762763748
DEW,isobar,0.0062,183.73737373737373,0.0028652520648303824
DEW,isobar,0.0062,184.74747474747477,0.0029055567962979084
DEW,isobar,0.0062,185.75757575757575,0.002946300267916498
DEW,isobar,0.0062,186.7676767676768,0.0029874857925526366
DEW,isobar,0.0062,187.77777777777777,0.0030291159903990403
DEW,isobar,0.0062,188.7878787878788,0.0030711927271777893
DEW,isobar,0.0062,189.7979797979798,0.0031137185378073903
DEW,isobar,0.0062,190.80808080808083,0.0031566966881300495
DEW,isobar,0.0062,191.8181818181818,0.0032001281587319672
DEW,isobar,0.0062,192.82828282828285,0.0032440153636628796
DEW,isobar,0.0062,193.83838383838383,0.003288361483584543
DEW,isobar,0.0062,194.84848484848487,0.0033331681010180746
DEW,isobar,0.0062,195.85858585858585,0.0033784367113779785
DEW,isobar,0.0062,196.8686868686869,0.00342417039747448
DEW,isobar,0.0062,197.87878787878788,0.0034703714102145193
DEW,isobar,0.0062,198.8888888888889,0.00351704022896999
DEW,isobar,0.0062,199.8989898989899,0.0035641807078438514
DEW,isobar,0.0062,200.90909090909093,0.003611792292225577
DEW,isobar,0.0062,201.91919191919192,0.0036598787690904533
DEW,isobar,0.0062,202.92929292929296,0.00370844121949161
DEW,isobar,0.0062,203.93939393939394,0.0037574815622447256
DEW,isobar,0.0062,204.94949494949498,0.003807000710251786
DEW,isobar,0.0062,205.95959595959596,0.003857000440387457
DEW,isobar,0.0062,206.96969696969697,0.0039074824793527
DEW,isobar,0.0062,207.97979797979798,0.003958447493313695
DEW,isobar,0.0062,208.989898989899,0.004009897053849825
DEW,isobar,0.0062,210.0,0.004061832676677322
DEW,isobar,0.0111,132.0,0.0013231527773692414
DEW,isobar,0.0111,133.010101010101,0.0013447434749162893
DEW,isobar,0.0111,134.02020202020202,0.0013666265515327194
DEW,isobar,0.0111,135.03030303030303,0.0013888052733419902
DEW,isobar,0.0111,136.04040404040404,0.0014112822475835043
DEW,isobar,0.0111,137.05050505050505,0.001434060642628169
DEW,isobar,0.0111,138.06060606060606,0.001457143075626836
DEW,isobar,0.0111,139.07070707070707,0.001480532448631433
DEW,isobar,0.0111,140.08080808080808,0.0015042318246804996
DEW,isobar,0.0111,141.0909090909091,0.0015282439783966216
DEW,isobar,0.0111,142.1010101010101,0.0015525719965873042
DEW,isobar,0.0111,143.11111111111111,0.0015772189865949058
DEW,isobar,0.0111,144.12121212121212,0.0016021872576126963
DEW,isobar,0.0111,145.13131313131314,0.0016274804119822297
DEW,isobar,0.0111,146.14141414141415,0.0016531010892003792
DEW,isobar,0.0111,147.15151515151516,0.0016790522569695451
DEW,isobar,0.0111,148.16161616161617,0.001705337242910688
DEW,isobar,0.0111,149.17171717171718,0.0017319583271900737
DEW,isobar,0.0111,150.1818181818182,0.0017589188425737648
DEW,isobar,0.0111,151.1919191919192,0.0017862221543114354
DEW,isobar,0.0111,152.2020202020202,0.0018138705175687827
DEW,isobar,0.0111,153.21212121212122,0.0018418672998886433
DEW,isobar,0.0111,154.22222222222223,0.001870215505751474
DEW,isobar,0.0111,155.23232323232324,0.0018989181431566936
DEW,isobar,0.0111,156.24242424242425,0.0019279778125303676
DEW,isobar,0.0111,157.25252525252526,0.0019573981319244912
DEW,isobar,0.0111,158.26262626262627,0.0019871814892225737
DEW,isobar,0.0111,159.27272727272728,0.002017331094791266
DEW,isobar,0.0111,160.2828282828283,0.0020478501754659204
DEW,isobar,0.0111,161.2929292929293,0.0020787408487918397
DEW,isobar,0.0111,162.3030303030303,0.0021100072297769385
DEW,isobar,0.0111,163.31313131313132,0.0021416516473965735
DEW,isobar,0.0111,164.32323232323233,0.00217367685411564
DEW,isobar,0.0111,165.33333333333334,0.0022060860669881914
DEW,isobar,0.0111,166.34343434343435,0.0022388822707029668
DEW,isobar,0.0111,167.35353535353536,0.0022720684463292434
DEW,isobar,0.0111,168.36363636363637,0.0023056470591158824
DEW,isobar,0.0111,169.37373737373738,0.0023396215740059435
DEW,isobar,0.0111,170.3838383838384,0.0023739944266850774
DEW,isobar,0.0111,171.3939393939394,0.002408769088213235
DEW,isobar,0.0111,172.40404040404042,0.002443947961501213
DEW,isobar,0.0111,173.41414141414143,0.0024795336821385435
DEW,isobar,0.0111,174.42424242424244,0.0025155294262182875
DEW,isobar,0.0111,175.43434343434345,0.002551938380021488
DEW,isobar,0.0111,176.44444444444446,0.00258876255931075
DEW,isobar,0.0111,177.45454545454547,0.002626004807117421
DEW,isobar,0.0111,178.46464646464648,0.0026636685651190615
DEW,isobar,0.0111,179.4747474747475,0.002701756059632456
DEW,isobar,0.0111,180.4848484848485,0.0027402700927558836
DEW,isobar,0.0111,181.49494949494948,0.002779213451171547
DEW,isobar,0.0111,182.50505050505052,0.0028185889053132383
DEW,isobar,0.0111,183.5151515151515,0.002858398540691075
DEW,isobar,0.0111,184.52525252525254,0.002898645737017484
DEW,isobar,0.0111,185.53535353535352,0.0029393318272629173
DEW,isobar,0.0111,186.54545454545456,0.002980460842325404
DEW,isobar,0.0111,187.55555555555554,0.00302203402487518
DEW,isobar,0.0111,188.56565656565658,0.003064054681449158
DEW,isobar,0.0111,189.57575757575756,0.003106525403426021
DEW,isobar,0.0111,190.5858585858586,0.003149447249538951
DEW,isobar,0.0111,191.59595959595958,0.003192824216753314
DEW,isobar,0.0111,192.60606060606062,0.003236657257773723
DEW,isobar,0.0111,193.6161616161616,0.00328094957145625
DEW,isobar,0.0111,194.62626262626264,0.0033257027652472703
DEW,isobar,0.0111,195.63636363636363,0.0033709191815405326
DEW,isobar,0.0111,196.64646464646466,0.003416601129466538
DEW,isobar,0.0111,197.65656565656565,0.0034627508837637576
DEW,isobar,0.0111,198.66666666666669,0.003509369819327743
DEW,isobar,0.0111,199.67676767676767,0.0035564600944770737
DEW,isobar,0.0111,200.6868686868687,0.0036040238283452626
DEW,isobar,0.0111,201.6969696969697,0.0036520621905029257
DEW,isobar,0.0111,202.70707070707073,0.0037005771718496743
DEW,isobar,0.0111,203.7171717171717,0.003749571659207439
DEW,isobar,0.0111,204.72727272727275,0.0037990456891525363
DEW,isobar,0.0111,205.73737373737373,0.0038490020404526103
DEW,isobar,0.0111,206.74747474747477,0.0038994405422195294
DEW,isobar,0.0111,207.75757575757575,0.003950364861536151
DEW,isobar,0.0111,208.7676767676768,0.004001773637027143
DEW,isobar,0.0111,209.77777777777777,0.0040536704446934935
DEW,isobar,0.0111,210.7878787878788,0.0041060557722294045
DEW,isobar,0.0111,211.7979797979798,0.004158929980426088
DEW,isobar,0.0111,212.80808080808083,0.0042122943906709705
DEW,isobar,0.0111,213.8181818181818,0.004266150261585734
DEW,isobar,0.0111,214.82828282828285,0.004320496531664539
DEW,isobar,0.0111,215.83838383838383,0.004375336510723529
DEW,isobar,0.0111,216.84848484848487,0.004430670092664825
DEW,isobar,0.0111,217.85858585858585,0.004486495841259578
DEW,isobar,0.0111,218.8686868686869,0.004542816908067702
DEW,isobar,0.0111,219.87878787878788,0.0045996304069119255
DEW,isobar,0.0111,220.8888888888889,0.004656938110205389
DEW,isobar,0.0111,221.8989898989899,0.004714740524857755
DEW,isobar,0.0111,222.90909090909093,0.0047730355064227
DEW,isobar,0.0111,223.91919191919192,0.0048318258794797335
DEW,isobar,0.0111,224.92929292929296,0.0048911065903646375
DEW,isobar,0.0111,225.93939393939394,0.0049508815874985046
DEW,isobar,0.0111,226.94949494949498,0.005011146766490199
DEW,isobar,0.0111,227.95959595959596,0.0050719032298473105
DEW,isobar,0.0111,228.96969696969697,0.005133149240449394
DEW,isobar,0.0111,229.97979797979798,0.005194882868750092
DEW,isobar,0.0111,230.989898989899,0.005257101987542588
DEW,isobar,0.0111,232.0,0.005319807231587268
DEW,isobar,0.0125643,140.0,0.0015025846256455108
DEW,isobar,0.0125643,141.010101010101,0.0015265763504401992
DEW,isobar,0.0125643,142.02020202020202,0.0015508839496411644
DEW,isobar,0.0125643,143.03030303030303,0.0015755098986513906
DEW,isobar,0.0125643,144.04040404040404,0.0016004576253921324
DEW,isobar,0.0125643,145.05050505050505,0.0016257296029777851
DEW,isobar,0.0125643,146.06060606060606,0.0016513292932146132
DEW,isobar,0.0125643,147.07070707070707,0.0016772591648518353
DEW,isobar,0.0125643,148.08080808080808,0.0017035225362790844
DEW,isobar,0.0125643,149.0909090909091,0.001730122219224816
DEW,isobar,0.0125643,150.1010101010101,0.001757061384265957
DEW,isobar,0.0125643,151.11111111111111,0.0017843426610960034
DEW,isobar,0.0125643,152.12121212121212,0.0018119692271125806
DEW,isobar,0.0125643,153.13131313131314,0.0018399440843836071
DEW,isobar,0.0125643,154.14141414141415,0.0018682702390128954
DEW,isobar,0.0125643,155.15151515151516,0.00189695049946649
DEW,isobar,0.0125643,156.16161616161617,0.001925988072224533
DEW,isobar,0.0125643,157.17171717171718,0.001955385763724772
DEW,isobar,0.0125643,158.1818181818182,0.0019851465797056504
DEW,isobar,0.0125643,159.1919191919192,0.0020152737439044486
DEW,isobar,0.0125643,160.2020202020202,0.00204576961400864
DEW,isobar,0.0125643,161.21212121212122,0.002076637848211124
DEW,isobar,0.0125643,162.22222222222223,0.002107881466595054
DEW,isobar,0.0125643,163.23232323232324,0.0021395025559271153
DEW,isobar,0.0125643,164.24242424242425,0.0021715047959089255
DEW,isobar,0.0125643,165.25252525252526,0.002203890947907381
DEW,isobar,0.0125643,166.26262626262627,0.0022366639993482195
DEW,isobar,0.0125643,167.27272727272728,0.00226982693412145
DEW,isobar,0.0125643,168.2828282828283,0.0023033822211517246
DEW,isobar,0.0125643,169.2929292929293,0.00233733332763398
DEW,isobar,0.0125643,170.3030303030303,0.0023716829579201156
DEW,isobar,0.0125643,171.31313131313132,0.0024064337911100446
DEW,isobar,0.0125643,172.32323232323233,0.0024415893030346933
DEW,isobar,0.0125643,173.33333333333334,0.0024771513243311647
DEW,isobar,0.0125643,174.34343434343435,0.0025131238726803827
DEW,isobar,0.0125643,175.35353535353536,0.0025495087203738164
DEW,isobar,0.0125643,176.36363636363637,0.0025863093156923813
DEW,isobar,0.0125643,177.37373737373738,0.0026235279368386462
DEW,isobar,0.0125643,178.3838383838384,0.002661168028771316
DEW,isobar,0.0125643,179.3939393939394,0.002699232133793159
DEW,isobar,0.0125643,180.40404040404042,0.002737722758630524
DEW,isobar,0.0125643,181.41414141414143,0.0027766423727851874
DEW,isobar,0.0125643,182.42424242424244,0.002815994062139283
DEW,isobar,0.0125643,183.43434343434345,0.0028557799179251267
DEW,isobar,0.0125643,184.44444444444446,0.0028960033237673552
DEW,isobar,0.0125643,185.45454545454547,0.0029366663101577347
DEW,isobar,0.0125643,186.46464646464648,0.0029777718935122604
DEW,isobar,0.0125643,187.4747474747475,0.0030193223783066547
DEW,isobar,0.0125643,188.4848484848485,0.0030613192946799634
DEW,isobar,0.0125643,189.49494949494948,0.0031037662934813087
DEW,isobar,0.0125643,190.50505050505052,0.003146665947150515
DEW,isobar,0.0125643,191.5151515151515,0.0031900192707001317
DEW,isobar,0.0125643,192.52525252525254,0.0032338294843973405
DEW,isobar,0.0125643,193.53535353535352,0.003278099039776903
DEW,isobar,0.0125643,194.54545454545456,0.0033228303586571835
DEW,isobar,0.0125643,195.55555555555554,0.003368024191629431
DEW,isobar,0.0125643,196.56565656565658,0.0034136836477314165
DEW,isobar,0.0125643,197.57575757575756,0.0034598110090609127
DEW,isobar,0.0125643,198.5858585858586,0.003506408522336356
DEW,isobar,0.0125643,199.59595959595958,0.0035534766421728647
DEW,isobar,0.0125643,200.60606060606062,0.003601018344171663
DEW,isobar,0.0125643,201.6161616161616,0.0036490366229811138
DEW,isobar,0.0125643,202.62626262626264,0.003697530800312678
DEW,isobar,0.0125643,203.63636363636363,0.0037465037246495196
DEW,isobar,0.0125643,204.64646464646466,0.003795957306384074
DEW,isobar,0.0125643,205.65656565656565,0.0038458934092171697
DEW,isobar,0.0125643,206.66666666666669,0.003896312861779156
DEW,isobar,0.0125643,207.67676767676767,0.003947216377161651
DEW,isobar,0.0125643,208.6868686868687,0.003998607610248927
DEW,isobar,0.0125643,209.6969696969697,0.004050485110078422
DEW,isobar,0.0125643,210.70707070707073,0.004102851383518237
DEW,isobar,0.0125643,211.7171717171717,0.004155707875845137
DEW,isobar,0.0125643,212.72727272727275,0.004209054882850217
DEW,isobar,0.0125643,213.73737373737373,0.004262893675175462
DEW,isobar,0.0125643,214.74747474747477,0.004317224333028487
DEW,isobar,0.0125643,215.75757575757575,0.004372047941549247
DEW,isobar,0.0125643,216.7676767676768,0.004427364353264139
DEW,isobar,0.0125643,217.77777777777777,0.004483175639362176
DEW,isobar,0.0125643,218.7878787878788,0.004539481470289115
DEW,isobar,0.0125643,219.7979797979798,0.004596281363955023
DEW,isobar,0.0125643,220.80808080808083,0.004653575922988545
DEW,isobar,0.0125643,221.8181818181818,0.004711365669225768
DEW,isobar,0.0125643,222.82828282828285,0.0047696497594255
DEW,isobar,0.0125643,223.83838383838383,0.0048284271827456066
DEW,isobar,0.0125643,224.84848484848487,0.004887699404640058
DEW,isobar,0.0125643,225.85858585858585,0.004947463847162568
DEW,isobar,0.0125643,226.8686868686869,0.0050077204018186975
DEW,isobar,0.0125643,227.87878787878788,0.0050684688626066845
DEW,isobar,0.0125643,228.8888888888889,0.005129706100613073
DEW,isobar,0.0125643,229.8989898989899,0.005191433007349579
DEW,isobar,0.0125643,230.90909090909093,0.005253649001342262
DEW,isobar,0.0125643,231.91919191919192,0.005316348952054276
DEW,isobar,0.0125643,232.92929292929296,0.00537953335238575
DEW,isobar,0.0125643,233.93939393939394,0.005443201144981735
DEW,isobar,0.0125643,234.94949494949498,0.0055073480500209045
DEW,isobar,0.0125643,235.95959595959596,0.005571971047416977
DEW,isobar,0.0125643,236.96969696969697,0.00563707009378385
DEW,isobar,0.0125643,237.97979797979798,0.005702641861759748
DEW,isobar,0.0125643,238.989898989899,0.0057686811375989135
DEW,isobar,0.0125643,240.0,0.00583518572051744
DEW,isobar,0.0155,150.0,0.001754975280892245
DEW,isobar,0.0155,151.010101010101,0.0017822337418873968
DEW,isobar,0.0155,152.02020202020202,0.0018098374084113663
DEW,isobar,0.0155,153.03030303030303,0.0018377892857806412
DEW,isobar,0.0155,154.04040404040404,0.001866092383448387
DEW,isobar,0.0155,155.05050505050505,0.0018947497145532773
DEW,isobar,0.0155,156.06060606060606,0.0019237640908612364
DEW,isobar,0.0155,157.07070707070707,0.001953138728427825
DEW,isobar,0.0155,158.08080808080808,0.0019828764361350722
DEW,isobar,0.0155,159.0909090909091,0.002012980225097286
DEW,isobar,0.0155,160.1010101010101,0.0020434533276330762
DEW,isobar,0.0155,161.11111111111111,0.002074298095198722
DEW,isobar,0.0155,162.12121212121212,0.002105518200948343
DEW,isobar,0.0155,163.13131313131314,0.0021371162033277697
DEW,isobar,0.0155,164.14141414141415,0.002169095573872187
DEW,isobar,0.0155,165.15151515151516,0.0022014583682281492
DEW,isobar,0.0155,166.16161616161617,0.002234208536012244
DEW,isobar,0.0155,167.17171717171718,0.0022673480917869333
DEW,isobar,0.0155,168.1818181818182,0.0023008805033443106
DEW,isobar,0.0155,169.1919191919192,0.002334808751001372
DEW,isobar,0.0155,170.2020202020202,0.002369135281247079
DEW,isobar,0.0155,171.21212121212122,0.0024038635726215843
DEW,isobar,0.0155,172.22222222222223,0.0024389960393715114
DEW,isobar,0.0155,173.23232323232324,0.0024745356067226915
DEW,isobar,0.0155,174.24242424242425,0.002510485191053891
DEW,isobar,0.0155,175.25252525252526,0.002546847988197519
DEW,isobar,0.0155,176.26262626262627,0.0025836263218459847
DEW,isobar,0.0155,177.27272727272728,0.00262082306196879
DEW,isobar,0.0155,178.2828282828283,0.002658441066276163
DEW,isobar,0.0155,179.2929292929293,0.0026964834896766455
DEW,isobar,0.0155,180.3030303030303,0.0027349519165887713
DEW,isobar,0.0155,181.31313131313132,0.002773850398489379
DEW,isobar,0.0155,182.32323232323233,0.0028131810986602077
DEW,isobar,0.0155,183.33333333333334,0.0028529461184568267
DEW,isobar,0.0155,184.34343434343435,0.0028931488493447108
DEW,isobar,0.0155,185.35353535353536,0.0029337913323608175
DEW,isobar,0.0155,186.36363636363637,0.002974876242110048
DEW,isobar,0.0155,187.37373737373738,0.003016406231793135
DEW,isobar,0.0155,188.3838383838384,0.0030583839322711457
DEW,isobar,0.0155,189.3939393939394,0.0031008119511198827
DEW,isobar,0.0155,190.40404040404042,0.003143692120135991
DEW,isobar,0.0155,191.41414141414143,0.0031870269583118283
DEW,isobar,0.0155,192.42424242424244,0.003230818957235602
DEW,isobar,0.0155,193.43434343434345,0.00327507058005657
DEW,isobar,0.0155,194.44444444444446,0.003319784260437238
DEW,isobar,0.0155,195.45454545454547,0.003364960764086303
DEW,isobar,0.0155,196.46464646464648,0.0034106040436964686
DEW,isobar,0.0155,197.4747474747475,0.0034567155897508865
DEW,isobar,0.0155,198.4848484848485,0.0035032968009908252
DEW,isobar,0.0155,199.49494949494948,0.0035503498572923673
DEW,isobar,0.0155,200.50505050505052,0.0035978777908325355
DEW,isobar,0.0155,201.5151515151515,0.0036458809357352113
DEW,isobar,0.0155,202.52525252525254,0.0036943622280845314
DEW,isobar,0.0155,203.53535353535352,0.0037433227482228694
DEW,isobar,0.0155,204.54545454545456,0.0037927644224664955
DEW,isobar,0.0155,205.55555555555554,0.003842688161763393
DEW,isobar,0.0155,206.56565656565658,0.003893096734707888
DEW,isobar,0.0155,207.57575757575756,0.003943990921933489
DEW,isobar,0.0155,208.5858585858586,0.003995372405106637
DEW,isobar,0.0155,209.59595959595958,0.00404724177708826
DEW,isobar,0.0155,210.60606060606062,0.004099600559774103
DEW,isobar,0.0155,211.6161616161616,0.004152450217379054
DEW,isobar,0.0155,212.62626262626264,0.004205791066944638
DEW,isobar,0.0155,213.63636363636363,0.004259624398798238
DEW,isobar,0.0155,214.64646464646466,0.004313951439488697
DEW,isobar,0.0155,215.65656565656565,0.004368772207396069
DEW,isobar,0.0155,216.66666666666669,0.004424087740352896
DEW,isobar,0.0155,217.67676767676767,0.004479897825324625
DEW,isobar,0.0155,218.6868686868687,0.004536204500064672
DEW,isobar,0.0155,219.6969696969697,0.0045930061467044665
DEW,isobar,0.0155,220.70707070707073,0.004650303391971691
DEW,isobar,0.0155,221.7171717171717,0.004708096782194097
DEW,isobar,0.0155,222.72727272727275,0.004766386781486308
DEW,isobar,0.0155,223.73737373737373,0.0048251711680870005
DEW,isobar,0.0155,224.74747474747477,0.004884450109883951
DEW,isobar,0.0155,225.75757575757575,0.004944225026744245
DEW,isobar,0.0155,226.7676767676768,0.0050044932369710665
DEW,isobar,0.0155,227.77777777777777,0.005065253176737065
DEW,isobar,0.0155,228.7878787878788,0.005126505912408257
DEW,isobar,0.0155,229.7979797979798,0.0051882496341571415
DEW,isobar,0.0155,230.80808080808083,0.005250483791998379
DEW,isobar,0.0155,231.8181818181818,0.005313203295293118
DEW,isobar,0.0155,232.82828282828285,0.00537641016838543
DEW,isobar,0.0155,233.83838383838383,0.005440100408282131
DEW,isobar,0.0155,234.84848484848487,0.005504272801513968
DEW,isobar,0.0155,235.85858585858585,0.0055689260126080544
DEW,isobar,0.0155,236.8686868686869,0.0056340553843164925
DEW,isobar,0.0155,237.87878787878788,0.005699659178987492
DEW,isobar,0.0155,238.8888888888889,0.005765733876312726
DEW,isobar,0.0155,239.8989898989899,0.005832275716764531
DEW,isobar,0.0155,240.90909090909093,0.005899282397144777
DEW,isobar,0.0155,241.91919191919192,0.005966751469285383
DEW,isobar,0.0155,242.92929292929296,0.006034675072077294
DEW,isobar,0.0155,243.93939393939394,0.006103050213684049
DEW,isobar,0.0155,244.94949494949498,0.006171875552941108
DEW,isobar,0.0155,245.95959595959596,0.006241142345879296
DEW,isobar,0.0155,246.96969696969697,0.006310845077736452
DEW,isobar,0.0155,247.97979797979798,0.006380981737001713
DEW,isobar,0.0155,248.989898989899,0.006451544477327683
DEW,isobar,0.0155,250.0,0.006522525037314943
DEW,isobar,0.022798125,169.0,0.002330527843872385
DEW,isobar,0.022798125,170.010101010101,0.002364820882962608
DEW,isobar,0.022798125,171.02020202020202,0.002399515388050816
DEW,isobar,0.022798125,172.03030303030303,0.002434614852966737
DEW,isobar,0.022798125,173.04040404040404,0.0024701219695636607
DEW,isobar,0.022798125,174.05050505050505,0.002506039402081748
DEW,isobar,0.022798125,175.06060606060606,0.002542370361570044
DEW,isobar,0.022798125,176.07070707070707,0.0025791174835736066
DEW,isobar,0.022798125,177.08080808080808,0.0026162833724738947
DEW,isobar,0.022798125,178.0909090909091,0.002653871207302078
DEW,isobar,0.022798125,179.1010101010101,0.002691883557875869
DEW,isobar,0.022798125,180.11111111111111,0.002730323588267439
DEW,isobar,0.022798125,181.12121212121212,0.0027691928697954537
DEW,isobar,0.022798125,182.13131313131314,0.00280849547525213
DEW,isobar,0.022798125,183.14141414141415,0.002848233562528779
DEW,isobar,0.022798125,184.15151515151516,0.002888409901450488
DEW,isobar,0.022798125,185.16161616161617,0.002929026557026966
DEW,isobar,0.022798125,186.17171717171718,0.002970086924628536
DEW,isobar,0.022798125,187.1818181818182,0.0030115930055935477
DEW,isobar,0.022798125,188.1919191919192,0.0030535481776211375
DEW,isobar,0.022798125,189.2020202020202,0.003095953637974307
DEW,isobar,0.022798125,190.21212121212122,0.003138811956508495
DEW,isobar,0.022798125,191.22222222222223,0.0031821272007446304
DEW,isobar,0.022798125,192.23232323232324,0.0032258996418679455
DEW,isobar,0.022798125,193.24242424242425,0.0032701333066888095
DEW,isobar,0.022798125,194.25252525252526,0.00331482909271223
DEW,isobar,0.022798125,195.26262626262627,0.0033599910212623015
DEW,isobar,0.022798125,196.27272727272728,0.0034056190445736927
DEW,isobar,0.022798125,197.2828282828283,0.0034517171331845393
DEW,isobar,0.022798125,198.2929292929293,0.003498285903643166
DEW,isobar,0.022798125,199.3030303030303,0.003545329312996612
DEW,isobar,0.022798125,200.31313131313132,0.0035928469595928303
DEW,isobar,0.022798125,201.32323232323233,0.003640842738814291
DEW,isobar,0.022798125,202.33333333333334,0.0036893178717559054
DEW,isobar,0.022798125,203.34343434343435,0.0037382734769015416
DEW,isobar,0.022798125,204.35353535353536,0.00378771246563078
DEW,isobar,0.022798125,205.36363636363637,0.0038376358364781192
DEW,isobar,0.022798125,206.37373737373738,0.0038880444773996136
DEW,isobar,0.022798125,207.3838383838384,0.003938942156607896
DEW,isobar,0.022798125,208.3939393939394,0.003990327650299673
DEW,isobar,0.022798125,209.40404040404042,0.0040422036089075835
DEW,isobar,0.022798125,210.41414141414143,0.0040945705980949924
DEW,isobar,0.022798125,211.42424242424244,0.004147431191157799
DEW,isobar,0.022798125,212.43434343434345,0.004200785805427288
DEW,isobar,0.022798125,213.44444444444446,0.00425463362593345
DEW,isobar,0.022798125,214.45454545454547,0.004308979231982547
DEW,isobar,0.022798125,215.46464646464648,0.004363820525819728
DEW,isobar,0.022798125,216.4747474747475,0.0044191585943137955
DEW,isobar,0.022798125,217.4848484848485,0.004474994454923716
DEW,isobar,0.022798125,218.49494949494948,0.004531329054035591
DEW,isobar,0.022798125,219.50505050505052,0.004588162049971987
DEW,isobar,0.022798125,220.5151515151515,0.004645494182425126
DEW,isobar,0.022798125,221.52525252525254,0.004703326113217454
DEW,isobar,0.022798125,222.53535353535352,0.0047616558732484875
DEW,isobar,0.022798125,223.54545454545456,0.004820483839164738
DEW,isobar,0.022798125,224.55555555555554,0.004879811618166676
DEW,isobar,0.022798125,225.56565656565658,0.004939636798170998
DEW,isobar,0.022798125,226.57575757575756,0.004999960786192051
DEW,isobar,0.022798125,227.5858585858586,0.005060779454351254
DEW,isobar,0.022798125,228.59595959595958,0.005122095335151404
DEW,isobar,0.022798125,229.60606060606062,0.005183906758927733
DEW,isobar,0.022798125,230.6161616161616,0.005246210414945956
DEW,isobar,0.022798125,231.62626262626264,0.005309007121047053
DEW,isobar,0.022798125,232.63636363636363,0.005372293190389047
DEW,isobar,0.022798125,233.64646464646466,0.005436069194966607
DEW,isobar,0.022798125,234.65656565656565,0.005500331054736668
DEW,isobar,0.022798125,235.66666666666669,0.005565079082381272
DEW,isobar,0.022798125,236.67676767676767,0.0056303087870635225
DEW,isobar,0.022798125,237.6868686868687,0.00569601859004494
DEW,isobar,0.022798125,238.6969696969697,0.005762205138931401
DEW,isobar,0.022798125,239.70707070707073,0.005828864845735882
DEW,isobar,0.022798125,240.7171717171717,0.005895995576546154
DEW,isobar,0.022798125,241.72727272727275,0.005963593333721926
DEW,isobar,0.022798125,242.73737373737373,0.0060316538680067295
DEW,isobar,0.022798125,243.74747474747477,0.006100174448549518
DEW,isobar,0.022798125,244.75757575757575,0.006169146779241416
DEW,isobar,0.022798125,245.7676767676768,0.006238573062729524
DEW,isobar,0.022798125,246.77777777777777,0.00630844265482183
DEW,isobar,0.022798125,247.7878787878788,0.006378751845298706
DEW,isobar,0.022798125,248.7979797979798,0.006449492914057407
DEW,isobar,0.022798125,249.80808080808083,0.0065206655182082065
DEW,isobar,0.022798125,250.8181818181818,0.00659225750516159
DEW,isobar,0.022798125,251.82828282828285,0.006664268101130386
DEW,isobar,0.022798125,252.83838383838383,0.006736684352221962
DEW,isobar,0.022798125,253.84848484848487,
DEW,isobar,0.022798125,254.85858585858585,
DEW,isobar,0.022798125,255.8686868686869,
DEW,isobar,0.022798125,256.8787878787879,
DEW,isobar,0.022798125,257.8888888888889,
DEW,isobar,0.022798125,258.8989898989899,
DEW,isobar,0.022798125,259.90909090909093,
DEW,isobar,0.022798125,260.9191919191919,0.007329727411348223
DEW,isobar,0.022798125,261.92929292929296,0.00740543120636665
DEW,isobar,0.022798125,262.93939393939394,0.007481446047859229
DEW,isobar,0.022798125,263.949494949495,0.007557763028730319
DEW,isobar,0.022798125,264.95959595959596,0.0076343680898960705
DEW,isobar,0.022798125,265.969696969697,0.007711246605428535
DEW,isobar,0.022798125,266.979797979798,0.00778838336951026
DEW,isobar,0.022798125,267.98989898989896,0.007865762583221553
DEW,isobar,0.022798125,269.0,0.007943378193050344
DEW,isobar,0.025,172.0,0.0024342558397664905
DEW,isobar,0.025,173.010101010101,0.0024697642937098383
DEW,isobar,0.025,174.02020202020202,0.0025056829503161226
DEW,isobar,0.025,175.03030303030303,0.002542015585386369
DEW,isobar,0.025,176.04040404040404,0.0025787645616814196
DEW,isobar,0.025,177.05050505050505,0.0026159327867506976
DEW,isobar,0.025,178.06060606060606,0.0026535225498339316
DEW,isobar,0.025,179.07070707070707,0.0026915379382360404
DEW,isobar,0.025,180.08080808080808,0.002729980598131199
DEW,isobar,0.025,181.0909090909091,0.002768853353724783
DEW,isobar,0.025,182.1010101010101,0.0028081590137562186
DEW,isobar,0.025,183.11111111111111,0.0028479010334189147
DEW,isobar,0.025,184.12121212121212,0.0028880808741770345
DEW,isobar,0.025,185.13131313131314,0.0029287019445757567
DEW,isobar,0.025,186.14141414141415,0.0029697669830240606
DEW,isobar,0.025,187.15151515151516,0.003011277997619371
DEW,isobar,0.025,188.16161616161617,0.0030532376491048618
DEW,isobar,0.025,189.17171717171718,0.0030956485754979326
DEW,isobar,0.025,190.1818181818182,0.0031385133911353523
DEW,isobar,0.025,191.1919191919192,0.0031818343050424385
DEW,isobar,0.025,192.2020202020202,0.00322561347424882
DEW,isobar,0.025,193.21212121212122,0.0032698537896641198
DEW,isobar,0.025,194.22222222222223,0.0033145573390331268
DEW,isobar,0.025,195.23232323232324,0.003359726560835745
DEW,isobar,0.025,196.24242424242425,0.003405363033327931
DEW,isobar,0.025,197.25252525252526,0.003451469932734857
DEW,isobar,0.025,198.26262626262627,0.0034980478849508502
DEW,isobar,0.025,199.27272727272728,0.0035451008543951807
DEW,isobar,0.025,200.2828282828283,0.003592628449625908
DEW,isobar,0.025,201.2929292929293,0.0036406345736638467
DEW,isobar,0.025,202.3030303030303,0.003689121374692088
DEW,isobar,0.025,203.31313131313132,0.0037380881609877024
DEW,isobar,0.025,204.32323232323233,0.0037875397038283237
DEW,isobar,0.025,205.33333333333334,0.003837475129799597
DEW,isobar,0.025,206.34343434343435,0.0038878972512434457
DEW,isobar,0.025,207.35353535353536,0.003938807899035862
DEW,isobar,0.025,208.36363636363637,0.003990207840170443
DEW,isobar,0.025,209.37373737373738,0.004042099785236585
DEW,isobar,0.025,210.3838383838384,0.0040944822662615345
DEW,isobar,0.025,211.3939393939394,0.004147359946958312
DEW,isobar,0.025,212.40404040404042,0.004200730059227817
DEW,isobar,0.025,213.41414141414143,0.004254597200982246
DEW,isobar,0.025,214.42424242424244,0.004308960526147968
DEW,isobar,0.025,215.43434343434345,0.004363821255779135
DEW,isobar,0.025,216.44444444444446,0.004419180544920819
DEW,isobar,0.025,217.45454545454547,0.004475037129501444
DEW,isobar,0.025,218.46464646464648,0.004531393107137522
DEW,isobar,0.025,219.4747474747475,0.004588249364848689
DEW,isobar,0.025,220.4848484848485,0.0046456054810310584
DEW,isobar,0.025,221.49494949494948,0.004703460877712938
DEW,isobar,0.025,222.50505050505052,0.0047618160908107525
DEW,isobar,0.025,223.5151515151515,0.004820671573292263
DEW,isobar,0.025,224.52525252525254,0.004880026376856739
DEW,isobar,0.025,225.53535353535352,0.004939880719250789
DEW,isobar,0.025,226.54545454545456,0.005000233368599207
DEW,isobar,0.025,227.55555555555554,0.005061084294471299
DEW,isobar,0.025,228.56565656565658,0.0051224305637386685
DEW,isobar,0.025,229.57575757575756,0.0051842746685825235
DEW,isobar,0.025,230.5858585858586,0.005246613385296291
DEW,isobar,0.025,231.59595959595958,0.005309446146531007
DEW,isobar,0.025,232.60606060606062,0.0053727692865980356
DEW,isobar,0.025,233.6161616161616,0.005436583396169645
DEW,isobar,0.025,234.62626262626264,0.005500885959952829
DEW,isobar,0.025,235.63636363636363,0.005565674248352529
DEW,isobar,0.025,236.64646464646466,0.005630946903977373
DEW,isobar,0.025,237.65656565656565,0.005696700826954451
DEW,isobar,0.025,238.66666666666669,0.005762932688038497
DEW,isobar,0.025,239.67676767676767,0.0058296405911776455
DEW,isobar,0.025,240.6868686868687,0.005896820809096768
DEW,isobar,0.025,241.6969696969697,0.005964469369400416
DEW,isobar,0.025,242.70707070707073,0.006032582048459064
DEW,isobar,0.025,243.7171717171717,0.006101156140312605
DEW,isobar,0.025,244.72727272727275,0.006170188785568604
DEW,isobar,0.025,245.73737373737373,0.006239671476753581
DEW,isobar,0.025,246.74747474747477,0.006309602643544561
DEW,isobar,0.025,247.75757575757575,0.0063799731112877305
DEW,isobar,0.025,248.7676767676768,0.006450782771201774
DEW,isobar,0.025,249.77777777777777,0.006522021840229097
DEW,isobar,0.025,250.7878787878788,0.006593683952057093
DEW,isobar,0.025,251.7979797979798,0.006665766445069246
DEW,isobar,0.025,252.80808080808083,0.006738256402286763
DEW,isobar,0.025,253.8181818181818,
DEW,isobar,0.025,254.82828282828285,
DEW,isobar,0.025,255.83838383838383,
DEW,isobar,0.025,256.8484848484849,
DEW,isobar,0.025,257.85858585858585,
DEW,isobar,0.025,258.8686868686869,
DEW,isobar,0.025,259.8787878787879,
DEW,isobar,0.025,260.8888888888889,0.007332008873343372
DEW,isobar,0.025,261.8989898989899,0.007407814305144928
DEW,isobar,0.025,262.90909090909093,0.007483937975803632
DEW,isobar,0.025,263.9191919191919,0.007560366428117727
DEW,isobar,0.025,264.92929292929296,0.00763708565155871
DEW,isobar,0.025,265.93939393939394,0.007714081069390478
DEW,isobar,0.025,266.949494949495,0.007791342548305527
DEW,isobar,0.025,267.95959595959596,0.007868854563339214
DEW,isobar,0.025,268.969696969697,0.007946600989377555
DEW,isobar,0.025,269.979797979798,0.008024559838662059
DEW,isobar,0.025,270.98989898989896,0.008102718839592475
DEW,isobar,0.025,272.0,0.008181065387209956
DEW,isobar,0.03343725,190.0,0.003134547840632695
DEW,isobar,0.03343725,191.010101010101,0.0031778621710005107
DEW,isobar,0.03343725,192.02020202020202,0.0032216365070145522
DEW,isobar,0.03343725,193.03030303030303,0.0032658726295122223
DEW,isobar,0.03343725,194.04040404040404,0.0033105738353540596
DEW,isobar,0.03343725,195.05050505050505,0.0033557410097987935
DEW,isobar,0.03343725,196.06060606060606,0.00340137820265846
DEW,isobar,0.03343725,197.07070707070707,0.0034474861822496538
DEW,isobar,0.03343725,198.08080808080808,0.0034940681351501362
DEW,isobar,0.03343725,199.0909090909091,0.0035411255323724647
DEW,isobar,0.03343725,200.1010101010101,0.0035886597508665
DEW,isobar,0.03343725,201.11111111111111,0.003636674767879867
DEW,isobar,0.03343725,202.12121212121212,0.003685170984799401
DEW,isobar,0.03343725,203.13131313131314,0.0037341505007786016
DEW,isobar,0.03343725,204.14141414141415,0.003783615372635223
DEW,isobar,0.03343725,205.15151515151516,0.0038335666520394394
DEW,isobar,0.03343725,206.16161616161617,0.0038840072365533907
DEW,isobar,0.03343725,207.17171717171718,0.003934938053511297
DEW,isobar,0.03343725,208.1818181818182,0.003986360926923766
DEW,isobar,0.03343725,209.1919191919192,0.004038276602888899
DEW,isobar,0.03343725,210.2020202020202,0.004090687796763182
DEW,isobar,0.03343725,211.21212121212122,0.004143594052526372
DEW,isobar,0.03343725,212.22222222222223,0.0041969979577848905
DEW,isobar,0.03343725,213.23232323232324,0.00425089881987369
DEW,isobar,0.03343725,214.24242424242425,0.004305300204930204
DEW,isobar,0.03343725,215.25252525252526,0.0043602012261736815
DEW,isobar,0.03343725,216.26262626262627,0.004415603091046492
DEW,isobar,0.03343725,217.27272727272728,0.004471506940194662
DEW,isobar,0.03343725,218.2828282828283,0.0045279138458478255
DEW,isobar,0.03343725,219.2929292929293,0.0045848223894443315
DEW,isobar,0.03343725,220.3030303030303,0.004642234613055283
DEW,isobar,0.03343725,221.31313131313132,0.004700150061816123
DEW,isobar,0.03343725,222.32323232323233,0.004758569393239207
DEW,isobar,0.03343725,223.33333333333334,0.004817491893475422
DEW,isobar,0.03343725,224.34343434343435,0.00487691799495568
DEW,isobar,0.03343725,225.35353535353536,0.0049368467112784675
DEW,isobar,0.03343725,226.36363636363637,0.00499727823716226
DEW,isobar,0.03343725,227.37373737373738,0.005058212676058304
DEW,isobar,0.03343725,228.3838383838384,0.005119648639690578
DEW,isobar,0.03343725,229.3939393939394,0.0051815845549923805
DEW,isobar,0.03343725,230.40404040404042,0.005244020102620793
DEW,isobar,0.03343725,231.41414141414143,0.005306954860250317
DEW,isobar,0.03343725,232.42424242424244,0.0053703868104669405
DEW,isobar,0.03343725,233.43434343434345,0.0054343137339654
DEW,isobar,0.03343725,234.44444444444446,0.005498733204137536
DEW,isobar,0.03343725,235.45454545454547,0.005563645705600551
DEW,isobar,0.03343725,236.46464646464648,0.005629048528544235
DEW,isobar,0.03343725,237.4747474747475,0.005694937131440856
DEW,isobar,0.03343725,238.4848484848485,0.005761311556736031
DEW,isobar,0.03343725,239.49494949494948,0.005828166830610314
DEW,isobar,0.03343725,240.50505050505052,0.0058955010172498405
DEW,isobar,0.03343725,241.5151515151515,0.005963312042988738
DEW,isobar,0.03343725,242.52525252525254,0.006031595951850734
DEW,isobar,0.03343725,243.53535353535352,0.006100344998340708
DEW,isobar,0.03343725,244.54545454545456,0.006169561738771803
DEW,isobar,0.03343725,245.55555555555554,0.006239236135948137
DEW,isobar,0.03343725,246.56565656565658,0.006309366811242097
DEW,isobar,0.03343725,247.57575757575756,0.0063799485732983765
DEW,isobar,0.03343725,248.5858585858586,0.006450974039328964
DEW,isobar,0.03343725,249.59595959595958,0.00652243930047999
DEW,isobar,0.03343725,250.60606060606062,0.006594340270059644
DEW,isobar,0.03343725,251.6161616161616,0.006666668681396003
DEW,isobar,0.03343725,252.62626262626264,0.0067394158394766
DEW,isobar,0.03343725,253.63636363636363,
DEW,isobar,0.03343725,254.64646464646466,
DEW,isobar,0.03343725,255.65656565656565,
DEW,isobar,0.03343725,256.6666666666667,
DEW,isobar,0.03343725,257.67676767676767,
DEW,isobar,0.03343725,258.6868686868687,
DEW,isobar,0.03343725,259.6969696969697,
DEW,isobar,0.03343725,260.7070707070707,0.007335636082556332
DEW,isobar,0.03343725,261.7171717171717,0.007411810674838691
DEW,isobar,0.03343725,262.72727272727275,0.007488315902834059
DEW,isobar,0.03343725,263.73737373737373,0.007565141006634075
DEW,isobar,0.03343725,264.74747474747477,0.007642272391525806
DEW,isobar,0.03343725,265.75757575757575,0.007719700837306434
DEW,isobar,0.03343725,266.7676767676768,0.0077974118405644095
DEW,isobar,0.03343725,267.77777777777777,0.007875387779611855
DEW,isobar,0.03343725,268.7878787878788,0.007953615445968877
DEW,isobar,0.03343725,269.7979797979798,0.008032081175716849
DEW,isobar,0.03343725,270.80808080808083,0.008110770840758808
DEW,isobar,0.03343725,271.8181818181818,0.008189661760252742
DEW,isobar,0.03343725,272.82828282828285,0.008268735762603414
DEW,isobar,0.03343725,273.83838383838383,0.00834797956204033
DEW,isobar,0.03343725,274.8484848484849,0.00842736545627729
DEW,isobar,0.03343725,275.85858585858585,0.008506881694897649
DEW,isobar,0.03343725,276.8686868686869,0.008586498944699324
DEW,isobar,0.03343725,277.8787878787879,0.008666198409017218
DEW,isobar,0.03343725,278.8888888888889,0.008745951784937015
DEW,isobar,0.03343725,279.8989898989899,0.008825741773482429
DEW,isobar,0.03343725,280.90909090909093,0.008905532252982042
DEW,isobar,0.03343725,281.9191919191919,0.008985304288709469
DEW,isobar,0.03343725,282.92929292929296,0.009065025874771671
DEW,isobar,0.03343725,283.93939393939394,0.009144657427761795
DEW,isobar,0.03343725,284.949494949495,0.009224177282099342
DEW,isobar,0.03343725,285.95959595959596,0.009303550105924076
DEW,isobar,0.03343725,286.969696969697,0.009382739321403166
DEW,isobar,0.03343725,287.979797979798,0.009461700302006461
DEW,isobar,0.03343725,288.98989898989896,0.009540400483244935
DEW,isobar,0.03343725,290.0,0.009618799387952855
DEW,isobar,0.0335,190.0,0.0031345763404804325
DEW,isobar,0.0335,191.010101010101,0.0031778911066426344
DEW,isobar,0.0335,192.02020202020202,0.003221665884580647
DEW,isobar,0.0335,193.03030303030303,0.0032659024552092334
DEW,isobar,0.0335,194.04040404040404,0.00331060411546123
DEW,isobar,0.0335,195.05050505050505,0.003355772563060427
DEW,isobar,0.0335,196.06060606060606,0.003401409410738654
DEW,isobar,0.0335,197.07070707070707,0.0034475187045272574
DEW,isobar,0.0335,198.08080808080808,0.0034941011520991266
DEW,isobar,0.0335,199.0909090909091,0.0035411590508789667
DEW,isobar,0.0335,200.1010101010101,0.0035886946621187217
DEW,isobar,0.0335,201.11111111111111,0.0036367093104930893
DEW,isobar,0.0335,202.12121212121212,0.0036852060501292995
DEW,isobar,0.0335,203.13131313131314,0.0037341870259792426
DEW,isobar,0.0335,204.14141414141415,0.0037836524507754983
DEW,isobar,0.0335,205.15151515151516,0.0038336052522911523
DEW,isobar,0.0335,206.16161616161617,0.0038840464212464222
DEW,isobar,0.0335,207.17171717171718,0.003934977830693457
DEW,isobar,0.0335,208.1818181818182,0.003986401304737681
DEW,isobar,0.0335,209.1919191919192,0.004038317589576001
DEW,isobar,0.0335,210.2020202020202,0.004090729400658108
DEW,isobar,0.0335,211.21212121212122,0.004143636282068133
DEW,isobar,0.0335,212.22222222222223,0.004197040821507576
DEW,isobar,0.0335,213.23232323232324,0.004250943423996376
DEW,isobar,0.0335,214.24242424242425,0.00430534547874034
DEW,isobar,0.0335,215.25252525252526,0.004360248312880456
DEW,isobar,0.0335,216.26262626262627,0.0044156508844108
DEW,isobar,0.0335,217.27272727272728,0.004471555449798112
DEW,isobar,0.0335,218.2828282828283,0.0045279630813817
DEW,isobar,0.0335,219.2929292929293,0.004584872360720156
DEW,isobar,0.0335,220.3030303030303,0.004642286560101691
DEW,isobar,0.0335,221.31313131313132,0.004700202784589492
DEW,isobar,0.0335,222.32323232323233,0.004758622902173625
DEW,isobar,0.0335,223.33333333333334,0.004817546199128172
DEW,isobar,0.0335,224.34343434343435,0.004876974419953312
DEW,isobar,0.0335,225.35353535353536,0.004936903975660555
DEW,isobar,0.0335,226.36363636363637,0.00499733770677336
DEW,isobar,0.0335,227.37373737373738,0.005058273029408242
DEW,isobar,0.0335,228.3838383838384,0.005119709888562613
DEW,isobar,0.0335,229.3939393939394,0.005181648132212819
DEW,isobar,0.0335,230.40404040404042,0.00524408462205008
DEW,isobar,0.0335,231.41414141414143,0.005307020334389809
DEW,isobar,0.0335,232.42424242424244,0.0053704532519618445
DEW,isobar,0.0335,233.43434343434345,0.00543438115560531
DEW,isobar,0.0335,234.44444444444446,0.005498804694209483
DEW,isobar,0.0335,235.45454545454547,0.005563716688480643
DEW,isobar,0.0335,236.46464646464648,0.005629122142136384
DEW,isobar,0.0335,237.4747474747475,0.005695011827789872
DEW,isobar,0.0335,238.4848484848485,0.005761387350038443
DEW,isobar,0.0335,239.49494949494948,0.005828245397955649
DEW,isobar,0.0335,240.50505050505052,0.005895582425247949
DEW,isobar,0.0335,241.5151515151515,0.00596339464429223
DEW,isobar,0.0335,242.52525252525254,0.006031679762010093
DEW,isobar,0.0335,243.53535353535352,0.006100431802151116
DEW,isobar,0.0335,244.54545454545456,0.006169648013997299
DEW,isobar,0.0335,245.55555555555554,0.0062393273165389776
DEW,isobar,0.0335,246.56565656565658,0.006309457468446648
DEW,isobar,0.0335,247.57575757575756,0.006380042429573998
DEW,isobar,0.0335,248.5858585858586,0.006451071169654467
DEW,isobar,0.0335,249.59595959595958,0.006522539781171061
DEW,isobar,0.0335,250.60606060606062,0.006594440239938532
DEW,isobar,0.0335,251.6161616161616,0.006666770098420493
DEW,isobar,0.0335,252.62626262626264,0.006739520752340095
DEW,isobar,0.0335,253.63636363636363,
DEW,isobar,0.0335,254.64646464646466,
DEW,isobar,0.0335,255.65656565656565,
DEW,isobar,0.0335,256.6666666666667,
DEW,isobar,0.0335,257.67676767676767,
DEW,isobar,0.0335,258.6868686868687,
DEW,isobar,0.0335,259.6969696969697,
DEW,isobar,0.0335,260.7070707070707,0.007335765118695238
DEW,isobar,0.0335,261.7171717171717,0.0074119392342123355
DEW,isobar,0.0335,262.72727272727275,0.007488448656867601
DEW,isobar,0.0335,263.73737373737373,0.007565278048832045
DEW,isobar,0.0335,264.74747474747477,0.0076424138169915905
DEW,isobar,0.0335,265.75757575757575,0.007719846742734094
DEW,isobar,0.0335,266.7676767676768,0.007797559821461459
DEW,isobar,0.0335,267.77777777777777,0.007875540401669885
DEW,isobar,0.0335,268.7878787878788,0.007953772810369348
DEW,isobar,0.0335,269.7979797979798,0.00803224076968448
DEW,isobar,0.0335,270.80808080808083,0.008110932691711571
DEW,isobar,0.0335,271.8181818181818,0.00818982589589438
DEW,isobar,0.0335,272.82828282828285,0.008268907676460002
DEW,isobar,0.0335,273.83838383838383,0.008348153896812269
DEW,isobar,0.0335,274.8484848484849,0.008427545054815964
DEW,isobar,0.0335,275.85858585858585,0.008507066669000479
DEW,isobar,0.0335,276.8686868686869,0.00858668651203191
DEW,isobar,0.0335,277.8787878787879,0.008666394476946788
DEW,isobar,0.0335,278.8888888888889,0.008746156555417486
DEW,isobar,0.0335,279.8989898989899,0.008825949404311279
DEW,isobar,0.0335,280.90909090909093,0.008905748913220567
DEW,isobar,0.0335,281.9191919191919,0.008985523966353439
DEW,isobar,0.0335,282.92929292929296,0.009065248605647567
DEW,isobar,0.0335,283.93939393939394,0.00914488965122411
DEW,isobar,0.0335,284.949494949495,0.009224419217790748
DEW,isobar,0.0335,285.95959595959596,0.009303795389510573
DEW,isobar,0.0335,286.969696969697,0.009382987992034734
DEW,isobar,0.0335,287.979797979798,0.00946196595195021
DEW,isobar,0.0335,288.98989898989896,0.009540669791604443
DEW,isobar,0.0335,290.0,0.009619072396947302
DEW,isobar,0.0517,213.0,0.004251350073625661
DEW,isobar,0.0517,214.010101010101,0.004305906958388807
DEW,isobar,0.0517,215.02020202020202,0.004360969481279579
DEW,isobar,0.0517,216.03030303030303,0.004416539005501706
DEW,isobar,0.0517,217.04040404040404,0.004472616830573501
DEW,isobar,0.0517,218.05050505050505,0.004529204190728004
DEW,isobar,0.0517,219.06060606060606,0.004586301048828412
DEW,isobar,0.0517,220.07070707070707,0.004643907220634149
DEW,isobar,0.0517,221.08080808080808,0.004702024858525475
DEW,isobar,0.0517,222.0909090909091,0.004760653591977313
DEW,isobar,0.0517,223.1010101010101,0.004819794178045879
DEW,isobar,0.0517,224.11111111111111,0.004879445989545556
DEW,isobar,0.0517,225.12121212121212,0.004939609561181284
DEW,isobar,0.0517,226.13131313131314,0.005000283995605399
DEW,isobar,0.0517,227.14141414141415,0.005061469592615355
DEW,isobar,0.0517,228.15151515151516,0.005123166562460255
DEW,isobar,0.0517,229.16161616161617,0.005185372195937903
DEW,isobar,0.0517,230.17171717171718,0.005248087819413084
DEW,isobar,0.0517,231.1818181818182,0.005311313292267842
DEW,isobar,0.0517,232.1919191919192,0.005375043926370425
DEW,isobar,0.0517,233.2020202020202,0.005439282181112182
DEW,isobar,0.0517,234.21212121212122,0.005504024476985163
DEW,isobar,0.0517,235.22222222222223,0.005569270042130388
DEW,isobar,0.0517,236.23232323232324,0.005635017991112348
DEW,isobar,0.0517,237.24242424242425,0.005701264115067704
DEW,isobar,0.0517,238.25252525252526,0.005768007143401393
DEW,isobar,0.0517,239.26262626262627,0.005835245681092232
DEW,isobar,0.0517,240.27272727272728,0.005902978206337929
DEW,isobar,0.0517,241.2828282828283,0.005971197947818049
DEW,isobar,0.0517,242.2929292929293,0.006039904616829106
DEW,isobar,0.0517,243.3030303030303,0.0061090943713731
DEW,isobar,0.0517,244.31313131313132,0.006178764907007069
DEW,isobar,0.0517,245.32323232323233,0.0062489101428191045
DEW,isobar,0.0517,246.33333333333334,0.006319527312179068
DEW,isobar,0.0517,247.34343434343435,0.006390611621199478
DEW,isobar,0.0517,248.35353535353536,0.006462159903560189
DEW,isobar,0.0517,249.36363636363637,0.006534163039629028
DEW,isobar,0.0517,250.37373737373738,0.006606621187313631
DEW,isobar,0.0517,251.3838383838384,0.006679524620253294
DEW,isobar,0.0517,252.3939393939394,0.006752871154112506
DEW,isobar,0.0517,253.40404040404042,
DEW,isobar,0.0517,254.41414141414143,
DEW,isobar,0.0517,255.42424242424244,
DEW,isobar,0.0517,256.4343434343434,
DEW,isobar,0.0517,257.44444444444446,
DEW,isobar,0.0517,258.45454545454544,
DEW,isobar,0.0517,259.4646464646465,
DEW,isobar,0.0517,260.47474747474746,0.0073546823844579945
DEW,isobar,0.0517,261.4848484848485,0.007431670517599703
DEW,isobar,0.0517,262.4949494949495,0.00750901816296993
DEW,isobar,0.0517,263.5050505050505,0.007586715328633509
DEW,isobar,0.0517,264.5151515151515,0.007664749214892742
DEW,isobar,0.0517,265.52525252525254,0.00774311629594642
DEW,isobar,0.0517,266.5353535353535,0.007821793151354154
DEW,isobar,0.0517,267.54545454545456,0.007900775432110601
DEW,isobar,0.0517,268.55555555555554,0.007980043418328621
DEW,isobar,0.0517,269.5656565656566,0.00805958691502697
DEW,isobar,0.0517,270.57575757575756,0.008139390150376631
DEW,isobar,0.0517,271.5858585858586,0.008219436743112958
DEW,isobar,0.0517,272.5959595959596,0.008299715127342006
DEW,isobar,0.0517,273.6060606060606,0.008380202382832077
DEW,isobar,0.0517,274.6161616161616,0.008460880220692444
DEW,isobar,0.0517,275.62626262626264,0.00854173536770763
DEW,isobar,0.0517,276.6363636363636,0.008622742676193226
DEW,isobar,0.0517,277.64646464646466,0.008703881823292719
DEW,isobar,0.0517,278.65656565656565,0.008785137710056254
DEW,isobar,0.0517,279.6666666666667,0.008866482823597244
DEW,isobar,0.0517,280.67676767676767,0.008947894677240432
DEW,isobar,0.0517,281.6868686868687,0.009029343840380455
DEW,isobar,0.0517,282.6969696969697,0.009110806041077906
DEW,isobar,0.0517,283.7070707070707,0.009192262590733009
DEW,isobar,0.0517,284.7171717171717,0.009273668512443947
DEW,isobar,0.0517,285.72727272727275,0.009355009684280824
DEW,isobar,0.0517,286.73737373737373,0.009436245292224858
DEW,isobar,0.0517,287.74747474747477,0.009517339660425271
DEW,isobar,0.0517,288.75757575757575,0.009598262691737294
DEW,isobar,0.0517,289.7676767676768,0.009678983389917122
DEW,isobar,0.0517,290.77777777777777,0.009759441712354523
DEW,isobar,0.0517,291.7878787878788,0.009839617894328403
DEW,isobar,0.0517,292.7979797979798,0.009919463071436029
DEW,isobar,0.0517,293.80808080808083,0.009998926594697422
DEW,isobar,0.0517,294.8181818181818,0.010077955992312603
DEW,isobar,0.0517,295.82828282828285,0.010156512011522385
DEW,isobar,0.0517,296.83838383838383,0.010234531404892572
DEW,isobar,0.0517,297.8484848484849,0.010311964079752298
DEW,isobar,0.0517,298.85858585858585,0.010388742687967103
DEW,isobar,0.0517,299.8686868686869,0.010464805416199466
DEW,isobar,0.0517,300.8787878787879,0.01054008840886651
DEW,isobar,0.0517,301.8888888888889,0.010614509356163013
DEW,isobar,0.0517,302.8989898989899,0.01068799123634195
DEW,isobar,0.0517,303.90909090909093,0.010760454410162915
DEW,isobar,0.0517,304.9191919191919,0.010831816574862941
DEW,isobar,0.0517,305.92929292929296,0.010901975431586984
DEW,isobar,0.0517,306.93939393939394,0.010970816232302207
DEW,isobar,0.0517,307.949494949495,0.011038255518926478
DEW,isobar,0.0517,308.95959595959596,0.011104153449953164
DEW,isobar,0.0517,309.969696969697,0.01116838311051264
DEW,isobar,0.0517,310.979797979798,0.011230813155158479
DEW,isobar,0.0517,311.98989898989896,0.01129128901337524
DEW,isobar,0.0517,313.0,0.011349660052966053
DEW,isobar,0.0642,230.0,0.005249842774969218
DEW,isobar,0.0642,231.010101010101,0.005313252349362926
DEW,isobar,0.0642,232.02020202020202,0.00537717529976673
DEW,isobar,0.0642,233.03030303030303,0.005441609814884146
DEW,isobar,0.0642,234.04040404040404,0.005506558458768879
DEW,isobar,0.0642,235.05050505050505,0.0055720161359163484
DEW,isobar,0.0642,236.06060606060606,0.005637983644658606
DEW,isobar,0.0642,237.07070707070707,0.0057044585718708
DEW,isobar,0.0642,238.08080808080808,0.00577143991269284
DEW,isobar,0.0642,239.0909090909091,0.0058389232459592
DEW,isobar,0.0642,240.1010101010101,0.005906908846649792
DEW,isobar,0.0642,241.11111111111111,0.005975393565368851
DEW,isobar,0.0642,242.12121212121212,0.006044372291514439
DEW,isobar,0.0642,243.13131313131314,0.006113844829602359
DEW,isobar,0.0642,244.14141414141415,0.0061838073911969155
DEW,isobar,0.0642,245.15151515151516,0.006254255937976003
DEW,isobar,0.0642,246.16161616161617,0.006325186175521757
DEW,isobar,0.0642,247.17171717171718,0.006396595412424949
DEW,isobar,0.0642,248.1818181818182,0.006468478909295111
DEW,isobar,0.0642,249.1919191919192,0.006540831653728038
DEW,isobar,0.0642,250.2020202020202,0.006613650306559438
DEW,isobar,0.0642,251.21212121212122,0.006686927396575153
DEW,isobar,0.0642,252.22222222222223,0.0067606590667795416
DEW,isobar,0.0642,253.23232323232324,0.006834837195679736
DEW,isobar,0.0642,254.24242424242425,
DEW,isobar,0.0642,255.25252525252526,
DEW,isobar,0.0642,256.26262626262627,
DEW,isobar,0.0642,257.27272727272725,
DEW,isobar,0.0642,258.2828282828283,
DEW,isobar,0.0642,259.2929292929293,
DEW,isobar,0.0642,260.3030303030303,
DEW,isobar,0.0642,261.3131313131313,0.007443600561381722
DEW,isobar,0.0642,262.32323232323233,0.007521493617268483
DEW,isobar,0.0642,263.3333333333333,0.007599758912713737
DEW,isobar,0.0642,264.34343434343435,0.007678379499475998
DEW,isobar,0.0642,265.35353535353534,0.00775734739556804
DEW,isobar,0.0642,266.3636363636364,0.007836654363953805
DEW,isobar,0.0642,267.37373737373736,0.007916286872240866
DEW,isobar,0.0642,268.3838383838384,0.007996228272019162
DEW,isobar,0.0642,269.3939393939394,0.008076471563985785
DEW,isobar,0.0642,270.4040404040404,0.00815699909159874
DEW,isobar,0.0642,271.4141414141414,0.008237792449229814
DEW,isobar,0.0642,272.42424242424244,0.008318846011384235
DEW,isobar,0.0642,273.4343434343434,0.008400137665134446
DEW,isobar,0.0642,274.44444444444446,0.008481655504422805
DEW,isobar,0.0642,275.45454545454544,0.008563375979332604
DEW,isobar,0.0642,276.4646464646465,0.008645280295873053
DEW,isobar,0.0642,277.47474747474746,0.00872735480871595
DEW,isobar,0.0642,278.4848484848485,0.0088095796082405
DEW,isobar,0.0642,279.4949494949495,0.008891928088987373
DEW,isobar,0.0642,280.5050505050505,0.00897437866736746
DEW,isobar,0.0642,281.5151515151515,0.009056915194492489
DEW,isobar,0.0642,282.52525252525254,0.00913950234963492
DEW,isobar,0.0642,283.5353535353535,0.009222122380960157
DEW,isobar,0.0642,284.54545454545456,0.009304750674048356
DEW,isobar,0.0642,285.55555555555554,0.009387355287969265
DEW,isobar,0.0642,286.5656565656566,0.009469903099307501
DEW,isobar,0.0642,287.57575757575756,0.009552366494476511
DEW,isobar,0.0642,288.5858585858586,0.009634717005852065
DEW,isobar,0.0642,289.5959595959596,0.009716911475766265
DEW,isobar,0.0642,290.6060606060606,0.009798926105086288
DEW,isobar,0.0642,291.6161616161616,0.009880708149303623
DEW,isobar,0.0642,292.62626262626264,0.009962231569469458
DEW,isobar,0.0642,293.6363636363636,0.01004344054230974
DEW,isobar,0.0642,294.64646464646466,0.010124306690976958
DEW,isobar,0.0642,295.65656565656565,0.010204778510082706
DEW,isobar,0.0642,296.6666666666667,0.010284795029373024
DEW,isobar,0.0642,297.67676767676767,0.010364316141047812
DEW,isobar,0.0642,298.6868686868687,0.010443285000973742
DEW,isobar,0.0642,299.6969696969697,0.010521642810288542
DEW,isobar,0.0642,300.7070707070707,0.010599320729175025
DEW,isobar,0.0642,301.7171717171717,0.010676271922121438
DEW,isobar,0.0642,302.72727272727275,0.010752398748860775
DEW,isobar,0.0642,303.73737373737373,0.010827649967163119
DEW,isobar,0.0642,304.74747474747477,0.010901939094829314
DEW,isobar,0.0642,305.75757575757575,0.01097517654375004
DEW,isobar,0.0642,306.7676767676768,0.011047287022897619
DEW,isobar,0.0642,307.77777777777777,0.011118157569465542
DEW,isobar,0.0642,308.7878787878788,0.011187697908558352
DEW,isobar,0.0642,309.7979797979798,0.011255787651872299
DEW,isobar,0.0642,310.80808080808083,0.011322302063634332
DEW,isobar,0.0642,311.8181818181818,0.011387130654068905
DEW,isobar,0.0642,312.82828282828285,0.011450121608478917
DEW,isobar,0.0642,313.83838383838383,0.011511107987361133
DEW,isobar,0.0642,314.8484848484849,0.011569955555564901
DEW,isobar,0.0642,315.85858585858585,0.011626447206323798
DEW,isobar,0.0642,316.8686868686869,0.011680397360465573
DEW,isobar,0.0642,317.8787878787879,0.01173159387591845
DEW,isobar,0.0642,318.8888888888889,0.011779776224900628
DEW,isobar,0.0642,319.8989898989899,0.011824674220342776
DEW,isobar,0.0642,320.90909090909093,0.011865986942942455
DEW,isobar,0.0642,321.9191919191919,0.011903381335997902
DEW,isobar,0.0642,322.92929292929296,0.011936426235639728
DEW,isobar,0.0642,323.93939393939394,0.011964717670271898
DEW,isobar,0.0642,324.949494949495,0.011987682944616487
DEW,isobar,0.0642,325.95959595959596,0.0120047498267427
DEW,isobar,0.0642,326.969696969697,0.012015189671116054
DEW,isobar,0.0642,327.979797979798,0.012018109345058698
DEW,isobar,0.0642,328.98989898989896,0.012012489635067831
DEW,isobar,0.0642,330.0,0.011996992769002157
DEW,isobar,0.0859,250.0,0.006631991940345489
DEW,isobar,0.0859,251.010101010101,0.006705931447532176
DEW,isobar,0.0859,252.02020202020202,0.00678034690938129
DEW,isobar,0.0859,253.03030303030303,0.006855230764018909
DEW,isobar,0.0859,254.04040404040404,
DEW,isobar,0.0859,255.05050505050505,
DEW,isobar,0.0859,256.06060606060606,
DEW,isobar,0.0859,257.07070707070704,
DEW,isobar,0.0859,258.0808080808081,
DEW,isobar,0.0859,259.09090909090907,
DEW,isobar,0.0859,260.1010101010101,
DEW,isobar,0.0859,261.1111111111111,0.0074705149024412104
DEW,isobar,0.0859,262.1212121212121,0.007549347166291711
DEW,isobar,0.0859,263.1313131313131,0.007628577633476037
DEW,isobar,0.0859,264.14141414141415,0.007708199559762961
DEW,isobar,0.0859,265.1515151515151,0.0077882035357626994
DEW,isobar,0.0859,266.16161616161617,0.007868577302788947
DEW,isobar,0.0859,267.17171717171715,0.007949310574591294
DEW,isobar,0.0859,268.1818181818182,0.00803039266654581
DEW,isobar,0.0859,269.19191919191917,0.008111815068483066
DEW,isobar,0.0859,270.2020202020202,0.008193561150284624
DEW,isobar,0.0859,271.2121212121212,0.008275618868530675
DEW,isobar,0.0859,272.22222222222223,0.008357970352044091
DEW,isobar,0.0859,273.2323232323232,0.00844061065090195
DEW,isobar,0.0859,274.24242424242425,0.008523518180900955
DEW,isobar,0.0859,275.25252525252523,0.008606681680589603
DEW,isobar,0.0859,276.26262626262627,0.008690078146942013
DEW,isobar,0.0859,277.27272727272725,0.008773695193754594
DEW,isobar,0.0859,278.2828282828283,0.008857517162327412
DEW,isobar,0.0859,279.2929292929293,0.008941521921260609
DEW,isobar,0.0859,280.3030303030303,0.009025686480005376
DEW,isobar,0.0859,281.3131313131313,0.00910999925001872
DEW,isobar,0.0859,282.32323232323233,0.009194426649380307
DEW,isobar,0.0859,283.3333333333333,0.009278958926165145
DEW,isobar,0.0859,284.34343434343435,0.00936356707112178
DEW,isobar,0.0859,285.35353535353534,0.009448220951785241
DEW,isobar,0.0859,286.3636363636364,0.009532902471508327
DEW,isobar,0.0859,287.37373737373736,0.0096175730492117
DEW,isobar,0.0859,288.3838383838384,0.00970221966026622
DEW,isobar,0.0859,289.3939393939394,0.009786801701700102
DEW,isobar,0.0859,290.4040404040404,0.009871290902295148
DEW,isobar,0.0859,291.4141414141414,0.009955658122127129
DEW,isobar,0.0859,292.42424242424244,0.010039858993467128
DEW,isobar,0.0859,293.4343434343434,0.010123869261689542
DEW,isobar,0.0859,294.44444444444446,0.010207634653570335
DEW,isobar,0.0859,295.45454545454544,0.010291136109042268
DEW,isobar,0.0859,296.4646464646465,0.01037430893976464
DEW,isobar,0.0859,297.47474747474746,0.01045712423042937
DEW,isobar,0.0859,298.4848484848485,0.010539521300932738
DEW,isobar,0.0859,299.4949494949495,0.010621468755597156
DEW,isobar,0.0859,300.5050505050505,0.010702902532691043
DEW,isobar,0.0859,301.5151515151515,0.010783764298621046
DEW,isobar,0.0859,302.52525252525254,0.010864001954209456
DEW,isobar,0.0859,303.5353535353535,0.010943553471489818
DEW,isobar,0.0859,304.54545454545456,0.011022354756709972
DEW,isobar,0.0859,305.55555555555554,0.011100322466753465
DEW,isobar,0.0859,306.5656565656566,0.011177396256026952
DEW,isobar,0.0859,307.57575757575756,0.011253505251472529
DEW,isobar,0.0859,308.5858585858586,0.011328540657629553
DEW,isobar,0.0859,309.5959595959596,0.011402434735191496
DEW,isobar,0.0859,310.6060606060606,0.011475081245390914
DEW,isobar,0.0859,311.6161616161616,0.011546370139469499
DEW,isobar,0.0859,312.62626262626264,0.011616206320135651
DEW,isobar,0.0859,313.6363636363636,0.011684472672250373
DEW,isobar,0.0859,314.64646464646466,0.011751028762976679
DEW,isobar,0.0859,315.65656565656565,0.011815748680272058
DEW,isobar,0.0859,316.6666666666667,0.011878462712145559
DEW,isobar,0.0859,317.67676767676767,0.0119390351122895
DEW,isobar,0.0859,318.6868686868687,0.011997264804148597
DEW,isobar,0.0859,319.6969696969697,0.012052963897346634
DEW,isobar,0.0859,320.7070707070707,0.01210593802893621
DEW,isobar,0.0859,321.7171717171717,0.012155922802935183
DEW,isobar,0.0859,322.72727272727275,0.012202665424206087
DEW,isobar,0.0859,323.73737373737373,0.012245882549396347
DEW,isobar,0.0859,324.74747474747477,0.012285236874618853
DEW,isobar,0.0859,325.75757575757575,0.01232035658636683
DEW,isobar,0.0859,326.7676767676768,0.012350811384481259
DEW,isobar,0.0859,327.77777777777777,0.012376132492715233
DEW,isobar,0.0859,328.7878787878788,0.012395765067764568
DEW,isobar,0.0859,329.7979797979798,0.012409040668521986
DEW,isobar,0.0859,330.80808080808083,0.012415148094478003
DEW,isobar,0.0859,331.8181818181818,0.01241319846332023
DEW,isobar,0.0859,332.82828282828285,0.012401980518711312
DEW,isobar,0.0859,333.83838383838383,0.012380091634576339
DEW,isobar,0.0859,334.8484848484849,388.5590454325439
DEW,isobar,0.0859,335.85858585858585,388.5590454325439
DEW,isobar,0.0859,336.8686868686869,388.5590454325439
DEW,isobar,0.0859,337.8787878787879,388.5590454325439
DEW,isobar,0.0859,338.8888888888889,388.5590454325439
DEW,isobar,0.0859,339.8989898989899,388.5590454325439
DEW,isobar,0.0859,340.90909090909093,388.5590454325439
DEW,isobar,0.0859,341.9191919191919,388.5590454325439
DEW,isobar,0.0859,342.92929292929296,388.5590454325439
DEW,isobar,0.0859,343.93939393939394,388.5590454325439
DEW,isobar,0.0859,344.949494949495,388.5590454325439
DEW,isobar,0.0859,345.95959595959596,388.5590454325439
DEW,isobar,0.0859,346.969696969697,388.5590454325439
DEW,isobar,0.0859,347.979797979798,388.5590454325439
DEW,isobar,0.0859,348.98989898989896,388.5590454325439
DEW,isobar,0.0859,350.0,388.5590454325439
DEW,isobar,0.1067,268.0,0.008062448102982782
DEW,isobar,0.1067,269.010101010101,0.008144937647632838
DEW,isobar,0.1067,270.020202020202,0.008227787464421807
DEW,isobar,0.1067,271.030303030303,0.008310986478700275
DEW,isobar,0.1067,272.04040404040404,0.008394517831903824
DEW,isobar,0.1067,273.050505050505,0.00847837482327919
DEW,isobar,0.1067,274.06060606060606,0.008562542340136033
DEW,isobar,0.1067,275.07070707070704,0.008647004667324364
DEW,isobar,0.1067,276.0808080808081,0.008731745473583432
DEW,isobar,0.1067,277.09090909090907,0.008816753570353435
DEW,isobar,0.1067,278.1010101010101,0.008902011603433652
DEW,isobar,0.1067,279.1111111111111,0.008987501566755682
DEW,isobar,0.1067,280.1212121212121,0.009073204788185294
DEW,isobar,0.1067,281.1313131313131,0.009159108028611225
DEW,isobar,0.1067,282.14141414141415,0.00924518530278002
DEW,isobar,0.1067,283.1515151515151,0.009331422147073597
DEW,isobar,0.1067,284.16161616161617,0.009417790973195376
DEW,isobar,0.1067,285.17171717171715,0.00950427603844299
DEW,isobar,0.1067,286.1818181818182,0.009590848087837613
DEW,isobar,0.1067,287.19191919191917,0.009677490044158722
DEW,isobar,0.1067,288.2020202020202,0.009764170921172505
DEW,isobar,0.1067,289.2121212121212,0.009850865404319493
DEW,isobar,0.1067,290.22222222222223,0.009937547364116991
DEW,isobar,0.1067,291.2323232323232,0.010024182799578132
DEW,isobar,0.1067,292.24242424242425,0.01011075074842054
DEW,isobar,0.1067,293.25252525252523,0.010197208059823347
DEW,isobar,0.1067,294.26262626262627,0.010283524579065647
DEW,isobar,0.1067,295.27272727272725,0.01036966924520019
DEW,isobar,0.1067,296.2828282828283,0.01045560252768989
DEW,isobar,0.1067,297.2929292929293,0.01054128353923115
DEW,isobar,0.1067,298.3030303030303,0.010626670008348533
DEW,isobar,0.1067,299.3131313131313,0.010711726118081
DEW,isobar,0.1067,300.32323232323233,0.010796399097297692
DEW,isobar,0.1067,301.3333333333333,0.010880642361297935
DEW,isobar,0.1067,302.34343434343435,0.010964407831897786
DEW,isobar,0.1067,303.35353535353534,0.011047645910422073
DEW,isobar,0.1067,304.3636363636364,0.01113028860882478
DEW,isobar,0.1067,305.37373737373736,0.01121229105496537
DEW,isobar,0.1067,306.3838383838384,0.011293581270565595
DEW,isobar,0.1067,307.3939393939394,0.011374093475624505
DEW,isobar,0.1067,308.4040404040404,0.011453768630658653
DEW,isobar,0.1067,309.4141414141414,0.011532518969563813
DEW,isobar,0.1067,310.42424242424244,0.011610262673767868
DEW,isobar,0.1067,311.4343434343434,0.01168693367368062
DEW,isobar,0.1067,312.44444444444446,0.011762426592911181
DEW,isobar,0.1067,313.45454545454544,0.011836641726418197
DEW,isobar,0.1067,314.4646464646465,0.011909495226968271
DEW,isobar,0.1067,315.47474747474746,0.011980861810157058
DEW,isobar,0.1067,316.4848484848485,0.012050641322303485
DEW,isobar,0.1067,317.4949494949495,0.012118680527728335
DEW,isobar,0.1067,318.5050505050505,0.012184861075285682
DEW,isobar,0.1067,319.5151515151515,0.012249019860313709
DEW,isobar,0.1067,320.52525252525254,0.01231100876370087
DEW,isobar,0.1067,321.5353535353535,0.012370664292775677
DEW,isobar,0.1067,322.54545454545456,0.012427774819683364
DEW,isobar,0.1067,323.55555555555554,0.012482121051276506
DEW,isobar,0.1067,324.5656565656566,0.012533497850563582
DEW,isobar,0.1067,325.57575757575756,0.012581649003275186
DEW,isobar,0.1067,326.5858585858586,0.012626264381296732
DEW,isobar,0.1067,327.5959595959596,0.012667045309146405
DEW,isobar,0.1067,328.6060606060606,0.012703659857678915
DEW,isobar,0.1067,329.6161616161616,0.012735648133040362
DEW,isobar,0.1067,330.62626262626264,0.012762603948672643
DEW,isobar,0.1067,331.6363636363636,0.0127839641103708
DEW,isobar,0.1067,332.64646464646466,0.012799096574579553
DEW,isobar,0.1067,333.65656565656565,0.012807346647673972
DEW,isobar,0.1067,334.6666666666667,0.012807789620116692
DEW,isobar,0.1067,335.67676767676767,0.012799367038203753
DEW,isobar,0.1067,336.6868686868687,0.012780830975522807
DEW,isobar,0.1067,337.6969696969697,
DEW,isobar,0.1067,338.7070707070707,
DEW,isobar,0.1067,339.7171717171717,
DEW,isobar,0.1067,340.72727272727275,
DEW,isobar,0.1067,341.73737373737373,
DEW,isobar,0.1067,342.74747474747477,
DEW,isobar,0.1067,343.75757575757575,
DEW,isobar,0.1067,344.7676767676768,
DEW,isobar,0.1067,345.77777777777777,
DEW,isobar,0.1067,346.7878787878788,
DEW,isobar,0.1067,347.7979797979798,
DEW,isobar,0.1067,348.80808080808083,
DEW,isobar,0.1067,349.8181818181818,
DEW,isobar,0.1067,350.82828282828285,
DEW,isobar,0.1067,351.83838383838383,
DEW,isobar,0.1067,352.8484848484849,
DEW,isobar,0.1067,353.85858585858585,
DEW,isobar,0.1067,354.8686868686869,
DEW,isobar,0.1067,355.8787878787879,
DEW,isobar,0.1067,356.8888888888889,
DEW,isobar,0.1067,357.8989898989899,
DEW,isobar,0.1067,358.90909090909093,
DEW,isobar,0.1067,359.9191919191919,
DEW,isobar,0.1067,360.92929292929296,
DEW,isobar,0.1067,361.93939393939394,
DEW,isobar,0.1067,362.949494949495,
DEW,isobar,0.1067,363.95959595959596,
DEW,isobar,0.1067,364.969696969697,
DEW,isobar,0.1067,365.979797979798,
DEW,isobar,0.1067,366.98989898989896,
DEW,isobar,0.1067,368.0,
DEW,isobar,0.1281,280.0,0.00912531920338532
DEW,isobar,0.1281,281.010101010101,0.009212770973849621
DEW,isobar,0.1281,282.020202020202,0.009300447625885347
DEW,isobar,0.1281,283.030303030303,0.009388335985298011
DEW,isobar,0.1281,284.04040404040404,0.009476416181186973
DEW,isobar,0.1281,285.050505050505,0.009564670858347404
DEW,isobar,0.1281,286.06060606060606,0.009653075582095726
DEW,isobar,0.1281,287.07070707070704,0.00974160499711592
DEW,isobar,0.1281,288.0808080808081,0.00983023953383522
DEW,isobar,0.1281,289.09090909090907,0.009918962452468691
DEW,isobar,0.1281,290.1010101010101,0.010007735859664538
DEW,isobar,0.1281,291.1111111111111,0.0100965413381282
DEW,isobar,0.1281,292.1212121212121,0.010185352929377951
DEW,isobar,0.1281,293.1313131313131,0.010274143845236455
DEW,isobar,0.1281,294.14141414141415,0.01036287182187888
DEW,isobar,0.1281,295.1515151515151,0.010451522587115339
DEW,isobar,0.1281,296.16161616161617,0.010540051722077467
DEW,isobar,0.1281,297.17171717171715,0.010628428330247594
DEW,isobar,0.1281,298.1818181818182,0.010716612862351288
DEW,isobar,0.1281,299.19191919191917,0.01080458007951709
DEW,isobar,0.1281,300.2020202020202,0.010892272431287736
DEW,isobar,0.1281,301.2121212121212,0.010979662307521124
DEW,isobar,0.1281,302.22222222222223,0.011066697036672195
DEW,isobar,0.1281,303.2323232323232,0.01115333859408869
DEW,isobar,0.1281,304.24242424242425,0.01123953112941966
DEW,isobar,0.1281,305.25252525252523,0.01132523382921235
DEW,isobar,0.1281,306.26262626262627,0.011410378928879724
DEW,isobar,0.1281,307.27272727272725,0.011494922371776512
DEW,isobar,0.1281,308.2828282828283,0.01157880124988519
DEW,isobar,0.1281,309.2929292929293,0.011661941571350183
DEW,isobar,0.1281,310.3030303030303,0.011744294002825038
DEW,isobar,0.1281,311.3131313131313,0.011825780340112557
DEW,isobar,0.1281,312.32323232323233,0.011906319671507093
DEW,isobar,0.1281,313.3333333333333,0.011985847260421638
DEW,isobar,0.1281,314.34343434343435,0.012064267796699515
DEW,isobar,0.1281,315.35353535353534,0.012141492343902537
DEW,isobar,0.1281,316.3636363636364,0.01221741922824138
DEW,isobar,0.1281,317.37373737373736,0.012291963277203095
DEW,isobar,0.1281,318.3838383838384,0.012364996426618313
DEW,isobar,0.1281,319.3939393939394,0.012436426970803365
DEW,isobar,0.1281,320.4040404040404,0.012506098420715775
DEW,isobar,0.1281,321.4141414141414,0.012573890525168004
DEW,isobar,0.1281,322.42424242424244,0.012639658032191746
DEW,isobar,0.1281,323.4343434343434,0.012703250843176675
DEW,isobar,0.1281,324.44444444444446,0.01276448119725572
DEW,isobar,0.1281,325.45454545454544,0.012823154707722124
DEW,isobar,0.1281,326.4646464646465,0.012879092687322536
DEW,isobar,0.1281,327.47474747474746,0.01293206545069422
DEW,isobar,0.1281,328.4848484848485,0.012981812397489198
DEW,isobar,0.1281,329.4949494949495,0.013028063774358408
DEW,isobar,0.1281,330.5050505050505,0.013070517071524752
DEW,isobar,0.1281,331.5151515151515,0.013108835534360003
DEW,isobar,0.1281,332.52525252525254,0.013142646679963243
DEW,isobar,0.1281,333.5353535353535,0.013171491975403423
DEW,isobar,0.1281,334.54545454545456,0.013194896608870634
DEW,isobar,0.1281,335.55555555555554,0.013212244460926368
DEW,isobar,0.1281,336.5656565656566,0.013222922732348017
DEW,isobar,0.1281,337.57575757575756,0.013226118753518307
DEW,isobar,0.1281,338.5858585858586,0.013220887711739106
DEW,isobar,0.1281,339.5959595959596,
DEW,isobar,0.1281,340.6060606060606,
DEW,isobar,0.1281,341.6161616161616,
DEW,isobar,0.1281,342.62626262626264,
DEW,isobar,0.1281,343.6363636363636,
DEW,isobar,0.1281,344.64646464646466,
DEW,isobar,0.1281,345.65656565656565,
DEW,isobar,0.1281,346.6666666666667,
DEW,isobar,0.1281,347.67676767676767,
DEW,isobar,0.1281,348.6868686868687,
DEW,isobar,0.1281,349.6969696969697,
DEW,isobar,0.1281,350.7070707070707,
DEW,isobar,0.1281,351.7171717171717,
DEW,isobar,0.1281,352.72727272727275,
DEW,isobar,0.1281,353.73737373737373,
DEW,isobar,0.1281,354.74747474747477,
DEW,isobar,0.1281,355.75757575757575,
DEW,isobar,0.1281,356.7676767676768,
DEW,isobar,0.1281,357.77777777777777,
DEW,isobar,0.1281,358.7878787878788,
DEW,isobar,0.1281,359.7979797979798,
DEW,isobar,0.1281,360.80808080808083,
DEW,isobar,0.1281,361.8181818181818,
DEW,isobar,0.1281,362.82828282828285,
DEW,isobar,0.1281,363.83838383838383,
DEW,isobar,0.1281,364.8484848484849,
DEW,isobar,0.1281,365.85858585858585,
DEW,isobar,0.1281,366.8686868686869,
DEW,isobar,0.1281,367.8787878787879,
DEW,isobar,0.1281,368.8888888888889,
DEW,isobar,0.1281,369.8989898989899,
DEW,isobar,0.1281,370.90909090909093,
DEW,isobar,0.1281,371.9191919191919,
DEW,isobar,0.1281,372.92929292929296,
DEW,isobar,0.1281,373.93939393939394,
DEW,isobar,0.1281,374.949494949495,
DEW,isobar,0.1281,375.95959595959596,
DEW,isobar,0.1281,376.969696969697,
DEW,isobar,0.1281,377.979797979798,
DEW,isobar,0.1281,378.98989898989896,
DEW,isobar,0.1281,380.0,
DEW,isobar,0.15,323.95,0.012953346973894633
DEW,isobar,0.15,324.18333333333334,0.012969329530769732
DEW,isobar,0.15,324.41666666666663,0.012985218004658813
DEW,isobar,0.15,324.65,0.013000967865010675
DEW,isobar,0.15,324.8833333333333,0.013016621785418243
DEW,isobar,0.15,325.1166666666667,0.013032178972797612
DEW,isobar,0.15,325.34999999999997,0.01304759452228193
DEW,isobar,0.15,325.5833333333333,0.013062911485739553
DEW,isobar,0.15,325.81666666666666,0.01307810687750827
DEW,isobar,0.15,326.05,0.01309317969870287
DEW,isobar,0.15,326.2833333333333,0.013108128947328343
DEW,isobar,0.15,326.51666666666665,0.01312295361830408
DEW,isobar,0.15,326.75,0.013137630257422397
DEW,isobar,0.15,326.98333333333335,0.013152202679959478
DEW,isobar,0.15,327.21666666666664,0.01316664749121111
DEW,isobar,0.15,327.45,0.013180941030514875
DEW,isobar,0.15,327.68333333333334,0.013195104789112214
DEW,isobar,0.15,327.9166666666667,0.013209137743572984
DEW,isobar,0.15,328.15,0.013223038867566195
DEW,isobar,0.15,328.3833333333333,0.013236784223412628
DEW,isobar,0.15,328.6166666666667,0.013250372579407177
DEW,isobar,0.15,328.84999999999997,0.013263825742028664
DEW,isobar,0.15,329.0833333333333,0.013277119564414162
DEW,isobar,0.15,329.31666666666666,0.013290275980175778
DEW,isobar,0.15,329.55,0.013303270702693193
DEW,isobar,0.15,329.7833333333333,0.013316102483692745
DEW,isobar,0.15,330.01666666666665,0.013328770071569164
DEW,isobar,0.15,330.25,0.013341272211430085
DEW,isobar,0.15,330.48333333333335,0.013353607645142741
DEW,isobar,0.15,330.71666666666664,0.013365775111386561
DEW,isobar,0.15,330.95,0.013377749698480003
DEW,isobar,0.15,331.18333333333334,0.01338957736545964
DEW,isobar,0.15,331.4166666666667,0.013401209479221438
DEW,isobar,0.15,331.65,0.013412644561961834
DEW,isobar,0.15,331.8833333333333,0.013423928970927371
DEW,isobar,0.15,332.1166666666667,0.013434989668174782
DEW,isobar,0.15,332.35,0.013445873072825654
DEW,isobar,0.15,332.5833333333333,0.013456553774499462
DEW,isobar,0.15,332.81666666666666,0.01346700608568139
DEW,isobar,0.15,333.05,0.013477301088203202
DEW,isobar,0.15,333.2833333333333,0.013487340371223684
DEW,isobar,0.15,333.51666666666665,0.01349719521652063
DEW,isobar,0.15,333.75,0.013506839855459614
DEW,isobar,0.15,333.98333333333335,0.013516223702919439
DEW,isobar,0.15,334.21666666666664,0.013525418651987515
DEW,isobar,0.15,334.45,0.01353437404235465
DEW,isobar,0.15,334.68333333333334,0.013543088147777264
DEW,isobar,0.15,334.9166666666667,0.013551534423850908
DEW,isobar,0.15,335.15,0.013559760698995303
DEW,isobar,0.15,335.3833333333333,0.013567765446874578
DEW,isobar,0.15,335.6166666666667,0.013575472066773453
DEW,isobar,0.15,335.85,0.013582928587511435
DEW,isobar,0.15,336.0833333333333,0.01359013326613686
DEW,isobar,0.15,336.31666666666666,0.013597033889911425
DEW,isobar,0.15,336.55,0.013603678898769352
DEW,isobar,0.15,336.78333333333336,0.013610041168982304
DEW,isobar,0.15,337.01666666666665,0.013616118738338076
DEW,isobar,0.15,337.25,0.013621884128198702
DEW,isobar,0.15,337.48333333333335,0.01362736074607718
DEW,isobar,0.15,337.7166666666667,0.013632520968852833
DEW,isobar,0.15,337.95,0.013637362615623741
DEW,isobar,0.15,338.18333333333334,0.013641857707926395
DEW,isobar,0.15,338.4166666666667,0.013646055583117944
DEW,isobar,0.15,338.65,0.01364990239361312
DEW,isobar,0.15,338.8833333333333,0.013653395741520916
DEW,isobar,0.15,339.1166666666667,0.013656533228037953
DEW,isobar,0.15,339.35,0.01365928630479774
DEW,isobar,0.15,339.5833333333333,0.013661678579617685
DEW,isobar,0.15,339.81666666666666,0.013663707652715303
DEW,isobar,0.15,340.05,0.013665318402312198
DEW,isobar,0.15,340.28333333333336,0.013666534436942969
DEW,isobar,0.15,340.51666666666665,0.013667326643715163
DEW,isobar,0.15,340.75,0.013667718774956693
DEW,isobar,0.15,340.98333333333335,0.013667654935037174
DEW,isobar,0.15,341.2166666666667,0.013667132094435104
DEW,isobar,0.15,341.45,0.013666174012235409
DEW,isobar,0.15,341.68333333333334,0.013664724164113984
DEW,isobar,0.15,341.9166666666667,0.0136628062456205
DEW,isobar,0.15,342.15,0.012243499460912343
DEW,isobar,0.15,342.3833333333333,
DEW,isobar,0.15,342.6166666666667,
DEW,isobar,0.15,342.85,
DEW,isobar,0.15,343.0833333333333,
DEW,isobar,0.15,343.31666666666666,
DEW,isobar,0.15,343.55,
DEW,isobar,0.15,343.78333333333336,
DEW,isobar,0.15,344.01666666666665,
DEW,isobar,0.15,344.25,
DEW,isobar,0.15,344.48333333333335,
DEW,isobar,0.15,344.7166666666667,
DEW,isobar,0.15,344.95,
DEW,isobar,0.15,345.18333333333334,
DEW,isobar,0.15,345.4166666666667,
DEW,isobar,0.15,345.65000000000003,
DEW,isobar,0.15,345.8833333333333,
DEW,isobar,0.15,346.1166666666667,
DEW,isobar,0.15,346.35,
DEW,isobar,0.15,346.58333333333337,
DEW,isobar,0.15,346.81666666666666,
DEW,isobar,0.15,347.05,
DEW,isobar,0.1565,323.95,0.013015056188083268
DEW,isobar,0.1565,324.18333333333334,0.013031543949938945
DEW,isobar,0.1565,324.41666666666663,0.013047939914791725
DEW,isobar,0.1565,324.65,0.013064221427931342
DEW,isobar,0.1565,324.8833333333333,0.013080409424763746
DEW,isobar,0.1565,325.1166666666667,0.013096492127373932
DEW,isobar,0.1565,325.34999999999997,0.013112457625753247
DEW,isobar,0.1565,325.5833333333333,0.013128327040500685
DEW,isobar,0.1565,325.81666666666666,0.01314407740132663
DEW,isobar,0.1565,326.05,0.013159718833451104
DEW,isobar,0.1565,326.2833333333333,0.013175239285061341
DEW,isobar,0.1565,326.51666666666665,0.013190648940594055
DEW,isobar,0.1565,326.75,0.013205935676952472
DEW,isobar,0.1565,326.98333333333335,0.01322110973813573
DEW,isobar,0.1565,327.21666666666664,0.013236147646009215
DEW,isobar,0.1565,327.45,0.013251059605501537
DEW,isobar,0.1565,327.68333333333334,0.013265855950320354
DEW,isobar,0.1565,327.9166666666667,0.01328052437811702
DEW,isobar,0.1565,328.15,0.013295041035235078
DEW,isobar,0.1565,328.3833333333333,0.0133094504941439
DEW,isobar,0.1565,328.6166666666667,0.0133237059966177
DEW,isobar,0.1565,328.84999999999997,0.013337829343480921
DEW,isobar,0.1565,329.0833333333333,0.013351796402176602
DEW,isobar,0.1565,329.31666666666666,0.01336562910050776
DEW,isobar,0.1565,329.55,0.013379326398449838
DEW,isobar,0.1565,329.7833333333333,0.01339286395319787
DEW,isobar,0.1565,330.01666666666665,0.013406263884398766
DEW,isobar,0.1565,330.25,0.013419501708522573
DEW,isobar,0.1565,330.48333333333335,0.013432576171351558
DEW,isobar,0.1565,330.71666666666664,0.013445486015286608
DEW,isobar,0.1565,330.95,0.013458253617395704
DEW,isobar,0.1565,331.18333333333334,0.013470830505418
DEW,isobar,0.1565,331.4166666666667,0.013483262756091352
DEW,isobar,0.1565,331.65,0.013495501618878157
DEW,isobar,0.1565,331.8833333333333,0.01350759343648953
DEW,isobar,0.1565,332.1166666666667,0.013519489179394386
DEW,isobar,0.1565,332.35,0.013531211409913443
DEW,isobar,0.1565,332.5833333333333,0.013542734729029195
DEW,isobar,0.1565,332.81666666666666,0.013554081829558489
DEW,isobar,0.1565,333.05,0.013565251422502806
DEW,isobar,0.1565,333.2833333333333,0.013576217893358979
DEW,isobar,0.1565,333.51666666666665,0.013586979740377375
DEW,isobar,0.1565,333.75,0.013597535458505625
DEW,isobar,0.1565,333.98333333333335,0.01360788353946796
DEW,isobar,0.1565,334.21666666666664,0.013618047071459582
DEW,isobar,0.1565,334.45,0.013627975410263202
DEW,isobar,0.1565,334.68333333333334,0.013637691568658059
DEW,isobar,0.1565,334.9166666666667,0.013647169217967483
DEW,isobar,0.1565,335.15,0.013656456381963118
DEW,isobar,0.1565,335.3833333333333,0.013665476900206678
DEW,isobar,0.1565,335.6166666666667,0.01367427886037034
DEW,isobar,0.1565,335.85,0.013682835642994572
DEW,isobar,0.1565,336.0833333333333,0.013691170661875394
DEW,isobar,0.1565,336.31666666666666,0.013699231923963237
DEW,isobar,0.1565,336.55,0.013707042767430363
DEW,isobar,0.1565,336.78333333333336,0.01371457607097515
DEW,isobar,0.1565,337.01666666666665,0.013721855307891186
DEW,isobar,0.1565,337.25,0.013728878720894367
DEW,isobar,0.1565,337.48333333333335,0.013735618970017838
DEW,isobar,0.1565,337.7166666666667,0.013742074081824067
DEW,isobar,0.1565,337.95,0.013748216358664115
DEW,isobar,0.1565,338.18333333333334,0.013754095195843002
DEW,isobar,0.1565,338.4166666666667,0.013759657098846145
DEW,isobar,0.1565,338.65,0.0137648998734936
DEW,isobar,0.1565,338.8833333333333,0.013769847329257923
DEW,isobar,0.1565,339.1166666666667,0.013774445328458507
DEW,isobar,0.1565,339.35,0.013778743754165738
DEW,isobar,0.1565,339.5833333333333,0.013782688182008644
DEW,isobar,0.1565,339.81666666666666,0.013786276197444599
DEW,isobar,0.1565,340.05,0.013789531746134571
DEW,isobar,0.1565,340.28333333333336,0.013792426193379136
DEW,isobar,0.1565,340.51666666666665,0.013794930619297477
DEW,isobar,0.1565,340.75,0.013797068968632385
DEW,isobar,0.1565,340.98333333333335,0.013798785532954591
DEW,isobar,0.1565,341.2166666666667,0.01380013090399299
DEW,isobar,0.1565,341.45,0.013801049089606847
DEW,isobar,0.1565,341.68333333333334,0.013801564108896757
DEW,isobar,0.1565,341.9166666666667,0.013801646405011194
DEW,isobar,0.1565,342.15,0.013801266137968126
DEW,isobar,0.1565,342.3833333333333,0.01380044733350514
DEW,isobar,0.1565,342.6166666666667,0.013799132869501353
DEW,isobar,0.1565,342.85,0.013797346707520596
DEW,isobar,0.1565,343.0833333333333,0.013795058522809694
DEW,isobar,0.1565,343.31666666666666,
DEW,isobar,0.1565,343.55,
DEW,isobar,0.1565,343.78333333333336,
DEW,isobar,0.1565,344.01666666666665,
DEW,isobar,0.1565,344.25,
DEW,isobar,0.1565,344.48333333333335,
DEW,isobar,0.1565,344.7166666666667,
DEW,isobar,0.1565,344.95,
DEW,isobar,0.1565,345.18333333333334,
DEW,isobar,0.1565,345.4166666666667,
DEW,isobar,0.1565,345.65000000000003,
DEW,isobar,0.1565,345.8833333333333,
DEW,isobar,0.1565,346.1166666666667,
DEW,isobar,0.1565,346.35,
DEW,isobar,0.1565,346.58333333333337,
DEW,isobar,0.1565,346.81666666666666,
DEW,isobar,0.1565,347.05,
DEW,isobar,0.1867,310.0,0.012073268930802149
DEW,isobar,0.1867,311.010101010101,0.012165622931030613
DEW,isobar,0.1867,312.020202020202,0.01225751134525013
DEW,isobar,0.1867,313.030303030303,0.012348863991481078
DEW,isobar,0.1867,314.04040404040404,0.012439627102822176
DEW,isobar,0.1867,315.050505050505,0.012529745261095614
DEW,isobar,0.1867,316.06060606060606,0.012619171129187774
DEW,isobar,0.1867,317.07070707070704,0.012707826515304298
DEW,isobar,0.1867,318.0808080808081,0.012795650499107594
DEW,isobar,0.1867,319.09090909090907,0.01288256009401122
DEW,isobar,0.1867,320.1010101010101,0.01296851059412725
DEW,isobar,0.1867,321.1111111111111,0.01305339403033341
DEW,isobar,0.1867,322.1212121212121,0.013137140640645535
DEW,isobar,0.1867,323.1313131313131,0.013219657390946342
DEW,isobar,0.1867,324.14141414141415,0.013300859058605508
DEW,isobar,0.1867,325.1515151515151,0.013380635978846806
DEW,isobar,0.1867,326.16161616161617,0.013458897044351388
DEW,isobar,0.1867,327.17171717171715,0.013535526065200799
DEW,isobar,0.1867,328.1818181818182,0.013610391703301859
DEW,isobar,0.1867,329.19191919191917,0.01368336978132763
DEW,isobar,0.1867,330.2020202020202,0.013754332269507827
DEW,isobar,0.1867,331.2121212121212,0.013823123577058737
DEW,isobar,0.1867,332.22222222222223,0.013889582997002292
DEW,isobar,0.1867,333.2323232323232,0.013953532520248856
DEW,isobar,0.1867,334.24242424242425,0.014014812886587583
DEW,isobar,0.1867,335.25252525252523,0.0140731855705286
DEW,isobar,0.1867,336.26262626262627,0.014128454061026948
DEW,isobar,0.1867,337.27272727272725,0.014180364932050932
DEW,isobar,0.1867,338.2828282828283,0.014228656322878277
DEW,isobar,0.1867,339.2929292929293,0.014273057908237201
DEW,isobar,0.1867,340.3030303030303,0.0143132116205217
DEW,isobar,0.1867,341.3131313131313,0.014348773896182932
DEW,isobar,0.1867,342.32323232323233,0.014379336104705136
DEW,isobar,0.1867,343.3333333333333,0.014404448817795623
DEW,isobar,0.1867,344.34343434343435,0.01442359263211157
DEW,isobar,0.1867,345.35353535353534,0.014436147139310011
DEW,isobar,0.1867,346.3636363636364,0.0144414430674817
DEW,isobar,0.1867,347.37373737373736,5.882453703558265e-08
DEW,isobar,0.1867,348.3838383838384,5.703685129640336e-08
DEW,isobar,0.1867,349.3939393939394,5.527547077840777e-08
DEW,isobar,0.1867,350.4040404040404,5.3572948212239136e-08
DEW,isobar,0.1867,351.4141414141414,5.191261449577574e-08
DEW,isobar,0.1867,352.42424242424244,5.0294187630966407e-08
DEW,isobar,0.1867,353.4343434343434,4.871727870962418e-08
DEW,isobar,0.1867,354.44444444444446,4.719552738795827e-08
DEW,isobar,0.1867,355.45454545454544,4.5699742517262324e-08
DEW,isobar,0.1867,356.4646464646465,4.425717514756458e-08
DEW,isobar,0.1867,357.47474747474746,4.28530245235967e-08
DEW,isobar,0.1867,358.4848484848485,4.148656826130097e-08
DEW,isobar,0.1867,359.4949494949495,4.015705026244838e-08
DEW,isobar,0.1867,360.5050505050505,3.887569482260428e-08
DEW,isobar,0.1867,361.5151515151515,3.761737462352803e-08
DEW,isobar,0.1867,362.52525252525254,3.640498855852674e-08
DEW,isobar,0.1867,363.5353535353535,3.522575872532531e-08
DEW,isobar,0.1867,364.54545454545456,3.4078917338892383e-08
DEW,isobar,0.1867,365.55555555555554,3.297415682033941e-08
DEW,isobar,0.1867,366.5656565656566,3.189462526583756e-08
DEW,isobar,0.1867,367.57575757575756,3.084497739345401e-08
DEW,isobar,0.1867,368.5858585858586,2.982931378657432e-08
DEW,isobar,0.1867,369.5959595959596,2.8846547236152628e-08
DEW,isobar,0.1867,370.6060606060606,2.7891088890998086e-08
DEW,isobar,0.1867,371.6161616161616,2.6966717112392453e-08
DEW,isobar,0.1867,372.62626262626264,2.6068154768467976e-08
DEW,isobar,0.1867,373.6363636363636,2.5194808553360368e-08
DEW,isobar,0.1867,374.64646464646466,2.4346099573278513e-08
DEW,isobar,0.1867,375.65656565656565,2.3529327645331324e-08
DEW,isobar,0.1867,376.6666666666667,2.2735624994027083e-08
DEW,isobar,0.1867,377.67676767676767,2.1964467132209294e-08
DEW,isobar,0.1867,378.6868686868687,2.121534084363861e-08
DEW,isobar,0.1867,379.6969696969697,2.0494744209174522e-08
DEW,isobar,0.1867,380.7070707070707,1.979477742647574e-08
DEW,isobar,0.1867,381.7171717171717,1.9114971774402996e-08
DEW,isobar,0.1867,382.72727272727275,1.845486739522052e-08
DEW,isobar,0.1867,383.73737373737373,1.7820233457931215e-08
DEW,isobar,0.1867,384.74747474747477,1.7204039333874135e-08
DEW,isobar,0.1867,385.75757575757575,1.6605862438565515e-08
DEW,isobar,0.1867,386.7676767676768,1.60252874527599e-08
DEW,isobar,0.1867,387.77777777777777,1.5467423652580237e-08
DEW,isobar,0.1867,388.7878787878788,1.4926021789915627e-08
DEW,isobar,0.1867,389.7979797979798,
DEW,isobar,0.1867,390.80808080808083,
DEW,isobar,0.1867,391.8181818181818,
DEW,isobar,0.1867,392.82828282828285,
DEW,isobar,0.1867,393.83838383838383,
DEW,isobar,0.1867,394.8484848484849,
DEW,isobar,0.1867,395.85858585858585,
DEW,isobar,0.1867,396.8686868686869,
DEW,isobar,0.1867,397.8787878787879,
DEW,isobar,0.1867,398.8888888888889,
DEW,isobar,0.1867,399.8989898989899,
DEW,isobar,0.1867,400.90909090909093,
DEW,isobar,0.1867,401.9191919191919,
DEW,isobar,0.1867,402.92929292929296,
DEW,isobar,0.1867,403.93939393939394,
DEW,isobar,0.1867,404.949494949495,
DEW,isobar,0.1867,405.95959595959596,
DEW,isobar,0.1867,406.969696969697,
DEW,isobar,0.1867,407.979797979798,
DEW,isobar,0.1867,408.98989898989896,
DEW,isobar,0.1867,410.0,
DEW,isobar,0.2,317.6,0.012846063973611002
DEW,isobar,0.2,318.1333333333334,0.012893755635080167
DEW,isobar,0.2,318.6666666666667,0.012941225359226139
DEW,isobar,0.2,319.20000000000005,0.012988467046125765
DEW,isobar,0.2,319.73333333333335,0.0130354745585398
DEW,isobar,0.2,320.2666666666667,0.013082231409539482
DEW,isobar,0.2,320.8,0.013128710408191371
DEW,isobar,0.2,321.33333333333337,0.01317492548216056
DEW,isobar,0.2,321.8666666666667,0.013220859545987654
DEW,isobar,0.2,322.40000000000003,0.01326649516907375
DEW,isobar,0.2,322.93333333333334,0.013311825224623838
DEW,isobar,0.2,323.4666666666667,0.013356821074025001
DEW,isobar,0.2,324.0,0.013401496626251482
DEW,isobar,0.2,324.53333333333336,0.013445822825355213
DEW,isobar,0.2,325.06666666666666,0.013489791855461515
DEW,isobar,0.2,325.6,0.013533395836022304
DEW,isobar,0.2,326.1333333333333,0.013576604632811752
DEW,isobar,0.2,326.6666666666667,0.01361939861738537
DEW,isobar,0.2,327.2,0.013661780281941684
DEW,isobar,0.2,327.73333333333335,0.013703729710382778
DEW,isobar,0.2,328.26666666666665,0.013745238012106554
DEW,isobar,0.2,328.8,0.01378626180793048
DEW,isobar,0.2,329.33333333333337,0.013826826029670508
DEW,isobar,0.2,329.8666666666667,0.013866863442839699
DEW,isobar,0.2,330.40000000000003,0.013906387129608032
DEW,isobar,0.2,330.93333333333334,0.01394536358765311
DEW,isobar,0.2,331.4666666666667,0.01398378233931139
DEW,isobar,0.2,332.0,0.01402163283226509
DEW,isobar,0.2,332.53333333333336,0.014058856366073569
DEW,isobar,0.2,333.06666666666666,0.014095465486555596
DEW,isobar,0.2,333.6,0.014131424586883773
DEW,isobar,0.2,334.1333333333333,0.014166697346314525
DEW,isobar,0.2,334.6666666666667,0.014201271400754445
DEW,isobar,0.2,335.2,0.014235134307180089
DEW,isobar,0.2,335.73333333333335,0.014268223547193553
DEW,isobar,0.2,336.26666666666665,0.014300525549732957
DEW,isobar,0.2,336.8,0.01433202666293483
DEW,isobar,0.2,337.3333333333333,0.014362687667648397
DEW,isobar,0.2,337.8666666666667,0.014392442957563107
DEW,isobar,0.2,338.4,0.014421302984090991
DEW,isobar,0.2,338.93333333333334,0.014449226812242914
DEW,isobar,0.2,339.4666666666667,0.01447614661778273
DEW,isobar,0.2,340.0,0.014502019485366564
DEW,isobar,0.2,340.53333333333336,0.014526854722449222
DEW,isobar,0.2,341.06666666666666,0.014550555623985696
DEW,isobar,0.2,341.6,0.014573103858987782
DEW,isobar,0.2,342.1333333333333,0.014594427047013612
DEW,isobar,0.2,342.6666666666667,0.014614505705292097
DEW,isobar,0.2,343.2,0.014633265630862046
DEW,isobar,0.2,343.73333333333335,0.014650631203412779
DEW,isobar,0.2,344.26666666666665,0.014666525385486304
DEW,isobar,0.2,344.8,0.014680953241191957
DEW,isobar,0.2,345.3333333333333,0.014693808434934353
DEW,isobar,0.2,345.8666666666667,0.01470498254496072
DEW,isobar,0.2,346.4,0.014714421773078905
DEW,isobar,0.2,346.93333333333334,0.014722043096009066
DEW,isobar,0.2,347.46666666666664,0.014727704725089953
DEW,isobar,0.2,348.0,0.014731377608661285
DEW,isobar,0.2,348.5333333333333,0.014732916571556032
DEW,isobar,0.2,349.06666666666666,2.3042848008912316e-07
DEW,isobar,0.2,349.6,2.2745950817991034e-07
DEW,isobar,0.2,350.1333333333333,2.2451143477278858e-07
DEW,isobar,0.2,350.6666666666667,2.215841302366174e-07
DEW,isobar,0.2,351.2,2.1867747698481148e-07
DEW,isobar,0.2,351.73333333333335,2.1579137272174677e-07
DEW,isobar,0.2,352.26666666666665,2.1292573278819589e-07
DEW,isobar,0.2,352.8,2.1008049240561223e-07
DEW,isobar,0.2,353.3333333333333,2.0725560875192461e-07
DEW,isobar,0.2,353.8666666666667,2.0447537710588912e-07
DEW,isobar,0.2,354.4,2.017150252570703e-07
DEW,isobar,0.2,354.93333333333334,1.989507346679854e-07
DEW,isobar,0.2,355.46666666666664,1.9623050254864373e-07
DEW,isobar,0.2,356.0,1.9353033415856878e-07
DEW,isobar,0.2,356.5333333333333,1.9085034502904383e-07
DEW,isobar,0.2,357.06666666666666,1.8819067899310766e-07
DEW,isobar,0.2,357.59999999999997,1.8557420512477388e-07
DEW,isobar,0.2,358.1333333333333,1.829329969815449e-07
DEW,isobar,0.2,358.66666666666663,1.8035763237022534e-07
DEW,isobar,0.2,359.2,1.7780293114073517e-07
DEW,isobar,0.2,359.73333333333335,1.752691386275151e-07
DEW,isobar,0.2,360.26666666666665,1.7273494460530658e-07
DEW,isobar,0.2,360.79999999999995,1.7024397937851123e-07
DEW,isobar,0.2,361.3333333333333,1.6777472118285337e-07
DEW,isobar,0.2,361.8666666666667,1.6532744586516962e-07
DEW,isobar,0.2,362.4,1.6292308839096413e-07
DEW,isobar,0.2,362.93333333333334,1.605203737792101e-07
DEW,isobar,0.2,363.46666666666664,1.58140454055958e-07
DEW,isobar,0.2,364.0,1.5580356525470108e-07
DEW,isobar,0.2,364.5333333333333,1.5348951954915722e-07
DEW,isobar,0.2,365.06666666666666,1.5117901761480485e-07
DEW,isobar,0.2,365.59999999999997,1.4893086674430287e-07
DEW,isobar,0.2,366.1333333333333,1.46667592942047e-07
DEW,isobar,0.2,366.66666666666663,1.4446615336021327e-07
DEW,isobar,0.2,367.2,1.4228810187698994e-07
DEW,isobar,0.2,367.7333333333333,1.401151667573429e-07
DEW,isobar,0.2,368.26666666666665,1.379845253145766e-07
DEW,isobar,0.2,368.79999999999995,1.3585967056459325e-07
DEW,isobar,0.2,369.3333333333333,1.3377685476766312e-07
DEW,isobar,0.2,369.8666666666667,1.3173549005026668e-07
DEW,isobar,0.2,370.4,1.297003254114089e-07
DEW,isobar,0.2051,317.6,0.012880641046595781
DEW,isobar,0.2051,318.1333333333334,0.012928867420651595
DEW,isobar,0.2051,318.6666666666667,0.01297688734325416
DEW,isobar,0.2051,319.20000000000005,0.013024694956366625
DEW,isobar,0.2051,319.73333333333335,0.013072263927623522
DEW,isobar,0.2051,320.2666666666667,0.01311960846758184
DEW,isobar,0.2051,320.8,0.013166691491365736
DEW,isobar,0.2051,321.33333333333337,0.013213516734617216
DEW,isobar,0.2051,321.8666666666667,0.013260067152030586
DEW,isobar,0.2051,322.40000000000003,0.013306346504388163
DEW,isobar,0.2051,322.93333333333334,0.013352326837878984
DEW,isobar,0.2051,323.4666666666667,0.013398001001325328
DEW,isobar,0.2051,324.0,0.013443361782040045
DEW,isobar,0.2051,324.53333333333336,0.013488380170941568
DEW,isobar,0.2051,325.06666666666666,0.01353307027257953
DEW,isobar,0.2051,325.6,0.013577391641838287
DEW,isobar,0.2051,326.1333333333333,0.013621347238832616
DEW,isobar,0.2051,326.6666666666667,0.013664917926187835
DEW,isobar,0.2051,327.2,0.013708095441467909
DEW,isobar,0.2051,327.73333333333335,0.0137508601397355
DEW,isobar,0.2051,328.26666666666665,0.013793192005983767
DEW,isobar,0.2051,328.8,0.0138350706519448
DEW,isobar,0.2051,329.33333333333337,0.013876486858844222
DEW,isobar,0.2051,329.8666666666667,0.013917431337337138
DEW,isobar,0.2051,330.40000000000003,0.013957871326844645
DEW,isobar,0.2051,330.93333333333334,0.013997796931308561
DEW,isobar,0.2051,331.4666666666667,0.014037174468147643
DEW,isobar,0.2051,332.0,0.014076017295926061
DEW,isobar,0.2051,332.53333333333336,0.014114267242722849
DEW,isobar,0.2051,333.06666666666666,0.01415193736050736
DEW,isobar,0.2051,333.6,0.014188968219928079
DEW,isobar,0.2051,334.1333333333333,0.01422537256109024
DEW,isobar,0.2051,334.6666666666667,0.014261089684061784
DEW,isobar,0.2051,335.2,0.014296132012871696
DEW,isobar,0.2051,335.73333333333335,0.014330437565165943
DEW,isobar,0.2051,336.26666666666665,0.014364018445923674
DEW,isobar,0.2051,336.8,0.014396811380038286
DEW,isobar,0.2051,337.3333333333333,0.014428802669866056
DEW,isobar,0.2051,337.8666666666667,0.01445995289161554
DEW,isobar,0.2051,338.4,0.014490247695298351
DEW,isobar,0.2051,338.93333333333334,0.01451964667502376
DEW,isobar,0.2051,339.4666666666667,0.014548108683827454
DEW,isobar,0.2051,340.0,0.014575591831017245
DEW,isobar,0.2051,340.53333333333336,0.014602053479982715
DEW,isobar,0.2051,341.06666666666666,0.014627476893780817
DEW,isobar,0.2051,341.6,0.014651791629709721
DEW,isobar,0.2051,342.1333333333333,0.01467495280736266
DEW,isobar,0.2051,342.6666666666667,0.014696941952077018
DEW,isobar,0.2051,343.2,0.014717685871989832
DEW,isobar,0.2051,343.73333333333335,0.014737137444783993
DEW,isobar,0.2051,344.26666666666665,0.01475522113821159
DEW,isobar,0.2051,344.8,0.01477191566963333
DEW,isobar,0.2051,345.3333333333333,0.01478711567795776
DEW,isobar,0.2051,345.8666666666667,0.014800770058858114
DEW,isobar,0.2051,346.4,0.014812798628609933
DEW,isobar,0.2051,346.93333333333334,0.014823148322032785
DEW,isobar,0.2051,347.46666666666664,0.01483167927164936
DEW,isobar,0.2051,348.0,0.014838393195543738
DEW,isobar,0.2051,348.5333333333333,0.014843089206491706
DEW,isobar,0.2051,349.06666666666666,0.014845708377705883
DEW,isobar,0.2051,349.6,3.658399889667504e-07
DEW,isobar,0.2051,350.1333333333333,3.6147661863519873e-07
DEW,isobar,0.2051,350.6666666666667,3.5710507882159595e-07
DEW,isobar,0.2051,351.2,3.528017705601825e-07
DEW,isobar,0.2051,351.73333333333335,3.485655470964205e-07
DEW,isobar,0.2051,352.26666666666665,3.443210071354546e-07
DEW,isobar,0.2051,352.8,3.401057566483745e-07
DEW,isobar,0.2051,353.3333333333333,3.359196137380794e-07
DEW,isobar,0.2051,353.8666666666667,3.317623912052365e-07
DEW,isobar,0.2051,354.4,3.2770558238258247e-07
DEW,isobar,0.2051,354.93333333333334,3.236049880582764e-07
DEW,isobar,0.2051,355.46666666666664,3.19532739652785e-07
DEW,isobar,0.2051,356.0,3.15558439660873e-07
DEW,isobar,0.2051,356.5333333333333,3.1154168482309444e-07
DEW,isobar,0.2051,357.06666666666666,3.0762127247299125e-07
DEW,isobar,0.2051,357.59999999999997,3.03727246448776e-07
DEW,isobar,0.2051,358.1333333333333,2.9979212172801786e-07
DEW,isobar,0.2051,358.66666666666663,2.9595103725157895e-07
DEW,isobar,0.2051,359.2,2.921359333851327e-07
DEW,isobar,0.2051,359.73333333333335,2.8834671332749205e-07
DEW,isobar,0.2051,360.26666666666665,2.845833038162401e-07
DEW,isobar,0.2051,360.79999999999995,2.8084565769148075e-07
DEW,isobar,0.2051,361.3333333333333,2.7713375625624093e-07
DEW,isobar,0.2051,361.8666666666667,2.734476113060537e-07
DEW,isobar,0.2051,362.4,2.6978726675123105e-07
DEW,isobar,0.2051,362.93333333333334,2.6618377887870924e-07
DEW,isobar,0.2051,363.46666666666664,2.6260569272853223e-07
DEW,isobar,0.2051,364.0,2.590227587460322e-07
DEW,isobar,0.2051,364.5333333333333,2.5552634482306836e-07
DEW,isobar,0.2051,365.06666666666666,2.519956575709869e-07
DEW,isobar,0.2051,365.59999999999997,2.485507734876448e-07
DEW,isobar,0.2051,366.1333333333333,2.451317557002129e-07
DEW,isobar,0.2051,366.66666666666663,2.4170995260170764e-07
DEW,isobar,0.2051,367.2,2.3831520321119136e-07
DEW,isobar,0.2051,367.7333333333333,2.3497620149479015e-07
DEW,isobar,0.2051,368.26666666666665,2.3166435200481907e-07
DEW,isobar,0.2051,368.79999999999995,2.283800110007799e-07
DEW,isobar,0.2051,369.3333333333333,2.2512354074796016e-07
DEW,isobar,0.2051,369.8666666666667,2.2192251201188961e-07
DEW,isobar,0.2051,370.4,2.1874950368899697e-07
DEW,isobar,0.221,323.0,0.013481268291532657
DEW,isobar,0.221,324.010101010101,0.013571232037412777
DEW,isobar,0.221,325.020202020202,0.013660173410946393
DEW,isobar,0.221,326.030303030303,0.013748012083257266
DEW,isobar,0.221,327.04040404040404,0.013834676487974235
DEW,isobar,0.221,328.050505050505,0.013920059088762248
DEW,isobar,0.221,329.06060606060606,0.014004083142908614
DEW,isobar,0.221,330.07070707070704,0.01408664664022356
DEW,isobar,0.221,331.0808080808081,0.014167620809987022
DEW,isobar,0.221,332.09090909090907,0.01424693214169284
DEW,isobar,0.221,333.1010101010101,0.014324445215148472
DEW,isobar,0.221,334.1111111111111,0.01440003234175476
DEW,isobar,0.221,335.1212121212121,0.014473561880623723
DEW,isobar,0.221,336.1313131313131,0.014544873108963382
DEW,isobar,0.221,337.14141414141415,0.014613825433946941
DEW,isobar,0.221,338.1515151515151,0.01468023562158113
DEW,isobar,0.221,339.16161616161617,0.014743940480522163
DEW,isobar,0.221,340.17171717171715,0.01480474570898783
DEW,isobar,0.221,341.1818181818182,0.014862450945607673
DEW,isobar,0.221,342.19191919191917,0.014916768777830896
DEW,isobar,0.221,343.2020202020202,0.014967511056827604
DEW,isobar,0.221,344.2121212121212,0.015014374256519237
DEW,isobar,0.221,345.22222222222223,0.015057072795208013
DEW,isobar,0.221,346.2323232323232,0.015095227500918431
DEW,isobar,0.221,347.24242424242425,0.015128503830783444
DEW,isobar,0.221,348.25252525252523,0.015156470452350367
DEW,isobar,0.221,349.26262626262627,0.015178682250915277
DEW,isobar,0.221,350.27272727272725,0.015194532377380781
DEW,isobar,0.221,351.2828282828283,0.015203513767988062
DEW,isobar,0.221,352.2929292929293,1.2835203870250015e-06
DEW,isobar,0.221,353.3030303030303,1.2594277556520861e-06
DEW,isobar,0.221,354.3131313131313,1.2357726245367105e-06
DEW,isobar,0.221,355.32323232323233,1.212339556186519e-06
DEW,isobar,0.221,356.3333333333333,1.1892352042981209e-06
DEW,isobar,0.221,357.34343434343435,1.166355810175917e-06
DEW,isobar,0.221,358.35353535353534,1.1438049172269567e-06
DEW,isobar,0.221,359.3636363636364,1.1214811471901848e-06
DEW,isobar,0.221,360.37373737373736,1.0993866600333226e-06
DEW,isobar,0.221,361.3838383838384,1.0777172363140569e-06
DEW,isobar,0.221,362.3939393939394,1.0562753775127225e-06
DEW,isobar,0.221,363.4040404040404,1.0350626159533886e-06
DEW,isobar,0.221,364.4141414141414,1.0142660527921624e-06
DEW,isobar,0.221,365.42424242424244,9.936040450723231e-07
DEW,isobar,0.221,366.4343434343434,9.73352190544093e-07
DEW,isobar,0.221,367.44444444444446,9.532363163442966e-07
DEW,isobar,0.221,368.45454545454544,9.335236198082863e-07
DEW,isobar,0.221,369.4646464646465,9.140336489324667e-07
DEW,isobar,0.221,370.47474747474746,8.947661924401987e-07
DEW,isobar,0.221,371.4848484848485,8.758883943939276e-07
DEW,isobar,0.221,372.4949494949495,8.572267878191469e-07
DEW,isobar,0.221,373.5050505050505,8.389430252878152e-07
DEW,isobar,0.221,374.5151515151515,8.207881527985618e-07
DEW,isobar,0.221,375.52525252525254,8.030010331846075e-07
DEW,isobar,0.221,376.5353535353535,7.853397333849759e-07
DEW,isobar,0.221,377.54545454545456,7.680355385442219e-07
DEW,isobar,0.221,378.55555555555554,7.509289111696703e-07
DEW,isobar,0.221,379.5656565656566,7.341663456587556e-07
DEW,isobar,0.221,380.57575757575756,7.175932966438491e-07
DEW,isobar,0.221,381.5858585858586,7.012083991186858e-07
DEW,isobar,0.221,382.5959595959596,6.851520341444369e-07
DEW,isobar,0.221,383.6060606060606,6.692777562105627e-07
DEW,isobar,0.221,384.6161616161616,6.535856557202029e-07
DEW,isobar,0.221,385.62626262626264,6.382112050133206e-07
DEW,isobar,0.221,386.6363636363636,6.230168121865084e-07
DEW,isobar,0.221,387.64646464646466,6.081351191718105e-07
DEW,isobar,0.221,388.65656565656565,5.934345449527769e-07
DEW,isobar,0.221,389.6666666666667,5.789189184672404e-07
DEW,isobar,0.221,390.67676767676767,5.647164529755212e-07
DEW,isobar,0.221,391.6868686868687,5.507039525414682e-07
DEW,isobar,0.221,392.6969696969697,5.370061006264651e-07
DEW,isobar,0.221,393.7070707070707,5.235045392091591e-07
DEW,isobar,0.221,394.7171717171717,5.102046746975811e-07
DEW,isobar,0.221,395.72727272727275,4.972246904430967e-07
DEW,isobar,0.221,396.73737373737373,4.844522805863243e-07
DEW,isobar,0.221,397.74747474747477,4.7194631649871687e-07
DEW,isobar,0.221,398.75757575757575,4.5970765190544723e-07
DEW,isobar,0.221,399.7676767676768,4.4773662330539687e-07
DEW,isobar,0.221,400.77777777777777,4.360330226330374e-07
DEW,isobar,0.221,401.7878787878788,4.245459979266322e-07
DEW,isobar,0.221,402.7979797979798,4.133264040906711e-07
DEW,isobar,0.221,403.80808080808083,4.0237237399192217e-07
DEW,isobar,0.221,404.8181818181818,3.9168153767583053e-07
DEW,isobar,0.221,405.82828282828285,3.8125105620875426e-07
DEW,isobar,0.221,406.83838383838383,3.710326317213674e-07
DEW,isobar,0.221,407.8484848484849,3.6111363146843434e-07
DEW,isobar,0.221,408.85858585858585,3.514009366086217e-07
DEW,isobar,0.221,409.8686868686869,3.4193522563365825e-07
DEW,isobar,0.221,410.8787878787879,3.327118925512683e-07
DEW,isobar,0.221,411.8888888888889,3.2372612577772736e-07
DEW,isobar,0.221,412.8989898989899,3.149335215644189e-07
DEW,isobar,0.221,413.90909090909093,3.064087311298299e-07
DEW,isobar,0.221,414.9191919191919,2.98030875074689e-07
DEW,isobar,0.221,415.92929292929296,2.8991037313250646e-07
DEW,isobar,0.221,416.93939393939394,2.820394519430314e-07
DEW,isobar,0.221,417.949494949495,2.7434002382038104e-07
DEW,isobar,0.221,418.95959595959596,2.6680934245030605e-07
DEW,isobar,0.221,419.969696969697,2.595119559660311e-07
DEW,isobar,0.221,420.979797979798,2.523747342835288e-07
DEW,isobar,0.221,421.98989898989896,2.4539500381446516e-07
DEW,isobar,0.221,423.0,2.3863295813594286e-07
DEW,isobar,0.25,322.85,0.013679976781255702
DEW,isobar,0.25,323.55,0.013746834521577036
DEW,isobar,0.25,324.25,0.01381333163675229
DEW,isobar,0.25,324.95000000000005,0.013879454716285305
DEW,isobar,0.25,325.65000000000003,0.013945179231657117
DEW,isobar,0.25,326.35,0.014010480104722499
DEW,isobar,0.25,327.05,0.014075342882139776
DEW,isobar,0.25,327.75,0.014139741665607069
DEW,isobar,0.25,328.45000000000005,0.01420363861208198
DEW,isobar,0.25,329.15000000000003,0.014267017866976473
DEW,isobar,0.25,329.85,0.014329863400683956
DEW,isobar,0.25,330.55,0.014392135640568718
DEW,isobar,0.25,331.25,0.014453805806117152
DEW,isobar,0.25,331.95000000000005,0.014514844523145339
DEW,isobar,0.25,332.65000000000003,0.014575233812979696
DEW,isobar,0.25,333.35,0.014634931313029467
DEW,isobar,0.25,334.05,0.014693893634059475
DEW,isobar,0.25,334.75,0.014752100970098214
DEW,isobar,0.25,335.45,0.014809508484999564
DEW,isobar,0.25,336.15000000000003,0.014866070290857012
DEW,isobar,0.25,336.85,0.0149217899676074
DEW,isobar,0.25,337.55,0.014976569832011509
DEW,isobar,0.25,338.25,0.015030412189343704
DEW,isobar,0.25,338.95,0.015083242251367413
DEW,isobar,0.25,339.65000000000003,0.015135009403537921
DEW,isobar,0.25,340.35,0.015185714658203162
DEW,isobar,0.25,341.05,0.01523525336255113
DEW,isobar,0.25,341.75,0.015283571591146301
DEW,isobar,0.25,342.45,0.015330668372652997
DEW,isobar,0.25,343.15000000000003,0.015376407111534875
DEW,isobar,0.25,343.85,0.015420784818727905
DEW,isobar,0.25,344.55,0.015463716041104879
DEW,isobar,0.25,345.25,0.015505141230467515
DEW,isobar,0.25,345.95,0.015544971526467465
DEW,isobar,0.25,346.65,0.015583116010493649
DEW,isobar,0.25,347.35,0.01561951034416704
DEW,isobar,0.25,348.05,0.015654089054651408
DEW,isobar,0.25,348.75,0.015686698200363433
DEW,isobar,0.25,349.45,0.015717297292431365
DEW,isobar,0.25,350.15,0.0157457569095519
DEW,isobar,0.25,350.85,0.015771944633705754
DEW,isobar,0.25,351.55,0.015795755114504793
DEW,isobar,0.25,352.25,0.0158170809721442
DEW,isobar,0.25,352.95,0.015835721211381815
DEW,isobar,0.25,353.65,0.01585159308919921
DEW,isobar,0.25,354.35,0.015864457797503274
DEW,isobar,0.25,355.05,8.186730819543487e-06
DEW,isobar,0.25,355.75,8.110035897925019e-06
DEW,isobar,0.25,356.45,8.03243222620299e-06
DEW,isobar,0.25,357.15,7.956283492055353e-06
DEW,isobar,0.25,357.85,7.88018241811552e-06
DEW,isobar,0.25,358.55,7.803676272327785e-06
DEW,isobar,0.25,359.25,7.728164110122111e-06
DEW,isobar,0.25,359.95,7.652725206062752e-06
DEW,isobar,0.25,360.65,7.577369510035125e-06
DEW,isobar,0.25,361.35,7.503013152939663e-06
DEW,isobar,0.25,362.05,7.427848386744269e-06
DEW,isobar,0.25,362.75,7.353692387487658e-06
DEW,isobar,0.25,363.45,7.279648411890007e-06
DEW,isobar,0.25,364.15,7.206612014032259e-06
DEW,isobar,0.25,364.85,7.132815155693066e-06
DEW,isobar,0.25,365.55,7.060034200799182e-06
DEW,isobar,0.25,366.25,6.987392085234622e-06
DEW,isobar,0.25,366.95,6.91489778447879e-06
DEW,isobar,0.25,367.65,6.843420565082011e-06
DEW,isobar,0.25,368.35,6.772098391215777e-06
DEW,isobar,0.25,369.05,6.7009398600896e-06
DEW,isobar,0.25,369.75,6.629953482124415e-06
DEW,isobar,0.25,370.45,6.559987140225686e-06
DEW,isobar,0.25,371.15,6.489781988219164e-06
DEW,isobar,0.25,371.84999999999997,6.4205974872596e-06
DEW,isobar,0.25,372.55,6.351190344854444e-06
DEW,isobar,0.25,373.25,6.282394750056726e-06
DEW,isobar,0.25,373.95,6.213804042002817e-06
DEW,isobar,0.25,374.65,6.146233501213973e-06
DEW,isobar,0.25,375.34999999999997,6.078872397041465e-06
DEW,isobar,0.25,376.04999999999995,6.011728148159399e-06
DEW,isobar,0.25,376.75,5.94480807715098e-06
DEW,isobar,0.25,377.45,5.879298595236227e-06
DEW,isobar,0.25,378.15,5.8132306335320275e-06
DEW,isobar,0.25,378.84999999999997,5.748178069175173e-06
DEW,isobar,0.25,379.54999999999995,5.683361556847641e-06
DEW,isobar,0.25,380.25,5.618787796770001e-06
DEW,isobar,0.25,380.95,5.555222565518686e-06
DEW,isobar,0.25,381.65,5.491525417490706e-06
DEW,isobar,0.25,382.34999999999997,5.4288333853357045e-06
DEW,isobar,0.25,383.04999999999995,5.36602197388909e-06
DEW,isobar,0.25,383.75,5.304211760027746e-06
DEW,isobar,0.25,384.45,5.242294219866568e-06
DEW,isobar,0.25,385.15,5.181373460217392e-06
DEW,isobar,0.25,385.84999999999997,5.1203569398994125e-06
DEW,isobar,0.25,386.54999999999995,5.06033229008737e-06
DEW,isobar,0.25,387.25,5.000578225383959e-06
DEW,isobar,0.25,387.95,4.941100091035882e-06
DEW,isobar,0.25,388.65,4.882602874954362e-06
DEW,isobar,0.25,389.34999999999997,4.8243811263444225e-06
DEW,isobar,0.25,390.04999999999995,4.7664398043373976e-06
DEW,isobar,0.25,390.75,4.7094674337124524e-06
DEW,isobar,0.25,391.45,4.652095968520757e-06
DEW,isobar,0.25,392.15,4.596028506577093e-06
DEW,isobar,0.3,294.6,0.01103273172065469
DEW,isobar,0.3,295.8,0.011156713479476481
DEW,isobar,0.3,297.0,0.011281182949241483
DEW,isobar,0.3,298.20000000000005,0.011406116388713765
DEW,isobar,0.3,299.40000000000003,0.011531485320244846
DEW,isobar,0.3,300.6,0.011657260126749234
DEW,isobar,0.3,301.8,0.011783418028498385
DEW,isobar,0.3,303.0,0.011909911178714998
DEW,isobar,0.3,304.20000000000005,0.012036722526743811
DEW,isobar,0.3,305.40000000000003,0.01216381804267691
DEW,isobar,0.3,306.6,0.012291145370491191
DEW,isobar,0.3,307.8,0.012418675785139536
DEW,isobar,0.3,309.0,0.012546370975589817
DEW,isobar,0.3,310.20000000000005,0.012674191282944941
DEW,isobar,0.3,311.40000000000003,0.012802077483580875
DEW,isobar,0.3,312.6,0.01293000475381705
DEW,isobar,0.3,313.8,0.013057910446665676
DEW,isobar,0.3,315.0,0.013185748342439243
DEW,isobar,0.3,316.2,0.013313470717866179
DEW,isobar,0.3,317.40000000000003,0.013441008641881335
DEW,isobar,0.3,318.6,0.013568320370953398
DEW,isobar,0.3,319.8,0.013695332731939831
DEW,isobar,0.3,321.0,0.013821990280664876
DEW,isobar,0.3,322.2,0.01394821496609266
DEW,isobar,0.3,323.40000000000003,0.014073947005786059
DEW,isobar,0.3,324.6,0.01419910328290398
DEW,isobar,0.3,325.8,0.014323608544037105
DEW,isobar,0.3,327.0,0.014447385047266698
DEW,isobar,0.3,328.2,0.014570352519331009
DEW,isobar,0.3,329.4,0.01469240516632397
DEW,isobar,0.3,330.6,0.014813444831991596
DEW,isobar,0.3,331.8,0.01493339362531225
DEW,isobar,0.3,333.0,0.015052123627353673
DEW,isobar,0.3,334.2,0.015169538550950119
DEW,isobar,0.3,335.4,0.015285502184613803
DEW,isobar,0.3,336.6,0.015399898347426706
DEW,isobar,0.3,337.8,0.015512594451393821
DEW,isobar,0.3,339.0,0.015623440511247933
DEW,isobar,0.3,340.2,0.0157322943635425
DEW,isobar,0.3,341.4,0.01583900924154261
DEW,isobar,0.3,342.6,0.01594339320658082
DEW,isobar,0.3,343.8,0.016045260958795077
DEW,isobar,0.3,345.0,0.016144420831539177
DEW,isobar,0.3,346.2,0.01624070292294809
DEW,isobar,0.3,347.4,0.01633381803030343
DEW,isobar,0.3,348.6,0.016423581587389442
DEW,isobar,0.3,349.8,0.016509715778521304
DEW,isobar,0.3,351.0,0.01659193285282883
DEW,isobar,0.3,352.2,0.016669935059467206
DEW,isobar,0.3,353.4,0.016743383930168096
DEW,isobar,0.3,354.6,0.01681192925366735
DEW,isobar,0.3,355.8,0.016875577211909926
DEW,isobar,0.3,357.0,0.016933070562505065
DEW,isobar,0.3,358.2,0.01698437361854293
DEW,isobar,0.3,359.4,0.017028919033433936
DEW,isobar,0.3,360.6,0.01706608625117231
DEW,isobar,0.3,361.8,7.794039951547406e-05
DEW,isobar,0.3,363.0,7.709418065642389e-05
DEW,isobar,0.3,364.2,7.625015800733852e-05
DEW,isobar,0.3,365.4,7.540380615654427e-05
DEW,isobar,0.3,366.6,7.456038057641343e-05
DEW,isobar,0.3,367.8,7.371535989257285e-05
DEW,isobar,0.3,369.0,7.286911204671087e-05
DEW,isobar,0.3,370.2,7.20268425071841e-05
DEW,isobar,0.3,371.4,7.118404115517194e-05
DEW,isobar,0.3,372.6,7.034587481787064e-05
DEW,isobar,0.3,373.8,6.950784282634649e-05
DEW,isobar,0.3,375.0,6.867028124086494e-05
DEW,isobar,0.3,376.2,6.783829367095662e-05
DEW,isobar,0.3,377.4,6.700739861986406e-05
DEW,isobar,0.3,378.6,6.617791145341734e-05
DEW,isobar,0.3,379.79999999999995,6.535486544594573e-05
DEW,isobar,0.3,381.0,6.453380303885637e-05
DEW,isobar,0.3,382.2,6.371501775113415e-05
DEW,isobar,0.3,383.4,6.289879626142883e-05
DEW,isobar,0.3,384.59999999999997,6.20854182900031e-05
DEW,isobar,0.3,385.79999999999995,6.127978676261517e-05
DEW,isobar,0.3,387.0,6.047749572740337e-05
DEW,isobar,0.3,388.2,5.9678801702823146e-05
DEW,isobar,0.3,389.4,5.8883953945240114e-05
DEW,isobar,0.3,390.59999999999997,5.809319438312054e-05
DEW,isobar,0.3,391.79999999999995,5.7306757561099745e-05
DEW,isobar,0.3,393.0,5.6529370077949534e-05
DEW,isobar,0.3,394.2,5.575222896285797e-05
DEW,isobar,0.3,395.4,5.498452099773629e-05
DEW,isobar,0.3,396.59999999999997,5.4221949977211006e-05
DEW,isobar,0.3,397.79999999999995,5.346030883846739e-05
DEW,isobar,0.3,399.0,5.27086169095999e-05
DEW,isobar,0.3,400.2,5.196262745859088e-05
DEW,isobar,0.3,401.4,5.121818805899076e-05
DEW,isobar,0.3,402.59999999999997,5.04841429545276e-05
DEW,isobar,0.3,403.79999999999995,4.975202632872269e-05
DEW,isobar,0.3,405.0,4.903056185078463e-05
DEW,isobar,0.3,406.2,4.8311376241620716e-05
DEW,isobar,0.3,407.4,4.7603070050898904e-05
DEW,isobar,0.3,408.59999999999997,4.689736535574608e-05
DEW,isobar,0.3,409.79999999999995,4.619860358161044e-05
DEW,isobar,0.3,411.0,4.5506901031488e-05
DEW,isobar,0.3,412.2,4.482236700184445e-05
DEW,isobar,0.3,413.4,4.4141057090404564e-05
DEW,isobar,0.35,344.0,0.016604922059570502
DEW,isobar,0.35,344.8888888888889,0.016692912445413634
DEW,isobar,0.35,345.77777777777777,0.01677985553384475
DEW,isobar,0.35,346.6666666666667,0.016865714589522084
DEW,isobar,0.35,347.55555555555554,0.016950409611211473
DEW,isobar,0.35,348.44444444444446,0.017033887218371426
DEW,isobar,0.35,349.3333333333333,0.01711606376994984
DEW,isobar,0.35,350.22222222222223,0.0171969123245387
DEW,isobar,0.35,351.1111111111111,0.01727630174983293
DEW,isobar,0.35,352.0,0.017354187087669306
DEW,isobar,0.35,352.8888888888889,0.01743049246034769
DEW,isobar,0.35,353.77777777777777,0.017505109495276637
DEW,isobar,0.35,354.6666666666667,0.01757795787846315
DEW,isobar,0.35,355.55555555555554,0.017649322297942097
DEW,isobar,0.35,356.44444444444446,0.01771837875764222
DEW,isobar,0.35,357.3333333333333,0.017785366899776715
DEW,isobar,0.35,358.22222222222223,0.017850214072408895
DEW,isobar,0.35,359.1111111111111,0.017912764739529276
DEW,isobar,0.35,360.0,0.017972891992138577
DEW,isobar,0.35,360.8888888888889,0.018030499186536816
DEW,isobar,0.35,361.77777777777777,0.018085454208653855
DEW,isobar,0.35,362.6666666666667,0.018137553781335945
DEW,isobar,0.35,363.55555555555554,0.0181867263512951
DEW,isobar,0.35,364.44444444444446,0.018232726434814682
DEW,isobar,0.35,365.3333333333333,0.01827544164696572
DEW,isobar,0.35,366.22222222222223,0.01831461638176548
DEW,isobar,0.35,367.1111111111111,0.018350130898156406
DEW,isobar,0.35,368.0,0.0004023617614765687
DEW,isobar,0.35,368.8888888888889,0.00039875791159755684
DEW,isobar,0.35,369.77777777777777,0.0003952235337743869
DEW,isobar,0.35,370.6666666666667,0.0003917332912143625
DEW,isobar,0.35,371.55555555555554,0.0003883022770858645
DEW,isobar,0.35,372.44444444444446,0.00038491850781141953
DEW,isobar,0.35,373.3333333333333,0.0003815970454444634
DEW,isobar,0.35,374.22222222222223,0.0003782986131151826
DEW,isobar,0.35,375.1111111111111,0.0003750517502512288
DEW,isobar,0.35,376.0,0.00037185784581731215
DEW,isobar,0.35,376.8888888888889,0.00036869097308870615
DEW,isobar,0.35,377.77777777777777,0.0003655523676770177
DEW,isobar,0.35,378.6666666666667,0.0003624705793283482
DEW,isobar,0.35,379.55555555555554,0.000359419506596674
DEW,isobar,0.35,380.44444444444446,0.00035640030525536703
DEW,isobar,0.35,381.3333333333333,0.0003534141058479481
DEW,isobar,0.35,382.22222222222223,0.00035046201359824856
DEW,isobar,0.35,383.1111111111111,0.0003475313794945075
DEW,isobar,0.35,384.0,0.00034463696738378023
DEW,isobar,0.35,384.8888888888889,0.00034176606088044204
DEW,isobar,0.35,385.77777777777777,0.00033891964081222953
DEW,isobar,0.35,386.6666666666667,0.0003360986666946048
DEW,isobar,0.35,387.55555555555554,0.0003333040766062037
DEW,isobar,0.35,388.44444444444446,0.000330536787110752
DEW,isobar,0.35,389.3333333333333,0.00032779769322385474
DEW,isobar,0.35,390.22222222222223,0.0003250738842963824
DEW,isobar,0.35,391.1111111111111,0.0003223799890262389
DEW,isobar,0.35,392.0,0.00031970304938463913
DEW,isobar,0.35,392.8888888888889,0.00031705766200335083
DEW,isobar,0.35,393.77777777777777,0.00031441703094024835
DEW,isobar,0.35,394.6666666666667,0.00031180950993368
DEW,isobar,0.35,395.55555555555554,0.0003092082638644409
DEW,isobar,0.35,396.44444444444446,0.00030664161274152925
DEW,isobar,0.35,397.3333333333333,0.0003040964782639657
DEW,isobar,0.35,398.22222222222223,0.0003015597706782354
DEW,isobar,0.35,399.1111111111111,0.0002990459642361983
DEW,isobar,0.35,400.0,0.0002965419441760279
DEW,isobar,0.35,400.8888888888889,0.00029406214685843345
DEW,isobar,0.35,401.77777777777777,0.00029159343550853677
DEW,isobar,0.35,402.6666666666667,0.0002891502051065661
DEW,isobar,0.35,403.55555555555554,0.00028671929981856337
DEW,isobar,0.35,404.44444444444446,0.00028431507015285704
DEW,isobar,0.35,405.3333333333333,0.00028191060741987147
DEW,isobar,0.35,406.22222222222223,0.00027953397065533865
DEW,isobar,0.35,407.1111111111111,0.0002771719769312374
DEW,isobar,0.35,408.0,0.00027481147077067556
DEW,isobar,0.35,408.8888888888889,0.0002724804097237921
DEW,isobar,0.35,409.77777777777777,0.00027016560023013236
DEW,isobar,0.35,410.66666666666663,0.0002678675513960768
DEW,isobar,0.35,411.55555555555554,0.00026558675892786267
DEW,isobar,0.35,412.44444444444446,0.00026331006799634466
DEW,isobar,0.35,413.3333333333333,0.00026105161600469473
DEW,isobar,0.35,414.22222222222223,0.0002588118604385641
DEW,isobar,0.35,415.1111111111111,0.00025659124544995043
DEW,isobar,0.35,416.0,0.0002543766321188013
DEW,isobar,0.35,416.8888888888889,0.00025216849380561824
DEW,isobar,0.35,417.77777777777777,0.0002499943573380698
DEW,isobar,0.35,418.66666666666663,0.0002478140232722672
DEW,isobar,0.35,419.55555555555554,0.00024566846703336114
DEW,isobar,0.35,420.44444444444446,0.00024351758711266448
DEW,isobar,0.35,421.3333333333333,0.00024138876491975843
DEW,isobar,0.35,422.22222222222223,0.00023928234590436651
DEW,isobar,0.35,423.1111111111111,0.00023718526183209458
DEW,isobar,0.35,424.0,0.00023509790414683122
DEW,isobar,0.35,424.8888888888889,0.0002330206552486973
DEW,isobar,0.35,425.77777777777777,0.0002309672146483376
DEW,isobar,0.35,426.66666666666663,0.00022891126769068797
DEW,isobar,0.35,427.55555555555554,0.00022687979440743966
DEW,isobar,0.35,428.44444444444446,0.00022485981241644447
DEW,isobar,0.35,429.3333333333333,0.0002228648745135503
DEW,isobar,0.35,430.22222222222223,0.00022086884150564055
DEW,isobar,0.35,431.1111111111111,0.0002188852761390301
DEW,isobar,0.35,432.0,0.0002169276164768987
DEW,isobar,0.4,356.4,0.018398495531461657
DEW,isobar,0.4,357.4222222222222,0.018497156060275667
DEW,isobar,0.4,358.4444444444444,0.01859391402501252
DEW,isobar,0.4,359.46666666666664,0.018688654215176397
DEW,isobar,0.4,360.4888888888889,0.01878125833887161
DEW,isobar,0.4,361.51111111111106,0.018871605003141865
DEW,isobar,0.4,362.5333333333333,0.01895956969806439
DEW,isobar,0.4,363.55555555555554,0.019045007610282296
DEW,isobar,0.4,364.5777777777778,0.01912776999596649
DEW,isobar,0.4,365.59999999999997,0.019207739313157925
DEW,isobar,0.4,366.6222222222222,0.019284689029361746
DEW,isobar,0.4,367.64444444444445,0.019358493296769422
DEW,isobar,0.4,368.66666666666663,0.019428987574718
DEW,isobar,0.4,369.68888888888887,0.019495929855764243
DEW,isobar,0.4,370.7111111111111,0.01955918248137414
DEW,isobar,0.4,371.7333333333333,0.019618455188959587
DEW,isobar,0.4,372.75555555555553,0.019673524933146357
DEW,isobar,0.4,373.77777777777777,0.019724201638675283
DEW,isobar,0.4,374.79999999999995,0.019770136172633804
DEW,isobar,0.4,375.8222222222222,0.019811086876083815
DEW,isobar,0.4,376.84444444444443,0.01984676724013748
DEW,isobar,0.4,377.8666666666667,0.019876763784086975
DEW,isobar,0.4,378.88888888888886,0.019900813507955098
DEW,isobar,0.4,379.9111111111111,0.01991840322327443
DEW,isobar,0.4,380.93333333333334,0.019929129379192657
DEW,isobar,0.4,381.9555555555555,0.019932579398316226
DEW,isobar,0.4,382.97777777777776,0.01992812124393805
DEW,isobar,0.4,384.0,0.019915234299434655
DEW,isobar,0.4,385.02222222222224,0.0015196360267674025
DEW,isobar,0.4,386.0444444444444,0.0014748171092509243
DEW,isobar,0.4,387.06666666666666,0.0014355280538708788
DEW,isobar,0.4,388.0888888888889,0.0014003742186042775
DEW,isobar,0.4,389.1111111111111,0.0013686394956118036
DEW,isobar,0.4,390.1333333333333,0.0013396164025943002
DEW,isobar,0.4,391.15555555555557,0.0013129317756205494
DEW,isobar,0.4,392.17777777777775,0.0012882146050671385
DEW,isobar,0.4,393.2,0.0012651496862866073
DEW,isobar,0.4,394.22222222222223,0.001243531822467356
DEW,isobar,0.4,395.2444444444444,0.0012231554774244171
DEW,isobar,0.4,396.26666666666665,0.0012038695435387986
DEW,isobar,0.4,397.2888888888889,0.0011855773918698705
DEW,isobar,0.4,398.31111111111113,0.0011681817624077948
DEW,isobar,0.4,399.3333333333333,0.0011515846623428429
DEW,isobar,0.4,400.35555555555555,0.0011356872812385492
DEW,isobar,0.4,401.3777777777778,0.0011204455086998332
DEW,isobar,0.4,402.4,0.0011058146787046698
DEW,isobar,0.4,403.4222222222222,0.0010916937779217077
DEW,isobar,0.4,404.44444444444446,0.0010780925663231157
DEW,isobar,0.4,405.46666666666664,0.001064936642785064
DEW,isobar,0.4,406.4888888888889,0.0010522068863143643
DEW,isobar,0.4,407.5111111111111,0.0010398276071665353
DEW,isobar,0.4,408.5333333333333,0.001027834871812261
DEW,isobar,0.4,409.55555555555554,0.0010162083870756996
DEW,isobar,0.4,410.5777777777778,0.001004871008748682
DEW,isobar,0.4,411.6,0.000993801395514316
DEW,isobar,0.4,412.6222222222222,0.0009830345091307359
DEW,isobar,0.4,413.64444444444445,0.0009725202002803022
DEW,isobar,0.4,414.6666666666667,0.0009622646343349725
DEW,isobar,0.4,415.68888888888887,0.0009522168786225179
DEW,isobar,0.4,416.7111111111111,0.0009423825231981324
DEW,isobar,0.4,417.73333333333335,0.0009327670184852303
DEW,isobar,0.4,418.75555555555553,0.0009233184688550972
DEW,isobar,0.4,419.77777777777777,0.000914041799089509
DEW,isobar,0.4,420.8,0.0009049704963376576
DEW,isobar,0.4,421.8222222222222,0.0008960806333178356
DEW,isobar,0.4,422.84444444444443,0.0008872904750215686
DEW,isobar,0.4,423.8666666666667,0.0008786905250012763
DEW,isobar,0.4,424.8888888888889,0.0008702274383505376
DEW,isobar,0.4,425.9111111111111,0.0008618763473649384
DEW,isobar,0.4,426.93333333333334,0.0008536699545301239
DEW,isobar,0.4,427.9555555555556,0.0008455831267223902
DEW,isobar,0.4,428.97777777777776,0.0008376484347419232
DEW,isobar,0.4,430.0,0.0008298114965455504
DEW,isobar,0.4,431.02222222222224,0.0008220756489704859
DEW,isobar,0.4,432.0444444444445,0.0008144441452500289
DEW,isobar,0.4,433.06666666666666,0.0008068910884127559
DEW,isobar,0.4,434.0888888888889,0.0007994776759069227
DEW,isobar,0.4,435.1111111111111,0.0007921487588181332
DEW,isobar,0.4,436.1333333333333,0.000784907200382313
DEW,isobar,0.4,437.15555555555557,0.0007777266448064261
DEW,isobar,0.4,438.1777777777778,0.0007706680847239916
DEW,isobar,0.4,439.2,0.0007636758599639425
DEW,isobar,0.4,440.22222222222223,0.0007567816922016821
DEW,isobar,0.4,441.24444444444447,0.0007499588852646685
DEW,isobar,0.4,442.26666666666665,0.000743209841647789
DEW,isobar,0.4,443.2888888888889,0.0007365369012120993
DEW,isobar,0.4,444.31111111111113,0.0007299131179240268
DEW,isobar,0.4,445.33333333333337,0.000723399148664799
DEW,isobar,0.4,446.35555555555555,0.0007169386980934807
DEW,isobar,0.4,447.3777777777778,0.0007105338522525772
DEW,isobar,0.4,448.4,0.0007041866451466462
DEW,isobar,0.4,449.4222222222222,0.000697928289113864
DEW,isobar,0.4,450.44444444444446,0.0006917022490797106
DEW,isobar,0.4,451.4666666666667,0.0006855688574893609
DEW,isobar,0.4,452.4888888888889,0.0006794714889678526
DEW,isobar,0.4,453.5111111111111,0.0006734411450715898
DEW,isobar,0.4,454.53333333333336,0.0006674503505443934
DEW,isobar,0.4,455.55555555555554,0.00066152999711361
DEW,isobar,0.4,456.5777777777778,0.0006556817095931694
DEW,isobar,0.4,457.6,0.0006498779024758225
DEW,isobar,0.5,305.85,0.01296075810709918
DEW,isobar,0.5,308.3277777777778,0.01326585516723436
DEW,isobar,0.5,310.8055555555556,0.013574282101833968
DEW,isobar,0.5,313.28333333333336,0.013885864885062535
DEW,isobar,0.5,315.7611111111111,0.014200424096260336
DEW,isobar,0.5,318.23888888888894,0.014517756233559505
DEW,isobar,0.5,320.7166666666667,0.0148376366190789
DEW,isobar,0.5,323.19444444444446,0.01515983359957691
DEW,isobar,0.5,325.6722222222222,0.015484087965883749
DEW,isobar,0.5,328.15000000000003,0.01581009947956657
DEW,isobar,0.5,330.6277777777778,0.016137591515276366
DEW,isobar,0.5,333.10555555555555,0.016466198974715525
DEW,isobar,0.5,335.58333333333337,0.016795578765118703
DEW,isobar,0.5,338.06111111111113,0.017125328149087224
DEW,isobar,0.5,340.5388888888889,0.01745504313274531
DEW,isobar,0.5,343.0166666666667,0.017784241123581523
DEW,isobar,0.5,345.49444444444447,0.018112448581893894
DEW,isobar,0.5,347.97222222222223,0.01843910658939208
DEW,isobar,0.5,350.45000000000005,0.01876366402292702
DEW,isobar,0.5,352.9277777777778,0.01908544706869286
DEW,isobar,0.5,355.40555555555557,0.0194040187173624
DEW,isobar,0.5,357.8833333333333,0.01971821896929869
DEW,isobar,0.5,360.36111111111114,0.020027448216370685
DEW,isobar,0.5,362.8388888888889,0.0203308234015979
DEW,isobar,0.5,365.31666666666666,0.020627409089244136
DEW,isobar,0.5,367.7944444444445,0.020916144488325905
DEW,isobar,0.5,370.27222222222224,0.021195906163897722
DEW,isobar,0.5,372.75,0.021465468963598175
DEW,isobar,0.5,375.22777777777776,0.021723460910924388
DEW,isobar,0.5,377.7055555555556,0.02196837192540083
DEW,isobar,0.5,380.18333333333334,0.022198565791679434
DEW,isobar,0.5,382.66111111111115,0.022412189983852644
DEW,isobar,0.5,385.1388888888889,0.02260720289622278
DEW,isobar,0.5,387.6166666666667,0.02278134150178883
DEW,isobar,0.5,390.09444444444443,0.022932040967774892
DEW,isobar,0.5,392.57222222222225,0.023056322044172944
DEW,isobar,0.5,395.05,0.02315095448965086
DEW,isobar,0.5,397.52777777777777,0.02321211097337471
DEW,isobar,0.5,400.0055555555556,0.023235279109517924
DEW,isobar,0.5,402.48333333333335,0.023215328016764264
DEW,isobar,0.5,404.9611111111111,0.023145917390705605
DEW,isobar,0.5,407.43888888888887,0.02301965442189328
DEW,isobar,0.5,409.9166666666667,0.022826995772065213
DEW,isobar,0.5,412.39444444444445,0.022556185175621333
DEW,isobar,0.5,414.87222222222226,0.02219152934209173
DEW,isobar,0.5,417.35,0.02171172559824065
DEW,isobar,0.5,419.8277777777778,0.02108618123778633
DEW,isobar,0.5,422.30555555555554,0.02026703516012382
DEW,isobar,0.5,424.7833333333333,0.01917119649205012
DEW,isobar,0.5,427.2611111111111,0.017626885387265968
DEW,isobar,0.5,429.7388888888889,0.015126532246461055
DEW,isobar,0.5,432.2166666666667,0.00968759369499242
DEW,isobar,0.5,434.69444444444446,0.0072525615347429845
DEW,isobar,0.5,437.1722222222222,0.006339620723397767
DEW,isobar,0.5,439.65,0.005791442768320441
DEW,isobar,0.5,442.1277777777778,0.005404850611756159
DEW,isobar,0.5,444.60555555555555,0.005109235552742862
DEW,isobar,0.5,447.08333333333337,0.004871276001625546
DEW,isobar,0.5,449.56111111111113,0.004672986666030664
DEW,isobar,0.5,452.0388888888889,0.004503183259113353
DEW,isobar,0.5,454.51666666666665,0.004355249423085413
DEW,isobar,0.5,456.9944444444444,0.0042239636627677945
DEW,isobar,0.5,459.47222222222223,0.004106170458570649
DEW,isobar,0.5,461.95,0.003999153484538718
DEW,isobar,0.5,464.4277777777778,0.003901136651560583
DEW,isobar,0.5,466.90555555555557,0.0038106505871478096
DEW,isobar,0.5,469.3833333333333,0.0037264648921820297
DEW,isobar,0.5,471.8611111111111,0.003647818420225055
DEW,isobar,0.5,474.33888888888885,0.0035737619956099065
DEW,isobar,0.5,476.81666666666666,0.0035038319459432168
DEW,isobar,0.5,479.2944444444445,0.0034374601195463063
DEW,isobar,0.5,481.77222222222224,0.0033742782735182424
DEW,isobar,0.5,484.25,0.0033138943725308755
DEW,isobar,0.5,486.72777777777776,0.0032560491277927412
DEW,isobar,0.5,489.2055555555555,0.003200385714540497
DEW,isobar,0.5,491.68333333333334,0.0031467648413364756
DEW,isobar,0.5,494.1611111111111,0.003095033839971692
DEW,isobar,0.5,496.6388888888889,0.0030449463330916304
DEW,isobar,0.5,499.1166666666667,0.002996484286208165
DEW,isobar,0.5,501.59444444444443,0.002949294962490126
DEW,isobar,0.5,504.0722222222222,0.0029035023589528714
DEW,isobar,0.5,506.54999999999995,0.0028588963700019424
DEW,isobar,0.5,509.02777777777777,0.002815421851748863
DEW,isobar,0.5,511.5055555555556,0.0027730166071546214
DEW,isobar,0.5,513.9833333333333,0.002731527585537172
DEW,isobar,0.5,516.4611111111111,0.0026909623951644622
DEW,isobar,0.5,518.9388888888889,0.002651324091519007
DEW,isobar,0.5,521.4166666666666,0.002612440762623893
DEW,isobar,0.5,523.8944444444444,0.002574304452854132
DEW,isobar,0.5,526.3722222222223,0.0025369891977096016
DEW,isobar,0.5,528.85,0.002500307553093752
DEW,isobar,0.5,531.3277777777778,0.0024643256148587167
DEW,isobar,0.5,533.8055555555555,0.0024290202659819032
DEW,isobar,0.5,536.2833333333333,0.002394277737865206
DEW,isobar,0.5,538.7611111111111,0.0023601548860995693
DEW,isobar,0.5,541.2388888888888,0.002326574936975228
DEW,isobar,0.5,543.7166666666667,0.0022935456416728864
DEW,isobar,0.5,546.1944444444445,0.0022610724095703198
DEW,isobar,0.5,548.6722222222222,0.002229114202571262
DEW,isobar,0.5,551.15,0.0021976717018927275
DEW,isobar,0.6,390.8,0.025176035372112115
DEW,isobar,0.6,393.06666666666666,0.02543054252067548
DEW,isobar,0.6,395.33333333333337,0.02567314611812579
DEW,isobar,0.6,397.6,0.025902693125948274
DEW,isobar,0.6,399.8666666666667,0.026117880881333145
DEW,isobar,0.6,402.1333333333333,0.026317453425920553
DEW,isobar,0.6,404.40000000000003,0.026499949536507927
DEW,isobar,0.6,406.6666666666667,0.026663741009607837
DEW,isobar,0.6,408.93333333333334,0.026807244275706948
DEW,isobar,0.6,411.2,0.02692853982324626
DEW,isobar,0.6,413.4666666666667,0.02702569261422157
DEW,isobar,0.6,415.73333333333335,0.027096527834139184
DEW,isobar,0.6,418.0,0.027138740064682063
DEW,isobar,0.6,420.2666666666667,0.02714977392932373
DEW,isobar,0.6,422.53333333333336,0.027126880475660153
DEW,isobar,0.6,424.8,0.02706693025761501
DEW,isobar,0.6,427.06666666666666,0.02696659828435753
DEW,isobar,0.6,429.33333333333337,0.02682244383487061
DEW,isobar,0.6,431.6,0.026630204466675984
DEW,isobar,0.6,433.8666666666667,0.026385588449124843
DEW,isobar,0.6,436.1333333333333,0.026083919773108828
DEW,isobar,0.6,438.40000000000003,0.025720043825380807
DEW,isobar,0.6,440.6666666666667,0.025288387689669883
DEW,isobar,0.6,442.93333333333334,0.024783756924902978
DEW,isobar,0.6,445.20000000000005,0.024200212923332028
DEW,isobar,0.6,447.4666666666667,0.023533073546430187
DEW,isobar,0.6,449.73333333333335,0.022779285220691305
DEW,isobar,0.6,452.0,0.021938779928096317
DEW,isobar,0.6,454.2666666666667,0.021017164464315202
DEW,isobar,0.6,456.53333333333336,0.02002798852668777
DEW,isobar,0.6,458.8,0.018995335688643783
DEW,isobar,0.6,461.0666666666667,0.017953110305267986
DEW,isobar,0.6,463.33333333333337,0.016939919170197326
DEW,isobar,0.6,465.6,0.015990761490387338
DEW,isobar,0.6,467.8666666666667,0.015127992850363259
DEW,isobar,0.6,470.1333333333333,0.014361344329577587
DEW,isobar,0.6,472.40000000000003,0.013688623548679833
DEW,isobar,0.6,474.6666666666667,0.01310157937016434
DEW,isobar,0.6,476.9333333333334,0.012588821786349572
DEW,isobar,0.6,479.20000000000005,0.012140059497706019
DEW,isobar,0.6,481.4666666666667,0.011744952009281374
DEW,isobar,0.6,483.73333333333335,0.011394902258757155
DEW,isobar,0.6,486.0,0.011082892019262103
DEW,isobar,0.6,488.2666666666667,0.010802744638318906
DEW,isobar,0.6,490.53333333333336,0.010549902429424362
DEW,isobar,0.6,492.8,0.010320133752157576
DEW,isobar,0.6,495.0666666666667,0.010110111461447902
DEW,isobar,0.6,497.33333333333337,0.009917143474333956
DEW,isobar,0.6,499.6,0.009739035395136174
DEW,isobar,0.6,501.8666666666667,0.009573828021302064
DEW,isobar,0.6,504.1333333333334,0.009419919737357117
DEW,isobar,0.6,506.40000000000003,0.00927593767445179
DEW,isobar,0.6,508.6666666666667,0.009140605579373275
DEW,isobar,0.6,510.9333333333334,0.009013144573786965
DEW,isobar,0.6,513.2,0.008892478061542716
DEW,isobar,0.6,515.4666666666667,0.008777898754541574
DEW,isobar,0.6,517.7333333333333,0.008668946640778526
DEW,isobar,0.6,520.0,0.008564999445443445
DEW,isobar,0.6,522.2666666666667,0.008465545993320028
DEW,isobar,0.6,524.5333333333333,0.008370048096720586
DEW,isobar,0.6,526.8000000000001,0.008278228134880706
DEW,isobar,0.6,529.0666666666667,0.008189936424017948
DEW,isobar,0.6,531.3333333333334,0.008104566656568196
DEW,isobar,0.6,533.6,0.008021927806890015
DEW,isobar,0.6,535.8666666666667,0.007941964548351756
DEW,isobar,0.6,538.1333333333334,0.007864307300942543
DEW,isobar,0.6,540.4000000000001,0.007788718028317254
DEW,isobar,0.6,542.6666666666667,0.007715252759104632
DEW,isobar,0.6,544.9333333333334,0.007643648980319427
DEW,isobar,0.6,547.2,0.007573626994117711
DEW,isobar,0.6,549.4666666666667,0.0075053692183241994
DEW,isobar,0.6,551.7333333333333,0.007438413233232343
DEW,isobar,0.6,554.0,0.007373005574889686
DEW,isobar,0.6,556.2666666666667,0.007308903044382518
DEW,isobar,0.6,558.5333333333333,0.007245847722376041
DEW,isobar,0.6,560.8000000000001,0.0071840682561096795
DEW,isobar,0.6,563.0666666666667,0.007123374519395355
DEW,isobar,0.6,565.3333333333334,0.0070635645714927755
DEW,isobar,0.6,567.6,0.007004767281134459
DEW,isobar,0.6,569.8666666666667,0.006946938255733336
DEW,isobar,0.6,572.1333333333334,0.0068898529442486455
DEW,isobar,0.6,574.4000000000001,0.006833625894441056
DEW,isobar,0.6,576.6666666666667,0.00677828256746357
DEW,isobar,0.6,578.9333333333334,0.006723578066623738
DEW,isobar,0.6,581.2,0.006669614672773148
DEW,isobar,0.6,583.4666666666667,0.006616313361365529
DEW,isobar,0.6,585.7333333333333,0.006563680027527478
DEW,isobar,0.6,588.0,0.006511625727002401
DEW,isobar,0.6,590.2666666666667,0.006460239845908093
DEW,isobar,0.6,592.5333333333334,0.0064094255388708575
DEW,isobar,0.6,594.8000000000001,0.006359266756405902
DEW,isobar,0.6,597.0666666666667,0.006309471265835129
DEW,isobar,0.6,599.3333333333334,0.006260303013058924
DEW,isobar,0.6,601.6,0.00621164983278884
DEW,isobar,0.6,603.8666666666667,0.0061635851241377375
DEW,isobar,0.6,606.1333333333334,0.006115893324339236
DEW,isobar,0.6,608.4000000000001,0.006068737686485697
DEW,isobar,0.6,610.6666666666667,0.0060219915260048525
DEW,isobar,0.6,612.9333333333334,0.005975718247498455
DEW,isobar,0.6,615.2,0.005929980369267762
DEW,isobar,0.75,318.55,0.015527953120578853
DEW,isobar,0.75,321.09444444444443,0.015906674436244335
DEW,isobar,0.75,323.6388888888889,0.016290596643683045
DEW,isobar,0.75,326.18333333333334,0.016679610394110377
DEW,isobar,0.75,328.7277777777778,0.017073606186317952
DEW,isobar,0.75,331.27222222222224,0.017472447231179564
DEW,isobar,0.75,333.81666666666666,0.017875995716429963
DEW,isobar,0.75,336.36111111111114,0.018284089929645697
DEW,isobar,0.75,338.90555555555557,0.01869656695309585
DEW,isobar,0.75,341.45,0.019113225366618337
DEW,isobar,0.75,343.99444444444447,0.019533894088305075
DEW,isobar,0.75,346.5388888888889,0.019958322153744802
DEW,isobar,0.75,349.08333333333337,0.020386302485811723
DEW,isobar,0.75,351.6277777777778,0.020817571291373484
DEW,isobar,0.75,354.1722222222222,0.02125186130045796
DEW,isobar,0.75,356.7166666666667,0.021688923401248967
DEW,isobar,0.75,359.2611111111111,0.022128363581727976
DEW,isobar,0.75,361.80555555555554,0.022569899433916824
DEW,isobar,0.75,364.35,0.023013181149893785
DEW,isobar,0.75,366.89444444444445,0.023457820865284387
DEW,isobar,0.75,369.4388888888889,0.02390340753985442
DEW,isobar,0.75,371.98333333333335,0.024349543496366793
DEW,isobar,0.75,374.52777777777777,0.02479575349643794
DEW,isobar,0.75,377.07222222222225,0.02524155478168748
DEW,isobar,0.75,379.6166666666667,0.0256864389191285
DEW,isobar,0.75,382.16111111111115,0.026129871214517778
DEW,isobar,0.75,384.7055555555556,0.026571268681711443
DEW,isobar,0.75,387.25,0.027010040643409932
DEW,isobar,0.75,389.7944444444445,0.027445523118723798
DEW,isobar,0.75,392.3388888888889,0.02787706543406829
DEW,isobar,0.75,394.8833333333333,0.02830394011294808
DEW,isobar,0.75,397.4277777777778,0.028725385292791675
DEW,isobar,0.75,399.97222222222223,0.029140604272448342
DEW,isobar,0.75,402.5166666666667,0.02954876515579576
DEW,isobar,0.75,405.06111111111113,0.02994897388680115
DEW,isobar,0.75,407.6055555555556,0.030340352866580093
DEW,isobar,0.75,410.15000000000003,0.030721851028638378
DEW,isobar,0.75,412.69444444444446,0.031092514647738278
DEW,isobar,0.75,415.23888888888894,0.03145123923688773
DEW,isobar,0.75,417.78333333333336,0.03179693743606108
DEW,isobar,0.75,420.3277777777778,0.03212839148268305
DEW,isobar,0.75,422.87222222222226,0.03244437027513007
DEW,isobar,0.75,425.4166666666667,0.03274369966984917
DEW,isobar,0.75,427.9611111111111,0.03302497458404997
DEW,isobar,0.75,430.5055555555556,0.033286811412145706
DEW,isobar,0.75,433.05,0.03352778806281069
DEW,isobar,0.75,435.59444444444443,0.03374651846445522
DEW,isobar,0.75,438.1388888888889,0.03394151738136358
DEW,isobar,0.75,440.6833333333334,0.034111121553616404
DEW,isobar,0.75,443.2277777777778,0.03425393726965373
DEW,isobar,0.75,445.77222222222224,0.03436833119233808
DEW,isobar,0.75,448.3166666666667,0.034452731302619666
DEW,isobar,0.75,450.86111111111114,0.03450564187600848
DEW,isobar,0.75,453.40555555555557,0.03452565912995963
DEW,isobar,0.75,455.95000000000005,0.034511234559051356
DEW,isobar,0.75,458.49444444444447,0.03446126953015932
DEW,isobar,0.75,461.0388888888889,0.034374551537619785
DEW,isobar,0.75,463.58333333333337,0.03425010388246802
DEW,isobar,0.75,466.1277777777778,0.03408756963228464
DEW,isobar,0.75,468.6722222222222,0.033886164777427105
DEW,isobar,0.75,471.2166666666667,0.03364649738054112
DEW,isobar,0.75,473.7611111111112,0.03336859673837172
DEW,isobar,0.75,476.30555555555554,0.0330539527840489
DEW,isobar,0.75,478.85,0.032703863956893356
DEW,isobar,0.75,481.3944444444445,0.03232095464155273
DEW,isobar,0.75,483.9388888888889,0.031908238349309635
DEW,isobar,0.75,486.48333333333335,0.031468903558096686
DEW,isobar,0.75,489.0277777777778,0.031007473979015585
DEW,isobar,0.75,491.57222222222225,0.0305286178884567
DEW,isobar,0.75,494.1166666666667,0.03003730861955143
DEW,isobar,0.75,496.66111111111115,0.029538590138873444
DEW,isobar,0.75,499.2055555555556,0.029037948210215842
DEW,isobar,0.75,501.75,0.028539866857241702
DEW,isobar,0.75,504.2944444444445,0.02804881033724186
DEW,isobar,0.75,506.83888888888896,0.027569010924331783
DEW,isobar,0.75,509.3833333333333,0.027103849028519866
DEW,isobar,0.75,511.9277777777778,0.026655433516644792
DEW,isobar,0.75,514.4722222222223,0.026225840012655672
DEW,isobar,0.75,517.0166666666667,0.025816295090139222
DEW,isobar,0.75,519.5611111111111,0.025427807766718234
DEW,isobar,0.75,522.1055555555556,0.025060127143726883
DEW,isobar,0.75,524.6500000000001,0.024713211797516354
DEW,isobar,0.75,527.1944444444445,0.024386606435138136
DEW,isobar,0.75,529.7388888888889,0.024079653381601045
DEW,isobar,0.75,532.2833333333333,0.023791273236252904
DEW,isobar,0.75,534.8277777777778,0.023520389351505237
DEW,isobar,0.75,537.3722222222223,0.023266371009564277
DEW,isobar,0.75,539.9166666666667,0.02302793345841191
DEW,isobar,0.75,542.4611111111111,0.022804007744864553
DEW,isobar,0.75,545.0055555555556,0.022593518585011765
DEW,isobar,0.75,547.5500000000001,0.02239561046648062
DEW,isobar,0.75,550.0944444444444,0.022209187495195893
DEW,isobar,0.75,552.6388888888889,0.02203336783693839
DEW,isobar,0.75,555.1833333333334,0.021867491696294778
DEW,isobar,0.75,557.7277777777779,0.021710645761287214
DEW,isobar,0.75,560.2722222222222,0.02156237990368183
DEW,isobar,0.75,562.8166666666667,0.021421489719709665
DEW,isobar,0.75,565.3611111111111,0.02128772769141494
DEW,isobar,0.75,567.9055555555556,0.021160587152700194
DEW,isobar,0.75,570.45,0.021039282475520796
DEW,isobar,1.0,25.0,0.0002221699817331159
DEW,isobar,1.0,30.55808080808081,0.0002450615544374106
DEW,isobar,1.0,36.11616161616162,0.00027085908186947634
DEW,isobar,1.0,41.67424242424242,0.00029973491120095504
DEW,isobar,1.0,47.23232323232323,0.00033189915429685066
DEW,isobar,1.0,52.79040404040404,0.00036759180296432303
DEW,isobar,1.0,58.348484848484844,0.00040707881851281174
DEW,isobar,1.0,63.906565656565654,0.00045064997550652675
DEW,isobar,1.0,69.46464646464646,0.000498617840874847
DEW,isobar,1.0,75.02272727272728,0.0005513172947165582
DEW,isobar,1.0,80.58080808080808,0.000609105511000376
DEW,isobar,1.0,86.13888888888889,0.0006723618499939281
DEW,isobar,1.0,91.69696969696969,0.0007414881818248458
DEW,isobar,1.0,97.2550505050505,0.0008169093494320189
DEW,isobar,1.0,102.81313131313131,0.0008990730903896277
DEW,isobar,1.0,108.37121212121212,0.0009884508553682963
DEW,isobar,1.0,113.92929292929293,0.0010855376844406404
DEW,isobar,1.0,119.48737373737373,0.0011908527971486148
DEW,isobar,1.0,125.04545454545455,0.0013049398459257708
DEW,isobar,1.0,130.60353535353534,0.001428366852019976
DEW,isobar,1.0,136.16161616161617,0.0015617265825392656
DEW,isobar,1.0,141.71969696969697,0.0017056362912731822
DEW,isobar,1.0,147.27777777777777,0.0018607380098872156
DEW,isobar,1.0,152.8358585858586,0.0020276980606874005
DEW,isobar,1.0,158.39393939393938,0.002207206844432804
DEW,isobar,1.0,163.9520202020202,0.0023999788105155202
DEW,isobar,1.0,169.510101010101,0.002606750762012498
DEW,isobar,1.0,175.0681818181818,0.0028282820580744984
DEW,isobar,1.0,180.62626262626262,0.003065353813240525
DEW,isobar,1.0,186.18434343434342,0.0033187669210163607
DEW,isobar,1.0,191.74242424242425,0.003589341167928462
DEW,isobar,1.0,197.30050505050505,0.0038779136570673218
DEW,isobar,1.0,202.85858585858585,0.0041853365387420505
DEW,isobar,1.0,208.41666666666666,0.004512475687728786
DEW,isobar,1.0,213.97474747474746,0.004860207991354188
DEW,isobar,1.0,219.5328282828283,0.005229417509980805
DEW,isobar,1.0,225.0909090909091,0.005620994491151326
DEW,isobar,1.0,230.6489898989899,0.006035831135760824
DEW,isobar,1.0,236.2070707070707,0.006474816389344374
DEW,isobar,1.0,241.7651515151515,0.00693883447393361
DEW,isobar,1.0,247.32323232323233,0.007428758343914345
DEW,isobar,1.0,252.88131313131314,0.007945445358528992
DEW,isobar,1.0,258.43939393939394,0.008489731871235152
DEW,isobar,1.0,263.9974747474747,
DEW,isobar,1.0,269.55555555555554,0.009664308007150423
DEW,isobar,1.0,275.1136363636364,0.010296111250311404
DEW,isobar,1.0,280.6717171717172,0.01095852306467537
DEW,isobar,1.0,286.229797979798,0.011652176165395338
DEW,isobar,1.0,291.78787878787875,0.012377637529844976
DEW,isobar,1.0,297.3459595959596,0.013135404050784965
DEW,isobar,1.0,302.9040404040404,0.013925880538946485
DEW,isobar,1.0,308.4621212121212,0.014749386710427767
DEW,isobar,1.0,314.020202020202,0.01560612733429503
DEW,isobar,1.0,319.5782828282828,0.016496200749195267
DEW,isobar,1.0,325.1363636363636,0.017419559573496442
DEW,isobar,1.0,330.69444444444446,0.01837602479524896
DEW,isobar,1.0,336.25252525252523,0.01936525876863325
DEW,isobar,1.0,341.81060606060606,0.020386730793775724
DEW,isobar,1.0,347.36868686868684,0.02143975601160801
DEW,isobar,1.0,352.92676767676767,0.02252340427933648
DEW,isobar,1.0,358.4848484848485,0.0236365545180449
DEW,isobar,1.0,364.0429292929293,0.02477783887566076
DEW,isobar,1.0,369.6010101010101,0.02594560388834903
DEW,isobar,1.0,375.1590909090909,0.02713795876386397
DEW,isobar,1.0,380.7171717171717,0.02835268952077122
DEW,isobar,1.0,386.27525252525254,0.029587284090379563
DEW,isobar,1.0,391.8333333333333,0.030838896116384504
DEW,isobar,1.0,397.39141414141415,0.03210433778615129
DEW,isobar,1.0,402.9494949494949,0.033380038653321446
DEW,isobar,1.0,408.50757575757575,0.034662092380500095
DEW,isobar,1.0,414.0656565656566,0.03594615376991587
DEW,isobar,1.0,419.62373737373736,0.0372275655780149
DEW,isobar,1.0,425.1818181818182,0.03850117996427548
DEW,isobar,1.0,430.73989898989896,0.03976160243699471
DEW,isobar,1.0,436.2979797979798,0.04100294531876565
DEW,isobar,1.0,441.8560606060606,0.042219071488763735
DEW,isobar,1.0,447.4141414141414,0.04340360224618656
DEW,isobar,1.0,452.97222222222223,0.04454979344885685
DEW,isobar,1.0,458.530303030303,0.045650906062149464
DEW,isobar,1.0,464.08838383838383,0.04670007713819345
DEW,isobar,1.0,469.64646464646466,0.047690677355519406
DEW,isobar,1.0,475.20454545454544,0.048616138840941445
DEW,isobar,1.0,480.76262626262627,0.04947062778283195
DEW,isobar,1.0,486.32070707070704,0.05024874930717618
DEW,isobar,1.0,491.8787878787879,0.050946365917475804
DEW,isobar,1.0,497.43686868686865,0.05156011637982065
DEW,isobar,1.0,502.9949494949495,0.05208841443160405
DEW,isobar,1.0,508.5530303030303,0.0525313151340251
DEW,isobar,1.0,514.1111111111111,0.05289041367977625
DEW,isobar,1.0,519.6691919191919,0.053169515842435615
DEW,isobar,1.0,525.2272727272727,0.05337407557311223
DEW,isobar,1.0,530.7853535353536,0.05351152358441431
DEW,isobar,1.0,536.3434343434344,0.05359038179242919
DEW,isobar,1.0,541.9015151515151,0.05362048157142987
DEW,isobar,1.0,547.459595959596,0.053612079648894584
DEW,isobar,1.0,553.0176767676768,0.053575525624108306
DEW,isobar,1.0,558.5757575757575,0.05352057561952395
DEW,isobar,1.0,564.1338383838383,0.05345672193730233
DEW,isobar,1.0,569.6919191919192,0.05339180507069536
DEW,isobar,1.0,575.25,0.05333270944716696
DEW,isobar,1.01325,25.0,0.00022255761012258978
DEW,isobar,1.01325,30.55808080808081,0.0002454667000057788
DEW,isobar,1.01325,36.11616161616162,0.00027128578841862435
DEW,isobar,1.01325,41.67424242424242,0.00030018718538345006
DEW,isobar,1.01325,47.23232323232323,0.00033238098976036477
DEW,isobar,1.01325,52.79040404040404,0.0003681073753403624
DEW,isobar,1.01325,58.348484848484844,0.00040763250101065023
DEW,isobar,1.01325,63.906565656565654,0.00045124641792974
DEW,isobar,1.01325,69.46464646464646,0.0004992620575298022
DEW,isobar,1.01325,75.02272727272728,0.0005520146905423513
DEW,isobar,1.01325,80.58080808080808,0.0006098619282515001
DEW,isobar,1.01325,86.13888888888889,0.0006731836122427718
DEW,isobar,1.01325,91.69696969696969,0.0007423823067231696
DEW,isobar,1.01325,97.2550505050505,0.0008178833523098594
DEW,isobar,1.01325,102.81313131313131,0.000900135331356149
DEW,isobar,1.01325,108.37121212121212,0.0009896104404880852
DEW,isobar,1.01325,113.92929292929293,0.0010868045177981928
DEW,isobar,1.01325,119.48737373737373,0.0011922379325206998
DEW,isobar,1.01325,125.04545454545455,0.0013064552249933098
DEW,isobar,1.01325,130.60353535353534,0.001430025567720565
DEW,isobar,1.01325,136.16161616161617,0.00156354299005549
DEW,isobar,1.01325,141.71969696969697,0.0017076264358228108
DEW,isobar,1.01325,147.27777777777777,0.0018629192087608348
DEW,isobar,1.01325,152.8358585858586,0.002030089483177547
DEW,isobar,1.01325,158.39393939393938,0.0022098293281061477
DEW,isobar,1.01325,163.9520202020202,0.0024028554118876626
DEW,isobar,1.01325,169.510101010101,0.0026099067776248763
DEW,isobar,1.01325,175.0681818181818,0.0028317455112450277
DEW,isobar,1.01325,180.62626262626262,0.0030691551745829124
DEW,isobar,1.01325,186.18434343434342,0.0033229395814143546
DEW,isobar,1.01325,191.74242424242425,0.0035939217003435747
DEW,isobar,1.01325,197.30050505050505,0.003882942912475887
DEW,isobar,1.01325,202.85858585858585,0.004190858477676819
DEW,isobar,1.01325,208.41666666666666,0.0045185398473004835
DEW,isobar,1.01325,213.97474747474746,0.004866867184906372
DEW,isobar,1.01325,219.5328282828283,0.0052367305928152615
DEW,isobar,1.01325,225.0909090909091,0.005629026556448128
DEW,isobar,1.01325,230.6489898989899,0.006044653537375345
DEW,isobar,1.01325,236.2070707070707,0.00648450653837084
DEW,isobar,1.01325,241.7651515151515,0.006949478618075677
DEW,isobar,1.01325,247.32323232323233,0.007440450956809676
DEW,isobar,1.01325,252.88131313131314,0.007958290809631577
DEW,isobar,1.01325,258.43939393939394,0.008503844459324431
DEW,isobar,1.01325,263.9974747474747,
DEW,isobar,1.01325,269.55555555555554,0.009681342969377418
DEW,isobar,1.01325,275.1136363636364,0.010314825938955531
DEW,isobar,1.01325,280.6717171717172,0.010979087875844763
DEW,isobar,1.01325,286.229797979798,0.011674773305442395
DEW,isobar,1.01325,291.78787878787875,0.012402469287001474
DEW,isobar,1.01325,297.3459595959596,0.013162693350924827
DEW,isobar,1.01325,302.9040404040404,0.013955873002387672
DEW,isobar,1.01325,308.4621212121212,0.014782352872378363
DEW,isobar,1.01325,314.020202020202,0.01564236730988784
DEW,isobar,1.01325,319.5782828282828,0.016536037837492717
DEW,isobar,1.01325,325.1363636363636,0.01746335656262033
DEW,isobar,1.01325,330.69444444444446,0.018424183543244304
DEW,isobar,1.01325,336.25252525252523,0.019418218335239032
DEW,isobar,1.01325,341.81060606060606,0.02044497659138903
DEW,isobar,1.01325,347.36868686868684,0.021503817587224517
DEW,isobar,1.01325,352.92676767676767,0.022593880409073844
DEW,isobar,1.01325,358.4848484848485,0.023714091122614783
DEW,isobar,1.01325,364.0429292929293,0.02486315574128648
DEW,isobar,1.01325,369.6010101010101,0.026039502852729178
DEW,isobar,1.01325,375.1590909090909,0.027241294454430253
DEW,isobar,1.01325,380.7171717171717,0.02846644992254606
DEW,isobar,1.01325,386.27525252525254,0.029712534805005113
DEW,isobar,1.01325,391.8333333333333,0.030976817201863044
DEW,isobar,1.01325,397.39141414141415,0.03225620997196158
DEW,isobar,1.01325,402.9494949494949,0.03354731315445697
DEW,isobar,1.01325,408.50757575757575,0.034846328940836654
DEW,isobar,1.01325,414.0656565656566,0.03614911013617321
DEW,isobar,1.01325,419.62373737373736,0.03745109573647875
DEW,isobar,1.01325,425.1818181818182,0.03874740785053079
DEW,isobar,1.01325,430.73989898989896,0.04003278221292821
DEW,isobar,1.01325,436.2979797979798,0.04130160308749069
DEW,isobar,1.01325,441.8560606060606,0.042547915418527864
DEW,isobar,1.01325,447.4141414141414,0.043765482811103956
DEW,isobar,1.01325,452.97222222222223,0.04494790684910027
DEW,isobar,1.01325,458.530303030303,0.04608855545559978
DEW,isobar,1.01325,464.08838383838383,0.04718088425779045
DEW,isobar,1.01325,469.64646464646466,0.04821825386756947
DEW,isobar,1.01325,475.20454545454544,0.04919445061348875
DEW,isobar,1.01325,480.76262626262627,0.050103528533244505
DEW,isobar,1.01325,486.32070707070704,0.05094019635428071
DEW,isobar,1.01325,491.8787878787879,0.0516999856388874
DEW,isobar,1.01325,497.43686868686865,0.05237948220935553
DEW,isobar,1.01325,502.9949494949495,0.05297676160059219
DEW,isobar,1.01325,508.5530303030303,0.05349107708521194
DEW,isobar,1.01325,514.1111111111111,0.053923450384622505
DEW,isobar,1.01325,519.6691919191919,0.05427691815976454
DEW,isobar,1.01325,525.2272727272727,0.054555957365826135
DEW,isobar,1.01325,530.7853535353536,0.05476680898510662
DEW,isobar,1.01325,536.3434343434344,0.05491736654958533
DEW,isobar,1.01325,541.9015151515151,0.05501604842526287
DEW,isobar,1.01325,547.459595959596,0.05507263187226351
DEW,isobar,1.01325,553.0176767676768,0.05509703356607207
DEW,isobar,1.01325,558.5757575757575,0.055098436142781024
DEW,isobar,1.01325,564.1338383838383,0.05508630954566246
DEW,isobar,1.01325,569.6919191919192,0.05506832097333062
DEW,isobar,1.01325,575.25,0.0550519457830264
DEW,isobar,1.25,344.0,0.021859029857801197
DEW,isobar,1.25,345.010101010101,0.022068239732851533
DEW,isobar,1.25,346.020202020202,0.022278776155901094
DEW,isobar,1.25,347.030303030303,0.022490638680363932
DEW,isobar,1.25,348.04040404040404,0.022703833530778355
DEW,isobar,1.25,349.050505050505,0.022918353321045835
DEW,isobar,1.25,350.06060606060606,0.023134197166779082
DEW,isobar,1.25,351.07070707070704,0.023351364033020173
DEW,isobar,1.25,352.0808080808081,0.02356985273234423
DEW,isobar,1.25,353.09090909090907,0.023789669168195058
DEW,isobar,1.25,354.1010101010101,0.024010797440488157
DEW,isobar,1.25,355.1111111111111,0.02423324305058856
DEW,isobar,1.25,356.1212121212121,0.02445701169556615
DEW,isobar,1.25,357.1313131313131,0.024682086461313195
DEW,isobar,1.25,358.14141414141415,0.024908472628620892
DEW,isobar,1.25,359.1515151515151,0.02513617567915332
DEW,isobar,1.25,360.16161616161617,0.02536517765110437
DEW,isobar,1.25,361.17171717171715,0.025595483595552533
DEW,isobar,1.25,362.1818181818182,0.02582709069510876
DEW,isobar,1.25,363.19191919191917,0.026059987787225198
DEW,isobar,1.25,364.2020202020202,0.02629418795076181
DEW,isobar,1.25,365.2121212121212,0.026529671398908293
DEW,isobar,1.25,366.22222222222223,0.026766442777025768
DEW,isobar,1.25,367.2323232323232,0.027004498377575504
DEW,isobar,1.25,368.24242424242425,0.027243825639412342
DEW,isobar,1.25,369.25252525252523,0.02748442895148449
DEW,isobar,1.25,370.26262626262627,0.027726304047702186
DEW,isobar,1.25,371.27272727272725,0.027969437491412907
DEW,isobar,1.25,372.2828282828283,0.028213833406512144
DEW,isobar,1.25,373.2929292929293,0.028459477756896896
DEW,isobar,1.25,374.3030303030303,0.02870637448404727
DEW,isobar,1.25,375.3131313131313,0.0289545183511542
DEW,isobar,1.25,376.32323232323233,0.029203894402230413
DEW,isobar,1.25,377.3333333333333,0.02945449666842141
DEW,isobar,1.25,378.34343434343435,0.029706318972044777
DEW,isobar,1.25,379.35353535353534,0.029959374637463655
DEW,isobar,1.25,380.3636363636364,0.03021362783650408
DEW,isobar,1.25,381.37373737373736,0.03046909158556916
DEW,isobar,1.25,382.3838383838384,0.030725749002171197
DEW,isobar,1.25,383.3939393939394,0.03098360316105758
DEW,isobar,1.25,384.4040404040404,0.03124262607696276
DEW,isobar,1.25,385.4141414141414,0.03150283082180998
DEW,isobar,1.25,386.42424242424244,0.03176420984592173
DEW,isobar,1.25,387.4343434343434,0.03202673378053076
DEW,isobar,1.25,388.44444444444446,0.032290415743143404
DEW,isobar,1.25,389.45454545454544,0.032555225419904174
DEW,isobar,1.25,390.4646464646465,0.03282118713018671
DEW,isobar,1.25,391.47474747474746,0.03308824738104917
DEW,isobar,1.25,392.4848484848485,0.03335644182397944
DEW,isobar,1.25,393.4949494949495,0.03362572703703667
DEW,isobar,1.25,394.5050505050505,0.03389610455208612
DEW,isobar,1.25,395.5151515151515,0.034167576176898286
DEW,isobar,1.25,396.52525252525254,0.03444010816349518
DEW,isobar,1.25,397.5353535353535,0.03471370170150949
DEW,isobar,1.25,398.54545454545456,0.03498835826521293
DEW,isobar,1.25,399.55555555555554,0.035264054922297464
DEW,isobar,1.25,400.5656565656566,0.035540767950399836
DEW,isobar,1.25,401.57575757575756,0.03581849807470218
DEW,isobar,1.25,402.5858585858586,0.03609724631727994
DEW,isobar,1.25,403.5959595959596,0.0363769623855464
DEW,isobar,1.25,404.6060606060606,0.03665768536760178
DEW,isobar,1.25,405.6161616161616,0.03693935084458485
DEW,isobar,1.25,406.62626262626264,0.037221998520965624
DEW,isobar,1.25,407.6363636363636,0.03750556231312493
DEW,isobar,1.25,408.64646464646466,0.037790068928664315
DEW,isobar,1.25,409.65656565656565,0.03807549147303446
DEW,isobar,1.25,410.6666666666667,0.038361802196483025
DEW,isobar,1.25,411.67676767676767,0.03864900062861019
DEW,isobar,1.25,412.6868686868687,0.038937072403584086
DEW,isobar,1.25,413.6969696969697,0.039226002885332914
DEW,isobar,1.25,414.7070707070707,0.03951577716615054
DEW,isobar,1.25,415.7171717171717,0.03980636537628477
DEW,isobar,1.25,416.72727272727275,0.04009776643589538
DEW,isobar,1.25,417.73737373737373,0.04038997961444651
DEW,isobar,1.25,418.74747474747477,0.040682943887935266
DEW,isobar,1.25,419.75757575757575,0.04097670330328103
DEW,isobar,1.25,420.7676767676768,0.04127118031374625
DEW,isobar,1.25,421.77777777777777,0.04156640404262491
DEW,isobar,1.25,422.7878787878788,0.04186234203370289
DEW,isobar,1.25,423.7979797979798,0.04215896089146818
DEW,isobar,1.25,424.80808080808083,0.042456258563198165
DEW,isobar,1.25,425.8181818181818,0.04275421706113499
DEW,isobar,1.25,426.82828282828285,0.043052818111456406
DEW,isobar,1.25,427.83838383838383,0.04335204315328893
DEW,isobar,1.25,428.8484848484849,0.04365187333780402
DEW,isobar,1.25,429.85858585858585,0.04395227252191735
DEW,isobar,1.25,430.8686868686869,0.044253237932672065
DEW,isobar,1.25,431.8787878787879,0.04455476720584131
DEW,isobar,1.25,432.8888888888889,0.044856823326874
DEW,isobar,1.25,433.8989898989899,0.045159385994639874
DEW,isobar,1.25,434.90909090909093,0.04546243461536662
DEW,isobar,1.25,435.9191919191919,0.045765948302022026
DEW,isobar,1.25,436.92929292929296,0.04606990587372331
DEW,isobar,1.25,437.93939393939394,0.04637428585521672
DEW,isobar,1.25,438.949494949495,0.04667906647640146
DEW,isobar,1.25,439.95959595959596,0.04698422567190605
DEW,isobar,1.25,440.969696969697,0.047289741080702864
DEW,isobar,1.25,441.979797979798,0.047595628449184996
DEW,isobar,1.25,442.98989898989896,0.0479017884013322
DEW,isobar,1.25,444.0,0.04820827488381843
DEW,isobar,1.5,426.25,0.04616167066108818
DEW,isobar,1.5,426.4166666666667,0.0462191178859304
DEW,isobar,1.5,426.5833333333333,0.046276589507601794
DEW,isobar,1.5,426.75,0.046334101728854785
DEW,isobar,1.5,426.9166666666667,0.046391638186738166
DEW,isobar,1.5,427.0833333333333,0.04644923150668504
DEW,isobar,1.5,427.25,0.0465068489583601
DEW,isobar,1.5,427.4166666666667,0.04656450685616067
DEW,isobar,1.5,427.5833333333333,0.046622188723608064
DEW,isobar,1.5,427.75,0.04667992741139375
DEW,isobar,1.5,427.9166666666667,0.046737673453912595
DEW,isobar,1.5,428.0833333333333,0.04679547626678484
DEW,isobar,1.5,428.25,0.0468533193446163
DEW,isobar,1.5,428.4166666666667,0.04691118606817584
DEW,isobar,1.5,428.5833333333333,0.046969092948992285
DEW,isobar,1.5,428.75,0.04702703996145409
DEW,isobar,1.5,428.9166666666667,0.04708501040016533
DEW,isobar,1.5,429.0833333333333,0.047143020861683954
DEW,isobar,1.5,429.25,0.04720107131996837
DEW,isobar,1.5,429.4166666666667,0.04725916174885741
DEW,isobar,1.5,429.5833333333333,0.047317275327559645
DEW,isobar,1.5,429.75,0.047375428766614144
DEW,isobar,1.5,429.9166666666667,0.04743362203940833
DEW,isobar,1.5,430.0833333333333,0.04749185511922815
DEW,isobar,1.5,430.25,0.04755011106927587
DEW,isobar,1.5,430.4166666666667,0.047608406714663765
DEW,isobar,1.5,430.5833333333333,0.04766672506029191
DEW,isobar,1.5,430.75,0.04772509998572489
DEW,isobar,1.5,430.9166666666667,0.047783514524635404
DEW,isobar,1.5,431.0833333333333,0.04784195159435487
DEW,isobar,1.5,431.25,0.047900411079811724
DEW,isobar,1.5,431.4166666666667,0.047958909979108635
DEW,isobar,1.5,431.5833333333333,0.0480174654069311
DEW,isobar,1.5,431.75,0.04807602590683682
DEW,isobar,1.5,431.9166666666667,0.04813464287880462
DEW,isobar,1.5,432.0833333333333,0.04819329915167569
DEW,isobar,1.5,432.25,0.048251977436858655
DEW,isobar,1.5,432.4166666666667,0.048310694906958704
DEW,isobar,1.5,432.5833333333333,0.04836945153311154
DEW,isobar,1.5,432.75,0.04842821258937679
DEW,isobar,1.5,432.9166666666667,0.0484870473815481
DEW,isobar,1.5,433.0833333333333,0.04854588642720612
DEW,isobar,1.5,433.25,0.0486047818310625
DEW,isobar,1.5,433.4166666666667,0.048663716185530635
DEW,isobar,1.5,433.5833333333333,0.048722671964344696
DEW,isobar,1.5,433.75,0.048781666574891844
DEW,isobar,1.5,433.9166666666667,0.04884068243101136
DEW,isobar,1.5,434.0833333333333,0.04889973699911948
DEW,isobar,1.5,434.25,0.04895883024887457
DEW,isobar,1.5,434.4166666666667,0.04901796214983322
DEW,isobar,1.5,434.5833333333333,0.04907711499573931
DEW,isobar,1.5,434.75,0.049136306371646184
DEW,isobar,1.5,434.9166666666667,0.04919553624665372
DEW,isobar,1.5,435.0833333333333,0.049254804589732595
DEW,isobar,1.5,435.25,0.04931411136975272
DEW,isobar,1.5,435.4166666666667,0.049373438729462565
DEW,isobar,1.5,435.5833333333333,0.04943280440314438
DEW,isobar,1.5,435.75,0.049492190472790715
DEW,isobar,1.5,435.9166666666667,0.04955163264925336
DEW,isobar,1.5,436.0833333333333,0.049611113044512094
DEW,isobar,1.5,436.25,0.04967059567201519
DEW,isobar,1.5,436.4166666666667,0.04973013434050478
DEW,isobar,1.5,436.5833333333333,0.049789693032602896
DEW,isobar,1.5,436.75,0.04984930776168138
DEW,isobar,1.5,436.9166666666667,0.049908924289372575
DEW,isobar,1.5,437.0833333333333,0.04996859678866331
DEW,isobar,1.5,437.25,0.05002830715810935
DEW,isobar,1.5,437.4166666666667,0.050088037173903144
DEW,isobar,1.5,437.5833333333333,0.05014780493245224
DEW,isobar,1.5,437.75,0.05020759214824752
DEW,isobar,1.5,437.9166666666667,0.050267416978538995
DEW,isobar,1.5,438.0833333333333,0.050327297703352016
DEW,isobar,1.5,438.25,0.05038717934776096
DEW,isobar,1.5,438.4166666666667,0.05044711681899113
DEW,isobar,1.5,438.5833333333333,0.05050707336299797
DEW,isobar,1.5,438.75,0.05056706729005034
DEW,isobar,1.5,438.9166666666667,0.05062709856577052
DEW,isobar,1.5,439.0833333333333,0.050687148656409144
DEW,isobar,1.5,439.25,0.05074725449479237
DEW,isobar,1.5,439.4166666666667,0.0508073790165392
DEW,isobar,1.5,439.5833333333333,0.050867540685941987
DEW,isobar,1.5,439.75,0.05092772084415708
DEW,isobar,1.5,439.9166666666667,0.05098793801729526
DEW,isobar,1.5,440.0833333333333,0.05104821085615383
DEW,isobar,1.5,440.25,0.051108483266447444
DEW,isobar,1.5,440.4166666666667,0.051168811271248435
DEW,isobar,1.5,440.5833333333333,0.051229176148512
DEW,isobar,1.5,440.75,0.051289540238903295
DEW,isobar,1.5,440.9166666666667,0.051349959847150205
DEW,isobar,1.5,441.0833333333333,0.051410416156694456
DEW,isobar,1.5,441.25,0.05147089022491576
DEW,isobar,1.5,441.4166666666667,0.05153140085838542
DEW,isobar,1.5,441.5833333333333,0.05159194802036662
DEW,isobar,1.5,441.75,0.051652531674010335
DEW,isobar,1.5,441.9166666666667,0.05171313274947602
DEW,isobar,1.5,442.0833333333333,0.051773770179046476
DEW,isobar,1.5,442.25,0.051834424828964804
DEW,isobar,1.5,442.4166666666667,0.051895134822791227
DEW,isobar,1.5,442.5833333333333,0.051955881058334485
DEW,isobar,1.5,442.75,0.05201664430587013
DEW,isobar,1.75,411.9,0.04361517655975618
DEW,isobar,1.75,412.14444444444445,0.043702485791008744
DEW,isobar,1.75,412.38888888888886,0.04378989740857643
DEW,isobar,1.75,412.6333333333333,0.04387742524613218
DEW,isobar,1.75,412.87777777777774,0.0439650693144207
DEW,isobar,1.75,413.1222222222222,0.0440528156388075
DEW,isobar,1.75,413.3666666666667,0.04414067814117087
DEW,isobar,1.75,413.6111111111111,0.044228642772697675
DEW,isobar,1.75,413.85555555555555,0.04431672352709694
DEW,isobar,1.75,414.09999999999997,0.04440492041268911
DEW,isobar,1.75,414.34444444444443,0.044493219268920844
DEW,isobar,1.75,414.58888888888885,0.04458163419795644
DEW,isobar,1.75,414.8333333333333,0.044670150964274666
DEW,isobar,1.75,415.0777777777778,0.044758783742631356
DEW,isobar,1.75,415.3222222222222,0.04484753253888959
DEW,isobar,1.75,415.56666666666666,0.04493638300461658
DEW,isobar,1.75,415.8111111111111,0.045025349424162725
DEW,isobar,1.75,416.05555555555554,0.045114417373322294
DEW,isobar,1.75,416.3,0.045203601209818284
DEW,isobar,1.75,416.5444444444444,0.04529290093704405
DEW,isobar,1.75,416.7888888888889,0.045382302016676104
DEW,isobar,1.75,417.0333333333333,0.04547181891719514
DEW,isobar,1.75,417.27777777777777,0.04556143702370786
DEW,isobar,1.75,417.5222222222222,0.04565117087884936
DEW,isobar,1.75,417.76666666666665,0.045741005790833934
DEW,isobar,1.75,418.0111111111111,0.04583095637676445
DEW,isobar,1.75,418.25555555555553,0.045921022636468065
DEW,isobar,1.75,418.5,0.04601120456938251
DEW,isobar,1.75,418.7444444444444,0.04610147248391641
DEW,isobar,1.75,418.9888888888889,0.04619187079953942
DEW,isobar,1.75,419.23333333333335,0.04628236978506039
DEW,isobar,1.75,419.47777777777776,0.046372984283097204
DEW,isobar,1.75,419.72222222222223,0.046463699291315566
DEW,isobar,1.75,419.96666666666664,0.04655452972805298
DEW,isobar,1.75,420.2111111111111,0.046645475589114443
DEW,isobar,1.75,420.4555555555555,0.046736521754403924
DEW,isobar,1.75,420.7,0.04682768325655302
DEW,isobar,1.75,420.94444444444446,0.04691894489646513
DEW,isobar,1.75,421.18888888888887,0.04701032178328122
DEW,isobar,1.75,421.43333333333334,0.04710179863856727
DEW,isobar,1.75,421.67777777777775,0.04719340595920643
DEW,isobar,1.75,421.9222222222222,0.04728509780462701
DEW,isobar,1.75,422.1666666666667,0.047376920099259166
DEW,isobar,1.75,422.4111111111111,0.0474688420943542
DEW,isobar,1.75,422.65555555555557,0.047560863662077534
DEW,isobar,1.75,422.9,0.0476530156903598
DEW,isobar,1.75,423.14444444444445,0.0477452516436619
DEW,isobar,1.75,423.3888888888889,0.047837618036140755
DEW,isobar,1.75,423.6333333333333,0.04793008372028599
DEW,isobar,1.75,423.8777777777778,0.04802264856440345
DEW,isobar,1.75,424.1222222222222,0.04811534385154395
DEW,isobar,1.75,424.3666666666667,0.04820813819301571
DEW,isobar,1.75,424.6111111111111,0.04830103145484275
DEW,isobar,1.75,424.85555555555555,0.0483940393306228
DEW,isobar,1.75,425.1,0.04848716180567195
DEW,isobar,1.75,425.34444444444443,0.04858038295547284
DEW,isobar,1.75,425.5888888888889,0.04867371859276443
DEW,isobar,1.75,425.8333333333333,0.04876716870129967
DEW,isobar,1.75,426.0777777777778,0.04886071723306765
DEW,isobar,1.75,426.32222222222225,0.048954380120683
DEW,isobar,1.75,426.56666666666666,0.049048141233270226
DEW,isobar,1.75,426.81111111111113,0.049142016583699655
DEW,isobar,1.75,427.05555555555554,0.04923600615301057
DEW,isobar,1.75,427.3,0.04933009368558567
DEW,isobar,1.75,427.5444444444445,0.0494242953153906
DEW,isobar,1.75,427.7888888888889,0.04951859470309966
DEW,isobar,1.75,428.03333333333336,0.04961300806374208
DEW,isobar,1.75,428.27777777777777,0.04970753537564072
DEW,isobar,1.75,428.52222222222224,0.04980217661668092
DEW,isobar,1.75,428.76666666666665,0.04989689879452535
DEW,isobar,1.75,429.0111111111111,0.04999175121562297
DEW,isobar,1.75,429.2555555555556,0.05008670084455071
DEW,isobar,1.75,429.5,0.05018176414179157
DEW,isobar,1.75,429.74444444444447,0.05027692443011649
DEW,isobar,1.75,429.9888888888889,0.050372214946817366
DEW,isobar,1.75,430.23333333333335,0.05046758558257964
DEW,isobar,1.75,430.47777777777776,0.05056306961536441
DEW,isobar,1.75,430.72222222222223,0.050658667017954795
DEW,isobar,1.75,430.9666666666667,0.05075437776268367
DEW,isobar,1.75,431.2111111111111,0.05085018491535806
DEW,isobar,1.75,431.4555555555556,0.050946105268313974
DEW,isobar,1.75,431.7,0.05104213879224635
DEW,isobar,1.75,431.94444444444446,0.05113826842329641
DEW,isobar,1.75,432.1888888888889,0.05123449400271993
DEW,isobar,1.75,432.43333333333334,0.051330849610563646
DEW,isobar,1.75,432.6777777777778,0.05142730101839254
DEW,isobar,1.75,432.9222222222222,0.05152384806505075
DEW,isobar,1.75,433.1666666666667,0.05162052508680505
DEW,isobar,1.75,433.41111111111115,0.05171729759517939
DEW,isobar,1.75,433.65555555555557,0.051814165426585714
DEW,isobar,1.75,433.90000000000003,0.05191114579574069
DEW,isobar,1.75,434.14444444444445,0.05200823866766488
DEW,isobar,1.75,434.3888888888889,0.052105426540440786
DEW,isobar,1.75,434.6333333333333,0.052202726757233316
DEW,isobar,1.75,434.8777777777778,0.05230013928138868
DEW,isobar,1.75,435.12222222222226,0.05239764647791759
DEW,isobar,1.75,435.3666666666667,0.05249526581918585
DEW,isobar,1.75,435.61111111111114,0.05259299726686684
DEW,isobar,1.75,435.85555555555555,0.052690823052095236
DEW,isobar,1.75,436.1,0.05278876077721667
DEW,isobar,2.0,175.0,0.003070123233555543
DEW,isobar,2.0,180.55555555555554,0.0033300428339583356
DEW,isobar,2.0,186.11111111111111,0.003608448900288648
DEW,isobar,2.0,191.66666666666666,0.003906355586657623
DEW,isobar,2.0,197.22222222222223,0.004224812745020904
DEW,isobar,2.0,202.77777777777777,0.004564904418018088
DEW,isobar,2.0,208.33333333333331,0.004927746840017933
DEW,isobar,2.0,213.88888888888889,0.005314491719263529
DEW,isobar,2.0,219.44444444444446,0.005726321505985783
DEW,isobar,2.0,225.0,0.006164450685594065
DEW,isobar,2.0,230.55555555555554,0.006630123622030125
DEW,isobar,2.0,236.11111111111111,0.007124614513524873
DEW,isobar,2.0,241.66666666666666,0.007649225484455013
DEW,isobar,2.0,247.22222222222223,0.008205282432423298
DEW,isobar,2.0,252.77777777777777,0.008794137802506775
DEW,isobar,2.0,258.3333333333333,0.009417164600318887
DEW,isobar,2.0,263.8888888888889,0.010075756715815745
DEW,isobar,2.0,269.44444444444446,
DEW,isobar,2.0,275.0,
DEW,isobar,2.0,280.55555555555554,0.012279103981078112
DEW,isobar,2.0,286.1111111111111,0.013094199039816797
DEW,isobar,2.0,291.66666666666663,0.013952033038571248
DEW,isobar,2.0,297.22222222222223,0.014854056655460624
DEW,isobar,2.0,302.77777777777777,0.015801727237661527
DEW,isobar,2.0,308.3333333333333,0.01679648816000003
DEW,isobar,2.0,313.8888888888889,0.017839778464022578
DEW,isobar,2.0,319.44444444444446,0.018933023775423604
DEW,isobar,2.0,325.0,0.02007762688716305
DEW,isobar,2.0,330.55555555555554,0.0212749773142276
DEW,isobar,2.0,336.1111111111111,0.022526424373720263
DEW,isobar,2.0,341.66666666666663,0.023833291816813658
DEW,isobar,2.0,347.22222222222223,0.025196872247184875
DEW,isobar,2.0,352.77777777777777,0.02661840307587147
DEW,isobar,2.0,358.3333333333333,0.028099086403222395
DEW,isobar,2.0,363.8888888888889,0.02964006427600449
DEW,isobar,2.0,369.44444444444446,0.03124241908030239
DEW,isobar,2.0,375.0,0.03290717678950678
DEW,isobar,2.0,380.55555555555554,0.03463528468366972
DEW,isobar,2.0,386.1111111111111,0.03642763343089445
DEW,isobar,2.0,391.66666666666663,0.03828502478669858
DEW,isobar,2.0,397.22222222222223,0.040208162738361065
DEW,isobar,2.0,402.77777777777777,0.04219768128658759
DEW,isobar,2.0,408.3333333333333,0.04425413292705981
DEW,isobar,2.0,413.8888888888889,0.04637793160107104
DEW,isobar,2.0,419.44444444444446,0.048569438865697846
DEW,isobar,2.0,425.0,0.050828865965582254
DEW,isobar,2.0,430.55555555555554,0.05315633894541904
DEW,isobar,2.0,436.1111111111111,0.05555188567014795
DEW,isobar,2.0,441.66666666666663,0.05801538100119587
DEW,isobar,2.0,447.22222222222223,0.06054663124238176
DEW,isobar,2.0,452.77777777777777,0.06314528283818038
DEW,isobar,2.0,458.3333333333333,0.06581089638553861
DEW,isobar,2.0,463.88888888888886,0.06854290954250106
DEW,isobar,2.0,469.44444444444446,0.07134061106974998
DEW,isobar,2.0,475.0,0.07420323634254884
DEW,isobar,2.0,480.55555555555554,0.07712985098956589
DEW,isobar,2.0,486.1111111111111,0.08011942333431031
DEW,isobar,2.0,491.66666666666663,0.08317086233015092
DEW,isobar,2.0,497.22222222222223,0.08628290782856697
DEW,isobar,2.0,502.77777777777777,0.08945425073229528
DEW,isobar,2.0,508.3333333333333,0.09268348233056861
DEW,isobar,2.0,513.8888888888889,0.09596913530033528
DEW,isobar,2.0,519.4444444444445,0.09930958204360102
DEW,isobar,2.0,525.0,0.10270326441974902
DEW,isobar,2.0,530.5555555555555,0.10614848387926143
DEW,isobar,2.0,536.1111111111111,0.10964347866967428
DEW,isobar,2.0,541.6666666666666,0.11318657084938459
DEW,isobar,2.0,547.2222222222222,0.11677591549840761
DEW,isobar,2.0,552.7777777777778,0.12040978301085054
DEW,isobar,2.0,558.3333333333333,0.12408633751633825
DEW,isobar,2.0,563.8888888888889,0.12780379144294732
DEW,isobar,2.0,569.4444444444445,0.13156048635730028
DEW,isobar,2.0,575.0,0.13535462853910465
DEW,isobar,2.0,580.5555555555555,0.13918457860091168
DEW,isobar,2.0,586.1111111111111,0.14304888982949981
DEW,isobar,2.0,591.6666666666666,0.14694580355631384
DEW,isobar,2.0,597.2222222222222,0.15087396169463455
DEW,isobar,2.0,602.7777777777778,0.1548320463960817
DEW,isobar,2.0,608.3333333333333,0.15881878041245
DEW,isobar,2.0,613.8888888888889,0.16283300617892638
DEW,isobar,2.0,619.4444444444445,0.1668735338970238
DEW,isobar,2.0,625.0,0.17093972532131294
DEW,isobar,2.0,630.5555555555555,0.17503051656756063
DEW,isobar,2.0,636.1111111111111,0.17914515075993162
DEW,isobar,2.0,641.6666666666666,0.18328322228952387
DEW,isobar,2.0,647.2222222222222,0.18744432625095056
DEW,isobar,2.0,652.7777777777778,0.19162783125301733
DEW,isobar,2.0,658.3333333333333,0.19583367025531004
DEW,isobar,2.0,663.8888888888889,0.20006154261110076
DEW,isobar,2.0,669.4444444444443,0.20431176091772074
DEW,isobar,2.0,675.0,0.20858416048280004
DEW,isobar,2.0,680.5555555555555,0.2128789657808443
DEW,isobar,2.0,686.1111111111111,0.2171963355961411
DEW,isobar,2.0,691.6666666666666,0.2215365900642936
DEW,isobar,2.0,697.2222222222222,0.22590048479592742
DEW,isobar,2.0,702.7777777777777,0.23028788263169897
DEW,isobar,2.0,708.3333333333333,0.23469986348370397
DEW,isobar,2.0,713.8888888888889,0.23913685199802248
DEW,isobar,2.0,719.4444444444445,0.24359939826500054
DEW,isobar,2.0,725.0,0.24808818210511863
DEW,isobar,4.35,592.5,0.2379533940512309
DEW,isobar,4.35,594.1666666666666,0.2405018925003386
DEW,isobar,4.35,595.8333333333334,0.24306905256109457
DEW,isobar,4.35,597.5,0.2456550262080591
DEW,isobar,4.35,599.1666666666666,0.24825976034551095
DEW,isobar,4.35,600.8333333333334,0.25088337339130407
DEW,isobar,4.35,602.5,0.2535259151597068
DEW,isobar,4.35,604.1666666666666,0.25618743509613884
DEW,isobar,4.35,605.8333333333334,0.25886798228362434
DEW,isobar,4.35,607.5,0.26156760544939384
DEW,isobar,4.35,609.1666666666666,0.2642863529716507
DEW,isobar,4.35,610.8333333333334,0.26702427288673986
DEW,isobar,4.35,612.5,0.2697814516808656
DEW,isobar,4.35,614.1666666666666,0.2725578989324624
DEW,isobar,4.35,615.8333333333334,0.27535370149004385
DEW,isobar,4.35,617.5,0.27816890762630514
DEW,isobar,4.35,619.1666666666666,0.2810035245510895
DEW,isobar,4.35,620.8333333333334,0.2838577223767026
DEW,isobar,4.35,622.5,0.28673138438851414
DEW,isobar,4.35,624.1666666666666,0.2896246817454081
DEW,isobar,4.35,625.8333333333334,0.29253762014835166
DEW,isobar,4.35,627.5,0.29547028979747497
DEW,isobar,4.35,629.1666666666666,0.2984227388855943
DEW,isobar,4.35,630.8333333333334,0.3013949709289761
DEW,isobar,4.35,632.5,0.3043870771912193
DEW,isobar,4.35,634.1666666666666,0.30739910537012194
DEW,isobar,4.35,635.8333333333334,0.3104311030268586
DEW,isobar,4.35,637.5,0.3134831175979185
DEW,isobar,4.35,639.1666666666666,0.31655519640717583
DEW,isobar,4.35,640.8333333333334,0.31964743458349504
DEW,isobar,4.35,642.5,0.32275983253131163
DEW,isobar,4.35,644.1666666666666,0.3258924373297801
DEW,isobar,4.35,645.8333333333334,0.32904534567958005
DEW,isobar,4.35,647.5,0.33221860636399464
DEW,isobar,4.35,649.1666666666666,0.33541226816817576
DEW,isobar,4.35,650.8333333333334,0.3386263798934508
DEW,isobar,4.35,652.5,0.3418609382343213
DEW,isobar,4.35,654.1666666666666,0.3451160957145726
DEW,isobar,4.35,655.8333333333334,0.3483919031597901
DEW,isobar,4.35,657.5,0.3516883034218127
DEW,isobar,4.35,659.1666666666666,0.3550054530648455
DEW,isobar,4.35,660.8333333333334,0.3583434032655485
DEW,isobar,4.35,662.5,0.3617020933475854
DEW,isobar,4.35,664.1666666666666,0.36508179752394243
DEW,isobar,4.35,665.8333333333334,0.3684823421162593
DEW,isobar,4.35,667.5,0.37190394905760676
DEW,isobar,4.35,669.1666666666666,0.37534661381043244
DEW,isobar,4.35,670.8333333333334,0.3788103293474754
DEW,isobar,4.35,672.5,0.3822953265608849
DEW,isobar,4.35,674.1666666666666,0.3858014801473042
DEW,isobar,4.35,675.8333333333334,0.3893289027592557
DEW,isobar,4.35,677.5,0.3928777724813533
DEW,isobar,4.35,679.1666666666666,0.3964480216099337
DEW,isobar,4.35,680.8333333333334,0.40003970444802806
DEW,isobar,4.35,682.5,0.4036530046254653
DEW,isobar,4.35,684.1666666666666,0.4072877860560306
DEW,isobar,4.35,685.8333333333334,0.4109442999605116
DEW,isobar,4.35,687.5,0.414622540146646
DEW,isobar,4.35,689.1666666666666,0.4183225654000791
DEW,isobar,4.35,690.8333333333334,0.4220444350312426
DEW,isobar,4.35,692.5,0.4257882088965115
DEW,isobar,4.35,694.1666666666666,0.429554017318698
DEW,isobar,4.35,695.8333333333334,0.4333419237292577
DEW,isobar,4.35,697.5,0.43715184917834987
DEW,isobar,4.35,699.1666666666666,0.4409839981876799
DEW,isobar,4.35,700.8333333333334,0.44483843618437025
DEW,isobar,4.35,702.5,0.4487152293226384
DEW,isobar,4.35,704.1666666666666,0.45261444450702787
DEW,isobar,4.35,705.8333333333334,0.4565359979818109
DEW,isobar,4.35,707.5,0.4604802593616793
DEW,isobar,4.35,709.1666666666666,0.464447070766454
DEW,isobar,4.35,710.8333333333334,0.46843657802976335
DEW,isobar,4.35,712.5,0.47244893136747085
DEW,isobar,4.35,714.1666666666666,0.47648412523031713
DEW,isobar,4.35,715.8333333333334,0.48054223244365785
DEW,isobar,4.35,717.5,0.4846233267762783
DEW,isobar,4.35,719.1666666666666,0.48872764874185176
DEW,isobar,4.35,720.8333333333334,0.49285494439397615
DEW,isobar,4.35,722.5,0.4970056239493412
DEW,isobar,4.35,724.1666666666667,0.5011797709456927
DEW,isobar,4.35,725.8333333333334,0.5053772100127366
DEW,isobar,4.35,727.5,0.5095981936483438
DEW,isobar,4.35,729.1666666666667,0.5138428059850005
DEW,isobar,4.35,730.8333333333334,0.5181111323649062
DEW,isobar,4.35,732.5,0.5224032593673591
DEW,isobar,4.35,734.1666666666667,0.5267192748362175
DEW,isobar,4.35,735.8333333333334,0.5310592679076444
DEW,isobar,4.35,737.5,0.5354233290378206
DEW,isobar,4.35,739.1666666666667,0.539811644838301
DEW,isobar,4.35,740.8333333333334,0.5442241199373299
DEW,isobar,4.35,742.5,0.5486610396185317
DEW,isobar,4.35,744.1666666666667,0.5531225031534137
DEW,isobar,4.35,745.8333333333334,0.5576085122217578
DEW,isobar,4.35,747.5,0.562119266093694
DEW,isobar,4.35,749.1666666666667,0.5666547673388359
DEW,isobar,4.35,750.8333333333334,0.5712151181032157
DEW,isobar,4.35,752.5,0.575800525736218
DEW,isobar,4.35,754.1666666666667,0.5804110990389423
DEW,isobar,4.35,755.8333333333334,0.5850469485254203
DEW,isobar,4.35,757.5,0.5897080793252765
DEW,isobar,5.0,485.0,0.11653010111615839
DEW,isobar,5.0,488.3333333333333,0.11969450604567972
DEW,isobar,5.0,491.6666666666667,0.12292322327919386
DEW,isobar,5.0,495.0,0.12621698780972537
DEW,isobar,5.0,498.3333333333333,0.12957654644057454
DEW,isobar,5.0,501.6666666666667,0.13300261408030795
DEW,isobar,5.0,505.0,0.1364959162392339
DEW,isobar,5.0,508.3333333333333,0.1400571750181957
DEW,isobar,5.0,511.6666666666667,0.14368712571366354
DEW,isobar,5.0,515.0,0.14738646770118896
DEW,isobar,5.0,518.3333333333334,0.151155912466808
DEW,isobar,5.0,521.6666666666666,0.15499614962590275
DEW,isobar,5.0,525.0,0.15890791926905593
DEW,isobar,5.0,528.3333333333334,0.16289190419978786
DEW,isobar,5.0,531.6666666666666,0.16694880126051084
DEW,isobar,5.0,535.0,0.17107928319872986
DEW,isobar,5.0,538.3333333333334,0.1752840589135389
DEW,isobar,5.0,541.6666666666666,0.1795638144628765
DEW,isobar,5.0,545.0,0.1839192101863808
DEW,isobar,5.0,548.3333333333334,0.18835092346609422
DEW,isobar,5.0,551.6666666666666,0.1928596519514123
DEW,isobar,5.0,555.0,0.19744604434257837
DEW,isobar,5.0,558.3333333333334,0.20211076863716912
DEW,isobar,5.0,561.6666666666666,0.20685449004116058
DEW,isobar,5.0,565.0,0.2116778448735816
DEW,isobar,5.0,568.3333333333334,0.21658151828403782
DEW,isobar,5.0,571.6666666666666,0.22156616844269428
DEW,isobar,5.0,575.0,0.22663239466464172
DEW,isobar,5.0,578.3333333333334,0.23178090584476166
DEW,isobar,5.0,581.6666666666666,0.23701229547869307
DEW,isobar,5.0,585.0,0.24232727349324018
DEW,isobar,5.0,588.3333333333334,0.24772639717745507
DEW,isobar,5.0,591.6666666666666,0.25321037669851915
DEW,isobar,5.0,595.0,0.25877982901197716
DEW,isobar,5.0,598.3333333333334,0.2644354028164332
DEW,isobar,5.0,601.6666666666666,0.27017774816437246
DEW,isobar,5.0,605.0,0.27600744471337313
DEW,isobar,5.0,608.3333333333334,0.28192521547748345
DEW,isobar,5.0,611.6666666666666,0.2879316418285126
DEW,isobar,5.0,615.0,0.2940274181877986
DEW,isobar,5.0,618.3333333333334,0.3002132071889381
DEW,isobar,5.0,621.6666666666667,0.30648959444995655
DEW,isobar,5.0,625.0,0.31285728941440355
DEW,isobar,5.0,628.3333333333334,0.3193169258752465
DEW,isobar,5.0,631.6666666666667,0.32586922918345673
DEW,isobar,5.0,635.0,0.3325148011841276
DEW,isobar,5.0,638.3333333333334,0.3392543368678471
DEW,isobar,5.0,641.6666666666667,0.3460885411321352
DEW,isobar,5.0,645.0,0.3530181297897576
DEW,isobar,5.0,648.3333333333334,0.3600438306216172
DEW,isobar,5.0,651.6666666666667,0.3671662819072542
DEW,isobar,5.0,655.0,0.3743862836947588
DEW,isobar,5.0,658.3333333333334,0.3817045486028607
DEW,isobar,5.0,661.6666666666667,0.3891218556176501
DEW,isobar,5.0,665.0,0.3966390013191826
DEW,isobar,5.0,668.3333333333334,0.4042566855124687
DEW,isobar,5.0,671.6666666666667,0.4119757356159146
DEW,isobar,5.0,675.0,0.4197970610946205
DEW,isobar,5.0,678.3333333333334,0.4277214758280867
DEW,isobar,5.0,681.6666666666667,0.435749748679848
DEW,isobar,5.0,685.0,0.4438828577132113
DEW,isobar,5.0,688.3333333333334,0.45212174770281444
DEW,isobar,5.0,691.6666666666667,0.460467255937784
DEW,isobar,5.0,695.0,0.4689203773432939
DEW,isobar,5.0,698.3333333333334,0.47748221058108387
DEW,isobar,5.0,701.6666666666667,0.48615360213262127
DEW,isobar,5.0,705.0,0.494935713776174
DEW,isobar,5.0,708.3333333333334,0.5038295983225787
DEW,isobar,5.0,711.6666666666667,0.5128364195925564
DEW,isobar,5.0,715.0,0.5219573025458754
DEW,isobar,5.0,718.3333333333334,0.5311934082624515
DEW,isobar,5.0,721.6666666666667,0.5405460199380772
DEW,isobar,5.0,725.0,0.5500164683993567
DEW,isobar,5.0,728.3333333333334,0.5596059580075392
DEW,isobar,5.0,731.6666666666667,0.5693159094928272
DEW,isobar,5.0,735.0,0.5791477978337153
DEW,isobar,5.0,738.3333333333334,0.5891030602163712
DEW,isobar,5.0,741.6666666666667,0.5991831843233371
DEW,isobar,5.0,745.0,0.6093897104811009
DEW,isobar,5.0,748.3333333333334,0.6197244366027275
DEW,isobar,5.0,751.6666666666667,0.6301888217171203
DEW,isobar,5.0,755.0,0.6407848963864533
DEW,isobar,5.0,758.3333333333334,0.6515142394326292
DEW,isobar,5.0,761.6666666666667,0.6623789203632938
DEW,isobar,5.0,765.0,0.6733807514021967
DEW,isobar,5.0,768.3333333333334,0.6845217263026528
DEW,isobar,5.0,771.6666666666667,0.6958042657193572
DEW,isobar,5.0,775.0,0.7072301672841311
DEW,isobar,5.0,778.3333333333334,0.7188018983227004
DEW,isobar,5.0,781.6666666666667,0.7305217745029264
DEW,isobar,5.0,785.0,0.742392064713536
DEW,isobar,5.0,788.3333333333334,0.7544156496901705
DEW,isobar,5.0,791.6666666666667,0.7665947135720074
DEW,isobar,5.0,795.0,0.7789323400488953
DEW,isobar,5.0,798.3333333333334,0.7914310283273113
DEW,isobar,5.0,801.6666666666667,0.8040939413052943
DEW,isobar,5.0,805.0,0.8169239194065717
DEW,isobar,5.0,808.3333333333334,0.8299242056986326
DEW,isobar,5.0,811.6666666666667,0.8430978508049918
DEW,isobar,5.0,815.0,0.8564483295254408
DEW,isobar,6.5,750.0,0.7351619731564468
DEW,isobar,6.5,751.010101010101,0.7391650525835216
DEW,isobar,6.5,752.020202020202,0.7431867734346954
DEW,isobar,6.5,753.030303030303,0.7472272606189553
DEW,isobar,6.5,754.040404040404,0.7512866374246515
DEW,isobar,6.5,755.0505050505051,0.7553650287504134
DEW,isobar,6.5,756.060606060606,0.7594626693101308
DEW,isobar,6.5,757.070707070707,0.763579471755328
DEW,isobar,6.5,758.0808080808081,0.7677157831622334
DEW,isobar,6.5,759.0909090909091,0.7718716269267926
DEW,isobar,6.5,760.10101010101,0.77604713634846
DEW,isobar,6.5,761.1111111111111,0.7802425589049393
DEW,isobar,6.5,762.1212121212121,0.7844578074062877
DEW,isobar,6.5,763.1313131313132,0.7886932462100381
DEW,isobar,6.5,764.1414141414141,0.7929489033121331
DEW,isobar,6.5,765.1515151515151,0.7972249209795276
DEW,isobar,6.5,766.1616161616162,0.8015214433380925
DEW,isobar,6.5,767.1717171717172,0.8058387342028628
DEW,isobar,6.5,768.1818181818181,0.8101768255329508
DEW,isobar,6.5,769.1919191919192,0.8145358672018296
DEW,isobar,6.5,770.2020202020202,0.8189160110390236
DEW,isobar,6.5,771.2121212121212,0.8233175324154599
DEW,isobar,6.5,772.2222222222222,0.8277404675101189
DEW,isobar,6.5,773.2323232323232,0.8321849741994631
DEW,isobar,6.5,774.2424242424242,0.8366512124171599
DEW,isobar,6.5,775.2525252525253,0.8411394696418598
DEW,isobar,6.5,776.2626262626262,0.8456497865369993
DEW,isobar,6.5,777.2727272727273,0.8501823293941395
DEW,isobar,6.5,778.2828282828283,0.8547372666673654
DEW,isobar,6.5,779.2929292929293,0.8593148985184673
DEW,isobar,6.5,780.3030303030303,0.8639152703681152
DEW,isobar,6.5,781.3131313131313,0.8685385573510346
DEW,isobar,6.5,782.3232323232323,0.8731850695421517
DEW,isobar,6.5,783.3333333333334,0.8778547223820363
DEW,isobar,6.5,784.3434343434343,0.8825480991553506
DEW,isobar,6.5,785.3535353535353,0.8872649830665102
DEW,isobar,6.5,786.3636363636364,0.8920058316812188
DEW,isobar,6.5,787.3737373737374,0.8967706994335025
DEW,isobar,6.5,788.3838383838383,0.9015597780224802
DEW,isobar,6.5,789.3939393939394,0.9063734020191684
DEW,isobar,6.5,790.4040404040404,0.9112116299997219
DEW,isobar,6.5,791.4141414141415,0.9160748039181082
DEW,isobar,6.5,792.4242424242424,0.920962841333008
DEW,isobar,6.5,793.4343434343434,0.92587623326522
DEW,isobar,6.5,794.4444444444445,0.9308151903361046
DEW,isobar,6.5,795.4545454545455,0.9357796309351913
DEW,isobar,6.5,796.4646464646464,0.9407702099509988
DEW,isobar,6.5,797.4747474747475,0.9457867001034949
DEW,isobar,6.5,798.4848484848485,0.9508296179825015
DEW,isobar,6.5,799.4949494949495,0.9558990356219896
DEW,isobar,6.5,800.5050505050505,0.9609951765787009
DEW,isobar,6.5,801.5151515151515,0.9661184222819006
DEW,isobar,6.5,802.5252525252525,0.9712688496064701
DEW,isobar,6.5,803.5353535353536,0.976446848445361
DEW,isobar,6.5,804.5454545454545,0.9816524990161248
DEW,isobar,6.5,805.5555555555555,0.9868860395443954
DEW,isobar,6.5,806.5656565656566,0.9921478729620445
DEW,isobar,6.5,807.5757575757576,0.9974380846341311
DEW,isobar,6.5,808.5858585858585,1.0027570864482727
DEW,isobar,6.5,809.5959595959596,1.0081049673208964
DEW,isobar,6.5,810.6060606060606,1.013481981015948
DEW,isobar,6.5,811.6161616161617,1.0188885532158438
DEW,isobar,6.5,812.6262626262626,1.0243247783001763
DEW,isobar,6.5,813.6363636363636,1.0297909197800854
DEW,isobar,6.5,814.6464646464647,1.0352874176046587
DEW,isobar,6.5,815.6565656565657,1.0408145464435625
DEW,isobar,6.5,816.6666666666666,1.0463722321416922
DEW,isobar,6.5,817.6767676767677,1.051961102533009
DEW,isobar,6.5,818.6868686868687,1.0575814427494534
DEW,isobar,6.5,819.6969696969697,1.0632333607088376
DEW,isobar,6.5,820.7070707070707,1.0689171440186467
DEW,isobar,6.5,821.7171717171717,1.074633267873278
DEW,isobar,6.5,822.7272727272727,1.0803818463097679
DEW,isobar,6.5,823.7373737373738,1.0861633651162739
DEW,isobar,6.5,824.7474747474747,1.0919779425403466
DEW,isobar,6.5,825.7575757575758,1.0978260752022744
DEW,isobar,6.5,826.7676767676768,1.1037076933266068
DEW,isobar,6.5,827.7777777777778,1.1096236875401964
DEW,isobar,6.5,828.7878787878788,1.1155739941632346
DEW,isobar,6.5,829.7979797979798,1.1215589346689827
DEW,isobar,6.5,830.8080808080808,1.127579033804039
DEW,isobar,6.5,831.8181818181819,1.133634425250487
DEW,isobar,6.5,832.8282828282828,1.1397256454607503
DEW,isobar,6.5,833.8383838383838,1.1458528327460307
DEW,isobar,6.5,834.8484848484849,1.1520163288652587
DEW,isobar,6.5,835.8585858585859,1.1582166882885894
DEW,isobar,6.5,836.8686868686868,1.16445426687414
DEW,isobar,6.5,837.8787878787879,1.1707292124782216
DEW,isobar,6.5,838.8888888888889,1.177041883917674
DEW,isobar,6.5,839.89898989899,1.1833928606754787
DEW,isobar,6.5,840.9090909090909,1.1897822979855481
DEW,isobar,6.5,841.9191919191919,1.1962107882559148
DEW,isobar,6.5,842.929292929293,1.2026784917828346
DEW,isobar,6.5,843.939393939394,1.2091860141860795
DEW,isobar,6.5,844.9494949494949,1.215733520923003
DEW,isobar,6.5,845.959595959596,1.2223216311178111
DEW,isobar,6.5,846.969696969697,1.228950515487634
DEW,isobar,6.5,847.9797979797979,1.2356205739461148
DEW,isobar,6.5,848.989898989899,1.2423324463971026
DEW,isobar,6.5,850.0,1.2490865490364795
DEW,isobar,7.0,650.0,0.4316753456870974
DEW,isobar,7.0,651.010101010101,0.434363426806417
DEW,isobar,7.0,652.020202020202,0.43706405131624965
DEW,isobar,7.0,653.030303030303,0.4397771651310941
DEW,isobar,7.0,654.040404040404,0.44250291422155696
DEW,isobar,7.0,655.0505050505051,0.4452412946344438
DEW,isobar,7.0,656.060606060606,0.4479923528119359
DEW,isobar,7.0,657.070707070707,0.4507561356153547
DEW,isobar,7.0,658.0808080808081,0.45353269033333415
DEW,isobar,7.0,659.0909090909091,0.4563220910266053
DEW,isobar,7.0,660.10101010101,0.4591243599222197
DEW,isobar,7.0,661.1111111111111,0.46193957237831723
DEW,isobar,7.0,662.1212121212121,0.4647677242172052
DEW,isobar,7.0,663.1313131313132,0.4676089186647011
DEW,isobar,7.0,664.1414141414141,0.47046320636696914
DEW,isobar,7.0,665.1515151515151,0.4733305833840975
DEW,isobar,7.0,666.1616161616162,0.47621118337371043
DEW,isobar,7.0,667.1717171717172,0.4791050032054926
DEW,isobar,7.0,668.1818181818181,0.4820120949406231
DEW,isobar,7.0,669.1919191919192,0.4849325111669852
DEW,isobar,7.0,670.2020202020202,0.4878663621806287
DEW,isobar,7.0,671.2121212121212,0.49081358773559736
DEW,isobar,7.0,672.2222222222222,0.4937743858491818
DEW,isobar,7.0,673.2323232323232,0.4967487255717642
DEW,isobar,7.0,674.2424242424242,0.4997366328401561
DEW,isobar,7.0,675.2525252525253,0.5027382519721881
DEW,isobar,7.0,676.2626262626262,0.5057536408610557
DEW,isobar,7.0,677.2727272727273,0.5087827375818561
DEW,isobar,7.0,678.2828282828283,0.5118257199478757
DEW,isobar,7.0,679.2929292929293,0.5148825866280782
DEW,isobar,7.0,680.3030303030303,0.517953458291114
DEW,isobar,7.0,681.3131313131313,0.5210383030000666
DEW,isobar,7.0,682.3232323232323,0.5241372742309389
DEW,isobar,7.0,683.3333333333334,0.5272503400245336
DEW,isobar,7.0,684.3434343434343,0.5303776566199839
DEW,isobar,7.0,685.3535353535353,0.5335192240163353
DEW,isobar,7.0,686.3636363636364,0.5366751698076658
DEW,isobar,7.0,687.3737373737374,0.5398454945095363
DEW,isobar,7.0,688.3838383838383,0.5430303281539458
DEW,isobar,7.0,689.3939393939394,0.5462296059793625
DEW,isobar,7.0,690.4040404040404,0.5494435916920047
DEW,isobar,7.0,691.4141414141415,0.5526721547934387
DEW,isobar,7.0,692.4242424242424,0.555915496209536
DEW,isobar,7.0,693.4343434343434,0.559173686032152
DEW,isobar,7.0,694.4444444444445,0.5624467268751178
DEW,isobar,7.0,695.4545454545455,0.5657346889983955
DEW,isobar,7.0,696.4646464646464,0.5690377128482949
DEW,isobar,7.0,697.4747474747475,0.5723558719408491
DEW,isobar,7.0,698.4848484848485,0.5756891351223827
DEW,isobar,7.0,699.4949494949495,0.5790376817125008
DEW,isobar,7.0,700.5050505050505,0.5824015522311833
DEW,isobar,7.0,701.5151515151515,0.5857807870749571
DEW,isobar,7.0,702.5252525252525,0.5891755352657315
DEW,isobar,7.0,703.5353535353536,0.5925858028513341
DEW,isobar,7.0,704.5454545454545,0.5960117418660731
DEW,isobar,7.0,705.5555555555555,0.599453359243907
DEW,isobar,7.0,706.5656565656566,0.6029108101116396
DEW,isobar,7.0,707.5757575757576,0.6063841023362715
DEW,isobar,7.0,708.5858585858585,0.6098733942192524
DEW,isobar,7.0,709.5959595959596,0.6133787709931231
DEW,isobar,7.0,710.6060606060606,0.6169002420214684
DEW,isobar,7.0,711.6161616161617,0.6204379705330952
DEW,isobar,7.0,712.6262626262626,0.6239919669472741
DEW,isobar,7.0,713.6363636363636,0.6275623978818422
DEW,isobar,7.0,714.6464646464647,0.6311492748626739
DEW,isobar,7.0,715.6565656565657,0.6347527679860296
DEW,isobar,7.0,716.6666666666666,0.638372889936844
DEW,isobar,7.0,717.6767676767677,0.6420098954771921
DEW,isobar,7.0,718.6868686868687,0.6456636369237935
DEW,isobar,7.0,719.6969696969697,0.6493344544192737
DEW,isobar,7.0,720.7070707070707,0.6530222820484207
DEW,isobar,7.0,721.7171717171717,0.6567272173460355
DEW,isobar,7.0,722.7272727272727,0.6604495275277608
DEW,isobar,7.0,723.7373737373738,0.6641891468464804
DEW,isobar,7.0,724.7474747474747,0.6679461767594379
DEW,isobar,7.0,725.7575757575758,0.671720806188934
DEW,isobar,7.0,726.7676767676768,0.6755131412448886
DEW,isobar,7.0,727.7777777777778,0.6793232894474813
DEW,isobar,7.0,728.7878787878788,0.6831512716429711
DEW,isobar,7.0,729.7979797979798,0.686997285000238
DEW,isobar,7.0,730.8080808080808,0.6908614413806805
DEW,isobar,7.0,731.8181818181819,0.6947437640079459
DEW,isobar,7.0,732.8282828282828,0.6986444565152297
DEW,isobar,7.0,733.8383838383838,0.7025636353005268
DEW,isobar,7.0,734.8484848484849,0.7065013261090697
DEW,isobar,7.0,735.8585858585859,0.7104577392907183
DEW,isobar,7.0,736.8686868686868,0.7144329959823956
DEW,isobar,7.0,737.8787878787879,0.718427124600093
DEW,isobar,7.0,738.8888888888889,0.7224404375498935
DEW,isobar,7.0,739.89898989899,0.7264728714920633
DEW,isobar,7.0,740.9090909090909,0.7305245520202734
DEW,isobar,7.0,741.9191919191919,0.7345958010044782
DEW,isobar,7.0,742.929292929293,0.7386865558592265
DEW,isobar,7.0,743.939393939394,0.7427970461616396
DEW,isobar,7.0,744.9494949494949,0.7469274067431633
DEW,isobar,7.0,745.959595959596,0.7510777742641872
DEW,isobar,7.0,746.969696969697,0.7552481861170955
DEW,isobar,7.0,747.9797979797979,0.7594388822466761
DEW,isobar,7.0,748.989898989899,0.7636500049344768
DEW,isobar,7.0,750.0,0.7678816983961274
DEW,isobar,7.5,485.0,0.13732873765177978
DEW,isobar,7.5,488.3333333333333,0.14115260472896318
DEW,isobar,7.5,491.6666666666667,0.14505835443301968
DEW,isobar,7.5,495.0,0.1490470951376429
DEW,isobar,7.5,498.3333333333333,0.15311991691709206
DEW,isobar,7.5,501.6666666666667,0.157277947037558
DEW,isobar,7.5,505.0,0.16152227949381104
DEW,isobar,7.5,508.3333333333333,0.16585403199632864
DEW,isobar,7.5,511.6666666666667,0.17027431717050415
DEW,isobar,7.5,515.0,0.1747842497373733
DEW,isobar,7.5,518.3333333333334,0.17938496364754564
DEW,isobar,7.5,521.6666666666666,0.18407755314134422
DEW,isobar,7.5,525.0,0.18886315702081544
DEW,isobar,7.5,528.3333333333334,0.19374290001215871
DEW,isobar,7.5,531.6666666666666,0.1987179095199237
DEW,isobar,7.5,535.0,0.2037893059659852
DEW,isobar,7.5,538.3333333333334,0.208958242182595
DEW,isobar,7.5,541.6666666666666,0.21422583492803293
DEW,isobar,7.5,545.0,0.21959323450942933
DEW,isobar,7.5,548.3333333333334,0.22506158541243854
DEW,isobar,7.5,551.6666666666666,0.23063204789974318
DEW,isobar,7.5,555.0,0.23630576504777537
DEW,isobar,7.5,558.3333333333334,0.24208389601885485
DEW,isobar,7.5,561.6666666666666,0.2479675935444436
DEW,isobar,7.5,565.0,0.2539580534606521
DEW,isobar,7.5,568.3333333333334,0.2600564294265473
DEW,isobar,7.5,571.6666666666666,0.2662639202280948
DEW,isobar,7.5,575.0,0.2725817209247487
DEW,isobar,7.5,578.3333333333334,0.2790110360029435
DEW,isobar,7.5,581.6666666666666,0.2855530802763073
DEW,isobar,7.5,585.0,0.2922090501120632
DEW,isobar,7.5,588.3333333333334,0.2989802121244928
DEW,isobar,7.5,591.6666666666666,0.30586781819563075
DEW,isobar,7.5,595.0,0.3128731027030815
DEW,isobar,7.5,598.3333333333334,0.3199973621616779
DEW,isobar,7.5,601.6666666666666,0.3272418951283213
DEW,isobar,7.5,605.0,0.33460801895598385
DEW,isobar,7.5,608.3333333333334,0.34209703566907645
DEW,isobar,7.5,611.6666666666666,0.3497103389147484
DEW,isobar,7.5,615.0,0.357449293499656
DEW,isobar,7.5,618.3333333333334,0.3653152880610732
DEW,isobar,7.5,621.6666666666667,0.3733097765418785
DEW,isobar,7.5,625.0,0.3814342041751041
DEW,isobar,7.5,628.3333333333334,0.38969004629353626
DEW,isobar,7.5,631.6666666666667,0.39807885330145054
DEW,isobar,7.5,635.0,0.4066021710346174
DEW,isobar,7.5,638.3333333333334,0.41526162776506714
DEW,isobar,7.5,641.6666666666667,0.4240588276122013
DEW,isobar,7.5,645.0,0.43299546288519103
DEW,isobar,7.5,648.3333333333334,0.44207327459700846
DEW,isobar,7.5,651.6666666666667,0.451294055821163
DEW,isobar,7.5,655.0,0.46065962982206327
DEW,isobar,7.5,658.3333333333334,0.4701719287295993
DEW,isobar,7.5,661.6666666666667,0.47983284365261186
DEW,isobar,7.5,665.0,0.4896444345180199
DEW,isobar,7.5,668.3333333333334,0.4996088354111054
DEW,isobar,7.5,671.6666666666667,0.5097281442913896
DEW,isobar,7.5,675.0,0.5200046493210089
DEW,isobar,7.5,678.3333333333334,0.5304406668516476
DEW,isobar,7.5,681.6666666666667,0.541038663141228
DEW,isobar,7.5,685.0,0.5518011404937693
DEW,isobar,7.5,688.3333333333334,0.5627306353086506
DEW,isobar,7.5,691.6666666666667,0.5738299824508912
DEW,isobar,7.5,695.0,0.5851019359867954
DEW,isobar,7.5,698.3333333333334,0.5965495009761221
DEW,isobar,7.5,701.6666666666667,0.608175706008834
DEW,isobar,7.5,705.0,0.6199838179312557
DEW,isobar,7.5,708.3333333333334,0.6319771741925667
DEW,isobar,7.5,711.6666666666667,0.6441592588211288
DEW,isobar,7.5,715.0,0.656533750057958
DEW,isobar,7.5,718.3333333333334,0.6691044523954279
DEW,isobar,7.5,721.6666666666667,0.6818754254467875
DEW,isobar,7.5,725.0,0.6948507043590311
DEW,isobar,7.5,728.3333333333334,0.7080347648440027
DEW,isobar,7.5,731.6666666666667,0.7214321610854745
DEW,isobar,7.5,735.0,0.7350476596244079
DEW,isobar,7.5,738.3333333333334,0.7488862890672003
DEW,isobar,7.5,741.6666666666667,0.7629532282411248
DEW,isobar,7.5,745.0,0.7772540380213465
DEW,isobar,7.5,748.3333333333334,0.7917944451465864
DEW,isobar,7.5,751.6666666666667,0.8065803928211018
DEW,isobar,7.5,755.0,0.8216182084567472
DEW,isobar,7.5,758.3333333333334,0.8369145204361415
DEW,isobar,7.5,761.6666666666667,0.8524762725772779
DEW,isobar,7.5,765.0,0.8683105639181666
DEW,isobar,7.5,768.3333333333334,0.884425060448595
DEW,isobar,7.5,771.6666666666667,0.9008275494071317
DEW,isobar,7.5,775.0,0.9175265562772412
DEW,isobar,7.5,778.3333333333334,0.934530631666099
DEW,isobar,7.5,781.6666666666667,0.9518488521317725
DEW,isobar,7.5,785.0,0.969490718226926
DEW,isobar,7.5,788.3333333333334,0.9874663150700657
DEW,isobar,7.5,791.6666666666667,1.0057859144464874
DEW,isobar,7.5,795.0,1.0244605546380425
DEW,isobar,7.5,798.3333333333334,1.043501639991676
DEW,isobar,7.5,801.6666666666667,1.0629211003539587
DEW,isobar,7.5,805.0,1.0827314133725388
DEW,isobar,7.5,808.3333333333334,1.1029456275565694
DEW,isobar,7.5,811.6666666666667,1.1235773861160772
DEW,isobar,7.5,815.0,1.1446409516007223
DEW,isobar,8.0,850.0,1.466658263559117
DEW,isobar,8.0,851.010101010101,1.4755618791593048
DEW,isobar,8.0,852.020202020202,1.4845349012409008
DEW,isobar,8.0,853.030303030303,1.4935784138485175
DEW,isobar,8.0,854.040404040404,1.5026932509572772
DEW,isobar,8.0,855.0505050505051,1.5118799841331674
DEW,isobar,8.0,856.060606060606,1.5211397368147603
DEW,isobar,8.0,857.070707070707,1.5304730967561468
DEW,isobar,8.0,858.0808080808081,1.5398809332414714
DEW,isobar,8.0,859.0909090909091,1.549364412294374
DEW,isobar,8.0,860.10101010101,1.5589244351987175
DEW,isobar,8.0,861.1111111111111,1.5685616231289532
DEW,isobar,8.0,862.1212121212121,1.5782771863654215
DEW,isobar,8.0,863.1313131313132,1.5880717633245631
DEW,isobar,8.0,864.1414141414141,1.597946292958534
DEW,isobar,8.0,865.1515151515151,1.607902031268176
DEW,isobar,8.0,866.1616161616162,1.617939951596781
DEW,isobar,8.0,867.1717171717172,1.628060727931643
DEW,isobar,8.0,868.1818181818181,1.638265663780374
DEW,isobar,8.0,869.1919191919192,1.6485554514689378
DEW,isobar,8.0,870.2020202020202,1.6589312657744293
DEW,isobar,8.0,871.2121212121212,1.6693943016301733
DEW,isobar,8.0,872.2222222222222,1.6799451145915185
DEW,isobar,8.0,873.2323232323232,1.6905854191226102
DEW,isobar,8.0,874.2424242424242,1.7013157919185924
DEW,isobar,8.0,875.2525252525253,1.7121374831821805
DEW,isobar,8.0,876.2626262626262,1.723051764527737
DEW,isobar,8.0,877.2727272727273,1.7340594054316265
DEW,isobar,8.0,878.2828282828283,1.745161880130929
DEW,isobar,8.0,879.2929292929293,1.7563599783628303
DEW,isobar,8.0,880.3030303030303,1.7676552109637895
DEW,isobar,8.0,881.3131313131313,1.7790483883299566
DEW,isobar,8.0,882.3232323232323,1.790541058756347
DEW,isobar,8.0,883.3333333333334,1.802134240897638
DEW,isobar,8.0,884.3434343434343,1.813828959794698
DEW,isobar,8.0,885.3535353535353,1.8256270131979975
DEW,isobar,8.0,886.3636363636364,1.8375286900755667
DEW,isobar,8.0,887.3737373737374,1.8495364072590448
DEW,isobar,8.0,888.3838383838383,1.861650667519668
DEW,isobar,8.0,889.3939393939394,1.87387275571374
DEW,isobar,8.0,890.4040404040404,1.8862043789326919
DEW,isobar,8.0,891.4141414141415,1.8986464570070547
DEW,isobar,8.0,892.4242424242424,1.9112007390632622
DEW,isobar,8.0,893.4343434343434,1.9238685892638436
DEW,isobar,8.0,894.4444444444445,1.9366509624270698
DEW,isobar,8.0,895.4545454545455,1.9495492413129585
DEW,isobar,8.0,896.4646464646464,1.9625652620628111
DEW,isobar,8.0,897.4747474747475,1.9757004570734498
DEW,isobar,8.0,898.4848484848485,1.9889558291971312
DEW,isobar,8.0,899.4949494949495,2.0023328300139576
DEW,isobar,8.0,900.5050505050505,2.0158333867445464
DEW,isobar,8.0,901.5151515151515,2.029459002977806
DEW,isobar,8.0,902.5252525252525,2.04321073136887
DEW,isobar,8.0,903.5353535353536,2.0570903328076495
DEW,isobar,8.0,904.5454545454545,2.07109959811848
DEW,isobar,8.0,905.5555555555555,2.085239375099208
DEW,isobar,8.0,906.5656565656566,2.099511973121499
DEW,isobar,8.0,907.5757575757576,2.113919008344755
DEW,isobar,8.0,908.5858585858585,2.1284616115206445
DEW,isobar,8.0,909.5959595959596,2.1431419306961494
DEW,isobar,8.0,910.6060606060606,2.1579611235774743
DEW,isobar,8.0,911.6161616161617,2.1729213903818168
DEW,isobar,8.0,912.6262626262626,2.18802391623809
DEW,isobar,8.0,913.6363636363636,2.2032709547208307
DEW,isobar,8.0,914.6464646464647,2.2186637188540095
DEW,isobar,8.0,915.6565656565657,2.2342042414701146
DEW,isobar,8.0,916.6666666666666,2.2498945898988905
DEW,isobar,8.0,917.6767676767677,2.2657360199011696
DEW,isobar,8.0,918.6868686868687,2.2817309238030976
DEW,isobar,8.0,919.6969696969697,2.2978802970593875
DEW,isobar,8.0,920.7070707070707,2.3141874579060513
DEW,isobar,8.0,921.7171717171717,2.330652852579087
DEW,isobar,8.0,922.7272727272727,2.3472792795300177
DEW,isobar,8.0,923.7373737373738,2.364068083263844
DEW,isobar,8.0,924.7474747474747,2.381021833176759
DEW,isobar,8.0,925.7575757575758,2.3981422164225883
DEW,isobar,8.0,926.7676767676768,2.4154309278480035
DEW,isobar,8.0,927.7777777777778,2.4328906299200614
DEW,isobar,8.0,928.7878787878788,2.450522744491766
DEW,isobar,8.0,929.7979797979798,2.46832999782134
DEW,isobar,8.0,930.8080808080808,2.4863138435790235
DEW,isobar,8.0,931.8181818181819,2.5044770732430317
DEW,isobar,8.0,932.8282828282828,2.5228211728079173
DEW,isobar,8.0,933.8383838383838,2.5413490004311723
DEW,isobar,8.0,934.8484848484849,2.5600620749428122
DEW,isobar,8.0,935.8585858585859,2.5789633226671183
DEW,isobar,8.0,936.8686868686868,2.598054295785012
DEW,isobar,8.0,937.8787878787879,2.617337990307244
DEW,isobar,8.0,938.8888888888889,2.6368159922825263
DEW,isobar,8.0,939.89898989899,2.656491368959927
DEW,isobar,8.0,940.9090909090909,2.6763657407770416
DEW,isobar,8.0,941.9191919191919,2.696442247803446
DEW,isobar,8.0,942.929292929293,2.716722545390828
DEW,isobar,8.0,943.939393939394,2.737209848044945
DEW,isobar,8.0,944.9494949494949,2.757905846558267
DEW,isobar,8.0,945.959595959596,2.778813831522319
DEW,isobar,8.0,946.969696969697,2.7999355297016395
DEW,isobar,8.0,947.9797979797979,2.821273481846558
DEW,isobar,8.0,948.989898989899,2.8428315148352423
DEW,isobar,8.0,950.0,2.864611001924689
DEW,isobar,8.8,690.0,0.6172033307562892
DEW,isobar,8.8,692.2222222222222,0.6254324031678243
DEW,isobar,8.8,694.4444444444445,0.6337515064933708
DEW,isobar,8.8,696.6666666666666,0.642161827594402
DEW,isobar,8.8,698.8888888888889,0.6506645538576101
DEW,isobar,8.8,701.1111111111111,0.65926097875889
DEW,isobar,8.8,703.3333333333334,0.667952364899738
DEW,isobar,8.8,705.5555555555555,0.6767401596068291
DEW,isobar,8.8,707.7777777777778,0.6856256356609195
DEW,isobar,8.8,710.0,0.6946102536550294
DEW,isobar,8.8,712.2222222222222,0.7036955218274371
DEW,isobar,8.8,714.4444444444445,0.7128829192977717
DEW,isobar,8.8,716.6666666666666,0.7221740509582302
DEW,isobar,8.8,718.8888888888889,0.731570493436727
DEW,isobar,8.8,721.1111111111111,0.7410739967707775
DEW,isobar,8.8,723.3333333333334,0.7506862024277896
DEW,isobar,8.8,725.5555555555555,0.7604089305003422
DEW,isobar,8.8,727.7777777777778,0.7702440619795005
DEW,isobar,8.8,730.0,0.7801934079708708
DEW,isobar,8.8,732.2222222222222,0.7902590160191654
DEW,isobar,8.8,734.4444444444445,0.8004428206398913
DEW,isobar,8.8,736.6666666666666,0.8107470501501248
DEW,isobar,8.8,738.8888888888889,0.8211737262387532
DEW,isobar,8.8,741.1111111111111,0.8317252223663173
DEW,isobar,8.8,743.3333333333334,0.8424037495430401
DEW,isobar,8.8,745.5555555555555,0.8532117386469659
DEW,isobar,8.8,747.7777777777778,0.8641516007606974
DEW,isobar,8.8,750.0,0.8752259809322456
DEW,isobar,8.8,752.2222222222222,0.8864374569962146
DEW,isobar,8.8,754.4444444444445,0.8977886900822366
DEW,isobar,8.8,756.6666666666666,0.9092825372787392
DEW,isobar,8.8,758.8888888888889,0.9209220086268276
DEW,isobar,8.8,761.1111111111111,0.9327098760573311
DEW,isobar,8.8,763.3333333333334,0.9446494589937977
DEW,isobar,8.8,765.5555555555555,0.9567438409240349
DEW,isobar,8.8,767.7777777777778,0.9689963230374204
DEW,isobar,8.8,770.0,0.9814103771292225
DEW,isobar,8.8,772.2222222222222,0.9939894667150658
DEW,isobar,8.8,774.4444444444445,1.0067372946739963
DEW,isobar,8.8,776.6666666666666,1.019657623391436
DEW,isobar,8.8,778.8888888888889,1.0327542723902337
DEW,isobar,8.8,781.1111111111111,1.0460313871111995
DEW,isobar,8.8,783.3333333333334,1.059492978223867
DEW,isobar,8.8,785.5555555555555,1.0731433929723966
DEW,isobar,8.8,787.7777777777778,1.0869871239061866
DEW,isobar,8.8,790.0,1.101028592869424
DEW,isobar,8.8,792.2222222222222,1.1152725835019477
DEW,isobar,8.8,794.4444444444445,1.1297239617614714
DEW,isobar,8.8,796.6666666666666,1.144387751187249
DEW,isobar,8.8,798.8888888888889,1.1592692973997405
DEW,isobar,8.8,801.1111111111111,1.1743737188513514
DEW,isobar,8.8,803.3333333333334,1.189706619081895
DEW,isobar,8.8,805.5555555555555,1.2052737857466072
DEW,isobar,8.8,807.7777777777778,1.2210810224216675
DEW,isobar,8.8,810.0,1.2371344909279969
DEW,isobar,8.8,812.2222222222222,1.2534402817621824
DEW,isobar,8.8,814.4444444444445,1.2700051326758515
DEW,isobar,8.8,816.6666666666666,1.2868355361066028
DEW,isobar,8.8,818.8888888888889,1.3039383727423464
DEW,isobar,8.8,821.1111111111111,1.3213209382732618
DEW,isobar,8.8,823.3333333333334,1.3389903632853075
DEW,isobar,8.8,825.5555555555555,1.356954301015087
DEW,isobar,8.8,827.7777777777778,1.3752204373897488
DEW,isobar,8.8,830.0,1.393796908379464
DEW,isobar,8.8,832.2222222222222,1.412691997813219
DEW,isobar,8.8,834.4444444444445,1.4319142458076082
DEW,isobar,8.8,836.6666666666667,1.4514724558726873
DEW,isobar,8.8,838.8888888888889,1.4713754634330911
DEW,isobar,8.8,841.1111111111111,1.4916330924968995
DEW,isobar,8.8,843.3333333333334,1.5122546226491034
DEW,isobar,8.8,845.5555555555555,1.5332501044431228
DEW,isobar,8.8,847.7777777777778,1.5546299019358052
DEW,isobar,8.8,850.0,1.5764041629235281
DEW,isobar,8.8,852.2222222222222,1.5985841417956448
DEW,isobar,8.8,854.4444444444445,1.6211808934939973
DEW,isobar,8.8,856.6666666666667,1.644205939468814
DEW,isobar,8.8,858.8888888888889,1.667671145104596
DEW,isobar,8.8,861.1111111111111,1.6915887287932994
DEW,isobar,8.8,863.3333333333334,1.7159712712069815
DEW,isobar,8.8,865.5555555555555,1.7408318854148837
DEW,isobar,8.8,867.7777777777778,1.7661834233487121
DEW,isobar,8.8,870.0,1.7920402612859836
DEW,isobar,8.8,872.2222222222222,1.8184162049635206
DEW,isobar,8.8,874.4444444444445,1.8453256149136248
DEW,isobar,8.8,876.6666666666667,1.8727836209397661
DEW,isobar,8.8,878.8888888888889,1.9008058046517822
DEW,isobar,8.8,881.1111111111111,1.9294078259817624
DEW,isobar,8.8,883.3333333333334,1.9586059783827179
DEW,isobar,8.8,885.5555555555555,1.988417022035553
DEW,isobar,8.8,887.7777777777778,2.018858195544907
DEW,isobar,8.8,890.0,2.049947442912271
DEW,isobar,8.8,892.2222222222222,2.08170279254753
DEW,isobar,8.8,894.4444444444445,2.114142764390185
DEW,isobar,8.8,896.6666666666667,2.1472870811894897
DEW,isobar,8.8,898.8888888888889,2.181155337412927
DEW,isobar,8.8,901.1111111111111,2.2157679024097297
DEW,isobar,8.8,903.3333333333334,2.251145712907549
DEW,isobar,8.8,905.5555555555555,2.287310547870652
DEW,isobar,8.8,907.7777777777778,2.324284005631841
DEW,isobar,8.8,910.0,2.362089062624415
DEW,isobar,9.0,690.0,0.6243904223963652
DEW,isobar,9.0,692.2222222222222,0.632734822197421
DEW,isobar,9.0,694.4444444444445,0.6411711363557483
DEW,isobar,9.0,696.6666666666666,0.6497006665190213
DEW,isobar,9.0,698.8888888888889,0.6583246516103449
DEW,isobar,9.0,701.1111111111111,0.6670444031176074
DEW,isobar,9.0,703.3333333333334,0.6758612734679802
DEW,isobar,9.0,705.5555555555555,0.684776694245521
DEW,isobar,9.0,707.7777777777778,0.6937920690649557
DEW,isobar,9.0,710.0,0.7029089206686514
DEW,isobar,9.0,712.2222222222222,0.7121287447033956
DEW,isobar,9.0,714.4444444444445,0.7214532012050787
DEW,isobar,9.0,716.6666666666666,0.7308838469565297
DEW,isobar,9.0,718.8888888888889,0.7404224081395882
DEW,isobar,9.0,721.1111111111111,0.7500706686056381
DEW,isobar,9.0,723.3333333333334,0.7598303458292089
DEW,isobar,9.0,725.5555555555555,0.7697033816173775
DEW,isobar,9.0,727.7777777777778,0.7796916541298422
DEW,isobar,9.0,730.0,0.7897971904304153
DEW,isobar,9.0,732.2222222222222,0.800021995991291
DEW,isobar,9.0,734.4444444444445,0.8103682327888839
DEW,isobar,9.0,736.6666666666666,0.8208380895111774
DEW,isobar,9.0,738.8888888888889,0.831433779975101
DEW,isobar,9.0,741.1111111111111,0.8421577351133883
DEW,isobar,9.0,743.3333333333334,0.8530122239852077
DEW,isobar,9.0,745.5555555555555,0.8639999370150775
DEW,isobar,9.0,747.7777777777778,0.875123304324916
DEW,isobar,9.0,750.0,0.8863850914623358
DEW,isobar,9.0,752.2222222222222,0.8977880013413956
DEW,isobar,9.0,754.4444444444445,0.9093348790215526
DEW,isobar,9.0,756.6666666666666,0.9210287196055328
DEW,isobar,9.0,758.8888888888889,0.9328725082839251
DEW,isobar,9.0,761.1111111111111,0.9448693846726923
DEW,isobar,9.0,763.3333333333334,0.9570227095875709
DEW,isobar,9.0,765.5555555555555,0.9693357234090797
DEW,isobar,9.0,767.7777777777778,0.9818119508547369
DEW,isobar,9.0,770.0,0.9944549131788184
DEW,isobar,9.0,772.2222222222222,1.0072683717172253
DEW,isobar,9.0,774.4444444444445,1.020256215482873
DEW,isobar,9.0,776.6666666666666,1.0334222691530768
DEW,isobar,9.0,778.8888888888889,1.046770744868419
DEW,isobar,9.0,781.1111111111111,1.0603057280024668
DEW,isobar,9.0,783.3333333333334,1.0740316406136887
DEW,isobar,9.0,785.5555555555555,1.0879530537088284
DEW,isobar,9.0,787.7777777777778,1.1020745474659785
DEW,isobar,9.0,790.0,1.1164009226532956
DEW,isobar,9.0,792.2222222222222,1.1309372125811719
DEW,isobar,9.0,794.4444444444445,1.1456884650742096
DEW,isobar,9.0,796.6666666666666,1.160660045731105
DEW,isobar,9.0,798.8888888888889,1.1758572582271705
DEW,isobar,9.0,801.1111111111111,1.191285979528527
DEW,isobar,9.0,803.3333333333334,1.2069518715791165
DEW,isobar,9.0,805.5555555555555,1.2228609413032951
DEW,isobar,9.0,807.7777777777778,1.239019563855157
DEW,isobar,9.0,810.0,1.2554339718279233
DEW,isobar,9.0,812.2222222222222,1.272110770243108
DEW,isobar,9.0,814.4444444444445,1.2890569618172398
DEW,isobar,9.0,816.6666666666666,1.3062794016128207
DEW,isobar,9.0,818.8888888888889,1.3237854443654236
DEW,isobar,9.0,821.1111111111111,1.3415825838623165
DEW,isobar,9.0,823.3333333333334,1.3596785508321032
DEW,isobar,9.0,825.5555555555555,1.3780813197172734
DEW,isobar,9.0,827.7777777777778,1.3967990086826583
DEW,isobar,9.0,830.0,1.415840311899259
DEW,isobar,9.0,832.2222222222222,1.435213760689964
DEW,isobar,9.0,834.4444444444445,1.4549285967464194
DEW,isobar,9.0,836.6666666666667,1.4749940109687965
DEW,isobar,9.0,838.8888888888889,1.4954195915401618
DEW,isobar,9.0,841.1111111111111,1.5162152224486423
DEW,isobar,9.0,843.3333333333334,1.5373910916358142
DEW,isobar,9.0,845.5555555555555,1.5589578287371673
DEW,isobar,9.0,847.7777777777778,1.5809259992052471
DEW,isobar,9.0,850.0,1.60330701585223
DEW,isobar,9.0,852.2222222222222,1.6261120992202711
DEW,isobar,9.0,854.4444444444445,1.6493533614503002
DEW,isobar,9.0,856.6666666666667,1.6730430069706532
DEW,isobar,9.0,858.8888888888889,1.6971933066029345
DEW,isobar,9.0,861.1111111111111,1.7218174939090152
DEW,isobar,9.0,863.3333333333334,1.7469289034426652
DEW,isobar,9.0,865.5555555555555,1.7725409419657037
DEW,isobar,9.0,867.7777777777778,1.7986680563042674
DEW,isobar,9.0,870.0,1.8253244606277765
DEW,isobar,9.0,872.2222222222222,1.852525640126128
DEW,isobar,9.0,874.4444444444445,1.8802864924154323
DEW,isobar,9.0,876.6666666666667,1.9086234208777615
DEW,isobar,9.0,878.8888888888889,1.9375522084894994
DEW,isobar,9.0,881.1111111111111,1.9670900294844702
DEW,isobar,9.0,883.3333333333334,1.997253983388805
DEW,isobar,9.0,885.5555555555555,2.028062059890321
DEW,isobar,9.0,887.7777777777778,2.0595323582101877
DEW,isobar,9.0,890.0,2.0916834788615515
DEW,isobar,9.0,892.2222222222222,2.1245354317188676
DEW,isobar,9.0,894.4444444444445,2.158107468419415
DEW,isobar,9.0,896.6666666666667,2.192420751099904
DEW,isobar,9.0,898.8888888888889,2.2274956367535053
DEW,isobar,9.0,901.1111111111111,2.26335424742971
DEW,isobar,9.0,903.3333333333334,2.300018852237433
DEW,isobar,9.0,905.5555555555555,2.337511812586189
DEW,isobar,9.0,907.7777777777778,2.375857158814735
DEW,isobar,9.0,910.0,2.4150790734451846
DEW,isobar,10.0,480.0,0.14937120018512287
DEW,isobar,10.0,484.44444444444446,0.15503899978044666
DEW,isobar,10.0,488.8888888888889,0.16087374529061685
DEW,isobar,10.0,493.3333333333333,0.16687864913669312
DEW,isobar,10.0,497.77777777777777,0.173056942477571
DEW,isobar,10.0,502.22222222222223,0.1794118753055663
DEW,isobar,10.0,506.6666666666667,0.18594672432061227
DEW,isobar,10.0,511.1111111111111,0.1926647712818494
DEW,isobar,10.0,515.5555555555555,0.19956932519173992
DEW,isobar,10.0,520.0,0.20666371614147586
DEW,isobar,10.0,524.4444444444445,0.2139512963712271
DEW,isobar,10.0,528.8888888888889,0.22143544156856004
DEW,isobar,10.0,533.3333333333334,0.2291195524275395
DEW,isobar,10.0,537.7777777777778,0.23700705649240497
DEW,isobar,10.0,542.2222222222222,0.24510140003501854
DEW,isobar,10.0,546.6666666666666,0.2534060806012808
DEW,isobar,10.0,551.1111111111111,0.2619245984264194
DEW,isobar,10.0,555.5555555555555,0.2706605224912795
DEW,isobar,10.0,560.0,0.2796174408244878
DEW,isobar,10.0,564.4444444444445,0.28879899742623205
DEW,isobar,10.0,568.8888888888889,0.2982088862638751
DEW,isobar,10.0,573.3333333333334,0.3078508432223687
DEW,isobar,10.0,577.7777777777778,0.31772866324370075
DEW,isobar,10.0,582.2222222222222,0.32784623508426397
DEW,isobar,10.0,586.6666666666666,0.3382074796729038
DEW,isobar,10.0,591.1111111111111,0.34881644185137645
DEW,isobar,10.0,595.5555555555555,0.359677211983733
DEW,isobar,10.0,600.0,0.3707940090931603
DEW,isobar,10.0,604.4444444444445,0.3821711628202962
DEW,isobar,10.0,608.8888888888889,0.39381307223683765
DEW,isobar,10.0,613.3333333333334,0.40572435429656234
DEW,isobar,10.0,617.7777777777778,0.41790970145039347
DEW,isobar,10.0,622.2222222222222,0.43037400910776313
DEW,isobar,10.0,626.6666666666667,0.4431223248233336
DEW,isobar,10.0,631.1111111111111,0.45615987085359666
DEW,isobar,10.0,635.5555555555555,0.4694921217094438
DEW,isobar,10.0,640.0,0.48312478713446333
DEW,isobar,10.0,644.4444444444445,0.4970637883445656
DEW,isobar,10.0,648.8888888888889,0.5113153692715846
DEW,isobar,10.0,653.3333333333334,0.5258860317539411
DEW,isobar,10.0,657.7777777777778,0.5407826313530262
DEW,isobar,10.0,662.2222222222222,0.5560124112182426
DEW,isobar,10.0,666.6666666666667,0.5715829571381046
DEW,isobar,10.0,671.1111111111111,0.5875023354966692
DEW,isobar,10.0,675.5555555555555,0.6037790234080209
DEW,isobar,10.0,680.0,0.620422059130465
DEW,isobar,10.0,684.4444444444445,0.6374409393281083
DEW,isobar,10.0,688.8888888888889,0.6548458742061662
DEW,isobar,10.0,693.3333333333334,0.6726475918662598
DEW,isobar,10.0,697.7777777777778,0.6908575749666728
DEW,isobar,10.0,702.2222222222222,0.7094881278618225
DEW,isobar,10.0,706.6666666666667,0.7285521909904855
DEW,isobar,10.0,711.1111111111111,0.7480637548259083
DEW,isobar,10.0,715.5555555555555,0.7680375653132037
DEW,isobar,10.0,720.0,0.7884895714983811
DEW,isobar,10.0,724.4444444444445,0.8094366989218005
DEW,isobar,10.0,728.8888888888889,0.8308970419866776
DEW,isobar,10.0,733.3333333333334,0.8528900482160569
DEW,isobar,10.0,737.7777777777778,0.875436360625092
DEW,isobar,10.0,742.2222222222222,0.8985582467386237
DEW,isobar,10.0,746.6666666666667,0.9222794139249393
DEW,isobar,10.0,751.1111111111111,0.9466252388898396
DEW,isobar,10.0,755.5555555555555,0.9716228789165857
DEW,isobar,10.0,760.0,0.9973015671889833
DEW,isobar,10.0,764.4444444444445,1.0236923045832842
DEW,isobar,10.0,768.8888888888889,1.0508284360465001
DEW,isobar,10.0,773.3333333333334,1.0787456410014435
DEW,isobar,10.0,777.7777777777778,1.1074820906753358
DEW,isobar,10.0,782.2222222222222,1.1370784860648553
DEW,isobar,10.0,786.6666666666667,1.1675784515609744
DEW,isobar,10.0,791.1111111111111,1.1990285087592805
DEW,isobar,10.0,795.5555555555555,1.231478671779013
DEW,isobar,10.0,800.0,1.2649820697840297
DEW,isobar,10.0,804.4444444444445,1.299595439144808
DEW,isobar,10.0,808.8888888888889,1.3353797097289695
DEW,isobar,10.0,813.3333333333334,1.3723994747821977
DEW,isobar,10.0,817.7777777777778,1.4107239303726127
DEW,isobar,10.0,822.2222222222222,1.4504268946323302
DEW,isobar,10.0,826.6666666666667,1.4915868707358098
DEW,isobar,10.0,831.1111111111111,1.534287631321667
DEW,isobar,10.0,835.5555555555555,1.5786186711661316
DEW,isobar,10.0,840.0,1.6246748324730191
DEW,isobar,10.0,844.4444444444445,1.672557583174902
DEW,isobar,10.0,848.8888888888889,1.7223743832448215
DEW,isobar,10.0,853.3333333333334,1.774240243340122
DEW,isobar,10.0,857.7777777777778,1.8282767490321645
DEW,isobar,10.0,862.2222222222222,1.8846134194989512
DEW,isobar,10.0,866.6666666666667,1.9433882150244042
DEW,isobar,10.0,871.1111111111111,2.004747166146326
DEW,isobar,10.0,875.5555555555557,2.0688450846857234
DEW,isobar,10.0,880.0,2.1358474231921134
DEW,isobar,10.0,884.4444444444445,2.2059283126181364
DEW,isobar,10.0,888.8888888888889,2.2792732051084794
DEW,isobar,10.0,893.3333333333334,2.3560784642384487
DEW,isobar,10.0,897.7777777777778,2.436552141062911
DEW,isobar,10.0,902.2222222222222,2.5209145821167596
DEW,isobar,10.0,906.6666666666667,2.6093990638058875
DEW,isobar,10.0,911.1111111111111,2.7022524541189603
DEW,isobar,10.0,915.5555555555557,2.7997359026289677
DEW,isobar,10.0,920.0,2.902125212469105
DEW,isobar,12.0,490.0,0.17697147477367337
DEW,isobar,12.0,492.22222222222223,0.18025304748716028
DEW,isobar,12.0,494.44444444444446,0.1835820836951014
DEW,isobar,12.0,496.6666666666667,0.18695904408846148
DEW,isobar,12.0,498.8888888888889,0.1903843917280353
DEW,isobar,12.0,501.1111111111111,0.19385857745479504
DEW,isobar,12.0,503.3333333333333,0.19738206775188766
DEW,isobar,12.0,505.55555555555554,0.2009553163697127
DEW,isobar,12.0,507.77777777777777,0.20457880091269182
DEW,isobar,12.0,510.0,0.20825297083141706
DEW,isobar,12.0,512.2222222222222,0.21197831558587002
DEW,isobar,12.0,514.4444444444445,0.21575528793036716
DEW,isobar,12.0,516.6666666666666,0.21958435759991227
DEW,isobar,12.0,518.8888888888889,0.22346601289386694
DEW,isobar,12.0,521.1111111111111,0.22740071968336603
DEW,isobar,12.0,523.3333333333334,0.23138895383988262
DEW,isobar,12.0,525.5555555555555,0.23543120210189947
DEW,isobar,12.0,527.7777777777778,0.2395279449251104
DEW,isobar,12.0,530.0,0.2436796649237381
DEW,isobar,12.0,532.2222222222222,0.24788684694781934
DEW,isobar,12.0,534.4444444444445,0.25214997816656703
DEW,isobar,12.0,536.6666666666666,0.25646955789139914
DEW,isobar,12.0,538.8888888888889,0.26084607875358495
DEW,isobar,12.0,541.1111111111111,0.2652800360098466
DEW,isobar,12.0,543.3333333333334,0.26977192765330216
DEW,isobar,12.0,545.5555555555555,0.2743222545318385
DEW,isobar,12.0,547.7777777777778,0.2789315311498772
DEW,isobar,12.0,550.0,0.28360025417127255
DEW,isobar,12.0,552.2222222222222,0.28832894488176203
DEW,isobar,12.0,554.4444444444445,0.29311811751556244
DEW,isobar,12.0,556.6666666666666,0.297968301381262
DEW,isobar,12.0,558.8888888888889,0.3028799953121095
DEW,isobar,12.0,561.1111111111111,0.3078537480241939
DEW,isobar,12.0,563.3333333333334,0.31289008983821354
DEW,isobar,12.0,565.5555555555555,0.31798955543616636
DEW,isobar,12.0,567.7777777777778,0.3231526840771125
DEW,isobar,12.0,570.0,0.32838001982463894
DEW,isobar,12.0,572.2222222222222,0.33367211178703415
DEW,isobar,12.0,574.4444444444445,0.3390295276227226
DEW,isobar,12.0,576.6666666666666,0.3444528145235124
DEW,isobar,12.0,578.8888888888889,0.3499425657741027
DEW,isobar,12.0,581.1111111111111,0.3554993268599392
DEW,isobar,12.0,583.3333333333334,0.36112369044280546
DEW,isobar,12.0,585.5555555555555,0.3668162569681959
DEW,isobar,12.0,587.7777777777778,0.3725776055928619
DEW,isobar,12.0,590.0,0.37840835193694927
DEW,isobar,12.0,592.2222222222222,0.38430909005829755
DEW,isobar,12.0,594.4444444444445,0.39028046779775394
DEW,isobar,12.0,596.6666666666666,0.396323080713809
DEW,isobar,12.0,598.8888888888889,0.4024375795305019
DEW,isobar,12.0,601.1111111111111,0.4086246256781552
DEW,isobar,12.0,603.3333333333334,0.414884858563814
DEW,isobar,12.0,605.5555555555555,0.4212189608872675
DEW,isobar,12.0,607.7777777777778,0.4276276104293682
DEW,isobar,12.0,610.0,0.4341114791592398
DEW,isobar,12.0,612.2222222222222,0.44067128571268294
DEW,isobar,12.0,614.4444444444445,0.4473077627860061
DEW,isobar,12.0,616.6666666666666,0.45402160254193746
DEW,isobar,12.0,618.8888888888889,0.46081360247609643
DEW,isobar,12.0,621.1111111111111,0.4676844643743567
DEW,isobar,12.0,623.3333333333334,0.4746349986305291
DEW,isobar,12.0,625.5555555555555,0.48166599510072616
DEW,isobar,12.0,627.7777777777778,0.4887782607221944
DEW,isobar,12.0,630.0,0.4959726203204077
DEW,isobar,12.0,632.2222222222222,0.5032499174507998
DEW,isobar,12.0,634.4444444444445,0.5106110152751276
DEW,isobar,12.0,636.6666666666667,0.5180568189289206
DEW,isobar,12.0,638.8888888888889,0.525588212838174
DEW,isobar,12.0,641.1111111111111,0.5332061246315345
DEW,isobar,12.0,643.3333333333334,0.5409115505609512
DEW,isobar,12.0,645.5555555555555,0.5487054227053804
DEW,isobar,12.0,647.7777777777778,0.5565887657984518
DEW,isobar,12.0,650.0,0.564562609258776
DEW,isobar,12.0,652.2222222222222,0.5726280105860367
DEW,isobar,12.0,654.4444444444445,0.5807860811634542
DEW,isobar,12.0,656.6666666666667,0.5890379147493209
DEW,isobar,12.0,658.8888888888889,0.5973846608298606
DEW,isobar,12.0,661.1111111111111,0.605827528110903
DEW,isobar,12.0,663.3333333333334,0.6143677093925697
DEW,isobar,12.0,665.5555555555555,0.6230064855228984
DEW,isobar,12.0,667.7777777777778,0.6317451499557136
DEW,isobar,12.0,670.0,0.6405850357749637
DEW,isobar,12.0,672.2222222222222,0.6495275454894579
DEW,isobar,12.0,674.4444444444445,0.6585740408779854
DEW,isobar,12.0,676.6666666666667,0.6677260119723792
DEW,isobar,12.0,678.8888888888889,0.6769849975479625
DEW,isobar,12.0,681.1111111111111,0.686352527022603
DEW,isobar,12.0,683.3333333333334,0.6958302397852494
DEW,isobar,12.0,685.5555555555555,0.7054197679929027
DEW,isobar,12.0,687.7777777777778,0.7151228601193456
DEW,isobar,12.0,690.0,0.7249412919698192
DEW,isobar,12.0,692.2222222222222,0.7348768663280132
DEW,isobar,12.0,694.4444444444445,0.7449315459065295
DEW,isobar,12.0,696.6666666666667,0.7551072269907244
DEW,isobar,12.0,698.8888888888889,0.765405972039834
DEW,isobar,12.0,701.1111111111111,0.7758299158566683
DEW,isobar,12.0,703.3333333333334,0.7863811969843107
DEW,isobar,12.0,705.5555555555555,0.7970620635455888
DEW,isobar,12.0,707.7777777777778,0.807874879332986
DEW,isobar,12.0,710.0,0.8188220170943484
DEW,isobar,12.5,490.0,0.180559266350189
DEW,isobar,12.5,492.22222222222223,0.18390844026594597
DEW,isobar,12.5,494.44444444444446,0.18730610450338056
DEW,isobar,12.5,496.6666666666667,0.19075273156220726
DEW,isobar,12.5,498.8888888888889,0.1942487824015308
DEW,isobar,12.5,501.1111111111111,0.19779474059016494
DEW,isobar,12.5,503.3333333333333,0.20139107059998593
DEW,isobar,12.5,505.55555555555554,0.20503824551435412
DEW,isobar,12.5,507.77777777777777,0.20873674776555834
DEW,isobar,12.5,510.0,0.21248705442316504
DEW,isobar,12.5,512.2222222222222,0.21628964439478604
DEW,isobar,12.5,514.4444444444445,0.2201449984674614
DEW,isobar,12.5,516.6666666666666,0.22405360755773088
DEW,isobar,12.5,518.8888888888889,0.2280159484665665
DEW,isobar,12.5,521.1111111111111,0.23203251644439074
DEW,isobar,12.5,523.3333333333334,0.23610380080051896
DEW,isobar,12.5,525.5555555555555,0.24023030187007394
DEW,isobar,12.5,527.7777777777778,0.24441249584378785
DEW,isobar,12.5,530.0,0.2486509058433924
DEW,isobar,12.5,532.2222222222222,0.2529460126360265
DEW,isobar,12.5,534.4444444444445,0.2572983267341172
DEW,isobar,12.5,536.6666666666666,0.26170835223901695
DEW,isobar,12.5,538.8888888888889,0.26617659596669996
DEW,isobar,12.5,541.1111111111111,0.2707035776490817
DEW,isobar,12.5,543.3333333333334,0.2752898001602383
DEW,isobar,12.5,545.5555555555555,0.27993578963856053
DEW,isobar,12.5,547.7777777777778,0.2846420655444468
DEW,isobar,12.5,550.0,0.28940915071026896
DEW,isobar,12.5,552.2222222222222,0.29423758255306265
DEW,isobar,12.5,554.4444444444445,0.2991278804683024
DEW,isobar,12.5,556.6666666666666,0.3040805898448476
DEW,isobar,12.5,558.8888888888889,0.30909623760323957
DEW,isobar,12.5,561.1111111111111,0.3141753897432489
DEW,isobar,12.5,563.3333333333334,0.31931857002211045
DEW,isobar,12.5,565.5555555555555,0.3245263544458032
DEW,isobar,12.5,567.7777777777778,0.32979930060621054
DEW,isobar,12.5,570.0,0.33513794573694045
DEW,isobar,12.5,572.2222222222222,0.34054289567777146
DEW,isobar,12.5,574.4444444444445,0.34601471180021065
DEW,isobar,12.5,576.6666666666666,0.35155396055047056
DEW,isobar,12.5,578.8888888888889,0.3571612548375351
DEW,isobar,12.5,581.1111111111111,0.362837174257521
DEW,isobar,12.5,583.3333333333334,0.3685823327842045
DEW,isobar,12.5,585.5555555555555,0.3743973382439926
DEW,isobar,12.5,587.7777777777778,0.38028279144899935
DEW,isobar,12.5,590.0,0.3862393301748136
DEW,isobar,12.5,592.2222222222222,0.3922675864793698
DEW,isobar,12.5,594.4444444444445,0.3983682168152813
DEW,isobar,12.5,596.6666666666666,0.40454184078712707
DEW,isobar,12.5,598.8888888888889,0.4107891658186789
DEW,isobar,12.5,601.1111111111111,0.41711083139337535
DEW,isobar,12.5,603.3333333333334,0.4235075187930353
DEW,isobar,12.5,605.5555555555555,0.42997995442232945
DEW,isobar,12.5,607.7777777777778,0.43652882740878046
DEW,isobar,12.5,610.0,0.443154838249972
DEW,isobar,12.5,612.2222222222222,0.44985875270184666
DEW,isobar,12.5,614.4444444444445,0.4566413165634704
DEW,isobar,12.5,616.6666666666666,0.4635032717257999
DEW,isobar,12.5,618.8888888888889,0.4704454114101418
DEW,isobar,12.5,621.1111111111111,0.4774685079513123
DEW,isobar,12.5,623.3333333333334,0.4845734071105833
DEW,isobar,12.5,625.5555555555555,0.49176089600760303
DEW,isobar,12.5,627.7777777777778,0.49903185747762946
DEW,isobar,12.5,630.0,0.5063871351434311
DEW,isobar,12.5,632.2222222222222,0.5138276120472336
DEW,isobar,12.5,634.4444444444445,0.5213542132983525
DEW,isobar,12.5,636.6666666666667,0.5289678445924546
DEW,isobar,12.5,638.8888888888889,0.5366694767734485
DEW,isobar,12.5,641.1111111111111,0.5444600840839134
DEW,isobar,12.5,643.3333333333334,0.552340665977699
DEW,isobar,12.5,645.5555555555555,0.5603122482714438
DEW,isobar,12.5,647.7777777777778,0.568375884342309
DEW,isobar,12.5,650.0,0.5765326563741395
DEW,isobar,12.5,652.2222222222222,0.5847837007522135
DEW,isobar,12.5,654.4444444444445,0.5931301379319524
DEW,isobar,12.5,656.6666666666667,0.6015731694450795
DEW,isobar,12.5,658.8888888888889,0.6101139821246401
DEW,isobar,12.5,661.1111111111111,0.6187538485015502
DEW,isobar,12.5,663.3333333333334,0.6274940540297643
DEW,isobar,12.5,665.5555555555555,0.6363359232275776
DEW,isobar,12.5,667.7777777777778,0.6452808213720735
DEW,isobar,12.5,670.0,0.654330156257898
DEW,isobar,12.5,672.2222222222222,0.6634854080836857
DEW,isobar,12.5,674.4444444444445,0.672748019583539
DEW,isobar,12.5,676.6666666666667,0.6821195939548274
DEW,isobar,12.5,678.8888888888889,0.6916017295124833
DEW,isobar,12.5,681.1111111111111,0.7011960469384536
DEW,isobar,12.5,683.3333333333334,0.7109042805631142
DEW,isobar,12.5,685.5555555555555,0.7207281925588127
DEW,isobar,12.5,687.7777777777778,0.7306695726956188
DEW,isobar,12.5,690.0,0.7407303345772597
DEW,isobar,12.5,692.2222222222222,0.7509124581901768
DEW,isobar,12.5,694.4444444444445,0.7612178926727957
DEW,isobar,12.5,696.6666666666667,0.7716487877024053
DEW,isobar,12.5,698.8888888888889,0.782207266492781
DEW,isobar,12.5,701.1111111111111,0.7928955602487578
DEW,isobar,12.5,703.3333333333334,0.8037159784281979
DEW,isobar,12.5,705.5555555555555,0.8146709482338524
DEW,isobar,12.5,707.7777777777778,0.8257629470317238
DEW,isobar,12.5,710.0,0.8369945024943154
DEW,isobar,15.0,490.0,0.19824668576103294
DEW,isobar,15.0,492.22222222222223,0.20192475104933763
DEW,isobar,15.0,494.44444444444446,0.20565618430723534
DEW,isobar,15.0,496.6666666666667,0.20944151851759862
DEW,isobar,15.0,498.8888888888889,0.2132812692685247
DEW,isobar,15.0,501.1111111111111,0.21717596813114518
DEW,isobar,15.0,503.3333333333333,0.2211261421626797
DEW,isobar,15.0,505.55555555555554,0.22513231325744992
DEW,isobar,15.0,507.77777777777777,0.22919502784504514
DEW,isobar,15.0,510.0,0.23331480881110092
DEW,isobar,15.0,512.2222222222222,0.2374922042736994
DEW,isobar,15.0,514.4444444444445,0.24172774565423466
DEW,isobar,15.0,516.6666666666666,0.24602198274100665
DEW,isobar,15.0,518.8888888888889,0.2503754560672495
DEW,isobar,15.0,521.1111111111111,0.25478872136400776
DEW,isobar,15.0,523.3333333333334,0.2592623248209392
DEW,isobar,15.0,525.5555555555555,0.2637968240748391
DEW,isobar,15.0,527.7777777777778,0.2683927711180103
DEW,isobar,15.0,530.0,0.2730507345172471
DEW,isobar,15.0,532.2222222222222,0.2777712774352491
DEW,isobar,15.0,534.4444444444445,0.28255496167082356
DEW,isobar,15.0,536.6666666666666,0.287402361904254
DEW,isobar,15.0,538.8888888888889,0.29231405684668
DEW,isobar,15.0,541.1111111111111,0.2972906193406382
DEW,isobar,15.0,543.3333333333334,0.30233264124036957
DEW,isobar,15.0,545.5555555555555,0.30744070888417485
DEW,isobar,15.0,547.7777777777778,0.3126154023490603
DEW,isobar,15.0,550.0,0.3178573271608837
DEW,isobar,15.0,552.2222222222222,0.32316708888505447
DEW,isobar,15.0,554.4444444444445,0.3285452872620634
DEW,isobar,15.0,556.6666666666666,0.3339925383015651
DEW,isobar,15.0,558.8888888888889,0.3395094522730853
DEW,isobar,15.0,561.1111111111111,0.3450966625565347
DEW,isobar,15.0,563.3333333333334,0.35075479734839904
DEW,isobar,15.0,565.5555555555555,0.35648449118344144
DEW,isobar,15.0,567.7777777777778,0.3622863727452973
DEW,isobar,15.0,570.0,0.36816111496750625
DEW,isobar,15.0,572.2222222222222,0.37410936104843595
DEW,isobar,15.0,574.4444444444445,0.380131787328396
DEW,isobar,15.0,576.6666666666666,0.3862290523200681
DEW,isobar,15.0,578.8888888888889,0.39240184937694816
DEW,isobar,15.0,581.1111111111111,0.39865085392208066
DEW,isobar,15.0,583.3333333333334,0.4049767921659804
DEW,isobar,15.0,585.5555555555555,0.41138034456762673
DEW,isobar,15.0,587.7777777777778,0.41786225845452957
DEW,isobar,15.0,590.0,0.42442324932989994
DEW,isobar,15.0,592.2222222222222,0.43106405820441696
DEW,isobar,15.0,594.4444444444445,0.4377854534443347
DEW,isobar,15.0,596.6666666666666,0.4445882013356703
DEW,isobar,15.0,598.8888888888889,0.4514730653873122
DEW,isobar,15.0,601.1111111111111,0.458440854305506
DEW,isobar,15.0,603.3333333333334,0.465492375897653
DEW,isobar,15.0,605.5555555555555,0.47262845320632496
DEW,isobar,15.0,607.7777777777778,0.47984994234960215
DEW,isobar,15.0,610.0,0.4871576739305741
DEW,isobar,15.0,612.2222222222222,0.4945525474272922
DEW,isobar,15.0,614.4444444444445,0.5020354286118205
DEW,isobar,15.0,616.6666666666666,0.5096072739616194
DEW,isobar,15.0,618.8888888888889,0.5172689796132605
DEW,isobar,15.0,621.1111111111111,0.5250215172585625
DEW,isobar,15.0,623.3333333333334,0.5328658436623597
DEW,isobar,15.0,625.5555555555555,0.5408029963951716
DEW,isobar,15.0,627.7777777777778,0.548833980418731
DEW,isobar,15.0,630.0,0.5569598655335746
DEW,isobar,15.0,632.2222222222222,0.5651816879890813
DEW,isobar,15.0,634.4444444444445,0.5735005931987982
DEW,isobar,15.0,636.6666666666667,0.5819177162314357
DEW,isobar,15.0,638.8888888888889,0.5904342013435611
DEW,isobar,15.0,641.1111111111111,0.5990512676909684
DEW,isobar,15.0,643.3333333333334,0.6077701472626371
DEW,isobar,15.0,645.5555555555555,0.6165920959870013
DEW,isobar,15.0,647.7777777777778,0.6255184291618806
DEW,isobar,15.0,650.0,0.6345505014997485
DEW,isobar,15.0,652.2222222222222,0.6436896849269432
DEW,isobar,15.0,654.4444444444445,0.6529374049913705
DEW,isobar,15.0,656.6666666666667,0.6622951561773259
DEW,isobar,15.0,658.8888888888889,0.6717644302804526
DEW,isobar,15.0,661.1111111111111,0.6813467912327202
DEW,isobar,15.0,663.3333333333334,0.691043879364386
DEW,isobar,15.0,665.5555555555555,0.7008573627384683
DEW,isobar,15.0,667.7777777777778,0.7107889642747683
DEW,isobar,15.0,670.0,0.7208404366558826
DEW,isobar,15.0,672.2222222222222,0.7310136463402307
DEW,isobar,15.0,674.4444444444445,0.7413105240033733
DEW,isobar,15.0,676.6666666666667,0.7517329804728458
DEW,isobar,15.0,678.8888888888889,0.7622831082128544
DEW,isobar,15.0,681.1111111111111,0.7729629545736176
DEW,isobar,15.0,683.3333333333334,0.7837747584413661
DEW,isobar,15.0,685.5555555555555,0.7947207776879337
DEW,isobar,15.0,687.7777777777778,0.8058033187227492
DEW,isobar,15.0,690.0,0.8170248013295663
DEW,isobar,15.0,692.2222222222222,0.8283877648859094
DEW,isobar,15.0,694.4444444444445,0.8398948082971845
DEW,isobar,15.0,696.6666666666667,0.8515485908756201
DEW,isobar,15.0,698.8888888888889,0.8633519366760131
DEW,isobar,15.0,701.1111111111111,0.8753077392336783
DEW,isobar,15.0,703.3333333333334,0.8874189984385609
DEW,isobar,15.0,705.5555555555555,0.8996888066359063
DEW,isobar,15.0,707.7777777777778,0.9121204070541798
DEW,isobar,15.0,710.0,0.9247171639988753
DEW,isobar,17.5,490.0,0.2156536940456647
DEW,isobar,17.5,492.22222222222223,0.21964966259713564
DEW,isobar,17.5,494.44444444444446,0.22370359162864367
DEW,isobar,17.5,496.6666666666667,0.22781604564970392
DEW,isobar,17.5,498.8888888888889,0.23198759568291816
DEW,isobar,17.5,501.1111111111111,0.23621881900672254
DEW,isobar,17.5,503.3333333333333,0.2405102958912557
DEW,isobar,17.5,505.55555555555554,0.2448626021890719
DEW,isobar,17.5,507.77777777777777,0.2492763239388955
DEW,isobar,17.5,510.0,0.25375204261689505
DEW,isobar,17.5,512.2222222222222,0.2582903542833423
DEW,isobar,17.5,514.4444444444445,0.2628918506105913
DEW,isobar,17.5,516.6666666666666,0.26755711822857364
DEW,isobar,17.5,518.8888888888889,0.2722867715762599
DEW,isobar,17.5,521.1111111111111,0.27708139984195274
DEW,isobar,17.5,523.3333333333334,0.28194162087898234
DEW,isobar,17.5,525.5555555555555,0.2868680305438627
DEW,isobar,17.5,527.7777777777778,0.2918612590935691
DEW,isobar,17.5,530.0,0.296921905222179
DEW,isobar,17.5,532.2222222222222,0.30205060783282994
DEW,isobar,17.5,534.4444444444445,0.3072479875627419
DEW,isobar,17.5,536.6666666666666,0.31251467397693566
DEW,isobar,17.5,538.8888888888889,0.31785130123613015
DEW,isobar,17.5,541.1111111111111,0.3232585082936865
DEW,isobar,17.5,543.3333333333334,0.3287369493794184
DEW,isobar,17.5,545.5555555555555,0.3342872690067885
DEW,isobar,17.5,547.7777777777778,0.33991011678485744
DEW,isobar,17.5,550.0,0.3456061693500706
DEW,isobar,17.5,552.2222222222222,0.35137608288547495
DEW,isobar,17.5,554.4444444444445,0.35722053592557446
DEW,isobar,17.5,556.6666666666666,0.363140208250923
DEW,isobar,17.5,558.8888888888889,0.3691357923564489
DEW,isobar,17.5,561.1111111111111,0.37520797651223614
DEW,isobar,17.5,563.3333333333334,0.3813574742572719
DEW,isobar,17.5,565.5555555555555,0.38758498949730363
DEW,isobar,17.5,567.7777777777778,0.39389124030663253
DEW,isobar,17.5,570.0,0.40027695351293896
DEW,isobar,17.5,572.2222222222222,0.40674287809000415
DEW,isobar,17.5,574.4444444444445,0.41328974719684075
DEW,isobar,17.5,576.6666666666666,0.4199183300489895
DEW,isobar,17.5,578.8888888888889,0.42662939378139614
DEW,isobar,17.5,581.1111111111111,0.4334237028165573
DEW,isobar,17.5,583.3333333333334,0.44030207476884003
DEW,isobar,17.5,585.5555555555555,0.4472652839890698
DEW,isobar,17.5,587.7777777777778,0.45431417434764304
DEW,isobar,17.5,590.0,0.4614495606468172
DEW,isobar,17.5,592.2222222222222,0.46867229368366736
DEW,isobar,17.5,594.4444444444445,0.47598323206381143
DEW,isobar,17.5,596.6666666666666,0.4833832501435478
DEW,isobar,17.5,598.8888888888889,0.49087323881414063
DEW,isobar,17.5,601.1111111111111,0.498454114438764
DEW,isobar,17.5,603.3333333333334,0.5061268039022853
DEW,isobar,17.5,605.5555555555555,0.5138922532211432
DEW,isobar,17.5,607.7777777777778,0.5217514199450389
DEW,isobar,17.5,610.0,0.5297053168544912
DEW,isobar,17.5,612.2222222222222,0.537754927573665
DEW,isobar,17.5,614.4444444444445,0.5459013110499243
DEW,isobar,17.5,616.6666666666666,0.5541455066522353
DEW,isobar,17.5,618.8888888888889,0.5624886059137043
DEW,isobar,17.5,621.1111111111111,0.570931727723758
DEW,isobar,17.5,623.3333333333334,0.579476000401601
DEW,isobar,17.5,625.5555555555555,0.5881226005658402
DEW,isobar,17.5,627.7777777777778,0.5968727263279422
DEW,isobar,17.5,630.0,0.605727597937771
DEW,isobar,17.5,632.2222222222222,0.6146884996310933
DEW,isobar,17.5,634.4444444444445,0.6237567210101838
DEW,isobar,17.5,636.6666666666667,0.6329336093360199
DEW,isobar,17.5,638.8888888888889,0.6422205297292285
DEW,isobar,17.5,641.1111111111111,0.6516189092290761
DEW,isobar,17.5,643.3333333333334,0.6611302069189633
DEW,isobar,17.5,645.5555555555555,0.6707559263658697
DEW,isobar,17.5,647.7777777777778,0.6804976292631494
DEW,isobar,17.5,650.0,0.6903569031886617
DEW,isobar,17.5,652.2222222222222,0.7003354098139939
DEW,isobar,17.5,654.4444444444445,0.7104348404485392
DEW,isobar,17.5,656.6666666666667,0.7206569660257443
DEW,isobar,17.5,658.8888888888889,0.7310036164665822
DEW,isobar,17.5,661.1111111111111,0.7414766576481717
DEW,isobar,17.5,663.3333333333334,0.7520780311301499
DEW,isobar,17.5,665.5555555555555,0.7628097447807509
DEW,isobar,17.5,667.7777777777778,0.7736739027571723
DEW,isobar,17.5,670.0,0.7846726283747536
DEW,isobar,17.5,672.2222222222222,0.7958081605495257
DEW,isobar,17.5,674.4444444444445,0.8070828179541191
DEW,isobar,17.5,676.6666666666667,0.8184989590161076
DEW,isobar,17.5,678.8888888888889,0.8300590849405051
DEW,isobar,17.5,681.1111111111111,0.8417657284440584
DEW,isobar,17.5,683.3333333333334,0.8536216051420333
DEW,isobar,17.5,685.5555555555555,0.8656294079066293
DEW,isobar,17.5,687.7777777777778,0.8777920216962605
DEW,isobar,17.5,690.0,0.8901124233635694
DEW,isobar,17.5,692.2222222222222,0.9025936683816789
DEW,isobar,17.5,694.4444444444445,0.9152389259641642
DEW,isobar,17.5,696.6666666666667,0.9280515518253782
DEW,isobar,17.5,698.8888888888889,0.9410349261436493
DEW,isobar,17.5,701.1111111111111,0.9541926610148601
DEW,isobar,17.5,703.3333333333334,0.9675283998183897
DEW,isobar,17.5,705.5555555555555,0.981046032542962
DEW,isobar,17.5,707.7777777777778,0.9947495251693665
DEW,isobar,17.5,710.0,1.0086429948257511
DEW,isobar,20.0,495.0,0.24264947671074658
DEW,isobar,20.0,496.1111111111111,0.2448651477354038
DEW,isobar,20.0,497.22222222222223,0.24709666937344496
DEW,isobar,20.0,498.3333333333333,0.2493441188048873
DEW,isobar,20.0,499.44444444444446,0.2516075734290291
DEW,isobar,20.0,500.55555555555554,0.2538871072344346
DEW,isobar,20.0,501.6666666666667,0.25618280155379203
DEW,isobar,20.0,502.77777777777777,0.2584947343825825
DEW,isobar,20.0,503.8888888888889,0.2608229839202373
DEW,isobar,20.0,505.0,0.26316762857279663
DEW,isobar,20.0,506.1111111111111,0.265528746955624
DEW,isobar,20.0,507.22222222222223,0.2679064178963209
DEW,isobar,20.0,508.3333333333333,0.27030072043766057
DEW,isobar,20.0,509.44444444444446,0.2727117299473432
DEW,isobar,20.0,510.55555555555554,0.2751395375883703
DEW,isobar,20.0,511.6666666666667,0.27758421138795664
DEW,isobar,20.0,512.7777777777778,0.2800458351755034
DEW,isobar,20.0,513.8888888888889,0.28252448911898803
DEW,isobar,20.0,515.0,0.2850202577037077
DEW,isobar,20.0,516.1111111111111,0.28753321344841715
DEW,isobar,20.0,517.2222222222222,0.2900634454424845
DEW,isobar,20.0,518.3333333333334,0.2926110349382224
DEW,isobar,20.0,519.4444444444445,0.29517605920451523
DEW,isobar,20.0,520.5555555555555,0.2977585956099248
DEW,isobar,20.0,521.6666666666666,0.3003587388930779
DEW,isobar,20.0,522.7777777777778,0.30297655839563664
DEW,isobar,20.0,523.8888888888889,0.3056121452374278
DEW,isobar,20.0,525.0,0.3082655822620099
DEW,isobar,20.0,526.1111111111111,0.3109369436354937
DEW,isobar,20.0,527.2222222222222,0.3136263260905959
DEW,isobar,20.0,528.3333333333334,0.31633380433389335
DEW,isobar,20.0,529.4444444444445,0.31905946224901705
DEW,isobar,20.0,530.5555555555555,0.3218033886731783
DEW,isobar,20.0,531.6666666666666,0.32456566354256977
DEW,isobar,20.0,532.7777777777778,0.3273463764098282
DEW,isobar,20.0,533.8888888888889,0.3301456125473756
DEW,isobar,20.0,535.0,0.3329634575604891
DEW,isobar,20.0,536.1111111111111,0.33579999252782144
DEW,isobar,20.0,537.2222222222222,0.33865530851954057
DEW,isobar,20.0,538.3333333333334,0.341529487225959
DEW,isobar,20.0,539.4444444444445,0.34442262552330666
DEW,isobar,20.0,540.5555555555555,0.3473348008330505
DEW,isobar,20.0,541.6666666666666,0.35026610586900697
DEW,isobar,20.0,542.7777777777778,0.3532166287761703
DEW,isobar,20.0,543.8888888888889,0.3561864580956639
DEW,isobar,20.0,545.0,0.3591756775407828
DEW,isobar,20.0,546.1111111111111,0.362184386890771
DEW,isobar,20.0,547.2222222222222,0.3652126654162192
DEW,isobar,20.0,548.3333333333334,0.36826061394353665
DEW,isobar,20.0,549.4444444444445,0.37132831243000647
DEW,isobar,20.0,550.5555555555555,0.3744158627925097
DEW,isobar,20.0,551.6666666666666,0.3775233457136794
DEW,isobar,20.0,552.7777777777778,0.38065086424653155
DEW,isobar,20.0,553.8888888888889,0.3837984998400042
DEW,isobar,20.0,555.0,0.3869663567314646
DEW,isobar,20.0,556.1111111111111,0.3901545286260159
DEW,isobar,20.0,557.2222222222222,0.3933630982054598
DEW,isobar,20.0,558.3333333333334,0.3965921657550114
DEW,isobar,20.0,559.4444444444445,0.39984183231368575
DEW,isobar,20.0,560.5555555555555,0.40311218783145236
DEW,isobar,20.0,561.6666666666666,0.4064033286082429
DEW,isobar,20.0,562.7777777777778,0.4097153575690922
DEW,isobar,20.0,563.8888888888889,0.4130483662786399
DEW,isobar,20.0,565.0,0.4164024528502061
DEW,isobar,20.0,566.1111111111111,0.41977772222833104
DEW,isobar,20.0,567.2222222222222,0.42317426772182726
DEW,isobar,20.0,568.3333333333334,0.4265921893941591
DEW,isobar,20.0,569.4444444444445,0.4300315943534604
DEW,isobar,20.0,570.5555555555555,0.43349257779299644
DEW,isobar,20.0,571.6666666666666,0.4369752483493324
DEW,isobar,20.0,572.7777777777778,0.4404797090880381
DEW,isobar,20.0,573.8888888888889,0.4440060506509881
DEW,isobar,20.0,575.0,0.4475543972258759
DEW,isobar,20.0,576.1111111111111,0.45112484096022243
DEW,isobar,20.0,577.2222222222222,0.4547174946381503
DEW,isobar,20.0,578.3333333333334,0.45833245846418247
DEW,isobar,20.0,579.4444444444445,0.46196985390377066
DEW,isobar,20.0,580.5555555555555,0.4656297690631191
DEW,isobar,20.0,581.6666666666666,0.469312334236225
DEW,isobar,20.0,582.7777777777778,0.47301764604346047
DEW,isobar,20.0,583.8888888888889,0.47674582293154133
DEW,isobar,20.0,585.0,0.48049697736915686
DEW,isobar,20.0,586.1111111111111,0.48427121556411445
DEW,isobar,20.0,587.2222222222222,0.48806866641960345
DEW,isobar,20.0,588.3333333333334,0.49188943088070697
DEW,isobar,20.0,589.4444444444445,0.4957336327636843
DEW,isobar,20.0,590.5555555555555,0.4996013972282171
DEW,isobar,20.0,591.6666666666666,0.5034928205398603
DEW,isobar,20.0,592.7777777777778,0.5074080527562808
DEW,isobar,20.0,593.8888888888889,0.5113471845667367
DEW,isobar,20.0,595.0,0.5153103611595861
DEW,isobar,20.0,596.1111111111111,0.5192976984237747
DEW,isobar,20.0,597.2222222222222,0.5233093211418597
DEW,isobar,20.0,598.3333333333334,0.5273453553886446
DEW,isobar,20.0,599.4444444444445,0.5314059285628594
DEW,isobar,20.0,600.5555555555555,0.535491169419761
DEW,isobar,20.0,601.6666666666666,0.5396012162775021
DEW,isobar,20.0,602.7777777777778,0.5437361844286128
DEW,isobar,20.0,603.8888888888889,0.5478962233181086
DEW,isobar,20.0,605.0,0.5520814509115167
DEW,psat,3.16674874006291e-05,25.0,0.00018431129558946856
DEW,psat,3.8971296034890025e-05,28.525252525252526,0.00019858324978439426
DEW,psat,4.770372635983489e-05,32.05050505050505,0.0002138497028495159
DEW,psat,5.8093119737924695e-05,35.57575757575758,0.00023016307686778958
DEW,psat,7.039572688496795e-05,39.101010101010104,0.00024757797131715005
DEW,psat,8.48979454804781e-05,42.62626262626263,0.0002661511634930234
DEW,psat,0.00010191861255354801,46.15151515151515,0.00028578280688926227
DEW,psat,0.00012181134269627938,49.676767676767675,0.00030594317618248866
DEW,psat,0.00014496690272637378,53.2020202020202,0.00032743032051305986
DEW,psat,0.0001718156130765712,56.72727272727273,0.000350308700893807
DEW,psat,0.00020282976593169125,60.25252525252525,0.0003746455962056468
DEW,psat,0.00023852604996343644,63.77777777777778,0.00040051128470443444
DEW,psat,0.0002794679714270711,67.3030303030303,0.0004279786784179529
DEW,psat,0.0003262682613799407,70.82828282828282,0.00045712361306681355
DEW,psat,0.00037959125885595255,74.35353535353535,0.0004880246044371195
DEW,psat,0.00044015525997838205,77.87878787878788,0.0005207629015738857
DEW,psat,0.0005087348232109338,81.4040404040404,0.0005554224541498313
DEW,psat,0.0005861630212284873,84.92929292929293,0.000592090020646648
DEW,psat,0.0006733336302288337,88.45454545454545,0.0006308549158279467
DEW,psat,0.000771203247899121,91.97979797979798,0.0006718092600325139
DEW,psat,0.0008807933316895004,95.5050505050505,0.000715047752805535
DEW,psat,0.0010031921495257904,99.03030303030303,0.0007606677972637308
DEW,psat,0.0011395566356065194,102.55555555555556,0.0008087694126070609
DEW,psat,0.0012911141444717424,106.08080808080808,0.0008594552621273322
DEW,psat,0.0014591640970957162,109.6060606060606,0.0009128303729359341
DEW,psat,0.0016450795133371896,113.13131313131312,0.0009690025373215968
DEW,psat,0.0018503084256746045,116.65656565656565,0.0010280816817471489
DEW,psat,0.0020763751697535993,120.18181818181817,0.0010901802832045256
DEW,psat,0.0023248815478766408,123.7070707070707,0.0011554130256123051
DEW,psat,0.0025975078621642976,127.23232323232322,0.0012238971403915949
DEW,psat,0.002896013814711435,130.75757575757575,0.0012957512818639987
DEW,psat,0.0032222392726451747,134.2828282828283,0.0013710966379398835
DEW,psat,0.003578104896561738,137.8080808080808,0.0014500561367992687
DEW,psat,0.0039656126313736195,141.33333333333331,0.001532754244098838
DEW,psat,0.004386846059133994,144.85858585858585,0.00161931706404988
DEW,psat,0.004843970613919506,148.3838383838384,0.0017098721912164082
DEW,psat,0.005339233659344778,151.9090909090909,0.0018045481697460896
DEW,psat,0.005874964429748883,155.43434343434342,0.0019034745945541278
DEW,psat,0.006453573836535782,158.95959595959596,0.002006781474342275
DEW,psat,0.007077554141565978,162.48484848484847,0.0021145997870336292
DEW,psat,0.007749478499884221,166.010101010101,0.002227059903363971
DEW,psat,0.008472000374428095,169.53535353535352,0.002344292576112453
DEW,psat,0.009247852825694333,173.06060606060606,0.002466428239200219
DEW,psat,0.010079847679643652,176.58585858585857,0.002593595506402025
DEW,psat,0.010970874577400971,180.11111111111111,0.00272592202924043
DEW,psat,0.011923899910556573,183.63636363636363,0.002863533857810634
DEW,psat,0.012941965646094818,187.16161616161617,0.003006555020381452
DEW,psat,0.014028188045172833,190.68686868686868,0.0031551063203934023
DEW,psat,0.015185756280140418,194.2121212121212,0.003309305028711468
DEW,psat,0.016417930954337075,197.73737373737373,0.0034692638057909823
DEW,psat,0.017728042529322485,201.26262626262624,0.003635093477751651
DEW,psat,0.019119489664294793,204.78787878787878,0.0038068955615644814
DEW,psat,0.020595737472526184,208.3131313131313,0.003984768357324436
DEW,psat,0.022160315699699673,211.83838383838383,0.004168801712352835
DEW,psat,0.023816816829067538,215.36363636363635,0.0043590779431896395
DEW,psat,0.025568894118365475,218.88888888888889,0.0045556710131531486
DEW,psat,0.027420259573418752,222.4141414141414,0.004758644393280638
DEW,psat,0.029374681863355748,225.93939393939394,0.0049680497847148395
DEW,psat,0.0314359841823141,229.46464646464645,0.0051839300108869266
DEW,psat,0.03360804206247664,232.989898989899,0.005406309722957279
DEW,psat,0.03589478114321435,236.5151515151515,0.005635200595184158
DEW,psat,0.03830017490104275,240.04040404040404,0.005870598827116403
DEW,psat,0.04082824234501484,243.56565656565655,0.006112480324168656
DEW,psat,0.04348304568208156,247.0909090909091,0.006360803985995632
DEW,psat,0.04626868795684949,250.6161616161616,0.00661550482544042
DEW,psat,0.04918931067005719,254.14141414141412,
DEW,psat,0.052249091379974154,257.66666666666663,
DEW,psat,0.05545224129080594,261.19191919191917,0.007416839137137058
DEW,psat,0.05880300283206092,264.7171717171717,0.007695881912291784
DEW,psat,0.062305647232702675,268.24242424242425,0.007980567887617227
DEW,psat,0.06596447209377618,271.7676767676768,0.008270644785787856
DEW,psat,0.06978379896305821,275.2929292929293,0.008565827878414712
DEW,psat,0.0737679709151438,278.8181818181818,0.008865781131247858
DEW,psat,0.07792135014023042,282.34343434343435,0.009170124215317911
DEW,psat,0.08224831554473254,285.86868686868684,0.009478403561918867
DEW,psat,0.08675326036669773,289.3939393939394,0.009790131150727587
DEW,psat,0.091440589808867,292.9191919191919,0.010104728506991636
DEW,psat,0.09631471869206858,296.44444444444446,0.010421560259916404
DEW,psat,0.10138006913149601,299.96969696969694,0.01073990050806838
DEW,psat,0.10664106823827953,303.4949494949495,0.011058923497920281
DEW,psat,0.1121021458486162,307.020202020202,0.011377711124821626
DEW,psat,0.11776773228259453,310.5454545454545,0.011695228251366834
DEW,psat,0.12364225613470231,314.07070707070704,0.012010292787389245
DEW,psat,0.12973014209788256,317.5959595959596,0.012321579982767564
DEW,psat,0.1360358088228683,321.1212121212121,0.012627589510414984
DEW,psat,0.14256366681439595,324.6464646464646,0.012926595661335624
DEW,psat,0.1493181163657802,328.17171717171715,0.013216656752351428
DEW,psat,0.15630354553320006,331.6969696969697,0.013495477589341356
DEW,psat,0.1635243281509449,335.22222222222223,0.013760477457639784
DEW,psat,0.17098482188873196,338.7474747474747,0.014008522043663747
DEW,psat,0.1786893663521207,342.27272727272725,0.01423594624298028
DEW,psat,0.18664228122691862,345.7979797979798,0.014438219459808171
DEW,psat,0.19484786446838742,349.32323232323233,1.367167198719544e-07
DEW,psat,0.20331039053594835,352.8484848484848,2.8799271034699987e-07
DEW,psat,0.21203410867399128,356.37373737373736,5.776509611417269e-07
DEW,psat,0.2210232412393035,359.8989898989899,1.1118449479890653e-06
DEW,psat,0.23028198207553469,363.4242424242424,2.0617645056010916e-06
DEW,psat,0.239814494935051,366.9494949494949,3.694775481906681e-06
DEW,psat,0.24962491194841668,370.47474747474746,6.41330383442426e-06
DEW,psat,0.2597173321417023,374.0,1.0806125032682202e-05
