backend,curve_type,P_kbar,T_C,molality
PerplexDEW (ExtendedDH),isobar,0.000293842,19.0,388.5590454325439
PerplexDEW (ExtendedDH),isobar,0.000293842,20.01010101010101,388.5590454325439
PerplexDEW (ExtendedDH),isobar,0.000293842,21.02020202020202,388.5590454325439
PerplexDEW (ExtendedDH),isobar,0.000293842,22.03030303030303,388.5590454325439
PerplexDEW (ExtendedDH),isobar,0.000293842,23.04040404040404,
PerplexDEW (ExtendedDH),isobar,0.000293842,24.050505050505052,
PerplexDEW (ExtendedDH),isobar,0.000293842,25.060606060606062,
PerplexDEW (ExtendedDH),isobar,0.000293842,26.070707070707073,
PerplexDEW (ExtendedDH),isobar,0.000293842,27.080808080808083,
PerplexDEW (ExtendedDH),isobar,0.000293842,28.090909090909093,
PerplexDEW (ExtendedDH),isobar,0.000293842,29.101010101010104,
PerplexDEW (ExtendedDH),isobar,0.000293842,30.111111111111114,
PerplexDEW (ExtendedDH),isobar,0.000293842,31.12121212121212,
PerplexDEW (ExtendedDH),isobar,0.000293842,32.131313131313135,
PerplexDEW (ExtendedDH),isobar,0.000293842,33.141414141414145,
PerplexDEW (ExtendedDH),isobar,0.000293842,34.151515151515156,
PerplexDEW (ExtendedDH),isobar,0.000293842,35.161616161616166,
PerplexDEW (ExtendedDH),isobar,0.000293842,36.17171717171718,
PerplexDEW (ExtendedDH),isobar,0.000293842,37.18181818181819,
PerplexDEW (ExtendedDH),isobar,0.000293842,38.1919191919192,
PerplexDEW (ExtendedDH),isobar,0.000293842,39.20202020202021,
PerplexDEW (ExtendedDH),isobar,0.000293842,40.21212121212122,
PerplexDEW (ExtendedDH),isobar,0.000293842,41.22222222222223,
PerplexDEW (ExtendedDH),isobar,0.000293842,42.23232323232324,
PerplexDEW (ExtendedDH),isobar,0.000293842,43.24242424242424,
PerplexDEW (ExtendedDH),isobar,0.000293842,44.25252525252525,
PerplexDEW (ExtendedDH),isobar,0.000293842,45.26262626262626,
PerplexDEW (ExtendedDH),isobar,0.000293842,46.27272727272727,
PerplexDEW (ExtendedDH),isobar,0.000293842,47.282828282828284,
PerplexDEW (ExtendedDH),isobar,0.000293842,48.292929292929294,
PerplexDEW (ExtendedDH),isobar,0.000293842,49.303030303030305,
PerplexDEW (ExtendedDH),isobar,0.000293842,50.313131313131315,
PerplexDEW (ExtendedDH),isobar,0.000293842,51.323232323232325,
PerplexDEW (ExtendedDH),isobar,0.000293842,52.333333333333336,
PerplexDEW (ExtendedDH),isobar,0.000293842,53.343434343434346,
PerplexDEW (ExtendedDH),isobar,0.000293842,54.35353535353536,
PerplexDEW (ExtendedDH),isobar,0.000293842,55.36363636363637,
PerplexDEW (ExtendedDH),isobar,0.000293842,56.37373737373738,
PerplexDEW (ExtendedDH),isobar,0.000293842,57.38383838383839,
PerplexDEW (ExtendedDH),isobar,0.000293842,58.3939393939394,
PerplexDEW (ExtendedDH),isobar,0.000293842,59.40404040404041,
PerplexDEW (ExtendedDH),isobar,0.000293842,60.41414141414142,
PerplexDEW (ExtendedDH),isobar,0.000293842,61.42424242424243,
PerplexDEW (ExtendedDH),isobar,0.000293842,62.43434343434344,
PerplexDEW (ExtendedDH),isobar,0.000293842,63.44444444444445,
PerplexDEW (ExtendedDH),isobar,0.000293842,64.45454545454547,
PerplexDEW (ExtendedDH),isobar,0.000293842,65.46464646464648,
PerplexDEW (ExtendedDH),isobar,0.000293842,66.47474747474749,
PerplexDEW (ExtendedDH),isobar,0.000293842,67.48484848484848,
PerplexDEW (ExtendedDH),isobar,0.000293842,68.4949494949495,
PerplexDEW (ExtendedDH),isobar,0.000293842,69.5050505050505,
PerplexDEW (ExtendedDH),isobar,0.000293842,70.51515151515152,
PerplexDEW (ExtendedDH),isobar,0.000293842,71.52525252525253,
PerplexDEW (ExtendedDH),isobar,0.000293842,72.53535353535354,
PerplexDEW (ExtendedDH),isobar,0.000293842,73.54545454545455,
PerplexDEW (ExtendedDH),isobar,0.000293842,74.55555555555556,
PerplexDEW (ExtendedDH),isobar,0.000293842,75.56565656565657,
PerplexDEW (ExtendedDH),isobar,0.000293842,76.57575757575758,
PerplexDEW (ExtendedDH),isobar,0.000293842,77.58585858585859,
PerplexDEW (ExtendedDH),isobar,0.000293842,78.5959595959596,
PerplexDEW (ExtendedDH),isobar,0.000293842,79.60606060606061,
PerplexDEW (ExtendedDH),isobar,0.000293842,80.61616161616162,
PerplexDEW (ExtendedDH),isobar,0.000293842,81.62626262626263,
PerplexDEW (ExtendedDH),isobar,0.000293842,82.63636363636364,
PerplexDEW (ExtendedDH),isobar,0.000293842,83.64646464646465,
PerplexDEW (ExtendedDH),isobar,0.000293842,84.65656565656566,
PerplexDEW (ExtendedDH),isobar,0.000293842,85.66666666666667,
PerplexDEW (ExtendedDH),isobar,0.000293842,86.67676767676768,
PerplexDEW (ExtendedDH),isobar,0.000293842,87.68686868686869,
PerplexDEW (ExtendedDH),isobar,0.000293842,88.6969696969697,
PerplexDEW (ExtendedDH),isobar,0.000293842,89.70707070707071,
PerplexDEW (ExtendedDH),isobar,0.000293842,90.71717171717172,
PerplexDEW (ExtendedDH),isobar,0.000293842,91.72727272727273,
PerplexDEW (ExtendedDH),isobar,0.000293842,92.73737373737374,
PerplexDEW (ExtendedDH),isobar,0.000293842,93.74747474747475,
PerplexDEW (ExtendedDH),isobar,0.000293842,94.75757575757576,
PerplexDEW (ExtendedDH),isobar,0.000293842,95.76767676767678,
PerplexDEW (ExtendedDH),isobar,0.000293842,96.77777777777779,
PerplexDEW (ExtendedDH),isobar,0.000293842,97.7878787878788,
PerplexDEW (ExtendedDH),isobar,0.000293842,98.7979797979798,
PerplexDEW (ExtendedDH),isobar,0.000293842,99.80808080808082,
PerplexDEW (ExtendedDH),isobar,0.000293842,100.81818181818183,
PerplexDEW (ExtendedDH),isobar,0.000293842,101.82828282828284,
PerplexDEW (ExtendedDH),isobar,0.000293842,102.83838383838385,
PerplexDEW (ExtendedDH),isobar,0.000293842,103.84848484848486,
PerplexDEW (ExtendedDH),isobar,0.000293842,104.85858585858587,
PerplexDEW (ExtendedDH),isobar,0.000293842,105.86868686868688,
PerplexDEW (ExtendedDH),isobar,0.000293842,106.87878787878789,
PerplexDEW (ExtendedDH),isobar,0.000293842,107.8888888888889,
PerplexDEW (ExtendedDH),isobar,0.000293842,108.89898989898991,
PerplexDEW (ExtendedDH),isobar,0.000293842,109.90909090909092,
PerplexDEW (ExtendedDH),isobar,0.000293842,110.91919191919193,
PerplexDEW (ExtendedDH),isobar,0.000293842,111.92929292929294,
PerplexDEW (ExtendedDH),isobar,0.000293842,112.93939393939395,
PerplexDEW (ExtendedDH),isobar,0.000293842,113.94949494949496,
PerplexDEW (ExtendedDH),isobar,0.000293842,114.95959595959597,
PerplexDEW (ExtendedDH),isobar,0.000293842,115.96969696969697,
PerplexDEW (ExtendedDH),isobar,0.000293842,116.97979797979798,
PerplexDEW (ExtendedDH),isobar,0.000293842,117.98989898989899,
PerplexDEW (ExtendedDH),isobar,0.000293842,119.0,
PerplexDEW (ExtendedDH),isobar,0.000557288,34.0,0.0002256530709069857
PerplexDEW (ExtendedDH),isobar,0.000557288,35.01010101010101,0.000230135838690779
PerplexDEW (ExtendedDH),isobar,0.000557288,36.02020202020202,0.00023470837549163247
PerplexDEW (ExtendedDH),isobar,0.000557288,37.03030303030303,0.00023937180106512067
PerplexDEW (ExtendedDH),isobar,0.000557288,38.04040404040404,0.00024412732646593958
PerplexDEW (ExtendedDH),isobar,0.000557288,39.05050505050505,0.0002489761466690035
PerplexDEW (ExtendedDH),isobar,0.000557288,40.06060606060606,0.0002539194837385882
PerplexDEW (ExtendedDH),isobar,0.000557288,41.07070707070707,0.00025895860320949944
PerplexDEW (ExtendedDH),isobar,0.000557288,42.08080808080808,0.00026409478019209375
PerplexDEW (ExtendedDH),isobar,0.000557288,43.09090909090909,0.0002693293328471189
PerplexDEW (ExtendedDH),isobar,0.000557288,44.101010101010104,0.00027466356827252373
PerplexDEW (ExtendedDH),isobar,0.000557288,45.111111111111114,0.00028009887293087217
PerplexDEW (ExtendedDH),isobar,0.000557288,46.121212121212125,0.0002856366018353391
PerplexDEW (ExtendedDH),isobar,0.000557288,47.131313131313135,0.00029127813123086934
PerplexDEW (ExtendedDH),isobar,0.000557288,48.141414141414145,0.00029702489949197977
PerplexDEW (ExtendedDH),isobar,0.000557288,49.151515151515156,0.0003028783485478292
PerplexDEW (ExtendedDH),isobar,0.000557288,50.161616161616166,0.00030883992112100395
PerplexDEW (ExtendedDH),isobar,0.000557288,51.17171717171718,0.00031491112460314407
PerplexDEW (ExtendedDH),isobar,0.000557288,52.18181818181819,0.0003210934223642414
PerplexDEW (ExtendedDH),isobar,0.000557288,53.1919191919192,0.0003273883655370187
PerplexDEW (ExtendedDH),isobar,0.000557288,54.20202020202021,0.00033379748164018253
PerplexDEW (ExtendedDH),isobar,0.000557288,55.21212121212122,0.0003403223178529766
PerplexDEW (ExtendedDH),isobar,0.000557288,56.22222222222223,0.0003469644660825056
PerplexDEW (ExtendedDH),isobar,0.000557288,57.23232323232324,0.0003537255143732704
PerplexDEW (ExtendedDH),isobar,0.000557288,58.24242424242424,0.0003606070966621805
PerplexDEW (ExtendedDH),isobar,0.000557288,59.25252525252525,0.00036761084178475647
PerplexDEW (ExtendedDH),isobar,0.000557288,60.26262626262626,0.0003747383980047989
PerplexDEW (ExtendedDH),isobar,0.000557288,61.27272727272727,0.00038199143298588633
PerplexDEW (ExtendedDH),isobar,0.000557288,62.282828282828284,0.0003893716337744071
PerplexDEW (ExtendedDH),isobar,0.000557288,63.292929292929294,0.00039688076645026004
PerplexDEW (ExtendedDH),isobar,0.000557288,64.30303030303031,0.00040452050004777755
PerplexDEW (ExtendedDH),isobar,0.000557288,65.31313131313132,0.0004122926111474185
PerplexDEW (ExtendedDH),isobar,0.000557288,66.32323232323233,0.0004201988346919678
PerplexDEW (ExtendedDH),isobar,0.000557288,67.33333333333334,0.0004282409877109312
PerplexDEW (ExtendedDH),isobar,0.000557288,68.34343434343435,0.00043642087628242046
PerplexDEW (ExtendedDH),isobar,0.000557288,69.35353535353536,0.00044474032613269014
PerplexDEW (ExtendedDH),isobar,0.000557288,70.36363636363637,0.00045320114750638
PerplexDEW (ExtendedDH),isobar,0.000557288,71.37373737373738,0.00046180523914010754
PerplexDEW (ExtendedDH),isobar,0.000557288,72.3838383838384,0.0004705544123055423
PerplexDEW (ExtendedDH),isobar,0.000557288,73.3939393939394,0.0004794506422058134
PerplexDEW (ExtendedDH),isobar,0.000557288,74.40404040404042,0.0004884958150614744
PerplexDEW (ExtendedDH),isobar,0.000557288,75.41414141414143,0.0004976918335946266
PerplexDEW (ExtendedDH),isobar,0.000557288,76.42424242424244,0.0005070406573710509
PerplexDEW (ExtendedDH),isobar,0.000557288,77.43434343434345,0.0005165443073921604
PerplexDEW (ExtendedDH),isobar,0.000557288,78.44444444444446,0.0005262047017016281
PerplexDEW (ExtendedDH),isobar,0.000557288,79.45454545454547,0.0005360238575306962
PerplexDEW (ExtendedDH),isobar,0.000557288,80.46464646464648,0.0005460038566671735
PerplexDEW (ExtendedDH),isobar,0.000557288,81.47474747474749,0.0005561466694546497
PerplexDEW (ExtendedDH),isobar,0.000557288,82.48484848484848,0.0005664544175801578
PerplexDEW (ExtendedDH),isobar,0.000557288,83.4949494949495,0.0005769291053127143
PerplexDEW (ExtendedDH),isobar,0.000557288,84.5050505050505,0.0005875728459887155
PerplexDEW (ExtendedDH),isobar,0.000557288,85.51515151515152,0.0005983878231174702
PerplexDEW (ExtendedDH),isobar,0.000557288,86.52525252525253,0.000609376093447715
PerplexDEW (ExtendedDH),isobar,0.000557288,87.53535353535354,0.0006205398292429815
PerplexDEW (ExtendedDH),isobar,0.000557288,88.54545454545455,0.0006318811707046678
PerplexDEW (ExtendedDH),isobar,0.000557288,89.55555555555556,0.0006434023284744621
PerplexDEW (ExtendedDH),isobar,0.000557288,90.56565656565657,0.0006551055342279337
PerplexDEW (ExtendedDH),isobar,0.000557288,91.57575757575758,0.0006669929842468809
PerplexDEW (ExtendedDH),isobar,0.000557288,92.58585858585859,0.0006790668333095785
PerplexDEW (ExtendedDH),isobar,0.000557288,93.5959595959596,0.0006913294836995872
PerplexDEW (ExtendedDH),isobar,0.000557288,94.60606060606061,0.0007037830673085498
PerplexDEW (ExtendedDH),isobar,0.000557288,95.61616161616162,0.0007164299686395317
PerplexDEW (ExtendedDH),isobar,0.000557288,96.62626262626263,0.0007292724727905623
PerplexDEW (ExtendedDH),isobar,0.000557288,97.63636363636364,0.0007423128809966117
PerplexDEW (ExtendedDH),isobar,0.000557288,98.64646464646465,0.0007555535763731564
PerplexDEW (ExtendedDH),isobar,0.000557288,99.65656565656566,0.0007689968291325087
PerplexDEW (ExtendedDH),isobar,0.000557288,100.66666666666667,0.0007826451258306506
PerplexDEW (ExtendedDH),isobar,0.000557288,101.67676767676768,0.0007965007699620037
PerplexDEW (ExtendedDH),isobar,0.000557288,102.68686868686869,0.000810566218340736
PerplexDEW (ExtendedDH),isobar,0.000557288,103.6969696969697,0.0008248438763167554
PerplexDEW (ExtendedDH),isobar,0.000557288,104.70707070707071,0.0008393362397487173
PerplexDEW (ExtendedDH),isobar,0.000557288,105.71717171717172,0.0008540455971927767
PerplexDEW (ExtendedDH),isobar,0.000557288,106.72727272727273,0.0008689746300249422
PerplexDEW (ExtendedDH),isobar,0.000557288,107.73737373737374,0.0008841258155164719
PerplexDEW (ExtendedDH),isobar,0.000557288,108.74747474747475,0.000899501483707101
PerplexDEW (ExtendedDH),isobar,0.000557288,109.75757575757576,0.0009151042986920167
PerplexDEW (ExtendedDH),isobar,0.000557288,110.76767676767678,0.0009309367837384213
PerplexDEW (ExtendedDH),isobar,0.000557288,111.77777777777779,0.0009470014772226412
PerplexDEW (ExtendedDH),isobar,0.000557288,112.7878787878788,0.0009633009324808224
PerplexDEW (ExtendedDH),isobar,0.000557288,113.7979797979798,0.0009798377176536248
PerplexDEW (ExtendedDH),isobar,0.000557288,114.80808080808082,0.0009966144155255832
PerplexDEW (ExtendedDH),isobar,0.000557288,115.81818181818183,0.001013633811505854
PerplexDEW (ExtendedDH),isobar,0.000557288,116.82828282828284,0.0010308983368046334
PerplexDEW (ExtendedDH),isobar,0.000557288,117.83838383838385,0.0010484108133330262
PerplexDEW (ExtendedDH),isobar,0.000557288,118.84848484848486,0.0010661736930117297
PerplexDEW (ExtendedDH),isobar,0.000557288,119.85858585858587,0.0010841898338190305
PerplexDEW (ExtendedDH),isobar,0.000557288,120.86868686868688,0.001102461915694945
PerplexDEW (ExtendedDH),isobar,0.000557288,121.87878787878789,0.0011209924198053137
PerplexDEW (ExtendedDH),isobar,0.000557288,122.8888888888889,0.001139784257438347
PerplexDEW (ExtendedDH),isobar,0.000557288,123.89898989898991,0.0011588401491391654
PerplexDEW (ExtendedDH),isobar,0.000557288,124.90909090909092,0.0011781628286485083
PerplexDEW (ExtendedDH),isobar,0.000557288,125.91919191919193,0.0011977550426852718
PerplexDEW (ExtendedDH),isobar,0.000557288,126.92929292929294,0.0012176195507238303
PerplexDEW (ExtendedDH),isobar,0.000557288,127.93939393939395,0.001237759124763385
PerplexDEW (ExtendedDH),isobar,0.000557288,128.94949494949498,0.0012581765490908886
PerplexDEW (ExtendedDH),isobar,0.000557288,129.95959595959596,0.001278874620036923
PerplexDEW (ExtendedDH),isobar,0.000557288,130.96969696969697,0.0012998561457253069
PerplexDEW (ExtendedDH),isobar,0.000557288,131.97979797979798,0.0013211239458135555
PerplexDEW (ExtendedDH),isobar,0.000557288,132.989898989899,0.0013426808512282194
PerplexDEW (ExtendedDH),isobar,0.000557288,134.0,0.001364529838839571
PerplexDEW (ExtendedDH),isobar,0.000658613,34.0,0.00022565704207735642
PerplexDEW (ExtendedDH),isobar,0.000658613,35.01010101010101,0.00023013984632317457
PerplexDEW (ExtendedDH),isobar,0.000658613,36.02020202020202,0.00023471240558730312
PerplexDEW (ExtendedDH),isobar,0.000658613,37.03030303030303,0.00023937588499848075
PerplexDEW (ExtendedDH),isobar,0.000658613,38.04040404040404,0.00024413145023438745
PerplexDEW (ExtendedDH),isobar,0.000658613,39.05050505050505,0.00024898029502068523
PerplexDEW (ExtendedDH),isobar,0.000658613,40.06060606060606,0.0002539236737358949
PerplexDEW (ExtendedDH),isobar,0.000658613,41.07070707070707,0.00025896283596726915
PerplexDEW (ExtendedDH),isobar,0.000658613,42.08080808080808,0.00026409907453345727
PerplexDEW (ExtendedDH),isobar,0.000658613,43.09090909090909,0.0002693336544798337
PerplexDEW (ExtendedDH),isobar,0.000658613,44.101010101010104,0.00027466793602625957
PerplexDEW (ExtendedDH),isobar,0.000658613,45.111111111111114,0.0002801032879338347
PerplexDEW (ExtendedDH),isobar,0.000658613,46.121212121212125,0.00028564104560004473
PerplexDEW (ExtendedDH),isobar,0.000658613,47.131313131313135,0.0002912826240121849
PerplexDEW (ExtendedDH),isobar,0.000658613,48.141414141414145,0.0002970294630655335
PerplexDEW (ExtendedDH),isobar,0.000658613,49.151515151515156,0.00030288294277295625
PerplexDEW (ExtendedDH),isobar,0.000658613,50.161616161616166,0.0003088445894929896
PerplexDEW (ExtendedDH),isobar,0.000658613,51.17171717171718,0.00031491582486758876
PerplexDEW (ExtendedDH),isobar,0.000658613,52.18181818181819,0.0003210982002079322
PerplexDEW (ExtendedDH),isobar,0.000658613,53.1919191919192,0.00032739319989111043
PerplexDEW (ExtendedDH),isobar,0.000658613,54.20202020202021,0.0003338023497260814
PerplexDEW (ExtendedDH),isobar,0.000658613,55.21212121212122,0.0003403272442534588
PerplexDEW (ExtendedDH),isobar,0.000658613,56.22222222222223,0.00034696947718386347
PerplexDEW (ExtendedDH),isobar,0.000658613,57.23232323232324,0.0003537305868313831
PerplexDEW (ExtendedDH),isobar,0.000658613,58.24242424242424,0.00036061223171658625
PerplexDEW (ExtendedDH),isobar,0.000658613,59.25252525252525,0.0003676160406869679
PerplexDEW (ExtendedDH),isobar,0.000658613,60.26262626262626,0.0003747436342647446
PerplexDEW (ExtendedDH),isobar,0.000658613,61.27272727272727,0.0003819967349575498
PerplexDEW (ExtendedDH),isobar,0.000658613,62.282828282828284,0.0003893770318560252
PerplexDEW (ExtendedDH),isobar,0.000658613,63.292929292929294,0.0003968862335148904
PerplexDEW (ExtendedDH),isobar,0.000658613,64.30303030303031,0.00040452603741343113
PerplexDEW (ExtendedDH),isobar,0.000658613,65.31313131313132,0.00041229818886444005
PerplexDEW (ExtendedDH),isobar,0.000658613,66.32323232323233,0.0004202045166725079
PerplexDEW (ExtendedDH),isobar,0.000658613,67.33333333333334,0.000428246744035496
PerplexDEW (ExtendedDH),isobar,0.000658613,68.34343434343435,0.00043642670832959833
PerplexDEW (ExtendedDH),isobar,0.000658613,69.35353535353536,0.0004447462352971014
PerplexDEW (ExtendedDH),isobar,0.000658613,70.36363636363637,0.0004532071351989427
PerplexDEW (ExtendedDH),isobar,0.000658613,71.37373737373738,0.00046181130678881133
PerplexDEW (ExtendedDH),isobar,0.000658613,72.3838383838384,0.00047056056135529327
PerplexDEW (ExtendedDH),isobar,0.000658613,73.3939393939394,0.0004794568741192318
PerplexDEW (ExtendedDH),isobar,0.000658613,74.40404040404042,0.0004885021313189298
PerplexDEW (ExtendedDH),isobar,0.000658613,75.41414141414143,0.0004976982356949049
PerplexDEW (ExtendedDH),isobar,0.000658613,76.42424242424244,0.0005070471872581072
PerplexDEW (ExtendedDH),isobar,0.000658613,77.43434343434345,0.0005165508857490716
PerplexDEW (ExtendedDH),isobar,0.000658613,78.44444444444446,0.0005262114128265776
PerplexDEW (ExtendedDH),isobar,0.000658613,79.45454545454547,0.0005360306616560735
PerplexDEW (ExtendedDH),isobar,0.000658613,80.46464646464648,0.0005460107554077123
PerplexDEW (ExtendedDH),isobar,0.000658613,81.47474747474749,0.000556153664445759
PerplexDEW (ExtendedDH),isobar,0.000658613,82.48484848484848,0.0005664615104784473
PerplexDEW (ExtendedDH),isobar,0.000658613,83.4949494949495,0.0005769362977961393
PerplexDEW (ExtendedDH),isobar,0.000658613,84.5050505050505,0.0005875801882071865
PerplexDEW (ExtendedDH),isobar,0.000658613,85.51515151515152,0.0005983952198927514
PerplexDEW (ExtendedDH),isobar,0.000658613,86.52525252525253,0.0006093835949744967
PerplexDEW (ExtendedDH),isobar,0.000658613,87.53535353535354,0.0006205474372886585
PerplexDEW (ExtendedDH),isobar,0.000658613,88.54545454545455,0.000631888940015246
PerplexDEW (ExtendedDH),isobar,0.000658613,89.55555555555556,0.0006434102090905505
PerplexDEW (ExtendedDH),isobar,0.000658613,90.56565656565657,0.0006551135833517433
PerplexDEW (ExtendedDH),isobar,0.000658613,91.57575757575758,0.0006670010930821994
PerplexDEW (ExtendedDH),isobar,0.000658613,92.58585858585859,0.0006790751169282038
PerplexDEW (ExtendedDH),isobar,0.000658613,93.5959595959596,0.0006913378283984345
PerplexDEW (ExtendedDH),isobar,0.000658613,94.60606060606061,0.0007037915932642425
PerplexDEW (ExtendedDH),isobar,0.000658613,95.61616161616162,0.0007164386804892784
PerplexDEW (ExtendedDH),isobar,0.000658613,96.62626262626263,0.0007292813122054679
PerplexDEW (ExtendedDH),isobar,0.000658613,97.63636363636364,0.00074232185007015
PerplexDEW (ExtendedDH),isobar,0.000658613,98.64646464646465,0.0007555626113827129
PerplexDEW (ExtendedDH),isobar,0.000658613,99.65656565656566,0.0007690060639169173
PerplexDEW (ExtendedDH),isobar,0.000658613,100.66666666666667,0.0007826544279988401
PerplexDEW (ExtendedDH),isobar,0.000658613,101.67676767676768,0.0007965102791750175
PerplexDEW (ExtendedDH),isobar,0.000658613,102.68686868686869,0.000810575868110943
PerplexDEW (ExtendedDH),isobar,0.000658613,103.6969696969697,0.0008248537421676372
PerplexDEW (ExtendedDH),isobar,0.000658613,104.70707070707071,0.0008393461774703997
PerplexDEW (ExtendedDH),isobar,0.000658613,105.71717171717172,0.0008540557587866603
PerplexDEW (ExtendedDH),isobar,0.000658613,106.72727272727273,0.0008689849430617057
PerplexDEW (ExtendedDH),isobar,0.000658613,107.73737373737374,0.0008841362027242808
PerplexDEW (ExtendedDH),isobar,0.000658613,108.74747474747475,0.0008995121069342692
PerplexDEW (ExtendedDH),isobar,0.000658613,109.75757575757576,0.0009151150807327217
PerplexDEW (ExtendedDH),isobar,0.000658613,110.76767676767678,0.0009309477271163427
PerplexDEW (ExtendedDH),isobar,0.000658613,111.77777777777779,0.0009470125844955622
PerplexDEW (ExtendedDH),isobar,0.000658613,112.7878787878788,0.0009633122062409379
PerplexDEW (ExtendedDH),isobar,0.000658613,113.7979797979798,0.0009798492508104532
PerplexDEW (ExtendedDH),isobar,0.000658613,114.80808080808082,0.000996626214499125
PerplexDEW (ExtendedDH),isobar,0.000658613,115.81818181818183,0.0010136456947073703
PerplexDEW (ExtendedDH),isobar,0.000658613,116.82828282828284,0.0010309104951845601
PerplexDEW (ExtendedDH),isobar,0.000658613,117.83838383838385,0.0010484231556601611
PerplexDEW (ExtendedDH),isobar,0.000658613,118.84848484848486,0.001066186322186778
PerplexDEW (ExtendedDH),isobar,0.000658613,119.85858585858587,0.0010842026547946428
PerplexDEW (ExtendedDH),isobar,0.000658613,120.86868686868688,0.0011024748273013808
PerplexDEW (ExtendedDH),isobar,0.000658613,121.87878787878789,0.0011210056334080294
PerplexDEW (ExtendedDH),isobar,0.000658613,122.8888888888889,0.001139797780407312
PerplexDEW (ExtendedDH),isobar,0.000658613,123.89898989898991,0.0011588538783377836
PerplexDEW (ExtendedDH),isobar,0.000658613,124.90909090909092,0.0011781767672755673
PerplexDEW (ExtendedDH),isobar,0.000658613,125.91919191919193,0.0011977691939824013
PerplexDEW (ExtendedDH),isobar,0.000658613,126.92929292929294,0.0012176339179762164
PerplexDEW (ExtendedDH),isobar,0.000658613,127.93939393939395,0.001237773711300396
PerplexDEW (ExtendedDH),isobar,0.000658613,128.94949494949498,0.0012581913582863002
PerplexDEW (ExtendedDH),isobar,0.000658613,129.95959595959596,0.0012788897800366042
PerplexDEW (ExtendedDH),isobar,0.000658613,130.96969696969697,0.0012998715377568928
PerplexDEW (ExtendedDH),isobar,0.000658613,131.97979797979798,0.0013211395734311438
PerplexDEW (ExtendedDH),isobar,0.000658613,132.989898989899,0.0013426968503599413
PerplexDEW (ExtendedDH),isobar,0.000658613,134.0,0.0013645460834298653
PerplexDEW (ExtendedDH),isobar,0.003141075,86.0,0.0006038308972043695
PerplexDEW (ExtendedDH),isobar,0.003141075,87.01010101010101,0.000614905968264381
PerplexDEW (ExtendedDH),isobar,0.003141075,88.02020202020202,0.0006261576341621504
PerplexDEW (ExtendedDH),isobar,0.003141075,89.03030303030303,0.0006375879937053016
PerplexDEW (ExtendedDH),isobar,0.003141075,90.04040404040404,0.0006491993214810073
PerplexDEW (ExtendedDH),isobar,0.003141075,91.05050505050505,0.0006609937502040506
PerplexDEW (ExtendedDH),isobar,0.003141075,92.06060606060606,0.0006729735383441551
PerplexDEW (ExtendedDH),isobar,0.003141075,93.07070707070707,0.0006851409655675014
PerplexDEW (ExtendedDH),isobar,0.003141075,94.08080808080808,0.0006974983328824687
PerplexDEW (ExtendedDH),isobar,0.003141075,95.0909090909091,0.0007100477797090992
PerplexDEW (ExtendedDH),isobar,0.003141075,96.1010101010101,0.0007227917005332846
PerplexDEW (ExtendedDH),isobar,0.003141075,97.11111111111111,0.0007357323891868817
PerplexDEW (ExtendedDH),isobar,0.003141075,98.12121212121212,0.00074887215560734
PerplexDEW (ExtendedDH),isobar,0.003141075,99.13131313131314,0.0007622134587856439
PerplexDEW (ExtendedDH),isobar,0.003141075,100.14141414141415,0.0007757585132661072
PerplexDEW (ExtendedDH),isobar,0.003141075,101.15151515151516,0.0007895098156962657
PerplexDEW (ExtendedDH),isobar,0.003141075,102.16161616161617,0.0008034697484967208
PerplexDEW (ExtendedDH),isobar,0.003141075,103.17171717171718,0.0008176407099745217
PerplexDEW (ExtendedDH),isobar,0.003141075,104.18181818181819,0.000832025114206123
PerplexDEW (ExtendedDH),isobar,0.003141075,105.1919191919192,0.0008466253909169116
PerplexDEW (ExtendedDH),isobar,0.003141075,106.20202020202021,0.0008614441397373387
PerplexDEW (ExtendedDH),isobar,0.003141075,107.21212121212122,0.0008764836734830051
PerplexDEW (ExtendedDH),isobar,0.003141075,108.22222222222223,0.000891746629232234
PerplexDEW (ExtendedDH),isobar,0.003141075,109.23232323232324,0.0009072354261858411
PerplexDEW (ExtendedDH),isobar,0.003141075,110.24242424242425,0.000922952659829812
PerplexDEW (ExtendedDH),isobar,0.003141075,111.25252525252526,0.0009389008620258046
PerplexDEW (ExtendedDH),isobar,0.003141075,112.26262626262627,0.0009550825796947164
PerplexDEW (ExtendedDH),isobar,0.003141075,113.27272727272728,0.000971500463980355
PerplexDEW (ExtendedDH),isobar,0.003141075,114.28282828282829,0.0009881570058663418
PerplexDEW (ExtendedDH),isobar,0.003141075,115.2929292929293,0.0010050548896894911
PerplexDEW (ExtendedDH),isobar,0.003141075,116.30303030303031,0.001022196726921997
PerplexDEW (ExtendedDH),isobar,0.003141075,117.31313131313132,0.0010395851434899302
PerplexDEW (ExtendedDH),isobar,0.003141075,118.32323232323233,0.001057222779598506
PerplexDEW (ExtendedDH),isobar,0.003141075,119.33333333333334,0.0010751122895504765
PerplexDEW (ExtendedDH),isobar,0.003141075,120.34343434343435,0.0010932564446289304
PerplexDEW (ExtendedDH),isobar,0.003141075,121.35353535353536,0.0011116578279125918
PerplexDEW (ExtendedDH),isobar,0.003141075,122.36363636363637,0.00113031924228659
PerplexDEW (ExtendedDH),isobar,0.003141075,123.37373737373738,0.0011492432936724643
PerplexDEW (ExtendedDH),isobar,0.003141075,124.3838383838384,0.0011684328158942476
PerplexDEW (ExtendedDH),isobar,0.003141075,125.3939393939394,0.0011878906647093345
PerplexDEW (ExtendedDH),isobar,0.003141075,126.40404040404042,0.001207619369102487
PerplexDEW (ExtendedDH),isobar,0.003141075,127.41414141414143,0.001227621808141768
PerplexDEW (ExtendedDH),isobar,0.003141075,128.42424242424244,0.0012479008826240692
PerplexDEW (ExtendedDH),isobar,0.003141075,129.43434343434345,0.0012684592683594338
PerplexDEW (ExtendedDH),isobar,0.003141075,130.44444444444446,0.0012892997694059433
PerplexDEW (ExtendedDH),isobar,0.003141075,131.45454545454547,0.001310425201522747
PerplexDEW (ExtendedDH),isobar,0.003141075,132.46464646464648,0.0013318385228818252
PerplexDEW (ExtendedDH),isobar,0.003141075,133.4747474747475,0.0013535424460745821
PerplexDEW (ExtendedDH),isobar,0.003141075,134.4848484848485,0.0013755398204992086
PerplexDEW (ExtendedDH),isobar,0.003141075,135.49494949494948,0.0013978336450700764
PerplexDEW (ExtendedDH),isobar,0.003141075,136.50505050505052,0.0014204266566868798
PerplexDEW (ExtendedDH),isobar,0.003141075,137.5151515151515,0.0014433218802648218
PerplexDEW (ExtendedDH),isobar,0.003141075,138.52525252525254,0.0014665219200099197
PerplexDEW (ExtendedDH),isobar,0.003141075,139.53535353535352,0.001490029967302532
PerplexDEW (ExtendedDH),isobar,0.003141075,140.54545454545456,0.0015138487865680144
PerplexDEW (ExtendedDH),isobar,0.003141075,141.55555555555554,0.0015379814514288842
PerplexDEW (ExtendedDH),isobar,0.003141075,142.56565656565658,0.0015624307379158472
PerplexDEW (ExtendedDH),isobar,0.003141075,143.57575757575756,0.0015871995802510357
PerplexDEW (ExtendedDH),isobar,0.003141075,144.5858585858586,0.001612290920364741
PerplexDEW (ExtendedDH),isobar,0.003141075,145.59595959595958,0.0016377077075308863
PerplexDEW (ExtendedDH),isobar,0.003141075,146.60606060606062,0.001663452897991744
PerplexDEW (ExtendedDH),isobar,0.003141075,147.6161616161616,0.0016895296295442845
PerplexDEW (ExtendedDH),isobar,0.003141075,148.62626262626264,0.0017159405246162441
PerplexDEW (ExtendedDH),isobar,0.003141075,149.63636363636363,0.0017426885479855212
PerplexDEW (ExtendedDH),isobar,0.003141075,150.64646464646466,0.0017697770398185269
PerplexDEW (ExtendedDH),isobar,0.003141075,151.65656565656565,0.0017972088069558945
PerplexDEW (ExtendedDH),isobar,0.003141075,152.66666666666669,0.0018249864545660365
PerplexDEW (ExtendedDH),isobar,0.003141075,153.67676767676767,0.0018531133464173447
PerplexDEW (ExtendedDH),isobar,0.003141075,154.6868686868687,0.0018815920804093307
PerplexDEW (ExtendedDH),isobar,0.003141075,155.6969696969697,0.0019104260409359877
PerplexDEW (ExtendedDH),isobar,0.003141075,156.70707070707073,0.0019396182305774256
PerplexDEW (ExtendedDH),isobar,0.003141075,157.7171717171717,0.001969171232089616
PerplexDEW (ExtendedDH),isobar,0.003141075,158.72727272727275,0.0019990880283734798
PerplexDEW (ExtendedDH),isobar,0.003141075,159.73737373737373,0.002029372040724086
PerplexDEW (ExtendedDH),isobar,0.003141075,160.74747474747477,0.0020600253847165564
PerplexDEW (ExtendedDH),isobar,0.003141075,161.75757575757575,0.0020910519273101263
PerplexDEW (ExtendedDH),isobar,0.003141075,162.7676767676768,0.0021224542125192767
PerplexDEW (ExtendedDH),isobar,0.003141075,163.77777777777777,0.0021542349849453697
PerplexDEW (ExtendedDH),isobar,0.003141075,164.7878787878788,0.0021863974495122257
PerplexDEW (ExtendedDH),isobar,0.003141075,165.7979797979798,0.0022189443367286055
PerplexDEW (ExtendedDH),isobar,0.003141075,166.80808080808083,0.0022518788534532427
PerplexDEW (ExtendedDH),isobar,0.003141075,167.8181818181818,0.002285203460017733
PerplexDEW (ExtendedDH),isobar,0.003141075,168.82828282828285,0.002318921349188
PerplexDEW (ExtendedDH),isobar,0.003141075,169.83838383838383,0.0023530352008569472
PerplexDEW (ExtendedDH),isobar,0.003141075,170.84848484848487,0.0023875482044221096
PerplexDEW (ExtendedDH),isobar,0.003141075,171.85858585858585,0.002422463016445891
PerplexDEW (ExtendedDH),isobar,0.003141075,172.8686868686869,0.002457782543313281
PerplexDEW (ExtendedDH),isobar,0.003141075,173.87878787878788,0.002493509400234562
PerplexDEW (ExtendedDH),isobar,0.003141075,174.8888888888889,0.002529646747174943
PerplexDEW (ExtendedDH),isobar,0.003141075,175.8989898989899,0.002566196583901635
PerplexDEW (ExtendedDH),isobar,0.003141075,176.90909090909093,0.0026031626226800816
PerplexDEW (ExtendedDH),isobar,0.003141075,177.91919191919192,0.0026405471110064944
PerplexDEW (ExtendedDH),isobar,0.003141075,178.92929292929296,0.002678352857473267
PerplexDEW (ExtendedDH),isobar,0.003141075,179.93939393939394,0.002716582656279781
PerplexDEW (ExtendedDH),isobar,0.003141075,180.94949494949498,0.00275523928642375
PerplexDEW (ExtendedDH),isobar,0.003141075,181.95959595959596,0.0027943248604988613
PerplexDEW (ExtendedDH),isobar,0.003141075,182.96969696969697,0.0028338420901279854
PerplexDEW (ExtendedDH),isobar,0.003141075,183.97979797979798,0.002873794341693041
PerplexDEW (ExtendedDH),isobar,0.003141075,184.989898989899,0.0029141836385248236
PerplexDEW (ExtendedDH),isobar,0.003141075,186.0,0.002955011936338789
PerplexDEW (ExtendedDH),isobar,0.0062,110.0,0.0009194867469338576
PerplexDEW (ExtendedDH),isobar,0.0062,111.01010101010101,0.000935384705534899
PerplexDEW (ExtendedDH),isobar,0.0062,112.02020202020202,0.0009515156664200743
PerplexDEW (ExtendedDH),isobar,0.0062,113.03030303030303,0.0009678822783700797
PerplexDEW (ExtendedDH),isobar,0.0062,114.04040404040404,0.0009844870309420229
PerplexDEW (ExtendedDH),isobar,0.0062,115.05050505050505,0.0010013326988325666
PerplexDEW (ExtendedDH),isobar,0.0062,116.06060606060606,0.001018421708467312
PerplexDEW (ExtendedDH),isobar,0.0062,117.07070707070707,0.0010357566783328733
PerplexDEW (ExtendedDH),isobar,0.0062,118.08080808080808,0.0010533405364833333
PerplexDEW (ExtendedDH),isobar,0.0062,119.0909090909091,0.001071175646230346
PerplexDEW (ExtendedDH),isobar,0.0062,120.1010101010101,0.0010892649759389847
PerplexDEW (ExtendedDH),isobar,0.0062,121.11111111111111,0.001107611009423927
PerplexDEW (ExtendedDH),isobar,0.0062,122.12121212121212,0.001126216547849861
PerplexDEW (ExtendedDH),isobar,0.0062,123.13131313131314,0.0011450841965286594
PerplexDEW (ExtendedDH),isobar,0.0062,124.14141414141415,0.0011642167877103098
PerplexDEW (ExtendedDH),isobar,0.0062,125.15151515151516,0.0011836170621859943
PerplexDEW (ExtendedDH),isobar,0.0062,126.16161616161617,0.0012032878894623481
PerplexDEW (ExtendedDH),isobar,0.0062,127.17171717171718,0.0012232319250126997
PerplexDEW (ExtendedDH),isobar,0.0062,128.1818181818182,0.0012434518275941486
PerplexDEW (ExtendedDH),isobar,0.0062,129.1919191919192,0.0012639507499990939
PerplexDEW (ExtendedDH),isobar,0.0062,130.2020202020202,0.0012847312597660796
PerplexDEW (ExtendedDH),isobar,0.0062,131.21212121212122,0.0013057961723589636
PerplexDEW (ExtendedDH),isobar,0.0062,132.22222222222223,0.0013271483147824384
PerplexDEW (ExtendedDH),isobar,0.0062,133.23232323232324,0.0013487905253162925
PerplexDEW (ExtendedDH),isobar,0.0062,134.24242424242425,0.0013707259243742767
PerplexDEW (ExtendedDH),isobar,0.0062,135.25252525252526,0.0013929571115311983
PerplexDEW (ExtendedDH),isobar,0.0062,136.26262626262627,0.0014154869574938011
PerplexDEW (ExtendedDH),isobar,0.0062,137.27272727272728,0.001438318343107063
PerplexDEW (ExtendedDH),isobar,0.0062,138.2828282828283,0.0014614544521566553
PerplexDEW (ExtendedDH),isobar,0.0062,139.2929292929293,0.0014848977537791437
PerplexDEW (ExtendedDH),isobar,0.0062,140.3030303030303,0.001508651453590567
PerplexDEW (ExtendedDH),isobar,0.0062,141.31313131313132,0.0015327184789036758
PerplexDEW (ExtendedDH),isobar,0.0062,142.32323232323233,0.001557101449249436
PerplexDEW (ExtendedDH),isobar,0.0062,143.33333333333334,0.0015818037750140216
PerplexDEW (ExtendedDH),isobar,0.0062,144.34343434343435,0.0016068277600749562
PerplexDEW (ExtendedDH),isobar,0.0062,145.35353535353536,0.0016321770069945658
PerplexDEW (ExtendedDH),isobar,0.0062,146.36363636363637,0.0016578541510682257
PerplexDEW (ExtendedDH),isobar,0.0062,147.37373737373738,0.0016838621570708758
PerplexDEW (ExtendedDH),isobar,0.0062,148.3838383838384,0.0017102039961184624
PerplexDEW (ExtendedDH),isobar,0.0062,149.3939393939394,0.0017368826452698802
PerplexDEW (ExtendedDH),isobar,0.0062,150.40404040404042,0.0017639009027987358
PerplexDEW (ExtendedDH),isobar,0.0062,151.41414141414143,0.0017912619337342082
PerplexDEW (ExtendedDH),isobar,0.0062,152.42424242424244,0.0018189689216807125
PerplexDEW (ExtendedDH),isobar,0.0062,153.43434343434345,0.0018470242889854034
PerplexDEW (ExtendedDH),isobar,0.0062,154.44444444444446,0.001875431411392631
PerplexDEW (ExtendedDH),isobar,0.0062,155.45454545454547,0.001904192887541357
PerplexDEW (ExtendedDH),isobar,0.0062,156.46464646464648,0.0019333121133860496
PerplexDEW (ExtendedDH),isobar,0.0062,157.4747474747475,0.0019627920972903274
PerplexDEW (ExtendedDH),isobar,0.0062,158.4848484848485,0.001992635421554306
PerplexDEW (ExtendedDH),isobar,0.0062,159.49494949494948,0.0020228450739449397
PerplexDEW (ExtendedDH),isobar,0.0062,160.50505050505052,0.002053424486413262
PerplexDEW (ExtendedDH),isobar,0.0062,161.5151515151515,0.0020843762188674834
PerplexDEW (ExtendedDH),isobar,0.0062,162.52525252525254,0.002115703258247174
PerplexDEW (ExtendedDH),isobar,0.0062,163.53535353535352,0.0021474083554093057
PerplexDEW (ExtendedDH),isobar,0.0062,164.54545454545456,0.0021794947196614807
PerplexDEW (ExtendedDH),isobar,0.0062,165.55555555555554,0.0022119655748028626
PerplexDEW (ExtendedDH),isobar,0.0062,166.56565656565658,0.0022448231682286515
PerplexDEW (ExtendedDH),isobar,0.0062,167.57575757575756,0.0022780709509455563
PerplexDEW (ExtendedDH),isobar,0.0062,168.5858585858586,0.0023117113779258006
PerplexDEW (ExtendedDH),isobar,0.0062,169.59595959595958,0.0023457479078823193
PerplexDEW (ExtendedDH),isobar,0.0062,170.60606060606062,0.00238018296566699
PerplexDEW (ExtendedDH),isobar,0.0062,171.6161616161616,0.0024150194734138333
PerplexDEW (ExtendedDH),isobar,0.0062,172.62626262626264,0.002450260345294136
PerplexDEW (ExtendedDH),isobar,0.0062,173.63636363636363,0.0024859084868227373
PerplexDEW (ExtendedDH),isobar,0.0062,174.64646464646466,0.002521966221989147
PerplexDEW (ExtendedDH),isobar,0.0062,175.65656565656565,0.002558437570909738
PerplexDEW (ExtendedDH),isobar,0.0062,176.66666666666669,0.0025953236610424466
PerplexDEW (ExtendedDH),isobar,0.0062,177.67676767676767,0.002632628499427438
PerplexDEW (ExtendedDH),isobar,0.0062,178.6868686868687,0.002670354322206506
PerplexDEW (ExtendedDH),isobar,0.0062,179.6969696969697,0.00270850393385563
PerplexDEW (ExtendedDH),isobar,0.0062,180.70707070707073,0.0027470801239408214
PerplexDEW (ExtendedDH),isobar,0.0062,181.7171717171717,0.002786085666298498
PerplexDEW (ExtendedDH),isobar,0.0062,182.72727272727275,0.002825522659199483
PerplexDEW (ExtendedDH),isobar,0.0062,183.73737373737373,0.002865393807625847
PerplexDEW (ExtendedDH),isobar,0.0062,184.74747474747477,0.0029057024796444193
PerplexDEW (ExtendedDH),isobar,0.0062,185.75757575757575,0.0029464499877653143
PerplexDEW (ExtendedDH),isobar,0.0062,186.7676767676768,0.0029876396468451498
PerplexDEW (ExtendedDH),isobar,0.0062,187.77777777777777,0.003029274079025298
PerplexDEW (ExtendedDH),isobar,0.0062,188.7878787878788,0.0030713551519240723
PerplexDEW (ExtendedDH),isobar,0.0062,189.7979797979798,0.0031138854024538756
PerplexDEW (ExtendedDH),isobar,0.0062,190.80808080808083,0.003156868098559468
PerplexDEW (ExtendedDH),isobar,0.0062,191.8181818181818,0.0032003042227071155
PerplexDEW (ExtendedDH),isobar,0.0062,192.82828282828285,0.0032441961910089703
PerplexDEW (ExtendedDH),isobar,0.0062,193.83838383838383,0.0032885471863054526
PerplexDEW (ExtendedDH),isobar,0.0062,194.84848484848487,0.0033333587931434422
PerplexDEW (ExtendedDH),isobar,0.0062,195.85858585858585,0.003378632508977064
PerplexDEW (ExtendedDH),isobar,0.0062,196.8686868686869,0.0034243714188680837
PerplexDEW (ExtendedDH),isobar,0.0062,197.87878787878788,0.003470577775908418
PerplexDEW (ExtendedDH),isobar,0.0062,198.8888888888889,0.003517252061465501
PerplexDEW (ExtendedDH),isobar,0.0062,199.8989898989899,0.0035643981320741323
PerplexDEW (ExtendedDH),isobar,0.0062,200.90909090909093,0.0036120154350397313
PerplexDEW (ExtendedDH),isobar,0.0062,201.91919191919192,0.0036601077598170653
PerplexDEW (ExtendedDH),isobar,0.0062,202.92929292929296,0.003708676189628712
PerplexDEW (ExtendedDH),isobar,0.0062,203.93939393939394,0.003757722645589939
PerplexDEW (ExtendedDH),isobar,0.0062,204.94949494949498,0.0038072480427959812
PerplexDEW (ExtendedDH),isobar,0.0062,205.95959595959596,0.003857254160450947
PerplexDEW (ExtendedDH),isobar,0.0062,206.96969696969697,0.003907742727604099
PerplexDEW (ExtendedDH),isobar,0.0062,207.97979797979798,0.003958714412649949
PerplexDEW (ExtendedDH),isobar,0.0062,208.989898989899,0.004010170789540141
PerplexDEW (ExtendedDH),isobar,0.0062,210.0,0.004062113376380878
PerplexDEW (ExtendedDH),isobar,0.0111,132.0,0.0013231836648948147
PerplexDEW (ExtendedDH),isobar,0.0111,133.010101010101,0.0013447753680123813
PerplexDEW (ExtendedDH),isobar,0.0111,134.02020202020202,0.0013666594799275843
PerplexDEW (ExtendedDH),isobar,0.0111,135.03030303030303,0.0013888392675704961
PerplexDEW (ExtendedDH),isobar,0.0111,136.04040404040404,0.0014113173389605892
PerplexDEW (ExtendedDH),isobar,0.0111,137.05050505050505,0.0014340968632933447
PerplexDEW (ExtendedDH),isobar,0.0111,138.06060606060606,0.0014571804585332864
PerplexDEW (ExtendedDH),isobar,0.0111,139.07070707070707,0.0014805710275772985
PerplexDEW (ExtendedDH),isobar,0.0111,140.08080808080808,0.0015042716343350892
PerplexDEW (ExtendedDH),isobar,0.0111,141.0909090909091,0.001528285054302975
PerplexDEW (ExtendedDH),isobar,0.0111,142.1010101010101,0.0015526143751968128
PerplexDEW (ExtendedDH),isobar,0.0111,143.11111111111111,0.0015772627052876365
PerplexDEW (ExtendedDH),isobar,0.0111,144.12121212121212,0.0016022323546708646
PerplexDEW (ExtendedDH),isobar,0.0111,145.13131313131314,0.0016275269266817632
PerplexDEW (ExtendedDH),isobar,0.0111,146.14141414141415,0.0016531490617760075
PerplexDEW (ExtendedDH),isobar,0.0111,147.15151515151516,0.0016791017286522359
PerplexDEW (ExtendedDH),isobar,0.0111,148.16161616161617,0.0017053882559698015
PerplexDEW (ExtendedDH),isobar,0.0111,149.17171717171718,0.0017320109248899847
PerplexDEW (ExtendedDH),isobar,0.0111,150.1818181818182,0.0017589730692572888
PerplexDEW (ExtendedDH),isobar,0.0111,151.1919191919192,0.0017862780554238212
PerplexDEW (ExtendedDH),isobar,0.0111,152.2020202020202,0.0018139281396086994
PerplexDEW (ExtendedDH),isobar,0.0111,153.21212121212122,0.0018419266904993944
PerplexDEW (ExtendedDH),isobar,0.0111,154.22222222222223,0.0018702767137194509
PerplexDEW (ExtendedDH),isobar,0.0111,155.23232323232324,0.001898981218433703
PerplexDEW (ExtendedDH),isobar,0.0111,156.24242424242425,0.0019280428062277903
PerplexDEW (ExtendedDH),isobar,0.0111,157.25252525252526,0.0019574650964044238
PerplexDEW (ExtendedDH),isobar,0.0111,158.26262626262627,0.0019872504780367745
PerplexDEW (ExtendedDH),isobar,0.0111,159.27272727272728,0.002017402162759743
PerplexDEW (ExtendedDH),isobar,0.0111,160.2828282828283,0.0020479233787025577
PerplexDEW (ExtendedDH),isobar,0.0111,161.2929292929293,0.002078816244647205
PerplexDEW (ExtendedDH),isobar,0.0111,162.3030303030303,0.0021100848770067783
PerplexDEW (ExtendedDH),isobar,0.0111,163.31313131313132,0.0021417316060561528
PerplexDEW (ExtendedDH),isobar,0.0111,164.32323232323233,0.0021737591856131238
PerplexDEW (ExtendedDH),isobar,0.0111,165.33333333333334,0.002206170834144398
PerplexDEW (ExtendedDH),isobar,0.0111,166.34343434343435,0.0022389695377590005
PerplexDEW (ExtendedDH),isobar,0.0111,167.35353535353536,0.0022721582789710006
PerplexDEW (ExtendedDH),isobar,0.0111,168.36363636363637,0.0023057395244576416
PerplexDEW (ExtendedDH),isobar,0.0111,169.37373737373738,0.002339716740695842
PerplexDEW (ExtendedDH),isobar,0.0111,170.3838383838384,0.002374092364847224
PerplexDEW (ExtendedDH),isobar,0.0111,171.3939393939394,0.002408869869559154
PerplexDEW (ExtendedDH),isobar,0.0111,172.40404040404042,0.0024440516592668356
PerplexDEW (ExtendedDH),isobar,0.0111,173.41414141414143,0.0024796403711280957
PerplexDEW (ExtendedDH),isobar,0.0111,174.42424242424244,0.0025156391828775803
PerplexDEW (ExtendedDH),isobar,0.0111,175.43434343434345,0.002552051282467129
PerplexDEW (ExtendedDH),isobar,0.0111,176.44444444444446,0.002588878687251868
PerplexDEW (ExtendedDH),isobar,0.0111,177.45454545454547,0.002626124241955507
PerplexDEW (ExtendedDH),isobar,0.0111,178.46464646464648,0.0026637913900309385
PerplexDEW (ExtendedDH),isobar,0.0111,179.4747474747475,0.002701882359485341
PerplexDEW (ExtendedDH),isobar,0.0111,180.4848484848485,0.0027403999541882923
PerplexDEW (ExtendedDH),isobar,0.0111,181.49494949494948,0.002779346962618987
PerplexDEW (ExtendedDH),isobar,0.0111,182.50505050505052,0.0028187261570349095
PerplexDEW (ExtendedDH),isobar,0.0111,183.5151515151515,0.002858539624729611
PerplexDEW (ExtendedDH),isobar,0.0111,184.52525252525254,0.0028987907473550355
PerplexDEW (ExtendedDH),isobar,0.0111,185.53535353535352,0.0029394808596426313
PerplexDEW (ExtendedDH),isobar,0.0111,186.54545454545456,0.002980613994553904
PerplexDEW (ExtendedDH),isobar,0.0111,187.55555555555554,0.0030221913965637454
PerplexDEW (ExtendedDH),isobar,0.0111,188.56565656565658,0.0030642163742561107
PerplexDEW (ExtendedDH),isobar,0.0111,189.57575757575756,0.0031066915210113642
PerplexDEW (ExtendedDH),isobar,0.0111,190.5858585858586,0.003149617897424622
PerplexDEW (ExtendedDH),isobar,0.0111,191.59595959595958,0.0031929995026715925
PerplexDEW (ExtendedDH),isobar,0.0111,192.60606060606062,0.0032368372913597863
PerplexDEW (ExtendedDH),isobar,0.0111,193.6161616161616,0.003281134464525516
PerplexDEW (ExtendedDH),isobar,0.0111,194.62626262626264,0.0033258926316444316
PerplexDEW (ExtendedDH),isobar,0.0111,195.63636363636363,0.003371114137249068
PerplexDEW (ExtendedDH),isobar,0.0111,196.64646464646466,0.0034168012926340343
PerplexDEW (ExtendedDH),isobar,0.0111,197.65656565656565,0.0034629563747257683
PerplexDEW (ExtendedDH),isobar,0.0111,198.66666666666669,0.003509580760526059
PerplexDEW (ExtendedDH),isobar,0.0111,199.67676767676767,0.003556676610580088
PerplexDEW (ExtendedDH),isobar,0.0111,200.6868686868687,0.003604246046270792
PerplexDEW (ExtendedDH),isobar,0.0111,201.6969696969697,0.0036522902393248424
PerplexDEW (ExtendedDH),isobar,0.0111,202.70707070707073,0.0037008111829263486
PerplexDEW (ExtendedDH),isobar,0.0111,203.7171717171717,0.003749811766325159
PerplexDEW (ExtendedDH),isobar,0.0111,204.72727272727275,0.0037992920281824014
PerplexDEW (ExtendedDH),isobar,0.0111,205.73737373737373,0.0038492547497318
PerplexDEW (ExtendedDH),isobar,0.0111,206.74747474747477,0.0038996997621843213
PerplexDEW (ExtendedDH),isobar,0.0111,207.75757575757575,0.003950630735261635
PerplexDEW (ExtendedDH),isobar,0.0111,208.7676767676768,0.004002046309567405
PerplexDEW (ExtendedDH),isobar,0.0111,209.77777777777777,0.004053950063780918
PerplexDEW (ExtendedDH),isobar,0.0111,210.7878787878788,0.004106342487873242
PerplexDEW (ExtendedDH),isobar,0.0111,211.7979797979798,0.004159223944911577
PerplexDEW (ExtendedDH),isobar,0.0111,212.80808080808083,0.004212595758715985
PerplexDEW (ExtendedDH),isobar,0.0111,213.8181818181818,0.004266459190353911
PerplexDEW (ExtendedDH),isobar,0.0111,214.82828282828285,0.004320813180441143
PerplexDEW (ExtendedDH),isobar,0.0111,215.83838383838383,0.004375661041582945
PerplexDEW (ExtendedDH),isobar,0.0111,216.84848484848487,0.004431002669983919
PerplexDEW (ExtendedDH),isobar,0.0111,217.85858585858585,0.0044868366315244206
PerplexDEW (ExtendedDH),isobar,0.0111,218.8686868686869,0.004543166080595284
PerplexDEW (ExtendedDH),isobar,0.0111,219.87878787878788,0.004599988132927515
PerplexDEW (ExtendedDH),isobar,0.0111,220.8888888888889,0.004657304563581857
PerplexDEW (ExtendedDH),isobar,0.0111,221.8989898989899,0.004715115881935997
PerplexDEW (ExtendedDH),isobar,0.0111,222.90909090909093,0.004773419945590756
PerplexDEW (ExtendedDH),isobar,0.0111,223.91919191919192,0.004832219581995895
PerplexDEW (ExtendedDH),isobar,0.0111,224.92929292929296,0.00489150973906285
PerplexDEW (ExtendedDH),isobar,0.0111,225.93939393939394,0.004951294368295806
PerplexDEW (ExtendedDH),isobar,0.0111,226.94949494949498,0.005011569367039334
PerplexDEW (ExtendedDH),isobar,0.0111,227.95959595959596,0.005072335840423482
PerplexDEW (ExtendedDH),isobar,0.0111,228.96969696969697,0.005133592053468302
PerplexDEW (ExtendedDH),isobar,0.0111,229.97979797979798,0.005195336078729963
PerplexDEW (ExtendedDH),isobar,0.0111,230.989898989899,0.00525756579106228
PerplexDEW (ExtendedDH),isobar,0.0111,232.0,0.0053202818277837205
PerplexDEW (ExtendedDH),isobar,0.0125643,140.0,0.0015026243493646127
PerplexDEW (ExtendedDH),isobar,0.0125643,141.010101010101,0.0015266173380356972
PerplexDEW (ExtendedDH),isobar,0.0125643,142.02020202020202,0.0015509262374869956
PerplexDEW (ExtendedDH),isobar,0.0125643,143.03030303030303,0.001575553524042983
PerplexDEW (ExtendedDH),isobar,0.0125643,144.04040404040404,0.0016005026265885989
PerplexDEW (ExtendedDH),isobar,0.0125643,145.05050505050505,0.0016257760191671082
PerplexDEW (ExtendedDH),isobar,0.0125643,146.06060606060606,0.0016513771645894535
PerplexDEW (ExtendedDH),isobar,0.0125643,147.07070707070707,0.0016773085325713104
PerplexDEW (ExtendedDH),isobar,0.0125643,148.08080808080808,0.0017035734425384051
PerplexDEW (ExtendedDH),isobar,0.0125643,149.0909090909091,0.0017301747072451638
PerplexDEW (ExtendedDH),isobar,0.0125643,150.1010101010101,0.0017571154983367164
PerplexDEW (ExtendedDH),isobar,0.0125643,151.11111111111111,0.0017843984465619645
PerplexDEW (ExtendedDH),isobar,0.0125643,152.12121212121212,0.0018120267304284523
PerplexDEW (ExtendedDH),isobar,0.0125643,153.13131313131314,0.0018400033531245825
PerplexDEW (ExtendedDH),isobar,0.0125643,154.14141414141415,0.0018683313218964088
PerplexDEW (ExtendedDH),isobar,0.0125643,155.15151515151516,0.0018970134463607618
PerplexDEW (ExtendedDH),isobar,0.0125643,156.16161616161617,0.001926052934196775
PerplexDEW (ExtendedDH),isobar,0.0125643,157.17171717171718,0.0019554525930370647
PerplexDEW (ExtendedDH),isobar,0.0125643,158.1818181818182,0.001985215429850416
PerplexDEW (ExtendedDH),isobar,0.0125643,159.1919191919192,0.0020153446696429904
PerplexDEW (ExtendedDH),isobar,0.0125643,160.2020202020202,0.002045842671332453
PerplexDEW (ExtendedDH),isobar,0.0125643,161.21212121212122,0.002076713094458411
PerplexDEW (ExtendedDH),isobar,0.0125643,162.22222222222223,0.0021079589604293403
PerplexDEW (ExtendedDH),isobar,0.0125643,163.23232323232324,0.002139582357291026
PerplexDEW (ExtendedDH),isobar,0.0125643,164.24242424242425,0.002171586966166474
PerplexDEW (ExtendedDH),isobar,0.0125643,165.25252525252526,0.0022039755498002456
PerplexDEW (ExtendedDH),isobar,0.0125643,166.26262626262627,0.0022367510970372575
PerplexDEW (ExtendedDH),isobar,0.0125643,167.27272727272728,0.0022699165932113666
PerplexDEW (ExtendedDH),isobar,0.0125643,168.2828282828283,0.0023034745086748434
PerplexDEW (ExtendedDH),isobar,0.0125643,169.2929292929293,0.0023374283121554
PerplexDEW (ExtendedDH),isobar,0.0125643,170.3030303030303,0.002371780709502279
PerplexDEW (ExtendedDH),isobar,0.0125643,171.31313131313132,0.0024065343813354516
PerplexDEW (ExtendedDH),isobar,0.0125643,172.32323232323233,0.0024416928050992786
PerplexDEW (ExtendedDH),isobar,0.0125643,173.33333333333334,0.0024772578129299283
PerplexDEW (ExtendedDH),isobar,0.0125643,174.34343434343435,0.002513233424222295
PerplexDEW (ExtendedDH),isobar,0.0125643,175.35353535353536,0.002549621412812752
PerplexDEW (ExtendedDH),isobar,0.0125643,176.36363636363637,0.002586425228700878
PerplexDEW (ExtendedDH),isobar,0.0125643,177.37373737373738,0.002623647151730228
PerplexDEW (ExtendedDH),isobar,0.0125643,178.3838383838384,0.0026612906286343036
PerplexDEW (ExtendedDH),isobar,0.0125643,179.3939393939394,0.0026993582034353734
PerplexDEW (ExtendedDH),isobar,0.0125643,180.40404040404042,0.0027378523846026855
PerplexDEW (ExtendedDH),isobar,0.0125643,181.41414141414143,0.0027767756434031294
PerplexDEW (ExtendedDH),isobar,0.0125643,182.42424242424244,0.002816131067571875
PerplexDEW (ExtendedDH),isobar,0.0125643,183.43434343434345,0.002855920750123751
PerplexDEW (ExtendedDH),isobar,0.0125643,184.44444444444446,0.002896148076622771
PerplexDEW (ExtendedDH),isobar,0.0125643,185.45454545454547,0.0029368150793925257
PerplexDEW (ExtendedDH),isobar,0.0125643,186.46464646464648,0.0029779247768086515
PerplexDEW (ExtendedDH),isobar,0.0125643,187.4747474747475,0.0030194794752616007
PerplexDEW (ExtendedDH),isobar,0.0125643,188.4848484848485,0.0030614807067491697
PerplexDEW (ExtendedDH),isobar,0.0125643,189.49494949494948,0.0031039321242323226
PerplexDEW (ExtendedDH),isobar,0.0125643,190.50505050505052,0.003146836302178527
PerplexDEW (ExtendedDH),isobar,0.0125643,191.5151515151515,0.0031901942574837166
PerplexDEW (ExtendedDH),isobar,0.0125643,192.52525252525254,0.00323400921256761
PerplexDEW (ExtendedDH),isobar,0.0125643,193.53535353535352,0.0032782836210622454
PerplexDEW (ExtendedDH),isobar,0.0125643,194.54545454545456,0.0033230199069091827
PerplexDEW (ExtendedDH),isobar,0.0125643,195.55555555555554,0.003368218822654744
PerplexDEW (ExtendedDH),isobar,0.0125643,196.56565656565658,0.003413883479592119
PerplexDEW (ExtendedDH),isobar,0.0125643,197.57575757575756,0.0034600161620076037
PerplexDEW (ExtendedDH),isobar,0.0125643,198.5858585858586,0.0035066191188324746
PerplexDEW (ExtendedDH),isobar,0.0125643,199.59595959595958,0.003553692806700931
PerplexDEW (ExtendedDH),isobar,0.0125643,200.60606060606062,0.003601240203567021
PerplexDEW (ExtendedDH),isobar,0.0125643,201.6161616161616,0.0036492643064677203
PerplexDEW (ExtendedDH),isobar,0.0125643,202.62626262626264,0.0036977644390634875
PerplexDEW (ExtendedDH),isobar,0.0125643,203.63636363636363,0.003746743452256648
PerplexDEW (ExtendedDH),isobar,0.0125643,204.64646464646466,0.003796203258767614
PerplexDEW (ExtendedDH),isobar,0.0125643,205.65656565656565,0.0038461457246459457
PerplexDEW (ExtendedDH),isobar,0.0125643,206.66666666666669,0.0038965716807568686
PerplexDEW (ExtendedDH),isobar,0.0125643,207.67676767676767,0.003947481842431477
PerplexDEW (ExtendedDH),isobar,0.0125643,208.6868686868687,0.003998879867220144
PerplexDEW (ExtendedDH),isobar,0.0125643,209.6969696969697,0.004050764306148272
PerplexDEW (ExtendedDH),isobar,0.0125643,210.70707070707073,0.0041031376686389825
PerplexDEW (ExtendedDH),isobar,0.0125643,211.7171717171717,0.004156001402402072
PerplexDEW (ExtendedDH),isobar,0.0125643,212.72727272727275,0.004209355805518116
PerplexDEW (ExtendedDH),isobar,0.0125643,213.73737373737373,0.004263202151078816
PerplexDEW (ExtendedDH),isobar,0.0125643,214.74747474747477,0.004317540521585328
PerplexDEW (ExtendedDH),isobar,0.0125643,215.75757575757575,0.004372372004637821
PerplexDEW (ExtendedDH),isobar,0.0125643,216.7676767676768,0.004427696455054885
PerplexDEW (ExtendedDH),isobar,0.0125643,217.77777777777777,0.004483515946673526
PerplexDEW (ExtendedDH),isobar,0.0125643,218.7878787878788,0.004539830152239677
PerplexDEW (ExtendedDH),isobar,0.0125643,219.7979797979798,0.004596638591948954
PerplexDEW (ExtendedDH),isobar,0.0125643,220.80808080808083,0.0046539418708993014
PerplexDEW (ExtendedDH),isobar,0.0125643,221.8181818181818,0.0047117405133994105
PerplexDEW (ExtendedDH),isobar,0.0125643,222.82828282828285,0.004770033678472835
PerplexDEW (ExtendedDH),isobar,0.0125643,223.83838383838383,0.004828820357519241
PerplexDEW (ExtendedDH),isobar,0.0125643,224.84848484848487,0.004888102018655607
PerplexDEW (ExtendedDH),isobar,0.0125643,225.85858585858585,0.004947876085932072
PerplexDEW (ExtendedDH),isobar,0.0125643,226.8686868686869,0.005008142453267618
PerplexDEW (ExtendedDH),isobar,0.0125643,227.87878787878788,0.005068900917066511
PerplexDEW (ExtendedDH),isobar,0.0125643,228.8888888888889,0.005130148350314486
PerplexDEW (ExtendedDH),isobar,0.0125643,229.8989898989899,0.005191885647125859
PerplexDEW (ExtendedDH),isobar,0.0125643,230.90909090909093,0.005254112228379509
PerplexDEW (ExtendedDH),isobar,0.0125643,231.91919191919192,0.005316822965065866
PerplexDEW (ExtendedDH),isobar,0.0125643,232.92929292929296,0.00538001835261818
PerplexDEW (ExtendedDH),isobar,0.0125643,233.93939393939394,0.005443697335938165
PerplexDEW (ExtendedDH),isobar,0.0125643,234.94949494949498,0.005507855636851042
PerplexDEW (ExtendedDH),isobar,0.0125643,235.95959595959596,0.00557249023713114
PerplexDEW (ExtendedDH),isobar,0.0125643,236.96969696969697,0.005637601095809602
PerplexDEW (ExtendedDH),isobar,0.0125643,237.97979797979798,0.005703184887307176
PerplexDEW (ExtendedDH),isobar,0.0125643,238.989898989899,0.0057692363992661744
PerplexDEW (ExtendedDH),isobar,0.0125643,240.0,0.005835753432854455
PerplexDEW (ExtendedDH),isobar,0.0155,150.0,0.0017550292689665983
PerplexDEW (ExtendedDH),isobar,0.0155,151.010101010101,0.0017822893980901401
PerplexDEW (ExtendedDH),isobar,0.0155,152.02020202020202,0.0018098947791286952
PerplexDEW (ExtendedDH),isobar,0.0155,153.03030303030303,0.0018378484185190961
PerplexDEW (ExtendedDH),isobar,0.0155,154.04040404040404,0.0018661533268560797
PerplexDEW (ExtendedDH),isobar,0.0155,155.05050505050505,0.001894812518441779
PerplexDEW (ExtendedDH),isobar,0.0155,156.06060606060606,0.0019238288062139374
PerplexDEW (ExtendedDH),isobar,0.0155,157.07070707070707,0.001953205407449351
PerplexDEW (ExtendedDH),isobar,0.0155,158.08080808080808,0.001982945132246461
PerplexDEW (ExtendedDH),isobar,0.0155,159.0909090909091,0.0020130509929721027
PerplexDEW (ExtendedDH),isobar,0.0155,160.1010101010101,0.0020435262232368426
PerplexDEW (ExtendedDH),isobar,0.0155,161.11111111111111,0.002074373175748769
PerplexDEW (ExtendedDH),isobar,0.0155,162.12121212121212,0.0021055955250329226
PerplexDEW (ExtendedDH),isobar,0.0155,163.13131313131314,0.0021371958308488677
PerplexDEW (ExtendedDH),isobar,0.0155,164.14141414141415,0.0021691775661378406
PerplexDEW (ExtendedDH),isobar,0.0155,165.15151515151516,0.002201542787868896
PerplexDEW (ExtendedDH),isobar,0.0155,166.16161616161617,0.0022342954471515123
PerplexDEW (ExtendedDH),isobar,0.0155,167.17171717171718,0.002267437559915017
PerplexDEW (ExtendedDH),isobar,0.0155,168.1818181818182,0.0023009725954577006
PerplexDEW (ExtendedDH),isobar,0.0155,169.1919191919192,0.002334903535590245
PerplexDEW (ExtendedDH),isobar,0.0155,170.2020202020202,0.0023692328282765075
PerplexDEW (ExtendedDH),isobar,0.0155,171.21212121212122,0.002403963953642903
PerplexDEW (ExtendedDH),isobar,0.0155,172.22222222222223,0.0024390993274594455
PerplexDEW (ExtendedDH),isobar,0.0155,173.23232323232324,0.0024746418765438003
PerplexDEW (ExtendedDH),isobar,0.0155,174.24242424242425,0.0025105945188925957
PerplexDEW (ExtendedDH),isobar,0.0155,175.25252525252526,0.0025469604520080686
PerplexDEW (ExtendedDH),isobar,0.0155,176.26262626262627,0.0025837420012018567
PerplexDEW (ExtendedDH),isobar,0.0155,177.27272727272728,0.0026209420381375207
PerplexDEW (ExtendedDH),isobar,0.0155,178.2828282828283,0.0026585634222455377
PerplexDEW (ExtendedDH),isobar,0.0155,179.2929292929293,0.0026966093102106913
PerplexDEW (ExtendedDH),isobar,0.0155,180.3030303030303,0.0027350812881065537
PerplexDEW (ExtendedDH),isobar,0.0155,181.31313131313132,0.002773983409326585
PerplexDEW (ExtendedDH),isobar,0.0155,182.32323232323233,0.002813317838917641
PerplexDEW (ExtendedDH),isobar,0.0155,183.33333333333334,0.0028530866800191863
PerplexDEW (ExtendedDH),isobar,0.0155,184.34343434343435,0.0028932933260365575
PerplexDEW (ExtendedDH),isobar,0.0155,185.35353535353536,0.002933939819839434
PerplexDEW (ExtendedDH),isobar,0.0155,186.36363636363637,0.002975028837957026
PerplexDEW (ExtendedDH),isobar,0.0155,187.37373737373738,0.0030165630355402265
PerplexDEW (ExtendedDH),isobar,0.0155,188.3838383838384,0.0030585450454270286
PerplexDEW (ExtendedDH),isobar,0.0155,189.3939393939394,0.003100977477196281
PerplexDEW (ExtendedDH),isobar,0.0155,190.40404040404042,0.003143862164591928
PerplexDEW (ExtendedDH),isobar,0.0155,191.41414141414143,0.003187201628654384
PerplexDEW (ExtendedDH),isobar,0.0155,192.42424242424244,0.0032309983630455213
PerplexDEW (ExtendedDH),isobar,0.0155,193.43434343434345,0.003275254833014456
PerplexDEW (ExtendedDH),isobar,0.0155,194.44444444444446,0.0033199734743488475
PerplexDEW (ExtendedDH),isobar,0.0155,195.45454545454547,0.003365155054715595
PerplexDEW (ExtendedDH),isobar,0.0155,196.46464646464648,0.003410803529163607
PerplexDEW (ExtendedDH),isobar,0.0155,197.4747474747475,0.0034569203902744326
PerplexDEW (ExtendedDH),isobar,0.0155,198.4848484848485,0.0035035070388997674
PerplexDEW (ExtendedDH),isobar,0.0155,199.49494949494948,0.0035505656571461148
PerplexDEW (ExtendedDH),isobar,0.0155,200.50505050505052,0.0035980992795559747
PerplexDEW (ExtendedDH),isobar,0.0155,201.5151515151515,0.003646108242309349
PerplexDEW (ExtendedDH),isobar,0.0155,202.52525252525254,0.0036945954838984397
PerplexDEW (ExtendedDH),isobar,0.0155,203.53535353535352,0.003743562086864813
PerplexDEW (ExtendedDH),isobar,0.0155,204.54545454545456,0.003793009979857179
PerplexDEW (ExtendedDH),isobar,0.0155,205.55555555555554,0.003842940076047406
PerplexDEW (ExtendedDH),isobar,0.0155,206.56565656565658,0.00389335514652519
PerplexDEW (ExtendedDH),isobar,0.0155,207.57575757575756,0.003944255974179923
PerplexDEW (ExtendedDH),isobar,0.0155,208.5858585858586,0.003995644243079004
PerplexDEW (ExtendedDH),isobar,0.0155,209.59595959595958,0.004047520548355983
PerplexDEW (ExtendedDH),isobar,0.0155,210.60606060606062,0.0040998864143300204
PerplexDEW (ExtendedDH),isobar,0.0155,211.6161616161616,0.004152743307656288
PerplexDEW (ExtendedDH),isobar,0.0155,212.62626262626264,0.004206091547672235
PerplexDEW (ExtendedDH),isobar,0.0155,213.63636363636363,0.004259932427161709
PerplexDEW (ExtendedDH),isobar,0.0155,214.64646464646466,0.004314267175143028
PerplexDEW (ExtendedDH),isobar,0.0155,215.65656565656565,0.004369095812305538
PerplexDEW (ExtendedDH),isobar,0.0155,216.66666666666669,0.004424419378960289
PerplexDEW (ExtendedDH),isobar,0.0155,217.67676767676767,0.004480237664378576
PerplexDEW (ExtendedDH),isobar,0.0155,218.6868686868687,0.0045365527089835395
PerplexDEW (ExtendedDH),isobar,0.0155,219.6969696969697,0.0045933628970251696
PerplexDEW (ExtendedDH),isobar,0.0155,220.70707070707073,0.0046506688577098495
PerplexDEW (ExtendedDH),isobar,0.0155,221.7171717171717,0.004708471139848788
PerplexDEW (ExtendedDH),isobar,0.0155,222.72727272727275,0.004766770210042215
PerplexDEW (ExtendedDH),isobar,0.0155,223.73737373737373,0.004825563848584049
PerplexDEW (ExtendedDH),isobar,0.0155,224.74747474747477,0.004884852225813499
PerplexDEW (ExtendedDH),isobar,0.0155,225.75757575757575,0.004944636764275581
PerplexDEW (ExtendedDH),isobar,0.0155,226.7676767676768,0.0050049147842665545
PerplexDEW (ExtendedDH),isobar,0.0155,227.77777777777777,0.005065684724137314
PerplexDEW (ExtendedDH),isobar,0.0155,228.7878787878788,0.005126947652894044
PerplexDEW (ExtendedDH),isobar,0.0155,229.7979797979798,0.005188701762855006
PerplexDEW (ExtendedDH),isobar,0.0155,230.80808080808083,0.005250946506403737
PerplexDEW (ExtendedDH),isobar,0.0155,231.8181818181818,0.005313676794446072
PerplexDEW (ExtendedDH),isobar,0.0155,232.82828282828285,0.00537689465415284
PerplexDEW (ExtendedDH),isobar,0.0155,233.83838383838383,0.0054405960842569615
PerplexDEW (ExtendedDH),isobar,0.0155,234.84848484848487,0.005504779873518039
PerplexDEW (ExtendedDH),isobar,0.0155,235.85858585858585,0.005569444688666499
PerplexDEW (ExtendedDH),isobar,0.0155,236.8686868686869,0.005634585874012644
PerplexDEW (ExtendedDH),isobar,0.0155,237.87878787878788,0.00570020169400128
PerplexDEW (ExtendedDH),isobar,0.0155,238.8888888888889,0.005766288630060334
PerplexDEW (ExtendedDH),isobar,0.0155,239.8989898989899,0.0058328429243276626
PerplexDEW (ExtendedDH),isobar,0.0155,240.90909090909093,0.005899862275536472
PerplexDEW (ExtendedDH),isobar,0.0155,241.91919191919192,0.005967344237407466
PerplexDEW (ExtendedDH),isobar,0.0155,242.92929292929296,0.006035280949586642
PerplexDEW (ExtendedDH),isobar,0.0155,243.93939393939394,0.006103669421944204
PerplexDEW (ExtendedDH),isobar,0.0155,244.94949494949498,0.006172508315345091
PerplexDEW (ExtendedDH),isobar,0.0155,245.95959595959596,0.006241788886267306
PerplexDEW (ExtendedDH),isobar,0.0155,246.96969696969697,0.006311505621014168
PerplexDEW (ExtendedDH),isobar,0.0155,247.97979797979798,0.006381656509854342
PerplexDEW (ExtendedDH),isobar,0.0155,248.989898989899,0.006452233706921898
PerplexDEW (ExtendedDH),isobar,0.0155,250.0,0.006523228951136359
PerplexDEW (ExtendedDH),isobar,0.022798125,169.0,0.0023306222913636807
PerplexDEW (ExtendedDH),isobar,0.022798125,170.010101010101,0.0023649180855977716
PerplexDEW (ExtendedDH),isobar,0.022798125,171.02020202020202,0.0023996154172383154
PerplexDEW (ExtendedDH),isobar,0.022798125,172.03030303030303,0.0024347177817291795
PerplexDEW (ExtendedDH),isobar,0.022798125,173.04040404040404,0.0024702278724969967
PerplexDEW (ExtendedDH),isobar,0.022798125,174.05050505050505,0.0025061483553783766
PerplexDEW (ExtendedDH),isobar,0.022798125,175.06060606060606,0.0025424824430936377
PerplexDEW (ExtendedDH),isobar,0.022798125,176.07070707070707,0.0025792327728355858
PerplexDEW (ExtendedDH),isobar,0.022798125,177.08080808080808,0.002616401950656734
PerplexDEW (ExtendedDH),isobar,0.022798125,178.0909090909091,0.0026539931573387175
PerplexDEW (ExtendedDH),isobar,0.022798125,179.1010101010101,0.002692008964422091
PerplexDEW (ExtendedDH),isobar,0.022798125,180.11111111111111,0.0027304525377848565
PerplexDEW (ExtendedDH),isobar,0.022798125,181.12121212121212,0.0027693254504271665
PerplexDEW (ExtendedDH),isobar,0.022798125,182.13131313131314,0.002808631777090247
PerplexDEW (ExtendedDH),isobar,0.022798125,183.14141414141415,0.0028483736774589366
PerplexDEW (ExtendedDH),isobar,0.022798125,184.15151515151516,0.0028885539232388876
PerplexDEW (ExtendedDH),isobar,0.022798125,185.16161616161617,0.002929174581276974
PerplexDEW (ExtendedDH),isobar,0.022798125,186.17171717171718,0.002970239048944149
PerplexDEW (ExtendedDH),isobar,0.022798125,187.1818181818182,0.003011749329465377
PerplexDEW (ExtendedDH),isobar,0.022798125,188.1919191919192,0.0030537088025984734
PerplexDEW (ExtendedDH),isobar,0.022798125,189.2020202020202,0.0030961186674625172
PerplexDEW (ExtendedDH),isobar,0.022798125,190.21212121212122,0.00313898149594014
PerplexDEW (ExtendedDH),isobar,0.022798125,191.22222222222223,0.003182301357775628
PerplexDEW (ExtendedDH),isobar,0.022798125,192.23232323232324,0.0032260785259876196
PerplexDEW (ExtendedDH),isobar,0.022798125,193.24242424242425,0.0032703170296645018
PerplexDEW (ExtendedDH),isobar,0.022798125,194.25252525252526,0.0033150177682657656
PerplexDEW (ExtendedDH),isobar,0.022798125,195.26262626262627,0.0033601847654560657
PerplexDEW (ExtendedDH),isobar,0.022798125,196.27272727272728,0.003405817975365737
PerplexDEW (ExtendedDH),isobar,0.022798125,197.2828282828283,0.0034519213709272726
PerplexDEW (ExtendedDH),isobar,0.022798125,198.2929292929293,0.003498495570712311
PerplexDEW (ExtendedDH),isobar,0.022798125,199.3030303030303,0.0035455445342232857
PerplexDEW (ExtendedDH),isobar,0.022798125,200.31313131313132,0.003593067861756965
PerplexDEW (ExtendedDH),isobar,0.022798125,201.32323232323233,0.0036410694512014276
PerplexDEW (ExtendedDH),isobar,0.022798125,202.33333333333334,0.003689550525853906
PerplexDEW (ExtendedDH),isobar,0.022798125,203.34343434343435,0.0037385122064090112
PerplexDEW (ExtendedDH),isobar,0.022798125,204.35353535353536,0.0037879574067157112
PerplexDEW (ExtendedDH),isobar,0.022798125,205.36363636363637,0.0038378871275557055
PerplexDEW (ExtendedDH),isobar,0.022798125,206.37373737373738,0.0038883022591391933
PerplexDEW (ExtendedDH),isobar,0.022798125,207.3838383838384,0.00393920657234698
PerplexDEW (ExtendedDH),isobar,0.022798125,208.3939393939394,0.003990598845392206
PerplexDEW (ExtendedDH),isobar,0.022798125,209.40404040404042,0.004042481731273924
PerplexDEW (ExtendedDH),isobar,0.022798125,210.41414141414143,0.004094855797957565
PerplexDEW (ExtendedDH),isobar,0.022798125,211.42424242424244,0.00414772362134855
PerplexDEW (ExtendedDH),isobar,0.022798125,212.43434343434345,0.004201085621105677
PerplexDEW (ExtendedDH),isobar,0.022798125,213.44444444444446,0.004254940984421679
PerplexDEW (ExtendedDH),isobar,0.022798125,214.45454545454547,0.0043092942935786475
PerplexDEW (ExtendedDH),isobar,0.022798125,215.46464646464648,0.004364143452835639
PerplexDEW (ExtendedDH),isobar,0.022798125,216.4747474747475,0.004419489551560643
PerplexDEW (ExtendedDH),isobar,0.022798125,217.4848484848485,0.0044753336097225135
PerplexDEW (ExtendedDH),isobar,0.022798125,218.49494949494948,0.004531676576227184
PerplexDEW (ExtendedDH),isobar,0.022798125,219.50505050505052,0.004588518111732624
PerplexDEW (ExtendedDH),isobar,0.022798125,220.5151515151515,0.004645858958450668
PerplexDEW (ExtendedDH),isobar,0.022798125,221.52525252525254,0.004703699780728809
PerplexDEW (ExtendedDH),isobar,0.022798125,222.53535353535352,0.004762038611577223
PerplexDEW (ExtendedDH),isobar,0.022798125,223.54545454545456,0.004820875830140394
PerplexDEW (ExtendedDH),isobar,0.022798125,224.55555555555554,0.004880213046338064
PerplexDEW (ExtendedDH),isobar,0.022798125,225.56565656565658,0.004940047850147442
PerplexDEW (ExtendedDH),isobar,0.022798125,226.57575757575756,0.005000381651293006
PerplexDEW (ExtendedDH),isobar,0.022798125,227.5858585858586,0.005061210323664808
PerplexDEW (ExtendedDH),isobar,0.022798125,228.59595959595958,0.00512253640268633
PerplexDEW (ExtendedDH),isobar,0.022798125,229.60606060606062,0.005184358220895103
PerplexDEW (ExtendedDH),isobar,0.022798125,230.6161616161616,0.005246672469460177
PerplexDEW (ExtendedDH),isobar,0.022798125,231.62626262626264,0.0053094799688622315
PerplexDEW (ExtendedDH),isobar,0.022798125,232.63636363636363,0.005372777034084042
PerplexDEW (ExtendedDH),isobar,0.022798125,233.64646464646466,0.005436564239718805
PerplexDEW (ExtendedDH),isobar,0.022798125,234.65656565656565,0.0055008375074578845
PerplexDEW (ExtendedDH),isobar,0.022798125,235.66666666666669,0.005565597152530501
PerplexDEW (ExtendedDH),isobar,0.022798125,236.67676767676767,0.005630838685730388
PerplexDEW (ExtendedDH),isobar,0.022798125,237.6868686868687,0.005696560530487987
PerplexDEW (ExtendedDH),isobar,0.022798125,238.6969696969697,0.005762759336222044
PerplexDEW (ExtendedDH),isobar,0.022798125,239.70707070707073,0.0058294315166892005
PerplexDEW (ExtendedDH),isobar,0.022798125,240.7171717171717,0.0058965749399894464
PerplexDEW (ExtendedDH),isobar,0.022798125,241.72727272727275,0.005964185610102351
PerplexDEW (ExtendedDH),isobar,0.022798125,242.73737373737373,0.006032259279309428
PerplexDEW (ExtendedDH),isobar,0.022798125,243.74747474747477,0.006100793218581985
PerplexDEW (ExtendedDH),isobar,0.022798125,244.75757575757575,0.006169779132441378
PerplexDEW (ExtendedDH),isobar,0.022798125,245.7676767676768,0.006239219226329228
PerplexDEW (ExtendedDH),isobar,0.022798125,246.77777777777777,0.006309102856107884
PerplexDEW (ExtendedDH),isobar,0.022798125,247.7878787878788,0.006379426313026334
PerplexDEW (ExtendedDH),isobar,0.022798125,248.7979797979798,0.006450181877537619
PerplexDEW (ExtendedDH),isobar,0.022798125,249.80808080808083,0.006521369208874298
PerplexDEW (ExtendedDH),isobar,0.022798125,250.8181818181818,0.0065929761539254995
PerplexDEW (ExtendedDH),isobar,0.022798125,251.82828282828285,0.006665001940845202
PerplexDEW (ExtendedDH),isobar,0.022798125,252.83838383838383,0.006737433614880605
PerplexDEW (ExtendedDH),isobar,0.022798125,253.84848484848487,
PerplexDEW (ExtendedDH),isobar,0.022798125,254.85858585858585,
PerplexDEW (ExtendedDH),isobar,0.022798125,255.8686868686869,
PerplexDEW (ExtendedDH),isobar,0.022798125,256.8787878787879,
PerplexDEW (ExtendedDH),isobar,0.022798125,257.8888888888889,
PerplexDEW (ExtendedDH),isobar,0.022798125,258.8989898989899,
PerplexDEW (ExtendedDH),isobar,0.022798125,259.90909090909093,
PerplexDEW (ExtendedDH),isobar,0.022798125,260.9191919191919,0.0073306084306821425
PerplexDEW (ExtendedDH),isobar,0.022798125,261.92929292929296,0.007406329734203858
PerplexDEW (ExtendedDH),isobar,0.022798125,262.93939393939394,0.007482362310633862
PerplexDEW (ExtendedDH),isobar,0.022798125,263.949494949495,0.0075586972519083445
PerplexDEW (ExtendedDH),isobar,0.022798125,264.95959595959596,0.007635320496552245
PerplexDEW (ExtendedDH),isobar,0.022798125,265.969696969697,0.007712217415952929
PerplexDEW (ExtendedDH),isobar,0.022798125,266.979797979798,0.007789372801306813
PerplexDEW (ExtendedDH),isobar,0.022798125,267.98989898989896,0.00786677085039237
PerplexDEW (ExtendedDH),isobar,0.022798125,269.0,0.007944405508838263
PerplexDEW (ExtendedDH),isobar,0.025,172.0,0.0024343587402876083
PerplexDEW (ExtendedDH),isobar,0.025,173.010101010101,0.0024698701681750016
PerplexDEW (ExtendedDH),isobar,0.025,174.02020202020202,0.0025057918749091567
PerplexDEW (ExtendedDH),isobar,0.025,175.03030303030303,0.0025421276380128604
PerplexDEW (ExtendedDH),isobar,0.025,176.04040404040404,0.002578879821871852
PerplexDEW (ExtendedDH),isobar,0.025,177.05050505050505,0.002616051335735118
PerplexDEW (ExtendedDH),isobar,0.025,178.06060606060606,0.002653644470512082
PerplexDEW (ExtendedDH),isobar,0.025,179.07070707070707,0.002691663315372565
PerplexDEW (ExtendedDH),isobar,0.025,180.08080808080808,0.002730109518155444
PerplexDEW (ExtendedDH),isobar,0.025,181.0909090909091,0.002768985904868115
PerplexDEW (ExtendedDH),isobar,0.025,182.1010101010101,0.0028082952860778564
PerplexDEW (ExtendedDH),isobar,0.025,183.11111111111111,0.002848041118899844
PerplexDEW (ExtendedDH),isobar,0.025,184.12121212121212,0.00288822486655033
PerplexDEW (ExtendedDH),isobar,0.025,185.13131313131314,0.0029288499395477554
PerplexDEW (ExtendedDH),isobar,0.025,186.14141414141415,0.0029699190782375806
PerplexDEW (ExtendedDH),isobar,0.025,187.15151515151516,0.003011434292605943
PerplexDEW (ExtendedDH),isobar,0.025,188.16161616161617,0.0030533982453794573
PerplexDEW (ExtendedDH),isobar,0.025,189.17171717171718,0.0030958135765859285
PerplexDEW (ExtendedDH),isobar,0.025,190.1818181818182,0.0031386829025991155
PerplexDEW (ExtendedDH),isobar,0.025,191.1919191919192,0.003182008434465753
PerplexDEW (ExtendedDH),isobar,0.025,192.2020202020202,0.0032257923312580886
PerplexDEW (ExtendedDH),isobar,0.025,193.21212121212122,0.003270037486039097
PerplexDEW (ExtendedDH),isobar,0.025,194.22222222222223,0.003314745988646008
PerplexDEW (ExtendedDH),isobar,0.025,195.23232323232324,0.0033599202797191074
PerplexDEW (ExtendedDH),isobar,0.025,196.24242424242425,0.003405561939601923
PerplexDEW (ExtendedDH),isobar,0.025,197.25252525252526,0.0034516741468233955
PerplexDEW (ExtendedDH),isobar,0.025,198.26262626262627,0.0034982575293053676
PerplexDEW (ExtendedDH),isobar,0.025,199.27272727272728,0.0035453160539253683
PerplexDEW (ExtendedDH),isobar,0.025,200.2828282828283,0.0035928493311939017
PerplexDEW (ExtendedDH),isobar,0.025,201.2929292929293,0.003640861266641029
PerplexDEW (ExtendedDH),isobar,0.025,202.3030303030303,0.003689354010773611
PerplexDEW (ExtendedDH),isobar,0.025,203.31313131313132,0.0037383268738512224
PerplexDEW (ExtendedDH),isobar,0.025,204.32323232323233,0.003787784629864148
PerplexDEW (ExtendedDH),isobar,0.025,205.33333333333334,0.0038377264074032397
PerplexDEW (ExtendedDH),isobar,0.025,206.34343434343435,0.0038881550213225517
PerplexDEW (ExtendedDH),isobar,0.025,207.35353535353536,0.003939072304909147
PerplexDEW (ExtendedDH),isobar,0.025,208.36363636363637,0.0039904790274475155
PerplexDEW (ExtendedDH),isobar,0.025,209.37373737373738,0.004042377902109864
PerplexDEW (ExtendedDH),isobar,0.025,210.3838383838384,0.004094767462946093
PerplexDEW (ExtendedDH),isobar,0.025,211.3939393939394,0.004147652376577417
PerplexDEW (ExtendedDH),isobar,0.025,212.40404040404042,0.004201029876777488
PerplexDEW (ExtendedDH),isobar,0.025,213.41414141414143,0.004254904564412156
PerplexDEW (ExtendedDH),isobar,0.025,214.42424242424244,0.00430927559559552
PerplexDEW (ExtendedDH),isobar,0.025,215.43434343434345,0.004364144193889385
PerplexDEW (ExtendedDH),isobar,0.025,216.44444444444446,0.004419511516858895
PerplexDEW (ExtendedDH),isobar,0.025,217.45454545454547,0.0044753763026003195
PerplexDEW (ExtendedDH),isobar,0.025,218.46464646464648,0.004531740651428546
PerplexDEW (ExtendedDH),isobar,0.025,219.4747474747475,0.004588605452898559
PerplexDEW (ExtendedDH),isobar,0.025,220.4848484848485,0.004645970287751551
PerplexDEW (ExtendedDH),isobar,0.025,221.49494949494948,0.004703834580344989
PerplexDEW (ExtendedDH),isobar,0.025,222.50505050505052,0.004762198869116005
PerplexDEW (ExtendedDH),isobar,0.025,223.5151515151515,0.004821063609555637
PerplexDEW (ExtendedDH),isobar,0.025,224.52525252525254,0.0048804278556662025
PerplexDEW (ExtendedDH),isobar,0.025,225.53535353535352,0.004940291827701375
PerplexDEW (ExtendedDH),isobar,0.025,226.54545454545456,0.0050006542960553645
PerplexDEW (ExtendedDH),isobar,0.025,227.55555555555554,0.005061515232778773
PerplexDEW (ExtendedDH),isobar,0.025,228.56565656565658,0.005122871706723247
PerplexDEW (ExtendedDH),isobar,0.025,229.57575757575756,0.005184726213005252
PerplexDEW (ExtendedDH),isobar,0.025,230.5858585858586,0.005247075529852576
PerplexDEW (ExtendedDH),isobar,0.025,231.59595959595958,0.00530991909232012
PerplexDEW (ExtendedDH),isobar,0.025,232.60606060606062,0.005373253236555359
PerplexDEW (ExtendedDH),isobar,0.025,233.6161616161616,0.005437078555840759
PerplexDEW (ExtendedDH),isobar,0.025,234.62626262626264,0.005501392536921428
PerplexDEW (ExtendedDH),isobar,0.025,235.63636363636363,0.0055661924521871
PerplexDEW (ExtendedDH),isobar,0.025,236.64646464646466,0.005631476946480764
PerplexDEW (ExtendedDH),isobar,0.025,237.65656565656565,0.005697242921821147
PerplexDEW (ExtendedDH),isobar,0.025,238.66666666666669,0.005763487050789511
PerplexDEW (ExtendedDH),isobar,0.025,239.67676767676767,0.005830207439425001
PerplexDEW (ExtendedDH),isobar,0.025,240.6868686868687,0.0058974003621647085
PerplexDEW (ExtendedDH),isobar,0.025,241.6969696969697,0.005965061848247973
PerplexDEW (ExtendedDH),isobar,0.025,242.70707070707073,0.006033187675599763
PerplexDEW (ExtendedDH),isobar,0.025,243.7171717171717,0.006101775140098508
PerplexDEW (ExtendedDH),isobar,0.025,244.72727272727275,0.006170821384137783
PerplexDEW (ExtendedDH),isobar,0.025,245.73737373737373,0.006240317900807776
PerplexDEW (ExtendedDH),isobar,0.025,246.74747474747477,0.006310263121766856
PerplexDEW (ExtendedDH),isobar,0.025,247.75757575757575,0.006380647872678877
PerplexDEW (ExtendedDH),isobar,0.025,248.7676767676768,0.006451472046991232
PerplexDEW (ExtendedDH),isobar,0.025,249.77777777777777,0.0065227258617252684
PerplexDEW (ExtendedDH),isobar,0.025,250.7878787878788,0.006594402951332014
PerplexDEW (ExtendedDH),isobar,0.025,251.7979797979798,0.00666650065573619
PerplexDEW (ExtendedDH),isobar,0.025,252.80808080808083,0.006739006057121266
PerplexDEW (ExtendedDH),isobar,0.025,253.8181818181818,
PerplexDEW (ExtendedDH),isobar,0.025,254.82828282828285,
PerplexDEW (ExtendedDH),isobar,0.025,255.83838383838383,
PerplexDEW (ExtendedDH),isobar,0.025,256.8484848484849,
PerplexDEW (ExtendedDH),isobar,0.025,257.85858585858585,
PerplexDEW (ExtendedDH),isobar,0.025,258.8686868686869,
PerplexDEW (ExtendedDH),isobar,0.025,259.8787878787879,
PerplexDEW (ExtendedDH),isobar,0.025,260.8888888888889,0.007332890498128574
PerplexDEW (ExtendedDH),isobar,0.025,261.8989898989899,0.007408713470406794
PerplexDEW (ExtendedDH),isobar,0.025,262.90909090909093,0.007484854910321276
PerplexDEW (ExtendedDH),isobar,0.025,263.9191919191919,0.007561301358593847
PerplexDEW (ExtendedDH),isobar,0.025,264.92929292929296,0.00763803880233662
PerplexDEW (ExtendedDH),isobar,0.025,265.93939393939394,0.0077150526621627465
PerplexDEW (ExtendedDH),isobar,0.025,266.949494949495,0.00779233280312985
PerplexDEW (ExtendedDH),isobar,0.025,267.95959595959596,0.007869863697101435
PerplexDEW (ExtendedDH),isobar,0.025,268.969696969697,0.00794762921547021
PerplexDEW (ExtendedDH),isobar,0.025,269.979797979798,0.008025607365233608
PerplexDEW (ExtendedDH),isobar,0.025,270.98989898989896,0.008103785871968935
PerplexDEW (ExtendedDH),isobar,0.025,272.0,0.008182152127671594
PerplexDEW (ExtendedDH),isobar,0.03343725,190.0,0.0031347169462162166
PerplexDEW (ExtendedDH),isobar,0.03343725,191.010101010101,0.003178035888991238
PerplexDEW (ExtendedDH),isobar,0.03343725,192.02020202020202,0.0032218149471879053
PerplexDEW (ExtendedDH),isobar,0.03343725,193.03030303030303,0.0032660559036808354
PerplexDEW (ExtendedDH),isobar,0.03343725,194.04040404040404,0.0033107620575659486
PerplexDEW (ExtendedDH),isobar,0.03343725,195.05050505050505,0.0033559342960895345
PerplexDEW (ExtendedDH),isobar,0.03343725,196.06060606060606,0.003401576671446525
PerplexDEW (ExtendedDH),isobar,0.03343725,197.07070707070707,0.0034476899539814952
PerplexDEW (ExtendedDH),isobar,0.03343725,198.08080808080808,0.003494277332614047
PerplexDEW (ExtendedDH),isobar,0.03343725,199.0909090909091,0.0035413402805218332
PerplexDEW (ExtendedDH),isobar,0.03343725,200.1010101010101,0.003588880176831727
PerplexDEW (ExtendedDH),isobar,0.03343725,201.11111111111111,0.003636901001321725
PerplexDEW (ExtendedDH),isobar,0.03343725,202.12121212121212,0.003685403157490024
PerplexDEW (ExtendedDH),isobar,0.03343725,203.13131313131314,0.0037343887468401196
PerplexDEW (ExtendedDH),isobar,0.03343725,204.14141414141415,0.003783859828562151
PerplexDEW (ExtendedDH),isobar,0.03343725,205.15151515151516,0.003833817456593181
PerplexDEW (ExtendedDH),isobar,0.03343725,206.16161616161617,0.0038842645310333246
PerplexDEW (ExtendedDH),isobar,0.03343725,207.17171717171718,0.00393520198151988
PerplexDEW (ExtendedDH),isobar,0.03343725,208.1818181818182,0.00398663163451091
PerplexDEW (ExtendedDH),isobar,0.03343725,209.1919191919192,0.004038554238428464
PerplexDEW (ExtendedDH),isobar,0.03343725,210.2020202020202,0.004090972511252157
PerplexDEW (ExtendedDH),isobar,0.03343725,211.21212121212122,0.004143885999162128
PerplexDEW (ExtendedDH),isobar,0.03343725,212.22222222222223,0.004197297292419961
PerplexDEW (ExtendedDH),isobar,0.03343725,213.23232323232324,0.0042512057005645735
PerplexDEW (ExtendedDH),isobar,0.03343725,214.24242424242425,0.004305614792581588
PerplexDEW (ExtendedDH),isobar,0.03343725,215.25252525252526,0.004360523683906551
PerplexDEW (ExtendedDH),isobar,0.03343725,216.26262626262627,0.004415933584525283
PerplexDEW (ExtendedDH),isobar,0.03343725,217.27272727272728,0.004471845637640099
PerplexDEW (ExtendedDH),isobar,0.03343725,218.2828282828283,0.004528260918047869
PerplexDEW (ExtendedDH),isobar,0.03343725,219.2929292929293,0.0045851780093807
PerplexDEW (ExtendedDH),isobar,0.03343725,220.3030303030303,0.004642598956462087
PerplexDEW (ExtendedDH),isobar,0.03343725,221.31313131313132,0.004700523306802619
PerplexDEW (ExtendedDH),isobar,0.03343725,222.32323232323233,0.004758951720482111
PerplexDEW (ExtendedDH),isobar,0.03343725,223.33333333333334,0.0048178834860087534
PerplexDEW (ExtendedDH),isobar,0.03343725,224.34343434343435,0.004877319038370709
PerplexDEW (ExtendedDH),isobar,0.03343725,225.35353535353536,0.0049372573934977765
PerplexDEW (ExtendedDH),isobar,0.03343725,226.36363636363637,0.004997698748647669
PerplexDEW (ExtendedDH),isobar,0.03343725,227.37373737373738,0.00505864320980789
PerplexDEW (ExtendedDH),isobar,0.03343725,228.3838383838384,0.0051200893909886126
PerplexDEW (ExtendedDH),isobar,0.03343725,229.3939393939394,0.005182035721376275
PerplexDEW (ExtendedDH),isobar,0.03343725,230.40404040404042,0.00524448188410529
PerplexDEW (ExtendedDH),isobar,0.03343725,231.41414141414143,0.005307427459316585
PerplexDEW (ExtendedDH),isobar,0.03343725,232.42424242424244,0.005370870431775765
PerplexDEW (ExtendedDH),isobar,0.03343725,233.43434343434345,0.005434808584311779
PerplexDEW (ExtendedDH),isobar,0.03343725,234.44444444444446,0.005499239492403147
PerplexDEW (ExtendedDH),isobar,0.03343725,235.45454545454547,0.005564163643298163
PerplexDEW (ExtendedDH),isobar,0.03343725,236.46464646464648,0.005629578329213932
PerplexDEW (ExtendedDH),isobar,0.03343725,237.4747474747475,0.0056954790102778366
PerplexDEW (ExtendedDH),isobar,0.03343725,238.4848484848485,0.00576186573146425
PerplexDEW (ExtendedDH),isobar,0.03343725,239.49494949494948,0.0058287335204894476
PerplexDEW (ExtendedDH),isobar,0.03343725,240.50505050505052,0.0058960804436524504
PerplexDEW (ExtendedDH),isobar,0.03343725,241.5151515151515,0.005963904429360978
PerplexDEW (ExtendedDH),isobar,0.03343725,242.52525252525254,0.006032201523312792
PerplexDEW (ExtendedDH),isobar,0.03343725,243.53535353535352,0.006100963980867418
PerplexDEW (ExtendedDH),isobar,0.03343725,244.54545454545456,0.0061701943612989165
PerplexDEW (ExtendedDH),isobar,0.03343725,245.55555555555554,0.00623988262771831
PerplexDEW (ExtendedDH),isobar,0.03343725,246.56565656565658,0.006310027403582391
PerplexDEW (ExtendedDH),isobar,0.03343725,247.57575757575756,0.006380623498781273
PerplexDEW (ExtendedDH),isobar,0.03343725,248.5858585858586,0.00645166353124631
PerplexDEW (ExtendedDH),isobar,0.03343725,249.59595959595958,0.006523143593547448
PerplexDEW (ExtendedDH),isobar,0.03343725,250.60606060606062,0.006595059600349284
PerplexDEW (ExtendedDH),isobar,0.03343725,251.6161616161616,0.006667403285344877
PerplexDEW (ExtendedDH),isobar,0.03343725,252.62626262626264,0.006740165953717123
PerplexDEW (ExtendedDH),isobar,0.03343725,253.63636363636363,
PerplexDEW (ExtendedDH),isobar,0.03343725,254.64646464646466,
PerplexDEW (ExtendedDH),isobar,0.03343725,255.65656565656565,
PerplexDEW (ExtendedDH),isobar,0.03343725,256.6666666666667,
PerplexDEW (ExtendedDH),isobar,0.03343725,257.67676767676767,
PerplexDEW (ExtendedDH),isobar,0.03343725,258.6868686868687,
PerplexDEW (ExtendedDH),isobar,0.03343725,259.6969696969697,
PerplexDEW (ExtendedDH),isobar,0.03343725,260.7070707070707,0.007336518846032151
PerplexDEW (ExtendedDH),isobar,0.03343725,261.7171717171717,0.007412711086200699
PerplexDEW (ExtendedDH),isobar,0.03343725,262.72727272727275,0.007489234195935698
PerplexDEW (ExtendedDH),isobar,0.03343725,263.73737373737373,0.007566077414038768
PerplexDEW (ExtendedDH),isobar,0.03343725,264.74747474747477,0.007643227143660199
PerplexDEW (ExtendedDH),isobar,0.03343725,265.75757575757575,0.0077206741634597755
PerplexDEW (ExtendedDH),isobar,0.03343725,266.7676767676768,0.007798403967400188
PerplexDEW (ExtendedDH),isobar,0.03343725,267.77777777777777,0.00787639893019063
PerplexDEW (ExtendedDH),isobar,0.03343725,268.7878787878788,0.007954645840746368
PerplexDEW (ExtendedDH),isobar,0.03343725,269.7979797979798,0.00803313103228222
PerplexDEW (ExtendedDH),isobar,0.03343725,270.80808080808083,0.008111840373561677
PerplexDEW (ExtendedDH),isobar,0.03343725,271.8181818181818,0.008190751178100903
PerplexDEW (ExtendedDH),isobar,0.03343725,272.82828282828285,0.008269845269679027
PerplexDEW (ExtendedDH),isobar,0.03343725,273.83838383838383,0.008349109359078044
PerplexDEW (ExtendedDH),isobar,0.03343725,274.8484848484849,0.008428515736347173
PerplexDEW (ExtendedDH),isobar,0.03343725,275.85858585858585,0.00850805264766755
PerplexDEW (ExtendedDH),isobar,0.03343725,276.8686868686869,0.008587690751250831
PerplexDEW (ExtendedDH),isobar,0.03343725,277.8787878787879,0.008667411244601225
PerplexDEW (ExtendedDH),isobar,0.03343725,278.8888888888889,0.008747185815995661
PerplexDEW (ExtendedDH),isobar,0.03343725,279.8989898989899,0.008826997160605525
PerplexDEW (ExtendedDH),isobar,0.03343725,280.90909090909093,0.00890680914512959
PerplexDEW (ExtendedDH),isobar,0.03343725,281.9191919191919,0.008986602828000022
PerplexDEW (ExtendedDH),isobar,0.03343725,282.92929292929296,0.009066346192338214
PerplexDEW (ExtendedDH),isobar,0.03343725,283.93939393939394,0.009145999641122787
PerplexDEW (ExtendedDH),isobar,0.03343725,284.949494949495,0.009225541500271273
PerplexDEW (ExtendedDH),isobar,0.03343725,285.95959595959596,0.009304936424977248
PerplexDEW (ExtendedDH),isobar,0.03343725,286.969696969697,0.00938414782373107
PerplexDEW (ExtendedDH),isobar,0.03343725,287.979797979798,0.009463131053444868
PerplexDEW (ExtendedDH),isobar,0.03343725,288.98989898989896,0.009541853536469828
PerplexDEW (ExtendedDH),isobar,0.03343725,290.0,0.009620274779655637
PerplexDEW (ExtendedDH),isobar,0.0335,190.0,0.0031347454491833424
PerplexDEW (ExtendedDH),isobar,0.0335,191.010101010101,0.003178064827843146
PerplexDEW (ExtendedDH),isobar,0.0335,192.02020202020202,0.003221844328056385
PerplexDEW (ExtendedDH),isobar,0.0335,193.03030303030303,0.003266085732775264
PerplexDEW (ExtendedDH),isobar,0.0335,194.04040404040404,0.0033107923411683907
PerplexDEW (ExtendedDH),isobar,0.0335,195.05050505050505,0.0033559658530419164
PerplexDEW (ExtendedDH),isobar,0.0335,196.06060606060606,0.0034016078832251077
PerplexDEW (ExtendedDH),isobar,0.0335,197.07070707070707,0.0034477224801641878
PerplexDEW (ExtendedDH),isobar,0.0335,198.08080808080808,0.0034943103535796365
PerplexDEW (ExtendedDH),isobar,0.0335,199.0909090909091,0.0035413738031593103
PerplexDEW (ExtendedDH),isobar,0.0335,200.1010101010101,0.003588915092442857
PerplexDEW (ExtendedDH),isobar,0.0335,201.11111111111111,0.003636935548303636
PerplexDEW (ExtendedDH),isobar,0.0335,202.12121212121212,0.003685438227312309
PerplexDEW (ExtendedDH),isobar,0.0335,203.13131313131314,0.0037344252767805295
PerplexDEW (ExtendedDH),isobar,0.0335,204.14141414141415,0.0037838969115756875
PerplexDEW (ExtendedDH),isobar,0.0335,205.15151515151516,0.0038338560619834853
PerplexDEW (ExtendedDH),isobar,0.0335,206.16161616161617,0.0038843037210094184
PerplexDEW (ExtendedDH),isobar,0.0335,207.17171717171718,0.003935241764133005
PerplexDEW (ExtendedDH),isobar,0.0335,208.1818181818182,0.0039866720179076625
PerplexDEW (ExtendedDH),isobar,0.0335,209.1919191919192,0.004038595230854007
PerplexDEW (ExtendedDH),isobar,0.0335,210.2020202020202,0.004091014121044955
PerplexDEW (ExtendedDH),isobar,0.0335,211.21212121212122,0.004143928234765694
PerplexDEW (ExtendedDH),isobar,0.0335,212.22222222222223,0.00419734016237199
PerplexDEW (ExtendedDH),isobar,0.0335,213.23232323232324,0.004251250311250205
PerplexDEW (ExtendedDH),isobar,0.0335,214.24242424242425,0.004305660073135712
PerplexDEW (ExtendedDH),isobar,0.0335,215.25252525252526,0.004360570777713982
PerplexDEW (ExtendedDH),isobar,0.0335,216.26262626262627,0.004415981385185581
PerplexDEW (ExtendedDH),isobar,0.0335,217.27272727272728,0.00447189415473926
PerplexDEW (ExtendedDH),isobar,0.0335,218.2828282828283,0.004528310161281969
PerplexDEW (ExtendedDH),isobar,0.0335,219.2929292929293,0.004585227988566754
PerplexDEW (ExtendedDH),isobar,0.0335,220.3030303030303,0.004642650911831109
PerplexDEW (ExtendedDH),isobar,0.0335,221.31313131313132,0.004700576038124488
PerplexDEW (ExtendedDH),isobar,0.0335,222.32323232323233,0.0047590052381963855
PerplexDEW (ExtendedDH),isobar,0.0335,223.33333333333334,0.004817937800678476
PerplexDEW (ExtendedDH),isobar,0.0335,224.34343434343435,0.004877375472848862
PerplexDEW (ExtendedDH),isobar,0.0335,225.35353535353536,0.004937314667614977
PerplexDEW (ExtendedDH),isobar,0.0335,226.36363636363637,0.004997758228488229
PerplexDEW (ExtendedDH),isobar,0.0335,227.37373737373738,0.005058703573661157
PerplexDEW (ExtendedDH),isobar,0.0335,228.3838383838384,0.005120150650644219
PerplexDEW (ExtendedDH),isobar,0.0335,229.3939393939394,0.005182099309920596
PerplexDEW (ExtendedDH),isobar,0.0335,230.40404040404042,0.005244546415159168
PerplexDEW (ExtendedDH),isobar,0.0335,231.41414141414143,0.005307492945388603
PerplexDEW (ExtendedDH),isobar,0.0335,232.42424242424244,0.0053709368855182045
PerplexDEW (ExtendedDH),isobar,0.0335,233.43434343434345,0.0054348760185218255
PerplexDEW (ExtendedDH),isobar,0.0335,234.44444444444446,0.005499310995955863
PerplexDEW (ExtendedDH),isobar,0.0335,235.45454545454547,0.005564234639714604
PerplexDEW (ExtendedDH),isobar,0.0335,236.46464646464648,0.0056296519570024125
PerplexDEW (ExtendedDH),isobar,0.0335,237.4747474747475,0.005695553721193201
PerplexDEW (ExtendedDH),isobar,0.0335,238.4848484848485,0.005761941539711682
PerplexDEW (ExtendedDH),isobar,0.0335,239.49494949494948,0.0058288121034991295
PerplexDEW (ExtendedDH),isobar,0.0335,240.50505050505052,0.005896161868060804
PerplexDEW (ExtendedDH),isobar,0.0335,241.5151515151515,0.005963987047498205
PerplexDEW (ExtendedDH),isobar,0.0335,242.52525252525254,0.0060322853507387844
PerplexDEW (ExtendedDH),isobar,0.0335,243.53535353535352,0.006101050802755935
PerplexDEW (ExtendedDH),isobar,0.0335,244.54545454545456,0.0061702806546866445
PerplexDEW (ExtendedDH),isobar,0.0335,245.55555555555554,0.006239973827711324
PerplexDEW (ExtendedDH),isobar,0.0335,246.56565656565658,0.006310118080283817
PerplexDEW (ExtendedDH),isobar,0.0335,247.57575757575756,0.0063807173754567474
PerplexDEW (ExtendedDH),isobar,0.0335,248.5858585858586,0.006451760682907217
PerplexDEW (ExtendedDH),isobar,0.0335,249.59595959595958,0.006523244096542489
PerplexDEW (ExtendedDH),isobar,0.0335,250.60606060606062,0.006595159592651005
PerplexDEW (ExtendedDH),isobar,0.0335,251.6161616161616,0.006667504725353931
PerplexDEW (ExtendedDH),isobar,0.0335,252.62626262626264,0.006740270890603451
PerplexDEW (ExtendedDH),isobar,0.0335,253.63636363636363,
PerplexDEW (ExtendedDH),isobar,0.0335,254.64646464646466,
PerplexDEW (ExtendedDH),isobar,0.0335,255.65656565656565,
PerplexDEW (ExtendedDH),isobar,0.0335,256.6666666666667,
PerplexDEW (ExtendedDH),isobar,0.0335,257.67676767676767,
PerplexDEW (ExtendedDH),isobar,0.0335,258.6868686868687,
PerplexDEW (ExtendedDH),isobar,0.0335,259.6969696969697,
PerplexDEW (ExtendedDH),isobar,0.0335,260.7070707070707,0.00733664791418614
PerplexDEW (ExtendedDH),isobar,0.0335,261.7171717171717,0.007412839677783031
PerplexDEW (ExtendedDH),isobar,0.0335,262.72727272727275,0.007489366983552394
PerplexDEW (ExtendedDH),isobar,0.0335,263.73737373737373,0.007566214491239306
PerplexDEW (ExtendedDH),isobar,0.0335,264.74747474747477,0.007643368605594637
PerplexDEW (ExtendedDH),isobar,0.0335,265.75757575757575,0.007720820106869125
PerplexDEW (ExtendedDH),isobar,0.0335,266.7676767676768,0.007798551987183249
PerplexDEW (ExtendedDH),isobar,0.0335,267.77777777777777,0.007876551592729762
PerplexDEW (ExtendedDH),isobar,0.0335,268.7878787878788,0.007954803247274333
PerplexDEW (ExtendedDH),isobar,0.0335,269.7979797979798,0.008033290669368311
PerplexDEW (ExtendedDH),isobar,0.0335,270.80808080808083,0.008112002268642756
PerplexDEW (ExtendedDH),isobar,0.0335,271.8181818181818,0.008190915358900184
PerplexDEW (ExtendedDH),isobar,0.0335,272.82828282828285,0.00827001723125924
PerplexDEW (ExtendedDH),isobar,0.0335,273.83838383838383,0.008349283742677337
PerplexDEW (ExtendedDH),isobar,0.0335,274.8484848484849,0.008428695385632554
PerplexDEW (ExtendedDH),isobar,0.0335,275.85858585858585,0.008508237674493742
PerplexDEW (ExtendedDH),isobar,0.0335,276.8686868686869,0.008587878372510198
PerplexDEW (ExtendedDH),isobar,0.0335,277.8787878787879,0.008667607369386139
PerplexDEW (ExtendedDH),isobar,0.0335,278.8888888888889,0.008747390646360492
PerplexDEW (ExtendedDH),isobar,0.0335,279.8989898989899,0.008827204852667187
PerplexDEW (ExtendedDH),isobar,0.0335,280.90909090909093,0.008907025869796421
PerplexDEW (ExtendedDH),isobar,0.0335,281.9191919191919,0.008986822571508018
PerplexDEW (ExtendedDH),isobar,0.0335,282.92929292929296,0.009066568990538103
PerplexDEW (ExtendedDH),isobar,0.0335,283.93939393939394,0.00914623193534386
PerplexDEW (ExtendedDH),isobar,0.0335,284.949494949495,0.009225783510267815
PerplexDEW (ExtendedDH),isobar,0.0335,285.95959595959596,0.009305181784489783
PerplexDEW (ExtendedDH),isobar,0.0335,286.969696969697,0.009384396571934243
PerplexDEW (ExtendedDH),isobar,0.0335,287.979797979798,0.009463396786891969
PerplexDEW (ExtendedDH),isobar,0.0335,288.98989898989896,0.009542122930122203
PerplexDEW (ExtendedDH),isobar,0.0335,290.0,0.009620547875757975
PerplexDEW (ExtendedDH),isobar,0.0517,213.0,0.004251657099090517
PerplexDEW (ExtendedDH),isobar,0.0517,214.010101010101,0.004306221717379293
PerplexDEW (ExtendedDH),isobar,0.0517,215.02020202020202,0.00436129213845142
PerplexDEW (ExtendedDH),isobar,0.0517,216.03030303030303,0.004416869728141344
PerplexDEW (ExtendedDH),isobar,0.0517,217.04040404040404,0.004472955788591633
PerplexDEW (ExtendedDH),isobar,0.0517,218.05050505050505,0.004529551556673108
PerplexDEW (ExtendedDH),isobar,0.0517,219.06060606060606,0.004586656997708845
PerplexDEW (ExtendedDH),isobar,0.0517,220.07070707070707,0.004644271929907634
PerplexDEW (ExtendedDH),isobar,0.0517,221.08080808080808,0.004702398508491927
PerplexDEW (ExtendedDH),isobar,0.0517,222.0909090909091,0.004761036365393435
PerplexDEW (ExtendedDH),isobar,0.0517,223.1010101010101,0.004820186260323837
PerplexDEW (ExtendedDH),isobar,0.0517,224.11111111111111,0.00487984756853903
PerplexDEW (ExtendedDH),isobar,0.0517,225.12121212121212,0.004940020827391548
PerplexDEW (ExtendedDH),isobar,0.0517,226.13131313131314,0.005000705141951413
PerplexDEW (ExtendedDH),isobar,0.0517,227.14141414141415,0.005061900814648066
PerplexDEW (ExtendedDH),isobar,0.0517,228.15151515151516,0.005123608058361514
PerplexDEW (ExtendedDH),isobar,0.0517,229.16161616161617,0.005185824166013276
PerplexDEW (ExtendedDH),isobar,0.0517,230.17171717171718,0.005248550466809865
PerplexDEW (ExtendedDH),isobar,0.0517,231.1818181818182,0.005311786822729455
PerplexDEW (ExtendedDH),isobar,0.0517,232.1919191919192,0.005375528547406915
PerplexDEW (ExtendedDH),isobar,0.0517,233.2020202020202,0.005439778103306833
PerplexDEW (ExtendedDH),isobar,0.0517,234.21212121212122,0.005504531912884717
PerplexDEW (ExtendedDH),isobar,0.0517,235.22222222222223,0.00556978920676165
PerplexDEW (ExtendedDH),isobar,0.0517,236.23232323232324,0.005635549101962929
PerplexDEW (ExtendedDH),isobar,0.0517,237.24242424242425,0.005701807391438521
PerplexDEW (ExtendedDH),isobar,0.0517,238.25252525252526,0.0057685628069601225
PerplexDEW (ExtendedDH),isobar,0.0517,239.26262626262627,0.005835813955845596
PerplexDEW (ExtendedDH),isobar,0.0517,240.27272727272728,0.005903559318602515
PerplexDEW (ExtendedDH),isobar,0.0517,241.2828282828283,0.005971792125141939
PerplexDEW (ExtendedDH),isobar,0.0517,242.2929292929293,0.006040512089277475
PerplexDEW (ExtendedDH),isobar,0.0517,243.3030303030303,0.0061097153707911625
PerplexDEW (ExtendedDH),isobar,0.0517,244.31313131313132,0.006179399667315749
PerplexDEW (ExtendedDH),isobar,0.0517,245.32323232323233,0.006249558899194842
PerplexDEW (ExtendedDH),isobar,0.0517,246.33333333333334,0.006320190301718167
PerplexDEW (ExtendedDH),isobar,0.0517,247.34343434343435,0.006391289082455892
PerplexDEW (ExtendedDH),isobar,0.0517,248.35353535353536,0.006462852076863714
PerplexDEW (ExtendedDH),isobar,0.0517,249.36363636363637,0.0065348701657346134
PerplexDEW (ExtendedDH),isobar,0.0517,250.37373737373738,0.006607343509406634
PerplexDEW (ExtendedDH),isobar,0.0517,251.3838383838384,0.006680262381703713
PerplexDEW (ExtendedDH),isobar,0.0517,252.3939393939394,0.0067536246001280095
PerplexDEW (ExtendedDH),isobar,0.0517,253.40404040404042,
PerplexDEW (ExtendedDH),isobar,0.0517,254.41414141414143,
PerplexDEW (ExtendedDH),isobar,0.0517,255.42424242424244,
PerplexDEW (ExtendedDH),isobar,0.0517,256.4343434343434,
PerplexDEW (ExtendedDH),isobar,0.0517,257.44444444444446,
PerplexDEW (ExtendedDH),isobar,0.0517,258.45454545454544,
PerplexDEW (ExtendedDH),isobar,0.0517,259.4646464646465,
PerplexDEW (ExtendedDH),isobar,0.0517,260.47474747474746,0.007355570185340653
PerplexDEW (ExtendedDH),isobar,0.0517,261.4848484848485,0.007432576224938643
PerplexDEW (ExtendedDH),isobar,0.0517,262.4949494949495,0.007509942022223561
PerplexDEW (ExtendedDH),isobar,0.0517,263.5050505050505,0.0075876575843902274
PerplexDEW (ExtendedDH),isobar,0.0517,264.5151515151515,0.007665710110036983
PerplexDEW (ExtendedDH),isobar,0.0517,265.52525252525254,0.007744096073947329
PerplexDEW (ExtendedDH),isobar,0.0517,266.5353535353535,0.007822792050976794
PerplexDEW (ExtendedDH),isobar,0.0517,267.54545454545456,0.007901793692252775
PerplexDEW (ExtendedDH),isobar,0.0517,268.55555555555554,0.007981081273837502
PerplexDEW (ExtendedDH),isobar,0.0517,269.5656565656566,0.008060644599076853
PerplexDEW (ExtendedDH),isobar,0.0517,270.57575757575756,0.008140467892831505
PerplexDEW (ExtendedDH),isobar,0.0517,271.5858585858586,0.008220534770188158
PerplexDEW (ExtendedDH),isobar,0.0517,272.5959595959596,0.008300833662773986
PerplexDEW (ExtendedDH),isobar,0.0517,273.6060606060606,0.008381341644554723
PerplexDEW (ExtendedDH),isobar,0.0517,274.6161616161616,0.008462040421911333
PerplexDEW (ExtendedDH),isobar,0.0517,275.62626262626264,0.008542916718139594
PerplexDEW (ExtendedDH),isobar,0.0517,276.6363636363636,0.008623945378491489
PerplexDEW (ExtendedDH),isobar,0.0517,277.64646464646466,0.008705106074186513
PerplexDEW (ExtendedDH),isobar,0.0517,278.65656565656565,0.008786383701671147
PerplexDEW (ExtendedDH),isobar,0.0517,279.6666666666667,0.00886775073961033
PerplexDEW (ExtendedDH),isobar,0.0517,280.67676767676767,0.008949184694095455
PerplexDEW (ExtendedDH),isobar,0.0517,281.6868686868687,0.009030656124956472
PerplexDEW (ExtendedDH),isobar,0.0517,282.6969696969697,0.009112140751952786
PerplexDEW (ExtendedDH),isobar,0.0517,283.7070707070707,0.00919361987964112
PerplexDEW (ExtendedDH),isobar,0.0517,284.7171717171717,0.009275048515959236
PerplexDEW (ExtendedDH),isobar,0.0517,285.72727272727275,0.009356412532970251
PerplexDEW (ExtendedDH),isobar,0.0517,286.73737373737373,0.009437671102122779
PerplexDEW (ExtendedDH),isobar,0.0517,287.74747474747477,0.009518788534252252
PerplexDEW (ExtendedDH),isobar,0.0517,288.75757575757575,0.009599734720323997
PerplexDEW (ExtendedDH),isobar,0.0517,289.7676767676768,0.009680478651620562
PerplexDEW (ExtendedDH),isobar,0.0517,290.77777777777777,0.00976096026335793
PerplexDEW (ExtendedDH),isobar,0.0517,291.7878787878788,0.009841159781198774
PerplexDEW (ExtendedDH),isobar,0.0517,292.7979797979798,0.00992102832138721
PerplexDEW (ExtendedDH),isobar,0.0517,293.80808080808083,0.010000515214545902
PerplexDEW (ExtendedDH),isobar,0.0517,294.8181818181818,0.010079567967410854
PerplexDEW (ExtendedDH),isobar,0.0517,295.82828282828285,0.010158147309726341
PerplexDEW (ExtendedDH),isobar,0.0517,296.83838383838383,0.01023618996812462
PerplexDEW (ExtendedDH),isobar,0.0517,297.8484848484849,0.010313645827932412
PerplexDEW (ExtendedDH),isobar,0.0517,298.85858585858585,0.010390447512699534
PerplexDEW (ExtendedDH),isobar,0.0517,299.8686868686869,0.01046653318213354
PerplexDEW (ExtendedDH),isobar,0.0517,300.8787878787879,0.010541838952513382
PerplexDEW (ExtendedDH),isobar,0.0517,301.8888888888889,0.010616282478983913
PerplexDEW (ExtendedDH),isobar,0.0517,302.8989898989899,0.01068978670599757
PerplexDEW (ExtendedDH),isobar,0.0517,303.90909090909093,0.010762271959057951
PerplexDEW (ExtendedDH),isobar,0.0517,304.9191919191919,0.010833655898680438
PerplexDEW (ExtendedDH),isobar,0.0517,305.92929292929296,0.010903836181641952
PerplexDEW (ExtendedDH),isobar,0.0517,306.93939393939394,0.01097269801045443
PerplexDEW (ExtendedDH),isobar,0.0517,307.949494949495,0.011040157888200945
PerplexDEW (ExtendedDH),isobar,0.0517,308.95959595959596,0.011106075913727085
PerplexDEW (ExtendedDH),isobar,0.0517,309.969696969697,0.011170325116503234
PerplexDEW (ExtendedDH),isobar,0.0517,310.979797979798,0.01123277409325537
PerplexDEW (ExtendedDH),isobar,0.0517,311.98989898989896,0.011293268206616183
PerplexDEW (ExtendedDH),isobar,0.0517,313.0,0.011351656758452257
PerplexDEW (ExtendedDH),isobar,0.0642,230.0,0.005250305836563161
PerplexDEW (ExtendedDH),isobar,0.0642,231.010101010101,0.005313726334335015
PerplexDEW (ExtendedDH),isobar,0.0642,232.02020202020202,0.005377660417927534
PerplexDEW (ExtendedDH),isobar,0.0642,233.03030303030303,0.005442106278474333
PerplexDEW (ExtendedDH),isobar,0.0642,234.04040404040404,0.005507066483188983
PerplexDEW (ExtendedDH),isobar,0.0642,235.05050505050505,0.005572535938294503
PerplexDEW (ExtendedDH),isobar,0.0642,236.06060606060606,0.005638515444957757
PerplexDEW (ExtendedDH),isobar,0.0642,237.07070707070707,0.005705002592277512
PerplexDEW (ExtendedDH),isobar,0.0642,238.08080808080808,0.00577199637788356
PerplexDEW (ExtendedDH),isobar,0.0642,239.0909090909091,0.005839492382418648
PerplexDEW (ExtendedDH),isobar,0.0642,240.1010101010101,0.005907490883590048
PerplexDEW (ExtendedDH),isobar,0.0642,241.11111111111111,0.005975988734039924
PerplexDEW (ExtendedDH),isobar,0.0642,242.12121212121212,0.006044980824779233
PerplexDEW (ExtendedDH),isobar,0.0642,243.13131313131314,0.0061144669629250355
PerplexDEW (ExtendedDH),isobar,0.0642,244.14141414141415,0.00618444336188932
PerplexDEW (ExtendedDH),isobar,0.0642,245.15151515151516,0.006254905985116515
PerplexDEW (ExtendedDH),isobar,0.0642,246.16161616161617,0.0063258505398685475
PerplexDEW (ExtendedDH),isobar,0.0642,247.17171717171718,0.006397274336732472
PerplexDEW (ExtendedDH),isobar,0.0642,248.1818181818182,0.006469172637842315
PerplexDEW (ExtendedDH),isobar,0.0642,249.1919191919192,0.006541540432217644
PerplexDEW (ExtendedDH),isobar,0.0642,250.2020202020202,0.006614374382449581
PerplexDEW (ExtendedDH),isobar,0.0642,251.21212121212122,0.006687667018118249
PerplexDEW (ExtendedDH),isobar,0.0642,252.22222222222223,0.0067614144837802245
PerplexDEW (ExtendedDH),isobar,0.0642,253.23232323232324,0.006835608658465066
PerplexDEW (ExtendedDH),isobar,0.0642,254.24242424242425,
PerplexDEW (ExtendedDH),isobar,0.0642,255.25252525252526,
PerplexDEW (ExtendedDH),isobar,0.0642,256.26262626262627,
PerplexDEW (ExtendedDH),isobar,0.0642,257.27272727272725,
PerplexDEW (ExtendedDH),isobar,0.0642,258.2828282828283,
PerplexDEW (ExtendedDH),isobar,0.0642,259.2929292929293,
PerplexDEW (ExtendedDH),isobar,0.0642,260.3030303030303,
PerplexDEW (ExtendedDH),isobar,0.0642,261.3131313131313,0.007444509500438283
PerplexDEW (ExtendedDH),isobar,0.0642,262.32323232323233,0.007522420882295694
PerplexDEW (ExtendedDH),isobar,0.0642,263.3333333333333,0.0076007047570492235
PerplexDEW (ExtendedDH),isobar,0.0642,264.34343434343435,0.007679344173857213
PerplexDEW (ExtendedDH),isobar,0.0642,265.35353535353534,0.007758331150302197
PerplexDEW (ExtendedDH),isobar,0.0642,266.3636363636364,0.007837657448762626
PerplexDEW (ExtendedDH),isobar,0.0642,267.37373737373736,0.007917309534759352
PerplexDEW (ExtendedDH),isobar,0.0642,268.3838383838384,0.007997270756810693
PerplexDEW (ExtendedDH),isobar,0.0642,269.3939393939394,0.008077534114990514
PerplexDEW (ExtendedDH),isobar,0.0642,270.4040404040404,0.008158081949128869
PerplexDEW (ExtendedDH),isobar,0.0642,271.4141414141414,0.008238895849573399
PerplexDEW (ExtendedDH),isobar,0.0642,272.42424242424244,0.008319970190180668
PerplexDEW (ExtendedDH),isobar,0.0642,273.4343434343434,0.008401282852656325
PerplexDEW (ExtendedDH),isobar,0.0642,274.44444444444446,0.00848282192824495
PerplexDEW (ExtendedDH),isobar,0.0642,275.45454545454544,0.008564563860855778
PerplexDEW (ExtendedDH),isobar,0.0642,276.4646464646465,0.008646489851450284
PerplexDEW (ExtendedDH),isobar,0.0642,277.47474747474746,0.008728586250952977
PerplexDEW (ExtendedDH),isobar,0.0642,278.4848484848485,0.008810833143998222
PerplexDEW (ExtendedDH),isobar,0.0642,279.4949494949495,0.008893203917175407
PerplexDEW (ExtendedDH),isobar,0.0642,280.5050505050505,0.008975676980166443
PerplexDEW (ExtendedDH),isobar,0.0642,281.5151515151515,0.00905823617876703
PerplexDEW (ExtendedDH),isobar,0.0642,282.52525252525254,0.009140846180908381
PerplexDEW (ExtendedDH),isobar,0.0642,283.5353535353535,0.009223489228449863
PerplexDEW (ExtendedDH),isobar,0.0642,284.54545454545456,0.009306140698345157
PerplexDEW (ExtendedDH),isobar,0.0642,285.55555555555554,0.009388768638488415
PerplexDEW (ExtendedDH),isobar,0.0642,286.5656565656566,0.009471339913586013
PerplexDEW (ExtendedDH),isobar,0.0642,287.57575757575756,0.009553826899581194
PerplexDEW (ExtendedDH),isobar,0.0642,288.5858585858586,0.009636201117823536
PerplexDEW (ExtendedDH),isobar,0.0642,289.5959595959596,0.009718419394591865
PerplexDEW (ExtendedDH),isobar,0.0642,290.6060606060606,0.009800457920560989
PerplexDEW (ExtendedDH),isobar,0.0642,291.6161616161616,0.009882263931315496
PerplexDEW (ExtendedDH),isobar,0.0642,292.62626262626264,0.00996381137629644
PerplexDEW (ExtendedDH),isobar,0.0642,293.6363636363636,0.010045044410470681
PerplexDEW (ExtendedDH),isobar,0.0642,294.64646464646466,0.010125934643892845
PerplexDEW (ExtendedDH),isobar,0.0642,295.65656565656565,0.010206430550018273
PerplexDEW (ExtendedDH),isobar,0.0642,296.6666666666667,0.010286471133751442
PerplexDEW (ExtendedDH),isobar,0.0642,297.67676767676767,0.010366016269035824
PerplexDEW (ExtendedDH),isobar,0.0642,298.6868686868687,0.010445009087377246
PerplexDEW (ExtendedDH),isobar,0.0642,299.6969696969697,0.01052339076439208
PerplexDEW (ExtendedDH),isobar,0.0642,300.7070707070707,0.010601092430753323
PerplexDEW (ExtendedDH),isobar,0.0642,301.7171717171717,0.010678067228602253
PerplexDEW (ExtendedDH),isobar,0.0642,302.72727272727275,0.010754217477036237
PerplexDEW (ExtendedDH),isobar,0.0642,303.73737373737373,0.010829491908912536
PerplexDEW (ExtendedDH),isobar,0.0642,304.74747474747477,0.010903804004182107
PerplexDEW (ExtendedDH),isobar,0.0642,305.75757575757575,0.010977064135157373
PerplexDEW (ExtendedDH),isobar,0.0642,306.7676767676768,0.011049196975803498
PerplexDEW (ExtendedDH),isobar,0.0642,307.77777777777777,0.011120089514163331
PerplexDEW (ExtendedDH),isobar,0.0642,308.7878787878788,0.01118965143378282
PerplexDEW (ExtendedDH),isobar,0.0642,309.7979797979798,0.011257762293262473
PerplexDEW (ExtendedDH),isobar,0.0642,310.80808080808083,0.011324297301489329
PerplexDEW (ExtendedDH),isobar,0.0642,311.8181818181818,0.011389145918031088
PerplexDEW (ExtendedDH),isobar,0.0642,312.82828282828285,0.01145215626170946
PerplexDEW (ExtendedDH),isobar,0.0642,313.83838383838383,0.011513161320266542
PerplexDEW (ExtendedDH),isobar,0.0642,314.8484848484849,0.011572026797487138
PerplexDEW (ExtendedDH),isobar,0.0642,315.85858585858585,0.011628535494007499
PerplexDEW (ExtendedDH),isobar,0.0642,316.8686868686869,0.01168250174937999
PerplexDEW (ExtendedDH),isobar,0.0642,317.8787878787879,0.011733713329918051
PerplexDEW (ExtendedDH),isobar,0.0642,318.8888888888889,0.01178190959760156
PerplexDEW (ExtendedDH),isobar,0.0642,319.8989898989899,0.011826820251270029
PerplexDEW (ExtendedDH),isobar,0.0642,320.90909090909093,0.011868144245866961
PerplexDEW (ExtendedDH),isobar,0.0642,321.9191919191919,0.011905548386958942
PerplexDEW (ExtendedDH),isobar,0.0642,322.92929292929296,0.011938601335941497
PerplexDEW (ExtendedDH),isobar,0.0642,323.93939393939394,0.011966898957940815
PerplexDEW (ExtendedDH),isobar,0.0642,324.949494949495,0.011989868331227642
PerplexDEW (ExtendedDH),isobar,0.0642,325.95959595959596,0.012006937000025818
PerplexDEW (ExtendedDH),isobar,0.0642,326.969696969697,0.012017376038384686
PerplexDEW (ExtendedDH),isobar,0.0642,327.979797979798,0.01202029197515769
PerplexDEW (ExtendedDH),isobar,0.0642,328.98989898989896,0.012014665217458581
PerplexDEW (ExtendedDH),isobar,0.0642,330.0,0.011999157502499568
PerplexDEW (ExtendedDH),isobar,0.0859,250.0,0.006632720352639547
PerplexDEW (ExtendedDH),isobar,0.0859,251.010101010101,0.006706675606126595
PerplexDEW (ExtendedDH),isobar,0.0859,252.02020202020202,0.0067811070720634236
PerplexDEW (ExtendedDH),isobar,0.0859,253.03030303030303,0.006856007189868829
PerplexDEW (ExtendedDH),isobar,0.0859,254.04040404040404,
PerplexDEW (ExtendedDH),isobar,0.0859,255.05050505050505,
PerplexDEW (ExtendedDH),isobar,0.0859,256.06060606060606,
PerplexDEW (ExtendedDH),isobar,0.0859,257.07070707070704,
PerplexDEW (ExtendedDH),isobar,0.0859,258.0808080808081,
PerplexDEW (ExtendedDH),isobar,0.0859,259.09090909090907,
PerplexDEW (ExtendedDH),isobar,0.0859,260.1010101010101,
PerplexDEW (ExtendedDH),isobar,0.0859,261.1111111111111,0.007471430901812932
PerplexDEW (ExtendedDH),isobar,0.0859,262.1212121212121,0.007550281805307588
PerplexDEW (ExtendedDH),isobar,0.0859,263.1313131313131,0.00762953117725135
PerplexDEW (ExtendedDH),isobar,0.0859,264.14141414141415,0.007709172273673666
PerplexDEW (ExtendedDH),isobar,0.0859,265.1515151515151,0.00778919568466749
PerplexDEW (ExtendedDH),isobar,0.0859,266.16161616161617,0.007869589150173271
PerplexDEW (ExtendedDH),isobar,0.0859,267.17171717171715,0.007950342382964118
PerplexDEW (ExtendedDH),isobar,0.0859,268.1818181818182,0.00803144469722133
PerplexDEW (ExtendedDH),isobar,0.0859,269.19191919191917,0.008112887582056846
PerplexDEW (ExtendedDH),isobar,0.0859,270.2020202020202,0.00819465440430051
PerplexDEW (ExtendedDH),isobar,0.0859,271.2121212121212,0.008276733118576565
PerplexDEW (ExtendedDH),isobar,0.0859,272.22222222222223,0.008359105849982198
PerplexDEW (ExtendedDH),isobar,0.0859,273.2323232323232,0.008441767648336509
PerplexDEW (ExtendedDH),isobar,0.0859,274.24242424242425,0.00852469692435899
PerplexDEW (ExtendedDH),isobar,0.0859,275.25252525252523,0.008607882414264969
PerplexDEW (ExtendedDH),isobar,0.0859,276.26262626262627,0.008691301109146822
PerplexDEW (ExtendedDH),isobar,0.0859,277.27272727272725,0.008774940619789747
PerplexDEW (ExtendedDH),isobar,0.0859,278.2828282828283,0.008858785283370453
PerplexDEW (ExtendedDH),isobar,0.0859,279.2929292929293,0.008942812962253082
PerplexDEW (ExtendedDH),isobar,0.0859,280.3030303030303,0.009027000659151952
PerplexDEW (ExtendedDH),isobar,0.0859,281.3131313131313,0.009111336782004561
PerplexDEW (ExtendedDH),isobar,0.0859,282.32323232323233,0.009195787738485088
PerplexDEW (ExtendedDH),isobar,0.0859,283.3333333333333,0.009280343773280159
PerplexDEW (ExtendedDH),isobar,0.0859,284.34343434343435,0.00936497586762248
PerplexDEW (ExtendedDH),isobar,0.0859,285.35353535353534,0.009449653878863791
PerplexDEW (ExtendedDH),isobar,0.0859,286.3636363636364,0.00953435970367057
PerplexDEW (ExtendedDH),isobar,0.0859,287.37373737373736,0.009619054747523966
PerplexDEW (ExtendedDH),isobar,0.0859,288.3838383838384,0.00970372598018978
PerplexDEW (ExtendedDH),isobar,0.0859,289.3939393939394,0.0097883327839816
PerplexDEW (ExtendedDH),isobar,0.0859,290.4040404040404,0.00987284687658368
PerplexDEW (ExtendedDH),isobar,0.0859,291.4141414141414,0.009957239106391623
PerplexDEW (ExtendedDH),isobar,0.0859,292.42424242424244,0.010041465088627886
PerplexDEW (ExtendedDH),isobar,0.0859,293.4343434343434,0.01012550055791116
PerplexDEW (ExtendedDH),isobar,0.0859,294.44444444444446,0.010209291219876699
PerplexDEW (ExtendedDH),isobar,0.0859,295.45454545454544,0.010292818004761038
PerplexDEW (ExtendedDH),isobar,0.0859,296.4646464646465,0.010376016198702638
PerplexDEW (ExtendedDH),isobar,0.0859,297.47474747474746,0.010458856872596489
PerplexDEW (ExtendedDH),isobar,0.0859,298.4848484848485,0.010541279321230017
PerplexDEW (ExtendedDH),isobar,0.0859,299.4949494949495,0.01062325213350287
PerplexDEW (ExtendedDH),isobar,0.0859,300.5050505050505,0.01070471122047049
PerplexDEW (ExtendedDH),isobar,0.0859,301.5151515151515,0.010785598222783787
PerplexDEW (ExtendedDH),isobar,0.0859,302.52525252525254,0.01086586101723107
PerplexDEW (ExtendedDH),isobar,0.0859,303.5353535353535,0.010945437547809968
PerplexDEW (ExtendedDH),isobar,0.0859,304.54545454545456,0.011024263691479099
PerplexDEW (ExtendedDH),isobar,0.0859,305.55555555555554,0.011102256068319431
PerplexDEW (ExtendedDH),isobar,0.0859,306.5656565656566,0.011179354303706153
PerplexDEW (ExtendedDH),isobar,0.0859,307.57575757575756,0.011255487491247442
PerplexDEW (ExtendedDH),isobar,0.0859,308.5858585858586,0.01133054678761285
PerplexDEW (ExtendedDH),isobar,0.0859,309.5959595959596,0.011404464420147661
PerplexDEW (ExtendedDH),isobar,0.0859,310.6060606060606,0.011477134101926684
PerplexDEW (ExtendedDH),isobar,0.0859,311.6161616161616,0.011548445733936995
PerplexDEW (ExtendedDH),isobar,0.0859,312.62626262626264,0.011618304173657248
PerplexDEW (ExtendedDH),isobar,0.0859,313.6363636363636,0.01168659225188262
PerplexDEW (ExtendedDH),isobar,0.0859,314.64646464646466,0.011753169472238218
PerplexDEW (ExtendedDH),isobar,0.0859,315.65656565656565,0.011817909864068617
PerplexDEW (ExtendedDH),isobar,0.0859,316.6666666666667,0.011880643639430769
PerplexDEW (ExtendedDH),isobar,0.0859,317.67676767676767,0.011941234988572203
PerplexDEW (ExtendedDH),isobar,0.0859,318.6868686868687,0.011999482745808528
PerplexDEW (ExtendedDH),isobar,0.0859,319.6969696969697,0.012055198936225718
PerplexDEW (ExtendedDH),isobar,0.0859,320.7070707070707,0.012108189109506649
PerplexDEW (ExtendedDH),isobar,0.0859,321.7171717171717,0.012158188754679873
PerplexDEW (ExtendedDH),isobar,0.0859,322.72727272727275,0.012204944965941388
PerplexDEW (ExtendedDH),isobar,0.0859,323.73737373737373,0.012248174277334095
PerplexDEW (ExtendedDH),isobar,0.0859,324.74747474747477,0.012287539241371026
PerplexDEW (ExtendedDH),isobar,0.0859,325.75757575757575,0.012322667887848944
PerplexDEW (ExtendedDH),isobar,0.0859,326.7676767676768,0.012353129737730681
PerplexDEW (ExtendedDH),isobar,0.0859,327.77777777777777,0.01237845582214377
PerplexDEW (ExtendedDH),isobar,0.0859,328.7878787878788,0.01239809107327436
PerplexDEW (ExtendedDH),isobar,0.0859,329.7979797979798,0.012411366783666807
PerplexDEW (ExtendedDH),isobar,0.0859,330.80808080808083,0.012417471434460226
PerplexDEW (ExtendedDH),isobar,0.0859,331.8181818181818,0.012415515800762517
PerplexDEW (ExtendedDH),isobar,0.0859,332.82828282828285,0.012404288165495568
PerplexDEW (ExtendedDH),isobar,0.0859,333.83838383838383,0.012382385379959145
PerplexDEW (ExtendedDH),isobar,0.0859,334.8484848484849,388.5590454325439
PerplexDEW (ExtendedDH),isobar,0.0859,335.85858585858585,388.5590454325439
PerplexDEW (ExtendedDH),isobar,0.0859,336.8686868686869,388.5590454325439
PerplexDEW (ExtendedDH),isobar,0.0859,337.8787878787879,388.5590454325439
PerplexDEW (ExtendedDH),isobar,0.0859,338.8888888888889,388.5590454325439
PerplexDEW (ExtendedDH),isobar,0.0859,339.8989898989899,388.5590454325439
PerplexDEW (ExtendedDH),isobar,0.0859,340.90909090909093,388.5590454325439
PerplexDEW (ExtendedDH),isobar,0.0859,341.9191919191919,388.5590454325439
PerplexDEW (ExtendedDH),isobar,0.0859,342.92929292929296,388.5590454325439
PerplexDEW (ExtendedDH),isobar,0.0859,343.93939393939394,388.5590454325439
PerplexDEW (ExtendedDH),isobar,0.0859,344.949494949495,388.5590454325439
PerplexDEW (ExtendedDH),isobar,0.0859,345.95959595959596,388.5590454325439
PerplexDEW (ExtendedDH),isobar,0.0859,346.969696969697,388.5590454325439
PerplexDEW (ExtendedDH),isobar,0.0859,347.979797979798,388.5590454325439
PerplexDEW (ExtendedDH),isobar,0.0859,348.98989898989896,388.5590454325439
PerplexDEW (ExtendedDH),isobar,0.0859,350.0,388.5590454325439
PerplexDEW (ExtendedDH),isobar,0.1067,268.0,0.008063509115037573
PerplexDEW (ExtendedDH),isobar,0.1067,269.010101010101,0.008146019526940553
PerplexDEW (ExtendedDH),isobar,0.1067,270.020202020202,0.00822889048283986
PerplexDEW (ExtendedDH),isobar,0.1067,271.030303030303,0.008312110908408417
PerplexDEW (ExtendedDH),isobar,0.1067,272.04040404040404,0.008395663941932438
PerplexDEW (ExtendedDH),isobar,0.1067,273.050505050505,0.008479542882219129
PerplexDEW (ExtendedDH),isobar,0.1067,274.06060606060606,0.008563732613638176
PerplexDEW (ExtendedDH),isobar,0.1067,275.07070707070704,0.00864821741775704
PerplexDEW (ExtendedDH),isobar,0.1067,276.0808080808081,0.00873298095967434
PerplexDEW (ExtendedDH),isobar,0.1067,277.09090909090907,0.008818012048525068
PerplexDEW (ExtendedDH),isobar,0.1067,278.1010101010101,0.008903293325835875
PerplexDEW (ExtendedDH),isobar,0.1067,279.1111111111111,0.008988806780872846
PerplexDEW (ExtendedDH),isobar,0.1067,280.1212121212121,0.009074533736430216
PerplexDEW (ExtendedDH),isobar,0.1067,281.1313131313131,0.009160460949777226
PerplexDEW (ExtendedDH),isobar,0.1067,282.14141414141415,0.00924656242795086
PerplexDEW (ExtendedDH),isobar,0.1067,283.1515151515151,0.009332823702922738
PerplexDEW (ExtendedDH),isobar,0.1067,284.16161616161617,0.009419217177695713
PerplexDEW (ExtendedDH),isobar,0.1067,285.17171717171715,0.00950572710431271
PerplexDEW (ExtendedDH),isobar,0.1067,286.1818181818182,0.009592324218043149
PerplexDEW (ExtendedDH),isobar,0.1067,287.19191919191917,0.009678991435514483
PerplexDEW (ExtendedDH),isobar,0.1067,288.2020202020202,0.009765697759629658
PerplexDEW (ExtendedDH),isobar,0.1067,289.2121212121212,0.009852417866483582
PerplexDEW (ExtendedDH),isobar,0.1067,290.22222222222223,0.009939125616700314
PerplexDEW (ExtendedDH),isobar,0.1067,291.2323232323232,0.01002578699649601
PerplexDEW (ExtendedDH),isobar,0.1067,292.24242424242425,0.010112381034797831
PerplexDEW (ExtendedDH),isobar,0.1067,293.25252525252523,0.01019886456426858
PerplexDEW (ExtendedDH),isobar,0.1067,294.26262626262627,0.01028520741764237
PerplexDEW (ExtendedDH),isobar,0.1067,295.27272727272725,0.010371378520798832
PerplexDEW (ExtendedDH),isobar,0.1067,296.2828282828283,0.010457338326779057
PerplexDEW (ExtendedDH),isobar,0.1067,297.2929292929293,0.01054304593098023
PerplexDEW (ExtendedDH),isobar,0.1067,298.3030303030303,0.010628459043730326
PerplexDEW (ExtendedDH),isobar,0.1067,299.3131313131313,0.010713541831732162
PerplexDEW (ExtendedDH),isobar,0.1067,300.32323232323233,0.010798241501139998
PerplexDEW (ExtendedDH),isobar,0.1067,301.3333333333333,0.010882511446246853
PerplexDEW (ExtendedDH),isobar,0.1067,302.34343434343435,0.01096630356688548
PerplexDEW (ExtendedDH),isobar,0.1067,303.35353535353534,0.011049568241406262
PerplexDEW (ExtendedDH),isobar,0.1067,304.3636363636364,0.01113223745162289
PerplexDEW (ExtendedDH),isobar,0.1067,305.37373737373736,0.011214266303155302
PerplexDEW (ExtendedDH),isobar,0.1067,306.3838383838384,0.011295582785080888
PerplexDEW (ExtendedDH),isobar,0.1067,307.3939393939394,0.011376121086456973
PerplexDEW (ExtendedDH),isobar,0.1067,308.4040404040404,0.011455822138864155
PerplexDEW (ExtendedDH),isobar,0.1067,309.4141414141414,0.01153459813598448
PerplexDEW (ExtendedDH),isobar,0.1067,310.42424242424244,0.011612367220617861
PerplexDEW (ExtendedDH),isobar,0.1067,311.4343434343434,0.01168906328997162
PerplexDEW (ExtendedDH),isobar,0.1067,312.44444444444446,0.011764580918957619
PerplexDEW (ExtendedDH),isobar,0.1067,313.45454545454544,0.011838820355316616
PerplexDEW (ExtendedDH),isobar,0.1067,314.4646464646465,0.01191169771013406
PerplexDEW (ExtendedDH),isobar,0.1067,315.47474747474746,0.01198308764074773
PerplexDEW (ExtendedDH),isobar,0.1067,316.4848484848485,0.01205288994435805
PerplexDEW (ExtendedDH),isobar,0.1067,317.4949494949495,0.012120951314850914
PerplexDEW (ExtendedDH),isobar,0.1067,318.5050505050505,0.012187153343680006
PerplexDEW (ExtendedDH),isobar,0.1067,319.5151515151515,0.012251332850623447
PerplexDEW (ExtendedDH),isobar,0.1067,320.52525252525254,0.0123133416463766
PerplexDEW (ExtendedDH),isobar,0.1067,321.5353535353535,0.012373016161544747
PerplexDEW (ExtendedDH),isobar,0.1067,322.54545454545456,0.012430144671894777
PerplexDEW (ExtendedDH),isobar,0.1067,323.55555555555554,0.012484507784371381
PerplexDEW (ExtendedDH),isobar,0.1067,324.5656565656566,0.012535900267512622
PerplexDEW (ExtendedDH),isobar,0.1067,325.57575757575756,0.012584065791924033
PerplexDEW (ExtendedDH),isobar,0.1067,326.5858585858586,0.01262869409255013
PerplexDEW (ExtendedDH),isobar,0.1067,327.5959595959596,0.01266948636181536
PerplexDEW (ExtendedDH),isobar,0.1067,328.6060606060606,0.012706110525580785
PerplexDEW (ExtendedDH),isobar,0.1067,329.6161616161616,0.012738106493835192
PerplexDEW (ExtendedDH),isobar,0.1067,330.62626262626264,0.012765067907123971
PerplexDEW (ExtendedDH),isobar,0.1067,331.6363636363636,0.012786431336451767
PerplexDEW (ExtendedDH),isobar,0.1067,332.64646464646466,0.012801564478368591
PerplexDEW (ExtendedDH),isobar,0.1067,333.65656565656565,0.012809812374368384
PerplexDEW (ExtendedDH),isobar,0.1067,334.6666666666667,0.012810249945897934
PerplexDEW (ExtendedDH),isobar,0.1067,335.67676767676767,0.012801818324318289
PerplexDEW (ExtendedDH),isobar,0.1067,336.6868686868687,0.012783269103314582
PerplexDEW (ExtendedDH),isobar,0.1067,337.6969696969697,
PerplexDEW (ExtendedDH),isobar,0.1067,338.7070707070707,
PerplexDEW (ExtendedDH),isobar,0.1067,339.7171717171717,
PerplexDEW (ExtendedDH),isobar,0.1067,340.72727272727275,
PerplexDEW (ExtendedDH),isobar,0.1067,341.73737373737373,
PerplexDEW (ExtendedDH),isobar,0.1067,342.74747474747477,
PerplexDEW (ExtendedDH),isobar,0.1067,343.75757575757575,
PerplexDEW (ExtendedDH),isobar,0.1067,344.7676767676768,
PerplexDEW (ExtendedDH),isobar,0.1067,345.77777777777777,
PerplexDEW (ExtendedDH),isobar,0.1067,346.7878787878788,
PerplexDEW (ExtendedDH),isobar,0.1067,347.7979797979798,
PerplexDEW (ExtendedDH),isobar,0.1067,348.80808080808083,
PerplexDEW (ExtendedDH),isobar,0.1067,349.8181818181818,
PerplexDEW (ExtendedDH),isobar,0.1067,350.82828282828285,
PerplexDEW (ExtendedDH),isobar,0.1067,351.83838383838383,
PerplexDEW (ExtendedDH),isobar,0.1067,352.8484848484849,
PerplexDEW (ExtendedDH),isobar,0.1067,353.85858585858585,
PerplexDEW (ExtendedDH),isobar,0.1067,354.8686868686869,
PerplexDEW (ExtendedDH),isobar,0.1067,355.8787878787879,
PerplexDEW (ExtendedDH),isobar,0.1067,356.8888888888889,
PerplexDEW (ExtendedDH),isobar,0.1067,357.8989898989899,
PerplexDEW (ExtendedDH),isobar,0.1067,358.90909090909093,
PerplexDEW (ExtendedDH),isobar,0.1067,359.9191919191919,
PerplexDEW (ExtendedDH),isobar,0.1067,360.92929292929296,
PerplexDEW (ExtendedDH),isobar,0.1067,361.93939393939394,
PerplexDEW (ExtendedDH),isobar,0.1067,362.949494949495,
PerplexDEW (ExtendedDH),isobar,0.1067,363.95959595959596,
PerplexDEW (ExtendedDH),isobar,0.1067,364.969696969697,
PerplexDEW (ExtendedDH),isobar,0.1067,365.979797979798,
PerplexDEW (ExtendedDH),isobar,0.1067,366.98989898989896,
PerplexDEW (ExtendedDH),isobar,0.1067,368.0,
PerplexDEW (ExtendedDH),isobar,0.1281,280.0,0.009126664271744533
PerplexDEW (ExtendedDH),isobar,0.1281,281.010101010101,0.009214140639864763
PerplexDEW (ExtendedDH),isobar,0.1281,282.020202020202,0.009301842142325852
PerplexDEW (ExtendedDH),isobar,0.1281,283.030303030303,0.009389755603897312
PerplexDEW (ExtendedDH),isobar,0.1281,284.04040404040404,0.009477861147784173
PerplexDEW (ExtendedDH),isobar,0.1281,285.050505050505,0.009566141413458625
PerplexDEW (ExtendedDH),isobar,0.1281,286.06060606060606,0.009654571958435733
PerplexDEW (ExtendedDH),isobar,0.1281,287.07070707070704,0.00974312741901876
PerplexDEW (ExtendedDH),isobar,0.1281,288.0808080808081,0.009831788218859017
PerplexDEW (ExtendedDH),isobar,0.1281,289.09090909090907,0.00992053761210246
PerplexDEW (ExtendedDH),isobar,0.1281,290.1010101010101,0.010009337692098884
PerplexDEW (ExtendedDH),isobar,0.1281,291.1111111111111,0.01009817003436231
PerplexDEW (ExtendedDH),isobar,0.1281,292.1212121212121,0.010187008670460754
PerplexDEW (ExtendedDH),isobar,0.1281,293.1313131313131,0.010275826801692136
PerplexDEW (ExtendedDH),isobar,0.1281,294.14141414141415,0.010364582148097275
PerplexDEW (ExtendedDH),isobar,0.1281,295.1515151515151,0.010453260430573366
PerplexDEW (ExtendedDH),isobar,0.1281,296.16161616161617,0.010541817212671034
PerplexDEW (ExtendedDH),isobar,0.1281,297.17171717171715,0.010630221584564418
PerplexDEW (ExtendedDH),isobar,0.1281,298.1818181818182,0.010718433980277458
PerplexDEW (ExtendedDH),isobar,0.1281,299.19191919191917,0.010806429148925361
PerplexDEW (ExtendedDH),isobar,0.1281,300.2020202020202,0.010894149516168206
PerplexDEW (ExtendedDH),isobar,0.1281,301.2121212121212,0.010981567458222168
PerplexDEW (ExtendedDH),isobar,0.1281,302.22222222222223,0.011068630280494188
PerplexDEW (ExtendedDH),isobar,0.1281,303.2323232323232,0.01115529994013336
PerplexDEW (ExtendedDH),isobar,0.1281,304.24242424242425,0.011241520561638876
PerplexDEW (ExtendedDH),isobar,0.1281,305.25252525252523,0.011327251311464599
PerplexDEW (ExtendedDH),isobar,0.1281,306.26262626262627,0.011412424394464268
PerplexDEW (ExtendedDH),isobar,0.1281,307.27272727272725,0.0114969957317418
PerplexDEW (ExtendedDH),isobar,0.1281,308.2828282828283,0.011580902385498918
PerplexDEW (ExtendedDH),isobar,0.1281,309.2929292929293,0.011664070329322387
PerplexDEW (ExtendedDH),isobar,0.1281,310.3030303030303,0.011746450204146395
PerplexDEW (ExtendedDH),isobar,0.1281,311.3131313131313,0.011827963768524373
PerplexDEW (ExtendedDH),isobar,0.1281,312.32323232323233,0.011908530071825964
PerplexDEW (ExtendedDH),isobar,0.1281,313.3333333333333,0.011988084344245921
PerplexDEW (ExtendedDH),isobar,0.1281,314.34343434343435,0.01206653122995225
PerplexDEW (ExtendedDH),isobar,0.1281,315.35353535353534,0.012143781748676044
PerplexDEW (ExtendedDH),isobar,0.1281,316.3636363636364,0.01221973417716189
PerplexDEW (ExtendedDH),isobar,0.1281,317.37373737373736,0.012294303299386283
PerplexDEW (ExtendedDH),isobar,0.1281,318.3838383838384,0.012367360990007528
PerplexDEW (ExtendedDH),isobar,0.1281,319.3939393939394,0.012438815496103156
PerplexDEW (ExtendedDH),isobar,0.1281,320.4040404040404,0.012508510254769768
PerplexDEW (ExtendedDH),isobar,0.1281,321.4141414141414,0.012576324954919381
PerplexDEW (ExtendedDH),isobar,0.1281,322.42424242424244,0.012642114274047335
PerplexDEW (ExtendedDH),isobar,0.1281,323.4343434343434,0.01270572804052116
PerplexDEW (ExtendedDH),isobar,0.1281,324.44444444444446,0.012766978404537303
PerplexDEW (ExtendedDH),isobar,0.1281,325.45454545454544,0.012825670887215705
PerplexDEW (ExtendedDH),isobar,0.1281,326.4646464646465,0.012881626715275749
PerplexDEW (ExtendedDH),isobar,0.1281,327.47474747474746,0.012934616096036602
PerplexDEW (ExtendedDH),isobar,0.1281,328.4848484848485,0.012984378308813436
PerplexDEW (ExtendedDH),isobar,0.1281,329.4949494949495,0.013030643476105259
PerplexDEW (ExtendedDH),isobar,0.1281,330.5050505050505,0.013073108950563956
PerplexDEW (ExtendedDH),isobar,0.1281,331.5151515151515,0.013111437826190328
PerplexDEW (ExtendedDH),isobar,0.1281,332.52525252525254,0.013145257454627251
PerplexDEW (ExtendedDH),isobar,0.1281,333.5353535353535,0.013174109102717891
PerplexDEW (ExtendedDH),isobar,0.1281,334.54545454545456,0.013197517753530078
PerplexDEW (ExtendedDH),isobar,0.1281,335.55555555555554,0.01321486702591721
PerplexDEW (ExtendedDH),isobar,0.1281,336.5656565656566,0.013225543864244016
PerplexDEW (ExtendedDH),isobar,0.1281,337.57575757575756,0.013228735263931332
PerplexDEW (ExtendedDH),isobar,0.1281,338.5858585858586,0.01322349602943808
PerplexDEW (ExtendedDH),isobar,0.1281,339.5959595959596,
PerplexDEW (ExtendedDH),isobar,0.1281,340.6060606060606,
PerplexDEW (ExtendedDH),isobar,0.1281,341.6161616161616,
PerplexDEW (ExtendedDH),isobar,0.1281,342.62626262626264,
PerplexDEW (ExtendedDH),isobar,0.1281,343.6363636363636,
PerplexDEW (ExtendedDH),isobar,0.1281,344.64646464646466,
PerplexDEW (ExtendedDH),isobar,0.1281,345.65656565656565,
PerplexDEW (ExtendedDH),isobar,0.1281,346.6666666666667,
PerplexDEW (ExtendedDH),isobar,0.1281,347.67676767676767,
PerplexDEW (ExtendedDH),isobar,0.1281,348.6868686868687,
PerplexDEW (ExtendedDH),isobar,0.1281,349.6969696969697,
PerplexDEW (ExtendedDH),isobar,0.1281,350.7070707070707,
PerplexDEW (ExtendedDH),isobar,0.1281,351.7171717171717,
PerplexDEW (ExtendedDH),isobar,0.1281,352.72727272727275,
PerplexDEW (ExtendedDH),isobar,0.1281,353.73737373737373,
PerplexDEW (ExtendedDH),isobar,0.1281,354.74747474747477,
PerplexDEW (ExtendedDH),isobar,0.1281,355.75757575757575,
PerplexDEW (ExtendedDH),isobar,0.1281,356.7676767676768,
PerplexDEW (ExtendedDH),isobar,0.1281,357.77777777777777,
PerplexDEW (ExtendedDH),isobar,0.1281,358.7878787878788,
PerplexDEW (ExtendedDH),isobar,0.1281,359.7979797979798,
PerplexDEW (ExtendedDH),isobar,0.1281,360.80808080808083,
PerplexDEW (ExtendedDH),isobar,0.1281,361.8181818181818,
PerplexDEW (ExtendedDH),isobar,0.1281,362.82828282828285,
PerplexDEW (ExtendedDH),isobar,0.1281,363.83838383838383,
PerplexDEW (ExtendedDH),isobar,0.1281,364.8484848484849,
PerplexDEW (ExtendedDH),isobar,0.1281,365.85858585858585,
PerplexDEW (ExtendedDH),isobar,0.1281,366.8686868686869,
PerplexDEW (ExtendedDH),isobar,0.1281,367.8787878787879,
PerplexDEW (ExtendedDH),isobar,0.1281,368.8888888888889,
PerplexDEW (ExtendedDH),isobar,0.1281,369.8989898989899,
PerplexDEW (ExtendedDH),isobar,0.1281,370.90909090909093,
PerplexDEW (ExtendedDH),isobar,0.1281,371.9191919191919,
PerplexDEW (ExtendedDH),isobar,0.1281,372.92929292929296,
PerplexDEW (ExtendedDH),isobar,0.1281,373.93939393939394,
PerplexDEW (ExtendedDH),isobar,0.1281,374.949494949495,
PerplexDEW (ExtendedDH),isobar,0.1281,375.95959595959596,
PerplexDEW (ExtendedDH),isobar,0.1281,376.969696969697,
PerplexDEW (ExtendedDH),isobar,0.1281,377.979797979798,
PerplexDEW (ExtendedDH),isobar,0.1281,378.98989898989896,
PerplexDEW (ExtendedDH),isobar,0.1281,380.0,
PerplexDEW (ExtendedDH),isobar,0.15,323.95,0.012955925110288327
PerplexDEW (ExtendedDH),isobar,0.15,324.18333333333334,0.012971913171187975
PerplexDEW (ExtendedDH),isobar,0.15,324.41666666666663,0.012987807077930416
PerplexDEW (ExtendedDH),isobar,0.15,324.65,0.013003562315198442
PerplexDEW (ExtendedDH),isobar,0.15,324.8833333333333,0.013019221574328568
PerplexDEW (ExtendedDH),isobar,0.15,325.1166666666667,0.013034784061772242
PerplexDEW (ExtendedDH),isobar,0.15,325.34999999999997,0.013050204853632633
PerplexDEW (ExtendedDH),isobar,0.15,325.5833333333333,0.013065527019733444
PerplexDEW (ExtendedDH),isobar,0.15,325.81666666666666,0.01308072756458952
PerplexDEW (ExtendedDH),isobar,0.15,326.05,0.013095805488740245
PerplexDEW (ExtendedDH),isobar,0.15,326.2833333333333,0.013110759789612736
PerplexDEW (ExtendedDH),isobar,0.15,326.51666666666665,0.013125589461547888
PerplexDEW (ExtendedDH),isobar,0.15,326.75,0.013140271040260838
PerplexDEW (ExtendedDH),isobar,0.15,326.98333333333335,0.013154848359408281
PerplexDEW (ExtendedDH),isobar,0.15,327.21666666666664,0.01316929801424329
PerplexDEW (ExtendedDH),isobar,0.15,327.45,0.013183596333914308
PerplexDEW (ExtendedDH),isobar,0.15,327.68333333333334,0.01319776481861672
PerplexDEW (ExtendedDH),isobar,0.15,327.9166666666667,0.013211802444336306
PerplexDEW (ExtendedDH),isobar,0.15,328.15,0.013225708184159388
PerplexDEW (ExtendedDH),isobar,0.15,328.3833333333333,0.013239458090072567
PerplexDEW (ExtendedDH),isobar,0.15,328.6166666666667,0.013253050929680012
PerplexDEW (ExtendedDH),isobar,0.15,328.84999999999997,0.01326650851858818
PerplexDEW (ExtendedDH),isobar,0.15,329.0833333333333,0.013279806699493978
PerplexDEW (ExtendedDH),isobar,0.15,329.31666666666666,0.013292967415208279
PerplexDEW (ExtendedDH),isobar,0.15,329.55,0.013305966368598618
PerplexDEW (ExtendedDH),isobar,0.15,329.7833333333333,0.01331880231069826
PerplexDEW (ExtendedDH),isobar,0.15,330.01666666666665,0.01333147398921077
PerplexDEW (ExtendedDH),isobar,0.15,330.25,0.013343980148550358
PerplexDEW (ExtendedDH),isobar,0.15,330.48333333333335,0.013356319529894767
PerplexDEW (ExtendedDH),isobar,0.15,330.71666666666664,0.013368490871231395
PerplexDEW (ExtendedDH),isobar,0.15,330.95,0.013380469250048335
PerplexDEW (ExtendedDH),isobar,0.15,331.18333333333334,0.013392300644937906
PerplexDEW (ExtendedDH),isobar,0.15,331.4166666666667,0.013403936401790967
PerplexDEW (ExtendedDH),isobar,0.15,331.65,0.013415375042010945
PerplexDEW (ExtendedDH),isobar,0.15,331.8833333333333,0.013426662942615278
PerplexDEW (ExtendedDH),isobar,0.15,332.1166666666667,0.013437727034129114
PerplexDEW (ExtendedDH),isobar,0.15,332.35,0.013448613755485261
PerplexDEW (ExtendedDH),isobar,0.15,332.5833333333333,0.01345929768523267
PerplexDEW (ExtendedDH),isobar,0.15,332.81666666666666,0.013469753124651774
PerplexDEW (ExtendedDH),isobar,0.15,333.05,0.013480051186051807
PerplexDEW (ExtendedDH),isobar,0.15,333.2833333333333,0.01349009341605958
PerplexDEW (ExtendedDH),isobar,0.15,333.51666666666665,0.013499951127039425
PerplexDEW (ExtendedDH),isobar,0.15,333.75,0.013509598539125684
PerplexDEW (ExtendedDH),isobar,0.15,333.98333333333335,0.013518985045240411
PerplexDEW (ExtendedDH),isobar,0.15,334.21666666666664,0.013528182569373243
PerplexDEW (ExtendedDH),isobar,0.15,334.45,0.013537140429230998
PerplexDEW (ExtendedDH),isobar,0.15,334.68333333333334,0.01354585689770512
PerplexDEW (ExtendedDH),isobar,0.15,334.9166666666667,0.013554305418802403
PerplexDEW (ExtendedDH),isobar,0.15,335.15,0.013562533841508179
PerplexDEW (ExtendedDH),isobar,0.15,335.3833333333333,0.0135705406387332
PerplexDEW (ExtendedDH),isobar,0.15,335.6166666666667,0.013578249176535414
PerplexDEW (ExtendedDH),isobar,0.15,335.85,0.013585707504413172
PerplexDEW (ExtendedDH),isobar,0.15,336.0833333333333,0.013592913878578345
PerplexDEW (ExtendedDH),isobar,0.15,336.31666666666666,0.0135998160636135
PerplexDEW (ExtendedDH),isobar,0.15,336.55,0.013606462520347555
PerplexDEW (ExtendedDH),isobar,0.15,336.78333333333336,0.013612826113244466
PerplexDEW (ExtendedDH),isobar,0.15,337.01666666666665,0.013618904879184955
PerplexDEW (ExtendedDH),isobar,0.15,337.25,0.013624671327578932
PerplexDEW (ExtendedDH),isobar,0.15,337.48333333333335,0.013630148876037935
PerplexDEW (ExtendedDH),isobar,0.15,337.7166666666667,0.013635309889442518
PerplexDEW (ExtendedDH),isobar,0.15,337.95,0.013640152185924114
PerplexDEW (ExtendedDH),isobar,0.15,338.18333333333334,0.013644647774888444
PerplexDEW (ExtendedDH),isobar,0.15,338.4166666666667,0.013648846015064907
PerplexDEW (ExtendedDH),isobar,0.15,338.65,0.013652693035553203
PerplexDEW (ExtendedDH),isobar,0.15,338.8833333333333,0.01365618643744989
PerplexDEW (ExtendedDH),isobar,0.15,339.1166666666667,0.013659323820953402
PerplexDEW (ExtendedDH),isobar,0.15,339.35,0.013662076625386347
PerplexDEW (ExtendedDH),isobar,0.15,339.5833333333333,0.013664468468863029
PerplexDEW (ExtendedDH),isobar,0.15,339.81666666666666,0.013666496950645356
PerplexDEW (ExtendedDH),isobar,0.15,340.05,0.013668106925198297
PerplexDEW (ExtendedDH),isobar,0.15,340.28333333333336,0.013669322011402968
PerplexDEW (ExtendedDH),isobar,0.15,340.51666666666665,0.01367011308391595
PerplexDEW (ExtendedDH),isobar,0.15,340.75,0.013670503905507071
PerplexDEW (ExtendedDH),isobar,0.15,340.98333333333335,0.013670438556564662
PerplexDEW (ExtendedDH),isobar,0.15,341.2166666666667,0.013669914006486563
PerplexDEW (ExtendedDH),isobar,0.15,341.45,0.013668954024864314
PerplexDEW (ExtendedDH),isobar,0.15,341.68333333333334,0.01366750206323597
PerplexDEW (ExtendedDH),isobar,0.15,341.9166666666667,0.013665581827687992
PerplexDEW (ExtendedDH),isobar,0.15,342.15,0.012245695829781255
PerplexDEW (ExtendedDH),isobar,0.15,342.3833333333333,
PerplexDEW (ExtendedDH),isobar,0.15,342.6166666666667,
PerplexDEW (ExtendedDH),isobar,0.15,342.85,
PerplexDEW (ExtendedDH),isobar,0.15,343.0833333333333,
PerplexDEW (ExtendedDH),isobar,0.15,343.31666666666666,
PerplexDEW (ExtendedDH),isobar,0.15,343.55,
PerplexDEW (ExtendedDH),isobar,0.15,343.78333333333336,
PerplexDEW (ExtendedDH),isobar,0.15,344.01666666666665,
PerplexDEW (ExtendedDH),isobar,0.15,344.25,
PerplexDEW (ExtendedDH),isobar,0.15,344.48333333333335,
PerplexDEW (ExtendedDH),isobar,0.15,344.7166666666667,
PerplexDEW (ExtendedDH),isobar,0.15,344.95,
PerplexDEW (ExtendedDH),isobar,0.15,345.18333333333334,
PerplexDEW (ExtendedDH),isobar,0.15,345.4166666666667,
PerplexDEW (ExtendedDH),isobar,0.15,345.65000000000003,
PerplexDEW (ExtendedDH),isobar,0.15,345.8833333333333,
PerplexDEW (ExtendedDH),isobar,0.15,346.1166666666667,
PerplexDEW (ExtendedDH),isobar,0.15,346.35,
PerplexDEW (ExtendedDH),isobar,0.15,346.58333333333337,
PerplexDEW (ExtendedDH),isobar,0.15,346.81666666666666,
PerplexDEW (ExtendedDH),isobar,0.15,347.05,
PerplexDEW (ExtendedDH),isobar,0.1565,323.95,0.013017660214912425
PerplexDEW (ExtendedDH),isobar,0.1565,324.18333333333334,0.013034153719444675
PerplexDEW (ExtendedDH),isobar,0.1565,324.41666666666663,0.013050555356637798
PerplexDEW (ExtendedDH),isobar,0.1565,324.65,0.01306684249647307
PerplexDEW (ExtendedDH),isobar,0.1565,324.8833333333333,0.013083036083035992
PerplexDEW (ExtendedDH),isobar,0.1565,325.1166666666667,0.013099124333300337
PerplexDEW (ExtendedDH),isobar,0.1565,325.34999999999997,0.013115095332069887
PerplexDEW (ExtendedDH),isobar,0.1565,325.5833333333333,0.013130970208728629
PerplexDEW (ExtendedDH),isobar,0.1565,325.81666666666666,0.013146725983116263
PerplexDEW (ExtendedDH),isobar,0.1565,326.05,0.013162372784591002
PerplexDEW (ExtendedDH),isobar,0.1565,326.2833333333333,0.013177898556074144
PerplexDEW (ExtendedDH),isobar,0.1565,326.51666666666665,0.013193313486174757
PerplexDEW (ExtendedDH),isobar,0.1565,326.75,0.01320860544649277
PerplexDEW (ExtendedDH),isobar,0.1565,326.98333333333335,0.013223784685233423
PerplexDEW (ExtendedDH),isobar,0.1565,327.21666666666664,0.013238827714109294
PerplexDEW (ExtendedDH),isobar,0.1565,327.45,0.013253744742236699
PerplexDEW (ExtendedDH),isobar,0.1565,327.68333333333334,0.013268546107579686
PerplexDEW (ExtendedDH),isobar,0.1565,327.9166666666667,0.013283219502390961
PerplexDEW (ExtendedDH),isobar,0.1565,328.15,0.013297741062657709
PerplexDEW (ExtendedDH),isobar,0.1565,328.3833333333333,0.01331215537975411
PerplexDEW (ExtendedDH),isobar,0.1565,328.6166666666667,0.013326415675294193
PerplexDEW (ExtendedDH),isobar,0.1565,328.84999999999997,0.013340543759276633
PerplexDEW (ExtendedDH),isobar,0.1565,329.0833333333333,0.013354515488639467
PerplexDEW (ExtendedDH),isobar,0.1565,329.31666666666666,0.013368352800431457
PerplexDEW (ExtendedDH),isobar,0.1565,329.55,0.013382054654035155
PerplexDEW (ExtendedDH),isobar,0.1565,329.7833333333333,0.013395596696030132
PerplexDEW (ExtendedDH),isobar,0.1565,330.01666666666665,0.013409001055417733
PerplexDEW (ExtendedDH),isobar,0.1565,330.25,0.013422243237979924
PerplexDEW (ExtendedDH),isobar,0.1565,330.48333333333335,0.01343532198879565
PerplexDEW (ExtendedDH),isobar,0.1565,330.71666666666664,0.013448236049562775
PerplexDEW (ExtendedDH),isobar,0.1565,330.95,0.013461007806848592
PerplexDEW (ExtendedDH),isobar,0.1565,331.18333333333334,0.013473588767321028
PerplexDEW (ExtendedDH),isobar,0.1565,331.4166666666667,0.013486025027456307
PerplexDEW (ExtendedDH),isobar,0.1565,331.65,0.01349826781550199
PerplexDEW (ExtendedDH),isobar,0.1565,331.8833333333333,0.013510363494053613
PerplexDEW (ExtendedDH),isobar,0.1565,332.1166666666667,0.013522263012222466
PerplexDEW (ExtendedDH),isobar,0.1565,332.35,0.013533988941940066
PerplexDEW (ExtendedDH),isobar,0.1565,332.5833333333333,0.013545515873037192
PerplexDEW (ExtendedDH),isobar,0.1565,332.81666666666666,0.013556866508014574
PerplexDEW (ExtendedDH),isobar,0.1565,333.05,0.013568039557178313
PerplexDEW (ExtendedDH),isobar,0.1565,333.2833333333333,0.013579009394769194
PerplexDEW (ExtendedDH),isobar,0.1565,333.51666666666665,0.013589774518238435
PerplexDEW (ExtendedDH),isobar,0.1565,333.75,0.01360033342173556
PerplexDEW (ExtendedDH),isobar,0.1565,333.98333333333335,0.013610684596189122
PerplexDEW (ExtendedDH),isobar,0.1565,334.21666666666664,0.013620851139702178
PerplexDEW (ExtendedDH),isobar,0.1565,334.45,0.013630782385899062
PerplexDEW (ExtendedDH),isobar,0.1565,334.68333333333334,0.013640501357438002
PerplexDEW (ExtendedDH),isobar,0.1565,334.9166666666667,0.013649981714050725
PerplexDEW (ExtendedDH),isobar,0.1565,335.15,0.013659271500301768
PerplexDEW (ExtendedDH),isobar,0.1565,335.3833333333333,0.013668294522455488
PerplexDEW (ExtendedDH),isobar,0.1565,335.6166666666667,0.013677098889018888
PerplexDEW (ExtendedDH),isobar,0.1565,335.85,0.01368565796881727
PerplexDEW (ExtendedDH),isobar,0.1565,336.0833333333333,0.01369399518575348
PerplexDEW (ExtendedDH),isobar,0.1565,336.31666666666666,0.013702058523993223
PerplexDEW (ExtendedDH),isobar,0.1565,336.55,0.013709871331789818
PerplexDEW (ExtendedDH),isobar,0.1565,336.78333333333336,0.013717406475910623
PerplexDEW (ExtendedDH),isobar,0.1565,337.01666666666665,0.013724687439807938
PerplexDEW (ExtendedDH),isobar,0.1565,337.25,0.013731712465354214
PerplexDEW (ExtendedDH),isobar,0.1565,337.48333333333335,0.01373845420056804
PerplexDEW (ExtendedDH),isobar,0.1565,337.7166666666667,0.013744910671082178
PerplexDEW (ExtendedDH),isobar,0.1565,337.95,0.013751054167083594
PerplexDEW (ExtendedDH),isobar,0.1565,338.18333333333334,0.013756934105411293
PerplexDEW (ExtendedDH),isobar,0.1565,338.4166666666667,0.01376249696813158
PerplexDEW (ExtendedDH),isobar,0.1565,338.65,0.01376774056007126
PerplexDEW (ExtendedDH),isobar,0.1565,338.8833333333333,0.013772688701085306
PerplexDEW (ExtendedDH),isobar,0.1565,339.1166666666667,0.013777287229818153
PerplexDEW (ExtendedDH),isobar,0.1565,339.35,0.013781586051142151
PerplexDEW (ExtendedDH),isobar,0.1565,339.5833333333333,0.013785530716907267
PerplexDEW (ExtendedDH),isobar,0.1565,339.81666666666666,0.013789118811541308
PerplexDEW (ExtendedDH),isobar,0.1565,340.05,0.013792374291207008
PerplexDEW (ExtendedDH),isobar,0.1565,340.28333333333336,0.013795268508740464
PerplexDEW (ExtendedDH),isobar,0.1565,340.51666666666665,0.013797772531694324
PerplexDEW (ExtendedDH),isobar,0.1565,340.75,0.01379991031535669
PerplexDEW (ExtendedDH),isobar,0.1565,340.98333333333335,0.013801626127069014
PerplexDEW (ExtendedDH),isobar,0.1565,341.2166666666667,0.013802970580777557
PerplexDEW (ExtendedDH),isobar,0.1565,341.45,0.013803887660034538
PerplexDEW (ExtendedDH),isobar,0.1565,341.68333333333334,0.013804401394589171
PerplexDEW (ExtendedDH),isobar,0.1565,341.9166666666667,0.013804482214875416
PerplexDEW (ExtendedDH),isobar,0.1565,342.15,0.013804100268114477
PerplexDEW (ExtendedDH),isobar,0.1565,342.3833333333333,0.013803279590758378
PerplexDEW (ExtendedDH),isobar,0.1565,342.6166666666667,0.013801963036063312
PerplexDEW (ExtendedDH),isobar,0.1565,342.85,0.013800174576337186
PerplexDEW (ExtendedDH),isobar,0.1565,343.0833333333333,0.013797883873956121
PerplexDEW (ExtendedDH),isobar,0.1565,343.31666666666666,
PerplexDEW (ExtendedDH),isobar,0.1565,343.55,
PerplexDEW (ExtendedDH),isobar,0.1565,343.78333333333336,
PerplexDEW (ExtendedDH),isobar,0.1565,344.01666666666665,
PerplexDEW (ExtendedDH),isobar,0.1565,344.25,
PerplexDEW (ExtendedDH),isobar,0.1565,344.48333333333335,
PerplexDEW (ExtendedDH),isobar,0.1565,344.7166666666667,
PerplexDEW (ExtendedDH),isobar,0.1565,344.95,
PerplexDEW (ExtendedDH),isobar,0.1565,345.18333333333334,
PerplexDEW (ExtendedDH),isobar,0.1565,345.4166666666667,
PerplexDEW (ExtendedDH),isobar,0.1565,345.65000000000003,
PerplexDEW (ExtendedDH),isobar,0.1565,345.8833333333333,
PerplexDEW (ExtendedDH),isobar,0.1565,346.1166666666667,
PerplexDEW (ExtendedDH),isobar,0.1565,346.35,
PerplexDEW (ExtendedDH),isobar,0.1565,346.58333333333337,
PerplexDEW (ExtendedDH),isobar,0.1565,346.81666666666666,
PerplexDEW (ExtendedDH),isobar,0.1565,347.05,
PerplexDEW (ExtendedDH),isobar,0.1867,310.0,0.012075554612483887
PerplexDEW (ExtendedDH),isobar,0.1867,311.010101010101,0.012167940969426205
PerplexDEW (ExtendedDH),isobar,0.1867,312.020202020202,0.012259861701536954
PerplexDEW (ExtendedDH),isobar,0.1867,313.030303030303,0.012351246610311823
PerplexDEW (ExtendedDH),isobar,0.1867,314.04040404040404,0.012442041901060063
PerplexDEW (ExtendedDH),isobar,0.1867,315.050505050505,0.012532192126628115
PerplexDEW (ExtendedDH),isobar,0.1867,316.06060606060606,0.012621649923739688
PerplexDEW (ExtendedDH),isobar,0.1867,317.07070707070704,0.01271033706125511
PerplexDEW (ExtendedDH),isobar,0.1867,318.0808080808081,0.012798192585981584
PerplexDEW (ExtendedDH),isobar,0.1867,319.09090909090907,0.012885133468725803
PerplexDEW (ExtendedDH),isobar,0.1867,320.1010101010101,0.012971114976426489
PerplexDEW (ExtendedDH),isobar,0.1867,321.1111111111111,0.013056029085690838
PerplexDEW (ExtendedDH),isobar,0.1867,322.1212121212121,0.013139805995668963
PerplexDEW (ExtendedDH),isobar,0.1867,323.1313131313131,0.013222352622946413
PerplexDEW (ExtendedDH),isobar,0.1867,324.14141414141415,0.013303583698315946
PerplexDEW (ExtendedDH),isobar,0.1867,325.1515151515151,0.013383389499326458
PerplexDEW (ExtendedDH),isobar,0.1867,326.16161616161617,0.01346167886836839
PerplexDEW (ExtendedDH),isobar,0.1867,327.17171717171715,0.013538335553813102
PerplexDEW (ExtendedDH),isobar,0.1867,328.1818181818182,0.013613228148606247
PerplexDEW (ExtendedDH),isobar,0.1867,329.19191919191917,0.013686232408970453
PerplexDEW (ExtendedDH),isobar,0.1867,330.2020202020202,0.01375722023648078
PerplexDEW (ExtendedDH),isobar,0.1867,331.2121212121212,0.01382603595903019
PerplexDEW (ExtendedDH),isobar,0.1867,332.22222222222223,0.013892518785526387
PerplexDEW (ExtendedDH),isobar,0.1867,333.2323232323232,0.013956490614616637
PerplexDEW (ExtendedDH),isobar,0.1867,334.24242424242425,0.014017792101875043
PerplexDEW (ExtendedDH),isobar,0.1867,335.25252525252523,0.014076184601838767
PerplexDEW (ExtendedDH),isobar,0.1867,336.26262626262627,0.014131471502128174
PerplexDEW (ExtendedDH),isobar,0.1867,337.27272727272725,0.014183399249767567
PerplexDEW (ExtendedDH),isobar,0.1867,338.2828282828283,0.014231705853409295
PerplexDEW (ExtendedDH),isobar,0.1867,339.2929292929293,0.014276120853746745
PerplexDEW (ExtendedDH),isobar,0.1867,340.3030303030303,0.014316286010006266
PerplexDEW (ExtendedDH),isobar,0.1867,341.3131313131313,0.014351857593047176
PerplexDEW (ExtendedDH),isobar,0.1867,342.32323232323233,0.01438242677868185
PerplexDEW (ExtendedDH),isobar,0.1867,343.3333333333333,0.014407543928455793
PerplexDEW (ExtendedDH),isobar,0.1867,344.34343434343435,0.01442668939984799
PerplexDEW (ExtendedDH),isobar,0.1867,345.35353535353534,0.014439242503190439
PerplexDEW (ExtendedDH),isobar,0.1867,346.3636363636364,0.014444533668225993
PerplexDEW (ExtendedDH),isobar,0.1867,347.37373737373736,6.105107963490864e-08
PerplexDEW (ExtendedDH),isobar,0.1867,348.3838383838384,5.935536205384441e-08
PerplexDEW (ExtendedDH),isobar,0.1867,349.3939393939394,5.7679396360375386e-08
PerplexDEW (ExtendedDH),isobar,0.1867,350.4040404040404,5.605544034495071e-08
PerplexDEW (ExtendedDH),isobar,0.1867,351.4141414141414,5.446655253249551e-08
PerplexDEW (ExtendedDH),isobar,0.1867,352.42424242424244,5.291230925258788e-08
PerplexDEW (ExtendedDH),isobar,0.1867,353.4343434343434,5.1392282066426996e-08
PerplexDEW (ExtendedDH),isobar,0.1867,354.44444444444446,4.9920420602955634e-08
PerplexDEW (ExtendedDH),isobar,0.1867,355.45454545454544,4.84671845453248e-08
PerplexDEW (ExtendedDH),isobar,0.1867,356.4646464646465,4.706057371782825e-08
PerplexDEW (ExtendedDH),isobar,0.1867,357.47474747474746,4.568577710145982e-08
PerplexDEW (ExtendedDH),isobar,0.1867,358.4848484848485,4.4342363075224064e-08
PerplexDEW (ExtendedDH),isobar,0.1867,359.4949494949495,4.3029897244492076e-08
PerplexDEW (ExtendedDH),isobar,0.1867,360.5050505050505,4.176039248168045e-08
PerplexDEW (ExtendedDH),isobar,0.1867,361.5151515151515,4.0508206016792124e-08
PerplexDEW (ExtendedDH),isobar,0.1867,362.52525252525254,3.929750537251021e-08
PerplexDEW (ExtendedDH),isobar,0.1867,363.5353535353535,3.8115413347624264e-08
PerplexDEW (ExtendedDH),isobar,0.1867,364.54545454545456,3.6961501122502286e-08
PerplexDEW (ExtendedDH),isobar,0.1867,365.55555555555554,3.5846332214392445e-08
PerplexDEW (ExtendedDH),isobar,0.1867,366.5656565656566,3.475257205374491e-08
PerplexDEW (ExtendedDH),isobar,0.1867,367.57575757575756,3.3685433666220506e-08
PerplexDEW (ExtendedDH),isobar,0.1867,368.5858585858586,3.2649584962363786e-08
PerplexDEW (ExtendedDH),isobar,0.1867,369.5959595959596,3.1644212301060514e-08
PerplexDEW (ExtendedDH),isobar,0.1867,370.6060606060606,3.066368105589802e-08
PerplexDEW (ExtendedDH),isobar,0.1867,371.6161616161616,2.9712293920234913e-08
PerplexDEW (ExtendedDH),isobar,0.1867,372.62626262626264,2.8784684982787773e-08
PerplexDEW (ExtendedDH),isobar,0.1867,373.6363636363636,2.788045220324298e-08
PerplexDEW (ExtendedDH),isobar,0.1867,374.64646464646466,2.699919439331779e-08
PerplexDEW (ExtendedDH),isobar,0.1867,375.65656565656565,2.6148993197603392e-08
PerplexDEW (ExtendedDH),isobar,0.1867,376.6666666666667,2.5320519651801688e-08
PerplexDEW (ExtendedDH),isobar,0.1867,377.67676767676767,2.4513389241751883e-08
PerplexDEW (ExtendedDH),isobar,0.1867,378.6868686868687,2.3727218935148294e-08
PerplexDEW (ExtendedDH),isobar,0.1867,379.6969696969697,2.2969244909314622e-08
PerplexDEW (ExtendedDH),isobar,0.1867,380.7070707070707,2.2231059882084208e-08
PerplexDEW (ExtendedDH),isobar,0.1867,381.7171717171717,2.151229851258973e-08
PerplexDEW (ExtendedDH),isobar,0.1867,382.72727272727275,2.081259744988267e-08
PerplexDEW (ExtendedDH),isobar,0.1867,383.73737373737373,2.013842309903015e-08
PerplexDEW (ExtendedDH),isobar,0.1867,384.74747474747477,1.9482214609363725e-08
PerplexDEW (ExtendedDH),isobar,0.1867,385.75757575757575,1.8843626972995035e-08
PerplexDEW (ExtendedDH),isobar,0.1867,386.7676767676768,1.822231756946167e-08
PerplexDEW (ExtendedDH),isobar,0.1867,387.77777777777777,1.7624053774724828e-08
PerplexDEW (ExtendedDH),isobar,0.1867,388.7878787878788,
PerplexDEW (ExtendedDH),isobar,0.1867,389.7979797979798,
PerplexDEW (ExtendedDH),isobar,0.1867,390.80808080808083,
PerplexDEW (ExtendedDH),isobar,0.1867,391.8181818181818,
PerplexDEW (ExtendedDH),isobar,0.1867,392.82828282828285,
PerplexDEW (ExtendedDH),isobar,0.1867,393.83838383838383,
PerplexDEW (ExtendedDH),isobar,0.1867,394.8484848484849,
PerplexDEW (ExtendedDH),isobar,0.1867,395.85858585858585,
PerplexDEW (ExtendedDH),isobar,0.1867,396.8686868686869,
PerplexDEW (ExtendedDH),isobar,0.1867,397.8787878787879,
PerplexDEW (ExtendedDH),isobar,0.1867,398.8888888888889,
PerplexDEW (ExtendedDH),isobar,0.1867,399.8989898989899,
PerplexDEW (ExtendedDH),isobar,0.1867,400.90909090909093,
PerplexDEW (ExtendedDH),isobar,0.1867,401.9191919191919,
PerplexDEW (ExtendedDH),isobar,0.1867,402.92929292929296,
PerplexDEW (ExtendedDH),isobar,0.1867,403.93939393939394,
PerplexDEW (ExtendedDH),isobar,0.1867,404.949494949495,
PerplexDEW (ExtendedDH),isobar,0.1867,405.95959595959596,
PerplexDEW (ExtendedDH),isobar,0.1867,406.969696969697,
PerplexDEW (ExtendedDH),isobar,0.1867,407.979797979798,
PerplexDEW (ExtendedDH),isobar,0.1867,408.98989898989896,
PerplexDEW (ExtendedDH),isobar,0.1867,410.0,
PerplexDEW (ExtendedDH),isobar,0.2,317.6,0.0128486294346509
PerplexDEW (ExtendedDH),isobar,0.2,318.1333333333334,0.012896338471029157
PerplexDEW (ExtendedDH),isobar,0.2,318.6666666666667,0.012943825489790471
PerplexDEW (ExtendedDH),isobar,0.2,319.20000000000005,0.012991084413631206
PerplexDEW (ExtendedDH),isobar,0.2,319.73333333333335,0.013038109101547374
PerplexDEW (ExtendedDH),isobar,0.2,320.2666666666667,0.013084883058421908
PerplexDEW (ExtendedDH),isobar,0.2,320.8,0.013131379080491336
PerplexDEW (ExtendedDH),isobar,0.2,321.33333333333337,0.013177611100043757
PerplexDEW (ExtendedDH),isobar,0.2,321.8666666666667,0.013223562023022507
PerplexDEW (ExtendedDH),isobar,0.2,322.40000000000003,0.013269214410007594
PerplexDEW (ExtendedDH),isobar,0.2,322.93333333333334,0.01331456112975218
PerplexDEW (ExtendedDH),isobar,0.2,323.4666666666667,0.013359573529860603
PerplexDEW (ExtendedDH),isobar,0.2,324.0,0.013404265523858535
PerplexDEW (ExtendedDH),isobar,0.2,324.53333333333336,0.01344860804173944
PerplexDEW (ExtendedDH),isobar,0.2,325.06666666666666,0.013492593262710562
PerplexDEW (ExtendedDH),isobar,0.2,325.6,0.013536213301258109
PerplexDEW (ExtendedDH),isobar,0.2,326.1333333333333,0.01357943800841021
PerplexDEW (ExtendedDH),isobar,0.2,326.6666666666667,0.013622247745475859
PerplexDEW (ExtendedDH),isobar,0.2,327.2,0.013664645004093283
PerplexDEW (ExtendedDH),isobar,0.2,327.73333333333335,0.01370660985773123
PerplexDEW (ExtendedDH),isobar,0.2,328.26666666666665,0.013748133410176893
PerplexDEW (ExtendedDH),isobar,0.2,328.8,0.01378917226130258
PerplexDEW (ExtendedDH),isobar,0.2,329.33333333333337,0.013829751352238337
PerplexDEW (ExtendedDH),isobar,0.2,329.8666666666667,0.013869803416808012
PerplexDEW (ExtendedDH),isobar,0.2,330.40000000000003,0.013909341541177135
PerplexDEW (ExtendedDH),isobar,0.2,330.93333333333334,0.013948332206217533
PerplexDEW (ExtendedDH),isobar,0.2,331.4666666666667,0.013986764927710177
PerplexDEW (ExtendedDH),isobar,0.2,332.0,0.014024629146745406
PerplexDEW (ExtendedDH),isobar,0.2,332.53333333333336,0.014061866134565336
PerplexDEW (ExtendedDH),isobar,0.2,333.06666666666666,0.014098488440710504
PerplexDEW (ExtendedDH),isobar,0.2,333.6,0.014134460440353618
PerplexDEW (ExtendedDH),isobar,0.2,334.1333333333333,0.014169745794354136
PerplexDEW (ExtendedDH),isobar,0.2,334.6666666666667,0.014204332131043643
PerplexDEW (ExtendedDH),isobar,0.2,335.2,0.014238206999804298
PerplexDEW (ExtendedDH),isobar,0.2,335.73333333333335,0.014271307851818238
PerplexDEW (ExtendedDH),isobar,0.2,336.26666666666665,0.01430362110784578
PerplexDEW (ExtendedDH),isobar,0.2,336.8,0.01433513310784287
PerplexDEW (ExtendedDH),isobar,0.2,337.3333333333333,0.014365804612792299
PerplexDEW (ExtendedDH),isobar,0.2,337.8666666666667,0.014395569984375425
PerplexDEW (ExtendedDH),isobar,0.2,338.4,0.0144244396768834
PerplexDEW (ExtendedDH),isobar,0.2,338.93333333333334,0.014452372734673487
PerplexDEW (ExtendedDH),isobar,0.2,339.4666666666667,0.014479301300463076
PerplexDEW (ExtendedDH),isobar,0.2,340.0,0.014505182437320048
PerplexDEW (ExtendedDH),isobar,0.2,340.53333333333336,0.014530025455264555
PerplexDEW (ExtendedDH),isobar,0.2,341.06666666666666,0.014553733602948956
PerplexDEW (ExtendedDH),isobar,0.2,341.6,0.014576288539316137
PerplexDEW (ExtendedDH),isobar,0.2,342.1333333333333,0.014597617848950584
PerplexDEW (ExtendedDH),isobar,0.2,342.6666666666667,0.014617702038678052
PerplexDEW (ExtendedDH),isobar,0.2,343.2,0.01463646686991353
PerplexDEW (ExtendedDH),isobar,0.2,343.73333333333335,0.014653836686179218
PerplexDEW (ExtendedDH),isobar,0.2,344.26666666666665,0.014669734413336771
PerplexDEW (ExtendedDH),isobar,0.2,344.8,0.014684165117102375
PerplexDEW (ExtendedDH),isobar,0.2,345.3333333333333,0.014697022412022758
PerplexDEW (ExtendedDH),isobar,0.2,345.8666666666667,0.014708197825760822
PerplexDEW (ExtendedDH),isobar,0.2,346.4,0.014717637535187744
PerplexDEW (ExtendedDH),isobar,0.2,346.93333333333334,0.01472525847886915
PerplexDEW (ExtendedDH),isobar,0.2,347.46666666666664,0.01473091880313039
PerplexDEW (ExtendedDH),isobar,0.2,348.0,0.01473458944405976
PerplexDEW (ExtendedDH),isobar,0.2,348.5333333333333,0.014736125160914685
PerplexDEW (ExtendedDH),isobar,0.2,349.06666666666666,2.313474633400292e-07
PerplexDEW (ExtendedDH),isobar,0.2,349.6,2.2844371567645198e-07
PerplexDEW (ExtendedDH),isobar,0.2,350.1333333333333,2.2556463745199698e-07
PerplexDEW (ExtendedDH),isobar,0.2,350.6666666666667,2.227101911939179e-07
PerplexDEW (ExtendedDH),isobar,0.2,351.2,2.1988033689220816e-07
PerplexDEW (ExtendedDH),isobar,0.2,351.73333333333335,2.170750320299931e-07
PerplexDEW (ExtendedDH),isobar,0.2,352.26666666666665,2.1429423161380824e-07
PerplexDEW (ExtendedDH),isobar,0.2,352.8,2.1153788820431286e-07
PerplexDEW (ExtendedDH),isobar,0.2,353.3333333333333,2.088059519469415e-07
PerplexDEW (ExtendedDH),isobar,0.2,353.8666666666667,2.0612246386698106e-07
PerplexDEW (ExtendedDH),isobar,0.2,354.4,2.034627980589442e-07
PerplexDEW (ExtendedDH),isobar,0.2,354.93333333333334,2.0080328231591978e-07
PerplexDEW (ExtendedDH),isobar,0.2,355.46666666666664,1.9819133386138377e-07
PerplexDEW (ExtendedDH),isobar,0.2,356.0,1.9560303928865593e-07
PerplexDEW (ExtendedDH),isobar,0.2,356.5333333333333,1.9303833842536281e-07
PerplexDEW (ExtendedDH),isobar,0.2,357.06666666666666,1.9049716894471675e-07
PerplexDEW (ExtendedDH),isobar,0.2,357.59999999999997,1.8800191859832987e-07
PerplexDEW (ExtendedDH),isobar,0.2,358.1333333333333,1.8548516423649942e-07
PerplexDEW (ExtendedDH),isobar,0.2,358.66666666666663,1.8303618765679884e-07
PerplexDEW (ExtendedDH),isobar,0.2,359.2,1.8061001962921368e-07
PerplexDEW (ExtendedDH),isobar,0.2,359.73333333333335,1.7820659109700123e-07
PerplexDEW (ExtendedDH),isobar,0.2,360.26666666666665,1.7580450929511438e-07
PerplexDEW (ExtendedDH),isobar,0.2,360.79999999999995,1.7344656651272772e-07
PerplexDEW (ExtendedDH),isobar,0.2,361.3333333333333,1.7111114337886147e-07
PerplexDEW (ExtendedDH),isobar,0.2,361.8666666666667,1.6879816328079135e-07
PerplexDEW (ExtendedDH),isobar,0.2,362.4,1.665279903099215e-07
PerplexDEW (ExtendedDH),isobar,0.2,362.93333333333334,1.6425944246644607e-07
PerplexDEW (ExtendedDH),isobar,0.2,363.46666666666664,1.6201309831330123e-07
PerplexDEW (ExtendedDH),isobar,0.2,364.0,1.5980867219737562e-07
PerplexDEW (ExtendedDH),isobar,0.2,364.5333333333333,1.576258567119667e-07
PerplexDEW (ExtendedDH),isobar,0.2,365.06666666666666,1.5544519130326046e-07
PerplexDEW (ExtendedDH),isobar,0.2,365.59999999999997,1.5332472287915927e-07
PerplexDEW (ExtendedDH),isobar,0.2,366.1333333333333,1.5118727173353315e-07
PerplexDEW (ExtendedDH),isobar,0.2,366.66666666666663,1.4910901147993702e-07
PerplexDEW (ExtendedDH),isobar,0.2,367.2,1.470515208649576e-07
PerplexDEW (ExtendedDH),isobar,0.2,367.7333333333333,1.4499636157771932e-07
PerplexDEW (ExtendedDH),isobar,0.2,368.26666666666665,1.4298034732771116e-07
PerplexDEW (ExtendedDH),isobar,0.2,368.79999999999995,1.4096688574466362e-07
PerplexDEW (ExtendedDH),isobar,0.2,369.3333333333333,1.3899198249152162e-07
PerplexDEW (ExtendedDH),isobar,0.2,369.8666666666667,1.3705495122107596e-07
PerplexDEW (ExtendedDH),isobar,0.2,370.4,1.3512039200910026e-07
PerplexDEW (ExtendedDH),isobar,0.2051,317.6,0.012883220992310769
PerplexDEW (ExtendedDH),isobar,0.2051,318.1333333333334,0.01293146501335995
PerplexDEW (ExtendedDH),isobar,0.2051,318.6666666666667,0.012979502510167763
PerplexDEW (ExtendedDH),isobar,0.2051,319.20000000000005,0.013027327647601
PerplexDEW (ExtendedDH),isobar,0.2051,319.73333333333335,0.013074914080986783
PerplexDEW (ExtendedDH),isobar,0.2051,320.2666666666667,0.013122276025722693
PerplexDEW (ExtendedDH),isobar,0.2051,320.8,0.013169376379923107
PerplexDEW (ExtendedDH),isobar,0.2051,321.33333333333337,0.01321621887954228
PerplexDEW (ExtendedDH),isobar,0.2051,321.8666666666667,0.013262786470675792
PerplexDEW (ExtendedDH),isobar,0.2051,322.40000000000003,0.013309082914407225
PerplexDEW (ExtendedDH),isobar,0.2051,322.93333333333334,0.013355080243530808
PerplexDEW (ExtendedDH),isobar,0.2051,323.4666666666667,0.013400771302373946
PerplexDEW (ExtendedDH),isobar,0.2051,324.0,0.013446148873703864
PerplexDEW (ExtendedDH),isobar,0.2051,324.53333333333336,0.013491183934356804
PerplexDEW (ExtendedDH),isobar,0.2051,325.06666666666666,0.013535890593545413
PerplexDEW (ExtendedDH),isobar,0.2051,325.6,0.013580228386955594
PerplexDEW (ExtendedDH),isobar,0.2051,326.1333333333333,0.013624200274431912
PerplexDEW (ExtendedDH),isobar,0.2051,326.6666666666667,0.013667787108609813
PerplexDEW (ExtendedDH),isobar,0.2051,327.2,0.013710980621802416
PerplexDEW (ExtendedDH),isobar,0.2051,327.73333333333335,0.013753761158757472
PerplexDEW (ExtendedDH),isobar,0.2051,328.26666666666665,0.013796108693918827
PerplexDEW (ExtendedDH),isobar,0.2051,328.8,0.013838002828237779
PerplexDEW (ExtendedDH),isobar,0.2051,329.33333333333337,0.013879434337086247
PerplexDEW (ExtendedDH),isobar,0.2051,329.8666666666667,0.013920393925222757
PerplexDEW (ExtendedDH),isobar,0.2051,330.40000000000003,0.013960848815619051
PerplexDEW (ExtendedDH),isobar,0.2051,330.93333333333334,0.014000789105952613
PerplexDEW (ExtendedDH),isobar,0.2051,331.4666666666667,0.01404018109664167
PerplexDEW (ExtendedDH),isobar,0.2051,332.0,0.014079038150416593
PerplexDEW (ExtendedDH),isobar,0.2051,332.53333333333336,0.014117302067203324
PerplexDEW (ExtendedDH),isobar,0.2051,333.06666666666666,0.014154985902973314
PerplexDEW (ExtendedDH),isobar,0.2051,333.6,0.014192030199491069
PerplexDEW (ExtendedDH),isobar,0.2051,334.1333333333333,0.01422844770070732
PerplexDEW (ExtendedDH),isobar,0.2051,334.6666666666667,0.014264177677087124
PerplexDEW (ExtendedDH),isobar,0.2051,335.2,0.01429923255636109
PerplexDEW (ExtendedDH),isobar,0.2051,335.73333333333335,0.014333550325864546
PerplexDEW (ExtendedDH),isobar,0.2051,336.26666666666665,0.01436714309414751
PerplexDEW (ExtendedDH),isobar,0.2051,336.8,0.014399947555104745
PerplexDEW (ExtendedDH),isobar,0.2051,337.3333333333333,0.014431950002811219
PerplexDEW (ExtendedDH),isobar,0.2051,337.8666666666667,0.014463110993358173
PerplexDEW (ExtendedDH),isobar,0.2051,338.4,0.014493416168200914
PerplexDEW (ExtendedDH),isobar,0.2051,338.93333333333334,0.014522825100877473
PerplexDEW (ExtendedDH),isobar,0.2051,339.4666666666667,0.014551296623502092
PerplexDEW (ExtendedDH),isobar,0.2051,340.0,0.014578788824113986
PerplexDEW (ExtendedDH),isobar,0.2051,340.53333333333336,0.014605259044501101
PerplexDEW (ExtendedDH),isobar,0.2051,341.06666666666666,0.014630690538188029
PerplexDEW (ExtendedDH),isobar,0.2051,341.6,0.01465501282803531
PerplexDEW (ExtendedDH),isobar,0.2051,342.1333333333333,0.014678181011113189
PerplexDEW (ExtendedDH),isobar,0.2051,342.6666666666667,0.014700176602619837
PerplexDEW (ExtendedDH),isobar,0.2051,343.2,0.014720926375155173
PerplexDEW (ExtendedDH),isobar,0.2051,343.73333333333335,0.014740383183105426
PerplexDEW (ExtendedDH),isobar,0.2051,344.26666666666665,0.014758471457790875
PerplexDEW (ExtendedDH),isobar,0.2051,344.8,0.014775169905616375
PerplexDEW (ExtendedDH),isobar,0.2051,345.3333333333333,0.01479037311544089
PerplexDEW (ExtendedDH),isobar,0.2051,345.8666666666667,0.014804029958430784
PerplexDEW (ExtendedDH),isobar,0.2051,346.4,0.014816060213004842
PerplexDEW (ExtendedDH),isobar,0.2051,346.93333333333334,0.014826410789077333
PerplexDEW (ExtendedDH),isobar,0.2051,347.46666666666664,0.014834941754016603
PerplexDEW (ExtendedDH),isobar,0.2051,348.0,0.014841654827291224
PerplexDEW (ExtendedDH),isobar,0.2051,348.5333333333333,0.01484634902882817
PerplexDEW (ExtendedDH),isobar,0.2051,349.06666666666666,0.014848965405830913
PerplexDEW (ExtendedDH),isobar,0.2051,349.6,3.66320574155734e-07
PerplexDEW (ExtendedDH),isobar,0.2051,350.1333333333333,3.619941867756657e-07
PerplexDEW (ExtendedDH),isobar,0.2051,350.6666666666667,3.5766239754347005e-07
PerplexDEW (ExtendedDH),isobar,0.2051,351.2,3.534015897754692e-07
PerplexDEW (ExtendedDH),isobar,0.2051,351.73333333333335,3.4921076558441346e-07
PerplexDEW (ExtendedDH),isobar,0.2051,352.26666666666665,3.4501490564125153e-07
PerplexDEW (ExtendedDH),isobar,0.2051,352.8,3.408516928129385e-07
PerplexDEW (ExtendedDH),isobar,0.2051,353.3333333333333,3.367211253937263e-07
PerplexDEW (ExtendedDH),isobar,0.2051,353.8666666666667,3.326231978336675e-07
PerplexDEW (ExtendedDH),isobar,0.2051,354.4,3.2862928578619274e-07
PerplexDEW (ExtendedDH),isobar,0.2051,354.93333333333334,3.245959496579292e-07
PerplexDEW (ExtendedDH),isobar,0.2051,355.46666666666664,3.205952164043324e-07
PerplexDEW (ExtendedDH),isobar,0.2051,356.0,3.1669650114538805e-07
PerplexDEW (ExtendedDH),isobar,0.2051,356.5333333333333,3.127602591143326e-07
PerplexDEW (ExtendedDH),isobar,0.2051,357.06666666666666,3.089247021465214e-07
PerplexDEW (ExtendedDH),isobar,0.2051,357.59999999999997,3.051203705258156e-07
PerplexDEW (ExtendedDH),isobar,0.2051,358.1333333333333,3.012803456027006e-07
PerplexDEW (ExtendedDH),isobar,0.2051,358.66666666666663,2.9753900576827703e-07
PerplexDEW (ExtendedDH),isobar,0.2051,359.2,2.9382879627771463e-07
PerplexDEW (ExtendedDH),isobar,0.2051,359.73333333333335,2.901496795955553e-07
PerplexDEW (ExtendedDH),isobar,0.2051,360.26666666666665,2.8650161491486325e-07
PerplexDEW (ExtendedDH),isobar,0.2051,360.79999999999995,2.8288455819343445e-07
PerplexDEW (ExtendedDH),isobar,0.2051,361.3333333333333,2.792984621903367e-07
PerplexDEW (ExtendedDH),isobar,0.2051,361.8666666666667,2.7574327650263367e-07
PerplexDEW (ExtendedDH),isobar,0.2051,362.4,2.722189476027059e-07
PerplexDEW (ExtendedDH),isobar,0.2051,362.93333333333334,2.6875608816698395e-07
PerplexDEW (ExtendedDH),isobar,0.2051,363.46666666666664,2.653233688555503e-07
PerplexDEW (ExtendedDH),isobar,0.2051,364.0,2.6189065790556226e-07
PerplexDEW (ExtendedDH),isobar,0.2051,364.5333333333333,2.5854811337736396e-07
PerplexDEW (ExtendedDH),isobar,0.2051,365.06666666666666,2.55175968814624e-07
PerplexDEW (ExtendedDH),isobar,0.2051,365.59999999999997,2.5189267776288217e-07
PerplexDEW (ExtendedDH),isobar,0.2051,366.1333333333333,2.4863862288020653e-07
PerplexDEW (ExtendedDH),isobar,0.2051,366.66666666666663,2.453851229283394e-07
PerplexDEW (ExtendedDH),isobar,0.2051,367.2,2.4216129452508285e-07
PerplexDEW (ExtendedDH),isobar,0.2051,367.7333333333333,2.3899509545245356e-07
PerplexDEW (ExtendedDH),isobar,0.2051,368.26666666666665,2.3585783933589477e-07
PerplexDEW (ExtendedDH),isobar,0.2051,368.79999999999995,2.3274944704137517e-07
PerplexDEW (ExtendedDH),isobar,0.2051,369.3333333333333,2.2966983690310288e-07
PerplexDEW (ExtendedDH),isobar,0.2051,369.8666666666667,2.2664583852467878e-07
PerplexDEW (ExtendedDH),isobar,0.2051,370.4,2.2364989896654135e-07
PerplexDEW (ExtendedDH),isobar,0.221,323.0,0.013484077385544817
PerplexDEW (ExtendedDH),isobar,0.221,324.010101010101,0.013574075015919397
PerplexDEW (ExtendedDH),isobar,0.221,325.020202020202,0.013663049914726983
PerplexDEW (ExtendedDH),isobar,0.221,326.030303030303,0.013750921743718964
PerplexDEW (ExtendedDH),isobar,0.221,327.04040404040404,0.013837618894820597
PerplexDEW (ExtendedDH),isobar,0.221,328.050505050505,0.013923033773344124
PerplexDEW (ExtendedDH),isobar,0.221,329.06060606060606,0.014007089591348306
PerplexDEW (ExtendedDH),isobar,0.221,330.07070707070704,0.01408968428150134
PerplexDEW (ExtendedDH),isobar,0.221,331.0808080808081,0.014170689003118268
PerplexDEW (ExtendedDH),isobar,0.221,332.09090909090907,0.014250030200252053
PerplexDEW (ExtendedDH),isobar,0.221,333.1010101010101,0.014327572378538886
PerplexDEW (ExtendedDH),isobar,0.221,334.1111111111111,0.014403187778093667
PerplexDEW (ExtendedDH),isobar,0.221,335.1212121212121,0.01447674468438122
PerplexDEW (ExtendedDH),isobar,0.221,336.1313131313131,0.014548082286963526
PerplexDEW (ExtendedDH),isobar,0.221,337.14141414141415,0.014617059914227053
PerplexDEW (ExtendedDH),isobar,0.221,338.1515151515151,0.01468349423312022
PerplexDEW (ExtendedDH),isobar,0.221,339.16161616161617,0.014747221962263439
PerplexDEW (ExtendedDH),isobar,0.221,340.17171717171715,0.01480804869505073
PerplexDEW (ExtendedDH),isobar,0.221,341.1818181818182,0.014865773962319535
PerplexDEW (ExtendedDH),isobar,0.221,342.19191919191917,0.014920110202547318
PerplexDEW (ExtendedDH),isobar,0.221,343.2020202020202,0.014970869165052103
PerplexDEW (ExtendedDH),isobar,0.221,344.2121212121212,0.015017747167676853
PerplexDEW (ExtendedDH),isobar,0.221,345.22222222222223,0.015060458481792905
PerplexDEW (ExtendedDH),isobar,0.221,346.2323232323232,0.015098623744911586
PerplexDEW (ExtendedDH),isobar,0.221,347.24242424242425,0.01513190824633606
PerplexDEW (ExtendedDH),isobar,0.221,348.25252525252523,0.015159880441589415
PerplexDEW (ExtendedDH),isobar,0.221,349.26262626262627,0.01518209500000096
PerplexDEW (ExtendedDH),isobar,0.221,350.27272727272725,0.015197944782771247
PerplexDEW (ExtendedDH),isobar,0.221,351.2828282828283,0.015206922488771884
PerplexDEW (ExtendedDH),isobar,0.221,352.2929292929293,1.2835980134123314e-06
PerplexDEW (ExtendedDH),isobar,0.221,353.3030303030303,1.2595170363626035e-06
PerplexDEW (ExtendedDH),isobar,0.221,354.3131313131313,1.235875277614734e-06
PerplexDEW (ExtendedDH),isobar,0.221,355.32323232323233,1.2124575788563256e-06
PerplexDEW (ExtendedDH),isobar,0.221,356.3333333333333,1.18937086996664e-06
PerplexDEW (ExtendedDH),isobar,0.221,357.34343434343435,1.1665117454680765e-06
PerplexDEW (ExtendedDH),isobar,0.221,358.35353535353534,1.1439841091278844e-06
PerplexDEW (ExtendedDH),isobar,0.221,359.3636363636364,1.121687043898528e-06
PerplexDEW (ExtendedDH),isobar,0.221,360.37373737373736,1.0996232136743524e-06
PerplexDEW (ExtendedDH),isobar,0.221,361.3838383838384,1.0779888915400978e-06
PerplexDEW (ExtendedDH),isobar,0.221,362.3939393939394,1.0565872908569566e-06
PerplexDEW (ExtendedDH),isobar,0.221,363.4040404040404,1.0354206829784562e-06
PerplexDEW (ExtendedDH),isobar,0.221,364.4141414141414,1.014676881445238e-06
PerplexDEW (ExtendedDH),isobar,0.221,365.42424242424244,9.94075361991886e-07
PerplexDEW (ExtendedDH),isobar,0.221,366.4343434343434,9.738925487850958e-07
PerplexDEW (ExtendedDH),isobar,0.221,367.44444444444446,9.538556885038299e-07
PerplexDEW (ExtendedDH),isobar,0.221,368.45454545454544,9.342330231035639e-07
PerplexDEW (ExtendedDH),isobar,0.221,369.4646464646465,9.148457444151507e-07
PerplexDEW (ExtendedDH),isobar,0.221,370.47474747474746,8.956952768759369e-07
PerplexDEW (ExtendedDH),isobar,0.221,371.4848484848485,8.769502349188316e-07
PerplexDEW (ExtendedDH),isobar,0.221,372.4949494949495,8.584393545522867e-07
PerplexDEW (ExtendedDH),isobar,0.221,373.5050505050505,8.403259646558208e-07
PerplexDEW (ExtendedDH),isobar,0.221,374.5151515151515,8.223639058410411e-07
PerplexDEW (ExtendedDH),isobar,0.221,375.52525252525254,8.047936695407949e-07
PerplexDEW (ExtendedDH),isobar,0.221,376.5353535353535,7.873764606077355e-07
PerplexDEW (ExtendedDH),isobar,0.221,377.54545454545456,7.703451013150253e-07
PerplexDEW (ExtendedDH),isobar,0.221,378.55555555555554,7.535429874528468e-07
PerplexDEW (ExtendedDH),isobar,0.221,379.5656565656566,7.371180564952322e-07
PerplexDEW (ExtendedDH),isobar,0.221,380.57575757575756,7.209184801623748e-07
PerplexDEW (ExtendedDH),isobar,0.221,381.5858585858586,7.049446056370208e-07
PerplexDEW (ExtendedDH),isobar,0.221,382.5959595959596,6.893369949126979e-07
PerplexDEW (ExtendedDH),isobar,0.221,383.6060606060606,6.739508083926097e-07
PerplexDEW (ExtendedDH),isobar,0.221,384.6161616161616,6.587861482514659e-07
PerplexDEW (ExtendedDH),isobar,0.221,385.62626262626264,6.439764163924672e-07
PerplexDEW (ExtendedDH),isobar,0.221,386.6363636363636,6.293835946599939e-07
PerplexDEW (ExtendedDH),isobar,0.221,387.64646464646466,6.151364643894928e-07
PerplexDEW (ExtendedDH),isobar,0.221,388.65656565656565,6.011014732555935e-07
PerplexDEW (ExtendedDH),isobar,0.221,389.6666666666667,5.872783779898937e-07
PerplexDEW (ExtendedDH),isobar,0.221,390.67676767676767,5.737891950533401e-07
PerplexDEW (ExtendedDH),isobar,0.221,391.6868686868687,5.605068767944604e-07
PerplexDEW (ExtendedDH),isobar,0.221,392.6969696969697,5.475490865407467e-07
PerplexDEW (ExtendedDH),isobar,0.221,393.7070707070707,5.347930269668296e-07
PerplexDEW (ExtendedDH),isobar,0.221,394.7171717171717,5.222381694184365e-07
PerplexDEW (ExtendedDH),isobar,0.221,395.72727272727275,5.099958154147473e-07
PerplexDEW (ExtendedDH),isobar,0.221,396.73737373737373,4.979493415338032e-07
PerplexDEW (ExtendedDH),isobar,0.221,397.74747474747477,4.861520132831965e-07
PerplexDEW (ExtendedDH),isobar,0.221,398.75757575757575,4.7460012277876023e-07
PerplexDEW (ExtendedDH),isobar,0.221,399.7676767676768,4.6328996599215965e-07
PerplexDEW (ExtendedDH),isobar,0.221,400.77777777777777,4.52217844810058e-07
PerplexDEW (ExtendedDH),isobar,0.221,401.7878787878788,4.413299676789661e-07
PerplexDEW (ExtendedDH),isobar,0.221,402.7979797979798,4.306746168846476e-07
PerplexDEW (ExtendedDH),isobar,0.221,403.80808080808083,4.202480836450896e-07
PerplexDEW (ExtendedDH),isobar,0.221,404.8181818181818,4.1004667285081404e-07
PerplexDEW (ExtendedDH),isobar,0.221,405.82828282828285,4.0006670480641297e-07
PerplexDEW (ExtendedDH),isobar,0.221,406.83838383838383,3.902589515434136e-07
PerplexDEW (ExtendedDH),isobar,0.221,407.8484848484849,3.807117663060462e-07
PerplexDEW (ExtendedDH),isobar,0.221,408.85858585858585,3.713312392883401e-07
PerplexDEW (ExtendedDH),isobar,0.221,409.8686868686869,3.621592945872813e-07
PerplexDEW (ExtendedDH),isobar,0.221,410.8787878787879,3.531923143719494e-07
PerplexDEW (ExtendedDH),isobar,0.221,411.8888888888889,3.44426705608859e-07
PerplexDEW (ExtendedDH),isobar,0.221,412.8989898989899,3.358183643952697e-07
PerplexDEW (ExtendedDH),isobar,0.221,413.90909090909093,3.2744561777331754e-07
PerplexDEW (ExtendedDH),isobar,0.221,414.9191919191919,3.191856958147778e-07
PerplexDEW (ExtendedDH),isobar,0.221,415.92929292929296,3.111542996178248e-07
PerplexDEW (ExtendedDH),isobar,0.221,416.93939393939394,3.0334562709249864e-07
PerplexDEW (ExtendedDH),isobar,0.221,417.949494949495,2.956806231832559e-07
PerplexDEW (ExtendedDH),isobar,0.221,418.95959595959596,2.881581028771319e-07
PerplexDEW (ExtendedDH),isobar,0.221,419.969696969697,2.8084729160755783e-07
PerplexDEW (ExtendedDH),isobar,0.221,420.979797979798,2.7367364198460853e-07
PerplexDEW (ExtendedDH),isobar,0.221,421.98989898989896,2.66635936963189e-07
PerplexDEW (ExtendedDH),isobar,0.221,423.0,2.5979916310899087e-07
PerplexDEW (ExtendedDH),isobar,0.25,322.85,0.013682874262758278
PerplexDEW (ExtendedDH),isobar,0.25,323.55,0.013749757851188623
PerplexDEW (ExtendedDH),isobar,0.25,324.25,0.013816280694084873
PerplexDEW (ExtendedDH),isobar,0.25,324.95000000000005,0.013882429408741062
PerplexDEW (ExtendedDH),isobar,0.25,325.65000000000003,0.01394817945283933
PerplexDEW (ExtendedDH),isobar,0.25,326.35,0.014013505734029198
PerplexDEW (ExtendedDH),isobar,0.25,327.05,0.014078393789442973
PerplexDEW (ExtendedDH),isobar,0.25,327.75,0.014142817705946569
PerplexDEW (ExtendedDH),isobar,0.25,328.45000000000005,0.014206739620032634
PerplexDEW (ExtendedDH),isobar,0.25,329.15000000000003,0.01427014366654121
PerplexDEW (ExtendedDH),isobar,0.25,329.85,0.014333013805142196
PerplexDEW (ExtendedDH),isobar,0.25,330.55,0.014395310441482666
PerplexDEW (ExtendedDH),isobar,0.25,331.25,0.01445700477813515
PerplexDEW (ExtendedDH),isobar,0.25,331.95000000000005,0.014518067423579842
PerplexDEW (ExtendedDH),isobar,0.25,332.65000000000003,0.014578480387012458
PerplexDEW (ExtendedDH),isobar,0.25,333.35,0.014638201282181781
PerplexDEW (ExtendedDH),isobar,0.25,334.05,0.014697186695498875
PerplexDEW (ExtendedDH),isobar,0.25,334.75,0.01475541680760841
PerplexDEW (ExtendedDH),isobar,0.25,335.45,0.014812846757042022
PerplexDEW (ExtendedDH),isobar,0.25,336.15000000000003,0.014869430629885402
PerplexDEW (ExtendedDH),isobar,0.25,336.85,0.014925172003529554
PerplexDEW (ExtendedDH),isobar,0.25,337.55,0.01497997314376569
PerplexDEW (ExtendedDH),isobar,0.25,338.25,0.015033836352523222
PerplexDEW (ExtendedDH),isobar,0.25,338.95,0.015086686801186687
PerplexDEW (ExtendedDH),isobar,0.25,339.65000000000003,0.015138473846242825
PerplexDEW (ExtendedDH),isobar,0.25,340.35,0.01518919849596748
PerplexDEW (ExtendedDH),isobar,0.25,341.05,0.015238756042295607
PerplexDEW (ExtendedDH),isobar,0.25,341.75,0.015287092528897438
PerplexDEW (ExtendedDH),isobar,0.25,342.45,0.015334206979313257
PerplexDEW (ExtendedDH),isobar,0.25,343.15000000000003,0.015379962726734907
PerplexDEW (ExtendedDH),isobar,0.25,343.85,0.015424356775933823
PerplexDEW (ExtendedDH),isobar,0.25,344.55,0.015467303627339066
PerplexDEW (ExtendedDH),isobar,0.25,345.25,0.015508743698967573
PerplexDEW (ExtendedDH),isobar,0.25,345.95,0.015548588082292904
PerplexDEW (ExtendedDH),isobar,0.25,346.65,0.015586745809503401
PerplexDEW (ExtendedDH),isobar,0.25,347.35,0.015623152506193906
PerplexDEW (ExtendedDH),isobar,0.25,348.05,0.01565774266310741
PerplexDEW (ExtendedDH),isobar,0.25,348.75,0.015690362258611246
PerplexDEW (ExtendedDH),isobar,0.25,349.45,0.01572097078012099
PerplexDEW (ExtendedDH),isobar,0.25,350.15,0.015749438738850773
PerplexDEW (ExtendedDH),isobar,0.25,350.85,0.015775633648090957
PerplexDEW (ExtendedDH),isobar,0.25,351.55,0.015799450102591046
PerplexDEW (ExtendedDH),isobar,0.25,352.25,0.015820780667182895
PerplexDEW (ExtendedDH),isobar,0.25,352.95,0.01583942424530856
PerplexDEW (ExtendedDH),isobar,0.25,353.65,0.01585529805212839
PerplexDEW (ExtendedDH),isobar,0.25,354.35,0.015868163160987693
PerplexDEW (ExtendedDH),isobar,0.25,355.05,8.186735760537119e-06
PerplexDEW (ExtendedDH),isobar,0.25,355.75,8.110041237662116e-06
PerplexDEW (ExtendedDH),isobar,0.25,356.45,8.032438004490976e-06
PerplexDEW (ExtendedDH),isobar,0.25,357.15,7.956289750157491e-06
PerplexDEW (ExtendedDH),isobar,0.25,357.85,7.880189202515143e-06
PerplexDEW (ExtendedDH),isobar,0.25,358.55,7.803683634526331e-06
PerplexDEW (ExtendedDH),isobar,0.25,359.25,7.728172104553956e-06
PerplexDEW (ExtendedDH),isobar,0.25,359.95,7.652733893530805e-06
PerplexDEW (ExtendedDH),isobar,0.25,360.65,7.577378957087322e-06
PerplexDEW (ExtendedDH),isobar,0.25,361.35,7.503023430521183e-06
PerplexDEW (ExtendedDH),isobar,0.25,362.05,7.4278595762675595e-06
PerplexDEW (ExtendedDH),isobar,0.25,362.75,7.353704573882155e-06
PerplexDEW (ExtendedDH),isobar,0.25,363.45,7.279661690169482e-06
PerplexDEW (ExtendedDH),isobar,0.25,364.15,7.206626485354825e-06
PerplexDEW (ExtendedDH),isobar,0.25,364.85,7.1328309363913336e-06
PerplexDEW (ExtendedDH),isobar,0.25,365.55,7.060051411960138e-06
PerplexDEW (ExtendedDH),isobar,0.25,366.25,6.987410862445269e-06
PerplexDEW (ExtendedDH),isobar,0.25,366.95,6.914918276109683e-06
PerplexDEW (ExtendedDH),isobar,0.25,367.65,6.843442928892947e-06
PerplexDEW (ExtendedDH),isobar,0.25,368.35,6.772122803953722e-06
PerplexDEW (ExtendedDH),isobar,0.25,369.05,6.700966515135996e-06
PerplexDEW (ExtendedDH),isobar,0.25,369.75,6.629982591066257e-06
PerplexDEW (ExtendedDH),isobar,0.25,370.45,6.560018927815546e-06
PerplexDEW (ExtendedDH),isobar,0.25,371.15,6.489816710142218e-06
PerplexDEW (ExtendedDH),isobar,0.25,371.84999999999997,6.420635411723078e-06
PerplexDEW (ExtendedDH),isobar,0.25,372.55,6.3512317771278645e-06
PerplexDEW (ExtendedDH),isobar,0.25,373.25,6.282440015101245e-06
PerplexDEW (ExtendedDH),isobar,0.25,373.95,6.213853499769342e-06
PerplexDEW (ExtendedDH),isobar,0.25,374.65,6.14628753351887e-06
PerplexDEW (ExtendedDH),isobar,0.25,375.34999999999997,6.07893143228765e-06
PerplexDEW (ExtendedDH),isobar,0.25,376.04999999999995,6.011792654898555e-06
PerplexDEW (ExtendedDH),isobar,0.25,376.75,5.944878567855657e-06
PerplexDEW (ExtendedDH),isobar,0.25,377.45,5.879375604306618e-06
PerplexDEW (ExtendedDH),isobar,0.25,378.15,5.813314788046338e-06
PerplexDEW (ExtendedDH),isobar,0.25,378.84999999999997,5.74827001660609e-06
PerplexDEW (ExtendedDH),isobar,0.25,379.54999999999995,5.683462024171841e-06
PerplexDEW (ExtendedDH),isobar,0.25,380.25,5.618897578874487e-06
PerplexDEW (ExtendedDH),isobar,0.25,380.95,5.555342503736479e-06
PerplexDEW (ExtendedDH),isobar,0.25,381.65,5.491656472000491e-06
PerplexDEW (ExtendedDH),isobar,0.25,382.34999999999997,5.4289765585415945e-06
PerplexDEW (ExtendedDH),isobar,0.25,383.04999999999995,5.366178410211224e-06
PerplexDEW (ExtendedDH),isobar,0.25,383.75,5.304382653443774e-06
PerplexDEW (ExtendedDH),isobar,0.25,384.45,5.2424809339974935e-06
PerplexDEW (ExtendedDH),isobar,0.25,385.15,5.181577416788939e-06
PerplexDEW (ExtendedDH),isobar,0.25,385.84999999999997,5.120579763197181e-06
PerplexDEW (ExtendedDH),isobar,0.25,386.54999999999995,5.06057567244579e-06
PerplexDEW (ExtendedDH),isobar,0.25,387.25,5.000844068778427e-06
PerplexDEW (ExtendedDH),isobar,0.25,387.95,4.941390473328437e-06
PerplexDEW (ExtendedDH),isobar,0.25,388.65,4.882919988831604e-06
PerplexDEW (ExtendedDH),isobar,0.25,389.34999999999997,4.824727436495072e-06
PerplexDEW (ExtendedDH),isobar,0.25,390.04999999999995,4.766818002277298e-06
PerplexDEW (ExtendedDH),isobar,0.25,390.75,4.709880356663728e-06
PerplexDEW (ExtendedDH),isobar,0.25,391.45,4.652546917532948e-06
PerplexDEW (ExtendedDH),isobar,0.25,392.15,4.596520800904511e-06
PerplexDEW (ExtendedDH),isobar,0.3,294.6,0.01103467825278992
PerplexDEW (ExtendedDH),isobar,0.3,295.8,0.011158701723581988
PerplexDEW (ExtendedDH),isobar,0.3,297.0,0.011283213446319322
PerplexDEW (ExtendedDH),isobar,0.3,298.20000000000005,0.0114081896807858
PerplexDEW (ExtendedDH),isobar,0.3,299.40000000000003,0.011533601940647602
PerplexDEW (ExtendedDH),isobar,0.3,300.6,0.011659420599226327
PerplexDEW (ExtendedDH),isobar,0.3,301.8,0.011785622869375087
PerplexDEW (ExtendedDH),isobar,0.3,303.0,0.011912160886657397
PerplexDEW (ExtendedDH),isobar,0.3,304.20000000000005,0.012039017594219246
PerplexDEW (ExtendedDH),isobar,0.3,305.40000000000003,0.01216615894884953
PerplexDEW (ExtendedDH),isobar,0.3,306.6,0.012293532573245104
PerplexDEW (ExtendedDH),isobar,0.3,307.8,0.012421109729898398
PerplexDEW (ExtendedDH),isobar,0.3,309.0,0.012548852090888143
PerplexDEW (ExtendedDH),isobar,0.3,310.20000000000005,0.012676719979247263
PerplexDEW (ExtendedDH),isobar,0.3,311.40000000000003,0.012804654144425042
PerplexDEW (ExtendedDH),isobar,0.3,312.6,0.01293262974946409
PerplexDEW (ExtendedDH),isobar,0.3,313.8,0.013060584117518282
PerplexDEW (ExtendedDH),isobar,0.3,315.0,0.013188471005157087
PerplexDEW (ExtendedDH),isobar,0.3,316.2,0.013316242663991687
PerplexDEW (ExtendedDH),isobar,0.3,317.40000000000003,0.013443830127798604
PerplexDEW (ExtendedDH),isobar,0.3,318.6,0.013571191628882751
PerplexDEW (ExtendedDH),isobar,0.3,319.8,0.01369825395528124
PerplexDEW (ExtendedDH),isobar,0.3,321.0,0.01382496163090186
PerplexDEW (ExtendedDH),isobar,0.3,322.2,0.013951236561729797
PerplexDEW (ExtendedDH),isobar,0.3,323.40000000000003,0.014077018929592944
PerplexDEW (ExtendedDH),isobar,0.3,324.6,0.014202225570327631
PerplexDEW (ExtendedDH),isobar,0.3,325.8,0.01432678118571111
PerplexDEW (ExtendedDH),isobar,0.3,327.0,0.014450607986844432
PerplexDEW (ExtendedDH),isobar,0.3,328.2,0.014573625651281725
PerplexDEW (ExtendedDH),isobar,0.3,329.4,0.014695728322794666
PerplexDEW (ExtendedDH),isobar,0.3,330.6,0.014816817785138266
PerplexDEW (ExtendedDH),isobar,0.3,331.8,0.0149368160958845
PerplexDEW (ExtendedDH),isobar,0.3,333.0,0.015055595259574155
PerplexDEW (ExtendedDH),isobar,0.3,334.2,0.015173058926493217
PerplexDEW (ExtendedDH),isobar,0.3,335.4,0.015289070801998022
PerplexDEW (ExtendedDH),isobar,0.3,336.6,0.01540351463049258
PerplexDEW (ExtendedDH),isobar,0.3,337.8,0.015516257740046559
PerplexDEW (ExtendedDH),isobar,0.3,339.0,0.01562715005154431
PerplexDEW (ExtendedDH),isobar,0.3,340.2,0.0157360493103183
PerplexDEW (ExtendedDH),isobar,0.3,341.4,0.015842808654981336
PerplexDEW (ExtendedDH),isobar,0.3,342.6,0.015947236028195665
PerplexDEW (ExtendedDH),isobar,0.3,343.8,0.016049146013456375
PerplexDEW (ExtendedDH),isobar,0.3,345.0,0.016148346823082558
PerplexDEW (ExtendedDH),isobar,0.3,346.2,0.01624466844442429
PerplexDEW (ExtendedDH),isobar,0.3,347.4,0.01633782150152966
PerplexDEW (ExtendedDH),isobar,0.3,348.6,0.01642762130802774
PerplexDEW (ExtendedDH),isobar,0.3,349.8,0.016513789879128545
PerplexDEW (ExtendedDH),isobar,0.3,351.0,0.016596039288989766
PerplexDEW (ExtendedDH),isobar,0.3,352.2,0.016674071606196647
PerplexDEW (ExtendedDH),isobar,0.3,353.4,0.0167475481604648
PerplexDEW (ExtendedDH),isobar,0.3,354.6,0.016816118532598744
PerplexDEW (ExtendedDH),isobar,0.3,355.8,0.016879789433967153
PerplexDEW (ExtendedDH),isobar,0.3,357.0,0.016937301860534482
PerplexDEW (ExtendedDH),isobar,0.3,358.2,0.016988620615896198
PerplexDEW (ExtendedDH),isobar,0.3,359.4,0.017033178037029573
PerplexDEW (ExtendedDH),isobar,0.3,360.6,0.017070353226920104
PerplexDEW (ExtendedDH),isobar,0.3,361.8,7.79404544145334e-05
PerplexDEW (ExtendedDH),isobar,0.3,363.0,7.709423440476488e-05
PerplexDEW (ExtendedDH),isobar,0.3,364.2,7.625021062236025e-05
PerplexDEW (ExtendedDH),isobar,0.3,365.4,7.540385765291293e-05
PerplexDEW (ExtendedDH),isobar,0.3,366.6,7.456043097665346e-05
PerplexDEW (ExtendedDH),isobar,0.3,367.8,7.371540921398669e-05
PerplexDEW (ExtendedDH),isobar,0.3,369.0,7.286916030814332e-05
PerplexDEW (ExtendedDH),isobar,0.3,370.2,7.202688973537093e-05
PerplexDEW (ExtendedDH),isobar,0.3,371.4,7.118408737225086e-05
PerplexDEW (ExtendedDH),isobar,0.3,372.6,7.034592005397308e-05
PerplexDEW (ExtendedDH),isobar,0.3,373.8,6.950788710754282e-05
PerplexDEW (ExtendedDH),isobar,0.3,375.0,6.867032459563149e-05
PerplexDEW (ExtendedDH),isobar,0.3,376.2,6.783833613612487e-05
PerplexDEW (ExtendedDH),isobar,0.3,377.4,6.700744022931396e-05
PerplexDEW (ExtendedDH),isobar,0.3,378.6,6.617795224434663e-05
PerplexDEW (ExtendedDH),isobar,0.3,379.79999999999995,6.535490546466932e-05
PerplexDEW (ExtendedDH),isobar,0.3,381.0,6.453384233027602e-05
PerplexDEW (ExtendedDH),isobar,0.3,382.2,6.371505636492393e-05
PerplexDEW (ExtendedDH),isobar,0.3,383.4,6.289883425265393e-05
PerplexDEW (ExtendedDH),isobar,0.3,384.59999999999997,6.208545571984867e-05
PerplexDEW (ExtendedDH),isobar,0.3,385.79999999999995,6.12798237039456e-05
PerplexDEW (ExtendedDH),isobar,0.3,387.0,6.047753225601151e-05
PerplexDEW (ExtendedDH),isobar,0.3,388.2,5.9678837903514354e-05
PerplexDEW (ExtendedDH),isobar,0.3,389.4,5.888398991311391e-05
PerplexDEW (ExtendedDH),isobar,0.3,390.59999999999997,5.8093230225020784e-05
PerplexDEW (ExtendedDH),isobar,0.3,391.79999999999995,5.730679339728366e-05
PerplexDEW (ExtendedDH),isobar,0.3,393.0,5.652940604759593e-05
PerplexDEW (ExtendedDH),isobar,0.3,394.2,5.575226521519793e-05
PerplexDEW (ExtendedDH),isobar,0.3,395.4,5.498455770893055e-05
PerplexDEW (ExtendedDH),isobar,0.3,396.59999999999997,5.422198734259043e-05
PerplexDEW (ExtendedDH),isobar,0.3,397.79999999999995,5.346034707689755e-05
PerplexDEW (ExtendedDH),isobar,0.3,399.0,5.2708656275001835e-05
PerplexDEW (ExtendedDH),isobar,0.3,400.2,5.196266823603499e-05
PerplexDEW (ExtendedDH),isobar,0.3,401.4,5.121823057107242e-05
PerplexDEW (ExtendedDH),isobar,0.3,402.59999999999997,5.0484187571192275e-05
PerplexDEW (ExtendedDH),isobar,0.3,403.79999999999995,4.975207346857797e-05
PerplexDEW (ExtendedDH),isobar,0.3,405.0,4.903061199120366e-05
PerplexDEW (ExtendedDH),isobar,0.3,406.2,4.831142992630224e-05
PerplexDEW (ExtendedDH),isobar,0.3,407.4,4.7603127897187685e-05
PerplexDEW (ExtendedDH),isobar,0.3,408.59999999999997,4.689742807018046e-05
PerplexDEW (ExtendedDH),isobar,0.3,409.79999999999995,4.61986719677236e-05
PerplexDEW (ExtendedDH),isobar,0.3,411.0,4.550697600476395e-05
PerplexDEW (ExtendedDH),isobar,0.3,412.2,4.482244960536908e-05
PerplexDEW (ExtendedDH),isobar,0.3,413.4,4.414114852100814e-05
PerplexDEW (ExtendedDH),isobar,0.35,344.0,0.016609096890124797
PerplexDEW (ExtendedDH),isobar,0.35,344.8888888888889,0.016697126397794186
PerplexDEW (ExtendedDH),isobar,0.35,345.77777777777777,0.01678410809489173
PerplexDEW (ExtendedDH),isobar,0.35,346.6666666666667,0.016870005270640687
PerplexDEW (ExtendedDH),isobar,0.35,347.55555555555554,0.016954737871900487
PerplexDEW (ExtendedDH),isobar,0.35,348.44444444444446,0.01703825248012063
PerplexDEW (ExtendedDH),isobar,0.35,349.3333333333333,0.017120465399528273
PerplexDEW (ExtendedDH),isobar,0.35,350.22222222222223,0.01720134966445984
PerplexDEW (ExtendedDH),isobar,0.35,351.1111111111111,0.017280774061298698
PerplexDEW (ExtendedDH),isobar,0.35,352.0,0.017358693597167657
PerplexDEW (ExtendedDH),isobar,0.35,352.8888888888889,0.01743503234254426
PerplexDEW (ExtendedDH),isobar,0.35,353.77777777777777,0.017509681854782758
PerplexDEW (ExtendedDH),isobar,0.35,354.6666666666667,0.017582561764988125
PerplexDEW (ExtendedDH),isobar,0.35,355.55555555555554,0.017653957413594875
PerplexDEW (ExtendedDH),isobar,0.35,356.44444444444446,0.017723043342520593
PerplexDEW (ExtendedDH),isobar,0.35,357.3333333333333,0.01779005980554516
PerplexDEW (ExtendedDH),isobar,0.35,358.22222222222223,0.01785493409956776
PerplexDEW (ExtendedDH),isobar,0.35,359.1111111111111,0.017917510590896954
PerplexDEW (ExtendedDH),isobar,0.35,360.0,0.017977662288774236
PerplexDEW (ExtendedDH),isobar,0.35,360.8888888888889,0.01803529248489225
PerplexDEW (ExtendedDH),isobar,0.35,361.77777777777777,0.01809026898078092
PerplexDEW (ExtendedDH),isobar,0.35,362.6666666666667,0.01814238837477069
PerplexDEW (ExtendedDH),isobar,0.35,363.55555555555554,0.018191579064014533
PerplexDEW (ExtendedDH),isobar,0.35,364.44444444444446,0.018237595417045626
PerplexDEW (ExtendedDH),isobar,0.35,365.3333333333333,0.01828032497735317
PerplexDEW (ExtendedDH),isobar,0.35,366.22222222222223,0.01831951198668056
PerplexDEW (ExtendedDH),isobar,0.35,367.1111111111111,0.018355036630034145
PerplexDEW (ExtendedDH),isobar,0.35,368.0,0.0004023632211534725
PerplexDEW (ExtendedDH),isobar,0.35,368.8888888888889,0.00039875934515998197
PerplexDEW (ExtendedDH),isobar,0.35,369.77777777777777,0.0003952249419600416
PerplexDEW (ExtendedDH),isobar,0.35,370.6666666666667,0.00039173467456816736
PerplexDEW (ExtendedDH),isobar,0.35,371.55555555555554,0.00038830363624952886
PerplexDEW (ExtendedDH),isobar,0.35,372.44444444444446,0.0003849198433318815
PerplexDEW (ExtendedDH),isobar,0.35,373.3333333333333,0.0003815983579631962
PerplexDEW (ExtendedDH),isobar,0.35,374.22222222222223,0.00037829990299384486
PerplexDEW (ExtendedDH),isobar,0.35,375.1111111111111,0.00037505301804012037
PerplexDEW (ExtendedDH),isobar,0.35,376.0,0.00037185909206656134
PerplexDEW (ExtendedDH),isobar,0.35,376.8888888888889,0.0003686921981665802
PerplexDEW (ExtendedDH),isobar,0.35,377.77777777777777,0.0003655535719549873
PerplexDEW (ExtendedDH),isobar,0.35,378.6666666666667,0.0003624717633594791
PerplexDEW (ExtendedDH),isobar,0.35,379.55555555555554,0.000359420670755165
PerplexDEW (ExtendedDH),isobar,0.35,380.44444444444446,0.00035640144991752354
PerplexDEW (ExtendedDH),isobar,0.35,381.3333333333333,0.00035341523139194146
PerplexDEW (ExtendedDH),isobar,0.35,382.22222222222223,0.00035046312040380403
PerplexDEW (ExtendedDH),isobar,0.35,383.1111111111111,0.00034753246785654203
PerplexDEW (ExtendedDH),isobar,0.35,384.0,0.00034463803768544285
PerplexDEW (ExtendedDH),isobar,0.35,384.8888888888889,0.00034176711342083634
PerplexDEW (ExtendedDH),isobar,0.35,385.77777777777777,0.00033892067589276644
PerplexDEW (ExtendedDH),isobar,0.35,386.6666666666667,0.00033609968461874805
PerplexDEW (ExtendedDH),isobar,0.35,387.55555555555554,0.0003333050776792245
PerplexDEW (ExtendedDH),isobar,0.35,388.44444444444446,0.0003305377716394383
PerplexDEW (ExtendedDH),isobar,0.35,389.3333333333333,0.0003277986615162688
PerplexDEW (ExtendedDH),isobar,0.35,390.22222222222223,0.00032507483658090916
PerplexDEW (ExtendedDH),isobar,0.35,391.1111111111111,0.00032238092561412787
PerplexDEW (ExtendedDH),isobar,0.35,392.0,0.0003197039705083582
PerplexDEW (ExtendedDH),isobar,0.35,392.8888888888889,0.0003170585679764554
PerplexDEW (ExtendedDH),isobar,0.35,393.77777777777777,0.00031441792192025834
PerplexDEW (ExtendedDH),isobar,0.35,394.6666666666667,0.00031181038623697517
PerplexDEW (ExtendedDH),isobar,0.35,395.55555555555554,0.00030920912565357653
PerplexDEW (ExtendedDH),isobar,0.35,396.44444444444446,0.0003066424603350082
PerplexDEW (ExtendedDH),isobar,0.35,397.3333333333333,0.0003040973119042081
PerplexDEW (ExtendedDH),isobar,0.35,398.22222222222223,0.0003015605905341033
PerplexDEW (ExtendedDH),isobar,0.35,399.1111111111111,0.0002990467705538811
PerplexDEW (ExtendedDH),isobar,0.35,400.0,0.00029654273712915476
PerplexDEW (ExtendedDH),isobar,0.35,400.8888888888889,0.00029406292669639485
PerplexDEW (ExtendedDH),isobar,0.35,401.77777777777777,0.00029159420240919715
PerplexDEW (ExtendedDH),isobar,0.35,402.6666666666667,0.00028915095932206835
PerplexDEW (ExtendedDH),isobar,0.35,403.55555555555554,0.00028672004153064553
PerplexDEW (ExtendedDH),isobar,0.35,404.44444444444446,0.0002843157996160263
PerplexDEW (ExtendedDH),isobar,0.35,405.3333333333333,0.00028191132474974655
PerplexDEW (ExtendedDH),isobar,0.35,406.22222222222223,0.00027953467610981853
PerplexDEW (ExtendedDH),isobar,0.35,407.1111111111111,0.00027717267070025934
PerplexDEW (ExtendedDH),isobar,0.35,408.0,0.00027481215297871074
PerplexDEW (ExtendedDH),isobar,0.35,408.8888888888889,0.00027248108063362124
PerplexDEW (ExtendedDH),isobar,0.35,409.77777777777777,0.0002701662600384729
PerplexDEW (ExtendedDH),isobar,0.35,410.66666666666663,0.00026786820030194305
PerplexDEW (ExtendedDH),isobar,0.35,411.55555555555554,0.00026558739713262395
PerplexDEW (ExtendedDH),isobar,0.35,412.44444444444446,0.00026331069563935314
PerplexDEW (ExtendedDH),isobar,0.35,413.3333333333333,0.0002610522332935288
PerplexDEW (ExtendedDH),isobar,0.35,414.22222222222223,0.0002588124675833844
PerplexDEW (ExtendedDH),isobar,0.35,415.1111111111111,0.0002565918426637106
PerplexDEW (ExtendedDH),isobar,0.35,416.0,0.00025437721955556987
PerplexDEW (ExtendedDH),isobar,0.35,416.8888888888889,0.00025216907162454956
PerplexDEW (ExtendedDH),isobar,0.35,417.77777777777777,0.0002499949258245331
PerplexDEW (ExtendedDH),isobar,0.35,418.66666666666663,0.0002478145825339341
PerplexDEW (ExtendedDH),isobar,0.35,419.55555555555554,0.00024566901736302964
PerplexDEW (ExtendedDH),isobar,0.35,420.44444444444446,0.0002435181286301345
PerplexDEW (ExtendedDH),isobar,0.35,421.3333333333333,0.0002413892978689176
PerplexDEW (ExtendedDH),isobar,0.35,422.22222222222223,0.00023928287053413553
PerplexDEW (ExtendedDH),isobar,0.35,423.1111111111111,0.00023718577834053954
PerplexDEW (ExtendedDH),isobar,0.35,424.0,0.0002350984127401108
PerplexDEW (ExtendedDH),isobar,0.35,424.8888888888889,0.00023302115614166172
PerplexDEW (ExtendedDH),isobar,0.35,425.77777777777777,0.00023096770811944855
PerplexDEW (ExtendedDH),isobar,0.35,426.66666666666663,0.00022891175391942932
PerplexDEW (ExtendedDH),isobar,0.35,427.55555555555554,0.00022688027369187385
PerplexDEW (ExtendedDH),isobar,0.35,428.44444444444446,0.00022486028501231414
PerplexDEW (ExtendedDH),isobar,0.35,429.3333333333333,0.0002228653407406044
PerplexDEW (ExtendedDH),isobar,0.35,430.22222222222223,0.00022086930159453738
PerplexDEW (ExtendedDH),isobar,0.35,431.1111111111111,0.00021888573038746485
PerplexDEW (ExtendedDH),isobar,0.35,432.0,0.00021692806524786334
PerplexDEW (ExtendedDH),isobar,0.4,356.4,0.018403548120934317
PerplexDEW (ExtendedDH),isobar,0.4,357.4222222222222,0.018502255027803564
PerplexDEW (ExtendedDH),isobar,0.4,358.4444444444444,0.01859905834169085
PerplexDEW (ExtendedDH),isobar,0.4,359.46666666666664,0.01869384276847533
PerplexDEW (ExtendedDH),isobar,0.4,360.4888888888889,0.018786489930288818
PerplexDEW (ExtendedDH),isobar,0.4,361.51111111111106,0.01887687834589588
PerplexDEW (ExtendedDH),isobar,0.4,362.5333333333333,0.018964883414842905
PerplexDEW (ExtendedDH),isobar,0.4,363.55555555555554,0.019050360220805144
PerplexDEW (ExtendedDH),isobar,0.4,364.5777777777778,0.019133159914287094
PerplexDEW (ExtendedDH),isobar,0.4,365.59999999999997,0.01921316486617811
PerplexDEW (ExtendedDH),isobar,0.4,366.6222222222222,0.0192901483913045
PerplexDEW (ExtendedDH),isobar,0.4,367.64444444444445,0.019363984549573512
PerplexDEW (ExtendedDH),isobar,0.4,368.66666666666663,0.019434508685031632
PerplexDEW (ExtendedDH),isobar,0.4,369.68888888888887,0.019501478628322653
PerplexDEW (ExtendedDH),isobar,0.4,370.7111111111111,0.01956475662263205
PerplexDEW (ExtendedDH),isobar,0.4,371.7333333333333,0.01962405221515731
PerplexDEW (ExtendedDH),isobar,0.4,372.75555555555553,0.019679142211912644
PerplexDEW (ExtendedDH),isobar,0.4,373.77777777777777,0.019729836410382923
PerplexDEW (ExtendedDH),isobar,0.4,374.79999999999995,0.019775785454913198
PerplexDEW (ExtendedDH),isobar,0.4,375.8222222222222,0.019816747531239527
PerplexDEW (ExtendedDH),isobar,0.4,376.84444444444443,0.01985243595014393
PerplexDEW (ExtendedDH),isobar,0.4,377.8666666666667,0.019882436975842674
PerplexDEW (ExtendedDH),isobar,0.4,378.88888888888886,0.019906487448736646
PerplexDEW (ExtendedDH),isobar,0.4,379.9111111111111,0.019924073872108955
PerplexDEW (ExtendedDH),isobar,0.4,380.93333333333334,0.019934792459055977
PerplexDEW (ExtendedDH),isobar,0.4,381.9555555555555,0.019938230396757746
PerplexDEW (ExtendedDH),isobar,0.4,382.97777777777776,0.019933755286915947
PerplexDEW (ExtendedDH),isobar,0.4,384.0,0.019920846228371494
PerplexDEW (ExtendedDH),isobar,0.4,385.02222222222224,0.0015196571369818458
PerplexDEW (ExtendedDH),isobar,0.4,386.0444444444444,0.0014748369607361228
PerplexDEW (ExtendedDH),isobar,0.4,387.06666666666666,0.0014355468363460488
PerplexDEW (ExtendedDH),isobar,0.4,388.0888888888889,0.001400392071708647
PerplexDEW (ExtendedDH),isobar,0.4,389.1111111111111,0.0013686565315878035
PerplexDEW (ExtendedDH),isobar,0.4,390.1333333333333,0.0013396327093359995
PerplexDEW (ExtendedDH),isobar,0.4,391.15555555555557,0.001312947427025215
PerplexDEW (ExtendedDH),isobar,0.4,392.17777777777775,0.0012882296623328013
PerplexDEW (ExtendedDH),isobar,0.4,393.2,0.0012651642002558723
PerplexDEW (ExtendedDH),isobar,0.4,394.22222222222223,0.001243545836930582
PerplexDEW (ExtendedDH),isobar,0.4,395.2444444444444,0.0012231690296316455
PerplexDEW (ExtendedDH),isobar,0.4,396.26666666666665,0.001203882665849629
PerplexDEW (ExtendedDH),isobar,0.4,397.2888888888889,0.0011855901132541097
PerplexDEW (ExtendedDH),isobar,0.4,398.31111111111113,0.001168194108647129
PerplexDEW (ExtendedDH),isobar,0.4,399.3333333333333,0.0011515966562100617
PerplexDEW (ExtendedDH),isobar,0.4,400.35555555555555,0.0011356989426564979
PerplexDEW (ExtendedDH),isobar,0.4,401.3777777777778,0.0011204568560150593
PerplexDEW (ExtendedDH),isobar,0.4,402.4,0.001105825728760688
PerplexDEW (ExtendedDH),isobar,0.4,403.4222222222222,0.001091704545021658
PerplexDEW (ExtendedDH),isobar,0.4,404.44444444444446,0.0010781030645252094
PerplexDEW (ExtendedDH),isobar,0.4,405.46666666666664,0.001064946884287938
PerplexDEW (ExtendedDH),isobar,0.4,406.4888888888889,0.0010522168826007207
PerplexDEW (ExtendedDH),isobar,0.4,407.5111111111111,0.0010398373679702656
PerplexDEW (ExtendedDH),isobar,0.4,408.5333333333333,0.0010278444072784887
PerplexDEW (ExtendedDH),isobar,0.4,409.55555555555554,0.001016217706702313
PerplexDEW (ExtendedDH),isobar,0.4,410.5777777777778,0.0010048801203807291
PerplexDEW (ExtendedDH),isobar,0.4,411.6,0.0009938103064192417
PerplexDEW (ExtendedDH),isobar,0.4,412.6222222222222,0.0009830432270221347
PerplexDEW (ExtendedDH),isobar,0.4,413.64444444444445,0.000972528731800485
PerplexDEW (ExtendedDH),isobar,0.4,414.6666666666667,0.0009622729860781809
PerplexDEW (ExtendedDH),isobar,0.4,415.68888888888887,0.0009522250561528875
PerplexDEW (ExtendedDH),isobar,0.4,416.7111111111111,0.0009423905320532346
PerplexDEW (ExtendedDH),isobar,0.4,417.73333333333335,0.0009327748641732124
PerplexDEW (ExtendedDH),isobar,0.4,418.75555555555553,0.0009233261558979169
PerplexDEW (ExtendedDH),isobar,0.4,419.77777777777777,0.0009140493319994675
PerplexDEW (ExtendedDH),isobar,0.4,420.8,0.0009049778800824379
PerplexDEW (ExtendedDH),isobar,0.4,421.8222222222222,0.0008960878723728147
PerplexDEW (ExtendedDH),isobar,0.4,422.84444444444443,0.0008872975724620655
PerplexDEW (ExtendedDH),isobar,0.4,423.8666666666667,0.0008786974852870729
PerplexDEW (ExtendedDH),isobar,0.4,424.8888888888889,0.0008702342650124075
PerplexDEW (ExtendedDH),isobar,0.4,425.9111111111111,0.0008618830434822226
PerplexDEW (ExtendedDH),isobar,0.4,426.93333333333334,0.0008536765236333778
PerplexDEW (ExtendedDH),isobar,0.4,427.9555555555556,0.000845589571893476
PerplexDEW (ExtendedDH),isobar,0.4,428.97777777777776,0.0008376547595012515
PerplexDEW (ExtendedDH),isobar,0.4,430.0,0.0008298177035341082
PerplexDEW (ExtendedDH),isobar,0.4,431.02222222222224,0.0008220817408373788
PerplexDEW (ExtendedDH),isobar,0.4,432.0444444444445,0.0008144501246503072
PerplexDEW (ExtendedDH),isobar,0.4,433.06666666666666,0.0008068969575823861
PerplexDEW (ExtendedDH),isobar,0.4,434.0888888888889,0.0007994834379330001
PerplexDEW (ExtendedDH),isobar,0.4,435.1111111111111,0.0007921544159460193
PerplexDEW (ExtendedDH),isobar,0.4,436.1333333333333,0.0007849127548665565
PerplexDEW (ExtendedDH),isobar,0.4,437.15555555555557,0.0007777320985006574
PerplexDEW (ExtendedDH),isobar,0.4,438.1777777777778,0.0007706734403079524
PerplexDEW (ExtendedDH),isobar,0.4,439.2,0.0007636811193088059
PerplexDEW (ExtendedDH),isobar,0.4,440.22222222222223,0.0007567868575900447
PerplexDEW (ExtendedDH),isobar,0.4,441.24444444444447,0.0007499639585866922
PerplexDEW (ExtendedDH),isobar,0.4,442.26666666666665,0.0007432148248049315
PerplexDEW (ExtendedDH),isobar,0.4,443.2888888888889,0.000736541796116012
PerplexDEW (ExtendedDH),isobar,0.4,444.31111111111113,0.0007299179261118237
PerplexDEW (ExtendedDH),isobar,0.4,445.33333333333337,0.0007234038724530566
PerplexDEW (ExtendedDH),isobar,0.4,446.35555555555555,0.0007169433390424795
PerplexDEW (ExtendedDH),isobar,0.4,447.3777777777778,0.000710538411940049
PerplexDEW (ExtendedDH),isobar,0.4,448.4,0.0007041911251674288
PerplexDEW (ExtendedDH),isobar,0.4,449.4222222222222,0.0006979326914461249
PerplexDEW (ExtendedDH),isobar,0.4,450.44444444444446,0.0006917065749817793
PerplexDEW (ExtendedDH),isobar,0.4,451.4666666666667,0.0006855731089656897
PerplexDEW (ExtendedDH),isobar,0.4,452.4888888888889,0.000679475667316945
PerplexDEW (ExtendedDH),isobar,0.4,453.5111111111111,0.000673445251972243
PerplexDEW (ExtendedDH),isobar,0.4,454.53333333333336,0.0006674543873435991
PerplexDEW (ExtendedDH),isobar,0.4,455.55555555555554,0.0006615339655329476
PerplexDEW (ExtendedDH),isobar,0.4,456.5777777777778,0.0006556856113734688
PerplexDEW (ExtendedDH),isobar,0.4,457.6,0.0006498817390393725
PerplexDEW (ExtendedDH),isobar,0.5,305.85,0.01296342721713261
PerplexDEW (ExtendedDH),isobar,0.5,308.3277777777778,0.013268644911745852
PerplexDEW (ExtendedDH),isobar,0.5,310.8055555555556,0.013577196165504018
PerplexDEW (ExtendedDH),isobar,0.5,313.28333333333336,0.013888906946233372
PerplexDEW (ExtendedDH),isobar,0.5,315.7611111111111,0.014203597800537449
PerplexDEW (ExtendedDH),isobar,0.5,318.23888888888894,0.01452106517496375
PerplexDEW (ExtendedDH),isobar,0.5,320.7166666666667,0.014841084321343517
PerplexDEW (ExtendedDH),isobar,0.5,323.19444444444446,0.015163423503367633
PerplexDEW (ExtendedDH),isobar,0.5,325.6722222222222,0.01548782340521724
PerplexDEW (ExtendedDH),isobar,0.5,328.15000000000003,0.015813983649916392
PerplexDEW (ExtendedDH),isobar,0.5,330.6277777777778,0.016141627473535848
PerplexDEW (ExtendedDH),isobar,0.5,333.10555555555555,0.01647038958050885
PerplexDEW (ExtendedDH),isobar,0.5,335.58333333333337,0.016799926677904593
PerplexDEW (ExtendedDH),isobar,0.5,338.06111111111113,0.017129835781299157
PerplexDEW (ExtendedDH),isobar,0.5,340.5388888888889,0.017459712633079237
PerplexDEW (ExtendedDH),isobar,0.5,343.0166666666667,0.017789074316262938
PerplexDEW (ExtendedDH),isobar,0.5,345.49444444444447,0.018117446953503525
PerplexDEW (ExtendedDH),isobar,0.5,347.97222222222223,0.018444271220859548
PerplexDEW (ExtendedDH),isobar,0.5,350.45000000000005,0.01876899557400452
PerplexDEW (ExtendedDH),isobar,0.5,352.9277777777778,0.019090945684209593
PerplexDEW (ExtendedDH),isobar,0.5,355.40555555555557,0.01940968447425299
PerplexDEW (ExtendedDH),isobar,0.5,357.8833333333333,0.01972405047413723
PerplexDEW (ExtendedDH),isobar,0.5,360.36111111111114,0.02003344383131501
PerplexDEW (ExtendedDH),isobar,0.5,362.8388888888889,0.020336980753581087
PerplexDEW (ExtendedDH),isobar,0.5,365.31666666666666,0.020633725013047857
PerplexDEW (ExtendedDH),isobar,0.5,367.7944444444445,0.020922614922432307
PerplexDEW (ExtendedDH),isobar,0.5,370.27222222222224,0.02120252608658102
PerplexDEW (ExtendedDH),isobar,0.5,372.75,0.021472232304582832
PerplexDEW (ExtendedDH),isobar,0.5,375.22777777777776,0.021730360433899625
PerplexDEW (ExtendedDH),isobar,0.5,377.7055555555556,0.02197539911774794
PerplexDEW (ExtendedDH),isobar,0.5,380.18333333333334,0.022205710765592898
PerplexDEW (ExtendedDH),isobar,0.5,382.66111111111115,0.022419441320466388
PerplexDEW (ExtendedDH),isobar,0.5,385.1388888888889,0.02261454751430263
PerplexDEW (ExtendedDH),isobar,0.5,387.6166666666667,0.02278876451317691
PerplexDEW (ExtendedDH),isobar,0.5,390.09444444444443,0.022939525488972583
PerplexDEW (ExtendedDH),isobar,0.5,392.57222222222225,0.02306384894524883
PerplexDEW (ExtendedDH),isobar,0.5,395.05,0.023158502280141505
PerplexDEW (ExtendedDH),isobar,0.5,397.52777777777777,0.023219655476496574
PerplexDEW (ExtendedDH),isobar,0.5,400.0055555555556,0.02324279311717787
PerplexDEW (ExtendedDH),isobar,0.5,402.48333333333335,0.023222781050496792
PerplexDEW (ExtendedDH),isobar,0.5,404.9611111111111,0.023153275134694278
PerplexDEW (ExtendedDH),isobar,0.5,407.43888888888887,0.023026878386530135
PerplexDEW (ExtendedDH),isobar,0.5,409.9166666666667,0.02283404238237596
PerplexDEW (ExtendedDH),isobar,0.5,412.39444444444445,0.02256300509702472
PerplexDEW (ExtendedDH),isobar,0.5,414.87222222222226,0.0221980660870133
PerplexDEW (ExtendedDH),isobar,0.5,417.35,0.02171791378322664
PerplexDEW (ExtendedDH),isobar,0.5,419.8277777777778,0.0210919437897031
PerplexDEW (ExtendedDH),isobar,0.5,422.30555555555554,0.020272278194172894
PerplexDEW (ExtendedDH),isobar,0.5,424.7833333333333,0.019175799402705154
PerplexDEW (ExtendedDH),isobar,0.5,427.2611111111111,0.01763067722843025
PerplexDEW (ExtendedDH),isobar,0.5,429.7388888888889,0.015129208418172524
PerplexDEW (ExtendedDH),isobar,0.5,432.2166666666667,0.009688577730017552
PerplexDEW (ExtendedDH),isobar,0.5,434.69444444444446,0.007253080073322299
PerplexDEW (ExtendedDH),isobar,0.5,437.1722222222222,0.006340007188716182
PerplexDEW (ExtendedDH),isobar,0.5,439.65,0.005791760519378514
PerplexDEW (ExtendedDH),isobar,0.5,442.1277777777778,0.005405124548870756
PerplexDEW (ExtendedDH),isobar,0.5,444.60555555555555,0.0051094785221385995
PerplexDEW (ExtendedDH),isobar,0.5,447.08333333333337,0.004871495609767934
PerplexDEW (ExtendedDH),isobar,0.5,449.56111111111113,0.004673187856505403
PerplexDEW (ExtendedDH),isobar,0.5,452.0388888888889,0.004503369424146747
PerplexDEW (ExtendedDH),isobar,0.5,454.51666666666665,0.004355423049861556
PerplexDEW (ExtendedDH),isobar,0.5,456.9944444444444,0.004224126587009328
PerplexDEW (ExtendedDH),isobar,0.5,459.47222222222223,0.004106324114859117
PerplexDEW (ExtendedDH),isobar,0.5,461.95,0.003999298991552812
PerplexDEW (ExtendedDH),isobar,0.5,464.4277777777778,0.003901274917635018
PerplexDEW (ExtendedDH),isobar,0.5,466.90555555555557,0.0038107823553677504
PerplexDEW (ExtendedDH),isobar,0.5,469.3833333333333,0.003726590774004081
PerplexDEW (ExtendedDH),isobar,0.5,471.8611111111111,0.003647938939638546
PerplexDEW (ExtendedDH),isobar,0.5,474.33888888888885,0.0035738775850435705
PerplexDEW (ExtendedDH),isobar,0.5,476.81666666666666,0.0035039429852193682
PerplexDEW (ExtendedDH),isobar,0.5,479.2944444444445,0.0034375669337523528
PerplexDEW (ExtendedDH),isobar,0.5,481.77222222222224,0.0033743811496048585
PerplexDEW (ExtendedDH),isobar,0.5,484.25,0.003313993560793694
PerplexDEW (ExtendedDH),isobar,0.5,486.72777777777776,0.0032561448523930267
PerplexDEW (ExtendedDH),isobar,0.5,489.2055555555555,0.003200478169707998
PerplexDEW (ExtendedDH),isobar,0.5,491.68333333333334,0.0031468542058187597
PerplexDEW (ExtendedDH),isobar,0.5,494.1611111111111,0.0030951202773222947
PerplexDEW (ExtendedDH),isobar,0.5,496.6388888888889,0.0030450299875247936
PerplexDEW (ExtendedDH),isobar,0.5,499.1166666666667,0.0029965652962265694
PerplexDEW (ExtendedDH),isobar,0.5,501.59444444444443,0.0029493734434664987
PerplexDEW (ExtendedDH),isobar,0.5,504.0722222222222,0.0029035784296147114
PerplexDEW (ExtendedDH),isobar,0.5,506.54999999999995,0.0028589701350780618
PerplexDEW (ExtendedDH),isobar,0.5,509.02777777777777,0.002815493410808631
PerplexDEW (ExtendedDH),isobar,0.5,511.5055555555556,0.0027730860547236394
PerplexDEW (ExtendedDH),isobar,0.5,513.9833333333333,0.0027315950071377334
PerplexDEW (ExtendedDH),isobar,0.5,516.4611111111111,0.0026910278758930004
PerplexDEW (ExtendedDH),isobar,0.5,518.9388888888889,0.0026513877161739876
PerplexDEW (ExtendedDH),isobar,0.5,521.4166666666666,0.0026125026079233597
PerplexDEW (ExtendedDH),isobar,0.5,523.8944444444444,0.002574364595992361
PerplexDEW (ExtendedDH),isobar,0.5,526.3722222222223,0.002537047720657979
PerplexDEW (ExtendedDH),isobar,0.5,528.85,0.002500364531377148
PerplexDEW (ExtendedDH),isobar,0.5,531.3277777777778,0.002464381130004295
PerplexDEW (ExtendedDH),isobar,0.5,533.8055555555555,0.0024290744023882805
PerplexDEW (ExtendedDH),isobar,0.5,536.2833333333333,0.0023943305801202293
PerplexDEW (ExtendedDH),isobar,0.5,538.7611111111111,0.0023602065276948194
PerplexDEW (ExtendedDH),isobar,0.5,541.2388888888888,0.0023266254762135683
PerplexDEW (ExtendedDH),isobar,0.5,543.7166666666667,0.0022935951870921034
PerplexDEW (ExtendedDH),isobar,0.5,546.1944444444445,0.002261121081967854
PerplexDEW (ExtendedDH),isobar,0.5,548.6722222222222,0.0022291621357693023
PerplexDEW (ExtendedDH),isobar,0.5,551.15,0.0021977190474470605
PerplexDEW (ExtendedDH),isobar,0.6,390.8,0.025185159538009424
PerplexDEW (ExtendedDH),isobar,0.6,393.06666666666666,0.025439816993672957
PerplexDEW (ExtendedDH),isobar,0.6,395.33333333333337,0.025682561775714166
PerplexDEW (ExtendedDH),isobar,0.6,397.6,0.025912239723592516
PerplexDEW (ExtendedDH),isobar,0.6,399.8666666666667,0.02612754693348538
PerplexDEW (ExtendedDH),isobar,0.6,402.1333333333333,0.02632722624691895
PerplexDEW (ExtendedDH),isobar,0.6,404.40000000000003,0.026509815087793622
PerplexDEW (ExtendedDH),isobar,0.6,406.6666666666667,0.026673683782878252
PerplexDEW (ExtendedDH),isobar,0.6,408.93333333333334,0.026817247354437426
PerplexDEW (ExtendedDH),isobar,0.6,411.2,0.026938584649444583
PerplexDEW (ExtendedDH),isobar,0.6,413.4666666666667,0.027035759025081617
PerplexDEW (ExtendedDH),isobar,0.6,415.73333333333335,0.027106593934107824
PerplexDEW (ExtendedDH),isobar,0.6,418.0,0.027148782204311387
PerplexDEW (ExtendedDH),isobar,0.6,420.2666666666667,0.02715976661123386
PerplexDEW (ExtendedDH),isobar,0.6,422.53333333333336,0.02713679633385182
PerplexDEW (ExtendedDH),isobar,0.6,424.8,0.027076739922444675
PerplexDEW (ExtendedDH),isobar,0.6,427.06666666666666,0.026976270437340955
PerplexDEW (ExtendedDH),isobar,0.6,429.33333333333337,0.026831945372974658
PerplexDEW (ExtendedDH),isobar,0.6,431.6,0.02663950017848895
PerplexDEW (ExtendedDH),isobar,0.6,433.8666666666667,0.026394641384691164
PerplexDEW (ExtendedDH),isobar,0.6,436.1333333333333,0.026092691421271824
PerplexDEW (ExtendedDH),isobar,0.6,438.40000000000003,0.02572849432537636
PerplexDEW (ExtendedDH),isobar,0.6,440.6666666666667,0.02529647621223193
PerplexDEW (ExtendedDH),isobar,0.6,442.93333333333334,0.024791442740697542
PerplexDEW (ExtendedDH),isobar,0.6,445.20000000000005,0.024207455807535402
PerplexDEW (ExtendedDH),isobar,0.6,447.4666666666667,0.02353983563382334
PerplexDEW (ExtendedDH),isobar,0.6,449.73333333333335,0.022785533075487443
PerplexDEW (ExtendedDH),isobar,0.6,452.0,0.021944487223127883
PerplexDEW (ExtendedDH),isobar,0.6,454.2666666666667,0.021022315678686326
PerplexDEW (ExtendedDH),isobar,0.6,456.53333333333336,0.020032582756705348
PerplexDEW (ExtendedDH),isobar,0.6,458.8,0.018999390069875336
PerplexDEW (ExtendedDH),isobar,0.6,461.0666666666667,0.01795666095286554
PerplexDEW (ExtendedDH),isobar,0.6,463.33333333333337,0.01694301818025757
PerplexDEW (ExtendedDH),isobar,0.6,465.6,0.015993470329335284
PerplexDEW (ExtendedDH),isobar,0.6,467.8666666666667,0.015130373913918598
PerplexDEW (ExtendedDH),isobar,0.6,470.1333333333333,0.01436345511109864
PerplexDEW (ExtendedDH),isobar,0.6,472.40000000000003,0.01369051310856339
PerplexDEW (ExtendedDH),isobar,0.6,474.6666666666667,0.013103287859796713
PerplexDEW (ExtendedDH),isobar,0.6,476.9333333333334,0.012590381131538387
PerplexDEW (ExtendedDH),isobar,0.6,479.20000000000005,0.012141495116899966
PerplexDEW (ExtendedDH),isobar,0.6,481.4666666666667,0.011746283901722648
PerplexDEW (ExtendedDH),isobar,0.6,483.73333333333335,0.011396146288461419
PerplexDEW (ExtendedDH),isobar,0.6,486.0,0.01108406090022699
PerplexDEW (ExtendedDH),isobar,0.6,488.2666666666667,0.010803848569590465
PerplexDEW (ExtendedDH),isobar,0.6,490.53333333333336,0.010550949772912443
PerplexDEW (ExtendedDH),isobar,0.6,492.8,0.010321131332707408
PerplexDEW (ExtendedDH),isobar,0.6,495.0666666666667,0.010111064928584317
PerplexDEW (ExtendedDH),isobar,0.6,497.33333333333337,0.009918057556356063
PerplexDEW (ExtendedDH),isobar,0.6,499.6,0.009739914090217619
PerplexDEW (ExtendedDH),isobar,0.6,501.8666666666667,0.009574674714162536
PerplexDEW (ExtendedDH),isobar,0.6,504.1333333333334,0.009420737321660514
PerplexDEW (ExtendedDH),isobar,0.6,506.40000000000003,0.009276728637372361
PerplexDEW (ExtendedDH),isobar,0.6,508.6666666666667,0.009141372053219353
PerplexDEW (ExtendedDH),isobar,0.6,510.9333333333334,0.009013888448776215
PerplexDEW (ExtendedDH),isobar,0.6,513.2,0.00889320095577858
PerplexDEW (ExtendedDH),isobar,0.6,515.4666666666667,0.008778602094282948
PerplexDEW (ExtendedDH),isobar,0.6,517.7333333333333,0.008669631713929597
PerplexDEW (ExtendedDH),isobar,0.6,520.0,0.008565667385682606
PerplexDEW (ExtendedDH),isobar,0.6,522.2666666666667,0.008466197807583752
PerplexDEW (ExtendedDH),isobar,0.6,524.5333333333333,0.00837068466910522
PerplexDEW (ExtendedDH),isobar,0.6,526.8000000000001,0.00827885027363929
PerplexDEW (ExtendedDH),isobar,0.6,529.0666666666667,0.008190544885406477
PerplexDEW (ExtendedDH),isobar,0.6,531.3333333333334,0.00810516208042551
PerplexDEW (ExtendedDH),isobar,0.6,533.6,0.008022510783626577
PerplexDEW (ExtendedDH),isobar,0.6,535.8666666666667,0.007942535641402824
PerplexDEW (ExtendedDH),isobar,0.6,538.1333333333334,0.007864867003446682
PerplexDEW (ExtendedDH),isobar,0.6,540.4000000000001,0.007789266785269827
PerplexDEW (ExtendedDH),isobar,0.6,542.6666666666667,0.007715791011040379
PerplexDEW (ExtendedDH),isobar,0.6,544.9333333333334,0.007644177119689237
PerplexDEW (ExtendedDH),isobar,0.6,547.2,0.007574145365275344
PerplexDEW (ExtendedDH),isobar,0.6,549.4666666666667,0.007505878182682196
PerplexDEW (ExtendedDH),isobar,0.6,551.7333333333333,0.0074389130821412115
PerplexDEW (ExtendedDH),isobar,0.6,554.0,0.007373496627328909
PerplexDEW (ExtendedDH),isobar,0.6,556.2666666666667,0.007309385581652444
PerplexDEW (ExtendedDH),isobar,0.6,558.5333333333333,0.007246321988079041
PerplexDEW (ExtendedDH),isobar,0.6,560.8000000000001,0.00718453452118261
PerplexDEW (ExtendedDH),isobar,0.6,563.0666666666667,0.007123833027909948
PerplexDEW (ExtendedDH),isobar,0.6,565.3333333333334,0.007064015540817092
PerplexDEW (ExtendedDH),isobar,0.6,567.6,0.007005210945403745
PerplexDEW (ExtendedDH),isobar,0.6,569.8666666666667,0.00694737484447312
PerplexDEW (ExtendedDH),isobar,0.6,572.1333333333334,0.00689028266124112
PerplexDEW (ExtendedDH),isobar,0.6,574.4000000000001,0.0068340489614241
PerplexDEW (ExtendedDH),isobar,0.6,576.6666666666667,0.006778699213977893
PerplexDEW (ExtendedDH),isobar,0.6,578.9333333333334,0.0067239884986972425
PerplexDEW (ExtendedDH),isobar,0.6,581.2,0.0066700191169626315
PerplexDEW (ExtendedDH),isobar,0.6,583.4666666666667,0.0066167120446047195
PerplexDEW (ExtendedDH),isobar,0.6,585.7333333333333,0.00656407318938302
PerplexDEW (ExtendedDH),isobar,0.6,588.0,0.0065120136109057085
PerplexDEW (ExtendedDH),isobar,0.6,590.2666666666667,0.006460622722545048
PerplexDEW (ExtendedDH),isobar,0.6,592.5333333333334,0.0064098036875539464
PerplexDEW (ExtendedDH),isobar,0.6,594.8000000000001,0.006359640489113193
PerplexDEW (ExtendedDH),isobar,0.6,597.0666666666667,0.006309840888933013
PerplexDEW (ExtendedDH),isobar,0.6,599.3333333333334,0.006260668893939761
PerplexDEW (ExtendedDH),isobar,0.6,601.6,0.006212012362804544
PerplexDEW (ExtendedDH),isobar,0.6,603.8666666666667,0.006163944744551498
PerplexDEW (ExtendedDH),isobar,0.6,606.1333333333334,0.006116250502076688
PerplexDEW (ExtendedDH),isobar,0.6,608.4000000000001,0.006069092961773591
PerplexDEW (ExtendedDH),isobar,0.6,610.6666666666667,0.006022345490343913
PerplexDEW (ExtendedDH),isobar,0.6,612.9333333333334,0.005976071572868939
PerplexDEW (ExtendedDH),isobar,0.6,615.2,0.00593033381830116
PerplexDEW (ExtendedDH),isobar,0.75,318.55,0.015531757252675797
PerplexDEW (ExtendedDH),isobar,0.75,321.09444444444443,0.01591065711349439
PerplexDEW (ExtendedDH),isobar,0.75,323.6388888888889,0.016294764024449328
PerplexDEW (ExtendedDH),isobar,0.75,326.18333333333334,0.016683968742494955
PerplexDEW (ExtendedDH),isobar,0.75,328.7277777777778,0.017078161826675285
PerplexDEW (ExtendedDH),isobar,0.75,331.27222222222224,0.017477206527218486
PerplexDEW (ExtendedDH),isobar,0.75,333.81666666666666,0.017880965063784355
PerplexDEW (ExtendedDH),isobar,0.75,336.36111111111114,0.018289275734626485
PerplexDEW (ExtendedDH),isobar,0.75,338.90555555555557,0.018701975623568463
PerplexDEW (ExtendedDH),isobar,0.75,341.45,0.019118863279585036
PerplexDEW (ExtendedDH),isobar,0.75,343.99444444444447,0.019539767598351653
PerplexDEW (ExtendedDH),isobar,0.75,346.5388888888889,0.019964437532347685
PerplexDEW (ExtendedDH),isobar,0.75,349.08333333333337,0.020392665936654845
PerplexDEW (ExtendedDH),isobar,0.75,351.6277777777778,0.0208241889010768
PerplexDEW (ExtendedDH),isobar,0.75,354.1722222222222,0.02125873902187676
PerplexDEW (ExtendedDH),isobar,0.75,356.7166666666667,0.021696067115941995
PerplexDEW (ExtendedDH),isobar,0.75,359.2611111111111,0.022135778798431528
PerplexDEW (ExtendedDH),isobar,0.75,361.80555555555554,0.02257759152646153
PerplexDEW (ExtendedDH),isobar,0.75,364.35,0.0230211552350078
PerplexDEW (ExtendedDH),isobar,0.75,366.89444444444445,0.023466081755629028
PerplexDEW (ExtendedDH),isobar,0.75,369.4388888888889,0.023911959706069543
PerplexDEW (ExtendedDH),isobar,0.75,371.98333333333335,0.024358391055958106
PerplexDEW (ExtendedDH),isobar,0.75,374.52777777777777,0.024804900132818393
PerplexDEW (ExtendedDH),isobar,0.75,377.07222222222225,0.02525100371435822
PerplexDEW (ExtendedDH),isobar,0.75,379.6166666666667,0.025696192859284327
PerplexDEW (ExtendedDH),isobar,0.75,382.16111111111115,0.026139932319252556
PerplexDEW (ExtendedDH),isobar,0.75,384.7055555555556,0.026581638489149642
PerplexDEW (ExtendedDH),isobar,0.75,387.25,0.027020720040013217
PerplexDEW (ExtendedDH),isobar,0.75,389.7944444444445,0.027456512251375277
PerplexDEW (ExtendedDH),isobar,0.75,392.3388888888889,0.02788836369398241
PerplexDEW (ExtendedDH),isobar,0.75,394.8833333333333,0.028315546043121906
PerplexDEW (ExtendedDH),isobar,0.75,397.4277777777778,0.028737296530511273
PerplexDEW (ExtendedDH),isobar,0.75,399.97222222222223,0.029152817491624447
PerplexDEW (ExtendedDH),isobar,0.75,402.5166666666667,0.02956127600954939
PerplexDEW (ExtendedDH),isobar,0.75,405.06111111111113,0.02996177692633517
PerplexDEW (ExtendedDH),isobar,0.75,407.6055555555556,0.030353441532735947
PerplexDEW (ExtendedDH),isobar,0.75,410.15000000000003,0.030735217470617082
PerplexDEW (ExtendedDH),isobar,0.75,412.69444444444446,0.03110614979290074
PerplexDEW (ExtendedDH),isobar,0.75,415.23888888888894,0.031465132633841916
PerplexDEW (ExtendedDH),isobar,0.75,417.78333333333336,0.031811077257232256
PerplexDEW (ExtendedDH),isobar,0.75,420.3277777777778,0.032142764391176436
PerplexDEW (ExtendedDH),isobar,0.75,422.87222222222226,0.03245896140694047
PerplexDEW (ExtendedDH),isobar,0.75,425.4166666666667,0.03275849269135676
PerplexDEW (ExtendedDH),isobar,0.75,427.9611111111111,0.03303995147671451
PerplexDEW (ExtendedDH),isobar,0.75,430.5055555555556,0.03330195250836969
PerplexDEW (ExtendedDH),isobar,0.75,433.05,0.0335430720328987
PerplexDEW (ExtendedDH),isobar,0.75,435.59444444444443,0.0337619223870814
PerplexDEW (ExtendedDH),isobar,0.75,438.1388888888889,0.03395701669156115
PerplexDEW (ExtendedDH),isobar,0.75,440.6833333333334,0.03412668992356661
PerplexDEW (ExtendedDH),isobar,0.75,443.2277777777778,0.034269546946203204
PerplexDEW (ExtendedDH),isobar,0.75,445.77222222222224,0.034383952843893895
PerplexDEW (ExtendedDH),isobar,0.75,448.3166666666667,0.034468334179104304
PerplexDEW (ExtendedDH),isobar,0.75,450.86111111111114,0.03452119399862681
PerplexDEW (ExtendedDH),isobar,0.75,453.40555555555557,0.03454112751058978
PerplexDEW (ExtendedDH),isobar,0.75,455.95000000000005,0.03452658520201138
PerplexDEW (ExtendedDH),isobar,0.75,458.49444444444447,0.03447646802913671
PerplexDEW (ExtendedDH),isobar,0.75,461.0388888888889,0.03438956313038218
PerplexDEW (ExtendedDH),isobar,0.75,463.58333333333337,0.03426489385463065
PerplexDEW (ExtendedDH),isobar,0.75,466.1277777777778,0.034102104082126425
PerplexDEW (ExtendedDH),isobar,0.75,468.6722222222222,0.03390041038244971
PerplexDEW (ExtendedDH),isobar,0.75,471.2166666666667,0.03366042285705202
PerplexDEW (ExtendedDH),isobar,0.75,473.7611111111112,0.03338217243325263
PerplexDEW (ExtendedDH),isobar,0.75,476.30555555555554,0.03306715210405087
PerplexDEW (ExtendedDH),isobar,0.75,478.85,0.03271666323712582
PerplexDEW (ExtendedDH),isobar,0.75,481.3944444444445,0.0323333343019066
PerplexDEW (ExtendedDH),isobar,0.75,483.9388888888889,0.03192018312008376
PerplexDEW (ExtendedDH),isobar,0.75,486.48333333333335,0.031480402475337184
PerplexDEW (ExtendedDH),isobar,0.75,489.0277777777778,0.03101852124439774
PerplexDEW (ExtendedDH),isobar,0.75,491.57222222222225,0.030539212646922546
PerplexDEW (ExtendedDH),isobar,0.75,494.1166666666667,0.030047454814002943
PerplexDEW (ExtendedDH),isobar,0.75,496.66111111111115,0.029548296141041624
PerplexDEW (ExtendedDH),isobar,0.75,499.2055555555556,0.029047226695933317
PerplexDEW (ExtendedDH),isobar,0.75,501.75,0.02854873363816241
PerplexDEW (ExtendedDH),isobar,0.75,504.2944444444445,0.02805728396003539
PerplexDEW (ExtendedDH),isobar,0.75,506.83888888888896,0.02757711214858395
PerplexDEW (ExtendedDH),isobar,0.75,509.3833333333333,0.027111599956710915
PerplexDEW (ExtendedDH),isobar,0.75,511.9277777777778,0.026662856570132256
PerplexDEW (ExtendedDH),isobar,0.75,514.4722222222223,0.026232957782734073
PerplexDEW (ExtendedDH),isobar,0.75,517.0166666666667,0.02582312973620979
PerplexDEW (ExtendedDH),isobar,0.75,519.5611111111111,0.025434380857033673
PerplexDEW (ExtendedDH),isobar,0.75,522.1055555555556,0.02506645894976926
PerplexDEW (ExtendedDH),isobar,0.75,524.6500000000001,0.024719321476005335
PerplexDEW (ExtendedDH),isobar,0.75,527.1944444444445,0.024392511869104815
PerplexDEW (ExtendedDH),isobar,0.75,529.7388888888889,0.024085371156187432
PerplexDEW (ExtendedDH),isobar,0.75,532.2833333333333,0.02379681851327505
PerplexDEW (ExtendedDH),isobar,0.75,534.8277777777778,0.023525775970754555
PerplexDEW (ExtendedDH),isobar,0.75,537.3722222222223,0.023271611796554337
PerplexDEW (ExtendedDH),isobar,0.75,539.9166666666667,0.02303303998429742
PerplexDEW (ExtendedDH),isobar,0.75,542.4611111111111,0.0228089905143242
PerplexDEW (ExtendedDH),isobar,0.75,545.0055555555556,0.022598387106245635
PerplexDEW (ExtendedDH),isobar,0.75,547.5500000000001,0.022400373416829676
PerplexDEW (ExtendedDH),isobar,0.75,550.0944444444444,0.022213852669548666
PerplexDEW (ExtendedDH),isobar,0.75,552.6388888888889,0.02203794229750087
PerplexDEW (ExtendedDH),isobar,0.75,555.1833333333334,0.02187198191398025
PerplexDEW (ExtendedDH),isobar,0.75,557.7277777777779,0.021715057544791975
PerplexDEW (ExtendedDH),isobar,0.75,560.2722222222222,0.021566718632682516
PerplexDEW (ExtendedDH),isobar,0.75,562.8166666666667,0.02142576005840994
PerplexDEW (ExtendedDH),isobar,0.75,565.3611111111111,0.021291934018646284
PerplexDEW (ExtendedDH),isobar,0.75,567.9055555555556,0.021164733474197645
PerplexDEW (ExtendedDH),isobar,0.75,570.45,0.021043372332374678
PerplexDEW (ExtendedDH),isobar,1.0,25.0,0.00022217086939063617
PerplexDEW (ExtendedDH),isobar,1.0,30.55808080808081,0.0002450626340570566
PerplexDEW (ExtendedDH),isobar,1.0,36.11616161616162,0.00027086040022308595
PerplexDEW (ExtendedDH),isobar,1.0,41.67424242424242,0.0002997365248973416
PerplexDEW (ExtendedDH),isobar,1.0,47.23232323232323,0.0003319011318919352
PerplexDEW (ExtendedDH),isobar,1.0,52.79040404040404,0.00036759422739090494
PerplexDEW (ExtendedDH),isobar,1.0,58.348484848484844,0.0004070817899036377
PerplexDEW (ExtendedDH),isobar,1.0,63.906565656565654,0.00045065361447740914
PerplexDEW (ExtendedDH),isobar,1.0,69.46464646464646,0.0004986222923414778
PerplexDEW (ExtendedDH),isobar,1.0,75.02272727272728,0.0005513227323219543
PerplexDEW (ExtendedDH),isobar,1.0,80.58080808080808,0.0006091121422397705
PerplexDEW (ExtendedDH),isobar,1.0,86.13888888888889,0.0006723699221245977
PerplexDEW (ExtendedDH),isobar,1.0,91.69696969696969,0.0007414979886669364
PerplexDEW (ExtendedDH),isobar,1.0,97.2550505050505,0.0008169212391753181
PerplexDEW (ExtendedDH),isobar,1.0,102.81313131313131,0.0008990874745105318
PerplexDEW (ExtendedDH),isobar,1.0,108.37121212121212,0.0009884682188130217
PerplexDEW (ExtendedDH),isobar,1.0,113.92929292929293,0.0010855585971876343
PerplexDEW (ExtendedDH),isobar,1.0,119.48737373737373,0.0011908779273252367
PerplexDEW (ExtendedDH),isobar,1.0,125.04545454545455,0.0013049699746330193
PerplexDEW (ExtendedDH),isobar,1.0,130.60353535353534,0.0014284028900253994
PerplexDEW (ExtendedDH),isobar,1.0,136.16161616161617,0.001561769589040926
PerplexDEW (ExtendedDH),isobar,1.0,141.71969696969697,0.0017056874948988697
PerplexDEW (ExtendedDH),isobar,1.0,147.27777777777777,0.001860798832161109
PerplexDEW (ExtendedDH),isobar,1.0,152.8358585858586,0.002027770142132691
PerplexDEW (ExtendedDH),isobar,1.0,158.39393939393938,0.002207292073538427
PerplexDEW (ExtendedDH),isobar,1.0,163.9520202020202,0.0024000793558107353
PerplexDEW (ExtendedDH),isobar,1.0,169.510101010101,0.002606869107337024
PerplexDEW (ExtendedDH),isobar,1.0,175.0681818181818,0.002828421041409776
PerplexDEW (ExtendedDH),isobar,1.0,180.62626262626262,0.0030655166692552063
PerplexDEW (ExtendedDH),isobar,1.0,186.18434343434342,0.0033189573274092464
PerplexDEW (ExtendedDH),isobar,1.0,191.74242424242425,0.0035895632958596237
PerplexDEW (ExtendedDH),isobar,1.0,197.30050505050505,0.003878172225784866
PerplexDEW (ExtendedDH),isobar,1.0,202.85858585858585,0.004185636874457856
PerplexDEW (ExtendedDH),isobar,1.0,208.41666666666666,0.004512823786981739
PerplexDEW (ExtendedDH),isobar,1.0,213.97474747474746,0.004860610588756775
PerplexDEW (ExtendedDH),isobar,1.0,219.5328282828283,0.005229882150151987
PerplexDEW (ExtendedDH),isobar,1.0,225.0909090909091,0.005621529605270933
PerplexDEW (ExtendedDH),isobar,1.0,230.6489898989899,0.006036446122122415
PerplexDEW (ExtendedDH),isobar,1.0,236.2070707070707,0.006475521697440512
PerplexDEW (ExtendedDH),isobar,1.0,241.7651515151515,0.006939641692546245
PerplexDEW (ExtendedDH),isobar,1.0,247.32323232323233,0.007429680291770233
PerplexDEW (ExtendedDH),isobar,1.0,252.88131313131314,0.007946496177418744
PerplexDEW (ExtendedDH),isobar,1.0,258.43939393939394,0.008490927120682359
PerplexDEW (ExtendedDH),isobar,1.0,263.9974747474747,
PerplexDEW (ExtendedDH),isobar,1.0,269.55555555555554,0.009665844943016757
PerplexDEW (ExtendedDH),isobar,1.0,275.1136363636364,0.010297848750791275
PerplexDEW (ExtendedDH),isobar,1.0,280.6717171717172,0.010960483300131468
PerplexDEW (ExtendedDH),isobar,1.0,286.229797979798,0.01165438318005215
PerplexDEW (ExtendedDH),isobar,1.0,291.78787878787875,0.012380117317850626
PerplexDEW (ExtendedDH),isobar,1.0,297.3459595959596,0.013138184624520238
PerplexDEW (ExtendedDH),isobar,1.0,302.9040404040404,0.013928991979769318
PerplexDEW (ExtendedDH),isobar,1.0,308.4621212121212,0.014752861211589174
PerplexDEW (ExtendedDH),isobar,1.0,314.020202020202,0.01560999921682366
PerplexDEW (ExtendedDH),isobar,1.0,319.5782828282828,0.016500506465468592
PerplexDEW (ExtendedDH),isobar,1.0,325.1363636363636,0.017424337671078642
PerplexDEW (ExtendedDH),isobar,1.0,330.69444444444446,0.01838131586482675
PerplexDEW (ExtendedDH),isobar,1.0,336.25252525252523,0.019371105350915994
PerplexDEW (ExtendedDH),isobar,1.0,341.81060606060606,0.02039317723404952
PerplexDEW (ExtendedDH),isobar,1.0,347.36868686868684,0.021446848304663174
PerplexDEW (ExtendedDH),isobar,1.0,352.92676767676767,0.02253118981632524
PerplexDEW (ExtendedDH),isobar,1.0,358.4848484848485,0.023645081826576705
PerplexDEW (ExtendedDH),isobar,1.0,364.0429292929293,0.024787157275346264
PerplexDEW (ExtendedDH),isobar,1.0,369.6010101010101,0.02595576306395278
PerplexDEW (ExtendedDH),isobar,1.0,375.1590909090909,0.027149008322447193
PerplexDEW (ExtendedDH),isobar,1.0,380.7171717171717,0.02836467842302321
PerplexDEW (ExtendedDH),isobar,1.0,386.27525252525254,0.029600260042229484
PerplexDEW (ExtendedDH),isobar,1.0,391.8333333333333,0.03085290486876408
PerplexDEW (ExtendedDH),isobar,1.0,397.39141414141415,0.03211942236707105
PerplexDEW (ExtendedDH),isobar,1.0,402.9494949494949,0.03339623849966779
PerplexDEW (ExtendedDH),isobar,1.0,408.50757575757575,0.03467944246015498
PerplexDEW (ExtendedDH),isobar,1.0,414.0656565656566,0.03596468354628076
PerplexDEW (ExtendedDH),isobar,1.0,419.62373737373736,0.037247298065146914
PerplexDEW (ExtendedDH),isobar,1.0,425.1818181818182,0.038522130553151165
PerplexDEW (ExtendedDH),isobar,1.0,430.73989898989896,0.03978377797631354
PerplexDEW (ExtendedDH),isobar,1.0,436.2979797979798,0.041026342910132935
PerplexDEW (ExtendedDH),isobar,1.0,441.8560606060606,0.0422436775831518
PerplexDEW (ExtendedDH),isobar,1.0,447.4141414141414,0.04342939180087994
PerplexDEW (ExtendedDH),isobar,1.0,452.97222222222223,0.04457672899247523
PerplexDEW (ExtendedDH),isobar,1.0,458.530303030303,0.045678937326653755
PerplexDEW (ExtendedDH),isobar,1.0,464.08838383838383,0.046729140654949715
PerplexDEW (ExtendedDH),isobar,1.0,469.64646464646466,0.04772069667953361
PerplexDEW (ExtendedDH),isobar,1.0,475.20454545454544,0.0486470247217778
PerplexDEW (ExtendedDH),isobar,1.0,480.76262626262627,0.04950227944990378
PerplexDEW (ExtendedDH),isobar,1.0,486.32070707070704,0.05028105555638833
PerplexDEW (ExtendedDH),isobar,1.0,491.8787878787879,0.05097920753345117
PerplexDEW (ExtendedDH),isobar,1.0,497.43686868686865,0.05159336805524174
PerplexDEW (ExtendedDH),isobar,1.0,502.9949494949495,0.05212194821773812
PerplexDEW (ExtendedDH),isobar,1.0,508.5530303030303,0.052565003765289296
PerplexDEW (ExtendedDH),isobar,1.0,514.1111111111111,0.052924133733124434
PerplexDEW (ExtendedDH),isobar,1.0,519.6691919191919,0.05320315173369628
PerplexDEW (ExtendedDH),isobar,1.0,525.2272727272727,0.05340752256232293
PerplexDEW (ExtendedDH),isobar,1.0,530.7853535353536,0.05354469097072186
PerplexDEW (ExtendedDH),isobar,1.0,536.3434343434344,0.053623194566897826
PerplexDEW (ExtendedDH),isobar,1.0,541.9015151515151,0.05365288205494341
PerplexDEW (ExtendedDH),isobar,1.0,547.459595959596,0.053644027632452185
PerplexDEW (ExtendedDH),isobar,1.0,553.0176767676768,0.05360699784390433
PerplexDEW (ExtendedDH),isobar,1.0,558.5757575757575,0.05355156419027486
PerplexDEW (ExtendedDH),isobar,1.0,564.1338383838383,0.053487233153877094
PerplexDEW (ExtendedDH),isobar,1.0,569.6919191919192,0.053421856452059234
PerplexDEW (ExtendedDH),isobar,1.0,575.25,0.053362327774031174
PerplexDEW (ExtendedDH),isobar,1.01325,25.0,0.00022255850087694133
PerplexDEW (ExtendedDH),isobar,1.01325,30.55808080808081,0.0002454677831941974
PerplexDEW (ExtendedDH),isobar,1.01325,36.11616161616162,0.0002712871109247387
PerplexDEW (ExtendedDH),isobar,1.01325,41.67424242424242,0.0003001888039480193
PerplexDEW (ExtendedDH),isobar,1.01325,47.23232323232323,0.00033238297309532637
PerplexDEW (ExtendedDH),isobar,1.01325,52.79040404040404,0.0003681098065654391
PerplexDEW (ExtendedDH),isobar,1.01325,58.348484848484844,0.0004076354804819447
PerplexDEW (ExtendedDH),isobar,1.01325,63.906565656565654,0.0004512500665306644
PerplexDEW (ExtendedDH),isobar,1.01325,69.46464646464646,0.0004992665204971208
PerplexDEW (ExtendedDH),isobar,1.01325,75.02272727272728,0.0005520201419036366
PerplexDEW (ExtendedDH),isobar,1.01325,80.58080808080808,0.0006098685759620973
PerplexDEW (ExtendedDH),isobar,1.01325,86.13888888888889,0.000673191704109669
PerplexDEW (ExtendedDH),isobar,1.01325,91.69696969696969,0.0007423921372266225
PerplexDEW (ExtendedDH),isobar,1.01325,97.2550505050505,0.0008178952704239685
PerplexDEW (ExtendedDH),isobar,1.01325,102.81313131313131,0.0009001497494971341
PerplexDEW (ExtendedDH),isobar,1.01325,108.37121212121212,0.0009896278447208808
PerplexDEW (ExtendedDH),isobar,1.01325,113.92929292929293,0.0010868254794302301
PerplexDEW (ExtendedDH),isobar,1.01325,119.48737373737373,0.0011922631212672283
PerplexDEW (ExtendedDH),isobar,1.01325,125.04545454545455,0.0013064854238341054
PerplexDEW (ExtendedDH),isobar,1.01325,130.60353535353534,0.0014300616896513547
PerplexDEW (ExtendedDH),isobar,1.01325,136.16161616161617,0.0015635860969132201
PerplexDEW (ExtendedDH),isobar,1.01325,141.71969696969697,0.001707677759375573
PerplexDEW (ExtendedDH),isobar,1.01325,147.27777777777777,0.001862980174228612
PerplexDEW (ExtendedDH),isobar,1.01325,152.8358585858586,0.0020301617354578742
PerplexDEW (ExtendedDH),isobar,1.01325,158.39393939393938,0.0022099147608330423
PerplexDEW (ExtendedDH),isobar,1.01325,163.9520202020202,0.002402956199665337
PerplexDEW (ExtendedDH),isobar,1.01325,169.510101010101,0.0026100254114412333
PerplexDEW (ExtendedDH),isobar,1.01325,175.0681818181818,0.0028318848375095433
PerplexDEW (ExtendedDH),isobar,1.01325,180.62626262626262,0.003069318437832823
PerplexDEW (ExtendedDH),isobar,1.01325,186.18434343434342,0.0033231304709148203
PerplexDEW (ExtendedDH),isobar,1.01325,191.74242424242425,0.0035941444007915485
PerplexDEW (ExtendedDH),isobar,1.01325,197.30050505050505,0.003883202159050662
PerplexDEW (ExtendedDH),isobar,1.01325,202.85858585858585,0.004191159615092618
PerplexDEW (ExtendedDH),isobar,1.01325,208.41666666666666,0.0045188888938893675
PerplexDEW (ExtendedDH),isobar,1.01325,213.97474747474746,0.004867270900453101
PerplexDEW (ExtendedDH),isobar,1.01325,219.5328282828283,0.005237196551401414
PerplexDEW (ExtendedDH),isobar,1.01325,225.0909090909091,0.005629563223634166
PerplexDEW (ExtendedDH),isobar,1.01325,230.6489898989899,0.006045270351411741
PerplexDEW (ExtendedDH),isobar,1.01325,236.2070707070707,0.0064852139949489645
PerplexDEW (ExtendedDH),isobar,1.01325,241.7651515151515,0.00695028835984027
PerplexDEW (ExtendedDH),isobar,1.01325,247.32323232323233,0.0074413758648552665
PerplexDEW (ExtendedDH),isobar,1.01325,252.88131313131314,0.007959345098109102
PerplexDEW (ExtendedDH),isobar,1.01325,258.43939393939394,0.008505043771353922
PerplexDEW (ExtendedDH),isobar,1.01325,263.9974747474747,
PerplexDEW (ExtendedDH),isobar,1.01325,269.55555555555554,0.009682885458046636
PerplexDEW (ExtendedDH),isobar,1.01325,275.1136363636364,0.010316569920744714
PerplexDEW (ExtendedDH),isobar,1.01325,280.6717171717172,0.010981055670260365
PerplexDEW (ExtendedDH),isobar,1.01325,286.229797979798,0.01167698912642236
PerplexDEW (ExtendedDH),isobar,1.01325,291.78787878787875,0.012404959324408322
PerplexDEW (ExtendedDH),isobar,1.01325,297.3459595959596,0.013165485841967238
PerplexDEW (ExtendedDH),isobar,1.01325,302.9040404040404,0.013958998286376671
PerplexDEW (ExtendedDH),isobar,1.01325,308.4621212121212,0.014785843438143171
PerplexDEW (ExtendedDH),isobar,1.01325,314.020202020202,0.015646257817831744
PerplexDEW (ExtendedDH),isobar,1.01325,319.5782828282828,0.016540365124093393
PerplexDEW (ExtendedDH),isobar,1.01325,325.1363636363636,0.017468159617391923
PerplexDEW (ExtendedDH),isobar,1.01325,330.69444444444446,0.018429503462172234
PerplexDEW (ExtendedDH),isobar,1.01325,336.25252525252523,0.019424098232302886
PerplexDEW (ExtendedDH),isobar,1.01325,341.81060606060606,0.020451461464762993
PerplexDEW (ExtendedDH),isobar,1.01325,347.36868686868684,0.021510954169443885
PerplexDEW (ExtendedDH),isobar,1.01325,352.92676767676767,0.022601716938421314
PerplexDEW (ExtendedDH),isobar,1.01325,358.4848484848485,0.023722677075939714
PerplexDEW (ExtendedDH),isobar,1.01325,364.0429292929293,0.024872541517049082
PerplexDEW (ExtendedDH),isobar,1.01325,369.6010101010101,0.026049739360288843
PerplexDEW (ExtendedDH),isobar,1.01325,375.1590909090909,0.02725243265609125
PerplexDEW (ExtendedDH),isobar,1.01325,380.7171717171717,0.028478540342230546
PerplexDEW (ExtendedDH),isobar,1.01325,386.27525252525254,0.029725626883311523
PerplexDEW (ExtendedDH),isobar,1.01325,391.8333333333333,0.0309909586376467
PerplexDEW (ExtendedDH),isobar,1.01325,397.39141414141415,0.03227144595026031
PerplexDEW (ExtendedDH),isobar,1.01325,402.9494949494949,0.03356368555608467
PerplexDEW (ExtendedDH),isobar,1.01325,408.50757575757575,0.034863875410881186
PerplexDEW (ExtendedDH),isobar,1.01325,414.0656565656566,0.03616786314773522
PerplexDEW (ExtendedDH),isobar,1.01325,419.62373737373736,0.037471081539213164
PerplexDEW (ExtendedDH),isobar,1.01325,425.1818181818182,0.03876864549015112
PerplexDEW (ExtendedDH),isobar,1.01325,430.73989898989896,0.04005528245238193
PerplexDEW (ExtendedDH),isobar,1.01325,436.2979797979798,0.041325367358976385
PerplexDEW (ExtendedDH),isobar,1.01325,441.8560606060606,0.04257293479996107
PerplexDEW (ExtendedDH),isobar,1.01325,447.4141414141414,0.043791737105915336
PerplexDEW (ExtendedDH),isobar,1.01325,452.97222222222223,0.04497536387872554
PerplexDEW (ExtendedDH),isobar,1.01325,458.530303030303,0.04611717034530834
PerplexDEW (ExtendedDH),isobar,1.01325,464.08838383838383,0.04721059925982881
PerplexDEW (ExtendedDH),isobar,1.01325,469.64646464646466,0.04824899808239565
PerplexDEW (ExtendedDH),isobar,1.01325,475.20454545454544,0.04922614058483391
PerplexDEW (ExtendedDH),isobar,1.01325,480.76262626262627,0.05013606881645925
PerplexDEW (ExtendedDH),isobar,1.01325,486.32070707070704,0.0509734808167585
PerplexDEW (ExtendedDH),isobar,1.01325,491.8787878787879,0.0517338991940408
PerplexDEW (ExtendedDH),isobar,1.01325,497.43686868686865,0.052413903055867676
PerplexDEW (ExtendedDH),isobar,1.01325,502.9949494949495,0.05301156422777785
PerplexDEW (ExtendedDH),isobar,1.01325,508.5530303030303,0.0535261349131445
PerplexDEW (ExtendedDH),isobar,1.01325,514.1111111111111,0.053958639270865014
PerplexDEW (ExtendedDH),isobar,1.01325,519.6691919191919,0.05431212019635866
PerplexDEW (ExtendedDH),isobar,1.01325,525.2272727272727,0.054591063701901185
PerplexDEW (ExtendedDH),isobar,1.01325,530.7853535353536,0.05480172289958387
PerplexDEW (ExtendedDH),isobar,1.01325,536.3434343434344,0.054952006088405406
PerplexDEW (ExtendedDH),isobar,1.01325,541.9015151515151,0.05505034716288174
PerplexDEW (ExtendedDH),isobar,1.01325,547.459595959596,0.055106540565483614
PerplexDEW (ExtendedDH),isobar,1.01325,553.0176767676768,0.055130519859301945
PerplexDEW (ExtendedDH),isobar,1.01325,558.5757575757575,0.0551314829358971
PerplexDEW (ExtendedDH),isobar,1.01325,564.1338383838383,0.0551189146444998
PerplexDEW (ExtendedDH),isobar,1.01325,569.6919191919192,0.0551004939358207
PerplexDEW (ExtendedDH),isobar,1.01325,575.25,0.05508370694200429
PerplexDEW (ExtendedDH),isobar,1.25,344.0,0.021866455941498334
PerplexDEW (ExtendedDH),isobar,1.25,345.010101010101,0.02207580186550597
PerplexDEW (ExtendedDH),isobar,1.25,346.020202020202,0.022286476340896727
PerplexDEW (ExtendedDH),isobar,1.25,347.030303030303,0.022498478939754075
PerplexDEW (ExtendedDH),isobar,1.25,348.04040404040404,0.022711815910185514
PerplexDEW (ExtendedDH),isobar,1.25,349.050505050505,0.022926479879775197
PerplexDEW (ExtendedDH),isobar,1.25,350.06060606060606,0.023142469982532582
PerplexDEW (ExtendedDH),isobar,1.25,351.07070707070704,0.0233597852018056
PerplexDEW (ExtendedDH),isobar,1.25,352.0808080808081,0.02357842436837189
PerplexDEW (ExtendedDH),isobar,1.25,353.09090909090907,0.02379839340932787
PerplexDEW (ExtendedDH),isobar,1.25,354.1010101010101,0.02401967643156102
PerplexDEW (ExtendedDH),isobar,1.25,355.1111111111111,0.024242278959732095
PerplexDEW (ExtendedDH),isobar,1.25,356.1212121212121,0.024466206714544362
PerplexDEW (ExtendedDH),isobar,1.25,357.1313131313131,0.024691442787755116
PerplexDEW (ExtendedDH),isobar,1.25,358.14141414141415,0.024917992483374667
PerplexDEW (ExtendedDH),isobar,1.25,359.1515151515151,0.025145861306623694
PerplexDEW (ExtendedDH),isobar,1.25,360.16161616161617,0.025375031300339985
PerplexDEW (ExtendedDH),isobar,1.25,361.17171717171715,0.025605507538689634
PerplexDEW (ExtendedDH),isobar,1.25,362.1818181818182,0.02583728722101558
PerplexDEW (ExtendedDH),isobar,1.25,363.19191919191917,0.02607035919449174
PerplexDEW (ExtendedDH),isobar,1.25,364.2020202020202,0.026304736567816966
PerplexDEW (ExtendedDH),isobar,1.25,365.2121212121212,0.026540399556517102
PerplexDEW (ExtendedDH),isobar,1.25,366.22222222222223,0.02677735282866924
PerplexDEW (ExtendedDH),isobar,1.25,367.2323232323232,0.027015592692391475
PerplexDEW (ExtendedDH),isobar,1.25,368.24242424242425,0.027255106594419362
PerplexDEW (ExtendedDH),isobar,1.25,369.25252525252523,0.027495898946100134
PerplexDEW (ExtendedDH),isobar,1.25,370.26262626262627,0.027737965496237714
PerplexDEW (ExtendedDH),isobar,1.25,371.27272727272725,0.02798129281480179
PerplexDEW (ExtendedDH),isobar,1.25,372.2828282828283,0.028225885047704173
PerplexDEW (ExtendedDH),isobar,1.25,373.2929292929293,0.02847172816455823
PerplexDEW (ExtendedDH),isobar,1.25,374.3030303030303,0.02871882612856477
PerplexDEW (ExtendedDH),isobar,1.25,375.3131313131313,0.02896717371632074
PerplexDEW (ExtendedDH),isobar,1.25,376.32323232323233,0.029216755976098442
PerplexDEW (ExtendedDH),isobar,1.25,377.3333333333333,0.029467566951267923
PerplexDEW (ExtendedDH),isobar,1.25,378.34343434343435,0.029719600476003433
PerplexDEW (ExtendedDH),isobar,1.25,379.35353535353534,0.02997286990484462
PerplexDEW (ExtendedDH),isobar,1.25,380.3636363636364,0.030227339393212403
PerplexDEW (ExtendedDH),isobar,1.25,381.37373737373736,0.03048302198709043
PerplexDEW (ExtendedDH),isobar,1.25,382.3838383838384,0.030739900804941035
PerplexDEW (ExtendedDH),isobar,1.25,383.3939393939394,0.03099797894147348
PerplexDEW (ExtendedDH),isobar,1.25,384.4040404040404,0.03125722840087091
PerplexDEW (ExtendedDH),isobar,1.25,385.4141414141414,0.03151766228442203
PerplexDEW (ExtendedDH),isobar,1.25,386.42424242424244,0.03177927305157179
PerplexDEW (ExtendedDH),isobar,1.25,387.4343434343434,0.032042031320462114
PerplexDEW (ExtendedDH),isobar,1.25,388.44444444444446,0.032305950237737746
PerplexDEW (ExtendedDH),isobar,1.25,389.45454545454544,0.0325709994746588
PerplexDEW (ExtendedDH),isobar,1.25,390.4646464646465,0.0328372033910529
PerplexDEW (ExtendedDH),isobar,1.25,391.47474747474746,0.03310450845443127
PerplexDEW (ExtendedDH),isobar,1.25,392.4848484848485,0.03337295036824732
PerplexDEW (ExtendedDH),isobar,1.25,393.4949494949495,0.03364248568036596
PerplexDEW (ExtendedDH),isobar,1.25,394.5050505050505,0.033913115938771325
PerplexDEW (ExtendedDH),isobar,1.25,395.5151515151515,0.03418484296767729
PerplexDEW (ExtendedDH),isobar,1.25,396.52525252525254,0.03445763299734155
PerplexDEW (ExtendedDH),isobar,1.25,397.5353535353535,0.03473148723241796
PerplexDEW (ExtendedDH),isobar,1.25,398.54545454545456,0.03500640716251898
PerplexDEW (ExtendedDH),isobar,1.25,399.55555555555554,0.03528236984388926
PerplexDEW (ExtendedDH),isobar,1.25,400.5656565656566,0.03555935154111275
PerplexDEW (ExtendedDH),isobar,1.25,401.57575757575756,0.035837352992784656
PerplexDEW (ExtendedDH),isobar,1.25,402.5858585858586,0.036116375234721394
PerplexDEW (ExtendedDH),isobar,1.25,403.5959595959596,0.03639636793012521
PerplexDEW (ExtendedDH),isobar,1.25,404.6060606060606,0.03667737022292551
PerplexDEW (ExtendedDH),isobar,1.25,405.6161616161616,0.03695931763277694
PerplexDEW (ExtendedDH),isobar,1.25,406.62626262626264,0.03724224992063389
PerplexDEW (ExtendedDH),isobar,1.25,407.6363636363636,0.037526100937813237
PerplexDEW (ExtendedDH),isobar,1.25,408.64646464646466,0.03781089743314907
PerplexDEW (ExtendedDH),isobar,1.25,409.65656565656565,0.0380966124910857
PerplexDEW (ExtendedDH),isobar,1.25,410.6666666666667,0.038383218338975435
PerplexDEW (ExtendedDH),isobar,1.25,411.67676767676767,0.03867071451512178
PerplexDEW (ExtendedDH),isobar,1.25,412.6868686868687,0.03895908664567052
PerplexDEW (ExtendedDH),isobar,1.25,413.6969696969697,0.039248320085716784
PerplexDEW (ExtendedDH),isobar,1.25,414.7070707070707,0.039538399917889336
PerplexDEW (ExtendedDH),isobar,1.25,415.7171717171717,0.03982929624396091
PerplexDEW (ExtendedDH),isobar,1.25,416.72727272727275,0.040121007990072274
PerplexDEW (ExtendedDH),isobar,1.25,417.73737373737373,0.04041353443202649
PerplexDEW (ExtendedDH),isobar,1.25,418.74747474747477,0.04070681447692826
PerplexDEW (ExtendedDH),isobar,1.25,419.75757575757575,0.04100089223265765
PerplexDEW (ExtendedDH),isobar,1.25,420.7676767676768,0.041295690061280074
PerplexDEW (ExtendedDH),isobar,1.25,421.77777777777777,0.041591237127905835
PerplexDEW (ExtendedDH),isobar,1.25,422.7878787878788,0.04188750094030876
PerplexDEW (ExtendedDH),isobar,1.25,423.7979797979798,0.0421844480646838
PerplexDEW (ExtendedDH),isobar,1.25,424.80808080808083,0.04248207644948411
PerplexDEW (ExtendedDH),isobar,1.25,425.8181818181818,0.04278036808726901
PerplexDEW (ExtendedDH),isobar,1.25,426.82828282828285,0.043079304683554094
PerplexDEW (ExtendedDH),isobar,1.25,427.83838383838383,0.04337886765580916
PerplexDEW (ExtendedDH),isobar,1.25,428.8484848484849,0.043679038132541766
PerplexDEW (ExtendedDH),isobar,1.25,429.85858585858585,0.04397977992431038
PerplexDEW (ExtendedDH),isobar,1.25,430.8686868686869,0.044281090255380275
PerplexDEW (ExtendedDH),isobar,1.25,431.8787878787879,0.04458296675917553
PerplexDEW (ExtendedDH),isobar,1.25,432.8888888888889,0.04488537237167031
PerplexDEW (ExtendedDH),isobar,1.25,433.8989898989899,0.04518828676386107
PerplexDEW (ExtendedDH),isobar,1.25,434.90909090909093,0.04549168931304131
PerplexDEW (ExtendedDH),isobar,1.25,435.9191919191919,0.04579555910215494
PerplexDEW (ExtendedDH),isobar,1.25,436.92929292929296,0.04609987491920092
PerplexDEW (ExtendedDH),isobar,1.25,437.93939393939394,0.0464046152567092
PerplexDEW (ExtendedDH),isobar,1.25,438.949494949495,0.046709758311248385
PerplexDEW (ExtendedDH),isobar,1.25,439.95959595959596,0.04701528198299321
PerplexDEW (ExtendedDH),isobar,1.25,440.969696969697,0.04732116387533684
PerplexDEW (ExtendedDH),isobar,1.25,441.979797979798,0.04762741975276486
PerplexDEW (ExtendedDH),isobar,1.25,442.98989898989896,0.047933950092608535
PerplexDEW (ExtendedDH),isobar,1.25,444.0,0.04824080891302025
PerplexDEW (ExtendedDH),isobar,1.5,426.25,0.04619240522669667
PerplexDEW (ExtendedDH),isobar,1.5,426.4166666666667,0.046249923593721924
PerplexDEW (ExtendedDH),isobar,1.5,426.5833333333333,0.04630746645627472
PerplexDEW (ExtendedDH),isobar,1.5,426.75,0.04636505003989422
PerplexDEW (ExtendedDH),isobar,1.5,426.9166666666667,0.046422657958547824
PerplexDEW (ExtendedDH),isobar,1.5,427.0833333333333,0.04648032288402238
PerplexDEW (ExtendedDH),isobar,1.5,427.25,0.04653801203966493
PerplexDEW (ExtendedDH),isobar,1.5,427.4166666666667,0.046595741763121146
PerplexDEW (ExtendedDH),isobar,1.5,427.5833333333333,0.04665349555456224
PerplexDEW (ExtendedDH),isobar,1.5,427.75,0.046711306311559654
PerplexDEW (ExtendedDH),isobar,1.5,427.9166666666667,0.04676912449809793
PerplexDEW (ExtendedDH),isobar,1.5,428.0833333333333,0.0468269996003637
PerplexDEW (ExtendedDH),isobar,1.5,428.25,0.0468849150895563
PerplexDEW (ExtendedDH),isobar,1.5,428.4166666666667,0.04694285432275553
PerplexDEW (ExtendedDH),isobar,1.5,428.5833333333333,0.047000833835196765
PerplexDEW (ExtendedDH),isobar,1.5,428.75,0.047058853601351036
PerplexDEW (ExtendedDH),isobar,1.5,428.9166666666667,0.04711689689193452
PerplexDEW (ExtendedDH),isobar,1.5,429.0833333333333,0.047174980327412394
PerplexDEW (ExtendedDH),isobar,1.5,429.25,0.04723310388182363
PerplexDEW (ExtendedDH),isobar,1.5,429.4166666666667,0.047291267529083046
PerplexDEW (ExtendedDH),isobar,1.5,429.5833333333333,0.04734945442423907
PerplexDEW (ExtendedDH),isobar,1.5,429.75,0.047407681302005095
PerplexDEW (ExtendedDH),isobar,1.5,429.9166666666667,0.04746594813585067
PerplexDEW (ExtendedDH),isobar,1.5,430.0833333333333,0.04752425489913172
PerplexDEW (ExtendedDH),isobar,1.5,430.25,0.047582584630619616
PerplexDEW (ExtendedDH),isobar,1.5,430.4166666666667,0.04764095417986822
PerplexDEW (ExtendedDH),isobar,1.5,430.5833333333333,0.047699346527209724
PerplexDEW (ExtendedDH),isobar,1.5,430.75,0.047757795601501014
PerplexDEW (ExtendedDH),isobar,1.5,430.9166666666667,0.04781628441191969
PerplexDEW (ExtendedDH),isobar,1.5,431.0833333333333,0.04787479585100821
PerplexDEW (ExtendedDH),isobar,1.5,431.25,0.047933329803560666
PerplexDEW (ExtendedDH),isobar,1.5,431.4166666666667,0.04799190329253404
PerplexDEW (ExtendedDH),isobar,1.5,431.5833333333333,0.0480505334577504
PerplexDEW (ExtendedDH),isobar,1.5,431.75,0.048109168767652206
PerplexDEW (ExtendedDH),isobar,1.5,431.9166666666667,0.048167860697467244
PerplexDEW (ExtendedDH),isobar,1.5,432.0833333333333,0.04822659205105354
PerplexDEW (ExtendedDH),isobar,1.5,432.25,0.048285345514543325
PerplexDEW (ExtendedDH),isobar,1.5,432.4166666666667,0.0483441382858078
PerplexDEW (ExtendedDH),isobar,1.5,432.5833333333333,0.04840297033605665
PerplexDEW (ExtendedDH),isobar,1.5,432.75,0.048461806888306334
PerplexDEW (ExtendedDH),isobar,1.5,432.9166666666667,0.04852071735049034
PerplexDEW (ExtendedDH),isobar,1.5,433.0833333333333,0.048579632137904206
PerplexDEW (ExtendedDH),isobar,1.5,433.25,0.04863860343219395
PerplexDEW (ExtendedDH),isobar,1.5,433.4166666666667,0.04869761380021924
PerplexDEW (ExtendedDH),isobar,1.5,433.5833333333333,0.0487566456898689
PerplexDEW (ExtendedDH),isobar,1.5,433.75,0.04881571653435697
PerplexDEW (ExtendedDH),isobar,1.5,433.9166666666667,0.048874808721535955
PerplexDEW (ExtendedDH),isobar,1.5,434.0833333333333,0.04893393974379444
PerplexDEW (ExtendedDH),isobar,1.5,434.25,0.04899310957085736
PerplexDEW (ExtendedDH),isobar,1.5,434.4166666666667,0.04905231817234271
PerplexDEW (ExtendedDH),isobar,1.5,434.5833333333333,0.049111547815714106
PerplexDEW (ExtendedDH),isobar,1.5,434.75,0.04917081611228102
PerplexDEW (ExtendedDH),isobar,1.5,434.9166666666667,0.049230123031208044
PerplexDEW (ExtendedDH),isobar,1.5,435.0833333333333,0.04928946854152689
PerplexDEW (ExtendedDH),isobar,1.5,435.25,0.049348852612167704
PerplexDEW (ExtendedDH),isobar,1.5,435.4166666666667,0.04940825735922839
PerplexDEW (ExtendedDH),isobar,1.5,435.5833333333333,0.04946770054361165
PerplexDEW (ExtendedDH),isobar,1.5,435.75,0.04952716422051438
PerplexDEW (ExtendedDH),isobar,1.5,435.9166666666667,0.04958668415448408
PerplexDEW (ExtendedDH),isobar,1.5,436.0833333333333,0.04964624243078085
PerplexDEW (ExtendedDH),isobar,1.5,436.25,0.04970580300874883
PerplexDEW (ExtendedDH),isobar,1.5,436.4166666666667,0.04976541977819644
PerplexDEW (ExtendedDH),isobar,1.5,436.5833333333333,0.04982505666757759
PerplexDEW (ExtendedDH),isobar,1.5,436.75,0.04988474974469538
PerplexDEW (ExtendedDH),isobar,1.5,436.9166666666667,0.04994444468933557
PerplexDEW (ExtendedDH),isobar,1.5,437.0833333333333,0.050004195756437414
PerplexDEW (ExtendedDH),isobar,1.5,437.25,0.05006398481731571
PerplexDEW (ExtendedDH),isobar,1.5,437.4166666666667,0.050123793620616815
PerplexDEW (ExtendedDH),isobar,1.5,437.5833333333333,0.05018364029024555
PerplexDEW (ExtendedDH),isobar,1.5,437.75,0.05024350651299512
PerplexDEW (ExtendedDH),isobar,1.5,437.9166666666667,0.05030341047376645
PerplexDEW (ExtendedDH),isobar,1.5,438.0833333333333,0.050363370480548925
PerplexDEW (ExtendedDH),isobar,1.5,438.25,0.05042333147474677
PerplexDEW (ExtendedDH),isobar,1.5,438.4166666666667,0.050483348447350744
PerplexDEW (ExtendedDH),isobar,1.5,438.5833333333333,0.0505433845883271
PerplexDEW (ExtendedDH),isobar,1.5,438.75,0.050603458235978914
PerplexDEW (ExtendedDH),isobar,1.5,438.9166666666667,0.05066356935597122
PerplexDEW (ExtendedDH),isobar,1.5,439.0833333333333,0.05072369938624288
PerplexDEW (ExtendedDH),isobar,1.5,439.25,0.05078388531631797
PerplexDEW (ExtendedDH),isobar,1.5,439.4166666666667,0.050844090025059324
PerplexDEW (ExtendedDH),isobar,1.5,439.5833333333333,0.05090433200516401
PerplexDEW (ExtendedDH),isobar,1.5,439.75,0.05096459256916449
PerplexDEW (ExtendedDH),isobar,1.5,439.9166666666667,0.05102489027173563
PerplexDEW (ExtendedDH),isobar,1.5,440.0833333333333,0.051085243792547766
PerplexDEW (ExtendedDH),isobar,1.5,440.25,0.05114559695087306
PerplexDEW (ExtendedDH),isobar,1.5,440.4166666666667,0.05120600585631201
PerplexDEW (ExtendedDH),isobar,1.5,440.5833333333333,0.051266451758040225
PerplexDEW (ExtendedDH),isobar,1.5,440.75,0.05132689693847339
PerplexDEW (ExtendedDH),isobar,1.5,440.9166666666667,0.05138739778957577
PerplexDEW (ExtendedDH),isobar,1.5,441.0833333333333,0.05144793546577212
PerplexDEW (ExtendedDH),isobar,1.5,441.25,0.05150849099509648
PerplexDEW (ExtendedDH),isobar,1.5,441.4166666666667,0.05156908321338282
PerplexDEW (ExtendedDH),isobar,1.5,441.5833333333333,0.05162971208393757
PerplexDEW (ExtendedDH),isobar,1.5,441.75,0.051690377569949895
PerplexDEW (ExtendedDH),isobar,1.5,441.9166666666667,0.05175106057192012
PerplexDEW (ExtendedDH),isobar,1.5,442.0833333333333,0.05181178005170322
PerplexDEW (ExtendedDH),isobar,1.5,442.25,0.05187251684572508
PerplexDEW (ExtendedDH),isobar,1.5,442.4166666666667,0.051933309137222286
PerplexDEW (ExtendedDH),isobar,1.5,442.5833333333333,0.05199413779425935
PerplexDEW (ExtendedDH),isobar,1.5,442.75,0.05205498355704849
PerplexDEW (ExtendedDH),isobar,1.75,411.9,0.04364317272882434
PerplexDEW (ExtendedDH),isobar,1.75,412.14444444444445,0.043730587573563004
PerplexDEW (ExtendedDH),isobar,1.75,412.38888888888886,0.043818105125148735
PerplexDEW (ExtendedDH),isobar,1.75,412.6333333333333,0.043905739217292725
PerplexDEW (ExtendedDH),isobar,1.75,412.87777777777774,0.04399348986137965
PerplexDEW (ExtendedDH),isobar,1.75,413.1222222222222,0.04408134306430866
PerplexDEW (ExtendedDH),isobar,1.75,413.3666666666667,0.044169312767509475
PerplexDEW (ExtendedDH),isobar,1.75,413.6111111111111,0.04425738490353955
PerplexDEW (ExtendedDH),isobar,1.75,413.85555555555555,0.044345573485829175
PerplexDEW (ExtendedDH),isobar,1.75,414.09999999999997,0.04443387852333605
PerplexDEW (ExtendedDH),isobar,1.75,414.34444444444443,0.04452228583661349
PerplexDEW (ExtendedDH),isobar,1.75,414.58888888888885,0.044610809547795664
PerplexDEW (ExtendedDH),isobar,1.75,414.8333333333333,0.04469943540230144
PerplexDEW (ExtendedDH),isobar,1.75,415.0777777777778,0.044788177595029774
PerplexDEW (ExtendedDH),isobar,1.75,415.3222222222222,0.04487703613247897
PerplexDEW (ExtendedDH),isobar,1.75,415.56666666666666,0.04496599664688459
PerplexDEW (ExtendedDH),isobar,1.75,415.8111111111111,0.04505507344299534
PerplexDEW (ExtendedDH),isobar,1.75,416.05555555555554,0.045144252077107073
PerplexDEW (ExtendedDH),isobar,1.75,416.3,0.04523354692751189
PerplexDEW (ExtendedDH),isobar,1.75,416.5444444444444,0.04532295799823946
PerplexDEW (ExtendedDH),isobar,1.75,416.7888888888889,0.04541247073118737
PerplexDEW (ExtendedDH),isobar,1.75,417.0333333333333,0.045502099615670775
PerplexDEW (ExtendedDH),isobar,1.75,417.27777777777777,0.04559183001684854
PerplexDEW (ExtendedDH),isobar,1.75,417.5222222222222,0.04568167649836625
PerplexDEW (ExtendedDH),isobar,1.75,417.76666666666665,0.04577162434830687
PerplexDEW (ExtendedDH),isobar,1.75,418.0111111111111,0.04586168820496096
PerplexDEW (ExtendedDH),isobar,1.75,418.25555555555553,0.045951868068785984
PerplexDEW (ExtendedDH),isobar,1.75,418.5,0.046042163939836026
PerplexDEW (ExtendedDH),isobar,1.75,418.7444444444444,0.04613254608488877
PerplexDEW (ExtendedDH),isobar,1.75,418.9888888888889,0.04622305898710658
PerplexDEW (ExtendedDH),isobar,1.75,419.23333333333335,0.04631367287360141
PerplexDEW (ExtendedDH),isobar,1.75,419.47777777777776,0.04640440260871449
PerplexDEW (ExtendedDH),isobar,1.75,419.72222222222223,0.046495233169234415
PerplexDEW (ExtendedDH),isobar,1.75,419.96666666666664,0.04658617949541682
PerplexDEW (ExtendedDH),isobar,1.75,420.2111111111111,0.046677241583685046
PerplexDEW (ExtendedDH),isobar,1.75,420.4555555555555,0.046768404292778155
PerplexDEW (ExtendedDH),isobar,1.75,420.7,0.046859682677516244
PerplexDEW (ExtendedDH),isobar,1.75,420.94444444444446,0.04695106151745669
PerplexDEW (ExtendedDH),isobar,1.75,421.18888888888887,0.04704255594411807
PerplexDEW (ExtendedDH),isobar,1.75,421.43333333333334,0.04713415065752498
PerplexDEW (ExtendedDH),isobar,1.75,421.67777777777775,0.04722587619937635
PerplexDEW (ExtendedDH),isobar,1.75,421.9222222222222,0.047317686562967906
PerplexDEW (ExtendedDH),isobar,1.75,422.1666666666667,0.04740962774006235
PerplexDEW (ExtendedDH),isobar,1.75,422.4111111111111,0.04750166893775202
PerplexDEW (ExtendedDH),isobar,1.75,422.65555555555557,0.047593810028495706
PerplexDEW (ExtendedDH),isobar,1.75,422.9,0.04768608194600739
PerplexDEW (ExtendedDH),isobar,1.75,423.14444444444445,0.04777843808715847
PerplexDEW (ExtendedDH),isobar,1.75,423.3888888888889,0.04787092503488693
PerplexDEW (ExtendedDH),isobar,1.75,423.6333333333333,0.04796351159654315
PerplexDEW (ExtendedDH),isobar,1.75,423.8777777777778,0.048056197640718494
PerplexDEW (ExtendedDH),isobar,1.75,424.1222222222222,0.04814901449721892
PerplexDEW (ExtendedDH),isobar,1.75,424.3666666666667,0.04824193073161178
PerplexDEW (ExtendedDH),isobar,1.75,424.6111111111111,0.048334946210198515
PerplexDEW (ExtendedDH),isobar,1.75,424.85555555555555,0.048428076650399034
PerplexDEW (ExtendedDH),isobar,1.75,425.1,0.04852132203813397
PerplexDEW (ExtendedDH),isobar,1.75,425.34444444444443,0.048614666425746286
PerplexDEW (ExtendedDH),isobar,1.75,425.5888888888889,0.04870812565008556
PerplexDEW (ExtendedDH),isobar,1.75,425.8333333333333,0.048801699695506656
PerplexDEW (ExtendedDH),isobar,1.75,426.0777777777778,0.04889537249055095
PerplexDEW (ExtendedDH),isobar,1.75,426.32222222222225,0.048989159992242196
PerplexDEW (ExtendedDH),isobar,1.75,426.56666666666666,0.04908304604606386
PerplexDEW (ExtendedDH),isobar,1.75,426.81111111111113,0.049177046689494325
PerplexDEW (ExtendedDH),isobar,1.75,427.05555555555554,0.04927116190417236
PerplexDEW (ExtendedDH),isobar,1.75,427.3,0.049365375410509234
PerplexDEW (ExtendedDH),isobar,1.75,427.5444444444445,0.04945970336738619
PerplexDEW (ExtendedDH),isobar,1.75,427.7888888888889,0.04955412941131268
PerplexDEW (ExtendedDH),isobar,1.75,428.03333333333336,0.04964866978243715
PerplexDEW (ExtendedDH),isobar,1.75,428.27777777777777,0.04974332445967373
PerplexDEW (ExtendedDH),isobar,1.75,428.52222222222224,0.0498380934214862
PerplexDEW (ExtendedDH),isobar,1.75,428.76666666666665,0.04993294362574138
PerplexDEW (ExtendedDH),isobar,1.75,429.0111111111111,0.05002792445468389
PerplexDEW (ExtendedDH),isobar,1.75,429.2555555555556,0.05012300282301983
PerplexDEW (ExtendedDH),isobar,1.75,429.5,0.050218195216966535
PerplexDEW (ExtendedDH),isobar,1.75,429.74444444444447,0.05031348493426492
PerplexDEW (ExtendedDH),isobar,1.75,429.9888888888889,0.050408905263891635
PerplexDEW (ExtendedDH),isobar,1.75,430.23333333333335,0.05050440601994761
PerplexDEW (ExtendedDH),isobar,1.75,430.47777777777776,0.0506000205321674
PerplexDEW (ExtendedDH),isobar,1.75,430.72222222222223,0.05069574877391592
PerplexDEW (ExtendedDH),isobar,1.75,430.9666666666667,0.05079159071810006
PerplexDEW (ExtendedDH),isobar,1.75,431.2111111111111,0.05088752940481344
PerplexDEW (ExtendedDH),isobar,1.75,431.4555555555556,0.05098358165299911
PerplexDEW (ExtendedDH),isobar,1.75,431.7,0.05107974743392606
PerplexDEW (ExtendedDH),isobar,1.75,431.94444444444446,0.051176009657691306
PerplexDEW (ExtendedDH),isobar,1.75,432.1888888888889,0.051272368165766816
PerplexDEW (ExtendedDH),isobar,1.75,432.43333333333334,0.05136885709207771
PerplexDEW (ExtendedDH),isobar,1.75,432.6777777777778,0.05146544215522261
PerplexDEW (ExtendedDH),isobar,1.75,432.9222222222222,0.05156212319424083
PerplexDEW (ExtendedDH),isobar,1.75,433.1666666666667,0.05165893459995155
PerplexDEW (ExtendedDH),isobar,1.75,433.41111111111115,0.051755841830231034
PerplexDEW (ExtendedDH),isobar,1.75,433.65555555555557,0.05185284472167677
PerplexDEW (ExtendedDH),isobar,1.75,433.90000000000003,0.0519499605167293
PerplexDEW (ExtendedDH),isobar,1.75,434.14444444444445,0.0520471891809629
PerplexDEW (ExtendedDH),isobar,1.75,434.3888888888889,0.05214451318526931
PerplexDEW (ExtendedDH),isobar,1.75,434.6333333333333,0.05224194990085686
PerplexDEW (ExtendedDH),isobar,1.75,434.8777777777778,0.05233949929163044
PerplexDEW (ExtendedDH),isobar,1.75,435.12222222222226,0.05243714369505081
PerplexDEW (ExtendedDH),isobar,1.75,435.3666666666667,0.052534900611873325
PerplexDEW (ExtendedDH),isobar,1.75,435.61111111111114,0.05263277000432211
PerplexDEW (ExtendedDH),isobar,1.75,435.85555555555555,0.05273073407562944
PerplexDEW (ExtendedDH),isobar,1.75,436.1,0.05282881045687344
PerplexDEW (ExtendedDH),isobar,2.0,175.0,0.0030702871404595287
PerplexDEW (ExtendedDH),isobar,2.0,180.55555555555554,0.0033302352152354883
PerplexDEW (ExtendedDH),isobar,2.0,186.11111111111111,0.00360867424419309
PerplexDEW (ExtendedDH),isobar,2.0,191.66666666666666,0.003906619009903605
PerplexDEW (ExtendedDH),isobar,2.0,197.22222222222223,0.004225120068677521
PerplexDEW (ExtendedDH),isobar,2.0,202.77777777777777,0.004565262250680496
PerplexDEW (ExtendedDH),isobar,2.0,208.33333333333331,0.004928162668600108
PerplexDEW (ExtendedDH),isobar,2.0,213.88888888888889,0.005314974008790652
PerplexDEW (ExtendedDH),isobar,2.0,219.44444444444446,0.005726879807620553
PerplexDEW (ExtendedDH),isobar,2.0,225.0,0.006165095754382495
PerplexDEW (ExtendedDH),isobar,2.0,230.55555555555554,0.006630867544273732
PerplexDEW (ExtendedDH),isobar,2.0,236.11111111111111,0.00712547084469549
PerplexDEW (ExtendedDH),isobar,2.0,241.66666666666666,0.0076502093977589974
PerplexDEW (ExtendedDH),isobar,2.0,247.22222222222223,0.008206410877783352
PerplexDEW (ExtendedDH),isobar,2.0,252.77777777777777,0.008795429678165805
PerplexDEW (ExtendedDH),isobar,2.0,258.3333333333333,0.00941864093513621
PerplexDEW (ExtendedDH),isobar,2.0,263.8888888888889,0.010077440864246036
PerplexDEW (ExtendedDH),isobar,2.0,269.44444444444446,
PerplexDEW (ExtendedDH),isobar,2.0,275.0,
PerplexDEW (ExtendedDH),isobar,2.0,280.55555555555554,0.012281578126507469
PerplexDEW (ExtendedDH),isobar,2.0,286.1111111111111,0.013097001989681738
PerplexDEW (ExtendedDH),isobar,2.0,291.66666666666663,0.013955203119816635
PerplexDEW (ExtendedDH),isobar,2.0,297.22222222222223,0.014857635940278497
PerplexDEW (ExtendedDH),isobar,2.0,302.77777777777777,0.015805761824646603
PerplexDEW (ExtendedDH),isobar,2.0,308.3333333333333,0.01680102845736866
PerplexDEW (ExtendedDH),isobar,2.0,313.8888888888889,0.017844879488953077
PerplexDEW (ExtendedDH),isobar,2.0,319.44444444444446,0.018938745459529314
PerplexDEW (ExtendedDH),isobar,2.0,325.0,0.020084034385864116
PerplexDEW (ExtendedDH),isobar,2.0,330.55555555555554,0.021282141330899645
PerplexDEW (ExtendedDH),isobar,2.0,336.1111111111111,0.022534421473409717
PerplexDEW (ExtendedDH),isobar,2.0,341.66666666666663,0.023842204755028108
PerplexDEW (ExtendedDH),isobar,2.0,347.22222222222223,0.02520679029988841
PerplexDEW (ExtendedDH),isobar,2.0,352.77777777777777,0.02662942235265336
PerplexDEW (ExtendedDH),isobar,2.0,358.3333333333333,0.028111310176242445
PerplexDEW (ExtendedDH),isobar,2.0,363.8888888888889,0.029653603286295325
PerplexDEW (ExtendedDH),isobar,2.0,369.44444444444446,0.031257391838565414
PerplexDEW (ExtendedDH),isobar,2.0,375.0,0.03292370987299829
PerplexDEW (ExtendedDH),isobar,2.0,380.55555555555554,0.034653513000516764
PerplexDEW (ExtendedDH),isobar,2.0,386.1111111111111,0.03644770049460779
PerplexDEW (ExtendedDH),isobar,2.0,391.66666666666663,0.038307082940357486
PerplexDEW (ExtendedDH),isobar,2.0,397.22222222222223,0.04023237334591933
PerplexDEW (ExtendedDH),isobar,2.0,402.77777777777777,0.04222421493460089
PerplexDEW (ExtendedDH),isobar,2.0,408.3333333333333,0.04428316959004447
PerplexDEW (ExtendedDH),isobar,2.0,413.8888888888889,0.046409660699198135
PerplexDEW (ExtendedDH),isobar,2.0,419.44444444444446,0.048604059407113986
PerplexDEW (ExtendedDH),isobar,2.0,425.0,0.05086658651483674
PerplexDEW (ExtendedDH),isobar,2.0,430.55555555555554,0.053197377644915944
PerplexDEW (ExtendedDH),isobar,2.0,436.1111111111111,0.05559647020503803
PerplexDEW (ExtendedDH),isobar,2.0,441.66666666666663,0.05806374842727824
PerplexDEW (ExtendedDH),isobar,2.0,447.22222222222223,0.0605990279080862
PerplexDEW (ExtendedDH),isobar,2.0,452.77777777777777,0.0632019640993713
PerplexDEW (ExtendedDH),isobar,2.0,458.3333333333333,0.06587212639977669
PerplexDEW (ExtendedDH),isobar,2.0,463.88888888888886,0.06860896094551364
PerplexDEW (ExtendedDH),isobar,2.0,469.44444444444446,0.07141176454086269
PerplexDEW (ExtendedDH),isobar,2.0,475.0,0.07427978031285933
PerplexDEW (ExtendedDH),isobar,2.0,480.55555555555554,0.07721208105440693
PerplexDEW (ExtendedDH),isobar,2.0,486.1111111111111,0.08020764175989992
PerplexDEW (ExtendedDH),isobar,2.0,491.66666666666663,0.08326537760351947
PerplexDEW (ExtendedDH),isobar,2.0,497.22222222222223,0.08638403389980755
PerplexDEW (ExtendedDH),isobar,2.0,502.77777777777777,0.08956230649095615
PerplexDEW (ExtendedDH),isobar,2.0,508.3333333333333,0.09279879091946788
PerplexDEW (ExtendedDH),isobar,2.0,513.8888888888889,0.09609202349482414
PerplexDEW (ExtendedDH),isobar,2.0,519.4444444444445,0.09944037931536841
PerplexDEW (ExtendedDH),isobar,2.0,525.0,0.10284230259753976
PerplexDEW (ExtendedDH),isobar,2.0,530.5555555555555,0.10629609621026466
PerplexDEW (ExtendedDH),isobar,2.0,536.1111111111111,0.10979999905984042
PerplexDEW (ExtendedDH),isobar,2.0,541.6666666666666,0.11335233354108776
PerplexDEW (ExtendedDH),isobar,2.0,547.2222222222222,0.11695125397779169
PerplexDEW (ExtendedDH),isobar,2.0,552.7777777777778,0.12059502978498943
PerplexDEW (ExtendedDH),isobar,2.0,558.3333333333333,0.12428182319491184
PerplexDEW (ExtendedDH),isobar,2.0,563.8888888888889,0.12800984432153045
PerplexDEW (ExtendedDH),isobar,2.0,569.4444444444445,0.13177743231798153
PerplexDEW (ExtendedDH),isobar,2.0,575.0,0.1355827900569299
PerplexDEW (ExtendedDH),isobar,2.0,580.5555555555555,0.1394242747833896
PerplexDEW (ExtendedDH),isobar,2.0,586.1111111111111,0.14330043667857045
PerplexDEW (ExtendedDH),isobar,2.0,591.6666666666666,0.14720951237209134
PerplexDEW (ExtendedDH),isobar,2.0,597.2222222222222,0.15115014018334016
PerplexDEW (ExtendedDH),isobar,2.0,602.7777777777778,0.1551209985038359
PerplexDEW (ExtendedDH),isobar,2.0,608.3333333333333,0.1591208061933772
PerplexDEW (ExtendedDH),isobar,2.0,613.8888888888889,0.16314840202673342
PerplexDEW (ExtendedDH),isobar,2.0,619.4444444444445,0.16720259219312297
PerplexDEW (ExtendedDH),isobar,2.0,625.0,0.17128273661620208
PerplexDEW (ExtendedDH),isobar,2.0,630.5555555555555,0.17538776767970576
PerplexDEW (ExtendedDH),isobar,2.0,636.1111111111111,0.1795169260120709
PerplexDEW (ExtendedDH),isobar,2.0,641.6666666666666,0.18366980507524103
PerplexDEW (ExtendedDH),isobar,2.0,647.2222222222222,0.18784599911928337
PerplexDEW (ExtendedDH),isobar,2.0,652.7777777777778,0.19204487493431327
PerplexDEW (ExtendedDH),isobar,2.0,658.3333333333333,0.19626636638939896
PerplexDEW (ExtendedDH),isobar,2.0,663.8888888888889,0.20051017281946343
PerplexDEW (ExtendedDH),isobar,2.0,669.4444444444443,0.204776609960146
PerplexDEW (ExtendedDH),isobar,2.0,675.0,0.20906551419718294
PerplexDEW (ExtendedDH),isobar,2.0,680.5555555555555,0.21337711323726286
PerplexDEW (ExtendedDH),isobar,2.0,686.1111111111111,0.21771156905713
PerplexDEW (ExtendedDH),isobar,2.0,691.6666666666666,0.22206920610065328
PerplexDEW (ExtendedDH),isobar,2.0,697.2222222222222,0.2264507868966016
PerplexDEW (ExtendedDH),isobar,2.0,702.7777777777777,0.2308561768875042
PerplexDEW (ExtendedDH),isobar,2.0,708.3333333333333,0.2352864653394563
PerplexDEW (ExtendedDH),isobar,2.0,713.8888888888889,0.23974208319235626
PerplexDEW (ExtendedDH),isobar,2.0,719.4444444444445,0.24422358785921977
PerplexDEW (ExtendedDH),isobar,2.0,725.0,0.24873166757339074
PerplexDEW (ExtendedDH),isobar,4.35,592.5,0.23867817468007863
PerplexDEW (ExtendedDH),isobar,4.35,594.1666666666666,0.2412410585441658
PerplexDEW (ExtendedDH),isobar,4.35,595.8333333333334,0.24382283340627414
PerplexDEW (ExtendedDH),isobar,4.35,597.5,0.24642365467346397
PerplexDEW (ExtendedDH),isobar,4.35,599.1666666666666,0.2490434711688744
PerplexDEW (ExtendedDH),isobar,4.35,600.8333333333334,0.2516824043536653
PerplexDEW (ExtendedDH),isobar,4.35,602.5,0.25434050665682106
PerplexDEW (ExtendedDH),isobar,4.35,604.1666666666666,0.25701783014937285
PerplexDEW (ExtendedDH),isobar,4.35,605.8333333333334,0.25971442655069793
PerplexDEW (ExtendedDH),isobar,4.35,607.5,0.26243034723496156
PerplexDEW (ExtendedDH),isobar,4.35,609.1666666666666,0.2651656432377519
PerplexDEW (ExtendedDH),isobar,4.35,610.8333333333334,0.2679203652630992
PerplexDEW (ExtendedDH),isobar,4.35,612.5,0.27069460274722107
PerplexDEW (ExtendedDH),isobar,4.35,614.1666666666666,0.2734883676957655
PerplexDEW (ExtendedDH),isobar,4.35,615.8333333333334,0.27630174993909384
PerplexDEW (ExtendedDH),isobar,4.35,617.5,0.27913480047556993
PerplexDEW (ExtendedDH),isobar,4.35,619.1666666666666,0.28198752895514917
PerplexDEW (ExtendedDH),isobar,4.35,620.8333333333334,0.28486010912366855
PerplexDEW (ExtendedDH),isobar,4.35,622.5,0.2877524258267061
PerplexDEW (ExtendedDH),isobar,4.35,624.1666666666666,0.2906646538951315
PerplexDEW (ExtendedDH),isobar,4.35,625.8333333333334,0.2935968015035558
PerplexDEW (ExtendedDH),isobar,4.35,627.5,0.2965489619652822
PerplexDEW (ExtendedDH),isobar,4.35,629.1666666666666,0.2995211862882066
PerplexDEW (ExtendedDH),isobar,4.35,630.8333333333334,0.302513480472405
PerplexDEW (ExtendedDH),isobar,4.35,632.5,0.3055259389442552
PerplexDEW (ExtendedDH),isobar,4.35,634.1666666666666,0.3085586122464471
PerplexDEW (ExtendedDH),isobar,4.35,635.8333333333334,0.31161155079493597
PerplexDEW (ExtendedDH),isobar,4.35,637.5,0.3146848048908057
PerplexDEW (ExtendedDH),isobar,4.35,639.1666666666666,0.31777842473228657
PerplexDEW (ExtendedDH),isobar,4.35,640.8333333333334,0.3208925087173
PerplexDEW (ExtendedDH),isobar,4.35,642.5,0.32402705977428037
PerplexDEW (ExtendedDH),isobar,4.35,644.1666666666666,0.32718212788598183
PerplexDEW (ExtendedDH),isobar,4.35,645.8333333333334,0.33035781307470663
PerplexDEW (ExtendedDH),isobar,4.35,647.5,0.3335541670706152
PerplexDEW (ExtendedDH),isobar,4.35,649.1666666666666,0.33677124161591504
PerplexDEW (ExtendedDH),isobar,4.35,650.8333333333334,0.3400090884792198
PerplexDEW (ExtendedDH),isobar,4.35,652.5,0.3432677068907959
PerplexDEW (ExtendedDH),isobar,4.35,654.1666666666666,0.3465472532369047
PerplexDEW (ExtendedDH),isobar,4.35,655.8333333333334,0.3498477813668676
PerplexDEW (ExtendedDH),isobar,4.35,657.5,0.35316923623121177
PerplexDEW (ExtendedDH),isobar,4.35,659.1666666666666,0.3565117783398308
PerplexDEW (ExtendedDH),isobar,4.35,660.8333333333334,0.3598754619254559
PerplexDEW (ExtendedDH),isobar,4.35,662.5,0.3632602283875435
PerplexDEW (ExtendedDH),isobar,4.35,664.1666666666666,0.3666663569811657
PerplexDEW (ExtendedDH),isobar,4.35,665.8333333333334,0.3700936751151098
PerplexDEW (ExtendedDH),isobar,4.35,667.5,0.37354240933844746
PerplexDEW (ExtendedDH),isobar,4.35,669.1666666666666,0.377012557720118
PerplexDEW (ExtendedDH),isobar,4.35,670.8333333333334,0.3805041158111942
PerplexDEW (ExtendedDH),isobar,4.35,672.5,0.3840173192727613
PerplexDEW (ExtendedDH),isobar,4.35,674.1666666666666,0.38755204431332596
PerplexDEW (ExtendedDH),isobar,4.35,675.8333333333334,0.3911084072880658
PerplexDEW (ExtendedDH),isobar,4.35,677.5,0.394686590625036
PerplexDEW (ExtendedDH),isobar,4.35,679.1666666666666,0.3982865286721142
PerplexDEW (ExtendedDH),isobar,4.35,680.8333333333334,0.40190827892689246
PerplexDEW (ExtendedDH),isobar,4.35,682.5,0.40555202946648056
PerplexDEW (ExtendedDH),isobar,4.35,684.1666666666666,0.4092176455973057
PerplexDEW (ExtendedDH),isobar,4.35,685.8333333333334,0.4129053836678948
PerplexDEW (ExtendedDH),isobar,4.35,687.5,0.41661524014631585
PerplexDEW (ExtendedDH),isobar,4.35,689.1666666666666,0.4203472771127036
PerplexDEW (ExtendedDH),isobar,4.35,690.8333333333334,0.4241015571860193
PerplexDEW (ExtendedDH),isobar,4.35,692.5,0.42787814354543663
PerplexDEW (ExtendedDH),isobar,4.35,694.1666666666666,0.43167717055534865
PerplexDEW (ExtendedDH),isobar,4.35,695.8333333333334,0.4354987050374151
PerplexDEW (ExtendedDH),isobar,4.35,697.5,0.43934266998805355
PerplexDEW (ExtendedDH),isobar,4.35,699.1666666666666,0.44320927475908184
PerplexDEW (ExtendedDH),isobar,4.35,700.8333333333334,0.4470985882156916
PerplexDEW (ExtendedDH),isobar,4.35,702.5,0.4510106799670546
PerplexDEW (ExtendedDH),isobar,4.35,704.1666666666666,0.45494562038984065
PerplexDEW (ExtendedDH),isobar,4.35,705.8333333333334,0.45890332762245073
PerplexDEW (ExtendedDH),isobar,4.35,707.5,0.4628841779496617
PerplexDEW (ExtendedDH),isobar,4.35,709.1666666666666,0.46688801462294754
PerplexDEW (ExtendedDH),isobar,4.35,710.8333333333334,0.4709149878170545
PerplexDEW (ExtendedDH),isobar,4.35,712.5,0.47496525216567137
PerplexDEW (ExtendedDH),isobar,4.35,714.1666666666666,0.47903880487521966
PerplexDEW (ExtendedDH),isobar,4.35,715.8333333333334,0.48313572237254104
PerplexDEW (ExtendedDH),isobar,4.35,717.5,0.4872560820478605
PerplexDEW (ExtendedDH),isobar,4.35,719.1666666666666,0.49140012989081516
PerplexDEW (ExtendedDH),isobar,4.35,720.8333333333334,0.49556761198079774
PerplexDEW (ExtendedDH),isobar,4.35,722.5,0.4997589459193568
PerplexDEW (ExtendedDH),isobar,4.35,724.1666666666667,0.5039742190477834
PerplexDEW (ExtendedDH),isobar,4.35,725.8333333333334,0.5082132568773268
PerplexDEW (ExtendedDH),isobar,4.35,727.5,0.5124763176060093
PerplexDEW (ExtendedDH),isobar,4.35,729.1666666666667,0.5167634891923906
PerplexDEW (ExtendedDH),isobar,4.35,730.8333333333334,0.5210748608295972
PerplexDEW (ExtendedDH),isobar,4.35,732.5,0.5254105229733397
PerplexDEW (ExtendedDH),isobar,4.35,734.1666666666667,0.5297705673697916
PerplexDEW (ExtendedDH),isobar,4.35,735.8333333333334,0.5341550870839362
PerplexDEW (ExtendedDH),isobar,4.35,737.5,0.5385641765278287
PerplexDEW (ExtendedDH),isobar,4.35,739.1666666666667,0.542998027421019
PerplexDEW (ExtendedDH),isobar,4.35,740.8333333333334,0.5474565461732815
PerplexDEW (ExtendedDH),isobar,4.35,742.5,0.5519400243773113
PerplexDEW (ExtendedDH),isobar,4.35,744.1666666666667,0.5564485654330078
PerplexDEW (ExtendedDH),isobar,4.35,745.8333333333334,0.5609821739781219
PerplexDEW (ExtendedDH),isobar,4.35,747.5,0.5655410546372258
PerplexDEW (ExtendedDH),isobar,4.35,749.1666666666667,0.570125212961953
PerplexDEW (ExtendedDH),isobar,4.35,750.8333333333334,0.5747347552947384
PerplexDEW (ExtendedDH),isobar,4.35,752.5,0.5793698944982092
PerplexDEW (ExtendedDH),isobar,4.35,754.1666666666667,0.5840307436996592
PerplexDEW (ExtendedDH),isobar,4.35,755.8333333333334,0.5887174177752599
PerplexDEW (ExtendedDH),isobar,4.35,757.5,0.5934299249043594
PerplexDEW (ExtendedDH),isobar,5.0,485.0,0.1167226407838033
PerplexDEW (ExtendedDH),isobar,5.0,488.3333333333333,0.11989706137121013
PerplexDEW (ExtendedDH),isobar,5.0,491.6666666666667,0.12313623730846072
PerplexDEW (ExtendedDH),isobar,5.0,495.0,0.1264409192736162
PerplexDEW (ExtendedDH),isobar,5.0,498.3333333333333,0.12981187006332864
PerplexDEW (ExtendedDH),isobar,5.0,501.6666666666667,0.13324982084095746
PerplexDEW (ExtendedDH),isobar,5.0,505.0,0.13675551379087192
PerplexDEW (ExtendedDH),isobar,5.0,508.3333333333333,0.14032968805841964
PerplexDEW (ExtendedDH),isobar,5.0,511.6666666666667,0.14397309642548495
PerplexDEW (ExtendedDH),isobar,5.0,515.0,0.14768645599484806
PerplexDEW (ExtendedDH),isobar,5.0,518.3333333333334,0.1514704964158565
PerplexDEW (ExtendedDH),isobar,5.0,521.6666666666666,0.15532592576101584
PerplexDEW (ExtendedDH),isobar,5.0,525.0,0.1592535031913257
PerplexDEW (ExtendedDH),isobar,5.0,528.3333333333334,0.16325393072233416
PerplexDEW (ExtendedDH),isobar,5.0,531.6666666666666,0.1673279248612735
PerplexDEW (ExtendedDH),isobar,5.0,535.0,0.1714761782979491
PerplexDEW (ExtendedDH),isobar,5.0,538.3333333333334,0.17569942043772202
PerplexDEW (ExtendedDH),isobar,5.0,541.6666666666666,0.1799983581317726
PerplexDEW (ExtendedDH),isobar,5.0,545.0,0.18437367277487596
PerplexDEW (ExtendedDH),isobar,5.0,548.3333333333334,0.1888260632778639
PerplexDEW (ExtendedDH),isobar,5.0,551.6666666666666,0.19335624931956272
PerplexDEW (ExtendedDH),isobar,5.0,555.0,0.1979649017641858
PerplexDEW (ExtendedDH),isobar,5.0,558.3333333333334,0.20265271126181633
PerplexDEW (ExtendedDH),isobar,5.0,561.6666666666666,0.20742036604468148
PerplexDEW (ExtendedDH),isobar,5.0,565.0,0.21226852567925622
PerplexDEW (ExtendedDH),isobar,5.0,568.3333333333334,0.2171978992260529
PerplexDEW (ExtendedDH),isobar,5.0,571.6666666666666,0.22220916900061288
PerplexDEW (ExtendedDH),isobar,5.0,575.0,0.22730295848650436
PerplexDEW (ExtendedDH),isobar,5.0,578.3333333333334,0.23248000178764333
PerplexDEW (ExtendedDH),isobar,5.0,581.6666666666666,0.237740917279584
PerplexDEW (ExtendedDH),isobar,5.0,585.0,0.2430864408741953
PerplexDEW (ExtendedDH),isobar,5.0,588.3333333333334,0.24851715524114887
PerplexDEW (ExtendedDH),isobar,5.0,591.6666666666666,0.25403379728507236
PerplexDEW (ExtendedDH),isobar,5.0,595.0,0.25963701046089865
PerplexDEW (ExtendedDH),isobar,5.0,598.3333333333334,0.26532747054054195
PerplexDEW (ExtendedDH),isobar,5.0,601.6666666666666,0.2711058550248667
PerplexDEW (ExtendedDH),isobar,5.0,605.0,0.27697277087511907
PerplexDEW (ExtendedDH),isobar,5.0,608.3333333333334,0.28292896978649196
PerplexDEW (ExtendedDH),isobar,5.0,611.6666666666666,0.2889750611473751
PerplexDEW (ExtendedDH),isobar,5.0,615.0,0.29511176857269583
PerplexDEW (ExtendedDH),isobar,5.0,618.3333333333334,0.301339784015783
PerplexDEW (ExtendedDH),isobar,5.0,621.6666666666667,0.30765972216092796
PerplexDEW (ExtendedDH),isobar,5.0,625.0,0.31407232281359226
PerplexDEW (ExtendedDH),isobar,5.0,628.3333333333334,0.3205782498810796
PerplexDEW (ExtendedDH),isobar,5.0,631.6666666666667,0.32717825990574567
PerplexDEW (ExtendedDH),isobar,5.0,635.0,0.33387298525391657
PerplexDEW (ExtendedDH),isobar,5.0,638.3333333333334,0.3406631525241949
PerplexDEW (ExtendedDH),isobar,5.0,641.6666666666667,0.34754949864497703
PerplexDEW (ExtendedDH),isobar,5.0,645.0,0.3545327718922576
PerplexDEW (ExtendedDH),isobar,5.0,648.3333333333334,0.3616137329529167
PerplexDEW (ExtendedDH),isobar,5.0,651.6666666666667,0.3687930525377911
PerplexDEW (ExtendedDH),isobar,5.0,655.0,0.37607156489306337
PerplexDEW (ExtendedDH),isobar,5.0,658.3333333333334,0.38345001638072307
PerplexDEW (ExtendedDH),isobar,5.0,661.6666666666667,0.39092922066378766
PerplexDEW (ExtendedDH),isobar,5.0,665.0,0.39851000950220583
PerplexDEW (ExtendedDH),isobar,5.0,668.3333333333334,0.40619311727311763
PerplexDEW (ExtendedDH),isobar,5.0,671.6666666666667,0.4139794075016209
PerplexDEW (ExtendedDH),isobar,5.0,675.0,0.42186982691748387
PerplexDEW (ExtendedDH),isobar,5.0,678.3333333333334,0.4298652260651113
PerplexDEW (ExtendedDH),isobar,5.0,681.6666666666667,0.4379664103178633
PerplexDEW (ExtendedDH),isobar,5.0,685.0,0.44617439670911047
PerplexDEW (ExtendedDH),isobar,5.0,688.3333333333334,0.45449016901291595
PerplexDEW (ExtendedDH),isobar,5.0,691.6666666666667,0.4629146027163923
PerplexDEW (ExtendedDH),isobar,5.0,695.0,0.47144873293882394
PerplexDEW (ExtendedDH),isobar,5.0,698.3333333333334,0.48009370003957885
PerplexDEW (ExtendedDH),isobar,5.0,701.6666666666667,0.4888503897888026
PerplexDEW (ExtendedDH),isobar,5.0,705.0,0.4977200070722082
PerplexDEW (ExtendedDH),isobar,5.0,708.3333333333334,0.5067036469802039
PerplexDEW (ExtendedDH),isobar,5.0,711.6666666666667,0.515802517247015
PerplexDEW (ExtendedDH),isobar,5.0,715.0,0.5250177866867284
PerplexDEW (ExtendedDH),isobar,5.0,718.3333333333334,0.5343506610251321
PerplexDEW (ExtendedDH),isobar,5.0,721.6666666666667,0.5438024699439926
PerplexDEW (ExtendedDH),isobar,5.0,725.0,0.553374591763468
PerplexDEW (ExtendedDH),isobar,5.0,728.3333333333334,0.5630682772201213
PerplexDEW (ExtendedDH),isobar,5.0,731.6666666666667,0.5728849964728289
PerplexDEW (ExtendedDH),isobar,5.0,735.0,0.5828262750790223
PerplexDEW (ExtendedDH),isobar,5.0,738.3333333333334,0.5928936008037157
PerplexDEW (ExtendedDH),isobar,5.0,741.6666666666667,0.6030885130063832
PerplexDEW (ExtendedDH),isobar,5.0,745.0,0.6134126048383816
PerplexDEW (ExtendedDH),isobar,5.0,748.3333333333334,0.6238677309155749
PerplexDEW (ExtendedDH),isobar,5.0,751.6666666666667,0.6344554030554149
PerplexDEW (ExtendedDH),isobar,5.0,755.0,0.6451777127213504
PerplexDEW (ExtendedDH),isobar,5.0,758.3333333333334,0.6560362941882956
PerplexDEW (ExtendedDH),isobar,5.0,761.6666666666667,0.6670332787014599
PerplexDEW (ExtendedDH),isobar,5.0,765.0,0.6781705410157823
PerplexDEW (ExtendedDH),isobar,5.0,768.3333333333334,0.689450135003846
PerplexDEW (ExtendedDH),isobar,5.0,771.6666666666667,0.7008745518142969
PerplexDEW (ExtendedDH),isobar,5.0,775.0,0.7124456505652371
PerplexDEW (ExtendedDH),isobar,5.0,778.3333333333334,0.7241659702727897
PerplexDEW (ExtendedDH),isobar,5.0,781.6666666666667,0.7360378969292029
PerplexDEW (ExtendedDH),isobar,5.0,785.0,0.7480637698091908
PerplexDEW (ExtendedDH),isobar,5.0,788.3333333333334,0.7602465498875386
PerplexDEW (ExtendedDH),isobar,5.0,791.6666666666667,0.7725884920823061
PerplexDEW (ExtendedDH),isobar,5.0,795.0,0.7850927651924829
PerplexDEW (ExtendedDH),isobar,5.0,798.3333333333334,0.7977619456839637
PerplexDEW (ExtendedDH),isobar,5.0,801.6666666666667,0.8105992847929147
PerplexDEW (ExtendedDH),isobar,5.0,805.0,0.8236077073829198
PerplexDEW (ExtendedDH),isobar,5.0,808.3333333333334,0.8367905482717457
PerplexDEW (ExtendedDH),isobar,5.0,811.6666666666667,0.8501509479347584
PerplexDEW (ExtendedDH),isobar,5.0,815.0,0.8636924788866972
PerplexDEW (ExtendedDH),isobar,6.5,750.0,0.7409108967558597
PerplexDEW (ExtendedDH),isobar,6.5,751.010101010101,0.7449683847152413
PerplexDEW (ExtendedDH),isobar,6.5,752.020202020202,0.7490449591297704
PerplexDEW (ExtendedDH),isobar,6.5,753.030303030303,0.7531407451843014
PerplexDEW (ExtendedDH),isobar,6.5,754.040404040404,0.7572558696911387
PerplexDEW (ExtendedDH),isobar,6.5,755.0505050505051,0.7613904611118913
PerplexDEW (ExtendedDH),isobar,6.5,756.060606060606,0.7655447594240246
PerplexDEW (ExtendedDH),isobar,6.5,757.070707070707,0.769718677618347
PerplexDEW (ExtendedDH),isobar,6.5,758.0808080808081,0.7739125697955036
PerplexDEW (ExtendedDH),isobar,6.5,759.0909090909091,0.7781264614165181
PerplexDEW (ExtendedDH),isobar,6.5,760.10101010101,0.782360489549081
PerplexDEW (ExtendedDH),isobar,6.5,761.1111111111111,0.7866149072363872
PerplexDEW (ExtendedDH),isobar,6.5,762.1212121212121,0.7908896276538905
PerplexDEW (ExtendedDH),isobar,6.5,763.1313131313132,0.795185022586509
PerplexDEW (ExtendedDH),isobar,6.5,764.1414141414141,0.7995011222205498
PerplexDEW (ExtendedDH),isobar,6.5,765.1515151515151,0.8038380728132758
PerplexDEW (ExtendedDH),isobar,6.5,766.1616161616162,0.80819602252735
PerplexDEW (ExtendedDH),isobar,6.5,767.1717171717172,0.8125752411350703
PerplexDEW (ExtendedDH),isobar,6.5,768.1818181818181,0.8169757628952607
PerplexDEW (ExtendedDH),isobar,6.5,769.1919191919192,0.821397741862532
PerplexDEW (ExtendedDH),isobar,6.5,770.2020202020202,0.8258413340970118
PerplexDEW (ExtendedDH),isobar,6.5,771.2121212121212,0.8303068212075748
PerplexDEW (ExtendedDH),isobar,6.5,772.2222222222222,0.8347942417909283
PerplexDEW (ExtendedDH),isobar,6.5,773.2323232323232,0.8393037581078315
PerplexDEW (ExtendedDH),isobar,6.5,774.2424242424242,0.8438355345288704
PerplexDEW (ExtendedDH),isobar,6.5,775.2525252525253,0.8483898650678419
PerplexDEW (ExtendedDH),isobar,6.5,776.2626262626262,0.8529667929331214
PerplexDEW (ExtendedDH),isobar,6.5,777.2727272727273,0.8575664890168017
PerplexDEW (ExtendedDH),isobar,6.5,778.2828282828283,0.862189126429493
PerplexDEW (ExtendedDH),isobar,6.5,779.2929292929293,0.866835012182828
PerplexDEW (ExtendedDH),isobar,6.5,780.3030303030303,0.8715041943793704
PerplexDEW (ExtendedDH),isobar,6.5,781.3131313131313,0.8761968529845332
PerplexDEW (ExtendedDH),isobar,6.5,782.3232323232323,0.8809133051712962
PerplexDEW (ExtendedDH),isobar,6.5,783.3333333333334,0.8856534669396762
PerplexDEW (ExtendedDH),isobar,6.5,784.3434343434343,0.8904179332841321
PerplexDEW (ExtendedDH),isobar,6.5,785.3535353535353,0.8952064857877526
PerplexDEW (ExtendedDH),isobar,6.5,786.3636363636364,0.900019591694491
PerplexDEW (ExtendedDH),isobar,6.5,787.3737373737374,0.9048573083855137
PerplexDEW (ExtendedDH),isobar,6.5,788.3838383838383,0.909719832829465
PerplexDEW (ExtendedDH),isobar,6.5,789.3939393939394,0.9146075073177983
PerplexDEW (ExtendedDH),isobar,6.5,790.4040404040404,0.9195203934982268
PerplexDEW (ExtendedDH),isobar,6.5,791.4141414141415,0.9244588412351643
PerplexDEW (ExtendedDH),isobar,6.5,792.4242424242424,0.9294227687809714
PerplexDEW (ExtendedDH),isobar,6.5,793.4343434343434,0.9344126776724877
PerplexDEW (ExtendedDH),isobar,6.5,794.4444444444445,0.9394287842985756
PerplexDEW (ExtendedDH),isobar,6.5,795.4545454545455,0.9444710077953513
PerplexDEW (ExtendedDH),isobar,6.5,796.4646464646464,0.9495400165279746
PerplexDEW (ExtendedDH),isobar,6.5,797.4747474747475,0.9546355814810814
PerplexDEW (ExtendedDH),isobar,6.5,798.4848484848485,0.9597582304106693
PerplexDEW (ExtendedDH),isobar,6.5,799.4949494949495,0.9649080388373215
PerplexDEW (ExtendedDH),isobar,6.5,800.5050505050505,0.9700852364591703
PerplexDEW (ExtendedDH),isobar,6.5,801.5151515151515,0.9752902136496451
PerplexDEW (ExtendedDH),isobar,6.5,802.5252525252525,0.980523050923628
PerplexDEW (ExtendedDH),isobar,6.5,803.5353535353536,0.985784147343819
PerplexDEW (ExtendedDH),isobar,6.5,804.5454545454545,0.9910735868747612
PerplexDEW (ExtendedDH),isobar,6.5,805.5555555555555,0.9963916142969305
PerplexDEW (ExtendedDH),isobar,6.5,806.5656565656566,1.0017386420619538
PerplexDEW (ExtendedDH),isobar,6.5,807.5757575757576,1.007114759448942
PerplexDEW (ExtendedDH),isobar,6.5,808.5858585858585,1.01252038810749
PerplexDEW (ExtendedDH),isobar,6.5,809.5959595959596,1.017955620984491
PerplexDEW (ExtendedDH),isobar,6.5,810.6060606060606,1.0234207188447182
PerplexDEW (ExtendedDH),isobar,6.5,811.6161616161617,1.0289161175085841
PerplexDEW (ExtendedDH),isobar,6.5,812.6262626262626,1.0344419155676865
PerplexDEW (ExtendedDH),isobar,6.5,813.6363636363636,1.0399983838179143
PerplexDEW (ExtendedDH),isobar,6.5,814.6464646464647,1.0455859727387653
PerplexDEW (ExtendedDH),isobar,6.5,815.6565656565657,1.0512049645871264
PerplexDEW (ExtendedDH),isobar,6.5,816.6666666666666,1.0568552864569007
PerplexDEW (ExtendedDH),isobar,6.5,817.6767676767677,1.0625375802708878
PerplexDEW (ExtendedDH),isobar,6.5,818.6868686868687,1.0682521390581434
PerplexDEW (ExtendedDH),isobar,6.5,819.6969696969697,1.0739990754096977
PerplexDEW (ExtendedDH),isobar,6.5,820.7070707070707,1.079778684932844
PerplexDEW (ExtendedDH),isobar,6.5,821.7171717171717,1.085591454337176
PerplexDEW (ExtendedDH),isobar,6.5,822.7272727272727,1.091437502546888
PerplexDEW (ExtendedDH),isobar,6.5,823.7373737373738,1.0973173271653835
PerplexDEW (ExtendedDH),isobar,6.5,824.7474747474747,1.1032310514763526
PerplexDEW (ExtendedDH),isobar,6.5,825.7575757575758,1.1091791842242522
PerplexDEW (ExtendedDH),isobar,6.5,826.7676767676768,1.1151616572165943
PerplexDEW (ExtendedDH),isobar,6.5,827.7777777777778,1.1211793806944783
PerplexDEW (ExtendedDH),isobar,6.5,828.7878787878788,1.1272322927608711
PerplexDEW (ExtendedDH),isobar,6.5,829.7979797979798,1.133320723925147
PerplexDEW (ExtendedDH),isobar,6.5,830.8080808080808,1.1394452118688947
PerplexDEW (ExtendedDH),isobar,6.5,831.8181818181819,1.1456058958700774
PerplexDEW (ExtendedDH),isobar,6.5,832.8282828282828,1.1518033256572153
PerplexDEW (ExtendedDH),isobar,6.5,833.8383838383838,1.1580376453093288
PerplexDEW (ExtendedDH),isobar,6.5,834.8484848484849,1.164309206259247
PerplexDEW (ExtendedDH),isobar,6.5,835.8585858585859,1.1706185767829012
PerplexDEW (ExtendedDH),isobar,6.5,836.8686868686868,1.1769661228188515
PerplexDEW (ExtendedDH),isobar,6.5,837.8787878787879,1.1833519983515592
PerplexDEW (ExtendedDH),isobar,6.5,838.8888888888889,1.1897765724176774
PerplexDEW (ExtendedDH),isobar,6.5,839.89898989899,1.196240439049255
PerplexDEW (ExtendedDH),isobar,6.5,840.9090909090909,1.2027437598927357
PerplexDEW (ExtendedDH),isobar,6.5,841.9191919191919,1.2092871422929177
PerplexDEW (ExtendedDH),isobar,6.5,842.929292929293,1.215870753156384
PerplexDEW (ExtendedDH),isobar,6.5,843.939393939394,1.2224952134387579
PerplexDEW (ExtendedDH),isobar,6.5,844.9494949494949,1.229160695411478
PerplexDEW (ExtendedDH),isobar,6.5,845.959595959596,1.2358678339452143
PerplexDEW (ExtendedDH),isobar,6.5,846.969696969697,1.2426168067814312
PerplexDEW (ExtendedDH),isobar,6.5,847.9797979797979,1.249408025404091
PerplexDEW (ExtendedDH),isobar,6.5,848.989898989899,1.2562421461007032
PerplexDEW (ExtendedDH),isobar,6.5,850.0,1.2631195971257694
PerplexDEW (ExtendedDH),isobar,7.0,650.0,0.4339223662763392
PerplexDEW (ExtendedDH),isobar,7.0,651.010101010101,0.43663585368775903
PerplexDEW (ExtendedDH),isobar,7.0,652.020202020202,0.43936212242630474
PerplexDEW (ExtendedDH),isobar,7.0,653.030303030303,0.4421011188127018
PerplexDEW (ExtendedDH),isobar,7.0,654.040404040404,0.444852991628223
PerplexDEW (ExtendedDH),isobar,7.0,655.0505050505051,0.4476177381513081
PerplexDEW (ExtendedDH),isobar,7.0,656.060606060606,0.4503954065948612
PerplexDEW (ExtendedDH),isobar,7.0,657.070707070707,0.4531860456022493
PerplexDEW (ExtendedDH),isobar,7.0,658.0808080808081,0.4559897042556173
PerplexDEW (ExtendedDH),isobar,7.0,659.0909090909091,0.4588064587081182
PerplexDEW (ExtendedDH),isobar,7.0,660.10101010101,0.46163633272331733
PerplexDEW (ExtendedDH),isobar,7.0,661.1111111111111,0.4644794037825324
PerplexDEW (ExtendedDH),isobar,7.0,662.1212121212121,0.46733566896398077
PerplexDEW (ExtendedDH),isobar,7.0,663.1313131313132,0.4702052339387617
PerplexDEW (ExtendedDH),isobar,7.0,664.1414141414141,0.473088151229412
PerplexDEW (ExtendedDH),isobar,7.0,665.1515151515151,0.4759844181677131
PerplexDEW (ExtendedDH),isobar,7.0,666.1616161616162,0.4788941712282812
PerplexDEW (ExtendedDH),isobar,7.0,667.1717171717172,0.48181740857460675
PerplexDEW (ExtendedDH),isobar,7.0,668.1818181818181,0.48475418418476857
PerplexDEW (ExtendedDH),isobar,7.0,669.1919191919192,0.4877045525767421
PerplexDEW (ExtendedDH),isobar,7.0,670.2020202020202,0.4906686266451904
PerplexDEW (ExtendedDH),isobar,7.0,671.2121212121212,0.4936463467986458
PerplexDEW (ExtendedDH),isobar,7.0,672.2222222222222,0.49663791467888635
PerplexDEW (ExtendedDH),isobar,7.0,673.2323232323232,0.49964330033856963
PerplexDEW (ExtendedDH),isobar,7.0,674.2424242424242,0.5026625313702753
PerplexDEW (ExtendedDH),isobar,7.0,675.2525252525253,0.5056957551355978
PerplexDEW (ExtendedDH),isobar,7.0,676.2626262626262,0.5087430315803262
PerplexDEW (ExtendedDH),isobar,7.0,677.2727272727273,0.5118042994242996
PerplexDEW (ExtendedDH),isobar,7.0,678.2828282828283,0.5148797399535175
PerplexDEW (ExtendedDH),isobar,7.0,679.2929292929293,0.5179693532070033
PerplexDEW (ExtendedDH),isobar,7.0,680.3030303030303,0.5210732626789507
PerplexDEW (ExtendedDH),isobar,7.0,681.3131313131313,0.5241914374442367
PerplexDEW (ExtendedDH),isobar,7.0,682.3232323232323,0.5273240342175768
PerplexDEW (ExtendedDH),isobar,7.0,683.3333333333334,0.5304710220577615
PerplexDEW (ExtendedDH),isobar,7.0,684.3434343434343,0.5336325605014902
PerplexDEW (ExtendedDH),isobar,7.0,685.3535353535353,0.536808650962977
PerplexDEW (ExtendedDH),isobar,7.0,686.3636363636364,0.539999424012826
PerplexDEW (ExtendedDH),isobar,7.0,687.3737373737374,0.5432048815980822
PerplexDEW (ExtendedDH),isobar,7.0,688.3838383838383,0.5464251567804025
PerplexDEW (ExtendedDH),isobar,7.0,689.3939393939394,0.5496601854286073
PerplexDEW (ExtendedDH),isobar,7.0,690.4040404040404,0.5529102359599768
PerplexDEW (ExtendedDH),isobar,7.0,691.4141414141415,0.5561751776962829
PerplexDEW (ExtendedDH),isobar,7.0,692.4242424242424,0.5594552155215582
PerplexDEW (ExtendedDH),isobar,7.0,693.4343434343434,0.5627504218687936
PerplexDEW (ExtendedDH),isobar,7.0,694.4444444444445,0.5660608008458035
PerplexDEW (ExtendedDH),isobar,7.0,695.4545454545455,0.5693864250630647
PerplexDEW (ExtendedDH),isobar,7.0,696.4646464646464,0.5727274382237245
PerplexDEW (ExtendedDH),isobar,7.0,697.4747474747475,0.5760839162643951
PerplexDEW (ExtendedDH),isobar,7.0,698.4848484848485,0.5794558291116858
PerplexDEW (ExtendedDH),isobar,7.0,699.4949494949495,0.5828433598774249
PerplexDEW (ExtendedDH),isobar,7.0,700.5050505050505,0.586246551100842
PerplexDEW (ExtendedDH),isobar,7.0,701.5151515151515,0.5896654451982253
PerplexDEW (ExtendedDH),isobar,7.0,702.5252525252525,0.5931001946361014
PerplexDEW (ExtendedDH),isobar,7.0,703.5353535353536,0.5965508070510124
PerplexDEW (ExtendedDH),isobar,7.0,704.5454545454545,0.6000174379880553
PerplexDEW (ExtendedDH),isobar,7.0,705.5555555555555,0.6035000959934779
PerplexDEW (ExtendedDH),isobar,7.0,706.5656565656566,0.6069989397729657
PerplexDEW (ExtendedDH),isobar,7.0,707.5757575757576,0.6105139788303348
PerplexDEW (ExtendedDH),isobar,7.0,708.5858585858585,0.6140453751159378
PerplexDEW (ExtendedDH),isobar,7.0,709.5959595959596,0.6175932165531538
PerplexDEW (ExtendedDH),isobar,7.0,710.6060606060606,0.621157514181452
PerplexDEW (ExtendedDH),isobar,7.0,711.6161616161617,0.6247384349874864
PerplexDEW (ExtendedDH),isobar,7.0,712.6262626262626,0.6283359910937475
PerplexDEW (ExtendedDH),isobar,7.0,713.6363636363636,0.6319503529510593
PerplexDEW (ExtendedDH),isobar,7.0,714.6464646464647,0.635581533816957
PerplexDEW (ExtendedDH),isobar,7.0,715.6565656565657,0.6392297076980915
PerplexDEW (ExtendedDH),isobar,7.0,716.6666666666666,0.6428948890406636
PerplexDEW (ExtendedDH),isobar,7.0,717.6767676767677,0.6465773377222693
PerplexDEW (ExtendedDH),isobar,7.0,718.6868686868687,0.6502769056135412
PerplexDEW (ExtendedDH),isobar,7.0,719.6969696969697,0.653993939193071
PerplexDEW (ExtendedDH),isobar,7.0,720.7070707070707,0.6577283732449621
PerplexDEW (ExtendedDH),isobar,7.0,721.7171717171717,0.6614803082834911
PerplexDEW (ExtendedDH),isobar,7.0,722.7272727272727,0.6652500169144592
PerplexDEW (ExtendedDH),isobar,7.0,723.7373737373738,0.6690374341026281
PerplexDEW (ExtendedDH),isobar,7.0,724.7474747474747,0.6728426643758667
PerplexDEW (ExtendedDH),isobar,7.0,725.7575757575758,0.6766659009895026
PerplexDEW (ExtendedDH),isobar,7.0,726.7676767676768,0.6805072532284026
PerplexDEW (ExtendedDH),isobar,7.0,727.7777777777778,0.6843668318208271
PerplexDEW (ExtendedDH),isobar,7.0,728.7878787878788,0.6882446595813212
PerplexDEW (ExtendedDH),isobar,7.0,729.7979797979798,0.6921409381991891
PerplexDEW (ExtendedDH),isobar,7.0,730.8080808080808,0.6960557828457281
PerplexDEW (ExtendedDH),isobar,7.0,731.8181818181819,0.6999892187732334
PerplexDEW (ExtendedDH),isobar,7.0,732.8282828282828,0.7039414542830302
PerplexDEW (ExtendedDH),isobar,7.0,733.8383838383838,0.7079126091901824
PerplexDEW (ExtendedDH),isobar,7.0,734.8484848484849,0.7119027113325722
PerplexDEW (ExtendedDH),isobar,7.0,735.8585858585859,0.7159119758826967
PerplexDEW (ExtendedDH),isobar,7.0,736.8686868686868,0.719940527506993
PerplexDEW (ExtendedDH),isobar,7.0,737.8787878787879,0.7239883967821668
PerplexDEW (ExtendedDH),isobar,7.0,738.8888888888889,0.7280559025218685
PerplexDEW (ExtendedDH),isobar,7.0,739.89898989899,0.7321429822030479
PerplexDEW (ExtendedDH),isobar,7.0,740.9090909090909,0.7362497650601556
PerplexDEW (ExtendedDH),isobar,7.0,741.9191919191919,0.7403765795877388
PerplexDEW (ExtendedDH),isobar,7.0,742.929292929293,0.7445233640451341
PerplexDEW (ExtendedDH),isobar,7.0,743.939393939394,0.7486903532795053
PerplexDEW (ExtendedDH),isobar,7.0,744.9494949494949,0.7528776859806229
PerplexDEW (ExtendedDH),isobar,7.0,745.959595959596,0.7570855027114758
PerplexDEW (ExtendedDH),isobar,7.0,746.969696969697,0.7613138432563263
PerplexDEW (ExtendedDH),isobar,7.0,747.9797979797979,0.7655629530745601
PerplexDEW (ExtendedDH),isobar,7.0,748.989898989899,0.7698329784872955
PerplexDEW (ExtendedDH),isobar,7.0,750.0,0.7741240677970793
PerplexDEW (ExtendedDH),isobar,7.5,485.0,0.13759690568840796
PerplexDEW (ExtendedDH),isobar,7.5,488.3333333333333,0.1414350991971541
PerplexDEW (ExtendedDH),isobar,7.5,491.6666666666667,0.14535583449103226
PerplexDEW (ExtendedDH),isobar,7.5,495.0,0.14936024488291838
PerplexDEW (ExtendedDH),isobar,7.5,498.3333333333333,0.15344944577942432
PerplexDEW (ExtendedDH),isobar,7.5,501.6666666666667,0.15762459060844153
PerplexDEW (ExtendedDH),isobar,7.5,505.0,0.16188680005389908
PerplexDEW (ExtendedDH),isobar,7.5,508.3333333333333,0.16623721930381477
PerplexDEW (ExtendedDH),isobar,7.5,511.6666666666667,0.17067698912816143
PerplexDEW (ExtendedDH),isobar,7.5,515.0,0.17520725309902185
PerplexDEW (ExtendedDH),isobar,7.5,518.3333333333334,0.17982917481912608
PerplexDEW (ExtendedDH),isobar,7.5,521.6666666666666,0.1845438786907568
PerplexDEW (ExtendedDH),isobar,7.5,525.0,0.1893525346203714
PerplexDEW (ExtendedDH),isobar,7.5,528.3333333333334,0.19425629909181116
PerplexDEW (ExtendedDH),isobar,7.5,531.6666666666666,0.19925633201050397
PerplexDEW (ExtendedDH),isobar,7.5,535.0,0.204353786993281
PerplexDEW (ExtendedDH),isobar,7.5,538.3333333333334,0.2095498509906723
PerplexDEW (ExtendedDH),isobar,7.5,541.6666666666666,0.2148456754185141
PerplexDEW (ExtendedDH),isobar,7.5,545.0,0.22024244618474792
PerplexDEW (ExtendedDH),isobar,7.5,548.3333333333334,0.22574134409862306
PerplexDEW (ExtendedDH),isobar,7.5,551.6666666666666,0.23134356660475083
PerplexDEW (ExtendedDH),isobar,7.5,555.0,0.23705029461893493
PerplexDEW (ExtendedDH),isobar,7.5,558.3333333333334,0.24286272601002562
PerplexDEW (ExtendedDH),isobar,7.5,561.6666666666666,0.24878205294317804
PerplexDEW (ExtendedDH),isobar,7.5,565.0,0.254809511751762
PerplexDEW (ExtendedDH),isobar,7.5,568.3333333333334,0.2609462970873003
PerplexDEW (ExtendedDH),isobar,7.5,571.6666666666666,0.2671936498179152
PerplexDEW (ExtendedDH),isobar,7.5,575.0,0.27355280784893016
PerplexDEW (ExtendedDH),isobar,7.5,578.3333333333334,0.28002501936994534
PerplexDEW (ExtendedDH),isobar,7.5,581.6666666666666,0.28661154376621184
PerplexDEW (ExtendedDH),isobar,7.5,585.0,0.29331362262754074
PerplexDEW (ExtendedDH),isobar,7.5,588.3333333333334,0.30013256912196945
PerplexDEW (ExtendedDH),isobar,7.5,591.6666666666666,0.3070696823828538
PerplexDEW (ExtendedDH),isobar,7.5,595.0,0.3141262446986255
PerplexDEW (ExtendedDH),isobar,7.5,598.3333333333334,0.3213036017971536
PerplexDEW (ExtendedDH),isobar,7.5,601.6666666666666,0.32860310228241574
PerplexDEW (ExtendedDH),isobar,7.5,605.0,0.336026114527309
PerplexDEW (ExtendedDH),isobar,7.5,608.3333333333334,0.34357399225641716
PerplexDEW (ExtendedDH),isobar,7.5,611.6666666666666,0.3512481824303299
PerplexDEW (ExtendedDH),isobar,7.5,615.0,0.359050103750729
PerplexDEW (ExtendedDH),isobar,7.5,618.3333333333334,0.3669811997848895
PerplexDEW (ExtendedDH),isobar,7.5,621.6666666666667,0.37504298083710974
PerplexDEW (ExtendedDH),isobar,7.5,625.0,0.3832369492659783
PerplexDEW (ExtendedDH),isobar,7.5,628.3333333333334,0.3915646386505306
PerplexDEW (ExtendedDH),isobar,7.5,631.6666666666667,0.4000276592153169
PerplexDEW (ExtendedDH),isobar,7.5,635.0,0.4086276174367847
PerplexDEW (ExtendedDH),isobar,7.5,638.3333333333334,0.4173662039148516
PerplexDEW (ExtendedDH),isobar,7.5,641.6666666666667,0.4262450857296317
PerplexDEW (ExtendedDH),isobar,7.5,645.0,0.43526601992740294
PerplexDEW (ExtendedDH),isobar,7.5,648.3333333333334,0.4444308136652279
PerplexDEW (ExtendedDH),isobar,7.5,651.6666666666667,0.4537413276233558
PerplexDEW (ExtendedDH),isobar,7.5,655.0,0.4631994539154821
PerplexDEW (ExtendedDH),isobar,7.5,658.3333333333334,0.4728071956453399
PerplexDEW (ExtendedDH),isobar,7.5,661.6666666666667,0.48256651538360695
PerplexDEW (ExtendedDH),isobar,7.5,665.0,0.49247954736557514
PerplexDEW (ExtendedDH),isobar,7.5,668.3333333333334,0.5025485018388417
PerplexDEW (ExtendedDH),isobar,7.5,671.6666666666667,0.5127755535034949
PerplexDEW (ExtendedDH),isobar,7.5,675.0,0.5231630705049191
PerplexDEW (ExtendedDH),isobar,7.5,678.3333333333334,0.5337134505717424
PerplexDEW (ExtendedDH),isobar,7.5,681.6666666666667,0.5444292442310418
PerplexDEW (ExtendedDH),isobar,7.5,685.0,0.5553130396112376
PerplexDEW (ExtendedDH),isobar,7.5,688.3333333333334,0.5663674604602665
PerplexDEW (ExtendedDH),isobar,7.5,691.6666666666667,0.5775954339206749
PerplexDEW (ExtendedDH),isobar,7.5,695.0,0.5889998065197729
PerplexDEW (ExtendedDH),isobar,7.5,698.3333333333334,0.600583680250313
PerplexDEW (ExtendedDH),isobar,7.5,701.6666666666667,0.6123501822250333
PerplexDEW (ExtendedDH),isobar,7.5,705.0,0.6243026823015126
PerplexDEW (ExtendedDH),isobar,7.5,708.3333333333334,0.6364446232776275
PerplexDEW (ExtendedDH),isobar,7.5,711.6666666666667,0.648779597941937
PerplexDEW (ExtendedDH),isobar,7.5,715.0,0.6613113974587925
PerplexDEW (ExtendedDH),isobar,7.5,718.3333333333334,0.6740439425520565
PerplexDEW (ExtendedDH),isobar,7.5,721.6666666666667,0.6869814143000115
PerplexDEW (ExtendedDH),isobar,7.5,725.0,0.7001279706141327
PerplexDEW (ExtendedDH),isobar,7.5,728.3333333333334,0.7134882180979741
PerplexDEW (ExtendedDH),isobar,7.5,731.6666666666667,0.7270668448420811
PerplexDEW (ExtendedDH),isobar,7.5,735.0,0.7408687546687683
PerplexDEW (ExtendedDH),isobar,7.5,738.3333333333334,0.7548991261579996
PerplexDEW (ExtendedDH),isobar,7.5,741.6666666666667,0.7691632823766861
PerplexDEW (ExtendedDH),isobar,7.5,745.0,0.7836669432765869
PerplexDEW (ExtendedDH),isobar,7.5,748.3333333333334,0.7984159979153423
PerplexDEW (ExtendedDH),isobar,7.5,751.6666666666667,0.8134165576392467
PerplexDEW (ExtendedDH),isobar,7.5,755.0,0.8286751266772235
PerplexDEW (ExtendedDH),isobar,7.5,758.3333333333334,0.8441985178078066
PerplexDEW (ExtendedDH),isobar,7.5,761.6666666666667,0.859993867262342
PerplexDEW (ExtendedDH),isobar,7.5,765.0,0.8760684720328398
PerplexDEW (ExtendedDH),isobar,7.5,768.3333333333334,0.8924302086554504
PerplexDEW (ExtendedDH),isobar,7.5,771.6666666666667,0.9090870803060229
PerplexDEW (ExtendedDH),isobar,7.5,775.0,0.9260478445127268
PerplexDEW (ExtendedDH),isobar,7.5,778.3333333333334,0.9433212881587033
PerplexDEW (ExtendedDH),isobar,7.5,781.6666666666667,0.9609167371103371
PerplexDEW (ExtendedDH),isobar,7.5,785.0,0.9788439528457609
PerplexDEW (ExtendedDH),isobar,7.5,788.3333333333334,0.9971132962284458
PerplexDEW (ExtendedDH),isobar,7.5,791.6666666666667,1.0157353228440216
PerplexDEW (ExtendedDH),isobar,7.5,795.0,1.0347213735718466
PerplexDEW (ExtendedDH),isobar,7.5,798.3333333333334,1.0540831673708524
PerplexDEW (ExtendedDH),isobar,7.5,801.6666666666667,1.0738329639734527
PerplexDEW (ExtendedDH),isobar,7.5,805.0,1.0939835870335988
PerplexDEW (ExtendedDH),isobar,7.5,808.3333333333334,1.114548448077778
PerplexDEW (ExtendedDH),isobar,7.5,811.6666666666667,1.1355415712818435
PerplexDEW (ExtendedDH),isobar,7.5,815.0,1.1569776190956922
PerplexDEW (ExtendedDH),isobar,8.0,850.0,1.4852036735626373
PerplexDEW (ExtendedDH),isobar,8.0,851.010101010101,1.4942869141269002
PerplexDEW (ExtendedDH),isobar,8.0,852.020202020202,1.5034414617450242
PerplexDEW (ExtendedDH),isobar,8.0,853.030303030303,1.5126684297922977
PerplexDEW (ExtendedDH),isobar,8.0,854.040404040404,1.5219686782058126
PerplexDEW (ExtendedDH),isobar,8.0,855.0505050505051,1.5313427989571327
PerplexDEW (ExtendedDH),isobar,8.0,856.060606060606,1.5407919480979193
PerplexDEW (ExtendedDH),isobar,8.0,857.070707070707,1.550316734475648
PerplexDEW (ExtendedDH),isobar,8.0,858.0808080808081,1.5599180547904308
PerplexDEW (ExtendedDH),isobar,8.0,859.0909090909091,1.569597109214759
PerplexDEW (ExtendedDH),isobar,8.0,860.10101010101,1.579354827580435
PerplexDEW (ExtendedDH),isobar,8.0,861.1111111111111,1.5891918535997234
PerplexDEW (ExtendedDH),isobar,8.0,862.1212121212121,1.599109433316888
PerplexDEW (ExtendedDH),isobar,8.0,863.1313131313132,1.6091082284443254
PerplexDEW (ExtendedDH),isobar,8.0,864.1414141414141,1.6191892080838515
PerplexDEW (ExtendedDH),isobar,8.0,865.1515151515151,1.6293536656905092
PerplexDEW (ExtendedDH),isobar,8.0,866.1616161616162,1.6396026060026672
PerplexDEW (ExtendedDH),isobar,8.0,867.1717171717172,1.6499367278945967
PerplexDEW (ExtendedDH),isobar,8.0,868.1818181818181,1.6603573741053235
PerplexDEW (ExtendedDH),isobar,8.0,869.1919191919192,1.6708652626824634
PerplexDEW (ExtendedDH),isobar,8.0,870.2020202020202,1.6814616052139548
PerplexDEW (ExtendedDH),isobar,8.0,871.2121212121212,1.6921476341726212
PerplexDEW (ExtendedDH),isobar,8.0,872.2222222222222,1.7029239283851914
PerplexDEW (ExtendedDH),isobar,8.0,873.2323232323232,1.713792252155693
PerplexDEW (ExtendedDH),isobar,8.0,874.2424242424242,1.7247532064055697
PerplexDEW (ExtendedDH),isobar,8.0,875.2525252525253,1.7358080811445662
PerplexDEW (ExtendedDH),isobar,8.0,876.2626262626262,1.7469581885829661
PerplexDEW (ExtendedDH),isobar,8.0,877.2727272727273,1.7582043275365633
PerplexDEW (ExtendedDH),isobar,8.0,878.2828282828283,1.7695480180421288
PerplexDEW (ExtendedDH),isobar,8.0,879.2929292929293,1.7809900801545155
PerplexDEW (ExtendedDH),isobar,8.0,880.3030303030303,1.7925320719535227
PerplexDEW (ExtendedDH),isobar,8.0,881.3131313131313,1.8041748351627853
PerplexDEW (ExtendedDH),isobar,8.0,882.3232323232323,1.8159199668104598
PerplexDEW (ExtendedDH),isobar,8.0,883.3333333333334,1.8277685222931697
PerplexDEW (ExtendedDH),isobar,8.0,884.3434343434343,1.8397215638063449
PerplexDEW (ExtendedDH),isobar,8.0,885.3535353535353,1.8517809446559372
PerplexDEW (ExtendedDH),isobar,8.0,886.3636363636364,1.8639469743143793
PerplexDEW (ExtendedDH),isobar,8.0,887.3737373737374,1.8762221404015724
PerplexDEW (ExtendedDH),isobar,8.0,888.3838383838383,1.8886069718202303
PerplexDEW (ExtendedDH),isobar,8.0,889.3939393939394,1.9011027982476594
PerplexDEW (ExtendedDH),isobar,8.0,890.4040404040404,1.9137113819632712
PerplexDEW (ExtendedDH),isobar,8.0,891.4141414141415,1.9264336796776071
PerplexDEW (ExtendedDH),isobar,8.0,892.4242424242424,1.9392714974506244
PerplexDEW (ExtendedDH),isobar,8.0,893.4343434343434,1.9522262476205168
PerplexDEW (ExtendedDH),isobar,8.0,894.4444444444445,1.9652989237303145
PerplexDEW (ExtendedDH),isobar,8.0,895.4545454545455,1.9784909578288978
PerplexDEW (ExtendedDH),isobar,8.0,896.4646464646464,1.9918042466512529
PerplexDEW (ExtendedDH),isobar,8.0,897.4747474747475,2.0052402739196884
PerplexDEW (ExtendedDH),isobar,8.0,898.4848484848485,2.018800083803192
PerplexDEW (ExtendedDH),isobar,8.0,899.4949494949495,2.032485180390575
PerplexDEW (ExtendedDH),isobar,8.0,900.5050505050505,2.0462975553942875
PerplexDEW (ExtendedDH),isobar,8.0,901.5151515151515,2.0602387670814157
PerplexDEW (ExtendedDH),isobar,8.0,902.5252525252525,2.0743099121800475
PerplexDEW (ExtendedDH),isobar,8.0,903.5353535353536,2.0885128133401576
PerplexDEW (ExtendedDH),isobar,8.0,904.5454545454545,2.1028493243762862
PerplexDEW (ExtendedDH),isobar,8.0,905.5555555555555,2.117320333341719
PerplexDEW (ExtendedDH),isobar,8.0,906.5656565656566,2.1319282262511967
PerplexDEW (ExtendedDH),isobar,8.0,907.5757575757576,2.1466746793787035
PerplexDEW (ExtendedDH),isobar,8.0,908.5858585858585,2.1615608720119965
PerplexDEW (ExtendedDH),isobar,8.0,909.5959595959596,2.1765890264144896
PerplexDEW (ExtendedDH),isobar,8.0,910.6060606060606,2.1917603504087735
PerplexDEW (ExtendedDH),isobar,8.0,911.6161616161617,2.2070771207808804
PerplexDEW (ExtendedDH),isobar,8.0,912.6262626262626,2.222540574404923
PerplexDEW (ExtendedDH),isobar,8.0,913.6363636363636,2.238153043851336
PerplexDEW (ExtendedDH),isobar,8.0,914.6464646464647,2.2539157955679916
PerplexDEW (ExtendedDH),isobar,8.0,915.6565656565657,2.269830936929085
PerplexDEW (ExtendedDH),isobar,8.0,916.6666666666666,2.285900611292343
PerplexDEW (ExtendedDH),isobar,8.0,917.6767676767677,2.30212613045685
PerplexDEW (ExtendedDH),isobar,8.0,918.6868686868687,2.3185099721536178
PerplexDEW (ExtendedDH),isobar,8.0,919.6969696969697,2.3350531822949434
PerplexDEW (ExtendedDH),isobar,8.0,920.7070707070707,2.351759189397098
PerplexDEW (ExtendedDH),isobar,8.0,921.7171717171717,2.3686284772380604
PerplexDEW (ExtendedDH),isobar,8.0,922.7272727272727,2.385663942562302
PerplexDEW (ExtendedDH),isobar,8.0,923.7373737373738,2.4028669915053484
PerplexDEW (ExtendedDH),isobar,8.0,924.7474747474747,2.4202402872463833
PerplexDEW (ExtendedDH),isobar,8.0,925.7575757575758,2.4377855886414315
PerplexDEW (ExtendedDH),isobar,8.0,926.7676767676768,2.455504663007765
PerplexDEW (ExtendedDH),isobar,8.0,927.7777777777778,2.473400271085173
PerplexDEW (ExtendedDH),isobar,8.0,928.7878787878788,2.4914739014124416
PerplexDEW (ExtendedDH),isobar,8.0,929.7979797979798,2.5097283816314273
PerplexDEW (ExtendedDH),isobar,8.0,930.8080808080808,2.528165234226493
PerplexDEW (ExtendedDH),isobar,8.0,931.8181818181819,2.546787355267817
PerplexDEW (ExtendedDH),isobar,8.0,932.8282828282828,2.565596301755422
PerplexDEW (ExtendedDH),isobar,8.0,933.8383838383838,2.584595039747165
PerplexDEW (ExtendedDH),isobar,8.0,934.8484848484849,2.6037851613345695
PerplexDEW (ExtendedDH),isobar,8.0,935.8585858585859,2.623169704154078
PerplexDEW (ExtendedDH),isobar,8.0,936.8686868686868,2.6427502959703055
PerplexDEW (ExtendedDH),isobar,8.0,937.8787878787879,2.662530047624321
PerplexDEW (ExtendedDH),isobar,8.0,938.8888888888889,2.6825106231389997
PerplexDEW (ExtendedDH),isobar,8.0,939.89898989899,2.7026952082205744
PerplexDEW (ExtendedDH),isobar,8.0,940.9090909090909,2.7230855037412898
PerplexDEW (ExtendedDH),isobar,8.0,941.9191919191919,2.7436847719677333
PerplexDEW (ExtendedDH),isobar,8.0,942.929292929293,2.7644947512177866
PerplexDEW (ExtendedDH),isobar,8.0,943.939393939394,2.7855187820495
PerplexDEW (ExtendedDH),isobar,8.0,944.9494949494949,2.806758640826887
PerplexDEW (ExtendedDH),isobar,8.0,945.959595959596,2.828217748168361
PerplexDEW (ExtendedDH),isobar,8.0,946.969696969697,2.8498979190898437
PerplexDEW (ExtendedDH),isobar,8.0,947.9797979797979,2.8718018056837913
PerplexDEW (ExtendedDH),isobar,8.0,948.989898989899,2.893933382610755
PerplexDEW (ExtendedDH),isobar,8.0,950.0,2.916294104331515
PerplexDEW (ExtendedDH),isobar,8.8,690.0,0.6215370235215127
PerplexDEW (ExtendedDH),isobar,8.8,692.2222222222222,0.6298689158695625
PerplexDEW (ExtendedDH),isobar,8.8,694.4444444444445,0.6382929096738457
PerplexDEW (ExtendedDH),isobar,8.8,696.6666666666666,0.646810228580999
PerplexDEW (ExtendedDH),isobar,8.8,698.8888888888889,0.6554220978429847
PerplexDEW (ExtendedDH),isobar,8.8,701.1111111111111,0.6641298506585428
PerplexDEW (ExtendedDH),isobar,8.8,703.3333333333334,0.672934789288471
PerplexDEW (ExtendedDH),isobar,8.8,705.5555555555555,0.6818384037667733
PerplexDEW (ExtendedDH),isobar,8.8,707.7777777777778,0.6908420074576906
PerplexDEW (ExtendedDH),isobar,8.8,710.0,0.6999471046631002
PerplexDEW (ExtendedDH),isobar,8.8,712.2222222222222,0.7091552484685728
PerplexDEW (ExtendedDH),isobar,8.8,714.4444444444445,0.7184679628427526
PerplexDEW (ExtendedDH),isobar,8.8,716.6666666666666,0.7278868998522043
PerplexDEW (ExtendedDH),isobar,8.8,718.8888888888889,0.7374136833338697
PerplexDEW (ExtendedDH),isobar,8.8,721.1111111111111,0.7470501136533161
PerplexDEW (ExtendedDH),isobar,8.8,723.3333333333334,0.7567978814346507
PerplexDEW (ExtendedDH),isobar,8.8,725.5555555555555,0.7666588591812113
PerplexDEW (ExtendedDH),isobar,8.8,727.7777777777778,0.7766349817876748
PerplexDEW (ExtendedDH),isobar,8.8,730.0,0.7867281136990124
PerplexDEW (ExtendedDH),isobar,8.8,732.2222222222222,0.7969403600980214
PerplexDEW (ExtendedDH),isobar,8.8,734.4444444444445,0.8072737119182594
PerplexDEW (ExtendedDH),isobar,8.8,736.6666666666666,0.8177304592249772
PerplexDEW (ExtendedDH),isobar,8.8,738.8888888888889,0.8283126827356214
PerplexDEW (ExtendedDH),isobar,8.8,741.1111111111111,0.8390228213210006
PerplexDEW (ExtendedDH),isobar,8.8,743.3333333333334,0.8498631494152552
PerplexDEW (ExtendedDH),isobar,8.8,745.5555555555555,0.8608361656430751
PerplexDEW (ExtendedDH),isobar,8.8,747.7777777777778,0.8719443492253269
PerplexDEW (ExtendedDH),isobar,8.8,750.0,0.8831904180400028
PerplexDEW (ExtendedDH),isobar,8.8,752.2222222222222,0.8945770224061408
PerplexDEW (ExtendedDH),isobar,8.8,754.4444444444445,0.9061068981408883
PerplexDEW (ExtendedDH),isobar,8.8,756.6666666666666,0.9177829812241043
PerplexDEW (ExtendedDH),isobar,8.8,758.8888888888889,0.929608364146483
PerplexDEW (ExtendedDH),isobar,8.8,761.1111111111111,0.9415858980261927
PerplexDEW (ExtendedDH),isobar,8.8,763.3333333333334,0.9537189920180832
PerplexDEW (ExtendedDH),isobar,8.8,765.5555555555555,0.9660108161889995
PerplexDEW (ExtendedDH),isobar,8.8,767.7777777777778,0.9784647631738534
PerplexDEW (ExtendedDH),isobar,8.8,770.0,0.9910844003477884
PerplexDEW (ExtendedDH),isobar,8.8,772.2222222222222,1.0038732877686956
PerplexDEW (ExtendedDH),isobar,8.8,774.4444444444445,1.0168352303572785
PerplexDEW (ExtendedDH),isobar,8.8,776.6666666666666,1.0299740948489142
PerplexDEW (ExtendedDH),isobar,8.8,778.8888888888889,1.0432938074090623
PerplexDEW (ExtendedDH),isobar,8.8,781.1111111111111,1.0567986274763876
PerplexDEW (ExtendedDH),isobar,8.8,783.3333333333334,1.0704926785769362
PerplexDEW (ExtendedDH),isobar,8.8,785.5555555555555,1.0843804285267717
PerplexDEW (ExtendedDH),isobar,8.8,787.7777777777778,1.0984664947073615
PerplexDEW (ExtendedDH),isobar,8.8,790.0,1.1127554239887676
PerplexDEW (ExtendedDH),isobar,8.8,792.2222222222222,1.1272521335457821
PerplexDEW (ExtendedDH),isobar,8.8,794.4444444444445,1.1419616261587355
PerplexDEW (ExtendedDH),isobar,8.8,796.6666666666666,1.1568890669986682
PerplexDEW (ExtendedDH),isobar,8.8,798.8888888888889,1.1720399514592
PerplexDEW (ExtendedDH),isobar,8.8,801.1111111111111,1.1874195452259024
PerplexDEW (ExtendedDH),isobar,8.8,803.3333333333334,1.2030336105884576
PerplexDEW (ExtendedDH),isobar,8.8,805.5555555555555,1.218888099730465
PerplexDEW (ExtendedDH),isobar,8.8,807.7777777777778,1.2349889832625576
PerplexDEW (ExtendedDH),isobar,8.8,810.0,1.2513425995036531
PerplexDEW (ExtendedDH),isobar,8.8,812.2222222222222,1.2679552163776895
PerplexDEW (ExtendedDH),isobar,8.8,814.4444444444445,1.2848337646975438
PerplexDEW (ExtendedDH),isobar,8.8,816.6666666666666,1.301984927588315
PerplexDEW (ExtendedDH),isobar,8.8,818.8888888888889,1.3194157870648977
PerplexDEW (ExtendedDH),isobar,8.8,821.1111111111111,1.337133851590021
PerplexDEW (ExtendedDH),isobar,8.8,823.3333333333334,1.3551464640715867
PerplexDEW (ExtendedDH),isobar,8.8,825.5555555555555,1.3734615040500928
PerplexDEW (ExtendedDH),isobar,8.8,827.7777777777778,1.3920868876865715
PerplexDEW (ExtendedDH),isobar,8.8,830.0,1.4110309940657844
PerplexDEW (ExtendedDH),isobar,8.8,832.2222222222222,1.4303023568351723
PerplexDEW (ExtendedDH),isobar,8.8,834.4444444444445,1.4499097750982373
PerplexDEW (ExtendedDH),isobar,8.8,836.6666666666667,1.4698623208696668
PerplexDEW (ExtendedDH),isobar,8.8,838.8888888888889,1.4901691027558115
PerplexDEW (ExtendedDH),isobar,8.8,841.1111111111111,1.5108402436538315
PerplexDEW (ExtendedDH),isobar,8.8,843.3333333333334,1.53188531461863
PerplexDEW (ExtendedDH),isobar,8.8,845.5555555555555,1.5533146791245107
PerplexDEW (ExtendedDH),isobar,8.8,847.7777777777778,1.5751390259377198
PerplexDEW (ExtendedDH),isobar,8.8,850.0,1.5973688277515599
PerplexDEW (ExtendedDH),isobar,8.8,852.2222222222222,1.6200156937584578
PerplexDEW (ExtendedDH),isobar,8.8,854.4444444444445,1.6430910348028802
PerplexDEW (ExtendedDH),isobar,8.8,856.6666666666667,1.666606744454146
PerplexDEW (ExtendedDH),isobar,8.8,858.8888888888889,1.6905750740034426
PerplexDEW (ExtendedDH),isobar,8.8,861.1111111111111,1.7150086420531077
PerplexDEW (ExtendedDH),isobar,8.8,863.3333333333334,1.7399204443242082
PerplexDEW (ExtendedDH),isobar,8.8,865.5555555555555,1.7653240280613254
PerplexDEW (ExtendedDH),isobar,8.8,867.7777777777778,1.791232680401776
PerplexDEW (ExtendedDH),isobar,8.8,870.0,1.8176612557676302
PerplexDEW (ExtendedDH),isobar,8.8,872.2222222222222,1.8446240325836876
PerplexDEW (ExtendedDH),isobar,8.8,874.4444444444445,1.8721358651181725
PerplexDEW (ExtendedDH),isobar,8.8,876.6666666666667,1.9002124035765349
PerplexDEW (ExtendedDH),isobar,8.8,878.8888888888889,1.9288697696624189
PerplexDEW (ExtendedDH),isobar,8.8,881.1111111111111,1.9581241745323097
PerplexDEW (ExtendedDH),isobar,8.8,883.3333333333334,1.9879924876908577
PerplexDEW (ExtendedDH),isobar,8.8,885.5555555555555,2.018492066720648
PerplexDEW (ExtendedDH),isobar,8.8,887.7777777777778,2.0496407697618544
PerplexDEW (ExtendedDH),isobar,8.8,890.0,2.081457188602812
PerplexDEW (ExtendedDH),isobar,8.8,892.2222222222222,2.1139600129635694
PerplexDEW (ExtendedDH),isobar,8.8,894.4444444444445,2.1471684480476707
PerplexDEW (ExtendedDH),isobar,8.8,896.6666666666667,2.181102944234232
PerplexDEW (ExtendedDH),isobar,8.8,898.8888888888889,2.2157838334640165
PerplexDEW (ExtendedDH),isobar,8.8,901.1111111111111,2.251232255482111
PerplexDEW (ExtendedDH),isobar,8.8,903.3333333333334,2.2874699458410017
PerplexDEW (ExtendedDH),isobar,8.8,905.5555555555555,2.3245195184899625
PerplexDEW (ExtendedDH),isobar,8.8,907.7777777777778,2.362403417378566
PerplexDEW (ExtendedDH),isobar,8.8,910.0,2.4011455158303776
PerplexDEW (ExtendedDH),isobar,9.0,690.0,0.6288203217988184
PerplexDEW (ExtendedDH),isobar,9.0,692.2222222222222,0.6372699964040427
PerplexDEW (ExtendedDH),isobar,9.0,694.4444444444445,0.6458137124227191
PerplexDEW (ExtendedDH),isobar,9.0,696.6666666666666,0.6544528105819166
PerplexDEW (ExtendedDH),isobar,9.0,698.8888888888889,0.6631885691412491
PerplexDEW (ExtendedDH),isobar,9.0,701.1111111111111,0.672022340329248
PerplexDEW (ExtendedDH),isobar,9.0,703.3333333333334,0.6809555182928806
PerplexDEW (ExtendedDH),isobar,9.0,705.5555555555555,0.6899895778925057
PerplexDEW (ExtendedDH),isobar,9.0,707.7777777777778,0.6991259660276297
PerplexDEW (ExtendedDH),isobar,9.0,710.0,0.7083662509043466
PerplexDEW (ExtendedDH),isobar,9.0,712.2222222222222,0.7177119736726951
PerplexDEW (ExtendedDH),isobar,9.0,714.4444444444445,0.7271648427932444
PerplexDEW (ExtendedDH),isobar,9.0,716.6666666666666,0.7367264623866703
PerplexDEW (ExtendedDH),isobar,9.0,718.8888888888889,0.7463986090212081
PerplexDEW (ExtendedDH),isobar,9.0,721.1111111111111,0.7561831183383083
PerplexDEW (ExtendedDH),isobar,9.0,723.3333333333334,0.7660817590837231
PerplexDEW (ExtendedDH),isobar,9.0,725.5555555555555,0.7760965283631474
PerplexDEW (ExtendedDH),isobar,9.0,727.7777777777778,0.7862293591984719
PerplexDEW (ExtendedDH),isobar,9.0,730.0,0.7964823364435457
PerplexDEW (ExtendedDH),isobar,9.0,732.2222222222222,0.8068575236079055
PerplexDEW (ExtendedDH),isobar,9.0,734.4444444444445,0.8173571438336751
PerplexDEW (ExtendedDH),isobar,9.0,736.6666666666666,0.8279834480535985
PerplexDEW (ExtendedDH),isobar,9.0,738.8888888888889,0.8387387133865785
PerplexDEW (ExtendedDH),isobar,9.0,741.1111111111111,0.8496254383325029
PerplexDEW (ExtendedDH),isobar,9.0,743.3333333333334,0.8606459575319384
PerplexDEW (ExtendedDH),isobar,9.0,745.5555555555555,0.8718030347726594
PerplexDEW (ExtendedDH),isobar,9.0,747.7777777777778,0.8830991699380092
PerplexDEW (ExtendedDH),isobar,9.0,750.0,0.8945372048013164
PerplexDEW (ExtendedDH),isobar,9.0,752.2222222222222,0.906119918270436
PerplexDEW (ExtendedDH),isobar,9.0,754.4444444444445,0.9178502346864426
PerplexDEW (ExtendedDH),isobar,9.0,756.6666666666666,0.9297312319354489
PerplexDEW (ExtendedDH),isobar,9.0,758.8888888888889,0.9417659787459741
PerplexDEW (ExtendedDH),isobar,9.0,761.1111111111111,0.953957701934268
PerplexDEW (ExtendedDH),isobar,9.0,763.3333333333334,0.9663098544591903
PerplexDEW (ExtendedDH),isobar,9.0,765.5555555555555,0.9788257677460933
PerplexDEW (ExtendedDH),isobar,9.0,767.7777777777778,0.9915090637293148
PerplexDEW (ExtendedDH),isobar,9.0,770.0,1.004363361951215
PerplexDEW (ExtendedDH),isobar,9.0,772.2222222222222,1.0173925275795508
PerplexDEW (ExtendedDH),isobar,9.0,774.4444444444445,1.0306005570563634
PerplexDEW (ExtendedDH),isobar,9.0,776.6666666666666,1.04399138257317
PerplexDEW (ExtendedDH),isobar,9.0,778.8888888888889,1.0575693323047552
PerplexDEW (ExtendedDH),isobar,9.0,781.1111111111111,1.0713386066908388
PerplexDEW (ExtendedDH),isobar,9.0,783.3333333333334,1.085303750617192
PerplexDEW (ExtendedDH),isobar,9.0,785.5555555555555,1.0994694622845853
PerplexDEW (ExtendedDH),isobar,9.0,787.7777777777778,1.1138404508263688
PerplexDEW (ExtendedDH),isobar,9.0,790.0,1.1284216518254735
PerplexDEW (ExtendedDH),isobar,9.0,792.2222222222222,1.143218239629622
PerplexDEW (ExtendedDH),isobar,9.0,794.4444444444445,1.1582354051867405
PerplexDEW (ExtendedDH),isobar,9.0,796.6666666666666,1.1734786652972264
PerplexDEW (ExtendedDH),isobar,9.0,798.8888888888889,1.188953475572834
PerplexDEW (ExtendedDH),isobar,9.0,801.1111111111111,1.2046658783000697
PerplexDEW (ExtendedDH),isobar,9.0,803.3333333333334,1.2206216986419187
PerplexDEW (ExtendedDH),isobar,9.0,805.5555555555555,1.2368271158337667
PerplexDEW (ExtendedDH),isobar,9.0,807.7777777777778,1.2532886871189532
PerplexDEW (ExtendedDH),isobar,9.0,810.0,1.2700128267495938
PerplexDEW (ExtendedDH),isobar,9.0,812.2222222222222,1.2870063314910865
PerplexDEW (ExtendedDH),isobar,9.0,814.4444444444445,1.3042764066476915
PerplexDEW (ExtendedDH),isobar,9.0,816.6666666666666,1.321830109630093
PerplexDEW (ExtendedDH),isobar,9.0,818.8888888888889,1.3396750107515827
PerplexDEW (ExtendedDH),isobar,9.0,821.1111111111111,1.3578188253439496
PerplexDEW (ExtendedDH),isobar,9.0,823.3333333333334,1.376269513827062
PerplexDEW (ExtendedDH),isobar,9.0,825.5555555555555,1.395035288796569
PerplexDEW (ExtendedDH),isobar,9.0,827.7777777777778,1.414124513072904
PerplexDEW (ExtendedDH),isobar,9.0,830.0,1.433546141401042
PerplexDEW (ExtendedDH),isobar,9.0,832.2222222222222,1.4533089660083474
PerplexDEW (ExtendedDH),isobar,9.0,834.4444444444445,1.4734225087489783
PerplexDEW (ExtendedDH),isobar,9.0,836.6666666666667,1.4938962437817773
PerplexDEW (ExtendedDH),isobar,9.0,838.8888888888889,1.5147400555136763
PerplexDEW (ExtendedDH),isobar,9.0,841.1111111111111,1.535964135175312
PerplexDEW (ExtendedDH),isobar,9.0,843.3333333333334,1.5575789893903678
PerplexDEW (ExtendedDH),isobar,9.0,845.5555555555555,1.5795955812426519
PerplexDEW (ExtendedDH),isobar,9.0,847.7777777777778,1.6020248133794726
PerplexDEW (ExtendedDH),isobar,9.0,850.0,1.6248784601717077
PerplexDEW (ExtendedDH),isobar,9.0,852.2222222222222,1.6481681050854626
PerplexDEW (ExtendedDH),isobar,9.0,854.4444444444445,1.6719062492568817
PerplexDEW (ExtendedDH),isobar,9.0,856.6666666666667,1.6961054944834366
PerplexDEW (ExtendedDH),isobar,9.0,858.8888888888889,1.7207785168917498
PerplexDEW (ExtendedDH),isobar,9.0,861.1111111111111,1.7459389842212303
PerplexDEW (ExtendedDH),isobar,9.0,863.3333333333334,1.771600674695041
PerplexDEW (ExtendedDH),isobar,9.0,865.5555555555555,1.797777447748326
PerplexDEW (ExtendedDH),isobar,9.0,867.7777777777778,1.82448423487023
PerplexDEW (ExtendedDH),isobar,9.0,870.0,1.8517357375164316
PerplexDEW (ExtendedDH),isobar,9.0,872.2222222222222,1.8795479666123849
PerplexDEW (ExtendedDH),isobar,9.0,874.4444444444445,1.9079363403992342
PerplexDEW (ExtendedDH),isobar,9.0,876.6666666666667,1.936917827982075
PerplexDEW (ExtendedDH),isobar,9.0,878.8888888888889,1.9665087728084294
PerplexDEW (ExtendedDH),isobar,9.0,881.1111111111111,1.9967269530972076
PerplexDEW (ExtendedDH),isobar,9.0,883.3333333333334,2.027590081079511
PerplexDEW (ExtendedDH),isobar,9.0,885.5555555555555,2.059116791777216
PerplexDEW (ExtendedDH),isobar,9.0,887.7777777777778,2.091325843848673
PerplexDEW (ExtendedDH),isobar,9.0,890.0,2.1242365213924814
PerplexDEW (ExtendedDH),isobar,9.0,892.2222222222222,2.157869565329326
PerplexDEW (ExtendedDH),isobar,9.0,894.4444444444445,2.1922449524247787
PerplexDEW (ExtendedDH),isobar,9.0,896.6666666666667,2.227384631341684
PerplexDEW (ExtendedDH),isobar,9.0,898.8888888888889,2.263309739424404
PerplexDEW (ExtendedDH),isobar,9.0,901.1111111111111,2.300043238445954
PerplexDEW (ExtendedDH),isobar,9.0,903.3333333333334,2.3376082564716785
PerplexDEW (ExtendedDH),isobar,9.0,905.5555555555555,2.37602803207989
PerplexDEW (ExtendedDH),isobar,9.0,907.7777777777778,2.4153275324691768
PerplexDEW (ExtendedDH),isobar,9.0,910.0,2.455531898499162
PerplexDEW (ExtendedDH),isobar,10.0,480.0,0.14968928193205938
PerplexDEW (ExtendedDH),isobar,10.0,484.44444444444446,0.1553803452908196
PerplexDEW (ExtendedDH),isobar,10.0,488.8888888888889,0.1612398237817913
PerplexDEW (ExtendedDH),isobar,10.0,493.3333333333333,0.16727100596268696
PerplexDEW (ExtendedDH),isobar,10.0,497.77777777777777,0.17347720195838806
PerplexDEW (ExtendedDH),isobar,10.0,502.22222222222223,0.17986174367421406
PerplexDEW (ExtendedDH),isobar,10.0,506.6666666666667,0.18642799276627023
PerplexDEW (ExtendedDH),isobar,10.0,511.1111111111111,0.19317931893358664
PerplexDEW (ExtendedDH),isobar,10.0,515.5555555555555,0.20011912226713177
PerplexDEW (ExtendedDH),isobar,10.0,520.0,0.2072508271153596
PerplexDEW (ExtendedDH),isobar,10.0,524.4444444444445,0.21457788319966203
PerplexDEW (ExtendedDH),isobar,10.0,528.8888888888889,0.22210376696833606
PerplexDEW (ExtendedDH),isobar,10.0,533.3333333333334,0.2298319832118729
PerplexDEW (ExtendedDH),isobar,10.0,537.7777777777778,0.2377660669638279
PerplexDEW (ExtendedDH),isobar,10.0,542.2222222222222,0.24590957536761246
PerplexDEW (ExtendedDH),isobar,10.0,546.6666666666666,0.254266120481594
PerplexDEW (ExtendedDH),isobar,10.0,551.1111111111111,0.26283932040992114
PerplexDEW (ExtendedDH),isobar,10.0,555.5555555555555,0.2716328658529044
PerplexDEW (ExtendedDH),isobar,10.0,560.0,0.28065047010782995
PerplexDEW (ExtendedDH),isobar,10.0,564.4444444444445,0.2898959062969934
PerplexDEW (ExtendedDH),isobar,10.0,568.8888888888889,0.2993730013680058
PerplexDEW (ExtendedDH),isobar,10.0,573.3333333333334,0.30908562802088546
PerplexDEW (ExtendedDH),isobar,10.0,577.7777777777778,0.31903772202061104
PerplexDEW (ExtendedDH),isobar,10.0,582.2222222222222,0.3292333172931998
PerplexDEW (ExtendedDH),isobar,10.0,586.6666666666666,0.33967648381866733
PerplexDEW (ExtendedDH),isobar,10.0,591.1111111111111,0.35037142019965445
PerplexDEW (ExtendedDH),isobar,10.0,595.5555555555555,0.36132237464609435
PerplexDEW (ExtendedDH),isobar,10.0,600.0,0.37253372890245495
PerplexDEW (ExtendedDH),isobar,10.0,604.4444444444445,0.3840099801235636
PerplexDEW (ExtendedDH),isobar,10.0,608.8888888888889,0.3957556993460661
PerplexDEW (ExtendedDH),isobar,10.0,613.3333333333334,0.40777568145420884
PerplexDEW (ExtendedDH),isobar,10.0,617.7777777777778,0.4200748037254178
PerplexDEW (ExtendedDH),isobar,10.0,622.2222222222222,0.4326581458268613
PerplexDEW (ExtendedDH),isobar,10.0,626.6666666666667,0.44553095166583706
PerplexDEW (ExtendedDH),isobar,10.0,631.1111111111111,0.45869864365888335
PerplexDEW (ExtendedDH),isobar,10.0,635.5555555555555,0.47216690338201345
PerplexDEW (ExtendedDH),isobar,10.0,640.0,0.4859416545280242
PerplexDEW (ExtendedDH),isobar,10.0,644.4444444444445,0.500029039010861
PerplexDEW (ExtendedDH),isobar,10.0,648.8888888888889,0.5144355296558094
PerplexDEW (ExtendedDH),isobar,10.0,653.3333333333334,0.5291678648228783
PerplexDEW (ExtendedDH),isobar,10.0,657.7777777777778,0.544233145564754
PerplexDEW (ExtendedDH),isobar,10.0,662.2222222222222,0.5596388701703006
PerplexDEW (ExtendedDH),isobar,10.0,666.6666666666667,0.575392888902593
PerplexDEW (ExtendedDH),isobar,10.0,671.1111111111111,0.5915035439960957
PerplexDEW (ExtendedDH),isobar,10.0,675.5555555555555,0.6079795992061318
PerplexDEW (ExtendedDH),isobar,10.0,680.0,0.6248303925625616
PerplexDEW (ExtendedDH),isobar,10.0,684.4444444444445,0.6420657326195119
PerplexDEW (ExtendedDH),isobar,10.0,688.8888888888889,0.6596961575378314
PerplexDEW (ExtendedDH),isobar,10.0,693.3333333333334,0.6777327371817947
PerplexDEW (ExtendedDH),isobar,10.0,697.7777777777778,0.6961873136257783
PerplexDEW (ExtendedDH),isobar,10.0,702.2222222222222,0.7150725699256303
PerplexDEW (ExtendedDH),isobar,10.0,706.6666666666667,0.7344018423391362
PerplexDEW (ExtendedDH),isobar,10.0,711.1111111111111,0.7541895411779919
PerplexDEW (ExtendedDH),isobar,10.0,715.5555555555555,0.7744508525099315
PerplexDEW (ExtendedDH),isobar,10.0,720.0,0.7952021935687519
PerplexDEW (ExtendedDH),isobar,10.0,724.4444444444445,0.8164609835407062
PerplexDEW (ExtendedDH),isobar,10.0,728.8888888888889,0.8382458399453151
PerplexDEW (ExtendedDH),isobar,10.0,733.3333333333334,0.8605767607677339
PerplexDEW (ExtendedDH),isobar,10.0,737.7777777777778,0.8834749968088256
PerplexDEW (ExtendedDH),isobar,10.0,742.2222222222222,0.9069634264009289
PerplexDEW (ExtendedDH),isobar,10.0,746.6666666666667,0.9310664319142997
PerplexDEW (ExtendedDH),isobar,10.0,751.1111111111111,0.9558101033137192
PerplexDEW (ExtendedDH),isobar,10.0,755.5555555555555,0.9812223593667015
PerplexDEW (ExtendedDH),isobar,10.0,760.0,1.0073332502260026
PerplexDEW (ExtendedDH),isobar,10.0,764.4444444444445,1.0341746456545158
PerplexDEW (ExtendedDH),isobar,10.0,768.8888888888889,1.0617808241624085
PerplexDEW (ExtendedDH),isobar,10.0,773.3333333333334,1.090188465816793
PerplexDEW (ExtendedDH),isobar,10.0,777.7777777777778,1.1194368152490375
PerplexDEW (ExtendedDH),isobar,10.0,782.2222222222222,1.1495677121549566
PerplexDEW (ExtendedDH),isobar,10.0,786.6666666666667,1.1806260393481547
PerplexDEW (ExtendedDH),isobar,10.0,791.1111111111111,1.2126596352142822
PerplexDEW (ExtendedDH),isobar,10.0,795.5555555555555,1.2457199470941938
PerplexDEW (ExtendedDH),isobar,10.0,800.0,1.2798616400419165
PerplexDEW (ExtendedDH),isobar,10.0,804.4444444444445,1.3151431034228818
PerplexDEW (ExtendedDH),isobar,10.0,808.8888888888889,1.3516270545158175
PerplexDEW (ExtendedDH),isobar,10.0,813.3333333333334,1.3893800028482597
PerplexDEW (ExtendedDH),isobar,10.0,817.7777777777778,1.4284732153550375
PerplexDEW (ExtendedDH),isobar,10.0,822.2222222222222,1.4689827428051259
PerplexDEW (ExtendedDH),isobar,10.0,826.6666666666667,1.510989491242415
PerplexDEW (ExtendedDH),isobar,10.0,831.1111111111111,1.554579826953163
PerplexDEW (ExtendedDH),isobar,10.0,835.5555555555555,1.5998460479218735
PerplexDEW (ExtendedDH),isobar,10.0,840.0,1.646886010041734
PerplexDEW (ExtendedDH),isobar,10.0,844.4444444444445,1.6958044444705487
PerplexDEW (ExtendedDH),isobar,10.0,848.8888888888889,1.7467123206902202
PerplexDEW (ExtendedDH),isobar,10.0,853.3333333333334,1.799728453339898
PerplexDEW (ExtendedDH),isobar,10.0,857.7777777777778,1.8549785170331121
PerplexDEW (ExtendedDH),isobar,10.0,862.2222222222222,1.9125964512330005
PerplexDEW (ExtendedDH),isobar,10.0,866.6666666666667,1.972724995994923
PerplexDEW (ExtendedDH),isobar,10.0,871.1111111111111,2.0355153292675823
PerplexDEW (ExtendedDH),isobar,10.0,875.5555555555557,2.101127813386201
PerplexDEW (ExtendedDH),isobar,10.0,880.0,2.1697339211466784
PerplexDEW (ExtendedDH),isobar,10.0,884.4444444444445,2.2415142465177422
PerplexDEW (ExtendedDH),isobar,10.0,888.8888888888889,2.31666123737715
PerplexDEW (ExtendedDH),isobar,10.0,893.3333333333334,2.3953788015807946
PerplexDEW (ExtendedDH),isobar,10.0,897.7777777777778,2.477883130825336
PerplexDEW (ExtendedDH),isobar,10.0,902.2222222222222,2.564403354735872
PerplexDEW (ExtendedDH),isobar,10.0,906.6666666666667,2.6551822246574472
PerplexDEW (ExtendedDH),isobar,10.0,911.1111111111111,2.7504768282814025
PerplexDEW (ExtendedDH),isobar,10.0,915.5555555555557,2.850559336288029
PerplexDEW (ExtendedDH),isobar,10.0,920.0,2.955717425097177
PerplexDEW (ExtendedDH),isobar,12.0,490.0,0.17741267843846262
PerplexDEW (ExtendedDH),isobar,12.0,492.22222222222223,0.18070983624286863
PerplexDEW (ExtendedDH),isobar,12.0,494.44444444444446,0.1840549339746747
PerplexDEW (ExtendedDH),isobar,12.0,496.6666666666667,0.18744844464471505
PerplexDEW (ExtendedDH),isobar,12.0,498.8888888888889,0.19089084356243669
PerplexDEW (ExtendedDH),isobar,12.0,501.1111111111111,0.1943825939673947
PerplexDEW (ExtendedDH),isobar,12.0,503.3333333333333,0.19792417504398813
PerplexDEW (ExtendedDH),isobar,12.0,505.55555555555554,0.20151605339260895
PerplexDEW (ExtendedDH),isobar,12.0,507.77777777777777,0.2051587198242159
PerplexDEW (ExtendedDH),isobar,12.0,510.0,0.20885263705810359
PerplexDEW (ExtendedDH),isobar,12.0,512.2222222222222,0.2125983082811466
PerplexDEW (ExtendedDH),isobar,12.0,514.4444444444445,0.2163961999863886
PerplexDEW (ExtendedDH),isobar,12.0,516.6666666666666,0.2202467959745442
PerplexDEW (ExtendedDH),isobar,12.0,518.8888888888889,0.22415059895635708
PerplexDEW (ExtendedDH),isobar,12.0,521.1111111111111,0.22810808930940965
PerplexDEW (ExtendedDH),isobar,12.0,523.3333333333334,0.23211975770609303
PerplexDEW (ExtendedDH),isobar,12.0,525.5555555555555,0.23618610599153855
PerplexDEW (ExtendedDH),isobar,12.0,527.7777777777778,0.24030762992596438
PerplexDEW (ExtendedDH),isobar,12.0,530.0,0.2444848276806853
PerplexDEW (ExtendedDH),isobar,12.0,532.2222222222222,0.24871819991760333
PerplexDEW (ExtendedDH),isobar,12.0,534.4444444444445,0.2530082498748754
PerplexDEW (ExtendedDH),isobar,12.0,536.6666666666666,0.25735549326069596
PerplexDEW (ExtendedDH),isobar,12.0,538.8888888888889,0.2617604393033324
PerplexDEW (ExtendedDH),isobar,12.0,541.1111111111111,0.2662236001211005
PerplexDEW (ExtendedDH),isobar,12.0,543.3333333333334,0.27074549083585653
PerplexDEW (ExtendedDH),isobar,12.0,545.5555555555555,0.2753266296938454
PerplexDEW (ExtendedDH),isobar,12.0,547.7777777777778,0.27996754895062065
PerplexDEW (ExtendedDH),isobar,12.0,550.0,0.28466876314043577
PerplexDEW (ExtendedDH),isobar,12.0,552.2222222222222,0.2894308118584175
PerplexDEW (ExtendedDH),isobar,12.0,554.4444444444445,0.29425422785130534
PerplexDEW (ExtendedDH),isobar,12.0,556.6666666666666,0.2991395593156464
PerplexDEW (ExtendedDH),isobar,12.0,558.8888888888889,0.3040873239885176
PerplexDEW (ExtendedDH),isobar,12.0,561.1111111111111,0.3090980901458977
PerplexDEW (ExtendedDH),isobar,12.0,563.3333333333334,0.31417240778540356
PerplexDEW (ExtendedDH),isobar,12.0,565.5555555555555,0.31931083156354606
PerplexDEW (ExtendedDH),isobar,12.0,567.7777777777778,0.32451392101514415
PerplexDEW (ExtendedDH),isobar,12.0,570.0,0.3297822407845438
PerplexDEW (ExtendedDH),isobar,12.0,572.2222222222222,0.33511636086974844
PerplexDEW (ExtendedDH),isobar,12.0,574.4444444444445,0.34051687024912575
PerplexDEW (ExtendedDH),isobar,12.0,576.6666666666666,0.34598433752478697
PerplexDEW (ExtendedDH),isobar,12.0,578.8888888888889,0.351519378072852
PerplexDEW (ExtendedDH),isobar,12.0,581.1111111111111,0.35712255931417947
PerplexDEW (ExtendedDH),isobar,12.0,583.3333333333334,0.36279449654423995
PerplexDEW (ExtendedDH),isobar,12.0,585.5555555555555,0.3685358131952457
PerplexDEW (ExtendedDH),isobar,12.0,587.7777777777778,0.37434711148952665
PerplexDEW (ExtendedDH),isobar,12.0,590.0,0.380229030734704
PerplexDEW (ExtendedDH),isobar,12.0,592.2222222222222,0.3861821887506419
PerplexDEW (ExtendedDH),isobar,12.0,594.4444444444445,0.39220725794481964
PerplexDEW (ExtendedDH),isobar,12.0,596.6666666666666,0.39830485821542816
PerplexDEW (ExtendedDH),isobar,12.0,598.8888888888889,0.4044756654536485
PerplexDEW (ExtendedDH),isobar,12.0,601.1111111111111,0.41072036665925726
PerplexDEW (ExtendedDH),isobar,12.0,603.3333333333334,0.4170396268755857
PerplexDEW (ExtendedDH),isobar,12.0,605.5555555555555,0.42343415517438415
PerplexDEW (ExtendedDH),isobar,12.0,607.7777777777778,0.4299046559557669
PerplexDEW (ExtendedDH),isobar,12.0,610.0,0.4364518280395599
PerplexDEW (ExtendedDH),isobar,12.0,612.2222222222222,0.44307641770652845
PerplexDEW (ExtendedDH),isobar,12.0,614.4444444444445,0.4497791857591871
PerplexDEW (ExtendedDH),isobar,12.0,616.6666666666666,0.4565608523261589
PerplexDEW (ExtendedDH),isobar,12.0,618.8888888888889,0.46342224433798573
PerplexDEW (ExtendedDH),isobar,12.0,621.1111111111111,0.47036409226217474
PerplexDEW (ExtendedDH),isobar,12.0,623.3333333333334,0.47738723670321165
PerplexDEW (ExtendedDH),isobar,12.0,625.5555555555555,0.484492497820784
PerplexDEW (ExtendedDH),isobar,12.0,627.7777777777778,0.49168071337232894
PerplexDEW (ExtendedDH),isobar,12.0,630.0,0.49895273953535424
PerplexDEW (ExtendedDH),isobar,12.0,632.2222222222222,0.5063094517651777
PerplexDEW (ExtendedDH),isobar,12.0,634.4444444444445,0.5137517456881394
PerplexDEW (ExtendedDH),isobar,12.0,636.6666666666667,0.5212805597498742
PerplexDEW (ExtendedDH),isobar,12.0,638.8888888888889,0.5288968117762067
PerplexDEW (ExtendedDH),isobar,12.0,641.1111111111111,0.5366014636654773
PerplexDEW (ExtendedDH),isobar,12.0,643.3333333333334,0.5443955471519373
PerplexDEW (ExtendedDH),isobar,12.0,645.5555555555555,0.5522800293497476
PerplexDEW (ExtendedDH),isobar,12.0,647.7777777777778,0.5602559715563136
PerplexDEW (ExtendedDH),isobar,12.0,650.0,0.5683244401878944
PerplexDEW (ExtendedDH),isobar,12.0,652.2222222222222,0.5764865304790358
PerplexDEW (ExtendedDH),isobar,12.0,654.4444444444445,0.5847433926385261
PerplexDEW (ExtendedDH),isobar,12.0,656.6666666666667,0.5930961594064704
PerplexDEW (ExtendedDH),isobar,12.0,658.8888888888889,0.6015460203822144
PerplexDEW (ExtendedDH),isobar,12.0,661.1111111111111,0.6100942255912813
PerplexDEW (ExtendedDH),isobar,12.0,663.3333333333334,0.618742009349822
PerplexDEW (ExtendedDH),isobar,12.0,665.5555555555555,0.6274906956502364
PerplexDEW (ExtendedDH),isobar,12.0,667.7777777777778,0.6363416217028695
PerplexDEW (ExtendedDH),isobar,12.0,670.0,0.6452961653427062
PerplexDEW (ExtendedDH),isobar,12.0,672.2222222222222,0.654355775267897
PerplexDEW (ExtendedDH),isobar,12.0,674.4444444444445,0.6635218593206904
PerplexDEW (ExtendedDH),isobar,12.0,676.6666666666667,0.6727959559068311
PerplexDEW (ExtendedDH),isobar,12.0,678.8888888888889,0.6821796533841774
PerplexDEW (ExtendedDH),isobar,12.0,681.1111111111111,0.69167453111473
PerplexDEW (ExtendedDH),isobar,12.0,683.3333333333334,0.7012822805703224
PerplexDEW (ExtendedDH),isobar,12.0,685.5555555555555,0.7110045864094906
PerplexDEW (ExtendedDH),isobar,12.0,687.7777777777778,0.7208432519010841
PerplexDEW (ExtendedDH),isobar,12.0,690.0,0.7308001086269829
PerplexDEW (ExtendedDH),isobar,12.0,692.2222222222222,0.7408770161270583
PerplexDEW (ExtendedDH),isobar,12.0,694.4444444444445,0.7510759969450487
PerplexDEW (ExtendedDH),isobar,12.0,696.6666666666667,0.7613990067717517
PerplexDEW (ExtendedDH),isobar,12.0,698.8888888888889,0.7718481707091
PerplexDEW (ExtendedDH),isobar,12.0,701.1111111111111,0.7824256880210277
PerplexDEW (ExtendedDH),isobar,12.0,703.3333333333334,0.7931337624452509
PerplexDEW (ExtendedDH),isobar,12.0,705.5555555555555,0.8039747097557425
PerplexDEW (ExtendedDH),isobar,12.0,707.7777777777778,0.8149509640103068
PerplexDEW (ExtendedDH),isobar,12.0,710.0,0.8260649691154545
PerplexDEW (ExtendedDH),isobar,12.5,490.0,0.18101812416214963
PerplexDEW (ExtendedDH),isobar,12.5,492.22222222222223,0.18438350638539916
PerplexDEW (ExtendedDH),isobar,12.5,494.44444444444446,0.18779787440371784
PerplexDEW (ExtendedDH),isobar,12.5,496.6666666666667,0.191261713542161
PerplexDEW (ExtendedDH),isobar,12.5,498.8888888888889,0.19477549742177136
PerplexDEW (ExtendedDH),isobar,12.5,501.1111111111111,0.19833972262186614
PerplexDEW (ExtendedDH),isobar,12.5,503.3333333333333,0.20195486674589208
PerplexDEW (ExtendedDH),isobar,12.5,505.55555555555554,0.2056214162838855
PerplexDEW (ExtendedDH),isobar,12.5,507.77777777777777,0.20933986735937476
PerplexDEW (ExtendedDH),isobar,12.5,510.0,0.2131107109349504
PerplexDEW (ExtendedDH),isobar,12.5,512.2222222222222,0.21693444005568027
PerplexDEW (ExtendedDH),isobar,12.5,514.4444444444445,0.22081154989270652
PerplexDEW (ExtendedDH),isobar,12.5,516.6666666666666,0.22474254604704633
PerplexDEW (ExtendedDH),isobar,12.5,518.8888888888889,0.22872792015592044
PerplexDEW (ExtendedDH),isobar,12.5,521.1111111111111,0.2327681826625945
PerplexDEW (ExtendedDH),isobar,12.5,523.3333333333334,0.23686383827547355
PerplexDEW (ExtendedDH),isobar,12.5,525.5555555555555,0.24101540304610214
PerplexDEW (ExtendedDH),isobar,12.5,527.7777777777778,0.24522336896747052
PerplexDEW (ExtendedDH),isobar,12.5,530.0,0.2494882755255232
PerplexDEW (ExtendedDH),isobar,12.5,532.2222222222222,0.2538106198165494
PerplexDEW (ExtendedDH),isobar,12.5,534.4444444444445,0.25819092913520203
PerplexDEW (ExtendedDH),isobar,12.5,536.6666666666666,0.26262972457493566
PerplexDEW (ExtendedDH),isobar,12.5,538.8888888888889,0.2671275302170737
PerplexDEW (ExtendedDH),isobar,12.5,541.1111111111111,0.2716848834091021
PerplexDEW (ExtendedDH),isobar,12.5,543.3333333333334,0.27630230477561185
PerplexDEW (ExtendedDH),isobar,12.5,545.5555555555555,0.28098033863559113
PerplexDEW (ExtendedDH),isobar,12.5,547.7777777777778,0.28571952284272145
PerplexDEW (ExtendedDH),isobar,12.5,550.0,0.29052039891007425
PerplexDEW (ExtendedDH),isobar,12.5,552.2222222222222,0.29538352331303513
PerplexDEW (ExtendedDH),isobar,12.5,554.4444444444445,0.30030943463017307
PerplexDEW (ExtendedDH),isobar,12.5,556.6666666666666,0.3052986979048771
PerplexDEW (ExtendedDH),isobar,12.5,558.8888888888889,0.31035185983239805
PerplexDEW (ExtendedDH),isobar,12.5,561.1111111111111,0.3154695067757909
PerplexDEW (ExtendedDH),isobar,12.5,563.3333333333334,0.32065218277948726
PerplexDEW (ExtendedDH),isobar,12.5,565.5555555555555,0.3259004848438523
PerplexDEW (ExtendedDH),isobar,12.5,567.7777777777778,0.3312149916791642
PerplexDEW (ExtendedDH),isobar,12.5,570.0,0.3365962617333562
PerplexDEW (ExtendedDH),isobar,12.5,572.2222222222222,0.34204492293408173
PerplexDEW (ExtendedDH),isobar,12.5,574.4444444444445,0.34756155863504273
PerplexDEW (ExtendedDH),isobar,12.5,576.6666666666666,0.3531467575838578
PerplexDEW (ExtendedDH),isobar,12.5,578.8888888888889,0.3588011556935388
PerplexDEW (ExtendedDH),isobar,12.5,581.1111111111111,0.36452535554702703
PerplexDEW (ExtendedDH),isobar,12.5,583.3333333333334,0.37031999470713806
PerplexDEW (ExtendedDH),isobar,12.5,585.5555555555555,0.3761857048218823
PerplexDEW (ExtendedDH),isobar,12.5,587.7777777777778,0.3821231107436268
PerplexDEW (ExtendedDH),isobar,12.5,590.0,0.38813287493245696
PerplexDEW (ExtendedDH),isobar,12.5,592.2222222222222,0.3942156543707838
PerplexDEW (ExtendedDH),isobar,12.5,594.4444444444445,0.40037213097284285
PerplexDEW (ExtendedDH),isobar,12.5,596.6666666666666,0.40660294973089023
PerplexDEW (ExtendedDH),isobar,12.5,598.8888888888889,0.41290884464160954
PerplexDEW (ExtendedDH),isobar,12.5,601.1111111111111,0.4192904813736916
PerplexDEW (ExtendedDH),isobar,12.5,603.3333333333334,0.4257485681194308
PerplexDEW (ExtendedDH),isobar,12.5,605.5555555555555,0.4322838589771364
PerplexDEW (ExtendedDH),isobar,12.5,607.7777777777778,0.43889707068615197
PerplexDEW (ExtendedDH),isobar,12.5,610.0,0.44558893177866815
PerplexDEW (ExtendedDH),isobar,12.5,612.2222222222222,0.45236023706644546
PerplexDEW (ExtendedDH),isobar,12.5,614.4444444444445,0.4592117615105554
PerplexDEW (ExtendedDH),isobar,12.5,616.6666666666666,0.4661442764347202
PerplexDEW (ExtendedDH),isobar,12.5,618.8888888888889,0.4731586053880582
PerplexDEW (ExtendedDH),isobar,12.5,621.1111111111111,0.48025555112167023
PerplexDEW (ExtendedDH),isobar,12.5,623.3333333333334,0.48743599098524926
PerplexDEW (ExtendedDH),isobar,12.5,625.5555555555555,0.49470074334088676
PerplexDEW (ExtendedDH),isobar,12.5,627.7777777777778,0.502050723720447
PerplexDEW (ExtendedDH),isobar,12.5,630.0,0.5094868083247736
PerplexDEW (ExtendedDH),isobar,12.5,632.2222222222222,0.517009913583758
PerplexDEW (ExtendedDH),isobar,12.5,634.4444444444445,0.5246209988559234
PerplexDEW (ExtendedDH),isobar,12.5,636.6666666666667,0.5323210042024341
PerplexDEW (ExtendedDH),isobar,12.5,638.8888888888889,0.540110935994453
PerplexDEW (ExtendedDH),isobar,12.5,641.1111111111111,0.547991804413398
PerplexDEW (ExtendedDH),isobar,12.5,643.3333333333334,0.5559646455387893
PerplexDEW (ExtendedDH),isobar,12.5,645.5555555555555,0.5640305225236579
PerplexDEW (ExtendedDH),isobar,12.5,647.7777777777778,0.5721905268173819
PerplexDEW (ExtendedDH),isobar,12.5,650.0,0.5804457794381782
PerplexDEW (ExtendedDH),isobar,12.5,652.2222222222222,0.5887974567184963
PerplexDEW (ExtendedDH),isobar,12.5,654.4444444444445,0.5972467192519917
PerplexDEW (ExtendedDH),isobar,12.5,656.6666666666667,0.6057948102049195
PerplexDEW (ExtendedDH),isobar,12.5,658.8888888888889,0.6144429582641721
PerplexDEW (ExtendedDH),isobar,12.5,661.1111111111111,0.6231924794126209
PerplexDEW (ExtendedDH),isobar,12.5,663.3333333333334,0.6320447031774599
PerplexDEW (ExtendedDH),isobar,12.5,665.5555555555555,0.6410009991406221
PerplexDEW (ExtendedDH),isobar,12.5,667.7777777777778,0.6500627786724403
PerplexDEW (ExtendedDH),isobar,12.5,670.0,0.6592314967317637
PerplexDEW (ExtendedDH),isobar,12.5,672.2222222222222,0.6685086822056985
PerplexDEW (ExtendedDH),isobar,12.5,674.4444444444445,0.6778958264570021
PerplexDEW (ExtendedDH),isobar,12.5,676.6666666666667,0.6873945841599808
PerplexDEW (ExtendedDH),isobar,12.5,678.8888888888889,0.6970066055663996
PerplexDEW (ExtendedDH),isobar,12.5,681.1111111111111,0.7067335641507585
PerplexDEW (ExtendedDH),isobar,12.5,683.3333333333334,0.7165772492891981
PerplexDEW (ExtendedDH),isobar,12.5,685.5555555555555,0.7265394791913451
PerplexDEW (ExtendedDH),isobar,12.5,687.7777777777778,0.7366221006560715
PerplexDEW (ExtendedDH),isobar,12.5,690.0,0.7468270868225991
PerplexDEW (ExtendedDH),isobar,12.5,692.2222222222222,0.7571564788778747
PerplexDEW (ExtendedDH),isobar,12.5,694.4444444444445,0.7676122873003035
PerplexDEW (ExtendedDH),isobar,12.5,696.6666666666667,0.7781967269395101
PerplexDEW (ExtendedDH),isobar,12.5,698.8888888888889,0.7889119864426141
PerplexDEW (ExtendedDH),isobar,12.5,701.1111111111111,0.7997603648778441
PerplexDEW (ExtendedDH),isobar,12.5,703.3333333333334,0.8107442415606234
PerplexDEW (ExtendedDH),isobar,12.5,705.5555555555555,0.8218661162390564
PerplexDEW (ExtendedDH),isobar,12.5,707.7777777777778,0.8331285404379191
PerplexDEW (ExtendedDH),isobar,12.5,710.0,0.8445341176194201
PerplexDEW (ExtendedDH),isobar,15.0,490.0,0.19879704562633238
PerplexDEW (ExtendedDH),isobar,15.0,492.22222222222223,0.20249451901098153
PerplexDEW (ExtendedDH),isobar,15.0,494.44444444444446,0.2062459522109726
PerplexDEW (ExtendedDH),isobar,15.0,496.6666666666667,0.21005189360450863
PerplexDEW (ExtendedDH),isobar,15.0,498.8888888888889,0.21391287386904023
PerplexDEW (ExtendedDH),isobar,15.0,501.1111111111111,0.21782944002409715
PerplexDEW (ExtendedDH),isobar,15.0,503.3333333333333,0.22180213481568126
PerplexDEW (ExtendedDH),isobar,15.0,505.55555555555554,0.2258314960624576
PerplexDEW (ExtendedDH),isobar,15.0,507.77777777777777,0.22991808654338303
PerplexDEW (ExtendedDH),isobar,15.0,510.0,0.23406244561828388
PerplexDEW (ExtendedDH),isobar,15.0,512.2222222222222,0.23826513831674967
PerplexDEW (ExtendedDH),isobar,15.0,514.4444444444445,0.24252671314094545
PerplexDEW (ExtendedDH),isobar,15.0,516.6666666666666,0.24684773736104415
PerplexDEW (ExtendedDH),isobar,15.0,518.8888888888889,0.2512287692123519
PerplexDEW (ExtendedDH),isobar,15.0,521.1111111111111,0.2556703825162088
PerplexDEW (ExtendedDH),isobar,15.0,523.3333333333334,0.26017314177313144
PerplexDEW (ExtendedDH),isobar,15.0,525.5555555555555,0.26473762329894857
PerplexDEW (ExtendedDH),isobar,15.0,527.7777777777778,0.2693643980145571
PerplexDEW (ExtendedDH),isobar,15.0,530.0,0.2740540538278583
PerplexDEW (ExtendedDH),isobar,15.0,532.2222222222222,0.27880717349860107
PerplexDEW (ExtendedDH),isobar,15.0,534.4444444444445,0.2836243387072097
PerplexDEW (ExtendedDH),isobar,15.0,536.6666666666666,0.2885061444103067
PerplexDEW (ExtendedDH),isobar,15.0,538.8888888888889,0.2934531899277218
PerplexDEW (ExtendedDH),isobar,15.0,541.1111111111111,0.29846606896640526
PerplexDEW (ExtendedDH),isobar,15.0,543.3333333333334,0.30354539469905156
PerplexDEW (ExtendedDH),isobar,15.0,545.5555555555555,0.30869177504564804
PerplexDEW (ExtendedDH),isobar,15.0,547.7777777777778,0.31390581191879763
PerplexDEW (ExtendedDH),isobar,15.0,550.0,0.31918813319750566
PerplexDEW (ExtendedDH),isobar,15.0,552.2222222222222,0.32453936711480236
PerplexDEW (ExtendedDH),isobar,15.0,554.4444444444445,0.3299601363420596
PerplexDEW (ExtendedDH),isobar,15.0,556.6666666666666,0.33545108027315734
PerplexDEW (ExtendedDH),isobar,15.0,558.8888888888889,0.3410128328280955
PerplexDEW (ExtendedDH),isobar,15.0,561.1111111111111,0.3466460515594474
PerplexDEW (ExtendedDH),isobar,15.0,563.3333333333334,0.3523513891127261
PerplexDEW (ExtendedDH),isobar,15.0,565.5555555555555,0.35812950485063705
PerplexDEW (ExtendedDH),isobar,15.0,567.7777777777778,0.36398105255188373
PerplexDEW (ExtendedDH),isobar,15.0,570.0,0.3699067309830414
PerplexDEW (ExtendedDH),isobar,15.0,572.2222222222222,0.3759072092271286
PerplexDEW (ExtendedDH),isobar,15.0,574.4444444444445,0.38198319015342824
PerplexDEW (ExtendedDH),isobar,15.0,576.6666666666666,0.38813535896362417
PerplexDEW (ExtendedDH),isobar,15.0,578.8888888888889,0.3943644363731969
PerplexDEW (ExtendedDH),isobar,15.0,581.1111111111111,0.40067112532596977
PerplexDEW (ExtendedDH),isobar,15.0,583.3333333333334,0.4070561804018759
PerplexDEW (ExtendedDH),isobar,15.0,585.5555555555555,0.413520310306849
PerplexDEW (ExtendedDH),isobar,15.0,587.7777777777778,0.42006429164264875
PerplexDEW (ExtendedDH),isobar,15.0,590.0,0.4266888692055404
PerplexDEW (ExtendedDH),isobar,15.0,592.2222222222222,0.43339481391070556
PerplexDEW (ExtendedDH),isobar,15.0,594.4444444444445,0.4401829246734271
PerplexDEW (ExtendedDH),isobar,15.0,596.6666666666666,0.4470539986632685
PerplexDEW (ExtendedDH),isobar,15.0,598.8888888888889,0.4540088305943726
PerplexDEW (ExtendedDH),isobar,15.0,601.1111111111111,0.46104826123438847
PerplexDEW (ExtendedDH),isobar,15.0,603.3333333333334,0.4681731308081463
PerplexDEW (ExtendedDH),isobar,15.0,605.5555555555555,0.475384295312513
PerplexDEW (ExtendedDH),isobar,15.0,607.7777777777778,0.4826826445699753
PerplexDEW (ExtendedDH),isobar,15.0,610.0,0.49006904296397036
PerplexDEW (ExtendedDH),isobar,15.0,612.2222222222222,0.49754442493221507
PerplexDEW (ExtendedDH),isobar,15.0,614.4444444444445,0.5051096911888073
PerplexDEW (ExtendedDH),isobar,15.0,616.6666666666666,0.512765834624334
PerplexDEW (ExtendedDH),isobar,15.0,618.8888888888889,0.5205137874517957
PerplexDEW (ExtendedDH),isobar,15.0,621.1111111111111,0.5283545587495712
PerplexDEW (ExtendedDH),isobar,15.0,623.3333333333334,0.5362891428830148
PerplexDEW (ExtendedDH),isobar,15.0,625.5555555555555,0.5443186164394072
PerplexDEW (ExtendedDH),isobar,15.0,627.7777777777778,0.5524440234004825
PerplexDEW (ExtendedDH),isobar,15.0,630.0,0.5606664738280337
PerplexDEW (ExtendedDH),isobar,15.0,632.2222222222222,0.5689870442159504
PerplexDEW (ExtendedDH),isobar,15.0,634.4444444444445,0.5774069220706395
PerplexDEW (ExtendedDH),isobar,15.0,636.6666666666667,0.58592728486317
PerplexDEW (ExtendedDH),isobar,15.0,638.8888888888889,0.5945493198103187
PerplexDEW (ExtendedDH),isobar,15.0,641.1111111111111,0.6032742904833448
PerplexDEW (ExtendedDH),isobar,15.0,643.3333333333334,0.612103473924007
PerplexDEW (ExtendedDH),isobar,15.0,645.5555555555555,0.6210381719044018
PerplexDEW (ExtendedDH),isobar,15.0,647.7777777777778,0.6300797468630578
PerplexDEW (ExtendedDH),isobar,15.0,650.0,0.6392296016952974
PerplexDEW (ExtendedDH),isobar,15.0,652.2222222222222,0.6484891572479274
PerplexDEW (ExtendedDH),isobar,15.0,654.4444444444445,0.6578598892563495
PerplexDEW (ExtendedDH),isobar,15.0,656.6666666666667,0.6673433439092002
PerplexDEW (ExtendedDH),isobar,15.0,658.8888888888889,0.6769410651952725
PerplexDEW (ExtendedDH),isobar,15.0,661.1111111111111,0.6866546708335927
PerplexDEW (ExtendedDH),isobar,15.0,663.3333333333334,0.6964858566363135
PerplexDEW (ExtendedDH),isobar,15.0,665.5555555555555,0.7064363471390822
PerplexDEW (ExtendedDH),isobar,15.0,667.7777777777778,0.716507923147142
PerplexDEW (ExtendedDH),isobar,15.0,670.0,0.7267023962736048
PerplexDEW (ExtendedDH),isobar,15.0,672.2222222222222,0.7370216942757695
PerplexDEW (ExtendedDH),isobar,15.0,674.4444444444445,0.7474678107751757
PerplexDEW (ExtendedDH),isobar,15.0,676.6666666666667,0.7580427198762381
PerplexDEW (ExtendedDH),isobar,15.0,678.8888888888889,0.7687485808683072
PerplexDEW (ExtendedDH),isobar,15.0,681.1111111111111,0.77958750789554
PerplexDEW (ExtendedDH),isobar,15.0,683.3333333333334,0.7905618104403812
PerplexDEW (ExtendedDH),isobar,15.0,685.5555555555555,0.8016738180321709
PerplexDEW (ExtendedDH),isobar,15.0,687.7777777777778,0.8129259102856735
PerplexDEW (ExtendedDH),isobar,15.0,690.0,0.8243205828436053
PerplexDEW (ExtendedDH),isobar,15.0,692.2222222222222,0.8358604537610942
PerplexDEW (ExtendedDH),isobar,15.0,694.4444444444445,0.8475482024738441
PerplexDEW (ExtendedDH),isobar,15.0,696.6666666666667,0.8593865707115927
PerplexDEW (ExtendedDH),isobar,15.0,698.8888888888889,0.8713784686719925
PerplexDEW (ExtendedDH),isobar,15.0,701.1111111111111,0.8835268781787692
PerplexDEW (ExtendedDH),isobar,15.0,703.3333333333334,0.8958348902342425
PerplexDEW (ExtendedDH),isobar,15.0,705.5555555555555,0.9083056909230415
PerplexDEW (ExtendedDH),isobar,15.0,707.7777777777778,0.9209426209324194
PerplexDEW (ExtendedDH),isobar,15.0,710.0,0.9337491452875678
PerplexDEW (ExtendedDH),isobar,17.5,490.0,0.21630127080810724
PerplexDEW (ExtendedDH),isobar,17.5,492.22222222222223,0.2203200002108978
PerplexDEW (ExtendedDH),isobar,17.5,494.44444444444446,0.2243973809874009
PerplexDEW (ExtendedDH),isobar,17.5,496.6666666666667,0.2285339955168821
PerplexDEW (ExtendedDH),isobar,17.5,498.8888888888889,0.23273043236928703
PerplexDEW (ExtendedDH),isobar,17.5,501.1111111111111,0.23698728671281544
PerplexDEW (ExtendedDH),isobar,17.5,503.3333333333333,0.241305157032493
PerplexDEW (ExtendedDH),isobar,17.5,505.55555555555554,0.2456846376733157
PerplexDEW (ExtendedDH),isobar,17.5,507.77777777777777,0.2501263335440635
PerplexDEW (ExtendedDH),isobar,17.5,510.0,0.25463084527149343
PerplexDEW (ExtendedDH),isobar,17.5,512.2222222222222,0.25919878848217676
PerplexDEW (ExtendedDH),isobar,17.5,514.4444444444445,0.26383077470209854
PerplexDEW (ExtendedDH),isobar,17.5,516.6666666666666,0.26852741069599073
PerplexDEW (ExtendedDH),isobar,17.5,518.8888888888889,0.2732893315616323
PerplexDEW (ExtendedDH),isobar,17.5,521.1111111111111,0.2781171472850952
PerplexDEW (ExtendedDH),isobar,17.5,523.3333333333334,0.28301149705669926
PerplexDEW (ExtendedDH),isobar,17.5,525.5555555555555,0.2879729982316443
PerplexDEW (ExtendedDH),isobar,17.5,527.7777777777778,0.2930023031604653
PerplexDEW (ExtendedDH),isobar,17.5,530.0,0.29810003271758856
PerplexDEW (ExtendedDH),isobar,17.5,532.2222222222222,0.3032668486382322
PerplexDEW (ExtendedDH),isobar,17.5,534.4444444444445,0.30850339458530956
PerplexDEW (ExtendedDH),isobar,17.5,536.6666666666666,0.3138103235597945
PerplexDEW (ExtendedDH),isobar,17.5,538.8888888888889,0.3191882935370461
PerplexDEW (ExtendedDH),isobar,17.5,541.1111111111111,0.3246379676680468
PerplexDEW (ExtendedDH),isobar,17.5,543.3333333333334,0.3301600248569441
PerplexDEW (ExtendedDH),isobar,17.5,545.5555555555555,0.33575513455657324
PerplexDEW (ExtendedDH),isobar,17.5,547.7777777777778,0.341423971706535
PerplexDEW (ExtendedDH),isobar,17.5,550.0,0.3471672388659797
PerplexDEW (ExtendedDH),isobar,17.5,552.2222222222222,0.3529856183126147
PerplexDEW (ExtendedDH),isobar,17.5,554.4444444444445,0.35887981523229995
PerplexDEW (ExtendedDH),isobar,17.5,556.6666666666666,0.3648505364273813
PerplexDEW (ExtendedDH),isobar,17.5,558.8888888888889,0.3708985018940485
PerplexDEW (ExtendedDH),isobar,17.5,561.1111111111111,0.3770244277257675
PerplexDEW (ExtendedDH),isobar,17.5,563.3333333333334,0.38322905589185646
PerplexDEW (ExtendedDH),isobar,17.5,565.5555555555555,0.38951311900306756
PerplexDEW (ExtendedDH),isobar,17.5,567.7777777777778,0.3958773643447158
PerplexDEW (ExtendedDH),isobar,17.5,570.0,0.40232254841319603
PerplexDEW (ExtendedDH),isobar,17.5,572.2222222222222,0.40884945045015564
PerplexDEW (ExtendedDH),isobar,17.5,574.4444444444445,0.4154588340971413
PerplexDEW (ExtendedDH),isobar,17.5,576.6666666666666,0.4221514998021846
PerplexDEW (ExtendedDH),isobar,17.5,578.8888888888889,0.42892824629519183
PerplexDEW (ExtendedDH),isobar,17.5,581.1111111111111,0.4357898699448321
PerplexDEW (ExtendedDH),isobar,17.5,583.3333333333334,0.4427372212705155
PerplexDEW (ExtendedDH),isobar,17.5,585.5555555555555,0.44977110744837745
PerplexDEW (ExtendedDH),isobar,17.5,587.7777777777778,0.456892406328313
PerplexDEW (ExtendedDH),isobar,17.5,590.0,0.46410196676826077
PerplexDEW (ExtendedDH),isobar,17.5,592.2222222222222,0.4714006744215151
PerplexDEW (ExtendedDH),isobar,17.5,594.4444444444445,0.47878942324211216
PerplexDEW (ExtendedDH),isobar,17.5,596.6666666666666,0.48626912352096985
PerplexDEW (ExtendedDH),isobar,17.5,598.8888888888889,0.4938407026848767
PerplexDEW (ExtendedDH),isobar,17.5,601.1111111111111,0.5015051143470484
PerplexDEW (ExtendedDH),isobar,17.5,603.3333333333334,0.5092633231864065
PerplexDEW (ExtendedDH),isobar,17.5,605.5555555555555,0.517116313664681
PerplexDEW (ExtendedDH),isobar,17.5,607.7777777777778,0.5250650823402307
PerplexDEW (ExtendedDH),isobar,17.5,610.0,0.5331106821174335
PerplexDEW (ExtendedDH),isobar,17.5,612.2222222222222,0.5412541368156565
PerplexDEW (ExtendedDH),isobar,17.5,614.4444444444445,0.5494965469668613
PerplexDEW (ExtendedDH),isobar,17.5,616.6666666666666,0.5578389937230213
PerplexDEW (ExtendedDH),isobar,17.5,618.8888888888889,0.5662826115210655
PerplexDEW (ExtendedDH),isobar,17.5,621.1111111111111,0.574828562973207
PerplexDEW (ExtendedDH),isobar,17.5,623.3333333333334,0.5834780207094546
PerplexDEW (ExtendedDH),isobar,17.5,625.5555555555555,0.5922322067728416
PerplexDEW (ExtendedDH),isobar,17.5,627.7777777777778,0.6010923654691875
PerplexDEW (ExtendedDH),isobar,17.5,630.0,0.6100597640263435
PerplexDEW (ExtendedDH),isobar,17.5,632.2222222222222,0.6191357350337778
PerplexDEW (ExtendedDH),isobar,17.5,634.4444444444445,0.628321617027014
PerplexDEW (ExtendedDH),isobar,17.5,636.6666666666667,0.6376188075205136
PerplexDEW (ExtendedDH),isobar,17.5,638.8888888888889,0.6470287226622048
PerplexDEW (ExtendedDH),isobar,17.5,641.1111111111111,0.6565528419361717
PerplexDEW (ExtendedDH),isobar,17.5,643.3333333333334,0.6661926778787691
PerplexDEW (ExtendedDH),isobar,17.5,645.5555555555555,0.6759497887127714
PerplexDEW (ExtendedDH),isobar,17.5,647.7777777777778,0.6858257922132205
PerplexDEW (ExtendedDH),isobar,17.5,650.0,0.695822333002892
PerplexDEW (ExtendedDH),isobar,17.5,652.2222222222222,0.7059411315043648
PerplexDEW (ExtendedDH),isobar,17.5,654.4444444444445,0.7161839388332369
PerplexDEW (ExtendedDH),isobar,17.5,656.6666666666667,0.7265525875710086
PerplexDEW (ExtendedDH),isobar,17.5,658.8888888888889,0.7370489708434599
PerplexDEW (ExtendedDH),isobar,17.5,661.1111111111111,0.7476750189474337
PerplexDEW (ExtendedDH),isobar,17.5,663.3333333333334,0.7584327397236112
PerplexDEW (ExtendedDH),isobar,17.5,665.5555555555555,0.7693242090667466
PerplexDEW (ExtendedDH),isobar,17.5,667.7777777777778,0.7803516014258189
PerplexDEW (ExtendedDH),isobar,17.5,670.0,0.7915171114482215
PerplexDEW (ExtendedDH),isobar,17.5,672.2222222222222,0.8028230520235426
PerplexDEW (ExtendedDH),isobar,17.5,674.4444444444445,0.8142718178995385
PerplexDEW (ExtendedDH),isobar,17.5,676.6666666666667,0.8258658450370591
PerplexDEW (ExtendedDH),isobar,17.5,678.8888888888889,0.837607715403086
PerplexDEW (ExtendedDH),isobar,17.5,681.1111111111111,0.8495000438636982
PerplexDEW (ExtendedDH),isobar,17.5,683.3333333333334,0.8615456322077815
PerplexDEW (ExtendedDH),isobar,17.5,685.5555555555555,0.8737472600001125
PerplexDEW (ExtendedDH),isobar,17.5,687.7777777777778,0.8861079031757914
PerplexDEW (ExtendedDH),isobar,17.5,690.0,0.8986306321724992
PerplexDEW (ExtendedDH),isobar,17.5,692.2222222222222,0.9113185984575483
PerplexDEW (ExtendedDH),isobar,17.5,694.4444444444445,0.9241750703160101
PerplexDEW (ExtendedDH),isobar,17.5,696.6666666666667,0.9372035069996483
PerplexDEW (ExtendedDH),isobar,17.5,698.8888888888889,0.9504073938050974
PerplexDEW (ExtendedDH),isobar,17.5,701.1111111111111,0.9637904533785616
PerplexDEW (ExtendedDH),isobar,17.5,703.3333333333334,0.9773564414565243
PerplexDEW (ExtendedDH),isobar,17.5,705.5555555555555,0.991109366257304
PerplexDEW (ExtendedDH),isobar,17.5,707.7777777777778,1.0050533147610192
PerplexDEW (ExtendedDH),isobar,17.5,710.0,1.019192529333063
PerplexDEW (ExtendedDH),isobar,20.0,495.0,0.24346033902491926
PerplexDEW (ExtendedDH),isobar,20.0,496.1111111111111,0.24568994893413384
PerplexDEW (ExtendedDH),isobar,20.0,497.22222222222223,0.2479356164430479
PerplexDEW (ExtendedDH),isobar,20.0,498.3333333333333,0.2501974213094655
PerplexDEW (ExtendedDH),isobar,20.0,499.44444444444446,0.2524754434741333
PerplexDEW (ExtendedDH),isobar,20.0,500.55555555555554,0.2547697594642543
PerplexDEW (ExtendedDH),isobar,20.0,501.6666666666667,0.25708045322374773
PerplexDEW (ExtendedDH),isobar,20.0,502.77777777777777,0.2594076053575919
PerplexDEW (ExtendedDH),isobar,20.0,503.8888888888889,0.26175129669763736
PerplexDEW (ExtendedDH),isobar,20.0,505.0,0.26411160830537844
PerplexDEW (ExtendedDH),isobar,20.0,506.1111111111111,0.26648862147475155
PerplexDEW (ExtendedDH),isobar,20.0,507.22222222222223,0.26888241773519633
PerplexDEW (ExtendedDH),isobar,20.0,508.3333333333333,0.2712930788546867
PerplexDEW (ExtendedDH),isobar,20.0,509.44444444444446,0.27372068292051616
PerplexDEW (ExtendedDH),isobar,20.0,510.55555555555554,0.2761653239552506
PerplexDEW (ExtendedDH),isobar,20.0,511.6666666666667,0.2786270726947974
PerplexDEW (ExtendedDH),isobar,20.0,512.7777777777778,0.28110601581746897
PerplexDEW (ExtendedDH),isobar,20.0,513.8888888888889,0.28360223633500764
PerplexDEW (ExtendedDH),isobar,20.0,515.0,0.2861158216321759
PerplexDEW (ExtendedDH),isobar,20.0,516.1111111111111,0.2886468470569783
PerplexDEW (ExtendedDH),isobar,20.0,517.2222222222222,0.2911954046789156
PerplexDEW (ExtendedDH),isobar,20.0,518.3333333333334,0.2937615786927123
PerplexDEW (ExtendedDH),isobar,20.0,519.4444444444445,0.29634544930039375
PerplexDEW (ExtendedDH),isobar,20.0,520.5555555555555,0.2989470968261444
PerplexDEW (ExtendedDH),isobar,20.0,521.6666666666666,0.30156661912655536
PerplexDEW (ExtendedDH),isobar,20.0,522.7777777777778,0.3042040884798751
PerplexDEW (ExtendedDH),isobar,20.0,523.8888888888889,0.3068595991412257
PerplexDEW (ExtendedDH),isobar,20.0,525.0,0.30953323704594027
PerplexDEW (ExtendedDH),isobar,20.0,526.1111111111111,0.3122250794026183
PerplexDEW (ExtendedDH),isobar,20.0,527.2222222222222,0.3149352261967543
PerplexDEW (ExtendedDH),isobar,20.0,528.3333333333334,0.3176637552279027
PerplexDEW (ExtendedDH),isobar,20.0,529.4444444444445,0.32041075357185417
PerplexDEW (ExtendedDH),isobar,20.0,530.5555555555555,0.3231763133236498
PerplexDEW (ExtendedDH),isobar,20.0,531.6666666666666,0.32596051762498623
PerplexDEW (ExtendedDH),isobar,20.0,532.7777777777778,0.3287634593398454
PerplexDEW (ExtendedDH),isobar,20.0,533.8888888888889,0.3315852270391547
PerplexDEW (ExtendedDH),isobar,20.0,535.0,0.3344259096532169
PerplexDEW (ExtendedDH),isobar,20.0,536.1111111111111,0.3372855915691862
PerplexDEW (ExtendedDH),isobar,20.0,537.2222222222222,0.3401643672775015
PerplexDEW (ExtendedDH),isobar,20.0,538.3333333333334,0.3430623218293483
PerplexDEW (ExtendedDH),isobar,20.0,539.4444444444445,0.34597955562193683
PerplexDEW (ExtendedDH),isobar,20.0,540.5555555555555,0.34891614944674354
PerplexDEW (ExtendedDH),isobar,20.0,541.6666666666666,0.3518721995494543
PerplexDEW (ExtendedDH),isobar,20.0,542.7777777777778,0.3548477975900136
PerplexDEW (ExtendedDH),isobar,20.0,543.8888888888889,0.35784303565229114
PerplexDEW (ExtendedDH),isobar,20.0,545.0,0.3608580009713227
PerplexDEW (ExtendedDH),isobar,20.0,546.1111111111111,0.3638927970225199
PerplexDEW (ExtendedDH),isobar,20.0,547.2222222222222,0.3669475066049231
PerplexDEW (ExtendedDH),isobar,20.0,548.3333333333334,0.37002223430109893
PerplexDEW (ExtendedDH),isobar,20.0,549.4444444444445,0.3731170636509592
PerplexDEW (ExtendedDH),isobar,20.0,550.5555555555555,0.37623210038840854
PerplexDEW (ExtendedDH),isobar,20.0,551.6666666666666,0.37936742883352687
PerplexDEW (ExtendedDH),isobar,20.0,552.7777777777778,0.3825231559181585
PerplexDEW (ExtendedDH),isobar,20.0,553.8888888888889,0.38569936678427663
PerplexDEW (ExtendedDH),isobar,20.0,555.0,0.3888961696107763
PerplexDEW (ExtendedDH),isobar,20.0,556.1111111111111,0.39211366196667535
PerplexDEW (ExtendedDH),isobar,20.0,557.2222222222222,0.39535193031175914
PerplexDEW (ExtendedDH),isobar,20.0,558.3333333333334,0.398611078909679
PerplexDEW (ExtendedDH),isobar,20.0,559.4444444444445,0.4018912128121322
PerplexDEW (ExtendedDH),isobar,20.0,560.5555555555555,0.40519242589472065
PerplexDEW (ExtendedDH),isobar,20.0,561.6666666666666,0.40851481847231846
PerplexDEW (ExtendedDH),isobar,20.0,562.7777777777778,0.4118584975791326
PerplexDEW (ExtendedDH),isobar,20.0,563.8888888888889,0.4152235587971273
PerplexDEW (ExtendedDH),isobar,20.0,565.0,0.4186101043498271
PerplexDEW (ExtendedDH),isobar,20.0,566.1111111111111,0.4220182433899071
PerplexDEW (ExtendedDH),isobar,20.0,567.2222222222222,0.42544807333755297
PerplexDEW (ExtendedDH),isobar,20.0,568.3333333333334,0.42889969846419185
PerplexDEW (ExtendedDH),isobar,20.0,569.4444444444445,0.4323732301877674
PerplexDEW (ExtendedDH),isobar,20.0,570.5555555555555,0.43586876790953455
PerplexDEW (ExtendedDH),isobar,20.0,571.6666666666666,0.43938642464526784
PerplexDEW (ExtendedDH),isobar,20.0,572.7777777777778,0.4429263078063012
PerplexDEW (ExtendedDH),isobar,20.0,573.8888888888889,0.44648851226900343
PerplexDEW (ExtendedDH),isobar,20.0,575.0,0.45007316685170573
PerplexDEW (ExtendedDH),isobar,20.0,576.1111111111111,0.4536803680054108
PerplexDEW (ExtendedDH),isobar,20.0,577.2222222222222,0.4573102330731275
PerplexDEW (ExtendedDH),isobar,20.0,578.3333333333334,0.46096286670401454
PerplexDEW (ExtendedDH),isobar,20.0,579.4444444444445,0.4646383950754246
PerplexDEW (ExtendedDH),isobar,20.0,580.5555555555555,0.46833691065317806
PerplexDEW (ExtendedDH),isobar,20.0,581.6666666666666,0.47205854859903346
PerplexDEW (ExtendedDH),isobar,20.0,582.7777777777778,0.4758034100427474
PerplexDEW (ExtendedDH),isobar,20.0,583.8888888888889,0.4795716182185688
PerplexDEW (ExtendedDH),isobar,20.0,585.0,0.4833632903415857
PerplexDEW (ExtendedDH),isobar,20.0,586.1111111111111,0.4871785373192161
PerplexDEW (ExtendedDH),isobar,20.0,587.2222222222222,0.49101749304953274
PerplexDEW (ExtendedDH),isobar,20.0,588.3333333333334,0.49488026316958594
PerplexDEW (ExtendedDH),isobar,20.0,589.4444444444445,0.49876697648630064
PerplexDEW (ExtendedDH),isobar,20.0,590.5555555555555,0.5026777631960757
PerplexDEW (ExtendedDH),isobar,20.0,591.6666666666666,0.5066127242793393
PerplexDEW (ExtendedDH),isobar,20.0,592.7777777777778,0.5105720151889521
PerplexDEW (ExtendedDH),isobar,20.0,593.8888888888889,0.5145557313148111
PerplexDEW (ExtendedDH),isobar,20.0,595.0,0.5185640232405688
PerplexDEW (ExtendedDH),isobar,20.0,596.1111111111111,0.5225970119203145
PerplexDEW (ExtendedDH),isobar,20.0,597.2222222222222,0.5266548273395274
PerplexDEW (ExtendedDH),isobar,20.0,598.3333333333334,0.5307376008208176
PerplexDEW (ExtendedDH),isobar,20.0,599.4444444444445,0.5348454650562865
PerplexDEW (ExtendedDH),isobar,20.0,600.5555555555555,0.5389785541407697
PerplexDEW (ExtendedDH),isobar,20.0,601.6666666666666,0.5431370118836503
PerplexDEW (ExtendedDH),isobar,20.0,602.7777777777778,0.5473209588034524
PerplexDEW (ExtendedDH),isobar,20.0,603.8888888888889,0.5515305500385986
PerplexDEW (ExtendedDH),isobar,20.0,605.0,0.5557659088719964
PerplexDEW (ExtendedDH),psat,3.16674874006291e-05,25.0,0.00018431190658059417
PerplexDEW (ExtendedDH),psat,3.8971296034890025e-05,28.525252525252526,0.00019858395890899087
PerplexDEW (ExtendedDH),psat,4.770372635983489e-05,32.05050505050505,0.00021385052500476893
PerplexDEW (ExtendedDH),psat,5.8093119737924695e-05,35.57575757575758,0.00023016402900146335
PerplexDEW (ExtendedDH),psat,7.039572688496795e-05,39.101010101010104,0.0002475790726818866
PerplexDEW (ExtendedDH),psat,8.48979454804781e-05,42.62626262626263,0.00026615243592484957
PerplexDEW (ExtendedDH),psat,0.00010191861255354801,46.15151515151515,0.0002857842734801642
PerplexDEW (ExtendedDH),psat,0.00012181134269627938,49.676767676767675,0.0003059448563809747
PerplexDEW (ExtendedDH),psat,0.00014496690272637378,53.2020202020202,0.00032743224425977306
PerplexDEW (ExtendedDH),psat,0.0001718156130765712,56.72727272727273,0.0003503109019524141
PerplexDEW (ExtendedDH),psat,0.00020282976593169125,60.25252525252525,0.00037464811260724297
PerplexDEW (ExtendedDH),psat,0.00023852604996343644,63.77777777777778,0.0004005141592149833
PerplexDEW (ExtendedDH),psat,0.0002794679714270711,67.3030303030303,0.0004279819590827774
PerplexDEW (ExtendedDH),psat,0.0003262682613799407,70.82828282828282,0.00045712735378741575
PerplexDEW (ExtendedDH),psat,0.00037959125885595255,74.35353535353535,0.00048802886560439073
PerplexDEW (ExtendedDH),psat,0.00044015525997838205,77.87878787878788,0.0005207677507607279
PerplexDEW (ExtendedDH),psat,0.0005087348232109338,81.4040404040404,0.0005554279668654336
PerplexDEW (ExtendedDH),psat,0.0005861630212284873,84.92929292929293,0.0005920962811604875
PerplexDEW (ExtendedDH),psat,0.0006733336302288337,88.45454545454545,0.0006308620180598299
PerplexDEW (ExtendedDH),psat,0.000771203247899121,91.97979797979798,0.0006718173085245626
PerplexDEW (ExtendedDH),psat,0.0008807933316895004,95.5050505050505,0.0007150568637702869
PerplexDEW (ExtendedDH),psat,0.0010031921495257904,99.03030303030303,0.000760678099721506
PerplexDEW (ExtendedDH),psat,0.0011395566356065194,102.55555555555556,0.000808781049612916
PerplexDEW (ExtendedDH),psat,0.0012911141444717424,106.08080808080808,0.0008594683920959162
PerplexDEW (ExtendedDH),psat,0.0014591640970957162,109.6060606060606,0.0009128451710602476
PerplexDEW (ExtendedDH),psat,0.0016450795133371896,113.13131313131312,0.0009690191971121668
PerplexDEW (ExtendedDH),psat,0.0018503084256746045,116.65656565656565,0.0010281004166635805
PerplexDEW (ExtendedDH),psat,0.0020763751697535993,120.18181818181817,0.0010902013284202253
PerplexDEW (ExtendedDH),psat,0.0023248815478766408,123.7070707070707,0.0011554366398906436
PerplexDEW (ExtendedDH),psat,0.0025975078621642976,127.23232323232322,0.0012239236081060302
PerplexDEW (ExtendedDH),psat,0.002896013814711435,130.75757575757575,0.001295780915106042
PerplexDEW (ExtendedDH),psat,0.0032222392726451747,134.2828282828283,0.001371129778812218
PerplexDEW (ExtendedDH),psat,0.003578104896561738,137.8080808080808,0.0014500931598203164
PerplexDEW (ExtendedDH),psat,0.0039656126313736195,141.33333333333331,0.0015327955587433459
PerplexDEW (ExtendedDH),psat,0.004386846059133994,144.85858585858585,0.0016193631174456482
PerplexDEW (ExtendedDH),psat,0.004843970613919506,148.3838383838384,0.0017099234709892904
PerplexDEW (ExtendedDH),psat,0.005339233659344778,151.9090909090909,0.0018046052069908686
PerplexDEW (ExtendedDH),psat,0.005874964429748883,155.43434343434342,0.001903537966968404
PerplexDEW (ExtendedDH),psat,0.006453573836535782,158.95959595959596,0.002006851809477406
PerplexDEW (ExtendedDH),psat,0.007077554141565978,162.48484848484847,0.0021146777657423967
PerplexDEW (ExtendedDH),psat,0.007749478499884221,166.010101010101,0.002227146263292117
PerplexDEW (ExtendedDH),psat,0.008472000374428095,169.53535353535352,0.002344388115412275
PerplexDEW (ExtendedDH),psat,0.009247852825694333,173.06060606060606,0.0024665338203447972
PerplexDEW (ExtendedDH),psat,0.010079847679643652,176.58585858585857,0.0025937120600096667
PerplexDEW (ExtendedDH),psat,0.010970874577400971,180.11111111111111,0.0027260505580957214
PerplexDEW (ExtendedDH),psat,0.011923899910556573,183.63636363636363,0.0028636754409512894
PerplexDEW (ExtendedDH),psat,0.012941965646094818,187.16161616161617,0.0030067108172532144
PerplexDEW (ExtendedDH),psat,0.014028188045172833,190.68686868686868,0.0031552775749702127
PerplexDEW (ExtendedDH),psat,0.015185756280140418,194.2121212121212,0.003309493073639835
PerplexDEW (ExtendedDH),psat,0.016417930954337075,197.73737373737373,0.0034694700664468577
PerplexDEW (ExtendedDH),psat,0.017728042529322485,201.26262626262624,0.0036353194766504085
PerplexDEW (ExtendedDH),psat,0.019119489664294793,204.78787878787878,0.0038071429218492292
PerplexDEW (ExtendedDH),psat,0.020595737472526184,208.3131313131313,0.003985038806932999
PerplexDEW (ExtendedDH),psat,0.022160315699699673,211.83838383838383,0.0041690970874264455
PerplexDEW (ExtendedDH),psat,0.023816816829067538,215.36363636363635,0.004359400191436512
PerplexDEW (ExtendedDH),psat,0.025568894118365475,218.88888888888889,0.0045560221969045255
PerplexDEW (ExtendedDH),psat,0.027420259573418752,222.4141414141414,0.00475902669179834
PerplexDEW (ExtendedDH),psat,0.029374681863355748,225.93939393939394,0.004968465496593726
PerplexDEW (ExtendedDH),psat,0.0314359841823141,229.46464646464645,0.005184381555609122
PerplexDEW (ExtendedDH),psat,0.03360804206247664,232.989898989899,0.005406799640985275
PerplexDEW (ExtendedDH),psat,0.03589478114321435,236.5151515151515,0.005635731548195658
PerplexDEW (ExtendedDH),psat,0.03830017490104275,240.04040404040404,0.005871173597152115
PerplexDEW (ExtendedDH),psat,0.04082824234501484,243.56565656565655,0.00611310181105723
PerplexDEW (ExtendedDH),psat,0.04348304568208156,247.0909090909091,0.006361475204534603
PerplexDEW (ExtendedDH),psat,0.04626868795684949,250.6161616161616,0.0066162289003630905
PerplexDEW (ExtendedDH),psat,0.04918931067005719,254.14141414141412,
PerplexDEW (ExtendedDH),psat,0.052249091379974154,257.66666666666663,
PerplexDEW (ExtendedDH),psat,0.05545224129080594,261.19191919191917,0.0074177415146414955
PerplexDEW (ExtendedDH),psat,0.05880300283206092,264.7171717171717,0.0076968505824210965
PerplexDEW (ExtendedDH),psat,0.062305647232702675,268.24242424242425,0.007981606386142861
PerplexDEW (ExtendedDH),psat,0.06596447209377618,271.7676767676768,0.008271756685798015
PerplexDEW (ExtendedDH),psat,0.06978379896305821,275.2929292929293,0.008567016771432259
PerplexDEW (ExtendedDH),psat,0.0737679709151438,278.8181818181818,0.00886705060082013
PerplexDEW (ExtendedDH),psat,0.07792135014023042,282.34343434343435,0.009171477809923638
PerplexDEW (ExtendedDH),psat,0.08224831554473254,285.86868686868684,0.009479844756227611
PerplexDEW (ExtendedDH),psat,0.08675326036669773,289.3939393939394,0.009791663315606916
PerplexDEW (ExtendedDH),psat,0.091440589808867,292.9191919191919,0.010106354858792143
PerplexDEW (ExtendedDH),psat,0.09631471869206858,296.44444444444446,0.01042328381675439
PerplexDEW (ExtendedDH),psat,0.10138006913149601,299.96969696969694,0.010741724031385106
PerplexDEW (ExtendedDH),psat,0.10664106823827953,303.4949494949495,0.01106084942642516
PerplexDEW (ExtendedDH),psat,0.1121021458486162,307.020202020202,0.011379741506859104
PerplexDEW (ExtendedDH),psat,0.11776773228259453,310.5454545454545,0.011697364664223893
PerplexDEW (ExtendedDH),psat,0.12364225613470231,314.07070707070704,0.012012536240647013
PerplexDEW (ExtendedDH),psat,0.12973014209788256,317.5959595959596,0.012323930818492515
PerplexDEW (ExtendedDH),psat,0.1360358088228683,321.1212121212121,0.012630047286189697
PerplexDEW (ExtendedDH),psat,0.14256366681439595,324.6464646464646,0.01292915900865404
PerplexDEW (ExtendedDH),psat,0.1493181163657802,328.17171717171715,0.01321932323485086
PerplexDEW (ExtendedDH),psat,0.15630354553320006,331.6969696969697,0.013498243500113163
PerplexDEW (ExtendedDH),psat,0.1635243281509449,335.22222222222223,0.013763337643073833
PerplexDEW (ExtendedDH),psat,0.17098482188873196,338.7474747474747,0.014011469611377666
PerplexDEW (ExtendedDH),psat,0.1786893663521207,342.27272727272725,0.014238972281365586
PerplexDEW (ExtendedDH),psat,0.18664228122691862,345.7979797979798,0.014441312616762684
PerplexDEW (ExtendedDH),psat,0.19484786446838742,349.32323232323233,1.3844202366092985e-07
PerplexDEW (ExtendedDH),psat,0.20331039053594835,352.8484848484848,2.8895358907341526e-07
PerplexDEW (ExtendedDH),psat,0.21203410867399128,356.37373737373736,5.781107706550514e-07
PerplexDEW (ExtendedDH),psat,0.2210232412393035,359.8989898989899,1.1120658598001112e-06
PerplexDEW (ExtendedDH),psat,0.23028198207553469,363.4242424242424,2.061875620535657e-06
PerplexDEW (ExtendedDH),psat,0.239814494935051,366.9494949494949,3.694834404915961e-06
PerplexDEW (ExtendedDH),psat,0.24962491194841668,370.47474747474746,6.4133369299515e-06
PerplexDEW (ExtendedDH),psat,0.2597173321417023,374.0,1.0806145174284662e-05
