backend,curve_type,P_kbar,T_C,molality
PerplexDEW (Davies),isobar,0.000293842,19.0,388.5590454325439
PerplexDEW (Davies),isobar,0.000293842,20.01010101010101,388.5590454325439
PerplexDEW (Davies),isobar,0.000293842,21.02020202020202,388.5590454325439
PerplexDEW (Davies),isobar,0.000293842,22.03030303030303,388.5590454325439
PerplexDEW (Davies),isobar,0.000293842,23.04040404040404,
PerplexDEW (Davies),isobar,0.000293842,24.050505050505052,
PerplexDEW (Davies),isobar,0.000293842,25.060606060606062,
PerplexDEW (Davies),isobar,0.000293842,26.070707070707073,
PerplexDEW (Davies),isobar,0.000293842,27.080808080808083,
PerplexDEW (Davies),isobar,0.000293842,28.090909090909093,
PerplexDEW (Davies),isobar,0.000293842,29.101010101010104,
PerplexDEW (Davies),isobar,0.000293842,30.111111111111114,
PerplexDEW (Davies),isobar,0.000293842,31.12121212121212,
PerplexDEW (Davies),isobar,0.000293842,32.131313131313135,
PerplexDEW (Davies),isobar,0.000293842,33.141414141414145,
PerplexDEW (Davies),isobar,0.000293842,34.151515151515156,
PerplexDEW (Davies),isobar,0.000293842,35.161616161616166,
PerplexDEW (Davies),isobar,0.000293842,36.17171717171718,
PerplexDEW (Davies),isobar,0.000293842,37.18181818181819,
PerplexDEW (Davies),isobar,0.000293842,38.1919191919192,
PerplexDEW (Davies),isobar,0.000293842,39.20202020202021,
PerplexDEW (Davies),isobar,0.000293842,40.21212121212122,
PerplexDEW (Davies),isobar,0.000293842,41.22222222222223,
PerplexDEW (Davies),isobar,0.000293842,42.23232323232324,
PerplexDEW (Davies),isobar,0.000293842,43.24242424242424,
PerplexDEW (Davies),isobar,0.000293842,44.25252525252525,
PerplexDEW (Davies),isobar,0.000293842,45.26262626262626,
PerplexDEW (Davies),isobar,0.000293842,46.27272727272727,
PerplexDEW (Davies),isobar,0.000293842,47.282828282828284,
PerplexDEW (Davies),isobar,0.000293842,48.292929292929294,
PerplexDEW (Davies),isobar,0.000293842,49.303030303030305,
PerplexDEW (Davies),isobar,0.000293842,50.313131313131315,
PerplexDEW (Davies),isobar,0.000293842,51.323232323232325,
PerplexDEW (Davies),isobar,0.000293842,52.333333333333336,
PerplexDEW (Davies),isobar,0.000293842,53.343434343434346,
PerplexDEW (Davies),isobar,0.000293842,54.35353535353536,
PerplexDEW (Davies),isobar,0.000293842,55.36363636363637,
PerplexDEW (Davies),isobar,0.000293842,56.37373737373738,
PerplexDEW (Davies),isobar,0.000293842,57.38383838383839,
PerplexDEW (Davies),isobar,0.000293842,58.3939393939394,
PerplexDEW (Davies),isobar,0.000293842,59.40404040404041,
PerplexDEW (Davies),isobar,0.000293842,60.41414141414142,
PerplexDEW (Davies),isobar,0.000293842,61.42424242424243,
PerplexDEW (Davies),isobar,0.000293842,62.43434343434344,
PerplexDEW (Davies),isobar,0.000293842,63.44444444444445,
PerplexDEW (Davies),isobar,0.000293842,64.45454545454547,
PerplexDEW (Davies),isobar,0.000293842,65.46464646464648,
PerplexDEW (Davies),isobar,0.000293842,66.47474747474749,
PerplexDEW (Davies),isobar,0.000293842,67.48484848484848,
PerplexDEW (Davies),isobar,0.000293842,68.4949494949495,
PerplexDEW (Davies),isobar,0.000293842,69.5050505050505,
PerplexDEW (Davies),isobar,0.000293842,70.51515151515152,
PerplexDEW (Davies),isobar,0.000293842,71.52525252525253,
PerplexDEW (Davies),isobar,0.000293842,72.53535353535354,
PerplexDEW (Davies),isobar,0.000293842,73.54545454545455,
PerplexDEW (Davies),isobar,0.000293842,74.55555555555556,
PerplexDEW (Davies),isobar,0.000293842,75.56565656565657,
PerplexDEW (Davies),isobar,0.000293842,76.57575757575758,
PerplexDEW (Davies),isobar,0.000293842,77.58585858585859,
PerplexDEW (Davies),isobar,0.000293842,78.5959595959596,
PerplexDEW (Davies),isobar,0.000293842,79.60606060606061,
PerplexDEW (Davies),isobar,0.000293842,80.61616161616162,
PerplexDEW (Davies),isobar,0.000293842,81.62626262626263,
PerplexDEW (Davies),isobar,0.000293842,82.63636363636364,
PerplexDEW (Davies),isobar,0.000293842,83.64646464646465,
PerplexDEW (Davies),isobar,0.000293842,84.65656565656566,
PerplexDEW (Davies),isobar,0.000293842,85.66666666666667,
PerplexDEW (Davies),isobar,0.000293842,86.67676767676768,
PerplexDEW (Davies),isobar,0.000293842,87.68686868686869,
PerplexDEW (Davies),isobar,0.000293842,88.6969696969697,
PerplexDEW (Davies),isobar,0.000293842,89.70707070707071,
PerplexDEW (Davies),isobar,0.000293842,90.71717171717172,
PerplexDEW (Davies),isobar,0.000293842,91.72727272727273,
PerplexDEW (Davies),isobar,0.000293842,92.73737373737374,
PerplexDEW (Davies),isobar,0.000293842,93.74747474747475,
PerplexDEW (Davies),isobar,0.000293842,94.75757575757576,
PerplexDEW (Davies),isobar,0.000293842,95.76767676767678,
PerplexDEW (Davies),isobar,0.000293842,96.77777777777779,
PerplexDEW (Davies),isobar,0.000293842,97.7878787878788,
PerplexDEW (Davies),isobar,0.000293842,98.7979797979798,
PerplexDEW (Davies),isobar,0.000293842,99.80808080808082,
PerplexDEW (Davies),isobar,0.000293842,100.81818181818183,
PerplexDEW (Davies),isobar,0.000293842,101.82828282828284,
PerplexDEW (Davies),isobar,0.000293842,102.83838383838385,
PerplexDEW (Davies),isobar,0.000293842,103.84848484848486,
PerplexDEW (Davies),isobar,0.000293842,104.85858585858587,
PerplexDEW (Davies),isobar,0.000293842,105.86868686868688,
PerplexDEW (Davies),isobar,0.000293842,106.87878787878789,
PerplexDEW (Davies),isobar,0.000293842,107.8888888888889,
PerplexDEW (Davies),isobar,0.000293842,108.89898989898991,
PerplexDEW (Davies),isobar,0.000293842,109.90909090909092,
PerplexDEW (Davies),isobar,0.000293842,110.91919191919193,
PerplexDEW (Davies),isobar,0.000293842,111.92929292929294,
PerplexDEW (Davies),isobar,0.000293842,112.93939393939395,
PerplexDEW (Davies),isobar,0.000293842,113.94949494949496,
PerplexDEW (Davies),isobar,0.000293842,114.95959595959597,
PerplexDEW (Davies),isobar,0.000293842,115.96969696969697,
PerplexDEW (Davies),isobar,0.000293842,116.97979797979798,
PerplexDEW (Davies),isobar,0.000293842,117.98989898989899,
PerplexDEW (Davies),isobar,0.000293842,119.0,
PerplexDEW (Davies),isobar,0.000557288,34.0,0.00022565491412557517
PerplexDEW (Davies),isobar,0.000557288,35.01010101010101,0.00023013775605610316
PerplexDEW (Davies),isobar,0.000557288,36.02020202020202,0.00023471037000138907
PerplexDEW (Davies),isobar,0.000557288,37.03030303030303,0.0002393738758268856
PerplexDEW (Davies),isobar,0.000557288,38.04040404040404,0.00024412948470205905
PerplexDEW (Davies),isobar,0.000557288,39.05050505050505,0.000248978391719948
PerplexDEW (Davies),isobar,0.000557288,40.06060606060606,0.0002539218190670348
PerplexDEW (Davies),isobar,0.000557288,41.07070707070707,0.00025896103240495685
PerplexDEW (Davies),isobar,0.000557288,42.08080808080808,0.0002640973069749466
PerplexDEW (Davies),isobar,0.000557288,43.09090909090909,0.00026933196107359163
PerplexDEW (Davies),isobar,0.000557288,44.101010101010104,0.00027466630193850346
PerplexDEW (Davies),isobar,0.000557288,45.111111111111114,0.0002801017161778548
PerplexDEW (Davies),isobar,0.000557288,46.121212121212125,0.0002856395589543282
PerplexDEW (Davies),isobar,0.000557288,47.131313131313135,0.0002912812066672968
PerplexDEW (Davies),isobar,0.000557288,48.141414141414145,0.00029702809785174793
PerplexDEW (Davies),isobar,0.000557288,49.151515151515156,0.000302881674602319
PerplexDEW (Davies),isobar,0.000557288,50.161616161616166,0.00030884337981210847
PerplexDEW (Davies),isobar,0.000557288,51.17171717171718,0.0003149147210499348
PerplexDEW (Davies),isobar,0.000557288,52.18181818181819,0.00032109716186727816
PerplexDEW (Davies),isobar,0.000557288,53.1919191919192,0.0003273922535858974
PerplexDEW (Davies),isobar,0.000557288,54.20202020202021,0.0003338015239186818
PerplexDEW (Davies),isobar,0.000557288,55.21212121212122,0.0003403265202453452
PerplexDEW (Davies),isobar,0.000557288,56.22222222222223,0.0003469688346806186
PerplexDEW (Davies),isobar,0.000557288,57.23232323232324,0.0003537300554826915
PerplexDEW (Davies),isobar,0.000557288,58.24242424242424,0.00036061181680985244
PerplexDEW (Davies),isobar,0.000557288,59.25252525252525,0.0003676157477250439
PerplexDEW (Davies),isobar,0.000557288,60.26262626262626,0.0003747434967273815
PerplexDEW (Davies),isobar,0.000557288,61.27272727272727,0.00038199673172274886
PerplexDEW (Davies),isobar,0.000557288,62.282828282828284,0.0003893771400077571
PerplexDEW (Davies),isobar,0.000557288,63.292929292929294,0.00039688648792194844
PerplexDEW (Davies),isobar,0.000557288,64.30303030303031,0.0004045264447642908
PerplexDEW (Davies),isobar,0.000557288,65.31313131313132,0.0004122987873906909
PerplexDEW (Davies),isobar,0.000557288,66.32323232323233,0.00042020525102615927
PerplexDEW (Davies),isobar,0.000557288,67.33333333333334,0.00042824765299312044
PerplexDEW (Davies),isobar,0.000557288,68.34343434343435,0.0004364277996707117
PerplexDEW (Davies),isobar,0.000557288,69.35353535353536,0.0004447475170957204
PerplexDEW (Davies),isobar,0.000557288,70.36363636363637,0.0004532086158315321
PerplexDEW (Davies),isobar,0.000557288,71.37373737373738,0.00046181299494571374
PerplexDEW (Davies),isobar,0.000557288,72.3838383838384,0.00047056246604734346
PerplexDEW (Davies),isobar,0.000557288,73.3939393939394,0.0004794590046922338
PerplexDEW (Davies),isobar,0.000557288,74.40404040404042,0.0004885044974605037
PerplexDEW (Davies),isobar,0.000557288,75.41414141414143,0.0004977008474446867
PerplexDEW (Davies),isobar,0.000557288,76.42424242424244,0.0005070500145934021
PerplexDEW (Davies),isobar,0.000557288,77.43434343434345,0.0005165540203040651
PerplexDEW (Davies),isobar,0.000557288,78.44444444444446,0.0005262147830235303
PerplexDEW (Davies),isobar,0.000557288,79.45454545454547,0.000536034320401252
PerplexDEW (Davies),isobar,0.000557288,80.46464646464648,0.0005460147146575445
PerplexDEW (Davies),isobar,0.000557288,81.47474747474749,0.0005561579365761383
PerplexDEW (Davies),isobar,0.000557288,82.48484848484848,0.0005664661083023701
PerplexDEW (Davies),isobar,0.000557288,83.4949494949495,0.0005769412345715039
PerplexDEW (Davies),isobar,0.000557288,84.5050505050505,0.0005875854292035556
PerplexDEW (Davies),isobar,0.000557288,85.51515151515152,0.0005984008762076911
PerplexDEW (Davies),isobar,0.000557288,86.52525252525253,0.0006093896328407352
PerplexDEW (Davies),isobar,0.000557288,87.53535353535354,0.0006205538718933139
PerplexDEW (Davies),isobar,0.000557288,88.54545454545455,0.0006318957341066813
PerplexDEW (Davies),isobar,0.000557288,89.55555555555556,0.0006434174306803255
PerplexDEW (Davies),isobar,0.000557288,90.56565656565657,0.0006551211938635421
PerplexDEW (Davies),isobar,0.000557288,91.57575757575758,0.0006670092205258975
PerplexDEW (Davies),isobar,0.000557288,92.58585858585859,0.0006790836660468635
PerplexDEW (Davies),isobar,0.000557288,93.5959595959596,0.0006913469333396399
PerplexDEW (Davies),isobar,0.000557288,94.60606060606061,0.0007038011549286011
PerplexDEW (Davies),isobar,0.000557288,95.61616161616162,0.0007164487159794215
PerplexDEW (Davies),isobar,0.000557288,96.62626262626263,0.000729291902264991
PerplexDEW (Davies),isobar,0.000557288,97.63636363636364,0.0007423330157137977
PerplexDEW (Davies),isobar,0.000557288,98.64646464646465,0.0007555744401575637
PerplexDEW (Davies),isobar,0.000557288,99.65656565656566,0.0007690184465373085
PerplexDEW (Davies),isobar,0.000557288,100.66666666666667,0.0007826675221687672
PerplexDEW (Davies),isobar,0.000557288,101.67676767676768,0.0007965239713156951
PerplexDEW (Davies),isobar,0.000557288,102.68686868686869,0.0008105902515900585
PerplexDEW (Davies),isobar,0.000557288,103.6969696969697,0.0008248687691575835
PerplexDEW (Davies),isobar,0.000557288,104.70707070707071,0.0008393620207188078
PerplexDEW (Davies),isobar,0.000557288,105.71717171717172,0.0008540722956808095
PerplexDEW (Davies),isobar,0.000557288,106.72727272727273,0.0008690022763166578
PerplexDEW (Davies),isobar,0.000557288,107.73737373737374,0.0008841544408047666
PerplexDEW (Davies),isobar,0.000557288,108.74747474747475,0.000899531120105496
PerplexDEW (Davies),isobar,0.000557288,109.75757575757576,0.0009151349792796353
PerplexDEW (Davies),isobar,0.000557288,110.76767676767678,0.0009309685425750883
PerplexDEW (Davies),isobar,0.000557288,111.77777777777779,0.0009470343493746127
PerplexDEW (Davies),isobar,0.000557288,112.7878787878788,0.0009633349540467871
PerplexDEW (Davies),isobar,0.000557288,113.7979797979798,0.0009798729257915002
PerplexDEW (Davies),isobar,0.000557288,114.80808080808082,0.0009966508484798033
PerplexDEW (Davies),isobar,0.000557288,115.81818181818183,0.001013671508649143
PerplexDEW (Davies),isobar,0.000557288,116.82828282828284,0.0010309373386396799
PerplexDEW (Davies),isobar,0.000557288,117.83838383838385,0.0010484511615495057
PerplexDEW (Davies),isobar,0.000557288,118.84848484848486,0.0010662154304870847
PerplexDEW (Davies),isobar,0.000557288,119.85858585858587,0.00108423300467875
PerplexDEW (Davies),isobar,0.000557288,120.86868686868688,0.0011025065653293012
PerplexDEW (Davies),isobar,0.000557288,121.87878787878789,0.0011210385948834858
PerplexDEW (Davies),isobar,0.000557288,122.8888888888889,0.001139832005974315
PerplexDEW (Davies),isobar,0.000557288,123.89898989898991,0.0011588895205085846
PerplexDEW (Davies),isobar,0.000557288,124.90909090909092,0.0011782138736222167
PerplexDEW (Davies),isobar,0.000557288,125.91919191919193,0.0011978078134636976
PerplexDEW (Davies),isobar,0.000557288,126.92929292929294,0.001217674100971908
PerplexDEW (Davies),isobar,0.000557288,127.93939393939395,0.0012378155096463943
PerplexDEW (Davies),isobar,0.000557288,128.94949494949498,0.0012582348253107382
PerplexDEW (Davies),isobar,0.000557288,129.95959595959596,0.0012789348458691855
PerplexDEW (Davies),isobar,0.000557288,130.96969696969697,0.0012999183810571452
PerplexDEW (Davies),isobar,0.000557288,131.97979797979798,0.0013211882521822376
PerplexDEW (Davies),isobar,0.000557288,132.989898989899,0.0013427472918604443
PerplexDEW (Davies),isobar,0.000557288,134.0,0.0013645984787049802
PerplexDEW (Davies),isobar,0.000658613,34.0,0.0002256588853608196
PerplexDEW (Davies),isobar,0.000658613,35.01010101010101,0.00023014176375527615
PerplexDEW (Davies),isobar,0.000658613,36.02020202020202,0.00023471440016556482
PerplexDEW (Davies),isobar,0.000658613,37.03030303030303,0.00023937795983102538
PerplexDEW (Davies),isobar,0.000658613,38.04040404040404,0.00024413360854340238
PerplexDEW (Davies),isobar,0.000658613,39.05050505050505,0.0002489825401464333
PerplexDEW (Davies),isobar,0.000658613,40.06060606060606,0.0002539260091414008
PerplexDEW (Davies),isobar,0.000658613,41.07070707070707,0.00025896526524212655
PerplexDEW (Davies),isobar,0.000658613,42.08080808080808,0.000264101601398488
PerplexDEW (Davies),isobar,0.000658613,43.09090909090909,0.00026933628279062405
PerplexDEW (Davies),isobar,0.000658613,44.101010101010104,0.0002746706697791684
PerplexDEW (Davies),isobar,0.000658613,45.111111111111114,0.00028010613127045535
PerplexDEW (Davies),isobar,0.000658613,46.121212121212125,0.000285644002811051
PerplexDEW (Davies),isobar,0.000658613,47.131313131313135,0.00029128569954346234
PerplexDEW (Davies),isobar,0.000658613,48.141414141414145,0.00029703266152356246
PerplexDEW (Davies),isobar,0.000658613,49.151515151515156,0.000302886268928326
PerplexDEW (Davies),isobar,0.000658613,50.161616161616166,0.0003088480482886686
PerplexDEW (Davies),isobar,0.000658613,51.17171717171718,0.00031491942142173555
PerplexDEW (Davies),isobar,0.000658613,52.18181818181819,0.0003211019398222342
PerplexDEW (Davies),isobar,0.000658613,53.1919191919192,0.0003273970880547799
PerplexDEW (Davies),isobar,0.000658613,54.20202020202021,0.0003338063921224482
PerplexDEW (Davies),isobar,0.000658613,55.21212121212122,0.00034033144676745986
PerplexDEW (Davies),isobar,0.000658613,56.22222222222223,0.00034697384590811947
PerplexDEW (Davies),isobar,0.000658613,57.23232323232324,0.00035373512807100463
PerplexDEW (Davies),isobar,0.000658613,58.24242424242424,0.0003606169519986378
PerplexDEW (Davies),isobar,0.000658613,59.25252525252525,0.00036762094676598195
PerplexDEW (Davies),isobar,0.000658613,60.26262626262626,0.0003747487331297727
PerplexDEW (Davies),isobar,0.000658613,61.27272727272727,0.00038200203384146874
PerplexDEW (Davies),isobar,0.000658613,62.282828282828284,0.0003893825382419961
PerplexDEW (Davies),isobar,0.000658613,63.292929292929294,0.00039689195514416327
PerplexDEW (Davies),isobar,0.000658613,64.30303030303031,0.0004045319822926665
PerplexDEW (Davies),isobar,0.000658613,65.31313131313132,0.0004123043652747895
PerplexDEW (Davies),isobar,0.000658613,66.32323232323233,0.0004202109331801657
PerplexDEW (Davies),isobar,0.000658613,67.33333333333334,0.0004282534094967912
PerplexDEW (Davies),isobar,0.000658613,68.34343434343435,0.0004364336319028517
PerplexDEW (Davies),isobar,0.000658613,69.35353535353536,0.00044475342645110207
PerplexDEW (Davies),isobar,0.000658613,70.36363636363637,0.00045321460372137727
PerplexDEW (Davies),isobar,0.000658613,71.37373737373738,0.0004618190627981252
PerplexDEW (Davies),isobar,0.000658613,72.3838383838384,0.00047056861530747157
PerplexDEW (Davies),isobar,0.000658613,73.3939393939394,0.0004794652368228964
PerplexDEW (Davies),isobar,0.000658613,74.40404040404042,0.0004885108139423814
PerplexDEW (Davies),isobar,0.000658613,75.41414141414143,0.0004977072497767287
PerplexDEW (Davies),isobar,0.000658613,76.42424242424244,0.0005070565447213315
PerplexDEW (Davies),isobar,0.000658613,77.43434343434345,0.0005165605989082178
PerplexDEW (Davies),isobar,0.000658613,78.44444444444446,0.0005262214944054416
PerplexDEW (Davies),isobar,0.000658613,79.45454545454547,0.0005360411247920693
PerplexDEW (Davies),isobar,0.000658613,80.46464646464648,0.0005460216136722514
PerplexDEW (Davies),isobar,0.000658613,81.47474747474749,0.0005561649318504353
PerplexDEW (Davies),isobar,0.000658613,82.48484848484848,0.0005664732014931596
PerplexDEW (Davies),isobar,0.000658613,83.4949494949495,0.0005769484273570793
PerplexDEW (Davies),isobar,0.000658613,84.5050505050505,0.0005875927717361903
PerplexDEW (Davies),isobar,0.000658613,85.51515151515152,0.0005984082733053501
PerplexDEW (Davies),isobar,0.000658613,86.52525252525253,0.0006093971347005239
PerplexDEW (Davies),isobar,0.000658613,87.53535353535354,0.0006205614802829696
PerplexDEW (Davies),isobar,0.000658613,88.54545454545455,0.0006319035037750143
PerplexDEW (Davies),isobar,0.000658613,89.55555555555556,0.0006434253116659
PerplexDEW (Davies),isobar,0.000658613,90.56565656565657,0.0006551292433717244
PerplexDEW (Davies),isobar,0.000658613,91.57575757575758,0.0006670173297554944
PerplexDEW (Davies),isobar,0.000658613,92.58585858585859,0.0006790919500756121
PerplexDEW (Davies),isobar,0.000658613,93.5959595959596,0.0006913552784591707
PerplexDEW (Davies),isobar,0.000658613,94.60606060606061,0.0007038096813219166
PerplexDEW (Davies),isobar,0.000658613,95.61616161616162,0.0007164574282844693
PerplexDEW (Davies),isobar,0.000658613,96.62626262626263,0.0007293007421502226
PerplexDEW (Davies),isobar,0.000658613,97.63636363636364,0.0007423419852731581
PerplexDEW (Davies),isobar,0.000658613,98.64646464646465,0.0007555834756653373
PerplexDEW (Davies),isobar,0.000658613,99.65656565656566,0.0007690276818400966
PerplexDEW (Davies),isobar,0.000658613,100.66666666666667,0.0007826768248684921
PerplexDEW (Davies),isobar,0.000658613,101.67676767676768,0.0007965334810816752
PerplexDEW (Davies),isobar,0.000658613,102.68686868686869,0.0008105999019314519
PerplexDEW (Davies),isobar,0.000658613,103.6969696969697,0.0008248786356028173
PerplexDEW (Davies),isobar,0.000658613,104.70707070707071,0.0008393719590498237
PerplexDEW (Davies),isobar,0.000658613,105.71717171717172,0.0008540824579087789
PerplexDEW (Davies),isobar,0.000658613,106.72727272727273,0.0008690125900082261
PerplexDEW (Davies),isobar,0.000658613,107.73737373737374,0.0008841648286837643
PerplexDEW (Davies),isobar,0.000658613,108.74747474747475,0.0008995417440311259
PerplexDEW (Davies),isobar,0.000658613,109.75757575757576,0.000915145762041646
PerplexDEW (Davies),isobar,0.000658613,110.76767676767678,0.0009309794866979523
PerplexDEW (Davies),isobar,0.000658613,111.77777777777779,0.0009470454574167272
PerplexDEW (Davies),isobar,0.000658613,112.7878787878788,0.0009633462286012441
PerplexDEW (Davies),isobar,0.000658613,113.7979797979798,0.0009798844597750731
PerplexDEW (Davies),isobar,0.000658613,114.80808080808082,0.0009966626483137054
PerplexDEW (Davies),isobar,0.000658613,115.81818181818183,0.0010136833927321274
PerplexDEW (Davies),isobar,0.000658613,116.82828282828284,0.0010309494979370516
PerplexDEW (Davies),isobar,0.000658613,117.83838383838385,0.0010484635048239488
PerplexDEW (Davies),isobar,0.000658613,118.84848484848486,0.0010662280606480298
PerplexDEW (Davies),isobar,0.000658613,119.85858585858587,0.0010842458266723937
PerplexDEW (Davies),isobar,0.000658613,120.86868686868688,0.0011025194779783975
PerplexDEW (Davies),isobar,0.000658613,121.87878787878789,0.0011210518095713781
PerplexDEW (Davies),isobar,0.000658613,122.8888888888889,0.0011398455300726462
PerplexDEW (Davies),isobar,0.000658613,123.89898989898991,0.0011589032508732442
PerplexDEW (Davies),isobar,0.000658613,124.90909090909092,0.001178227813453008
PerplexDEW (Davies),isobar,0.000658613,125.91919191919193,0.001197821966003413
PerplexDEW (Davies),isobar,0.000658613,126.92929292929294,0.0012176884695070701
PerplexDEW (Davies),isobar,0.000658613,127.93939393939395,0.0012378300975075453
PerplexDEW (Davies),isobar,0.000658613,128.94949494949498,0.0012582496358729256
PerplexDEW (Davies),isobar,0.000658613,129.95959595959596,0.0012789500072912733
PerplexDEW (Davies),isobar,0.000658613,130.96969696969697,0.0012999337745568074
PerplexDEW (Davies),isobar,0.000658613,131.97979797979798,0.0013212038813151493
PerplexDEW (Davies),isobar,0.000658613,132.989898989899,0.0013427632925691376
PerplexDEW (Davies),isobar,0.000658613,134.0,0.0013646147249227827
PerplexDEW (Davies),isobar,0.003141075,86.0,0.0006038441900140034
PerplexDEW (Davies),isobar,0.003141075,87.01010101010101,0.0006149197557306134
PerplexDEW (Davies),isobar,0.003141075,88.02020202020202,0.0006261719335088328
PerplexDEW (Davies),isobar,0.003141075,89.03030303030303,0.0006376028227014908
PerplexDEW (Davies),isobar,0.003141075,90.04040404040404,0.0006492146984639142
PerplexDEW (Davies),isobar,0.003141075,91.05050505050505,0.0006610096940877237
PerplexDEW (Davies),isobar,0.003141075,92.06060606060606,0.0006729900686409804
PerplexDEW (Davies),isobar,0.003141075,93.07070707070707,0.0006851581024053252
PerplexDEW (Davies),isobar,0.003141075,94.08080808080808,0.0006975160970221659
PerplexDEW (Davies),isobar,0.003141075,95.0909090909091,0.0007100661925531341
PerplexDEW (Davies),isobar,0.003141075,96.1010101010101,0.0007228107841557709
PerplexDEW (Davies),isobar,0.003141075,97.11111111111111,0.0007357521663461347
PerplexDEW (Davies),isobar,0.003141075,98.12121212121212,0.000748892649764709
PerplexDEW (Davies),isobar,0.003141075,99.13131313131314,0.0007622346941321702
PerplexDEW (Davies),isobar,0.003141075,100.14141414141415,0.0007757805147281208
PerplexDEW (Davies),isobar,0.003141075,101.15151515151516,0.0007895326089701522
PerplexDEW (Davies),isobar,0.003141075,102.16161616161617,0.0008034933600627274
PerplexDEW (Davies),isobar,0.003141075,103.17171717171718,0.0008176651671177895
PerplexDEW (Davies),isobar,0.003141075,104.18181818181819,0.0008320504450383694
PerplexDEW (Davies),isobar,0.003141075,105.1919191919192,0.0008466516243984364
PerplexDEW (Davies),isobar,0.003141075,106.20202020202021,0.0008614713057096755
PerplexDEW (Davies),isobar,0.003141075,107.21212121212122,0.0008765118026730718
PerplexDEW (Davies),isobar,0.003141075,108.22222222222223,0.0008917757532955795
PerplexDEW (Davies),isobar,0.003141075,109.23232323232324,0.0009072655777161232
PerplexDEW (Davies),isobar,0.003141075,110.24242424242425,0.0009229838723940526
PerplexDEW (Davies),isobar,0.003141075,111.25252525252526,0.0009389331701845369
PerplexDEW (Davies),isobar,0.003141075,112.26262626262627,0.0009551160190281118
PerplexDEW (Davies),isobar,0.003141075,113.27272727272728,0.000971535071120815
PerplexDEW (Davies),isobar,0.003141075,114.28282828282829,0.0009881928185134575
PerplexDEW (Davies),isobar,0.003141075,115.2929292929293,0.0010050919466502125
PerplexDEW (Davies),isobar,0.003141075,116.30303030303031,0.0010222350681327237
PerplexDEW (Davies),isobar,0.003141075,117.31313131313132,0.0010396248100455925
PerplexDEW (Davies),isobar,0.003141075,118.32323232323233,0.0010572638137816446
PerplexDEW (Davies),isobar,0.003141075,119.33333333333334,0.0010751547348616377
PerplexDEW (Davies),isobar,0.003141075,120.34343434343435,0.0010933003458252735
PerplexDEW (Davies),isobar,0.003141075,121.35353535353536,0.0011117032310236016
PerplexDEW (Davies),isobar,0.003141075,122.36363636363637,0.0011303661946623527
PerplexDEW (Davies),isobar,0.003141075,123.37373737373738,0.0011492918439992557
PerplexDEW (Davies),isobar,0.003141075,124.3838383838384,0.0011684830142454986
PerplexDEW (Davies),isobar,0.003141075,125.3939393939394,0.0011879425625811978
PerplexDEW (Davies),isobar,0.003141075,126.40404040404042,0.0012076730194188737
PerplexDEW (Davies),isobar,0.003141075,127.41414141414143,0.0012276772653189467
PerplexDEW (Davies),isobar,0.003141075,128.42424242424244,0.0012479582026081537
PerplexDEW (Davies),isobar,0.003141075,129.43434343434345,0.001268518508641715
PerplexDEW (Davies),isobar,0.003141075,130.44444444444446,0.0012893609890708981
PerplexDEW (Davies),isobar,0.003141075,131.45454545454547,0.0013104884612859737
PerplexDEW (Davies),isobar,0.003141075,132.46464646464648,0.001331903885142054
PerplexDEW (Davies),isobar,0.003141075,133.4747474747475,0.0013536099749284945
PerplexDEW (Davies),isobar,0.003141075,134.4848484848485,0.001375609581793789
PerplexDEW (Davies),isobar,0.003141075,135.49494949494948,0.0013979057064581043
PerplexDEW (Davies),isobar,0.003141075,136.50505050505052,0.001420501087641334
PerplexDEW (Davies),isobar,0.003141075,137.5151515151515,0.0014433987521502946
PerplexDEW (Davies),isobar,0.003141075,138.52525252525254,0.001466601306080616
PerplexDEW (Davies),isobar,0.003141075,139.53535353535352,0.0014901119428078616
PerplexDEW (Davies),isobar,0.003141075,140.54545454545456,0.0015139334287512384
PerplexDEW (Davies),isobar,0.003141075,141.55555555555554,0.0015380688396059103
PerplexDEW (Davies),isobar,0.003141075,142.56565656565658,0.0015625209534878791
PerplexDEW (Davies),isobar,0.003141075,143.57575757575756,0.0015872927067685366
PerplexDEW (Davies),isobar,0.003141075,144.5858585858586,0.0016123870435758433
PerplexDEW (Davies),isobar,0.003141075,145.59595959595958,0.0016378069154303937
PerplexDEW (Davies),isobar,0.003141075,146.60606060606062,0.0016635552808712565
PerplexDEW (Davies),isobar,0.003141075,147.6161616161616,0.0016896352800647616
PerplexDEW (Davies),isobar,0.003141075,148.62626262626264,0.0017160495377950072
PerplexDEW (Davies),isobar,0.003141075,149.63636363636363,0.001742801021289453
PerplexDEW (Davies),isobar,0.003141075,150.64646464646466,0.0017698930732654866
PerplexDEW (Davies),isobar,0.003141075,151.65656565656565,0.001797328503100624
PerplexDEW (Davies),isobar,0.003141075,152.66666666666669,0.0018251099185260973
PerplexDEW (Davies),isobar,0.003141075,153.67676767676767,0.0018532406860287294
PerplexDEW (Davies),isobar,0.003141075,154.6868686868687,0.001881723406180095
PerplexDEW (Davies),isobar,0.003141075,155.6969696969697,0.0019105614662105316
PerplexDEW (Davies),isobar,0.003141075,156.70707070707073,0.0019397578715432604
PerplexDEW (Davies),isobar,0.003141075,157.7171717171717,0.0019693152077760265
PerplexDEW (Davies),isobar,0.003141075,158.72727272727275,0.001999236460766459
PerplexDEW (Davies),isobar,0.003141075,159.73737373737373,0.0020295250548928775
PerplexDEW (Davies),isobar,0.003141075,160.74747474747477,0.0020601831086810413
PerplexDEW (Davies),isobar,0.003141075,161.75757575757575,0.002091214492365547
PerplexDEW (Davies),isobar,0.003141075,162.7676767676768,0.00212262175310102
PerplexDEW (Davies),isobar,0.003141075,163.77777777777777,0.002154407638721346
PerplexDEW (Davies),isobar,0.003141075,164.7878787878788,0.0021865753575205566
PerplexDEW (Davies),isobar,0.003141075,165.7979797979798,0.002219127643368206
PerplexDEW (Davies),isobar,0.003141075,166.80808080808083,0.002252067706628729
PerplexDEW (Davies),isobar,0.003141075,167.8181818181818,0.002285398011083798
PerplexDEW (Davies),isobar,0.003141075,168.82828282828285,0.0023191217531391677
PerplexDEW (Davies),isobar,0.003141075,169.83838383838383,0.002353241616311194
PerplexDEW (Davies),isobar,0.003141075,170.84848484848487,0.0023877607937790803
PerplexDEW (Davies),isobar,0.003141075,171.85858585858585,0.002422681945866484
PerplexDEW (Davies),isobar,0.003141075,172.8686868686869,0.002458007982834855
PerplexDEW (Davies),isobar,0.003141075,173.87878787878788,0.0024937415237914814
PerplexDEW (Davies),isobar,0.003141075,174.8888888888889,0.002529885732771888
PerplexDEW (Davies),isobar,0.003141075,175.8989898989899,0.002566442613472144
PerplexDEW (Davies),isobar,0.003141075,176.90909090909093,0.002603415882483216
PerplexDEW (Davies),isobar,0.003141075,177.91919191919192,0.002640807791427657
PerplexDEW (Davies),isobar,0.003141075,178.92929292929296,0.00267862115320688
PerplexDEW (Davies),isobar,0.003141075,179.93939393939394,0.0027168587664056086
PerplexDEW (Davies),isobar,0.003141075,180.94949494949498,0.0027555234144831064
PerplexDEW (Davies),isobar,0.003141075,181.95959595959596,0.0027946172144379
PerplexDEW (Davies),isobar,0.003141075,182.96969696969697,0.0028341428824969037
PerplexDEW (Davies),isobar,0.003141075,183.97979797979798,0.0028741037898677908
PerplexDEW (Davies),isobar,0.003141075,184.989898989899,0.0029145019645072405
PerplexDEW (Davies),isobar,0.003141075,186.0,0.002955339366818414
PerplexDEW (Davies),isobar,0.0062,110.0,0.0009195177237265655
PerplexDEW (Davies),isobar,0.0062,111.01010101010101,0.0009354167702911459
PerplexDEW (Davies),isobar,0.0062,112.02020202020202,0.000951548854497691
PerplexDEW (Davies),isobar,0.0062,113.03030303030303,0.000967916626174218
PerplexDEW (Davies),isobar,0.0062,114.04040404040404,0.000984522575939537
PerplexDEW (Davies),isobar,0.0062,115.05050505050505,0.0010013694795985289
PerplexDEW (Davies),isobar,0.0062,116.06060606060606,0.0010184597646871545
PerplexDEW (Davies),isobar,0.0062,117.07070707070707,0.0010357960508435011
PerplexDEW (Davies),isobar,0.0062,118.08080808080808,0.0010533812673253866
PerplexDEW (Davies),isobar,0.0062,119.0909090909091,0.0010712177786339685
PerplexDEW (Davies),isobar,0.0062,120.1010101010101,0.0010893085544002345
PerplexDEW (Davies),isobar,0.0062,121.11111111111111,0.0011076560796968863
PerplexDEW (Davies),isobar,0.0062,122.12121212121212,0.0011262631570027623
PerplexDEW (Davies),isobar,0.0062,123.13131313131314,0.0011451323929591766
PerplexDEW (Davies),isobar,0.0062,124.14141414141415,0.0011642666211964404
PerplexDEW (Davies),isobar,0.0062,125.15151515151516,0.00118366858391143
PerplexDEW (Davies),isobar,0.0062,126.16161616161617,0.0012033411520612064
PerplexDEW (Davies),isobar,0.0062,127.17171717171718,0.0012232869825852001
PerplexDEW (Davies),isobar,0.0062,128.1818181818182,0.0012435087357409221
PerplexDEW (Davies),isobar,0.0062,129.1919191919192,0.0012640095659018462
PerplexDEW (Davies),isobar,0.0062,130.2020202020202,0.0012847920421707134
PerplexDEW (Davies),isobar,0.0062,131.21212121212122,0.0013058589816350803
PerplexDEW (Davies),isobar,0.0062,132.22222222222223,0.0013272132129618739
PerplexDEW (Davies),isobar,0.0062,133.23232323232324,0.0013488575761328643
PerplexDEW (Davies),isobar,0.0062,134.24242424242425,0.001370795193331166
PerplexDEW (Davies),isobar,0.0062,135.25252525252526,0.0013930286658896355
PerplexDEW (Davies),isobar,0.0062,136.26262626262627,0.0014155608663401764
PerplexDEW (Davies),isobar,0.0062,137.27272727272728,0.001438394677395424
PerplexDEW (Davies),isobar,0.0062,138.2828282828283,0.0014615332847835742
PerplexDEW (Davies),isobar,0.0062,139.2929292929293,0.0014849791595510056
PerplexDEW (Davies),isobar,0.0062,140.3030303030303,0.0015087355093460937
PerplexDEW (Davies),isobar,0.0062,141.31313131313132,0.0015328052635292927
PerplexDEW (Davies),isobar,0.0062,142.32323232323233,0.0015571910436898322
PerplexDEW (Davies),isobar,0.0062,143.33333333333334,0.0015818962624083196
PerplexDEW (Davies),isobar,0.0062,144.34343434343435,0.001606923225676738
PerplexDEW (Davies),isobar,0.0062,145.35353535353536,0.001632275538370955
PerplexDEW (Davies),isobar,0.0062,146.36363636363637,0.0016579558380360817
PerplexDEW (Davies),isobar,0.0062,147.37373737373738,0.0016839670917848891
PerplexDEW (Davies),isobar,0.0062,148.3838383838384,0.0017103122731228627
PerplexDEW (Davies),isobar,0.0062,149.3939393939394,0.0017369943615505763
PerplexDEW (Davies),isobar,0.0062,150.40404040404042,0.001764016157812882
PerplexDEW (Davies),isobar,0.0062,151.41414141414143,0.0017913808295103456
PerplexDEW (Davies),isobar,0.0062,152.42424242424244,0.0018190915628771244
PerplexDEW (Davies),isobar,0.0062,153.43434343434345,0.0018471507828435282
PerplexDEW (Davies),isobar,0.0062,154.44444444444446,0.0018755618679199347
PerplexDEW (Davies),isobar,0.0062,155.45454545454547,0.0019043274194628864
PerplexDEW (Davies),isobar,0.0062,156.46464646464648,0.0019334508363122015
PerplexDEW (Davies),isobar,0.0062,157.4747474747475,0.0019629351297234844
PerplexDEW (Davies),isobar,0.0062,158.4848484848485,0.001992782884886111
PerplexDEW (Davies),isobar,0.0062,159.49494949494948,0.0020229970925738443
PerplexDEW (Davies),isobar,0.0062,160.50505050505052,0.002053581187873408
PerplexDEW (Davies),isobar,0.0062,161.5151515151515,0.002084537733761103
PerplexDEW (Davies),isobar,0.0062,162.52525252525254,0.0021158697203711957
PerplexDEW (Davies),isobar,0.0062,163.53535353535352,0.0021475799017821448
PerplexDEW (Davies),isobar,0.0062,164.54545454545456,0.002179671490659919
PerplexDEW (Davies),isobar,0.0062,165.55555555555554,0.0022121477142331763
PerplexDEW (Davies),isobar,0.0062,166.56565656565658,0.002245010823234499
PerplexDEW (Davies),isobar,0.0062,167.57575757575756,0.0022782642722715385
PerplexDEW (Davies),isobar,0.0062,168.5858585858586,0.0023119105198213534
PerplexDEW (Davies),isobar,0.0062,169.59595959595958,0.0023459530283408444
PerplexDEW (Davies),isobar,0.0062,170.60606060606062,0.0023803942263203944
PerplexDEW (Davies),isobar,0.0062,171.6161616161616,0.0024152370396876926
PerplexDEW (Davies),isobar,0.0062,172.62626262626264,0.0024504843864791054
PerplexDEW (Davies),isobar,0.0062,173.63636363636363,0.0024861391761467765
PerplexDEW (Davies),isobar,0.0062,174.64646464646466,0.0025222037365837703
PerplexDEW (Davies),isobar,0.0062,175.65656565656565,0.0025586820922004344
PerplexDEW (Davies),isobar,0.0062,176.66666666666669,0.0025955753742820265
PerplexDEW (Davies),isobar,0.0062,177.67676767676767,0.0026328875943153816
PerplexDEW (Davies),isobar,0.0062,178.6868686868687,0.0026706209926301355
PerplexDEW (Davies),isobar,0.0062,179.6969696969697,0.0027087783780758894
PerplexDEW (Davies),isobar,0.0062,180.70707070707073,0.002747362544669569
PerplexDEW (Davies),isobar,0.0062,181.7171717171717,0.002786376270775674
PerplexDEW (Davies),isobar,0.0062,182.72727272727275,0.0028258216591333135
PerplexDEW (Davies),isobar,0.0062,183.73737373737373,0.0028657014193961567
PerplexDEW (Davies),isobar,0.0062,184.74747474747477,0.0029060189245284002
PerplexDEW (Davies),isobar,0.0062,185.75757575757575,0.0029467754915797778
PerplexDEW (Davies),isobar,0.0062,186.7676767676768,0.002987974440458495
PerplexDEW (Davies),isobar,0.0062,187.77777777777777,0.003029618398294852
PerplexDEW (Davies),isobar,0.0062,188.7878787878788,0.003071709237610394
PerplexDEW (Davies),isobar,0.0062,189.7979797979798,0.003114249500452626
PerplexDEW (Davies),isobar,0.0062,190.80808080808083,0.0031572424601592703
PerplexDEW (Davies),isobar,0.0062,191.8181818181818,0.0032006891041441044
PerplexDEW (Davies),isobar,0.0062,192.82828282828285,0.0032445918538806244
PerplexDEW (Davies),isobar,0.0062,193.83838383838383,0.0032889538978457026
PerplexDEW (Davies),isobar,0.0062,194.84848484848487,0.0033337768259267685
PerplexDEW (Davies),isobar,0.0062,195.85858585858585,0.0033790621409749543
PerplexDEW (Davies),isobar,0.0062,196.8686868686869,0.003424812933932268
PerplexDEW (Davies),isobar,0.0062,197.87878787878788,0.0034710314636573515
PerplexDEW (Davies),isobar,0.0062,198.8888888888889,0.0035177182169107628
PerplexDEW (Davies),isobar,0.0062,199.8989898989899,0.00356487705658357
PerplexDEW (Davies),isobar,0.0062,200.90909090909093,0.003612507435266167
PerplexDEW (Davies),isobar,0.0062,201.91919191919192,0.0036606131489354266
PerplexDEW (Davies),isobar,0.0062,202.92929292929296,0.003709195286704652
PerplexDEW (Davies),isobar,0.0062,203.93939393939394,0.0037582557758929647
PerplexDEW (Davies),isobar,0.0062,204.94949494949498,0.0038077955376044676
PerplexDEW (Davies),isobar,0.0062,205.95959595959596,0.0038578163573778634
PerplexDEW (Davies),isobar,0.0062,206.96969696969697,0.003908319970672548
PerplexDEW (Davies),isobar,0.0062,207.97979797979798,0.003959307052070587
PerplexDEW (Davies),isobar,0.0062,208.989898989899,0.004010779182056988
PerplexDEW (Davies),isobar,0.0062,210.0,0.004062737885343678
PerplexDEW (Davies),isobar,0.0111,132.0,0.0013232481716379974
PerplexDEW (Davies),isobar,0.0111,133.010101010101,0.001344842015798885
PerplexDEW (Davies),isobar,0.0111,134.02020202020202,0.0013667283338954467
PerplexDEW (Davies),isobar,0.0111,135.03030303030303,0.0013889103946993322
PerplexDEW (Davies),isobar,0.0111,136.04040404040404,0.0014113908080225386
PerplexDEW (Davies),isobar,0.0111,137.05050505050505,0.0014341727449517577
PerplexDEW (Davies),isobar,0.0111,138.06060606060606,0.0014572588253282108
PerplexDEW (Davies),isobar,0.0111,139.07070707070707,0.0014806519539972984
PerplexDEW (Davies),isobar,0.0111,140.08080808080808,0.0015043551968790625
PerplexDEW (Davies),isobar,0.0111,141.0909090909091,0.0015283713314933423
PerplexDEW (Davies),isobar,0.0111,142.1010101010101,0.0015527034476598652
PerplexDEW (Davies),isobar,0.0111,143.11111111111111,0.0015773546558029365
PerplexDEW (Davies),isobar,0.0111,144.12121212121212,0.0016023272681262243
PerplexDEW (Davies),isobar,0.0111,145.13131313131314,0.0016276248902708905
PerplexDEW (Davies),isobar,0.0111,146.14141414141415,0.0016532501649354652
PerplexDEW (Davies),isobar,0.0111,147.15151515151516,0.0016792060631492865
PerplexDEW (Davies),isobar,0.0111,148.16161616161617,0.0017054959159981133
PerplexDEW (Davies),isobar,0.0111,149.17171717171718,0.0017321220069905841
PerplexDEW (Davies),isobar,0.0111,150.1818181818182,0.0017590876725018748
PerplexDEW (Davies),isobar,0.0111,151.1919191919192,0.0017863962814747985
PerplexDEW (Davies),isobar,0.0111,152.2020202020202,0.0018140500926286628
PerplexDEW (Davies),isobar,0.0111,153.21212121212122,0.0018420524773507744
PerplexDEW (Davies),isobar,0.0111,154.22222222222223,0.0018704064439738683
PerplexDEW (Davies),isobar,0.0111,155.23232323232324,0.0018991150044295692
PerplexDEW (Davies),isobar,0.0111,156.24242424242425,0.0019281807630702676
PerplexDEW (Davies),isobar,0.0111,157.25252525252526,0.0019576073421676125
PerplexDEW (Davies),isobar,0.0111,158.26262626262627,0.0019873971336486712
PerplexDEW (Davies),isobar,0.0111,159.27272727272728,0.00201755335218019
PerplexDEW (Davies),isobar,0.0111,160.2828282828283,0.002048079228988692
PerplexDEW (Davies),isobar,0.0111,161.2929292929293,0.002078976885848459
PerplexDEW (Davies),isobar,0.0111,162.3030303030303,0.002110250442531246
PerplexDEW (Davies),isobar,0.0111,163.31313131313132,0.0021419022324627507
PerplexDEW (Davies),isobar,0.0111,164.32323232323233,0.002173935012739487
PerplexDEW (Davies),isobar,0.0111,165.33333333333334,0.002206352005245956
PerplexDEW (Davies),isobar,0.0111,166.34343434343435,0.002239156199540553
PerplexDEW (Davies),isobar,0.0111,167.35353535353536,0.002272350581654267
PerplexDEW (Davies),isobar,0.0111,168.36363636363637,0.0023059376217624936
PerplexDEW (Davies),isobar,0.0111,169.37373737373738,0.002339920790078785
PerplexDEW (Davies),isobar,0.0111,170.3838383838384,0.0023743025273964746
PerplexDEW (Davies),isobar,0.0111,171.3939393939394,0.0024090863102458754
PerplexDEW (Davies),isobar,0.0111,172.40404040404042,0.0024442745468309032
PerplexDEW (Davies),isobar,0.0111,173.41414141414143,0.002479869878188721
PerplexDEW (Davies),isobar,0.0111,174.42424242424244,0.0025158754861058052
PerplexDEW (Davies),isobar,0.0111,175.43434343434345,0.0025522945626662097
PerplexDEW (Davies),isobar,0.0111,176.44444444444446,0.0025891291292130625
PerplexDEW (Davies),isobar,0.0111,177.45454545454547,0.002626382034686367
PerplexDEW (Davies),isobar,0.0111,178.46464646464648,0.002664056726951874
PerplexDEW (Davies),isobar,0.0111,179.4747474747475,0.0027021554382724126
PerplexDEW (Davies),isobar,0.0111,180.4848484848485,0.0027406809769626533
PerplexDEW (Davies),isobar,0.0111,181.49494949494948,0.0027796361360251515
PerplexDEW (Davies),isobar,0.0111,182.50505050505052,0.0028190236923188172
PerplexDEW (Davies),isobar,0.0111,183.5151515151515,0.0028588457376756667
PerplexDEW (Davies),isobar,0.0111,184.52525252525254,0.0028991056586403284
PerplexDEW (Davies),isobar,0.0111,185.53535353535352,0.0029398047944820473
PerplexDEW (Davies),isobar,0.0111,186.54545454545456,0.0029809471833649654
PerplexDEW (Davies),isobar,0.0111,187.55555555555554,0.0030225340744438342
PerplexDEW (Davies),isobar,0.0111,188.56565656565658,0.003064568781519865
PerplexDEW (Davies),isobar,0.0111,189.57575757575756,0.003107053903122265
PerplexDEW (Davies),isobar,0.0111,190.5858585858586,0.0031499905047233387
PerplexDEW (Davies),isobar,0.0111,191.59595959595958,0.003193382591141767
PerplexDEW (Davies),isobar,0.0111,192.60606060606062,0.003237231122004118
PerplexDEW (Davies),isobar,0.0111,193.6161616161616,0.0032815393039822157
PerplexDEW (Davies),isobar,0.0111,194.62626262626264,0.0033263087518933298
PerplexDEW (Davies),isobar,0.0111,195.63636363636363,0.003371541815875609
PerplexDEW (Davies),isobar,0.0111,196.64646464646466,0.0034172408129107
PerplexDEW (Davies),isobar,0.0111,197.65656565656565,0.003463408025693833
PerplexDEW (Davies),isobar,0.0111,198.66666666666669,0.003510044836851926
PerplexDEW (Davies),isobar,0.0111,199.67676767676767,0.0035571534128422825
PerplexDEW (Davies),isobar,0.0111,200.6868686868687,0.0036047358810402433
PerplexDEW (Davies),isobar,0.0111,201.6969696969697,0.0036527934189989762
PerplexDEW (Davies),isobar,0.0111,202.70707070707073,0.003701328026033571
PerplexDEW (Davies),isobar,0.0111,203.7171717171717,0.003750342597867185
PerplexDEW (Davies),isobar,0.0111,204.72727272727275,0.003799837178932325
PerplexDEW (Davies),isobar,0.0111,205.73737373737373,0.003849814557085344
PerplexDEW (Davies),isobar,0.0111,206.74747474747477,0.0039002745694077345
PerplexDEW (Davies),isobar,0.0111,207.75757575757575,0.003951220892684441
PerplexDEW (Davies),isobar,0.0111,208.7676767676768,0.004002652173202062
PerplexDEW (Davies),isobar,0.0111,209.77777777777777,0.004054571996860509
PerplexDEW (Davies),isobar,0.0111,210.7878787878788,0.004106980860027207
PerplexDEW (Davies),isobar,0.0111,211.7979797979798,0.004159879132199806
PerplexDEW (Davies),isobar,0.0111,212.80808080808083,0.004213268144002872
PerplexDEW (Davies),isobar,0.0111,213.8181818181818,0.004267149163377259
PerplexDEW (Davies),isobar,0.0111,214.82828282828285,0.004321521137149421
PerplexDEW (Davies),isobar,0.0111,215.83838383838383,0.0043763873856163295
PerplexDEW (Davies),isobar,0.0111,216.84848484848487,0.0044317478116642816
PerplexDEW (Davies),isobar,0.0111,217.85858585858585,0.004487600987474871
PerplexDEW (Davies),isobar,0.0111,218.8686868686869,0.004543950075344725
PerplexDEW (Davies),isobar,0.0111,219.87878787878788,0.0046007921969523115
PerplexDEW (Davies),isobar,0.0111,220.8888888888889,0.004658129134950043
PerplexDEW (Davies),isobar,0.0111,221.8989898989899,0.0047159614059591555
PerplexDEW (Davies),isobar,0.0111,222.90909090909093,0.004774286873952965
PerplexDEW (Davies),isobar,0.0111,223.91919191919192,0.004833108374585055
PerplexDEW (Davies),isobar,0.0111,224.92929292929296,0.004892420861198564
PerplexDEW (Davies),isobar,0.0111,225.93939393939394,0.004952228294051812
PerplexDEW (Davies),isobar,0.0111,226.94949494949498,0.005012526576353781
PerplexDEW (Davies),isobar,0.0111,227.95959595959596,0.005073316821075578
PerplexDEW (Davies),isobar,0.0111,228.96969696969697,0.00513459730007188
PerplexDEW (Davies),isobar,0.0111,229.97979797979798,0.005196366092693222
PerplexDEW (Davies),isobar,0.0111,230.989898989899,0.00525862108054085
PerplexDEW (Davies),isobar,0.0111,232.0,0.005321362908812527
PerplexDEW (Davies),isobar,0.0125643,140.0,0.0015027077268366569
PerplexDEW (Davies),isobar,0.0125643,141.010101010101,0.0015267034248501355
PerplexDEW (Davies),isobar,0.0125643,142.02020202020202,0.001551015114090961
PerplexDEW (Davies),isobar,0.0125643,143.03030303030303,0.001575645273023644
PerplexDEW (Davies),isobar,0.0125643,144.04040404040404,0.0016005973327670928
PerplexDEW (Davies),isobar,0.0125643,145.05050505050505,0.0016258737695364484
PerplexDEW (Davies),isobar,0.0125643,146.06060606060606,0.0016514780484794182
PerplexDEW (Davies),isobar,0.0125643,147.07070707070707,0.001677412641579759
PerplexDEW (Davies),isobar,0.0125643,148.08080808080808,0.0017036808706843449
PerplexDEW (Davies),isobar,0.0125643,149.0909090909091,0.0017302855509587494
PerplexDEW (Davies),isobar,0.0125643,150.1010101010101,0.0017572298565564609
PerplexDEW (Davies),isobar,0.0125643,151.11111111111111,0.0017845164207186512
PerplexDEW (Davies),isobar,0.0125643,152.12121212121212,0.0018121484245693848
PerplexDEW (Davies),isobar,0.0125643,153.13131313131314,0.001840128873946626
PerplexDEW (Davies),isobar,0.0125643,154.14141414141415,0.0018684607788023876
PerplexDEW (Davies),isobar,0.0125643,155.15151515151516,0.0018971469514891272
PerplexDEW (Davies),isobar,0.0125643,156.16161616161617,0.001926190602534317
PerplexDEW (Davies),isobar,0.0125643,157.17171717171718,0.001955594542421588
PerplexDEW (Davies),isobar,0.0125643,158.1818181818182,0.0019853617810582235
PerplexDEW (Davies),isobar,0.0125643,159.1919191919192,0.0020154955464816806
PerplexDEW (Davies),isobar,0.0125643,160.2020202020202,0.0020459982005743027
PerplexDEW (Davies),isobar,0.0125643,161.21212121212122,0.002076873406095821
PerplexDEW (Davies),isobar,0.0125643,162.22222222222223,0.0021081241876452377
PerplexDEW (Davies),isobar,0.0125643,163.23232323232324,0.002139752636376745
PerplexDEW (Davies),isobar,0.0125643,164.24242424242425,0.002171762436833268
PerplexDEW (Davies),isobar,0.0125643,165.25252525252526,0.0022041563551029124
PerplexDEW (Davies),isobar,0.0125643,166.26262626262627,0.0022369373834767504
PerplexDEW (Davies),isobar,0.0125643,167.27272727272728,0.0022701085108024397
PerplexDEW (Davies),isobar,0.0125643,168.2828282828283,0.002303672210927898
PerplexDEW (Davies),isobar,0.0125643,169.2929292929293,0.0023376319563134977
PerplexDEW (Davies),isobar,0.0125643,170.3030303030303,0.0023719904564841864
PerplexDEW (Davies),isobar,0.0125643,171.31313131313132,0.00240675039580017
PerplexDEW (Davies),isobar,0.0125643,172.32323232323233,0.0024419152556602935
PerplexDEW (Davies),isobar,0.0125643,173.33333333333334,0.0024774868719334717
PerplexDEW (Davies),isobar,0.0125643,174.34343434343435,0.002513469268216729
PerplexDEW (Davies),isobar,0.0125643,175.35353535353536,0.0025498642222129323
PerplexDEW (Davies),isobar,0.0125643,176.36363636363637,0.002586675188173234
PerplexDEW (Davies),isobar,0.0125643,177.37373737373738,0.0026239044500491427
PerplexDEW (Davies),isobar,0.0125643,178.3838383838384,0.002661555458983527
PerplexDEW (Davies),isobar,0.0125643,179.3939393939394,0.0026996307633140207
PerplexDEW (Davies),isobar,0.0125643,180.40404040404042,0.0027381328758944216
PerplexDEW (Davies),isobar,0.0125643,181.41414141414143,0.0027770642724461226
PerplexDEW (Davies),isobar,0.0125643,182.42424242424244,0.0028164280453647525
PerplexDEW (Davies),isobar,0.0125643,183.43434343434345,0.0028562262922022614
PerplexDEW (Davies),isobar,0.0125643,184.44444444444446,0.002896462403411745
PerplexDEW (Davies),isobar,0.0125643,185.45454545454547,0.002937138416003375
PerplexDEW (Davies),isobar,0.0125643,186.46464646464648,0.0029782573533341196
PerplexDEW (Davies),isobar,0.0125643,187.4747474747475,0.003019821526705803
PerplexDEW (Davies),isobar,0.0125643,188.4848484848485,0.0030618324729335
PerplexDEW (Davies),isobar,0.0125643,189.49494949494948,0.0031042938503571707
PerplexDEW (Davies),isobar,0.0125643,190.50505050505052,0.0031472082386724953
PerplexDEW (Davies),isobar,0.0125643,191.5151515151515,0.0031905766597229174
PerplexDEW (Davies),isobar,0.0125643,192.52525252525254,0.0032344023414742442
PerplexDEW (Davies),isobar,0.0125643,193.53535353535352,0.0032786877430166085
PerplexDEW (Davies),isobar,0.0125643,194.54545454545456,0.0033234352938315828
PerplexDEW (Davies),isobar,0.0125643,195.55555555555554,0.00336864575167831
PerplexDEW (Davies),isobar,0.0125643,196.56565656565658,0.0034143222337286207
PerplexDEW (Davies),isobar,0.0125643,197.57575757575756,0.003460467030037482
PerplexDEW (Davies),isobar,0.0125643,198.5858585858586,0.0035070823953862896
PerplexDEW (Davies),isobar,0.0125643,199.59595959595958,0.0035541687918774554
PerplexDEW (Davies),isobar,0.0125643,200.60606060606062,0.003601729203676071
PerplexDEW (Davies),isobar,0.0125643,201.6161616161616,0.0036497666341391718
PerplexDEW (Davies),isobar,0.0125643,202.62626262626264,0.0036982804123413286
PerplexDEW (Davies),isobar,0.0125643,203.63636363636363,0.0037472733956352227
PerplexDEW (Davies),isobar,0.0125643,204.64646464646466,0.003796747503032126
PerplexDEW (Davies),isobar,0.0125643,205.65656565656565,0.0038467046069502334
PerplexDEW (Davies),isobar,0.0125643,206.66666666666669,0.003897145544415589
PerplexDEW (Davies),isobar,0.0125643,207.67676767676767,0.003948071036962102
PerplexDEW (Davies),isobar,0.0125643,208.6868686868687,0.003999484749297683
PerplexDEW (Davies),isobar,0.0125643,209.6969696969697,0.004051385238182636
PerplexDEW (Davies),isobar,0.0125643,210.70707070707073,0.004103775020031219
PerplexDEW (Davies),isobar,0.0125643,211.7171717171717,0.004156655549320355
PerplexDEW (Davies),isobar,0.0125643,212.72727272727275,0.004210027130626193
PerplexDEW (Davies),isobar,0.0125643,213.73737373737373,0.004263891043917816
PerplexDEW (Davies),isobar,0.0125643,214.74747474747477,0.004318247378277888
PerplexDEW (Davies),isobar,0.0125643,215.75757575757575,0.004373097228285178
PerplexDEW (Davies),isobar,0.0125643,216.7676767676768,0.0044284404554143075
PerplexDEW (Davies),isobar,0.0125643,217.77777777777777,0.004484279140968645
PerplexDEW (Davies),isobar,0.0125643,218.7878787878788,0.004540612964447389
PerplexDEW (Davies),isobar,0.0125643,219.7979797979798,0.004597441452810118
PerplexDEW (Davies),isobar,0.0125643,220.80808080808083,0.004654765218356795
PerplexDEW (Davies),isobar,0.0125643,221.8181818181818,0.004712584792649034
PerplexDEW (Davies),isobar,0.0125643,222.82828282828285,0.00477089934155302
PerplexDEW (Davies),isobar,0.0125643,223.83838383838383,0.004829707863304049
PerplexDEW (Davies),isobar,0.0125643,224.84848484848487,0.00488901183381346
PerplexDEW (Davies),isobar,0.0125643,225.85858585858585,0.004948808683519537
PerplexDEW (Davies),isobar,0.0125643,226.8686868686869,0.005009098313679328
PerplexDEW (Davies),isobar,0.0125643,227.87878787878788,0.0050698805280652
PerplexDEW (Davies),isobar,0.0125643,228.8888888888889,0.005131152205968061
PerplexDEW (Davies),isobar,0.0125643,229.8989898989899,0.005192914249385733
PerplexDEW (Davies),isobar,0.0125643,230.90909090909093,0.005255166086583902
PerplexDEW (Davies),isobar,0.0125643,231.91919191919192,0.005317902594177321
PerplexDEW (Davies),isobar,0.0125643,232.92929292929296,0.00538112427546777
PerplexDEW (Davies),isobar,0.0125643,233.93939393939394,0.00544483008266695
PerplexDEW (Davies),isobar,0.0125643,234.94949494949498,0.005509015743619775
PerplexDEW (Davies),isobar,0.0125643,235.95959595959596,0.005573678246629803
PerplexDEW (Davies),isobar,0.0125643,236.96969696969697,0.005638817558526785
PerplexDEW (Davies),isobar,0.0125643,237.97979797979798,0.005704430360182715
PerplexDEW (Davies),isobar,0.0125643,238.989898989899,0.005770511444867398
PerplexDEW (Davies),isobar,0.0125643,240.0,0.005837058620658543
PerplexDEW (Davies),isobar,0.0155,150.0,0.0017551433517579557
PerplexDEW (Davies),isobar,0.0155,151.010101010101,0.0017824070893426428
PerplexDEW (Davies),isobar,0.0155,152.02020202020202,0.0018100161827196398
PerplexDEW (Davies),isobar,0.0155,153.03030303030303,0.0018379736409738143
PerplexDEW (Davies),isobar,0.0155,154.04040404040404,0.0018662824774030693
PerplexDEW (Davies),isobar,0.0155,155.05050505050505,0.0018949457090706302
PerplexDEW (Davies),isobar,0.0155,156.06060606060606,0.0019239661517046693
PerplexDEW (Davies),isobar,0.0155,157.07070707070707,0.0019533470254875338
PerplexDEW (Davies),isobar,0.0155,158.08080808080808,0.0019830911434255355
PerplexDEW (Davies),isobar,0.0155,159.0909090909091,0.0020132015208821834
PerplexDEW (Davies),isobar,0.0155,160.1010101010101,0.0020436813945597745
PerplexDEW (Davies),isobar,0.0155,161.11111111111111,0.002074533120187895
PerplexDEW (Davies),isobar,0.0155,162.12121212121212,0.0021057603755759275
PerplexDEW (Davies),isobar,0.0155,163.13131313131314,0.002137365723662762
PerplexDEW (Davies),isobar,0.0155,164.14141414141415,0.00216935264077635
PerplexDEW (Davies),isobar,0.0155,165.15151515151516,0.0022017231871134697
PerplexDEW (Davies),isobar,0.0155,166.16161616161617,0.0022344813173814774
PerplexDEW (Davies),isobar,0.0155,167.17171717171718,0.002267629050862007
PerplexDEW (Davies),isobar,0.0155,168.1818181818182,0.0023011698605118554
PerplexDEW (Davies),isobar,0.0155,169.1919191919192,0.0023351067317910574
PerplexDEW (Davies),isobar,0.0155,170.2020202020202,0.0023694421162911167
PerplexDEW (Davies),isobar,0.0155,171.21212121212122,0.002404179498015658
PerplexDEW (Davies),isobar,0.0155,172.22222222222223,0.0024393212964989868
PerplexDEW (Davies),isobar,0.0155,173.23232323232324,0.0024748704424848067
PerplexDEW (Davies),isobar,0.0155,174.24242424242425,0.0025108298579688414
PerplexDEW (Davies),isobar,0.0155,175.25252525252526,0.0025472027445806304
PerplexDEW (Davies),isobar,0.0155,176.26262626262627,0.002583991431672628
PerplexDEW (Davies),isobar,0.0155,177.27272727272728,0.002621198795126156
PerplexDEW (Davies),isobar,0.0155,178.2828282828283,0.0026588276986656764
PerplexDEW (Davies),isobar,0.0155,179.2929292929293,0.002696881303408439
PerplexDEW (Davies),isobar,0.0155,180.3030303030303,0.0027353611996259568
PerplexDEW (Davies),isobar,0.0155,181.31313131313132,0.0027742714454834626
PerplexDEW (Davies),isobar,0.0155,182.32323232323233,0.002813614210502519
PerplexDEW (Davies),isobar,0.0155,183.33333333333334,0.0028533916023592903
PerplexDEW (Davies),isobar,0.0155,184.34343434343435,0.0028936070193481198
PerplexDEW (Davies),isobar,0.0155,185.35353535353536,0.00293426250902621
PerplexDEW (Davies),isobar,0.0155,186.36363636363637,0.0029753607528264416
PerplexDEW (Davies),isobar,0.0155,187.37373737373738,0.0030169044108844384
PerplexDEW (Davies),isobar,0.0155,188.3838383838384,0.0030588961211039933
PerplexDEW (Davies),isobar,0.0155,189.3939393939394,0.0031013384982115947
PerplexDEW (Davies),isobar,0.0155,190.40404040404042,0.003144233381005189
PerplexDEW (Davies),isobar,0.0155,191.41414141414143,0.0031875832958212467
PerplexDEW (Davies),isobar,0.0155,192.42424242424244,0.0032313907416993528
PerplexDEW (Davies),isobar,0.0155,193.43434343434345,0.0032756581893486985
PerplexDEW (Davies),isobar,0.0155,194.44444444444446,0.0033203880801001553
PerplexDEW (Davies),isobar,0.0155,195.45454545454547,0.003365581186836573
PerplexDEW (Davies),isobar,0.0155,196.46464646464648,0.003411241470700314
PerplexDEW (Davies),isobar,0.0155,197.4747474747475,0.003457370429846566
PerplexDEW (Davies),isobar,0.0155,198.4848484848485,0.0035039694707570974
PerplexDEW (Davies),isobar,0.0155,199.49494949494948,0.0035510407814544754
PerplexDEW (Davies),isobar,0.0155,200.50505050505052,0.0035985874027179084
PerplexDEW (Davies),isobar,0.0155,201.5151515151515,0.003646609676336022
PerplexDEW (Davies),isobar,0.0155,202.52525252525254,0.0036951105471924876
PerplexDEW (Davies),isobar,0.0155,203.53535353535352,0.003744091103808525
PerplexDEW (Davies),isobar,0.0155,204.54545454545456,0.003793553281130614
PerplexDEW (Davies),isobar,0.0155,205.55555555555554,0.0038434979984294597
PerplexDEW (Davies),isobar,0.0155,206.56565656565658,0.003893928033511279
PerplexDEW (Davies),isobar,0.0155,207.57575757575756,0.003944844175503269
PerplexDEW (Davies),isobar,0.0155,208.5858585858586,0.0039962481150568946
PerplexDEW (Davies),isobar,0.0155,209.59595959595958,0.00404814045365264
PerplexDEW (Davies),isobar,0.0155,210.60606060606062,0.00410052272231545
PerplexDEW (Davies),isobar,0.0155,211.6161616161616,0.004153396394479398
PerplexDEW (Davies),isobar,0.0155,212.62626262626264,0.004206761795990367
PerplexDEW (Davies),isobar,0.0155,213.63636363636363,0.004260620226522756
PerplexDEW (Davies),isobar,0.0155,214.64646464646466,0.004314972922053197
PerplexDEW (Davies),isobar,0.0155,215.65656565656565,0.004369819909922636
PerplexDEW (Davies),isobar,0.0155,216.66666666666669,0.004425162237499449
PerplexDEW (Davies),isobar,0.0155,217.67676767676767,0.004480999700778395
PerplexDEW (Davies),isobar,0.0155,218.6868686868687,0.0045373343477357305
PerplexDEW (Davies),isobar,0.0155,219.6969696969697,0.004594164569020387
PerplexDEW (Davies),isobar,0.0155,220.70707070707073,0.0046514910010605984
PerplexDEW (Davies),isobar,0.0155,221.7171717171717,0.004709314199940223
PerplexDEW (Davies),isobar,0.0155,222.72727272727275,0.004767634639583316
PerplexDEW (Davies),isobar,0.0155,223.73737373737373,0.004826450106710755
PerplexDEW (Davies),isobar,0.0155,224.74747474747477,0.004885760778995437
PerplexDEW (Davies),isobar,0.0155,225.75757575757575,0.004945568086851237
PerplexDEW (Davies),isobar,0.0155,226.7676767676768,0.005005869356998541
PerplexDEW (Davies),isobar,0.0155,227.77777777777777,0.005066663034656379
PerplexDEW (Davies),isobar,0.0155,228.7878787878788,0.00512795019675144
PerplexDEW (Davies),isobar,0.0155,229.7979797979798,0.0051897290424902974
PerplexDEW (Davies),isobar,0.0155,230.80808080808083,0.005251999031675653
PerplexDEW (Davies),isobar,0.0155,231.8181818181818,0.005314755080876571
PerplexDEW (Davies),isobar,0.0155,232.82828282828285,0.0053779992257734915
PerplexDEW (Davies),isobar,0.0155,233.83838383838383,0.005441727471248332
PerplexDEW (Davies),isobar,0.0155,234.84848484848487,0.0055059386133541706
PerplexDEW (Davies),isobar,0.0155,235.85858585858585,0.005570631326105885
PerplexDEW (Davies),isobar,0.0155,236.8686868686869,0.0056358009597280555
PerplexDEW (Davies),isobar,0.0155,237.87878787878788,0.0057014457858050385
PerplexDEW (Davies),isobar,0.0155,238.8888888888889,0.0057675622921592165
PerplexDEW (Davies),isobar,0.0155,239.8989898989899,0.0058341467272089555
PerplexDEW (Davies),isobar,0.0155,240.90909090909093,0.00590119679660265
PerplexDEW (Davies),isobar,0.0155,241.91919191919192,0.005968710060924569
PerplexDEW (Davies),isobar,0.0155,242.92929292929296,0.006036678664228617
PerplexDEW (Davies),isobar,0.0155,243.93939393939394,0.006105099622931569
PerplexDEW (Davies),isobar,0.0155,244.94949494949498,0.006173971605211652
PerplexDEW (Davies),isobar,0.0155,245.95959595959596,0.006243285871396012
PerplexDEW (Davies),isobar,0.0155,246.96969696969697,0.006313036913047456
PerplexDEW (Davies),isobar,0.0155,247.97979797979798,0.006383222727320848
PerplexDEW (Davies),isobar,0.0155,248.989898989899,0.006453835472398619
PerplexDEW (Davies),isobar,0.0155,250.0,0.006524866890923853
PerplexDEW (Davies),isobar,0.022798125,169.0,0.0023308247267933785
PerplexDEW (Davies),isobar,0.022798125,170.010101010101,0.002365126595097366
PerplexDEW (Davies),isobar,0.022798125,171.02020202020202,0.0023998301649662017
PerplexDEW (Davies),isobar,0.022798125,172.03030303030303,0.00243493893579307
PerplexDEW (Davies),isobar,0.022798125,173.04040404040404,0.002470455604889364
PerplexDEW (Davies),isobar,0.022798125,174.05050505050505,0.002506382842043511
PerplexDEW (Davies),isobar,0.022798125,175.06060606060606,0.002542723864103582
PerplexDEW (Davies),isobar,0.022798125,176.07070707070707,0.0025794813123602876
PerplexDEW (Davies),isobar,0.022798125,177.08080808080808,0.0026166577970327953
PerplexDEW (Davies),isobar,0.022798125,178.0909090909091,0.002654256503257912
PerplexDEW (Davies),isobar,0.022798125,179.1010101010101,0.0026922800068927733
PerplexDEW (Davies),isobar,0.022798125,180.11111111111111,0.002730731478329234
PerplexDEW (Davies),isobar,0.022798125,181.12121212121212,0.0027696124948395464
PerplexDEW (Davies),isobar,0.022798125,182.13131313131314,0.0028089271360252797
PerplexDEW (Davies),isobar,0.022798125,183.14141414141415,0.0028486775661251762
PerplexDEW (Davies),isobar,0.022798125,184.15151515151516,0.002888866561606204
PerplexDEW (Davies),isobar,0.022798125,185.16161616161617,0.0029294961940083118
PerplexDEW (Davies),isobar,0.022798125,186.17171717171718,0.0029705698657656356
PerplexDEW (Davies),isobar,0.022798125,187.1818181818182,0.0030120895849492634
PerplexDEW (Davies),isobar,0.022798125,188.1919191919192,0.0030540587365536303
PerplexDEW (Davies),isobar,0.022798125,189.2020202020202,0.0030964785245298056
PerplexDEW (Davies),isobar,0.022798125,190.21212121212122,0.00313935152598231
PerplexDEW (Davies),isobar,0.022798125,191.22222222222223,0.0031826818163199827
PerplexDEW (Davies),isobar,0.022798125,192.23232323232324,0.0032264696734244443
PerplexDEW (Davies),isobar,0.022798125,193.24242424242425,0.003270719132221126
PerplexDEW (Davies),isobar,0.022798125,194.25252525252526,0.003315431097345381
PerplexDEW (Davies),isobar,0.022798125,195.26262626262627,0.0033606095984892435
PerplexDEW (Davies),isobar,0.022798125,196.27272727272728,0.003406254594892381
PerplexDEW (Davies),isobar,0.022798125,197.2828282828283,0.003452370065687329
PerplexDEW (Davies),isobar,0.022798125,198.2929292929293,0.0034989566348880173
PerplexDEW (Davies),isobar,0.022798125,199.3030303030303,0.0035460182683895616
PerplexDEW (Davies),isobar,0.022798125,200.31313131313132,0.003593554571832625
PerplexDEW (Davies),isobar,0.022798125,201.32323232323233,0.0036415694496707376
PerplexDEW (Davies),isobar,0.022798125,202.33333333333334,0.003690064131149702
PerplexDEW (Davies),isobar,0.022798125,203.34343434343435,0.0037390397429653086
PerplexDEW (Davies),isobar,0.022798125,204.35353535353536,0.003788499205553811
PerplexDEW (Davies),isobar,0.022798125,205.36363636363637,0.0038384435258443776
PerplexDEW (Davies),isobar,0.022798125,206.37373737373738,0.0038888736002417757
PerplexDEW (Davies),isobar,0.022798125,207.3838383838384,0.003939793206746947
PerplexDEW (Davies),isobar,0.022798125,208.3939393939394,0.003991201129329575
PerplexDEW (Davies),isobar,0.022798125,209.40404040404042,0.004043100027961441
PerplexDEW (Davies),isobar,0.022798125,210.41414141414143,0.004095490477051509
PerplexDEW (Davies),isobar,0.022798125,211.42424242424244,0.004148375059645886
PerplexDEW (Davies),isobar,0.022798125,212.43434343434345,0.004201754201976278
PerplexDEW (Davies),isobar,0.022798125,213.44444444444446,0.004255627097490657
PerplexDEW (Davies),isobar,0.022798125,214.45454545454547,0.004309998336519274
PerplexDEW (Davies),isobar,0.022798125,215.46464646464648,0.004364865829333486
PerplexDEW (Davies),isobar,0.022798125,216.4747474747475,0.004420230672400185
PerplexDEW (Davies),isobar,0.022798125,217.4848484848485,0.004476093892851376
PerplexDEW (Davies),isobar,0.022798125,218.49494949494948,0.004532456446818143
PerplexDEW (Davies),isobar,0.022798125,219.50505050505052,0.004589318001826824
PerplexDEW (Davies),isobar,0.022798125,220.5151515151515,0.0046466793073970895
PerplexDEW (Davies),isobar,0.022798125,221.52525252525254,0.004704541035240443
PerplexDEW (Davies),isobar,0.022798125,222.53535353535352,0.004762901224872654
PerplexDEW (Davies),isobar,0.022798125,223.54545454545456,0.004821760262826782
PerplexDEW (Davies),isobar,0.022798125,224.55555555555554,0.004881119766938393
PerplexDEW (Davies),isobar,0.022798125,225.56565656565658,0.004940977333709609
PerplexDEW (Davies),isobar,0.022798125,226.57575757575756,0.005001334380849387
PerplexDEW (Davies),isobar,0.022798125,227.5858585858586,0.005062186788224558
PerplexDEW (Davies),isobar,0.022798125,228.59595959595958,0.005123537099790599
PerplexDEW (Davies),isobar,0.022798125,229.60606060606062,0.005185383655097904
PerplexDEW (Davies),isobar,0.022798125,230.6161616161616,0.005247723151718627
PerplexDEW (Davies),isobar,0.022798125,231.62626262626264,0.005310556418190425
PerplexDEW (Davies),isobar,0.022798125,232.63636363636363,0.005373879775817571
PerplexDEW (Davies),isobar,0.022798125,233.64646464646466,0.005437693807253319
PerplexDEW (Davies),isobar,0.022798125,234.65656565656565,0.005501994440402323
PerplexDEW (Davies),isobar,0.022798125,235.66666666666669,0.0055667819985348015
PerplexDEW (Davies),isobar,0.022798125,236.67676767676767,0.005632051998522172
PerplexDEW (Davies),isobar,0.022798125,237.6868686868687,0.0056978028710980904
PerplexDEW (Davies),isobar,0.022798125,238.6969696969697,0.005764031272248427
PerplexDEW (Davies),isobar,0.022798125,239.70707070707073,0.005830733622189748
PerplexDEW (Davies),isobar,0.022798125,240.7171717171717,0.005897907796119343
PerplexDEW (Davies),isobar,0.022798125,241.72727272727275,0.0059655498042950434
PerplexDEW (Davies),isobar,0.022798125,242.73737373737373,0.006033655405141608
PerplexDEW (Davies),isobar,0.022798125,243.74747474747477,0.0061022218764437775
PerplexDEW (Davies),isobar,0.022798125,244.75757575757575,0.006171240926946921
PerplexDEW (Davies),isobar,0.022798125,245.7676767676768,0.006240714771148038
PerplexDEW (Davies),isobar,0.022798125,246.77777777777777,0.006310632767944695
PerplexDEW (Davies),isobar,0.022798125,247.7878787878788,0.006380991214791551
PerplexDEW (Davies),isobar,0.022798125,248.7979797979798,0.006451782396366262
PerplexDEW (Davies),isobar,0.022798125,249.80808080808083,0.006523005979678091
PerplexDEW (Davies),isobar,0.022798125,250.8181818181818,0.006594649813464083
PerplexDEW (Davies),isobar,0.022798125,251.82828282828285,0.006666713133306442
PerplexDEW (Davies),isobar,0.022798125,252.83838383838383,0.006739182985743045
PerplexDEW (Davies),isobar,0.022798125,253.84848484848487,
PerplexDEW (Davies),isobar,0.022798125,254.85858585858585,
PerplexDEW (Davies),isobar,0.022798125,255.8686868686869,
PerplexDEW (Davies),isobar,0.022798125,256.8787878787879,
PerplexDEW (Davies),isobar,0.022798125,257.8888888888889,
PerplexDEW (Davies),isobar,0.022798125,258.8989898989899,
PerplexDEW (Davies),isobar,0.022798125,259.90909090909093,
PerplexDEW (Davies),isobar,0.022798125,260.9191919191919,0.007332686900739597
PerplexDEW (Davies),isobar,0.022798125,261.92929292929296,0.007408452333152949
PerplexDEW (Davies),isobar,0.022798125,262.93939393939394,0.007484529704661416
PerplexDEW (Davies),isobar,0.022798125,263.949494949495,0.00756091010844282
PerplexDEW (Davies),isobar,0.022798125,264.95959595959596,0.007637579481112873
PerplexDEW (Davies),isobar,0.022798125,265.969696969697,0.007714523191499337
PerplexDEW (Davies),isobar,0.022798125,266.979797979798,0.007791726027559093
PerplexDEW (Davies),isobar,0.022798125,267.98989898989896,0.007869172183121425
PerplexDEW (Davies),isobar,0.022798125,269.0,0.007946855605396635
PerplexDEW (Davies),isobar,0.025,172.0,0.0024345798257752386
PerplexDEW (Davies),isobar,0.025,173.010101010101,0.0024700978311296604
PerplexDEW (Davies),isobar,0.025,174.02020202020202,0.0025060262912471355
PerplexDEW (Davies),isobar,0.025,175.03030303030303,0.0025423689878814647
PerplexDEW (Davies),isobar,0.025,176.04040404040404,0.002579128289467951
PerplexDEW (Davies),isobar,0.025,177.05050505050505,0.0026163071094824496
PerplexDEW (Davies),isobar,0.025,178.06060606060606,0.0026539077430188956
PerplexDEW (Davies),isobar,0.025,179.07070707070707,0.0026919342838624513
PerplexDEW (Davies),isobar,0.025,180.08080808080808,0.00273038838406876
PerplexDEW (Davies),isobar,0.025,181.0909090909091,0.002769272874170605
PerplexDEW (Davies),isobar,0.025,182.1010101010101,0.0028085905693402704
PerplexDEW (Davies),isobar,0.025,183.11111111111111,0.0028483449315170836
PerplexDEW (Davies),isobar,0.025,184.12121212121212,0.002888537428406416
PerplexDEW (Davies),isobar,0.025,185.13131313131314,0.0029291714755080023
PerplexDEW (Davies),isobar,0.025,186.14141414141415,0.0029702498180941596
PerplexDEW (Davies),isobar,0.025,187.15151515151516,0.003011774471001505
PerplexDEW (Davies),isobar,0.025,188.16161616161617,0.0030537481020336027
PerplexDEW (Davies),isobar,0.025,189.17171717171718,0.0030961733563772916
PerplexDEW (Davies),isobar,0.025,190.1818181818182,0.0031390528556483844
PerplexDEW (Davies),isobar,0.025,191.1919191919192,0.0031823888161292366
PerplexDEW (Davies),isobar,0.025,192.2020202020202,0.0032261834021997653
PerplexDEW (Davies),isobar,0.025,193.21212121212122,0.0032704395124945776
PerplexDEW (Davies),isobar,0.025,194.22222222222223,0.003315159242320119
PerplexDEW (Davies),isobar,0.025,195.23232323232324,0.0033603450379602433
PerplexDEW (Davies),isobar,0.025,196.24242424242425,0.0034059984852756633
PerplexDEW (Davies),isobar,0.025,197.25252525252526,0.0034521227688043893
PerplexDEW (Davies),isobar,0.025,198.26262626262627,0.0034987185219170205
PerplexDEW (Davies),isobar,0.025,199.27272727272728,0.0035457897178906017
PerplexDEW (Davies),isobar,0.025,200.2828282828283,0.0035933359725874264
PerplexDEW (Davies),isobar,0.025,201.2929292929293,0.003641361198110085
PerplexDEW (Davies),isobar,0.025,202.3030303030303,0.0036898675511741427
PerplexDEW (Davies),isobar,0.025,203.31313131313132,0.0037388543475519783
PerplexDEW (Davies),isobar,0.025,204.32323232323233,0.003788326368341814
PerplexDEW (Davies),isobar,0.025,205.33333333333334,0.003838282747763123
PerplexDEW (Davies),isobar,0.025,206.34343434343435,0.003888726307418269
PerplexDEW (Davies),isobar,0.025,207.35353535353536,0.003939658887162634
PerplexDEW (Davies),isobar,0.025,208.36363636363637,0.003991081262625806
PerplexDEW (Davies),isobar,0.025,209.37373737373738,0.004042996153989759
PerplexDEW (Davies),isobar,0.025,210.3838383838384,0.004095402101145838
PerplexDEW (Davies),isobar,0.025,211.3939393939394,0.004148303778499535
PerplexDEW (Davies),isobar,0.025,212.40404040404042,0.00420169842541872
PerplexDEW (Davies),isobar,0.025,213.41414141414143,0.004255590650728534
PerplexDEW (Davies),isobar,0.025,214.42424242424244,0.004309979616891822
PerplexDEW (Davies),isobar,0.025,215.43434343434345,0.004364866554548296
PerplexDEW (Davies),isobar,0.025,216.44444444444446,0.004420252628408736
PerplexDEW (Davies),isobar,0.025,217.45454545454547,0.004476136582993162
PerplexDEW (Davies),isobar,0.025,218.46464646464648,0.0045325205262281105
PerplexDEW (Davies),isobar,0.025,219.4747474747475,0.004589405354970124
PerplexDEW (Davies),isobar,0.025,220.4848484848485,0.004646790656891875
PerplexDEW (Davies),isobar,0.025,221.49494949494948,0.004704675863289461
PerplexDEW (Davies),isobar,0.025,222.50505050505052,0.004763061519996383
PerplexDEW (Davies),isobar,0.025,223.5151515151515,0.004821948089949084
PerplexDEW (Davies),isobar,0.025,224.52525252525254,0.004881334634161806
PerplexDEW (Davies),isobar,0.025,225.53535353535352,0.004941221380384067
PerplexDEW (Davies),isobar,0.025,226.54545454545456,0.005001607106037166
PerplexDEW (Davies),isobar,0.025,227.55555555555554,0.005062491790702516
PerplexDEW (Davies),isobar,0.025,228.56565656565658,0.005123872509714725
PerplexDEW (Davies),isobar,0.025,229.57575757575756,0.00518575176680164
PerplexDEW (Davies),isobar,0.025,230.5858585858586,0.0052481263466653515
PerplexDEW (Davies),isobar,0.025,231.59595959595958,0.005310995691902912
PerplexDEW (Davies),isobar,0.025,232.60606060606062,0.005374356145011064
PerplexDEW (Davies),isobar,0.025,233.6161616161616,0.005438208307358959
PerplexDEW (Davies),isobar,0.025,234.62626262626264,0.005502549672573038
PerplexDEW (Davies),isobar,0.025,235.63636363636363,0.005567377519852633
PerplexDEW (Davies),isobar,0.025,236.64646464646466,0.005632690501445585
PerplexDEW (Davies),isobar,0.025,237.65656565656565,0.005698485526066518
PerplexDEW (Davies),isobar,0.025,238.66666666666669,0.005764759272897309
PerplexDEW (Davies),isobar,0.025,239.67676767676767,0.005831509855204607
PerplexDEW (Davies),isobar,0.025,240.6868686868687,0.005898733553864115
PerplexDEW (Davies),isobar,0.025,241.6969696969697,0.00596642640443094
PerplexDEW (Davies),isobar,0.025,242.70707070707073,0.00603458419101112
PerplexDEW (Davies),isobar,0.025,243.7171717171717,0.006103204216335909
PerplexDEW (Davies),isobar,0.025,244.72727272727275,0.006172283629585265
PerplexDEW (Davies),isobar,0.025,245.73737373737373,0.006241813927970197
PerplexDEW (Davies),isobar,0.025,246.74747474747477,0.006311793550455692
PerplexDEW (Davies),isobar,0.025,247.75757575757575,0.006382213326366164
PerplexDEW (Davies),isobar,0.025,248.7676767676768,0.006453073157089956
PerplexDEW (Davies),isobar,0.025,249.77777777777777,0.006524363262893789
PerplexDEW (Davies),isobar,0.025,250.7878787878788,0.006596077282936485
PerplexDEW (Davies),isobar,0.025,251.7979797979798,0.00666821256368737
PerplexDEW (Davies),isobar,0.025,252.80808080808083,0.006740756188676253
PerplexDEW (Davies),isobar,0.025,253.8181818181818,
PerplexDEW (Davies),isobar,0.025,254.82828282828285,
PerplexDEW (Davies),isobar,0.025,255.83838383838383,
PerplexDEW (Davies),isobar,0.025,256.8484848484849,
PerplexDEW (Davies),isobar,0.025,257.85858585858585,
PerplexDEW (Davies),isobar,0.025,258.8686868686869,
PerplexDEW (Davies),isobar,0.025,259.8787878787879,
PerplexDEW (Davies),isobar,0.025,260.8888888888889,0.007334970189606829
PerplexDEW (Davies),isobar,0.025,261.8989898989899,0.007410837360615112
PerplexDEW (Davies),isobar,0.025,262.90909090909093,0.007487023670820385
PerplexDEW (Davies),isobar,0.025,263.9191919191919,0.007563515659705272
PerplexDEW (Davies),isobar,0.025,264.92929292929296,0.0076402993125568525
PerplexDEW (Davies),isobar,0.025,265.93939393939394,0.007717360047513101
PerplexDEW (Davies),isobar,0.025,266.949494949495,0.007794687729461265
PerplexDEW (Davies),isobar,0.025,267.95959595959596,0.007872266826630352
PerplexDEW (Davies),isobar,0.025,268.969696969697,0.007950081206048747
PerplexDEW (Davies),isobar,0.025,269.979797979798,0.008028108866376131
PerplexDEW (Davies),isobar,0.025,270.98989898989896,0.008106337530325322
PerplexDEW (Davies),isobar,0.025,272.0,0.00818475458652274
PerplexDEW (Davies),isobar,0.03343725,190.0,0.0031350859306924442
PerplexDEW (Davies),isobar,0.03343725,191.010101010101,0.003178415286013806
PerplexDEW (Davies),isobar,0.03343725,192.02020202020202,0.0032222050176081785
PerplexDEW (Davies),isobar,0.03343725,193.03030303030303,0.003266456913669152
PerplexDEW (Davies),isobar,0.03343725,194.04040404040404,0.003311174279064035
PerplexDEW (Davies),isobar,0.03343725,195.05050505050505,0.003356358006311234
PerplexDEW (Davies),isobar,0.03343725,196.06060606060606,0.0034020121537497866
PerplexDEW (Davies),isobar,0.03343725,197.07070707070707,0.003448137497142342
PerplexDEW (Davies),isobar,0.03343725,198.08080808080808,0.003494737231525707
PerplexDEW (Davies),isobar,0.03343725,199.0909090909091,0.0035418128358490385
PerplexDEW (Davies),isobar,0.03343725,200.1010101010101,0.0035893656950674742
PerplexDEW (Davies),isobar,0.03343725,201.11111111111111,0.0036373997955738285
PerplexDEW (Davies),isobar,0.03343725,202.12121212121212,0.003685915546619715
PerplexDEW (Davies),isobar,0.03343725,203.13131313131314,0.0037349150560037248
PerplexDEW (Davies),isobar,0.03343725,204.14141414141415,0.0037844003892943466
PerplexDEW (Davies),isobar,0.03343725,205.15151515151516,0.003834372606615197
PerplexDEW (Davies),isobar,0.03343725,206.16161616161617,0.003884834614867922
PerplexDEW (Davies),isobar,0.03343725,207.17171717171718,0.003935787350023227
PerplexDEW (Davies),isobar,0.03343725,208.1818181818182,0.003987232645219771
PerplexDEW (Davies),isobar,0.03343725,209.1919191919192,0.004039171255330433
PerplexDEW (Davies),isobar,0.03343725,210.2020202020202,0.004091605905465597
PerplexDEW (Davies),isobar,0.03343725,211.21212121212122,0.004144536148066
PerplexDEW (Davies),isobar,0.03343725,212.22222222222223,0.004197964580668269
PerplexDEW (Davies),isobar,0.03343725,213.23232323232324,0.004251890519154746
PerplexDEW (Davies),isobar,0.03343725,214.24242424242425,0.004306317540282857
PerplexDEW (Davies),isobar,0.03343725,215.25252525252526,0.004361244765935889
PerplexDEW (Davies),isobar,0.03343725,216.26262626262627,0.004416673413293849
PerplexDEW (Davies),isobar,0.03343725,217.27272727272728,0.004472604632821164
PerplexDEW (Davies),isobar,0.03343725,218.2828282828283,0.004529039506643309
PerplexDEW (Davies),isobar,0.03343725,219.2929292929293,0.004585976624954491
PerplexDEW (Davies),isobar,0.03343725,220.3030303030303,0.004643418040389459
PerplexDEW (Davies),isobar,0.03343725,221.31313131313132,0.004701363307497645
PerplexDEW (Davies),isobar,0.03343725,222.32323232323233,0.004759813093857092
PerplexDEW (Davies),isobar,0.03343725,223.33333333333334,0.004818766695061626
PerplexDEW (Davies),isobar,0.03343725,224.34343434343435,0.004878224553662967
PerplexDEW (Davies),isobar,0.03343725,225.35353535353536,0.004938185692707613
PerplexDEW (Davies),isobar,0.03343725,226.36363636363637,0.004998650317066109
PerplexDEW (Davies),isobar,0.03343725,227.37373737373738,0.00505961854037942
PerplexDEW (Davies),isobar,0.03343725,228.3838383838384,0.005121088983810005
PerplexDEW (Davies),isobar,0.03343725,229.3939393939394,0.005183060083670154
PerplexDEW (Davies),isobar,0.03343725,230.40404040404042,0.005245531530755183
PerplexDEW (Davies),isobar,0.03343725,231.41414141414143,0.005308502912889897
PerplexDEW (Davies),isobar,0.03343725,232.42424242424244,0.005371972221942648
PerplexDEW (Davies),isobar,0.03343725,233.43434343434345,0.005435937247792827
PerplexDEW (Davies),isobar,0.03343725,234.44444444444446,0.0055003955729097075
PerplexDEW (Davies),isobar,0.03343725,235.45454545454547,0.005565347692773418
PerplexDEW (Davies),isobar,0.03343725,236.46464646464648,0.005630790906557299
PerplexDEW (Davies),isobar,0.03343725,237.4747474747475,0.005696720680571902
PerplexDEW (Davies),isobar,0.03343725,238.4848484848485,0.005763137067942499
PerplexDEW (Davies),isobar,0.03343725,239.49494949494948,0.005830035102398556
PerplexDEW (Davies),isobar,0.03343725,240.50505050505052,0.005897412857567443
PerplexDEW (Davies),isobar,0.03343725,241.5151515151515,0.0059652682691493115
PerplexDEW (Davies),isobar,0.03343725,242.52525252525254,0.006033597389298188
PerplexDEW (Davies),isobar,0.03343725,243.53535353535352,0.006102392478065025
PerplexDEW (Davies),isobar,0.03343725,244.54545454545456,0.006171656104115098
PerplexDEW (Davies),isobar,0.03343725,245.55555555555554,0.006241378234129026
PerplexDEW (Davies),isobar,0.03343725,246.56565656565658,0.00631155749910744
PerplexDEW (Davies),isobar,0.03343725,247.57575757575756,0.006382188714674955
PerplexDEW (Davies),isobar,0.03343725,248.5858585858586,0.00645326450337273
PerplexDEW (Davies),isobar,0.03343725,249.59595959595958,0.006524780964015991
PerplexDEW (Davies),isobar,0.03343725,250.60606060606062,0.006596734017315004
PerplexDEW (Davies),isobar,0.03343725,251.6161616161616,0.006669115400940929
PerplexDEW (Davies),isobar,0.03343725,252.62626262626264,0.00674191642365473
PerplexDEW (Davies),isobar,0.03343725,253.63636363636363,
PerplexDEW (Davies),isobar,0.03343725,254.64646464646466,
PerplexDEW (Davies),isobar,0.03343725,255.65656565656565,
PerplexDEW (Davies),isobar,0.03343725,256.6666666666667,
PerplexDEW (Davies),isobar,0.03343725,257.67676767676767,
PerplexDEW (Davies),isobar,0.03343725,258.6868686868687,
PerplexDEW (Davies),isobar,0.03343725,259.6969696969697,
PerplexDEW (Davies),isobar,0.03343725,260.7070707070707,0.00733860025721685
PerplexDEW (Davies),isobar,0.03343725,261.7171717171717,0.0074148369194569335
PerplexDEW (Davies),isobar,0.03343725,262.72727272727275,0.007491405134374763
PerplexDEW (Davies),isobar,0.03343725,263.73737373737373,0.007568294141342799
PerplexDEW (Davies),isobar,0.03343725,264.74747474747477,0.007645490342235032
PerplexDEW (Davies),isobar,0.03343725,265.75757575757575,0.007722984516701255
PerplexDEW (Davies),isobar,0.03343725,266.7676767676768,0.007800762156354342
PerplexDEW (Davies),isobar,0.03343725,267.77777777777777,0.007878805631346514
PerplexDEW (Davies),isobar,0.03343725,268.7878787878788,0.007957101728295595
PerplexDEW (Davies),isobar,0.03343725,269.7979797979798,0.008035636777528212
PerplexDEW (Davies),isobar,0.03343725,270.80808080808083,0.008114396644305388
PerplexDEW (Davies),isobar,0.03343725,271.8181818181818,0.00819335863295025
PerplexDEW (Davies),isobar,0.03343725,272.82828282828285,0.008272504560335419
PerplexDEW (Davies),isobar,0.03343725,273.83838383838383,0.008351821133000276
PerplexDEW (Davies),isobar,0.03343725,274.8484848484849,0.008431280627129252
PerplexDEW (Davies),isobar,0.03343725,275.85858585858585,0.008510871284716707
PerplexDEW (Davies),isobar,0.03343725,276.8686868686869,0.00859056374793223
PerplexDEW (Davies),isobar,0.03343725,277.8787878787879,0.008670339204475089
PerplexDEW (Davies),isobar,0.03343725,278.8888888888889,0.008750169325962395
PerplexDEW (Davies),isobar,0.03343725,279.8989898989899,0.008830036797611917
PerplexDEW (Davies),isobar,0.03343725,280.90909090909093,0.008909905462863838
PerplexDEW (Davies),isobar,0.03343725,281.9191919191919,0.00898975636779259
PerplexDEW (Davies),isobar,0.03343725,282.92929292929296,0.009069557473568428
PerplexDEW (Davies),isobar,0.03343725,283.93939393939394,0.009149269155059212
PerplexDEW (Davies),isobar,0.03343725,284.949494949495,0.00922886972172694
PerplexDEW (Davies),isobar,0.03343725,285.95959595959596,0.009308323801964242
PerplexDEW (Davies),isobar,0.03343725,286.969696969697,0.009387594775633156
PerplexDEW (Davies),isobar,0.03343725,287.979797979798,0.009466637964202386
PerplexDEW (Davies),isobar,0.03343725,288.98989898989896,0.009545420762268688
PerplexDEW (Davies),isobar,0.03343725,290.0,0.009623902642218834
PerplexDEW (Davies),isobar,0.0335,190.0,0.0031351144403018115
PerplexDEW (Davies),isobar,0.0335,191.010101010101,0.0031784442317044333
PerplexDEW (Davies),isobar,0.0335,192.02020202020202,0.0032222344055174005
PerplexDEW (Davies),isobar,0.0335,193.03030303030303,0.003266486750011869
PerplexDEW (Davies),isobar,0.0335,194.04040404040404,0.0033112045701278515
PerplexDEW (Davies),isobar,0.0335,195.05050505050505,0.0033563895711467982
PerplexDEW (Davies),isobar,0.0335,196.06060606060606,0.0034020433734338567
PerplexDEW (Davies),isobar,0.0335,197.07070707070707,0.0034481700316771574
PerplexDEW (Davies),isobar,0.0335,198.08080808080808,0.003494770261087443
PerplexDEW (Davies),isobar,0.0335,199.0909090909091,0.0035418463673330884
PerplexDEW (Davies),isobar,0.0335,200.1010101010101,0.0035894006200189003
PerplexDEW (Davies),isobar,0.0335,201.11111111111111,0.0036374343519240447
PerplexDEW (Davies),isobar,0.0335,202.12121212121212,0.0036859506260814596
PerplexDEW (Davies),isobar,0.0335,203.13131313131314,0.00373495159612103
PerplexDEW (Davies),isobar,0.0335,204.14141414141415,0.0037844374827789313
PerplexDEW (Davies),isobar,0.0335,205.15151515151516,0.003834411223053076
PerplexDEW (Davies),isobar,0.0335,206.16161616161617,0.0038848738162097127
PerplexDEW (Davies),isobar,0.0335,207.17171717171718,0.003935827144328608
PerplexDEW (Davies),isobar,0.0335,208.1818181818182,0.0039872730406439365
PerplexDEW (Davies),isobar,0.0335,209.1919191919192,0.0040392122601273705
PerplexDEW (Davies),isobar,0.0335,210.2020202020202,0.00409164752798306
PerplexDEW (Davies),isobar,0.0335,211.21212121212122,0.0041445783967564145
PerplexDEW (Davies),isobar,0.0335,212.22222222222223,0.004198007464078883
PerplexDEW (Davies),isobar,0.0335,213.23232323232324,0.0042519351440293215
PerplexDEW (Davies),isobar,0.0335,214.24242424242425,0.0043063628354275876
PerplexDEW (Davies),isobar,0.0335,215.25252525252526,0.004361291875116136
PerplexDEW (Davies),isobar,0.0335,216.26262626262627,0.004416721229760581
PerplexDEW (Davies),isobar,0.0335,217.27272727272728,0.004472653166172069
PerplexDEW (Davies),isobar,0.0335,218.2828282828283,0.0045290887665856
PerplexDEW (Davies),isobar,0.0335,219.2929292929293,0.004586026621316796
PerplexDEW (Davies),isobar,0.0335,220.3030303030303,0.004643470013842907
PerplexDEW (Davies),isobar,0.0335,221.31313131313132,0.004701416057408816
PerplexDEW (Davies),isobar,0.0335,222.32323232323233,0.004759866630678239
PerplexDEW (Davies),isobar,0.0335,223.33333333333334,0.004818821029369265
PerplexDEW (Davies),isobar,0.0335,224.34343434343435,0.004878281008803338
PerplexDEW (Davies),isobar,0.0335,225.35353535353536,0.004938242988058985
PerplexDEW (Davies),isobar,0.0335,226.36363636363637,0.004998709819235205
PerplexDEW (Davies),isobar,0.0335,227.37373737373738,0.005059678927176693
PerplexDEW (Davies),isobar,0.0335,228.3838383838384,0.005121150267040705
PerplexDEW (Davies),isobar,0.0335,229.3939393939394,0.005183123696989707
PerplexDEW (Davies),isobar,0.0335,230.40404040404042,0.005245596087262777
PerplexDEW (Davies),isobar,0.0335,231.41414141414143,0.005308568425111169
PerplexDEW (Davies),isobar,0.0335,232.42424242424244,0.0053720387025466354
PerplexDEW (Davies),isobar,0.0335,233.43434343434345,0.005436004709594391
PerplexDEW (Davies),isobar,0.0335,234.44444444444446,0.00550046710607522
PerplexDEW (Davies),isobar,0.0335,235.45454545454547,0.0055654187189501485
PerplexDEW (Davies),isobar,0.0335,236.46464646464648,0.005630864565581872
PerplexDEW (Davies),isobar,0.0335,237.4747474747475,0.005696795423565319
PerplexDEW (Davies),isobar,0.0335,238.4848484848485,0.005763212909129765
PerplexDEW (Davies),isobar,0.0335,239.49494949494948,0.005830113719961305
PerplexDEW (Davies),isobar,0.0335,240.50505050505052,0.005897494318204061
PerplexDEW (Davies),isobar,0.0335,241.5151515151515,0.0059653509244817346
PerplexDEW (Davies),isobar,0.0335,242.52525252525254,0.006033681254909276
PerplexDEW (Davies),isobar,0.0335,243.53535353535352,0.006102479339967444
PerplexDEW (Davies),isobar,0.0335,244.54545454545456,0.006171742437738831
PerplexDEW (Davies),isobar,0.0335,245.55555555555554,0.006241469477140623
PerplexDEW (Davies),isobar,0.0335,246.56565656565658,0.006311648219077423
PerplexDEW (Davies),isobar,0.0335,247.57575757575756,0.006382282636663028
PerplexDEW (Davies),isobar,0.0335,248.5858585858586,0.006453361702466075
PerplexDEW (Davies),isobar,0.0335,249.59595959595958,0.006524881516641048
PerplexDEW (Davies),isobar,0.0335,250.60606060606062,0.0065968340595573775
PerplexDEW (Davies),isobar,0.0335,251.6161616161616,0.006669216892187927
PerplexDEW (Davies),isobar,0.0335,252.62626262626264,0.0067420214141436135
PerplexDEW (Davies),isobar,0.0335,253.63636363636363,
PerplexDEW (Davies),isobar,0.0335,254.64646464646466,
PerplexDEW (Davies),isobar,0.0335,255.65656565656565,
PerplexDEW (Davies),isobar,0.0335,256.6666666666667,
PerplexDEW (Davies),isobar,0.0335,257.67676767676767,
PerplexDEW (Davies),isobar,0.0335,258.6868686868687,
PerplexDEW (Davies),isobar,0.0335,259.6969696969697,
PerplexDEW (Davies),isobar,0.0335,260.7070707070707,0.007338729397348768
PerplexDEW (Davies),isobar,0.0335,261.7171717171717,0.007414965583524867
PerplexDEW (Davies),isobar,0.0335,262.72727272727275,0.007491537997644143
PerplexDEW (Davies),isobar,0.0335,263.73737373737373,0.007568431297472258
PerplexDEW (Davies),isobar,0.0335,264.74747474747477,0.007645631886485495
PerplexDEW (Davies),isobar,0.0335,265.75757575757575,0.007723130545928712
PerplexDEW (Davies),isobar,0.0335,266.7676767676768,0.007800910264088122
PerplexDEW (Davies),isobar,0.0335,267.77777777777777,0.00787895838553893
PerplexDEW (Davies),isobar,0.0335,268.7878787878788,0.007957259230302162
PerplexDEW (Davies),isobar,0.0335,269.7979797979798,0.008035796512441188
PerplexDEW (Davies),isobar,0.0335,270.80808080808083,0.008114558639610574
PerplexDEW (Davies),isobar,0.0335,271.8181818181818,0.008193522916419957
PerplexDEW (Davies),isobar,0.0335,272.82828282828285,0.008272676630534397
PerplexDEW (Davies),isobar,0.0335,273.83838383838383,0.008351995627850599
PerplexDEW (Davies),isobar,0.0335,274.8484848484849,0.008431460392163493
PerplexDEW (Davies),isobar,0.0335,275.85858585858585,0.008511056431932337
PerplexDEW (Davies),isobar,0.0335,276.8686868686869,0.008590751492464532
PerplexDEW (Davies),isobar,0.0335,277.8787878787879,0.008670535459371435
PerplexDEW (Davies),isobar,0.0335,278.8888888888889,0.008750374293523246
PerplexDEW (Davies),isobar,0.0335,279.8989898989899,0.00883024463011685
PerplexDEW (Davies),isobar,0.0335,280.90909090909093,0.008910122335470934
PerplexDEW (Davies),isobar,0.0335,281.9191919191919,0.008989976262712886
PerplexDEW (Davies),isobar,0.0335,282.92929292929296,0.009069780426716653
PerplexDEW (Davies),isobar,0.0335,283.93939393939394,0.009149501612324565
PerplexDEW (Davies),isobar,0.0335,284.949494949495,0.009229111903141043
PerplexDEW (Davies),isobar,0.0335,285.95959595959596,0.009308569336842624
PerplexDEW (Davies),isobar,0.0335,286.969696969697,0.009387843703220463
PerplexDEW (Davies),isobar,0.0335,287.979797979798,0.009466903890982462
PerplexDEW (Davies),isobar,0.0335,288.98989898989896,0.009545690353640156
PerplexDEW (Davies),isobar,0.0335,290.0,0.009624175940500577
PerplexDEW (Davies),isobar,0.0517,213.0,0.004252341945775744
PerplexDEW (Davies),isobar,0.0517,214.010101010101,0.004306924541737182
PerplexDEW (Davies),isobar,0.0517,215.02020202020202,0.004362013348853465
PerplexDEW (Davies),isobar,0.0517,216.03030303030303,0.0044176097403483515
PerplexDEW (Davies),isobar,0.0517,217.04040404040404,0.004473715025777854
PerplexDEW (Davies),isobar,0.0517,218.05050505050505,0.004530330449497597
PerplexDEW (Davies),isobar,0.0517,219.06060606060606,0.004587455983972706
PerplexDEW (Davies),isobar,0.0517,220.07070707070707,0.004645091454574757
PerplexDEW (Davies),isobar,0.0517,221.08080808080808,0.004703239024580522
PerplexDEW (Davies),isobar,0.0517,222.0909090909091,0.004761898333187692
PerplexDEW (Davies),isobar,0.0517,223.1010101010101,0.004821070147848162
PerplexDEW (Davies),isobar,0.0517,224.11111111111111,0.004880753851137137
PerplexDEW (Davies),isobar,0.0517,225.12121212121212,0.004940949988220082
PerplexDEW (Davies),isobar,0.0517,226.13131313131314,0.005001657671525356
PerplexDEW (Davies),isobar,0.0517,227.14141414141415,0.005062877211352607
PerplexDEW (Davies),isobar,0.0517,228.15151515151516,0.005124608828496089
PerplexDEW (Davies),isobar,0.0517,229.16161616161617,0.005186849822732514
PerplexDEW (Davies),isobar,0.0517,230.17171717171718,0.005249601531736495
PerplexDEW (Davies),isobar,0.0517,231.1818181818182,0.005312863825467436
PerplexDEW (Davies),isobar,0.0517,232.1919191919192,0.0053766320237734685
PerplexDEW (Davies),isobar,0.0517,233.2020202020202,0.005440908598238202
PerplexDEW (Davies),isobar,0.0517,234.21212121212122,0.005505689978056608
PerplexDEW (Davies),isobar,0.0517,235.22222222222223,0.005570975401766331
PerplexDEW (Davies),isobar,0.0517,236.23232323232324,0.005636763994318235
PerplexDEW (Davies),isobar,0.0517,237.24242424242425,0.005703051555214146
PerplexDEW (Davies),isobar,0.0517,238.25252525252526,0.005769836824039041
PerplexDEW (Davies),isobar,0.0517,239.26262626262627,0.005837118415914507
PerplexDEW (Davies),isobar,0.0517,240.27272727272728,0.0059048948191358
PerplexDEW (Davies),isobar,0.0517,241.2828282828283,0.005973159269074797
PerplexDEW (Davies),isobar,0.0517,242.2929292929293,0.006041911487886427
PerplexDEW (Davies),isobar,0.0517,243.3030303030303,0.00611114764211656
PerplexDEW (Davies),isobar,0.0517,244.31313131313132,0.006180865436864603
PerplexDEW (Davies),isobar,0.0517,245.32323232323233,0.006251058798173416
PerplexDEW (Davies),isobar,0.0517,246.33333333333334,0.006321724968548256
PerplexDEW (Davies),isobar,0.0517,247.34343434343435,0.006392859161798395
PerplexDEW (Davies),isobar,0.0517,248.35353535353536,0.006464458220371529
PerplexDEW (Davies),isobar,0.0517,249.36363636363637,0.006536513029100664
PerplexDEW (Davies),isobar,0.0517,250.37373737373738,0.00660902375685864
PerplexDEW (Davies),isobar,0.0517,251.3838383838384,0.006681980681096896
PerplexDEW (Davies),isobar,0.0517,252.3939393939394,0.006755381626531699
PerplexDEW (Davies),isobar,0.0517,253.40404040404042,
PerplexDEW (Davies),isobar,0.0517,254.41414141414143,
PerplexDEW (Davies),isobar,0.0517,255.42424242424244,
PerplexDEW (Davies),isobar,0.0517,256.4343434343434,
PerplexDEW (Davies),isobar,0.0517,257.44444444444446,
PerplexDEW (Davies),isobar,0.0517,258.45454545454544,
PerplexDEW (Davies),isobar,0.0517,259.4646464646465,
PerplexDEW (Davies),isobar,0.0517,260.47474747474746,0.007357661845775894
PerplexDEW (Davies),isobar,0.0517,261.4848484848485,0.007434712873383297
PerplexDEW (Davies),isobar,0.0517,262.4949494949495,0.0075121243686609475
PerplexDEW (Davies),isobar,0.0517,263.5050505050505,0.007589886340411241
PerplexDEW (Davies),isobar,0.0517,264.5151515151515,0.007667985987026502
PerplexDEW (Davies),isobar,0.0517,265.52525252525254,0.0077464197882690326
PerplexDEW (Davies),isobar,0.0517,266.5353535353535,0.007825164312063232
PerplexDEW (Davies),isobar,0.0517,267.54545454545456,0.00790421521353191
PerplexDEW (Davies),isobar,0.0517,268.55555555555554,0.007983552763298372
PerplexDEW (Davies),isobar,0.0517,269.5656565656566,0.008063166764650931
PerplexDEW (Davies),isobar,0.0517,270.57575757575756,0.00814304143869204
PerplexDEW (Davies),isobar,0.0517,271.5858585858586,0.008223160395985005
PerplexDEW (Davies),isobar,0.0517,272.5959595959596,0.008303512066281908
PerplexDEW (Davies),isobar,0.0517,273.6060606060606,0.008384073514121687
PerplexDEW (Davies),isobar,0.0517,274.6161616161616,0.00846482643887369
PerplexDEW (Davies),isobar,0.0517,275.62626262626264,0.00854575755963281
PerplexDEW (Davies),isobar,0.0517,276.6363636363636,0.008626841709277603
PerplexDEW (Davies),isobar,0.0517,277.64646464646466,0.008708058549218205
PerplexDEW (Davies),isobar,0.0517,278.65656565656565,0.008789392969073441
PerplexDEW (Davies),isobar,0.0517,279.6666666666667,0.008870817431853162
PerplexDEW (Davies),isobar,0.0517,280.67676767676767,0.00895230943071309
PerplexDEW (Davies),isobar,0.0517,281.6868686868687,0.00903383950714405
PerplexDEW (Davies),isobar,0.0517,282.6969696969697,0.009115383365386668
PerplexDEW (Davies),isobar,0.0517,283.7070707070707,0.00919692229776561
PerplexDEW (Davies),isobar,0.0517,284.7171717171717,0.009278411280764632
PerplexDEW (Davies),isobar,0.0517,285.72727272727275,0.009359836175961776
PerplexDEW (Davies),isobar,0.0517,286.73737373737373,0.009441156124576258
PerplexDEW (Davies),isobar,0.0517,287.74747474747477,0.009522335409879243
PerplexDEW (Davies),isobar,0.0517,288.75757575757575,0.009603343898431356
PerplexDEW (Davies),isobar,0.0517,289.7676767676768,0.009684150555629654
PerplexDEW (Davies),isobar,0.0517,290.77777777777777,0.009764695268148084
PerplexDEW (Davies),isobar,0.0517,291.7878787878788,0.009844958242038342
PerplexDEW (Davies),isobar,0.0517,292.7979797979798,0.009924890551158238
PerplexDEW (Davies),isobar,0.0517,293.80808080808083,0.01000444148107963
PerplexDEW (Davies),isobar,0.0517,294.8181818181818,0.010083558490743143
PerplexDEW (Davies),isobar,0.0517,295.82828282828285,0.010162202271097206
PerplexDEW (Davies),isobar,0.0517,296.83838383838383,0.010240309490004899
PerplexDEW (Davies),isobar,0.0517,297.8484848484849,0.010317829982891918
PerplexDEW (Davies),isobar,0.0517,298.85858585858585,0.01039469630829315
PerplexDEW (Davies),isobar,0.0517,299.8686868686869,0.010470846563707675
PerplexDEW (Davies),isobar,0.0517,300.8787878787879,0.010546216800031037
PerplexDEW (Davies),isobar,0.0517,301.8888888888889,0.010620724590335766
PerplexDEW (Davies),isobar,0.0517,302.8989898989899,0.010694292799429694
PerplexDEW (Davies),isobar,0.0517,303.90909090909093,0.010766841669218635
PerplexDEW (Davies),isobar,0.0517,304.9191919191919,0.010838288772598749
PerplexDEW (Davies),isobar,0.0517,305.92929292929296,0.010908531660028958
PerplexDEW (Davies),isobar,0.0517,306.93939393939394,0.010977455414908924
PerplexDEW (Davies),isobar,0.0517,307.949494949495,0.011044976445645447
PerplexDEW (Davies),isobar,0.0517,308.95959595959596,0.011110954706181142
PerplexDEW (Davies),isobar,0.0517,309.969696969697,0.0111752630895781
PerplexDEW (Davies),isobar,0.0517,310.979797979798,0.011237770049986997
PerplexDEW (Davies),isobar,0.0517,311.98989898989896,0.011298320784820784
PerplexDEW (Davies),isobar,0.0517,313.0,0.01135676443168034
PerplexDEW (Davies),isobar,0.0642,230.0,0.0052513574562508564
PerplexDEW (Davies),isobar,0.0642,231.010101010101,0.005314803970482154
PerplexDEW (Davies),isobar,0.0642,232.02020202020202,0.005378764611245794
PerplexDEW (Davies),isobar,0.0642,233.03030303030303,0.00544323757743416
PerplexDEW (Davies),isobar,0.0642,234.04040404040404,0.005508225445628503
PerplexDEW (Davies),isobar,0.0642,235.05050505050505,0.005573723128332892
PerplexDEW (Davies),isobar,0.0642,236.06060606060606,0.005639731435468165
PerplexDEW (Davies),isobar,0.0642,237.07070707070707,0.005706247963596807
PerplexDEW (Davies),isobar,0.0642,238.08080808080808,0.0057732717184493815
PerplexDEW (Davies),isobar,0.0642,239.0909090909091,0.00584079828731694
PerplexDEW (Davies),isobar,0.0642,240.1010101010101,0.0059088279566269705
PerplexDEW (Davies),isobar,0.0642,241.11111111111111,0.005977357586276431
PerplexDEW (Davies),isobar,0.0642,242.12121212121212,0.0060463820736401525
PerplexDEW (Davies),isobar,0.0642,243.13131313131314,0.006115901234428897
PerplexDEW (Davies),isobar,0.0642,244.14141414141415,0.0061859112890356996
PerplexDEW (Davies),isobar,0.0642,245.15151515151516,0.0062564082077546665
PerplexDEW (Davies),isobar,0.0642,246.16161616161617,0.006327387704554628
PerplexDEW (Davies),isobar,0.0642,247.17171717171718,0.006398847097477261
PerplexDEW (Davies),isobar,0.0642,248.1818181818182,0.006470781655114694
PerplexDEW (Davies),isobar,0.0642,249.1919191919192,0.0065431863727688595
PerplexDEW (Davies),isobar,0.0642,250.2020202020202,0.006616057920129638
PerplexDEW (Davies),isobar,0.0642,251.21212121212122,0.006689388831686268
PerplexDEW (Davies),isobar,0.0642,252.22222222222223,0.0067631752587048715
PerplexDEW (Davies),isobar,0.0642,253.23232323232324,0.006837409084735707
PerplexDEW (Davies),isobar,0.0642,254.24242424242425,
PerplexDEW (Davies),isobar,0.0642,255.25252525252526,
PerplexDEW (Davies),isobar,0.0642,256.26262626262627,
PerplexDEW (Davies),isobar,0.0642,257.27272727272725,
PerplexDEW (Davies),isobar,0.0642,258.2828282828283,
PerplexDEW (Davies),isobar,0.0642,259.2929292929293,
PerplexDEW (Davies),isobar,0.0642,260.3030303030303,
PerplexDEW (Davies),isobar,0.0642,261.3131313131313,0.007446652603720312
PerplexDEW (Davies),isobar,0.0642,262.32323232323233,0.007524610062099261
PerplexDEW (Davies),isobar,0.0642,263.3333333333333,0.0076029407451687035
PerplexDEW (Davies),isobar,0.0642,264.34343434343435,0.007681627699887393
PerplexDEW (Davies),isobar,0.0642,265.35353535353534,0.007760662946585065
PerplexDEW (Davies),isobar,0.0642,266.3636363636364,0.007840038250071242
PerplexDEW (Davies),isobar,0.0642,267.37373737373736,0.007919740074928334
PerplexDEW (Davies),isobar,0.0642,268.3838383838384,0.00799975176652606
PerplexDEW (Davies),isobar,0.0642,269.3939393939394,0.008080066327337732
PerplexDEW (Davies),isobar,0.0642,270.4040404040404,0.008160666092806579
PerplexDEW (Davies),isobar,0.0642,271.4141414141414,0.00824153264799278
PerplexDEW (Davies),isobar,0.0642,272.42424242424244,0.00832266036912902
PerplexDEW (Davies),isobar,0.0642,273.4343434343434,0.008404027129589214
PerplexDEW (Davies),isobar,0.0642,274.44444444444446,0.008485621018341922
PerplexDEW (Davies),isobar,0.0642,275.45454545454544,0.008567418469098847
PerplexDEW (Davies),isobar,0.0642,276.4646464646465,0.0086494006751626
PerplexDEW (Davies),isobar,0.0642,277.47474747474746,0.008731553982748318
PerplexDEW (Davies),isobar,0.0642,278.4848484848485,0.008813858467200873
PerplexDEW (Davies),isobar,0.0642,279.4949494949495,0.008896287500735981
PerplexDEW (Davies),isobar,0.0642,280.5050505050505,0.008978819481408239
PerplexDEW (Davies),isobar,0.0642,281.5151515151515,0.009061438246580426
PerplexDEW (Davies),isobar,0.0642,282.52525252525254,0.009144108441878365
PerplexDEW (Davies),isobar,0.0642,283.5353535353535,0.009226812298335215
PerplexDEW (Davies),isobar,0.0642,284.54545454545456,0.009309525176691726
PerplexDEW (Davies),isobar,0.0642,285.55555555555554,0.009392215102676175
PerplexDEW (Davies),isobar,0.0642,286.5656565656566,0.009474848917099477
PerplexDEW (Davies),isobar,0.0642,287.57575757575756,0.009557398975151326
PerplexDEW (Davies),isobar,0.0642,288.5858585858586,0.00963983677603663
PerplexDEW (Davies),isobar,0.0642,289.5959595959596,0.009722119112128367
PerplexDEW (Davies),isobar,0.0642,290.6060606060606,0.009804222153621298
PerplexDEW (Davies),isobar,0.0642,291.6161616161616,0.009886093092941068
PerplexDEW (Davies),isobar,0.0642,292.62626262626264,0.009967705855441647
PerplexDEW (Davies),isobar,0.0642,293.6363636363636,0.010049004548234926
PerplexDEW (Davies),isobar,0.0642,294.64646464646466,0.010129960753449848
PerplexDEW (Davies),isobar,0.0642,295.65656565656565,0.010210522897644783
PerplexDEW (Davies),isobar,0.0642,296.6666666666667,0.010290629929945014
PerplexDEW (Davies),isobar,0.0642,297.67676767676767,0.010370241683608549
PerplexDEW (Davies),isobar,0.0642,298.6868686868687,0.010449301234908491
PerplexDEW (Davies),isobar,0.0642,299.6969696969697,0.010527749701170817
PerplexDEW (Davies),isobar,0.0642,300.7070707070707,0.010605518145051266
PerplexDEW (Davies),isobar,0.0642,301.7171717171717,0.010682559657121386
PerplexDEW (Davies),isobar,0.0642,302.72727272727275,0.01075877646147509
PerplexDEW (Davies),isobar,0.0642,303.73737373737373,0.010834117232483358
PerplexDEW (Davies),isobar,0.0642,304.74747474747477,0.010908495360648456
PerplexDEW (Davies),isobar,0.0642,305.75757575757575,0.01098182112416922
PerplexDEW (Davies),isobar,0.0642,306.7676767676768,0.011054019113106257
PerplexDEW (Davies),isobar,0.0642,307.77777777777777,0.011124976197454898
PerplexDEW (Davies),isobar,0.0642,308.7878787878788,0.011194601959966088
PerplexDEW (Davies),isobar,0.0642,309.7979797979798,0.011262775830271812
PerplexDEW (Davies),isobar,0.0642,310.80808080808083,0.01132937288203031
PerplexDEW (Davies),isobar,0.0642,311.8181818181818,0.011394282449800624
PerplexDEW (Davies),isobar,0.0642,312.82828282828285,0.011457352488614708
PerplexDEW (Davies),isobar,0.0642,313.83838383838383,0.011518415806181893
PerplexDEW (Davies),isobar,0.0642,314.8484848484849,0.01157733795295541
PerplexDEW (Davies),isobar,0.0642,315.85858585858585,0.011633901499221928
PerplexDEW (Davies),isobar,0.0642,316.8686868686869,0.01168792057966245
PerplexDEW (Davies),isobar,0.0642,317.8787878787879,0.011739182729099497
PerplexDEW (Davies),isobar,0.0642,318.8888888888889,0.011787427031099532
PerplexDEW (Davies),isobar,0.0642,319.8989898989899,0.011832382894416333
PerplexDEW (Davies),isobar,0.0642,320.90909090909093,0.011873748953093694
PerplexDEW (Davies),isobar,0.0642,321.9191919191919,0.011911191659813644
PerplexDEW (Davies),isobar,0.0642,322.92929292929296,0.011944279229734348
PerplexDEW (Davies),isobar,0.0642,323.93939393939394,0.011972607105514423
PerplexDEW (Davies),isobar,0.0642,324.949494949495,0.011995601784296539
PerplexDEW (Davies),isobar,0.0642,325.95959595959596,0.012012690229742254
PerplexDEW (Davies),isobar,0.0642,326.969696969697,0.012023142790233927
PerplexDEW (Davies),isobar,0.0642,327.979797979798,0.012026065118117154
PerplexDEW (Davies),isobar,0.0642,328.98989898989896,0.01202043663302966
PerplexDEW (Davies),isobar,0.0642,330.0,0.012004917797499915
PerplexDEW (Davies),isobar,0.0859,250.0,0.0066344128187315705
PerplexDEW (Davies),isobar,0.0859,251.010101010101,0.006708406784586369
PerplexDEW (Davies),isobar,0.0859,252.02020202020202,0.00678287766639202
PerplexDEW (Davies),isobar,0.0859,253.03030303030303,0.006857817910024968
PerplexDEW (Davies),isobar,0.0859,254.04040404040404,
PerplexDEW (Davies),isobar,0.0859,255.05050505050505,
PerplexDEW (Davies),isobar,0.0859,256.06060606060606,
PerplexDEW (Davies),isobar,0.0859,257.07070707070704,
PerplexDEW (Davies),isobar,0.0859,258.0808080808081,
PerplexDEW (Davies),isobar,0.0859,259.09090909090907,
PerplexDEW (Davies),isobar,0.0859,260.1010101010101,
PerplexDEW (Davies),isobar,0.0859,261.1111111111111,0.007473588920400453
PerplexDEW (Davies),isobar,0.0859,262.1212121212121,0.007552486597514524
PerplexDEW (Davies),isobar,0.0859,263.1313131313131,0.007631783502442692
PerplexDEW (Davies),isobar,0.0859,264.14141414141415,0.007711472895551451
PerplexDEW (Davies),isobar,0.0859,265.1515151515151,0.007791545369601959
PerplexDEW (Davies),isobar,0.0859,266.16161616161617,0.007871988665300077
PerplexDEW (Davies),isobar,0.0859,267.17171717171715,0.007952792497106185
PerplexDEW (Davies),isobar,0.0859,268.1818181818182,0.008033946180419296
PerplexDEW (Davies),isobar,0.0859,269.19191919191917,0.008115441206673762
PerplexDEW (Davies),isobar,0.0859,270.2020202020202,0.008197260939759747
PerplexDEW (Davies),isobar,0.0859,271.2121212121212,0.008279393333857256
PerplexDEW (Davies),isobar,0.0859,272.22222222222223,0.008361820509611994
PerplexDEW (Davies),isobar,0.0859,273.2323232323232,0.008444537520276506
PerplexDEW (Davies),isobar,0.0859,274.24242424242425,0.008527522769062603
PerplexDEW (Davies),isobar,0.0859,275.25252525252523,0.008610764990916831
PerplexDEW (Davies),isobar,0.0859,276.26262626262627,0.008694241167577844
PerplexDEW (Davies),isobar,0.0859,277.27272727272725,0.008777938907001012
PerplexDEW (Davies),isobar,0.0859,278.2828282828283,0.008861842540994064
PerplexDEW (Davies),isobar,0.0859,279.2929292929293,0.008945929921708244
PerplexDEW (Davies),isobar,0.0859,280.3030303030303,0.009030178040459257
PerplexDEW (Davies),isobar,0.0859,281.3131313131313,0.00911457530112438
PerplexDEW (Davies),isobar,0.0859,282.32323232323233,0.009199088091501948
PerplexDEW (Davies),isobar,0.0859,283.3333333333333,0.009283706652442061
PerplexDEW (Davies),isobar,0.0859,284.34343434343435,0.009368401947235675
PerplexDEW (Davies),isobar,0.0859,285.35353535353534,0.00945314381367605
PerplexDEW (Davies),isobar,0.0859,286.3636363636364,0.009537914136847379
PerplexDEW (Davies),isobar,0.0859,287.37373737373736,0.009622674295002853
PerplexDEW (Davies),isobar,0.0859,288.3838383838384,0.009707411248664963
PerplexDEW (Davies),isobar,0.0859,289.3939393939394,0.009792084349774228
PerplexDEW (Davies),isobar,0.0859,290.4040404040404,0.009876665293872494
PerplexDEW (Davies),isobar,0.0859,291.4141414141414,0.00996112490575052
PerplexDEW (Davies),isobar,0.0859,292.42424242424244,0.010045418764433935
PerplexDEW (Davies),isobar,0.0859,293.4343434343434,0.010129522582790589
PerplexDEW (Davies),isobar,0.0859,294.44444444444446,0.010213382020403373
PerplexDEW (Davies),isobar,0.0859,295.45454545454544,0.010296977987894607
PerplexDEW (Davies),isobar,0.0859,296.4646464646465,0.010380245714729263
PerplexDEW (Davies),isobar,0.0859,297.47474747474746,0.010463156242224691
PerplexDEW (Davies),isobar,0.0859,298.4848484848485,0.010545648808939654
PerplexDEW (Davies),isobar,0.0859,299.4949494949495,0.010627691969925137
PerplexDEW (Davies),isobar,0.0859,300.5050505050505,0.010709221574512628
PerplexDEW (Davies),isobar,0.0859,301.5151515151515,0.01079017920469399
PerplexDEW (Davies),isobar,0.0859,302.52525252525254,0.010870512682293656
PerplexDEW (Davies),isobar,0.0859,303.5353535353535,0.010950159886578973
PerplexDEW (Davies),isobar,0.0859,304.54545454545456,0.011029056626417122
PerplexDEW (Davies),isobar,0.0859,305.55555555555554,0.01110711943561659
PerplexDEW (Davies),isobar,0.0859,306.5656565656566,0.011184287871123404
PerplexDEW (Davies),isobar,0.0859,307.57575757575756,0.01126049094747449
PerplexDEW (Davies),isobar,0.0859,308.5858585858586,0.011335619707240415
PerplexDEW (Davies),isobar,0.0859,309.5959595959596,0.011409606297444617
PerplexDEW (Davies),isobar,0.0859,310.6060606060606,0.011482344315024014
PerplexDEW (Davies),isobar,0.0859,311.6161616161616,0.011553723539044224
PerplexDEW (Davies),isobar,0.0859,312.62626262626264,0.01162364871621115
PerplexDEW (Davies),isobar,0.0859,313.6363636363636,0.011692002544620656
PerplexDEW (Davies),isobar,0.0859,314.64646464646466,0.011758644371555448
PerplexDEW (Davies),isobar,0.0859,315.65656565656565,0.011823448080693511
PerplexDEW (Davies),isobar,0.0859,316.6666666666667,0.011886243695665983
PerplexDEW (Davies),isobar,0.0859,317.67676767676767,0.011946895246975982
PerplexDEW (Davies),isobar,0.0859,318.6868686868687,0.012005201346015721
PerplexDEW (Davies),isobar,0.0859,319.6969696969697,0.012060973804286388
PerplexDEW (Davies),isobar,0.0859,320.7070707070707,0.01211401794929917
PerplexDEW (Davies),isobar,0.0859,321.7171717171717,0.01216406897911496
PerplexDEW (Davies),isobar,0.0859,322.72727272727275,0.012210873705025424
PerplexDEW (Davies),isobar,0.0859,323.73737373737373,0.012254148346658557
PerplexDEW (Davies),isobar,0.0859,324.74747474747477,0.01229355508812655
PerplexDEW (Davies),isobar,0.0859,325.75757575757575,0.012328721555482876
PerplexDEW (Davies),isobar,0.0859,326.7676767676768,0.012359216807852859
PerplexDEW (Davies),isobar,0.0859,327.77777777777777,0.0123845713763278
PerplexDEW (Davies),isobar,0.0859,328.7878787878788,0.01240422960964644
PerplexDEW (Davies),isobar,0.0859,329.7979797979798,0.012417522107754436
PerplexDEW (Davies),isobar,0.0859,330.80808080808083,0.012423636523338156
PerplexDEW (Davies),isobar,0.0859,331.8181818181818,0.01242168273375453
PerplexDEW (Davies),isobar,0.0859,332.82828282828285,0.012410447820331355
PerplexDEW (Davies),isobar,0.0859,333.83838383838383,0.012388527264001201
PerplexDEW (Davies),isobar,0.0859,334.8484848484849,5.550844061263548e+18
PerplexDEW (Davies),isobar,0.0859,335.85858585858585,5.550844061263548e+18
PerplexDEW (Davies),isobar,0.0859,336.8686868686869,5.550844061263548e+18
PerplexDEW (Davies),isobar,0.0859,337.8787878787879,5.550844061263548e+18
PerplexDEW (Davies),isobar,0.0859,338.8888888888889,5.550844061263548e+18
PerplexDEW (Davies),isobar,0.0859,339.8989898989899,5.550844061263548e+18
PerplexDEW (Davies),isobar,0.0859,340.90909090909093,5.550844061263548e+18
PerplexDEW (Davies),isobar,0.0859,341.9191919191919,5.550844061263548e+18
PerplexDEW (Davies),isobar,0.0859,342.92929292929296,5.550844061263548e+18
PerplexDEW (Davies),isobar,0.0859,343.93939393939394,5.550844061263548e+18
PerplexDEW (Davies),isobar,0.0859,344.949494949495,5.550844061263548e+18
PerplexDEW (Davies),isobar,0.0859,345.95959595959596,5.550844061263548e+18
PerplexDEW (Davies),isobar,0.0859,346.969696969697,5.550844061263548e+18
PerplexDEW (Davies),isobar,0.0859,347.979797979798,5.550844061263548e+18
PerplexDEW (Davies),isobar,0.0859,348.98989898989896,5.550844061263548e+18
PerplexDEW (Davies),isobar,0.0859,350.0,5.550844061263548e+18
PerplexDEW (Davies),isobar,0.1067,268.0,0.008066029893616619
PerplexDEW (Davies),isobar,0.1067,269.010101010101,0.00814859331374266
PerplexDEW (Davies),isobar,0.1067,270.020202020202,0.008231518080415485
PerplexDEW (Davies),isobar,0.1067,271.030303030303,0.008314793124956614
PerplexDEW (Davies),isobar,0.1067,272.04040404040404,0.008398401582655025
PerplexDEW (Davies),isobar,0.1067,273.050505050505,0.008482336755478775
PerplexDEW (Davies),isobar,0.1067,274.06060606060606,0.00856658352530685
PerplexDEW (Davies),isobar,0.1067,275.07070707070704,0.008651126170439147
PerplexDEW (Davies),isobar,0.1067,276.0808080808081,0.008735948351895015
PerplexDEW (Davies),isobar,0.1067,277.09090909090907,0.00882103887777676
PerplexDEW (Davies),isobar,0.1067,278.1010101010101,0.008906380384090903
PerplexDEW (Davies),isobar,0.1067,279.1111111111111,0.008991954853677419
PerplexDEW (Davies),isobar,0.1067,280.1212121212121,0.009077743601959665
PerplexDEW (Davies),isobar,0.1067,281.1313131313131,0.009163733382143047
PerplexDEW (Davies),isobar,0.1067,282.14141414141415,0.009249898187810707
PerplexDEW (Davies),isobar,0.1067,283.1515151515151,0.009336223545007507
PerplexDEW (Davies),isobar,0.1067,284.16161616161617,0.009422681840926261
PerplexDEW (Davies),isobar,0.1067,285.17171717171715,0.009509257319669218
PerplexDEW (Davies),isobar,0.1067,286.1818181818182,0.009595920698170883
PerplexDEW (Davies),isobar,0.1067,287.19191919191917,0.009682654882949414
PerplexDEW (Davies),isobar,0.1067,288.2020202020202,0.009769428855872736
PerplexDEW (Davies),isobar,0.1067,289.2121212121212,0.009856217275414109
PerplexDEW (Davies),isobar,0.1067,290.22222222222223,0.009942993983225713
PerplexDEW (Davies),isobar,0.1067,291.2323232323232,0.010029724939728256
PerplexDEW (Davies),isobar,0.1067,292.24242424242425,0.010116389157225115
PerplexDEW (Davies),isobar,0.1067,293.25252525252523,0.010202943433720033
PerplexDEW (Davies),isobar,0.1067,294.26262626262627,0.010289357576348208
PerplexDEW (Davies),isobar,0.1067,295.27272727272725,0.010375600483795527
PerplexDEW (Davies),isobar,0.1067,296.2828282828283,0.010461632574182316
PerplexDEW (Davies),isobar,0.1067,297.2929292929293,0.010547412905750252
PerplexDEW (Davies),isobar,0.1067,298.3030303030303,0.010632899149367821
PerplexDEW (Davies),isobar,0.1067,299.3131313131313,0.010718055436417037
PerplexDEW (Davies),isobar,0.1067,300.32323232323233,0.010802828922570276
PerplexDEW (Davies),isobar,0.1067,301.3333333333333,0.010887172955361327
PerplexDEW (Davies),isobar,0.1067,302.34343434343435,0.01097103938529802
PerplexDEW (Davies),isobar,0.1067,303.35353535353534,0.011054378538777162
PerplexDEW (Davies),isobar,0.1067,304.3636363636364,0.011137122328454445
PerplexDEW (Davies),isobar,0.1067,305.37373737373736,0.01121922580902669
PerplexDEW (Davies),isobar,0.1067,306.3838383838384,0.011300616893732449
PerplexDEW (Davies),isobar,0.1067,307.3939393939394,0.011381229699356765
PerplexDEW (Davies),isobar,0.1067,308.4040404040404,0.011461005089492285
PerplexDEW (Davies),isobar,0.1067,309.4141414141414,0.011539855162632553
PerplexDEW (Davies),isobar,0.1067,310.42424242424244,0.011617697969543454
PerplexDEW (Davies),isobar,0.1067,311.4343434343434,0.011694467327701097
PerplexDEW (Davies),isobar,0.1067,312.44444444444446,0.011770057694805434
PerplexDEW (Davies),isobar,0.1067,313.45454545454544,0.011844369204131105
PerplexDEW (Davies),isobar,0.1067,314.4646464646465,0.011917317864744386
PerplexDEW (Davies),isobar,0.1067,315.47474747474746,0.011988778191537503
PerplexDEW (Davies),isobar,0.1067,316.4848484848485,0.012058649860180501
PerplexDEW (Davies),isobar,0.1067,317.4949494949495,0.012126779390927633
PerplexDEW (Davies),isobar,0.1067,318.5050505050505,0.012193048231704468
PerplexDEW (Davies),isobar,0.1067,319.5151515151515,0.01225729301390137
PerplexDEW (Davies),isobar,0.1067,320.52525252525254,0.012319365371350184
PerplexDEW (Davies),isobar,0.1067,321.5353535353535,0.012379101540610917
PerplexDEW (Davies),isobar,0.1067,322.54545454545456,0.012436289554245677
PerplexDEW (Davies),isobar,0.1067,323.55555555555554,0.012490709765470986
PerplexDEW (Davies),isobar,0.1067,324.5656565656566,0.012542156700216751
PerplexDEW (Davies),isobar,0.1067,325.57575757575756,0.012590373734088863
PerplexDEW (Davies),isobar,0.1067,326.5858585858586,0.012635050251237736
PerplexDEW (Davies),isobar,0.1067,327.5959595959596,0.012675887102044738
PerplexDEW (Davies),isobar,0.1067,328.6060606060606,0.012712551835557204
PerplexDEW (Davies),isobar,0.1067,329.6161616161616,0.012744583855798842
PerplexDEW (Davies),isobar,0.1067,330.62626262626264,0.012771576349703833
PerplexDEW (Davies),isobar,0.1067,331.6363636363636,0.012792965277467271
PerplexDEW (Davies),isobar,0.1067,332.64646464646466,0.012808117656519688
PerplexDEW (Davies),isobar,0.1067,333.65656565656565,0.012816377829552578
PerplexDEW (Davies),isobar,0.1067,334.6666666666667,0.012816819752788694
PerplexDEW (Davies),isobar,0.1067,335.67676767676767,0.0128083834668992
PerplexDEW (Davies),isobar,0.1067,336.6868686868687,0.012789819299386131
PerplexDEW (Davies),isobar,0.1067,337.6969696969697,
PerplexDEW (Davies),isobar,0.1067,338.7070707070707,
PerplexDEW (Davies),isobar,0.1067,339.7171717171717,
PerplexDEW (Davies),isobar,0.1067,340.72727272727275,
PerplexDEW (Davies),isobar,0.1067,341.73737373737373,
PerplexDEW (Davies),isobar,0.1067,342.74747474747477,
PerplexDEW (Davies),isobar,0.1067,343.75757575757575,
PerplexDEW (Davies),isobar,0.1067,344.7676767676768,
PerplexDEW (Davies),isobar,0.1067,345.77777777777777,
PerplexDEW (Davies),isobar,0.1067,346.7878787878788,
PerplexDEW (Davies),isobar,0.1067,347.7979797979798,
PerplexDEW (Davies),isobar,0.1067,348.80808080808083,
PerplexDEW (Davies),isobar,0.1067,349.8181818181818,
PerplexDEW (Davies),isobar,0.1067,350.82828282828285,
PerplexDEW (Davies),isobar,0.1067,351.83838383838383,
PerplexDEW (Davies),isobar,0.1067,352.8484848484849,
PerplexDEW (Davies),isobar,0.1067,353.85858585858585,
PerplexDEW (Davies),isobar,0.1067,354.8686868686869,
PerplexDEW (Davies),isobar,0.1067,355.8787878787879,
PerplexDEW (Davies),isobar,0.1067,356.8888888888889,
PerplexDEW (Davies),isobar,0.1067,357.8989898989899,
PerplexDEW (Davies),isobar,0.1067,358.90909090909093,
PerplexDEW (Davies),isobar,0.1067,359.9191919191919,
PerplexDEW (Davies),isobar,0.1067,360.92929292929296,
PerplexDEW (Davies),isobar,0.1067,361.93939393939394,
PerplexDEW (Davies),isobar,0.1067,362.949494949495,
PerplexDEW (Davies),isobar,0.1067,363.95959595959596,
PerplexDEW (Davies),isobar,0.1067,364.969696969697,
PerplexDEW (Davies),isobar,0.1067,365.979797979798,
PerplexDEW (Davies),isobar,0.1067,366.98989898989896,
PerplexDEW (Davies),isobar,0.1067,368.0,
PerplexDEW (Davies),isobar,0.1281,280.0,0.009129910140340794
PerplexDEW (Davies),isobar,0.1281,281.010101010101,0.00921745052806336
PerplexDEW (Davies),isobar,0.1281,282.020202020202,0.009305216862329728
PerplexDEW (Davies),isobar,0.1281,283.030303030303,0.009393195971310076
PerplexDEW (Davies),isobar,0.1281,284.04040404040404,0.009481367969093513
PerplexDEW (Davies),isobar,0.1281,285.050505050505,0.009569715487323898
PerplexDEW (Davies),isobar,0.1281,286.06060606060606,0.009658214069950056
PerplexDEW (Davies),isobar,0.1281,287.07070707070704,0.009746838338323719
PerplexDEW (Davies),isobar,0.1281,288.0808080808081,0.009835568704782912
PerplexDEW (Davies),isobar,0.1281,289.09090909090907,0.00992438841374816
PerplexDEW (Davies),isobar,0.1281,290.1010101010101,0.010013259532079245
PerplexDEW (Davies),isobar,0.1281,291.1111111111111,0.010102163622820758
PerplexDEW (Davies),isobar,0.1281,292.1212121212121,0.010191074698615455
PerplexDEW (Davies),isobar,0.1281,293.1313131313131,0.010279965940413754
PerplexDEW (Davies),isobar,0.1281,294.14141414141415,0.010368795034764414
PerplexDEW (Davies),isobar,0.1281,295.1515151515151,0.010457547690374103
PerplexDEW (Davies),isobar,0.1281,296.16161616161617,0.010546179433672137
PerplexDEW (Davies),isobar,0.1281,297.17171717171715,0.01063465932748988
PerplexDEW (Davies),isobar,0.1281,298.1818181818182,0.010722947770438609
PerplexDEW (Davies),isobar,0.1281,299.19191919191917,0.010811019486989636
PerplexDEW (Davies),isobar,0.1281,300.2020202020202,0.0108988168502287
PerplexDEW (Davies),isobar,0.1281,301.2121212121212,0.010986312207521427
PerplexDEW (Davies),isobar,0.1281,302.22222222222223,0.011073452813169671
PerplexDEW (Davies),isobar,0.1281,303.2323232323232,0.011160200584330504
PerplexDEW (Davies),isobar,0.1281,304.24242424242425,0.011246499588907404
PerplexDEW (Davies),isobar,0.1281,305.25252525252523,0.011332308948348222
PerplexDEW (Davies),isobar,0.1281,306.26262626262627,0.011417560797525024
PerplexDEW (Davies),isobar,0.1281,307.27272727272725,0.011502211006777313
PerplexDEW (Davies),isobar,0.1281,308.2828282828283,0.011586196569402043
PerplexDEW (Davies),isobar,0.1281,309.2929292929293,0.011669443378331517
PerplexDEW (Davies),isobar,0.1281,310.3030303030303,0.011751902014322663
PerplexDEW (Davies),isobar,0.1281,311.3131313131313,0.011833494147946155
PerplexDEW (Davies),isobar,0.1281,312.32323232323233,0.011914138736038027
PerplexDEW (Davies),isobar,0.1281,313.3333333333333,0.011993770929258562
PerplexDEW (Davies),isobar,0.1281,314.34343434343435,0.012072295261960608
PerplexDEW (Davies),isobar,0.1281,315.35353535353534,0.012149622647736745
PerplexDEW (Davies),isobar,0.1281,316.3636363636364,0.012225651242971475
PerplexDEW (Davies),isobar,0.1281,317.37373737373736,0.01230029572472805
PerplexDEW (Davies),isobar,0.1281,318.3838383838384,0.012373427817563995
PerplexDEW (Davies),isobar,0.1281,319.3939393939394,0.012444955650909448
PerplexDEW (Davies),isobar,0.1281,320.4040404040404,0.01251472247919155
PerplexDEW (Davies),isobar,0.1281,321.4141414141414,0.012582607841018934
PerplexDEW (Davies),isobar,0.1281,322.42424242424244,0.012648466236717688
PerplexDEW (Davies),isobar,0.1281,323.4343434343434,0.012712147310108252
PerplexDEW (Davies),isobar,0.1281,324.44444444444446,0.012773462986787698
PerplexDEW (Davies),isobar,0.1281,325.45454545454544,0.01283221855363852
PerplexDEW (Davies),isobar,0.1281,326.4646464646465,0.012888235016193303
PerplexDEW (Davies),isobar,0.1281,327.47474747474746,0.012941282306800408
PerplexDEW (Davies),isobar,0.1281,328.4848484848485,0.012991099395675663
PerplexDEW (Davies),isobar,0.1281,329.4949494949495,0.013037416084195275
PerplexDEW (Davies),isobar,0.1281,330.5050505050505,0.013079929368111346
PerplexDEW (Davies),isobar,0.1281,331.5151515151515,0.01311830194733948
PerplexDEW (Davies),isobar,0.1281,332.52525252525254,0.013152160741038867
PerplexDEW (Davies),isobar,0.1281,333.5353535353535,0.013181046493574605
PerplexDEW (Davies),isobar,0.1281,334.54545454545456,0.013204483648231813
PerplexDEW (Davies),isobar,0.1281,335.55555555555554,0.01322185513824273
PerplexDEW (Davies),isobar,0.1281,336.5656565656566,0.013232547228199717
PerplexDEW (Davies),isobar,0.1281,337.57575757575756,0.013235746030522922
PerplexDEW (Davies),isobar,0.1281,338.5858585858586,0.01323050533696914
PerplexDEW (Davies),isobar,0.1281,339.5959595959596,
PerplexDEW (Davies),isobar,0.1281,340.6060606060606,
PerplexDEW (Davies),isobar,0.1281,341.6161616161616,
PerplexDEW (Davies),isobar,0.1281,342.62626262626264,
PerplexDEW (Davies),isobar,0.1281,343.6363636363636,
PerplexDEW (Davies),isobar,0.1281,344.64646464646466,
PerplexDEW (Davies),isobar,0.1281,345.65656565656565,
PerplexDEW (Davies),isobar,0.1281,346.6666666666667,
PerplexDEW (Davies),isobar,0.1281,347.67676767676767,
PerplexDEW (Davies),isobar,0.1281,348.6868686868687,
PerplexDEW (Davies),isobar,0.1281,349.6969696969697,
PerplexDEW (Davies),isobar,0.1281,350.7070707070707,
PerplexDEW (Davies),isobar,0.1281,351.7171717171717,
PerplexDEW (Davies),isobar,0.1281,352.72727272727275,
PerplexDEW (Davies),isobar,0.1281,353.73737373737373,
PerplexDEW (Davies),isobar,0.1281,354.74747474747477,
PerplexDEW (Davies),isobar,0.1281,355.75757575757575,
PerplexDEW (Davies),isobar,0.1281,356.7676767676768,
PerplexDEW (Davies),isobar,0.1281,357.77777777777777,
PerplexDEW (Davies),isobar,0.1281,358.7878787878788,
PerplexDEW (Davies),isobar,0.1281,359.7979797979798,
PerplexDEW (Davies),isobar,0.1281,360.80808080808083,
PerplexDEW (Davies),isobar,0.1281,361.8181818181818,
PerplexDEW (Davies),isobar,0.1281,362.82828282828285,
PerplexDEW (Davies),isobar,0.1281,363.83838383838383,
PerplexDEW (Davies),isobar,0.1281,364.8484848484849,
PerplexDEW (Davies),isobar,0.1281,365.85858585858585,
PerplexDEW (Davies),isobar,0.1281,366.8686868686869,
PerplexDEW (Davies),isobar,0.1281,367.8787878787879,
PerplexDEW (Davies),isobar,0.1281,368.8888888888889,
PerplexDEW (Davies),isobar,0.1281,369.8989898989899,
PerplexDEW (Davies),isobar,0.1281,370.90909090909093,
PerplexDEW (Davies),isobar,0.1281,371.9191919191919,
PerplexDEW (Davies),isobar,0.1281,372.92929292929296,
PerplexDEW (Davies),isobar,0.1281,373.93939393939394,
PerplexDEW (Davies),isobar,0.1281,374.949494949495,
PerplexDEW (Davies),isobar,0.1281,375.95959595959596,
PerplexDEW (Davies),isobar,0.1281,376.969696969697,
PerplexDEW (Davies),isobar,0.1281,377.979797979798,
PerplexDEW (Davies),isobar,0.1281,378.98989898989896,
PerplexDEW (Davies),isobar,0.1281,380.0,
PerplexDEW (Davies),isobar,0.15,323.95,0.012962597443344428
PerplexDEW (Davies),isobar,0.15,324.18333333333334,0.01297860272469546
PerplexDEW (Davies),isobar,0.15,324.41666666666663,0.012994513791725362
PerplexDEW (Davies),isobar,0.15,324.65,0.01301028607109103
PerplexDEW (Davies),isobar,0.15,324.8833333333333,0.013025962296978548
PerplexDEW (Davies),isobar,0.15,325.1166666666667,0.013041541674628976
PerplexDEW (Davies),isobar,0.15,325.34999999999997,0.01305697923392022
PerplexDEW (Davies),isobar,0.15,325.5833333333333,0.013072318088081038
PerplexDEW (Davies),isobar,0.15,325.81666666666666,0.01308753521770455
PerplexDEW (Davies),isobar,0.15,326.05,0.013102629621810597
PerplexDEW (Davies),isobar,0.15,326.2833333333333,0.013117600296301352
PerplexDEW (Davies),isobar,0.15,326.51666666666665,0.013132446233987592
PerplexDEW (Davies),isobar,0.15,326.75,0.013147143945969005
PerplexDEW (Davies),isobar,0.15,326.98333333333335,0.013161737310425936
PerplexDEW (Davies),isobar,0.15,327.21666666666664,0.013176202898080504
PerplexDEW (Davies),isobar,0.15,327.45,0.01319051701316204
PerplexDEW (Davies),isobar,0.15,327.68333333333334,0.013204701177486329
PerplexDEW (Davies),isobar,0.15,327.9166666666667,0.013218754365477632
PerplexDEW (Davies),isobar,0.15,328.15,0.013232675548658163
PerplexDEW (Davies),isobar,0.15,328.3833333333333,0.013246440753687529
PerplexDEW (Davies),isobar,0.15,328.6166666666667,0.013260048746303984
PerplexDEW (Davies),isobar,0.15,328.84999999999997,0.013273521364196385
PerplexDEW (Davies),isobar,0.15,329.0833333333333,0.01328683442443048
PerplexDEW (Davies),isobar,0.15,329.31666666666666,0.013300009892083478
PerplexDEW (Davies),isobar,0.15,329.55,0.013313023444189913
PerplexDEW (Davies),isobar,0.15,329.7833333333333,0.013325873829897198
PerplexDEW (Davies),isobar,0.15,330.01666666666665,0.01333855979501939
PerplexDEW (Davies),isobar,0.15,330.25,0.013351080082077369
PerplexDEW (Davies),isobar,0.15,330.48333333333335,0.01336343343035114
PerplexDEW (Davies),isobar,0.15,330.71666666666664,0.013375618575929657
PerplexDEW (Davies),isobar,0.15,330.95,0.01338761056957411
PerplexDEW (Davies),isobar,0.15,331.18333333333334,0.013399455437520927
PerplexDEW (Davies),isobar,0.15,331.4166666666667,0.013411104474009438
PerplexDEW (Davies),isobar,0.15,331.65,0.013422556198241942
PerplexDEW (Davies),isobar,0.15,331.8833333333333,0.01343385703545407
PerplexDEW (Davies),isobar,0.15,332.1166666666667,0.01344493383862634
PerplexDEW (Davies),isobar,0.15,332.35,0.013455833095001096
PerplexDEW (Davies),isobar,0.15,332.5833333333333,0.013466529355711661
PerplexDEW (Davies),isobar,0.15,332.81666666666666,0.013476996894234348
PerplexDEW (Davies),isobar,0.15,333.05,0.013487306897459092
PerplexDEW (Davies),isobar,0.15,333.2833333333333,0.013497360807226933
PerplexDEW (Davies),isobar,0.15,333.51666666666665,0.013507230010772761
PerplexDEW (Davies),isobar,0.15,333.75,0.013516888700330541
PerplexDEW (Davies),isobar,0.15,333.98333333333335,0.013526286214465211
PerplexDEW (Davies),isobar,0.15,334.21666666666664,0.013535494552902115
PerplexDEW (Davies),isobar,0.15,334.45,0.013544462978898787
PerplexDEW (Davies),isobar,0.15,334.68333333333334,0.013553189762859696
PerplexDEW (Davies),isobar,0.15,334.9166666666667,0.013561648319855494
PerplexDEW (Davies),isobar,0.15,335.15,0.01356988654920793
PerplexDEW (Davies),isobar,0.15,335.3833333333333,0.013577902921637994
PerplexDEW (Davies),isobar,0.15,335.6166666666667,0.013585620720801283
PerplexDEW (Davies),isobar,0.15,335.85,0.013593088046833022
PerplexDEW (Davies),isobar,0.15,336.0833333333333,0.013600303153487887
PerplexDEW (Davies),isobar,0.15,336.31666666666666,0.013607213748861556
PerplexDEW (Davies),isobar,0.15,336.55,0.013613868345003282
PerplexDEW (Davies),isobar,0.15,336.78333333333336,0.013620239776739746
PerplexDEW (Davies),isobar,0.15,337.01666666666665,0.013626326078248673
PerplexDEW (Davies),isobar,0.15,337.25,0.013632099728860283
PerplexDEW (Davies),isobar,0.15,337.48333333333335,0.0136375841707088
PerplexDEW (Davies),isobar,0.15,337.7166666666667,0.013642751738439145
PerplexDEW (Davies),isobar,0.15,337.95,0.0136476002472559
PerplexDEW (Davies),isobar,0.15,338.18333333333334,0.01365210167590607
PerplexDEW (Davies),isobar,0.15,338.4166666666667,0.013656305435631491
PerplexDEW (Davies),isobar,0.15,338.65,0.013660157597072517
PerplexDEW (Davies),isobar,0.15,338.8833333333333,0.013663655758203079
PerplexDEW (Davies),isobar,0.15,339.1166666666667,0.01366679751612111
PerplexDEW (Davies),isobar,0.15,339.35,0.013669554278886194
PerplexDEW (Davies),isobar,0.15,339.5833333333333,0.013671949689575974
PerplexDEW (Davies),isobar,0.15,339.81666666666666,0.013673981344427528
PerplexDEW (Davies),isobar,0.15,340.05,0.013675594038021351
PerplexDEW (Davies),isobar,0.15,340.28333333333336,0.013676811414290856
PerplexDEW (Davies),isobar,0.15,340.51666666666665,0.013677604316094879
PerplexDEW (Davies),isobar,0.15,340.75,0.013677996531497483
PerplexDEW (Davies),isobar,0.15,340.98333333333335,0.013677932080220896
PerplexDEW (Davies),isobar,0.15,341.2166666666667,0.013677407928100984
PerplexDEW (Davies),isobar,0.15,341.45,0.013676447870152054
PerplexDEW (Davies),isobar,0.15,341.68333333333334,0.013674995296655359
PerplexDEW (Davies),isobar,0.15,341.9166666666667,0.013673073939143295
PerplexDEW (Davies),isobar,0.15,342.15,0.012251731381186777
PerplexDEW (Davies),isobar,0.15,342.3833333333333,
PerplexDEW (Davies),isobar,0.15,342.6166666666667,
PerplexDEW (Davies),isobar,0.15,342.85,
PerplexDEW (Davies),isobar,0.15,343.0833333333333,
PerplexDEW (Davies),isobar,0.15,343.31666666666666,
PerplexDEW (Davies),isobar,0.15,343.55,
PerplexDEW (Davies),isobar,0.15,343.78333333333336,
PerplexDEW (Davies),isobar,0.15,344.01666666666665,
PerplexDEW (Davies),isobar,0.15,344.25,
PerplexDEW (Davies),isobar,0.15,344.48333333333335,
PerplexDEW (Davies),isobar,0.15,344.7166666666667,
PerplexDEW (Davies),isobar,0.15,344.95,
PerplexDEW (Davies),isobar,0.15,345.18333333333334,
PerplexDEW (Davies),isobar,0.15,345.4166666666667,
PerplexDEW (Davies),isobar,0.15,345.65000000000003,
PerplexDEW (Davies),isobar,0.15,345.8833333333333,
PerplexDEW (Davies),isobar,0.15,346.1166666666667,
PerplexDEW (Davies),isobar,0.15,346.35,
PerplexDEW (Davies),isobar,0.15,346.58333333333337,
PerplexDEW (Davies),isobar,0.15,346.81666666666666,
PerplexDEW (Davies),isobar,0.15,347.05,
PerplexDEW (Davies),isobar,0.1565,323.95,0.013024395165751382
PerplexDEW (Davies),isobar,0.1565,324.18333333333334,0.013040906490484661
PerplexDEW (Davies),isobar,0.1565,324.41666666666663,0.013057325891149447
PerplexDEW (Davies),isobar,0.1565,324.65,0.013073630701723243
PerplexDEW (Davies),isobar,0.1565,324.8833333333333,0.013089841887203354
PerplexDEW (Davies),isobar,0.1565,325.1166666666667,0.013105947652101099
PerplexDEW (Davies),isobar,0.1565,325.34999999999997,0.013121936068559473
PerplexDEW (Davies),isobar,0.1565,325.5833333333333,0.01313782828714771
PerplexDEW (Davies),isobar,0.1565,325.81666666666666,0.013153601303683333
PerplexDEW (Davies),isobar,0.1565,326.05,0.013169265257446456
PerplexDEW (Davies),isobar,0.1565,326.2833333333333,0.013184808078480355
PerplexDEW (Davies),isobar,0.1565,326.51666666666665,0.013200239965401428
PerplexDEW (Davies),isobar,0.1565,326.75,0.013215548776823365
PerplexDEW (Davies),isobar,0.1565,326.98333333333335,0.013230744771045192
PerplexDEW (Davies),isobar,0.1565,327.21666666666664,0.01324580443499444
PerplexDEW (Davies),isobar,0.1565,327.45,0.013260737987820431
PerplexDEW (Davies),isobar,0.1565,327.68333333333334,0.013275555777714821
PerplexDEW (Davies),isobar,0.1565,327.9166666666667,0.013290245483669673
PerplexDEW (Davies),isobar,0.1565,328.15,0.013304783216328098
PerplexDEW (Davies),isobar,0.1565,328.3833333333333,0.01331921361293145
PerplexDEW (Davies),isobar,0.1565,328.6166666666667,0.01333348984586768
PerplexDEW (Davies),isobar,0.1565,328.84999999999997,0.013347633747319277
PerplexDEW (Davies),isobar,0.1565,329.0833333333333,0.013361621148464875
PerplexDEW (Davies),isobar,0.1565,329.31666666666666,0.013375474008724754
PerplexDEW (Davies),isobar,0.1565,329.55,0.013389191285880054
PerplexDEW (Davies),isobar,0.1565,329.7833333333333,0.013402748600440613
PerplexDEW (Davies),isobar,0.1565,330.01666666666665,0.013416168104061887
PerplexDEW (Davies),isobar,0.1565,330.25,0.013429425276251367
PerplexDEW (Davies),isobar,0.1565,330.48333333333335,0.013442518860171627
PerplexDEW (Davies),isobar,0.1565,330.71666666666664,0.013455447595602866
PerplexDEW (Davies),isobar,0.1565,330.95,0.013468233892144504
PerplexDEW (Davies),isobar,0.1565,331.18333333333334,0.013480829204724418
PerplexDEW (Davies),isobar,0.1565,331.4166666666667,0.013493279677901268
PerplexDEW (Davies),isobar,0.1565,331.65,0.013505536487779062
PerplexDEW (Davies),isobar,0.1565,331.8833333333333,0.013517646045424776
PerplexDEW (Davies),isobar,0.1565,332.1166666666667,0.01352955924740669
PerplexDEW (Davies),isobar,0.1565,332.35,0.013541298688967671
PerplexDEW (Davies),isobar,0.1565,332.5833333333333,0.013552838932347487
PerplexDEW (Davies),isobar,0.1565,332.81666666666666,0.013564202703550994
PerplexDEW (Davies),isobar,0.1565,333.05,0.013575388710937254
PerplexDEW (Davies),isobar,0.1565,333.2833333333333,0.013586371300855235
PerplexDEW (Davies),isobar,0.1565,333.51666666666665,0.01359714896851083
PerplexDEW (Davies),isobar,0.1565,333.75,0.013607720205806617
PerplexDEW (Davies),isobar,0.1565,333.98333333333335,0.013618083501426598
PerplexDEW (Davies),isobar,0.1565,334.21666666666664,0.013628261977560998
PerplexDEW (Davies),isobar,0.1565,334.45,0.013638204913016707
PerplexDEW (Davies),isobar,0.1565,334.68333333333334,0.013647935354443384
PerplexDEW (Davies),isobar,0.1565,334.9166666666667,0.013657426932701328
PerplexDEW (Davies),isobar,0.1565,335.15,0.013666727743269784
PerplexDEW (Davies),isobar,0.1565,335.3833333333333,0.013675761509997636
PerplexDEW (Davies),isobar,0.1565,335.6166666666667,0.013684576392409501
PerplexDEW (Davies),isobar,0.1565,335.85,0.01369314573007992
PerplexDEW (Davies),isobar,0.1565,336.0833333333333,0.013701492971499902
PerplexDEW (Davies),isobar,0.1565,336.31666666666666,0.013709566044192156
PerplexDEW (Davies),isobar,0.1565,336.55,0.013717388320912634
PerplexDEW (Davies),isobar,0.1565,336.78333333333336,0.013724932638523066
PerplexDEW (Davies),isobar,0.1565,337.01666666666665,0.013732222505182615
PerplexDEW (Davies),isobar,0.1565,337.25,0.013739256160269732
PerplexDEW (Davies),isobar,0.1565,337.48333333333335,0.013746006221634409
PerplexDEW (Davies),isobar,0.1565,337.7166666666667,0.013752470712146378
PerplexDEW (Davies),isobar,0.1565,337.95,0.013758621891372455
PerplexDEW (Davies),isobar,0.1565,338.18333333333334,0.013764509229056369
PerplexDEW (Davies),isobar,0.1565,338.4166666666667,0.01377007914870325
PerplexDEW (Davies),isobar,0.1565,338.65,0.013775329452144519
PerplexDEW (Davies),isobar,0.1565,338.8833333333333,0.013780283984496605
PerplexDEW (Davies),isobar,0.1565,339.1166666666667,0.013784888525051239
PerplexDEW (Davies),isobar,0.1565,339.35,0.013789193032305636
PerplexDEW (Davies),isobar,0.1565,339.5833333333333,0.013793142998426447
PerplexDEW (Davies),isobar,0.1565,339.81666666666666,0.013796736004661327
PerplexDEW (Davies),isobar,0.1565,340.05,0.013799996032705817
PerplexDEW (Davies),isobar,0.1565,340.28333333333336,0.013802894403748543
PerplexDEW (Davies),isobar,0.1565,340.51666666666665,0.013805402153362225
PerplexDEW (Davies),isobar,0.1565,340.75,0.01380754326244428
PerplexDEW (Davies),isobar,0.1565,340.98333333333335,0.013809261937195795
PerplexDEW (Davies),isobar,0.1565,341.2166666666667,0.013810608846275349
PerplexDEW (Davies),isobar,0.1565,341.45,0.013811527911815068
PerplexDEW (Davies),isobar,0.1565,341.68333333333334,0.013812043189392081
PerplexDEW (Davies),isobar,0.1565,341.9166666666667,0.013812125076880762
PerplexDEW (Davies),isobar,0.1565,342.15,0.01381174368865036
PerplexDEW (Davies),isobar,0.1565,342.3833333333333,0.01381092308710848
PerplexDEW (Davies),isobar,0.1565,342.6166666666667,0.013809606062965402
PerplexDEW (Davies),isobar,0.1565,342.85,0.013807816614505449
PerplexDEW (Davies),isobar,0.1565,343.0833333333333,0.013805524370891385
PerplexDEW (Davies),isobar,0.1565,343.31666666666666,
PerplexDEW (Davies),isobar,0.1565,343.55,
PerplexDEW (Davies),isobar,0.1565,343.78333333333336,
PerplexDEW (Davies),isobar,0.1565,344.01666666666665,
PerplexDEW (Davies),isobar,0.1565,344.25,
PerplexDEW (Davies),isobar,0.1565,344.48333333333335,
PerplexDEW (Davies),isobar,0.1565,344.7166666666667,
PerplexDEW (Davies),isobar,0.1565,344.95,
PerplexDEW (Davies),isobar,0.1565,345.18333333333334,
PerplexDEW (Davies),isobar,0.1565,345.4166666666667,
PerplexDEW (Davies),isobar,0.1565,345.65000000000003,
PerplexDEW (Davies),isobar,0.1565,345.8833333333333,
PerplexDEW (Davies),isobar,0.1565,346.1166666666667,
PerplexDEW (Davies),isobar,0.1565,346.35,
PerplexDEW (Davies),isobar,0.1565,346.58333333333337,
PerplexDEW (Davies),isobar,0.1565,346.81666666666666,
PerplexDEW (Davies),isobar,0.1565,347.05,
PerplexDEW (Davies),isobar,0.1867,310.0,0.012081309103339427
PerplexDEW (Davies),isobar,0.1867,311.010101010101,0.012173786555517424
PerplexDEW (Davies),isobar,0.1867,312.020202020202,0.012265798642253823
PerplexDEW (Davies),isobar,0.1867,313.030303030303,0.012357275136756782
PerplexDEW (Davies),isobar,0.1867,314.04040404040404,0.012448162180414462
PerplexDEW (Davies),isobar,0.1867,315.050505050505,0.012538404258934382
PerplexDEW (Davies),isobar,0.1867,316.06060606060606,0.012627953948184584
PerplexDEW (Davies),isobar,0.1867,317.07070707070704,0.012716732924288012
PerplexDEW (Davies),isobar,0.1867,318.0808080808081,0.012804680156247595
PerplexDEW (Davies),isobar,0.1867,319.09090909090907,0.01289171251320701
PerplexDEW (Davies),isobar,0.1867,320.1010101010101,0.012977785196787692
PerplexDEW (Davies),isobar,0.1867,321.1111111111111,0.013062790052730762
PerplexDEW (Davies),isobar,0.1867,322.1212121212121,0.013146657185521157
PerplexDEW (Davies),isobar,0.1867,323.1313131313131,0.0132292933912792
PerplexDEW (Davies),isobar,0.1867,324.14141414141415,0.01331061328606182
PerplexDEW (Davies),isobar,0.1867,325.1515151515151,0.01339050700505014
PerplexDEW (Davies),isobar,0.1867,326.16161616161617,0.01346888326512209
PerplexDEW (Davies),isobar,0.1867,327.17171717171715,0.013545625660529265
PerplexDEW (Davies),isobar,0.1867,328.1818181818182,0.013620602611357972
PerplexDEW (Davies),isobar,0.1867,329.19191919191917,0.013693689705791844
PerplexDEW (Davies),isobar,0.1867,330.2020202020202,0.013764758670714382
PerplexDEW (Davies),isobar,0.1867,331.2121212121212,0.013833653627045606
PerplexDEW (Davies),isobar,0.1867,332.22222222222223,0.013900213568275067
PerplexDEW (Davies),isobar,0.1867,333.2323232323232,0.01396426015595346
PerplexDEW (Davies),isobar,0.1867,334.24242424242425,0.01402563382636307
PerplexDEW (Davies),isobar,0.1867,335.25252525252523,0.014084095625013303
PerplexDEW (Davies),isobar,0.1867,336.26262626262627,0.014139448673798604
PerplexDEW (Davies),isobar,0.1867,337.27272727272725,0.014191439088504931
PerplexDEW (Davies),isobar,0.1867,338.2828282828283,0.014239804534513692
PerplexDEW (Davies),isobar,0.1867,339.2929292929293,0.014284274197669632
PerplexDEW (Davies),isobar,0.1867,340.3030303030303,0.01432448938189835
PerplexDEW (Davies),isobar,0.1867,341.3131313131313,0.014360105917287818
PerplexDEW (Davies),isobar,0.1867,342.32323232323233,0.014390714464522485
PerplexDEW (Davies),isobar,0.1867,343.3333333333333,0.014415864823615203
PerplexDEW (Davies),isobar,0.1867,344.34343434343435,0.014435036711983745
PerplexDEW (Davies),isobar,0.1867,345.35353535353534,0.014447608687237797
PerplexDEW (Davies),isobar,0.1867,346.3636363636364,0.014452910375170916
PerplexDEW (Davies),isobar,0.1867,347.37373737373736,9.883758762722836e-08
PerplexDEW (Davies),isobar,0.1867,348.3838383838384,1.0452164499637684e-07
PerplexDEW (Davies),isobar,0.1867,349.3939393939394,1.1190279605315504e-07
PerplexDEW (Davies),isobar,0.1867,350.4040404040404,1.2139884630691957e-07
PerplexDEW (Davies),isobar,0.1867,351.4141414141414,1.336028886307135e-07
PerplexDEW (Davies),isobar,0.1867,352.42424242424244,1.4929463777126227e-07
PerplexDEW (Davies),isobar,0.1867,353.4343434343434,1.6952423619563723e-07
PerplexDEW (Davies),isobar,0.1867,354.44444444444446,1.9562627304714947e-07
PerplexDEW (Davies),isobar,0.1867,355.45454545454544,2.297042297203966e-07
PerplexDEW (Davies),isobar,0.1867,356.4646464646465,2.7421345099804604e-07
PerplexDEW (Davies),isobar,0.1867,357.47474747474746,3.329437378110109e-07
PerplexDEW (Davies),isobar,0.1867,358.4848484848485,4.1106700169329955e-07
PerplexDEW (Davies),isobar,0.1867,359.4949494949495,5.158662601071899e-07
PerplexDEW (Davies),isobar,0.1867,360.5050505050505,6.570674338195307e-07
PerplexDEW (Davies),isobar,0.1867,361.5151515151515,8.503577525193705e-07
PerplexDEW (Davies),isobar,0.1867,362.52525252525254,1.1152418028514625e-06
PerplexDEW (Davies),isobar,0.1867,363.5353535353535,1.4823791606079767e-06
PerplexDEW (Davies),isobar,0.1867,364.54545454545456,1.995313308904171e-06
PerplexDEW (Davies),isobar,0.1867,365.55555555555554,2.7141239826011697e-06
PerplexDEW (Davies),isobar,0.1867,366.5656565656566,3.734317701405364e-06
PerplexDEW (Davies),isobar,0.1867,367.57575757575756,5.189808314696212e-06
PerplexDEW (Davies),isobar,0.1867,368.5858585858586,7.274693349972158e-06
PerplexDEW (Davies),isobar,0.1867,369.5959595959596,1.0276634067237098e-05
PerplexDEW (Davies),isobar,0.1867,370.6060606060606,1.4630043603548373e-05
PerplexDEW (Davies),isobar,0.1867,371.6161616161616,2.0960192731610693e-05
PerplexDEW (Davies),isobar,0.1867,372.62626262626264,3.02235434473073e-05
PerplexDEW (Davies),isobar,0.1867,373.6363636363636,4.383848627702552e-05
PerplexDEW (Davies),isobar,0.1867,374.64646464646466,6.392997427725645e-05
PerplexDEW (Davies),isobar,0.1867,375.65656565656565,9.353834753212002e-05
PerplexDEW (Davies),isobar,0.1867,376.6666666666667,0.0001374681375763237
PerplexDEW (Davies),isobar,0.1867,377.67676767676767,0.00020284994854022446
PerplexDEW (Davies),isobar,0.1867,378.6868686868687,0.0003004393301381396
PerplexDEW (Davies),isobar,0.1867,379.6969696969697,0.00044572560835971217
PerplexDEW (Davies),isobar,0.1867,380.7070707070707,0.0006632958001814267
PerplexDEW (Davies),isobar,0.1867,381.7171717171717,0.0009898400452020408
PerplexDEW (Davies),isobar,0.1867,382.72727272727275,0.0014809522474431632
PerplexDEW (Davies),isobar,0.1867,383.73737373737373,0.002217011650603623
PerplexDEW (Davies),isobar,0.1867,384.74747474747477,0.0033260367819324685
PerplexDEW (Davies),isobar,0.1867,385.75757575757575,0.00499973155966158
PerplexDEW (Davies),isobar,0.1867,386.7676767676768,0.007529440842482727
PerplexDEW (Davies),isobar,0.1867,387.77777777777777,0.01133733760211319
PerplexDEW (Davies),isobar,0.1867,388.7878787878788,
PerplexDEW (Davies),isobar,0.1867,389.7979797979798,
PerplexDEW (Davies),isobar,0.1867,390.80808080808083,
PerplexDEW (Davies),isobar,0.1867,391.8181818181818,
PerplexDEW (Davies),isobar,0.1867,392.82828282828285,
PerplexDEW (Davies),isobar,0.1867,393.83838383838383,
PerplexDEW (Davies),isobar,0.1867,394.8484848484849,
PerplexDEW (Davies),isobar,0.1867,395.85858585858585,
PerplexDEW (Davies),isobar,0.1867,396.8686868686869,
PerplexDEW (Davies),isobar,0.1867,397.8787878787879,
PerplexDEW (Davies),isobar,0.1867,398.8888888888889,
PerplexDEW (Davies),isobar,0.1867,399.8989898989899,
PerplexDEW (Davies),isobar,0.1867,400.90909090909093,
PerplexDEW (Davies),isobar,0.1867,401.9191919191919,
PerplexDEW (Davies),isobar,0.1867,402.92929292929296,
PerplexDEW (Davies),isobar,0.1867,403.93939393939394,
PerplexDEW (Davies),isobar,0.1867,404.949494949495,
PerplexDEW (Davies),isobar,0.1867,405.95959595959596,
PerplexDEW (Davies),isobar,0.1867,406.969696969697,
PerplexDEW (Davies),isobar,0.1867,407.979797979798,
PerplexDEW (Davies),isobar,0.1867,408.98989898989896,
PerplexDEW (Davies),isobar,0.1867,410.0,
PerplexDEW (Davies),isobar,0.2,317.6,0.012855165131055557
PerplexDEW (Davies),isobar,0.2,318.1333333333334,0.012902924367291358
PerplexDEW (Davies),isobar,0.2,318.6666666666667,0.012950461571980026
PerplexDEW (Davies),isobar,0.2,319.20000000000005,0.012997770650763622
PerplexDEW (Davies),isobar,0.2,319.73333333333335,0.01304484545368915
PerplexDEW (Davies),isobar,0.2,320.2666666666667,0.013091669466053665
PerplexDEW (Davies),isobar,0.2,320.8,0.013138215453306519
PerplexDEW (Davies),isobar,0.2,321.33333333333337,0.013184497358752925
PerplexDEW (Davies),isobar,0.2,321.8666666666667,0.013230498067615545
PerplexDEW (Davies),isobar,0.2,322.40000000000003,0.013276200119141535
PerplexDEW (Davies),isobar,0.2,322.93333333333334,0.013321596371194216
PerplexDEW (Davies),isobar,0.2,323.4666666666667,0.013366658137974493
PerplexDEW (Davies),isobar,0.2,324.0,0.013411399343682984
PerplexDEW (Davies),isobar,0.2,324.53333333333336,0.013455790884117119
PerplexDEW (Davies),isobar,0.2,325.06666666666666,0.01349982492624464
PerplexDEW (Davies),isobar,0.2,325.6,0.013543493572143751
PerplexDEW (Davies),isobar,0.2,326.1333333333333,0.013586766636735746
PerplexDEW (Davies),isobar,0.2,326.6666666666667,0.013629624455985652
PerplexDEW (Davies),isobar,0.2,327.2,0.013672069519553378
PerplexDEW (Davies),isobar,0.2,327.73333333333335,0.013714081874982855
PerplexDEW (Davies),isobar,0.2,328.26666666666665,0.013755652611736299
PerplexDEW (Davies),isobar,0.2,328.8,0.013796738278064932
PerplexDEW (Davies),isobar,0.2,329.33333333333337,0.013837363836829989
PerplexDEW (Davies),isobar,0.2,329.8666666666667,0.013877461943916912
PerplexDEW (Davies),isobar,0.2,330.40000000000003,0.013917045694137474
PerplexDEW (Davies),isobar,0.2,330.93333333333334,0.01395608152635001
PerplexDEW (Davies),isobar,0.2,331.4666666666667,0.013994558939152007
PerplexDEW (Davies),isobar,0.2,332.0,0.014032467356286799
PerplexDEW (Davies),isobar,0.2,332.53333333333336,0.014069747978497393
PerplexDEW (Davies),isobar,0.2,333.06666666666666,0.014106413362896855
PerplexDEW (Davies),isobar,0.2,333.6,0.01414242783908067
PerplexDEW (Davies),isobar,0.2,334.1333333333333,0.014177755021167927
PerplexDEW (Davies),isobar,0.2,334.6666666666667,0.01421238251709551
PerplexDEW (Davies),isobar,0.2,335.2,0.014246297855710494
PerplexDEW (Davies),isobar,0.2,335.73333333333335,0.014279438411483289
PerplexDEW (Davies),isobar,0.2,336.26666666666665,0.01431179058284392
PerplexDEW (Davies),isobar,0.2,336.8,0.01434334068729626
PerplexDEW (Davies),isobar,0.2,337.3333333333333,0.014374049434472796
PerplexDEW (Davies),isobar,0.2,337.8666666666667,0.014403851104540087
PerplexDEW (Davies),isobar,0.2,338.4,0.014432756156029718
PerplexDEW (Davies),isobar,0.2,338.93333333333334,0.014460723579379492
PerplexDEW (Davies),isobar,0.2,339.4666666666667,0.01448768543249966
PerplexDEW (Davies),isobar,0.2,340.0,0.014513598721627914
PerplexDEW (Davies),isobar,0.2,340.53333333333336,0.014538472759539709
PerplexDEW (Davies),isobar,0.2,341.06666666666666,0.014562210676386371
PerplexDEW (Davies),isobar,0.2,341.6,0.014584794102048921
PerplexDEW (Davies),isobar,0.2,342.1333333333333,0.014606150529960874
PerplexDEW (Davies),isobar,0.2,342.6666666666667,0.01462626043650335
PerplexDEW (Davies),isobar,0.2,343.2,0.014645049489629523
PerplexDEW (Davies),isobar,0.2,343.73333333333335,0.014662441937565815
PerplexDEW (Davies),isobar,0.2,344.26666666666665,0.014678360609110225
PerplexDEW (Davies),isobar,0.2,344.8,0.014692810568102437
PerplexDEW (Davies),isobar,0.2,345.3333333333333,0.014705685298336572
PerplexDEW (Davies),isobar,0.2,345.8666666666667,0.014716876194209187
PerplexDEW (Davies),isobar,0.2,346.4,0.01472632936294104
PerplexDEW (Davies),isobar,0.2,346.93333333333334,0.014733961639804246
PerplexDEW (Davies),isobar,0.2,347.46666666666664,0.014739630999688965
PerplexDEW (Davies),isobar,0.2,348.0,0.014743308339092076
PerplexDEW (Davies),isobar,0.2,348.5333333333333,0.014744848242930965
PerplexDEW (Davies),isobar,0.2,349.06666666666666,2.355134005315881e-07
PerplexDEW (Davies),isobar,0.2,349.6,2.3295408963926962e-07
PerplexDEW (Davies),isobar,0.2,350.1333333333333,2.3044811475230112e-07
PerplexDEW (Davies),isobar,0.2,350.6666666666667,2.279978597672227e-07
PerplexDEW (Davies),isobar,0.2,351.2,2.256059166087968e-07
PerplexDEW (Davies),isobar,0.2,351.73333333333335,2.2327510500486623e-07
PerplexDEW (Davies),isobar,0.2,352.26666666666665,2.2100849400805728e-07
PerplexDEW (Davies),isobar,0.2,352.8,2.1880942575818882e-07
PerplexDEW (Davies),isobar,0.2,353.3333333333333,2.1668154175757066e-07
PerplexDEW (Davies),isobar,0.2,353.8666666666667,2.1465117969947893e-07
PerplexDEW (Davies),isobar,0.2,354.4,2.126995213814801e-07
PerplexDEW (Davies),isobar,0.2,354.93333333333334,2.108096795883162e-07
PerplexDEW (Davies),isobar,0.2,355.46666666666664,2.0903034433608345e-07
PerplexDEW (Davies),isobar,0.2,356.0,2.0734513456775702e-07
PerplexDEW (Davies),isobar,0.2,356.5333333333333,2.0576017206013087e-07
PerplexDEW (Davies),isobar,0.2,357.06666666666666,2.0428215774663828e-07
PerplexDEW (Davies),isobar,0.2,357.59999999999997,2.029377615263728e-07
PerplexDEW (Davies),isobar,0.2,358.1333333333333,2.016770500119457e-07
PerplexDEW (Davies),isobar,0.2,358.66666666666663,2.0058512977805017e-07
PerplexDEW (Davies),isobar,0.2,359.2,1.9963298080410802e-07
PerplexDEW (Davies),isobar,0.2,359.73333333333335,1.988311999415239e-07
PerplexDEW (Davies),isobar,0.2,360.26666666666665,1.9817495395874616e-07
PerplexDEW (Davies),isobar,0.2,360.79999999999995,1.9771078790753274e-07
PerplexDEW (Davies),isobar,0.2,361.3333333333333,1.9743579170116917e-07
PerplexDEW (Davies),isobar,0.2,361.8666666666667,1.9736569453053188e-07
PerplexDEW (Davies),isobar,0.2,362.4,1.9753149266464625e-07
PerplexDEW (Davies),isobar,0.2,362.93333333333334,1.9792451489968468e-07
PerplexDEW (Davies),isobar,0.2,363.46666666666664,1.985806285685106e-07
PerplexDEW (Davies),isobar,0.2,364.0,1.9953453024935235e-07
PerplexDEW (Davies),isobar,0.2,364.5333333333333,2.0079997636303143e-07
PerplexDEW (Davies),isobar,0.2,365.06666666666666,2.0239804019072458e-07
PerplexDEW (Davies),isobar,0.2,365.59999999999997,2.0438731850312228e-07
PerplexDEW (Davies),isobar,0.2,366.1333333333333,2.0677367813172757e-07
PerplexDEW (Davies),isobar,0.2,366.66666666666663,2.0962479016051976e-07
PerplexDEW (Davies),isobar,0.2,367.2,2.129729017670067e-07
PerplexDEW (Davies),isobar,0.2,367.7333333333333,2.1686999078309644e-07
PerplexDEW (Davies),isobar,0.2,368.26666666666665,2.2137911401323945e-07
PerplexDEW (Davies),isobar,0.2,368.79999999999995,2.265690035496412e-07
PerplexDEW (Davies),isobar,0.2,369.3333333333333,2.325117238435396e-07
PerplexDEW (Davies),isobar,0.2,369.8666666666667,2.392871786592493e-07
PerplexDEW (Davies),isobar,0.2,370.4,2.4701037726883886e-07
PerplexDEW (Davies),isobar,0.2051,317.6,0.01288979129474952
PerplexDEW (Davies),isobar,0.2051,318.1333333333334,0.012938086191065222
PerplexDEW (Davies),isobar,0.2051,318.6666666666667,0.012986174568660688
PerplexDEW (Davies),isobar,0.2051,319.20000000000005,0.013034050575700638
PerplexDEW (Davies),isobar,0.2051,319.73333333333335,0.013081687838153461
PerplexDEW (Davies),isobar,0.2051,320.2666666666667,0.013129100583072567
PerplexDEW (Davies),isobar,0.2051,320.8,0.013176251667842028
PerplexDEW (Davies),isobar,0.2051,321.33333333333337,0.013223144829138375
PerplexDEW (Davies),isobar,0.2051,321.8666666666667,0.013269762992368315
PerplexDEW (Davies),isobar,0.2051,322.40000000000003,0.01331610991925302
PerplexDEW (Davies),isobar,0.2051,322.93333333333334,0.01336215761026859
PerplexDEW (Davies),isobar,0.2051,323.4666666666667,0.013407898898743578
PerplexDEW (Davies),isobar,0.2051,324.0,0.013453326556284938
PerplexDEW (Davies),isobar,0.2051,324.53333333333336,0.013498411525524535
PerplexDEW (Davies),isobar,0.2051,325.06666666666666,0.013543167926598194
PerplexDEW (Davies),isobar,0.2051,325.6,0.013587555248503925
PerplexDEW (Davies),isobar,0.2051,326.1333333333333,0.013631576449997473
PerplexDEW (Davies),isobar,0.2051,326.6666666666667,0.01367521235909296
PerplexDEW (Davies),isobar,0.2051,327.2,0.013718454694877487
PerplexDEW (Davies),isobar,0.2051,327.73333333333335,0.013761283776536251
PerplexDEW (Davies),isobar,0.2051,328.26666666666665,0.013803679552292154
PerplexDEW (Davies),isobar,0.2051,328.8,0.013845621596214603
PerplexDEW (Davies),isobar,0.2051,329.33333333333337,0.013887100668663353
PerplexDEW (Davies),isobar,0.2051,329.8666666666667,0.013928107459214656
PerplexDEW (Davies),isobar,0.2051,330.40000000000003,0.013968609149916008
PerplexDEW (Davies),isobar,0.2051,330.93333333333334,0.014008595822173755
PerplexDEW (Davies),isobar,0.2051,331.4666666666667,0.014048033733887877
PerplexDEW (Davies),isobar,0.2051,332.0,0.014086936256758801
PerplexDEW (Davies),isobar,0.2051,332.53333333333336,0.014125245120769217
PerplexDEW (Davies),isobar,0.2051,333.06666666666666,0.014162973390278492
PerplexDEW (Davies),isobar,0.2051,333.6,0.014200061535004086
PerplexDEW (Davies),isobar,0.2051,334.1333333333333,0.014236522306708828
PerplexDEW (Davies),isobar,0.2051,334.6666666666667,0.01427229490170616
PerplexDEW (Davies),isobar,0.2051,335.2,0.014307391754976114
PerplexDEW (Davies),isobar,0.2051,335.73333333333335,0.014341750777607621
PerplexDEW (Davies),isobar,0.2051,336.26666666666665,0.014375384084859052
PerplexDEW (Davies),isobar,0.2051,336.8,0.014408228292296855
PerplexDEW (Davies),isobar,0.2051,337.3333333333333,0.014440269671284377
PerplexDEW (Davies),isobar,0.2051,337.8666666666667,0.01447146872592031
PerplexDEW (Davies),isobar,0.2051,338.4,0.014501811073945414
PerplexDEW (Davies),isobar,0.2051,338.93333333333334,0.014531256235408683
PerplexDEW (Davies),isobar,0.2051,339.4666666666667,0.01455976298781341
PerplexDEW (Davies),isobar,0.2051,340.0,0.014587289363484855
PerplexDEW (Davies),isobar,0.2051,340.53333333333336,0.014613792647411054
PerplexDEW (Davies),isobar,0.2051,341.06666666666666,0.014639256065965287
PerplexDEW (Davies),isobar,0.2051,341.6,0.014663609052898784
PerplexDEW (Davies),isobar,0.2051,342.1333333333333,0.014686806645356503
PerplexDEW (Davies),isobar,0.2051,342.6666666666667,0.014708830329105626
PerplexDEW (Davies),isobar,0.2051,343.2,0.014729606783907246
PerplexDEW (Davies),isobar,0.2051,343.73333333333335,0.014749088801363976
PerplexDEW (Davies),isobar,0.2051,344.26666666666665,0.014767200716902741
PerplexDEW (Davies),isobar,0.2051,344.8,0.014783921204178327
PerplexDEW (Davies),isobar,0.2051,345.3333333333333,0.014799144721327893
PerplexDEW (Davies),isobar,0.2051,345.8666666666667,0.014812820072065034
PerplexDEW (Davies),isobar,0.2051,346.4,0.01482486693350584
PerplexDEW (Davies),isobar,0.2051,346.93333333333334,0.01483523214618978
PerplexDEW (Davies),isobar,0.2051,347.46666666666664,0.014843775606573061
PerplexDEW (Davies),isobar,0.2051,348.0,0.014850499029624683
PerplexDEW (Davies),isobar,0.2051,348.5333333333333,0.014855201193335102
PerplexDEW (Davies),isobar,0.2051,349.06666666666666,0.014857823070154038
PerplexDEW (Davies),isobar,0.2051,349.6,3.683226480846825e-07
PerplexDEW (Davies),isobar,0.2051,350.1333333333333,3.6415829265934717e-07
PerplexDEW (Davies),isobar,0.2051,350.6666666666667,3.6000210568556566e-07
PerplexDEW (Davies),isobar,0.2051,351.2,3.5593072832434763e-07
PerplexDEW (Davies),isobar,0.2051,351.73333333333335,3.519442156654361e-07
PerplexDEW (Davies),isobar,0.2051,352.26666666666665,3.4796976425834786e-07
PerplexDEW (Davies),isobar,0.2051,352.8,3.44045956428936e-07
PerplexDEW (Davies),isobar,0.2051,353.3333333333333,3.4017426439362925e-07
PerplexDEW (Davies),isobar,0.2051,353.8666666666667,3.3635627912150077e-07
PerplexDEW (Davies),isobar,0.2051,354.4,3.3266360292913406e-07
PerplexDEW (Davies),isobar,0.2051,354.93333333333334,3.289575487756811e-07
PerplexDEW (Davies),isobar,0.2051,355.46666666666664,3.2531078864250503e-07
PerplexDEW (Davies),isobar,0.2051,356.0,3.2179302002093555e-07
PerplexDEW (Davies),isobar,0.2051,356.5333333333333,3.1827075928535656e-07
PerplexDEW (Davies),isobar,0.2051,357.06666666666666,3.1488077897803574e-07
PerplexDEW (Davies),isobar,0.2051,357.59999999999997,3.115583013693814e-07
PerplexDEW (Davies),isobar,0.2051,358.1333333333333,3.082420638900033e-07
PerplexDEW (Davies),isobar,0.2051,358.66666666666663,3.050646066564152e-07
PerplexDEW (Davies),isobar,0.2051,359.2,3.019643579940489e-07
PerplexDEW (Davies),isobar,0.2051,359.73333333333335,2.989451169017874e-07
PerplexDEW (Davies),isobar,0.2051,360.26666666666665,2.96011010924442e-07
PerplexDEW (Davies),isobar,0.2051,360.79999999999995,2.9316652703664654e-07
PerplexDEW (Davies),isobar,0.2051,361.3333333333333,2.9041654576075956e-07
PerplexDEW (Davies),isobar,0.2051,361.8666666666667,2.8776637891655697e-07
PerplexDEW (Davies),isobar,0.2051,362.4,2.8522181145843696e-07
PerplexDEW (Davies),isobar,0.2051,362.93333333333334,2.828170303435209e-07
PerplexDEW (Davies),isobar,0.2051,363.46666666666664,2.8052994583671926e-07
PerplexDEW (Davies),isobar,0.2051,364.0,2.7834121882437933e-07
PerplexDEW (Davies),isobar,0.2051,364.5333333333333,2.7633932542896537e-07
PerplexDEW (Davies),isobar,0.2051,365.06666666666666,2.744272083397626e-07
PerplexDEW (Davies),isobar,0.2051,365.59999999999997,2.7271814780729633e-07
PerplexDEW (Davies),isobar,0.2051,366.1333333333333,2.7117030476493005e-07
PerplexDEW (Davies),isobar,0.2051,366.66666666666663,2.697716441189455e-07
PerplexDEW (Davies),isobar,0.2051,367.2,2.6855992728604236e-07
PerplexDEW (Davies),isobar,0.2051,367.7333333333333,2.6757131188749814e-07
PerplexDEW (Davies),isobar,0.2051,368.26666666666665,2.6679753722337005e-07
PerplexDEW (Davies),isobar,0.2051,368.79999999999995,2.6625549566726097e-07
PerplexDEW (Davies),isobar,0.2051,369.3333333333333,2.659638154340813e-07
PerplexDEW (Davies),isobar,0.2051,369.8666666666667,2.65961582587688e-07
PerplexDEW (Davies),isobar,0.2051,370.4,2.662509411239302e-07
PerplexDEW (Davies),isobar,0.221,323.0,0.01349129002363679
PerplexDEW (Davies),isobar,0.221,324.010101010101,0.01358138753604782
PerplexDEW (Davies),isobar,0.221,325.020202020202,0.01367046195661316
PerplexDEW (Davies),isobar,0.221,326.030303030303,0.013758432824882257
PerplexDEW (Davies),isobar,0.221,327.04040404040404,0.013845228430431171
PerplexDEW (Davies),isobar,0.221,328.050505050505,0.013930741035172533
PerplexDEW (Davies),isobar,0.221,329.06060606060606,0.014014893738611813
PerplexDEW (Davies),isobar,0.221,330.07070707070704,0.01409758433109708
PerplexDEW (Davies),isobar,0.221,331.0808080808081,0.014178683797398853
PerplexDEW (Davies),isobar,0.221,332.09090909090907,0.014258118465536972
PerplexDEW (Davies),isobar,0.221,333.1010101010101,0.014335752654069956
PerplexDEW (Davies),isobar,0.221,334.1111111111111,0.014411458421700447
PerplexDEW (Davies),isobar,0.221,335.1212121212121,0.014485103865299425
PerplexDEW (Davies),isobar,0.221,336.1313131313131,0.014556527950022071
PerplexDEW (Davies),isobar,0.221,337.14141414141415,0.014625589799848078
PerplexDEW (Davies),isobar,0.221,338.1515151515151,0.014692105825748697
PerplexDEW (Davies),isobar,0.221,339.16161616161617,0.014755912510526728
PerplexDEW (Davies),isobar,0.221,340.17171717171715,0.014816815173221382
PerplexDEW (Davies),isobar,0.221,341.1818181818182,0.014874613060617034
PerplexDEW (Davies),isobar,0.221,342.19191919191917,0.01492901822251978
PerplexDEW (Davies),isobar,0.221,343.2020202020202,0.014979842133269155
PerplexDEW (Davies),isobar,0.221,344.2121212121212,0.015026780698107554
PerplexDEW (Davies),isobar,0.221,345.22222222222223,0.015069547794811962
PerplexDEW (Davies),isobar,0.221,346.2323232323232,0.015107763554550431
PerplexDEW (Davies),isobar,0.221,347.24242424242425,0.015141092812181988
PerplexDEW (Davies),isobar,0.221,348.25252525252523,0.015169103453146883
PerplexDEW (Davies),isobar,0.221,349.26262626262627,0.015191349560837798
PerplexDEW (Davies),isobar,0.221,350.27272727272725,0.015207223218222902
PerplexDEW (Davies),isobar,0.221,351.2828282828283,0.015216216469654795
PerplexDEW (Davies),isobar,0.221,352.2929292929293,1.2839090881107898e-06
PerplexDEW (Davies),isobar,0.221,353.3030303030303,1.2598749361905305e-06
PerplexDEW (Davies),isobar,0.221,354.3131313131313,1.236286937491264e-06
PerplexDEW (Davies),isobar,0.221,355.32323232323233,1.2129310821206905e-06
PerplexDEW (Davies),isobar,0.221,356.3333333333333,1.1899154367292383e-06
PerplexDEW (Davies),isobar,0.221,357.34343434343435,1.1671380534580575e-06
PerplexDEW (Davies),isobar,0.221,358.35353535353534,1.1447043356536894e-06
PerplexDEW (Davies),isobar,0.221,359.3636363636364,1.1225152920570632e-06
PerplexDEW (Davies),isobar,0.221,360.37373737373736,1.1005757100175743e-06
PerplexDEW (Davies),isobar,0.221,361.3838383838384,1.079083970982953e-06
PerplexDEW (Davies),isobar,0.221,362.3939393939394,1.057846333759801e-06
PerplexDEW (Davies),isobar,0.221,363.4040404040404,1.0368682860752048e-06
PerplexDEW (Davies),isobar,0.221,364.4141414141414,1.0163408240016212e-06
PerplexDEW (Davies),isobar,0.221,365.42424242424244,9.959883450009947e-07
PerplexDEW (Davies),isobar,0.221,366.4343434343434,9.760912423005462e-07
PerplexDEW (Davies),isobar,0.221,367.44444444444446,9.563832742374394e-07
PerplexDEW (Davies),isobar,0.221,368.45454545454544,9.37137910546722e-07
PerplexDEW (Davies),isobar,0.221,369.4646464646465,9.181844227899973e-07
PerplexDEW (Davies),isobar,0.221,370.47474747474746,8.995327391403424e-07
PerplexDEW (Davies),isobar,0.221,371.4848484848485,8.813598309690708e-07
PerplexDEW (Davies),isobar,0.221,372.4949494949495,8.635067118084425e-07
PerplexDEW (Davies),isobar,0.221,373.5050505050505,8.461476932043191e-07
PerplexDEW (Davies),isobar,0.221,374.5151515151515,8.290539282125745e-07
PerplexDEW (Davies),isobar,0.221,375.52525252525254,8.124795869215518e-07
PerplexDEW (Davies),isobar,0.221,376.5353535353535,7.962088353942194e-07
PerplexDEW (Davies),isobar,0.221,377.54545454545456,7.804925888542754e-07
PerplexDEW (Davies),isobar,0.221,378.55555555555554,7.652027550801389e-07
PerplexDEW (Davies),isobar,0.221,379.5656565656566,7.505126307239388e-07
PerplexDEW (Davies),isobar,0.221,380.57575757575756,7.36308183698083e-07
PerplexDEW (Davies),isobar,0.221,381.5858585858586,7.226294997071553e-07
PerplexDEW (Davies),isobar,0.221,382.5959595959596,7.096560252226426e-07
PerplexDEW (Davies),isobar,0.221,383.6060606060606,6.973011551179006e-07
PerplexDEW (Davies),isobar,0.221,384.6161616161616,6.856264002275544e-07
PerplexDEW (Davies),isobar,0.221,385.62626262626264,6.74825472032539e-07
PerplexDEW (Davies),isobar,0.221,386.6363636363636,6.648510598281208e-07
PerplexDEW (Davies),isobar,0.221,387.64646464646466,6.5591324058241e-07
PerplexDEW (Davies),isobar,0.221,388.65656565656565,6.480010926267397e-07
PerplexDEW (Davies),isobar,0.221,389.6666666666667,6.412451466944282e-07
PerplexDEW (Davies),isobar,0.221,390.67676767676767,6.358978252661097e-07
PerplexDEW (Davies),isobar,0.221,391.6868686868687,6.320292804247692e-07
PerplexDEW (Davies),isobar,0.221,392.6969696969697,6.299384333587843e-07
PerplexDEW (Davies),isobar,0.221,393.7070707070707,6.297769322898327e-07
PerplexDEW (Davies),isobar,0.221,394.7171717171717,6.318440803573234e-07
PerplexDEW (Davies),isobar,0.221,395.72727272727275,6.365601598507622e-07
PerplexDEW (Davies),isobar,0.221,396.73737373737373,6.442760988374768e-07
PerplexDEW (Davies),isobar,0.221,397.74747474747477,6.555321765784251e-07
PerplexDEW (Davies),isobar,0.221,398.75757575757575,6.709432053974473e-07
PerplexDEW (Davies),isobar,0.221,399.7676767676768,6.912621050134153e-07
PerplexDEW (Davies),isobar,0.221,400.77777777777777,7.174166542465053e-07
PerplexDEW (Davies),isobar,0.221,401.7878787878788,7.505780968172199e-07
PerplexDEW (Davies),isobar,0.221,402.7979797979798,7.921921994417992e-07
PerplexDEW (Davies),isobar,0.221,403.80808080808083,8.440728434305084e-07
PerplexDEW (Davies),isobar,0.221,404.8181818181818,9.085141075904607e-07
PerplexDEW (Davies),isobar,0.221,405.82828282828285,9.884356834551757e-07
PerplexDEW (Davies),isobar,0.221,406.83838383838383,1.0877195268787614e-06
PerplexDEW (Davies),isobar,0.221,407.8484848484849,1.2109414961229126e-06
PerplexDEW (Davies),isobar,0.221,408.85858585858585,1.3646993950660523e-06
PerplexDEW (Davies),isobar,0.221,409.8686868686869,1.5570301798646925e-06
PerplexDEW (Davies),isobar,0.221,410.8787878787879,1.7986545952243108e-06
PerplexDEW (Davies),isobar,0.221,411.8888888888889,2.1036956376558814e-06
PerplexDEW (Davies),isobar,0.221,412.8989898989899,2.491565981955324e-06
PerplexDEW (Davies),isobar,0.221,413.90909090909093,2.9859244371682878e-06
PerplexDEW (Davies),isobar,0.221,414.9191919191919,3.623026877676008e-06
PerplexDEW (Davies),isobar,0.221,415.92929292929296,4.44497370895643e-06
PerplexDEW (Davies),isobar,0.221,416.93939393939394,5.5111063417454e-06
PerplexDEW (Davies),isobar,0.221,417.949494949495,6.90696817210961e-06
PerplexDEW (Davies),isobar,0.221,418.95959595959596,8.746022741017347e-06
PerplexDEW (Davies),isobar,0.221,419.969696969697,1.1173630705980577e-05
PerplexDEW (Davies),isobar,0.221,420.979797979798,1.4407117024241554e-05
PerplexDEW (Davies),isobar,0.221,421.98989898989896,1.8738546765949915e-05
PerplexDEW (Davies),isobar,0.221,423.0,2.4547010107368603e-05
PerplexDEW (Davies),isobar,0.25,322.85,0.01369029654033646
PerplexDEW (Davies),isobar,0.25,323.55,0.013757255139012749
PerplexDEW (Davies),isobar,0.25,324.25,0.013823853010797279
PerplexDEW (Davies),isobar,0.25,324.95000000000005,0.01389007673963597
PerplexDEW (Davies),isobar,0.25,325.65000000000003,0.013955901750244032
PerplexDEW (Davies),isobar,0.25,326.35,0.014021302916176608
PerplexDEW (Davies),isobar,0.25,327.05,0.014086265751615673
PerplexDEW (Davies),isobar,0.25,327.75,0.014150764307540885
PerplexDEW (Davies),isobar,0.25,328.45000000000005,0.01421476067076395
PerplexDEW (Davies),isobar,0.25,329.15000000000003,0.014278238950179848
PerplexDEW (Davies),isobar,0.25,329.85,0.01434118307900958
PerplexDEW (Davies),isobar,0.25,330.55,0.014403553409647935
PerplexDEW (Davies),isobar,0.25,331.25,0.01446532110282745
PerplexDEW (Davies),isobar,0.25,331.95000000000005,0.01452645672396438
PerplexDEW (Davies),isobar,0.25,332.65000000000003,0.014586942251645299
PerplexDEW (Davies),isobar,0.25,333.35,0.014646735240750592
PerplexDEW (Davies),isobar,0.25,334.05,0.014705792216852429
PerplexDEW (Davies),isobar,0.25,334.75,0.014764093326239609
PerplexDEW (Davies),isobar,0.25,335.45,0.014821593643718054
PerplexDEW (Davies),isobar,0.25,336.15000000000003,0.014878247189644592
PerplexDEW (Davies),isobar,0.25,336.85,0.014934057532838546
PerplexDEW (Davies),isobar,0.25,337.55,0.014988926811649272
PerplexDEW (Davies),isobar,0.25,338.25,0.015042857316897123
PerplexDEW (Davies),isobar,0.25,338.95,0.015095774117701717
PerplexDEW (Davies),isobar,0.25,339.65000000000003,0.015147626495847787
PerplexDEW (Davies),isobar,0.25,340.35,0.015198415445852336
PerplexDEW (Davies),isobar,0.25,341.05,0.015248036119490726
PerplexDEW (Davies),isobar,0.25,341.75,0.015296434479709145
PerplexDEW (Davies),isobar,0.25,342.45,0.015343609532605183
PerplexDEW (Davies),isobar,0.25,343.15000000000003,0.015389424429958479
PerplexDEW (Davies),isobar,0.25,343.85,0.015433876155587289
PerplexDEW (Davies),isobar,0.25,344.55,0.01547687908877873
PerplexDEW (Davies),isobar,0.25,345.25,0.015518373557170435
PerplexDEW (Davies),isobar,0.25,345.95,0.015558270525471821
PerplexDEW (Davies),isobar,0.25,346.65,0.015596478895789986
PerplexDEW (Davies),isobar,0.25,347.35,0.01563293419572237
PerplexDEW (Davies),isobar,0.25,348.05,0.015667570816375792
PerplexDEW (Davies),isobar,0.25,348.75,0.015700234526633668
PerplexDEW (Davies),isobar,0.25,349.45,0.01573088474430244
PerplexDEW (Davies),isobar,0.25,350.15,0.015759391800602027
PerplexDEW (Davies),isobar,0.25,350.85,0.01578562302459645
PerplexDEW (Davies),isobar,0.25,351.55,0.015809472860361724
PerplexDEW (Davies),isobar,0.25,352.25,0.015830833719693092
PerplexDEW (Davies),isobar,0.25,352.95,0.015849504235861414
PerplexDEW (Davies),isobar,0.25,353.65,0.01586540150236526
PerplexDEW (Davies),isobar,0.25,354.35,0.015878286275538302
PerplexDEW (Davies),isobar,0.25,355.05,8.186755524304105e-06
PerplexDEW (Davies),isobar,0.25,355.75,8.110062596286236e-06
PerplexDEW (Davies),isobar,0.25,356.45,8.03246111733009e-06
PerplexDEW (Davies),isobar,0.25,357.15,7.956314782279767e-06
PerplexDEW (Davies),isobar,0.25,357.85,7.88021633986462e-06
PerplexDEW (Davies),isobar,0.25,358.55,7.803713083119899e-06
PerplexDEW (Davies),isobar,0.25,359.25,7.728204082152402e-06
PerplexDEW (Davies),isobar,0.25,359.95,7.652768643369096e-06
PerplexDEW (Davies),isobar,0.25,360.65,7.577416745386262e-06
PerplexDEW (Davies),isobar,0.25,361.35,7.503064541099025e-06
PerplexDEW (Davies),isobar,0.25,362.05,7.427904334818327e-06
PerplexDEW (Davies),isobar,0.25,362.75,7.353753320187583e-06
PerplexDEW (Davies),isobar,0.25,363.45,7.279714804348437e-06
PerplexDEW (Davies),isobar,0.25,364.15,7.2066843721287495e-06
PerplexDEW (Davies),isobar,0.25,364.85,7.132894061191719e-06
PerplexDEW (Davies),isobar,0.25,365.55,7.0601202592734894e-06
PerplexDEW (Davies),isobar,0.25,366.25,6.987485974773281e-06
PerplexDEW (Davies),isobar,0.25,366.95,6.915000247127998e-06
PerplexDEW (Davies),isobar,0.25,367.65,6.843532389883153e-06
PerplexDEW (Davies),isobar,0.25,368.35,6.772220462187976e-06
PerplexDEW (Davies),isobar,0.25,369.05,6.70107314449258e-06
PerplexDEW (Davies),isobar,0.25,369.75,6.6300990383212385e-06
PerplexDEW (Davies),isobar,0.25,370.45,6.560146092505691e-06
PerplexDEW (Davies),isobar,0.25,371.15,6.489955615631714e-06
PerplexDEW (Davies),isobar,0.25,371.84999999999997,6.420787131623799e-06
PerplexDEW (Davies),isobar,0.25,372.55,6.35139753343631e-06
PerplexDEW (Davies),isobar,0.25,373.25,6.282621108807841e-06
PerplexDEW (Davies),isobar,0.25,373.95,6.214051372053793e-06
PerplexDEW (Davies),isobar,0.25,374.65,6.14650371331468e-06
PerplexDEW (Davies),isobar,0.25,375.34999999999997,6.079167635207687e-06
PerplexDEW (Davies),isobar,0.25,376.04999999999995,6.012050757605435e-06
PerplexDEW (Davies),isobar,0.25,376.75,5.945160623225729e-06
PerplexDEW (Davies),isobar,0.25,377.45,5.8796837534930855e-06
PerplexDEW (Davies),isobar,0.25,378.15,5.813651543710515e-06
PerplexDEW (Davies),isobar,0.25,378.84999999999997,5.748637973903713e-06
PerplexDEW (Davies),isobar,0.25,379.54999999999995,5.683864097350251e-06
PerplexDEW (Davies),isobar,0.25,380.25,5.619336955211425e-06
PerplexDEW (Davies),isobar,0.25,380.95,5.555822557791856e-06
PerplexDEW (Davies),isobar,0.25,381.65,5.492181055799054e-06
PerplexDEW (Davies),isobar,0.25,382.34999999999997,5.429549695200248e-06
PerplexDEW (Davies),isobar,0.25,383.04999999999995,5.366804693961057e-06
PerplexDEW (Davies),isobar,0.25,383.75,5.305066879898365e-06
PerplexDEW (Davies),isobar,0.25,384.45,5.243228581840945e-06
PerplexDEW (Davies),isobar,0.25,385.15,5.182394201673335e-06
PerplexDEW (Davies),isobar,0.25,385.84999999999997,5.121472217625834e-06
PerplexDEW (Davies),isobar,0.25,386.54999999999995,5.061550607677715e-06
PerplexDEW (Davies),isobar,0.25,387.25,5.001909143876077e-06
PerplexDEW (Davies),isobar,0.25,387.95,4.942554061750932e-06
PerplexDEW (Davies),isobar,0.25,388.65,4.884190934898652e-06
PerplexDEW (Davies),isobar,0.25,389.34999999999997,4.826115688921184e-06
PerplexDEW (Davies),isobar,0.25,390.04999999999995,4.768334436052896e-06
PerplexDEW (Davies),isobar,0.25,390.75,4.711536449741559e-06
PerplexDEW (Davies),isobar,0.25,391.45,4.654356035241779e-06
PerplexDEW (Davies),isobar,0.25,392.15,4.59849640701085e-06
PerplexDEW (Davies),isobar,0.3,294.6,0.011039444347450533
PerplexDEW (Davies),isobar,0.3,295.8,0.011163578041402665
PerplexDEW (Davies),isobar,0.3,297.0,0.01128820171349543
PerplexDEW (Davies),isobar,0.3,298.20000000000005,0.01141329164024709
PerplexDEW (Davies),isobar,0.3,299.40000000000003,0.01153881932575139
PerplexDEW (Davies),isobar,0.3,300.6,0.011664755131615091
PerplexDEW (Davies),isobar,0.3,301.8,0.011791076264007638
PerplexDEW (Davies),isobar,0.3,303.0,0.011917734827859813
PerplexDEW (Davies),isobar,0.3,304.20000000000005,0.012044713762342505
PerplexDEW (Davies),isobar,0.3,305.40000000000003,0.012171979003612748
PerplexDEW (Davies),isobar,0.3,306.6,0.012299478134912419
PerplexDEW (Davies),isobar,0.3,307.8,0.01242718239977871
PerplexDEW (Davies),isobar,0.3,309.0,0.0125550534408064
PerplexDEW (Davies),isobar,0.3,310.20000000000005,0.012683051548588023
PerplexDEW (Davies),isobar,0.3,311.40000000000003,0.01281111741903563
PerplexDEW (Davies),isobar,0.3,312.6,0.01293922619358517
PerplexDEW (Davies),isobar,0.3,313.8,0.01306731513439465
PerplexDEW (Davies),isobar,0.3,315.0,0.01319533795114382
PerplexDEW (Davies),isobar,0.3,316.2,0.01332324684498809
PerplexDEW (Davies),isobar,0.3,317.40000000000003,0.013450972775031668
PerplexDEW (Davies),isobar,0.3,318.6,0.013578473924590872
PerplexDEW (Davies),isobar,0.3,319.8,0.013705676997419263
PerplexDEW (Davies),isobar,0.3,321.0,0.013832526449047085
PerplexDEW (Davies),isobar,0.3,322.2,0.013958944090138774
PerplexDEW (Davies),isobar,0.3,323.40000000000003,0.014084870023877979
PerplexDEW (Davies),isobar,0.3,324.6,0.014210220979076748
PerplexDEW (Davies),isobar,0.3,325.8,0.014334921555748295
PerplexDEW (Davies),isobar,0.3,327.0,0.014458893857250608
PerplexDEW (Davies),isobar,0.3,328.2,0.014582057447270437
PerplexDEW (Davies),isobar,0.3,329.4,0.01470430632311519
PerplexDEW (Davies),isobar,0.3,330.6,0.01482554212659831
PerplexDEW (Davies),isobar,0.3,331.8,0.014945686793064152
PerplexDEW (Davies),isobar,0.3,333.0,0.015064612142847355
PerplexDEW (Davies),isobar,0.3,334.2,0.015182221674584946
PerplexDEW (Davies),isobar,0.3,335.4,0.01529837889053315
PerplexDEW (Davies),isobar,0.3,336.6,0.015412967351053047
PerplexDEW (Davies),isobar,0.3,337.8,0.015525854176000897
PerplexDEW (Davies),isobar,0.3,339.0,0.015636889052013606
PerplexDEW (Davies),isobar,0.3,340.2,0.015745929494644595
PerplexDEW (Davies),isobar,0.3,341.4,0.015852828402294395
PerplexDEW (Davies),isobar,0.3,342.6,0.0159573934161292
PerplexDEW (Davies),isobar,0.3,343.8,0.016059438820495976
PerplexDEW (Davies),isobar,0.3,345.0,0.01615877251500648
PerplexDEW (Davies),isobar,0.3,346.2,0.016255224196814896
PerplexDEW (Davies),isobar,0.3,347.4,0.016348504041946956
PerplexDEW (Davies),isobar,0.3,348.6,0.016438427043904618
PerplexDEW (Davies),isobar,0.3,349.8,0.016524714772522122
PerplexDEW (Davies),isobar,0.3,351.0,0.016607078837537044
PerplexDEW (Davies),isobar,0.3,352.2,0.016685220824416695
PerplexDEW (Davies),isobar,0.3,353.4,0.016758801520915634
PerplexDEW (Davies),isobar,0.3,354.6,0.016827469945279998
PerplexDEW (Davies),isobar,0.3,355.8,0.016891234086790812
PerplexDEW (Davies),isobar,0.3,357.0,0.016948830478166112
PerplexDEW (Davies),isobar,0.3,358.2,0.01700022508336088
PerplexDEW (Davies),isobar,0.3,359.4,0.01704484937234367
PerplexDEW (Davies),isobar,0.3,360.6,0.017082081508304845
PerplexDEW (Davies),isobar,0.3,361.8,7.794067401473579e-05
PerplexDEW (Davies),isobar,0.3,363.0,7.709444939511504e-05
PerplexDEW (Davies),isobar,0.3,364.2,7.625042107959354e-05
PerplexDEW (Davies),isobar,0.3,365.4,7.540406363569908e-05
PerplexDEW (Davies),isobar,0.3,366.6,7.456063257500807e-05
PerplexDEW (Davies),isobar,0.3,367.8,7.37156064971326e-05
PerplexDEW (Davies),isobar,0.3,369.0,7.286935335144904e-05
PerplexDEW (Davies),isobar,0.3,370.2,7.202707864579712e-05
PerplexDEW (Davies),isobar,0.3,371.4,7.118427223831043e-05
PerplexDEW (Davies),isobar,0.3,372.6,7.034610099619412e-05
PerplexDEW (Davies),isobar,0.3,373.8,6.950806423020572e-05
PerplexDEW (Davies),isobar,0.3,375.0,6.867049801259762e-05
PerplexDEW (Davies),isobar,0.3,376.2,6.783850599474599e-05
PerplexDEW (Davies),isobar,0.3,377.4,6.70076066650937e-05
PerplexDEW (Davies),isobar,0.3,378.6,6.61781154060763e-05
PerplexDEW (Davies),isobar,0.3,379.79999999999995,6.535506553757764e-05
PerplexDEW (Davies),isobar,0.3,381.0,6.453399949399969e-05
PerplexDEW (Davies),isobar,0.3,382.2,6.371521081812868e-05
PerplexDEW (Davies),isobar,0.3,383.4,6.289898621557704e-05
PerplexDEW (Davies),isobar,0.3,384.59999999999997,6.20856054372393e-05
PerplexDEW (Davies),isobar,0.3,385.79999999999995,6.12799714672727e-05
PerplexDEW (Davies),isobar,0.3,387.0,6.047767836841385e-05
PerplexDEW (Davies),isobar,0.3,388.2,5.967898270421753e-05
PerplexDEW (Davies),isobar,0.3,389.4,5.888413378250003e-05
PerplexDEW (Davies),isobar,0.3,390.59999999999997,5.8093373590451266e-05
PerplexDEW (Davies),isobar,0.3,391.79999999999995,5.730693673976721e-05
PerplexDEW (Davies),isobar,0.3,393.0,5.652954992385341e-05
PerplexDEW (Davies),isobar,0.3,394.2,5.5752410222136036e-05
PerplexDEW (Davies),isobar,0.3,395.4,5.498470455119444e-05
PerplexDEW (Davies),isobar,0.3,396.59999999999997,5.422213680146873e-05
PerplexDEW (Davies),isobar,0.3,397.79999999999995,5.346050002782617e-05
PerplexDEW (Davies),isobar,0.3,399.0,5.2708813733691226e-05
PerplexDEW (Davies),isobar,0.3,400.2,5.196283134276936e-05
PerplexDEW (Davies),isobar,0.3,401.4,5.121840061621939e-05
PerplexDEW (Davies),isobar,0.3,402.59999999999997,5.0484366034560504e-05
PerplexDEW (Davies),isobar,0.3,403.79999999999995,4.9752262024595774e-05
PerplexDEW (Davies),isobar,0.3,405.0,4.903081254946575e-05
PerplexDEW (Davies),isobar,0.3,406.2,4.831164466165009e-05
PerplexDEW (Davies),isobar,0.3,407.4,4.760335927915441e-05
PerplexDEW (Davies),isobar,0.3,408.59999999999997,4.689767892504823e-05
PerplexDEW (Davies),isobar,0.3,409.79999999999995,4.619894550994556e-05
PerplexDEW (Davies),isobar,0.3,411.0,4.5507275896645946e-05
PerplexDEW (Davies),isobar,0.3,412.2,4.482278001978804e-05
PerplexDEW (Davies),isobar,0.3,413.4,4.4141514245966464e-05
PerplexDEW (Davies),isobar,0.35,344.0,0.016620109477826085
PerplexDEW (Davies),isobar,0.35,344.8888888888889,0.016708259994919768
PerplexDEW (Davies),isobar,0.35,345.77777777777777,0.016795361995942625
PerplexDEW (Davies),isobar,0.35,346.6666666666667,0.01688137869728004
PerplexDEW (Davies),isobar,0.35,347.55555555555554,0.01696622991415738
PerplexDEW (Davies),isobar,0.35,348.44444444444446,0.017049862129975817
PerplexDEW (Davies),isobar,0.35,349.3333333333333,0.017132191508808136
PerplexDEW (Davies),isobar,0.35,350.22222222222223,0.017213191019596938
PerplexDEW (Davies),isobar,0.35,351.1111111111111,0.01729272924092408
PerplexDEW (Davies),isobar,0.35,352.0,0.01737076108684448
PerplexDEW (Davies),isobar,0.35,352.8888888888889,0.017447210491410545
PerplexDEW (Davies),isobar,0.35,353.77777777777777,0.01752196882905365
PerplexDEW (Davies),isobar,0.35,354.6666666666667,0.01759495558460386
PerplexDEW (Davies),isobar,0.35,355.55555555555554,0.0176664577099115
PerplexDEW (Davies),isobar,0.35,356.44444444444446,0.017735646102590544
PerplexDEW (Davies),isobar,0.35,357.3333333333333,0.017802762520529824
PerplexDEW (Davies),isobar,0.35,358.22222222222223,0.017867734118843688
PerplexDEW (Davies),isobar,0.35,359.1111111111111,0.017930405003762525
PerplexDEW (Davies),isobar,0.35,360.0,0.017990647962750402
PerplexDEW (Davies),isobar,0.35,360.8888888888889,0.018048366107403235
PerplexDEW (Davies),isobar,0.35,361.77777777777777,0.01810342700751578
PerplexDEW (Davies),isobar,0.35,362.6666666666667,0.01815562692596255
PerplexDEW (Davies),isobar,0.35,363.55555555555554,0.018204894112440785
PerplexDEW (Davies),isobar,0.35,364.44444444444446,0.01825098253647789
PerplexDEW (Davies),isobar,0.35,365.3333333333333,0.018293779533736485
PerplexDEW (Davies),isobar,0.35,366.22222222222223,0.01833302892987036
PerplexDEW (Davies),isobar,0.35,367.1111111111111,0.01836861069093665
PerplexDEW (Davies),isobar,0.35,368.0,0.00040236905740756565
PerplexDEW (Davies),isobar,0.35,368.8888888888889,0.000398765077169908
PerplexDEW (Davies),isobar,0.35,369.77777777777777,0.0003952305726582144
PerplexDEW (Davies),isobar,0.35,370.6666666666667,0.00039174020611821284
PerplexDEW (Davies),isobar,0.35,371.55555555555554,0.000388309071203371
PerplexDEW (Davies),isobar,0.35,372.44444444444446,0.00038492518386356586
PerplexDEW (Davies),isobar,0.35,373.3333333333333,0.00038160360662577397
PerplexDEW (Davies),isobar,0.35,374.22222222222223,0.00037830506122313117
PerplexDEW (Davies),isobar,0.35,375.1111111111111,0.0003750580880266459
PerplexDEW (Davies),isobar,0.35,376.0,0.00037186407600116485
PerplexDEW (Davies),isobar,0.35,376.8888888888889,0.0003686970975137342
PerplexDEW (Davies),isobar,0.35,377.77777777777777,0.00036555838819268615
PerplexDEW (Davies),isobar,0.35,378.6666666666667,0.0003624764986923513
PerplexDEW (Davies),isobar,0.35,379.55555555555554,0.0003594253266731435
PerplexDEW (Davies),isobar,0.35,380.44444444444446,0.000356406027919793
PerplexDEW (Davies),isobar,0.35,381.3333333333333,0.00035341973298550346
PerplexDEW (Davies),isobar,0.35,382.22222222222223,0.00035046754710221637
PerplexDEW (Davies),isobar,0.35,383.1111111111111,0.00034753682083466956
PerplexDEW (Davies),isobar,0.35,384.0,0.0003446423184714245
PerplexDEW (Davies),isobar,0.35,384.8888888888889,0.0003417713232069708
PerplexDEW (Davies),isobar,0.35,385.77777777777777,0.0003389248158809898
PerplexDEW (Davies),isobar,0.35,386.6666666666667,0.0003361037560195188
PerplexDEW (Davies),isobar,0.35,387.55555555555554,0.0003333090817103483
PerplexDEW (Davies),isobar,0.35,388.44444444444446,0.0003305417095250655
PerplexDEW (Davies),isobar,0.35,389.3333333333333,0.00032780253448601873
PerplexDEW (Davies),isobar,0.35,390.22222222222223,0.0003250786455458318
PerplexDEW (Davies),isobar,0.35,391.1111111111111,0.00032238467181697287
PerplexDEW (Davies),isobar,0.35,392.0,0.0003197076548767097
PerplexDEW (Davies),isobar,0.35,392.8888888888889,0.00031706219176263806
PerplexDEW (Davies),isobar,0.35,393.77777777777777,0.000314421485752584
PerplexDEW (Davies),isobar,0.35,394.6666666666667,0.0003118138913793156
PerplexDEW (Davies),isobar,0.35,395.55555555555554,0.00030921257275468505
PerplexDEW (Davies),isobar,0.35,396.44444444444446,0.0003066458506673317
PerplexDEW (Davies),isobar,0.35,397.3333333333333,0.0003041006464362409
PerplexDEW (Davies),isobar,0.35,398.22222222222223,0.0003015638699401097
PerplexDEW (Davies),isobar,0.35,399.1111111111111,0.000299049995817511
PerplexDEW (Davies),isobar,0.35,400.0,0.00029654590894391184
PerplexDEW (Davies),isobar,0.35,400.8888888888889,0.0002940660460588261
PerplexDEW (Davies),isobar,0.35,401.77777777777777,0.00029159727003004
PerplexDEW (Davies),isobar,0.35,402.6666666666667,0.0002891539762089987
PerplexDEW (Davies),isobar,0.35,403.55555555555554,0.00028672300840992614
PerplexDEW (Davies),isobar,0.35,404.44444444444446,0.0002843187175049929
PerplexDEW (Davies),isobar,0.35,405.3333333333333,0.00028191419411029996
PerplexDEW (Davies),isobar,0.35,406.22222222222223,0.0002795374979730884
PerplexDEW (Davies),isobar,0.35,407.1111111111111,0.00027717544582533775
PerplexDEW (Davies),isobar,0.35,408.0,0.0002748148818630705
PerplexDEW (Davies),isobar,0.35,408.8888888888889,0.0002724837643280122
PerplexDEW (Davies),isobar,0.35,409.77777777777777,0.00027016889932921504
PerplexDEW (Davies),isobar,0.35,410.66666666666663,0.00026787079598485477
PerplexDEW (Davies),isobar,0.35,411.55555555555554,0.0002655899500128119
PerplexDEW (Davies),isobar,0.35,412.44444444444446,0.00026331320627390523
PerplexDEW (Davies),isobar,0.35,413.3333333333333,0.00026105470251250394
PerplexDEW (Davies),isobar,0.35,414.22222222222223,0.00025881489622729925
PerplexDEW (Davies),isobar,0.35,415.1111111111111,0.00025659423158429245
PerplexDEW (Davies),isobar,0.35,416.0,0.0002543795693684637
PerplexDEW (Davies),isobar,0.35,416.8888888888889,0.000252171382966471
PerplexDEW (Davies),isobar,0.35,417.77777777777777,0.0002499971998367528
PerplexDEW (Davies),isobar,0.35,418.66666666666663,0.000247816819646937
PerplexDEW (Davies),isobar,0.35,419.55555555555554,0.0002456712187479631
PerplexDEW (Davies),isobar,0.35,420.44444444444446,0.00024352029476608358
PerplexDEW (Davies),isobar,0.35,421.3333333333333,0.00024139142973139517
PerplexDEW (Davies),isobar,0.35,422.22222222222223,0.00023928496911871085
PerplexDEW (Davies),isobar,0.35,423.1111111111111,0.00023718784443937265
PerplexDEW (Davies),isobar,0.35,424.0,0.00023510044717779953
PerplexDEW (Davies),isobar,0.35,424.8888888888889,0.0002330231597776603
PerplexDEW (Davies),isobar,0.35,425.77777777777777,0.00023096968206742918
PerplexDEW (Davies),isobar,0.35,426.66666666666663,0.00022891369889738186
PerplexDEW (Davies),isobar,0.35,427.55555555555554,0.00022688219089202853
PerplexDEW (Davies),isobar,0.35,428.44444444444446,0.00022486217545764355
PerplexDEW (Davies),isobar,0.35,429.3333333333333,0.00022286720571020537
PerplexDEW (Davies),isobar,0.35,430.22222222222223,0.00022087114201087336
PerplexDEW (Davies),isobar,0.35,431.1111111111111,0.00021888754744150635
PerplexDEW (Davies),isobar,0.35,432.0,0.00021692986039160395
PerplexDEW (Davies),isobar,0.4,356.4,0.018417121421764448
PerplexDEW (Davies),isobar,0.4,357.4222222222222,0.018515979611767902
PerplexDEW (Davies),isobar,0.4,358.4444444444444,0.018612932248651872
PerplexDEW (Davies),isobar,0.4,359.46666666666664,0.018707863817791832
PerplexDEW (Davies),isobar,0.4,360.4888888888889,0.0188006557128634
PerplexDEW (Davies),isobar,0.4,361.51111111111106,0.018891186216516212
PerplexDEW (Davies),isobar,0.4,362.5333333333333,0.018979330484572152
PerplexDEW (Davies),isobar,0.4,363.55555555555554,0.01906494332351236
PerplexDEW (Davies),isobar,0.4,364.5777777777778,0.019147875597497914
PerplexDEW (Davies),isobar,0.4,365.59999999999997,0.019228009435628877
PerplexDEW (Davies),isobar,0.4,366.6222222222222,0.01930511774217658
PerplexDEW (Davies),isobar,0.4,367.64444444444445,0.019379074316862022
PerplexDEW (Davies),isobar,0.4,368.66666666666663,0.019449714182400876
PerplexDEW (Davies),isobar,0.4,369.68888888888887,0.01951679472592226
PerplexDEW (Davies),isobar,0.4,370.7111111111111,0.019580177906143477
PerplexDEW (Davies),isobar,0.4,371.7333333333333,0.019639572746911405
PerplexDEW (Davies),isobar,0.4,372.75555555555553,0.01969475563303968
PerplexDEW (Davies),isobar,0.4,373.77777777777777,0.01974553599170013
PerplexDEW (Davies),isobar,0.4,374.79999999999995,0.019791563846340114
PerplexDEW (Davies),isobar,0.4,375.8222222222222,0.01983259693016824
PerplexDEW (Davies),isobar,0.4,376.84444444444443,0.019868348031643678
PerplexDEW (Davies),isobar,0.4,377.8666666666667,0.019898402692540857
PerplexDEW (Davies),isobar,0.4,378.88888888888886,0.019922497271858103
PerplexDEW (Davies),isobar,0.4,379.9111111111111,0.019940117397275595
PerplexDEW (Davies),isobar,0.4,380.93333333333334,0.01995085858550161
PerplexDEW (Davies),isobar,0.4,381.9555555555555,0.01995430732037556
PerplexDEW (Davies),isobar,0.4,382.97777777777776,0.01994983015906926
PerplexDEW (Davies),isobar,0.4,384.0,0.01993690534616775
PerplexDEW (Davies),isobar,0.4,385.02222222222224,0.001519740973288296
PerplexDEW (Davies),isobar,0.4,386.0444444444444,0.0014749158619702647
PerplexDEW (Davies),isobar,0.4,387.06666666666666,0.0014356215395051198
PerplexDEW (Davies),isobar,0.4,388.0888888888889,0.0014004631198661045
PerplexDEW (Davies),isobar,0.4,389.1111111111111,0.0013687243620625989
PerplexDEW (Davies),isobar,0.4,390.1333333333333,0.0013396976649043396
PerplexDEW (Davies),isobar,0.4,391.15555555555557,0.0013130097963363094
PerplexDEW (Davies),isobar,0.4,392.17777777777775,0.0012882896846842348
PerplexDEW (Davies),isobar,0.4,393.2,0.0012652220746166998
PerplexDEW (Davies),isobar,0.4,394.22222222222223,0.0012436017348581964
PerplexDEW (Davies),isobar,0.4,395.2444444444444,0.0012232230971654509
PerplexDEW (Davies),isobar,0.4,396.26666666666665,0.0012039350299609946
PerplexDEW (Davies),isobar,0.4,397.2888888888889,0.0011856408877351583
PerplexDEW (Davies),isobar,0.4,398.31111111111113,0.0011682433948560173
PerplexDEW (Davies),isobar,0.4,399.3333333333333,0.0011516445437348296
PerplexDEW (Davies),isobar,0.4,400.35555555555555,0.0011357455099089372
PerplexDEW (Davies),isobar,0.4,401.3777777777778,0.0011205021752711307
PerplexDEW (Davies),isobar,0.4,402.4,0.0011058698664303851
PerplexDEW (Davies),isobar,0.4,403.4222222222222,0.0010917475574932704
PerplexDEW (Davies),isobar,0.4,404.44444444444446,0.0010781450072984648
PerplexDEW (Davies),isobar,0.4,405.46666666666664,0.0010649878055233027
PerplexDEW (Davies),isobar,0.4,406.4888888888889,0.001052256827669031
PerplexDEW (Davies),isobar,0.4,407.5111111111111,0.0010398763753210556
PerplexDEW (Davies),isobar,0.4,408.5333333333333,0.0010278825170516295
PerplexDEW (Davies),isobar,0.4,409.55555555555554,0.0010162549564993139
PerplexDEW (Davies),isobar,0.4,410.5777777777778,0.001004916541242421
PerplexDEW (Davies),isobar,0.4,411.6,0.0009938459271129792
PerplexDEW (Davies),isobar,0.4,412.6222222222222,0.0009830780781271914
PerplexDEW (Davies),isobar,0.4,413.64444444444445,0.0009725628396430254
PerplexDEW (Davies),isobar,0.4,414.6666666666667,0.0009623063768160246
PerplexDEW (Davies),isobar,0.4,415.68888888888887,0.0009522577518491029
PerplexDEW (Davies),isobar,0.4,416.7111111111111,0.0009424225546831435
PerplexDEW (Davies),isobar,0.4,417.73333333333335,0.0009328062356102302
PerplexDEW (Davies),isobar,0.4,418.75555555555553,0.000923356894090039
PerplexDEW (Davies),isobar,0.4,419.77777777777777,0.0009140794548678678
PerplexDEW (Davies),isobar,0.4,420.8,0.0009050074073809681
PerplexDEW (Davies),isobar,0.4,421.8222222222222,0.0008961168218976199
PerplexDEW (Davies),isobar,0.4,422.84444444444443,0.0008873259564226954
PerplexDEW (Davies),isobar,0.4,423.8666666666667,0.0008787253214354349
PerplexDEW (Davies),isobar,0.4,424.8888888888889,0.0008702615673945306
PerplexDEW (Davies),isobar,0.4,425.9111111111111,0.00086190982434608
PerplexDEW (Davies),isobar,0.4,426.93333333333334,0.0008537027970372372
PerplexDEW (Davies),isobar,0.4,427.9555555555556,0.0008456153501065638
PerplexDEW (Davies),isobar,0.4,428.97777777777776,0.0008376800565525331
PerplexDEW (Davies),isobar,0.4,430.0,0.0008298425299403821
PerplexDEW (Davies),isobar,0.4,431.02222222222224,0.0008221061071517262
PerplexDEW (Davies),isobar,0.4,432.0444444444445,0.0008144740414531983
PerplexDEW (Davies),isobar,0.4,433.06666666666666,0.0008069204337827697
PerplexDEW (Davies),isobar,0.4,434.0888888888889,0.0007995064858458844
PerplexDEW (Davies),isobar,0.4,435.1111111111111,0.0007921770445232651
PerplexDEW (Davies),isobar,0.4,436.1333333333333,0.0007849349730992303
PerplexDEW (Davies),isobar,0.4,437.15555555555557,0.0007777539137789868
PerplexDEW (Davies),isobar,0.4,438.1777777777778,0.0007706948633285268
PerplexDEW (Davies),isobar,0.4,439.2,0.0007637021575358948
PerplexDEW (Davies),isobar,0.4,440.22222222222223,0.0007568075201352205
PerplexDEW (Davies),isobar,0.4,441.24444444444447,0.0007499842529939274
PerplexDEW (Davies),isobar,0.4,442.26666666666665,0.0007432347586647797
PerplexDEW (Davies),isobar,0.4,443.2888888888889,0.0007365613770610576
PerplexDEW (Davies),isobar,0.4,444.31111111111113,0.0007299371602778243
PerplexDEW (Davies),isobar,0.4,445.33333333333337,0.0007234227690950312
PerplexDEW (Davies),isobar,0.4,446.35555555555555,0.0007169619043908158
PerplexDEW (Davies),isobar,0.4,447.3777777777778,0.0007105566522963413
PerplexDEW (Davies),isobar,0.4,448.4,0.0007042090469024895
PerplexDEW (Davies),isobar,0.4,449.4222222222222,0.0006979503024649598
PerplexDEW (Davies),isobar,0.4,450.44444444444446,0.0006917238803103113
PerplexDEW (Davies),isobar,0.4,451.4666666666667,0.0006855901166158217
PerplexDEW (Davies),isobar,0.4,452.4888888888889,0.0006794923824770366
PerplexDEW (Davies),isobar,0.4,453.5111111111111,0.0006734616813520983
PerplexDEW (Davies),isobar,0.4,454.53333333333336,0.0006674705363267238
PerplexDEW (Davies),isobar,0.4,455.55555555555554,0.0006615498410017159
PerplexDEW (Davies),isobar,0.4,456.5777777777778,0.0006557012202876695
PerplexDEW (Davies),isobar,0.4,457.6,0.0006498970870850343
PerplexDEW (Davies),isobar,0.5,305.85,0.012970022301431556
PerplexDEW (Davies),isobar,0.5,308.3277777777778,0.013275560977019032
PerplexDEW (Davies),isobar,0.5,310.8055555555556,0.013584444647435759
PerplexDEW (Davies),isobar,0.5,313.28333333333336,0.013896499408505436
PerplexDEW (Davies),isobar,0.5,315.7611111111111,0.014211545866896233
PerplexDEW (Davies),isobar,0.5,318.23888888888894,0.014529380485822333
PerplexDEW (Davies),isobar,0.5,320.7166666666667,0.014849778490019986
PerplexDEW (Davies),isobar,0.5,323.19444444444446,0.01517250808563249
PerplexDEW (Davies),isobar,0.5,325.6722222222222,0.015497309842511143
PerplexDEW (Davies),isobar,0.5,328.15000000000003,0.015823883191690175
PerplexDEW (Davies),isobar,0.5,330.6277777777778,0.016151951174689046
PerplexDEW (Davies),isobar,0.5,333.10555555555555,0.016481148157450463
PerplexDEW (Davies),isobar,0.5,335.58333333333337,0.016811130496871572
PerplexDEW (Davies),isobar,0.5,338.06111111111113,0.01714149473980619
PerplexDEW (Davies),isobar,0.5,340.5388888888889,0.01747183611244594
PerplexDEW (Davies),isobar,0.5,343.0166666666667,0.01780167102583101
PerplexDEW (Davies),isobar,0.5,345.49444444444447,0.018130524888263614
PerplexDEW (Davies),isobar,0.5,347.97222222222223,0.01845783748349382
PerplexDEW (Davies),isobar,0.5,350.45000000000005,0.01878305632271187
PerplexDEW (Davies),isobar,0.5,352.9277777777778,0.01910550588599665
PerplexDEW (Davies),isobar,0.5,355.40555555555557,0.019424748984301264
PerplexDEW (Davies),isobar,0.5,357.8833333333333,0.019739620568896436
PerplexDEW (Davies),isobar,0.5,360.36111111111114,0.020049520192564844
PerplexDEW (Davies),isobar,0.5,362.8388888888889,0.020353562228709488
PerplexDEW (Davies),isobar,0.5,365.31666666666666,0.020650808442157356
PerplexDEW (Davies),isobar,0.5,367.7944444444445,0.020940194839774322
PerplexDEW (Davies),isobar,0.5,370.27222222222224,0.021220594516932662
PerplexDEW (Davies),isobar,0.5,372.75,0.02149077849196345
PerplexDEW (Davies),isobar,0.5,375.22777777777776,0.02174937048861376
PerplexDEW (Davies),isobar,0.5,377.7055555555556,0.021994855672526695
PerplexDEW (Davies),isobar,0.5,380.18333333333334,0.02222559265131172
PerplexDEW (Davies),isobar,0.5,382.66111111111115,0.022439723084196176
PerplexDEW (Davies),isobar,0.5,385.1388888888889,0.022635198986711815
PerplexDEW (Davies),isobar,0.5,387.6166666666667,0.02280975032670915
PerplexDEW (Davies),isobar,0.5,390.09444444444443,0.022960804463628276
PerplexDEW (Davies),isobar,0.5,392.57222222222225,0.023085373286479447
PerplexDEW (Davies),isobar,0.5,395.05,0.023180217110420454
PerplexDEW (Davies),isobar,0.5,397.52777777777777,0.023241497777494777
PerplexDEW (Davies),isobar,0.5,400.0055555555556,0.023264690575205426
PerplexDEW (Davies),isobar,0.5,402.48333333333335,0.023244651133179587
PerplexDEW (Davies),isobar,0.5,404.9611111111111,0.023175023218852762
PerplexDEW (Davies),isobar,0.5,407.43888888888887,0.023048396416394317
PerplexDEW (Davies),isobar,0.5,409.9166666666667,0.022855205837184693
PerplexDEW (Davies),isobar,0.5,412.39444444444445,0.02258367042106272
PerplexDEW (Davies),isobar,0.5,414.87222222222226,0.022218065866882367
PerplexDEW (Davies),isobar,0.5,417.35,0.021737050532158415
PerplexDEW (Davies),isobar,0.5,419.8277777777778,0.02110997996611744
PerplexDEW (Davies),isobar,0.5,422.30555555555554,0.020288918324704287
PerplexDEW (Davies),isobar,0.5,424.7833333333333,0.019190655348162073
PerplexDEW (Davies),isobar,0.5,427.2611111111111,0.01764318545834527
PerplexDEW (Davies),isobar,0.5,429.7388888888889,0.015138337918666502
PerplexDEW (Davies),isobar,0.5,432.2166666666667,0.009692197536078384
PerplexDEW (Davies),isobar,0.5,434.69444444444446,0.007255059005150302
PerplexDEW (Davies),isobar,0.5,437.1722222222222,0.006341502646026496
PerplexDEW (Davies),isobar,0.5,439.65,0.005792999990820759
PerplexDEW (Davies),isobar,0.5,442.1277777777778,0.005406198884103036
PerplexDEW (Davies),isobar,0.5,444.60555555555555,0.005110435119757831
PerplexDEW (Davies),isobar,0.5,447.08333333333337,0.004872362774726821
PerplexDEW (Davies),isobar,0.5,449.56111111111113,0.0046739841141323355
PerplexDEW (Davies),isobar,0.5,452.0388888888889,0.004504107557619925
PerplexDEW (Davies),isobar,0.5,454.51666666666665,0.004356112483714222
PerplexDEW (Davies),isobar,0.5,456.9944444444444,0.0042247743045423685
PerplexDEW (Davies),isobar,0.5,459.47222222222223,0.004106935597307936
PerplexDEW (Davies),isobar,0.5,461.95,0.003999878526774189
PerplexDEW (Davies),isobar,0.5,464.4277777777778,0.0039018259994237636
PerplexDEW (Davies),isobar,0.5,466.90555555555557,0.0038113078503719624
PerplexDEW (Davies),isobar,0.5,469.3833333333333,0.003727093046960852
PerplexDEW (Davies),isobar,0.5,471.8611111111111,0.0036484200231377793
PerplexDEW (Davies),isobar,0.5,474.33888888888885,0.0035743391592500348
PerplexDEW (Davies),isobar,0.5,476.81666666666666,0.0035043865298949894
PerplexDEW (Davies),isobar,0.5,479.2944444444445,0.0034379937176799817
PerplexDEW (Davies),isobar,0.5,481.77222222222224,0.0033747922951067716
PerplexDEW (Davies),isobar,0.5,484.25,0.0033143900484164943
PerplexDEW (Davies),isobar,0.5,486.72777777777776,0.0032565275619394914
PerplexDEW (Davies),isobar,0.5,489.2055555555555,0.003200847864344741
PerplexDEW (Davies),isobar,0.5,491.68333333333334,0.0031472115891929267
PerplexDEW (Davies),isobar,0.5,494.1611111111111,0.0030954659942847734
PerplexDEW (Davies),isobar,0.5,496.6388888888889,0.0030453646072007893
PerplexDEW (Davies),isobar,0.5,499.1166666666667,0.002996889366199407
PerplexDEW (Davies),isobar,0.5,501.59444444444443,0.0029496874199075192
PerplexDEW (Davies),isobar,0.5,504.0722222222222,0.0029038827829910778
PerplexDEW (Davies),isobar,0.5,506.54999999999995,0.0028592652806113824
PerplexDEW (Davies),isobar,0.5,509.02777777777777,0.0028157797437028203
PerplexDEW (Davies),isobar,0.5,511.5055555555556,0.002773363950523315
PerplexDEW (Davies),isobar,0.5,513.9833333333333,0.002731864805804785
PerplexDEW (Davies),isobar,0.5,516.4611111111111,0.0026912899160531412
PerplexDEW (Davies),isobar,0.5,518.9388888888889,0.0026516423355763276
PerplexDEW (Davies),isobar,0.5,521.4166666666666,0.0026127501122458854
PerplexDEW (Davies),isobar,0.5,523.8944444444444,0.0025746052930459115
PerplexDEW (Davies),isobar,0.5,526.3722222222223,0.0025372819375698136
PerplexDEW (Davies),isobar,0.5,528.85,0.002500592569638089
PerplexDEW (Davies),isobar,0.5,531.3277777777778,0.0024646033152745097
PerplexDEW (Davies),isobar,0.5,533.8055555555555,0.002429291071949635
PerplexDEW (Davies),isobar,0.5,536.2833333333333,0.0023945420721215036
PerplexDEW (Davies),isobar,0.5,538.7611111111111,0.002360413216023105
PerplexDEW (Davies),isobar,0.5,541.2388888888888,0.0023268277541057974
PerplexDEW (Davies),isobar,0.5,543.7166666666667,0.0022937934888361774
PerplexDEW (Davies),isobar,0.5,546.1944444444445,0.002261315891007742
PerplexDEW (Davies),isobar,0.5,548.6722222222222,0.0022293539877654206
PerplexDEW (Davies),isobar,0.5,551.15,0.0021979085491327303
PerplexDEW (Davies),isobar,0.6,390.8,0.025210764557560366
PerplexDEW (Davies),isobar,0.6,393.06666666666666,0.025465958037134705
PerplexDEW (Davies),isobar,0.6,395.33333333333337,0.025709219479533585
PerplexDEW (Davies),isobar,0.6,397.6,0.025939391497147565
PerplexDEW (Davies),isobar,0.6,399.8666666666667,0.026155166581883386
PerplexDEW (Davies),isobar,0.6,402.1333333333333,0.026355284008979244
PerplexDEW (Davies),isobar,0.6,404.40000000000003,0.02653827715651822
PerplexDEW (Davies),isobar,0.6,406.6666666666667,0.026702511908643835
PerplexDEW (Davies),isobar,0.6,408.93333333333334,0.026846398915230028
PerplexDEW (Davies),isobar,0.6,411.2,0.026968011922539854
PerplexDEW (Davies),isobar,0.6,413.4666666666667,0.02706540916907569
PerplexDEW (Davies),isobar,0.6,415.73333333333335,0.027136408515681148
PerplexDEW (Davies),isobar,0.6,418.0,0.02717869699892962
PerplexDEW (Davies),isobar,0.6,420.2666666666667,0.02718971118931771
PerplexDEW (Davies),isobar,0.6,422.53333333333336,0.0271666938291269
PerplexDEW (Davies),isobar,0.6,424.8,0.027106506462576032
PerplexDEW (Davies),isobar,0.6,427.06666666666666,0.02700581507582302
PerplexDEW (Davies),isobar,0.6,429.33333333333337,0.02686117031055848
PerplexDEW (Davies),isobar,0.6,431.6,0.026668299581249874
PerplexDEW (Davies),isobar,0.6,433.8666666666667,0.02642290212344843
PerplexDEW (Davies),isobar,0.6,436.1333333333333,0.026120293249148465
PerplexDEW (Davies),isobar,0.6,438.40000000000003,0.02575531012360006
PerplexDEW (Davies),isobar,0.6,440.6666666666667,0.025322372697887237
PerplexDEW (Davies),isobar,0.6,442.93333333333334,0.024816283191151048
PerplexDEW (Davies),isobar,0.6,445.20000000000005,0.02423110089993048
PerplexDEW (Davies),isobar,0.6,447.4666666666667,0.023562148523610757
PerplexDEW (Davies),isobar,0.6,449.73333333333335,0.022806385563141508
PerplexDEW (Davies),isobar,0.6,452.0,0.02196376803424112
PerplexDEW (Davies),isobar,0.6,454.2666666666667,0.02103994257419022
PerplexDEW (Davies),isobar,0.6,456.53333333333336,0.020048516018098563
PerplexDEW (Davies),isobar,0.6,458.8,0.0190136460365962
PerplexDEW (Davies),isobar,0.6,461.0666666666667,0.017969318809120567
PerplexDEW (Davies),isobar,0.6,463.33333333333337,0.01695421432143017
PerplexDEW (Davies),isobar,0.6,465.6,0.01600337984325069
PerplexDEW (Davies),isobar,0.6,467.8666666666667,0.015139183765242762
PerplexDEW (Davies),isobar,0.6,470.1333333333333,0.014371343941556747
PerplexDEW (Davies),isobar,0.6,472.40000000000003,0.013697637496745943
PerplexDEW (Davies),isobar,0.6,474.6666666666667,0.013109778721645652
PerplexDEW (Davies),isobar,0.6,476.9333333333334,0.012596344343435739
PerplexDEW (Davies),isobar,0.6,479.20000000000005,0.012147016261485968
PerplexDEW (Davies),isobar,0.6,481.4666666666667,0.011751431132743751
PerplexDEW (Davies),isobar,0.6,483.73333333333335,0.011400974248396395
PerplexDEW (Davies),isobar,0.6,486.0,0.01108861380529014
PerplexDEW (Davies),isobar,0.6,488.2666666666667,0.0108081621721154
PerplexDEW (Davies),isobar,0.6,490.53333333333336,0.010555053622310294
PerplexDEW (Davies),isobar,0.6,492.8,0.01032504969880604
PerplexDEW (Davies),isobar,0.6,495.0666666666667,0.010114818023326436
PerplexDEW (Davies),isobar,0.6,497.33333333333337,0.009921662392680455
PerplexDEW (Davies),isobar,0.6,499.6,0.009743385132471126
PerplexDEW (Davies),isobar,0.6,501.8666666666667,0.009578024264004401
PerplexDEW (Davies),isobar,0.6,504.1333333333334,0.009423975943139316
PerplexDEW (Davies),isobar,0.6,506.40000000000003,0.009279865447847192
PerplexDEW (Davies),isobar,0.6,508.6666666666667,0.009144414894724557
PerplexDEW (Davies),isobar,0.6,510.9333333333334,0.009016844306710398
PerplexDEW (Davies),isobar,0.6,513.2,0.00889607582249187
PerplexDEW (Davies),isobar,0.6,515.4666666666667,0.008781401269719677
PerplexDEW (Davies),isobar,0.6,517.7333333333333,0.008672360005122726
PerplexDEW (Davies),isobar,0.6,520.0,0.008568329034798839
PerplexDEW (Davies),isobar,0.6,522.2666666666667,0.008468796592648275
PerplexDEW (Davies),isobar,0.6,524.5333333333333,0.008373223912939494
PerplexDEW (Davies),isobar,0.6,526.8000000000001,0.008281333024933482
PerplexDEW (Davies),isobar,0.6,529.0666666666667,0.008192974009381557
PerplexDEW (Davies),isobar,0.6,531.3333333333334,0.008107539999283923
PerplexDEW (Davies),isobar,0.6,533.6,0.008024839739614858
PerplexDEW (Davies),isobar,0.6,535.8666666666667,0.007944817783878557
PerplexDEW (Davies),isobar,0.6,538.1333333333334,0.007867104214334177
PerplexDEW (Davies),isobar,0.6,540.4000000000001,0.007791460765382543
PerplexDEW (Davies),isobar,0.6,542.6666666666667,0.00771794345282017
PerplexDEW (Davies),isobar,0.6,544.9333333333334,0.007646289532006946
PerplexDEW (Davies),isobar,0.6,547.2,0.007576219072151045
PerplexDEW (Davies),isobar,0.6,549.4666666666667,0.007507914582528782
PerplexDEW (Davies),isobar,0.6,551.7333333333333,0.00744091329901389
PerplexDEW (Davies),isobar,0.6,554.0,0.007375461900522316
PerplexDEW (Davies),isobar,0.6,556.2666666666667,0.007311317004158219
PerplexDEW (Davies),isobar,0.6,558.5333333333333,0.00724822050588855
PerplexDEW (Davies),isobar,0.6,560.8000000000001,0.007186401192951036
PerplexDEW (Davies),isobar,0.6,563.0666666666667,0.007125668807802714
PerplexDEW (Davies),isobar,0.6,565.3333333333334,0.0070658212787571
PerplexDEW (Davies),isobar,0.6,567.6,0.007006987560755741
PerplexDEW (Davies),isobar,0.6,569.8666666666667,0.006949123240255221
PerplexDEW (Davies),isobar,0.6,572.1333333333334,0.006892003639270049
PerplexDEW (Davies),isobar,0.6,574.4000000000001,0.006835743397083361
PerplexDEW (Davies),isobar,0.6,576.6666666666667,0.0067803680154189215
PerplexDEW (Davies),isobar,0.6,578.9333333333334,0.006725632481255605
PerplexDEW (Davies),isobar,0.6,581.2,0.0066716391794268155
PerplexDEW (Davies),isobar,0.6,583.4666666666667,0.006618309088387214
PerplexDEW (Davies),isobar,0.6,585.7333333333333,0.0065656481675248814
PerplexDEW (Davies),isobar,0.6,588.0,0.006513567492861038
PerplexDEW (Davies),isobar,0.6,590.2666666666667,0.0064621565878369095
PerplexDEW (Davies),isobar,0.6,592.5333333333334,0.006411318651042587
PerplexDEW (Davies),isobar,0.6,594.8000000000001,0.006361137797409842
PerplexDEW (Davies),isobar,0.6,597.0666666666667,0.006311321766765469
PerplexDEW (Davies),isobar,0.6,599.3333333333334,0.0062621348113418894
PerplexDEW (Davies),isobar,0.6,601.6,0.0062134648865049364
PerplexDEW (Davies),isobar,0.6,603.8666666666667,0.006165385642005632
PerplexDEW (Davies),isobar,0.6,606.1333333333334,0.0061176816442782235
PerplexDEW (Davies),isobar,0.6,608.4000000000001,0.006070516514254759
PerplexDEW (Davies),isobar,0.6,610.6666666666667,0.006023763824932797
PerplexDEW (Davies),isobar,0.6,612.9333333333334,0.0059774873848590674
PerplexDEW (Davies),isobar,0.6,615.2,0.005931750167345894
PerplexDEW (Davies),isobar,0.75,318.55,0.015541250235630862
PerplexDEW (Davies),isobar,0.75,321.09444444444443,0.015920628073580315
PerplexDEW (Davies),isobar,0.75,323.6388888888889,0.016305231803059247
PerplexDEW (Davies),isobar,0.75,326.18333333333334,0.016694952537109318
PerplexDEW (Davies),isobar,0.75,328.7277777777778,0.017089681197708047
PerplexDEW (Davies),isobar,0.75,331.27222222222224,0.017489281353110116
PerplexDEW (Davies),isobar,0.75,333.81666666666666,0.017893615527553808
PerplexDEW (Davies),isobar,0.75,336.36111111111114,0.018302522276990436
PerplexDEW (Davies),isobar,0.75,338.90555555555557,0.0187158389244151
PerplexDEW (Davies),isobar,0.75,341.45,0.019133364182842505
PerplexDEW (Davies),isobar,0.75,343.99444444444447,0.019554927134464037
PerplexDEW (Davies),isobar,0.75,346.5388888888889,0.01998027677315435
PerplexDEW (Davies),isobar,0.75,349.08333333333337,0.020409206032904054
PerplexDEW (Davies),isobar,0.75,351.6277777777778,0.02084145096262939
PerplexDEW (Davies),isobar,0.75,354.1722222222222,0.021276744075631224
PerplexDEW (Davies),isobar,0.75,356.7166666666667,0.021714836254772735
PerplexDEW (Davies),isobar,0.75,359.2611111111111,0.022155332445479767
PerplexDEW (Davies),isobar,0.75,361.80555555555554,0.02259795000590752
PerplexDEW (Davies),isobar,0.75,364.35,0.023042338468550156
PerplexDEW (Davies),isobar,0.75,366.89444444444445,0.023488109138501852
PerplexDEW (Davies),isobar,0.75,369.4388888888889,0.02393485000319255
PerplexDEW (Davies),isobar,0.75,371.98333333333335,0.024382162363218725
PerplexDEW (Davies),isobar,0.75,374.52777777777777,0.024829569661869645
PerplexDEW (Davies),isobar,0.75,377.07222222222225,0.025276587702258956
PerplexDEW (Davies),isobar,0.75,379.6166666666667,0.02572270643932787
PerplexDEW (Davies),isobar,0.75,382.16111111111115,0.026167389385488175
PerplexDEW (Davies),isobar,0.75,384.7055555555556,0.02661005150946355
PerplexDEW (Davies),isobar,0.75,387.25,0.027050099947592207
PerplexDEW (Davies),isobar,0.75,389.7944444444445,0.027486868191949024
PerplexDEW (Davies),isobar,0.75,392.3388888888889,0.027919702952766582
PerplexDEW (Davies),isobar,0.75,394.8833333333333,0.028347873772115766
PerplexDEW (Davies),isobar,0.75,397.4277777777778,0.028770615560881407
PerplexDEW (Davies),isobar,0.75,399.97222222222223,0.02918712814126433
PerplexDEW (Davies),isobar,0.75,402.5166666666667,0.0295965758866806
PerplexDEW (Davies),isobar,0.75,405.06111111111113,0.029998060666043262
PerplexDEW (Davies),isobar,0.75,407.6055555555556,0.03039070071877628
PerplexDEW (Davies),isobar,0.75,410.15000000000003,0.030773440097120228
PerplexDEW (Davies),isobar,0.75,412.69444444444446,0.031145320380907757
PerplexDEW (Davies),isobar,0.75,415.23888888888894,0.031505231743862244
PerplexDEW (Davies),isobar,0.75,417.78333333333336,0.03185208141736473
PerplexDEW (Davies),isobar,0.75,420.3277777777778,0.032184645656622136
PerplexDEW (Davies),isobar,0.75,422.87222222222226,0.0325016872197882
PerplexDEW (Davies),isobar,0.75,425.4166666666667,0.03280202593964822
PerplexDEW (Davies),isobar,0.75,427.9611111111111,0.03308424980808469
PerplexDEW (Davies),isobar,0.75,430.5055555555556,0.03334696831383364
PerplexDEW (Davies),isobar,0.75,433.05,0.03358875229263883
PerplexDEW (Davies),isobar,0.75,435.59444444444443,0.033808208740717736
PerplexDEW (Davies),isobar,0.75,438.1388888888889,0.0340038451659236
PerplexDEW (Davies),isobar,0.75,440.6833333333334,0.03417399046178899
PerplexDEW (Davies),isobar,0.75,443.2277777777778,0.034317244205742614
PerplexDEW (Davies),isobar,0.75,445.77222222222224,0.03443196562352449
PerplexDEW (Davies),isobar,0.75,448.3166666666667,0.03451657571667076
PerplexDEW (Davies),isobar,0.75,450.86111111111114,0.03456957235797094
PerplexDEW (Davies),isobar,0.75,453.40555555555557,0.03458954606058022
PerplexDEW (Davies),isobar,0.75,455.95000000000005,0.034574942474612444
PerplexDEW (Davies),isobar,0.75,458.49444444444447,0.034524659305152486
PerplexDEW (Davies),isobar,0.75,461.0388888888889,0.03443748047969472
PerplexDEW (Davies),isobar,0.75,463.58333333333337,0.034312427207086396
PerplexDEW (Davies),isobar,0.75,466.1277777777778,0.034149143408771405
PerplexDEW (Davies),isobar,0.75,468.6722222222222,0.03394684495801416
PerplexDEW (Davies),isobar,0.75,471.2166666666667,0.03370614561680268
PerplexDEW (Davies),isobar,0.75,473.7611111111112,0.033427078805962795
PerplexDEW (Davies),isobar,0.75,476.30555555555554,0.03311114445276929
PerplexDEW (Davies),isobar,0.75,478.85,0.03275965069885019
PerplexDEW (Davies),isobar,0.75,481.3944444444445,0.032375236470950836
PerplexDEW (Davies),isobar,0.75,483.9388888888889,0.03196093126233105
PerplexDEW (Davies),isobar,0.75,486.48333333333335,0.03151993987035969
PerplexDEW (Davies),isobar,0.75,489.0277777777778,0.03105680639939447
PerplexDEW (Davies),isobar,0.75,491.57222222222225,0.030576219161074572
PerplexDEW (Davies),isobar,0.75,494.1166666666667,0.030083171499151906
PerplexDEW (Davies),isobar,0.75,496.66111111111115,0.02958272641329352
PerplexDEW (Davies),isobar,0.75,499.2055555555556,0.029080388749653963
PerplexDEW (Davies),isobar,0.75,501.75,0.028580657106758042
PerplexDEW (Davies),isobar,0.75,504.2944444444445,0.028088009006358747
PerplexDEW (Davies),isobar,0.75,506.83888888888896,0.02760668807454602
PerplexDEW (Davies),isobar,0.75,509.3833333333333,0.027140082519628354
PerplexDEW (Davies),isobar,0.75,511.9277777777778,0.02669030461447198
PerplexDEW (Davies),isobar,0.75,514.4722222222223,0.02625943277759315
PerplexDEW (Davies),isobar,0.75,517.0166666666667,0.025848693670394402
PerplexDEW (Davies),isobar,0.75,519.5611111111111,0.025459095613858423
PerplexDEW (Davies),isobar,0.75,522.1055555555556,0.025090383683315287
PerplexDEW (Davies),isobar,0.75,524.6500000000001,0.0247425131016472
PerplexDEW (Davies),isobar,0.75,527.1944444444445,0.024415024331550184
PerplexDEW (Davies),isobar,0.75,529.7388888888889,0.024107255171747076
PerplexDEW (Davies),isobar,0.75,532.2833333333333,0.02381812093788663
PerplexDEW (Davies),isobar,0.75,534.8277777777778,0.02354654000070359
PerplexDEW (Davies),isobar,0.75,537.3722222222223,0.02329187795694867
PerplexDEW (Davies),isobar,0.75,539.9166666666667,0.023052845099498384
PerplexDEW (Davies),isobar,0.75,542.4611111111111,0.02282836827511779
PerplexDEW (Davies),isobar,0.75,545.0055555555556,0.022617368215423296
PerplexDEW (Davies),isobar,0.75,547.5500000000001,0.022418986111314813
PerplexDEW (Davies),isobar,0.75,550.0944444444444,0.022232122433256313
PerplexDEW (Davies),isobar,0.75,552.6388888888889,0.02205589234789096
PerplexDEW (Davies),isobar,0.75,555.1833333333334,0.02188963367294716
PerplexDEW (Davies),isobar,0.75,557.7277777777779,0.021732430305174258
PerplexDEW (Davies),isobar,0.75,560.2722222222222,0.021583830401240862
PerplexDEW (Davies),isobar,0.75,562.8166666666667,0.021442626400916227
PerplexDEW (Davies),isobar,0.75,565.3611111111111,0.021308569680103914
PerplexDEW (Davies),isobar,0.75,567.9055555555556,0.021181152005947734
PerplexDEW (Davies),isobar,0.75,570.45,0.021059585702557684
PerplexDEW (Davies),isobar,1.0,25.0,0.00022217265482116214
PerplexDEW (Davies),isobar,1.0,30.55808080808081,0.00024506480740900546
PerplexDEW (Davies),isobar,1.0,36.11616161616162,0.0002708630566116859
PerplexDEW (Davies),isobar,1.0,41.67424242424242,0.000299739779687725
PerplexDEW (Davies),isobar,1.0,47.23232323232323,0.00033190512511420796
PerplexDEW (Davies),isobar,1.0,52.79040404040404,0.00036759912885372134
PerplexDEW (Davies),isobar,1.0,58.348484848484844,0.00040708780516869435
PerplexDEW (Davies),isobar,1.0,63.906565656565654,0.00045066099184894604
PerplexDEW (Davies),isobar,1.0,69.46464646464646,0.0004986313310407788
PerplexDEW (Davies),isobar,1.0,75.02272727272728,0.0005513337920299406
PerplexDEW (Davies),isobar,1.0,80.58080808080808,0.0006091256542165362
PerplexDEW (Davies),isobar,1.0,86.13888888888889,0.000672386402120575
PerplexDEW (Davies),isobar,1.0,91.69696969696969,0.0007415180518894403
PerplexDEW (Davies),isobar,1.0,97.2550505050505,0.0008169456175971429
PerplexDEW (Davies),isobar,1.0,102.81313131313131,0.0008991170367995607
PerplexDEW (Davies),isobar,1.0,108.37121212121212,0.0009885039932731319
PerplexDEW (Davies),isobar,1.0,113.92929292929293,0.001085601798033479
PerplexDEW (Davies),isobar,1.0,119.48737373737373,0.0011909299847472474
PerplexDEW (Davies),isobar,1.0,125.04545454545455,0.0013050325690874126
PerplexDEW (Davies),isobar,1.0,130.60353535353534,0.0014284779912102396
PerplexDEW (Davies),isobar,1.0,136.16161616161617,0.0015618595001289843
PerplexDEW (Davies),isobar,1.0,141.71969696969697,0.0017057949025394237
PerplexDEW (Davies),isobar,1.0,147.27777777777777,0.0018609268629242116
PerplexDEW (Davies),isobar,1.0,152.8358585858586,0.0020279224259638017
PerplexDEW (Davies),isobar,1.0,158.39393939393938,0.0022074728149438214
PerplexDEW (Davies),isobar,1.0,163.9520202020202,0.0024002934135473313
PerplexDEW (Davies),isobar,1.0,169.510101010101,0.0026071220830929903
PerplexDEW (Davies),isobar,1.0,175.0681818181818,0.0028287193785660886
PerplexDEW (Davies),isobar,1.0,180.62626262626262,0.0030658677624102494
PerplexDEW (Davies),isobar,1.0,186.18434343434342,0.003319369643231408
PerplexDEW (Davies),isobar,1.0,191.74242424242425,0.003590046506298608
PerplexDEW (Davies),isobar,1.0,197.30050505050505,0.0038787373543248903
PerplexDEW (Davies),isobar,1.0,202.85858585858585,0.004186296456002709
PerplexDEW (Davies),isobar,1.0,208.41666666666666,0.004513592042388756
PerplexDEW (Davies),isobar,1.0,213.97474747474746,0.004861503614333386
PerplexDEW (Davies),isobar,1.0,219.5328282828283,0.005230918122246812
PerplexDEW (Davies),isobar,1.0,225.0909090909091,0.00562272900146182
PerplexDEW (Davies),isobar,1.0,230.6489898989899,0.006037831958253935
PerplexDEW (Davies),isobar,1.0,236.2070707070707,0.006477119780075753
PerplexDEW (Davies),isobar,1.0,241.7651515151515,0.006941480888445643
PerplexDEW (Davies),isobar,1.0,247.32323232323233,0.007431792811831497
PerplexDEW (Davies),isobar,1.0,252.88131313131314,0.007948917875373634
PerplexDEW (Davies),isobar,1.0,258.43939393939394,0.008493697805055826
PerplexDEW (Davies),isobar,1.0,263.9974747474747,
PerplexDEW (Davies),isobar,1.0,269.55555555555554,0.009669450472087166
PerplexDEW (Davies),isobar,1.0,275.1136363636364,0.01030194970134258
PerplexDEW (Davies),isobar,1.0,280.6717171717172,0.010965138614091093
PerplexDEW (Davies),isobar,1.0,286.229797979798,0.011659657434735323
PerplexDEW (Davies),isobar,1.0,291.78787878787875,0.01238608106067883
PerplexDEW (Davies),isobar,1.0,297.3459595959596,0.013144914700639589
PerplexDEW (Davies),isobar,1.0,302.9040404040404,0.013936571829446832
PerplexDEW (Davies),isobar,1.0,308.4621212121212,0.014761381158661362
PerplexDEW (Davies),isobar,1.0,314.020202020202,0.015619556702694479
PerplexDEW (Davies),isobar,1.0,319.5782828282828,0.016511206260863456
PerplexDEW (Davies),isobar,1.0,325.1363636363636,0.017436291999557686
PerplexDEW (Davies),isobar,1.0,330.69444444444446,0.01839464449087342
PerplexDEW (Davies),isobar,1.0,336.25252525252523,0.019385935570631813
PerplexDEW (Davies),isobar,1.0,341.81060606060606,0.020409643736984614
PerplexDEW (Davies),isobar,1.0,347.36868686868684,0.02146509300432909
PerplexDEW (Davies),isobar,1.0,352.92676767676767,0.022551361432304597
PerplexDEW (Davies),isobar,1.0,358.4848484848485,0.023667335431005264
PerplexDEW (Davies),isobar,1.0,364.0429292929293,0.024811653609792664
PerplexDEW (Davies),isobar,1.0,369.6010101010101,0.025982667621828905
PerplexDEW (Davies),isobar,1.0,375.1590909090909,0.027178490351691707
PerplexDEW (Davies),isobar,1.0,380.7171717171717,0.028396909568829565
PerplexDEW (Davies),isobar,1.0,386.27525252525254,0.029635412831018934
PerplexDEW (Davies),isobar,1.0,391.8333333333333,0.03089115089244143
PerplexDEW (Davies),isobar,1.0,397.39141414141415,0.03216093021499117
PerplexDEW (Davies),isobar,1.0,402.9494949494949,0.033441171341496316
PerplexDEW (Davies),isobar,1.0,408.50757575757575,0.03472795549765143
PerplexDEW (Davies),isobar,1.0,414.0656565656566,0.03601692093888384
PerplexDEW (Davies),isobar,1.0,419.62373737373736,0.037303389957882745
PerplexDEW (Davies),isobar,1.0,425.1818181818182,0.038582189360108377
PerplexDEW (Davies),isobar,1.0,430.73989898989896,0.03984789517735458
PerplexDEW (Davies),isobar,1.0,436.2979797979798,0.041094584924219496
PerplexDEW (Davies),isobar,1.0,441.8560606060606,0.04231608226906854
PerplexDEW (Davies),isobar,1.0,447.4141414141414,0.04350596495330534
PerplexDEW (Davies),isobar,1.0,452.97222222222223,0.04465744040940679
PerplexDEW (Davies),isobar,1.0,458.530303030303,0.04576371826638188
PerplexDEW (Davies),isobar,1.0,464.08838383838383,0.046817881056197386
PerplexDEW (Davies),isobar,1.0,469.64646464646466,0.04781324402444739
PerplexDEW (Davies),isobar,1.0,475.20454545454544,0.04874318267846556
PerplexDEW (Davies),isobar,1.0,480.76262626262627,0.04960180967813114
PerplexDEW (Davies),isobar,1.0,486.32070707070704,0.05038367902214241
PerplexDEW (Davies),isobar,1.0,491.8787878787879,0.051084609863154676
PerplexDEW (Davies),isobar,1.0,497.43686868686865,0.05170120369121852
PerplexDEW (Davies),isobar,1.0,502.9949494949495,0.05223184947902201
PerplexDEW (Davies),isobar,1.0,508.5530303030303,0.05267659008319284
PerplexDEW (Davies),isobar,1.0,514.1111111111111,0.05303702097416354
PerplexDEW (Davies),isobar,1.0,519.6691919191919,0.05331696477520968
PerplexDEW (Davies),isobar,1.0,525.2272727272727,0.05352190556089031
PerplexDEW (Davies),isobar,1.0,530.7853535353536,0.053659318946781664
PerplexDEW (Davies),isobar,1.0,536.3434343434344,0.05373778075609199
PerplexDEW (Davies),isobar,1.0,541.9015151515151,0.05376718570643139
PerplexDEW (Davies),isobar,1.0,547.459595959596,0.05375785730509757
PerplexDEW (Davies),isobar,1.0,553.0176767676768,0.053720212620100495
PerplexDEW (Davies),isobar,1.0,558.5757575757575,0.05366407132128025
PerplexDEW (Davies),isobar,1.0,564.1338383838383,0.053598986700392856
PerplexDEW (Davies),isobar,1.0,569.6919191919192,0.053532849550464966
PerplexDEW (Davies),isobar,1.0,575.25,0.05347258777986178
PerplexDEW (Davies),isobar,1.01325,25.0,0.00022256029254517118
PerplexDEW (Davies),isobar,1.01325,30.55808080808081,0.0002454699637405867
PerplexDEW (Davies),isobar,1.01325,36.11616161616162,0.00027128977569227243
PerplexDEW (Davies),isobar,1.01325,41.67424242424242,0.0003001920685712405
PerplexDEW (Davies),isobar,1.01325,47.23232323232323,0.00033238697792375315
PerplexDEW (Davies),isobar,1.01325,52.79040404040404,0.0003681147217907345
PerplexDEW (Davies),isobar,1.01325,58.348484848484844,0.00040764151212488187
PerplexDEW (Davies),isobar,1.01325,63.906565656565654,0.00045125746344641665
PerplexDEW (Davies),isobar,1.01325,69.46464646464646,0.0004992755825697031
PerplexDEW (Davies),isobar,1.01325,75.02272727272728,0.0005520312296096749
PerplexDEW (Davies),isobar,1.01325,80.58080808080808,0.0006098821215159966
PerplexDEW (Davies),isobar,1.01325,86.13888888888889,0.000673208224404929
PerplexDEW (Davies),isobar,1.01325,91.69696969696969,0.0007424122488467967
PerplexDEW (Davies),isobar,1.01325,97.2550505050505,0.0008179197069819356
PerplexDEW (Davies),isobar,1.01325,102.81313131313131,0.0009001793816310383
PerplexDEW (Davies),isobar,1.01325,108.37121212121212,0.000989663703087131
PerplexDEW (Davies),isobar,1.01325,113.92929292929293,0.001086868781046707
PerplexDEW (Davies),isobar,1.01325,119.48737373737373,0.0011923152996844034
PerplexDEW (Davies),isobar,1.01325,125.04545454545455,0.001306548163496833
PerplexDEW (Davies),isobar,1.01325,130.60353535353534,0.001430136965003653
PerplexDEW (Davies),isobar,1.01325,136.16161616161617,0.0015636762167685492
PerplexDEW (Davies),isobar,1.01325,141.71969696969697,0.0017077854171179373
PerplexDEW (Davies),isobar,1.01325,147.27777777777777,0.001863108504384191
PerplexDEW (Davies),isobar,1.01325,152.8358585858586,0.0020303143774241077
PerplexDEW (Davies),isobar,1.01325,158.39393939393938,0.0022100959302763564
PerplexDEW (Davies),isobar,1.01325,163.9520202020202,0.0024031707685709153
PerplexDEW (Davies),isobar,1.01325,169.510101010101,0.0026102789971254076
PerplexDEW (Davies),isobar,1.01325,175.0681818181818,0.0028321839018528748
PerplexDEW (Davies),isobar,1.01325,180.62626262626262,0.003069670397189704
PerplexDEW (Davies),isobar,1.01325,186.18434343434342,0.0033235438175628186
PerplexDEW (Davies),isobar,1.01325,191.74242424242425,0.003594628836786774
PerplexDEW (Davies),isobar,1.01325,197.30050505050505,0.003883768743458238
PerplexDEW (Davies),isobar,1.01325,202.85858585858585,0.0041918209243443205
PerplexDEW (Davies),isobar,1.01325,208.41666666666666,0.004519659197964284
PerplexDEW (Davies),isobar,1.01325,213.97474747474746,0.004868166352700625
PerplexDEW (Davies),isobar,1.01325,219.5328282828283,0.005238235395245289
PerplexDEW (Davies),isobar,1.01325,225.0909090909091,0.0056307660153042905
PerplexDEW (Davies),isobar,1.01325,230.6489898989899,0.006046660198631876
PerplexDEW (Davies),isobar,1.01325,236.2070707070707,0.006486816811098145
PerplexDEW (Davies),isobar,1.01325,241.7651515151515,0.006952133136841108
PerplexDEW (Davies),isobar,1.01325,247.32323232323233,0.007443494959325818
PerplexDEW (Davies),isobar,1.01325,252.88131313131314,0.007961774533770059
PerplexDEW (Davies),isobar,1.01325,258.43939393939394,0.00850782355423627
PerplexDEW (Davies),isobar,1.01325,263.9974747474747,
PerplexDEW (Davies),isobar,1.01325,269.55555555555554,0.009686503531788973
PerplexDEW (Davies),isobar,1.01325,275.1136363636364,0.010320685579376161
PerplexDEW (Davies),isobar,1.01325,280.6717171717172,0.010985728216339499
PerplexDEW (Davies),isobar,1.01325,286.229797979798,0.011682283550527079
PerplexDEW (Davies),isobar,1.01325,291.78787878787875,0.012410946653448135
PerplexDEW (Davies),isobar,1.01325,297.3459595959596,0.013172243475467115
PerplexDEW (Davies),isobar,1.01325,302.9040404040404,0.013966610304868891
PerplexDEW (Davies),isobar,1.01325,308.4621212121212,0.014794400904089053
PerplexDEW (Davies),isobar,1.01325,314.020202020202,0.015655859026370445
PerplexDEW (Davies),isobar,1.01325,319.5782828282828,0.016551115819789186
PerplexDEW (Davies),isobar,1.01325,325.1363636363636,0.01748017315169713
PerplexDEW (Davies),isobar,1.01325,330.69444444444446,0.01844290089843494
PerplexDEW (Davies),isobar,1.01325,336.25252525252523,0.019439008351876376
PerplexDEW (Davies),isobar,1.01325,341.81060606060606,0.020468020661680415
PerplexDEW (Davies),isobar,1.01325,347.36868686868684,0.021529306299417954
PerplexDEW (Davies),isobar,1.01325,352.92676767676767,0.022622012967007214
PerplexDEW (Davies),isobar,1.01325,358.4848484848485,0.023745074615596485
PerplexDEW (Davies),isobar,1.01325,364.0429292929293,0.024897204220024616
PerplexDEW (Davies),isobar,1.01325,369.6010101010101,0.02607683605163528
PerplexDEW (Davies),isobar,1.01325,375.1590909090909,0.027282136311089517
PerplexDEW (Davies),isobar,1.01325,380.7171717171717,0.02851102693522479
PerplexDEW (Davies),isobar,1.01325,386.27525252525254,0.029761073797601865
PerplexDEW (Davies),isobar,1.01325,391.8333333333333,0.031029542972943205
PerplexDEW (Davies),isobar,1.01325,397.39141414141415,0.03231334246509203
PerplexDEW (Davies),isobar,1.01325,402.9494949494949,0.03360906447346082
PerplexDEW (Davies),isobar,1.01325,408.50757575757575,0.03491289976056121
PerplexDEW (Davies),isobar,1.01325,414.0656565656566,0.0362206859792505
PerplexDEW (Davies),isobar,1.01325,419.62373737373736,0.0375278427065855
PerplexDEW (Davies),isobar,1.01325,425.1818181818182,0.038829468480965836
PerplexDEW (Davies),isobar,1.01325,430.73989898989896,0.040120270807941796
PerplexDEW (Davies),isobar,1.01325,436.2979797979798,0.041394601012544094
PerplexDEW (Davies),isobar,1.01325,441.8560606060606,0.042646466309659174
PerplexDEW (Davies),isobar,1.01325,447.4141414141414,0.0438695879916737
PerplexDEW (Davies),isobar,1.01325,452.97222222222223,0.045057521369592964
PerplexDEW (Davies),isobar,1.01325,458.530303030303,0.046203583945487604
PerplexDEW (Davies),isobar,1.01325,464.08838383838383,0.047301178656181046
PerplexDEW (Davies),isobar,1.01325,469.64646464646466,0.04834361065027868
PerplexDEW (Davies),isobar,1.01325,475.20454545454544,0.04932461127365669
PerplexDEW (Davies),isobar,1.01325,480.76262626262627,0.05023817994605994
PerplexDEW (Davies),isobar,1.01325,486.32070707070704,0.05107897400900294
PerplexDEW (Davies),isobar,1.01325,491.8787878787879,0.05184247869585389
PerplexDEW (Davies),isobar,1.01325,497.43686868686865,0.05252524076847167
PerplexDEW (Davies),isobar,1.01325,502.9949494949495,0.05312530735583277
PerplexDEW (Davies),isobar,1.01325,508.5530303030303,0.05364191296741597
PerplexDEW (Davies),isobar,1.01325,514.1111111111111,0.05407607420618543
PerplexDEW (Davies),isobar,1.01325,519.6691919191919,0.054430838113070715
PerplexDEW (Davies),isobar,1.01325,525.2272727272727,0.05471070423273595
PerplexDEW (Davies),isobar,1.01325,530.7853535353536,0.05492195003663014
PerplexDEW (Davies),isobar,1.01325,536.3434343434344,0.0550725183221375
PerplexDEW (Davies),isobar,1.01325,541.9015151515151,0.055170882140664804
PerplexDEW (Davies),isobar,1.01325,547.459595959596,0.05522688300944958
PerplexDEW (Davies),isobar,1.01325,553.0176767676768,0.05525050340594546
PerplexDEW (Davies),isobar,1.01325,558.5757575757575,0.05525098748236856
PerplexDEW (Davies),isobar,1.01325,564.1338383838383,0.05523786783153081
PerplexDEW (Davies),isobar,1.01325,569.6919191919192,0.055218862847411086
PerplexDEW (Davies),isobar,1.01325,575.25,0.055201496802461274
PerplexDEW (Davies),isobar,1.25,344.0,0.021885370348532468
PerplexDEW (Davies),isobar,1.25,345.010101010101,0.022095086244717718
PerplexDEW (Davies),isobar,1.25,346.020202020202,0.022306136715142404
PerplexDEW (Davies),isobar,1.25,347.030303030303,0.02251852140149982
PerplexDEW (Davies),isobar,1.25,348.04040404040404,0.02273224663396773
PerplexDEW (Davies),isobar,1.25,349.050505050505,0.0229473050987713
PerplexDEW (Davies),isobar,1.25,350.06060606060606,0.023163696000218597
PerplexDEW (Davies),isobar,1.25,351.07070707070704,0.023381418392064486
PerplexDEW (Davies),isobar,1.25,352.0808080808081,0.023600471175576194
PerplexDEW (Davies),isobar,1.25,353.09090909090907,0.023820860361862074
PerplexDEW (Davies),isobar,1.25,354.1010101010101,0.02404257010181385
PerplexDEW (Davies),isobar,1.25,355.1111111111111,0.024265606003889013
PerplexDEW (Davies),isobar,1.25,356.1212121212121,0.02448997387378605
PerplexDEW (Davies),isobar,1.25,357.1313131313131,0.024715656845497595
PerplexDEW (Davies),isobar,1.25,358.14141414141415,0.02494266030767345
PerplexDEW (Davies),isobar,1.25,359.1515151515151,0.02517098985137822
PerplexDEW (Davies),isobar,1.25,360.16161616161617,0.025400627559609455
PerplexDEW (Davies),isobar,1.25,361.17171717171715,0.02563157859186667
PerplexDEW (Davies),isobar,1.25,362.1818181818182,0.025863840217709332
PerplexDEW (Davies),isobar,1.25,363.19191919191917,0.026097401337696394
PerplexDEW (Davies),isobar,1.25,364.2020202020202,0.02633227516340626
PerplexDEW (Davies),isobar,1.25,365.2121212121212,0.02656844194632232
PerplexDEW (Davies),isobar,1.25,366.22222222222223,0.026805906440621148
PerplexDEW (Davies),isobar,1.25,367.2323232323232,0.027044665023592093
PerplexDEW (Davies),isobar,1.25,368.24242424242425,0.027284705192322036
PerplexDEW (Davies),isobar,1.25,369.25252525252523,0.027526031444476306
PerplexDEW (Davies),isobar,1.25,370.26262626262627,0.027768639597062793
PerplexDEW (Davies),isobar,1.25,371.27272727272725,0.028012516268158812
PerplexDEW (Davies),isobar,1.25,372.2828282828283,0.02825766569000978
PerplexDEW (Davies),isobar,1.25,373.2929292929293,0.028504073878644016
PerplexDEW (Davies),isobar,1.25,374.3030303030303,0.02875174488348629
PerplexDEW (Davies),isobar,1.25,375.3131313131313,0.029000673547132837
PerplexDEW (Davies),isobar,1.25,376.32323232323233,0.02925084496145637
PerplexDEW (Davies),isobar,1.25,377.3333333333333,0.029502253233384304
PerplexDEW (Davies),isobar,1.25,378.34343434343435,0.02975489226000904
PerplexDEW (Davies),isobar,1.25,379.35353535353534,0.030008775504626353
PerplexDEW (Davies),isobar,1.25,380.3636363636364,0.030263867115851068
PerplexDEW (Davies),isobar,1.25,381.37373737373736,0.03052018024748745
PerplexDEW (Davies),isobar,1.25,382.3838383838384,0.030777698054798113
PerplexDEW (Davies),isobar,1.25,383.3939393939394,0.031036423716946163
PerplexDEW (Davies),isobar,1.25,384.4040404040404,0.03129632924657599
PerplexDEW (Davies),isobar,1.25,385.4141414141414,0.031557427853425246
PerplexDEW (Davies),isobar,1.25,386.42424242424244,0.031819712055084756
PerplexDEW (Davies),isobar,1.25,387.4343434343434,0.03208315247228612
PerplexDEW (Davies),isobar,1.25,388.44444444444446,0.03234776236039155
PerplexDEW (Davies),isobar,1.25,389.45454545454544,0.032613511389026954
PerplexDEW (Davies),isobar,1.25,390.4646464646465,0.032880424055784965
PerplexDEW (Davies),isobar,1.25,391.47474747474746,0.03314844676467307
PerplexDEW (Davies),isobar,1.25,392.4848484848485,0.033417615386458085
PerplexDEW (Davies),isobar,1.25,393.4949494949495,0.0336878864292461
PerplexDEW (Davies),isobar,1.25,394.5050505050505,0.03395926151828781
PerplexDEW (Davies),isobar,1.25,395.5151515151515,0.034231742556160315
PerplexDEW (Davies),isobar,1.25,396.52525252525254,0.03450529575483403
PerplexDEW (Davies),isobar,1.25,397.5353535353535,0.03477992239396659
PerplexDEW (Davies),isobar,1.25,398.54545454545456,0.035055624039266646
PerplexDEW (Davies),isobar,1.25,399.55555555555554,0.03533237775513017
PerplexDEW (Davies),isobar,1.25,400.5656565656566,0.03561015981014395
PerplexDEW (Davies),isobar,1.25,401.57575757575756,0.035888971014406225
PerplexDEW (Davies),isobar,1.25,402.5858585858586,0.03616881247631267
PerplexDEW (Davies),isobar,1.25,403.5959595959596,0.036449633783614356
PerplexDEW (Davies),isobar,1.25,404.6060606060606,0.03673147426061383
PerplexDEW (Davies),isobar,1.25,405.6161616161616,0.037014269307181165
PerplexDEW (Davies),isobar,1.25,406.62626262626264,0.03729805886677765
PerplexDEW (Davies),isobar,1.25,407.6363636363636,0.03758277666144533
PerplexDEW (Davies),isobar,1.25,408.64646464646466,0.037868449583660035
PerplexDEW (Davies),isobar,1.25,409.65656565656565,0.03815505070166031
PerplexDEW (Davies),isobar,1.25,410.6666666666667,0.038442552221508074
PerplexDEW (Davies),isobar,1.25,411.67676767676767,0.03873095374163261
PerplexDEW (Davies),isobar,1.25,412.6868686868687,0.039020240905205165
PerplexDEW (Davies),isobar,1.25,413.6969696969697,0.03931039908217879
PerplexDEW (Davies),isobar,1.25,414.7070707070707,0.039601413367814566
PerplexDEW (Davies),isobar,1.25,415.7171717171717,0.03989325382760321
PerplexDEW (Davies),isobar,1.25,416.72727272727275,0.04018591944064731
PerplexDEW (Davies),isobar,1.25,417.73737373737373,0.04047940953675452
PerplexDEW (Davies),isobar,1.25,418.74747474747477,0.04077366288107238
PerplexDEW (Davies),isobar,1.25,419.75757575757575,0.04106872377750204
PerplexDEW (Davies),isobar,1.25,420.7676767676768,0.041364514387389494
PerplexDEW (Davies),isobar,1.25,421.77777777777777,0.04166106402193272
PerplexDEW (Davies),isobar,1.25,422.7878787878788,0.04195834013167161
PerplexDEW (Davies),isobar,1.25,423.7979797979798,0.042256309219140926
PerplexDEW (Davies),isobar,1.25,424.80808080808083,0.04255496927224856
PerplexDEW (Davies),isobar,1.25,425.8181818181818,0.04285430226820014
PerplexDEW (Davies),isobar,1.25,426.82828282828285,0.04315428989429795
PerplexDEW (Davies),isobar,1.25,427.83838383838383,0.043454913546890586
PerplexDEW (Davies),isobar,1.25,428.8484848484849,0.04375615433039495
PerplexDEW (Davies),isobar,1.25,429.85858585858585,0.04405797596833783
PerplexDEW (Davies),isobar,1.25,430.8686868686869,0.04436037571262481
PerplexDEW (Davies),isobar,1.25,431.8787878787879,0.04466335122538056
PerplexDEW (Davies),isobar,1.25,432.8888888888889,0.04496686534617092
PerplexDEW (Davies),isobar,1.25,433.8989898989899,0.0452708977062818
PerplexDEW (Davies),isobar,1.25,434.90909090909093,0.04557542764001029
PerplexDEW (Davies),isobar,1.25,435.9191919191919,0.0458804341839644
PerplexDEW (Davies),isobar,1.25,436.92929292929296,0.04618589607642131
PerplexDEW (Davies),isobar,1.25,437.93939393939394,0.04649179175674489
PerplexDEW (Davies),isobar,1.25,438.949494949495,0.04679809936484863
PerplexDEW (Davies),isobar,1.25,439.95959595959596,0.04710479674070435
PerplexDEW (Davies),isobar,1.25,440.969696969697,0.04741186142390745
PerplexDEW (Davies),isobar,1.25,441.979797979798,0.04771930925866256
PerplexDEW (Davies),isobar,1.25,442.98989898989896,0.04802704035931622
PerplexDEW (Davies),isobar,1.25,444.0,0.04833510896600295
PerplexDEW (Davies),isobar,1.5,426.25,0.04627847232091959
PerplexDEW (Davies),isobar,1.5,426.4166666666667,0.04633620798451387
PerplexDEW (Davies),isobar,1.5,426.5833333333333,0.04639396845949596
PerplexDEW (Davies),isobar,1.5,426.75,0.04645177008463041
PerplexDEW (Davies),isobar,1.5,426.9166666666667,0.04650959641381698
PerplexDEW (Davies),isobar,1.5,427.0833333333333,0.0465674802402408
PerplexDEW (Davies),isobar,1.5,427.25,0.046625388666449004
PerplexDEW (Davies),isobar,1.5,427.4166666666667,0.046683338091117736
PerplexDEW (Davies),isobar,1.5,427.5833333333333,0.04674131195361474
PerplexDEW (Davies),isobar,1.5,427.75,0.04679934327437123
PerplexDEW (Davies),isobar,1.5,427.9166666666667,0.0468573823334418
PerplexDEW (Davies),isobar,1.5,428.0833333333333,0.046915478801902465
PerplexDEW (Davies),isobar,1.5,428.25,0.046973616089954054
PerplexDEW (Davies),isobar,1.5,428.4166666666667,0.04703177749293966
PerplexDEW (Davies),isobar,1.5,428.5833333333333,0.04708997960840873
PerplexDEW (Davies),isobar,1.5,428.75,0.04714822241130663
PerplexDEW (Davies),isobar,1.5,428.9166666666667,0.04720648911004349
PerplexDEW (Davies),isobar,1.5,429.0833333333333,0.047264796387954985
PerplexDEW (Davies),isobar,1.5,429.25,0.047323144219552304
PerplexDEW (Davies),isobar,1.5,429.4166666666667,0.04738153257921685
PerplexDEW (Davies),isobar,1.5,429.5833333333333,0.04743994455893223
PerplexDEW (Davies),isobar,1.5,429.75,0.0474983969570324
PerplexDEW (Davies),isobar,1.5,429.9166666666667,0.04755688974745044
PerplexDEW (Davies),isobar,1.5,430.0833333333333,0.04761542290401334
PerplexDEW (Davies),isobar,1.5,430.25,0.04767397940164804
PerplexDEW (Davies),isobar,1.5,430.4166666666667,0.04773257615429553
PerplexDEW (Davies),isobar,1.5,430.5833333333333,0.04779119607805713
PerplexDEW (Davies),isobar,1.5,430.75,0.04784987323143315
PerplexDEW (Davies),isobar,1.5,430.9166666666667,0.04790859055956658
PerplexDEW (Davies),isobar,1.5,431.0833333333333,0.04796733089019446
PerplexDEW (Davies),isobar,1.5,431.25,0.04802609410797854
PerplexDEW (Davies),isobar,1.5,431.4166666666667,0.04808489730140656
PerplexDEW (Davies),isobar,1.5,431.5833333333333,0.04814375767661492
PerplexDEW (Davies),isobar,1.5,431.75,0.04820262350493029
PerplexDEW (Davies),isobar,1.5,431.9166666666667,0.04826154645960169
PerplexDEW (Davies),isobar,1.5,432.0833333333333,0.04832050927908283
PerplexDEW (Davies),isobar,1.5,432.25,0.048379494583311776
PerplexDEW (Davies),isobar,1.5,432.4166666666667,0.04843851963686388
PerplexDEW (Davies),isobar,1.5,432.5833333333333,0.04849758441139055
PerplexDEW (Davies),isobar,1.5,432.75,0.04855665399587606
PerplexDEW (Davies),isobar,1.5,432.9166666666667,0.048615798067269476
PerplexDEW (Davies),isobar,1.5,433.0833333333333,0.04867494677194112
PerplexDEW (Davies),isobar,1.5,433.25,0.04873415249430847
PerplexDEW (Davies),isobar,1.5,433.4166666666667,0.04879339773423482
PerplexDEW (Davies),isobar,1.5,433.5833333333333,0.048852664871800004
PerplexDEW (Davies),isobar,1.5,433.75,0.048911971408506706
PerplexDEW (Davies),isobar,1.5,433.9166666666667,0.048971299663992225
PerplexDEW (Davies),isobar,1.5,434.0833333333333,0.04903066719932766
PerplexDEW (Davies),isobar,1.5,434.25,0.04909007398468037
PerplexDEW (Davies),isobar,1.5,434.4166666666667,0.049149519990101406
PerplexDEW (Davies),isobar,1.5,434.5833333333333,0.04920898741401629
PerplexDEW (Davies),isobar,1.5,434.75,0.04926849393723247
PerplexDEW (Davies),isobar,1.5,434.9166666666667,0.0493280395293442
PerplexDEW (Davies),isobar,1.5,435.0833333333333,0.049387624159814236
PerplexDEW (Davies),isobar,1.5,435.25,0.049447247798005835
PerplexDEW (Davies),isobar,1.5,435.4166666666667,0.04950689248993903
PerplexDEW (Davies),isobar,1.5,435.5833333333333,0.04956657606703448
PerplexDEW (Davies),isobar,1.5,435.75,0.04962628051399741
PerplexDEW (Davies),isobar,1.5,435.9166666666667,0.049686041737428854
PerplexDEW (Davies),isobar,1.5,436.0833333333333,0.04974584175230277
PerplexDEW (Davies),isobar,1.5,436.25,0.049805644375286916
PerplexDEW (Davies),isobar,1.5,436.4166666666667,0.049865503710632045
PerplexDEW (Davies),isobar,1.5,436.5833333333333,0.04992538354390015
PerplexDEW (Davies),isobar,1.5,436.75,0.049985320087045246
PerplexDEW (Davies),isobar,1.5,436.9166666666667,0.05004525880372134
PerplexDEW (Davies),isobar,1.5,437.0833333333333,0.05010525416583257
PerplexDEW (Davies),isobar,1.5,437.25,0.050165287972927894
PerplexDEW (Davies),isobar,1.5,437.4166666666667,0.05022534190102925
PerplexDEW (Davies),isobar,1.5,437.5833333333333,0.050285434147066425
PerplexDEW (Davies),isobar,1.5,437.75,0.050345546324775566
PerplexDEW (Davies),isobar,1.5,437.9166666666667,0.05040569669250493
PerplexDEW (Davies),isobar,1.5,438.0833333333333,0.05046590363254282
PerplexDEW (Davies),isobar,1.5,438.25,0.050526111865018396
PerplexDEW (Davies),isobar,1.5,438.4166666666667,0.050586376603011664
PerplexDEW (Davies),isobar,1.5,438.5833333333333,0.050646660888455534
PerplexDEW (Davies),isobar,1.5,438.75,0.0507069831341639
PerplexDEW (Davies),isobar,1.5,438.9166666666667,0.0507673433062047
PerplexDEW (Davies),isobar,1.5,439.0833333333333,0.05082772276771405
PerplexDEW (Davies),isobar,1.5,439.25,0.05088815865880413
PerplexDEW (Davies),isobar,1.5,439.4166666666667,0.0509486137081061
PerplexDEW (Davies),isobar,1.5,439.5833333333333,0.051009106483920784
PerplexDEW (Davies),isobar,1.5,439.75,0.051069618223088906
PerplexDEW (Davies),isobar,1.5,439.9166666666667,0.0511301675563191
PerplexDEW (Davies),isobar,1.5,440.0833333333333,0.05119077324020458
PerplexDEW (Davies),isobar,1.5,440.25,0.05125137886482089
PerplexDEW (Davies),isobar,1.5,440.4166666666667,0.051312040769743446
PerplexDEW (Davies),isobar,1.5,440.5833333333333,0.05137274012800934
PerplexDEW (Davies),isobar,1.5,440.75,0.05143343906757567
PerplexDEW (Davies),isobar,1.5,440.9166666666667,0.05149419421238391
PerplexDEW (Davies),isobar,1.5,441.0833333333333,0.051554986640050024
PerplexDEW (Davies),isobar,1.5,441.25,0.05161579730088739
PerplexDEW (Davies),isobar,1.5,441.4166666666667,0.051676645108760806
PerplexDEW (Davies),isobar,1.5,441.5833333333333,0.05173753002735351
PerplexDEW (Davies),isobar,1.5,441.75,0.05179845202023546
PerplexDEW (Davies),isobar,1.5,441.9166666666667,0.05185939190926984
PerplexDEW (Davies),isobar,1.5,442.0833333333333,0.05192036873524566
PerplexDEW (Davies),isobar,1.5,442.25,0.051981363255489584
PerplexDEW (Davies),isobar,1.5,442.4166666666667,0.05204241381231948
PerplexDEW (Davies),isobar,1.5,442.5833333333333,0.05210350119493272
PerplexDEW (Davies),isobar,1.5,442.75,0.05216460606375031
PerplexDEW (Davies),isobar,1.75,411.9,0.04371967356939597
PerplexDEW (Davies),isobar,1.75,412.14444444444445,0.04380739925701891
PerplexDEW (Davies),isobar,1.75,412.38888888888886,0.04389522862290272
PerplexDEW (Davies),isobar,1.75,412.6333333333333,0.04398317558173985
PerplexDEW (Davies),isobar,1.75,412.87777777777774,0.04407124014749909
PerplexDEW (Davies),isobar,1.75,413.1222222222222,0.04415940828076178
PerplexDEW (Davies),isobar,1.75,413.3666666666667,0.04424769397398677
PerplexDEW (Davies),isobar,1.75,413.6111111111111,0.04433608311295489
PerplexDEW (Davies),isobar,1.75,413.85555555555555,0.044424589762579424
PerplexDEW (Davies),isobar,1.75,414.09999999999997,0.04451321393440504
PerplexDEW (Davies),isobar,1.75,414.34444444444443,0.044601941401516715
PerplexDEW (Davies),isobar,1.75,414.58888888888885,0.044690786338227
PerplexDEW (Davies),isobar,1.75,414.8333333333333,0.04477973444201855
PerplexDEW (Davies),isobar,1.75,415.0777777777778,0.04486879996043365
PerplexDEW (Davies),isobar,1.75,415.3222222222222,0.04495798290256126
PerplexDEW (Davies),isobar,1.75,415.56666666666666,0.04504726885199231
PerplexDEW (Davies),isobar,1.75,415.8111111111111,0.04513667216682844
PerplexDEW (Davies),isobar,1.75,416.05555555555554,0.045226178354244334
PerplexDEW (Davies),isobar,1.75,416.3,0.045315801846357986
PerplexDEW (Davies),isobar,1.75,416.5444444444444,0.0454055426497936
PerplexDEW (Davies),isobar,1.75,416.7888888888889,0.04549538615660311
PerplexDEW (Davies),isobar,1.75,417.0333333333333,0.04558534691065223
PerplexDEW (Davies),isobar,1.75,417.27777777777777,0.04567541022676663
PerplexDEW (Davies),isobar,1.75,417.5222222222222,0.045765590723625925
PerplexDEW (Davies),isobar,1.75,417.76666666666665,0.045855873638491106
PerplexDEW (Davies),isobar,1.75,418.0111111111111,0.04594627366517254
PerplexDEW (Davies),isobar,1.75,418.25555555555553,0.04603679080672611
PerplexDEW (Davies),isobar,1.75,418.5,0.04612742506580355
PerplexDEW (Davies),isobar,1.75,418.7444444444444,0.04621814660294518
PerplexDEW (Davies),isobar,1.75,418.9888888888889,0.04630900006641719
PerplexDEW (Davies),isobar,1.75,419.23333333333335,0.04639995557683812
PerplexDEW (Davies),isobar,1.75,419.47777777777776,0.04649102805556629
PerplexDEW (Davies),isobar,1.75,419.72222222222223,0.046582202426558965
PerplexDEW (Davies),isobar,1.75,419.96666666666664,0.046673493687593014
PerplexDEW (Davies),isobar,1.75,420.2111111111111,0.04676490183768899
PerplexDEW (Davies),isobar,1.75,420.4555555555555,0.046856411681988425
PerplexDEW (Davies),isobar,1.75,420.7,0.04694803833359471
PerplexDEW (Davies),isobar,1.75,420.94444444444446,0.04703976651794821
PerplexDEW (Davies),isobar,1.75,421.18888888888887,0.04713161142536482
PerplexDEW (Davies),isobar,1.75,421.43333333333334,0.04722355770122695
PerplexDEW (Davies),isobar,1.75,421.67777777777775,0.04731563600405999
PerplexDEW (Davies),isobar,1.75,421.9222222222222,0.04740780015723693
PerplexDEW (Davies),isobar,1.75,422.1666666666667,0.04750009632764389
PerplexDEW (Davies),isobar,1.75,422.4111111111111,0.04759249360916289
PerplexDEW (Davies),isobar,1.75,422.65555555555557,0.047684991876053774
PerplexDEW (Davies),isobar,1.75,422.9,0.04777762218150589
PerplexDEW (Davies),isobar,1.75,423.14444444444445,0.04787033774847052
PerplexDEW (Davies),isobar,1.75,423.3888888888889,0.04796318533900398
PerplexDEW (Davies),isobar,1.75,423.6333333333333,0.04805613364456926
PerplexDEW (Davies),isobar,1.75,423.8777777777778,0.04814918253553568
PerplexDEW (Davies),isobar,1.75,424.1222222222222,0.04824236346389025
PerplexDEW (Davies),isobar,1.75,424.3666666666667,0.0483356448776719
PerplexDEW (Davies),isobar,1.75,424.6111111111111,0.04842902664495733
PerplexDEW (Davies),isobar,1.75,424.85555555555555,0.04852252454596016
PerplexDEW (Davies),isobar,1.75,425.1,0.04861613856919756
PerplexDEW (Davies),isobar,1.75,425.34444444444443,0.04870985270802898
PerplexDEW (Davies),isobar,1.75,425.5888888888889,0.048803682862922554
PerplexDEW (Davies),isobar,1.75,425.8333333333333,0.04889762902083024
PerplexDEW (Davies),isobar,1.75,426.0777777777778,0.04899167505046268
PerplexDEW (Davies),isobar,1.75,426.32222222222225,0.04908583697330066
PerplexDEW (Davies),isobar,1.75,426.56666666666666,0.049180098574426026
PerplexDEW (Davies),isobar,1.75,426.81111111111113,0.04927447595633842
PerplexDEW (Davies),isobar,1.75,427.05555555555554,0.04936896910326929
PerplexDEW (Davies),isobar,1.75,427.3,0.04946356167436436
PerplexDEW (Davies),isobar,1.75,427.5444444444445,0.0495582698943793
PerplexDEW (Davies),isobar,1.75,427.7888888888889,0.04965307733797393
PerplexDEW (Davies),isobar,1.75,428.03333333333336,0.049748000311747816
PerplexDEW (Davies),isobar,1.75,428.27777777777777,0.04984303879720068
PerplexDEW (Davies),isobar,1.75,428.52222222222224,0.04993819277538704
PerplexDEW (Davies),isobar,1.75,428.76666666666665,0.05003342907553801
PerplexDEW (Davies),isobar,1.75,429.0111111111111,0.0501287972784384
PerplexDEW (Davies),isobar,1.75,429.2555555555556,0.05022426416985341
PerplexDEW (Davies),isobar,1.75,429.5,0.05031984630420146
PerplexDEW (Davies),isobar,1.75,429.74444444444447,0.0504155269150026
PerplexDEW (Davies),isobar,1.75,429.9888888888889,0.05051133942712359
PerplexDEW (Davies),isobar,1.75,430.23333333333335,0.05060723345593197
PerplexDEW (Davies),isobar,1.75,430.47777777777776,0.050703242467348364
PerplexDEW (Davies),isobar,1.75,430.72222222222223,0.05079936643731695
PerplexDEW (Davies),isobar,1.75,430.9666666666667,0.05089560534132042
PerplexDEW (Davies),isobar,1.75,431.2111111111111,0.05099194215340657
PerplexDEW (Davies),isobar,1.75,431.4555555555556,0.05108839376310494
PerplexDEW (Davies),isobar,1.75,431.7,0.05118496014426281
PerplexDEW (Davies),isobar,1.75,431.94444444444446,0.051281624139995305
PerplexDEW (Davies),isobar,1.75,432.1888888888889,0.0513783855934125
PerplexDEW (Davies),isobar,1.75,432.43333333333334,0.051475278780435535
PerplexDEW (Davies),isobar,1.75,432.6777777777778,0.05157226928218201
PerplexDEW (Davies),isobar,1.75,432.9222222222222,0.051669356939319795
PerplexDEW (Davies),isobar,1.75,433.1666666666667,0.05176657628653436
PerplexDEW (Davies),isobar,1.75,433.41111111111115,0.051863892642331655
PerplexDEW (Davies),isobar,1.75,433.65555555555557,0.05196130584492243
PerplexDEW (Davies),isobar,1.75,433.90000000000003,0.05205883321042899
PerplexDEW (Davies),isobar,1.75,434.14444444444445,0.05215647470698445
PerplexDEW (Davies),isobar,1.75,434.3888888888889,0.05225421273531933
PerplexDEW (Davies),isobar,1.75,434.6333333333333,0.052352064741271624
PerplexDEW (Davies),isobar,1.75,434.8777777777778,0.052450030691304106
PerplexDEW (Davies),isobar,1.75,435.12222222222226,0.05254809285173074
PerplexDEW (Davies),isobar,1.75,435.3666666666667,0.05264626879890472
PerplexDEW (Davies),isobar,1.75,435.61111111111114,0.052744558497599736
PerplexDEW (Davies),isobar,1.75,435.85555555555555,0.05284294407891109
PerplexDEW (Davies),isobar,1.75,436.1,0.052941443250486935
PerplexDEW (Davies),isobar,2.0,175.0,0.0030706384225647585
PerplexDEW (Davies),isobar,2.0,180.55555555555554,0.003330649222463625
PerplexDEW (Davies),isobar,2.0,186.11111111111111,0.003609161242409796
PerplexDEW (Davies),isobar,2.0,191.66666666666666,0.003907190779100231
PerplexDEW (Davies),isobar,2.0,197.22222222222223,0.004225790099696353
PerplexDEW (Davies),isobar,2.0,202.77777777777777,0.004566045963141465
PerplexDEW (Davies),isobar,2.0,208.33333333333331,0.004929077651475976
PerplexDEW (Davies),isobar,2.0,213.88888888888889,0.005316040287349891
PerplexDEW (Davies),isobar,2.0,219.44444444444446,0.005728120135962573
PerplexDEW (Davies),isobar,2.0,225.0,0.006166535937641166
PerplexDEW (Davies),isobar,2.0,230.55555555555554,0.006632536791271561
PerplexDEW (Davies),isobar,2.0,236.11111111111111,0.007127402154059307
PerplexDEW (Davies),isobar,2.0,241.66666666666666,0.007652439978829531
PerplexDEW (Davies),isobar,2.0,247.22222222222223,0.008208982606965282
PerplexDEW (Davies),isobar,2.0,252.77777777777777,0.008798389596738974
PerplexDEW (Davies),isobar,2.0,258.3333333333333,0.009422041785592644
PerplexDEW (Davies),isobar,2.0,263.8888888888889,0.010081341670834389
PerplexDEW (Davies),isobar,2.0,269.44444444444446,
PerplexDEW (Davies),isobar,2.0,275.0,
PerplexDEW (Davies),isobar,2.0,280.55555555555554,0.012287405401153475
PerplexDEW (Davies),isobar,2.0,286.1111111111111,0.013103641312769863
PerplexDEW (Davies),isobar,2.0,291.66666666666663,0.013962755224706776
PerplexDEW (Davies),isobar,2.0,297.22222222222223,0.014866212296001952
PerplexDEW (Davies),isobar,2.0,302.77777777777777,0.015815485560222785
PerplexDEW (Davies),isobar,2.0,308.3333333333333,0.016812035317716124
PerplexDEW (Davies),isobar,2.0,313.8888888888889,0.017857318855791754
PerplexDEW (Davies),isobar,2.0,319.44444444444446,0.018952781415842224
PerplexDEW (Davies),isobar,2.0,325.0,0.02009984681981054
PerplexDEW (Davies),isobar,2.0,330.55555555555554,0.02129992710567088
PerplexDEW (Davies),isobar,2.0,336.1111111111111,0.022554395605171407
PerplexDEW (Davies),isobar,2.0,341.66666666666663,0.02386460165933566
PerplexDEW (Davies),isobar,2.0,347.22222222222223,0.02523186507510807
PerplexDEW (Davies),isobar,2.0,352.77777777777777,0.026657452057718706
PerplexDEW (Davies),isobar,2.0,358.3333333333333,0.02814259518050991
PerplexDEW (Davies),isobar,2.0,363.8888888888889,0.02968846859988285
PerplexDEW (Davies),isobar,2.0,369.44444444444446,0.031296188463448525
PerplexDEW (Davies),isobar,2.0,375.0,0.03296681617847344
PerplexDEW (Davies),isobar,2.0,380.55555555555554,0.03470133605212618
PerplexDEW (Davies),isobar,2.0,386.1111111111111,0.03650067743979373
PerplexDEW (Davies),isobar,2.0,391.66666666666663,0.038365682300634404
PerplexDEW (Davies),isobar,2.0,397.22222222222223,0.04029709625478482
PerplexDEW (Davies),isobar,2.0,402.77777777777777,0.04229559642691993
PerplexDEW (Davies),isobar,2.0,408.3333333333333,0.04436177982466986
PerplexDEW (Davies),isobar,2.0,413.8888888888889,0.046496105928833804
PerplexDEW (Davies),isobar,2.0,419.44444444444446,0.04869898317835641
PerplexDEW (Davies),isobar,2.0,425.0,0.05097067043740493
PerplexDEW (Davies),isobar,2.0,430.55555555555554,0.05331134230221723
PerplexDEW (Davies),isobar,2.0,436.1111111111111,0.055721075923001184
PerplexDEW (Davies),isobar,2.0,441.66666666666663,0.05819979568289642
PerplexDEW (Davies),isobar,2.0,447.22222222222223,0.06074735797408549
PerplexDEW (Davies),isobar,2.0,452.77777777777777,0.06336345912976715
PerplexDEW (Davies),isobar,2.0,458.3333333333333,0.06604770970173199
PerplexDEW (Davies),isobar,2.0,463.88888888888886,0.0687995969110283
PerplexDEW (Davies),isobar,2.0,469.44444444444446,0.07161845824193135
PerplexDEW (Davies),isobar,2.0,475.0,0.07450357743937829
PerplexDEW (Davies),isobar,2.0,480.55555555555554,0.07745406700093375
PerplexDEW (Davies),isobar,2.0,486.1111111111111,0.08046894090636668
PerplexDEW (Davies),isobar,2.0,491.66666666666663,0.08354715265499968
PerplexDEW (Davies),isobar,2.0,497.22222222222223,0.08668748430243718
PerplexDEW (Davies),isobar,2.0,502.77777777777777,0.08988866741717089
PerplexDEW (Davies),isobar,2.0,508.3333333333333,0.09314933171750597
PerplexDEW (Davies),isobar,2.0,513.8888888888889,0.09646804623404957
PerplexDEW (Davies),isobar,2.0,519.4444444444445,0.0998432163336555
PerplexDEW (Davies),isobar,2.0,525.0,0.10327331565990733
PerplexDEW (Davies),isobar,2.0,530.5555555555555,0.10675667384969076
PerplexDEW (Davies),isobar,2.0,536.1111111111111,0.11029155431741883
PerplexDEW (Davies),isobar,2.0,541.6666666666666,0.11387630289075308
PerplexDEW (Davies),isobar,2.0,547.2222222222222,0.11750909388269558
PerplexDEW (Davies),isobar,2.0,552.7777777777778,0.12118821571915586
PerplexDEW (Davies),isobar,2.0,558.3333333333333,0.12491184649902236
PerplexDEW (Davies),isobar,2.0,563.8888888888889,0.12867821045419311
PerplexDEW (Davies),isobar,2.0,569.4444444444445,0.13248566000006334
PerplexDEW (Davies),isobar,2.0,575.0,0.13633240760437965
PerplexDEW (Davies),isobar,2.0,580.5555555555555,0.1402168195144672
PerplexDEW (Davies),isobar,2.0,586.1111111111111,0.14413745498987365
PerplexDEW (Davies),isobar,2.0,591.6666666666666,0.14809255394155085
PerplexDEW (Davies),isobar,2.0,597.2222222222222,0.15208076056925077
PerplexDEW (Davies),isobar,2.0,602.7777777777778,0.15610075775782323
PerplexDEW (Davies),isobar,2.0,608.3333333333333,0.16015126754060668
PerplexDEW (Davies),isobar,2.0,613.8888888888889,0.16423113169034934
PerplexDEW (Davies),isobar,2.0,619.4444444444445,0.1683391573158551
PerplexDEW (Davies),isobar,2.0,625.0,0.1724747114765122
PerplexDEW (Davies),isobar,2.0,630.5555555555555,0.17663672659331559
PerplexDEW (Davies),isobar,2.0,636.1111111111111,0.18082444649213195
PerplexDEW (Davies),isobar,2.0,641.6666666666666,0.18503747224128597
PerplexDEW (Davies),isobar,2.0,647.2222222222222,0.18927540526143233
PerplexDEW (Davies),isobar,2.0,652.7777777777778,0.19353761547114456
PerplexDEW (Davies),isobar,2.0,658.3333333333333,0.19782404844048238
PerplexDEW (Davies),isobar,2.0,663.8888888888889,0.20213441144808977
PerplexDEW (Davies),isobar,2.0,669.4444444444443,0.2064690385489065
PerplexDEW (Davies),isobar,2.0,675.0,0.21082777689819074
PerplexDEW (Davies),isobar,2.0,680.5555555555555,0.2152108720774523
PerplexDEW (Davies),isobar,2.0,686.1111111111111,0.2196185035072215
PerplexDEW (Davies),isobar,2.0,691.6666666666666,0.2240510167897726
PerplexDEW (Davies),isobar,2.0,697.2222222222222,0.22850920485903867
PerplexDEW (Davies),isobar,2.0,702.7777777777777,0.23299294800199127
PerplexDEW (Davies),isobar,2.0,708.3333333333333,0.23750337469563795
PerplexDEW (Davies),isobar,2.0,713.8888888888889,0.2420409442037041
PerplexDEW (Davies),isobar,2.0,719.4444444444445,0.2466062461564493
PerplexDEW (Davies),isobar,2.0,725.0,0.25120000526365627
PerplexDEW (Davies),isobar,4.35,592.5,0.24101540473835892
PerplexDEW (Davies),isobar,4.35,594.1666666666666,0.24362923819472973
PerplexDEW (Davies),isobar,4.35,595.8333333333334,0.24626289898760254
PerplexDEW (Davies),isobar,4.35,597.5,0.24891655910066104
PerplexDEW (Davies),isobar,4.35,599.1666666666666,0.2515901790922812
PerplexDEW (Davies),isobar,4.35,600.8333333333334,0.2542838957935169
PerplexDEW (Davies),isobar,4.35,602.5,0.25699777576801386
PerplexDEW (Davies),isobar,4.35,604.1666666666666,0.25973188536464165
PerplexDEW (Davies),isobar,4.35,605.8333333333334,0.2624862907247042
PerplexDEW (Davies),isobar,4.35,607.5,0.26526105778923953
PerplexDEW (Davies),isobar,4.35,609.1666666666666,0.2680562523065828
PerplexDEW (Davies),isobar,4.35,610.8333333333334,0.27087193984027247
PerplexDEW (Davies),isobar,4.35,612.5,0.27370822570762987
PerplexDEW (Davies),isobar,4.35,614.1666666666666,0.27656513623784607
PerplexDEW (Davies),isobar,4.35,615.8333333333334,0.2794427774838946
PerplexDEW (Davies),isobar,4.35,617.5,0.28234121596652073
PerplexDEW (Davies),isobar,4.35,619.1666666666666,0.2852604760529942
PerplexDEW (Davies),isobar,4.35,620.8333333333334,0.28820075019967806
PerplexDEW (Davies),isobar,4.35,622.5,0.29116193535779994
PerplexDEW (Davies),isobar,4.35,624.1666666666666,0.2941442254506871
PerplexDEW (Davies),isobar,4.35,625.8333333333334,0.297147643976587
PerplexDEW (Davies),isobar,4.35,627.5,0.3001723017913067
PerplexDEW (Davies),isobar,4.35,629.1666666666666,0.3032182666047158
PerplexDEW (Davies),isobar,4.35,630.8333333333334,0.30628556015731023
PerplexDEW (Davies),isobar,4.35,632.5,0.309374294985439
PerplexDEW (Davies),isobar,4.35,634.1666666666666,0.31248453883339544
PerplexDEW (Davies),isobar,4.35,635.8333333333334,0.3156163594886228
PerplexDEW (Davies),isobar,4.35,637.5,0.31876982479501065
PerplexDEW (Davies),isobar,4.35,639.1666666666666,0.3219450026664205
PerplexDEW (Davies),isobar,4.35,640.8333333333334,0.325142010682084
PerplexDEW (Davies),isobar,4.35,642.5,0.32836086860371305
PerplexDEW (Davies),isobar,4.35,644.1666666666666,0.33160164465927405
PerplexDEW (Davies),isobar,4.35,645.8333333333334,0.3348644586765659
PerplexDEW (Davies),isobar,4.35,647.5,0.3381493810844475
PerplexDEW (Davies),isobar,4.35,649.1666666666666,0.34145648251017446
PerplexDEW (Davies),isobar,4.35,650.8333333333334,0.34478583379562233
PerplexDEW (Davies),isobar,4.35,652.5,0.34813745192509277
PerplexDEW (Davies),isobar,4.35,654.1666666666666,0.35151151572528133
PerplexDEW (Davies),isobar,4.35,655.8333333333334,0.35490809879615565
PerplexDEW (Davies),isobar,4.35,657.5,0.3583271628140928
PerplexDEW (Davies),isobar,4.35,659.1666666666666,0.3617688915241091
PerplexDEW (Davies),isobar,4.35,660.8333333333334,0.36523335951253455
PerplexDEW (Davies),isobar,4.35,662.5,0.36872052529562754
PerplexDEW (Davies),isobar,4.35,664.1666666666666,0.3722306957097015
PerplexDEW (Davies),isobar,4.35,665.8333333333334,0.37576371217885207
PerplexDEW (Davies),isobar,4.35,667.5,0.379319827724623
PerplexDEW (Davies),isobar,4.35,669.1666666666666,0.38289906006619256
PerplexDEW (Davies),isobar,4.35,670.8333333333334,0.38650142446490643
PerplexDEW (Davies),isobar,4.35,672.5,0.3901271841899269
PerplexDEW (Davies),isobar,4.35,674.1666666666666,0.39377623176873294
PerplexDEW (Davies),isobar,4.35,675.8333333333334,0.39744870777874874
PerplexDEW (Davies),isobar,4.35,677.5,0.4011448213638193
PerplexDEW (Davies),isobar,4.35,679.1666666666666,0.4048645256371537
PerplexDEW (Davies),isobar,4.35,680.8333333333334,0.4086079011047821
PerplexDEW (Davies),isobar,4.35,682.5,0.412375163549837
PerplexDEW (Davies),isobar,4.35,684.1666666666666,0.41616619522534104
PerplexDEW (Davies),isobar,4.35,685.8333333333334,0.41998128305227195
PerplexDEW (Davies),isobar,4.35,687.5,0.42382044540961794
PerplexDEW (Davies),isobar,4.35,689.1666666666666,0.42768376877578573
PerplexDEW (Davies),isobar,4.35,690.8333333333334,0.43157134042993583
PerplexDEW (Davies),isobar,4.35,692.5,0.4354832484770551
PerplexDEW (Davies),isobar,4.35,694.1666666666666,0.4394196550605674
PerplexDEW (Davies),isobar,4.35,695.8333333333334,0.4433806526345665
PerplexDEW (Davies),isobar,4.35,697.5,0.447366184722922
PerplexDEW (Davies),isobar,4.35,699.1666666666666,0.45137649204238806
PerplexDEW (Davies),isobar,4.35,700.8333333333334,0.45541166994730087
PerplexDEW (Davies),isobar,4.35,702.5,0.45947181483227617
PerplexDEW (Davies),isobar,4.35,704.1666666666666,0.4635570241602505
PerplexDEW (Davies),isobar,4.35,705.8333333333334,0.46766723748285904
PerplexDEW (Davies),isobar,4.35,707.5,0.47180287061877824
PerplexDEW (Davies),isobar,4.35,709.1666666666666,0.4759637858651049
PerplexDEW (Davies),isobar,4.35,710.8333333333334,0.4801501647188647
PerplexDEW (Davies),isobar,4.35,712.5,0.4843621937179747
PerplexDEW (Davies),isobar,4.35,714.1666666666666,0.48859989594529246
PerplexDEW (Davies),isobar,4.35,715.8333333333334,0.49286337715480155
PerplexDEW (Davies),isobar,4.35,717.5,0.4971527444045446
PerplexDEW (Davies),isobar,4.35,719.1666666666666,0.5014682807451301
PerplexDEW (Davies),isobar,4.35,720.8333333333334,0.5058097486735548
PerplexDEW (Davies),isobar,4.35,722.5,0.5101776107592959
PerplexDEW (Davies),isobar,4.35,724.1666666666667,0.5145719858832997
PerplexDEW (Davies),isobar,4.35,725.8333333333334,0.5189927200160742
PerplexDEW (Davies),isobar,4.35,727.5,0.5234401107715656
PerplexDEW (Davies),isobar,4.35,729.1666666666667,0.5279142785751266
PerplexDEW (Davies),isobar,4.35,730.8333333333334,0.532415345484296
PerplexDEW (Davies),isobar,4.35,732.5,0.5369434352235587
PerplexDEW (Davies),isobar,4.35,734.1666666666667,0.5414986732191552
PerplexDEW (Davies),isobar,4.35,735.8333333333334,0.5460811866345663
PerplexDEW (Davies),isobar,4.35,737.5,0.550691104405993
PerplexDEW (Davies),isobar,4.35,739.1666666666667,0.5553286577023352
PerplexDEW (Davies),isobar,4.35,740.8333333333334,0.5599937794378378
PerplexDEW (Davies),isobar,4.35,742.5,0.5646868061300344
PerplexDEW (Davies),isobar,4.35,744.1666666666667,0.5694078777647205
PerplexDEW (Davies),isobar,4.35,745.8333333333334,0.5741570311735837
PerplexDEW (Davies),isobar,4.35,747.5,0.5789345131959508
PerplexDEW (Davies),isobar,4.35,749.1666666666667,0.5837403623492975
PerplexDEW (Davies),isobar,4.35,750.8333333333334,0.5885747232019916
PerplexDEW (Davies),isobar,4.35,752.5,0.5934378526120435
PerplexDEW (Davies),isobar,4.35,754.1666666666667,0.5983299032560793
PerplexDEW (Davies),isobar,4.35,755.8333333333334,0.6032510300880145
PerplexDEW (Davies),isobar,4.35,757.5,0.6082012763084335
PerplexDEW (Davies),isobar,5.0,485.0,0.11727306777165554
PerplexDEW (Davies),isobar,5.0,488.3333333333333,0.12047815000354302
PerplexDEW (Davies),isobar,5.0,491.6666666666667,0.12374947740655096
PerplexDEW (Davies),isobar,5.0,495.0,0.12708786125366495
PerplexDEW (Davies),isobar,5.0,498.3333333333333,0.13049412699645488
PerplexDEW (Davies),isobar,5.0,501.6666666666667,0.13396907011457093
PerplexDEW (Davies),isobar,5.0,505.0,0.13751349923868922
PerplexDEW (Davies),isobar,5.0,508.3333333333333,0.14112822199334868
PerplexDEW (Davies),isobar,5.0,511.6666666666667,0.1448140619074081
PerplexDEW (Davies),isobar,5.0,515.0,0.1485718085801709
PerplexDEW (Davies),isobar,5.0,518.3333333333334,0.15240226648791338
PerplexDEW (Davies),isobar,5.0,521.6666666666666,0.15630622050032034
PerplexDEW (Davies),isobar,5.0,525.0,0.1602845094929608
PerplexDEW (Davies),isobar,5.0,528.3333333333334,0.16433791681950125
PerplexDEW (Davies),isobar,5.0,531.6666666666666,0.1684672428725905
PerplexDEW (Davies),isobar,5.0,535.0,0.17267326631756255
PerplexDEW (Davies),isobar,5.0,538.3333333333334,0.17695680549537326
PerplexDEW (Davies),isobar,5.0,541.6666666666666,0.1813186584045996
PerplexDEW (Davies),isobar,5.0,545.0,0.1857595997677561
PerplexDEW (Davies),isobar,5.0,548.3333333333334,0.1902804246676196
PerplexDEW (Davies),isobar,5.0,551.6666666666666,0.19488195193553684
PerplexDEW (Davies),isobar,5.0,555.0,0.19956495354282347
PerplexDEW (Davies),isobar,5.0,558.3333333333334,0.20433022429261313
PerplexDEW (Davies),isobar,5.0,561.6666666666666,0.20917855933457835
PerplexDEW (Davies),isobar,5.0,565.0,0.21411072751387597
PerplexDEW (Davies),isobar,5.0,568.3333333333334,0.21912755091351124
PerplexDEW (Davies),isobar,5.0,571.6666666666666,0.22422982739246267
PerplexDEW (Davies),isobar,5.0,575.0,0.229418297905037
PerplexDEW (Davies),isobar,5.0,578.3333333333334,0.234693819106962
PerplexDEW (Davies),isobar,5.0,581.6666666666666,0.24005713290293174
PerplexDEW (Davies),isobar,5.0,585.0,0.24550910416196256
PerplexDEW (Davies),isobar,5.0,588.3333333333334,0.2510504447472167
PerplexDEW (Davies),isobar,5.0,591.6666666666666,0.25668202711548804
PerplexDEW (Davies),isobar,5.0,595.0,0.2624046317729335
PerplexDEW (Davies),isobar,5.0,598.3333333333334,0.26821907563042674
PerplexDEW (Davies),isobar,5.0,601.6666666666666,0.27412618087721946
PerplexDEW (Davies),isobar,5.0,605.0,0.2801267011346879
PerplexDEW (Davies),isobar,5.0,608.3333333333334,0.2862215416455238
PerplexDEW (Davies),isobar,5.0,611.6666666666666,0.29241146582345007
PerplexDEW (Davies),isobar,5.0,615.0,0.2986973577483605
PerplexDEW (Davies),isobar,5.0,618.3333333333334,0.3050800730155616
PerplexDEW (Davies),isobar,5.0,621.6666666666667,0.3115603919581199
PerplexDEW (Davies),isobar,5.0,625.0,0.3181392271728005
PerplexDEW (Davies),isobar,5.0,628.3333333333334,0.32481741757715293
PerplexDEW (Davies),isobar,5.0,631.6666666666667,0.33159590139349077
PerplexDEW (Davies),isobar,5.0,635.0,0.3384754936659024
PerplexDEW (Davies),isobar,5.0,638.3333333333334,0.34545711058792083
PerplexDEW (Davies),isobar,5.0,641.6666666666667,0.352541683534179
PerplexDEW (Davies),isobar,5.0,645.0,0.3597301602315944
PerplexDEW (Davies),isobar,5.0,648.3333333333334,0.36702350598473704
PerplexDEW (Davies),isobar,5.0,651.6666666666667,0.3744225982660548
PerplexDEW (Davies),isobar,5.0,655.0,0.38192848802464113
PerplexDEW (Davies),isobar,5.0,658.3333333333334,0.3895421408102223
PerplexDEW (Davies),isobar,5.0,661.6666666666667,0.3972645968722562
PerplexDEW (Davies),isobar,5.0,665.0,0.40509692064017816
PerplexDEW (Davies),isobar,5.0,668.3333333333334,0.4130400814720395
PerplexDEW (Davies),isobar,5.0,671.6666666666667,0.4210951878673042
PerplexDEW (Davies),isobar,5.0,675.0,0.4292634404562989
PerplexDEW (Davies),isobar,5.0,678.3333333333334,0.43754594652140333
PerplexDEW (Davies),isobar,5.0,681.6666666666667,0.44594377268794183
PerplexDEW (Davies),isobar,5.0,685.0,0.4544582114241851
PerplexDEW (Davies),isobar,5.0,688.3333333333334,0.4630905276069385
PerplexDEW (Davies),isobar,5.0,691.6666666666667,0.4718418805709847
PerplexDEW (Davies),isobar,5.0,695.0,0.4807136025020413
PerplexDEW (Davies),isobar,5.0,698.3333333333334,0.4897071425955739
PerplexDEW (Davies),isobar,5.0,701.6666666666667,0.49882369281351746
PerplexDEW (Davies),isobar,5.0,705.0,0.5080647851181692
PerplexDEW (Davies),isobar,5.0,708.3333333333334,0.5174318454486366
PerplexDEW (Davies),isobar,5.0,711.6666666666667,0.5269264257206535
PerplexDEW (Davies),isobar,5.0,715.0,0.5365500461032424
PerplexDEW (Davies),isobar,5.0,718.3333333333334,0.5463042743653036
PerplexDEW (Davies),isobar,5.0,721.6666666666667,0.5561908173567027
PerplexDEW (Davies),isobar,5.0,725.0,0.5662114428642354
PerplexDEW (Davies),isobar,5.0,728.3333333333334,0.5763677952759656
PerplexDEW (Davies),isobar,5.0,731.6666666666667,0.5866617594237994
PerplexDEW (Davies),isobar,5.0,735.0,0.5970952895396257
PerplexDEW (Davies),isobar,5.0,738.3333333333334,0.607670315104084
PerplexDEW (Davies),isobar,5.0,741.6666666666667,0.6183888220427078
PerplexDEW (Davies),isobar,5.0,745.0,0.6292528746438417
PerplexDEW (Davies),isobar,5.0,748.3333333333334,0.6402648226005015
PerplexDEW (Davies),isobar,5.0,751.6666666666667,0.6514266679547466
PerplexDEW (Davies),isobar,5.0,755.0,0.6627410381865501
PerplexDEW (Davies),isobar,5.0,758.3333333333334,0.674210093096021
PerplexDEW (Davies),isobar,5.0,761.6666666666667,0.6858365328054341
PerplexDEW (Davies),isobar,5.0,765.0,0.6976228023639274
PerplexDEW (Davies),isobar,5.0,768.3333333333334,0.7095715528252623
PerplexDEW (Davies),isobar,5.0,771.6666666666667,0.7216859167702693
PerplexDEW (Davies),isobar,5.0,775.0,0.7339683744879192
PerplexDEW (Davies),isobar,5.0,778.3333333333334,0.7464221469763732
PerplexDEW (Davies),isobar,5.0,781.6666666666667,0.7590503129533277
PerplexDEW (Davies),isobar,5.0,785.0,0.771855921844758
PerplexDEW (Davies),isobar,5.0,788.3333333333334,0.7848427077594144
PerplexDEW (Davies),isobar,5.0,791.6666666666667,0.7980136743777586
PerplexDEW (Davies),isobar,5.0,795.0,0.8113728250131846
PerplexDEW (Davies),isobar,5.0,798.3333333333334,0.8249235548783458
PerplexDEW (Davies),isobar,5.0,801.6666666666667,0.8386700074409187
PerplexDEW (Davies),isobar,5.0,805.0,0.8526160039918012
PerplexDEW (Davies),isobar,5.0,808.3333333333334,0.866765834196342
PerplexDEW (Davies),isobar,5.0,811.6666666666667,0.8811236087623529
PerplexDEW (Davies),isobar,5.0,815.0,0.8956939343694006
PerplexDEW (Davies),isobar,6.5,750.0,0.7643013787653729
PerplexDEW (Davies),isobar,6.5,751.010101010101,0.7686242920735762
PerplexDEW (Davies),isobar,6.5,752.020202020202,0.7729691647193481
PerplexDEW (Davies),isobar,6.5,753.030303030303,0.7773361528535816
PerplexDEW (Davies),isobar,6.5,754.040404040404,0.7817254171212641
PerplexDEW (Davies),isobar,6.5,755.0505050505051,0.7861371203058135
PerplexDEW (Davies),isobar,6.5,756.060606060606,0.7905715446931346
PerplexDEW (Davies),isobar,6.5,757.070707070707,0.7950286237277087
PerplexDEW (Davies),isobar,6.5,758.0808080808081,0.7995087624373873
PerplexDEW (Davies),isobar,6.5,759.0909090909091,0.8040120151651364
PerplexDEW (Davies),isobar,6.5,760.10101010101,0.8085385558827547
PerplexDEW (Davies),isobar,6.5,761.1111111111111,0.8130886831118849
PerplexDEW (Davies),isobar,6.5,762.1212121212121,0.817662332079272
PerplexDEW (Davies),isobar,6.5,763.1313131313132,0.8222599293109861
PerplexDEW (Davies),isobar,6.5,764.1414141414141,0.8268815361024192
PerplexDEW (Davies),isobar,6.5,765.1515151515151,0.831527338433178
PerplexDEW (Davies),isobar,6.5,766.1616161616162,0.8361975247812377
PerplexDEW (Davies),isobar,6.5,767.1717171717172,0.8408924145751763
PerplexDEW (Davies),isobar,6.5,768.1818181818181,0.8456120751171671
PerplexDEW (Davies),isobar,6.5,769.1919191919192,0.8503567026249117
PerplexDEW (Davies),isobar,6.5,770.2020202020202,0.8551264959578964
PerplexDEW (Davies),isobar,6.5,771.2121212121212,0.8599217939700944
PerplexDEW (Davies),isobar,6.5,772.2222222222222,0.8647426613983297
PerplexDEW (Davies),isobar,6.5,773.2323232323232,0.8695893097198979
PerplexDEW (Davies),isobar,6.5,774.2424242424242,0.8744619487705373
PerplexDEW (Davies),isobar,6.5,775.2525252525253,0.8793609285095232
PerplexDEW (Davies),isobar,6.5,776.2626262626262,0.8842863295074368
PerplexDEW (Davies),isobar,6.5,777.2727272727273,0.8892383702500567
PerplexDEW (Davies),isobar,6.5,778.2828282828283,0.8942172721745266
PerplexDEW (Davies),isobar,6.5,779.2929292929293,0.8992234017245937
PerplexDEW (Davies),isobar,6.5,780.3030303030303,0.9042568467734533
PerplexDEW (Davies),isobar,6.5,781.3131313131313,0.9093178378982533
PerplexDEW (Davies),isobar,6.5,782.3232323232323,0.914406754484907
PerplexDEW (Davies),isobar,6.5,783.3333333333334,0.919523543261167
PerplexDEW (Davies),isobar,6.5,784.3434343434343,0.9246688851555344
PerplexDEW (Davies),isobar,6.5,785.3535353535353,0.9298425826925155
PerplexDEW (Davies),isobar,6.5,786.3636363636364,0.9350451802389655
PerplexDEW (Davies),isobar,6.5,787.3737373737374,0.9402767796129454
PerplexDEW (Davies),isobar,6.5,788.3838383838383,0.9455376342253141
PerplexDEW (Davies),isobar,6.5,789.3939393939394,0.9508281556633928
PerplexDEW (Davies),isobar,6.5,790.4040404040404,0.9561484522042312
PerplexDEW (Davies),isobar,6.5,791.4141414141415,0.9614989452006296
PerplexDEW (Davies),isobar,6.5,792.4242424242424,0.9668795885737193
PerplexDEW (Davies),isobar,6.5,793.4343434343434,0.972290969747928
PerplexDEW (Davies),isobar,6.5,794.4444444444445,0.9777333677200791
PerplexDEW (Davies),isobar,6.5,795.4545454545455,0.9832067391413515
PerplexDEW (Davies),isobar,6.5,796.4646464646464,0.9887118556059997
PerplexDEW (Davies),isobar,6.5,797.4747474747475,0.9942485140451444
PerplexDEW (Davies),isobar,6.5,798.4848484848485,0.9998173350563333
PerplexDEW (Davies),isobar,6.5,799.4949494949495,1.0054184481448678
PerplexDEW (Davies),isobar,6.5,800.5050505050505,1.011052151325384
PerplexDEW (Davies),isobar,6.5,801.5151515151515,1.0167189186478458
PerplexDEW (Davies),isobar,6.5,802.5252525252525,1.022418887348936
PerplexDEW (Davies),isobar,6.5,803.5353535353536,1.028152542880679
PerplexDEW (Davies),isobar,6.5,804.5454545454545,1.0339200278440928
PerplexDEW (Davies),isobar,6.5,805.5555555555555,1.0397216610997349
PerplexDEW (Davies),isobar,6.5,806.5656565656566,1.0455579457390534
PerplexDEW (Davies),isobar,6.5,807.5757575757576,1.0514290326811286
PerplexDEW (Davies),isobar,6.5,808.5858585858585,1.0573354371823929
PerplexDEW (Davies),isobar,6.5,809.5959595959596,1.0632773159311997
PerplexDEW (Davies),isobar,6.5,810.6060606060606,1.0692550100852791
PerplexDEW (Davies),isobar,6.5,811.6161616161617,1.075269053721858
PerplexDEW (Davies),isobar,6.5,812.6262626262626,1.0813196124708744
PerplexDEW (Davies),isobar,6.5,813.6363636363636,1.0874070415927497
PerplexDEW (Davies),isobar,6.5,814.6464646464647,1.0935318947320902
PerplexDEW (Davies),isobar,6.5,815.6565656565657,1.0996945422307565
PerplexDEW (Davies),isobar,6.5,816.6666666666666,1.1058949650963903
PerplexDEW (Davies),isobar,6.5,817.6767676767677,1.112133930896186
PerplexDEW (Davies),isobar,6.5,818.6868686868687,1.1184118252470021
PerplexDEW (Davies),isobar,6.5,819.6969696969697,1.124728836238881
PerplexDEW (Davies),isobar,6.5,820.7070707070707,1.131085354372042
PerplexDEW (Davies),isobar,6.5,821.7171717171717,1.137481982076836
PerplexDEW (Davies),isobar,6.5,822.7272727272727,1.1439189177525992
PerplexDEW (Davies),isobar,6.5,823.7373737373738,1.1503967786170413
PerplexDEW (Davies),isobar,6.5,824.7474747474747,1.156915770212282
PerplexDEW (Davies),isobar,6.5,825.7575757575758,1.1634765249358383
PerplexDEW (Davies),isobar,6.5,826.7676767676768,1.1700790389834004
PerplexDEW (Davies),isobar,6.5,827.7777777777778,1.1767243916383203
PerplexDEW (Davies),isobar,6.5,828.7878787878788,1.1834125887098075
PerplexDEW (Davies),isobar,6.5,829.7979797979798,1.1901440711537798
PerplexDEW (Davies),isobar,6.5,830.8080808080808,1.1969195110671895
PerplexDEW (Davies),isobar,6.5,831.8181818181819,1.2037391405908173
PerplexDEW (Davies),isobar,6.5,832.8282828282828,1.2106036484624718
PerplexDEW (Davies),isobar,6.5,833.8383838383838,1.217513274923741
PerplexDEW (Davies),isobar,6.5,834.8484848484849,1.224468491685435
PerplexDEW (Davies),isobar,6.5,835.8585858585859,1.231470013241056
PerplexDEW (Davies),isobar,6.5,836.8686868686868,1.2385183311179653
PerplexDEW (Davies),isobar,6.5,837.8787878787879,1.2456137024517233
PerplexDEW (Davies),isobar,6.5,838.8888888888889,1.252756625120433
PerplexDEW (Davies),isobar,6.5,839.89898989899,1.2599478496448981
PerplexDEW (Davies),isobar,6.5,840.9090909090909,1.267187646415195
PerplexDEW (Davies),isobar,6.5,841.9191919191919,1.2744767846950513
PerplexDEW (Davies),isobar,6.5,842.929292929293,1.2818155440523404
PerplexDEW (Davies),isobar,6.5,843.939393939394,1.2892047129990303
PerplexDEW (Davies),isobar,6.5,844.9494949494949,1.2966445805388545
PerplexDEW (Davies),isobar,6.5,845.959595959596,1.3041359549520428
PerplexDEW (Davies),isobar,6.5,846.969696969697,1.3116791349427954
PerplexDEW (Davies),isobar,6.5,847.9797979797979,1.3192746826290314
PerplexDEW (Davies),isobar,6.5,848.989898989899,1.3269234368992726
PerplexDEW (Davies),isobar,6.5,850.0,1.334625983410774
PerplexDEW (Davies),isobar,7.0,650.0,0.4417414228664634
PerplexDEW (Davies),isobar,7.0,651.010101010101,0.44455471318863127
PerplexDEW (Davies),isobar,7.0,652.020202020202,0.44738191413453465
PerplexDEW (Davies),isobar,7.0,653.030303030303,0.45022297995245514
PerplexDEW (Davies),isobar,7.0,654.040404040404,0.453078074815089
PerplexDEW (Davies),isobar,7.0,655.0505050505051,0.455947205898161
PerplexDEW (Davies),isobar,7.0,656.060606060606,0.45883043329997253
PerplexDEW (Davies),isobar,7.0,657.070707070707,0.46172781767558474
PerplexDEW (Davies),isobar,7.0,658.0808080808081,0.4646394202470151
PerplexDEW (Davies),isobar,7.0,659.0909090909091,0.46756533046611093
PerplexDEW (Davies),isobar,7.0,660.10101010101,0.47050558349846106
PerplexDEW (Davies),isobar,7.0,661.1111111111111,0.4734602704197321
PerplexDEW (Davies),isobar,7.0,662.1212121212121,0.47642939887811425
PerplexDEW (Davies),isobar,7.0,663.1313131313132,0.47941308948630046
PerplexDEW (Davies),isobar,7.0,664.1414141414141,0.48241140776223423
PerplexDEW (Davies),isobar,7.0,665.1515151515151,0.48542436193666394
PerplexDEW (Davies),isobar,7.0,666.1616161616162,0.4884521050794677
PerplexDEW (Davies),isobar,7.0,667.1717171717172,0.4914946465286439
PerplexDEW (Davies),isobar,7.0,668.1818181818181,0.4945520537931861
PerplexDEW (Davies),isobar,7.0,669.1919191919192,0.49762439507244605
PerplexDEW (Davies),isobar,7.0,670.2020202020202,0.5007117994977156
PerplexDEW (Davies),isobar,7.0,671.2121212121212,0.5038142166956431
PerplexDEW (Davies),isobar,7.0,672.2222222222222,0.5069318685297577
PerplexDEW (Davies),isobar,7.0,673.2323232323232,0.5100647357574821
PerplexDEW (Davies),isobar,7.0,674.2424242424242,0.5132128591715935
PerplexDEW (Davies),isobar,7.0,675.2525252525253,0.5163764045807476
PerplexDEW (Davies),isobar,7.0,676.2626262626262,0.5195554468417537
PerplexDEW (Davies),isobar,7.0,677.2727272727273,0.5227499344585087
PerplexDEW (Davies),isobar,7.0,678.2828282828283,0.5259600691271441
PerplexDEW (Davies),isobar,7.0,679.2929292929293,0.5291858635964697
PerplexDEW (Davies),isobar,7.0,680.3030303030303,0.5324274596249863
PerplexDEW (Davies),isobar,7.0,681.3131313131313,0.5356848378826248
PerplexDEW (Davies),isobar,7.0,682.3232323232323,0.5389581751544942
PerplexDEW (Davies),isobar,7.0,683.3333333333334,0.5422474523498851
PerplexDEW (Davies),isobar,7.0,684.3434343434343,0.5455528495719258
PerplexDEW (Davies),isobar,7.0,685.3535353535353,0.5488743818309743
PerplexDEW (Davies),isobar,7.0,686.3636363636364,0.5522121993356433
PerplexDEW (Davies),isobar,7.0,687.3737373737374,0.5555663179451105
PerplexDEW (Davies),isobar,7.0,688.3838383838383,0.5589368908467043
PerplexDEW (Davies),isobar,7.0,689.3939393939394,0.5623238650153319
PerplexDEW (Davies),isobar,7.0,690.4040404040404,0.565727535718719
PerplexDEW (Davies),isobar,7.0,691.4141414141415,0.5691477805447468
PerplexDEW (Davies),isobar,7.0,692.4242424242424,0.5725848286565315
PerplexDEW (Davies),isobar,7.0,693.4343434343434,0.5760387707235418
PerplexDEW (Davies),isobar,7.0,694.4444444444445,0.5795096259581238
PerplexDEW (Davies),isobar,7.0,695.4545454545455,0.5829974855230088
PerplexDEW (Davies),isobar,7.0,696.4646464646464,0.5865025153570396
PerplexDEW (Davies),isobar,7.0,697.4747474747475,0.5900248105584345
PerplexDEW (Davies),isobar,7.0,698.4848484848485,0.5935643551316031
PerplexDEW (Davies),isobar,7.0,699.4949494949495,0.5971213570146517
PerplexDEW (Davies),isobar,7.0,700.5050505050505,0.6006958768182812
PerplexDEW (Davies),isobar,7.0,701.5151515151515,0.6042879751822512
PerplexDEW (Davies),isobar,7.0,702.5252525252525,0.6078978285798534
PerplexDEW (Davies),isobar,7.0,703.5353535353536,0.6115254615110226
PerplexDEW (Davies),isobar,7.0,704.5454545454545,0.6151710541572918
PerplexDEW (Davies),isobar,7.0,705.5555555555555,0.6188346323582213
PerplexDEW (Davies),isobar,7.0,706.5656565656566,0.6225163801065816
PerplexDEW (Davies),isobar,7.0,707.5757575757576,0.6262163246448044
PerplexDEW (Davies),isobar,7.0,708.5858585858585,0.6299346538826998
PerplexDEW (Davies),isobar,7.0,709.5959595959596,0.6336714780807866
PerplexDEW (Davies),isobar,7.0,710.6060606060606,0.637426826716498
PerplexDEW (Davies),isobar,7.0,711.6161616161617,0.6412008937883512
PerplexDEW (Davies),isobar,7.0,712.6262626262626,0.6449937103434489
PerplexDEW (Davies),isobar,7.0,713.6363636363636,0.6488054745749177
PerplexDEW (Davies),isobar,7.0,714.6464646464647,0.6526362191692722
PerplexDEW (Davies),isobar,7.0,715.6565656565657,0.6564861466306596
PerplexDEW (Davies),isobar,7.0,716.6666666666666,0.6603552913570323
PerplexDEW (Davies),isobar,7.0,717.6767676767677,0.6642439471288583
PerplexDEW (Davies),isobar,7.0,718.6868686868687,0.6681519771264569
PerplexDEW (Davies),isobar,7.0,719.6969696969697,0.6720797672300782
PerplexDEW (Davies),isobar,7.0,720.7070707070707,0.6760272686577673
PerplexDEW (Davies),isobar,7.0,721.7171717171717,0.6799946079585819
PerplexDEW (Davies),isobar,7.0,722.7272727272727,0.6839820940480287
PerplexDEW (Davies),isobar,7.0,723.7373737373738,0.6879896790109165
PerplexDEW (Davies),isobar,7.0,724.7474747474747,0.6920174945099082
PerplexDEW (Davies),isobar,7.0,725.7575757575758,0.6960657664831809
PerplexDEW (Davies),isobar,7.0,726.7676767676768,0.7001346323308192
PerplexDEW (Davies),isobar,7.0,727.7777777777778,0.7042242312936491
PerplexDEW (Davies),isobar,7.0,728.7878787878788,0.7083346097115641
PerplexDEW (Davies),isobar,7.0,729.7979797979798,0.712466003842629
PerplexDEW (Davies),isobar,7.0,730.8080808080808,0.7166185586030048
PerplexDEW (Davies),isobar,7.0,731.8181818181819,0.7207923237932
PerplexDEW (Davies),isobar,7.0,732.8282828282828,0.7249875437845228
PerplexDEW (Davies),isobar,7.0,733.8383838383838,0.7292043694363606
PerplexDEW (Davies),isobar,7.0,734.8484848484849,0.7334428542158596
PerplexDEW (Davies),isobar,7.0,735.8585858585859,0.7377032509466785
PerplexDEW (Davies),isobar,7.0,736.8686868686868,0.7419857167102091
PerplexDEW (Davies),isobar,7.0,737.8787878787879,0.7462903088553001
PerplexDEW (Davies),isobar,7.0,738.8888888888889,0.750617391716575
PerplexDEW (Davies),isobar,7.0,739.89898989899,0.7549669243118498
PerplexDEW (Davies),isobar,7.0,740.9090909090909,0.7593390699733101
PerplexDEW (Davies),isobar,7.0,741.9191919191919,0.763734204739765
PerplexDEW (Davies),isobar,7.0,742.929292929293,0.7681522894055687
PerplexDEW (Davies),isobar,7.0,743.939393939394,0.7725936011150174
PerplexDEW (Davies),isobar,7.0,744.9494949494949,0.7770583150120569
PerplexDEW (Davies),isobar,7.0,745.959595959596,0.781546608661921
PerplexDEW (Davies),isobar,7.0,746.969696969697,0.7860585524629442
PerplexDEW (Davies),isobar,7.0,747.9797979797979,0.7905944367511236
PerplexDEW (Davies),isobar,7.0,748.989898989899,0.7951544465507433
PerplexDEW (Davies),isobar,7.0,750.0,0.7997387694566584
PerplexDEW (Davies),isobar,7.5,485.0,0.13836065983504425
PerplexDEW (Davies),isobar,7.5,488.3333333333333,0.14224252238285012
PerplexDEW (Davies),isobar,7.5,491.6666666666667,0.1462091330733099
PerplexDEW (Davies),isobar,7.5,495.0,0.15026172091765752
PerplexDEW (Davies),isobar,7.5,498.3333333333333,0.15440150015716053
PerplexDEW (Davies),isobar,7.5,501.6666666666667,0.15862972696958547
PerplexDEW (Davies),isobar,7.5,505.0,0.16294762794295622
PerplexDEW (Davies),isobar,7.5,508.3333333333333,0.16735645812241598
PerplexDEW (Davies),isobar,7.5,511.6666666666667,0.17185747183088804
PerplexDEW (Davies),isobar,7.5,515.0,0.17645193008016657
PerplexDEW (Davies),isobar,7.5,518.3333333333334,0.18114111815319964
PerplexDEW (Davies),isobar,7.5,521.6666666666666,0.18592628563408342
PerplexDEW (Davies),isobar,7.5,525.0,0.19080873243117916
PerplexDEW (Davies),isobar,7.5,528.3333333333334,0.19578974912454705
PerplexDEW (Davies),isobar,7.5,531.6666666666666,0.20087063416292825
PerplexDEW (Davies),isobar,7.5,535.0,0.20605268411171276
PerplexDEW (Davies),isobar,7.5,538.3333333333334,0.21133723404644647
PerplexDEW (Davies),isobar,7.5,541.6666666666666,0.2167255876768931
PerplexDEW (Davies),isobar,7.5,545.0,0.2222190886634109
PerplexDEW (Davies),isobar,7.5,548.3333333333334,0.22781908050186672
PerplexDEW (Davies),isobar,7.5,551.6666666666666,0.23352692877993037
PerplexDEW (Davies),isobar,7.5,555.0,0.23934398754307704
PerplexDEW (Davies),isobar,7.5,558.3333333333334,0.24527163353005657
PerplexDEW (Davies),isobar,7.5,561.6666666666666,0.2513112432344583
PerplexDEW (Davies),isobar,7.5,565.0,0.25746424393650963
PerplexDEW (Davies),isobar,7.5,568.3333333333334,0.2637320262835785
PerplexDEW (Davies),isobar,7.5,571.6666666666666,0.2701160341446163
PerplexDEW (Davies),isobar,7.5,575.0,0.2766177146061287
PerplexDEW (Davies),isobar,7.5,578.3333333333334,0.28323853167212754
PerplexDEW (Davies),isobar,7.5,581.6666666666666,0.28997996738724396
PerplexDEW (Davies),isobar,7.5,585.0,0.29684349234740204
PerplexDEW (Davies),isobar,7.5,588.3333333333334,0.3038306573940312
PerplexDEW (Davies),isobar,7.5,591.6666666666666,0.31094300622998117
PerplexDEW (Davies),isobar,7.5,595.0,0.3181820726811871
PerplexDEW (Davies),isobar,7.5,598.3333333333334,0.32554946324257017
PerplexDEW (Davies),isobar,7.5,601.6666666666666,0.33304679526866865
PerplexDEW (Davies),isobar,7.5,605.0,0.3406757145504136
PerplexDEW (Davies),isobar,7.5,608.3333333333334,0.34843786019840933
PerplexDEW (Davies),isobar,7.5,611.6666666666666,0.3563349758326636
PerplexDEW (Davies),isobar,7.5,615.0,0.3643687850184658
PerplexDEW (Davies),isobar,7.5,618.3333333333334,0.37254104615221684
PerplexDEW (Davies),isobar,7.5,621.6666666666667,0.3808535959706816
PerplexDEW (Davies),isobar,7.5,625.0,0.38930827298690146
PerplexDEW (Davies),isobar,7.5,628.3333333333334,0.39790695817653876
PerplexDEW (Davies),isobar,7.5,631.6666666666667,0.40665162231387375
PerplexDEW (Davies),isobar,7.5,635.0,0.41554424342177154
PerplexDEW (Davies),isobar,7.5,638.3333333333334,0.4245868980048564
PerplexDEW (Davies),isobar,7.5,641.6666666666667,0.4337816502208188
PerplexDEW (Davies),isobar,7.5,645.0,0.4431306697526327
PerplexDEW (Davies),isobar,7.5,648.3333333333334,0.45263619118548903
PerplexDEW (Davies),isobar,7.5,651.6666666666667,0.46230051813204415
PerplexDEW (Davies),isobar,7.5,655.0,0.4721260009017154
PerplexDEW (Davies),isobar,7.5,658.3333333333334,0.48211511977648785
PerplexDEW (Davies),isobar,7.5,661.6666666666667,0.4922703282355758
PerplexDEW (Davies),isobar,7.5,665.0,0.5025942742669649
PerplexDEW (Davies),isobar,7.5,668.3333333333334,0.5130897019007622
PerplexDEW (Davies),isobar,7.5,671.6666666666667,0.5237593356623483
PerplexDEW (Davies),isobar,7.5,675.0,0.5346061201155029
PerplexDEW (Davies),isobar,7.5,678.3333333333334,0.5456330500451461
PerplexDEW (Davies),isobar,7.5,681.6666666666667,0.5568433001404826
PerplexDEW (Davies),isobar,7.5,685.0,0.5682401087147562
PerplexDEW (Davies),isobar,7.5,688.3333333333334,0.5798267648178211
PerplexDEW (Davies),isobar,7.5,691.6666666666667,0.5916069072825785
PerplexDEW (Davies),isobar,7.5,695.0,0.603584112458698
PerplexDEW (Davies),isobar,7.5,698.3333333333334,0.6157622507741455
PerplexDEW (Davies),isobar,7.5,701.6666666666667,0.6281452464562086
PerplexDEW (Davies),isobar,7.5,705.0,0.640737307938118
PerplexDEW (Davies),isobar,7.5,708.3333333333334,0.6535427510197961
PerplexDEW (Davies),isobar,7.5,711.6666666666667,0.6665660816917031
PerplexDEW (Davies),isobar,7.5,715.0,0.6798120492583776
PerplexDEW (Davies),isobar,7.5,718.3333333333334,0.6932855758089451
PerplexDEW (Davies),isobar,7.5,721.6666666666667,0.7069918968761291
PerplexDEW (Davies),isobar,7.5,725.0,0.7209362634371912
PerplexDEW (Davies),isobar,7.5,728.3333333333334,0.7351244445629048
PerplexDEW (Davies),isobar,7.5,731.6666666666667,0.7495623410868665
PerplexDEW (Davies),isobar,7.5,735.0,0.7642561307331209
PerplexDEW (Davies),isobar,7.5,738.3333333333334,0.7792123342067335
PerplexDEW (Davies),isobar,7.5,741.6666666666667,0.7944376796993529
PerplexDEW (Davies),isobar,7.5,745.0,0.8099393757974698
PerplexDEW (Davies),isobar,7.5,748.3333333333334,0.8257248723611932
PerplexDEW (Davies),isobar,7.5,751.6666666666667,0.8418019209728121
PerplexDEW (Davies),isobar,7.5,755.0,0.8581787621840795
PerplexDEW (Davies),isobar,7.5,758.3333333333334,0.8748640402639652
PerplexDEW (Davies),isobar,7.5,761.6666666666667,0.89186682433111
PerplexDEW (Davies),isobar,7.5,765.0,0.9091964381625915
PerplexDEW (Davies),isobar,7.5,768.3333333333334,0.9268629172600955
PerplexDEW (Davies),isobar,7.5,771.6666666666667,0.9448765265177129
PerplexDEW (Davies),isobar,7.5,775.0,0.9632484456534905
PerplexDEW (Davies),isobar,7.5,778.3333333333334,0.9819899918484062
PerplexDEW (Davies),isobar,7.5,781.6666666666667,1.0011131786830176
PerplexDEW (Davies),isobar,7.5,785.0,1.0206306126646216
PerplexDEW (Davies),isobar,7.5,788.3333333333334,1.040555680876577
PerplexDEW (Davies),isobar,7.5,791.6666666666667,1.060902118833902
PerplexDEW (Davies),isobar,7.5,795.0,1.0816846653526504
PerplexDEW (Davies),isobar,7.5,798.3333333333334,1.1029186288657233
PerplexDEW (Davies),isobar,7.5,801.6666666666667,1.1246200766697187
PerplexDEW (Davies),isobar,7.5,805.0,1.1468058729036046
PerplexDEW (Davies),isobar,7.5,808.3333333333334,1.1694937183983904
PerplexDEW (Davies),isobar,7.5,811.6666666666667,1.1927021925021009
PerplexDEW (Davies),isobar,7.5,815.0,1.2164507969925695
PerplexDEW (Davies),isobar,8.0,850.0,1.5867354978927168
PerplexDEW (Davies),isobar,8.0,851.010101010101,1.597161839880957
PerplexDEW (Davies),isobar,8.0,852.020202020202,1.6076800333563577
PerplexDEW (Davies),isobar,8.0,853.030303030303,1.618291605941242
PerplexDEW (Davies),isobar,8.0,854.040404040404,1.62899780348515
PerplexDEW (Davies),isobar,8.0,855.0505050505051,1.6397995684512074
PerplexDEW (Davies),isobar,8.0,856.060606060606,1.650698501117634
PerplexDEW (Davies),isobar,8.0,857.070707070707,1.6616955759180196
PerplexDEW (Davies),isobar,8.0,858.0808080808081,1.6727921064508728
PerplexDEW (Davies),isobar,8.0,859.0909090909091,1.6839897654246723
PerplexDEW (Davies),isobar,8.0,860.10101010101,1.6952899199510174
PerplexDEW (Davies),isobar,8.0,861.1111111111111,1.706693611671689
PerplexDEW (Davies),isobar,8.0,862.1212121212121,1.7182025895165807
PerplexDEW (Davies),isobar,8.0,863.1313131313132,1.729817930451445
PerplexDEW (Davies),isobar,8.0,864.1414141414141,1.7415410764096895
PerplexDEW (Davies),isobar,8.0,865.1515151515151,1.7533738561663323
PerplexDEW (Davies),isobar,8.0,866.1616161616162,1.7653177812517267
PerplexDEW (Davies),isobar,8.0,867.1717171717172,1.7773739821760208
PerplexDEW (Davies),isobar,8.0,868.1818181818181,1.789544381980574
PerplexDEW (Davies),isobar,8.0,869.1919191919192,1.8018301710346298
PerplexDEW (Davies),isobar,8.0,870.2020202020202,1.8142331267849392
PerplexDEW (Davies),isobar,8.0,871.2121212121212,1.8267550613456414
PerplexDEW (Davies),isobar,8.0,872.2222222222222,1.839397027609319
PerplexDEW (Davies),isobar,8.0,873.2323232323232,1.8521614828759956
PerplexDEW (Davies),isobar,8.0,874.2424242424242,1.8650495251006607
PerplexDEW (Davies),isobar,8.0,875.2525252525253,1.8780630738517075
PerplexDEW (Davies),isobar,8.0,876.2626262626262,1.8912040863715398
PerplexDEW (Davies),isobar,8.0,877.2727272727273,1.9044739235382746
PerplexDEW (Davies),isobar,8.0,878.2828282828283,1.9178748105157182
PerplexDEW (Davies),isobar,8.0,879.2929292929293,1.9314081546507984
PerplexDEW (Davies),isobar,8.0,880.3030303030303,1.9450762501551466
PerplexDEW (Davies),isobar,8.0,881.3131313131313,1.958880552513072
PerplexDEW (Davies),isobar,8.0,882.3232323232323,1.9728234273919818
PerplexDEW (Davies),isobar,8.0,883.3333333333334,1.9869066087788
PerplexDEW (Davies),isobar,8.0,884.3434343434343,2.0011318504347453
PerplexDEW (Davies),isobar,8.0,885.3535353535353,2.0155018646033795
PerplexDEW (Davies),isobar,8.0,886.3636363636364,2.0300175309340442
PerplexDEW (Davies),isobar,8.0,887.3737373737374,2.0446823497935167
PerplexDEW (Davies),isobar,8.0,888.3838383838383,2.059497490219479
PerplexDEW (Davies),isobar,8.0,889.3939393939394,2.0744650939478864
PerplexDEW (Davies),isobar,8.0,890.4040404040404,2.0895878386348197
PerplexDEW (Davies),isobar,8.0,891.4141414141415,2.1048674481849656
PerplexDEW (Davies),isobar,8.0,892.4242424242424,2.120306685361864
PerplexDEW (Davies),isobar,8.0,893.4343434343434,2.135907855568743
PerplexDEW (Davies),isobar,8.0,894.4444444444445,2.1516727734772063
PerplexDEW (Davies),isobar,8.0,895.4545454545455,2.1676037996784125
PerplexDEW (Davies),isobar,8.0,896.4646464646464,2.1837038765732695
PerplexDEW (Davies),isobar,8.0,897.4747474747475,2.1999754650143704
PerplexDEW (Davies),isobar,8.0,898.4848484848485,2.216420508698588
PerplexDEW (Davies),isobar,8.0,899.4949494949495,2.2330415280786626
PerplexDEW (Davies),isobar,8.0,900.5050505050505,2.249841658704462
PerplexDEW (Davies),isobar,8.0,901.5151515151515,2.2668235288347844
PerplexDEW (Davies),isobar,8.0,902.5252525252525,2.283989221430075
PerplexDEW (Davies),isobar,8.0,903.5353535353536,2.3013417279661708
PerplexDEW (Davies),isobar,8.0,904.5454545454545,2.3188841014539863
PerplexDEW (Davies),isobar,8.0,905.5555555555555,2.3366182295184004
PerplexDEW (Davies),isobar,8.0,906.5656565656566,2.354547864311158
PerplexDEW (Davies),isobar,8.0,907.5757575757576,2.3726759101817665
PerplexDEW (Davies),isobar,8.0,908.5858585858585,2.391004680480093
PerplexDEW (Davies),isobar,8.0,909.5959595959596,2.4095378017208944
PerplexDEW (Davies),isobar,8.0,910.6060606060606,2.4282776703769944
PerplexDEW (Davies),isobar,8.0,911.6161616161617,2.4472280338663004
PerplexDEW (Davies),isobar,8.0,912.6262626262626,2.466391375222039
PerplexDEW (Davies),isobar,8.0,913.6363636363636,2.485771567526992
PerplexDEW (Davies),isobar,8.0,914.6464646464647,2.505371183994468
PerplexDEW (Davies),isobar,8.0,915.6565656565657,2.5251938749390956
PerplexDEW (Davies),isobar,8.0,916.6666666666666,2.545243367853705
PerplexDEW (Davies),isobar,8.0,917.6767676767677,2.5655223784339203
PerplexDEW (Davies),isobar,8.0,918.6868686868687,2.586035116331143
PerplexDEW (Davies),isobar,8.0,919.6969696969697,2.606784023082423
PerplexDEW (Davies),isobar,8.0,920.7070707070707,2.6277745754025648
PerplexDEW (Davies),isobar,8.0,921.7171717171717,2.6490085707636637
PerplexDEW (Davies),isobar,8.0,922.7272727272727,2.670490887568985
PerplexDEW (Davies),isobar,8.0,923.7373737373738,2.6922245551378134
PerplexDEW (Davies),isobar,8.0,924.7474747474747,2.714214234073472
PerplexDEW (Davies),isobar,8.0,925.7575757575758,2.736463475935184
PerplexDEW (Davies),isobar,8.0,926.7676767676768,2.7589758794044124
PerplexDEW (Davies),isobar,8.0,927.7777777777778,2.7817563522196194
PerplexDEW (Davies),isobar,8.0,928.7878787878788,2.804808218228328
PerplexDEW (Davies),isobar,8.0,929.7979797979798,2.828136577696382
PerplexDEW (Davies),isobar,8.0,930.8080808080808,2.8517448450487755
PerplexDEW (Davies),isobar,8.0,931.8181818181819,2.8756383005387582
PerplexDEW (Davies),isobar,8.0,932.8282828282828,2.899820528612989
PerplexDEW (Davies),isobar,8.0,933.8383838383838,2.9242969806397285
PerplexDEW (Davies),isobar,8.0,934.8484848484849,2.9490713806106092
PerplexDEW (Davies),isobar,8.0,935.8585858585859,2.9741493772319343
PerplexDEW (Davies),isobar,8.0,936.8686868686868,2.9995348407074776
PerplexDEW (Davies),isobar,8.0,937.8787878787879,3.0252336259101127
PerplexDEW (Davies),isobar,8.0,938.8888888888889,3.051249756332344
PerplexDEW (Davies),isobar,8.0,939.89898989899,3.0775893023490264
PerplexDEW (Davies),isobar,8.0,940.9090909090909,3.1042564482619284
PerplexDEW (Davies),isobar,8.0,941.9191919191919,3.131257489826213
PerplexDEW (Davies),isobar,8.0,942.929292929293,3.1585967801494954
PerplexDEW (Davies),isobar,8.0,943.939393939394,3.1862808508292413
PerplexDEW (Davies),isobar,8.0,944.9494949494949,3.21431423228909
PerplexDEW (Davies),isobar,8.0,945.959595959596,3.2427037030572463
PerplexDEW (Davies),isobar,8.0,946.969696969697,3.2714539799391034
PerplexDEW (Davies),isobar,8.0,947.9797979797979,3.300570962304233
PerplexDEW (Davies),isobar,8.0,948.989898989899,3.330062398710507
PerplexDEW (Davies),isobar,8.0,950.0,3.359932743683963
PerplexDEW (Davies),isobar,8.8,690.0,0.6378068507903767
PerplexDEW (Davies),isobar,8.8,692.2222222222222,0.6465901627242826
PerplexDEW (Davies),isobar,8.8,694.4444444444445,0.6554772447351442
PerplexDEW (Davies),isobar,8.8,696.6666666666666,0.664469632845878
PerplexDEW (Davies),isobar,8.8,698.8888888888889,0.6735688698639233
PerplexDEW (Davies),isobar,8.8,701.1111111111111,0.6827766209006635
PerplexDEW (Davies),isobar,8.8,703.3333333333334,0.6920945270155497
PerplexDEW (Davies),isobar,8.8,705.5555555555555,0.7015244369843786
PerplexDEW (Davies),isobar,8.8,707.7777777777778,0.7110680219340139
PerplexDEW (Davies),isobar,8.8,710.0,0.7207271648722693
PerplexDEW (Davies),isobar,8.8,712.2222222222222,0.7305038107970149
PerplexDEW (Davies),isobar,8.8,714.4444444444445,0.7403998843601576
PerplexDEW (Davies),isobar,8.8,716.6666666666666,0.7504174572530558
PerplexDEW (Davies),isobar,8.8,718.8888888888889,0.7605585826042415
PerplexDEW (Davies),isobar,8.8,721.1111111111111,0.7708255133647532
PerplexDEW (Davies),isobar,8.8,723.3333333333334,0.781220398054791
PerplexDEW (Davies),isobar,8.8,725.5555555555555,0.7917455919302789
PerplexDEW (Davies),isobar,8.8,727.7777777777778,0.8024035304925221
PerplexDEW (Davies),isobar,8.8,730.0,0.81319658802074
PerplexDEW (Davies),isobar,8.8,732.2222222222222,0.8241274108129828
PerplexDEW (Davies),isobar,8.8,734.4444444444445,0.8351985382689009
PerplexDEW (Davies),isobar,8.8,736.6666666666666,0.846412846251686
PerplexDEW (Davies),isobar,8.8,738.8888888888889,0.8577730029149588
PerplexDEW (Davies),isobar,8.8,741.1111111111111,0.8692820781996191
PerplexDEW (Davies),isobar,8.8,743.3333333333334,0.8809429837444578
PerplexDEW (Davies),isobar,8.8,745.5555555555555,0.8927588911943005
PerplexDEW (Davies),isobar,8.8,747.7777777777778,0.9047329711936026
PerplexDEW (Davies),isobar,8.8,750.0,0.9168686724714036
PerplexDEW (Davies),isobar,8.8,752.2222222222222,0.9291693927316733
PerplexDEW (Davies),isobar,8.8,754.4444444444445,0.9416386444744562
PerplexDEW (Davies),isobar,8.8,756.6666666666666,0.9542801803544677
PerplexDEW (Davies),isobar,8.8,758.8888888888889,0.9670979476924457
PerplexDEW (Davies),isobar,8.8,761.1111111111111,0.9800956579424097
PerplexDEW (Davies),isobar,8.8,763.3333333333334,0.9932776551918908
PerplexDEW (Davies),isobar,8.8,765.5555555555555,1.0066480525720034
PerplexDEW (Davies),isobar,8.8,767.7777777777778,1.020211234741686
PerplexDEW (Davies),isobar,8.8,770.0,1.0339718079733435
PerplexDEW (Davies),isobar,8.8,772.2222222222222,1.0479344032014326
PerplexDEW (Davies),isobar,8.8,774.4444444444445,1.0621039528610274
PerplexDEW (Davies),isobar,8.8,776.6666666666666,1.0764854929531862
PerplexDEW (Davies),isobar,8.8,778.8888888888889,1.0910841618571936
PerplexDEW (Davies),isobar,8.8,781.1111111111111,1.1059055027459783
PerplexDEW (Davies),isobar,8.8,783.3333333333334,1.120954950834506
PerplexDEW (Davies),isobar,8.8,785.5555555555555,1.1362383627164263
PerplexDEW (Davies),isobar,8.8,787.7777777777778,1.1517618053400804
PerplexDEW (Davies),isobar,8.8,790.0,1.1675313152197186
PerplexDEW (Davies),isobar,8.8,792.2222222222222,1.1835533871966148
PerplexDEW (Davies),isobar,8.8,794.4444444444445,1.1998346632590433
PerplexDEW (Davies),isobar,8.8,796.6666666666666,1.2163820200394755
PerplexDEW (Davies),isobar,8.8,798.8888888888889,1.2332027584711514
PerplexDEW (Davies),isobar,8.8,801.1111111111111,1.250303984584686
PerplexDEW (Davies),isobar,8.8,803.3333333333334,1.267693419691958
PerplexDEW (Davies),isobar,8.8,805.5555555555555,1.285379063940569
PerplexDEW (Davies),isobar,8.8,807.7777777777778,1.3033690080991591
PerplexDEW (Davies),isobar,8.8,810.0,1.3216718275919728
PerplexDEW (Davies),isobar,8.8,812.2222222222222,1.3402960960240011
PerplexDEW (Davies),isobar,8.8,814.4444444444445,1.3592512122350382
PerplexDEW (Davies),isobar,8.8,816.6666666666666,1.3785463826413578
PerplexDEW (Davies),isobar,8.8,818.8888888888889,1.3981913518570683
PerplexDEW (Davies),isobar,8.8,821.1111111111111,1.4181964408533334
PerplexDEW (Davies),isobar,8.8,823.3333333333334,1.4385718831338545
PerplexDEW (Davies),isobar,8.8,825.5555555555555,1.459328632206544
PerplexDEW (Davies),isobar,8.8,827.7777777777778,1.4804777696733538
PerplexDEW (Davies),isobar,8.8,830.0,1.502031042462629
PerplexDEW (Davies),isobar,8.8,832.2222222222222,1.5240004888830814
PerplexDEW (Davies),isobar,8.8,834.4444444444445,1.5463985790913473
PerplexDEW (Davies),isobar,8.8,836.6666666666667,1.5692382311903041
PerplexDEW (Davies),isobar,8.8,838.8888888888889,1.5925325472536547
PerplexDEW (Davies),isobar,8.8,841.1111111111111,1.6162959462794948
PerplexDEW (Davies),isobar,8.8,843.3333333333334,1.6405423721091423
PerplexDEW (Davies),isobar,8.8,845.5555555555555,1.6652868493581225
PerplexDEW (Davies),isobar,8.8,847.7777777777778,1.6905449574209865
PerplexDEW (Davies),isobar,8.8,850.0,1.7163322110852144
PerplexDEW (Davies),isobar,8.8,852.2222222222222,1.742665642821212
PerplexDEW (Davies),isobar,8.8,854.4444444444445,1.7695622644960005
PerplexDEW (Davies),isobar,8.8,856.6666666666667,1.7970398712326436
PerplexDEW (Davies),isobar,8.8,858.8888888888889,1.8251169098712898
PerplexDEW (Davies),isobar,8.8,861.1111111111111,1.8538125046228682
PerplexDEW (Davies),isobar,8.8,863.3333333333334,1.8831464839058374
PerplexDEW (Davies),isobar,8.8,865.5555555555555,1.9131396033419898
PerplexDEW (Davies),isobar,8.8,867.7777777777778,1.9438126006207082
PerplexDEW (Davies),isobar,8.8,870.0,1.9751883818825915
PerplexDEW (Davies),isobar,8.8,872.2222222222222,2.0072894977077462
PerplexDEW (Davies),isobar,8.8,874.4444444444445,2.0401395283103763
PerplexDEW (Davies),isobar,8.8,876.6666666666667,2.073763372887036
PerplexDEW (Davies),isobar,8.8,878.8888888888889,2.1081868880427495
PerplexDEW (Davies),isobar,8.8,881.1111111111111,2.1434364507319024
PerplexDEW (Davies),isobar,8.8,883.3333333333334,2.1795396689169446
PerplexDEW (Davies),isobar,8.8,885.5555555555555,2.2165252060367555
PerplexDEW (Davies),isobar,8.8,887.7777777777778,2.2544228266791584
PerplexDEW (Davies),isobar,8.8,890.0,2.29326371514352
PerplexDEW (Davies),isobar,8.8,892.2222222222222,2.3330797318464436
PerplexDEW (Davies),isobar,8.8,894.4444444444445,2.3739039572101346
PerplexDEW (Davies),isobar,8.8,896.6666666666667,2.415771635956764
PerplexDEW (Davies),isobar,8.8,898.8888888888889,2.4587185536867495
PerplexDEW (Davies),isobar,8.8,901.1111111111111,2.502782159733933
PerplexDEW (Davies),isobar,8.8,903.3333333333334,2.5480014488223848
PerplexDEW (Davies),isobar,8.8,905.5555555555555,2.59441730853559
PerplexDEW (Davies),isobar,8.8,907.7777777777778,2.642071269670277
PerplexDEW (Davies),isobar,8.8,910.0,2.691007578154044
PerplexDEW (Davies),isobar,9.0,690.0,0.6454816519051376
PerplexDEW (Davies),isobar,9.0,692.2222222222222,0.6543949395771541
PerplexDEW (Davies),isobar,9.0,694.4444444444445,0.6634143158685244
PerplexDEW (Davies),isobar,9.0,696.6666666666666,0.6725414511185265
PerplexDEW (Davies),isobar,9.0,698.8888888888889,0.6817779551770689
PerplexDEW (Davies),isobar,9.0,701.1111111111111,0.6911255247786011
PerplexDEW (Davies),isobar,9.0,703.3333333333334,0.7005859101188245
PerplexDEW (Davies),isobar,9.0,705.5555555555555,0.7101609563848418
PerplexDEW (Davies),isobar,9.0,707.7777777777778,0.7198524890371326
PerplexDEW (Davies),isobar,9.0,710.0,0.7296624724373229
PerplexDEW (Davies),isobar,9.0,712.2222222222222,0.7395928529611933
PerplexDEW (Davies),isobar,9.0,714.4444444444445,0.7496457659050038
PerplexDEW (Davies),isobar,9.0,716.6666666666666,0.7598232473027317
PerplexDEW (Davies),isobar,9.0,718.8888888888889,0.770127528697745
PerplexDEW (Davies),isobar,9.0,721.1111111111111,0.780560917335703
PerplexDEW (Davies),isobar,9.0,723.3333333333334,0.7911256622730095
PerplexDEW (Davies),isobar,9.0,725.5555555555555,0.8018242699204228
PerplexDEW (Davies),isobar,9.0,727.7777777777778,0.8126591926946585
PerplexDEW (Davies),isobar,9.0,730.0,0.823633060259295
PerplexDEW (Davies),isobar,9.0,732.2222222222222,0.8347484950684607
PerplexDEW (Davies),isobar,9.0,734.4444444444445,0.8460083068320469
PerplexDEW (Davies),isobar,9.0,736.6666666666666,0.8574153521822735
PerplexDEW (Davies),isobar,9.0,738.8888888888889,0.8689725335366296
PerplexDEW (Davies),isobar,9.0,741.1111111111111,0.8806830097913417
PerplexDEW (Davies),isobar,9.0,743.3333333333334,0.8925497829579129
PerplexDEW (Davies),isobar,9.0,745.5555555555555,0.9045763373789214
PerplexDEW (Davies),isobar,9.0,747.7777777777778,0.9167658943594658
PerplexDEW (Davies),isobar,9.0,750.0,0.9291220660697231
PerplexDEW (Davies),isobar,9.0,752.2222222222222,0.9416484201085732
PerplexDEW (Davies),isobar,9.0,754.4444444444445,0.9543487054368067
PerplexDEW (Davies),isobar,9.0,756.6666666666666,0.9672268627218075
PerplexDEW (Davies),isobar,9.0,758.8888888888889,0.9802868492641862
PerplexDEW (Davies),isobar,9.0,761.1111111111111,0.9935328215212719
PerplexDEW (Davies),isobar,9.0,763.3333333333334,1.0069692109891544
PerplexDEW (Davies),isobar,9.0,765.5555555555555,1.0206003474578131
PerplexDEW (Davies),isobar,9.0,767.7777777777778,1.0344309087997485
PerplexDEW (Davies),isobar,9.0,770.0,1.048465603684872
PerplexDEW (Davies),isobar,9.0,772.2222222222222,1.0627094439289677
PerplexDEW (Davies),isobar,9.0,774.4444444444445,1.0771676218931034
PerplexDEW (Davies),isobar,9.0,776.6666666666666,1.0918452978746893
PerplexDEW (Davies),isobar,9.0,778.8888888888889,1.106748106494106
PerplexDEW (Davies),isobar,9.0,781.1111111111111,1.1218815844232288
PerplexDEW (Davies),isobar,9.0,783.3333333333334,1.1372516910035726
PerplexDEW (Davies),isobar,9.0,785.5555555555555,1.1528646012343218
PerplexDEW (Davies),isobar,9.0,787.7777777777778,1.168726550937032
PerplexDEW (Davies),isobar,9.0,790.0,1.1848440768378647
PerplexDEW (Davies),isobar,9.0,792.2222222222222,1.2012240335731255
PerplexDEW (Davies),isobar,9.0,794.4444444444445,1.2178733505435313
PerplexDEW (Davies),isobar,9.0,796.6666666666666,1.2347993777023527
PerplexDEW (Davies),isobar,9.0,798.8888888888889,1.2520094589277297
PerplexDEW (Davies),isobar,9.0,801.1111111111111,1.269511656339845
PerplexDEW (Davies),isobar,9.0,803.3333333333334,1.2873138590573285
PerplexDEW (Davies),isobar,9.0,805.5555555555555,1.305424422881731
PerplexDEW (Davies),isobar,9.0,807.7777777777778,1.3238522026904842
PerplexDEW (Davies),isobar,9.0,810.0,1.3426059729523363
PerplexDEW (Davies),isobar,9.0,812.2222222222222,1.3616950203917357
PerplexDEW (Davies),isobar,9.0,814.4444444444445,1.3811291797975471
PerplexDEW (Davies),isobar,9.0,816.6666666666666,1.400918212240772
PerplexDEW (Davies),isobar,9.0,818.8888888888889,1.4210725546090623
PerplexDEW (Davies),isobar,9.0,821.1111111111111,1.441602910891506
PerplexDEW (Davies),isobar,9.0,823.3333333333334,1.4625203791665573
PerplexDEW (Davies),isobar,9.0,825.5555555555555,1.4838364334250023
PerplexDEW (Davies),isobar,9.0,827.7777777777778,1.5055628615644263
PerplexDEW (Davies),isobar,9.0,830.0,1.5277122451431535
PerplexDEW (Davies),isobar,9.0,832.2222222222222,1.5502971136181782
PerplexDEW (Davies),isobar,9.0,834.4444444444445,1.5733309716728434
PerplexDEW (Davies),isobar,9.0,836.6666666666667,1.5968274182422948
PerplexDEW (Davies),isobar,9.0,838.8888888888889,1.620800679462512
PerplexDEW (Davies),isobar,9.0,841.1111111111111,1.6452654998391845
PerplexDEW (Davies),isobar,9.0,843.3333333333334,1.6702371620988197
PerplexDEW (Davies),isobar,9.0,845.5555555555555,1.6957316616292486
PerplexDEW (Davies),isobar,9.0,847.7777777777778,1.721765117398043
PerplexDEW (Davies),isobar,9.0,850.0,1.748354866710274
PerplexDEW (Davies),isobar,9.0,852.2222222222222,1.7755182414028585
PerplexDEW (Davies),isobar,9.0,854.4444444444445,1.8032738743479348
PerplexDEW (Davies),isobar,9.0,856.6666666666667,1.8316407605529594
PerplexDEW (Davies),isobar,9.0,858.8888888888889,1.8606382370517838
PerplexDEW (Davies),isobar,9.0,861.1111111111111,1.8902870793635966
PerplexDEW (Davies),isobar,9.0,863.3333333333334,1.9206084826996754
PerplexDEW (Davies),isobar,9.0,865.5555555555555,1.9516240405134164
PerplexDEW (Davies),isobar,9.0,867.7777777777778,1.9833569405901108
PerplexDEW (Davies),isobar,9.0,870.0,2.0158304381649055
PerplexDEW (Davies),isobar,9.0,872.2222222222222,2.049069714423588
PerplexDEW (Davies),isobar,9.0,874.4444444444445,2.0830996245552065
PerplexDEW (Davies),isobar,9.0,876.6666666666667,2.1179472929351957
PerplexDEW (Davies),isobar,9.0,878.8888888888889,2.153639521899371
PerplexDEW (Davies),isobar,9.0,881.1111111111111,2.1902053041761853
PerplexDEW (Davies),isobar,9.0,883.3333333333334,2.227674040376407
PerplexDEW (Davies),isobar,9.0,885.5555555555555,2.266076770260435
PerplexDEW (Davies),isobar,9.0,887.7777777777778,2.3054452335137023
PerplexDEW (Davies),isobar,9.0,890.0,2.3458123931365478
PerplexDEW (Davies),isobar,9.0,892.2222222222222,2.387213626952641
PerplexDEW (Davies),isobar,9.0,894.4444444444445,2.429684045955285
PerplexDEW (Davies),isobar,9.0,896.6666666666667,2.4732618610581447
PerplexDEW (Davies),isobar,9.0,898.8888888888889,2.517985065787008
PerplexDEW (Davies),isobar,9.0,901.1111111111111,2.5638947109566286
PerplexDEW (Davies),isobar,9.0,903.3333333333334,2.611032910369625
PerplexDEW (Davies),isobar,9.0,905.5555555555555,2.659442817492641
PerplexDEW (Davies),isobar,9.0,907.7777777777778,2.7091707349960323
PerplexDEW (Davies),isobar,9.0,910.0,2.7602642232399823
PerplexDEW (Davies),isobar,10.0,480.0,0.1505919753341216
PerplexDEW (Davies),isobar,10.0,484.44444444444446,0.156353762935843
PerplexDEW (Davies),isobar,10.0,488.8888888888889,0.1622888794022045
PerplexDEW (Davies),isobar,10.0,493.3333333333333,0.16840090839827732
PerplexDEW (Davies),isobar,10.0,497.77777777777777,0.1746934699494545
PerplexDEW (Davies),isobar,10.0,502.22222222222223,0.18117022126960666
PerplexDEW (Davies),isobar,10.0,506.6666666666667,0.18783486547353306
PerplexDEW (Davies),isobar,10.0,511.1111111111111,0.19469113019938705
PerplexDEW (Davies),isobar,10.0,515.5555555555555,0.2017427909454413
PerplexDEW (Davies),isobar,10.0,520.0,0.20899366554808357
PerplexDEW (Davies),isobar,10.0,524.4444444444445,0.21644761603896998
PerplexDEW (Davies),isobar,10.0,528.8888888888889,0.22410855077525504
PerplexDEW (Davies),isobar,10.0,533.3333333333334,0.23198042686881937
PerplexDEW (Davies),isobar,10.0,537.7777777777778,0.24006725294228645
PerplexDEW (Davies),isobar,10.0,542.2222222222222,0.24837308169019912
PerplexDEW (Davies),isobar,10.0,546.6666666666666,0.25690204422097995
PerplexDEW (Davies),isobar,10.0,551.1111111111111,0.2656583011574156
PerplexDEW (Davies),isobar,10.0,555.5555555555555,0.27464611153046964
PerplexDEW (Davies),isobar,10.0,560.0,0.28386978279836544
PerplexDEW (Davies),isobar,10.0,564.4444444444445,0.2933337099717759
PerplexDEW (Davies),isobar,10.0,568.8888888888889,0.30304237067645895
PerplexDEW (Davies),isobar,10.0,573.3333333333334,0.3130003181159624
PerplexDEW (Davies),isobar,10.0,577.7777777777778,0.3232122000967313
PerplexDEW (Davies),isobar,10.0,582.2222222222222,0.3336827964663683
PerplexDEW (Davies),isobar,10.0,586.6666666666666,0.3444169568917241
PerplexDEW (Davies),isobar,10.0,591.1111111111111,0.3554196975080719
PerplexDEW (Davies),isobar,10.0,595.5555555555555,0.36669612146928027
PerplexDEW (Davies),isobar,10.0,600.0,0.37825150708937394
PerplexDEW (Davies),isobar,10.0,604.4444444444445,0.3900912912762332
PerplexDEW (Davies),isobar,10.0,608.8888888888889,0.40222102879869637
PerplexDEW (Davies),isobar,10.0,613.3333333333334,0.41464654937627243
PerplexDEW (Davies),isobar,10.0,617.7777777777778,0.4273738142572265
PerplexDEW (Davies),isobar,10.0,622.2222222222222,0.44040904289475497
PerplexDEW (Davies),isobar,10.0,626.6666666666667,0.4537586765457692
PerplexDEW (Davies),isobar,10.0,631.1111111111111,0.46742939621318547
PerplexDEW (Davies),isobar,10.0,635.5555555555555,0.48142821226809124
PerplexDEW (Davies),isobar,10.0,640.0,0.4957624415342609
PerplexDEW (Davies),isobar,10.0,644.4444444444445,0.5104397000636484
PerplexDEW (Davies),isobar,10.0,648.8888888888889,0.5254680163193518
PerplexDEW (Davies),isobar,10.0,653.3333333333334,0.5408557703096752
PerplexDEW (Davies),isobar,10.0,657.7777777777778,0.5566118004194183
PerplexDEW (Davies),isobar,10.0,662.2222222222222,0.5727454457869914
PerplexDEW (Davies),isobar,10.0,666.6666666666667,0.5892665056492092
PerplexDEW (Davies),isobar,10.0,671.1111111111111,0.6061853933168423
PerplexDEW (Davies),isobar,10.0,675.5555555555555,0.6235130704640386
PerplexDEW (Davies),isobar,10.0,680.0,0.6412612164574376
PerplexDEW (Davies),isobar,10.0,684.4444444444445,0.659442129010736
PerplexDEW (Davies),isobar,10.0,688.8888888888889,0.678069007952684
PerplexDEW (Davies),isobar,10.0,693.3333333333334,0.6971557584738175
PerplexDEW (Davies),isobar,10.0,697.7777777777778,0.7167172580387751
PerplexDEW (Davies),isobar,10.0,702.2222222222222,0.7367694442464169
PerplexDEW (Davies),isobar,10.0,706.6666666666667,0.7573291313849704
PerplexDEW (Davies),isobar,10.0,711.1111111111111,0.7784144748454945
PerplexDEW (Davies),isobar,10.0,715.5555555555555,0.8000446733316592
PerplexDEW (Davies),isobar,10.0,720.0,0.8222404755610101
PerplexDEW (Davies),isobar,10.0,724.4444444444445,0.8450239597473964
PerplexDEW (Davies),isobar,10.0,728.8888888888889,0.8684187692271728
PerplexDEW (Davies),isobar,10.0,733.3333333333334,0.8924503370912013
PerplexDEW (Davies),isobar,10.0,737.7777777777778,0.9171457809109348
PerplexDEW (Davies),isobar,10.0,742.2222222222222,0.9425343414809576
PerplexDEW (Davies),isobar,10.0,746.6666666666667,0.9686472891720697
PerplexDEW (Davies),isobar,10.0,751.1111111111111,0.9955181868509908
PerplexDEW (Davies),isobar,10.0,755.5555555555555,1.023183069323256
PerplexDEW (Davies),isobar,10.0,760.0,1.0516808265506241
PerplexDEW (Davies),isobar,10.0,764.4444444444445,1.0810529226957182
PerplexDEW (Davies),isobar,10.0,768.8888888888889,1.111344104304862
PerplexDEW (Davies),isobar,10.0,773.3333333333334,1.142602466842805
PerplexDEW (Davies),isobar,10.0,777.7777777777778,1.1748797150974655
PerplexDEW (Davies),isobar,10.0,782.2222222222222,1.2082312862365012
PerplexDEW (Davies),isobar,10.0,786.6666666666667,1.2427169527832689
PerplexDEW (Davies),isobar,10.0,791.1111111111111,1.2784008094009873
PerplexDEW (Davies),isobar,10.0,795.5555555555555,1.315352166771325
PerplexDEW (Davies),isobar,10.0,800.0,1.3536452293125827
PerplexDEW (Davies),isobar,10.0,804.4444444444445,1.3933598217480179
PerplexDEW (Davies),isobar,10.0,808.8888888888889,1.4345822455013237
PerplexDEW (Davies),isobar,10.0,813.3333333333334,1.477404870514206
PerplexDEW (Davies),isobar,10.0,817.7777777777778,1.5219274455943443
PerplexDEW (Davies),isobar,10.0,822.2222222222222,1.5682573791293994
PerplexDEW (Davies),isobar,10.0,826.6666666666667,1.6165100965602544
PerplexDEW (Davies),isobar,10.0,831.1111111111111,1.6668100451938843
PerplexDEW (Davies),isobar,10.0,835.5555555555555,1.719291594361416
PerplexDEW (Davies),isobar,10.0,840.0,1.7740989988464408
PerplexDEW (Davies),isobar,10.0,844.4444444444445,1.8313883804234545
PerplexDEW (Davies),isobar,10.0,848.8888888888889,1.8913274938142453
PerplexDEW (Davies),isobar,10.0,853.3333333333334,1.954098194381681
PerplexDEW (Davies),isobar,10.0,857.7777777777778,2.0198959322496277
PerplexDEW (Davies),isobar,10.0,862.2222222222222,2.088932159834454
PerplexDEW (Davies),isobar,10.0,866.6666666666667,2.1614358498858826
PerplexDEW (Davies),isobar,10.0,871.1111111111111,2.2376539723208384
PerplexDEW (Davies),isobar,10.0,875.5555555555557,2.317853574361008
PerplexDEW (Davies),isobar,10.0,880.0,2.402325368562933
PerplexDEW (Davies),isobar,10.0,884.4444444444445,2.491382763018573
PerplexDEW (Davies),isobar,10.0,888.8888888888889,2.585366906902693
PerplexDEW (Davies),isobar,10.0,893.3333333333334,2.68464815417571
PerplexDEW (Davies),isobar,10.0,897.7777777777778,2.789629335455804
PerplexDEW (Davies),isobar,10.0,902.2222222222222,2.900749184901817
PerplexDEW (Davies),isobar,10.0,906.6666666666667,3.0184862334802136
PerplexDEW (Davies),isobar,10.0,911.1111111111111,3.1433632731462033
PerplexDEW (Davies),isobar,10.0,915.5555555555557,3.2759523578739325
PerplexDEW (Davies),isobar,10.0,920.0,3.416880288345758
PerplexDEW (Davies),isobar,12.0,490.0,0.17868311944298032
PerplexDEW (Davies),isobar,12.0,492.22222222222223,0.18202847623413795
PerplexDEW (Davies),isobar,12.0,494.44444444444446,0.1854234030269785
PerplexDEW (Davies),isobar,12.0,496.6666666666667,0.18886842102044166
PerplexDEW (Davies),isobar,12.0,498.8888888888889,0.1923640548543518
PerplexDEW (Davies),isobar,12.0,501.1111111111111,0.1959108181137604
PerplexDEW (Davies),isobar,12.0,503.3333333333333,0.19950924179304483
PerplexDEW (Davies),isobar,12.0,505.55555555555554,0.20315984535280493
PerplexDEW (Davies),isobar,12.0,507.77777777777777,0.20686317412459548
PerplexDEW (Davies),isobar,12.0,510.0,0.2106197461929222
PerplexDEW (Davies),isobar,12.0,512.2222222222222,0.21443012210610715
PerplexDEW (Davies),isobar,12.0,514.4444444444445,0.21829482646153803
PerplexDEW (Davies),isobar,12.0,516.6666666666666,0.22221440283092989
PerplexDEW (Davies),isobar,12.0,518.8888888888889,0.22618941544480076
PerplexDEW (Davies),isobar,12.0,521.1111111111111,0.2302204072496987
PerplexDEW (Davies),isobar,12.0,523.3333333333334,0.23430793313639262
PerplexDEW (Davies),isobar,12.0,525.5555555555555,0.23845256087904804
PerplexDEW (Davies),isobar,12.0,527.7777777777778,0.2426548535905051
PerplexDEW (Davies),isobar,12.0,530.0,0.2469153784041737
PerplexDEW (Davies),isobar,12.0,532.2222222222222,0.2512347065887142
PerplexDEW (Davies),isobar,12.0,534.4444444444445,0.255613413669687
PerplexDEW (Davies),isobar,12.0,536.6666666666666,0.26005208956445974
PerplexDEW (Davies),isobar,12.0,538.8888888888889,0.2645513192850417
PerplexDEW (Davies),isobar,12.0,541.1111111111111,0.2691116925302628
PerplexDEW (Davies),isobar,12.0,543.3333333333334,0.2737338038397697
PerplexDEW (Davies),isobar,12.0,545.5555555555555,0.278418252756682
PerplexDEW (Davies),isobar,12.0,547.7777777777778,0.2831656549998904
PerplexDEW (Davies),isobar,12.0,550.0,0.28797661006287395
PerplexDEW (Davies),isobar,12.0,552.2222222222222,0.2928517450023709
PerplexDEW (Davies),isobar,12.0,554.4444444444445,0.29779168185291666
PerplexDEW (Davies),isobar,12.0,556.6666666666666,0.302797060491619
PerplexDEW (Davies),isobar,12.0,558.8888888888889,0.3078684916630719
PerplexDEW (Davies),isobar,12.0,561.1111111111111,0.31300663999277395
PerplexDEW (Davies),isobar,12.0,563.3333333333334,0.31821215355518706
PerplexDEW (Davies),isobar,12.0,565.5555555555555,0.32348568741138595
PerplexDEW (Davies),isobar,12.0,567.7777777777778,0.32882790388717503
PerplexDEW (Davies),isobar,12.0,570.0,0.33423947286519695
PerplexDEW (Davies),isobar,12.0,572.2222222222222,0.3397210720923436
PerplexDEW (Davies),isobar,12.0,574.4444444444445,0.3452734012447391
PerplexDEW (Davies),isobar,12.0,576.6666666666666,0.35089714154768403
PerplexDEW (Davies),isobar,12.0,578.8888888888889,0.3565930248622267
PerplexDEW (Davies),isobar,12.0,581.1111111111111,0.3623617363424416
PerplexDEW (Davies),isobar,12.0,583.3333333333334,0.36820401305629635
PerplexDEW (Davies),isobar,12.0,585.5555555555555,0.3741206032144761
PerplexDEW (Davies),isobar,12.0,587.7777777777778,0.3801122359964733
PerplexDEW (Davies),isobar,12.0,590.0,0.38617968167393835
PerplexDEW (Davies),isobar,12.0,592.2222222222222,0.39232369132722433
PerplexDEW (Davies),isobar,12.0,594.4444444444445,0.39854507538632605
PerplexDEW (Davies),isobar,12.0,596.6666666666666,0.40484459321930066
PerplexDEW (Davies),isobar,12.0,598.8888888888889,0.41122306518514473
PerplexDEW (Davies),isobar,12.0,601.1111111111111,0.41768132644230527
PerplexDEW (Davies),isobar,12.0,603.3333333333334,0.4242201928428126
PerplexDEW (Davies),isobar,12.0,605.5555555555555,0.43084052924253463
PerplexDEW (Davies),isobar,12.0,607.7777777777778,0.4375431992626792
PerplexDEW (Davies),isobar,12.0,610.0,0.444329064412103
PerplexDEW (Davies),isobar,12.0,612.2222222222222,0.45119903914377624
PerplexDEW (Davies),isobar,12.0,614.4444444444445,0.45815405690461153
PerplexDEW (Davies),isobar,12.0,616.6666666666666,0.4651950129716128
PerplexDEW (Davies),isobar,12.0,618.8888888888889,0.4723229175886676
PerplexDEW (Davies),isobar,12.0,621.1111111111111,0.47953868514391185
PerplexDEW (Davies),isobar,12.0,623.3333333333334,0.486843348803315
PerplexDEW (Davies),isobar,12.0,625.5555555555555,0.4942379250835129
PerplexDEW (Davies),isobar,12.0,627.7777777777778,0.5017234534992255
PerplexDEW (Davies),isobar,12.0,630.0,0.5093009975837404
PerplexDEW (Davies),isobar,12.0,632.2222222222222,0.5169716459544466
PerplexDEW (Davies),isobar,12.0,634.4444444444445,0.524736513424336
PerplexDEW (Davies),isobar,12.0,636.6666666666667,0.5325967648310939
PerplexDEW (Davies),isobar,12.0,638.8888888888889,0.5405535490460143
PerplexDEW (Davies),isobar,12.0,641.1111111111111,0.5486080666510756
PerplexDEW (Davies),isobar,12.0,643.3333333333334,0.5567615971757429
PerplexDEW (Davies),isobar,12.0,645.5555555555555,0.5650153587593231
PerplexDEW (Davies),isobar,12.0,647.7777777777778,0.573370674395277
PerplexDEW (Davies),isobar,12.0,650.0,0.5818288790773551
PerplexDEW (Davies),isobar,12.0,652.2222222222222,0.5903913448386566
PerplexDEW (Davies),isobar,12.0,654.4444444444445,0.5990595084831898
PerplexDEW (Davies),isobar,12.0,656.6666666666667,0.6078347958753016
PerplexDEW (Davies),isobar,12.0,658.8888888888889,0.6167187001905304
PerplexDEW (Davies),isobar,12.0,661.1111111111111,0.6257127891475153
PerplexDEW (Davies),isobar,12.0,663.3333333333334,0.6348186132356588
PerplexDEW (Davies),isobar,12.0,665.5555555555555,0.6440378346893982
PerplexDEW (Davies),isobar,12.0,667.7777777777778,0.6533721357800711
PerplexDEW (Davies),isobar,12.0,670.0,0.6628232508966522
PerplexDEW (Davies),isobar,12.0,672.2222222222222,0.672392998895804
PerplexDEW (Davies),isobar,12.0,674.4444444444445,0.6820831655583843
PerplexDEW (Davies),isobar,12.0,676.6666666666667,0.6918956850323174
PerplexDEW (Davies),isobar,12.0,678.8888888888889,0.7018325553244605
PerplexDEW (Davies),isobar,12.0,681.1111111111111,0.7118957763406426
PerplexDEW (Davies),isobar,12.0,683.3333333333334,0.7220874786087758
PerplexDEW (Davies),isobar,12.0,685.5555555555555,0.7324097978519696
PerplexDEW (Davies),isobar,12.0,687.7777777777778,0.7428650085705071
PerplexDEW (Davies),isobar,12.0,690.0,0.7534554289109211
PerplexDEW (Davies),isobar,12.0,692.2222222222222,0.7641834207889786
PerplexDEW (Davies),isobar,12.0,694.4444444444445,0.7750515343205772
PerplexDEW (Davies),isobar,12.0,696.6666666666667,0.7860622638537034
PerplexDEW (Davies),isobar,12.0,698.8888888888889,0.7972183003136432
PerplexDEW (Davies),isobar,12.0,701.1111111111111,0.8085224307176413
PerplexDEW (Davies),isobar,12.0,703.3333333333334,0.8199774644723253
PerplexDEW (Davies),isobar,12.0,705.5555555555555,0.8315863490789623
PerplexDEW (Davies),isobar,12.0,707.7777777777778,0.8433521779493851
PerplexDEW (Davies),isobar,12.0,710.0,0.8552780752199681
PerplexDEW (Davies),isobar,12.5,490.0,0.18234081316444636
PerplexDEW (Davies),isobar,12.5,492.22222222222223,0.18575639814010433
PerplexDEW (Davies),isobar,12.5,494.44444444444446,0.1892226681916193
PerplexDEW (Davies),isobar,12.5,496.6666666666667,0.19274015896825575
PerplexDEW (Davies),isobar,12.5,498.8888888888889,0.1963093953880269
PerplexDEW (Davies),isobar,12.5,501.1111111111111,0.19993092693497375
PerplexDEW (Davies),isobar,12.5,503.3333333333333,0.20360528510451514
PerplexDEW (Davies),isobar,12.5,505.55555555555554,0.20733301172121452
PerplexDEW (Davies),isobar,12.5,507.77777777777777,0.2111146597363572
PerplexDEW (Davies),isobar,12.5,510.0,0.21495077822081501
PerplexDEW (Davies),isobar,12.5,512.2222222222222,0.2188419197525108
PerplexDEW (Davies),isobar,12.5,514.4444444444445,0.22278864049040792
PerplexDEW (Davies),isobar,12.5,516.6666666666666,0.2267915086585693
PerplexDEW (Davies),isobar,12.5,518.8888888888889,0.23085107974822336
PerplexDEW (Davies),isobar,12.5,521.1111111111111,0.23496792990637594
PerplexDEW (Davies),isobar,12.5,523.3333333333334,0.23914263098683577
PerplexDEW (Davies),isobar,12.5,525.5555555555555,0.24337576797942226
PerplexDEW (Davies),isobar,12.5,527.7777777777778,0.24766790295770347
PerplexDEW (Davies),isobar,12.5,530.0,0.25201964805893134
PerplexDEW (Davies),isobar,12.5,532.2222222222222,0.25643157387506216
PerplexDEW (Davies),isobar,12.5,534.4444444444445,0.2609042835103972
PerplexDEW (Davies),isobar,12.5,536.6666666666666,0.2654383754965674
PerplexDEW (Davies),isobar,12.5,538.8888888888889,0.27003445320200464
PerplexDEW (Davies),isobar,12.5,541.1111111111111,0.27469313537574275
PerplexDEW (Davies),isobar,12.5,543.3333333333334,0.279415025547275
PerplexDEW (Davies),isobar,12.5,545.5555555555555,0.28420075336755085
PerplexDEW (Davies),isobar,12.5,547.7777777777778,0.28905094383302093
PerplexDEW (Davies),isobar,12.5,550.0,0.2939662276736184
PerplexDEW (Davies),isobar,12.5,552.2222222222222,0.29894725297245134
PerplexDEW (Davies),isobar,12.5,554.4444444444445,0.30399465157422867
PerplexDEW (Davies),isobar,12.5,556.6666666666666,0.30910908455167296
PerplexDEW (Davies),isobar,12.5,558.8888888888889,0.3142911963568927
PerplexDEW (Davies),isobar,12.5,561.1111111111111,0.31954167433154007
PerplexDEW (Davies),isobar,12.5,563.3333333333334,0.3248611647061049
PerplexDEW (Davies),isobar,12.5,565.5555555555555,0.3302503703596506
PerplexDEW (Davies),isobar,12.5,567.7777777777778,0.33570997781029394
PerplexDEW (Davies),isobar,12.5,570.0,0.3412406551946353
PerplexDEW (Davies),isobar,12.5,572.2222222222222,0.34684314452175163
PerplexDEW (Davies),isobar,12.5,574.4444444444445,0.3525181445859207
PerplexDEW (Davies),isobar,12.5,576.6666666666666,0.3582663623265846
PerplexDEW (Davies),isobar,12.5,578.8888888888889,0.36408855589346395
PerplexDEW (Davies),isobar,12.5,581.1111111111111,0.369985451911885
PerplexDEW (Davies),isobar,12.5,583.3333333333334,0.37595781584452775
PerplexDEW (Davies),isobar,12.5,585.5555555555555,0.3820064099767936
PerplexDEW (Davies),isobar,12.5,587.7777777777778,0.38813199255278297
PerplexDEW (Davies),isobar,12.5,590.0,0.3943353636411449
PerplexDEW (Davies),isobar,12.5,592.2222222222222,0.40061732081058293
PerplexDEW (Davies),isobar,12.5,594.4444444444445,0.40697869059499403
PerplexDEW (Davies),isobar,12.5,596.6666666666666,0.41342026469732684
PerplexDEW (Davies),isobar,12.5,598.8888888888889,0.4199429301822633
PerplexDEW (Davies),isobar,12.5,601.1111111111111,0.42654750700404026
PerplexDEW (Davies),isobar,12.5,603.3333333333334,0.4332348626500318
PerplexDEW (Davies),isobar,12.5,605.5555555555555,0.4400059158407597
PerplexDEW (Davies),isobar,12.5,607.7777777777778,0.4468615504457022
PerplexDEW (Davies),isobar,12.5,610.0,0.45380266642836486
PerplexDEW (Davies),isobar,12.5,612.2222222222222,0.4608302365012669
PerplexDEW (Davies),isobar,12.5,614.4444444444445,0.4679452169923253
PerplexDEW (Davies),isobar,12.5,616.6666666666666,0.47514856472103223
PerplexDEW (Davies),isobar,12.5,618.8888888888889,0.4824412951490672
PerplexDEW (Davies),isobar,12.5,621.1111111111111,0.48982440669178545
PerplexDEW (Davies),isobar,12.5,623.3333333333334,0.4972989800381794
PerplexDEW (Davies),isobar,12.5,625.5555555555555,0.5048660393834519
PerplexDEW (Davies),isobar,12.5,627.7777777777778,0.5125267150721637
PerplexDEW (Davies),isobar,12.5,630.0,0.5202821017031003
PerplexDEW (Davies),isobar,12.5,632.2222222222222,0.5281333411320664
PerplexDEW (Davies),isobar,12.5,634.4444444444445,0.5360816255521051
PerplexDEW (Davies),isobar,12.5,636.6666666666667,0.544128132759862
PerplexDEW (Davies),isobar,12.5,638.8888888888889,0.5522741157273461
PerplexDEW (Davies),isobar,12.5,641.1111111111111,0.5605208375903593
PerplexDEW (Davies),isobar,12.5,643.3333333333334,0.5688695949363529
PerplexDEW (Davies),isobar,12.5,645.5555555555555,0.5773217192849149
PerplexDEW (Davies),isobar,12.5,647.7777777777778,0.5858785786311786
PerplexDEW (Davies),isobar,12.5,650.0,0.5945415790554032
PerplexDEW (Davies),isobar,12.5,652.2222222222222,0.6033121920438165
PerplexDEW (Davies),isobar,12.5,654.4444444444445,0.6121918802257825
PerplexDEW (Davies),isobar,12.5,656.6666666666667,0.6211822038758317
PerplexDEW (Davies),isobar,12.5,658.8888888888889,0.6302847075487105
PerplexDEW (Davies),isobar,12.5,661.1111111111111,0.6395010447666618
PerplexDEW (Davies),isobar,12.5,663.3333333333334,0.6488328894802251
PerplexDEW (Davies),isobar,12.5,665.5555555555555,0.6582819671204263
PerplexDEW (Davies),isobar,12.5,667.7777777777778,0.6678500568376983
PerplexDEW (Davies),isobar,12.5,670.0,0.6775389938335277
PerplexDEW (Davies),isobar,12.5,672.2222222222222,0.6873507018977413
PerplexDEW (Davies),isobar,12.5,674.4444444444445,0.6972870760462494
PerplexDEW (Davies),isobar,12.5,676.6666666666667,0.7073501953930691
PerplexDEW (Davies),isobar,12.5,678.8888888888889,0.7175421463520599
PerplexDEW (Davies),isobar,12.5,681.1111111111111,0.7278650522724941
PerplexDEW (Davies),isobar,12.5,683.3333333333334,0.7383211723195399
PerplexDEW (Davies),isobar,12.5,685.5555555555555,0.7489128098075227
PerplexDEW (Davies),isobar,12.5,687.7777777777778,0.7596423124443962
PerplexDEW (Davies),isobar,12.5,690.0,0.770512176973617
PerplexDEW (Davies),isobar,12.5,692.2222222222222,0.7815249880573062
PerplexDEW (Davies),isobar,12.5,694.4444444444445,0.792683313649241
PerplexDEW (Davies),isobar,12.5,696.6666666666667,0.8039899564101587
PerplexDEW (Davies),isobar,12.5,698.8888888888889,0.8154477086761294
PerplexDEW (Davies),isobar,12.5,701.1111111111111,0.8270594990577426
PerplexDEW (Davies),isobar,12.5,703.3333333333334,0.8388283612149076
PerplexDEW (Davies),isobar,12.5,705.5555555555555,0.8507574779461053
PerplexDEW (Davies),isobar,12.5,707.7777777777778,0.8628501087044145
PerplexDEW (Davies),isobar,12.5,710.0,0.8751095906609576
PerplexDEW (Davies),isobar,15.0,490.0,0.2003931059824596
PerplexDEW (Davies),isobar,15.0,492.22222222222223,0.2041512029788891
PerplexDEW (Davies),isobar,15.0,494.44444444444446,0.20796531620507605
PerplexDEW (Davies),isobar,15.0,496.6666666666667,0.21183605540817715
PerplexDEW (Davies),isobar,15.0,498.8888888888889,0.21576401372853724
PerplexDEW (Davies),isobar,15.0,501.1111111111111,0.21974980246464565
PerplexDEW (Davies),isobar,15.0,503.3333333333333,0.22379403014738306
PerplexDEW (Davies),isobar,15.0,505.55555555555554,0.22789730189816565
PerplexDEW (Davies),isobar,15.0,507.77777777777777,0.23206024989103047
PerplexDEW (Davies),isobar,15.0,510.0,0.23628348413806355
PerplexDEW (Davies),isobar,15.0,512.2222222222222,0.24056764251069837
PerplexDEW (Davies),isobar,15.0,514.4444444444445,0.24491334779759283
PerplexDEW (Davies),isobar,15.0,516.6666666666666,0.24932124370596997
PerplexDEW (Davies),isobar,15.0,518.8888888888889,0.2537919665647449
PerplexDEW (Davies),isobar,15.0,521.1111111111111,0.2583261704717588
PerplexDEW (Davies),isobar,15.0,523.3333333333334,0.2629245019296222
PerplexDEW (Davies),isobar,15.0,525.5555555555555,0.2675876214530151
PerplexDEW (Davies),isobar,15.0,527.7777777777778,0.27231618604452607
PerplexDEW (Davies),isobar,15.0,530.0,0.27711087210057306
PerplexDEW (Davies),isobar,15.0,532.2222222222222,0.2819723528504451
PerplexDEW (Davies),isobar,15.0,534.4444444444445,0.286901302549002
PerplexDEW (Davies),isobar,15.0,536.6666666666666,0.2918984112069036
PerplexDEW (Davies),isobar,15.0,538.8888888888889,0.2969643755354825
PerplexDEW (Davies),isobar,15.0,541.1111111111111,0.30209988878221633
PerplexDEW (Davies),isobar,15.0,543.3333333333334,0.30730566645989243
PerplexDEW (Davies),isobar,15.0,545.5555555555555,0.3125824210963763
PerplexDEW (Davies),isobar,15.0,547.7777777777778,0.31793086149646166
PerplexDEW (Davies),isobar,15.0,550.0,0.3233517255803865
PerplexDEW (Davies),isobar,15.0,552.2222222222222,0.32884575420262874
PerplexDEW (Davies),isobar,15.0,554.4444444444445,0.3344136851293946
PerplexDEW (Davies),isobar,15.0,556.6666666666666,0.34005627597153504
PerplexDEW (Davies),isobar,15.0,558.8888888888889,0.34577428146354366
PerplexDEW (Davies),isobar,15.0,561.1111111111111,0.3515684834359098
PerplexDEW (Davies),isobar,15.0,563.3333333333334,0.3574396615678133
PerplexDEW (Davies),isobar,15.0,565.5555555555555,0.3633886053985545
PerplexDEW (Davies),isobar,15.0,567.7777777777778,0.3694161017368823
PerplexDEW (Davies),isobar,15.0,570.0,0.37552298681256036
PerplexDEW (Davies),isobar,15.0,572.2222222222222,0.3817100694829256
PerplexDEW (Davies),isobar,15.0,574.4444444444445,0.38797819668148575
PerplexDEW (Davies),isobar,15.0,576.6666666666666,0.3943282004806014
PerplexDEW (Davies),isobar,15.0,578.8888888888889,0.40076095301981823
PerplexDEW (Davies),isobar,15.0,581.1111111111111,0.40727731163233793
PerplexDEW (Davies),isobar,15.0,583.3333333333334,0.41387819060517833
PerplexDEW (Davies),isobar,15.0,585.5555555555555,0.4205644605672559
PerplexDEW (Davies),isobar,15.0,587.7777777777778,0.42733706615209455
PerplexDEW (Davies),isobar,15.0,590.0,0.43419692306071866
PerplexDEW (Davies),isobar,15.0,592.2222222222222,0.44114497805488023
PerplexDEW (Davies),isobar,15.0,594.4444444444445,0.44818221107140305
PerplexDEW (Davies),isobar,15.0,596.6666666666666,0.45530960455132075
PerplexDEW (Davies),isobar,15.0,598.8888888888889,0.4625281427939659
PerplexDEW (Davies),isobar,15.0,601.1111111111111,0.4698388624120878
PerplexDEW (Davies),isobar,15.0,603.3333333333334,0.47724280416936676
PerplexDEW (Davies),isobar,15.0,605.5555555555555,0.48474103004541813
PerplexDEW (Davies),isobar,15.0,607.7777777777778,0.4923346421755718
PerplexDEW (Davies),isobar,15.0,610.0,0.5000247213916849
PerplexDEW (Davies),isobar,15.0,612.2222222222222,0.5078124267134783
PerplexDEW (Davies),isobar,15.0,614.4444444444445,0.5156988875517301
PerplexDEW (Davies),isobar,15.0,616.6666666666666,0.523685335019747
PerplexDEW (Davies),isobar,15.0,618.8888888888889,0.5317729428727201
PerplexDEW (Davies),isobar,15.0,621.1111111111111,0.5399629710684432
PerplexDEW (Davies),isobar,15.0,623.3333333333334,0.5482566704857775
PerplexDEW (Davies),isobar,15.0,625.5555555555555,0.5566553843901179
PerplexDEW (Davies),isobar,15.0,627.7777777777778,0.5651604287303357
PerplexDEW (Davies),isobar,15.0,630.0,0.5737731955286702
PerplexDEW (Davies),isobar,15.0,632.2222222222222,0.5824950488729465
PerplexDEW (Davies),isobar,15.0,634.4444444444445,0.5913274765951129
PerplexDEW (Davies),isobar,15.0,636.6666666666667,0.6002719638449513
PerplexDEW (Davies),isobar,15.0,638.8888888888889,0.6093300140257444
PerplexDEW (Davies),isobar,15.0,641.1111111111111,0.6185032220792238
PerplexDEW (Davies),isobar,15.0,643.3333333333334,0.6277931969559015
PerplexDEW (Davies),isobar,15.0,645.5555555555555,0.6372015913013396
PerplexDEW (Davies),isobar,15.0,647.7777777777778,0.646730128147077
PerplexDEW (Davies),isobar,15.0,650.0,0.6563805829326653
PerplexDEW (Davies),isobar,15.0,652.2222222222222,0.6661547601860585
PerplexDEW (Davies),isobar,15.0,654.4444444444445,0.6760545328854372
PerplexDEW (Davies),isobar,15.0,656.6666666666667,0.6860818594370016
PerplexDEW (Davies),isobar,15.0,658.8888888888889,0.6962387074163743
PerplexDEW (Davies),isobar,15.0,661.1111111111111,0.7065271342769549
PerplexDEW (Davies),isobar,15.0,663.3333333333334,0.716949292638582
PerplexDEW (Davies),isobar,15.0,665.5555555555555,0.7275073786206913
PerplexDEW (Davies),isobar,15.0,667.7777777777778,0.7382036615884111
PerplexDEW (Davies),isobar,15.0,670.0,0.7490404577373988
PerplexDEW (Davies),isobar,15.0,672.2222222222222,0.7600202214233077
PerplexDEW (Davies),isobar,15.0,674.4444444444445,0.7711454926143771
PerplexDEW (Davies),isobar,15.0,676.6666666666667,0.7824188066528239
PerplexDEW (Davies),isobar,15.0,678.8888888888889,0.7938429130216385
PerplexDEW (Davies),isobar,15.0,681.1111111111111,0.8054205307896508
PerplexDEW (Davies),isobar,15.0,683.3333333333334,0.8171546059874704
PerplexDEW (Davies),isobar,15.0,685.5555555555555,0.8290481255899846
PerplexDEW (Davies),isobar,15.0,687.7777777777778,0.8411041503698441
PerplexDEW (Davies),isobar,15.0,690.0,0.8533258864879298
PerplexDEW (Davies),isobar,15.0,692.2222222222222,0.8657166936256914
PerplexDEW (Davies),isobar,15.0,694.4444444444445,0.8782800207430724
PerplexDEW (Davies),isobar,15.0,696.6666666666667,0.8910194081081655
PerplexDEW (Davies),isobar,15.0,698.8888888888889,0.9039386027765532
PerplexDEW (Davies),isobar,15.0,701.1111111111111,0.9170414559239831
PerplexDEW (Davies),isobar,15.0,703.3333333333334,0.9303319646463162
PerplexDEW (Davies),isobar,15.0,705.5555555555555,0.9438142582505686
PerplexDEW (Davies),isobar,15.0,707.7777777777778,0.9574926641876285
PerplexDEW (Davies),isobar,15.0,710.0,0.9713716772009985
PerplexDEW (Davies),isobar,17.5,490.0,0.21819208946490665
PerplexDEW (Davies),isobar,17.5,492.22222222222223,0.222282583819867
PerplexDEW (Davies),isobar,17.5,494.44444444444446,0.22643416424041532
PerplexDEW (Davies),isobar,17.5,496.6666666666667,0.23064748566116375
PerplexDEW (Davies),isobar,17.5,498.8888888888889,0.2349232109203102
PerplexDEW (Davies),isobar,17.5,501.1111111111111,0.23926201141832804
PerplexDEW (Davies),isobar,17.5,503.3333333333333,0.24366456382113028
PerplexDEW (Davies),isobar,17.5,505.55555555555554,0.2481315424994075
PerplexDEW (Davies),isobar,17.5,507.77777777777777,0.25266363455844026
PerplexDEW (Davies),isobar,17.5,510.0,0.2572615247466656
PerplexDEW (Davies),isobar,17.5,512.2222222222222,0.2619259151713052
PerplexDEW (Davies),isobar,17.5,514.4444444444445,0.26665750586139303
PerplexDEW (Davies),isobar,17.5,516.6666666666666,0.27145699412660756
PerplexDEW (Davies),isobar,17.5,518.8888888888889,0.2763251084136857
PerplexDEW (Davies),isobar,17.5,521.1111111111111,0.28126255376230813
PerplexDEW (Davies),isobar,17.5,523.3333333333334,0.2862700673561654
PerplexDEW (Davies),isobar,17.5,525.5555555555555,0.2913483664011779
PerplexDEW (Davies),isobar,17.5,527.7777777777778,0.29649820630360124
PerplexDEW (Davies),isobar,17.5,530.0,0.3017203127168454
PerplexDEW (Davies),isobar,17.5,532.2222222222222,0.30701545563621474
PerplexDEW (Davies),isobar,17.5,534.4444444444445,0.31238438913145544
PerplexDEW (Davies),isobar,17.5,536.6666666666666,0.3178278794665215
PerplexDEW (Davies),isobar,17.5,538.8888888888889,0.3233467006963709
PerplexDEW (Davies),isobar,17.5,541.1111111111111,0.32894163493878675
PerplexDEW (Davies),isobar,17.5,543.3333333333334,0.33461348330329344
PerplexDEW (Davies),isobar,17.5,545.5555555555555,0.34036304009239876
PerplexDEW (Davies),isobar,17.5,547.7777777777778,0.3461911081911378
PerplexDEW (Davies),isobar,17.5,550.0,0.35209852189892626
PerplexDEW (Davies),isobar,17.5,552.2222222222222,0.35808609777967026
PerplexDEW (Davies),isobar,17.5,554.4444444444445,0.3641546791296743
PerplexDEW (Davies),isobar,17.5,556.6666666666666,0.370305114174494
PerplexDEW (Davies),isobar,17.5,558.8888888888889,0.37653826806905233
PerplexDEW (Davies),isobar,17.5,561.1111111111111,0.38285500537764366
PerplexDEW (Davies),isobar,17.5,563.3333333333334,0.38925622084809797
PerplexDEW (Davies),isobar,17.5,565.5555555555555,0.3957428031958882
PerplexDEW (Davies),isobar,17.5,567.7777777777778,0.40231565996850754
PerplexDEW (Davies),isobar,17.5,570.0,0.40897571202028127
PerplexDEW (Davies),isobar,17.5,572.2222222222222,0.415723907607822
PerplexDEW (Davies),isobar,17.5,574.4444444444445,0.4225611828833503
PerplexDEW (Davies),isobar,17.5,576.6666666666666,0.4294885161640495
PerplexDEW (Davies),isobar,17.5,578.8888888888889,0.43650688824281403
PerplexDEW (Davies),isobar,17.5,581.1111111111111,0.44361728181013904
PerplexDEW (Davies),isobar,17.5,583.3333333333334,0.4508207401196847
PerplexDEW (Davies),isobar,17.5,585.5555555555555,0.4581182661356359
PerplexDEW (Davies),isobar,17.5,587.7777777777778,0.46551094082752753
PerplexDEW (Davies),isobar,17.5,590.0,0.4729998200029011
PerplexDEW (Davies),isobar,17.5,592.2222222222222,0.48058600268406987
PerplexDEW (Davies),isobar,17.5,594.4444444444445,0.4882706017146809
PerplexDEW (Davies),isobar,17.5,596.6666666666666,0.4960547522671489
PerplexDEW (Davies),isobar,17.5,598.8888888888889,0.5039396128525069
PerplexDEW (Davies),isobar,17.5,601.1111111111111,0.5119263749350034
PerplexDEW (Davies),isobar,17.5,603.3333333333334,0.5200162473935225
PerplexDEW (Davies),isobar,17.5,605.5555555555555,0.5282104657925972
PerplexDEW (Davies),isobar,17.5,607.7777777777778,0.5365102845737031
PerplexDEW (Davies),isobar,17.5,610.0,0.5449170234703237
PerplexDEW (Davies),isobar,17.5,612.2222222222222,0.5534319785686851
PerplexDEW (Davies),isobar,17.5,614.4444444444445,0.5620565330340141
PerplexDEW (Davies),isobar,17.5,616.6666666666666,0.5707920569772114
PerplexDEW (Davies),isobar,17.5,618.8888888888889,0.5796399836818182
PerplexDEW (Davies),isobar,17.5,621.1111111111111,0.5886017836701652
PerplexDEW (Davies),isobar,17.5,623.3333333333334,0.5976789459585773
PerplexDEW (Davies),isobar,17.5,625.5555555555555,0.6068730225117488
PerplexDEW (Davies),isobar,17.5,627.7777777777778,0.6161855889283437
PerplexDEW (Davies),isobar,17.5,630.0,0.6256182619530606
PerplexDEW (Davies),isobar,17.5,632.2222222222222,0.6351727336462343
PerplexDEW (Davies),isobar,17.5,634.4444444444445,0.6448507119811648
PerplexDEW (Davies),isobar,17.5,636.6666666666667,0.6546539770275204
PerplexDEW (Davies),isobar,17.5,638.8888888888889,0.6645843389065235
PerplexDEW (Davies),isobar,17.5,641.1111111111111,0.674643685352817
PerplexDEW (Davies),isobar,17.5,643.3333333333334,0.6848339502832914
PerplexDEW (Davies),isobar,17.5,645.5555555555555,0.6951571276161487
PerplexDEW (Davies),isobar,17.5,647.7777777777778,0.7056152864803618
PerplexDEW (Davies),isobar,17.5,650.0,0.7162105371750765
PerplexDEW (Davies),isobar,17.5,652.2222222222222,0.7269450835673021
PerplexDEW (Davies),isobar,17.5,654.4444444444445,0.7378211759418012
PerplexDEW (Davies),isobar,17.5,656.6666666666667,0.7488411654888044
PerplexDEW (Davies),isobar,17.5,658.8888888888889,0.7600074828644202
PerplexDEW (Davies),isobar,17.5,661.1111111111111,0.7713226140418672
PerplexDEW (Davies),isobar,17.5,663.3333333333334,0.7827891439754371
PerplexDEW (Davies),isobar,17.5,665.5555555555555,0.7944097473529358
PerplexDEW (Davies),isobar,17.5,667.7777777777778,0.8061872220219567
PerplexDEW (Davies),isobar,17.5,670.0,0.8181244062885482
PerplexDEW (Davies),isobar,17.5,672.2222222222222,0.830224284487757
PerplexDEW (Davies),isobar,17.5,674.4444444444445,0.8424899492455495
PerplexDEW (Davies),isobar,17.5,676.6666666666667,0.8549245589668095
PerplexDEW (Davies),isobar,17.5,678.8888888888889,0.8675314512098771
PerplexDEW (Davies),isobar,17.5,681.1111111111111,0.8803140226569662
PerplexDEW (Davies),isobar,17.5,683.3333333333334,0.8932758957434669
PerplexDEW (Davies),isobar,17.5,685.5555555555555,0.9064206952496032
PerplexDEW (Davies),isobar,17.5,687.7777777777778,0.9197522846979701
PerplexDEW (Davies),isobar,17.5,690.0,0.9332746584253291
PerplexDEW (Davies),isobar,17.5,692.2222222222222,0.9469919285025176
PerplexDEW (Davies),isobar,17.5,694.4444444444445,0.9609083649234722
PerplexDEW (Davies),isobar,17.5,696.6666666666667,0.975028477716318
PerplexDEW (Davies),isobar,17.5,698.8888888888889,0.9893568402968687
PerplexDEW (Davies),isobar,17.5,701.1111111111111,1.0038983203384764
PerplexDEW (Davies),isobar,17.5,703.3333333333334,1.0186578603419512
PerplexDEW (Davies),isobar,17.5,705.5555555555555,1.0336407181169036
PerplexDEW (Davies),isobar,17.5,707.7777777777778,1.0488522803723908
PerplexDEW (Davies),isobar,17.5,710.0,1.064298148374461
PerplexDEW (Davies),isobar,20.0,495.0,0.24586015762593807
PerplexDEW (Davies),isobar,20.0,496.1111111111111,0.24813447175244496
PerplexDEW (Davies),isobar,20.0,497.22222222222223,0.2504255891127931
PerplexDEW (Davies),isobar,20.0,498.3333333333333,0.2527336008385431
PerplexDEW (Davies),isobar,20.0,499.44444444444446,0.2550585979669188
PerplexDEW (Davies),isobar,20.0,500.55555555555554,0.2574006681885618
PerplexDEW (Davies),isobar,20.0,501.6666666666667,0.2597599068995575
PerplexDEW (Davies),isobar,20.0,502.77777777777777,0.26213640623004
PerplexDEW (Davies),isobar,20.0,503.8888888888889,0.2645302586832363
PerplexDEW (Davies),isobar,20.0,505.0,0.2669415571399246
PerplexDEW (Davies),isobar,20.0,506.1111111111111,0.2693703948629661
PerplexDEW (Davies),isobar,20.0,507.22222222222223,0.2718168655020749
PerplexDEW (Davies),isobar,20.0,508.3333333333333,0.27428106309861133
PerplexDEW (Davies),isobar,20.0,509.44444444444446,0.2767630780817062
PerplexDEW (Davies),isobar,20.0,510.55555555555554,0.2792630173183267
PerplexDEW (Davies),isobar,20.0,511.6666666666667,0.28178096402857894
PerplexDEW (Davies),isobar,20.0,512.7777777777778,0.2843170178812033
PerplexDEW (Davies),isobar,20.0,513.8888888888889,0.28687127495423964
PerplexDEW (Davies),isobar,20.0,515.0,0.28944383595793033
PerplexDEW (Davies),isobar,20.0,516.1111111111111,0.29203478944886985
PerplexDEW (Davies),isobar,20.0,517.2222222222222,0.294644241253139
PerplexDEW (Davies),isobar,20.0,518.3333333333334,0.2972722893059991
PerplexDEW (Davies),isobar,20.0,519.4444444444445,0.29991902762015843
PerplexDEW (Davies),isobar,20.0,520.5555555555555,0.30258455049731026
PerplexDEW (Davies),isobar,20.0,521.6666666666666,0.30526897036456846
PerplexDEW (Davies),isobar,20.0,522.7777777777778,0.30797237362426194
PerplexDEW (Davies),isobar,20.0,523.8888888888889,0.3106948693629828
PerplexDEW (Davies),isobar,20.0,525.0,0.31343655832231127
PerplexDEW (Davies),isobar,20.0,526.1111111111111,0.3161975324740155
PerplexDEW (Davies),isobar,20.0,527.2222222222222,0.31897790731904263
PerplexDEW (Davies),isobar,20.0,528.3333333333334,0.32177777579539235
PerplexDEW (Davies),isobar,20.0,529.4444444444445,0.32459724053361405
PerplexDEW (Davies),isobar,20.0,530.5555555555555,0.3274364095008496
PerplexDEW (Davies),isobar,20.0,531.6666666666666,0.3302953816665996
PerplexDEW (Davies),isobar,20.0,532.7777777777778,0.3331742661678975
PerplexDEW (Davies),isobar,20.0,533.8888888888889,0.3360731679302336
PerplexDEW (Davies),isobar,20.0,535.0,0.3389921924431691
PerplexDEW (Davies),isobar,20.0,536.1111111111111,0.34193144072592635
PerplexDEW (Davies),isobar,20.0,537.2222222222222,0.3448910243751375
PerplexDEW (Davies),isobar,20.0,538.3333333333334,0.34787104549167125
PerplexDEW (Davies),isobar,20.0,539.4444444444445,0.3508716221537543
PerplexDEW (Davies),isobar,20.0,540.5555555555555,0.3538928524941878
PerplexDEW (Davies),isobar,20.0,541.6666666666666,0.356934850741998
PerplexDEW (Davies),isobar,20.0,542.7777777777778,0.3599977266250649
PerplexDEW (Davies),isobar,20.0,543.8888888888889,0.3630815905222017
PerplexDEW (Davies),isobar,20.0,545.0,0.36618654803813383
PerplexDEW (Davies),isobar,20.0,546.1111111111111,0.36931272171421586
PerplexDEW (Davies),isobar,20.0,547.2222222222222,0.37246021303037397
PerplexDEW (Davies),isobar,20.0,548.3333333333334,0.37562914612213083
PerplexDEW (Davies),isobar,20.0,549.4444444444445,0.3788196236811261
PerplexDEW (Davies),isobar,20.0,550.5555555555555,0.38203177149460754
PerplexDEW (Davies),isobar,20.0,551.6666666666666,0.385265693518241
PerplexDEW (Davies),isobar,20.0,552.7777777777778,0.3885215172516405
PerplexDEW (Davies),isobar,20.0,553.8888888888889,0.3917993479696873
PerplexDEW (Davies),isobar,20.0,555.0,0.39509931494802125
PerplexDEW (Davies),isobar,20.0,556.1111111111111,0.39842153677089265
PerplexDEW (Davies),isobar,20.0,557.2222222222222,0.40176612080370105
PerplexDEW (Davies),isobar,20.0,558.3333333333334,0.405133193036989
PerplexDEW (Davies),isobar,20.0,559.4444444444445,0.4085228805380078
PerplexDEW (Davies),isobar,20.0,560.5555555555555,0.41193529909312593
PerplexDEW (Davies),isobar,20.0,561.6666666666666,0.41537057140021555
PerplexDEW (Davies),isobar,20.0,562.7777777777778,0.4188288273701821
PerplexDEW (Davies),isobar,20.0,563.8888888888889,0.4223101853487508
PerplexDEW (Davies),isobar,20.0,565.0,0.4258147708184221
PerplexDEW (Davies),isobar,20.0,566.1111111111111,0.42934271670875296
PerplexDEW (Davies),isobar,20.0,567.2222222222222,0.4328941440954427
PerplexDEW (Davies),isobar,20.0,568.3333333333334,0.4364691814251274
PerplexDEW (Davies),isobar,20.0,569.4444444444445,0.44006796483442057
PerplexDEW (Davies),isobar,20.0,570.5555555555555,0.44369061831333645
PerplexDEW (Davies),isobar,20.0,571.6666666666666,0.44733728024877795
PerplexDEW (Davies),isobar,20.0,572.7777777777778,0.45100808352848143
PerplexDEW (Davies),isobar,20.0,573.8888888888889,0.45470314835020315
PerplexDEW (Davies),isobar,20.0,575.0,0.45842263040729064
PerplexDEW (Davies),isobar,20.0,576.1111111111111,0.4621666521542946
PerplexDEW (Davies),isobar,20.0,577.2222222222222,0.4659353580291436
PerplexDEW (Davies),isobar,20.0,578.3333333333334,0.4697288796255298
PerplexDEW (Davies),isobar,20.0,579.4444444444445,0.4735473712120669
PerplexDEW (Davies),isobar,20.0,580.5555555555555,0.4773909523924938
PerplexDEW (Davies),isobar,20.0,581.6666666666666,0.48125978744521325
PerplexDEW (Davies),isobar,20.0,582.7777777777778,0.48515400564814787
PerplexDEW (Davies),isobar,20.0,583.8888888888889,0.4890737595920556
PerplexDEW (Davies),isobar,20.0,585.0,0.49301919597139204
PerplexDEW (Davies),isobar,20.0,586.1111111111111,0.49699045527837876
PerplexDEW (Davies),isobar,20.0,587.2222222222222,0.5009877022875491
PerplexDEW (Davies),isobar,20.0,588.3333333333334,0.5050110727432884
PerplexDEW (Davies),isobar,20.0,589.4444444444445,0.5090607268760449
PerplexDEW (Davies),isobar,20.0,590.5555555555555,0.5131368267567389
PerplexDEW (Davies),isobar,20.0,591.6666666666666,0.5172395044102724
PerplexDEW (Davies),isobar,20.0,592.7777777777778,0.521368949009495
PerplexDEW (Davies),isobar,20.0,593.8888888888889,0.525525287538191
PerplexDEW (Davies),isobar,20.0,595.0,0.5297087049204754
PerplexDEW (Davies),isobar,20.0,596.1111111111111,0.5339193556094004
PerplexDEW (Davies),isobar,20.0,597.2222222222222,0.5381574038962258
PerplexDEW (Davies),isobar,20.0,598.3333333333334,0.5424230158971831
PerplexDEW (Davies),isobar,20.0,599.4444444444445,0.546716359594775
PerplexDEW (Davies),isobar,20.0,600.5555555555555,0.5510376048804073
PerplexDEW (Davies),isobar,20.0,601.6666666666666,0.5553869322511827
PerplexDEW (Davies),isobar,20.0,602.7777777777778,0.5597644983187894
PerplexDEW (Davies),isobar,20.0,603.8888888888889,0.5641704963523854
PerplexDEW (Davies),isobar,20.0,605.0,0.5686050867838353
PerplexDEW (Davies),psat,3.16674874006291e-05,25.0,0.00018431313532069887
PerplexDEW (Davies),psat,3.8971296034890025e-05,28.525252525252526,0.00019858538573207409
PerplexDEW (Davies),psat,4.770372635983489e-05,32.05050505050505,0.0002138521801629364
PerplexDEW (Davies),psat,5.8093119737924695e-05,35.57575757575758,0.0002301659469544209
PerplexDEW (Davies),psat,7.039572688496795e-05,39.101010101010104,0.00024758129262822815
PerplexDEW (Davies),psat,8.48979454804781e-05,42.62626262626263,0.00026615500238599967
PerplexDEW (Davies),psat,0.00010191861255354801,46.15151515151515,0.0002857872336586515
PerplexDEW (Davies),psat,0.00012181134269627938,49.676767676767675,0.0003059482503278627
PerplexDEW (Davies),psat,0.00014496690272637378,53.2020202020202,0.00032743613334584333
PerplexDEW (Davies),psat,0.0001718156130765712,56.72727272727273,0.00035031535550687646
PerplexDEW (Davies),psat,0.00020282976593169125,60.25252525252525,0.00037465320886647616
PerplexDEW (Davies),psat,0.00023852604996343644,63.77777777777778,0.0004005199863259195
PerplexDEW (Davies),psat,0.0002794679714270711,67.3030303030303,0.00042798861627454834
PerplexDEW (Davies),psat,0.0003262682613799407,70.82828282828282,0.0004571349526191741
PerplexDEW (Davies),psat,0.00037959125885595255,74.35353535353535,0.0004880375313422462
PerplexDEW (Davies),psat,0.00044015525997838205,77.87878787878788,0.0005207776238898131
PerplexDEW (Davies),psat,0.0005087348232109338,81.4040404040404,0.0005554392047464304
PerplexDEW (Davies),psat,0.0005861630212284873,84.92929292929293,0.0005921090598466722
PerplexDEW (Davies),psat,0.0006733336302288337,88.45454545454545,0.0006308765342727154
PerplexDEW (Davies),psat,0.000771203247899121,91.97979797979798,0.0006718337818212355
PerplexDEW (Davies),psat,0.0008807933316895004,95.5050505050505,0.0007150755388954156
PerplexDEW (Davies),psat,0.0010031921495257904,99.03030303030303,0.0007606992491741782
PerplexDEW (Davies),psat,0.0011395566356065194,102.55555555555556,0.0008088049764328831
PerplexDEW (Davies),psat,0.0012911141444717424,106.08080808080808,0.0008594954328907722
PerplexDEW (Davies),psat,0.0014591640970957162,109.6060606060606,0.0009128756992707646
PerplexDEW (Davies),psat,0.0016450795133371896,113.13131313131312,0.0009690536265738304
PerplexDEW (Davies),psat,0.0018503084256746045,116.65656565656565,0.0010281392054160875
PerplexDEW (Davies),psat,0.0020763751697535993,120.18181818181817,0.001090244982849605
PerplexDEW (Davies),psat,0.0023248815478766408,123.7070707070707,0.0011554857191716705
PerplexDEW (Davies),psat,0.0025975078621642976,127.23232323232322,0.0012239787290155967
PerplexDEW (Davies),psat,0.002896013814711435,130.75757575757575,0.001295842757100878
PerplexDEW (Davies),psat,0.0032222392726451747,134.2828282828283,0.0013711990895800225
PerplexDEW (Davies),psat,0.003578104896561738,137.8080808080808,0.0014501707611601898
PerplexDEW (Davies),psat,0.0039656126313736195,141.33333333333331,0.001532882352837524
PerplexDEW (Davies),psat,0.004386846059133994,144.85858585858585,0.0016194600935726606
PerplexDEW (Davies),psat,0.004843970613919506,148.3838383838384,0.0017100317126736242
PerplexDEW (Davies),psat,0.005339233659344778,151.9090909090909,0.0018047258995530426
PerplexDEW (Davies),psat,0.005874964429748883,155.43434343434342,0.0019036724055652313
PerplexDEW (Davies),psat,0.006453573836535782,158.95959595959596,0.002007001407549051
PerplexDEW (Davies),psat,0.007077554141565978,162.48484848484847,0.0021148440640425064
PerplexDEW (Davies),psat,0.007749478499884221,166.010101010101,0.002227330939198879
PerplexDEW (Davies),psat,0.008472000374428095,169.53535353535352,0.002344592992902493
PerplexDEW (Davies),psat,0.009247852825694333,173.06060606060606,0.002466760880392376
PerplexDEW (Davies),psat,0.010079847679643652,176.58585858585857,0.0025939634512330816
PerplexDEW (Davies),psat,0.010970874577400971,180.11111111111111,0.0027263286080564716
PerplexDEW (Davies),psat,0.011923899910556573,183.63636363636363,0.0028639826678449744
PerplexDEW (Davies),psat,0.012941965646094818,187.16161616161617,0.003007049942011059
PerplexDEW (Davies),psat,0.014028188045172833,190.68686868686868,0.003155651533564066
PerplexDEW (Davies),psat,0.015185756280140418,194.2121212121212,0.0033099050297309713
PerplexDEW (Davies),psat,0.016417930954337075,197.73737373737373,0.0034699234241485455
PerplexDEW (Davies),psat,0.017728042529322485,201.26262626262624,0.003635817894355735
PerplexDEW (Davies),psat,0.019119489664294793,204.78787878787878,0.0038076903244136655
PerplexDEW (Davies),psat,0.020595737472526184,208.3131313131313,0.003985639399636733
PerplexDEW (Davies),psat,0.022160315699699673,211.83838383838383,0.004169755368641768
PerplexDEW (Davies),psat,0.023816816829067538,215.36363636363635,0.004360120965537753
PerplexDEW (Davies),psat,0.025568894118365475,218.88888888888889,0.0045568105868502105
PerplexDEW (Davies),psat,0.027420259573418752,222.4141414141414,0.004759888150785113
PerplexDEW (Davies),psat,0.029374681863355748,225.93939393939394,0.00496940581821581
PerplexDEW (Davies),psat,0.0314359841823141,229.46464646464645,0.005185406886997153
PerplexDEW (Davies),psat,0.03360804206247664,232.989898989899,0.005407916488124269
PerplexDEW (Davies),psat,0.03589478114321435,236.5151515151515,0.005636946784482189
PerplexDEW (Davies),psat,0.03830017490104275,240.04040404040404,0.005872494469249915
PerplexDEW (Davies),psat,0.04082824234501484,243.56565656565655,0.006114535941166646
PerplexDEW (Davies),psat,0.04348304568208156,247.0909090909091,0.006363030592278789
PerplexDEW (Davies),psat,0.04626868795684949,250.6161616161616,0.006617913920337942
PerplexDEW (Davies),psat,0.04918931067005719,254.14141414141412,
PerplexDEW (Davies),psat,0.052249091379974154,257.66666666666663,
PerplexDEW (Davies),psat,0.05545224129080594,261.19191919191917,0.00741986929004304
PerplexDEW (Davies),psat,0.05880300283206092,264.7171717171717,0.007699145035637483
PerplexDEW (Davies),psat,0.062305647232702675,268.24242424242425,0.00798407757720731
PerplexDEW (Davies),psat,0.06596447209377618,271.7676767676768,0.00827441493403386
PerplexDEW (Davies),psat,0.06978379896305821,275.2929292929293,0.008569872619298782
PerplexDEW (Davies),psat,0.0737679709151438,278.8181818181818,0.008870114759727312
PerplexDEW (Davies),psat,0.07792135014023042,282.34343434343435,0.009174761103254468
PerplexDEW (Davies),psat,0.08224831554473254,285.86868686868684,0.009483358034158874
PerplexDEW (Davies),psat,0.08675326036669773,289.3939393939394,0.009795417388164708
PerplexDEW (Davies),psat,0.091440589808867,292.9191919191919,0.010110360379000758
PerplexDEW (Davies),psat,0.09631471869206858,296.44444444444446,0.010427551177212563
PerplexDEW (Davies),psat,0.10138006913149601,299.96969696969694,0.010746263223554941
PerplexDEW (Davies),psat,0.10664106823827953,303.4949494949495,0.011065669878247402
PerplexDEW (Davies),psat,0.1121021458486162,307.020202020202,0.011384851912190385
PerplexDEW (Davies),psat,0.11776773228259453,310.5454545454545,0.011702772776358596
PerplexDEW (Davies),psat,0.12364225613470231,314.07070707070704,0.012018248621735833
PerplexDEW (Davies),psat,0.12973014209788256,317.5959595959596,0.012329952573927744
PerplexDEW (Davies),psat,0.1360358088228683,321.1212121212121,0.012636381749321258
PerplexDEW (Davies),psat,0.14256366681439595,324.6464646464646,0.012935807355696036
PerplexDEW (Davies),psat,0.1493181163657802,328.17171717171715,0.013226284086693824
PerplexDEW (Davies),psat,0.15630354553320006,331.6969696969697,0.013505512360891947
PerplexDEW (Davies),psat,0.1635243281509449,335.22222222222223,0.013770906384254806
PerplexDEW (Davies),psat,0.17098482188873196,338.7474747474747,0.014019325648278493
PerplexDEW (Davies),psat,0.1786893663521207,342.27272727272725,0.014247097746717011
PerplexDEW (Davies),psat,0.18664228122691862,345.7979797979798,0.01444968314509722
PerplexDEW (Davies),psat,0.19484786446838742,349.32323232323233,1.4888538299824605e-07
PerplexDEW (Davies),psat,0.20331039053594835,352.8484848484848,2.932197791324496e-07
PerplexDEW (Davies),psat,0.21203410867399128,356.37373737373736,5.799957220205675e-07
PerplexDEW (Davies),psat,0.2210232412393035,359.8989898989899,1.1129549025269852e-06
PerplexDEW (Davies),psat,0.23028198207553469,363.4242424242424,2.062320798313129e-06
PerplexDEW (Davies),psat,0.239814494935051,366.9494949494949,3.6950702055614196e-06
PerplexDEW (Davies),psat,0.24962491194841668,370.47474747474746,6.413469329221017e-06
PerplexDEW (Davies),psat,0.2597173321417023,374.0,1.0806225741827232e-05
