backend,curve_type,P_kbar,T_C,molality,molality_lo,molality_med,molality_hi
PerplexDEW (Davies),isobar,0.000293842,19.0,388.5590454325439,388.5590454325439,388.5590454325439,388.55904543254405
PerplexDEW (Davies),isobar,0.000293842,20.01010101010101,388.5590454325439,388.5590454325439,388.5590454325439,388.55904543254405
PerplexDEW (Davies),isobar,0.000293842,21.02020202020202,388.5590454325439,388.5590454325439,388.5590454325439,388.55904543254405
PerplexDEW (Davies),isobar,0.000293842,22.03030303030303,388.5590454325439,388.5590454325439,388.5590454325439,388.55904543254405
PerplexDEW (Davies),isobar,0.000293842,23.04040404040404,,,,
PerplexDEW (Davies),isobar,0.000293842,24.050505050505052,,,,
PerplexDEW (Davies),isobar,0.000293842,25.060606060606062,,,,
PerplexDEW (Davies),isobar,0.000293842,26.070707070707073,,,,
PerplexDEW (Davies),isobar,0.000293842,27.080808080808083,,,,
PerplexDEW (Davies),isobar,0.000293842,28.090909090909093,,,,
PerplexDEW (Davies),isobar,0.000293842,29.101010101010104,,,,
PerplexDEW (Davies),isobar,0.000293842,30.111111111111114,,,,
PerplexDEW (Davies),isobar,0.000293842,31.12121212121212,,,,
PerplexDEW (Davies),isobar,0.000293842,32.131313131313135,,,,
PerplexDEW (Davies),isobar,0.000293842,33.141414141414145,,,,
PerplexDEW (Davies),isobar,0.000293842,34.151515151515156,,,,
PerplexDEW (Davies),isobar,0.000293842,35.161616161616166,,,,
PerplexDEW (Davies),isobar,0.000293842,36.17171717171718,,,,
PerplexDEW (Davies),isobar,0.000293842,37.18181818181819,,,,
PerplexDEW (Davies),isobar,0.000293842,38.1919191919192,,,,
PerplexDEW (Davies),isobar,0.000293842,39.20202020202021,,,,
PerplexDEW (Davies),isobar,0.000293842,40.21212121212122,,,,
PerplexDEW (Davies),isobar,0.000293842,41.22222222222223,,,,
PerplexDEW (Davies),isobar,0.000293842,42.23232323232324,,,,
PerplexDEW (Davies),isobar,0.000293842,43.24242424242424,,,,
PerplexDEW (Davies),isobar,0.000293842,44.25252525252525,,,,
PerplexDEW (Davies),isobar,0.000293842,45.26262626262626,,,,
PerplexDEW (Davies),isobar,0.000293842,46.27272727272727,,,,
PerplexDEW (Davies),isobar,0.000293842,47.282828282828284,,,,
PerplexDEW (Davies),isobar,0.000293842,48.292929292929294,,,,
PerplexDEW (Davies),isobar,0.000293842,49.303030303030305,,,,
PerplexDEW (Davies),isobar,0.000293842,50.313131313131315,,,,
PerplexDEW (Davies),isobar,0.000293842,51.323232323232325,,,,
PerplexDEW (Davies),isobar,0.000293842,52.333333333333336,,,,
PerplexDEW (Davies),isobar,0.000293842,53.343434343434346,,,,
PerplexDEW (Davies),isobar,0.000293842,54.35353535353536,,,,
PerplexDEW (Davies),isobar,0.000293842,55.36363636363637,,,,
PerplexDEW (Davies),isobar,0.000293842,56.37373737373738,,,,
PerplexDEW (Davies),isobar,0.000293842,57.38383838383839,,,,
PerplexDEW (Davies),isobar,0.000293842,58.3939393939394,,,,
PerplexDEW (Davies),isobar,0.000293842,59.40404040404041,,,,
PerplexDEW (Davies),isobar,0.000293842,60.41414141414142,,,,
PerplexDEW (Davies),isobar,0.000293842,61.42424242424243,,,,
PerplexDEW (Davies),isobar,0.000293842,62.43434343434344,,,,
PerplexDEW (Davies),isobar,0.000293842,63.44444444444445,,,,
PerplexDEW (Davies),isobar,0.000293842,64.45454545454547,,,,
PerplexDEW (Davies),isobar,0.000293842,65.46464646464648,,,,
PerplexDEW (Davies),isobar,0.000293842,66.47474747474749,,,,
PerplexDEW (Davies),isobar,0.000293842,67.48484848484848,,,,
PerplexDEW (Davies),isobar,0.000293842,68.4949494949495,,,,
PerplexDEW (Davies),isobar,0.000293842,69.5050505050505,,,,
PerplexDEW (Davies),isobar,0.000293842,70.51515151515152,,,,
PerplexDEW (Davies),isobar,0.000293842,71.52525252525253,,,,
PerplexDEW (Davies),isobar,0.000293842,72.53535353535354,,,,
PerplexDEW (Davies),isobar,0.000293842,73.54545454545455,,,,
PerplexDEW (Davies),isobar,0.000293842,74.55555555555556,,,,
PerplexDEW (Davies),isobar,0.000293842,75.56565656565657,,,,
PerplexDEW (Davies),isobar,0.000293842,76.57575757575758,,,,
PerplexDEW (Davies),isobar,0.000293842,77.58585858585859,,,,
PerplexDEW (Davies),isobar,0.000293842,78.5959595959596,,,,
PerplexDEW (Davies),isobar,0.000293842,79.60606060606061,,,,
PerplexDEW (Davies),isobar,0.000293842,80.61616161616162,,,,
PerplexDEW (Davies),isobar,0.000293842,81.62626262626263,,,,
PerplexDEW (Davies),isobar,0.000293842,82.63636363636364,,,,
PerplexDEW (Davies),isobar,0.000293842,83.64646464646465,,,,
PerplexDEW (Davies),isobar,0.000293842,84.65656565656566,,,,
PerplexDEW (Davies),isobar,0.000293842,85.66666666666667,,,,
PerplexDEW (Davies),isobar,0.000293842,86.67676767676768,,,,
PerplexDEW (Davies),isobar,0.000293842,87.68686868686869,,,,
PerplexDEW (Davies),isobar,0.000293842,88.6969696969697,,,,
PerplexDEW (Davies),isobar,0.000293842,89.70707070707071,,,,
PerplexDEW (Davies),isobar,0.000293842,90.71717171717172,,,,
PerplexDEW (Davies),isobar,0.000293842,91.72727272727273,,,,
PerplexDEW (Davies),isobar,0.000293842,92.73737373737374,,,,
PerplexDEW (Davies),isobar,0.000293842,93.74747474747475,,,,
PerplexDEW (Davies),isobar,0.000293842,94.75757575757576,,,,
PerplexDEW (Davies),isobar,0.000293842,95.76767676767678,,,,
PerplexDEW (Davies),isobar,0.000293842,96.77777777777779,,,,
PerplexDEW (Davies),isobar,0.000293842,97.7878787878788,,,,
PerplexDEW (Davies),isobar,0.000293842,98.7979797979798,,,,
PerplexDEW (Davies),isobar,0.000293842,99.80808080808082,,,,
PerplexDEW (Davies),isobar,0.000293842,100.81818181818183,,,,
PerplexDEW (Davies),isobar,0.000293842,101.82828282828284,,,,
PerplexDEW (Davies),isobar,0.000293842,102.83838383838385,,,,
PerplexDEW (Davies),isobar,0.000293842,103.84848484848486,,,,
PerplexDEW (Davies),isobar,0.000293842,104.85858585858587,,,,
PerplexDEW (Davies),isobar,0.000293842,105.86868686868688,,,,
PerplexDEW (Davies),isobar,0.000293842,106.87878787878789,,,,
PerplexDEW (Davies),isobar,0.000293842,107.8888888888889,,,,
PerplexDEW (Davies),isobar,0.000293842,108.89898989898991,,,,
PerplexDEW (Davies),isobar,0.000293842,109.90909090909092,,,,
PerplexDEW (Davies),isobar,0.000293842,110.91919191919193,,,,
PerplexDEW (Davies),isobar,0.000293842,111.92929292929294,,,,
PerplexDEW (Davies),isobar,0.000293842,112.93939393939395,,,,
PerplexDEW (Davies),isobar,0.000293842,113.94949494949496,,,,
PerplexDEW (Davies),isobar,0.000293842,114.95959595959597,,,,
PerplexDEW (Davies),isobar,0.000293842,115.96969696969697,,,,
PerplexDEW (Davies),isobar,0.000293842,116.97979797979798,,,,
PerplexDEW (Davies),isobar,0.000293842,117.98989898989899,,,,
PerplexDEW (Davies),isobar,0.000293842,119.0,,,,
PerplexDEW (Davies),isobar,0.000557288,34.0,0.00022531951347498508,2.8112484757645163e-07,0.00011702835000903982,0.08779464989513579
PerplexDEW (Davies),isobar,0.000557288,35.01010101010101,0.00022979675323034555,2.929563374914878e-07,0.00011959312813108767,0.08830276648955751
PerplexDEW (Davies),isobar,0.000557288,36.02020202020202,0.00023436366554997688,3.0524270474230507e-07,0.0001222127297004866,0.08882377795412971
PerplexDEW (Davies),isobar,0.000557288,37.03030303030303,0.00023902136947269684,3.1799898930484006e-07,0.0001248879489137751,0.08935752709329853
PerplexDEW (Davies),isobar,0.000557288,38.04040404040404,0.00024377107521376604,3.3124073880950057e-07,0.00012761962982699968,0.08990388236735779
PerplexDEW (Davies),isobar,0.000557288,39.05050505050505,0.0002486139769427195,3.449838778977983e-07,0.00013040861038448077,0.0904627145402553
PerplexDEW (Davies),isobar,0.000557288,40.06060606060606,0.00025355129588992576,3.592447735332657e-07,0.00013325574500346266,0.09103390524144575
PerplexDEW (Davies),isobar,0.000557288,41.07070707070707,0.0002585842967050766,3.7404026901167524e-07,0.00013616191330309874,0.0916173495492334
PerplexDEW (Davies),isobar,0.000557288,42.08080808080808,0.0002637142536111787,3.893876464798227e-07,0.0001391280023675471,0.09221294868118007
PerplexDEW (Davies),isobar,0.000557288,43.09090909090909,0.0002689424838321858,4.053046855547298e-07,0.00014215492446429848,0.09282061604354601
PerplexDEW (Davies),isobar,0.000557288,44.101010101010104,0.000274270293556951,4.2180959279039714e-07,0.0001452435885058492,0.09344026642140124
PerplexDEW (Davies),isobar,0.000557288,45.111111111111114,0.0002796990682391003,4.389211492861965e-07,0.00014839494799857598,0.09407183263697656
PerplexDEW (Davies),isobar,0.000557288,46.121212121212125,0.0002852301619401525,4.5665855150472777e-07,0.00015160994238203165,0.09471524433587314
PerplexDEW (Davies),isobar,0.000557288,47.131313131313135,0.00029086494993618635,4.7504149960324213e-07,0.00015488952491732913,0.09537043773856703
PerplexDEW (Davies),isobar,0.000557288,48.141414141414145,0.00029660486955888476,4.940902762379708e-07,0.00015823468459882277,0.09603736250257283
PerplexDEW (Davies),isobar,0.000557288,49.151515151515156,0.00030245136170345595,5.138256636136856e-07,0.00016164641503916354,0.09671597073272528
PerplexDEW (Davies),isobar,0.000557288,50.161616161616166,0.0003084058680709554,5.342689463310145e-07,0.00016512571294515272,0.09740621644001633
PerplexDEW (Davies),isobar,0.000557288,51.17171717171718,0.00031446989495578965,5.554420321789385e-07,0.00016867361239724082,0.09810806629523881
PerplexDEW (Davies),isobar,0.000557288,52.18181818181819,0.00032064490470584065,5.773672733502754e-07,0.00017229112657654708,0.09882148075647398
PerplexDEW (Davies),isobar,0.000557288,53.1919191919192,0.0003269324473250448,6.000677095980911e-07,0.0001759793185853352,0.09954643622676879
PerplexDEW (Davies),isobar,0.000557288,54.20202020202021,0.0003333340492505645,6.23566881124702e-07,0.0001797392416182188,0.10028290601433518
PerplexDEW (Davies),isobar,0.000557288,55.21212121212122,0.0003398512565678512,6.47888914866541e-07,0.00018357196221494937,0.10103086753303812
PerplexDEW (Davies),isobar,0.000557288,56.22222222222223,0.0003464856600442704,6.730585844825502e-07,0.00018747857389151247,0.10179030606144912
PerplexDEW (Davies),isobar,0.000557288,57.23232323232324,0.00035323884660509866,6.991012291052039e-07,0.00019146017088813346,0.10256120672655797
PerplexDEW (Davies),isobar,0.000557288,58.24242424242424,0.0003601124490215281,7.26042861274901e-07,0.00019551787517204028,0.1033435622255792
PerplexDEW (Davies),isobar,0.000557288,59.25252525252525,0.00036710809498560835,7.539100775759186e-07,0.0001996528087836854,0.10413736465869174
PerplexDEW (Davies),isobar,0.000557288,60.26262626262626,0.00037422743160798246,7.827301170423867e-07,0.00020386610714697877,0.10494260929688924
PerplexDEW (Davies),isobar,0.000557288,61.27272727272727,0.0003814721253884199,8.125308724776836e-07,0.00020815891908039361,0.1057592944299077
PerplexDEW (Davies),isobar,0.000557288,62.282828282828284,0.0003888438622000726,8.433409018859166e-07,0.00021253240681369862,0.10658742122396692
PerplexDEW (Davies),isobar,0.000557288,63.292929292929294,0.0003963444068612339,8.751895729469075e-07,0.00021698777877042434,0.10742700219109183
PerplexDEW (Davies),isobar,0.000557288,64.30303030303031,0.0004039754272900038,9.08106687259272e-07,0.0002215261930105383,0.10827803545215045
PerplexDEW (Davies),isobar,0.000557288,65.31313131313132,0.00041173869882516774,9.421229410513572e-07,0.0002261488694440651,0.10914053443943127
PerplexDEW (Davies),isobar,0.000557288,66.32323232323233,0.0004196359552396532,9.772696042283935e-07,0.00023085700792108659,0.1100145062775273
PerplexDEW (Davies),isobar,0.000557288,67.33333333333334,0.0004276690123025142,1.013578815740149e-06,0.00023565185637562167,0.1108999691806705
PerplexDEW (Davies),isobar,0.000557288,68.34343434343435,0.000435839674863835,1.0510833820961465e-06,0.00024053465961015728,0.1117969392074519
PerplexDEW (Davies),isobar,0.000557288,69.35353535353536,0.0004441497674138162,1.0898168589184515e-06,0.00024550667614909986,0.11270543451964352
PerplexDEW (Davies),isobar,0.000557288,70.36363636363637,0.00045260109899890994,1.1298134745178272e-06,0.0002505691587381443,0.1136254706399337
PerplexDEW (Davies),isobar,0.000557288,71.37373737373738,0.00046119556706126873,1.1711084013200884e-06,0.00025572341207192776,0.11455707423277996
PerplexDEW (Davies),isobar,0.000557288,72.3838383838384,0.00046993498170908596,1.2137373238802727e-06,0.0002609706950331622,0.11550025974412002
PerplexDEW (Davies),isobar,0.000557288,73.3939393939394,0.0004788213167897486,1.257737095171491e-06,0.0002663123606004578,0.11645506224190208
PerplexDEW (Davies),isobar,0.000557288,74.40404040404042,0.0004878564573015939,1.3031450981896818e-06,0.0002717497150657029,0.11742150432796053
PerplexDEW (Davies),isobar,0.000557288,75.41414141414143,0.000497042304742001,1.3499995237268494e-06,0.0002772840766504543,0.11839961003555609
PerplexDEW (Davies),isobar,0.000557288,76.42424242424244,0.000506380817398695,1.3983394948094646e-06,0.00028291679814273325,0.11938940974677092
PerplexDEW (Davies),isobar,0.000557288,77.43434343434345,0.0005158740149371171,1.448205100977934e-06,0.00028864926965828255,0.1203909410593659
PerplexDEW (Davies),isobar,0.000557288,78.44444444444446,0.0005255238142148978,1.4996369459502576e-06,0.0002944828263109484,0.12140422606257682
PerplexDEW (Davies),isobar,0.000557288,79.45454545454547,0.0005353322311717153,1.5526767249199852e-06,0.0003004188616379451,0.12242930001125367
PerplexDEW (Davies),isobar,0.000557288,80.46464646464648,0.0005453013462434824,1.6073671528948477e-06,0.0003064588084103786,0.1234662041242089
PerplexDEW (Davies),isobar,0.000557288,81.47474747474749,0.0005554331285820591,1.6637514543826267e-06,0.00031260403931731293,0.12451496534740324
PerplexDEW (Davies),isobar,0.000557288,82.48484848484848,0.0005657296985145247,1.7218741546810459e-06,0.0003188560152315664,0.1255756274407237
PerplexDEW (Davies),isobar,0.000557288,83.4949494949495,0.000576193059116796,1.7817802828211494e-06,0.0003252161333497387,0.1266482194399713
PerplexDEW (Davies),isobar,0.000557288,84.5050505050505,0.0005868253224181015,1.8435160716116454e-06,0.00033168585526779904,0.12773278200575966
PerplexDEW (Davies),isobar,0.000557288,85.51515151515152,0.0005976286705558293,1.9071288672002557e-06,0.00033826668524742374,0.12882936247513865
PerplexDEW (Davies),isobar,0.000557288,86.52525252525253,0.0006086051590850243,1.972666507515114e-06,0.0003449600582322665,0.12993799278512075
PerplexDEW (Davies),isobar,0.000557288,87.53535353535354,0.0006197569589555116,2.0401781068397463e-06,0.0003517674774785673,0.13105871675036462
PerplexDEW (Davies),isobar,0.000557288,88.54545454545455,0.0006310862091163107,2.1097135928674304e-06,0.00035869043063482977,0.1321915735092894
PerplexDEW (Davies),isobar,0.000557288,89.55555555555556,0.0006425951188938498,2.1813240594248136e-06,0.00036573044819285846,0.13333660873478817
PerplexDEW (Davies),isobar,0.000557288,90.56565656565657,0.0006542859186462161,2.2550616200656344e-06,0.00037288907539002083,0.13449386907888597
PerplexDEW (Davies),isobar,0.000557288,91.57575757575758,0.000666160803404044,2.3309792209999095e-06,0.00038016783983134097,0.1356633962239527
PerplexDEW (Davies),isobar,0.000557288,92.58585858585859,0.0006782219267671056,2.4091306171225732e-06,0.0003875682477519685,0.13684522651336006
PerplexDEW (Davies),isobar,0.000557288,93.5959595959596,0.0006904716895676624,2.4895714275128866e-06,0.0003950919501342991,0.1380394208658432
PerplexDEW (Davies),isobar,0.000557288,94.60606060606061,0.0007029122225938996,2.5723572841980657e-06,0.0004027404451043999,0.13924601097694206
PerplexDEW (Davies),isobar,0.000557288,95.61616161616162,0.0007155459089684893,2.6575457402279055e-06,0.00041051537866127147,0.1404650533385824
PerplexDEW (Davies),isobar,0.000557288,96.62626262626263,0.0007283750325524349,2.7451949982167823e-06,0.0004184183421349349,0.14169659299724852
PerplexDEW (Davies),isobar,0.000557288,97.63636363636364,0.0007414018933497304,2.835364339425962e-06,0.00042645093859013344,0.14294067550367512
PerplexDEW (Davies),isobar,0.000557288,98.64646464646465,0.0007546288731737087,2.928114395419747e-06,0.0004346148209269362,0.1441973533037121
PerplexDEW (Davies),isobar,0.000557288,99.65656565656566,0.000768058241092994,3.0235063980795547e-06,0.00044291157905680065,0.14546666660258262
PerplexDEW (Davies),isobar,0.000557288,100.66666666666667,0.0007816924822927326,3.121603493378359e-06,0.00045134293076982425,0.14674867543827472
PerplexDEW (Davies),isobar,0.000557288,101.67676767676768,0.0007955338991370355,3.2224691634106383e-06,0.0004599104900196915,0.14804342091859668
PerplexDEW (Davies),isobar,0.000557288,102.68686868686869,0.0008095849471581397,3.3261685880387966e-06,0.00046861596219710826,0.14935095766908724
PerplexDEW (Davies),isobar,0.000557288,103.6969696969697,0.0008238480305112529,3.432767827550009e-06,0.0004774610251262873,0.15067133417803413
PerplexDEW (Davies),isobar,0.000557288,104.70707070707071,0.0008383256437836274,3.542334426069108e-06,0.00048644741176508165,0.15200460614669128
PerplexDEW (Davies),isobar,0.000557288,105.71717171717172,0.0008530200745262916,3.65493614363761e-06,0.000495576736178563,0.15335080902330483
PerplexDEW (Davies),isobar,0.000557288,106.72727272727273,0.000867934002687631,3.7706435606029947e-06,0.0005048508443582735,0.15471001310896676
PerplexDEW (Davies),isobar,0.000557288,107.73737373737374,0.0008830699043757145,3.88952752128007e-06,0.0005142714653773384,0.1560822685754352
PerplexDEW (Davies),isobar,0.000557288,108.74747474747475,0.0008984301086623653,4.011659336069714e-06,0.000523840243934045,0.15746761143311042
PerplexDEW (Davies),isobar,0.000557288,109.75757575757576,0.0009140172783250713,4.137112967346089e-06,0.0005335590228883981,0.158866106417297
PerplexDEW (Davies),isobar,0.000557288,110.76767676767678,0.0009298339355039296,4.265962914674205e-06,0.0005434295646923389,0.16027780439024666
PerplexDEW (Davies),isobar,0.000557288,111.77777777777779,0.0009458826174615699,4.398284917452024e-06,0.0005534536427583064,0.16170275640468024
PerplexDEW (Davies),isobar,0.000557288,112.7878787878788,0.0009621658764341794,4.534155964967686e-06,0.0005636330413501895,0.16314101368367384
PerplexDEW (Davies),isobar,0.000557288,113.7979797979798,0.0009786862794774341,4.673654306278113e-06,0.0005739695554702451,0.16459262760090856
PerplexDEW (Davies),isobar,0.000557288,114.80808080808082,0.0009954464083060464,4.816859459896863e-06,0.0005844649907415826,0.16605764966107026
PerplexDEW (Davies),isobar,0.000557288,115.81818181818183,0.0010124490470678294,4.963853168409402e-06,0.0005951212748464263,0.16753614711662326
PerplexDEW (Davies),isobar,0.000557288,116.82828282828284,0.001029696626136665,5.114716637627676e-06,0.0006059401276269209,0.16902815640733915
PerplexDEW (Davies),isobar,0.000557288,117.83838383838385,0.0010471919661893376,5.269534264908305e-06,0.0006169235024744621,0.17053374532743865
PerplexDEW (Davies),isobar,0.000557288,118.84848484848486,0.0010649375183526644,5.428389800446656e-06,0.0006280731349637149,0.17205295009475868
PerplexDEW (Davies),isobar,0.000557288,119.85858585858587,0.0010829361394003685,5.591370336242022e-06,0.0006393910038580977,0.1735858389811828
PerplexDEW (Davies),isobar,0.000557288,120.86868686868688,0.0011011905082986403,5.758563316297276e-06,0.000650878984032769,0.1751324644735946
PerplexDEW (Davies),isobar,0.000557288,121.87878787878789,0.001119703105488685,5.930056366419237e-06,0.0006625388333527336,0.17669286230934905
PerplexDEW (Davies),isobar,0.000557288,122.8888888888889,0.0011384768411046044,6.105940693390076e-06,0.0006743725680166272,0.17826710136382906
PerplexDEW (Davies),isobar,0.000557288,123.89898989898991,0.0011575144347806508,6.286307776395315e-06,0.0006863820922538061,0.1798552341139053
PerplexDEW (Davies),isobar,0.000557288,124.90909090909092,0.0011768186193693807,6.471250456344962e-06,0.0006985693198238426,0.18145731300136148
PerplexDEW (Davies),isobar,0.000557288,125.91919191919193,0.0011963921407250103,6.660862943217205e-06,0.0007109361738566065,0.18307339041592138
PerplexDEW (Davies),isobar,0.000557288,126.92929292929294,0.0012162377574817579,6.855240823118757e-06,0.0007234845866883797,0.1847035186787622
PerplexDEW (Davies),isobar,0.000557288,127.93939393939395,0.0012363582408233533,7.054481065036725e-06,0.0007362164996918033,0.18634775002599874
PerplexDEW (Davies),isobar,0.000557288,128.94949494949498,0.001256756374247577,7.258682027288692e-06,0.0007491338631017079,0.18800613659210566
PerplexDEW (Davies),isobar,0.000557288,129.95959595959596,0.0012774349533226593,7.467943463650222e-06,0.0007622386358352356,0.18967873039399052
PerplexDEW (Davies),isobar,0.000557288,130.96969696969697,0.0012983967854378693,7.682366529150132e-06,0.0007755327853074841,0.1913655833145834
PerplexDEW (Davies),isobar,0.000557288,131.97979797979798,0.0013196446895447607,7.902053785525573e-06,0.0007890182872403985,0.1930667470867255
PerplexDEW (Davies),isobar,0.000557288,132.989898989899,0.001341181495893662,8.127109206327223e-06,0.0008026971254680819,0.1947822732773089
PerplexDEW (Davies),isobar,0.000557288,134.0,0.0013630101805704887,8.35763903606382e-06,0.0008165713735006908,0.19651222291146428
PerplexDEW (Davies),isobar,0.000658613,34.0,0.00022532347880229342,2.811297847497979e-07,0.00011703040846497774,0.08779626736294922
PerplexDEW (Davies),isobar,0.000658613,35.01010101010101,0.00022980075498605396,2.929614288187607e-07,0.00011959520970570829,0.08830436943168389
PerplexDEW (Davies),isobar,0.000658613,36.02020202020202,0.00023436768975594428,3.052479355261857e-07,0.00012221482714022238,0.08882536378668876
PerplexDEW (Davies),isobar,0.000658613,37.03030303030303,0.00023902544745800183,3.180044043741039e-07,0.00012489007865774688,0.08935910273835719
PerplexDEW (Davies),isobar,0.000658613,38.04040404040404,0.00024377519299645291,3.31246323765777e-07,0.00012762178462582364,0.0899054451921368
PerplexDEW (Davies),isobar,0.000658613,39.05050505050505,0.0002486181192931227,3.4498961545401427e-07,0.00013041078228765842,0.09046426178073687
PerplexDEW (Davies),isobar,0.000658613,40.06060606060606,0.0002535554798461257,3.59250691135095e-07,0.00013325794301979768,0.09103544064739645
PerplexDEW (Davies),isobar,0.000658613,41.07070707070707,0.00025858852338064305,3.740463724882978e-07,0.00013616413808430238,0.0916188736012546
PerplexDEW (Davies),isobar,0.000658613,42.08080808080808,0.0002637185418027738,3.893939681171517e-07,0.00013913026392545322,0.09221446523933954
PerplexDEW (Davies),isobar,0.000658613,43.09090909090909,0.0002689467992966031,4.053111789446936e-07,0.00014215720474710205,0.09282211875543496
PerplexDEW (Davies),isobar,0.000658613,44.101010101010104,0.00027427465509747087,4.218162905686568e-07,0.00014524589753470358,0.09344175911255799
PerplexDEW (Davies),isobar,0.000658613,45.111111111111114,0.0002797034769826582,4.3892805798198326e-07,0.00014839728644391048,0.09407331571885792
PerplexDEW (Davies),isobar,0.000658613,46.121212121212125,0.00028523459942554787,4.566656462286304e-07,0.00015161230047152627,0.09471671465109302
PerplexDEW (Davies),isobar,0.000658613,47.131313131313135,0.00029086943639013147,4.7504881739928504e-07,0.00015489191349195205,0.09537189918305962
PerplexDEW (Davies),isobar,0.000658613,48.141414141414145,0.00029660942672702517,4.940978587569936e-07,0.00015823711537346573,0.09603881907871159
PerplexDEW (Davies),isobar,0.000658613,49.151515151515156,0.00030245594950139047,5.138334488903977e-07,0.00016164886663491565,0.0967174155275496
PerplexDEW (Davies),isobar,0.000658613,50.161616161616166,0.0003084105299339991,5.342770142781746e-07,0.00016512820873615134,0.09740765714736767
PerplexDEW (Davies),isobar,0.000658613,51.17171717171718,0.0003144745886884103,5.554503147475028e-07,0.00016867612979322677,0.09810949581388119
PerplexDEW (Davies),isobar,0.000658613,52.18181818181819,0.000320649675932208,5.773758576502419e-07,0.00017229369021990379,0.09882290692424515
PerplexDEW (Davies),isobar,0.000658613,53.1919191919192,0.00032693727500578563,6.000765642225554e-07,0.0001759819172373245,0.09954785559610711
PerplexDEW (Davies),isobar,0.000658613,54.20202020202021,0.0003333389106385777,6.235759692957656e-07,0.0001797418630528235,0.10028431499923857
PerplexDEW (Davies),isobar,0.000658613,55.21212121212122,0.00033985617621274007,6.478982883892244e-07,0.0001835746197840807,0.10103227026794132
PerplexDEW (Davies),isobar,0.000658613,56.22222222222223,0.00034649066429693124,6.730683014587641e-07,0.00018748128199690207,0.10179170680346296
PerplexDEW (Davies),isobar,0.000658613,57.23232323232324,0.00035324391215363316,6.991112514673899e-07,0.00019146291698260074,0.10256260181883718
PerplexDEW (Davies),isobar,0.000658613,58.24242424242424,0.0003601175771042593,7.26053198410993e-07,0.0001955206600229464,0.10334495193393516
PerplexDEW (Davies),isobar,0.000658613,59.25252525252525,0.00036711328685287714,7.539207391357676e-07,0.00019965563316781795,0.10413874924116373
PerplexDEW (Davies),isobar,0.000658613,60.26262626262626,0.0003742326608055685,7.827410543983217e-07,0.00020386895668823678,0.10494398484597121
PerplexDEW (Davies),isobar,0.000658613,61.27272727272727,0.00038147742023276825,8.12542151828001e-07,0.00020816180934072665,0.10576066530020492
PerplexDEW (Davies),isobar,0.000658613,62.282828282828284,0.0003888492530495479,8.433525973335117e-07,0.0002125353545560274,0.10658879190478228
PerplexDEW (Davies),isobar,0.000658613,63.292929292929294,0.0003963498666254953,8.752016341700891e-07,0.0002169907692523095,0.10742836870763116
PerplexDEW (Davies),isobar,0.000658613,64.30303030303031,0.000403980957285976,9.081191253189579e-07,0.00022152922705956637,0.108279398028728
PerplexDEW (Davies),isobar,0.000658613,65.31313131313132,0.0004117442691429335,9.421356950504002e-07,0.0002261519306609905,0.10914188889496731
PerplexDEW (Davies),isobar,0.000658613,66.32323232323233,0.000419641629707953,9.772828303668077e-07,0.00023086013163119634,0.11001586162415447
PerplexDEW (Davies),isobar,0.000658613,67.33333333333334,0.00042767476104179416,1.0135924537508392e-06,0.0002356550262022075,0.11090132122638469
PerplexDEW (Davies),isobar,0.000658613,68.34343434343435,0.0004358454992513735,1.0510974443009335e-06,0.00024053787642595997,0.11179828815476131
PerplexDEW (Davies),isobar,0.000658613,69.35353535353536,0.0004441556688430414,1.0898313579737294e-06,0.00024550994083870836,0.11270678056619295
PerplexDEW (Davies),isobar,0.000658613,70.36363636363637,0.00045260707887952016,1.1298284234226496e-06,0.0002505724721982275,0.11362681397868384
PerplexDEW (Davies),isobar,0.000658613,71.37373737373738,0.0004612016268199302,1.1711238134251212e-06,0.0002557267752115957,0.11455841505229207
PerplexDEW (Davies),isobar,0.000658613,72.3838383838384,0.0004699411227894756,1.213753212895475e-06,0.00026097410877401494,0.11550159822869345
PerplexDEW (Davies),isobar,0.000658613,73.3939393939394,0.0004788275406532271,1.2577534751753337e-06,0.00026631582587699774,0.1164563985717478
PerplexDEW (Davies),isobar,0.000658613,74.40404040404042,0.0004878627654273461,1.3031619836376878e-06,0.00027175323282543115,0.11742283867944787
PerplexDEW (Davies),isobar,0.000658613,75.41414141414143,0.0004970486986274685,1.3500169294607778e-06,0.0002772876478541947,0.11840094258129662
PerplexDEW (Davies),isobar,0.000658613,76.42424242424244,0.0005063873389353677,1.39835754904723e-06,0.0002829204464470164,0.11939074564109012
PerplexDEW (Davies),isobar,0.000658613,77.43434343434345,0.000515880584909192,1.4482235933999979e-06,0.00028865295068693827,0.12039227049743506
PerplexDEW (Davies),isobar,0.000658613,78.44444444444446,0.0005255305168148724,1.499656127861612e-06,0.00029448658756544725,0.12140555929248617
PerplexDEW (Davies),isobar,0.000658613,79.45454545454547,0.0005353390266828481,1.5526964954271107e-06,0.0003004226809032558,0.12243063215052082
PerplexDEW (Davies),isobar,0.000658613,80.46464646464648,0.0005453082362792245,1.607387529086334e-06,0.00030646268672988235,0.12346753532989711
PerplexDEW (Davies),isobar,0.000658613,81.47474747474749,0.0005554401147765648,1.6637724537963994e-06,0.00031260797774929864,0.12451629577371282
PerplexDEW (Davies),isobar,0.000658613,82.48484848484848,0.00056573678252295,1.7218957953152518e-06,0.00031886001484956767,0.12557695723915913
PerplexDEW (Davies),isobar,0.000658613,83.4949494949495,0.0005762002426158282,1.7818025831447043e-06,0.0003252201952427588,0.126649548759455
PerplexDEW (Davies),isobar,0.000658613,84.5050505050505,0.0005868326554965938,1.843539204933059e-06,0.0003316900080631466,0.12773411645578533
PerplexDEW (Davies),isobar,0.000658613,85.51515151515152,0.0005976360581537042,1.9071525442471269e-06,0.00033827087502043713,0.1288306912735641
PerplexDEW (Davies),isobar,0.000658613,86.52525252525253,0.0006086126513358745,1.972690902593428e-06,0.0003449643136424766,0.1299393215368234
PerplexDEW (Davies),isobar,0.000658613,87.53535353535354,0.0006197645576254101,2.040203240412645e-06,0.00035177179967927524,0.1310600455949711
PerplexDEW (Davies),isobar,0.000658613,88.54545454545455,0.0006310939688854945,2.1097396656578885e-06,0.0003586948510581894,0.13219290830431685
PerplexDEW (Davies),isobar,0.000658613,89.55555555555556,0.0006426029898646934,2.1813509201295696e-06,0.0003657349384844664,0.13333794396203558
PerplexDEW (Davies),isobar,0.000658613,90.56565656565657,0.0006542939579528533,2.2550894847658997e-06,0.00037289366848754495,0.13449521072593257
PerplexDEW (Davies),isobar,0.000658613,91.57575757575758,0.0006661689023822904,2.331007725058213e-06,0.00038017247353447825,0.1356647327172576
PerplexDEW (Davies),isobar,0.000658613,92.58585858585859,0.0006782302003514378,2.4091601865395913e-06,0.00038757298826955623,0.13684656982659985
PerplexDEW (Davies),isobar,0.000658613,93.5959595959596,0.0006904800241920587,2.489601668830729e-06,0.0003950967322685295,0.13804075914925212
PerplexDEW (Davies),isobar,0.000658613,94.60606060606061,0.0007029207382925583,2.572388655655372e-06,0.00040274533819747006,0.13924735647718559
PerplexDEW (Davies),isobar,0.000658613,95.61616161616162,0.0007155546103744517,2.657578283968188e-06,0.0004105203856515441,0.14046640632431573
PerplexDEW (Davies),isobar,0.000658613,96.62626262626263,0.0007283838614072944,2.745228515951694e-06,0.00041842342956998724,0.1416979474657698
PerplexDEW (Davies),isobar,0.000658613,97.63636363636364,0.0007414108517453989,2.835398858328546e-06,0.00042645610785242347,0.1429420315803165
PerplexDEW (Davies),isobar,0.000658613,98.64646464646465,0.0007546378974633736,2.9281496831647385e-06,0.00043462003524806546,0.14419870469344964
PerplexDEW (Davies),isobar,0.000658613,99.65656565656566,0.0007680674649595461,3.02354300358717e-06,0.0004429169162022174,0.14546802626649397
PerplexDEW (Davies),isobar,0.000658613,100.66666666666667,0.000781701773500939,3.121640906060734e-06,0.0004513483140601793,0.1467500305097346
PerplexDEW (Davies),isobar,0.000658613,101.67676767676768,0.0007955433971862467,3.222507972617352e-06,0.00045991600082457163,0.14804478465689355
PerplexDEW (Davies),isobar,0.000658613,102.68686868686869,0.0008095945856394384,3.326208544840117e-06,0.000468621562050702,0.14935232362462764
PerplexDEW (Davies),isobar,0.000658613,103.6969696969697,0.0008238578848620599,3.432809274812513e-06,0.00047746675829621056,0.15067270927100543
PerplexDEW (Davies),isobar,0.000658613,104.70707070707071,0.0008383355699615416,3.542376773359505e-06,0.00048645319426253496,0.15200597689203726
PerplexDEW (Davies),isobar,0.000658613,105.71717171717172,0.0008530302243592692,3.6549800696199266e-06,0.0004955826570403786,0.15335218930039232
PerplexDEW (Davies),isobar,0.000658613,106.72727272727273,0.0008679443038307895,3.770688776931342e-06,0.0005048568614463684,0.15471139615428317
PerplexDEW (Davies),isobar,0.000658613,107.73737373737374,0.0008830802796461224,3.889573704487157e-06,0.0005142775335407683,0.1560836473811658
PerplexDEW (Davies),isobar,0.000658613,108.74747474747475,0.0008984407197257839,4.011707239264433e-06,0.0005238464583514442,0.15746900036352457
PerplexDEW (Davies),isobar,0.000658613,109.75757575757576,0.0009140280480647298,4.1371622687966115e-06,0.0005335653384561908,0.15886749846333398
PerplexDEW (Davies),isobar,0.000658613,110.76767676767678,0.0009298448664418711,4.266013652116769e-06,0.0005434359830998411,0.1602791996664324
PerplexDEW (Davies),isobar,0.000658613,111.77777777777779,0.0009458937121539902,4.398337129536284e-06,0.0005534601657192807,0.16170415502500585
PerplexDEW (Davies),isobar,0.000658613,112.7878787878788,0.0009621771374718522,4.534209691278182e-06,0.0005636396706032219,0.1631424157616545
PerplexDEW (Davies),isobar,0.000658613,113.7979797979798,0.0009786977996678768,4.673710028743761e-06,0.0005739763461750366,0.16459404088781748
PerplexDEW (Davies),isobar,0.000658613,114.80808080808082,0.0009954581940643523,4.816917250725517e-06,0.0005844719470484679,0.16605907444812454
PerplexDEW (Davies),isobar,0.000658613,115.81818181818183,0.001012460917007743,4.963912157101552e-06,0.0005951282894401213,0.1675375680621678
PerplexDEW (Davies),isobar,0.000658613,116.82828282828284,0.0010297087709995431,5.114777813797893e-06,0.0006059473139540859,0.16902958926109823
PerplexDEW (Davies),isobar,0.000658613,117.83838383838385,0.0010472042948461299,5.269597201550419e-06,0.0006169308066698888,0.17053518238539636
PerplexDEW (Davies),isobar,0.000658613,118.84848484848486,0.0010649501335933146,5.428455067198431e-06,0.0006280806184987884,0.1720543995658369
PerplexDEW (Davies),isobar,0.000658613,119.85858585858587,0.0010829489462831365,5.5914374756963424e-06,0.000639398610471338,0.17358729297810763
PerplexDEW (Davies),isobar,0.000658613,120.86868686868688,0.00110120340576496,5.758631818635366e-06,0.0006508866535978753,0.17513391482478682
PerplexDEW (Davies),isobar,0.000658613,121.87878787878789,0.0011197163046769067,5.930127400690617e-06,0.0006625466922203297,0.1766943257008682
PerplexDEW (Davies),isobar,0.000658613,122.8888888888889,0.0011384903493792792,6.106014349820908e-06,0.0006743806209881269,0.17826857810494218
PerplexDEW (Davies),isobar,0.000658613,123.89898989898991,0.0011575281491182088,6.286383530380149e-06,0.0006863902779697859,0.1798567159369265
PerplexDEW (Davies),isobar,0.000658613,124.90909090909092,0.0011768325429668972,6.471328362709729e-06,0.0006985776404520104,0.18145880002156847
PerplexDEW (Davies),isobar,0.000658613,125.91919191919193,0.0011964062768224568,6.660943058067983e-06,0.0007109446315956381,0.1830748827485455
PerplexDEW (Davies),isobar,0.000658613,126.92929292929294,0.0012162521093626053,6.855323203867442e-06,0.0007234931837683742,0.18470501643915904
PerplexDEW (Davies),isobar,0.000658613,127.93939393939395,0.0012363728118155168,7.054565770428947e-06,0.0007362252383747506,0.18634925332959712
PerplexDEW (Davies),isobar,0.000658613,128.94949494949498,0.0012567711677230504,7.25876911742964e-06,0.00074914274568161,0.18800764555447755
PerplexDEW (Davies),isobar,0.000658613,129.95959595959596,0.0012774500972954118,7.468033751538484e-06,0.0007622477398627434,0.189680254332082
PerplexDEW (Davies),isobar,0.000658613,130.96969696969697,0.0012984121612620268,7.68245935081649e-06,0.0007755420395093613,0.1913671132508674
PerplexDEW (Davies),isobar,0.000658613,131.97979797979798,0.0013196603007729043,7.902149206034421e-06,0.0007890276940391108,0.19306828313860647
PerplexDEW (Davies),isobar,0.000658613,132.989898989899,0.001341197478315724,8.127208119802081e-06,0.0008027067674053576,0.1947838250909196
PerplexDEW (Davies),isobar,0.000658613,134.0,0.0013630264082636647,8.357740709840202e-06,0.0008165811746627873,0.1965137811878263
PerplexDEW (Davies),isobar,0.003141075,86.0,0.0006030658726056146,1.9389580605363246e-06,0.00034157333017263225,0.12939394991702197
PerplexDEW (Davies),isobar,0.003141075,87.01010101010101,0.0006141290853306208,2.0054561192220915e-06,0.0003483230346468766,0.13050839678749382
PerplexDEW (Davies),isobar,0.003141075,88.02020202020202,0.0006253687380636765,2.0739527228981567e-06,0.0003551875613902553,0.13163496558950344
PerplexDEW (Davies),isobar,0.003141075,89.03030303030303,0.0006367869284220704,2.1444981207625384e-06,0.0003621683758335694,0.1327736902186753
PerplexDEW (Davies),isobar,0.003141075,90.04040404040404,0.0006483859296119025,2.2171440909448724e-06,0.00036926704642954017,0.13392462250357953
PerplexDEW (Davies),isobar,0.003141075,91.05050505050505,0.0006601678731620917,2.2919428749495493e-06,0.00037648506312676203,0.13508779785145553
PerplexDEW (Davies),isobar,0.003141075,92.06060606060606,0.0006721350162275333,2.368948105627476e-06,0.00038382399041906755,0.136263263974786
PerplexDEW (Davies),isobar,0.003141075,93.07070707070707,0.0006842896371584698,2.4482144688031597e-06,0.0003912854076495001,0.1374510694936535
PerplexDEW (Davies),isobar,0.003141075,94.08080808080808,0.0006966340356463886,2.5297977174618307e-06,0.00039887090910343636,0.13865126391118265
PerplexDEW (Davies),isobar,0.003141075,95.0909090909091,0.0007091703500111267,2.613753999624563e-06,0.0004065819984933355,0.13986387910056472
PerplexDEW (Davies),isobar,0.003141075,96.1010101010101,0.0007219009733588422,2.7001414058920417e-06,0.0004144203289086798,0.14108897185274044
PerplexDEW (Davies),isobar,0.003141075,97.11111111111111,0.0007348281982869156,2.7890186749621694e-06,0.00042238749800253123,0.1423265874347769
PerplexDEW (Davies),isobar,0.003141075,98.12121212121212,0.0007479543335042959,2.8804456301908095e-06,0.00043048511514086866,0.14357677160623258
PerplexDEW (Davies),isobar,0.003141075,99.13131313131314,0.0007612818366239932,2.974483720521135e-06,0.00043871487851411615,0.14483958350026532
PerplexDEW (Davies),isobar,0.003141075,100.14141414141415,0.0007748129211256752,3.071194482320366e-06,0.00044707834707099163,0.14611505716923812
PerplexDEW (Davies),isobar,0.003141075,101.15151515151516,0.0007885500822876595,3.1706416321826813e-06,0.0004555772457572334,0.14740325290162226
PerplexDEW (Davies),isobar,0.003141075,102.16161616161617,0.0008024957013225703,3.2728895098475602e-06,0.000464213235701982,0.14870421862090552
PerplexDEW (Davies),isobar,0.003141075,103.17171717171718,0.0008166521753376255,3.3780036000514874e-06,0.00047298798957687695,0.15001800262138248
PerplexDEW (Davies),isobar,0.003141075,104.18181818181819,0.000831021917218517,3.4860505436369847e-06,0.00048190319151319007,0.15134465354375176
PerplexDEW (Davies),isobar,0.003141075,105.1919191919192,0.0008456073555095823,3.5970981485366186e-06,0.0004909605370149367,0.1526842203512987
PerplexDEW (Davies),isobar,0.003141075,106.20202020202021,0.0008604110884938651,3.711216080481006e-06,0.0005001618232837557,0.15403676630542784
PerplexDEW (Davies),isobar,0.003141075,107.21212121212122,0.0008754354279967916,3.828473882843501e-06,0.0005095086819654486,0.1554023272731509
PerplexDEW (Davies),isobar,0.003141075,108.22222222222223,0.0008906830097652094,3.948943661037521e-06,0.0005190029367866493,0.1567809673812341
PerplexDEW (Davies),isobar,0.003141075,109.23232323232324,0.0009061562519459257,4.0726977010736334e-06,0.0005286462859639006,0.1581727299161138
PerplexDEW (Davies),isobar,0.003141075,110.24242424242425,0.0009218577488013025,4.199810242370813e-06,0.0005384405333475518,0.1595776727128897
PerplexDEW (Davies),isobar,0.003141075,111.25252525252526,0.0009377900310716997,4.330356407491493e-06,0.0005483874475895111,0.1609958467280322
PerplexDEW (Davies),isobar,0.003141075,112.26262626262627,0.0009539556445704208,4.464412564392158e-06,0.0005584888082655949,0.16242730310028677
PerplexDEW (Davies),isobar,0.003141075,113.27272727272728,0.0009703572392485988,4.602056769992848e-06,0.0005687464585538724,0.1638721007221323
PerplexDEW (Davies),isobar,0.003141075,114.28282828282829,0.0009869973051078965,4.743367509448035e-06,0.0005791621490893052,0.16533028362263083
PerplexDEW (Davies),isobar,0.003141075,115.2929292929293,0.001003878525319436,4.888425411738771e-06,0.0005897377467543748,0.16680191114160361
PerplexDEW (Davies),isobar,0.003141075,116.30303030303031,0.0010210035103040331,5.03731197400324e-06,0.0006004750773815166,0.16828703522537078
PerplexDEW (Davies),isobar,0.003141075,117.31313131313132,0.0010383748849534533,5.1901099897947916e-06,0.0006113759772718632,0.1697857079120359
PerplexDEW (Davies),isobar,0.003141075,118.32323232323233,0.0010559952884558832,5.3469035581975315e-06,0.0006224422930665022,0.1712979813132834
PerplexDEW (Davies),isobar,0.003141075,119.33333333333334,0.0010738673741159165,5.507778092718518e-06,0.0006336758816140214,0.17282390759600988
PerplexDEW (Davies),isobar,0.003141075,120.34343434343435,0.0010919939121257452,5.672820879532645e-06,0.000645078671289393,0.1743635471998956
PerplexDEW (Davies),isobar,0.003141075,121.35353535353536,0.001110377484712959,5.842119474454109e-06,0.000656652480151601,0.17591694430642166
PerplexDEW (Davies),isobar,0.003141075,122.36363636363637,0.001129020893708743,6.015763874380515e-06,0.0006683992590543703,0.1774841595744746
PerplexDEW (Davies),isobar,0.003141075,123.37373737373738,0.0011479267442294633,6.193844288534093e-06,0.0006803208429543001,0.17906523698687934
PerplexDEW (Davies),isobar,0.003141075,124.3838383838384,0.0011670978690850563,6.376453458673673e-06,0.0006924192046868117,0.18066023735710887
PerplexDEW (Davies),isobar,0.003141075,125.3939393939394,0.001186537123034349,6.5636855732106745e-06,0.0007046963321535339,0.18226922185364144
PerplexDEW (Davies),isobar,0.003141075,126.40404040404042,0.0012062470344491765,6.755634269869162e-06,0.0007171540188843197,0.1838922255023904
PerplexDEW (Davies),isobar,0.003141075,127.41414141414143,0.001226230481449706,6.952396470045186e-06,0.0007297942698012457,0.1855293092365165
PerplexDEW (Davies),isobar,0.003141075,128.42424242424244,0.001246490363902088,7.1540705699613546e-06,0.0007426191047117602,0.1871805343086129
PerplexDEW (Davies),isobar,0.003141075,129.43434343434345,0.0012670293569631737,7.360754975656706e-06,0.0007556304096007064,0.1888459439970527
PerplexDEW (Davies),isobar,0.003141075,130.44444444444446,0.0012878502639412186,7.5725501628343634e-06,0.0007688301489164156,0.19052559028658794
PerplexDEW (Davies),isobar,0.003141075,131.45454545454547,0.0013089558998742147,7.78955801231122e-06,0.0007822202955371197,0.1922195250215378
PerplexDEW (Davies),isobar,0.003141075,132.46464646464648,0.0013303492221066087,8.011882629197284e-06,0.0007958029097971957,0.19392780935948695
PerplexDEW (Davies),isobar,0.003141075,133.4747474747475,0.001352032942698941,8.239627959119513e-06,0.0008095799049608436,0.1956504855675617
PerplexDEW (Davies),isobar,0.003141075,134.4848484848485,0.001374009910418218,8.472900130950335e-06,0.0008235532781102272,0.19738760497635122
PerplexDEW (Davies),isobar,0.003141075,135.49494949494948,0.0013962831234378963,8.711807593308288e-06,0.0008377251182598766,0.1991392285188092
PerplexDEW (Davies),isobar,0.003141075,136.50505050505052,0.0014188553182289132,8.956458489473423e-06,0.0008520973567457519,0.20090539752429895
PerplexDEW (Davies),isobar,0.003141075,137.5151515151515,0.001441729519027942,9.206964188478883e-06,0.0008666721008320208,0.20268617270505468
PerplexDEW (Davies),isobar,0.003141075,138.52525252525254,0.0014649083298339388,9.463434662789449e-06,0.0008814512030275229,0.20448158452596155
PerplexDEW (Davies),isobar,0.003141075,139.53535353535352,0.0014883949412708584,9.725985139234392e-06,0.0008964368740398974,0.20629170333870397
PerplexDEW (Davies),isobar,0.003141075,140.54545454545456,0.0015121921174857935,9.994729392861894e-06,0.0009116310657441345,0.20811656898243758
PerplexDEW (Davies),isobar,0.003141075,141.55555555555554,0.0015363029315592313,1.0269784674582671e-05,0.0009270359194543338,0.20995624155228412
PerplexDEW (Davies),isobar,0.003141075,142.56565656565658,0.0015607301593252207,1.0551267583947577e-05,0.0009426533957393952,0.21181076004234656
PerplexDEW (Davies),isobar,0.003141075,143.57575757575756,0.0015854767346981766,1.0839297179350082e-05,0.0009584855524461425,0.21368017339144166
PerplexDEW (Davies),isobar,0.003141075,144.5858585858586,0.0016105455993422255,1.1133993962712259e-05,0.0009745344529128288,0.21556453019300986
PerplexDEW (Davies),isobar,0.003141075,145.59595959595958,0.0016359397023072105,1.1435479879286519e-05,0.000990802165700531,0.21746387867927686
PerplexDEW (Davies),isobar,0.003141075,146.60606060606062,0.001661661999654813,1.1743878316940013e-05,0.0010072907643173803,0.21937826670578944
PerplexDEW (Davies),isobar,0.003141075,147.6161616161616,0.00168771562887606,1.205931540456248e-05,0.0010240024345360536,0.22130775301342856
PerplexDEW (Davies),isobar,0.003141075,148.62626262626264,0.001714103212645066,1.2381914851812372e-05,0.0010409390458820224,0.22325236223332365
PerplexDEW (Davies),isobar,0.003141075,149.63636363636363,0.0017408277157035265,1.2711804244709558e-05,0.001058102678468611,0.22521214059990874
PerplexDEW (Davies),isobar,0.003141075,150.64646464646466,0.0017678924778747698,1.3049115443301316e-05,0.001075495644424702,0.2271871572560746
PerplexDEW (Davies),isobar,0.003141075,151.65656565656565,0.001795300306225217,1.3393977679506272e-05,0.0010931199278615216,0.22917744652712746
PerplexDEW (Davies),isobar,0.003141075,152.66666666666669,0.0018230538063911976,1.3746519929687306e-05,0.001110977388114262,0.2311830297688299
PerplexDEW (Davies),isobar,0.003141075,153.67676767676767,0.0018511563419416613,1.4106878453788393e-05,0.0011290703532773974,0.23320397510517235
PerplexDEW (Davies),isobar,0.003141075,154.6868686868687,0.0018796105113588158,1.4475184874621528e-05,0.0011474006782137727,0.23524030232800797
PerplexDEW (Davies),isobar,0.003141075,155.6969696969697,0.0019084196989336624,1.4851578448462604e-05,0.0011659707046634145,0.23729207907815822
PerplexDEW (Davies),isobar,0.003141075,156.70707070707073,0.0019375869075627596,1.5236196813622187e-05,0.0011847825384753816,0.23935934855266539
PerplexDEW (Davies),isobar,0.003141075,157.7171717171717,0.0019671147207661562,1.562917550027916e-05,0.0012038380247230596,0.24144212805589108
PerplexDEW (Davies),isobar,0.003141075,158.72727272727275,0.0019970061218911417,1.6030654619674955e-05,0.0012231392563250064,0.24354045877430938
PerplexDEW (Davies),isobar,0.003141075,159.73737373737373,0.0020272645323368395,1.644077936393387e-05,0.0012426885990492204,0.24565440722556015
PerplexDEW (Davies),isobar,0.003141075,160.74747474747477,0.0020578920690422385,1.6859685239146806e-05,0.0012624876058737662,0.24778396179785406
PerplexDEW (Davies),isobar,0.003141075,161.75757575757575,0.0020888925987848604,1.728752396786298e-05,0.0012825389199699055,0.24992921399435605
PerplexDEW (Davies),isobar,0.003141075,162.7676767676768,0.0021202686666709283,1.772443734774785e-05,0.0013028443603324926,0.25209017655163235
PerplexDEW (Davies),isobar,0.003141075,163.77777777777777,0.002152023018267775,1.8170570126573956e-05,0.0013234058699309428,0.2542668738836049
PerplexDEW (Davies),isobar,0.003141075,164.7878787878788,0.002184158859112522,1.8626072412076505e-05,0.0013442256787737938,0.2564593565679105
PerplexDEW (Davies),isobar,0.003141075,165.7979797979798,0.0022166789208172832,1.9091091425375778e-05,0.0013653057198731583,0.258667647294979
PerplexDEW (Davies),isobar,0.003141075,166.80808080808083,0.002249586410983386,1.956577995986834e-05,0.0013866482237419422,0.2608917955156539
PerplexDEW (Davies),isobar,0.003141075,167.8181818181818,0.0022828837914119437,2.0050285304664713e-05,0.0014082549524831486,0.2631318078868145
PerplexDEW (Davies),isobar,0.003141075,168.82828282828285,0.002316574255753795,2.054476268090511e-05,0.0014301281263539678,0.26538773217037537
PerplexDEW (Davies),isobar,0.003141075,169.83838383838383,0.0023506604853053142,2.1049363842258874e-05,0.0014522696430577598,0.2676595868654618
PerplexDEW (Davies),isobar,0.003141075,170.84848484848487,0.0023851456704884018,2.1564246556939262e-05,0.0014746817194755666,0.2699474184567491
PerplexDEW (Davies),isobar,0.003141075,171.85858585858585,0.0024200324694226543,2.20895648145756e-05,0.0014973662366436476,0.27225124346021434
PerplexDEW (Davies),isobar,0.003141075,172.8686868686869,0.0024553237898998098,2.2625476164678736e-05,0.0015203252315226924,0.2745710919338729
PerplexDEW (Davies),isobar,0.003141075,173.87878787878788,0.002491022248854939,2.3172136515445962e-05,0.0015435605563269568,0.27690697780036405
PerplexDEW (Davies),isobar,0.003141075,174.8888888888889,0.0025271310075812,2.3729708270220775e-05,0.001567074405571483,0.2792589442507549
PerplexDEW (Davies),isobar,0.003141075,175.8989898989899,0.0025636520682280144,2.4298343504770747e-05,0.0015908682398437526,0.2816269717988952
PerplexDEW (Davies),isobar,0.003141075,176.90909090909093,0.002600589144062369,2.4878212444423837e-05,0.0016149446000046808,0.284011132640228
PerplexDEW (Davies),isobar,0.003141075,177.91919191919192,0.0026379444848923118,2.546947183933901e-05,0.0016393050999560575,0.2864114202691527
PerplexDEW (Davies),isobar,0.003141075,178.92929292929296,0.0026757209012179197,2.6072285123701522e-05,0.0016639517065053437,0.28882785805846645
PerplexDEW (Davies),isobar,0.003141075,179.93939393939394,0.0027139211892318695,2.6686816687078223e-05,0.0016888863758289306,0.29126046836341213
PerplexDEW (Davies),isobar,0.003141075,180.94949494949498,0.0027525481300111716,2.7313231845116907e-05,0.0017141110528781317,0.2937092725014382
PerplexDEW (Davies),isobar,0.003141075,181.95959595959596,0.002791603838846466,2.795168989742718e-05,0.0017396272574289689,0.29617425724420043
PerplexDEW (Davies),isobar,0.003141075,182.96969696969697,0.0028310910296345604,2.860235734807795e-05,0.001765436887130154,0.2986554406005424
PerplexDEW (Davies),isobar,0.003141075,183.97979797979798,0.0028710130705809534,2.9265408802009556e-05,0.0017915422546340783,0.3011528737250533
PerplexDEW (Davies),isobar,0.003141075,184.989898989899,0.0029113719880017206,2.9941005438250355e-05,0.001817944816336813,0.30366653887764383
PerplexDEW (Davies),isobar,0.003141075,186.0,0.002952169740715166,3.0629308379166794e-05,0.001844645982056845,0.30619641555939103
PerplexDEW (Davies),isobar,0.0062,110.0,0.0009183952564390659,4.1704940358949265e-06,0.000536267769697363,0.15928140108136893
PerplexDEW (Davies),isobar,0.0062,111.01010101010101,0.0009342773343709334,4.300255377265456e-06,0.0005461813125833009,0.16069653926664695
PerplexDEW (Davies),isobar,0.0062,112.02020202020202,0.0009503922305389539,4.433509616092079e-06,0.0005562489395048643,0.16212495203678395
PerplexDEW (Davies),isobar,0.0062,113.03030303030303,0.0009667425925285653,4.570334539977636e-06,0.0005664724919260576,0.1635666982102558
PerplexDEW (Davies),isobar,0.0062,114.04040404040404,0.0009833309089101148,4.710808370232466e-06,0.0005768537193616024,0.16502182181073682
PerplexDEW (Davies),isobar,0.0062,115.05050505050505,0.0010001599531085283,4.855011923920376e-06,0.0005873945419227213,0.16649038988302556
PerplexDEW (Davies),isobar,0.0062,116.06060606060606,0.0010172321506966378,5.003025522947818e-06,0.0005980966756233925,0.16797243895324102
PerplexDEW (Davies),isobar,0.0062,117.07070707070707,0.0010345501191273126,5.154931641558662e-06,0.0006089619518808616,0.1694680207784633
PerplexDEW (Davies),isobar,0.0062,118.08080808080808,0.0010521167851151065,5.310815584620014e-06,0.0006199923880278655,0.17097721125685147
PerplexDEW (Davies),isobar,0.0062,119.0909090909091,0.001069934511286335,5.4707610133911845e-06,0.0006311896678610027,0.17250003876783912
PerplexDEW (Davies),isobar,0.0062,120.1010101010101,0.0010880062646932997,5.634855972785753e-06,0.000642555836771795,0.17403657987659063
PerplexDEW (Davies),isobar,0.0062,121.11111111111111,0.0011063345284013008,5.803187238863349e-06,0.0006540926536008085,0.1755868707822692
PerplexDEW (Davies),isobar,0.0062,122.12121212121212,0.00112492210251616,5.975844528843997e-06,0.0006658020679570285,0.17715097214188322
PerplexDEW (Davies),isobar,0.0062,123.13131313131314,0.0011437715915382984,6.152917780647738e-06,0.0006776859142626356,0.17872892799023987
PerplexDEW (Davies),isobar,0.0062,124.14141414141415,0.0011628858266981995,6.334499454694869e-06,0.0006897461642162708,0.18032079914951726
PerplexDEW (Davies),isobar,0.0062,125.15151515151516,0.0011822675479037227,6.520682813440847e-06,0.0007019847365875738,0.1819266380976621
PerplexDEW (Davies),isobar,0.0062,126.16161616161617,0.0012019196236790727,6.711563157307629e-06,0.0007144036290102604,0.1835465060643031
PerplexDEW (Davies),isobar,0.0062,127.17171717171718,0.0012218447087811218,6.907235881109481e-06,0.0007270047123202222,0.185180446804885
PerplexDEW (Davies),isobar,0.0062,128.1818181818182,0.0012420454612837198,7.107797679395718e-06,0.0007397898605103468,0.1868285035783241
PerplexDEW (Davies),isobar,0.0062,129.1919191919192,0.0012625250328154986,7.313349479064897e-06,0.0007527612463828826,0.18849075559082673
PerplexDEW (Davies),isobar,0.0062,130.2020202020202,0.001283285990407869,7.523990105078173e-06,0.0007659206921074582,0.19016723707901645
PerplexDEW (Davies),isobar,0.0062,131.21212121212122,0.00130433114879611,7.73982116166743e-06,0.0007792701703035466,0.19185799996073702
PerplexDEW (Davies),isobar,0.0062,132.22222222222223,0.0013256633342851735,7.960945663711148e-06,0.000792811661902561,0.19356309600239135
PerplexDEW (Davies),isobar,0.0062,133.23232323232324,0.001347285384485251,8.187468041809775e-06,0.0008065471559516382,0.19528257680301145
PerplexDEW (Davies),isobar,0.0062,134.24242424242425,0.0013692004188926024,8.419495868695923e-06,0.0008204788137374143,0.19701651310779658
PerplexDEW (Davies),isobar,0.0062,135.25252525252526,0.001391411036744778,8.657134809613051e-06,0.0008346084824741844,0.19876493725672104
PerplexDEW (Davies),isobar,0.0062,136.26262626262627,0.0014139201081737223,8.900493573836526e-06,0.0008489381745116966,0.20052790025928163
PerplexDEW (Davies),isobar,0.0062,137.27272727272728,0.0014367305134837065,9.149682303060015e-06,0.0008634699094791786,0.20230545289430102
PerplexDEW (Davies),isobar,0.0062,138.2828282828283,0.001459845435658157,9.404814528240507e-06,0.0008782058925069103,0.2040976659453557
PerplexDEW (Davies),isobar,0.0062,139.2929292929293,0.0014832673438004674,9.666000427634579e-06,0.0008931478949721856,0.20590455966188448
PerplexDEW (Davies),isobar,0.0062,140.3030303030303,0.001506999442794404,9.933356446534152e-06,0.0009082981374307126,0.20772620441300566
PerplexDEW (Davies),isobar,0.0062,141.31313131313132,0.0015310446595500251,1.0206998584813465e-05,0.0009236586721675353,0.2095626502661968
PerplexDEW (Davies),isobar,0.0062,142.32323232323233,0.0015554056135482883,1.0487042078671388e-05,0.0009392313641593169,0.21141392577146545
PerplexDEW (Davies),isobar,0.0062,143.33333333333334,0.0015800857143862723,1.0773609043456854e-05,0.0009550185625302832,0.21328011183215334
PerplexDEW (Davies),isobar,0.0062,144.34343434343435,0.0016050872662987502,1.1066815223713075e-05,0.0009710219403465209,0.21516121450226114
PerplexDEW (Davies),isobar,0.0062,145.35353535353536,0.001630413870970574,1.1366786943465105e-05,0.0009872439664473994,0.21705732534722272
PerplexDEW (Davies),isobar,0.0062,146.36363636363637,0.001656068163824606,1.167364505460086e-05,0.001003686518029102,0.2189684709162201
PerplexDEW (Davies),isobar,0.0062,147.37373737373738,0.0016820531094889212,1.1987514135457323e-05,0.0010203516746366873,0.22089469883648408
PerplexDEW (Davies),isobar,0.0062,148.3838383838384,0.001708371678977848,1.2308520206680858e-05,0.001037241520300818,0.22283605633221296
PerplexDEW (Davies),isobar,0.0062,149.3939393939394,0.0017350268492948204,1.2636790729091151e-05,0.0010543581432447791,0.22479259020899195
PerplexDEW (Davies),isobar,0.0062,150.40404040404042,0.0017620214188827708,1.2972453188259806e-05,0.0010717035219052417,0.22676433519349332
PerplexDEW (Davies),isobar,0.0062,151.41414141414143,0.001789358552640586,1.3315639243166915e-05,0.0010892798611036496,0.22875134857756735
PerplexDEW (Davies),isobar,0.0062,152.42424242424244,0.0018170414340822534,1.366648215335041e-05,0.0011070893779718425,0.23075368772907753
PerplexDEW (Davies),isobar,0.0062,153.43434343434345,0.0018450724862427996,1.402511060357992e-05,0.0011251338194817524,0.23277136185994052
PerplexDEW (Davies),isobar,0.0062,154.44444444444446,0.0018734550847033168,1.4391662107931997e-05,0.0011434155218531467,0.23480443899493791
PerplexDEW (Davies),isobar,0.0062,155.45454545454547,0.0019021918287304672,1.4766269403162858e-05,0.0011619363407154516,0.23685293839988644
PerplexDEW (Davies),isobar,0.0062,156.46464646464648,0.0019312861142135058,1.5149072998938268e-05,0.0011806986256202466,0.23891692759958333
PerplexDEW (Davies),isobar,0.0062,157.4747474747475,0.0019607409498758714,1.5540211715107594e-05,0.0011997044864325858,0.2409964494560157
PerplexDEW (Davies),isobar,0.0062,158.4848484848485,0.0019905589188295154,1.5939822181433806e-05,0.0012189557681266438,0.24309152070783618
PerplexDEW (Davies),isobar,0.0062,159.49494949494948,0.002020743009333024,1.634804567757322e-05,0.0012384545669756278,0.2452021821771696
PerplexDEW (Davies),isobar,0.0062,160.50505050505052,0.0020512966534833683,1.6765028642544726e-05,0.0012582032558785595,0.24732850023141764
PerplexDEW (Davies),isobar,0.0062,161.5151515151515,0.0020822224121964474,1.7190911489606214e-05,0.001278203664777508,0.24947048889258253
PerplexDEW (Davies),isobar,0.0062,162.52525252525254,0.0021135232730873136,1.762583955437752e-05,0.0012984578889038006,0.2516281870925481
PerplexDEW (Davies),isobar,0.0062,163.53535353535352,0.0021452019879632626,1.80699574265732e-05,0.0013189678756597286,0.2538016195503996
PerplexDEW (Davies),isobar,0.0062,164.54545454545456,0.0021772617667306896,1.8523415033760023e-05,0.001339735858273726,0.2559908370741334
PerplexDEW (Davies),isobar,0.0062,165.55555555555554,0.002209705833842591,1.898636384321346e-05,0.001360764079172031,0.25819589039949176
PerplexDEW (Davies),isobar,0.0062,166.56565656565658,0.0022425364382831574,1.945894782758701e-05,0.0013820541689633147,0.26041677408771735
PerplexDEW (Davies),isobar,0.0062,167.57575757575756,0.002275757031638578,1.9941323077647508e-05,0.0014036085109822012,0.2626535509557383
PerplexDEW (Davies),isobar,0.0062,168.5858585858586,0.0023093700704093843,2.0433637890464594e-05,0.0014254288636888369,0.26490622694760135
PerplexDEW (Davies),isobar,0.0062,169.59595959595958,0.002343379014018929,2.093605109197505e-05,0.0014475176144904016,0.26717486398593193
PerplexDEW (Davies),isobar,0.0062,170.60606060606062,0.002377786289003722,2.144871314957373e-05,0.0014698765008474952,0.26945946576551283
PerplexDEW (Davies),isobar,0.0062,171.6161616161616,0.0024125948188117746,2.1971780360266874e-05,0.0014925075712862316,0.2717600635286126
PerplexDEW (Davies),isobar,0.0062,172.62626262626264,0.0024478075190042304,2.2505410181897456e-05,0.0015154128683845048,0.2740766876670424
PerplexDEW (Davies),isobar,0.0062,173.63636363636363,0.0024834272965625227,2.3049761212073307e-05,0.001538594428262782,0.2764093677034275
PerplexDEW (Davies),isobar,0.0062,174.64646464646466,0.0025194564775072713,2.3604987504447165e-05,0.0015620539187901877,0.27875810148989694
PerplexDEW (Davies),isobar,0.0062,175.65656565656565,0.0025558990826141247,2.4171261032878367e-05,0.0015857940773325511,0.28112297795949925
PerplexDEW (Davies),isobar,0.0062,176.66666666666669,0.0025927562425217643,2.4748726202309815e-05,0.0016098158128518007,0.28350393047627187
PerplexDEW (Davies),isobar,0.0062,177.67676767676767,0.0026300319650869024,2.5337557238554685e-05,0.0016341218522283698,0.28590104643564607
PerplexDEW (Davies),isobar,0.0062,178.6868686868687,0.0026677284888329132,2.5937911738708036e-05,0.0016587138013808359,0.2883143184586724
PerplexDEW (Davies),isobar,0.0062,179.6969696969697,0.002705848620210077,2.6549954088229258e-05,0.0016835936239093855,0.290743769297563
PerplexDEW (Davies),isobar,0.0062,180.70707070707073,0.002744395150845153,2.717384961063065e-05,0.0017087632724041568,0.29318942067382425
PerplexDEW (Davies),isobar,0.0062,181.7171717171717,0.0027833708567232434,2.7809764537412258e-05,0.0017342246878434124,0.2956512932578894
PerplexDEW (Davies),isobar,0.0062,182.72727272727275,0.002822777838885933,2.845785892183172e-05,0.001759979379873381,0.2981293728735931
PerplexDEW (Davies),isobar,0.0062,183.73737373737373,0.0028626188046606198,2.9118300134919662e-05,0.0017860292410982782,0.3006236768460332
PerplexDEW (Davies),isobar,0.0062,184.74747474747477,0.0029028971240053175,2.97912637781391e-05,0.0018123765846606832,0.3031342559263372
PerplexDEW (Davies),isobar,0.0062,185.75757575757575,0.002943614113045047,3.0476904060846487e-05,0.0018390224125267216,0.30566105640639796
PerplexDEW (Davies),isobar,0.0062,186.7676767676768,0.002984773088719623,3.1175397843674216e-05,0.0018659689994958853,0.3082041262926758
PerplexDEW (Davies),isobar,0.0062,187.77777777777777,0.003026376675888762,3.188691541073641e-05,0.0018932181772501559,0.3107634782172115
PerplexDEW (Davies),isobar,0.0062,188.7878787878788,0.003068426745555706,3.261161938819932e-05,0.0019207712929075027,0.3133390873778604
PerplexDEW (Davies),isobar,0.0062,189.7979797979798,0.003110925837562451,3.334968061507708e-05,0.0019486301179403016,0.31593096266261417
PerplexDEW (Davies),isobar,0.0062,190.80808080808083,0.0031538772222999174,3.41012791931053e-05,0.0019767968895107687,0.3185391487103485
PerplexDEW (Davies),isobar,0.0062,191.8181818181818,0.003197281886521533,3.48665697019704e-05,0.0020052723791195125,0.3211635781044641
PerplexDEW (Davies),isobar,0.0062,192.82828282828285,0.003241142249586703,3.564572370055588e-05,0.002034058272038135,0.3238042544608214
PerplexDEW (Davies),isobar,0.0062,193.83838383838383,0.0032854614970834997,3.643892256038596e-05,0.002063156743001662,0.32646121835404124
PerplexDEW (Davies),isobar,0.0062,194.84848484848487,0.0033302412175991104,3.724632952793855e-05,0.002092568938691976,0.3291344330989261
PerplexDEW (Davies),isobar,0.0062,195.85858585858585,0.0033754829127562148,3.8068107104834315e-05,0.0021222959452287323,0.3318238587823481
PerplexDEW (Davies),isobar,0.0062,196.8686868686869,0.0034211896706754365,3.890443740776351e-05,0.002152339865707324,0.33452953162019317
PerplexDEW (Davies),isobar,0.0062,197.87878787878788,0.003467363748214155,3.9755493232600556e-05,0.0021827022659575367,0.3372514479624911
PerplexDEW (Davies),isobar,0.0062,198.8888888888889,0.00351400563187463,4.062142590198008e-05,0.0022133835665792798,0.3399895213394139
PerplexDEW (Davies),isobar,0.0062,199.8989898989899,0.0035611191809319996,4.150242876347641e-05,0.0022443863586952863,0.3427438244180495
PerplexDEW (Davies),isobar,0.0062,200.90909090909093,0.003608703848709536,4.239864061285373e-05,0.0022757103868134903,0.3455142240632857
PerplexDEW (Davies),isobar,0.0062,201.91919191919192,0.003656763427613214,4.3310254846724815e-05,0.002307358192146618,0.3483007901277205
PerplexDEW (Davies),isobar,0.0062,202.92929292929296,0.003705299005844231,4.423743116221661e-05,0.0023393305658638225,0.3511034669362416
PerplexDEW (Davies),isobar,0.0062,203.93939393939394,0.0037543125089696643,4.5180340023095235e-05,0.0023716288358080987,0.3539222382024562
PerplexDEW (Davies),isobar,0.0062,204.94949494949498,0.0038038048573137122,4.6139138957935964e-05,0.0024042536743804034,0.35675704231920724
PerplexDEW (Davies),isobar,0.0062,205.95959595959596,0.003853777834771375,4.7113996667082016e-05,0.002437206308185445,0.3596078579376275
PerplexDEW (Davies),isobar,0.0062,206.96969696969697,0.0039042331751937415,4.8105081304785645e-05,0.0024704879271592976,0.3624746618584678
PerplexDEW (Davies),isobar,0.0062,207.97979797979798,0.003955171552574248,4.911254684268233e-05,0.0025040990284518547,0.36535738390361966
PerplexDEW (Davies),isobar,0.0062,208.989898989899,0.004006594545907712,5.01365590845854e-05,0.0025380406912042528,0.36825599551170657
PerplexDEW (Davies),isobar,0.0062,210.0,0.004058503678455568,5.117728301567141e-05,0.0025723139537442994,0.3711704661436803
PerplexDEW (Davies),isobar,0.0111,132.0,0.001321702297895229,7.916465696951393e-06,0.0007902719946466023,0.19326125244040937
PerplexDEW (Davies),isobar,0.0111,133.010101010101,0.0013432738745848395,8.141932979585721e-06,0.0008039733376638466,0.19497800862002915
PerplexDEW (Davies),isobar,0.0111,134.02020202020202,0.001365137656144454,8.372883817214295e-06,0.0008178703285918096,0.1967091889356084
PerplexDEW (Davies),isobar,0.0111,135.03030303030303,0.0013872969084967903,8.609427845234117e-06,0.0008319652188171258,0.19845487374320175
PerplexDEW (Davies),isobar,0.0111,136.04040404040404,0.0014097542393519907,8.851671911798438e-06,0.0008462598618700372,0.20021509511981325
PerplexDEW (Davies),isobar,0.0111,137.05050505050505,0.0014325128170660762,9.099727835072382e-06,0.0008607564528664822,0.20198992393071566
PerplexDEW (Davies),isobar,0.0111,138.06060606060606,0.0014555752593708433,9.353705231048403e-06,0.0008754568532761191,0.20377939134622566
PerplexDEW (Davies),isobar,0.0111,139.07070707070707,0.0014789444686842763,9.613716921011129e-06,0.0008903630984779345,0.20558354778170546
PerplexDEW (Davies),isobar,0.0111,140.08080808080808,0.0015026235083215576,9.879878201933498e-06,0.0009054773230654516,0.20740245371536864
PerplexDEW (Davies),isobar,0.0111,141.0909090909091,0.0015266151535215297,1.0152303815796912e-05,0.0009208014868568424,0.2092361489095036
PerplexDEW (Davies),isobar,0.0111,142.1010101010101,0.0015509224914774182,1.0431112020155083e-05,0.0009363377410545724,0.21108469349879694
PerplexDEW (Davies),isobar,0.0111,143.11111111111111,0.0015755486299673055,1.0716422658358464e-05,0.0009520882507131332,0.2129481477944353
PerplexDEW (Davies),isobar,0.0111,144.12121212121212,0.0016004958794322646,1.1008351325392466e-05,0.0009680546931060679,0.21482651814366138
PerplexDEW (Davies),isobar,0.0111,145.13131313131314,0.001625767842322694,1.1307024136006333e-05,0.0009842395377792695,0.21671989616921966
PerplexDEW (Davies),isobar,0.0111,146.14141414141415,0.0016513671592109929,1.1612561783906919e-05,0.0010006446654825514,0.21862830866518787
PerplexDEW (Davies),isobar,0.0111,147.15151515151516,0.0016772967986388404,1.1925088677130767e-05,0.0010172721585310768,0.22055180344915187
PerplexDEW (Davies),isobar,0.0111,148.16161616161617,0.0017035600888113617,1.2244733311473468e-05,0.0010341243213319536,0.2224904506290241
PerplexDEW (Davies),isobar,0.0111,149.17171717171718,0.0017301593115037338,1.2571617783209387e-05,0.0010512028145430712,0.2244442521019407
PerplexDEW (Davies),isobar,0.0111,150.1818181818182,0.0017570978002050895,1.2905873394916973e-05,0.0010685099466001891,0.22641327687146076
PerplexDEW (Davies),isobar,0.0111,151.1919191919192,0.0017843789209409935,1.3247633217314619e-05,0.001086048047350999,0.22839759456496292
PerplexDEW (Davies),isobar,0.0111,152.2020202020202,0.0018120049307202564,1.3597023167830148e-05,0.0011038187620529426,0.23039720414280151
PerplexDEW (Davies),isobar,0.0111,153.21212121212122,0.0018399791980094032,1.3954179097166106e-05,0.0011218244225040508,0.2324121740236216
PerplexDEW (Davies),isobar,0.0111,154.22222222222223,0.0018683047286157893,1.4319235475530498e-05,0.0011400671369316715,0.23444254891144953
PerplexDEW (Davies),isobar,0.0111,155.23232323232324,0.0018969845319413085,1.469232819353281e-05,0.0011585490159905843,0.23648837300197814
PerplexDEW (Davies),isobar,0.0111,156.24242424242425,0.001926021210246185,1.507359119946699e-05,0.0011772719176395864,0.23854966506523997
PerplexDEW (Davies),isobar,0.0111,157.25252525252526,0.0019554183826139917,1.546316809004968e-05,0.0011962383309883115,0.24062650514604272
PerplexDEW (Davies),isobar,0.0111,158.26262626262627,0.001985178439105341,1.5861193784272374e-05,0.0012154499819198193,0.24271889801917187
PerplexDEW (Davies),isobar,0.0111,159.27272727272728,0.0020153045916346682,1.6267811298170895e-05,0.0012349091066434451,0.24482689767761504
PerplexDEW (Davies),isobar,0.0111,160.2828282828283,0.0020458000686598586,1.6683165231537358e-05,0.0012546179520795462,0.24695055810703956
PerplexDEW (Davies),isobar,0.0111,161.2929292929293,0.002076666990366512,1.710739205640658e-05,0.001274578073843938,0.24908986730743538
PerplexDEW (Davies),isobar,0.0111,162.3030303030303,0.002107909472807996,1.7540646695636486e-05,0.001294792271994897,0.2512449303376155
PerplexDEW (Davies),isobar,0.0111,163.31313131313132,0.002139529847591651,1.798307009016095e-05,0.0013152622331548992,0.2534157466463096
PerplexDEW (Davies),isobar,0.0111,164.32323232323233,0.0021715308695397393,1.843480804587615e-05,0.0013359899068547624,0.2556023404698668
PerplexDEW (Davies),isobar,0.0111,165.33333333333334,0.002203915757768288,1.8896011792529752e-05,0.0013569775325070511,0.25780476235774596
PerplexDEW (Davies),isobar,0.0111,166.34343434343435,0.00223668749931096,1.9366831854378055e-05,0.0013782272040307165,0.26002304879640376
PerplexDEW (Davies),isobar,0.0111,167.35353535353536,0.0022698490776755236,1.9847420035768894e-05,0.0013997410125668398,0.262257235541943
PerplexDEW (Davies),isobar,0.0111,168.36363636363637,0.0023034029610519806,2.033792465352199e-05,0.0014215207248442496,0.26450732897510887
PerplexDEW (Davies),isobar,0.0111,169.37373737373738,0.0023373526166146786,2.0838504503196922e-05,0.0014435687339646082,0.26677339129708694
PerplexDEW (Davies),isobar,0.0111,170.3838383838384,0.0023717004831940707,2.1349310093182724e-05,0.0014658867860982611,0.2690554266553551
PerplexDEW (Davies),isobar,0.0111,171.3939393939394,0.002406450034270287,2.187050291459652e-05,0.0014884772772730363,0.27135349631154265
PerplexDEW (Davies),isobar,0.0111,172.40404040404042,0.002441603676108614,2.2402235579456858e-05,0.0015113419307684617,0.2736676020916946
PerplexDEW (Davies),isobar,0.0111,173.41414141414143,0.00247716404755803,2.294466400404363e-05,0.0015344826144536897,0.27599775875292604
PerplexDEW (Davies),isobar,0.0111,174.42424242424244,0.0025131343276498554,2.34979505502522e-05,0.0015579015357771574,0.2783440101557171
PerplexDEW (Davies),isobar,0.0111,175.43434343434345,0.00254951770570066,2.4062258992564277e-05,0.0015816009081699922,0.2807063999649226
PerplexDEW (Davies),isobar,0.0111,176.44444444444446,0.0025863162014914867,2.4637742618958387e-05,0.0016055822042168278,0.2830849088262136
PerplexDEW (Davies),isobar,0.0111,177.45454545454547,0.0026235326615361458,2.5224563958649695e-05,0.001629847417007028,0.28547956192969226
PerplexDEW (Davies),isobar,0.0111,178.46464646464648,0.002661170530653793,2.582289283390294e-05,0.0016543989176111503,0.2878904156322528
PerplexDEW (Davies),isobar,0.0111,179.4747474747475,0.00269923203930683,2.6432887827677763e-05,0.0016792383062573665,0.2903174617390816
PerplexDEW (Davies),isobar,0.0111,180.4848484848485,0.002737719993409862,2.7054714422594795e-05,0.0017043675458321963,0.2927607224450966
PerplexDEW (Davies),isobar,0.0111,181.49494949494948,0.0027766371835745143,2.76885390238642e-05,0.001729788587860104,0.2952202189024866
PerplexDEW (Davies),isobar,0.0111,182.50505050505052,0.0028159863842796905,2.833452892846564e-05,0.0017555033718935921,0.2976959711996409
PerplexDEW (Davies),isobar,0.0111,183.5151515151515,0.0028557696856684445,2.899284508892936e-05,0.0017815133998355646,0.30018796427363
PerplexDEW (Davies),isobar,0.0111,184.52525252525254,0.0028959904712694334,2.966366329820139e-05,0.001807820994764427,0.3026962492970864
PerplexDEW (Davies),isobar,0.0111,185.53535353535352,0.0029366500794099372,3.0347138109917558e-05,0.0018344271743622551,0.30522077329832187
PerplexDEW (Davies),isobar,0.0111,186.54545454545456,0.002977752544563734,3.104345442244553e-05,0.0018613346729738343,0.30776161999578605
PerplexDEW (Davies),isobar,0.0111,187.55555555555554,0.0030192991150151706,3.1752767397956064e-05,0.001888544445081049,0.31031873243959274
PerplexDEW (Davies),isobar,0.0111,188.56565656565658,0.0030612931015955025,3.247525586454651e-05,0.0019160587592402958,0.3128921574583628
PerplexDEW (Davies),isobar,0.0111,189.57575757575756,0.0031037371005812157,3.321109165723838e-05,0.0019438794257462637,0.3154819057732114
PerplexDEW (Davies),isobar,0.0111,190.5858585858586,0.0031466321767239513,3.396042979900537e-05,0.0019720072711967096,0.3180879129558726
PerplexDEW (Davies),isobar,0.0111,191.59595959595958,0.003189982331154835,3.472345967097483e-05,0.0020004449995383485,0.3207102593417138
PerplexDEW (Davies),isobar,0.0111,192.60606060606062,0.003233788522863104,3.5500336329785625e-05,0.0020291933628177007,0.32334887614615726
PerplexDEW (Davies),isobar,0.0111,193.6161616161616,0.0032780539556187785,3.62912415357026e-05,0.0020582545490672103,0.326003804473613
PerplexDEW (Davies),isobar,0.0111,194.62626262626264,0.003322780242920166,3.709633905669308e-05,0.002087629722805883,0.3286750084065593
PerplexDEW (Davies),isobar,0.0111,195.63636363636363,0.0033679697328399547,3.7915801856393945e-05,0.0021173205166183902,0.3313624879572308
PerplexDEW (Davies),isobar,0.0111,196.64646464646466,0.003413624740317125,3.874980311838282e-05,0.002147328538736417,0.334066241670827
PerplexDEW (Davies),isobar,0.0111,197.65656565656565,0.003459747546028287,3.959851619297649e-05,0.0021776553722090784,0.3367862665994988
PerplexDEW (Davies),isobar,0.0111,198.66666666666669,0.003506339531461959,4.0462103825989635e-05,0.002208302016957981,0.33952251775506914
PerplexDEW (Davies),isobar,0.0111,199.67676767676767,0.00355340286114625,4.134073869439732e-05,0.002239269973280895,0.34227498771514514
PerplexDEW (Davies),isobar,0.0111,200.6868686868687,0.0036009396605545837,4.2234593434674416e-05,0.0022705607128094846,0.3450436674547825
PerplexDEW (Davies),isobar,0.0111,201.6969696969697,0.0036489511062614485,4.314382900486301e-05,0.0023021750901853644,0.3478285043687149
PerplexDEW (Davies),isobar,0.0111,202.70707070707073,0.00369743919577858,4.4068616876786623e-05,0.0023341144857405367,0.3506294846846108
PerplexDEW (Davies),isobar,0.0111,203.7171717171717,0.003746406822133686,4.5009140439324906e-05,0.0023663808558832943,0.3534466358438673
PerplexDEW (Davies),isobar,0.0111,204.72727272727275,0.0037958540298500976,4.596554650669092e-05,0.0023989743091548726,0.35627985524712613
PerplexDEW (Davies),isobar,0.0111,205.73737373737373,0.0038457836041680678,4.693801742387778e-05,0.002431896723790004,0.3591291663227998
PerplexDEW (Davies),isobar,0.0111,206.74747474747477,0.0038961953824252628,4.7926696888624256e-05,0.0024651480625744885,0.3619944593699181
PerplexDEW (Davies),isobar,0.0111,207.75757575757575,0.003947093037896783,4.8931779305098395e-05,0.002498730771724301,0.36487579856709734
PerplexDEW (Davies),isobar,0.0111,208.7676767676768,0.003998475218249263,4.995339197785152e-05,0.0025326440303121882,0.3677730229268061
PerplexDEW (Davies),isobar,0.0111,209.77777777777777,0.004050345505935449,5.0991728198792946e-05,0.0025668902171393304,0.37068619328185143
PerplexDEW (Davies),isobar,0.0111,210.7878787878788,0.004102704396866896,5.204693960623834e-05,0.0026014697010675355,0.37361523307514877
PerplexDEW (Davies),isobar,0.0111,211.7979797979798,0.0041555522601865475,5.311917547190386e-05,0.0026363827616981096,0.37656006159921973
PerplexDEW (Davies),isobar,0.0111,212.80808080808083,0.004208890425215375,5.420859781723503e-05,0.002671630297756402,0.3795206415319642
PerplexDEW (Davies),isobar,0.0111,213.8181818181818,0.004262720158634168,5.5315367498751646e-05,0.0027072131621151433,0.38249693342191304
PerplexDEW (Davies),isobar,0.0111,214.82828282828285,0.0043170404082275874,5.643961200972376e-05,0.0027431306884868256,0.385488798174657
PerplexDEW (Davies),isobar,0.0111,215.83838383838383,0.0043718544910181945,5.758152011646282e-05,0.002779385055985093,0.3884962871984323
PerplexDEW (Davies),isobar,0.0111,216.84848484848487,0.004427162309894291,5.87412317231766e-05,0.0028159762101732776,0.39151930453534833
PerplexDEW (Davies),isobar,0.0111,217.85858585858585,0.0044829624382872165,5.9918866246180524e-05,0.0028529032190834037,0.39455769919297423
PerplexDEW (Davies),isobar,0.0111,218.8686868686869,0.004539258035326008,6.111460883803504e-05,0.0028901681435521197,0.39761151731878236
PerplexDEW (Davies),isobar,0.0111,219.87878787878788,0.0045960462252807276,6.232855551686614e-05,0.0029277690884349397,0.400680549177037
PerplexDEW (Davies),isobar,0.0111,220.8888888888889,0.004653328788915077,6.35608694289372e-05,0.002965707199516103,0.4037647843566299
PerplexDEW (Davies),isobar,0.0111,221.8989898989899,0.004711106242154613,6.481169432884423e-05,0.0030039827886935285,0.4068641594572024
PerplexDEW (Davies),isobar,0.0111,222.90909090909093,0.004769376450775776,6.60811327265446e-05,0.0030425944213515383,0.40997850160953575
PerplexDEW (Davies),isobar,0.0111,223.91919191919192,0.004828142247487997,6.736936094953449e-05,0.003081543915883886,0.4131078466460677
PerplexDEW (Davies),isobar,0.0111,224.92929292929296,0.004887398590145862,6.867643380112599e-05,0.0031208279102992722,0.41625190451042887
PerplexDEW (Davies),isobar,0.0111,225.93939393939394,0.004947149434955213,7.000254237092925e-05,0.0031604489479270413,0.4194107596066565
PerplexDEW (Davies),isobar,0.0111,226.94949494949498,0.005007390688677652,7.134775203668865e-05,0.003200404271722905,0.42258416531002857
PerplexDEW (Davies),isobar,0.0111,227.95959595959596,0.005068123462883881,7.271220706909091e-05,0.003240694540211005,0.4257720908629076
PerplexDEW (Davies),isobar,0.0111,228.96969696969697,0.005129346030685875,7.409600561693146e-05,0.0032813185354555684,0.42897439058756787
PerplexDEW (Davies),isobar,0.0111,229.97979797979798,0.0051910564728416715,7.549924041287666e-05,0.0033222749028267206,0.4321909131541665
PerplexDEW (Davies),isobar,0.0111,230.989898989899,0.00525325267251477,7.69219985266619e-05,0.003363562147214082,0.4354215014590475
PerplexDEW (Davies),isobar,0.0111,232.0,0.0053159352738455755,7.836440945303079e-05,0.0034051805875598487,0.4386661110763228
PerplexDEW (Davies),isobar,0.0125643,140.0,0.0015009776922643898,9.860106445789446e-06,0.0009044185636323645,0.20727977683104123
PerplexDEW (Davies),isobar,0.0125643,141.010101010101,0.0015249489192340558,1.0132079578054604e-05,0.0009197288935601108,0.20911244319825747
PerplexDEW (Davies),isobar,0.0125643,142.02020202020202,0.0015492358485803641,1.0410428478255596e-05,0.00093525130428411,0.21095996830279232
PerplexDEW (Davies),isobar,0.0125643,143.03030303030303,0.0015738409568209553,1.069526849141437e-05,0.0009509875744855561,0.21282237027479758
PerplexDEW (Davies),isobar,0.0125643,144.04040404040404,0.0015987676720750075,1.0986722994368468e-05,0.0009669400660098654,0.21469973015601856
PerplexDEW (Davies),isobar,0.0125643,145.05050505050505,0.00162401846861464,1.1284910030197314e-05,0.0009831105571382701,0.2165920644893487
PerplexDEW (Davies),isobar,0.0125643,146.06060606060606,0.0016495968085554953,1.1589956092967196e-05,0.0009995014326487119,0.21849945436391938
PerplexDEW (Davies),isobar,0.0125643,147.07070707070707,0.0016755051619432005,1.1901981911377876e-05,0.0010161144689282608,0.22042191482782184
PerplexDEW (Davies),isobar,0.0125643,148.08080808080808,0.0017017468477533132,1.2221115788247185e-05,0.0010329519644577945,0.2223595156404493
PerplexDEW (Davies),isobar,0.0125643,149.0909090909091,0.0017283246788369268,1.2547483715368e-05,0.0010500159071074877,0.22431229280690518
PerplexDEW (Davies),isobar,0.0125643,150.1010101010101,0.0017552418266415125,1.2881215766998128e-05,0.0010673085060894085,0.22628030457630235
PerplexDEW (Davies),isobar,0.0125643,151.11111111111111,0.0017825009222916105,1.3222439300971668e-05,0.0010848316377009533,0.22826357409315437
PerplexDEW (Davies),isobar,0.0125643,152.12121212121212,0.001810105144197776,1.3571287226406816e-05,0.0011025875161365163,0.23026215857114163
PerplexDEW (Davies),isobar,0.0125643,153.13131313131314,0.0018380574956757692,1.3927892526608077e-05,0.0011205782479699726,0.23227610328454973
PerplexDEW (Davies),isobar,0.0125643,154.14141414141415,0.0018663609841509583,1.4292389612388021e-05,0.0011388059425821804,0.23430545301703104
PerplexDEW (Davies),isobar,0.0125643,155.15151515151516,0.0018950184196616696,1.4664912691241706e-05,0.0011572725871141845,0.23635023975196637
PerplexDEW (Davies),isobar,0.0125643,156.16161616161617,0.001924033009991116,1.5045600539987675e-05,0.0011759804153346075,0.2384105192503866
PerplexDEW (Davies),isobar,0.0125643,157.17171717171718,0.0019534075633088096,1.543459008879567e-05,0.001194931413200011,0.2404863221399878
PerplexDEW (Davies),isobar,0.0125643,158.1818181818182,0.0019831450869919015,1.5832021239855876e-05,0.0012141276901321118,0.24257769063534282
PerplexDEW (Davies),isobar,0.0125643,159.1919191919192,0.0020132488063137177,1.6238037109855803e-05,0.0012335714912179389,0.2446846792485802
PerplexDEW (Davies),isobar,0.0125643,160.2020202020202,0.0020437210813163314,1.6652774877580587e-05,0.0012532645225538557,0.2468072903766721
PerplexDEW (Davies),isobar,0.0125643,161.21212121212122,0.0020745655715284656,1.707638406099901e-05,0.0012732092994250054,0.24894560307751243
PerplexDEW (Davies),isobar,0.0125643,162.22222222222223,0.0021057852989999097,1.750901021560659e-05,0.0012934079402780675,0.25109965759652253
PerplexDEW (Davies),isobar,0.0125643,163.23232323232324,0.0021373823533219183,1.7950792034500427e-05,0.0013138619802623044,0.25326943957268566
PerplexDEW (Davies),isobar,0.0125643,164.24242424242425,0.0021693604157812145,1.840188339179165e-05,0.0013345739481621707,0.25545502701670114
PerplexDEW (Davies),isobar,0.0125643,165.25252525252526,0.0022017222501816975,1.886243149069091e-05,0.0013555457992079079,0.257656443900647
PerplexDEW (Davies),isobar,0.0125643,166.26262626262627,0.002234470846288043,1.933258682766353e-05,0.0013767796292798004,0.2598737268223219
PerplexDEW (Davies),isobar,0.0125643,167.27272727272728,0.002267609190422635,1.981250118216473e-05,0.0013982775315421767,0.2621069116514595
PerplexDEW (Davies),isobar,0.0125643,168.2828282828283,0.0023011397544447673,2.0302322860176815e-05,0.00142004127531704,0.2643560049141467
PerplexDEW (Davies),isobar,0.0125643,169.2929292929293,0.0023350660077748084,2.080221062799332e-05,0.0014420732553679042,0.26662106890101367
PerplexDEW (Davies),isobar,0.0125643,170.3030303030303,0.002369390657694567,2.13123174987186e-05,0.0014643753871478099,0.2689021225451048
PerplexDEW (Davies),isobar,0.0125643,171.31313131313132,0.0024041163863426766,2.1832797414234138e-05,0.001486949568835441,0.2711991832968831
PerplexDEW (Davies),isobar,0.0125643,172.32323232323233,0.0024392466720610396,2.2363813169820365e-05,0.0015097981991813807,0.27351231202168813
PerplexDEW (Davies),isobar,0.0125643,173.33333333333334,0.002474783349370272,2.290551294259686e-05,0.0015329226396162843,0.27584147920421764
PerplexDEW (Davies),isobar,0.0125643,174.34343434343435,0.002510730438240054,2.3458067281332918e-05,0.0015563256287140148,0.27818677428657246
PerplexDEW (Davies),isobar,0.0125643,175.35353535353536,0.002547089715072217,2.4021626003485973e-05,0.0015800084877209844,0.2805481645794878
PerplexDEW (Davies),isobar,0.0125643,176.36363636363637,0.002583864631073064,2.4596356539787e-05,0.0016039735941290692,0.28292570774677794
PerplexDEW (Davies),isobar,0.0125643,177.37373737373738,0.002621057468355108,2.5182415824444705e-05,0.0016282225848084375,0.28531939846433796
PerplexDEW (Davies),isobar,0.0125643,178.3838383838384,0.0026586716750123733,2.5779973687972628e-05,0.0016527578332430062,0.2877292932042589
PerplexDEW (Davies),isobar,0.0125643,179.3939393939394,0.0026967097972590065,2.6389191976498477e-05,0.0016775811404482824,0.29015540020088637
PerplexDEW (Davies),isobar,0.0125643,180.40404040404042,0.0027351743458539817,2.7010233160413534e-05,0.001702694282732402,0.2925977259368676
PerplexDEW (Davies),isobar,0.0125643,181.41414141414143,0.002774067794453879,2.764326028376608e-05,0.0017280990105161818,0.2950562751014575
PerplexDEW (Davies),isobar,0.0125643,182.42424242424244,0.0028133932327522714,2.828844390745204e-05,0.0017537974638077054,0.29753108418774205
PerplexDEW (Davies),isobar,0.0125643,183.43434343434345,0.002853152756607228,2.8945945046211915e-05,0.0017797911485863717,0.3000221383308177
PerplexDEW (Davies),isobar,0.0125643,184.44444444444446,0.002893349753453339,2.9615939528981385e-05,0.0018060823908105728,0.30252948883338604
PerplexDEW (Davies),isobar,0.0125643,185.45454545454547,0.00293398625865324,3.0298589586961088e-05,0.0018326726533457304,0.30505311779376243
PerplexDEW (Davies),isobar,0.0125643,186.46464646464648,0.0029750652929055638,3.099406907759069e-05,0.0018595640247218949,0.3075930573946286
PerplexDEW (Davies),isobar,0.0125643,187.4747474747475,0.0030165891655685624,3.170254497194547e-05,0.0018867581374957727,0.3101493038003874
PerplexDEW (Davies),isobar,0.0125643,188.4848484848485,0.003058559412284708,3.242417625738311e-05,0.0019142561263825522,0.3127218150841248
PerplexDEW (Davies),isobar,0.0125643,189.49494949494948,0.0031009796880704663,3.315914654068819e-05,0.00194206047819252,0.31531065499930544
PerplexDEW (Davies),isobar,0.0125643,190.50505050505052,0.003143852570381042,3.390762831330365e-05,0.0019701729892531647,0.3179158331866345
PerplexDEW (Davies),isobar,0.0125643,191.5151515151515,0.0031871790803734723,3.466977679087824e-05,0.0019985944554850475,0.32053728333707526
PerplexDEW (Davies),isobar,0.0125643,192.52525252525254,0.003230962443099702,3.544577320127018e-05,0.0020273270814088425,0.323175047661419
PerplexDEW (Davies),isobar,0.0125643,193.53535353535352,0.0032752051155001826,3.623579073798422e-05,0.0020563725770841672,0.32582913053091345
PerplexDEW (Davies),isobar,0.0125643,194.54545454545456,0.003319909524927811,3.704000295712377e-05,0.0020857326307859234,0.32849953493255935
PerplexDEW (Davies),isobar,0.0125643,195.55555555555554,0.0033650764286667616,3.785856394575639e-05,0.0021154078534936,0.3311861842450067
PerplexDEW (Davies),isobar,0.0125643,196.56565656565658,0.0034107089410496533,3.869165642162785e-05,0.002145400367478615,0.333889115440789
PerplexDEW (Davies),isobar,0.0125643,197.57575757575756,0.0034568093501065973,3.953945389045683e-05,0.002175711761115861,0.3366083257970911
PerplexDEW (Davies),isobar,0.0125643,198.5858585858586,0.003503379908620165,4.0402129977937495e-05,0.0022063435968730635,0.3393438110763705
PerplexDEW (Davies),isobar,0.0125643,199.59595959595958,0.0035504210784533933,4.127983642663746e-05,0.0022372962780353245,0.34209548360206743
PerplexDEW (Davies),isobar,0.0125643,200.60606060606062,0.0035979358410223395,4.217275647444902e-05,0.002268571828437346,0.34486337460063404
PerplexDEW (Davies),isobar,0.0125643,201.6161616161616,0.0036459271969101208,4.3081074399630265e-05,0.0023001722825395877,0.34764751556492557
PerplexDEW (Davies),isobar,0.0125643,202.62626262626264,0.0036943944760233385,4.400492811458458e-05,0.0023320972982318906,0.35044776871072436
PerplexDEW (Davies),isobar,0.0125643,203.63636363636363,0.0037433405330547457,4.4944500313121656e-05,0.0023643488064000063,0.35326416024014834
PerplexDEW (Davies),isobar,0.0125643,204.64646464646466,0.0037927672852682464,4.5899962104424804e-05,0.002396928128445052,0.35609667318877863
PerplexDEW (Davies),isobar,0.0125643,205.65656565656565,0.003842676603367885,4.687148420492734e-05,0.0024298365516230254,0.3589452888218716
PerplexDEW (Davies),isobar,0.0125643,206.66666666666669,0.0038930693236624496,4.7859223747650524e-05,0.0024630746878421005,0.3618099422097186
PerplexDEW (Davies),isobar,0.0125643,207.67676767676767,0.003943946167062015,4.886333599081578e-05,0.002496643067963135,0.3646905645334023
PerplexDEW (Davies),isobar,0.0125643,208.6868686868687,0.003995310794768044,4.9884015566038136e-05,0.0025305441276613485,0.36758721929258614
PerplexDEW (Davies),isobar,0.0125643,209.6969696969697,0.004047161764991899,5.09213883871387e-05,0.00256477698281453,0.370499742448271
PerplexDEW (Davies),isobar,0.0125643,210.70707070707073,0.004099501591727573,5.197563333882771e-05,0.0025993433138262827,0.37342814761439225
PerplexDEW (Davies),isobar,0.0125643,211.7171717171717,0.00415233172805097,5.304691491460566e-05,0.0026342441072573367,0.37637240147149753
PerplexDEW (Davies),isobar,0.0125643,212.72727272727275,0.0042056524782323,5.413538134152314e-05,0.002669479595946169,0.37933242106836984
PerplexDEW (Davies),isobar,0.0125643,213.73737373737373,0.004259465120972665,5.524119384340324e-05,0.002705050641476187,0.38230816728856626
PerplexDEW (Davies),isobar,0.0125643,214.74747474747477,0.0043137697452161235,5.636449638118189e-05,0.002740957323580361,0.3852995501710264
PerplexDEW (Davies),isobar,0.0125643,215.75757575757575,0.004368567444414011,5.75054464069873e-05,0.002777200370986614,0.38830652455623277
PerplexDEW (Davies),isobar,0.0125643,216.7676767676768,0.004423858080079504,5.866418306651538e-05,0.0028137797015658694,0.39132899319769593
PerplexDEW (Davies),isobar,0.0125643,217.77777777777777,0.00447964373140447,5.984087675768486e-05,0.002850696676599895,0.3943669550380382
PerplexDEW (Davies),isobar,0.0125643,218.7878787878788,0.004535924078062131,6.103566251163846e-05,0.002887951082758201,0.3974203070131106
PerplexDEW (Davies),isobar,0.0125643,219.7979797979798,0.004592698647307481,6.22486718452593e-05,0.002925542598916358,0.40048894132293245
PerplexDEW (Davies),isobar,0.0125643,220.80808080808083,0.00464996805067474,6.348005111893819e-05,0.002963471606800427,0.4035727974996967
PerplexDEW (Davies),isobar,0.0125643,221.8181818181818,0.004707732819019159,6.472994459900391e-05,0.0030017384291340697,0.40667181254737955
PerplexDEW (Davies),isobar,0.0125643,222.82828282828285,0.0047659921187776675,6.599847487456555e-05,0.0030403424865211408,0.409785867514128
PerplexDEW (Davies),isobar,0.0125643,223.83838383838383,0.004824744948887617,6.728576032117409e-05,0.0030792830808661948,0.4129148383669572
PerplexDEW (Davies),isobar,0.0125643,224.84848484848487,0.004883992783590587,6.859195574954573e-05,0.003118561132904066,0.4160587051474398
PerplexDEW (Davies),isobar,0.0125643,225.85858585858585,0.004943733055464514,6.991715249752396e-05,0.0031581748995677603,0.41921728185783647
PerplexDEW (Davies),isobar,0.0125643,226.8686868686869,0.005003965665538742,7.126147799424874e-05,0.003198124251647799,0.4223904864191315
PerplexDEW (Davies),isobar,0.0125643,227.87878787878788,0.005064690417427257,7.262505668702463e-05,0.0032384089887415317,0.4255782338506268
PerplexDEW (Davies),isobar,0.0125643,228.8888888888889,0.005125904192992746,7.400796496222835e-05,0.0032790269767844016,0.4287803218068506
PerplexDEW (Davies),isobar,0.0125643,229.8989898989899,0.005187607892987171,7.541034069976306e-05,0.0033199787212190466,0.43199671326630634
PerplexDEW (Davies),isobar,0.0125643,230.90909090909093,0.005249800945799129,7.683229690317935e-05,0.003361263750331554,0.435227312219642
PerplexDEW (Davies),isobar,0.0125643,231.91919191919192,0.005312478232402087,7.827387062512359e-05,0.003402878580320571,0.43847184186607474
PerplexDEW (Davies),isobar,0.0125643,232.92929292929296,0.005375640255149577,7.973518710853794e-05,0.0034448234284967533,0.4417302536255681
PerplexDEW (Davies),isobar,0.0125643,233.93939393939394,0.00543928596673655,8.121634457447551e-05,0.003487097481469364,0.44500243772811804
PerplexDEW (Davies),isobar,0.0125643,234.94949494949498,0.005503411098470386,8.271738533414228e-05,0.003529697785105722,0.4482881584286566
PerplexDEW (Davies),isobar,0.0125643,235.95959595959596,0.005568012640901146,8.423836900405122e-05,0.0035726222058738207,0.4515872328950223
PerplexDEW (Davies),isobar,0.0125643,236.96969696969697,0.005633090560305477,8.577940231236502e-05,0.003615870571544958,0.45489959731898527
PerplexDEW (Davies),isobar,0.0125643,237.97979797979798,0.00569864154003091,8.73405341913743e-05,0.0036594405262412965,0.45822506020949205
PerplexDEW (Davies),isobar,0.0125643,238.989898989899,0.005764660377534582,8.892177765931197e-05,0.0037033284507854963,0.46156335926178266
PerplexDEW (Davies),isobar,0.0125643,240.0,0.005831144882249487,9.052319336038016e-05,0.003747532711831363,0.46491435231684913
PerplexDEW (Davies),isobar,0.0155,150.0,0.0017531573658393766,1.2852210829858147e-05,0.0010659515988830012,0.22613307334509622
PerplexDEW (Davies),isobar,0.0155,151.010101010101,0.00178039365495123,1.3192820981709334e-05,0.0010834590813692797,0.22811520281120629
PerplexDEW (Davies),isobar,0.0155,152.02020202020202,0.001807974986486057,1.3541046321574998e-05,0.0011011992468371546,0.23011264953795646
PerplexDEW (Davies),isobar,0.0155,153.03030303030303,0.0018359043670037015,1.3897019793839325e-05,0.0011191742041650713,0.23212545887450953
PerplexDEW (Davies),isobar,0.0155,154.04040404040404,0.0018641848072732368,1.4260875773284192e-05,0.0011373860651123573,0.23415367573040716
PerplexDEW (Davies),isobar,0.0155,155.05050505050505,0.0018928193218244202,1.4632750059818664e-05,0.001155836943988378,0.23619734451177965
PerplexDEW (Davies),isobar,0.0155,156.06060606060606,0.001921810724067878,1.5012778203398689e-05,0.0011745288303899471,0.23825649668419865
PerplexDEW (Davies),isobar,0.0155,157.07070707070707,0.0019511622314326293,1.5401100405000314e-05,0.0011934639646143282,0.2403311877291402
PerplexDEW (Davies),isobar,0.0155,158.08080808080808,0.001980876654608059,1.5797854927405895e-05,0.0012126443344510171,0.2424214477273753
PerplexDEW (Davies),isobar,0.0155,159.0909090909091,0.0020109570064221335,1.6203183043292323e-05,0.0012320720530397573,0.2445273184588082
PerplexDEW (Davies),isobar,0.0155,160.1010101010101,0.002041406520804472,1.6617229283100068e-05,0.0012517493712592767,0.2466488541206134
PerplexDEW (Davies),isobar,0.0155,161.11111111111111,0.0020722275516494655,1.7040132039360632e-05,0.0012716779912423574,0.24878605624945568
PerplexDEW (Davies),isobar,0.0155,162.12121212121212,0.0021034237735208998,1.7472042328521413e-05,0.001291860438190628,0.2509390038271387
PerplexDEW (Davies),isobar,0.0155,163.13131313131314,0.0021349977472969956,1.7913102959722832e-05,0.0013122985423601147,0.25310770966753005
PerplexDEW (Davies),isobar,0.0155,164.14141414141415,0.0021669529462734556,1.836346604124478e-05,0.0013329947035854582,0.2552922391987534
PerplexDEW (Davies),isobar,0.0155,165.15151515151516,0.0021992914291111606,1.8823272472503482e-05,0.0013539504362674337,0.25749257569003225
PerplexDEW (Davies),isobar,0.0155,166.16161616161617,0.0022320171469760843,1.9292681325035013e-05,0.0013751684387096905,0.259708810760421
PerplexDEW (Davies),isobar,0.0155,167.17171717171718,0.0022651321176480345,1.9771835596442595e-05,0.001396650197534949,0.26194092497325927
PerplexDEW (Davies),isobar,0.0155,168.1818181818182,0.002298639811046471,2.0260892696152746e-05,0.0014183981086931087,0.26418898121083156
PerplexDEW (Davies),isobar,0.0155,169.1919191919192,0.002332543210105495,2.0760006950898832e-05,0.0014404142623965599,0.26645301401462085
PerplexDEW (Davies),isobar,0.0155,170.2020202020202,0.0023668447644451694,2.1269328923932263e-05,0.0014627004124582587,0.26873302791896125
PerplexDEW (Davies),isobar,0.0155,171.21212121212122,0.0024015479550141493,2.1789020118774086e-05,0.0014852589603762223,0.27102908443887225
PerplexDEW (Davies),isobar,0.0155,172.22222222222223,0.0024366551993991498,2.2319233221727525e-05,0.0015080916374611637,0.27334118580136624
PerplexDEW (Davies),isobar,0.0155,173.23232323232324,0.002472169425858174,2.286012694271889e-05,0.0015312004951327386,0.2756693622696019
PerplexDEW (Davies),isobar,0.0155,174.24242424242425,0.002508093553905602,2.3411861130813612e-05,0.0015545875782327825,0.2780136432325662
PerplexDEW (Davies),isobar,0.0155,175.25252525252526,0.0025444307823966144,2.3974599629251334e-05,0.0015782551071105368,0.28037407267303305
PerplexDEW (Davies),isobar,0.0155,176.26262626262627,0.0025811834388072136,2.4548498823435736e-05,0.0016022047501082523,0.2827506473800043
PerplexDEW (Davies),isobar,0.0155,177.27272727272728,0.002618354396570195,2.513372159879858e-05,0.0016264385188338275,0.28514339346307727
PerplexDEW (Davies),isobar,0.0155,178.2828282828283,0.002655946516968748,2.57304318723477e-05,0.0016509584158324792,0.2875523360684936
PerplexDEW (Davies),isobar,0.0155,179.2929292929293,0.0026939629583684413,2.633879777938392e-05,0.0016757666307439596,0.2899775155817125
PerplexDEW (Davies),isobar,0.0155,180.3030303030303,0.002732405309895195,2.69589722752818e-05,0.0017008643557005758,0.29241889008406485
PerplexDEW (Davies),isobar,0.0155,181.31313131313132,0.002771277626030786,2.7591134967144947e-05,0.0017262543457191094,0.2948765464086228
PerplexDEW (Davies),isobar,0.0155,182.32323232323233,0.002810582074543452,2.8235446911485314e-05,0.0017519381564817475,0.29735047262379444
PerplexDEW (Davies),isobar,0.0155,183.33333333333334,0.0028503207614082337,2.8892069297152605e-05,0.0017779173011800067,0.29984065418220535
PerplexDEW (Davies),isobar,0.0155,184.34343434343435,0.002890497081895491,2.9561178095939804e-05,0.0018041941114800202,0.3023471426140401
PerplexDEW (Davies),isobar,0.0155,185.35353535353536,0.0029311130819062274,3.0242935731472856e-05,0.0018307700577678428,0.30486992034539806
PerplexDEW (Davies),isobar,0.0155,186.36363636363637,0.0029721714405642856,3.093751234569198e-05,0.0018576470112439472,0.3074090022268915
PerplexDEW (Davies),isobar,0.0155,187.37373737373738,0.0030136748157099068,3.164507878572671e-05,0.0018848268273895267,0.30996440191968705
PerplexDEW (Davies),isobar,0.0155,188.3838383838384,0.003055625842966598,3.236580656542646e-05,0.0019123113452808606,0.31253613187306795
PerplexDEW (Davies),isobar,0.0155,189.3939393939394,0.0030980271347963127,3.309986782567788e-05,0.0019401023868942666,0.3151242033024545
PerplexDEW (Davies),isobar,0.0155,190.40404040404042,0.0031408805285041944,3.3847426645715335e-05,0.001968201275250452,0.31772858931601833
PerplexDEW (Davies),isobar,0.0155,191.41414141414143,0.003184188548230003,3.460865560003444e-05,0.0019966097697178505,0.32034929730749895
PerplexDEW (Davies),isobar,0.0155,192.42424242424244,0.003227953690836321,3.538372773044142e-05,0.0020253296095781564,0.3229863333392359
PerplexDEW (Davies),isobar,0.0155,193.43434343434345,0.0032721784248746348,3.617281650004629e-05,0.0020543625132668723,0.32563970211817994
PerplexDEW (Davies),isobar,0.0155,194.44444444444446,0.003316865189537649,3.697609574591257e-05,0.0020837101776036765,0.32830940697212163
PerplexDEW (Davies),isobar,0.0155,195.45454545454547,0.003362014757222179,3.779371990211793e-05,0.0021133732243228632,0.33099537173827753
PerplexDEW (Davies),isobar,0.0155,196.46464646464648,0.0034076310853952798,3.862588209155902e-05,0.002143354319460705,0.3336976731856247
PerplexDEW (Davies),isobar,0.0155,197.4747474747475,0.003453715670981082,3.9472746547187876e-05,0.0021736545439289025,0.33641627037101285
PerplexDEW (Davies),isobar,0.0155,198.4848484848485,0.003500269919305072,4.033447657981009e-05,0.0022042749147348204,0.33915111901700595
PerplexDEW (Davies),isobar,0.0155,199.49494949494948,0.003547296016444495,4.12112454041449e-05,0.002235216947754377,0.3419022123233711
PerplexDEW (Davies),isobar,0.0155,200.50505050505052,0.0035947970003814105,4.2103237445538485e-05,0.002266482705705189,0.34466958326197494
PerplexDEW (Davies),isobar,0.0155,201.5151515151515,0.0036427732127593477,4.30106036550205e-05,0.0022980725066924852,0.3474531395707113
PerplexDEW (Davies),isobar,0.0155,202.52525252525254,0.0036912275957348838,4.3933527953509796e-05,0.0023299883439572575,0.3502529104802335
PerplexDEW (Davies),isobar,0.0155,203.53535353535352,0.003740161236917694,4.487217098869029e-05,0.0023622310081754644,0.3530688398347447
PerplexDEW (Davies),isobar,0.0155,204.54545454545456,0.003789576069495105,4.582670432813793e-05,0.0023948018322521485,0.35590091110809335
PerplexDEW (Davies),isobar,0.0155,205.55555555555554,0.003839473011959144,4.67972864035778e-05,0.002427701487200149,0.35874906218838126
PerplexDEW (Davies),isobar,0.0155,206.56565656565658,0.0038898548395045153,4.778410006346876e-05,0.0024609318429532363,0.3616133157982664
PerplexDEW (Davies),isobar,0.0155,207.57575757575756,0.003940722340577282,4.878730209167438e-05,0.002494493476951244,0.3644936051714009
PerplexDEW (Davies),isobar,0.0155,208.5858585858586,0.003992077204251471,4.980706107530298e-05,0.0025283875457868654,0.3673899049742029
PerplexDEW (Davies),isobar,0.0155,209.59595959595958,0.004043920031472545,5.084353077817647e-05,0.002562614493929748,0.37030214206515794
PerplexDEW (Davies),isobar,0.0155,210.60606060606062,0.004096252351810151,5.189687721411478e-05,0.002597175363790713,0.3732302856498398
PerplexDEW (Davies),isobar,0.0155,211.6161616161616,0.00414907563728282,5.296726548014086e-05,0.0026320711556324346,0.3761743029186931
PerplexDEW (Davies),isobar,0.0155,212.62626262626264,0.004202390213414652,5.405484446576797e-05,0.0026673021175789386,0.3791341115086733
PerplexDEW (Davies),isobar,0.0155,213.63636363636363,0.004256197378597385,5.515977603862944e-05,0.002702869125463612,0.3821096728313549
PerplexDEW (Davies),isobar,0.0155,214.64646464646466,0.004310498367570389,5.6282220844642244e-05,0.0027387730085229357,0.38510094614812035
PerplexDEW (Davies),isobar,0.0155,215.65656565656565,0.004365293207582597,5.742232183952791e-05,0.0027750138019665034,0.3881078393588249
PerplexDEW (Davies),isobar,0.0155,216.66666666666669,0.00442058294490809,5.858023573097675e-05,0.002811592199827984,0.3911303056131931
PerplexDEW (Davies),isobar,0.0155,217.67676767676767,0.004476367375629093,5.975610047312719e-05,0.002848508072735634,0.39416824544500106
PerplexDEW (Davies),isobar,0.0155,218.6868686868687,0.004532648545631387,6.095008592407978e-05,0.002885762756612187,0.39722165654240993
PerplexDEW (Davies),isobar,0.0155,219.6969696969697,0.004589424846954044,6.216230768990325e-05,0.002923355189835636,0.4002903820587208
PerplexDEW (Davies),isobar,0.0155,220.70707070707073,0.004646696915242385,6.339291298496761e-05,0.0029612857715860504,0.40337436216109684
PerplexDEW (Davies),isobar,0.0155,221.7171717171717,0.004704465305855888,6.464204695321349e-05,0.002999554842331121,0.40647353449784074
PerplexDEW (Davies),isobar,0.0155,222.72727272727275,0.004762730492052175,6.59098525586079e-05,0.003038162682489979,0.4095878341593147
PerplexDEW (Davies),isobar,0.0155,223.73737373737373,0.004821490262414857,6.719643068106389e-05,0.0030771078022098146,0.41271708578914823
PerplexDEW (Davies),isobar,0.0155,224.74747474747477,0.004880744794180856,6.850191668712067e-05,0.003116390271133144,0.4158612154966707
PerplexDEW (Davies),isobar,0.0155,225.75757575757575,0.00494049551612416,6.982646417136913e-05,0.0031560109757423817,0.41902020180971006
PerplexDEW (Davies),isobar,0.0155,226.7676767676768,0.005000739757183432,7.117016184576463e-05,0.0031959680986961255,0.42219385554636807
PerplexDEW (Davies),isobar,0.0155,227.77777777777777,0.0050614759637066225,7.25331133685541e-05,0.00323626054720234,0.42538203601638463
PerplexDEW (Davies),isobar,0.0155,228.7878787878788,0.005122705211242785,7.391546204846729e-05,0.003276888952432419,0.4285847112207123
PerplexDEW (Davies),isobar,0.0155,229.7979797979798,0.005184425700310493,7.531730415243928e-05,0.0033178520438707955,0.43180173321695087
PerplexDEW (Davies),isobar,0.0155,230.80808080808083,0.005246636890811052,7.673875391068382e-05,0.0033591493726312692,0.4350330068131989
PerplexDEW (Davies),isobar,0.0155,231.8181818181818,0.005309333703642082,7.817984981634833e-05,0.003400777483509982,0.4382782563151066
PerplexDEW (Davies),isobar,0.0155,232.82828282828285,0.005372518172109895,7.964074298268536e-05,0.003442737607968477,0.4415374937159956
PerplexDEW (Davies),isobar,0.0155,233.83838383838383,0.00543618630434355,8.112148427565794e-05,0.0034850269887067905,0.4448104911727565
PerplexDEW (Davies),isobar,0.0155,234.84848484848487,0.005500336896999536,8.262216736916303e-05,0.0035276447011075465,0.4480971343434251
PerplexDEW (Davies),isobar,0.0155,235.85858585858585,0.005564968624785763,8.41428815865569e-05,0.003570589731476191,0.4513973054325203
PerplexDEW (Davies),isobar,0.0155,236.8686868686869,0.005630076841681627,8.568365766935019e-05,0.0036138588565663233,0.45471075787179643
PerplexDEW (Davies),isobar,0.0155,237.87878787878788,0.005695659820271626,8.724457197437476e-05,0.0036574507749648497,0.4580373624495411
PerplexDEW (Davies),isobar,0.0155,238.8888888888889,0.0057617140510049765,8.882566756145947e-05,0.003701362993588905,0.4613769221487938
PerplexDEW (Davies),isobar,0.0155,239.8989898989899,0.005828235785110997,9.042697970666637e-05,0.0037455928487059413,0.46472923321540566
PerplexDEW (Davies),isobar,0.0155,240.90909090909093,0.005895222729666657,9.204856524319368e-05,0.003790138632028427,0.46809415060235854
PerplexDEW (Davies),isobar,0.0155,241.91919191919192,0.005962672446790314,9.369047534577168e-05,0.0038349985294359183,0.4714715252785103
PerplexDEW (Davies),isobar,0.0155,242.92929292929296,0.00603057708702714,9.535266226011116e-05,0.0038801671164764703,0.47486100281628796
PerplexDEW (Davies),isobar,0.0155,243.93939393939394,0.006098933668748197,9.703515888003618e-05,0.003925642191273848,0.478262419032719
PerplexDEW (Davies),isobar,0.0155,244.94949494949498,0.006167740860540966,9.873802410415505e-05,0.003971422641205235,0.481675674099517
PerplexDEW (Davies),isobar,0.0155,245.95959595959596,0.006236989929908771,0.0001004611802867938,0.004017502412647023,0.48510038906327996
PerplexDEW (Davies),isobar,0.0155,246.96969696969697,0.006306675372572547,0.00010220460186797386,0.004063877586024392,0.48853631146748744
PerplexDEW (Davies),isobar,0.0155,247.97979797979798,0.006376795186601997,0.00010396832244209291,0.004110546565589817,0.49198332315859866
PerplexDEW (Davies),isobar,0.0155,248.989898989899,0.006447341536397805,0.00010575226462567397,0.00415750385175063,0.49544109148663723
PerplexDEW (Davies),isobar,0.0155,250.0,0.00651830617114728,0.000107556336952536,0.004204743650307359,0.49890926418231807
PerplexDEW (Davies),isobar,0.022798125,169.0,0.0023282652715802847,2.0684726673756965e-05,0.0014375853357781443,0.26616832839589
PerplexDEW (Davies),isobar,0.022798125,170.010101010101,0.0023625333380489734,2.119270570913916e-05,0.001459847948690857,0.26844672765152827
PerplexDEW (Davies),isobar,0.022798125,171.02020202020202,0.0023972027454389217,2.1711035998562837e-05,0.0014823827778379377,0.2707411575178142
PerplexDEW (Davies),isobar,0.022798125,172.03030303030303,0.00243227699007371,2.22398805498717e-05,0.0015051922351037598,0.2730516792261422
PerplexDEW (Davies),isobar,0.022798125,173.04040404040404,0.002467758767028983,2.277939602463903e-05,0.0015282782269990618,0.27537830944749403
PerplexDEW (Davies),isobar,0.022798125,174.05050505050505,0.0025036507438799048,2.3329739952907144e-05,0.0015516426410600048,0.2777210633067225
PerplexDEW (Davies),isobar,0.022798125,175.06060606060606,0.0025399561346886716,2.389107641557909e-05,0.0015752877086020092,0.280079985232936
PerplexDEW (Davies),isobar,0.022798125,176.07070707070707,0.002576677578552912,2.4463565040001373e-05,0.0015992152966227014,0.28245508822224613
PerplexDEW (Davies),isobar,0.022798125,177.08080808080808,0.002613817683523279,2.504736621945933e-05,0.001623427250592932,0.2848463836317047
PerplexDEW (Davies),isobar,0.022798125,178.0909090909091,0.00265137963197023,2.5642647286409147e-05,0.0016479257780824142,0.28725391312122583
PerplexDEW (Davies),isobar,0.022798125,179.1010101010101,0.002689365997606707,2.624957054931705e-05,0.001672712699771328,0.2896776857672806
PerplexDEW (Davies),isobar,0.022798125,180.11111111111111,0.00272777994806392,2.6868305536789473e-05,0.001697790211376391,0.2921177416422607
PerplexDEW (Davies),isobar,0.022798125,181.12121212121212,0.0027666230594794797,2.749900622831378e-05,0.0017231594962155252,0.29457403778624786
PerplexDEW (Davies),isobar,0.022798125,182.13131313131314,0.002805899407751181,2.8141853811417198e-05,0.0017488233234385503,0.29704666112529454
PerplexDEW (Davies),isobar,0.022798125,183.14141414141415,0.0028456111553682786,2.8797010479481106e-05,0.0017747832450007034,0.29953559894735415
PerplexDEW (Davies),isobar,0.022798125,184.15151515151516,0.0028857610764151985,2.94646458541541e-05,0.00180104119942475,0.30204087018322323
PerplexDEW (Davies),isobar,0.022798125,185.16161616161617,0.002926351240757611,3.014492285788373e-05,0.0018275986742005328,0.30456245797307574
PerplexDEW (Davies),isobar,0.022798125,186.17171717171718,0.002967385047796256,3.083801984320466e-05,0.001854458002124458,0.3071004128819468
PerplexDEW (Davies),isobar,0.022798125,187.1818181818182,0.0030088645039763055,3.1544100848563436e-05,0.0018816206254443134,0.30965471494219565
PerplexDEW (Davies),isobar,0.022798125,188.1919191919192,0.003050792991264253,3.226334608012491e-05,0.0019090888623816801,0.31222541317288666
PerplexDEW (Davies),isobar,0.022798125,189.2020202020202,0.0030931717127777305,3.2995912147145994e-05,0.0019368636360012265,0.3148124480700786
PerplexDEW (Davies),isobar,0.022798125,190.21212121212122,0.003136003243388861,3.374197169648264e-05,0.001964946742635738,0.31741582902500515
PerplexDEW (Davies),isobar,0.022798125,191.22222222222223,0.0031792916547627235,3.450171557420325e-05,0.001993340935734646,0.3200356384770326
PerplexDEW (Davies),isobar,0.022798125,192.23232323232324,0.0032230372248432467,3.527529166524812e-05,0.002022046535325489,0.3226717729776598
PerplexDEW (Davies),isobar,0.022798125,193.24242424242425,0.0032672439848369732,3.606289201578862e-05,0.002051066264191322,0.3253243127578983
PerplexDEW (Davies),isobar,0.022798125,194.25252525252526,0.003311912838786037,3.686467278542872e-05,0.002080400835901838,0.3279931862524894
PerplexDEW (Davies),isobar,0.022798125,195.26262626262627,0.00335704781265644,3.768082773826792e-05,0.0021100529659925163,0.33067847268103673
PerplexDEW (Davies),isobar,0.022798125,196.27272727272728,0.0034026488660100175,3.8511502623827397e-05,0.002140022752796041,0.3333800565194612
PerplexDEW (Davies),isobar,0.022798125,197.2828282828283,0.0034487199742862296,3.9356891975347635e-05,0.002170312873832612,0.3360980145470851
PerplexDEW (Davies),isobar,0.022798125,198.2929292929293,0.0034952617611295677,4.0217150190209314e-05,0.002200923845789436,0.33883226450479886
PerplexDEW (Davies),isobar,0.022798125,199.3030303030303,0.0035422781887403977,4.109247312994797e-05,0.002231858333034694,0.3415828819824282
PerplexDEW (Davies),isobar,0.022798125,200.31313131313132,0.0035897688633683444,4.1983003089497185e-05,0.0022631161870687857,0.3443497385564565
PerplexDEW (Davies),isobar,0.022798125,201.32323232323233,0.0036377376858127454,4.2888936209434175e-05,0.0022947000263027306,0.3471329071302073
PerplexDEW (Davies),isobar,0.022798125,202.33333333333334,0.003686185884295583,4.381043558568755e-05,0.002326610740518129,0.3499323361943317
PerplexDEW (Davies),isobar,0.022798125,203.34343434343435,0.003735114584572996,4.474766296610597e-05,0.0023588491477645164,0.3527479706534443
PerplexDEW (Davies),isobar,0.022798125,204.35353535353536,0.0037845267043651195,4.5700803366658705e-05,0.002391417221408383,0.355579838126171
PerplexDEW (Davies),isobar,0.022798125,205.36363636363637,0.003834423249750696,4.667001734805222e-05,0.0024243156934438985,0.35842787910062485
PerplexDEW (Davies),isobar,0.022798125,206.37373737373738,0.003884805116372985,4.765546380000435e-05,0.0024575452183911795,0.3612920302944981
PerplexDEW (Davies),isobar,0.022798125,207.3838383838384,0.003935676078643604,4.865733985094535e-05,0.002491108314063727,0.3641723587027673
PerplexDEW (Davies),isobar,0.022798125,208.3939393939394,0.003987034921801606,4.9675776297244065e-05,0.0025250042558363135,0.3670687074473424
PerplexDEW (Davies),isobar,0.022798125,209.40404040404042,0.004038884303290228,5.071095533287072e-05,0.002559234827136706,0.3699810945440589
PerplexDEW (Davies),isobar,0.022798125,210.41414141414143,0.004091224797004116,5.1763030988058865e-05,0.0025938004528876703,0.37290944559412564
PerplexDEW (Davies),isobar,0.022798125,211.42424242424244,0.004144058983510749,5.283218452504481e-05,0.0026287028584120317,0.37585377573136725
PerplexDEW (Davies),isobar,0.022798125,212.43434343434345,0.0041973872886383904,5.391856747363066e-05,0.002663942361950367,0.3788140055030261
PerplexDEW (Davies),isobar,0.022798125,213.44444444444446,0.004251208906599086,5.502231334007439e-05,0.0026995184715733842,0.38179000332425383
PerplexDEW (Davies),isobar,0.022798125,214.45454545454547,0.004305528423261443,5.614363088659525e-05,0.002735434205687796,0.3847818734079755
PerplexDEW (Davies),isobar,0.022798125,215.46464646464648,0.004360343750860956,5.7282634548229884e-05,0.0027716882244667547,0.3877894303314901
PerplexDEW (Davies),isobar,0.022798125,216.4747474747475,0.004415655984734318,5.843948273994182e-05,0.0028082812574205824,0.3908126285224328
PerplexDEW (Davies),isobar,0.022798125,217.4848484848485,0.004471466150933212,5.961433237170823e-05,0.0028452139833607523,0.39385142013525254
PerplexDEW (Davies),isobar,0.022798125,218.49494949494948,0.004527775204558461,6.080733875154352e-05,0.0028824870291745443,0.3969057550156921
PerplexDEW (Davies),isobar,0.022798125,219.50505050505052,0.004584582813319838,6.201863751551643e-05,0.00292010017275467,0.39997552932668173
PerplexDEW (Davies),isobar,0.022798125,220.5151515151515,0.004641889725863381,6.324837914275761e-05,0.002958053892707536,0.4030606864060969
PerplexDEW (Davies),isobar,0.022798125,221.52525252525254,0.0046996966130835255,6.449671215001761e-05,0.00299634861075182,0.4061611671337509
PerplexDEW (Davies),isobar,0.022798125,222.53535353535352,0.004758001516161246,6.576374433344608e-05,0.003034983016131344,0.40927680360974517
PerplexDEW (Davies),isobar,0.022798125,223.54545454545456,0.004816804821032778,6.704961713549672e-05,0.0030739573277921636,0.4124075279937598
PerplexDEW (Davies),isobar,0.022798125,224.55555555555554,0.00487610814375317,6.8354489866079e-05,0.0031132725670398047,0.4155533241678118
PerplexDEW (Davies),isobar,0.022798125,225.56565656565658,0.004935909082832767,6.967845896530208e-05,0.0031529271079138886,0.4187140108075538
PerplexDEW (Davies),isobar,0.022798125,226.57575757575756,0.004996209054346148,7.102167808779355e-05,0.003192921826431338,0.4218895657361211
PerplexDEW (Davies),isobar,0.022798125,227.5858585858586,0.005057003941731465,7.238421297221384e-05,0.00323325394927917,0.42507974137208715
PerplexDEW (Davies),isobar,0.022798125,228.59595959595958,0.005118296286200357,7.376623172018914e-05,0.003273925078101213,0.42828456419812166
PerplexDEW (Davies),isobar,0.022798125,229.60606060606062,0.00518008442850332,7.516783496764744e-05,0.003314934041245798,0.4315038901703043
PerplexDEW (Davies),isobar,0.022798125,230.6161616161616,0.0052423650689217595,7.658909456569705e-05,0.0033562785744184194,0.43473751135878064
PerplexDEW (Davies),isobar,0.022798125,231.62626262626264,0.005305139034795599,7.803014632355384e-05,0.0033979591271678933,0.4379853882165637
PerplexDEW (Davies),isobar,0.022798125,232.63636363636363,0.005368402650430406,7.949105109468309e-05,0.003439973167288137,0.4412473018749161
PerplexDEW (Davies),isobar,0.022798125,233.64646464646466,0.005432156497462395,8.097193660066746e-05,0.003482320965773857,0.4445232056988929
PerplexDEW (Davies),isobar,0.022798125,234.65656565656565,0.005496396507101233,8.247285182406351e-05,0.0035249997100917155,0.44781286948796534
PerplexDEW (Davies),isobar,0.022798125,235.66666666666669,0.005561123001791051,8.399391564671847e-05,0.003568009482854912,0.45111623921399996
PerplexDEW (Davies),isobar,0.022798125,236.67676767676767,0.005626331502024985,8.553516426825479e-05,0.0036113471784197547,0.45443307293866947
PerplexDEW (Davies),isobar,0.022798125,237.6868686868687,0.005692020439413447,8.709667940888016e-05,0.003655011607994269,0.4577632457716323
PerplexDEW (Davies),isobar,0.022798125,238.6969696969697,0.005758186472435781,8.867850978431751e-05,0.0036990003973976834,0.4611065653087536
PerplexDEW (Davies),isobar,0.022798125,239.70707070707073,0.0058248260239853016,9.028069649664986e-05,0.0037433110044171377,0.4644628325037124
PerplexDEW (Davies),isobar,0.022798125,240.7171717171717,0.005891936970554679,9.190330223580644e-05,0.003787941840881481,0.46783190689990517
PerplexDEW (Davies),isobar,0.022798125,241.72727272727275,0.005959515325389906,9.354635401414215e-05,0.0038328900704939,0.47121357801338704
PerplexDEW (Davies),isobar,0.022798125,242.73737373737373,0.006027556850096452,9.520987038912948e-05,0.003878152677287295,0.4746076283407592
PerplexDEW (Davies),isobar,0.022798125,243.74747474747477,0.006096058824207617,9.689389273414565e-05,0.003923727643315967,0.4780139008812336
PerplexDEW (Davies),isobar,0.022798125,244.75757575757575,0.006165012963296067,9.859835927196004e-05,0.003969609234397857,0.48143202909073296
PerplexDEW (Davies),isobar,0.022798125,245.7676767676768,0.006234421479001535,0.00010032339128847973,0.004015798693710942,0.48486204814315825
PerplexDEW (Davies),isobar,0.022798125,246.77777777777777,0.006304273739124919,0.0001020688756064159,0.00406228869662285,0.4883035080243211
PerplexDEW (Davies),isobar,0.022798125,247.7878787878788,0.006374566043615263,0.00010383481827047248,0.004109076522521514,0.4917562248019008
PerplexDEW (Davies),isobar,0.022798125,248.7979797979798,0.006445290683273077,0.00010562114725682685,0.004156156762819375,0.4952198692634792
PerplexDEW (Davies),isobar,0.022798125,249.80808080808083,0.006516447324452212,0.00010742792122306853,0.004203528920024683,0.498694382835695
PerplexDEW (Davies),isobar,0.022798125,250.8181818181818,0.006588023825972533,0.00010925497554271448,0.004251184597432721,0.5021792763120563
PerplexDEW (Davies),isobar,0.022798125,251.82828282828285,0.006660019423081612,0.00011110235112986145,0.0042991229851261255,0.5056744848422681
PerplexDEW (Davies),isobar,0.022798125,252.83838383838383,0.0067324211730249274,0.0001129698551684299,0.004347335116248739,0.5091794951137179
PerplexDEW (Davies),isobar,0.022798125,253.84848484848487,,,,
PerplexDEW (Davies),isobar,0.022798125,254.85858585858585,,,,
PerplexDEW (Davies),isobar,0.022798125,255.8686868686869,,,,
PerplexDEW (Davies),isobar,0.022798125,256.8787878787879,,,,
PerplexDEW (Davies),isobar,0.022798125,257.8888888888889,,,,
PerplexDEW (Davies),isobar,0.022798125,258.8989898989899,,,,
PerplexDEW (Davies),isobar,0.022798125,259.90909090909093,,,,
PerplexDEW (Davies),isobar,0.022798125,260.9191919191919,0.007325367261165299,0.00012862158777015312,0.004742249338041335,0.5375365527982671
PerplexDEW (Davies),isobar,0.022798125,261.92929292929296,0.007401061446971198,0.00013066453981259342,0.004792665669745371,0.5411153874260071
PerplexDEW (Davies),isobar,0.022798125,262.93939393939394,0.007477067264493372,0.00013272594123179757,0.004843288456381359,0.5447003891342048
PerplexDEW (Davies),isobar,0.022798125,263.949494949495,0.007553375813361803,0.0001348055910666303,0.004894111243350268,0.548291233649556
PerplexDEW (Davies),isobar,0.022798125,264.95959595959596,0.007629973041201587,0.0001369031747551496,0.004945124089240624,0.5518874172074584
PerplexDEW (Davies),isobar,0.022798125,265.969696969697,0.007706844328290448,0.00013901835552539783,0.004996316648114623,0.555488420688712
PerplexDEW (Davies),isobar,0.022798125,266.979797979798,0.0077839744744826345,0.0001411507736913452,0.00504767816008438,0.5590937092648298
PerplexDEW (Davies),isobar,0.022798125,267.98989898989896,0.007861347685967548,0.0001433000459353289,0.005099197441768977,0.5627027320335469
PerplexDEW (Davies),isobar,0.022798125,269.0,0.00793895791358561,0.00014546598306849114,0.005150869867758262,0.5663152830239102
PerplexDEW (Davies),isobar,0.025,172.0,0.0024319181860418164,2.2230541881992063e-05,0.0015049433717945972,0.27302765318583805
PerplexDEW (Davies),isobar,0.025,173.010101010101,0.0024674012975265543,2.276993477190616e-05,0.0015280300143555264,0.27535425587260154
PerplexDEW (Davies),isobar,0.025,174.02020202020202,0.002503294495761387,2.3320154076965186e-05,0.0015513950154678537,0.27769697368938173
PerplexDEW (Davies),isobar,0.025,175.03030303030303,0.002539601559129753,2.3881369463835676e-05,0.0015750409631775397,0.2800558813320597
PerplexDEW (Davies),isobar,0.025,176.04040404040404,0.00257632485415823,2.445373796896412e-05,0.0015989695528865412,0.28243097684656965
PerplexDEW (Davies),isobar,0.025,177.05050505050505,0.0026134672918432787,2.5037423124223868e-05,0.0016231828223328398,0.28482228752355876
PerplexDEW (Davies),isobar,0.025,178.06060606060606,0.0026510311654304787,2.563258331228913e-05,0.0016476824163775452,0.28722980774854157
PerplexDEW (Davies),isobar,0.025,179.07070707070707,0.002689020565001329,2.6239396417563618e-05,0.001672471117186609,0.28965362647014437
PerplexDEW (Davies),isobar,0.025,180.08080808080808,0.00272743714141272,2.685801647635986e-05,0.0016975501592400768,0.29209370378941424
PerplexDEW (Davies),isobar,0.025,181.0909090909091,0.002766283722779491,2.7488610568649396e-05,0.0017229215210208672,0.2945500619765208
PerplexDEW (Davies),isobar,0.025,182.1010101010101,0.0028055631218651725,2.813134670118641e-05,0.0017485871696157488,0.2970227222566244
PerplexDEW (Davies),isobar,0.025,183.11111111111111,0.002845278797536014,2.878640089871181e-05,0.0017745494817875498,0.2995117386592636
PerplexDEW (Davies),isobar,0.025,184.12121212121212,0.002885432216450512,2.9453928878201702e-05,0.0018008095644277255,0.30201706291254804
PerplexDEW (Davies),isobar,0.025,185.13131313131314,0.0029260267910685587,3.0134108167370412e-05,0.001827369760732184,0.3045387464629365
PerplexDEW (Davies),isobar,0.025,186.14141414141415,0.002967065264299646,3.082711015820593e-05,0.0018542319859932656,0.30707680614863186
PerplexDEW (Davies),isobar,0.025,187.15151515151516,0.003008549649349483,3.153309906974721e-05,0.0018813976872861984,0.3096312221845492
PerplexDEW (Davies),isobar,0.025,188.16161616161617,0.003050482611718918,3.2252247132111916e-05,0.0019088687251789806,0.31220200785088514
PerplexDEW (Davies),isobar,0.025,189.17171717171718,0.0030928667943074147,3.298472722962601e-05,0.0019366469435528563,0.3147891752067377
PerplexDEW (Davies),isobar,0.025,190.1818181818182,0.0031357048164599153,3.373071286046798e-05,0.001964734168901562,0.31739273506798765
PerplexDEW (Davies),isobar,0.025,191.1919191919192,0.0031789988925860976,3.449037368286352e-05,0.001993131965747909,0.32001267840837994
PerplexDEW (Davies),isobar,0.025,192.2020202020202,0.0032227511852341967,3.526387941186174e-05,0.0020218418620701634,0.32264899404943037
PerplexDEW (Davies),isobar,0.025,193.21212121212122,0.003266964590461702,3.605140904946544e-05,0.0020508658534657193,0.32530170663353475
PerplexDEW (Davies),isobar,0.025,194.22222222222223,0.0033116412017941,3.685313294793026e-05,0.0020802054179134616,0.32797080185898
PerplexDEW (Davies),isobar,0.025,195.23232323232324,0.0033567834633718694,3.766922622882901e-05,0.0021098622553279776,0.33065628261129637
PerplexDEW (Davies),isobar,0.025,196.24242424242425,0.003402392959759002,3.849985425925072e-05,0.002139837509443784,0.33335811100186596
PerplexDEW (Davies),isobar,0.025,197.25252525252526,0.0034484728725947683,3.934520225698147e-05,0.0021701333482315875,0.3360763255122824
PerplexDEW (Davies),isobar,0.025,198.26262626262627,0.003495023834873286,4.020542489655138e-05,0.0022007502950503522,0.3388108441390802
PerplexDEW (Davies),isobar,0.025,199.27272727272728,0.0035420498161716986,4.108071828707628e-05,0.002231691019633707,0.34156174264146355
PerplexDEW (Davies),isobar,0.025,200.2828282828283,0.003589550432953247,4.197122502590719e-05,0.002262955380750749,0.3443288928826086
PerplexDEW (Davies),isobar,0.025,201.2929292929293,0.00363752959366061,4.287714151574215e-05,0.002294546002375387,0.3471123679412621
PerplexDEW (Davies),isobar,0.025,202.3030303030303,0.003685989453076633,4.3798642899693825e-05,0.0023264643742691125,0.3499121587384091
PerplexDEW (Davies),isobar,0.025,203.31313131313132,0.0037349293278173008,4.4735868040672786e-05,0.0023587101454557945,0.3527281265561783
PerplexDEW (Davies),isobar,0.025,204.32323232323233,0.0037843539944400046,4.568902606388403e-05,0.002391286492796336,0.35556038408619156
PerplexDEW (Davies),isobar,0.025,205.33333333333334,0.0038342625881518425,4.665825344569024e-05,0.002424192937464162,0.3584087862445394
PerplexDEW (Davies),isobar,0.025,206.34343434343435,0.0038846579279121045,4.764373446822142e-05,0.0024574313811841445,0.3612733568589979
PerplexDEW (Davies),isobar,0.025,207.35353535353536,0.003935541851882919,4.864564088742541e-05,0.0024910030866439332,0.3641540752824048
PerplexDEW (Davies),isobar,0.025,208.36363636363637,0.003986915135022631,4.9664130234275476e-05,0.002524908621494292,0.3670508738316671
PerplexDEW (Davies),isobar,0.025,209.37373737373738,0.004038780494934128,5.069938608297444e-05,0.0025591498104911015,0.3699637723199677
PerplexDEW (Davies),isobar,0.025,210.3838383838384,0.0040911364729743814,5.1751535159033183e-05,0.00259372575806138,0.37289260572461214
PerplexDEW (Davies),isobar,0.025,211.3939393939394,0.00414398773904347,5.2820787527849396e-05,0.0026286395495803867,0.37583748142590595
PerplexDEW (Davies),isobar,0.025,212.40404040404042,0.00419733153519268,5.3907250896259136e-05,0.0026638894305051663,0.37879817990217024
PerplexDEW (Davies),isobar,0.025,213.41414141414143,0.004251172465780556,5.501113443785113e-05,0.002699478435502515,0.3817748060561044
PerplexDEW (Davies),isobar,0.025,214.42424242424244,0.004305509694052798,5.6132571341337255e-05,0.0027354060488537103,0.3847672270911247
PerplexDEW (Davies),isobar,0.025,215.43434343434345,0.004360344449413862,5.7271723029529424e-05,0.0027716730953348152,0.3877754016340405
PerplexDEW (Davies),isobar,0.025,216.44444444444446,0.00441567789538716,5.8428749577220935e-05,0.0028082803514868715,0.39079928611615483
PerplexDEW (Davies),isobar,0.025,217.45454545454547,0.004471508777606868,5.9603775417621516e-05,0.002845227006843383,0.39383873445986906
PerplexDEW (Davies),isobar,0.025,218.46464646464648,0.004527839201865471,6.0796972632841135e-05,0.002882514440870834,0.3968937458393381
PerplexDEW (Davies),isobar,0.025,219.4747474747475,0.004584670064032702,6.200849533477249e-05,0.002920143236977302,0.39996426809091395
PerplexDEW (Davies),isobar,0.025,220.4848484848485,0.004642000952023061,6.323847744802043e-05,0.002958113115421393,0.4030501947741286
PerplexDEW (Davies),isobar,0.025,221.49494949494948,0.004699831297499587,6.44870491995215e-05,0.002996423685885548,0.4061514146336903
PerplexDEW (Davies),isobar,0.025,222.50505050505052,0.004758161645576194,6.57543562256702e-05,0.003035075280768332,0.4092678646026941
PerplexDEW (Davies),isobar,0.025,223.5151515151515,0.004816992458530502,6.704054193833299e-05,0.0030740681718800338,0.4123994790436616
PerplexDEW (Davies),isobar,0.025,224.52525252525254,0.00487632279802518,6.834572715142383e-05,0.0031134017039375923,0.4155461353643188
PerplexDEW (Davies),isobar,0.025,225.53535353535352,0.004936152891328949,6.967004901402728e-05,0.0031530759797248563,0.41870776078173544
PerplexDEW (Davies),isobar,0.025,226.54545454545456,0.0049964815167289345,7.101362078995891e-05,0.003193090141503159,0.4218842241702025
PerplexDEW (Davies),isobar,0.025,227.55555555555554,0.005057308653512887,7.237657270636314e-05,0.003233444113607922,0.4250754453096676
PerplexDEW (Davies),isobar,0.025,228.56565656565658,0.005118631379431643,7.375898747245444e-05,0.0032741359006284304,0.4282812273111764
PerplexDEW (Davies),isobar,0.025,229.57575757575756,0.005180452195493262,7.516103174405287e-05,0.0033151670728446218,0.43150159536567967
PerplexDEW (Davies),isobar,0.025,230.5858585858586,0.0052427678890373695,7.658277973555936e-05,0.0033565354264381364,0.43473634403949046
PerplexDEW (Davies),isobar,0.025,231.59595959595958,0.005305577902770569,7.802434572236241e-05,0.003398240499330002,0.43798537732214876
PerplexDEW (Davies),isobar,0.025,232.60606060606062,0.005368878582174933,7.948579138912803e-05,0.003440279774539806,0.44124847690636354
PerplexDEW (Davies),isobar,0.025,233.6161616161616,0.0054326705275889245,8.09672452459874e-05,0.0034826535366280437,0.44452559661227453
PerplexDEW (Davies),isobar,0.025,234.62626262626264,0.005496951234489002,8.246878280721083e-05,0.0035253600097038336,0.44781656778942414
PerplexDEW (Davies),isobar,0.025,235.63636363636363,0.005561717984090804,8.399047305670838e-05,0.003568397265292373,0.4511212156447519
PerplexDEW (Davies),isobar,0.025,236.64646464646466,0.005626969429349135,8.553240505635038e-05,0.0036117642731414643,0.4544394215008974
PerplexDEW (Davies),isobar,0.025,237.65656565656565,0.0056927024812773825,8.709463578465938e-05,0.003655458839312326,0.4577710000498402
PerplexDEW (Davies),isobar,0.025,238.66666666666669,0.00575891382153424,8.867721492140381e-05,0.0036994786063437096,0.4611157594903205
PerplexDEW (Davies),isobar,0.025,239.67676767676767,0.005825601564500944,9.028021336356599e-05,0.003743822156601534,0.46447356597039885
PerplexDEW (Davies),isobar,0.025,240.6868686868687,0.005892761993832003,9.190366731099615e-05,0.003788486846982158,0.4678442165287631
PerplexDEW (Davies),isobar,0.025,241.6969696969697,0.005960391148052122,9.354760484442193e-05,0.0038334698594247323,0.4712275013416571
PerplexDEW (Davies),isobar,0.025,242.70707070707073,0.0060284848144290725,9.521204561300008e-05,0.003878768196475928,0.47462320357791055
PerplexDEW (Davies),isobar,0.025,243.7171717171717,0.006097040297423464,9.689703207919326e-05,0.003924379858222437,0.4780311668740997
PerplexDEW (Davies),isobar,0.025,244.72727272727275,0.006166054748054639,9.860260052206825e-05,0.003970302732723325,0.48145123069351065
PerplexDEW (Davies),isobar,0.025,245.73737373737373,0.006235519670523776,0.00010032868176745567,0.0040165309342304716,0.484883022669287
PerplexDEW (Davies),isobar,0.025,246.74747474747477,0.006305433504373856,0.0001020753261583625,0.004063063183527271,0.4883264365174757
PerplexDEW (Davies),isobar,0.025,247.75757575757575,0.006375787086439337,0.00010384244188941037,0.004109893120145422,0.49178108142468324
PerplexDEW (Davies),isobar,0.025,248.7676767676768,0.006446580317279218,0.0001056300972662945,0.004157020416384415,0.4952469130996929
PerplexDEW (Davies),isobar,0.025,249.77777777777777,0.006517803425139155,0.00010743817871017726,0.004204438276981225,0.4987235187633613
PerplexDEW (Davies),isobar,0.025,250.7878787878788,0.006589450053984021,0.00010926662910286703,0.004252142170127642,0.50221062512054
PerplexDEW (Davies),isobar,0.025,251.7979797979798,0.006661517551676091,0.00011111545539579904,0.004300130027283291,0.50570809403715
PerplexDEW (Davies),isobar,0.025,252.80808080808083,0.006733993012424962,0.00011298446635207079,0.004348392908103446,0.5092154203650914
PerplexDEW (Davies),isobar,0.025,253.8181818181818,,,,
PerplexDEW (Davies),isobar,0.025,254.82828282828285,,,,
PerplexDEW (Davies),isobar,0.025,255.83838383838383,,,,
PerplexDEW (Davies),isobar,0.025,256.8484848484849,,,,
PerplexDEW (Davies),isobar,0.025,257.85858585858585,,,,
PerplexDEW (Davies),isobar,0.025,258.8686868686869,,,,
PerplexDEW (Davies),isobar,0.025,259.8787878787879,,,,
PerplexDEW (Davies),isobar,0.025,260.8888888888889,0.0073276485929151475,0.0001286514775236294,0.004743796158186963,0.5375947419451668
PerplexDEW (Davies),isobar,0.025,261.8989898989899,0.007403444432622615,0.00013069672432412935,0.004794282695605376,0.5411767453277546
PerplexDEW (Davies),isobar,0.025,262.90909090909093,0.007479559097981485,0.00013276059801424077,0.0048449806169380905,0.5447651531461124
PerplexDEW (Davies),isobar,0.025,263.9191919191919,0.007555979139018509,0.00013484280777109037,0.004895880410497173,0.5483594778234063
PerplexDEW (Davies),isobar,0.025,264.92929292929296,0.007632690551993155,0.00013694304129398453,0.004946972169837083,0.5519592169951894
PerplexDEW (Davies),isobar,0.025,265.93939393939394,0.007709678766455423,0.00013906096411419114,0.004998245584436315,0.5555638529719623
PerplexDEW (Davies),isobar,0.025,266.949494949495,0.007786933654679312,0.00014119632352255172,0.005049693318649358,0.5591730287812313
PerplexDEW (Davies),isobar,0.025,267.95959595959596,0.007864439697032361,0.000143348745318214,0.005101304381770165,0.5627862011910154
PerplexDEW (Davies),isobar,0.025,268.969696969697,0.007942180773146755,0.00014551783122749887,0.00515306735448441,0.5664028107078598
PerplexDEW (Davies),isobar,0.025,269.979797979798,0.008020134899416774,0.0001477030466804074,0.005204966832358855,0.5700220985469331
PerplexDEW (Davies),isobar,0.025,270.98989898989896,0.008098289807589186,0.00014990404977648853,0.005256993948070487,0.5736436499333302
PerplexDEW (Davies),isobar,0.025,272.0,0.008176632895567729,0.00015212048167538494,0.0053091395916378785,0.5772670411734828
PerplexDEW (Davies),isobar,0.03343725,190.0,0.0031317415531940916,3.363845721508467e-05,0.0019620705989009976,0.3171337886528742
PerplexDEW (Davies),isobar,0.03343725,191.010101010101,0.0031750290285475387,3.439691889218621e-05,0.0019904628498123842,0.3197532573055937
PerplexDEW (Davies),isobar,0.03343725,192.02020202020202,0.003218776469539117,3.516923795393429e-05,0.00201916836900449,0.32238917451858873
PerplexDEW (Davies),isobar,0.03343725,193.03030303030303,0.0032629856629072065,3.595558099128579e-05,0.0020481884437164566,0.3250415097511812
PerplexDEW (Davies),isobar,0.03343725,194.04040404040404,0.0033076599105360915,3.675613307715558e-05,0.0020775253301369705,0.32771030643427645
PerplexDEW (Davies),isobar,0.03343725,195.05050505050505,0.0033528001043614895,3.7571051418214206e-05,0.002107179733563031,0.33039549201070284
PerplexDEW (Davies),isobar,0.03343725,196.06060606060606,0.003398410298970375,3.8400531571854614e-05,0.002137154388731145,0.33309714594105855
PerplexDEW (Davies),isobar,0.03343725,197.07070707070707,0.0034444912696344316,3.9244730357148585e-05,0.0021674499184850616,0.33581519106197355
PerplexDEW (Davies),isobar,0.03343725,198.08080808080808,0.003491046208480699,4.010383433743428e-05,0.00219806849736215,0.3385496655969052
PerplexDEW (Davies),isobar,0.03343725,199.0909090909091,0.0035380765932415564,4.097800968181672e-05,0.0022290111924261136,0.3413005268685501
PerplexDEW (Davies),isobar,0.03343725,200.1010101010101,0.0035855838077321106,4.186742155388015e-05,0.0022602790051688797,0.3440677288152426
PerplexDEW (Davies),isobar,0.03343725,201.11111111111111,0.0036335718346243847,4.2772268170533024e-05,0.0022918746114017783,0.3468513466425707
PerplexDEW (Davies),isobar,0.03343725,202.12121212121212,0.0036820410829697587,4.369270329033042e-05,0.002323798375972537,0.3496512895607777
PerplexDEW (Davies),isobar,0.03343725,203.13131313131314,0.0037309936586750873,4.4628902185362685e-05,0.0023560517548897133,0.3524675463957831
PerplexDEW (Davies),isobar,0.03343725,204.14141414141415,0.003780431625446571,4.558103993512923e-05,0.0023886361731862184,0.35530010430361025
PerplexDEW (Davies),isobar,0.03343725,205.15151515151516,0.003830356042517095,4.654927874365834e-05,0.0024215524010181046,0.35814890520507975
PerplexDEW (Davies),isobar,0.03343725,206.16161616161617,0.0038807698140762817,4.7533805079224824e-05,0.0024548023997090097,0.3610139753628269
PerplexDEW (Davies),isobar,0.03343725,207.17171717171718,0.00393167387529709,4.8534779752609635e-05,0.002488386850161782,0.36389525218722263
PerplexDEW (Davies),isobar,0.03343725,208.1818181818182,0.00398307005762892,4.955237536892693e-05,0.0025223070096563804,0.36679271431110405
PerplexDEW (Davies),isobar,0.03343725,209.1919191919192,0.004034959115288731,5.0586749996020156e-05,0.002556563430841708,0.3697062929310273
PerplexDEW (Davies),isobar,0.03343725,210.2020202020202,0.004087343770800997,5.16380882536255e-05,0.0025911579409133674,0.3726360074927395
PerplexDEW (Davies),isobar,0.03343725,211.21212121212122,0.0041402235770839485,5.2706531411506745e-05,0.0026260903005593914,0.37558173767955927
PerplexDEW (Davies),isobar,0.03343725,212.22222222222223,0.00419360112918139,5.3792262098487285e-05,0.002661362244446621,0.37854349849470875
PerplexDEW (Davies),isobar,0.03343725,213.23232323232324,0.004247475743641267,5.489541720552293e-05,0.002696973366408995,0.38152116187085944
PerplexDEW (Davies),isobar,0.03343725,214.24242424242425,0.004301850993753445,5.60161927359208e-05,0.0027329260295716803,0.384514786447824
PerplexDEW (Davies),isobar,0.03343725,215.25252525252526,0.004356726002216135,5.7154721835016424e-05,0.002769219689422826,0.3875242377948975
PerplexDEW (Davies),isobar,0.03343725,216.26262626262627,0.004412101984982868,5.831116643269818e-05,0.002805855160406355,0.39054947368869347
PerplexDEW (Davies),isobar,0.03343725,217.27272727272728,0.00446798009133903,5.948568706633115e-05,0.0028428332081539102,0.3935904496953106
PerplexDEW (Davies),isobar,0.03343725,218.2828282828283,0.004524361402280448,6.067844278643485e-05,0.0028801545482919745,0.3966471191358842
PerplexDEW (Davies),isobar,0.03343725,219.2929292929293,0.004581244509235074,6.188955532382272e-05,0.002917818260254046,0.3997193307541643
PerplexDEW (Davies),isobar,0.03343725,220.3030303030303,0.004638631462737395,6.311919613430113e-05,0.002955825680938176,0.4028070814682296
PerplexDEW (Davies),isobar,0.03343725,221.31313131313132,0.004696521817603942,6.43674990603796e-05,0.00299417650659186,0.40591026348051906
PerplexDEW (Davies),isobar,0.03343725,222.32323232323233,0.004754916240597189,6.56346133814728e-05,0.0030328711552741598,0.40902881708859606
PerplexDEW (Davies),isobar,0.03343725,223.33333333333334,0.004813814027778438,6.692066658354234e-05,0.0030719091386163418,0.4121626265279713
PerplexDEW (Davies),isobar,0.03343725,224.34343434343435,0.004873215621053159,6.822580218181615e-05,0.003111290713013378,0.415311625187499
PerplexDEW (Davies),isobar,0.03343725,225.35353535353536,0.00493312004414517,6.955014064687823e-05,0.0031510151956359754,0.4184756890293161
PerplexDEW (Davies),isobar,0.03343725,226.36363636363637,0.004993527501458871,7.089381909442771e-05,0.003191082672033165,0.42165474425020316
PerplexDEW (Davies),isobar,0.03343725,227.37373737373738,0.005054438106234524,7.225697194908153e-05,0.003231493161080258,0.4248487142972601
PerplexDEW (Davies),isobar,0.03343725,228.3838383838384,0.00511585048061807,7.363970864014514e-05,0.0032722456920202094,0.4280574631030335
PerplexDEW (Davies),isobar,0.03343725,229.3939393939394,0.005177763062049168,7.504213353210591e-05,0.0033133391629152848,0.43128084914436876
PerplexDEW (Davies),isobar,0.03343725,230.40404040404042,0.005240175541244469,7.646436894148377e-05,0.003354773289504861,0.43451878336669597
PerplexDEW (Davies),isobar,0.03343725,231.41414141414143,0.005303087506024533,7.790653385220792e-05,0.003396547712304224,0.4377711737047539
PerplexDEW (Davies),isobar,0.03343725,232.42424242424244,0.005366496949722699,7.936871940448004e-05,0.0034386610105643046,0.441037865646443
PerplexDEW (Davies),isobar,0.03343725,233.43434343434345,0.005430401663840978,8.08510108224846e-05,0.003481111619946325,0.4443186988327966
PerplexDEW (Davies),isobar,0.03343725,234.44444444444446,0.005494799232632681,8.235348715411208e-05,0.003523897828605867,0.4476135069326772
PerplexDEW (Davies),isobar,0.03343725,235.45454545454547,0.005559690150617388,8.387627329037519e-05,0.003567019841490964,0.4509222404637003
PerplexDEW (Davies),isobar,0.03343725,236.46464646464648,0.005625071718963098,8.541943880205879e-05,0.0036104757418714394,0.4542447250276068
PerplexDEW (Davies),isobar,0.03343725,237.4747474747475,0.005690939407641713,8.698301903079981e-05,0.0036542623878194434,0.4575807170582582
PerplexDEW (Davies),isobar,0.03343725,238.4848484848485,0.00575729326914689,8.856712370008946e-05,0.0036983796643004496,0.460930154575638
PerplexDEW (Davies),isobar,0.03343725,239.49494949494948,0.005824128341202287,9.01717742304955e-05,0.003742824120637693,0.46429278180131095
PerplexDEW (Davies),isobar,0.03343725,240.50505050505052,0.005891442698577915,9.179704042433776e-05,0.003787594309654354,0.46766846357978037
PerplexDEW (Davies),isobar,0.03343725,241.5151515151515,0.0059592342782154245,9.344298678058233e-05,0.003832688683498342,0.47105706095371574
PerplexDEW (Davies),isobar,0.03343725,242.52525252525254,0.006027499135218201,9.510964160928918e-05,0.0038781044332691023,0.474458364482489
PerplexDEW (Davies),isobar,0.03343725,243.53535353535352,0.0060962295360348865,9.679696190434783e-05,0.003923836215921793,0.47787202293829334
PerplexDEW (Davies),isobar,0.03343725,244.54545454545456,0.006165428046207657,9.850508292564883e-05,0.003969885530097276,0.4812980807608066
PerplexDEW (Davies),isobar,0.03343725,245.55555555555554,0.0062350846408453005,0.00010023391227567173,0.004016245481976363,0.48473610486117036
PerplexDEW (Davies),isobar,0.03343725,246.56565656565658,0.0063051979513773,0.00010198350738688266,0.0040629149289185575,0.48818599404333873
PerplexDEW (Davies),isobar,0.03343725,247.57575757575756,0.006375762797324676,0.00010375385313495084,0.004109890177279315,0.49164750477296415
PerplexDEW (Davies),isobar,0.03343725,248.5858585858586,0.006446771807083389,0.0001055448891586538,0.004157166057009561,0.4951203171804892
PerplexDEW (Davies),isobar,0.03343725,249.59595959595958,0.006518221082105841,0.00010735661341736613,0.004204739701729154,0.4986042365910624
PerplexDEW (Davies),isobar,0.03343725,250.60606060606062,0.00659010654586841,0.00010918901623091052,0.004252608115197572,0.5020990712926114
PerplexDEW (Davies),isobar,0.03343725,251.6161616161616,0.006662419942576448,0.00011104200486397661,0.004300765494561704,0.5056044719049189
PerplexDEW (Davies),isobar,0.03343725,252.62626262626264,0.0067351525878610995,0.00011291547176688238,0.004349205732664404,0.5091200882339009
PerplexDEW (Davies),isobar,0.03343725,253.63636363636363,,,,
PerplexDEW (Davies),isobar,0.03343725,254.64646464646466,,,,
PerplexDEW (Davies),isobar,0.03343725,255.65656565656565,,,,
PerplexDEW (Davies),isobar,0.03343725,256.6666666666667,,,,
PerplexDEW (Davies),isobar,0.03343725,257.67676767676767,,,,
PerplexDEW (Davies),isobar,0.03343725,258.6868686868687,,,,
PerplexDEW (Davies),isobar,0.03343725,259.6969696969697,,,,
PerplexDEW (Davies),isobar,0.03343725,260.7070707070707,0.007331275960406814,0.00012862941938118427,0.004746314048057046,0.5375784078562538
PerplexDEW (Davies),isobar,0.03343725,261.7171717171717,0.007407440986480036,0.0001306822160598278,0.0047970560084361034,0.5411721687108575
PerplexDEW (Davies),isobar,0.03343725,262.72727272727275,0.007483937241733638,0.0001327540127429408,0.004848018062833485,0.5447727036710186
PerplexDEW (Davies),isobar,0.03343725,263.73737373737373,0.007560753973706596,0.000134844579684889,0.004899192528053143,0.5483796185514926
PerplexDEW (Davies),isobar,0.03343725,264.74747474747477,0.0076378775949179105,0.0001369536202804467,0.004950569792617971,0.5519924226660982
PerplexDEW (Davies),isobar,0.03343725,265.75757575757575,0.007715298891696143,0.00013908091815248381,0.0050021431723903526,0.5556107839752991
PerplexDEW (Davies),isobar,0.03343725,266.7676767676768,0.007793003366995301,0.00014122613908794363,0.005053902404196318,0.5592341873963774
PerplexDEW (Davies),isobar,0.03343725,267.77777777777777,0.007870973405017677,0.00014338887276264448,0.0051058350976423495,0.5628620133426187
PerplexDEW (Davies),isobar,0.03343725,268.7878787878788,0.007949195802429768,0.00014556878935049938,0.005157931815921247,0.5664938019549457
PerplexDEW (Davies),isobar,0.03343725,269.7979797979798,0.008027656899954829,0.00014776553917388426,0.005210182794721017,0.5701290811501472
PerplexDEW (Davies),isobar,0.03343725,270.80808080808083,0.008106342573604198,0.00014997875216686072,0.005262577935901064,0.5737673663708744
PerplexDEW (Davies),isobar,0.03343725,271.8181818181818,0.008185230145962969,0.0001522078636971017,0.005315101336109508,0.5774078809927969
PerplexDEW (Davies),isobar,0.03343725,272.82828282828285,0.008264301448084408,0.0001544523911753,0.005367740111612944,0.5810500107399876
PerplexDEW (Davies),isobar,0.03343725,273.83838383838383,0.00834354319630446,0.00015671194528449204,0.005420484661856455,0.5846933140384716
PerplexDEW (Davies),isobar,0.03343725,274.8484848484849,0.008422927689266006,0.00015898581056351783,0.005473315602382303,0.5883368578225994
PerplexDEW (Davies),isobar,0.03343725,275.85858585858585,0.008502443177263444,0.0001612736047344024,0.005526224323521848,0.5919802621935975
PerplexDEW (Davies),isobar,0.03343725,276.8686868686869,0.0085820603261952,0.00016357454599248727,0.0055791902777946045,0.595622549556543
PerplexDEW (Davies),isobar,0.03343725,277.8787878787879,0.008661760338119086,0.00016588806830287705,0.005632200028430295,0.599263108383588
PerplexDEW (Davies),isobar,0.03343725,278.8888888888889,0.008741514907290306,0.0001682133786644779,0.005685233662841571,0.6029010086014833
PerplexDEW (Davies),isobar,0.03343725,279.8989898989899,0.008821306731817415,0.00017054991380313343,0.005738278706641843,0.6065356989662423
PerplexDEW (Davies),isobar,0.03343725,280.90909090909093,0.008901099684455576,0.00017289666994154025,0.00579130987627768,0.6101659961503693
PerplexDEW (Davies),isobar,0.03343725,281.9191919191919,0.00898087482543976,0.00017525301306519516,0.005844313528165177,0.613791303671936
PerplexDEW (Davies),isobar,0.03343725,282.92929292929296,0.009060600141460448,0.00017761799482704052,0.005897267108293696,0.617410589062442
PerplexDEW (Davies),isobar,0.03343725,283.93939393939394,0.009140236039413552,0.00017999047064745803,0.005950142869845626,0.6210225728957661
PerplexDEW (Davies),isobar,0.03343725,284.949494949495,0.009219760845043093,0.0001823696878827152,0.006002925218795236,0.6246265824356357
PerplexDEW (Davies),isobar,0.03343725,285.95959595959596,0.009299139214862598,0.00018475455871260664,0.006055589231736894,0.6282214921513638
PerplexDEW (Davies),isobar,0.03343725,286.969696969697,0.009378334557834206,0.0001871439432359406,0.006108109098451961,0.6318061413934242
PerplexDEW (Davies),isobar,0.03343725,287.979797979798,0.009457302231406506,0.00018953648748497954,0.0061604534834928575,0.6353791088691285
PerplexDEW (Davies),isobar,0.03343725,288.98989898989896,0.00953600965556159,0.00019193109706234484,0.006212599231256295,0.6389393801756875
PerplexDEW (Davies),isobar,0.03343725,290.0,0.009614416334842927,0.00019432646682035305,0.006264517756291289,0.6424856835979956
PerplexDEW (Davies),isobar,0.0335,190.0,0.003131770033924805,3.363878131691761e-05,0.0019620887896717055,0.31713537595004804
PerplexDEW (Davies),isobar,0.0335,191.010101010101,0.003175057944974238,3.439725104412559e-05,0.0019904813347696644,0.3197548567056743
PerplexDEW (Davies),isobar,0.0335,192.02020202020202,0.003218805827794289,3.5169578334971426e-05,0.002019187152482885,0.3223907861672465
PerplexDEW (Davies),isobar,0.0335,193.03030303030303,0.003263015469200735,3.5955929783896804e-05,0.0020482075301071815,0.32504313379568095
PerplexDEW (Davies),isobar,0.0335,194.04040404040404,0.003307690171150895,3.675649046730662e-05,0.0020775447238850337,0.3277119430231108
PerplexDEW (Davies),isobar,0.0335,195.05050505050505,0.003352831637533367,3.757142734842072e-05,0.002107199961292563,0.33039718009145447
PerplexDEW (Davies),isobar,0.0335,196.06060606060606,0.003398441487390491,3.840090672943085e-05,0.002137174410759981,0.33309880807125053
PerplexDEW (Davies),isobar,0.0335,197.07070707070707,0.003444523771655836,3.924512496679533e-05,0.0021674708026158712,0.33581690589469104
PerplexDEW (Davies),isobar,0.0335,198.08080808080808,0.0034910792050961413,4.010423859501109e-05,0.0021980897168996294,0.33855139404505313
PerplexDEW (Davies),isobar,0.0335,199.0909090909091,0.003538110091341372,4.097842379803109e-05,0.0022290327522556607,0.34130226909412636
PerplexDEW (Davies),isobar,0.0335,200.1010101010101,0.0035856186979822866,4.1867856847525445e-05,0.002260301480843423,0.3440695260821401
PerplexDEW (Davies),isobar,0.0335,201.11111111111111,0.0036336063566974825,4.2772702652184175e-05,0.0022918968667175396,0.3468531169158847
PerplexDEW (Davies),isobar,0.0335,202.12121212121212,0.003682076127699834,4.3693148286941133e-05,0.002323820986606276,0.34965307410777613
PerplexDEW (Davies),isobar,0.0335,203.13131313131314,0.0037310301626873265,4.4629369915788446e-05,0.00235607532751699,0.3524693879315215
PerplexDEW (Davies),isobar,0.0335,204.14141414141415,0.003780468682346442,4.558151894839051e-05,0.0023886601220955836,0.355301960946022
PerplexDEW (Davies),isobar,0.0335,205.15151515151516,0.0038303946209440037,4.65497819003009e-05,0.0024215773546049906,0.35815082067031817
PerplexDEW (Davies),isobar,0.0335,206.16161616161617,0.0038808089769015145,4.753432033221715e-05,0.002454827751457641,0.3610159067977336
PerplexDEW (Davies),isobar,0.0335,207.17171717171718,0.003931713630574322,4.853530736099573e-05,0.002488412605800911,0.3638971997798609
PerplexDEW (Davies),isobar,0.0335,208.1818181818182,0.003983110413506934,4.9552915596538375e-05,0.0025223331749850485,0.3667946782515743
PerplexDEW (Davies),isobar,0.0335,209.1919191919192,0.004035000080015338,5.0587303111572926e-05,0.002556590011731341,0.369708273411771
PerplexDEW (Davies),isobar,0.0335,210.2020202020202,0.004087385352717196,5.163865453072261e-05,0.002591184943305084,0.3726380047078692
PerplexDEW (Davies),isobar,0.0335,211.21212121212122,0.004140265784636053,5.2707111128841056e-05,0.0026261177304707567,0.3755837518259473
PerplexDEW (Davies),isobar,0.0335,212.22222222222223,0.004193643970910085,5.3792855539768074e-05,0.0026613901079655953,0.37854552977102546
PerplexDEW (Davies),isobar,0.0335,213.23232323232324,0.004247520325224296,5.489604007989532e-05,0.0026970023851732444,0.38152325821631616
PerplexDEW (Davies),isobar,0.0335,214.24242424242425,0.0043018962450340386,5.601683030350237e-05,0.0027329555067090276,0.3845169008799934
PerplexDEW (Davies),isobar,0.0335,215.25252525252526,0.00435677306586166,5.7155390604900384e-05,0.0027692503718185144,0.3875264193748174
PerplexDEW (Davies),isobar,0.0335,216.26262626262627,0.004412149755312129,5.831185092064156e-05,0.002805886326991857,0.39055167434714894
PerplexDEW (Davies),isobar,0.0335,217.27272727272728,0.004468028577942521,5.948638760025771e-05,0.002842864865776288,0.39359266965557255
PerplexDEW (Davies),isobar,0.0335,218.2828282828283,0.004524410614858196,6.067915970012425e-05,0.0028801867038797434,0.3966493586236554
PerplexDEW (Davies),isobar,0.0335,219.2929292929293,0.004581294457607759,6.18902889571134e-05,0.002917850920823702,0.39972158999838164
PerplexDEW (Davies),isobar,0.0335,220.3030303030303,0.004638683386395304,6.311996514079445e-05,0.002955859659585198,0.4028094124398569
PerplexDEW (Davies),isobar,0.0335,221.31313131313132,0.004696574517062486,6.436828593334328e-05,0.0029942110182135896,0.40591261527200917
PerplexDEW (Davies),isobar,0.0335,222.32323232323233,0.004754969726300825,6.563541848871667e-05,0.0030329062073402354,0.40903118994341187
PerplexDEW (Davies),isobar,0.0335,223.33333333333334,0.004813868310295305,6.692149029939037e-05,0.0030719447386872894,0.41216502069265565
PerplexDEW (Davies),isobar,0.0335,224.34343434343435,0.004873272022478064,6.82266650501065e-05,0.0031113277308149755,0.4153140950858151
PerplexDEW (Davies),isobar,0.0335,225.35353535353536,0.004933177285073955,6.955102338103174e-05,0.003151052791370464,0.4184781813655757
PerplexDEW (Davies),isobar,0.0335,226.36363636363637,0.004993586947210211,7.089474325014837e-05,0.0031911217451108115,0.42165731472098616
PerplexDEW (Davies),isobar,0.0335,227.37373737373738,0.005054498435870957,7.225791729675805e-05,0.003231532843236727,0.4248513083747722
PerplexDEW (Davies),isobar,0.0335,228.3838383838384,0.005115911705935919,7.364067560934202e-05,0.0032722859917065444,0.4280600810635079
PerplexDEW (Davies),isobar,0.0335,229.3939393939394,0.005177826615359073,7.504314527274333e-05,0.003313381025606601,0.43128354864606955
PerplexDEW (Davies),isobar,0.0335,230.40404040404042,0.005240240036953533,7.646540372780017e-05,0.0033548158025563262,0.4345215079774202
PerplexDEW (Davies),isobar,0.0335,231.41414141414143,0.005303152956648417,7.790759214758365e-05,0.00339659088468978,0.4377739237183322
PerplexDEW (Davies),isobar,0.0335,232.42424242424244,0.005366563367921275,7.936980168024822e-05,0.0034387048513638326,0.44104064136055704
PerplexDEW (Davies),isobar,0.0335,233.43434343434345,0.005430469062419475,8.085211755802467e-05,0.0034811561383465777,0.44432150054905367
PerplexDEW (Davies),isobar,0.0335,234.44444444444446,0.005494870698879081,8.235466992018824e-05,0.0035239450686050163,0.44761645649956955
PerplexDEW (Davies),isobar,0.0335,235.45454545454547,0.005559761110451333,8.387745655914135e-05,0.0035670667772123524,0.4509251565777552
PerplexDEW (Davies),isobar,0.0335,236.46464646464648,0.005625145309301791,8.542067538823266e-05,0.0036105244515732375,0.45424773096514637
PerplexDEW (Davies),isobar,0.0335,237.4747474747475,0.005691014081049616,8.69842833290594e-05,0.0036543118474668445,0.4575837516793036
PerplexDEW (Davies),isobar,0.0335,238.4848484848485,0.005757369039838788,8.856841625690955e-05,0.003698429884103187,0.46093321821713135
PerplexDEW (Davies),isobar,0.0335,239.49494949494948,0.005824206885810061,9.017312427605617e-05,0.003742876214635299,0.4642959391709518
PerplexDEW (Davies),isobar,0.0335,240.50505050505052,0.005891524083745308,9.179844985429449e-05,0.0037876483243192817,0.4676717165118967
PerplexDEW (Davies),isobar,0.0335,241.5151515151515,0.005959316857092153,9.344442752138104e-05,0.003832743526190095,0.47106034544987835
PerplexDEW (Davies),isobar,0.0335,242.52525252525254,0.006027582923375153,9.511111427175732e-05,0.0038781601151806626,0.4744616809149205
PerplexDEW (Davies),isobar,0.0335,243.53535353535352,0.006096316317845307,9.679849852749434e-05,0.003923893925681762,0.477875439079919
PerplexDEW (Davies),isobar,0.0335,244.54545454545456,0.006165514300344816,9.850662130430592e-05,0.003969942924542445,0.4813014622037173
PerplexDEW (Davies),isobar,0.0335,245.55555555555554,0.006235175799989271,0.00010023555021646452,0.0040163061813102054,0.48473965731268465
PerplexDEW (Davies),isobar,0.0335,246.56565656565658,0.0063052885880837935,0.00010198514766985217,0.004062975317434659,0.4881895118059626
PerplexDEW (Davies),isobar,0.0335,247.57575757575756,0.006375856633246202,0.00010375556369849164,0.004109952737840742,0.4916511277829772
PerplexDEW (Davies),isobar,0.0335,248.5858585858586,0.0064468689172466264,0.00010554667224987614,0.004157230842116829,0.4951240474844123
PerplexDEW (Davies),isobar,0.0335,249.59595959595958,0.006518321542875557,0.00010735847134026299,0.004204806764846003,0.49860807626853787
PerplexDEW (Davies),isobar,0.0335,250.60606060606062,0.0065902064968542,0.00010919087780048352,0.004252674878090111,0.502102876364684
PerplexDEW (Davies),isobar,0.0335,251.6161616161616,0.00666252134138347,0.000111043906795391,0.004300833266077619,0.505608315030204
PerplexDEW (Davies),isobar,0.0335,252.62626262626264,0.00673525748286858,0.00011291745326723408,0.004349275884729041,0.5091240446177829
PerplexDEW (Davies),isobar,0.0335,253.63636363636363,,,,
PerplexDEW (Davies),isobar,0.0335,254.64646464646466,,,,
PerplexDEW (Davies),isobar,0.0335,255.65656565656565,,,,
PerplexDEW (Davies),isobar,0.0335,256.6666666666667,,,,
PerplexDEW (Davies),isobar,0.0335,257.67676767676767,,,,
PerplexDEW (Davies),isobar,0.0335,258.6868686868687,,,,
PerplexDEW (Davies),isobar,0.0335,259.6969696969697,,,,
PerplexDEW (Davies),isobar,0.0335,260.7070707070707,0.0073314049844667726,0.0001286319951851343,0.0047464007515765575,0.5375831065514848
PerplexDEW (Davies),isobar,0.0335,261.7171717171717,0.007407569535062953,0.00013068479961748662,0.004797142441044433,0.5411768330939651
PerplexDEW (Davies),isobar,0.0335,262.72727272727275,0.007484069985919254,0.0001327566986481247,0.0048481073681552345,0.5447775001853361
PerplexDEW (Davies),isobar,0.0335,263.73737373737373,0.007560891007078393,0.00013484737100955235,0.004899284771939602,0.5483845497377958
PerplexDEW (Davies),isobar,0.0335,264.74747474747477,0.007638019012661702,0.00013695652016931879,0.004950665042071391,0.5519974911099053
PerplexDEW (Davies),isobar,0.0335,265.75757575757575,0.0077154447905909505,0.00013908392982386536,0.0050022414955603264,0.5556159923057151
PerplexDEW (Davies),isobar,0.0335,266.7676767676768,0.007793151342720883,0.0001412292137517678,0.00505400218206687,0.5592394504256265
PerplexDEW (Davies),isobar,0.0335,267.77777777777777,0.007871126023247205,0.0001433920647557458,0.005105938063102393,0.5628674206344177
PerplexDEW (Davies),isobar,0.0335,268.7878787878788,0.007949353164438754,0.00014557210210013163,0.005158038040348328,0.5664993562684336
PerplexDEW (Davies),isobar,0.0335,269.7979797979798,0.008027816493074822,0.00014776892068885884,0.005210290583399014,0.5701346943188603
PerplexDEW (Davies),isobar,0.0335,270.80808080808083,0.008106504425300247,0.00014998220367320208,0.0052626873086071314,0.5737730391262938
PerplexDEW (Davies),isobar,0.0335,271.8181818181818,0.008185394283985972,0.00015221138643817166,0.005315212312823807,0.577413614080482
PerplexDEW (Davies),isobar,0.0335,272.82828282828285,0.00826447336614724,0.00015445610461247138,0.005367856411254838,0.5810559933184036
PerplexDEW (Davies),isobar,0.0335,273.83838383838383,0.008343717537074627,0.00015671573498303763,0.0054206026621374725,0.5846993606789963
PerplexDEW (Davies),isobar,0.0335,274.8484848484849,0.008423107295772808,0.00015898973947520558,0.0054734372304399,0.588343065755615
PerplexDEW (Davies),isobar,0.0335,275.85858585858585,0.008502628161415752,0.0001612776767947617,0.005526349658359288,0.59198663450026
PerplexDEW (Davies),isobar,0.0335,276.8686868686869,0.008582247905585256,0.00016357870100848276,0.005579317435885363,0.59562899068393
PerplexDEW (Davies),isobar,0.0335,277.8787878787879,0.008661956420608664,0.0001658924388159175,0.005632333019063365,0.5992698189173978
PerplexDEW (Davies),isobar,0.0335,278.8888888888889,0.008741719695018394,0.00016821797156974753,0.005685372628389735,0.6029079941336289
PerplexDEW (Davies),isobar,0.0335,279.8989898989899,0.008821514382200456,0.00017055459956555292,0.005738419684747443,0.6065427607582863
PerplexDEW (Davies),isobar,0.0335,280.90909090909093,0.008901316367255229,0.0001729015895565351,0.005791457060058839,0.6101733420331503
PerplexDEW (Davies),isobar,0.0335,281.9191919191919,0.00898109452813947,0.00017525803159812746,0.00584446283602888,0.6137987302476222
PerplexDEW (Davies),isobar,0.0335,282.92929292929296,0.009060822899948785,0.0001776231139538873,0.005897418566004339,0.6174180973856688
PerplexDEW (Davies),isobar,0.0335,283.93939393939394,0.009140468293964898,0.00017999584021419175,0.005950300860516687,0.6210303783007733
PerplexDEW (Davies),isobar,0.0335,284.949494949495,0.00922000281551449,0.00018237531563400697,0.006003089897449753,0.6246346910888375
PerplexDEW (Davies),isobar,0.0335,285.95959595959596,0.009299384536126295,0.00018476029833502358,0.006055756269156451,0.6282296909799037
PerplexDEW (Davies),isobar,0.0335,286.969696969697,0.009378583269103936,0.0001871497965856616,0.006108278522733726,0.6318144316029964
PerplexDEW (Davies),isobar,0.0335,287.979797979798,0.009457567927365617,0.00018954277747955058,0.006160634562293185,0.635387940901937
PerplexDEW (Davies),isobar,0.0335,288.98989898989896,0.009536279013194359,0.00019193751100346132,0.006212782888968813,0.6389483114263537
PerplexDEW (Davies),isobar,0.0335,290.0,0.009614689396435915,0.00019433300672869286,0.006264704023156654,0.6424947154182838
PerplexDEW (Davies),isobar,0.0517,213.0,0.004247926494541479,5.481980831017223e-05,0.002697138611068079,0.3814426125334038
PerplexDEW (Davies),isobar,0.0517,214.010101010101,0.0043024571824472994,5.594184766758699e-05,0.0027331954428274447,0.3844411407237414
PerplexDEW (Davies),isobar,0.0517,215.02020202020202,0.00435749363034375,5.708176234632116e-05,0.0027695974180512372,0.3874556924195742
PerplexDEW (Davies),isobar,0.0517,216.03030303030303,0.00441303721010568,5.823971916808904e-05,0.002806345461540236,0.390486228862187
PerplexDEW (Davies),isobar,0.0517,217.04040404040404,0.004469089229985326,5.941588370239087e-05,0.0028434404515249945,0.39353270986310235
PerplexDEW (Davies),isobar,0.0517,218.05050505050505,0.004525650933082612,6.061042017572016e-05,0.002880883218502345,0.3965950930639561
PerplexDEW (Davies),isobar,0.0517,219.06060606060606,0.004582722291804537,6.182347362856357e-05,0.0029186737555273595,0.39967328299950566
PerplexDEW (Davies),isobar,0.0517,220.07070707070707,0.004640303131581351,6.305518582235665e-05,0.002956811951773731,0.40276717961684516
PerplexDEW (Davies),isobar,0.0517,221.08080808080808,0.004698395613498466,6.430573231390993e-05,0.0029952992205915093,0.40587678234398655
PerplexDEW (Davies),isobar,0.0517,222.0909090909091,0.0047569993769510655,6.557525046205779e-05,0.0030341353168305755,0.40900198525260123
PerplexDEW (Davies),isobar,0.0517,223.1010101010101,0.004816115188492443,6.686389342745604e-05,0.0030733207276618414,0.4121427308930764
PerplexDEW (Davies),isobar,0.0517,224.11111111111111,0.004875742431094114,6.817179228566665e-05,0.0031128550249711192,0.41529890544527387
PerplexDEW (Davies),isobar,0.0517,225.12121212121212,0.004935881649190939,6.949909452133142e-05,0.0031527385362111952,0.418470444633317
PerplexDEW (Davies),isobar,0.0517,226.13131313131314,0.0049965319558152145,7.084592427002239e-05,0.0031929706405072447,0.42165722644218717
PerplexDEW (Davies),isobar,0.0517,227.14141414141415,0.005057693660712956,7.221242270765387e-05,0.003233551496466222,0.4248591794894987
PerplexDEW (Davies),isobar,0.0517,228.15151515151516,0.005119366984190984,7.359872837663851e-05,0.003274481197251547,0.428076229691405
PerplexDEW (Davies),isobar,0.0517,229.16161616161617,0.005181549228261539,7.500493193564208e-05,0.0033157579046683688,0.43130818604123455
PerplexDEW (Davies),isobar,0.0517,230.17171717171718,0.005244241729010118,7.643118616139549e-05,0.0033573824312354943,0.4345550227283757
PerplexDEW (Davies),isobar,0.0517,231.1818181818182,0.00530744435616884,7.787761923873604e-05,0.0033993546165690764,0.437816655276305
PerplexDEW (Davies),isobar,0.0517,232.1919191919192,0.005371152433592869,7.934428349993723e-05,0.003441671288971859,0.44109281902992514
PerplexDEW (Davies),isobar,0.0517,233.2020202020202,0.005435368430146529,8.083134500712897e-05,0.0034843339869412254,0.44438353705044675
PerplexDEW (Davies),isobar,0.0517,234.21212121212122,0.005500088777934143,8.233886931955243e-05,0.0035273402518097904,0.44768859293591146
PerplexDEW (Davies),isobar,0.0517,235.22222222222223,0.005565312715746987,8.386696547850789e-05,0.0035706894706991057,0.45100788392664787
PerplexDEW (Davies),isobar,0.0517,236.23232323232324,0.005631039368872261,8.541573855270944e-05,0.0036143809477425367,0.4543413040284813
PerplexDEW (Davies),isobar,0.0517,237.24242424242425,0.00569726454020914,8.698523507771742e-05,0.003658411776244513,0.45768861881529393
PerplexDEW (Davies),isobar,0.0517,238.25252525252526,0.0057639869699752985,8.857554791771142e-05,0.0037027809848819023,0.46104971135000095
PerplexDEW (Davies),isobar,0.0517,239.26262626262627,0.005831205274012721,9.018676535623846e-05,0.0037474875114274658,0.4644244612159407
PerplexDEW (Davies),isobar,0.0517,240.27272727272728,0.005898917941430939,9.181897093588813e-05,0.0037925302010137635,0.46781274446516785
PerplexDEW (Davies),isobar,0.0517,241.2828282828283,0.00596711821323434,9.347215381815948e-05,0.003837904401484271,0.4712142370326087
PerplexDEW (Davies),isobar,0.0517,242.2929292929293,0.0060358058111823,9.514641189113646e-05,0.003883609754278688,0.47462886721844594
PerplexDEW (Davies),isobar,0.0517,243.3030303030303,0.00610497690467647,9.684177793261019e-05,0.0039296435301718335,0.478056428471648
PerplexDEW (Davies),isobar,0.0517,244.31313131313132,0.0061746292002233605,9.855830820829332e-05,0.0039760040116176825,0.48149677510311867
PerplexDEW (Davies),isobar,0.0517,245.32323232323233,0.006244756628708962,0.00010029598781383338,0.004022686955548414,0.48494962029055716
PerplexDEW (Davies),isobar,0.0517,246.33333333333334,0.006315356434397798,0.00010205485667448293,0.004069690312938548,0.4884148056192753
PerplexDEW (Davies),isobar,0.0517,247.34343434343435,0.006386423834683646,0.00010383491415782,0.004117010672530361,0.4918920983095003
PerplexDEW (Davies),isobar,0.0517,248.35353535353536,0.006457955674072617,0.00010563618489302868,0.004164645696432976,0.4953813318616332
PerplexDEW (Davies),isobar,0.0517,249.36363636363637,0.006529942844856001,0.00010745857943770463,0.004212589060193684,0.4988821117268897
PerplexDEW (Davies),isobar,0.0517,250.37373737373738,0.0066023855148540115,0.00010930217430869228,0.0042608406200475525,0.5023944003437342
PerplexDEW (Davies),isobar,0.0517,251.3838383838384,0.00667527396944352,0.00011116685823017128,0.004309393617819638,0.5059177921672946
PerplexDEW (Davies),isobar,0.0517,252.3939393939394,0.006748606034354997,0.00011305265509220185,0.004358246321647426,0.5094521639670391
PerplexDEW (Davies),isobar,0.0517,253.40404040404042,,,,
PerplexDEW (Davies),isobar,0.0517,254.41414141414143,,,,
PerplexDEW (Davies),isobar,0.0517,255.42424242424244,,,,
PerplexDEW (Davies),isobar,0.0517,256.4343434343434,,,,
PerplexDEW (Davies),isobar,0.0517,257.44444444444446,,,,
PerplexDEW (Davies),isobar,0.0517,258.45454545454544,,,,
PerplexDEW (Davies),isobar,0.0517,259.4646464646465,,,,
PerplexDEW (Davies),isobar,0.0517,260.47474747474746,0.007350321116662996,0.00012769065866178155,0.004171720569852371,0.10215485671637438
PerplexDEW (Davies),isobar,0.0517,261.4848484848485,0.0074272998296034485,0.00013095901286307054,0.004810513408446192,0.5417036239294993
PerplexDEW (Davies),isobar,0.0517,262.4949494949495,0.007504638663034328,0.00013305007014704581,0.004862057412375066,0.5453302785193765
PerplexDEW (Davies),isobar,0.0517,263.5050505050505,0.007582327633319782,0.00013516076208047867,0.004913834504606801,0.5489642098477031
PerplexDEW (Davies),isobar,0.0517,264.5151515151515,0.0076603539488701595,0.00013729082186578683,0.0049658356373374415,0.5526049493435726
PerplexDEW (Davies),isobar,0.0517,265.52525252525254,0.007738714091131226,0.00013944016443531425,0.005018057993655377,0.5562523592699448
PerplexDEW (Davies),isobar,0.0517,266.5353535353535,0.00781738464741555,0.0001416082864433596,0.00507048532965247,0.5599056044925943
PerplexDEW (Davies),isobar,0.0517,267.54545454545456,0.007896361275155625,0.0001437950678991835,0.005123114236628083,0.563564525352994
PerplexDEW (Davies),isobar,0.0517,268.55555555555554,0.007975624260922763,0.00014600005985074418,0.005175930918466578,0.5672284268884591
PerplexDEW (Davies),isobar,0.0517,269.5656565656566,0.008055163415411858,0.00014822300148431333,0.005228927984526618,0.5708969517608468
PerplexDEW (Davies),isobar,0.0517,270.57575757575756,0.008134962972029681,0.00015046350446634745,0.005282094258555886,0.5745695519933394
PerplexDEW (Davies),isobar,0.0517,271.5858585858586,0.008215006554115107,0.00015272115572563413,0.005335418128783623,0.5782456632340879
PerplexDEW (Davies),isobar,0.0517,272.5959595959596,0.008295282599870998,0.00015499563417765497,0.005388891218378155,0.5819248915509219
PerplexDEW (Davies),isobar,0.0517,273.6060606060606,0.008375768192264389,0.00015728636247295245,0.00544249744636343,0.5856064558917331
PerplexDEW (Davies),isobar,0.0517,274.6161616161616,0.008456445044916019,0.00015959284888081028,0.005496223837140827,0.5892897405639878
PerplexDEW (Davies),isobar,0.0517,275.62626262626264,0.008537299886681273,0.00016191469887958046,0.005550060789717157,0.5929743057358798
PerplexDEW (Davies),isobar,0.0517,276.6363636363636,0.008618307570597452,0.00016425124444670617,0.005603990633378138,0.5966593101660773
PerplexDEW (Davies),isobar,0.0517,277.64646464646466,0.00869944777389605,0.0001666019080567801,0.005657998937579123,0.6003440831990905
PerplexDEW (Davies),isobar,0.0517,278.65656565656565,0.00878070539735964,0.00016896621491183344,0.0057120747918057695,0.6040281356493695
PerplexDEW (Davies),isobar,0.0517,279.6666666666667,0.008862052925991579,0.0001713433985494479,0.005766198836386275,0.6077105620549887
PerplexDEW (Davies),isobar,0.0517,280.67676767676767,0.008943467870440432,0.0001737327881726787,0.0058203550923606375,0.6113906329226644
PerplexDEW (Davies),isobar,0.0517,281.6868686868687,0.009024920795686293,0.00017613353870650047,0.005874522833207139,0.6150673904057438
PerplexDEW (Davies),isobar,0.0517,282.6969696969697,0.009106387424850518,0.00017854490406479055,0.005928684805568843,0.6187400561214663
PerplexDEW (Davies),isobar,0.0517,283.7070707070707,0.009187849064189405,0.0001809662505091649,0.005982827527575854,0.6224080427097776
PerplexDEW (Davies),isobar,0.0517,284.7171717171717,0.009269260726972317,0.00018339631938925197,0.006036919600561096,0.6260698897648809
PerplexDEW (Davies),isobar,0.0517,285.72727272727275,0.009350608284552435,0.00018583454561784212,0.006090950588701541,0.6297251727142493
PerplexDEW (Davies),isobar,0.0517,286.73737373737373,0.009431850911100577,0.00018827972494768754,0.006144891854869787,0.63337258263758
PerplexDEW (Davies),isobar,0.0517,287.74747474747477,0.009512952918246826,0.0001907307488739254,0.006198718219338666,0.6370109889689264
PerplexDEW (Davies),isobar,0.0517,288.75757575757575,0.009593884195963858,0.00019318661868387464,0.006252408269595368,0.640639451448072
PerplexDEW (Davies),isobar,0.0517,289.7676767676768,0.009674613733759838,0.0001956462942288481,0.006305939949842342,0.6442570043299625
PerplexDEW (Davies),isobar,0.0517,290.77777777777777,0.009755081467479694,0.00019810801547695867,0.006359271344900176,0.6478617320625679
PerplexDEW (Davies),isobar,0.0517,291.7878787878788,0.00983526761733513,0.0002005709615495968,0.006412387984820913,0.6514530506036742
PerplexDEW (Davies),isobar,0.0517,292.7979797979798,0.009915123296448435,0.0002030335886527378,0.006465255502465669,0.6550294241559187
PerplexDEW (Davies),isobar,0.0517,293.80808080808083,0.009994597831061674,0.0002054942791652622,0.00651783826320461,0.6585892660172015
PerplexDEW (Davies),isobar,0.0517,294.8181818181818,0.010073638722225497,0.0002079513395418312,0.006570099337845364,0.6621309371601333
PerplexDEW (Davies),isobar,0.0517,295.82828282828285,0.010152206691480196,0.0002104033717802239,0.006622010793014716,0.6656532348195805
PerplexDEW (Davies),isobar,0.0517,296.83838383838383,0.010230238457842768,0.00021284835561949752,0.006673528240764599,0.6691541805309473
PerplexDEW (Davies),isobar,0.0517,297.8484848484849,0.010307683896429193,0.00021528456266763947,0.00672461624386431,0.6726322294346472
PerplexDEW (Davies),isobar,0.0517,298.85858585858585,0.010384475620175943,0.0002177097996952414,0.00677522750489234,0.6760852826238721
PerplexDEW (Davies),isobar,0.0517,299.8686868686869,0.010460551776079763,0.0002201219740709842,0.006825318462536542,0.6795114263658341
PerplexDEW (Davies),isobar,0.0517,300.8787878787879,0.010535848466158747,0.00022251890485428574,0.0068748441072129605,0.6829086853753857
PerplexDEW (Davies),isobar,0.0517,301.8888888888889,0.010610283330280445,0.00022489790151789308,0.006923746724879507,0.6862744944984422
PerplexDEW (Davies),isobar,0.0517,302.8989898989899,0.010683779295352852,0.00022725636258203938,0.0069719721650606786,0.6896064643557136
PerplexDEW (Davies),isobar,0.0517,303.90909090909093,0.010756256667474286,0.0002295915750358906,0.0070194644252099415,0.6929021250317241
PerplexDEW (Davies),isobar,0.0517,304.9191919191919,0.010827633085867414,0.0002319007117182357,0.007066165619241864,0.6961589236419545
PerplexDEW (Davies),isobar,0.0517,305.92929292929296,0.010897806184240777,0.00023418037680044632,0.007112004072670829,0.6993736690710346
PerplexDEW (Davies),isobar,0.0517,306.93939393939394,0.010966661139679411,0.00023642679102660558,0.007156899487590542,0.7025427751496824
PerplexDEW (Davies),isobar,0.0517,307.949494949495,0.011034114427427773,0.00023863693916528707,0.007200792997246317,0.70566365575251
PerplexDEW (Davies),isobar,0.0517,308.95959595959596,0.011100026116161779,0.0002408062642752949,0.0072435869251826004,0.7087319231647533
PerplexDEW (Davies),isobar,0.0517,309.969696969697,0.01116426920246324,0.0002429304798284324,0.007285192398015635,0.7117436011290592
PerplexDEW (Davies),isobar,0.0517,310.979797979798,0.011226712247602237,0.00024500511389051954,0.007325517425237694,0.7146945672751129
PerplexDEW (Davies),isobar,0.0517,311.98989898989896,0.011287200575688161,0.00024702500073449764,0.0073644539662353296,0.7175799528596931
PerplexDEW (Davies),isobar,0.0517,313.0,0.011345583447500524,0.000248985002207731,0.007401896615322102,0.7203950041062267
PerplexDEW (Davies),isobar,0.0642,230.0,0.00524599600547328,7.638633484226065e-05,0.003358483824888475,0.43453101070054356
PerplexDEW (Davies),isobar,0.0642,231.010101010101,0.005309382695738502,7.78352539014632e-05,0.0034005812506556514,0.4377984894730826
PerplexDEW (Davies),isobar,0.0642,232.02020202020202,0.0053732830513063155,7.930458908320425e-05,0.0034430288214598254,0.4410807707152849
PerplexDEW (Davies),isobar,0.0642,233.03030303030303,0.0054376952723715925,8.079443983700055e-05,0.0034858252630487166,0.4443777039192004
PerplexDEW (Davies),isobar,0.0642,234.04040404040404,0.005502621932707284,8.230497559549572e-05,0.0035289721854520157,0.447689314628883
PerplexDEW (Davies),isobar,0.0642,235.05050505050505,0.0055680579491389276,8.383623763610647e-05,0.003572466126604089,0.45101532616967765
PerplexDEW (Davies),isobar,0.0642,236.06060606060606,0.005634004130378403,8.538836212304715e-05,0.0036163075128112445,0.4543556969315902
PerplexDEW (Davies),isobar,0.0642,237.07070707070707,0.005700458074747363,8.696142952109858e-05,0.003660494636809824,0.4577102602117044
PerplexDEW (Davies),isobar,0.0642,238.08080808080808,0.005767418788396356,8.85555413790519e-05,0.003705026714798121,0.46107890625473624
PerplexDEW (Davies),isobar,0.0642,239.0909090909091,0.005834881862176331,9.017073821043598e-05,0.0037499006876830325,0.46446139439025025
PerplexDEW (Davies),isobar,0.0642,240.1010101010101,0.005902847581689429,9.180713782508695e-05,0.0037951166012948068,0.46785766824999553
PerplexDEW (Davies),isobar,0.0642,241.11111111111111,0.005971312809152826,9.346479655236641e-05,0.0038406722202919616,0.4712675403673624
PerplexDEW (Davies),isobar,0.0642,242.12121212121212,0.006040272446033757,9.514373273014783e-05,0.003886563993866378,0.47469075071289524
PerplexDEW (Davies),isobar,0.0642,243.13131313131314,0.006109726307567605,9.684404718904356e-05,0.003932791627086932,0.47812722986152567
PerplexDEW (Davies),isobar,0.0642,244.14141414141415,0.006179670616956223,9.856577458151543e-05,0.003979352426766161,0.4815767725701896
PerplexDEW (Davies),isobar,0.0642,245.15151515151516,0.006250101347495334,0.00010030894109584405,0.004026243521215364,0.4850391666794695
PerplexDEW (Davies),isobar,0.0642,246.16161616161617,0.0063210142163518685,0.00010207356413426541,0.0040734618557366955,0.48851419296801796
PerplexDEW (Davies),isobar,0.0642,247.17171717171718,0.006392406543261633,0.00010385968599388081,0.004121005432374107,0.492001697624859
PerplexDEW (Davies),isobar,0.0642,248.1818181818182,0.0064642736003532215,0.00010566730782491968,0.004168870876475586,0.49550144392281276
PerplexDEW (Davies),isobar,0.0642,249.1919191919192,0.0065366103866743575,0.00010749642107282682,0.004217054618079274,0.4990131956634301
PerplexDEW (Davies),isobar,0.0642,250.2020202020202,0.006609413574096448,0.00010934704350000016,0.004265554192193231,0.50253677889014
PerplexDEW (Davies),isobar,0.0642,251.21212121212122,0.006682675703019506,0.00011121911135156319,0.004314364360398078,0.506071868413208
PerplexDEW (Davies),isobar,0.0642,252.22222222222223,0.006756392927284082,0.0001131126229027465,0.004363482285681386,0.5096182761472341
PerplexDEW (Davies),isobar,0.0642,253.23232323232324,0.00683055713685337,0.00011502749093496024,0.004412902265152274,0.5131756598087366
PerplexDEW (Davies),isobar,0.0642,254.24242424242425,,,,
PerplexDEW (Davies),isobar,0.0642,255.25252525252526,,,,
PerplexDEW (Davies),isobar,0.0642,256.26262626262627,,,,
PerplexDEW (Davies),isobar,0.0642,257.27272727272725,,,,
PerplexDEW (Davies),isobar,0.0642,258.2828282828283,,,,
PerplexDEW (Davies),isobar,0.0642,259.2929292929293,,,,
PerplexDEW (Davies),isobar,0.0642,260.3030303030303,,,,
PerplexDEW (Davies),isobar,0.0642,261.3131313131313,0.007439229367420425,0.00013110740172085606,0.0048186077558565795,0.5419985637255779
PerplexDEW (Davies),isobar,0.0642,262.32323232323233,0.007517113710599089,0.00013321072477302906,0.004870528791258184,0.5456421066584536
PerplexDEW (Davies),isobar,0.0642,263.3333333333333,0.007595370920017752,0.00013533431525034143,0.0049226986908270185,0.5492936290522208
PerplexDEW (Davies),isobar,0.0642,264.34343434343435,0.007673984056427413,0.0001374778316071118,0.0049751056339485625,0.5529525108953894
PerplexDEW (Davies),isobar,0.0642,265.35353535353534,0.007752945145866863,0.00013964110527219653,0.0050277438166488565,0.5566184541489834
PerplexDEW (Davies),isobar,0.0642,266.3636363636364,0.007832245959040827,0.00014182395519049448,0.005080607248816572,0.560291154130311
PerplexDEW (Davies),isobar,0.0642,267.37373737373736,0.007911872971098877,0.00014402608226537995,0.005133686352358256,0.5639701235308949
PerplexDEW (Davies),isobar,0.0642,268.3838383838384,0.007991809540683447,0.0001462471115632363,0.0051869694233495234,0.5676547710927164
PerplexDEW (Davies),isobar,0.0642,269.3939393939394,0.00807204867489903,0.00014848686041499896,0.00524045125111827,0.5713448460681312
PerplexDEW (Davies),isobar,0.0642,270.4040404040404,0.008152572723236091,0.00015074491223480136,0.0052941194094821824,0.5750397303274232
PerplexDEW (Davies),isobar,0.0642,271.4141414141414,0.008233363285385958,0.00015302082169600995,0.005347960939105811,0.5787387856200891
PerplexDEW (Davies),isobar,0.0642,272.42424242424244,0.008314414740835285,0.00015531440616563073,0.005401971501906714,0.5824418188835473
PerplexDEW (Davies),isobar,0.0642,273.4343434343434,0.00839570498074661,0.00015762511872859794,0.005456135588496488,0.5861480721195962
PerplexDEW (Davies),isobar,0.0642,274.44444444444446,0.008477222102785158,0.00015995262030922127,0.005510444572279012,0.589857143058418
PerplexDEW (Davies),isobar,0.0642,275.45454545454544,0.008558942559567264,0.0001622963060419889,0.005564881918408813,0.5935682351049889
PerplexDEW (Davies),isobar,0.0642,276.4646464646465,0.008640847559022327,0.00016465566019194326,0.005619434284738916,0.597280720178356
PerplexDEW (Davies),isobar,0.0642,277.47474747474746,0.008722923457396663,0.00016703026812878058,0.005674091797164273,0.6009941493922458
PerplexDEW (Davies),isobar,0.0642,278.4848484848485,0.008805150345514831,0.00016941956410893364,0.005728840311930908,0.6047078647189236
PerplexDEW (Davies),isobar,0.0642,279.4949494949495,0.008887501616866316,0.00017182281720356157,0.005783661112326831,0.6084209872007701
PerplexDEW (Davies),isobar,0.0642,280.5050505050505,0.008969955686286446,0.00017423939244155435,0.0058385388598629325,0.6121328135230887
PerplexDEW (Davies),isobar,0.0642,281.5151515151515,0.009052496403090877,0.00017666876366624498,0.005893461884114109,0.6158428272174095
PerplexDEW (Davies),isobar,0.0642,282.52525252525254,0.009135088441550941,0.00017910995232156535,0.005948405456446967,0.6195498734717535
PerplexDEW (Davies),isobar,0.0642,283.5353535353535,0.00921771404589274,0.00018156236280218035,0.0060033567599841985,0.623253392164633
PerplexDEW (Davies),isobar,0.0642,284.54545454545456,0.00930034859597729,0.0001840252268965293,0.0060582982864338724,0.6269525974311821
PerplexDEW (Davies),isobar,0.0642,285.55555555555554,0.009382960142952245,0.0001864975881871358,0.006113207509544319,0.630646464926474
PerplexDEW (Davies),isobar,0.0642,286.5656565656566,0.00946551555397145,0.0001889784414350133,0.006168061060915107,0.6343339377968695
PerplexDEW (Davies),isobar,0.0642,287.57575757575756,0.009547987205679804,0.00019146689003913107,0.006222839291677786,0.638014147609867
PerplexDEW (Davies),isobar,0.0642,288.5858585858586,0.00963034661939634,0.00019396199846103947,0.006277521941564529,0.6416862021657885
PerplexDEW (Davies),isobar,0.0642,289.5959595959596,0.009712550622257865,0.00019646246057100625,0.0063320786968799735,0.6453487309060464
PerplexDEW (Davies),isobar,0.0642,290.6060606060606,0.009794575402335708,0.00019896740893559698,0.0063864924137135275,0.6490010060787441
PerplexDEW (Davies),isobar,0.0642,291.6161616161616,0.009876368194901855,0.00020147525903217912,0.006440726157013932,0.6526413552598042
PerplexDEW (Davies),isobar,0.0642,292.62626262626264,0.009957902944934179,0.0002039850440044446,0.006494761184447422,0.6562689874525034
PerplexDEW (Davies),isobar,0.0642,293.6363636363636,0.010039123804810547,0.00020649505018621538,0.006548558371032699,0.6598821434892892
PerplexDEW (Davies),isobar,0.0642,294.64646464646466,0.010120002378109567,0.00020900420561561635,0.006602097306492822,0.6634799655223065
PerplexDEW (Davies),isobar,0.0642,295.65656565656565,0.010200487132699063,0.00021151084689588053,0.006655341733898541,0.6670608469937811
PerplexDEW (Davies),isobar,0.0642,296.6666666666667,0.010280517067020559,0.00021401304346939409,0.0067082488698070215,0.6706228819112783
PerplexDEW (Davies),isobar,0.0642,297.67676767676767,0.010360052045566446,0.0002165093504521952,0.006760790160120657,0.6741648466191079
PerplexDEW (Davies),isobar,0.0642,298.6868686868687,0.01043903519012865,0.00021899787665805463,0.006812925554249513,0.6776849802534296
PerplexDEW (Davies),isobar,0.0642,299.6969696969697,0.010517407665097837,0.00022147664733019963,0.006864613613718706,0.6811814647447749
PerplexDEW (Davies),isobar,0.0642,300.7070707070707,0.010595100588668296,0.00022394339716906027,0.0069158059675487275,0.6846521646416298
PerplexDEW (Davies),isobar,0.0642,301.7171717171717,0.010672067087963541,0.00022639638355551186,0.006966469280553566,0.6880956566081167
PerplexDEW (Davies),isobar,0.0642,302.72727272727275,0.010748209466996285,0.00022883252893220673,0.00701653532675967,0.6915088910944944
PerplexDEW (Davies),isobar,0.0642,303.73737373737373,0.010823476440194406,0.00023124989998258438,0.007065967646870985,0.694890311861462
PerplexDEW (Davies),isobar,0.0642,304.74747474747477,0.010897781468126559,0.0002336456172956704,0.007114705552939988,0.6982372369011525
PerplexDEW (Davies),isobar,0.0642,305.75757575757575,0.010971034901538458,0.0002360166713957269,0.0071626861598459,0.7015468898768364
PerplexDEW (Davies),isobar,0.0642,306.7676767676768,0.011043161390694679,0.00023836037822159973,0.007209856344567883,0.7048169530594295
PerplexDEW (Davies),isobar,0.0642,307.77777777777777,0.011114047897757528,0.00024067301698501607,0.007256137042398173,0.7080439102658224
PerplexDEW (Davies),isobar,0.0642,308.7878787878788,0.01118360407814818,0.0002429514071763792,0.007301464713486626,0.7112249692205916
PerplexDEW (Davies),isobar,0.0642,309.7979797979798,0.011251709459644887,0.00024519151596641165,0.007345755052184932,0.7143563800555766
PerplexDEW (Davies),isobar,0.0642,310.80808080808083,0.011318239217561529,0.00024738912939698026,0.00738892068782666,0.7174342545995286
PerplexDEW (Davies),isobar,0.0642,311.8181818181818,0.011383082775855343,0.00024954035130393974,0.007430883985795694,0.7204551526733273
PerplexDEW (Davies),isobar,0.0642,312.82828282828285,0.011446088213890995,0.0002516401089944089,0.007471538804075894,0.7234143190759039
PerplexDEW (Davies),isobar,0.0642,313.83838383838383,0.011507088476339845,0.0002536828397103122,0.0075107685025646714,0.7263065136008714
PerplexDEW (Davies),isobar,0.0642,314.8484848484849,0.011565949222733882,0.0002556637897530241,0.007548478892441959,0.7291275190262781
PerplexDEW (Davies),isobar,0.0642,315.85858585858585,0.011622453202492118,0.0002575758621616464,0.0075845186217778126,0.731870484071165
PerplexDEW (Davies),isobar,0.0642,316.8686868686869,0.011676414702543556,0.0002594127220825012,0.007618757973833783,0.7345295348854783
PerplexDEW (Davies),isobar,0.0642,317.8787878787879,0.011727621432305642,0.0002611672084405708,0.00765104885265149,0.7370979330450356
PerplexDEW (Davies),isobar,0.0642,318.8888888888889,0.011775812690710569,0.0002628307111330188,0.00768120972047253,0.7395673806554396
PerplexDEW (Davies),isobar,0.0642,319.8989898989899,0.011820718109905272,0.0002643942269733204,0.007709052293914091,0.7419292334805232
PerplexDEW (Davies),isobar,0.0642,320.90909090909093,0.011862036573193792,0.0002658477648010764,0.0077343670163301775,0.7441738242322301
PerplexDEW (Davies),isobar,0.0642,321.9191919191919,0.011899434809604538,0.0002671802908594993,0.00775692209038008,0.7462904036595821
PerplexDEW (Davies),isobar,0.0642,322.92929292929296,0.01193248139339954,0.00026837784296678625,0.00777641793889966,0.7482650386780839
PerplexDEW (Davies),isobar,0.0642,323.93939393939394,0.011960772103473825,0.00026942704638252004,0.007792573704830979,0.7500845423272021
PerplexDEW (Davies),isobar,0.0642,324.949494949495,0.011983733915624307,0.0002703095346170295,0.0078049920049699925,0.7517302487667383
PerplexDEW (Davies),isobar,0.0642,325.95959595959596,0.01200079427207994,0.00027100671918033607,0.007813275767823742,0.7531833270254162
PerplexDEW (Davies),isobar,0.0642,326.969696969697,0.012011224132117063,0.0002714952802119473,0.007816919936304664,0.7544197357610016
PerplexDEW (Davies),isobar,0.0642,327.979797979798,0.012014129898345409,0.00027174686121798355,0.007815305927246292,0.7554098878660458
PerplexDEW (Davies),isobar,0.0642,328.98989898989896,0.012008491848142035,0.0002717291187146596,0.007807728261921417,0.7561197418129655
PerplexDEW (Davies),isobar,0.0642,330.0,0.011992971572007861,0.00027140007447436904,0.007793261725871898,0.7565044882895497
PerplexDEW (Davies),isobar,0.0859,250.0,0.006627752071642422,0.00010958582789392148,0.004277818826058726,0.5030925390915844
PerplexDEW (Davies),isobar,0.0859,251.010101010101,0.006701676697088211,0.0001114720513689478,0.004327084590358174,0.5066480201337364
PerplexDEW (Davies),isobar,0.0859,252.02020202020202,0.006776077800853288,0.00011338031750366732,0.004376673008831335,0.5102154585696808
PerplexDEW (Davies),isobar,0.0859,253.03030303030303,0.006850947834778015,0.00011531055942581369,0.0044265787758264,0.5137945288181913
PerplexDEW (Davies),isobar,0.0859,254.04040404040404,,,,
PerplexDEW (Davies),isobar,0.0859,255.05050505050505,,,,
PerplexDEW (Davies),isobar,0.0859,256.06060606060606,,,,
PerplexDEW (Davies),isobar,0.0859,257.07070707070704,,,,
PerplexDEW (Davies),isobar,0.0859,258.0808080808081,,,,
PerplexDEW (Davies),isobar,0.0859,259.09090909090907,,,,
PerplexDEW (Davies),isobar,0.0859,260.1010101010101,,,,
PerplexDEW (Davies),isobar,0.0859,261.1111111111111,0.00746614209558908,0.000131538664213091,0.004836781195902447,0.5428169728102445
PerplexDEW (Davies),isobar,0.0859,262.1212121212121,0.00754496587333253,0.00013366412510068217,0.004889350952957923,0.5464891572477465
PerplexDEW (Davies),isobar,0.0859,263.1313131313131,0.007624188499588692,0.00013581066498137892,0.004942187819498704,0.5501700664160432
PerplexDEW (Davies),isobar,0.0859,264.14141414141415,0.0077038032394701654,0.00013797816323455443,0.004995286873458908,0.5538594353684172
PerplexDEW (Davies),isobar,0.0859,265.1515151515151,0.007783800692824381,0.00014016643787107238,0.005048641383072622,0.557556907964893
PerplexDEW (Davies),isobar,0.0859,266.16161616161617,0.007864168609932757,0.00014237523986398393,0.005102242677911116,0.5612620316603227
PerplexDEW (Davies),isobar,0.0859,267.17171717171715,0.007944896713015178,0.0001446043518402026,0.00515608339794542,0.5649744270826766
PerplexDEW (Davies),isobar,0.0859,268.1818181818182,0.008025974325533071,0.0001468535395495339,0.005210155896679508,0.5686937043559017
PerplexDEW (Davies),isobar,0.0859,269.19191919191917,0.008107392945002545,0.00014912260596887923,0.00526445397896866,0.5724195522941249
PerplexDEW (Davies),isobar,0.0859,270.2020202020202,0.008189135948551184,0.0001514111735905575,0.005318965946538996,0.5761513815832268
PerplexDEW (Davies),isobar,0.0859,271.2121212121212,0.008271191299460088,0.00015371895107508014,0.005373683177553703,0.5798887664398137
PerplexDEW (Davies),isobar,0.0859,272.22222222222223,0.008353541132575916,0.00015604551178043672,0.005428593087889207,0.5836310845394674
PerplexDEW (Davies),isobar,0.0859,273.2323232323232,0.008436180503862802,0.0001583906965705832,0.005483691815231044,0.5873781613629916
PerplexDEW (Davies),isobar,0.0859,274.24242424242425,0.008519087833895107,0.00016075397723662457,0.005538964221250336,0.5911292551393252
PerplexDEW (Davies),isobar,0.0859,275.25252525252523,0.008602251865798646,0.00016313503740202263,0.005594402132996664,0.5948839820129714
PerplexDEW (Davies),isobar,0.0859,276.26262626262627,0.008685649599772914,0.00016553329168696762,0.005649989399418632,0.5986415623982466
PerplexDEW (Davies),isobar,0.0859,277.27272727272725,0.008769268652816454,0.0001679483750620762,0.005705717040661444,0.6024015825722051
PerplexDEW (Davies),isobar,0.0859,278.2828282828283,0.008853093368602828,0.0001703798391719815,0.005761573838853534,0.6061635209481024
PerplexDEW (Davies),isobar,0.0859,279.2929292929293,0.00893710161676307,0.00017282707795831715,0.005817544159455907,0.6099266418899405
PerplexDEW (Davies),isobar,0.0859,280.3030303030303,0.009021270406762955,0.00017528945038415255,0.005873611755088544,0.6136901867408788
PerplexDEW (Davies),isobar,0.0859,281.3131313131313,0.009105588150573066,0.00017776655939709843,0.00592976810023867,0.6174537838578371
PerplexDEW (Davies),isobar,0.0859,282.32323232323233,0.00919002126325659,0.00018025749365155086,0.005985989696621568,0.6212163296306514
PerplexDEW (Davies),isobar,0.0859,283.3333333333333,0.009274559992018584,0.00018276186986337372,0.006042269219758346,0.6249775219623683
PerplexDEW (Davies),isobar,0.0859,284.34343434343435,0.009359175323257633,0.00018527884886217333,0.006098586224138379,0.6287364203125441
PerplexDEW (Davies),isobar,0.0859,285.35353535353534,0.009443837118750525,0.00018780754579156032,0.006154919464210942,0.6324920537643333
PerplexDEW (Davies),isobar,0.0859,286.3636363636364,0.009528527277003405,0.00019034733850322957,0.00621125586107131,0.6362438553131596
PerplexDEW (Davies),isobar,0.0859,287.37373737373736,0.009613207207422411,0.00019289710726900879,0.0062675683502893265,0.6399905861024386
PerplexDEW (Davies),isobar,0.0859,288.3838383838384,0.009697863879393285,0.00019545631514628498,0.006323847255372616,0.6437318551832834
PerplexDEW (Davies),isobar,0.0859,289.3939393939394,0.009782456677580697,0.0001980237550934215,0.006380064068039927,0.647466368452497
PerplexDEW (Davies),isobar,0.0859,290.4040404040404,0.009866957319451204,0.00020059849074899723,0.006436198654204242,0.6511932433600283
PerplexDEW (Davies),isobar,0.0859,291.4141414141414,0.009951336652393101,0.00020317954567339224,0.006492230257614386,0.654911573306433
PerplexDEW (Davies),isobar,0.0859,292.42424242424244,0.010035550291095948,0.0002057655533950759,0.006548127686808821,0.6586199605559864
PerplexDEW (Davies),isobar,0.0859,293.4343434343434,0.01011957396661458,0.0002083556116347007,0.006603873454643699,0.6623176683102621
PerplexDEW (Davies),isobar,0.0859,294.44444444444446,0.010203353382526398,0.00021094806263865555,0.006659429521012667,0.6660029895642853
PerplexDEW (Davies),isobar,0.0859,295.45454545454544,0.01028686946298387,0.000213542086703664,0.006714781885511792,0.6696753650201356
PerplexDEW (Davies),isobar,0.0859,296.4646464646465,0.010370057490184197,0.00021613571481758612,0.006769885299341751,0.6733327636424266
PerplexDEW (Davies),isobar,0.0859,297.47474747474746,0.010452888527268233,0.0002187278341523207,0.006824718948303396,0.6769743168971734
PerplexDEW (Davies),isobar,0.0859,298.4848484848485,0.010535301861817182,0.00022131651343371543,0.006879240232804021,0.6805981373019842
PerplexDEW (Davies),isobar,0.0859,299.4949494949495,0.010617266072646278,0.0002239005257303594,0.006933426569166744,0.6842032847377504
PerplexDEW (Davies),isobar,0.0859,300.5050505050505,0.010698717060772979,0.00022647779274784894,0.006987232952240734,0.6877877746944642
PerplexDEW (Davies),isobar,0.0859,301.5151515151515,0.01077959645481588,0.00022904634445368829,0.007040618249548155,0.6913498134829748
PerplexDEW (Davies),isobar,0.0859,302.52525252525254,0.010859852117769568,0.00023160433622510627,0.007093545558988728,0.6948878117121802
PerplexDEW (Davies),isobar,0.0859,303.5353535353535,0.010939421978448554,0.0002341496354143808,0.007145971122714241,0.6983998672717495
PerplexDEW (Davies),isobar,0.0859,304.54545454545456,0.011018241896902377,0.00023668001908770455,0.0071978497163388,0.7018840169121836
PerplexDEW (Davies),isobar,0.0859,305.55555555555554,0.011096228474405586,0.0002391927238037089,0.007249122842221101,0.7053376906347267
PerplexDEW (Davies),isobar,0.0859,306.5656565656566,0.011173321315615067,0.00024168554243715173,0.0072997477450886415,0.7087590532864003
PerplexDEW (Davies),isobar,0.0859,307.57575757575756,0.011249449491642157,0.00024415595502362927,0.007349674393331276,0.7121459374340038
PerplexDEW (Davies),isobar,0.0859,308.5858585858586,0.011324504133754099,0.0002466003947455034,0.007398826624937934,0.7154949793685864
PerplexDEW (Davies),isobar,0.0859,309.5959595959596,0.011398417442590588,0.00024901632951163295,0.007447156448538779,0.7188041167312944
PerplexDEW (Davies),isobar,0.0859,310.6060606060606,0.011471083101297958,0.000251400157153271,0.007494589337217421,0.7220700720176124
PerplexDEW (Davies),isobar,0.0859,311.6161616161616,0.011542390978210349,0.0002537481146714716,0.007541048072362361,0.7252894498036416
PerplexDEW (Davies),isobar,0.0859,312.62626262626264,0.011612245896468507,0.0002560567844799246,0.007586465667576472,0.7284593247618034
PerplexDEW (Davies),isobar,0.0859,313.6363636363636,0.011680530649141142,0.000258322098903644,0.0076307599183414645,0.7315760758974773
PerplexDEW (Davies),isobar,0.0859,314.64646464646466,0.01174710469806671,0.00026053929060266607,0.007673832486855365,0.7346353466581138
PerplexDEW (Davies),isobar,0.0859,315.65656565656565,0.011811842029025502,0.00026270391802190717,0.007715594972058538,0.7376332311204348
PerplexDEW (Davies),isobar,0.0859,316.6666666666667,0.01187457280464241,0.00026481026537323004,0.0077559287104234185,0.7405644416550523
PerplexDEW (Davies),isobar,0.0859,317.67676767676767,0.011935161165552108,0.00026685347305448377,0.007794738388653255,0.7434247442153852
PerplexDEW (Davies),isobar,0.0859,318.6868686868687,0.011993405888322307,0.0002688267928654945,0.007831883565686617,0.7462078434490028
PerplexDEW (Davies),isobar,0.0859,319.6969696969697,0.012049118938337823,0.00027072374645282534,0.007867232817851063,0.748907838370673
PerplexDEW (Davies),isobar,0.0859,320.7070707070707,0.012102105802345818,0.0002725375828253174,0.00790065019207064,0.7515186002163567
PerplexDEW (Davies),isobar,0.0859,321.7171717171717,0.012152101896562146,0.0002742594795830414,0.007931951317527344,0.754031778375622
PerplexDEW (Davies),isobar,0.0859,322.72727272727275,0.012198854240543205,0.00027588081929281495,0.00796095975613015,0.7564393453540538
PerplexDEW (Davies),isobar,0.0859,323.73737373737373,0.01224207928784961,0.00027739199825429725,0.007987477911471991,0.7587322677494968
PerplexDEW (Davies),isobar,0.0859,324.74747474747477,0.012281439501914812,0.00027878174070797794,0.008011270849310699,0.7608997607737514
PerplexDEW (Davies),isobar,0.0859,325.75757575757575,0.01231656281715456,0.0002800376301422485,0.008032079734338634,0.7629298788446114
PerplexDEW (Davies),isobar,0.0859,326.7676767676768,0.012347018650326738,0.0002811454018182402,0.00804960526772904,0.7648087425401157
PerplexDEW (Davies),isobar,0.0859,327.77777777777777,0.012372337922689202,0.0002820894960382895,0.008063521534940204,0.7665211314196448
PerplexDEW (Davies),isobar,0.0859,328.7878787878788,0.012391965445808208,0.0002828516588703341,0.00807344312795244,0.7680489721018217
PerplexDEW (Davies),isobar,0.0859,329.7979797979798,0.012405232378392174,0.00028341009918800357,0.008078906131628016,0.7693703929721983
PerplexDEW (Davies),isobar,0.0859,330.80808080808083,0.012411327052564177,0.00028373858404920143,0.008079347997551731,0.7704587487618133
PerplexDEW (Davies),isobar,0.0859,331.8181818181818,0.012409360091529592,0.000283808299328183,0.00807415264618992,0.7712845613056178
PerplexDEW (Davies),isobar,0.0859,332.82828282828285,0.012398119594891822,0.00028358060014274514,0.008062481323942258,0.7718076654170264
PerplexDEW (Davies),isobar,0.0859,333.83838383838383,0.012376202225176654,0.0002830107706460253,0.008043363428174818,0.7719811103262418
PerplexDEW (Davies),isobar,0.0859,334.8484848484849,5.550844061263548e+18,5.550844061263548e+18,5.55084406126355e+18,5.550844061263553e+18
PerplexDEW (Davies),isobar,0.0859,335.85858585858585,5.550844061263548e+18,5.550844061263548e+18,5.55084406126355e+18,5.550844061263553e+18
PerplexDEW (Davies),isobar,0.0859,336.8686868686869,5.550844061263548e+18,5.550844061263548e+18,5.55084406126355e+18,5.550844061263553e+18
PerplexDEW (Davies),isobar,0.0859,337.8787878787879,5.550844061263548e+18,5.550844061263548e+18,5.55084406126355e+18,5.550844061263553e+18
PerplexDEW (Davies),isobar,0.0859,338.8888888888889,5.550844061263548e+18,5.550844061263548e+18,5.55084406126355e+18,5.550844061263553e+18
PerplexDEW (Davies),isobar,0.0859,339.8989898989899,5.550844061263548e+18,5.550844061263548e+18,5.55084406126355e+18,5.550844061263553e+18
PerplexDEW (Davies),isobar,0.0859,340.90909090909093,5.550844061263548e+18,5.550844061263548e+18,5.55084406126355e+18,5.550844061263553e+18
PerplexDEW (Davies),isobar,0.0859,341.9191919191919,5.550844061263548e+18,5.550844061263548e+18,5.55084406126355e+18,5.550844061263553e+18
PerplexDEW (Davies),isobar,0.0859,342.92929292929296,5.550844061263548e+18,5.550844061263548e+18,5.55084406126355e+18,5.550844061263553e+18
PerplexDEW (Davies),isobar,0.0859,343.93939393939394,5.550844061263548e+18,5.550844061263548e+18,5.55084406126355e+18,5.550844061263553e+18
PerplexDEW (Davies),isobar,0.0859,344.949494949495,5.550844061263548e+18,5.550844061263548e+18,5.55084406126355e+18,5.550844061263553e+18
PerplexDEW (Davies),isobar,0.0859,345.95959595959596,5.550844061263548e+18,5.550844061263548e+18,5.55084406126355e+18,5.550844061263553e+18
PerplexDEW (Davies),isobar,0.0859,346.969696969697,5.550844061263548e+18,5.550844061263548e+18,5.55084406126355e+18,5.550844061263553e+18
PerplexDEW (Davies),isobar,0.0859,347.979797979798,5.550844061263548e+18,5.550844061263548e+18,5.55084406126355e+18,5.550844061263553e+18
PerplexDEW (Davies),isobar,0.0859,348.98989898989896,5.550844061263548e+18,5.550844061263548e+18,5.55084406126355e+18,5.550844061263553e+18
PerplexDEW (Davies),isobar,0.0859,350.0,5.550844061263548e+18,5.550844061263548e+18,5.55084406126355e+18,5.550844061263553e+18
PerplexDEW (Davies),isobar,0.1067,268.0,0.008058030183938674,0.0001474247330174353,0.00523189889409989,0.5696782113041234
PerplexDEW (Davies),isobar,0.1067,269.010101010101,0.008140516311289616,0.0001497204342002719,0.005286936070735777,0.573436188017828
PerplexDEW (Davies),isobar,0.1067,270.020202020202,0.008223363432528467,0.00015203673902598703,0.00534221267538644,0.5772012327727406
PerplexDEW (Davies),isobar,0.1067,271.030303030303,0.008306560487283893,0.00015437339321441493,0.005397720775350654,0.5809729462149473
PerplexDEW (Davies),isobar,0.1067,272.04040404040404,0.008390090624246296,0.00015673000874801614,0.005453448504794389,0.5847507342364011
PerplexDEW (Davies),isobar,0.1067,273.050505050505,0.00847394714974235,0.00015910640553242514,0.005509390849478423,0.5885343552914415
PerplexDEW (Davies),isobar,0.1067,274.06060606060606,0.008558114957397387,0.00016150221315368822,0.005565537085942179,0.5923232825911788
PerplexDEW (Davies),isobar,0.1067,275.07070707070704,0.00864257833772135,0.00016391703652735484,0.005621876059849085,0.5961169734424223
PerplexDEW (Davies),isobar,0.1067,276.0808080808081,0.00872732096442045,0.00016635045513782248,0.005678396176105222,0.5999148688838892
PerplexDEW (Davies),isobar,0.1067,277.09090909090907,0.008812331653697002,0.0001688021506070511,0.0057350893054429215,0.6037165881109152
PerplexDEW (Davies),isobar,0.1067,278.1010101010101,0.008897593055025308,0.00017127165722648455,0.005791943117490685,0.6075215452452296
PerplexDEW (Davies),isobar,0.1067,279.1111111111111,0.008983087165213316,0.0001737584817740192,0.00584894481525278,0.6113291371644033
PerplexDEW (Davies),isobar,0.1067,280.1212121212121,0.009068795314166865,0.0001762621027041378,0.005906081124848649,0.6151387431095727
PerplexDEW (Davies),isobar,0.1067,281.1313131313131,0.009154704264753675,0.00017878210863135025,0.00596334244137875,0.6189499282312156
PerplexDEW (Davies),isobar,0.1067,282.14141414141415,0.009240788031302445,0.00018131778529727942,0.006020710473385075,0.6227618360508103
PerplexDEW (Davies),isobar,0.1067,283.1515151515151,0.009327032150456578,0.00018386866642349455,0.006078174736702368,0.6265739992328256
PerplexDEW (Davies),isobar,0.1067,284.16161616161617,0.009413409031396019,0.0001864339698007859,0.006135715793754388,0.6303855185907775
PerplexDEW (Davies),isobar,0.1067,285.17171717171715,0.00949990292980138,0.00018901317101907623,0.006193322241772393,0.6341958927089048
PerplexDEW (Davies),isobar,0.1067,286.1818181818182,0.00958648458588163,0.00019160541623117124,0.0062509734512219495,0.6380041778297761
PerplexDEW (Davies),isobar,0.1067,287.19191919191917,0.009673136918756986,0.0001942101195640578,0.006308657060846172,0.6418098367898886
PerplexDEW (Davies),isobar,0.1067,288.2020202020202,0.009759828934908399,0.0001968263517458208,0.006366351202719377,0.6456118793148069
PerplexDEW (Davies),isobar,0.1067,289.2121212121212,0.00984653531240938,0.00019945329838652655,0.006424037844040103,0.6494095071002872
PerplexDEW (Davies),isobar,0.1067,290.22222222222223,0.00993322991313819,0.0002020901079901072,0.006481698367996853,0.6532018997663698
PerplexDEW (Davies),isobar,0.1067,291.2323232323232,0.01001987872446833,0.0002047357207649315,0.00653930875281412,0.6569879854690143
PerplexDEW (Davies),isobar,0.1067,292.24242424242425,0.010106460774296592,0.00020738937164706148,0.0065968538508925974,0.6607671217119104
PerplexDEW (Davies),isobar,0.1067,293.25252525252523,0.010192932895302096,0.0002100497378134131,0.006654303323884938,0.6645379502174491
PerplexDEW (Davies),isobar,0.1067,294.26262626262627,0.010279264917967754,0.0002127157886828613,0.00671163567718251,0.66829954065172
PerplexDEW (Davies),isobar,0.1067,295.27272727272725,0.010365425765030854,0.00021538645110405626,0.006768828766974464,0.6720509375640158
PerplexDEW (Davies),isobar,0.1067,296.2828282828283,0.010451375885863035,0.0002180604206056652,0.00682585462166648,0.6757909172375793
PerplexDEW (Davies),isobar,0.1067,297.2929292929293,0.010537074371016659,0.00022073633346901626,0.006882684302195373,0.6795182183047701
PerplexDEW (Davies),isobar,0.1067,298.3030303030303,0.010622478924753261,0.00022341276514818232,0.006939287882560668,0.6832315407805702
PerplexDEW (Davies),isobar,0.1067,299.3131313131313,0.010707553706211502,0.00022608842765121475,0.006995639822793892,0.6869297962975445
PerplexDEW (Davies),isobar,0.1067,300.32323232323233,0.010792245913254539,0.00022876157873387865,0.007051702925729063,0.6906113593213583
PerplexDEW (Davies),isobar,0.1067,301.3333333333333,0.010876508930185061,0.0002314306019713406,0.007107444190847493,0.6942748080673407
PerplexDEW (Davies),isobar,0.1067,302.34343434343435,0.010960294645452506,0.00023409381370643253,0.0071628295534991076,0.6979186780008502
PerplexDEW (Davies),isobar,0.1067,303.35353535353534,0.011043553424589094,0.00023674946143926345,0.00721782386597301,0.7015414607324101
PerplexDEW (Davies),isobar,0.1067,304.3636363636364,0.011126217234963693,0.0002393952844984201,0.007272379309504581,0.705141070024285
PerplexDEW (Davies),isobar,0.1067,305.37373737373736,0.011208241166140647,0.00024202958592539175,0.007326463893611211,0.7087161569458051
PerplexDEW (Davies),isobar,0.1067,306.3838383838384,0.011289553189222439,0.00024464992951932544,0.007380026963663772,0.7122645191155773
PerplexDEW (Davies),isobar,0.1067,307.3939393939394,0.011370087473437759,0.000247254000703093,0.007433022071404736,0.7157841553240609
PerplexDEW (Davies),isobar,0.1067,308.4040404040404,0.011449784928975585,0.00024983962546051456,0.007485407358909724,0.7192732798522379
PerplexDEW (Davies),isobar,0.1067,309.4141414141414,0.011528557725217119,0.00025240382900559486,0.007537121160034264,0.7227292065864958
PerplexDEW (Davies),isobar,0.1067,310.42424242424244,0.0116063239786044,0.0002549437462272097,0.007588105839771344,0.7261494411332475
PerplexDEW (Davies),isobar,0.1067,311.4343434343434,0.011683017558808767,0.0002574568903619444,0.007638314556020815,0.7295319847203645
PerplexDEW (Davies),isobar,0.1067,312.44444444444446,0.011758533008926113,0.00025993967271102506,0.007687673350154368,0.73287360840276
PerplexDEW (Davies),isobar,0.1067,313.45454545454544,0.011832770542651087,0.00026238860090457773,0.007736112103140387,0.7361712635479567
PerplexDEW (Davies),isobar,0.1067,314.4646464646465,0.011905646235924511,0.00026480056209152,0.00778357157025536,0.7394223963557227
PerplexDEW (Davies),isobar,0.1067,315.47474747474746,0.011977034705425412,0.00026717125888173345,0.007829963889263613,0.7426231580070252
PerplexDEW (Davies),isobar,0.1067,316.4848484848485,0.012046835707227088,0.0002694970214693519,0.007875218463781815,0.7457704810976487
PerplexDEW (Davies),isobar,0.1067,317.4949494949495,0.01211489588666796,0.00027177265378917746,0.007919228021651669,0.7488596408039955
PerplexDEW (Davies),isobar,0.1067,318.5050505050505,0.012181096787160575,0.00027399385314062216,0.007961909290120544,0.7518869925895323
PerplexDEW (Davies),isobar,0.1067,319.5151515151515,0.012245275173192807,0.0002761550022527896,0.008003148048218674,0.754847491254266
PerplexDEW (Davies),isobar,0.1067,320.52525252525254,0.012307282798921777,0.00027825082338309544,0.008042840353201054,0.7577365459528579
PerplexDEW (Davies),isobar,0.1067,321.5353535353535,0.01236695603407807,0.0002802755307710186,0.008080871589870468,0.7605490724885583
PerplexDEW (Davies),isobar,0.1067,322.54545454545456,0.012424083084774985,0.00028222189103520984,0.008117093824665356,0.7632784735952438
PerplexDEW (Davies),isobar,0.1067,323.55555555555554,0.012478444484083659,0.0002840823495834685,0.008151353750937323,0.7659178901914178
PerplexDEW (Davies),isobar,0.1067,324.5656565656566,0.012529834925810305,0.00028584965421914784,0.00818350778739025,0.7684608705893755
PerplexDEW (Davies),isobar,0.1067,325.57575757575756,0.012577997996299385,0.0002875149877813648,0.008213376990684399,0.7708993397720814
PerplexDEW (Davies),isobar,0.1067,326.5858585858586,0.01262262333564271,0.00028906785703667855,0.00824074507177107,0.7732235017843175
PerplexDEW (Davies),isobar,0.1067,327.5959595959596,0.012663412040541177,0.0002904979627791461,0.008265403609426122,0.7754238534575769
PerplexDEW (Davies),isobar,0.1067,328.6060606060606,0.012700031934337474,0.00029179390756578787,0.008287121149800295,0.7774897829809744
PerplexDEW (Davies),isobar,0.1067,329.6161616161616,0.012732022802750176,0.0002929404058490019,0.008305577660743095,0.7794066093055573
PerplexDEW (Davies),isobar,0.1067,330.62626262626264,0.012758978169608278,0.00029392356005312944,0.008320490270097371,0.7811611931404134
PerplexDEW (Davies),isobar,0.1067,331.6363636363636,0.012780334463920531,0.0002947246776502669,0.008331467452669272,0.7827353559013998
PerplexDEW (Davies),isobar,0.1067,332.64646464646466,0.012795459230115347,0.00029532280575913226,0.008338070068682198,0.7841085813587891
PerplexDEW (Davies),isobar,0.1067,333.65656565656565,0.012803697357655347,0.00029569608348526495,0.008339843422553011,0.7852593715860514
PerplexDEW (Davies),isobar,0.1067,334.6666666666667,0.012804123576767476,0.0002958143583001291,0.008336146038484243,0.786157465373946
PerplexDEW (Davies),isobar,0.1067,335.67676767676767,0.01279567881576057,0.0002956431521598486,0.008326244130460124,0.7867679439858521
PerplexDEW (Davies),isobar,0.1067,336.6868686868687,0.012777114450836466,0.00029514195316558787,0.008309273196561249,0.78704931763511
PerplexDEW (Davies),isobar,0.1067,337.6969696969697,,,,
PerplexDEW (Davies),isobar,0.1067,338.7070707070707,,,,
PerplexDEW (Davies),isobar,0.1067,339.7171717171717,,,,
PerplexDEW (Davies),isobar,0.1067,340.72727272727275,,,,
PerplexDEW (Davies),isobar,0.1067,341.73737373737373,,,,
PerplexDEW (Davies),isobar,0.1067,342.74747474747477,,,,
PerplexDEW (Davies),isobar,0.1067,343.75757575757575,,,,
PerplexDEW (Davies),isobar,0.1067,344.7676767676768,,,,
PerplexDEW (Davies),isobar,0.1067,345.77777777777777,,,,
PerplexDEW (Davies),isobar,0.1067,346.7878787878788,,,,
PerplexDEW (Davies),isobar,0.1067,347.7979797979798,,,,
PerplexDEW (Davies),isobar,0.1067,348.80808080808083,,,,
PerplexDEW (Davies),isobar,0.1067,349.8181818181818,,,,
PerplexDEW (Davies),isobar,0.1067,350.82828282828285,,,,
PerplexDEW (Davies),isobar,0.1067,351.83838383838383,,,,
PerplexDEW (Davies),isobar,0.1067,352.8484848484849,,,,
PerplexDEW (Davies),isobar,0.1067,353.85858585858585,,,,
PerplexDEW (Davies),isobar,0.1067,354.8686868686869,,,,
PerplexDEW (Davies),isobar,0.1067,355.8787878787879,,,,
PerplexDEW (Davies),isobar,0.1067,356.8888888888889,,,,
PerplexDEW (Davies),isobar,0.1067,357.8989898989899,,,,
PerplexDEW (Davies),isobar,0.1067,358.90909090909093,,,,
PerplexDEW (Davies),isobar,0.1067,359.9191919191919,,,,
PerplexDEW (Davies),isobar,0.1067,360.92929292929296,,,,
PerplexDEW (Davies),isobar,0.1067,361.93939393939394,,,,
PerplexDEW (Davies),isobar,0.1067,362.949494949495,,,,
PerplexDEW (Davies),isobar,0.1067,363.95959595959596,,,,
PerplexDEW (Davies),isobar,0.1067,364.969696969697,,,,
PerplexDEW (Davies),isobar,0.1067,365.979797979798,,,,
PerplexDEW (Davies),isobar,0.1067,366.98989898989896,,,,
PerplexDEW (Davies),isobar,0.1067,368.0,,,,
PerplexDEW (Davies),isobar,0.1281,280.0,0.009120916820035834,0.00017737072749991037,0.005941601608283437,0.6167987061885494
PerplexDEW (Davies),isobar,0.1281,281.010101010101,0.009208375098424577,0.00017993325494788085,0.005999938596354376,0.6206556218772286
PerplexDEW (Davies),isobar,0.1281,282.020202020202,0.00929605907249471,0.0001825130796038428,0.006058417881977557,0.6245147469382235
PerplexDEW (Davies),isobar,0.1281,283.030303030303,0.009383955579954015,0.00018510978695416978,0.006117029899708356,0.6283756496509606
PerplexDEW (Davies),isobar,0.1281,284.04040404040404,0.009472044750266804,0.00018772279640160558,0.00617576050570446,0.6322376796788882
PerplexDEW (Davies),isobar,0.1281,285.050505050505,0.009560309228193516,0.00019035157160717306,0.006234597244846104,0.6361002741129543
PerplexDEW (Davies),isobar,0.1281,286.06060606060606,0.009648724576891404,0.0001929953969676311,0.006293522815729491,0.6399626411111671
PerplexDEW (Davies),isobar,0.1281,287.07070707070704,0.009737265437633482,0.00019565351809520322,0.006352519259262871,0.6438239644083585
PerplexDEW (Davies),isobar,0.1281,288.0808080808081,0.009825912237577856,0.0001983253004614063,0.006411572533098496,0.6476836224143367
PerplexDEW (Davies),isobar,0.1281,289.09090909090907,0.009914648233454337,0.00020101016279130263,0.00647067050414618,0.6515410891869053
PerplexDEW (Davies),isobar,0.1281,290.1010101010101,0.01000343552267726,0.00020370700260297333,0.006529786576371386,0.6553951537530049
PerplexDEW (Davies),isobar,0.1281,291.1111111111111,0.010092255681893906,0.00020641516360559638,0.00658890741508242,0.659245245329497
PerplexDEW (Davies),isobar,0.1281,292.1212121212121,0.010181082743807192,0.00020913379240952918,0.006648014512545975,0.6630905515725909
PerplexDEW (Davies),isobar,0.1281,293.1313131313131,0.010269889910068141,0.00021186199737818962,0.006707088766167728,0.6669302377741317
PerplexDEW (Davies),isobar,0.1281,294.14141414141415,0.010358634901172455,0.0002145984878455017,0.006766100458485788,0.6707629755465249
PerplexDEW (Davies),isobar,0.1281,295.1515151515151,0.010447303435570102,0.00021734263843411946,0.006825038984260738,0.6745883437964473
PerplexDEW (Davies),isobar,0.1281,296.16161616161617,0.010535851075310678,0.00022009306251123386,0.006883873085452054,0.6784049556221642
PerplexDEW (Davies),isobar,0.1281,297.17171717171715,0.010624246907107433,0.0002228486834690371,0.006942580720827942,0.6822118646565662
PerplexDEW (Davies),isobar,0.1281,298.1818181818182,0.010712451360796401,0.00022560818642332244,0.007001133890346359,0.6860078525424894
PerplexDEW (Davies),isobar,0.1281,299.19191919191917,0.010800439179712415,0.0002283705930404604,0.007059514367384315,0.6897921622708798
PerplexDEW (Davies),isobar,0.1281,300.2020202020202,0.010888152783397964,0.00023113408580835302,0.007117681742380193,0.6935630122819905
PerplexDEW (Davies),isobar,0.1281,301.2121212121212,0.010975564539927866,0.0002338975775366569,0.007175616094276261,0.6973195795928262
PerplexDEW (Davies),isobar,0.1281,302.22222222222223,0.011062621745661357,0.00023665931806588308,0.007233280277312459,0.7010602498096471
PerplexDEW (Davies),isobar,0.1281,303.2323232323232,0.011149286347188307,0.00023941790344023578,0.007290647156980728,0.7047838780318716
PerplexDEW (Davies),isobar,0.1281,304.24242424242425,0.011235502456957695,0.00024217144218737887,0.0073476773221063055,0.7084887605334276
PerplexDEW (Davies),isobar,0.1281,305.25252525252523,0.011321229228035593,0.0002449184017762648,0.0074043416488175275,0.7121736729910583
PerplexDEW (Davies),isobar,0.1281,306.26262626262627,0.011406398849756569,0.00024765651616049126,0.007460592452310568,0.7158365471968461
PerplexDEW (Davies),isobar,0.1281,307.27272727272725,0.011490967226625556,0.0002503841051022011,0.0075163982986320415,0.7194760655315113
PerplexDEW (Davies),isobar,0.1281,308.2828282828283,0.01157487140203639,0.0002530989609352808,0.007571714752405857,0.7230903220446983
PerplexDEW (Davies),isobar,0.1281,309.2929292929293,0.01165803732829638,0.0002557985429874385,0.007626489701009122,0.726677069219539
PerplexDEW (Davies),isobar,0.1281,310.3030303030303,0.011740415624492488,0.00025848092896848455,0.007680687956587925,0.7302348344747879
PerplexDEW (Davies),isobar,0.1281,311.3131313131313,0.011821928023904665,0.00026114338895015515,0.007734254413971988,0.7337612460769419
PerplexDEW (Davies),isobar,0.1281,312.32323232323233,0.011902493548228745,0.0002637830748073008,0.007787132047174218,0.7372538524553237
PerplexDEW (Davies),isobar,0.1281,313.3333333333333,0.011982047399172888,0.00026639753306528346,0.007839274926967087,0.7407107078463809
PerplexDEW (Davies),isobar,0.1281,314.34343434343435,0.012060494187880445,0.00026898343663858427,0.00789061600440779,0.7441289175681081
PerplexDEW (Davies),isobar,0.1281,315.35353535353534,0.012137744899202246,0.00027153758084182356,0.007941092566524267,0.7475057872729347
PerplexDEW (Davies),isobar,0.1281,316.3636363636364,0.012213697771398713,0.0002740563599061997,0.00799063305954797,0.7508382285831233
PerplexDEW (Davies),isobar,0.1281,317.37373737373736,0.01228826754936734,0.000276536571279434,0.008039177263108249,0.7541236632191712
PerplexDEW (Davies),isobar,0.1281,318.3838383838384,0.012361326061533522,0.0002789737693000299,0.008086635299709353,0.757358184281624
PerplexDEW (Davies),isobar,0.1281,319.3939393939394,0.012432781510433177,0.0002813644602385442,0.008132942336334246,0.7605390055111158
PerplexDEW (Davies),isobar,0.1281,320.4040404040404,0.012502477278009398,0.00028370327672083267,0.008177988742642235,0.7636613358492337
PerplexDEW (Davies),isobar,0.1281,321.4141414141414,0.012570292999749256,0.0002859857963665564,0.008221689854180227,0.7667214965200492
PerplexDEW (Davies),isobar,0.1281,322.42424242424244,0.012636083293770162,0.0002882068247400913,0.00826394367819368,0.7697150282552515
PerplexDEW (Davies),isobar,0.1281,323.4343434343434,0.012699697925645022,0.0002903609561960909,0.008304644815165898,0.7726373103334069
PerplexDEW (Davies),isobar,0.1281,324.44444444444446,0.012760948974225349,0.00029244162989261225,0.00834366176283179,0.775482547631762
PerplexDEW (Davies),isobar,0.1281,325.45454545454544,0.012819641885079407,0.0002944420022800904,0.008380858368157829,0.7782447222845924
PerplexDEW (Davies),isobar,0.1281,326.4646464646465,0.012875597809188108,0.00029635559193872904,0.008416109287154723,0.7809182741550318
PerplexDEW (Davies),isobar,0.1281,327.47474747474746,0.012928586867039592,0.0002981743510127045,0.00844925383853994,0.7834960440696734
PerplexDEW (Davies),isobar,0.1281,328.4848484848485,0.012978348242815194,0.0002998892224635625,0.008480109884608388,0.7859698843620826
PerplexDEW (Davies),isobar,0.1281,329.4949494949495,0.013024611959496753,0.0003014907629485333,0.008508488900387334,0.7883313180933371
PerplexDEW (Davies),isobar,0.1281,330.5050505050505,0.013067075261877403,0.00030296844551760813,0.00853417964017153,0.7905708017385642
PerplexDEW (Davies),isobar,0.1281,331.5151515151515,0.013105401127639396,0.0003043106002557028,0.008556947111662917,0.7926776646064924
PerplexDEW (Davies),isobar,0.1281,332.52525252525254,0.013139216783736633,0.00030550435531127623,0.008576531559776134,0.7946400446388928
PerplexDEW (Davies),isobar,0.1281,333.5353535353535,0.013168063354476718,0.00030653412090344645,0.008592613607779452,0.7964433146558668
PerplexDEW (Davies),isobar,0.1281,334.54545454545456,0.01319146567705427,0.0003073836379490033,0.00860486262824165,0.7980721942542222
PerplexDEW (Davies),isobar,0.1281,335.55555555555554,0.01320880719717112,0.00030803221986072394,0.008612850118194983,0.7995068717212576
PerplexDEW (Davies),isobar,0.1281,336.5656565656566,0.013219474689889302,0.0003084590526953339,0.008616150001568436,0.800727382129348
PerplexDEW (Davies),isobar,0.1281,337.57575757575756,0.01322265494607895,0.0003086370597061571,0.008614197838768153,0.8017072786380195
PerplexDEW (Davies),isobar,0.1281,338.5858585858586,0.01321740254780868,0.00030853487598959565,0.008606337873502425,0.8024156073915595
PerplexDEW (Davies),isobar,0.1281,339.5959595959596,,,,
PerplexDEW (Davies),isobar,0.1281,340.6060606060606,,,,
PerplexDEW (Davies),isobar,0.1281,341.6161616161616,,,,
PerplexDEW (Davies),isobar,0.1281,342.62626262626264,,,,
PerplexDEW (Davies),isobar,0.1281,343.6363636363636,,,,
PerplexDEW (Davies),isobar,0.1281,344.64646464646466,,,,
PerplexDEW (Davies),isobar,0.1281,345.65656565656565,,,,
PerplexDEW (Davies),isobar,0.1281,346.6666666666667,,,,
PerplexDEW (Davies),isobar,0.1281,347.67676767676767,,,,
PerplexDEW (Davies),isobar,0.1281,348.6868686868687,,,,
PerplexDEW (Davies),isobar,0.1281,349.6969696969697,,,,
PerplexDEW (Davies),isobar,0.1281,350.7070707070707,,,,
PerplexDEW (Davies),isobar,0.1281,351.7171717171717,,,,
PerplexDEW (Davies),isobar,0.1281,352.72727272727275,,,,
PerplexDEW (Davies),isobar,0.1281,353.73737373737373,,,,
PerplexDEW (Davies),isobar,0.1281,354.74747474747477,,,,
PerplexDEW (Davies),isobar,0.1281,355.75757575757575,,,,
PerplexDEW (Davies),isobar,0.1281,356.7676767676768,,,,
PerplexDEW (Davies),isobar,0.1281,357.77777777777777,,,,
PerplexDEW (Davies),isobar,0.1281,358.7878787878788,,,,
PerplexDEW (Davies),isobar,0.1281,359.7979797979798,,,,
PerplexDEW (Davies),isobar,0.1281,360.80808080808083,,,,
PerplexDEW (Davies),isobar,0.1281,361.8181818181818,,,,
PerplexDEW (Davies),isobar,0.1281,362.82828282828285,,,,
PerplexDEW (Davies),isobar,0.1281,363.83838383838383,,,,
PerplexDEW (Davies),isobar,0.1281,364.8484848484849,,,,
PerplexDEW (Davies),isobar,0.1281,365.85858585858585,,,,
PerplexDEW (Davies),isobar,0.1281,366.8686868686869,,,,
PerplexDEW (Davies),isobar,0.1281,367.8787878787879,,,,
PerplexDEW (Davies),isobar,0.1281,368.8888888888889,,,,
PerplexDEW (Davies),isobar,0.1281,369.8989898989899,,,,
PerplexDEW (Davies),isobar,0.1281,370.90909090909093,,,,
PerplexDEW (Davies),isobar,0.1281,371.9191919191919,,,,
PerplexDEW (Davies),isobar,0.1281,372.92929292929296,,,,
PerplexDEW (Davies),isobar,0.1281,373.93939393939394,,,,
PerplexDEW (Davies),isobar,0.1281,374.949494949495,,,,
PerplexDEW (Davies),isobar,0.1281,375.95959595959596,,,,
PerplexDEW (Davies),isobar,0.1281,376.969696969697,,,,
PerplexDEW (Davies),isobar,0.1281,377.979797979798,,,,
PerplexDEW (Davies),isobar,0.1281,378.98989898989896,,,,
PerplexDEW (Davies),isobar,0.1281,380.0,,,,
PerplexDEW (Davies),isobar,0.15,323.95,0.012949931588825004,0.0002976972752600899,0.008475957387388235,0.7808069448236807
PerplexDEW (Davies),isobar,0.15,324.18333333333334,0.012965920422673891,0.0002982371951228279,0.008486250718783176,0.7815193881139905
PerplexDEW (Davies),isobar,0.15,324.41666666666663,0.012981815112240377,0.0002987741720851591,0.008496476318534233,0.7822287184929159
PerplexDEW (Davies),isobar,0.15,324.65,0.01299757112140814,0.00029930691226112504,0.00850660337341643,0.7829335762071796
PerplexDEW (Davies),isobar,0.15,324.8833333333333,0.013013231148568852,0.0002998366287575046,0.008516661396775663,0.7836352640175269
PerplexDEW (Davies),isobar,0.15,325.1166666666667,0.013028794399582641,0.00030036328595668075,0.008526649822035395,0.7843337574687705
PerplexDEW (Davies),isobar,0.15,325.34999999999997,0.013044215941870356,0.000300885574227336,0.008536537546264475,0.7850276861348905
PerplexDEW (Davies),isobar,0.15,325.5833333333333,0.01305953885256742,0.0003014047213035292,0.008546354350648672,0.7857183635838786
PerplexDEW (Davies),isobar,0.15,325.81666666666666,0.013074740131456687,0.00030192004902906803,0.008556084303903361,0.786405088249789
PerplexDEW (Davies),isobar,0.15,326.05,0.01308981877834068,0.0003024315134411159,0.008565726694135495,0.7870878294322409
PerplexDEW (Davies),isobar,0.15,326.2833333333333,0.013104773789909277,0.00030293907038443386,0.008575280807333746,0.7877665562740155
PerplexDEW (Davies),isobar,0.15,326.51666666666665,0.013119604159761438,0.00030344267551243637,0.008584745927389207,0.7884412377564765
PerplexDEW (Davies),isobar,0.15,326.75,0.01313428641856163,0.0003039416319601852,0.008594105791962674,0.7891111583057977
PerplexDEW (Davies),isobar,0.15,326.98333333333335,0.013148864407790863,0.00030443719706789755,0.008603390722684668,0.7897776534258002
PerplexDEW (Davies),isobar,0.15,327.21666666666664,0.01316331471769028,0.0003049286761766079,0.008612584499477853,0.7904400091536623
PerplexDEW (Davies),isobar,0.15,327.45,0.013177613672219438,0.0003054153640676702,0.008621670714322006,0.7910975035885243
PerplexDEW (Davies),isobar,0.15,327.68333333333334,0.01319178277517263,0.0003058978703527357,0.008630664231281587,0.7917507912005671
PerplexDEW (Davies),isobar,0.15,327.9166666666667,0.013205821001780202,0.00030637614954116897,0.008639564321861068,0.7923998399715122
PerplexDEW (Davies),isobar,0.15,328.15,0.013219727324373487,0.00030685015595927154,0.008648370255621998,0.7930446177130891
PerplexDEW (Davies),isobar,0.15,328.3833333333333,0.01323347778956519,0.00030731917315665076,0.008657065429196052,0.793684393961238
PerplexDEW (Davies),isobar,0.15,328.6166666666667,0.013247071164068987,0.0003077831471914904,0.008665648967256006,0.7943191302210147
PerplexDEW (Davies),isobar,0.15,328.84999999999997,0.013260529267302795,0.0003082426997771829,0.008674135957272516,0.7949494898841489
PerplexDEW (Davies),isobar,0.15,329.0833333333333,0.013273827936453073,0.00030869710596385117,0.00868250964846971,0.7955747359475329
PerplexDEW (Davies),isobar,0.15,329.31666666666666,0.013286989118226986,0.00030914699235799916,0.008690785218412826,0.7961955354100219
PerplexDEW (Davies),isobar,0.15,329.55,0.013299988509895378,0.0003095916283268135,0.008698945817882992,0.7968111468711266
PerplexDEW (Davies),isobar,0.15,329.7833333333333,0.013312824861595794,0.0003100309589004155,0.00870699056059375,0.7974215308015049
PerplexDEW (Davies),isobar,0.15,330.01666666666665,0.013325496920135693,0.00031046492890183527,0.008714918558076032,0.7980266474565976
PerplexDEW (Davies),isobar,0.15,330.25,0.01333800342903359,0.00031089348294918555,0.008722728919712534,0.798626456871095
PerplexDEW (Davies),isobar,0.15,330.48333333333335,0.013350343128570736,0.00031131656545796876,0.008730420752779045,0.7992209188586191
PerplexDEW (Davies),isobar,0.15,330.71666666666664,0.01336251475583885,0.00031173412064348693,0.008737993162485358,0.7998099930103939
PerplexDEW (Davies),isobar,0.15,330.95,0.013374493382341084,0.00031214539259830136,0.008745428859337536,0.8003929182536083
PerplexDEW (Davies),isobar,0.15,331.18333333333334,0.013386324995910998,0.00031255172229203537,0.008752759682007004,0.8009710925296011
PerplexDEW (Davies),isobar,0.15,331.4166666666667,0.013397960931323491,0.0003129516507906281,0.00875995189637424,0.8015430317863397
PerplexDEW (Davies),isobar,0.15,331.65,0.01340939970896219,0.0003133451133924857,0.00876700445573098,0.8021086884160156
PerplexDEW (Davies),isobar,0.15,331.8833333333333,0.013420687715344121,0.0003137334667109913,0.008773949480344927,0.8026694721660024
PerplexDEW (Davies),isobar,0.15,332.1166666666667,0.01343175186432907,0.00031411452147660316,0.008780736309635636,0.8032231547899794
PerplexDEW (Davies),isobar,0.15,332.35,0.013442638604393976,0.0003144896366233421,0.008787397107999981,0.803771147618856
PerplexDEW (Davies),isobar,0.15,332.5833333333333,0.013453322507819896,0.00031485803585157296,0.008793914235766264,0.8043126731748377
PerplexDEW (Davies),isobar,0.15,332.81666666666666,0.013463777869454054,0.00031521893172367974,0.008800269858169616,0.8048469451659449
PerplexDEW (Davies),isobar,0.15,333.05,0.013474075816873281,0.0003155744233949106,0.0088065132491531,0.8053761263314849
PerplexDEW (Davies),isobar,0.15,333.2833333333333,0.013484117873926874,0.00031592155243192316,0.00881257614012892,0.8058972135201845
PerplexDEW (Davies),isobar,0.15,333.51666666666665,0.013493975368377256,0.00031626242583393483,0.008818507946549892,0.8064123753375873
PerplexDEW (Davies),isobar,0.15,333.75,0.013503622513899877,0.0003165962526300157,0.008824290777700236,0.8069208222023081
PerplexDEW (Davies),isobar,0.15,333.98333333333335,0.013513008691179731,0.0003169214951511199,0.00882988952643306,0.8074210073352469
PerplexDEW (Davies),isobar,0.15,334.21666666666664,0.01352220583997974,0.0003172402846269573,0.008835354039828342,0.8079151179859001
PerplexDEW (Davies),isobar,0.15,334.45,0.013531163265740165,0.0003175510802359807,0.008840649158527468,0.8084016045553908
PerplexDEW (Davies),isobar,0.15,334.68333333333334,0.013539879240265186,0.00031785380638245055,0.008845773664839237,0.8088804090576648
PerplexDEW (Davies),isobar,0.15,334.9166666666667,0.013548327200700096,0.00031814764069021016,0.008850709123719266,0.8093507161102851
PerplexDEW (Davies),isobar,0.15,335.15,0.013556555006479896,0.0003184339975677194,0.008855488696442013,0.8098139788697076
PerplexDEW (Davies),isobar,0.15,335.3833333333333,0.013564561129565974,0.00031871280922040604,0.00886011130723341,0.8102701450141425
PerplexDEW (Davies),isobar,0.15,335.6166666666667,0.013572268917391321,0.00031898174281451,0.008864523791446897,0.8107168705028429
PerplexDEW (Davies),isobar,0.15,335.85,0.01357972643004711,0.00031924222058560037,0.008868759452729693,0.8111556140872641
PerplexDEW (Davies),isobar,0.15,336.0833333333333,0.01358693192270969,0.00031949416585842164,0.008872817064384586,0.8115863155970909
PerplexDEW (Davies),isobar,0.15,336.31666666666666,0.013593833146931817,0.0003197359750563429,0.008876660378755721,0.8120073731720335
PerplexDEW (Davies),isobar,0.15,336.55,0.0136004785743884,0.00031996908670648566,0.008880322990094867,0.8124202579748265
PerplexDEW (Davies),isobar,0.15,336.78333333333336,0.013606841062470678,0.00032019265467355567,0.008883786060129928,0.8128241333804689
PerplexDEW (Davies),isobar,0.15,337.01666666666665,0.0136129186469643,0.00032040659323736746,0.0088870482103835,0.8132189306715736
PerplexDEW (Davies),isobar,0.15,337.25,0.01361868383005862,0.0003206100419012411,0.00889009035463462,0.8136038007410328
PerplexDEW (Davies),isobar,0.15,337.48333333333335,0.013624160034374892,0.00032080368365905074,0.008892928721143178,0.8139794492316872
PerplexDEW (Davies),isobar,0.15,337.7166666666667,0.013629319617539106,0.00032098665210257777,0.008895544123703747,0.8143450213970095
PerplexDEW (Davies),isobar,0.15,337.95,0.01363416039655474,0.0003211588525099976,0.008897935033186841,0.8147004395716265
PerplexDEW (Davies),isobar,0.15,338.18333333333334,0.013638654373446323,0.0003213194041047806,0.008900082015758847,0.8150448361321648
PerplexDEW (Davies),isobar,0.15,338.4166666666667,0.013642850918371027,0.0003214697809900502,0.008902019301059808,0.8153797088401904
PerplexDEW (Davies),isobar,0.15,338.65,0.01364669614679015,0.00032160831341978527,0.00890370950131187,0.8157033971591163
PerplexDEW (Davies),isobar,0.15,338.8833333333333,0.013650187658664133,0.00032173489777664497,0.008905150938786854,0.8160158140240991
PerplexDEW (Davies),isobar,0.15,339.1166666666667,0.013653323053088327,0.0003218494303690985,0.008906341936116079,0.8163168717674109
PerplexDEW (Davies),isobar,0.15,339.35,0.013656073761886026,0.0003219510073367122,0.008907262665014994,0.8166056805207418
PerplexDEW (Davies),isobar,0.15,339.5833333333333,0.013658463408487519,0.00032204031932126013,0.008907929502167077,0.8168829480242642
PerplexDEW (Davies),isobar,0.15,339.81666666666666,0.013660489591136792,0.0003221172625010387,0.00890834077273004,0.8171485847190348
PerplexDEW (Davies),isobar,0.15,340.05,0.013662097150308285,0.00032218011579707607,0.00890845820352463,0.817400878407298
PerplexDEW (Davies),isobar,0.15,340.28333333333336,0.013663309710304676,0.0003222295698188277,0.008908298175378426,0.8176405440436071
PerplexDEW (Davies),isobar,0.15,340.51666666666665,0.013664098138236226,0.00032226469795620076,0.0089078404714589,0.817866663179812
PerplexDEW (Davies),isobar,0.15,340.75,0.013664486202425198,0.00032228619657253713,0.008907101575795029,0.8180799447845207
PerplexDEW (Davies),isobar,0.15,340.98333333333335,0.013664417969152002,0.00032229231353256694,0.008906042680343503,0.8182786501880457
PerplexDEW (Davies),isobar,0.15,341.2166666666667,0.013663890406812212,0.0003222829197304734,0.008904661678864839,0.818462662425584
PerplexDEW (Davies),isobar,0.15,341.45,0.013662927290689084,0.00032225871183342165,0.008902975064866977,0.8186326826329662
PerplexDEW (Davies),isobar,0.15,341.68333333333334,0.01366147205816596,0.0003222179125841969,0.008900943597096232,0.818786955474653
PerplexDEW (Davies),isobar,0.15,341.9166666666667,0.0136595484211099,0.00032216121617233807,0.00889858372848075,0.8189261793216048
PerplexDEW (Davies),isobar,0.15,342.15,0.012239389414531602,0.00027859415644108915,0.007913883079858255,0.7742554491667383
PerplexDEW (Davies),isobar,0.15,342.3833333333333,,,,
PerplexDEW (Davies),isobar,0.15,342.6166666666667,,,,
PerplexDEW (Davies),isobar,0.15,342.85,,,,
PerplexDEW (Davies),isobar,0.15,343.0833333333333,,,,
PerplexDEW (Davies),isobar,0.15,343.31666666666666,,,,
PerplexDEW (Davies),isobar,0.15,343.55,,,,
PerplexDEW (Davies),isobar,0.15,343.78333333333336,,,,
PerplexDEW (Davies),isobar,0.15,344.01666666666665,,,,
PerplexDEW (Davies),isobar,0.15,344.25,,,,
PerplexDEW (Davies),isobar,0.15,344.48333333333335,,,,
PerplexDEW (Davies),isobar,0.15,344.7166666666667,,,,
PerplexDEW (Davies),isobar,0.15,344.95,,,,
PerplexDEW (Davies),isobar,0.15,345.18333333333334,,,,
PerplexDEW (Davies),isobar,0.15,345.4166666666667,,,,
PerplexDEW (Davies),isobar,0.15,345.65000000000003,,,,
PerplexDEW (Davies),isobar,0.15,345.8833333333333,,,,
PerplexDEW (Davies),isobar,0.15,346.1166666666667,,,,
PerplexDEW (Davies),isobar,0.15,346.35,,,,
PerplexDEW (Davies),isobar,0.15,346.58333333333337,,,,
PerplexDEW (Davies),isobar,0.15,346.81666666666666,,,,
PerplexDEW (Davies),isobar,0.15,347.05,,,,
PerplexDEW (Davies),isobar,0.1565,323.95,0.013011677602828613,0.0002994677719520865,0.008518656954474034,0.7826933585960979
PerplexDEW (Davies),isobar,0.1565,324.18333333333334,0.013028172065069408,0.0003000241154303569,0.008529302844169633,0.7834208554966776
PerplexDEW (Davies),isobar,0.1565,324.41666666666663,0.013044574671435704,0.00030057761076262494,0.008539882613626487,0.7841453126700884
PerplexDEW (Davies),isobar,0.1565,324.65,0.013060862774803055,0.0003011275936844639,0.008550380588406445,0.7848660396148729
PerplexDEW (Davies),isobar,0.1565,324.8833333333333,0.013077057322592288,0.00030167465324595726,0.008560811240091625,0.785583674229771
PerplexDEW (Davies),isobar,0.1565,325.1166666666667,0.013093146529123738,0.0003022184369253382,0.008571166397170829,0.7862978577690262
PerplexDEW (Davies),isobar,0.1565,325.34999999999997,0.013109118476456086,0.00030275858694808397,0.008581437794683934,0.7870082276201068
PerplexDEW (Davies),isobar,0.1565,325.5833333333333,0.013124994297433848,0.00030329569943814887,0.008591640035471316,0.7877154268648977
PerplexDEW (Davies),isobar,0.1565,325.81666666666666,0.013140751007044668,0.00030382909652984643,0.00860175719666991,0.7884187560870345
PerplexDEW (Davies),isobar,0.1565,326.05,0.013156398736045656,0.0003043590568081148,0.008611796269158922,0.7891185234317011
PerplexDEW (Davies),isobar,0.1565,326.2833333333333,0.013171925424509253,0.0003048852166499442,0.008621748887874297,0.7898143619524707
PerplexDEW (Davies),isobar,0.1565,326.51666666666665,0.013187341262484031,0.0003054078568363504,0.008631622085740955,0.7905065813926525
PerplexDEW (Davies),isobar,0.1565,326.75,0.01320263411866951,0.00030592661079901324,0.008641407447402556,0.7911948126076446
PerplexDEW (Davies),isobar,0.1565,326.98333333333335,0.013217814242749162,0.00030644176153222196,0.008651112048077841,0.7918793669484124
PerplexDEW (Davies),isobar,0.1565,327.21666666666664,0.013232858141226628,0.00030695261074741394,0.008660719605991764,0.7925595298507034
PerplexDEW (Davies),isobar,0.1565,327.45,0.013247776024667233,0.00030745943975605736,0.00867023716889748,0.7932356113796629
PerplexDEW (Davies),isobar,0.1565,327.68333333333334,0.013262578232577522,0.00030796253488995167,0.008679671875732443,0.7939079253079915
PerplexDEW (Davies),isobar,0.1565,327.9166666666667,0.013277252454180849,0.0003084615221591908,0.008689015184754114,0.7945760969064224
PerplexDEW (Davies),isobar,0.1565,328.15,0.013291774819994691,0.0003089556881439952,0.008698250548950966,0.7952394002873258
PerplexDEW (Davies),isobar,0.1565,328.3833333333333,0.013306189929977352,0.0003094463206190767,0.008707408830031592,0.7958991900195741
PerplexDEW (Davies),isobar,0.1565,328.6166666666667,0.0133204509955213,0.00030993203513622917,0.008716457610540473,0.7965540437191
PerplexDEW (Davies),isobar,0.1565,328.84999999999997,0.013334579830551006,0.0003104134537090806,0.008725411975742853,0.797204623366174
PerplexDEW (Davies),isobar,0.1565,329.0833333333333,0.013348552286342933,0.00031088985157403775,0.008734255181880562,0.7978501944885995
PerplexDEW (Davies),isobar,0.1565,329.31666666666666,0.013362390303959302,0.0003113618556376374,0.008743002404237213,0.798491422651356
PerplexDEW (Davies),isobar,0.1565,329.55,0.013376092842000453,0.0003118294193420136,0.00875165290283416,0.7991282751257579
PerplexDEW (Davies),isobar,0.1565,329.7833333333333,0.013389635541246753,0.0003122918093580228,0.008760189785688238,0.7997600108993577
PerplexDEW (Davies),isobar,0.1565,330.01666666666665,0.013403040534841182,0.00031274966000170446,0.00876862836406956,0.80038730097125
PerplexDEW (Davies),isobar,0.1565,330.25,0.013416283322675311,0.00031320223220356676,0.008776951646834983,0.801009399925025
PerplexDEW (Davies),isobar,0.1565,330.48333333333335,0.0134293626489058,0.0003136494706000311,0.00878515874321144,0.801626268218224
PerplexDEW (Davies),isobar,0.1565,330.71666666666664,0.013442277254310086,0.00031409131961791857,0.00879324876020619,0.8022378660931581
PerplexDEW (Davies),isobar,0.1565,330.95,0.013455049529773907,0.00031452842353481237,0.008801237191570669,0.8028448718582193
PerplexDEW (Davies),isobar,0.1565,331.18333333333334,0.013467630970606853,0.0003149593289600614,0.008809090410129294,0.8034458108053053
PerplexDEW (Davies),isobar,0.1565,331.4166666666667,0.013480067682886765,0.00031538538254505483,0.008816840342452472,0.8040420811533437
PerplexDEW (Davies),isobar,0.1565,331.65,0.013492310883329155,0.0003158051196494938,0.008824453165237316,0.8046321995145329
PerplexDEW (Davies),isobar,0.1565,331.8833333333333,0.013504406944306204,0.00031621989739631336,0.00883196099322599,0.8052175719323424
PerplexDEW (Davies),isobar,0.1565,332.1166666666667,0.01351630680322001,0.0003166282398578584,0.00883932980655203,0.8057967062642037
PerplexDEW (Davies),isobar,0.1565,332.35,0.013528033036454933,0.00031703079826976907,0.008846575230913365,0.8063702856713303
PerplexDEW (Davies),isobar,0.1565,332.5833333333333,0.013539560227375838,0.00031742679630396086,0.008853679630587107,0.8069375357291424
PerplexDEW (Davies),isobar,0.1565,332.81666666666666,0.013550911083024286,0.00031781689026635446,0.008860658723825533,0.8074991432997974
PerplexDEW (Davies),isobar,0.1565,333.05,0.013562084312791435,0.0003182010226033416,0.008867511597466243,0.8080550663572014
PerplexDEW (Davies),isobar,0.1565,333.2833333333333,0.013573054284326742,0.00031857840814445153,0.00887422046448533,0.8086045233734107
PerplexDEW (Davies),isobar,0.1565,333.51666666666665,0.013583819494039607,0.0003189489806713142,0.00888078426217125,0.8091474654131371
PerplexDEW (Davies),isobar,0.1565,333.75,0.013594378435042291,0.00031931267375865025,0.008887201925772865,0.8096838432590542
PerplexDEW (Davies),isobar,0.1565,333.98333333333335,0.013604729597228861,0.0003196694207783489,0.008893472388564083,0.8102136074061892
PerplexDEW (Davies),isobar,0.1565,334.21666666666664,0.01361489608351713,0.00032001989344393445,0.00889961164921594,0.8107374559716225
PerplexDEW (Davies),isobar,0.1565,334.45,0.013624827214856293,0.0003203625504419717,0.008905584551596726,0.8112538452379833
PerplexDEW (Davies),isobar,0.1565,334.68333333333334,0.013634546018684614,0.0003206980603171138,0.008911407041866635,0.811763470556313
PerplexDEW (Davies),isobar,0.1565,334.9166666666667,0.013644026147747262,0.00032102560874983424,0.008917060831728767,0.8122655267690198
PerplexDEW (Davies),isobar,0.1565,335.15,0.0136533156574943,0.00032134661920122694,0.008922579225150308,0.8127614696816605
PerplexDEW (Davies),isobar,0.1565,335.3833333333333,0.013662338335152808,0.00032165877472662525,0.008927909354412938,0.8132489778936391
PerplexDEW (Davies),isobar,0.1565,335.6166666666667,0.013671142300167279,0.00032196350121470915,0.008933084569246737,0.8137295087635191
PerplexDEW (Davies),isobar,0.1565,335.85,0.013679700914239503,0.00032225997238257635,0.008938086378130893,0.8142022469790425
PerplexDEW (Davies),isobar,0.1565,336.0833333333333,0.013688037606334356,0.00032254887246796894,0.008942931011904225,0.8146678992246393
PerplexDEW (Davies),isobar,0.1565,336.31666666666666,0.013696100347220828,0.00032282860540442835,0.00894758236772875,0.8151248771064963
PerplexDEW (Davies),isobar,0.1565,336.55,0.013703912490191261,0.0003230998522534939,0.008952056624155748,0.8155738843237742
PerplexDEW (Davies),isobar,0.1565,336.78333333333336,0.013711446894648743,0.0003233617662774708,0.008956334938435031,0.8160140883247298
PerplexDEW (Davies),isobar,0.1565,337.01666666666665,0.013718727049185659,0.00032361503384371545,0.008960433585175202,0.8164461965676064
PerplexDEW (Davies),isobar,0.1565,337.25,0.013725751194615589,0.0003238595773582474,0.008964351327986536,0.8168701482229219
PerplexDEW (Davies),isobar,0.1565,337.48333333333335,0.013732491971511976,0.00032409454109128943,0.008968069172009215,0.8172851026698759
PerplexDEW (Davies),isobar,0.1565,337.7166666666667,0.01373894740436153,0.00032431983862334936,0.008971585730089665,0.8176909913350825
PerplexDEW (Davies),isobar,0.1565,337.95,0.013745089775748322,0.00032453459969904066,0.008974881757336626,0.8180869611186709
PerplexDEW (Davies),isobar,0.1565,338.18333333333334,0.013750968514299562,0.0003247403021258073,0.008977991528656547,0.8184745083882714
PerplexDEW (Davies),isobar,0.1565,338.4166666666667,0.01375653008800649,0.0003249352888319965,0.008980877891131521,0.8188519926969683
PerplexDEW (Davies),isobar,0.1565,338.65,0.01376177230050498,0.00032511946427955405,0.008983539305360125,0.8192193365543692
PerplexDEW (Davies),isobar,0.1565,338.8833333333333,0.013766718977092222,0.00032529352791509775,0.008985992287134934,0.8195772555377387
PerplexDEW (Davies),isobar,0.1565,339.1166666666667,0.013771315942078822,0.000325455796599876,0.008988199234566265,0.8199240863676593
PerplexDEW (Davies),isobar,0.1565,339.35,0.01377561311246044,0.00032560776754079844,0.008990194768487666,0.8202613395665188
PerplexDEW (Davies),isobar,0.1565,339.5833333333333,0.01377955602566462,0.00032574774595813054,0.008991941087725226,0.8205873411895385
PerplexDEW (Davies),isobar,0.1565,339.81666666666666,0.013783142264942096,0.0003258756272065433,0.008993436502666973,0.8209020038228028
PerplexDEW (Davies),isobar,0.1565,340.05,0.01378639579207187,0.00032599211600720665,0.008994697628875092,0.8212060451710651
PerplexDEW (Davies),isobar,0.1565,340.28333333333336,0.013789287952061908,0.00032609630388614184,0.008995704572603616,0.8214985758175639
PerplexDEW (Davies),isobar,0.1565,340.51666666666665,0.013791789804541597,0.0003261872708524972,0.008996437241586951,0.8217786958696071
PerplexDEW (Davies),isobar,0.1565,340.75,0.013793925310502948,0.0003262657215055884,0.008996912253938703,0.8220471211657978
PerplexDEW (Davies),isobar,0.1565,340.98333333333335,0.013795638722493505,0.0003263299091590731,0.008997090916007693,0.8223021256259675
PerplexDEW (Davies),isobar,0.1565,341.2166666666667,0.01379698066711471,0.00032638135933212215,0.008997008353104931,0.8225452491812368
PerplexDEW (Davies),isobar,0.1565,341.45,0.013797895113087743,0.00032641831389545637,0.00899662567591331,0.8227747531156903
PerplexDEW (Davies),isobar,0.1565,341.68333333333334,0.01379840609604288,0.00032644148040033807,0.008995959559714698,0.8229913526188682
PerplexDEW (Davies),isobar,0.1565,341.9166666666667,0.013798484038469463,0.0003264499131526012,0.00899498947493578,0.8231941211043663
PerplexDEW (Davies),isobar,0.1565,342.15,0.013798099079592221,0.00032644265508408423,0.008993694696042059,0.8233821207154797
PerplexDEW (Davies),isobar,0.1565,342.3833333333333,0.013797275261883657,0.0003264204140522162,0.008992091907684487,0.8235560591260068
PerplexDEW (Davies),isobar,0.1565,342.6166666666667,0.013795955423614259,0.00032638138655283796,0.008990141440098727,0.8237141666632896
PerplexDEW (Davies),isobar,0.1565,342.85,0.013794163543199286,0.0003263262779377358,0.00898785993693107,0.823857148359442
PerplexDEW (Davies),isobar,0.1565,343.0833333333333,0.01379186927509093,0.00032625411180989473,0.008985226342302383,0.8239840444429433
PerplexDEW (Davies),isobar,0.1565,343.31666666666666,,,,
PerplexDEW (Davies),isobar,0.1565,343.55,,,,
PerplexDEW (Davies),isobar,0.1565,343.78333333333336,,,,
PerplexDEW (Davies),isobar,0.1565,344.01666666666665,,,,
PerplexDEW (Davies),isobar,0.1565,344.25,,,,
PerplexDEW (Davies),isobar,0.1565,344.48333333333335,,,,
PerplexDEW (Davies),isobar,0.1565,344.7166666666667,,,,
PerplexDEW (Davies),isobar,0.1565,344.95,,,,
PerplexDEW (Davies),isobar,0.1565,345.18333333333334,,,,
PerplexDEW (Davies),isobar,0.1565,345.4166666666667,,,,
PerplexDEW (Davies),isobar,0.1565,345.65000000000003,,,,
PerplexDEW (Davies),isobar,0.1565,345.8833333333333,,,,
PerplexDEW (Davies),isobar,0.1565,346.1166666666667,,,,
PerplexDEW (Davies),isobar,0.1565,346.35,,,,
PerplexDEW (Davies),isobar,0.1565,346.58333333333337,,,,
PerplexDEW (Davies),isobar,0.1565,346.81666666666666,,,,
PerplexDEW (Davies),isobar,0.1565,347.05,,,,
PerplexDEW (Davies),isobar,0.1867,310.0,0.012069547055511304,0.0002671508183890476,0.007907983257442004,0.7401981329330677
PerplexDEW (Davies),isobar,0.1867,311.010101010101,0.012161935892957831,0.000270154584754706,0.007969142620689451,0.7440425210711605
PerplexDEW (Davies),isobar,0.1867,312.020202020202,0.012253859641449191,0.0002731516912856703,0.008029949607556534,0.7478675552903022
PerplexDEW (Davies),isobar,0.1867,313.030303030303,0.012345248130031577,0.0002761397233719858,0.008090354758527646,0.7516711307917979
PerplexDEW (Davies),isobar,0.1867,314.04040404040404,0.012436047542273272,0.0002791166740371356,0.008150319871515621,0.7554516524541458
PerplexDEW (Davies),isobar,0.1867,315.050505050505,0.012526202407358692,0.0002820804583755516,0.008209805566919193,0.7592074781115487
PerplexDEW (Davies),isobar,0.1867,316.06060606060606,0.012615665337737211,0.0002850291820396715,0.008268778008462822,0.7629372152392657
PerplexDEW (Davies),isobar,0.1867,317.07070707070704,0.012704358071997927,0.00028796006385632276,0.008327182017697016,0.766638531715445
PerplexDEW (Davies),isobar,0.1867,318.0808080808081,0.012792219626952315,0.0002908707602833077,0.008384974296523361,0.7703096265139112
PerplexDEW (Davies),isobar,0.1867,319.09090909090907,0.012879166937994194,0.0002937582723910383,0.008442096256651268,0.77394802937651
PerplexDEW (Davies),isobar,0.1867,320.1010101010101,0.012965155240748602,0.0002966206349660489,0.00849851572861197,0.7775524358250949
PerplexDEW (Davies),isobar,0.1867,321.1111111111111,0.013050076467961828,0.00029945406206662755,0.008554156764046228,0.781119620530466
PerplexDEW (Davies),isobar,0.1867,322.1212121212121,0.01313386077894426,0.00030225579702190363,0.008608969783521526,0.7846475201648052
PerplexDEW (Davies),isobar,0.1867,323.1313131313131,0.013216415044051398,0.0003050223779156034,0.008662889066390662,0.7881333657380268
PerplexDEW (Davies),isobar,0.1867,324.14141414141415,0.013297653946932775,0.00030775051696632476,0.008715854252364461,0.7915746241380278
PerplexDEW (Davies),isobar,0.1867,325.1515151515151,0.013377467710703275,0.0003104361737067786,0.008767788013461241,0.7949680218428887
PerplexDEW (Davies),isobar,0.1867,326.16161616161617,0.013455765124558526,0.00031307578852093833,0.008818625825927245,0.7983108432067153
PerplexDEW (Davies),isobar,0.1867,327.17171717171715,0.01353242987594198,0.0003156650221447659,0.008868285748928104,0.8015996111711136
PerplexDEW (Davies),isobar,0.1867,328.1818181818182,0.013607330490660258,0.00031819903101691237,0.00891667529176653,0.8048303873306291
PerplexDEW (Davies),isobar,0.1867,329.19191919191917,0.013680342656543634,0.000320673115421091,0.00896370687631148,0.8079994420743234
PerplexDEW (Davies),isobar,0.1867,330.2020202020202,0.01375133820326307,0.0003230823996199782,0.009009290211971846,0.8111029197992695
PerplexDEW (Davies),isobar,0.1867,331.2121212121212,0.01382016137741609,0.00032542112598003527,0.009053315849743091,0.8141361237332682
PerplexDEW (Davies),isobar,0.1867,332.22222222222223,0.013886651302353484,0.0003276833084430156,0.009095670743279133,0.8170941886100738
PerplexDEW (Davies),isobar,0.1867,333.2323232323232,0.01395062978382416,0.0003298623656777823,0.009136229795605732,0.8199717107602931
PerplexDEW (Davies),isobar,0.1867,334.24242424242425,0.014011937386692028,0.0003319521975310365,0.009174880888511795,0.8227638265285862
PerplexDEW (Davies),isobar,0.1867,335.25252525252523,0.014070335350922825,0.000333944235551877,0.009211456838603083,0.825463263901638
PerplexDEW (Davies),isobar,0.1867,336.26262626262627,0.01412562695794489,0.00033583107799140086,0.009245819599108335,0.828063978452583
PerplexDEW (Davies),isobar,0.1867,337.27272727272725,0.014177558530400184,0.00033760350327487166,0.009277791573011365,0.830558175249726
PerplexDEW (Davies),isobar,0.1867,338.2828282828283,0.014225867947595944,0.0003392519223653478,0.009307189283546721,0.8329377554431731
PerplexDEW (Davies),isobar,0.1867,339.2929292929293,0.014270284616467142,0.0003407663772392881,0.009333823372117214,0.8351943048092731
PerplexDEW (Davies),isobar,0.1867,340.3030303030303,0.014310450135001993,0.00034213409452223413,0.009357443508717951,0.8373166977462927
PerplexDEW (Davies),isobar,0.1867,341.3131313131313,0.014346020615576069,0.0003433426064180836,0.00937780946506648,0.8392941519312536
PerplexDEW (Davies),isobar,0.1867,342.32323232323233,0.014376587055484105,0.00034437729304547085,0.009394635832132445,0.8411138153642768
PerplexDEW (Davies),isobar,0.1867,343.3333333333333,0.014401699625665253,0.00034522211116051174,0.009407608915653521,0.842761468296565
PerplexDEW (Davies),isobar,0.1867,344.34343434343435,0.01442083847312472,0.00034585866843906256,0.009416366485634799,0.8442206052733741
PerplexDEW (Davies),isobar,0.1867,345.35353535353534,0.01443338266964186,0.00034626522315797404,0.00942047624247851,0.8454714666699209
PerplexDEW (Davies),isobar,0.1867,346.3636363636364,0.014438662396862813,0.0003464182917776871,0.009419472153326973,0.8464925255529124
PerplexDEW (Davies),isobar,0.1867,347.37373737373736,9.86931339258742e-08,1.3244993120774213e-10,5.174635269560111e-08,1.3829349761056354e-05
PerplexDEW (Davies),isobar,0.1867,348.3838383838384,1.0436913192887859e-07,1.4156958756332428e-10,5.477824795581208e-08,1.4500114602723763e-05
PerplexDEW (Davies),isobar,0.1867,349.3939393939394,1.1173977749741739e-07,1.531876865780272e-10,5.870643810566083e-08,1.5392324748886993e-05
PerplexDEW (Davies),isobar,0.1867,350.4040404040404,1.2122228030331928e-07,1.6795842736189843e-10,6.375303270722411e-08,1.6557256033076804e-05
PerplexDEW (Davies),isobar,0.1867,351.4141414141414,1.3340888675065813e-07,1.868067712365569e-10,7.023316576002372e-08,1.8068103204301012e-05
PerplexDEW (Davies),isobar,0.1867,352.42424242424244,1.4907820002798e-07,2.1095789356487663e-10,7.856142109694533e-08,2.0020557034134396e-05
PerplexDEW (Davies),isobar,0.1867,353.4343434343434,1.69278866789539e-07,2.4207142373857434e-10,8.929646498181064e-08,2.2542975559937177e-05
PerplexDEW (Davies),isobar,0.1867,354.44444444444446,1.9534357894278188e-07,2.8228284928718544e-10,1.0314914462520702e-07,2.5796829064869865e-05
PerplexDEW (Davies),isobar,0.1867,355.45454545454544,2.2937282351146273e-07,3.3493257220600247e-10,1.2123891986727972e-07,3.003862049648072e-05
PerplexDEW (Davies),isobar,0.1867,356.4646464646465,2.7381846327158347e-07,4.040115663971867e-10,1.4487554426228952e-07,3.556179558702661e-05
PerplexDEW (Davies),isobar,0.1867,357.47474747474746,3.324649203144609e-07,4.9565351245125e-10,1.7607961763402471e-07,4.282148694335833e-05
PerplexDEW (Davies),isobar,0.1867,358.4848484848485,4.1047677723390827e-07,6.183124012701618e-10,2.176112864628844e-07,5.243381402610477e-05
PerplexDEW (Davies),isobar,0.1867,359.4949494949495,5.151267429608394e-07,7.839822873991906e-10,2.7336011778959004e-07,6.526131485254316e-05
PerplexDEW (Davies),isobar,0.1867,360.5050505050505,6.561269989827455e-07,1.0088781190906434e-09,3.4852655048550747e-07,8.244424893103205e-05
PerplexDEW (Davies),isobar,0.1867,361.5151515151515,8.491426044955007e-07,1.3190947268693875e-09,4.514962747881815e-07,0.00010582679447768717
PerplexDEW (Davies),isobar,0.1867,362.52525252525254,1.1136506701854816e-06,1.7477321648717615e-09,5.927161862657432e-07,0.0001376633435025687
PerplexDEW (Davies),isobar,0.1867,363.5353535353535,1.4802675803596654e-06,2.3468358694471432e-09,7.886076524668157e-07,0.0001814995697440978
PerplexDEW (Davies),isobar,0.1867,364.54545454545456,1.992475576633654e-06,3.1910837672785842e-09,1.0625158485478824e-06,0.0002423293948397305
PerplexDEW (Davies),isobar,0.1867,365.55555555555554,2.7102700588283433e-06,4.3847683384848376e-09,1.446689502666409e-06,0.00032697535057323534
PerplexDEW (Davies),isobar,0.1867,366.5656565656566,3.7290235189489634e-06,6.0940265050890434e-09,1.9924018941227216e-06,0.0004462708595384102
PerplexDEW (Davies),isobar,0.1867,367.57575757575756,5.182462258536123e-06,8.554739734647908e-09,2.771633142396658e-06,0.0006152506663323239
PerplexDEW (Davies),isobar,0.1867,368.5858585858586,7.264412382572051e-06,1.2112086112618406e-08,3.888808719373111e-06,0.0008555404194050877
PerplexDEW (Davies),isobar,0.1867,369.5959595959596,1.0262133412132932e-05,1.7281854921570757e-08,5.49881321148693e-06,0.0011989838991033836
PerplexDEW (Davies),isobar,0.1867,370.6060606060606,1.4609432518098184e-05,2.4848877706817347e-08,7.83571457665109e-06,0.0016933871620994224
PerplexDEW (Davies),isobar,0.1867,371.6161616161616,2.093070983852476e-05,3.595544590128397e-08,1.123678070091137e-05,0.0024069423930485577
PerplexDEW (Davies),isobar,0.1867,372.62626262626264,3.018109704793435e-05,5.236120729898928e-08,1.6218265232926564e-05,0.003443398232716021
PerplexDEW (Davies),isobar,0.1867,373.6363636363636,4.37770149285235e-05,7.6701059134082e-08,2.3546463966582928e-05,0.0049554219544310114
PerplexDEW (Davies),isobar,0.1867,374.64646464646466,6.384046985403685e-05,1.1295842204746904e-07,3.4370397566929435e-05,0.007170092696359332
PerplexDEW (Davies),isobar,0.1867,375.65656565656565,9.340759397841975e-05,1.6690096675815397e-07,5.0335959574434585e-05,0.01040919692401412
PerplexDEW (Davies),isobar,0.1867,376.6666666666667,0.00013727627478575421,2.4769265808951785e-07,7.40454027014621e-05,0.015179216293747267
PerplexDEW (Davies),isobar,0.1867,377.67676767676767,0.00020256727212804234,3.690751663518591e-07,0.0001093646851781431,0.022225672155643368
PerplexDEW (Davies),isobar,0.1867,378.6868686868687,0.00030002130877592955,5.519662353914653e-07,0.00016213019744953114,0.032665029054307126
PerplexDEW (Davies),isobar,0.1867,379.6969696969697,0.0004451063992111781,8.268488753435554e-07,0.00024075671230522615,0.04808996531602053
PerplexDEW (Davies),isobar,0.1867,380.7070707070707,0.0006623757613002548,1.2423835736434714e-06,0.0003586084575402676,0.07101830327667608
PerplexDEW (Davies),isobar,0.1867,381.7171717171717,0.000988469181787395,1.871933834087543e-06,0.0005356480586373218,0.10517714246153567
PerplexDEW (Davies),isobar,0.1867,382.72727272727275,0.0014789043814091212,2.827682967962252e-06,0.0008021499799328777,0.15617445177109107
PerplexDEW (Davies),isobar,0.1867,383.73737373737373,0.0022139506678112786,4.273749158534455e-06,0.0012019358033040508,0.23204460044500544
PerplexDEW (Davies),isobar,0.1867,384.74747474747477,0.0033214516322904643,6.473016719279647e-06,0.0018048365661923159,0.3455342400574516
PerplexDEW (Davies),isobar,0.1867,385.75757575757575,0.004992849667408626,9.823183434242179e-06,0.0027155250219654094,0.5155876997664455
PerplexDEW (Davies),isobar,0.1867,386.7676767676768,0.007519092761223265,1.4934182117511203e-05,0.0040932179513251815,0.7708126171844453
PerplexDEW (Davies),isobar,0.1867,387.77777777777777,0.011321779902739755,2.2700227402692898e-05,0.006168889057217131,1.1523243095232463
PerplexDEW (Davies),isobar,0.1867,388.7878787878788,,,,
PerplexDEW (Davies),isobar,0.1867,389.7979797979798,,,,
PerplexDEW (Davies),isobar,0.1867,390.80808080808083,,,,
PerplexDEW (Davies),isobar,0.1867,391.8181818181818,,,,
PerplexDEW (Davies),isobar,0.1867,392.82828282828285,,,,
PerplexDEW (Davies),isobar,0.1867,393.83838383838383,,,,
PerplexDEW (Davies),isobar,0.1867,394.8484848484849,,,,
PerplexDEW (Davies),isobar,0.1867,395.85858585858585,,,,
PerplexDEW (Davies),isobar,0.1867,396.8686868686869,,,,
PerplexDEW (Davies),isobar,0.1867,397.8787878787879,,,,
PerplexDEW (Davies),isobar,0.1867,398.8888888888889,,,,
PerplexDEW (Davies),isobar,0.1867,399.8989898989899,,,,
PerplexDEW (Davies),isobar,0.1867,400.90909090909093,,,,
PerplexDEW (Davies),isobar,0.1867,401.9191919191919,,,,
PerplexDEW (Davies),isobar,0.1867,402.92929292929296,,,,
PerplexDEW (Davies),isobar,0.1867,403.93939393939394,,,,
PerplexDEW (Davies),isobar,0.1867,404.949494949495,,,,
PerplexDEW (Davies),isobar,0.1867,405.95959595959596,,,,
PerplexDEW (Davies),isobar,0.1867,406.969696969697,,,,
PerplexDEW (Davies),isobar,0.1867,407.979797979798,,,,
PerplexDEW (Davies),isobar,0.1867,408.98989898989896,,,,
PerplexDEW (Davies),isobar,0.1867,410.0,,,,
PerplexDEW (Davies),isobar,0.2,317.6,0.012842667847471902,0.00029205549397302096,0.008421175885919813,0.7713828120923594
PerplexDEW (Davies),isobar,0.2,318.1333333333334,0.01289038075156223,0.00029363646991352785,0.00845260926921335,0.773358170744841
PerplexDEW (Davies),isobar,0.2,318.6666666666667,0.0129378717730652,0.0002952121030357752,0.008483878817156157,0.7753253956009213
PerplexDEW (Davies),isobar,0.2,319.20000000000005,0.012985134822227334,0.00029678212549465215,0.008514980154131768,0.7772843109902335
PerplexDEW (Davies),isobar,0.2,319.73333333333335,0.013032163753745659,0.00029834626597072765,0.008545908857791773,0.7792347384721257
PerplexDEW (Davies),isobar,0.2,320.2666666666667,0.013078942066240069,0.00029990395857962726,0.00857665334562797,0.7811761863747211
PerplexDEW (Davies),isobar,0.2,320.8,0.013125442547434023,0.0003014543290562593,0.008607194623438816,0.7831078401770566
PerplexDEW (Davies),isobar,0.2,321.33333333333337,0.01317167912843796,0.00030299766382860894,0.008637542137821409,0.7850301288832952
PerplexDEW (Davies),isobar,0.2,321.8666666666667,0.013217634708273203,0.00030453336957444256,0.008667683880943251,0.786942543381679
PerplexDEW (Davies),isobar,0.2,322.40000000000003,0.013263291840254465,0.0003060608380738248,0.008697607599891018,0.7888445647216777
PerplexDEW (Davies),isobar,0.2,322.93333333333334,0.013308643387681233,0.0003075797511103062,0.008727308169160841,0.7907359850837588
PerplexDEW (Davies),isobar,0.2,323.4666666666667,0.013353660688173495,0.00030908917068439795,0.008756765566587405,0.7926159482207297
PerplexDEW (Davies),isobar,0.2,324.0,0.013398357653762924,0.0003105893752764187,0.00878598922564688,0.7944848801260092
PerplexDEW (Davies),isobar,0.2,324.53333333333336,0.013442705204000269,0.00031207940749639957,0.008814958828234831,0.7963419119761379
PerplexDEW (Davies),isobar,0.2,325.06666666666666,0.01348669551183946,0.0003135589160738578,0.008843668760333968,0.7981868147788623
PerplexDEW (Davies),isobar,0.2,325.6,0.013530320685399,0.0003150275456570052,0.00887211336235476,0.8000193570993603
PerplexDEW (Davies),isobar,0.2,326.1333333333333,0.013573550564211286,0.0003164842916734594,0.008900271551783977,0.8018386384481176
PerplexDEW (Davies),isobar,0.2,326.6666666666667,0.013616365500060705,0.0003179284471898184,0.008928129517467687,0.8036440745797147
PerplexDEW (Davies),isobar,0.2,327.2,0.013658767979970229,0.00031935994608809384,0.008955688777759017,0.805435745119743
PerplexDEW (Davies),isobar,0.2,327.73333333333335,0.013700738067537714,0.0003207780667847758,0.008982935318647405,0.8072130561633897
PerplexDEW (Davies),isobar,0.2,328.26666666666665,0.013742266859082607,0.00032218240589054515,0.009009862766653647,0.8089757442708116
PerplexDEW (Davies),isobar,0.2,328.8,0.013783310938440718,0.0003235715426249125,0.009036440827943977,0.8107225115587587
PerplexDEW (Davies),isobar,0.2,329.33333333333337,0.01382389524714116,0.0003249460594549335,0.009062686579521813,0.8124541074711421
PerplexDEW (Davies),isobar,0.2,329.8666666666667,0.013863952496499172,0.0003263038205275331,0.009088553170059806,0.8141685187627815
PerplexDEW (Davies),isobar,0.2,330.40000000000003,0.01390349576985992,0.00032764505215688645,0.009114049454543112,0.815866138145081
PerplexDEW (Davies),isobar,0.2,330.93333333333334,0.013942491533398715,0.0003289686004814459,0.009139151969077882,0.8175459621164333
PerplexDEW (Davies),isobar,0.2,331.4666666666667,0.013980929293857679,0.00033027398836135767,0.009163853221772737,0.8192076757324395
PerplexDEW (Davies),isobar,0.2,332.0,0.014018798483197648,0.0003315607339079602,0.00918814566955405,0.8208509605244032
PerplexDEW (Davies),isobar,0.2,332.53333333333336,0.014056040350395897,0.0003328269119835726,0.009211988342336178,0.822474057014831
PerplexDEW (Davies),isobar,0.2,333.06666666666666,0.014092667441566092,0.00033407271849503743,0.009235389723790881,0.8240773354645335
PerplexDEW (Davies),isobar,0.2,333.6,0.014128644115332751,0.00033529690583879797,0.009258324867891039,0.8256597246947981
PerplexDEW (Davies),isobar,0.2,334.1333333333333,0.014163934015416688,0.00033649819566807003,0.009280768325363061,0.8272201310653763
PerplexDEW (Davies),isobar,0.2,334.6666666666667,0.014198524759461852,0.0003376760237939734,0.009302711281106244,0.8287581753020783
PerplexDEW (Davies),isobar,0.2,335.2,0.014232403886093589,0.00033882982099412166,0.009324144867239335,0.8302734737290642
PerplexDEW (Davies),isobar,0.2,335.73333333333335,0.014265508821121476,0.00033995749637399686,0.009345025425393193,0.8317641447505449
PerplexDEW (Davies),isobar,0.2,336.26666666666665,0.014297825973682461,0.0003410584310888208,0.009365343296224068,0.8332297669237011
PerplexDEW (Davies),isobar,0.2,336.8,0.014329341672072114,0.0003421320011401382,0.009385088767338703,0.8346699137956849
PerplexDEW (Davies),isobar,0.2,337.3333333333333,0.01436001665792234,0.0003431767991202538,0.009404234359171603,0.8360833925646721
PerplexDEW (Davies),isobar,0.2,337.8666666666667,0.014389785265268646,0.000344190600661832,0.009422734245585299,0.837468219355474
PerplexDEW (Davies),isobar,0.2,338.4,0.014418657943468327,0.00034517349793541794,0.009440595464931686,0.8388246786706413
PerplexDEW (Davies),isobar,0.2,338.93333333333334,0.014446593716395378,0.0003461240077787208,0.009457789340341034,0.8401515166571369
PerplexDEW (Davies),isobar,0.2,339.4666666666667,0.014473524697671738,0.0003470398094054007,0.009474268495537229,0.8414466720933156
PerplexDEW (Davies),isobar,0.2,340.0,0.014499407928612434,0.00034791933473683534,0.009490002867910154,0.8427088231323723
PerplexDEW (Davies),isobar,0.2,340.53333333333336,0.014524252713840733,0.00034876262170062264,0.009504998714639003,0.8439381990466537
PerplexDEW (Davies),isobar,0.2,341.06666666666666,0.01454796226316195,0.0003495664264157002,0.009519188571042541,0.8451318698981322
PerplexDEW (Davies),isobar,0.2,341.6,0.014570518221231621,0.0003503299165822246,0.009532559478208929,0.8462892274840421
PerplexDEW (Davies),isobar,0.2,342.1333333333333,0.014591848141022374,0.0003510505752143183,0.009545060886601215,0.8474080458714109
PerplexDEW (Davies),isobar,0.2,342.6666666666667,0.014611932514699928,0.0003517275192140308,0.009556679046538239,0.8484876737900271
PerplexDEW (Davies),isobar,0.2,343.2,0.014630697071318501,0.0003523581532456202,0.009567362147384472,0.8495258149739069
PerplexDEW (Davies),isobar,0.2,343.73333333333335,0.014648066121404024,0.0003529398219986212,0.009577057393900096,0.8505201205915429
PerplexDEW (Davies),isobar,0.2,344.26666666666665,0.01466396255726177,0.00035346981025381947,0.009585711008590004,0.8514681880418772
PerplexDEW (Davies),isobar,0.2,344.8,0.01467839143837323,0.00035394796834634556,0.009593326354750825,0.8523700642061437
PerplexDEW (Davies),isobar,0.2,345.3333333333333,0.014691246336383358,0.0003543706432077676,0.00959982929027188,0.8532224456047557
PerplexDEW (Davies),isobar,0.2,345.8666666666667,0.014702418735313152,0.00035473409459201184,0.009605144227673177,0.85402194925467
PerplexDEW (Davies),isobar,0.2,346.4,0.014711854786904276,0.0003550362880516741,0.0096092336081726,0.8547668147278992
PerplexDEW (Davies),isobar,0.2,346.93333333333334,0.014719471395205321,0.00035527425615441684,0.009612039552476968,0.8554543870117888
PerplexDEW (Davies),isobar,0.2,347.46666666666664,0.014725126652571351,0.000355443153424428,0.009613463298584094,0.8560802222086411
PerplexDEW (Davies),isobar,0.2,348.0,0.014728791479847165,0.0003555416917066118,0.009613484578159436,0.8566432448821307
PerplexDEW (Davies),isobar,0.2,348.5333333333333,0.014730320582455924,0.00035556488595998295,0.009612002325166857,0.8571388577063338
PerplexDEW (Davies),isobar,0.2,349.06666666666666,2.3517012729327517e-07,3.212939977570127e-10,1.2351425140591512e-07,3.2484594905627055e-05
PerplexDEW (Davies),isobar,0.2,349.6,2.3261483732129893e-07,3.195897628669801e-10,1.222377390410599e-07,3.198751020948036e-05
PerplexDEW (Davies),isobar,0.2,350.1333333333333,2.301127988601661e-07,3.179267519104407e-10,1.2098771159691175e-07,3.150177240215982e-05
PerplexDEW (Davies),isobar,0.2,350.6666666666667,2.2766639256838729e-07,3.163092914079772e-10,1.1976546882690143e-07,3.1027571700111134e-05
PerplexDEW (Davies),isobar,0.2,351.2,2.252782068303593e-07,3.147420812786842e-10,1.1857242246919345e-07,3.056512229038614e-05
PerplexDEW (Davies),isobar,0.2,351.73333333333335,2.2295105751512662e-07,3.1323023132550136e-10,1.1741010685333775e-07,3.0114664451036584e-05
PerplexDEW (Davies),isobar,0.2,352.26666666666665,2.2068800946805837e-07,3.1177930132102007e-10,1.1628019053518512e-07,2.9676466835087055e-05
PerplexDEW (Davies),isobar,0.2,352.8,2.1849240024042153e-07,3.1039534539236224e-10,1.1518448914643228e-07,2.925082898859121e-05
PerplexDEW (Davies),isobar,0.2,353.3333333333333,2.163678663281851e-07,3.0908496123058445e-10,1.1412497960641654e-07,2.8838084131172468e-05
PerplexDEW (Davies),isobar,0.2,353.8666666666667,2.143407076074621e-07,3.078874280862942e-10,1.131156030778876e-07,2.844156599016772e-05
PerplexDEW (Davies),isobar,0.2,354.4,2.1239213344530676e-07,3.0677774612434885e-10,1.1214652140753438e-07,2.805859172245429e-05
PerplexDEW (Davies),isobar,0.2,354.93333333333334,2.105052813141365e-07,3.057331330653334e-10,1.1120889391736729e-07,2.7686778238563083e-05
PerplexDEW (Davies),isobar,0.2,355.46666666666664,2.087287712241054e-07,3.04825910024323e-10,1.103284733289329e-07,2.7332358182137794e-05
PerplexDEW (Davies),isobar,0.2,356.0,2.0704624614955995e-07,3.040345591229232e-10,1.0949670311968169e-07,2.6992982767862656e-05
PerplexDEW (Davies),isobar,0.2,356.5333333333333,2.0546381940687344e-07,3.0337023167032524e-10,1.0871689809823768e-07,2.6669259856249428e-05
PerplexDEW (Davies),isobar,0.2,357.06666666666666,2.039881826642318e-07,3.028451527887824e-10,1.0799268586076118e-07,2.6361860377864698e-05
PerplexDEW (Davies),isobar,0.2,357.59999999999997,2.0264596787447495e-07,3.025015495024168e-10,1.0733826327367233e-07,2.60740081465847e-05
PerplexDEW (Davies),isobar,0.2,358.1333333333333,2.0138731388299828e-07,3.022677280197696e-10,1.0672731816361825e-07,2.579907033760102e-05
PerplexDEW (Davies),isobar,0.2,358.66666666666663,2.0029720541414057e-07,3.0227388278387697e-10,1.0620498323183654e-07,2.554772778313376e-05
PerplexDEW (Davies),isobar,0.2,359.2,1.9934666468961324e-07,3.024800997538993e-10,1.0575602629912172e-07,2.5316002124243984e-05
PerplexDEW (Davies),isobar,0.2,359.73333333333335,1.9854627388960445e-07,3.029058916666545e-10,1.0538618088599869e-07,2.5104984566123646e-05
PerplexDEW (Davies),isobar,0.2,360.26666666666665,1.978912072535218e-07,3.0354751365136793e-10,1.0509300930461344e-07,2.4913806288727967e-05
PerplexDEW (Davies),isobar,0.2,360.79999999999995,1.9742794377745347e-07,3.0448021179847793e-10,1.0490132853424509e-07,2.4748043288012664e-05
PerplexDEW (Davies),isobar,0.2,361.3333333333333,1.9715357823176068e-07,3.057042379347104e-10,1.048097530167829e-07,2.4607010273054864e-05
PerplexDEW (Davies),isobar,0.2,361.8666666666667,1.9708381802761036e-07,3.0724879878978154e-10,1.0482679351361977e-07,2.44923451402424e-05
PerplexDEW (Davies),isobar,0.2,362.4,1.9724961594134356e-07,3.091675606841801e-10,1.0496909070337359e-07,2.4407542434065667e-05
PerplexDEW (Davies),isobar,0.2,362.93333333333334,1.9764231398006147e-07,3.114528541684346e-10,1.0523222854600742e-07,2.4351154580477953e-05
PerplexDEW (Davies),isobar,0.2,363.46666666666664,1.98297729193468e-07,3.1416722302533827e-10,1.0563547345422172e-07,2.432721307656494e-05
PerplexDEW (Davies),isobar,0.2,364.0,1.9925050971127613e-07,3.1737261133390986e-10,1.0619750757918437e-07,2.4339535790849644e-05
PerplexDEW (Davies),isobar,0.2,364.5333333333333,2.00514393449457e-07,3.210987117842116e-10,1.0692589990381543e-07,2.43893298729164e-05
PerplexDEW (Davies),isobar,0.2,365.06666666666666,2.0211042484854075e-07,3.25387507879032e-10,1.0783213211522564e-07,2.4478664470405817e-05
PerplexDEW (Davies),isobar,0.2,365.59999999999997,2.0409711865707888e-07,3.3034241364586385e-10,1.0894771004551797e-07,2.461409001459664e-05
PerplexDEW (Davies),isobar,0.2,366.1333333333333,2.064803347641822e-07,3.3598324985510604e-10,1.1027608096465668e-07,2.4795719876094328e-05
PerplexDEW (Davies),isobar,0.2,366.66666666666663,2.0932764972796135e-07,3.424310732380186e-10,1.1185367594631281e-07,2.5031042540923012e-05
PerplexDEW (Davies),isobar,0.2,367.2,2.126712666857755e-07,3.49751196127929e-10,1.1369808745855086e-07,2.5323204739235326e-05
PerplexDEW (Davies),isobar,0.2,367.7333333333333,2.1656309165452022e-07,3.5804271846364483e-10,1.1583748095463141e-07,2.5677632744852016e-05
PerplexDEW (Davies),isobar,0.2,368.26666666666665,2.2106609419709432e-07,3.67425043706064e-10,1.1830599803743634e-07,2.610096392490827e-05
PerplexDEW (Davies),isobar,0.2,368.79999999999995,2.2624891143599718e-07,3.78029366197233e-10,1.2114088209586444e-07,2.660038624194211e-05
PerplexDEW (Davies),isobar,0.2,369.3333333333333,2.3218350846389858e-07,3.8999501186413216e-10,1.2438123245642037e-07,2.7183352081088236e-05
PerplexDEW (Davies),isobar,0.2,369.8666666666667,2.3894967895904787e-07,4.0347720747098e-10,1.2807042087945792e-07,2.7858096653664957e-05
PerplexDEW (Davies),isobar,0.2,370.4,2.466622729989826e-07,4.1869366954348687e-10,1.3227070260736528e-07,2.863678189337046e-05
PerplexDEW (Davies),isobar,0.2051,317.6,0.012877264939226604,0.0002930196034582934,0.008445064488519881,0.7724386949280633
PerplexDEW (Davies),isobar,0.2051,318.1333333333334,0.012925513067756854,0.0002946180929119069,0.00847687204897221,0.7744293553999201
PerplexDEW (Davies),isobar,0.2051,318.6666666666667,0.01297355481380969,0.00029621175004535265,0.008508526584378237,0.7764123425125249
PerplexDEW (Davies),isobar,0.2051,319.20000000000005,0.013021384329964135,0.00029780031699785996,0.008540023890506086,0.7783874877002268
PerplexDEW (Davies),isobar,0.2051,319.73333333333335,0.013068975263777592,0.00029938295595321107,0.008571345581526774,0.7803540017318908
PerplexDEW (Davies),isobar,0.2051,320.2666666666667,0.013116341829889855,0.0003009599679464304,0.008602501305660338,0.7823123219850905
PerplexDEW (Davies),isobar,0.2051,320.8,0.013163446916261057,0.000302530203497732,0.008633465230054448,0.7842613351971618
PerplexDEW (Davies),isobar,0.2051,321.33333333333337,0.013210294255924564,0.0003040936626971168,0.008664239753122121,0.7862011621227495
PerplexDEW (Davies),isobar,0.2051,321.8666666666667,0.013256866788043591,0.00030564975432934276,0.00869481289419182,0.7881312958963341
PerplexDEW (Davies),isobar,0.2051,322.40000000000003,0.01330316827067648,0.000307198476685548,0.008725187069342052,0.7900518571093157
PerplexDEW (Davies),isobar,0.2051,322.93333333333334,0.013349170727172038,0.00030873892051443396,0.008755342740430104,0.7919620103726329
PerplexDEW (Davies),isobar,0.2051,323.4666666666667,0.013394866996308817,0.0003102707658644438,0.008785274763711208,0.7938615475815834
PerplexDEW (Davies),isobar,0.2051,324.0,0.01344024985519689,0.00031179368891141363,0.008814977951842114,0.7957502584384825
PerplexDEW (Davies),isobar,0.2051,324.53333333333336,0.013485290270174378,0.0003133067345446008,0.008844432017543095,0.7976272772660534
PerplexDEW (Davies),isobar,0.2051,325.06666666666666,0.013530002349058233,0.0003148101869157477,0.008873646533627906,0.7994930343897628
PerplexDEW (Davies),isobar,0.2051,325.6,0.013574345614082708,0.0003163027517452351,0.008902593281352119,0.801346320782261
PerplexDEW (Davies),isobar,0.2051,326.1333333333333,0.01361832302098469,0.0003177843854794294,0.008931274109267624,0.8031872313077524
PerplexDEW (Davies),isobar,0.2051,326.6666666666667,0.013661915413203472,0.0003192544012388822,0.00895967555249989,0.8050151970026371
PerplexDEW (Davies),isobar,0.2051,327.2,0.013705114516170859,0.0003207124245686581,0.008987791680195006,0.8068299749368865
PerplexDEW (Davies),isobar,0.2051,327.73333333333335,0.013747900664902786,0.00032215774526759503,0.009015608668220869,0.8086309806134935
PerplexDEW (Davies),isobar,0.2051,328.26666666666665,0.01379025382375007,0.0003235896367777036,0.009043112430429351,0.8104176184415021
PerplexDEW (Davies),isobar,0.2051,328.8,0.013832153583207297,0.00032500735600168607,0.009070288616525063,0.812189281555332
PerplexDEW (Davies),isobar,0.2051,329.33333333333337,0.013873590710753022,0.00032641048386598007,0.009097130619774529,0.8139456970037201
PerplexDEW (Davies),isobar,0.2051,329.8666666666667,0.013914555903138474,0.000327798596815985,0.009123631784366192,0.8156865888577041
PerplexDEW (Davies),isobar,0.2051,330.40000000000003,0.013955016369117668,0.0003291705729077594,0.009149769166785726,0.8174109787309763
PerplexDEW (Davies),isobar,0.2051,330.93333333333334,0.01399496219776716,0.0003305259608523798,0.009175535683125641,0.819118571454305
PerplexDEW (Davies),isobar,0.2051,331.4666666666667,0.014034359674433823,0.00033186359819327855,0.0092009077384477,0.8208083603043378
PerplexDEW (Davies),isobar,0.2051,332.0,0.01407322215914918,0.00033318371823928903,0.00922589438694589,0.8224807429200268
PerplexDEW (Davies),isobar,0.2051,332.53333333333336,0.014111491429688408,0.0003344844172187118,0.009250455026090301,0.8241339796128383
PerplexDEW (Davies),isobar,0.2051,333.06666666666666,0.014149180539002142,0.0003357659125653333,0.009274598496279719,0.8257684564679818
PerplexDEW (Davies),isobar,0.2051,333.6,0.014186230005610747,0.0003370262460754131,0.009298283307426172,0.8273823948737844
PerplexDEW (Davies),isobar,0.2051,334.1333333333333,0.014222652570137257,0.0003382656189864205,0.009321518083274156,0.8289761687297204
PerplexDEW (Davies),isobar,0.2051,334.6666666666667,0.014258387478727144,0.0003394820179204755,0.009344260438033368,0.8305479594151597
PerplexDEW (Davies),isobar,0.2051,335.2,0.014293447155494006,0.00034067562765750597,0.009366518776818978,0.8320981279830166
PerplexDEW (Davies),isobar,0.2051,335.73333333333335,0.014327769562401428,0.00034184437897804263,0.009388249811091848,0.8336248146739796
PerplexDEW (Davies),isobar,0.2051,336.26666666666665,0.01436136680412176,0.00034298844001367986,0.009409461726385463,0.8351283670037567
PerplexDEW (Davies),isobar,0.2051,336.8,0.014394175548155764,0.0003441056851227766,0.009430110325634686,0.8366068828992468
PerplexDEW (Davies),isobar,0.2051,337.3333333333333,0.014426182076682949,0.00034519548715130906,0.009450185861424761,0.8380599360459546
PerplexDEW (Davies),isobar,0.2051,337.8666666666667,0.014457346925950269,0.00034625642857466634,0.009469660704395023,0.8394863306038212
PerplexDEW (Davies),isobar,0.2051,338.4,0.014487655725074385,0.00034728785182772744,0.009488524654707816,0.8408856152743418
PerplexDEW (Davies),isobar,0.2051,338.93333333333334,0.014517068027076207,0.00034828829543997477,0.00950674939819825,0.8422565589502998
PerplexDEW (Davies),isobar,0.2051,339.4666666666667,0.014545542643046245,0.00034925626567674183,0.009524306102343493,0.843597904941032
PerplexDEW (Davies),isobar,0.2051,340.0,0.014573037639516362,0.00035019023640037465,0.009541165415139084,0.8449083704736089
PerplexDEW (Davies),isobar,0.2051,340.53333333333336,0.014599510336303812,0.0003510886489596538,0.009557297464366076,0.8461866461769976
PerplexDEW (Davies),isobar,0.2051,341.06666666666666,0.014624943973192113,0.00035195073856800186,0.009572690394398446,0.8474321903739402
PerplexDEW (Davies),isobar,0.2051,341.6,0.014649268041805219,0.000352774068807401,0.009587294993160276,0.8486428498780058
PerplexDEW (Davies),isobar,0.2051,342.1333333333333,0.014672437616015704,0.0003535569832217028,0.009601079828896878,0.849817241949422
PerplexDEW (Davies),isobar,0.2051,342.6666666666667,0.014694434196500952,0.00035429864014693976,0.009614031846439101,0.8509547513287087
PerplexDEW (Davies),isobar,0.2051,343.2,0.01471518452322112,0.000354996484601018,0.009626099923691414,0.8520531277009392
PerplexDEW (Davies),isobar,0.2051,343.73333333333335,0.014734641426439017,0.0003556487625814555,0.009637251080487866,0.8531108907846388
PerplexDEW (Davies),isobar,0.2051,344.26666666666665,0.014752729303765378,0.00035625281923980717,0.009647432570430901,0.8541257027512961
PerplexDEW (Davies),isobar,0.2051,344.8,0.014769426846224424,0.00035680769064659157,0.009656629409590231,0.8550968372932447
PerplexDEW (Davies),isobar,0.2051,345.3333333333333,0.014784628598878304,0.0003573097611230817,0.00966476810427649,0.85602104401161
PerplexDEW (Davies),isobar,0.2051,345.8666666666667,0.01479828340755886,0.0003577571063992542,0.009671812932359643,0.8568966820885391
PerplexDEW (Davies),isobar,0.2051,346.4,0.014810311015597809,0.00035814687404877096,0.009677707942603656,0.857721227225359
PerplexDEW (Davies),isobar,0.2051,346.93333333333334,0.014820658307404578,0.0003584770566358311,0.009682416076063436,0.8584929524719773
PerplexDEW (Davies),isobar,0.2051,347.46666666666664,0.014829185295121491,0.00035874288281825773,0.0096858398608385,0.8592075116141938
PerplexDEW (Davies),isobar,0.2051,348.0,0.014835893692481908,0.00035894405838597426,0.009687980414819157,0.8598647858969888
PerplexDEW (Davies),isobar,0.2051,348.5333333333333,0.014840582443780498,0.00035907383877226346,0.009688697823048625,0.8604585544918248
PerplexDEW (Davies),isobar,0.2051,349.06666666666666,0.014843192570573717,0.00035912997271780726,0.009687951031927043,0.8609868319978528
PerplexDEW (Davies),isobar,0.2051,349.6,3.6778625831165277e-07,5.053016216429576e-10,1.932695310892477e-07,5.057535920446893e-05
PerplexDEW (Davies),isobar,0.2051,350.1333333333333,3.6362842039895333e-07,5.023933280171489e-10,1.9118697675384195e-07,4.9779723453675654e-05
PerplexDEW (Davies),isobar,0.2051,350.6666666666667,3.5947872844710034e-07,4.994430387795471e-10,1.8910625250622642e-07,4.8991698547087205e-05
PerplexDEW (Davies),isobar,0.2051,351.2,3.55413711827091e-07,4.965575091113806e-10,1.8706764964535037e-07,4.8221594519672056e-05
PerplexDEW (Davies),isobar,0.2051,351.73333333333335,3.514334258922309e-07,4.937384427220792e-10,1.8507127271370293e-07,4.746920756363045e-05
PerplexDEW (Davies),isobar,0.2051,352.26666666666665,3.4746517310703673e-07,4.908847772384493e-10,1.8307889275580535e-07,4.6724552906041964e-05
PerplexDEW (Davies),isobar,0.2051,352.8,3.4354747996848576e-07,4.880511855828517e-10,1.8111083416202403e-07,4.59927121119428e-05
PerplexDEW (Davies),isobar,0.2051,353.3333333333333,3.396818167760022e-07,4.852406230265809e-10,1.7916791879089076e-07,4.527373706117586e-05
PerplexDEW (Davies),isobar,0.2051,353.8666666666667,3.358697724163212e-07,4.82456270109567e-10,1.7725103262300775e-07,4.45676936494568e-05
PerplexDEW (Davies),isobar,0.2051,354.4,3.321828459523037e-07,4.798023441596037e-10,1.753979770222368e-07,4.388388138130646e-05
PerplexDEW (Davies),isobar,0.2051,354.93333333333334,3.28482551086602e-07,4.770803774293456e-10,1.735356987209213e-07,4.3203816458855046e-05
PerplexDEW (Davies),isobar,0.2051,355.46666666666664,3.248414549306817e-07,4.743957047373554e-10,1.717025472283862e-07,4.25369756330604e-05
PerplexDEW (Davies),isobar,0.2051,356.0,3.213291547490283e-07,4.718516319427088e-10,1.6993538217084454e-07,4.189228176092153e-05
PerplexDEW (Davies),isobar,0.2051,356.5333333333333,3.178123596665201e-07,4.692541565932837e-10,1.681637863435093e-07,4.125216532043898e-05
PerplexDEW (Davies),isobar,0.2051,357.06666666666666,3.1442764540812353e-07,4.668056258192099e-10,1.6646006353562974e-07,4.063423838611571e-05
PerplexDEW (Davies),isobar,0.2051,357.59999999999997,3.111103278907273e-07,4.6441239894736055e-10,1.6479006488646202e-07,4.0029909263016557e-05
PerplexDEW (Davies),isobar,0.2051,358.1333333333333,3.0779923282520084e-07,4.619840133967146e-10,1.6312142971650468e-07,3.9431184235012e-05
PerplexDEW (Davies),isobar,0.2051,358.66666666666663,3.046267101216935e-07,4.597200640032663e-10,1.6152434324249652e-07,3.8854891762580884e-05
PerplexDEW (Davies),isobar,0.2051,359.2,3.0153127693821684e-07,4.575303901590769e-10,1.5996630604845835e-07,3.829295159916546e-05
PerplexDEW (Davies),isobar,0.2051,359.73333333333335,2.985167271303658e-07,4.554224117347985e-10,1.5844939876378076e-07,3.774567606067986e-05
PerplexDEW (Davies),isobar,0.2051,360.26666666666665,2.955871826466255e-07,4.534041913640518e-10,1.5697588028874652e-07,3.7213412401322216e-05
PerplexDEW (Davies),isobar,0.2051,360.79999999999995,2.9274712436995754e-07,4.5148449688572255e-10,1.5554820462223377e-07,3.6696545889160985e-05
PerplexDEW (Davies),isobar,0.2051,361.3333333333333,2.900014261889256e-07,4.4967287049641107e-10,1.5416903945553624e-07,3.619550319927408e-05
PerplexDEW (Davies),isobar,0.2051,361.8666666666667,2.8735539269582583e-07,4.4797970544457517e-10,1.528412867498759e-07,3.571075616363793e-05
PerplexDEW (Davies),isobar,0.2051,362.4,2.8481480096664206e-07,4.464163312149129e-10,1.5156810554647218e-07,3.5242825922502115e-05
PerplexDEW (Davies),isobar,0.2051,362.93333333333334,2.824137896109657e-07,4.450389838320037e-10,1.5036776178086667e-07,3.479571798254329e-05
PerplexDEW (Davies),isobar,0.2051,363.46666666666664,2.8013030088013715e-07,4.4381604363331367e-10,1.4922862212283015e-07,3.436647389434691e-05
PerplexDEW (Davies),isobar,0.2051,364.0,2.7794502362470397e-07,4.427195406136915e-10,1.4814049275371973e-07,3.395251998726046e-05
PerplexDEW (Davies),isobar,0.2051,364.5333333333333,2.7594630850022635e-07,4.4189327316846384e-10,1.4715057005503824e-07,3.3564420743079096e-05
PerplexDEW (Davies),isobar,0.2051,365.06666666666666,2.7403723679824964e-07,4.411858141784319e-10,1.4620729972550826e-07,3.319012050361847e-05
PerplexDEW (Davies),isobar,0.2051,365.59999999999997,2.723309282606856e-07,4.4078239333627883e-10,1.4537114069064509e-07,3.284309783614672e-05
PerplexDEW (Davies),isobar,0.2051,366.1333333333333,2.707856039104541e-07,4.4062011556513886e-10,1.4461994726514347e-07,3.251799993129565e-05
PerplexDEW (Davies),isobar,0.2051,366.66666666666663,2.693892462964336e-07,4.406833608097802e-10,1.4394743094657278e-07,3.221312187870132e-05
PerplexDEW (Davies),isobar,0.2051,367.2,2.681795638920432e-07,4.410378982944643e-10,1.4337387430251598e-07,3.193270722706785e-05
PerplexDEW (Davies),isobar,0.2051,367.7333333333333,2.671926638209206e-07,4.4174819498962806e-10,1.4291874399978383e-07,3.1680736635755834e-05
PerplexDEW (Davies),isobar,0.2051,368.26666666666665,2.664202978587923e-07,4.4280629793269393e-10,1.4257780824058418e-07,3.145588505626049e-05
PerplexDEW (Davies),isobar,0.2051,368.79999999999995,2.6587933527780443e-07,4.4424597394496065e-10,1.4236027459983305e-07,3.125980107747789e-05
PerplexDEW (Davies),isobar,0.2051,369.3333333333333,2.655883788176495e-07,4.4610453811251353e-10,1.4227629713009848e-07,3.109430681336264e-05
PerplexDEW (Davies),isobar,0.2051,369.8666666666667,2.6558646029692206e-07,4.4845450441574625e-10,1.4234699898354466e-07,3.096357373082482e-05
PerplexDEW (Davies),isobar,0.2051,370.4,2.6587572170727774e-07,4.5130720503361075e-10,1.4257376310209376e-07,3.0867418670929794e-05
PerplexDEW (Davies),isobar,0.221,323.0,0.013478194409918324,0.00031245988676557483,0.008844395995408417,0.7959224454479782
PerplexDEW (Davies),isobar,0.221,324.010101010101,0.013568203805787674,0.0003154779190599685,0.008903497789661596,0.799617276196265
PerplexDEW (Davies),isobar,0.221,325.020202020202,0.01365719081773377,0.00031846745652636685,0.008961849734281612,0.8032763025814706
PerplexDEW (Davies),isobar,0.221,326.030303030303,0.013745075048820003,0.0003214253980469795,0.009019394909583346,0.8068971662265316
PerplexDEW (Davies),isobar,0.221,327.04040404040404,0.01383178484476032,0.00032434885353117637,0.009076082405352716,0.810477769029596
PerplexDEW (Davies),isobar,0.221,328.050505050505,0.013917212553494268,0.0003272338374531175,0.009131836331053942,0.8140149381684306
PerplexDEW (Davies),isobar,0.221,329.06060606060606,0.014001281334802608,0.0003300772147121151,0.009186602106400507,0.8175064188230831
PerplexDEW (Davies),isobar,0.221,330.07070707070704,0.014083889060272942,0.0003328750606836201,0.009240307587718702,0.8209491997063936
PerplexDEW (Davies),isobar,0.221,331.0808080808081,0.014164906818061367,0.00033562260039231415,0.009292862009826687,0.8243394704711787
PerplexDEW (Davies),isobar,0.221,332.09090909090907,0.014244260993565204,0.0003383166445770645,0.009344212926150203,0.827675059726899
PerplexDEW (Davies),isobar,0.221,333.1010101010101,0.014321816014102878,0.0003409521076847038,0.009394264874873375,0.8309519478920587
PerplexDEW (Davies),isobar,0.221,334.1111111111111,0.014397444040627165,0.00034352406902123865,0.009442927715860465,0.8341663377863683
PerplexDEW (Davies),isobar,0.221,335.1212121212121,0.014471013275478103,0.00034602742512448027,0.009490108524849952,0.83731430452178
PerplexDEW (Davies),isobar,0.221,336.1313131313131,0.01454236281333356,0.0003484561236815533,0.009535694127666543,0.8403910478640223
PerplexDEW (Davies),isobar,0.221,337.14141414141415,0.014611351890968053,0.0003508046505149986,0.009579585304711447,0.8433923489043367
PerplexDEW (Davies),isobar,0.221,338.1515151515151,0.014677797067445314,0.00035306611761056394,0.009621653158631973,0.8463127054421212
PerplexDEW (Davies),isobar,0.221,339.16161616161617,0.014741534957054733,0.0003552341700465688,0.00966178269960995,0.8491471860303194
PerplexDEW (Davies),isobar,0.221,340.17171717171715,0.014802371036095345,0.00035730141792822607,0.009699837279620772,0.8518899093154898
PerplexDEW (Davies),isobar,0.221,341.1818181818182,0.014860104713672658,0.00035926019793807134,0.009735676018260035,0.8545347808826389
PerplexDEW (Davies),isobar,0.221,342.19191919191917,0.014914448273917177,0.0003611000454378447,0.009769097436036172,0.857073086864173
PerplexDEW (Davies),isobar,0.221,343.2020202020202,0.014965213343584235,0.00036281348120334575,0.009799969136130173,0.8594990054908679
PerplexDEW (Davies),isobar,0.221,344.2121212121212,0.01501209607582379,0.00036438932667626466,0.009828078423714888,0.8618032378696624
PerplexDEW (Davies),isobar,0.221,345.22222222222223,0.015054810581721484,0.0003658168476941724,0.00985322511626683,0.8639769462758596
PerplexDEW (Davies),isobar,0.221,346.2323232323232,0.01509297730330484,0.0003670822373031632,0.009875143895130663,0.866008430840415
PerplexDEW (Davies),isobar,0.221,347.24242424242425,0.01512626134986194,0.0003681729640671777,0.009893600586485966,0.867887211913577
PerplexDEW (Davies),isobar,0.221,348.25252525252523,0.01515423096165522,0.0003690732931931889,0.009908293697023306,0.8695998097382319
PerplexDEW (Davies),isobar,0.221,349.26262626262627,0.015176440588953264,0.00036976690063788697,0.009918912266242506,0.8711321757781706
PerplexDEW (Davies),isobar,0.221,350.27272727272725,0.015192282815882356,0.00037023212351140484,0.00992503283106397,0.872465267989741
PerplexDEW (Davies),isobar,0.221,351.2828282828283,0.015201250106805838,0.00037045032170876757,0.009926301708057462,0.8735827652039421
PerplexDEW (Davies),isobar,0.221,352.2929292929293,1.2820473688752968e-06,1.8117188403499433e-09,6.75526558845281e-07,0.0001723636897768497
PerplexDEW (Davies),isobar,0.221,353.3030303030303,1.2580510109661497e-06,1.7965783099314405e-09,6.635491838225762e-07,0.00016771994698808472
PerplexDEW (Davies),isobar,0.221,354.3131313131313,1.2345000398245017e-06,1.7814990650529755e-09,6.517801369718526e-07,0.00016320540651099572
PerplexDEW (Davies),isobar,0.221,355.32323232323233,1.2111807580789613e-06,1.766182315402629e-09,6.401072698323551e-07,0.00015878940315889242
PerplexDEW (Davies),isobar,0.221,356.3333333333333,1.188201078867096e-06,1.7507903702744847e-09,6.285881205858936e-07,0.00015448407256029087
PerplexDEW (Davies),isobar,0.221,357.34343434343435,1.16545920389304e-06,1.7351800591401725e-09,6.171693995366338e-07,0.00015027408464872417
PerplexDEW (Davies),isobar,0.221,358.35353535353534,1.143060387325703e-06,1.7195135726340574e-09,6.059073541836256e-07,0.00014617106564170074
PerplexDEW (Davies),isobar,0.221,359.3636363636364,1.1209057827496461e-06,1.7036495743042686e-09,5.947501550534243e-07,0.00014216035139544124
PerplexDEW (Davies),isobar,0.221,360.37373737373736,1.0990001728705764e-06,1.6875998487382991e-09,5.83700803154098e-07,0.0001382407680886103
PerplexDEW (Davies),isobar,0.221,361.3838383838384,1.0775416578214918e-06,1.6716765212175031e-09,5.728650829581927e-07,0.00013443527718610276
PerplexDEW (Davies),isobar,0.221,362.3939393939394,1.056336776444447e-06,1.6555907699847319e-09,5.621408154114744e-07,0.00013071761712383178
PerplexDEW (Davies),isobar,0.221,363.4040404040404,1.0353910108746296e-06,1.6393566305424736e-09,5.515313897771214e-07,0.00012708677058558357
PerplexDEW (Davies),isobar,0.221,364.4141414141414,1.014895087744457e-06,1.6232849229440402e-09,5.411389765122669e-07,0.00012356428673608268
PerplexDEW (Davies),isobar,0.221,365.42424242424244,9.945737994626027e-07,1.6069461947119803e-09,5.308174627789509e-07,0.00012011472925351867
PerplexDEW (Davies),isobar,0.221,366.4343434343434,9.74707143306909e-07,1.5907993903183778e-09,5.207167716036007e-07,0.00011677028942933667
PerplexDEW (Davies),isobar,0.221,367.44444444444446,9.550292580684305e-07,1.574422120594896e-09,5.106955065075905e-07,0.00011349724050913956
PerplexDEW (Davies),isobar,0.221,368.45454545454544,9.358132286386025e-07,1.5582720584431937e-09,5.00900196408393e-07,0.00011032644700794001
PerplexDEW (Davies),isobar,0.221,369.4646464646465,9.168885710587718e-07,1.542079207413005e-09,4.912402778623945e-07,0.00010723589749612713
PerplexDEW (Davies),isobar,0.221,370.47474747474746,8.98265201883894e-07,1.5258688315919798e-09,4.817215808082152e-07,0.00010422518758689521
PerplexDEW (Davies),isobar,0.221,371.4848484848485,8.801198459267689e-07,1.5099532201179533e-09,4.7243949427914535e-07,0.00010131310995978421
PerplexDEW (Davies),isobar,0.221,372.4949494949495,8.622937436230327e-07,1.4940756132665782e-09,4.633095095432939e-07,9.847953332881292e-05
PerplexDEW (Davies),isobar,0.221,373.5050505050505,8.44960964552362e-07,1.4785510526202145e-09,4.5442578978429025e-07,9.574265016317047e-05
PerplexDEW (Davies),isobar,0.221,374.5151515151515,8.278929858643342e-07,1.4629953785480272e-09,4.456661278196835e-07,9.30748056229027e-05
PerplexDEW (Davies),isobar,0.221,375.52525252525254,8.11343624397053e-07,1.4478695944456658e-09,4.37167744769491e-07,9.050299067261535e-05
PerplexDEW (Davies),isobar,0.221,376.5353535353535,7.950973512702466e-07,1.4328068659277121e-09,4.2881524277911313e-07,8.800139503720251e-05
PerplexDEW (Davies),isobar,0.221,377.54545454545456,7.794047343143805e-07,1.418273644997803e-09,4.2074439825966617e-07,8.559617628503099e-05
PerplexDEW (Davies),isobar,0.221,378.55555555555554,7.641378635108651e-07,1.4040589371123386e-09,4.1288698613801863e-07,8.327142470575179e-05
PerplexDEW (Davies),isobar,0.221,379.5656565656566,7.494697978098985e-07,1.3905013640854065e-09,4.053372946900963e-07,8.104424606692682e-05
PerplexDEW (Davies),isobar,0.221,380.57575757575756,7.352866675150491e-07,1.3774147765520545e-09,3.9803463197665534e-07,7.890041531724169e-05
PerplexDEW (Davies),isobar,0.221,381.5858585858586,7.216285062353123e-07,1.3648962760043825e-09,3.9100146435886045e-07,7.684251113667463e-05
PerplexDEW (Davies),isobar,0.221,382.5959595959596,7.086745159205411e-07,1.353311969091112e-09,3.8433581003987996e-07,7.488772303533372e-05
PerplexDEW (Davies),isobar,0.221,383.6060606060606,6.963382158301305e-07,1.3425292368676612e-09,3.7799182034289804e-07,7.302483841391819e-05
PerplexDEW (Davies),isobar,0.221,384.6161616161616,6.846810361942602e-07,1.3326974598159542e-09,3.7200383396611967e-07,7.125835771732957e-05
PerplexDEW (Davies),isobar,0.221,385.62626262626264,6.738964263798793e-07,1.3242304335697709e-09,3.664781019366791e-07,6.960626362914214e-05
PerplexDEW (Davies),isobar,0.221,386.6363636363636,6.639371464850405e-07,1.3170794355855535e-09,3.6139024291474176e-07,6.806130439999344e-05
PerplexDEW (Davies),isobar,0.221,387.64646464646466,6.550129905795069e-07,1.3117075281228085e-09,3.568558108014129e-07,6.66425751444558e-05
PerplexDEW (Davies),isobar,0.221,388.65656565656565,6.471130586836348e-07,1.3081481204521745e-09,3.5287042304933084e-07,6.534629266290104e-05
PerplexDEW (Davies),isobar,0.221,389.6666666666667,6.403677095332511e-07,1.3067227787005005e-09,3.4950676693881657e-07,6.418292041157812e-05
PerplexDEW (Davies),isobar,0.221,390.67676767676767,6.350290281229852e-07,1.3080145368734307e-09,3.4690427575808963e-07,6.317469702504452e-05
PerplexDEW (Davies),isobar,0.221,391.6868686868687,6.311670797486269e-07,1.3122482995535017e-09,3.451033460341821e-07,6.232520291070348e-05
PerplexDEW (Davies),isobar,0.221,392.6969696969697,6.290803877288717e-07,1.320134860635001e-09,3.4426952808221824e-07,6.166027626537974e-05
PerplexDEW (Davies),isobar,0.221,393.7070707070707,6.289204051230648e-07,1.332097936301353e-09,3.4448838790463146e-07,6.119065479643618e-05
PerplexDEW (Davies),isobar,0.221,394.7171717171717,6.309860405739953e-07,1.3488896875176671e-09,3.459266151425147e-07,6.094096868441522e-05
PerplexDEW (Davies),isobar,0.221,395.72727272727275,6.356970202147574e-07,1.3715480376361203e-09,3.488177625622394e-07,6.09466739317556e-05
PerplexDEW (Davies),isobar,0.221,396.73737373737373,6.434038132073267e-07,1.4009952007739823e-09,3.533581465051244e-07,6.123556025492177e-05
PerplexDEW (Davies),isobar,0.221,397.74747474747477,6.546459866921675e-07,1.4385990054624196e-09,3.5984868913306765e-07,6.185242903743914e-05
PerplexDEW (Davies),isobar,0.221,398.75757575757575,6.70037544544839e-07,1.4859381256004642e-09,3.6863228816445333e-07,6.284771341177395e-05
PerplexDEW (Davies),isobar,0.221,399.7676767676768,6.903304167445979e-07,1.5449524018306858e-09,3.801289510065128e-07,6.428317350288539e-05
PerplexDEW (Davies),isobar,0.221,400.77777777777777,7.16451162978293e-07,1.6180405907354412e-09,3.948563483685859e-07,6.623486668990133e-05
PerplexDEW (Davies),isobar,0.221,401.7878787878788,7.495694879642491e-07,1.7082353977524106e-09,4.134680189929749e-07,6.879890470410155e-05
PerplexDEW (Davies),isobar,0.221,402.7979797979798,7.911292602628158e-07,1.8193011115133066e-09,4.3677106718591523e-07,7.209354023079063e-05
PerplexDEW (Davies),isobar,0.221,403.80808080808083,8.429419811617522e-07,1.9559804816501986e-09,4.6577845325682095e-07,7.626680570925224e-05
PerplexDEW (Davies),isobar,0.221,404.8181818181818,9.072987212239681e-07,2.124297092159074e-09,5.017717604758762e-07,8.150547552379607e-05
PerplexDEW (Davies),isobar,0.221,405.82828282828285,9.871153459442644e-07,2.331951215236824e-09,5.463827020041468e-07,8.804660328292579e-05
PerplexDEW (Davies),isobar,0.221,406.83838383838383,1.0862687243866675e-06,2.589190253206366e-09,6.017808367491083e-07,9.620546759682082e-05
PerplexDEW (Davies),isobar,0.221,407.8484848484849,1.2093287340259875e-06,2.9082703195970804e-09,6.705272230224696e-07,0.00010634918047336979
PerplexDEW (Davies),isobar,0.221,408.85858585858585,1.3628845444698241e-06,3.306753393746521e-09,7.563120195617458e-07,0.00011901059273672511
PerplexDEW (Davies),isobar,0.221,409.8686868686869,1.5549626176128078e-06,3.806306158609675e-09,8.636359560562577e-07,0.00013483192056964262
PerplexDEW (Davies),isobar,0.221,410.8787878787879,1.7962697073312235e-06,4.435933893814997e-09,9.98504606665885e-07,0.00015466780852151047
PerplexDEW (Davies),isobar,0.221,411.8888888888889,2.100910397274538e-06,5.23407070872399e-09,1.1688338065000613e-06,0.00017963911195489551
PerplexDEW (Davies),isobar,0.221,412.8989898989899,2.4882720646480855e-06,6.253703466403994e-09,1.3855070879208786e-06,0.00021128348191643814
PerplexDEW (Davies),isobar,0.221,413.90909090909093,2.981982764318938e-06,7.560330723444887e-09,1.661807147523397e-06,0.00025145276636605904
PerplexDEW (Davies),isobar,0.221,414.9191919191919,3.6182511921639997e-06,9.25378811195326e-09,2.0180771688495533e-06,0.00030300017197063407
PerplexDEW (Davies),isobar,0.221,415.92929292929296,4.439123158930562e-06,1.145228585083226e-08,2.4779855615022866e-06,0.00036918450239531767
PerplexDEW (Davies),isobar,0.221,416.93939393939394,5.5038631403445735e-06,1.4322729289041217e-08,3.0748978322599067e-06,0.00045459558000482083
PerplexDEW (Davies),isobar,0.221,417.949494949495,6.897903660196672e-06,1.8106208844762936e-08,3.856920123014917e-06,0.00056584203959543
PerplexDEW (Davies),isobar,0.221,418.95959595959596,8.734561445812027e-06,2.3125592449465603e-08,4.887919604297499e-06,0.0007116211813446823
PerplexDEW (Davies),isobar,0.221,419.969696969697,1.115900945734416e-05,2.97994286350285e-08,6.249812706510771e-06,0.0009029677590558508
PerplexDEW (Davies),isobar,0.221,420.979797979798,1.4388292014575693e-05,3.875353066936248e-08,8.065067185287064e-06,0.001156388700381881
PerplexDEW (Davies),isobar,0.221,421.98989898989896,1.871409766313026e-05,5.083700101596429e-08,1.0498421690127571e-05,0.0014938970051154648
PerplexDEW (Davies),isobar,0.221,423.0,2.4515028857244897e-05,6.716480270985488e-08,1.3763943959829645e-05,0.0019437953144552532
PerplexDEW (Davies),isobar,0.25,322.85,0.013677036656738147,0.0003180860071041848,0.008982451726755226,0.8017580781567353
PerplexDEW (Davies),isobar,0.25,323.55,0.013743930554372608,0.00032032757035017423,0.009026579544681869,0.80444782410913
PerplexDEW (Davies),isobar,0.25,324.25,0.013810463959773289,0.0003225601738996122,0.009070438874110647,0.8071241878467976
PerplexDEW (Davies),isobar,0.25,324.95000000000005,0.013876623466970151,0.0003247832097403829,0.00911402005792766,0.8097867866050684
PerplexDEW (Davies),isobar,0.25,325.65000000000003,0.013942384520040084,0.0003269957402860907,0.009157305699381271,0.8124349053357226
PerplexDEW (Davies),isobar,0.25,326.35,0.014007722012332531,0.00032919680214529845,0.009200278010236967,0.815067813429773
PerplexDEW (Davies),isobar,0.25,327.05,0.014072621468957516,0.00033138573306425775,0.009242926562904994,0.8176850957803475
PerplexDEW (Davies),isobar,0.25,327.75,0.014137056961336917,0.0003335615288668662,0.00928523298523374,0.8202859977576701
PerplexDEW (Davies),isobar,0.25,328.45000000000005,0.014200990606631528,0.0003357228232970694,0.009327170605083906,0.8228694117608714
PerplexDEW (Davies),isobar,0.25,329.15000000000003,0.014264406525776405,0.0003378688855668306,0.009368727998123405,0.825434881555547
PerplexDEW (Davies),isobar,0.25,329.85,0.014327288664173201,0.00033999897361188615,0.009409893615974498,0.8279819447763562
PerplexDEW (Davies),isobar,0.25,330.55,0.014389597405938486,0.00034211163878546656,0.00945063955738875,0.8305094431282792
PerplexDEW (Davies),isobar,0.25,331.25,0.01445130393453585,0.0003442057396168537,0.009490945402087864,0.8330165374718314
PerplexDEW (Davies),isobar,0.25,331.95000000000005,0.014512378838587645,0.0003462801061199824,0.009530790308694734,0.835502370816621
PerplexDEW (Davies),isobar,0.25,332.65000000000003,0.014572804110421061,0.0003483338997521745,0.009570161346639978,0.8379664212766879
PerplexDEW (Davies),isobar,0.25,333.35,0.014632537338866495,0.0003503655407896643,0.009609028635527627,0.8404074475918918
PerplexDEW (Davies),isobar,0.25,334.05,0.014691535084257738,0.0003523734029702474,0.009647361566980591,0.8428241782538
PerplexDEW (Davies),isobar,0.25,334.75,0.014749777508098933,0.0003543565593357031,0.00968514591738268,0.845216034776592
PerplexDEW (Davies),isobar,0.25,335.45,0.014807219721127569,0.0003563133149458186,0.009722350054992867,0.8475817009225585
PerplexDEW (Davies),isobar,0.25,336.15000000000003,0.0148638157804728,0.0003582419268386294,0.009758941603746352,0.8499198286262561
PerplexDEW (Davies),isobar,0.25,336.85,0.014919569250812493,0.000360142149539569,0.009794922592218053,0.8522305207931304
PerplexDEW (Davies),isobar,0.25,337.55,0.014974382350072982,0.00036201063213443525,0.009830224597510543,0.8545109044788817
PerplexDEW (Davies),isobar,0.25,338.25,0.015028257365981353,0.0003638470667358996,0.009864848751691479,0.8567610402777089
PerplexDEW (Davies),isobar,0.25,338.95,0.01508111942826402,0.00036564876752350346,0.00989874253633936,0.8589787233726808
PerplexDEW (Davies),isobar,0.25,339.65000000000003,0.015132917859315281,0.00036741377139148034,0.009931870242118834,0.8611624557390751
PerplexDEW (Davies),isobar,0.25,340.35,0.015183653651665182,0.0003691417018289516,0.009964232101684007,0.8633122490089141
PerplexDEW (Davies),isobar,0.25,341.05,0.015233222042297738,0.0003708288936591556,0.009995754773537893,0.8654250132098452
PerplexDEW (Davies),isobar,0.25,341.75,0.01528156903748566,0.00037247323059609485,0.010026400221759133,0.8674991413600376
PerplexDEW (Davies),isobar,0.25,342.45,0.015328693643020287,0.000374074238186989,0.010056167297476756,0.8695345724786163
PerplexDEW (Davies),isobar,0.25,343.15000000000003,0.015374459122175308,0.0003756271840323225,0.01008496037203157,0.8715272664368222
PerplexDEW (Davies),isobar,0.25,343.85,0.015418862460155319,0.000377131498959128,0.010112776888702853,0.8734770906557442
PerplexDEW (Davies),isobar,0.25,344.55,0.015461818105606664,0.00037858401121674304,0.01013955683771945,0.8753814894619509
PerplexDEW (Davies),isobar,0.25,345.25,0.015503266434204835,0.00037998234331979133,0.010165258258061399,0.8772386577589102
PerplexDEW (Davies),isobar,0.25,345.95,0.015543118482856284,0.00038132317016288436,0.010189818757872563,0.8790459224370784
PerplexDEW (Davies),isobar,0.25,346.65,0.015581283227577155,0.0003826030749460802,0.010213174506832894,0.8808005392727628
PerplexDEW (Davies),isobar,0.25,347.35,0.015617696248042573,0.0003838194635164007,0.010235280209071579,0.8825005308483415
PerplexDEW (Davies),isobar,0.25,348.05,0.015652291988432675,0.0003849696891006387,0.010256089789501146,0.8841438735600523
PerplexDEW (Davies),isobar,0.25,348.75,0.015684916343521725,0.0003860482492797373,0.010275495484421335,0.8857259345604099
PerplexDEW (Davies),isobar,0.25,349.45,0.015715528763771774,0.0003870532481461548,0.010293468660672399,0.8872453903983102
PerplexDEW (Davies),isobar,0.25,350.15,0.01574399968627454,0.00038797991480315716,0.010309918677076738,0.8886982901469361
PerplexDEW (Davies),isobar,0.25,350.85,0.015770196548520497,0.0003888233475109671,0.010324752814159933,0.8900805714944314
PerplexDEW (Davies),isobar,0.25,351.55,0.015794013880876027,0.000389579488754339,0.010337897256441714,0.8913889414454458
PerplexDEW (Davies),isobar,0.25,352.25,0.015815344183241396,0.00039024419186889093,0.010349276804265069,0.8926200155669731
PerplexDEW (Davies),isobar,0.25,352.95,0.015833986254081375,0.00039081023805290964,0.010358750972645306,0.8937676368044302
PerplexDEW (Davies),isobar,0.25,353.65,0.01584985725510712,0.00039127422066817004,0.010366261828086896,0.8948290755097585
PerplexDEW (Davies),isobar,0.25,354.35,0.015862718139329067,0.0003916276142685343,0.010371642586771779,0.8957969677745483
PerplexDEW (Davies),isobar,0.25,355.05,8.174936463568022e-06,1.1887404220166265e-08,4.31927582043691e-06,0.0010742364409678327
PerplexDEW (Davies),isobar,0.25,355.75,8.098367278278138e-06,1.1861374780380081e-08,4.281777488444558e-06,0.0010580380165782096
PerplexDEW (Davies),isobar,0.25,356.45,8.020890575833542e-06,1.1832816936292273e-08,4.243738736804915e-06,0.001041886712659667
PerplexDEW (Davies),isobar,0.25,357.15,7.944866646576672e-06,1.1805197715687823e-08,4.206408384823342e-06,0.0010260875253860896
PerplexDEW (Davies),isobar,0.25,357.85,7.86889026973429e-06,1.1776449331336091e-08,4.169043645807494e-06,0.0010104548953647494
PerplexDEW (Davies),isobar,0.25,358.55,7.792509389416847e-06,1.1745880755266954e-08,4.1314050329808315e-06,0.0009949291686152798
PerplexDEW (Davies),isobar,0.25,359.25,7.717121068295416e-06,1.1715588617582619e-08,4.094233432943638e-06,0.000979686790615831
PerplexDEW (Davies),isobar,0.25,359.95,7.641805937305811e-06,1.1684188234784762e-08,4.057041960346622e-06,0.0009646077666162252
PerplexDEW (Davies),isobar,0.25,360.65,7.566573962019134e-06,1.1651686171299203e-08,4.019836117621121e-06,0.000949691441974815
PerplexDEW (Davies),isobar,0.25,361.35,7.49233998709282e-06,1.1619492748471051e-08,3.983102475769514e-06,0.0009350500940463377
PerplexDEW (Davies),isobar,0.25,362.05,7.41729890343056e-06,1.1584810373260083e-08,3.945881953071346e-06,0.0009204558927074452
PerplexDEW (Davies),isobar,0.25,362.75,7.34326531002244e-06,1.1550455389043958e-08,3.909139794031806e-06,0.0009061327952541888
PerplexDEW (Davies),isobar,0.25,363.45,7.269343797089349e-06,1.1515031758326281e-08,3.872400224199953e-06,0.0008919671746716785
PerplexDEW (Davies),isobar,0.25,364.15,7.196428676345907e-06,1.1479958727515391e-08,3.8361402123408335e-06,0.0008780663060755479
PerplexDEW (Davies),isobar,0.25,364.85,7.1227545042144865e-06,1.1442422916570185e-08,3.799419241792636e-06,0.0008642123184829881
PerplexDEW (Davies),isobar,0.25,365.55,7.050095143305502e-06,1.1405257252207151e-08,3.763183468545488e-06,0.0008506192295153867
PerplexDEW (Davies),isobar,0.25,366.25,6.97757485152441e-06,1.1367058396142804e-08,3.726966339072551e-06,0.0008371783635605466
PerplexDEW (Davies),isobar,0.25,366.95,6.905202656970257e-06,1.132783484241853e-08,3.6907729490216607e-06,0.0008238890041518648
PerplexDEW (Davies),isobar,0.25,367.65,6.833846644343124e-06,1.1289014608532255e-08,3.6550678706387726e-06,0.0008108523680513931
PerplexDEW (Davies),isobar,0.25,368.35,6.762646096901451e-06,1.1249189923831652e-08,3.619391649922634e-06,0.0007979634146970752
PerplexDEW (Davies),isobar,0.25,369.05,6.691609684354268e-06,1.1208369737559008e-08,3.5837492140268773e-06,0.0007852214186720979
PerplexDEW (Davies),isobar,0.25,369.75,6.620745997642811e-06,1.1166563284987275e-08,3.5481454593908212e-06,0.0007726256457221165
PerplexDEW (Davies),isobar,0.25,370.45,6.550901792284546e-06,1.112520365328704e-08,3.5130347740564008e-06,0.0007602726404897711
PerplexDEW (Davies),isobar,0.25,371.15,6.480820154108127e-06,1.1082166393977344e-08,3.4777438697230133e-06,0.0007480139991799307
PerplexDEW (Davies),isobar,0.25,371.84999999999997,6.411758835696619e-06,1.1039597831990407e-08,3.4429479900855816e-06,0.0007359932066514675
PerplexDEW (Davies),isobar,0.25,372.55,6.342476481485508e-06,1.0995371241009571e-08,3.4079813158676204e-06,0.0007240652912017984
PerplexDEW (Davies),isobar,0.25,373.25,6.273806208403704e-06,1.0950922152860765e-08,3.3732916757265674e-06,0.0007123239593389145
PerplexDEW (Davies),isobar,0.25,373.95,6.205342104015113e-06,1.0905548274302521e-08,3.338661435046059e-06,0.0007007209511443679
PerplexDEW (Davies),isobar,0.25,374.65,6.1378984185723945e-06,1.0860687011516884e-08,3.304529299708737e-06,0.0006893460759593657
PerplexDEW (Davies),isobar,0.25,375.34999999999997,6.070665793557952e-06,1.081492261043659e-08,3.270460426798507e-06,0.0006781058177151393
PerplexDEW (Davies),isobar,0.25,376.04999999999995,6.003651839881397e-06,1.0768265742009017e-08,3.236459250122577e-06,0.0006669994247072569
PerplexDEW (Davies),isobar,0.25,376.75,5.936864091442365e-06,1.0720727347447124e-08,3.202530171651435e-06,0.0006560261393291986
PerplexDEW (Davies),isobar,0.25,377.45,5.8714874173795775e-06,1.0674459193596582e-08,3.169313105205445e-06,0.0006453146081636747
PerplexDEW (Davies),isobar,0.25,378.15,5.805555961358459e-06,1.0625904534123973e-08,3.135747817975615e-06,0.0006346462644216289
PerplexDEW (Davies),isobar,0.25,378.84999999999997,5.740641512174622e-06,1.0577928643316637e-08,3.1026833510242787e-06,0.0006241918626127132
PerplexDEW (Davies),isobar,0.25,379.54999999999995,5.675966210723454e-06,1.0529115831935321e-08,3.0697001850557125e-06,0.0006138643793121762
PerplexDEW (Davies),isobar,0.25,380.25,5.611537090144746e-06,1.0479477756751643e-08,3.036802478874466e-06,0.0006036630624086931
PerplexDEW (Davies),isobar,0.25,380.95,5.548119100403597e-06,1.04304513597737e-08,3.004404825396082e-06,0.0005936682657214137
PerplexDEW (Davies),isobar,0.25,381.65,5.484573976156369e-06,1.037991012988678e-08,2.9718915919437175e-06,0.000583756048786772
PerplexDEW (Davies),isobar,0.25,382.34999999999997,5.422037389975608e-06,1.0330002676128644e-08,2.9398785194655506e-06,0.000574045830413789
PerplexDEW (Davies),isobar,0.25,383.04999999999995,5.359387118158435e-06,1.0278604789149351e-08,2.907757885223768e-06,0.0005644167042349217
PerplexDEW (Davies),isobar,0.25,383.75,5.297742441194533e-06,1.0227862862014434e-08,2.8761373263745185e-06,0.0005549851171076388
PerplexDEW (Davies),isobar,0.25,384.45,5.235997220673625e-06,1.0175655620022298e-08,2.8444170778513226e-06,0.0005456331457187328
PerplexDEW (Davies),isobar,0.25,385.15,5.175254337117942e-06,1.0124126645600193e-08,2.8131966435399024e-06,0.0005364743191596068
PerplexDEW (Davies),isobar,0.25,385.84999999999997,5.114423776002788e-06,1.0071158235975986e-08,2.781884261052751e-06,0.0005273936465613235
PerplexDEW (Davies),isobar,0.25,386.54999999999995,5.054592019796808e-06,1.0018890577563585e-08,2.7510712769875347e-06,0.0005185017932483978
PerplexDEW (Davies),isobar,0.25,387.25,4.995039834648893e-06,9.965917712210893e-09,2.7203671065727935e-06,0.0005097228394292249
PerplexDEW (Davies),isobar,0.25,387.95,4.935773449360615e-06,9.912253266791833e-09,2.6897755239179054e-06,0.0005010560742554686
PerplexDEW (Davies),isobar,0.25,388.65,4.8774974724303e-06,9.85932296333147e-09,2.659681134368266e-06,0.0004925713213480493
PerplexDEW (Davies),isobar,0.25,389.34999999999997,4.819508798230371e-06,9.805725680022778e-09,2.62970140140757e-06,0.0004841955172028861
PerplexDEW (Davies),isobar,0.25,390.04999999999995,4.761813532463952e-06,9.751475682865129e-09,2.5998400419343785e-06,0.000475927976494749
PerplexDEW (Davies),isobar,0.25,390.75,4.705100008810914e-06,9.69799382280179e-09,2.5704734923929998e-06,0.00046783585480310335
PerplexDEW (Davies),isobar,0.25,391.45,4.648004401052655e-06,9.642480563450895e-09,2.540857297279614e-06,0.00045978191090827284
PerplexDEW (Davies),isobar,0.25,392.15,4.592227600689887e-06,9.588462457593282e-09,2.5119215333014486e-06,0.0004519333193804263
PerplexDEW (Davies),isobar,0.3,294.6,0.011028703861357608,0.00023135850256704034,0.007223610947418214,0.6928516813503462
PerplexDEW (Davies),isobar,0.3,295.8,0.01115272226864469,0.00023519453093061253,0.007306638067625289,0.6979201673054823
PerplexDEW (Davies),isobar,0.3,297.0,0.011277230145963369,0.0002390620095301979,0.007389980659595485,0.702994892121944
PerplexDEW (Davies),isobar,0.3,298.20000000000005,0.011402203787084191,0.0002429601548239789,0.00747362150641856,0.7080750852678508
PerplexDEW (Davies),isobar,0.3,299.40000000000003,0.01152761471744738,0.00024688803920128904,0.007557540099755523,0.7131598346754914
PerplexDEW (Davies),isobar,0.3,300.6,0.011653433320869044,0.00025084467913600336,0.007641715108578003,0.7182481998855592
PerplexDEW (Davies),isobar,0.3,301.8,0.011779636819796477,0.00025482923971996755,0.0077261298602506155,0.7233394582763267
PerplexDEW (Davies),isobar,0.3,303.0,0.011906177356670477,0.00025884021294278703,0.007810750416272828,0.7284321200303516
PerplexDEW (Davies),isobar,0.3,304.20000000000005,0.012033037881844875,0.0002628768547857653,0.007895563960425032,0.733525652575125
PerplexDEW (Davies),isobar,0.3,305.40000000000003,0.012160184357012112,0.0002669379559987329,0.007980545970335814,0.738619005083113
PerplexDEW (Davies),isobar,0.3,306.6,0.01228756440635544,0.0002710217920023243,0.008065659260530803,0.7437105744510998
PerplexDEW (Davies),isobar,0.3,307.8,0.012415149294183418,0.0002751272241580864,0.008150882861798181,0.7487994887728364
PerplexDEW (Davies),isobar,0.3,309.0,0.012542900691878104,0.0002792528300545934,0.008236189164899009,0.7538845891697918
PerplexDEW (Davies),isobar,0.3,310.20000000000005,0.01267077891984253,0.00028339711747779345,0.00832154958738766,0.758964682520167
PerplexDEW (Davies),isobar,0.3,311.40000000000003,0.012798724720170426,0.0002875580290640855,0.00840692200183614,0.7640379917141731
PerplexDEW (Davies),isobar,0.3,312.6,0.012926713251337804,0.0002917343990326623,0.008492287962478794,0.7691037869967972
PerplexDEW (Davies),isobar,0.3,313.8,0.013054681824298916,0.00029592399844899814,0.008577602876873272,0.774160203614637
PerplexDEW (Davies),isobar,0.3,315.0,0.013182584183546042,0.000300125002736387,0.008662833436067843,0.7792058803357801
PerplexDEW (Davies),isobar,0.3,316.2,0.013310372566194315,0.000304335507086874,0.008747945246468422,0.7842394168434194
PerplexDEW (Davies),isobar,0.3,317.40000000000003,0.013437977984960495,0.0003085529739498506,0.008832889199423802,0.7892587862108396
PerplexDEW (Davies),isobar,0.3,318.6,0.013565358653837206,0.0003127755776413835,0.00891763493138376,0.7942627808657851
PerplexDEW (Davies),isobar,0.3,319.8,0.013692441333450989,0.0003170005674654487,0.009002130285318745,0.7992492629701026
PerplexDEW (Davies),isobar,0.3,321.0,0.01381917052121596,0.00032122564189605743,0.00908633531463713,0.8042166296889388
PerplexDEW (Davies),isobar,0.3,322.2,0.013945468088430415,0.00032544780781149297,0.009170194361679292,0.8091626145884502
PerplexDEW (Davies),isobar,0.3,323.40000000000003,0.014071274183509395,0.0003296645401103548,0.009253664364328743,0.8140854990895334
PerplexDEW (Davies),isobar,0.3,324.6,0.014196505599815765,0.00033387259107233466,0.009336686031791743,0.8189828814495536
PerplexDEW (Davies),isobar,0.3,325.8,0.01432108699519936,0.00033806888101516947,0.009419205460566111,0.8238525989153236
PerplexDEW (Davies),isobar,0.3,327.0,0.014444940532791063,0.0003422502016987149,0.00950116696383744,0.8286924207108218
PerplexDEW (Davies),isobar,0.3,328.2,0.014567985838018493,0.0003464132134637642,0.009582513041902805,0.8335000462399949
PerplexDEW (Davies),isobar,0.3,329.4,0.014690116990966607,0.0003505537615886589,0.009663168411282244,0.8382724327761713
PerplexDEW (Davies),isobar,0.3,330.6,0.014811235709707299,0.0003546678449257663,0.009743063018847205,0.8430067675165778
PerplexDEW (Davies),isobar,0.3,331.8,0.014931263988927778,0.0003587520018689301,0.009822140837214286,0.847700831701994
PerplexDEW (Davies),isobar,0.3,333.0,0.01505007374959649,0.0003628012073866238,0.009900311005538967,0.8523509503469383
PerplexDEW (Davies),isobar,0.3,334.2,0.015167568564653663,0.0003668113094294104,0.009977504587376843,0.8569543725600237
PerplexDEW (Davies),isobar,0.3,335.4,0.015283612043524691,0.00037077687383646127,0.01005362481162695,0.8615071878430698
PerplexDEW (Davies),isobar,0.3,336.6,0.015398087837042504,0.00037469299090466863,0.010128588775058945,0.8660060680637393
PerplexDEW (Davies),isobar,0.3,337.8,0.015510863168958538,0.00037855416996547764,0.010202302094617546,0.8704472071918692
PerplexDEW (Davies),isobar,0.3,339.0,0.015621787844014962,0.0003823542967478294,0.010274658205485343,0.8748262929562295
PerplexDEW (Davies),isobar,0.3,340.2,0.01573071948930634,0.0003860874064167378,0.010345555927517475,0.8791392345307617
PerplexDEW (Davies),isobar,0.3,341.4,0.01583751111848278,0.0003897473027256893,0.01041489082099607,0.8833817997894036
PerplexDEW (Davies),isobar,0.3,342.6,0.015941970525015083,0.00039332627977160215,0.010482526897432386,0.8875484435927166
PerplexDEW (Davies),isobar,0.3,343.8,0.01604391213998699,0.00039681672687014576,0.010548332728913503,0.8916338008661185
PerplexDEW (Davies),isobar,0.3,345.0,0.01614314401491882,0.0004002107232688492,0.010612172393403646,0.8956323067813851
PerplexDEW (Davies),isobar,0.3,346.2,0.0162394959810039,0.00040350093462530726,0.010673925120552388,0.8995390013614628
PerplexDEW (Davies),isobar,0.3,347.4,0.016332678446148996,0.0004066761061278756,0.01073338683142969,0.9033454671517526
PerplexDEW (Davies),isobar,0.3,348.6,0.01642250654995144,0.00040972819527255284,0.010790426447893093,0.9070462655798941
PerplexDEW (Davies),isobar,0.3,349.8,0.016508702084850155,0.00041264604575538805,0.010844847768318663,0.910633238456695
PerplexDEW (Davies),isobar,0.3,351.0,0.016590976891409752,0.00041541803331614436,0.010896447626686397,0.9140978964766053
PerplexDEW (Davies),isobar,0.3,352.2,0.016669032794275937,0.0004180320624103343,0.010945015868473986,0.9174314072313277
PerplexDEW (Davies),isobar,0.3,353.4,0.016742530853940375,0.0004204745570254155,0.010990313903002622,0.9206237007185928
PerplexDEW (Davies),isobar,0.3,354.6,0.016811120371316542,0.0004227313948313595,0.0110320949699067,0.9236642880223614
PerplexDEW (Davies),isobar,0.3,355.8,0.016874809415121293,0.0004248056081933214,0.01107038827798373,0.9265435992619503
PerplexDEW (Davies),isobar,0.3,357.0,0.016932335371151925,0.0004266419775449485,0.011104260660339349,0.9292430043769562
PerplexDEW (Davies),isobar,0.3,358.2,0.016983664315172793,0.000428241498865559,0.011133711294635796,0.9317517599959023
PerplexDEW (Davies),isobar,0.3,359.4,0.017028228179944076,0.00042958211801926295,0.01115834208711544,0.9340525897642655
PerplexDEW (Davies),isobar,0.3,360.6,0.017065405636093732,0.0004306397734991181,0.011177717978046514,0.9361264643111806
PerplexDEW (Davies),isobar,0.3,361.8,7.782934867483933e-05,1.2130726944857347e-07,4.1394170784990056e-05,0.009682353998112708
PerplexDEW (Davies),isobar,0.3,363.0,7.698454024332957e-05,1.214472602234459e-07,4.099232195250981e-05,0.009484829520841356
PerplexDEW (Davies),isobar,0.3,364.2,7.614191966543348e-05,1.2157114507529228e-07,4.059048142058134e-05,0.009290835444778229
PerplexDEW (Davies),isobar,0.3,365.4,7.529696798701055e-05,1.216713550624715e-07,4.018624552410727e-05,0.009099756200066866
PerplexDEW (Davies),isobar,0.3,366.6,7.445493327989377e-05,1.2175595971404116e-07,3.97824182797927e-05,0.00891216823038763
PerplexDEW (Davies),isobar,0.3,367.8,7.36113005935452e-05,1.2181726581318876e-07,3.937659397398153e-05,0.008727467094753827
PerplexDEW (Davies),isobar,0.3,369.0,7.276643737377542e-05,1.2185540982280138e-07,3.896897059057239e-05,0.008545643797874862
PerplexDEW (Davies),isobar,0.3,370.2,7.192554180921848e-05,1.218787462119373e-07,3.8562337001532665e-05,0.008367251003237867
PerplexDEW (Davies),isobar,0.3,371.4,7.108411016382065e-05,1.2187939864296422e-07,3.8154287137153065e-05,0.008191701187835835
PerplexDEW (Davies),isobar,0.3,372.6,7.02473020721756e-05,1.21865904147323e-07,3.774759667970831e-05,0.008019531429031716
PerplexDEW (Davies),isobar,0.3,373.8,6.941062321852467e-05,1.218302648704249e-07,3.733986030856725e-05,0.007850165620199575
PerplexDEW (Davies),isobar,0.3,375.0,6.85744092336319e-05,1.2177269902607245e-07,3.693126306387414e-05,0.0076835894504173885
PerplexDEW (Davies),isobar,0.3,376.2,6.77437566718847e-05,1.2170200828011058e-07,3.652455768032941e-05,0.007520317028219771
PerplexDEW (Davies),isobar,0.3,377.4,6.69141903397811e-05,1.216100163076411e-07,3.611734263831942e-05,0.00735978948734716
PerplexDEW (Davies),isobar,0.3,378.6,6.608602521629648e-05,1.2149698483338538e-07,3.570979407017894e-05,0.00720198975162739
PerplexDEW (Davies),isobar,0.3,379.79999999999995,6.526428766766981e-05,1.2137196674042791e-07,3.5304637465905535e-05,0.0070474095093664485
PerplexDEW (Davies),isobar,0.3,381.0,6.444452638422239e-05,1.2122661087872322e-07,3.489947764386824e-05,0.006895507262543258
PerplexDEW (Davies),isobar,0.3,382.2,6.362703454381524e-05,1.2106121769852226e-07,3.4494480968308826e-05,0.00674626348960891
PerplexDEW (Davies),isobar,0.3,383.4,6.281209849924815e-05,1.2087610067362296e-07,3.408981076120278e-05,0.006599657898748589
PerplexDEW (Davies),isobar,0.3,384.59999999999997,6.199999766080579e-05,1.2067158579692667e-07,3.368562721493309e-05,0.006455669458853408
PerplexDEW (Davies),isobar,0.3,385.79999999999995,6.119562831129623e-05,1.204571146111022e-07,3.328460228825126e-05,0.006314753730978099
PerplexDEW (Davies),isobar,0.3,387.0,6.039459064991471e-05,1.2022405672301933e-07,3.288435774061566e-05,0.006176398255807009
PerplexDEW (Davies),isobar,0.3,388.2,5.9597140938209087e-05,1.199727687733735e-07,3.248504286814082e-05,0.006040580070214374
PerplexDEW (Davies),isobar,0.3,389.4,5.880352819410742e-05,1.1970361778708698e-07,3.2086803569862375e-05,0.005907275601648615
PerplexDEW (Davies),isobar,0.3,390.59999999999997,5.8013994127028644e-05,1.1941698065102777e-07,3.168978228750973e-05,0.005776460698467228
PerplexDEW (Davies),isobar,0.3,391.79999999999995,5.7228773082965606e-05,1.1911324358961865e-07,3.1294117950748726e-05,0.005648110660097709
PerplexDEW (Davies),isobar,0.3,393.0,5.6452585375614465e-05,1.1880225888504592e-07,3.0902405625424616e-05,0.005522639973855638
PerplexDEW (Davies),isobar,0.3,394.2,5.5676640137896656e-05,1.1846556965745645e-07,3.0509847340187377e-05,0.0053991373821794895
PerplexDEW (Davies),isobar,0.3,395.4,5.491011184826705e-05,1.1812255364933495e-07,3.0121479824642995e-05,0.005278450104385973
PerplexDEW (Davies),isobar,0.3,396.59999999999997,5.414871030657824e-05,1.1776416792955642e-07,2.9734966972747916e-05,0.005160111965024999
PerplexDEW (Davies),isobar,0.3,397.79999999999995,5.338823431431972e-05,1.1738116543177733e-07,2.9348011659356915e-05,0.005043680599620714
PerplexDEW (Davies),isobar,0.3,399.0,5.263769123345057e-05,1.1699325996409825e-07,2.896557551611184e-05,0.004929965706759186
PerplexDEW (Davies),isobar,0.3,400.2,5.189284030140941e-05,1.16591267156825e-07,2.858534295739802e-05,0.004818518231921401
PerplexDEW (Davies),isobar,0.3,401.4,5.1149534924885746e-05,1.1616581301990813e-07,2.820504056134179e-05,0.004708912470945495
PerplexDEW (Davies),isobar,0.3,402.59999999999997,5.041660774614652e-05,1.157369187521889e-07,2.782954984788182e-05,0.004601921670372714
PerplexDEW (Davies),isobar,0.3,403.79999999999995,4.968560462938575e-05,1.1528536499963602e-07,2.7454220381917337e-05,0.004496727477635701
PerplexDEW (Davies),isobar,0.3,405.0,4.8965237904674154e-05,1.1483136154982675e-07,2.708387769346112e-05,0.004394079441064024
PerplexDEW (Davies),isobar,0.3,406.2,4.824714589889306e-05,1.1435552059395314e-07,2.671391326214306e-05,0.004293181765102334
PerplexDEW (Davies),isobar,0.3,407.4,4.7539918103853996e-05,1.1387822781562712e-07,2.634909485339616e-05,0.004194760811117417
PerplexDEW (Davies),isobar,0.3,408.59999999999997,4.6835288151166395e-05,1.1337993582927797e-07,2.598485763591634e-05,0.0040980430274444495
PerplexDEW (Davies),isobar,0.3,409.79999999999995,4.613759222311193e-05,1.128710938884405e-07,2.5623617278261317e-05,0.004003373822253123
PerplexDEW (Davies),isobar,0.3,411.0,4.544694709545804e-05,1.1235216795842807e-07,2.5265453402254553e-05,0.003910723574514133
PerplexDEW (Davies),isobar,0.3,412.2,4.476346262558859e-05,1.1182362495370545e-07,2.4910441970699002e-05,0.0038200625756581673
PerplexDEW (Davies),isobar,0.3,413.4,4.408320045841857e-05,1.1127573071541083e-07,2.4556404077624395e-05,0.0037310189383377157
PerplexDEW (Davies),isobar,0.35,344.0,0.01660412012002362,0.00041458016024658223,0.010937960346387764,0.9079258522414205
PerplexDEW (Davies),isobar,0.35,344.8888888888889,0.01669218353060824,0.00041762083334978605,0.010995484481912999,0.9112919313415799
PerplexDEW (Davies),isobar,0.35,345.77777777777777,0.016779199149629706,0.0004206247807949527,0.011052237444879104,0.9146231509119177
PerplexDEW (Davies),isobar,0.35,346.6666666666667,0.01686513022138138,0.00042359017405555025,0.011108192786438938,0.9179184708638373
PerplexDEW (Davies),isobar,0.35,347.55555555555554,0.016949896624404544,0.00042651377240785,0.011163293772280071,0.9211756188181052
PerplexDEW (Davies),isobar,0.35,348.44444444444446,0.017033444883633352,0.00042939316036063604,0.011217502254591751,0.9243930739611963
PerplexDEW (Davies),isobar,0.35,349.3333333333333,0.017115691229376975,0.0004322249170074704,0.011270758919114025,0.9275684555664239
PerplexDEW (Davies),isobar,0.35,350.22222222222223,0.017196608650527422,0.0004350074325294367,0.011323044087753413,0.9307009821425903
PerplexDEW (Davies),isobar,0.35,351.1111111111111,0.017276065830631848,0.00043773568030084926,0.011374265207426576,0.9337869217733877
PerplexDEW (Davies),isobar,0.35,352.0,0.017354017718395103,0.0004404074044828071,0.011424389980119486,0.9368249731010133
PerplexDEW (Davies),isobar,0.35,352.8888888888889,0.01743038830776337,0.0004430193143622831,0.011473364478601582,0.9398129539763875
PerplexDEW (Davies),isobar,0.35,353.77777777777777,0.017505069059541176,0.00044556701517458914,0.01152111202551131,0.9427477576808933
PerplexDEW (Davies),isobar,0.35,354.6666666666667,0.017577979522082933,0.0004480469985053033,0.011567575570498277,0.9456270612235841
PerplexDEW (Davies),isobar,0.35,355.55555555555554,0.017649406489168476,0.0004504726236412924,0.011612976742284004,0.948450921187026
PerplexDEW (Davies),isobar,0.35,356.44444444444446,0.01771852137866772,0.00045280626984321184,0.011656692274561783,0.951211620641125
PerplexDEW (Davies),isobar,0.35,357.3333333333333,0.017785565824971244,0.0004550595305087096,0.011698911563971712,0.9539081234491391
PerplexDEW (Davies),isobar,0.35,358.22222222222223,0.017850467040698044,0.00045722902015637805,0.011739582942197468,0.9565382736729857
PerplexDEW (Davies),isobar,0.35,359.1111111111111,0.017913069257053413,0.0004593085363132043,0.011778596690066036,0.9590975616827704
PerplexDEW (Davies),isobar,0.35,360.0,0.017973245363270537,0.00046129278766190215,0.011815863145948444,0.9615822663658368
PerplexDEW (Davies),isobar,0.35,360.8888888888889,0.018030898548243954,0.00046317746702829484,0.011851313876423467,0.9639894992278704
PerplexDEW (Davies),isobar,0.35,361.77777777777777,0.01808589648802615,0.0004649570319191484,0.011884855619831049,0.9663153474935215
PerplexDEW (Davies),isobar,0.35,362.6666666666667,0.018138035609686243,0.00046662346915730615,0.011916345257249442,0.9685538618823281
PerplexDEW (Davies),isobar,0.35,363.55555555555554,0.018187244220337562,0.00046817320801194876,0.011945732040834347,0.9707027810562147
PerplexDEW (Davies),isobar,0.35,364.44444444444446,0.018233276488349003,0.00046959669286061585,0.01197284333627499,0.972754896175116
PerplexDEW (Davies),isobar,0.35,365.3333333333333,0.01827601984042883,0.0004708888734854173,0.011997599875694678,0.974706718422266
PerplexDEW (Davies),isobar,0.35,366.22222222222223,0.01831521830981084,0.0004720397301285011,0.012019822033641072,0.9765506632779982
PerplexDEW (Davies),isobar,0.35,367.1111111111111,0.018350751960214233,0.0004730438744923307,0.012039425535931365,0.9782829383200382
PerplexDEW (Davies),isobar,0.35,368.0,0.0004018001756073763,6.820810323610883e-07,0.0002150524386069051,0.047619749185371915
PerplexDEW (Davies),isobar,0.35,368.8888888888889,0.00039820205355219177,6.809258506331665e-07,0.00021330154221665026,0.0468630542897409
PerplexDEW (Davies),isobar,0.35,369.77777777777777,0.0003946732944852118,6.798884987199157e-07,0.000211584648750504,0.04612353231768142
PerplexDEW (Davies),isobar,0.35,370.6666666666667,0.00039118859664746,6.789199648283791e-07,0.0002098882443615525,0.04539796539019557
PerplexDEW (Davies),isobar,0.35,371.55555555555554,0.00038776303271496096,6.780447292469975e-07,0.00020822047183400064,0.044687875383791556
PerplexDEW (Davies),isobar,0.35,372.44444444444446,0.00038438463576311,6.772383590797512e-07,0.00020657495881312618,0.04399164275652108
PerplexDEW (Davies),isobar,0.35,373.3333333333333,0.0003810684474672451,6.76526248442439e-07,0.0002049598509755669,0.043310760569572046
PerplexDEW (Davies),isobar,0.35,374.22222222222223,0.00037777524486120613,6.75833784830054e-07,0.00020335409199092585,0.042640548547276336
PerplexDEW (Davies),isobar,0.35,375.1111111111111,0.00037453352856041714,6.752116344882633e-07,0.00020177306745495596,0.04198404834501132
PerplexDEW (Davies),isobar,0.35,376.0,0.00037134468587927624,6.746608878171003e-07,0.0002002175850504935,0.041341195521104934
PerplexDEW (Davies),isobar,0.35,376.8888888888889,0.0003681828256221465,6.741313755098693e-07,0.00019867372859922011,0.0407089057633621
PerplexDEW (Davies),isobar,0.35,377.77777777777777,0.00036504918185735697,6.736235694783762e-07,0.000197142195300101,0.04008715707830976
PerplexDEW (Davies),isobar,0.35,378.6666666666667,0.00036197226571741656,6.731903320162451e-07,0.000195638434653703,0.03947890381331572
PerplexDEW (Davies),isobar,0.35,379.55555555555554,0.0003589260114296952,6.727809916405302e-07,0.00019414841078477276,0.03888110043352953
PerplexDEW (Davies),isobar,0.35,380.44444444444446,0.0003559115733629896,6.723965258992845e-07,0.00019267278618523563,0.038293712576531524
PerplexDEW (Davies),isobar,0.35,381.3333333333333,0.0003529300806996846,6.720380598942602e-07,0.0001912122122602428,0.03771670210866946
PerplexDEW (Davies),isobar,0.35,382.22222222222223,0.00034998263734557815,6.71706859811802e-07,0.0001897673291747938,0.037150027271743755
PerplexDEW (Davies),isobar,0.35,383.1111111111111,0.00034705661154527334,6.713772515128541e-07,0.0001883313232578792,0.03659219566670939
PerplexDEW (Davies),isobar,0.35,384.0,0.00034416674736514636,6.710774379985473e-07,0.00018691223210800628,0.036044623153729555
PerplexDEW (Davies),isobar,0.35,384.8888888888889,0.00034130034574015954,6.707815857773914e-07,0.00018550319834342323,0.035505828080592945
PerplexDEW (Davies),isobar,0.35,385.77777777777777,0.000338458386315841,6.704908421375781e-07,0.00018410478613588717,0.03497578151964189
PerplexDEW (Davies),isobar,0.35,386.6666666666667,0.0003356418274612283,6.702064541608046e-07,0.00018271755007056106,0.03445445158105047
PerplexDEW (Davies),isobar,0.35,387.55555555555554,0.00033285160614414573,6.699297643984732e-07,0.00018134203500061585,0.03394180351704025
PerplexDEW (Davies),isobar,0.35,388.44444444444446,0.00033008863785319775,6.696622067253057e-07,0.00017997877592823135,0.03343779982729808
PerplexDEW (Davies),isobar,0.35,389.3333333333333,0.0003273538165641352,6.694053023703764e-07,0.00017862829791125622,0.032942400365278235
PerplexDEW (Davies),isobar,0.35,390.22222222222223,0.00032463424905777557,6.691319219180004e-07,0.00017728359694920012,0.032454184609310516
PerplexDEW (Davies),isobar,0.35,391.1111111111111,0.00032194454459418367,6.688720543037036e-07,0.00017595268138585318,0.03197450257226783
PerplexDEW (Davies),isobar,0.35,392.0,0.00031927176260682734,6.685982915246351e-07,0.00017462851299314175,0.03150194625222451
PerplexDEW (Davies),isobar,0.35,392.8888888888889,0.0003166304803865216,6.683411926303248e-07,0.00017331909739198018,0.031037843675420087
PerplexDEW (Davies),isobar,0.35,393.77777777777777,0.0003139939378426926,6.680434548206186e-07,0.0001720098160627169,0.030579456542650586
PerplexDEW (Davies),isobar,0.35,394.6666666666667,0.00031139045106996484,6.677653605899747e-07,0.00017071620509656073,0.030129451707489582
PerplexDEW (Davies),isobar,0.35,395.55555555555554,0.0003087932207777659,6.674488551198607e-07,0.0001694236041437159,0.029685121376555604
PerplexDEW (Davies),isobar,0.35,396.44444444444446,0.00030623052947148423,6.671552065471935e-07,0.0001681475568031662,0.02924909368744045
PerplexDEW (Davies),isobar,0.35,397.3333333333333,0.0003036893163752541,6.668560677615886e-07,0.00016688093270099592,0.028820000126907917
PerplexDEW (Davies),isobar,0.35,398.22222222222223,0.00030115650919532204,6.665222611049472e-07,0.000165616573268762,0.028396504941744127
PerplexDEW (Davies),isobar,0.35,399.1111111111111,0.0002986465631249483,6.66185608111299e-07,0.0001643624497970698,0.02797988761877073
PerplexDEW (Davies),isobar,0.35,400.0,0.0002961463808617908,6.658165809564327e-07,0.0001631113808567546,0.027568826192866547
PerplexDEW (Davies),isobar,0.35,400.8888888888889,0.0002936703798092694,6.654475304983388e-07,0.0001618713308254875,0.027164579461941375
PerplexDEW (Davies),isobar,0.35,401.77777777777777,0.0002912054406472404,6.650485699998546e-07,0.00016063509691641053,0.02676583946886067
PerplexDEW (Davies),isobar,0.35,402.6666666666667,0.00028876593950371703,6.646525726339827e-07,0.00015941063445688077,0.02637384456397115
PerplexDEW (Davies),isobar,0.35,403.55555555555554,0.0002863387379906358,6.642292846950244e-07,0.000158190720795587,0.02598730099530065
PerplexDEW (Davies),isobar,0.35,404.44444444444446,0.0002839381678726538,6.638120950615764e-07,0.00015698330028534832,0.025607426932542393
PerplexDEW (Davies),isobar,0.35,405.3333333333333,0.000281537355905208,6.633379071121943e-07,0.0001557735408241048,0.025231712113495487
PerplexDEW (Davies),isobar,0.35,406.22222222222223,0.00027916432441292495,6.62872644115907e-07,0.00015457696425022894,0.024862602816946446
PerplexDEW (Davies),isobar,0.35,407.1111111111111,0.00027680590788078013,6.62385297871655e-07,0.00015338631395818157,0.024498834176184637
PerplexDEW (Davies),isobar,0.35,408.0,0.0002744489681294221,6.618440061484033e-07,0.00015219432668187315,0.024139174337456645
PerplexDEW (Davies),isobar,0.35,408.8888888888889,0.00027212142626685195,6.613161057995352e-07,0.00015101650504548045,0.023786014281172968
PerplexDEW (Davies),isobar,0.35,409.77777777777777,0.0002698101061083257,6.607700100363929e-07,0.00014984557212228045,0.02343811117549282
PerplexDEW (Davies),isobar,0.35,410.66666666666663,0.0002675155162131513,6.602070673344986e-07,0.0001486818354249332,0.023095434768903113
PerplexDEW (Davies),isobar,0.35,411.55555555555554,0.000265238151761676,6.596286503345105e-07,0.0001475255958346174,0.022757953706321755
PerplexDEW (Davies),isobar,0.35,412.44444444444446,0.00026296487513729745,6.590019289231124e-07,0.0001463695664800525,0.02242447292801341
PerplexDEW (Davies),isobar,0.35,413.3333333333333,0.00026070980546051174,6.583621111549718e-07,0.00014522162222330905,0.02209613854538437
PerplexDEW (Davies),isobar,0.35,414.22222222222223,0.0002584733997517618,6.577106361686491e-07,0.00014408204501223837,0.02177291606533682
PerplexDEW (Davies),isobar,0.35,415.1111111111111,0.00025625610171900324,6.57048962548644e-07,0.00014295111006814565,0.021454770065681687
PerplexDEW (Davies),isobar,0.35,416.0,0.0002540447895673255,6.563434775962042e-07,0.00014182152001909155,0.021140535302531682
PerplexDEW (Davies),isobar,0.35,416.8888888888889,0.00025183993612315535,6.555950333345973e-07,0.00014069355111428846,0.020830199732584105
PerplexDEW (Davies),isobar,0.35,417.77777777777777,0.0002496690327757967,6.548755329759753e-07,0.00013958258611993055,0.020525974598919146
PerplexDEW (Davies),isobar,0.35,418.66666666666663,0.0002474919320959344,6.540799596477601e-07,0.00013846620892359887,0.020224484540635912
PerplexDEW (Davies),isobar,0.35,419.55555555555554,0.00024534955678504956,6.53316401089476e-07,0.00013736732931570725,0.0199290261912508
PerplexDEW (Davies),isobar,0.35,420.44444444444446,0.00024320185711240068,6.524786015693454e-07,0.00013626355416948812,0.01963627263993381
PerplexDEW (Davies),isobar,0.35,421.3333333333333,0.00024107617935271473,6.51639587397838e-07,0.00013517021500571874,0.01934839013190645
PerplexDEW (Davies),isobar,0.35,422.22222222222223,0.00023897286867059924,6.508009409739227e-07,0.00013408753686004879,0.019065336674600756
PerplexDEW (Davies),isobar,0.35,423.1111111111111,0.00023687887374199636,6.499274845511443e-07,0.00013300822291208728,0.01878600727015489
PerplexDEW (Davies),isobar,0.35,424.0,0.0002347945856179388,6.490202026795912e-07,0.0001319325087620664,0.018510383304743427
PerplexDEW (Davies),isobar,0.35,424.8888888888889,0.00023272038632276087,6.480800949199532e-07,0.0001308606255279994,0.018238445450636506
PerplexDEW (Davies),isobar,0.35,425.77777777777777,0.00023066995798653566,6.47145556010283e-07,0.0001298002891370989,0.017971211519614675
PerplexDEW (Davies),isobar,0.35,426.66666666666663,0.00022861701971039805,6.461430512146859e-07,0.00012873673339716885,0.017706577000160425
PerplexDEW (Davies),isobar,0.35,427.55555555555554,0.00022658851721239854,6.451485804491092e-07,0.00012768514426136495,0.0174465881376892
PerplexDEW (Davies),isobar,0.35,428.44444444444446,0.0002245714848303392,6.44125809534737e-07,0.00012663824391921001,0.017190185205702833
PerplexDEW (Davies),isobar,0.35,429.3333333333333,0.00022257945826622996,6.431139734379367e-07,0.00012560368897368378,0.016938351186827648
PerplexDEW (Davies),isobar,0.35,430.22222222222223,0.0002205863317375941,6.420379813715624e-07,0.00012456677138241644,0.016689044036853888
PerplexDEW (Davies),isobar,0.35,431.1111111111111,0.0002186056508812919,6.409368918062803e-07,0.00012353514902385053,0.016443253669022554
PerplexDEW (Davies),isobar,0.35,432.0,0.0002166508368900576,6.398505505040357e-07,0.00012251643087520068,0.01620193744093497
PerplexDEW (Davies),isobar,0.4,356.4,0.018399444675415835,0.0004755260037561892,0.012133355761187632,0.9703084064519772
PerplexDEW (Davies),isobar,0.4,357.4222222222222,0.01849820279137026,0.00047893236649445805,0.012197162748249333,0.9740072125348639
PerplexDEW (Davies),isobar,0.4,358.4444444444444,0.018595056703453017,0.0004822640274168752,0.012259575760969473,0.977645453815023
PerplexDEW (Davies),isobar,0.4,359.46666666666664,0.018689890987678807,0.0004855158885635131,0.012320512819269998,0.981219874208854
PerplexDEW (Davies),isobar,0.4,360.4888888888889,0.018782587130892966,0.0004886826946551417,0.012379889758403099,0.9847271176484458
PerplexDEW (Davies),isobar,0.4,361.51111111111106,0.01887302351147378,0.0004917590320432558,0.012437620234795995,0.9881637288111573
PerplexDEW (Davies),isobar,0.4,362.5333333333333,0.01896107538356723,0.0004947393279295787,0.012493615720116006,0.9915261506047426
PerplexDEW (Davies),isobar,0.4,363.55555555555554,0.019046597668480828,0.0004976172584170772,0.012547773439519343,0.9948102460285715
PerplexDEW (Davies),isobar,0.4,364.5777777777778,0.019129441348474625,0.0005003863036761396,0.012599987866079937,0.9980117491213562
PerplexDEW (Davies),isobar,0.4,365.59999999999997,0.01920948864567628,0.0005030409666845906,0.012650175405182928,1.0011272347545201
PerplexDEW (Davies),isobar,0.4,366.6222222222222,0.019286512645579863,0.0005055719146480118,0.01269817593729175,1.0041502333867283
PerplexDEW (Davies),isobar,0.4,367.64444444444445,0.019360387247985087,0.0005079732399377465,0.0127439000897464,1.0070770331779026
PerplexDEW (Davies),isobar,0.4,368.66666666666663,0.019430947607174495,0.0005102376390384996,0.012787231361834201,1.0099028168221704
PerplexDEW (Davies),isobar,0.4,369.68888888888887,0.0194979513046229,0.0005123550285684208,0.012827998869882399,1.0126205810623627
PerplexDEW (Davies),isobar,0.4,370.7111111111111,0.019561260409493204,0.0005143189204031073,0.012866105121561673,1.0152261698840355
PerplexDEW (Davies),isobar,0.4,371.7333333333333,0.019620584179569286,0.0005161173891563606,0.01290134545590707,1.0177111447194465
PerplexDEW (Davies),isobar,0.4,372.75555555555553,0.01967569917978366,0.0005177407978930754,0.012933562541996263,1.0200688704501286
PerplexDEW (Davies),isobar,0.4,373.77777777777777,0.01972641499133668,0.0005191806225605712,0.0129626223480826,1.0222935622399156
PerplexDEW (Davies),isobar,0.4,374.79999999999995,0.01977238192057448,0.0005204226128940993,0.012988279163641352,1.0243749379848381
PerplexDEW (Davies),isobar,0.4,375.8222222222222,0.019813357897595835,0.0005214562686229223,0.013010362996962972,1.0263056126673906
PerplexDEW (Davies),isobar,0.4,376.84444444444443,0.019849055944710477,0.0005222694295740338,0.013028672524943467,1.0280768542843621
PerplexDEW (Davies),isobar,0.4,377.8666666666667,0.019879061940887535,0.0005228453007026452,0.013042917382035658,1.0296762700143938
PerplexDEW (Davies),isobar,0.4,378.88888888888886,0.01990311246201695,0.0005231724312390556,0.013052913286625561,1.0310955298053954
PerplexDEW (Davies),isobar,0.4,379.9111111111111,0.01992069355578395,0.0005232302781325805,0.013058300376147329,1.0323191472891247
PerplexDEW (Davies),isobar,0.4,380.93333333333334,0.019931401071978147,0.0005230021796709008,0.013058796275253125,1.033334520958117
PerplexDEW (Davies),isobar,0.4,381.9555555555555,0.019934821836556003,0.0005224711033126651,0.013054112731693403,1.0341285704700243
PerplexDEW (Davies),isobar,0.4,382.97777777777776,0.0199303229281082,0.0005216119783848953,0.013043807771721951,1.0346817909125177
PerplexDEW (Davies),isobar,0.4,384.0,0.0199173830252231,0.0005204037394787269,0.013027518441370957,1.0349774917542867
PerplexDEW (Davies),isobar,0.4,385.02222222222224,0.001517662611010888,3.93022922386512e-06,0.0008292749800018062,0.1566161811089482
PerplexDEW (Davies),isobar,0.4,386.0444444444444,0.0014729002714330521,3.7452880280225765e-06,0.0008050913636449522,0.15101858093679593
PerplexDEW (Davies),isobar,0.4,387.06666666666666,0.0014336613286127348,3.5932314925181996e-06,0.0007839809485754097,0.14602241426715146
PerplexDEW (Davies),isobar,0.4,388.0888888888889,0.001398552737202871,3.465289290925659e-06,0.0007651629765404404,0.14148485144835854
PerplexDEW (Davies),isobar,0.4,389.1111111111111,0.0013668591982735246,3.3564666068345843e-06,0.0007482354105643504,0.1373310934278455
PerplexDEW (Davies),isobar,0.4,390.1333333333333,0.0013378740490696877,3.2625361921016716e-06,0.0007328034286877634,0.13348765503178345
PerplexDEW (Davies),isobar,0.4,391.15555555555557,0.001311224551034835,3.1809452499147567e-06,0.0007186581525461847,0.12991456844844324
PerplexDEW (Davies),isobar,0.4,392.17777777777775,0.001286540126242902,3.109474940716065e-06,0.0007055928935850872,0.12657246258533483
PerplexDEW (Davies),isobar,0.4,393.2,0.0012635059400244884,3.0463429638648453e-06,0.0006934324080304232,0.12342788877105314
PerplexDEW (Davies),isobar,0.4,394.22222222222223,0.0012419170350938687,2.9903019708169312e-06,0.0006820625638929809,0.12045847640039628
PerplexDEW (Davies),isobar,0.4,395.2444444444444,0.001221568118502691,2.9402339182449135e-06,0.0006713693494733182,0.11764215115586808
PerplexDEW (Davies),isobar,0.4,396.26666666666665,0.001202308261345188,2.8952911916842865e-06,0.0006612689824404946,0.11496237943182093
PerplexDEW (Davies),isobar,0.4,397.2888888888889,0.0011840409480306348,2.854865809817074e-06,0.0006517078968473433,0.1124080456231273
PerplexDEW (Davies),isobar,0.4,398.31111111111113,0.001166669033997187,2.8184040590817573e-06,0.0006426322973614218,0.10996814941357122
PerplexDEW (Davies),isobar,0.4,399.3333333333333,0.0011500946438486894,2.7853972349875756e-06,0.0006339880573143668,0.10763181461790725
PerplexDEW (Davies),isobar,0.4,400.35555555555555,0.0011342190864091933,2.755373697704281e-06,0.0006257206325763411,0.10538829623789474
PerplexDEW (Davies),isobar,0.4,401.3777777777778,0.0011189983036649744,2.728051252710289e-06,0.0006178057411431809,0.10323209183120431
PerplexDEW (Davies),isobar,0.4,402.4,0.0011043876831489,2.7031691008958296e-06,0.0006102188342445033,0.10115774020355038
PerplexDEW (Davies),isobar,0.4,403.4222222222222,0.0010902863350333702,2.680326755262039e-06,0.0006029041796118686,0.0991547716197281
PerplexDEW (Davies),isobar,0.4,404.44444444444446,0.0010767040063642047,2.6594555616781763e-06,0.0005958673679552894,0.09722292797424982
PerplexDEW (Davies),isobar,0.4,405.46666666666664,0.0010635663872183793,2.640261937420908e-06,0.0005890673900964376,0.0953543983123951
PerplexDEW (Davies),isobar,0.4,406.4888888888889,0.0010508543797703993,2.6226201940997147e-06,0.000582493855770334,0.0935464604673354
PerplexDEW (Davies),isobar,0.4,407.5111111111111,0.0010384923873645695,2.606255879732387e-06,0.0005761049797207936,0.09179144885168364
PerplexDEW (Davies),isobar,0.4,408.5333333333333,0.0010265164318591276,2.5912154503438316e-06,0.0005699209931875459,0.09009167312097288
PerplexDEW (Davies),isobar,0.4,409.55555555555554,0.0010149062451175195,2.577394336755982e-06,0.0005639308765474721,0.08844445528087497
PerplexDEW (Davies),isobar,0.4,410.5777777777778,0.001003584778064419,2.564535601742216e-06,0.0005580919775891388,0.08684225653745095
PerplexDEW (Davies),isobar,0.4,411.6,0.0009925307157663864,2.5525431180668614e-06,0.0005523926170053956,0.08528251530808381
PerplexDEW (Davies),isobar,0.4,412.6222222222222,0.000981778977151928,2.541482312025196e-06,0.0005468524704512709,0.08376752486189051
PerplexDEW (Davies),isobar,0.4,413.64444444444445,0.0009712794748767289,2.531184849611969e-06,0.0005414438336745446,0.08229229555075501
PerplexDEW (Davies),isobar,0.4,414.6666666666667,0.0009610383670372556,2.5216431271723703e-06,0.000536170358634503,0.08085669593357608
PerplexDEW (Davies),isobar,0.4,415.68888888888887,0.0009510047838656483,2.512692293932992e-06,0.0005310038403626752,0.07945581724540457
PerplexDEW (Davies),isobar,0.4,416.7111111111111,0.0009411843088740206,2.504328340421696e-06,0.0005259475856297598,0.0780895620205829
PerplexDEW (Davies),isobar,0.4,417.73333333333335,0.0009315823861819674,2.496549557203003e-06,0.0005210048428128023,0.07675781432254303
PerplexDEW (Davies),isobar,0.4,418.75555555555553,0.0009221471841716545,2.4891938316271076e-06,0.0005161467885991993,0.07545575935440031
PerplexDEW (Davies),isobar,0.4,419.77777777777777,0.0009128836219359795,2.482261025903498e-06,0.0005113763414857871,0.07418332235361143
PerplexDEW (Davies),isobar,0.4,420.8,0.0009038251460507635,2.4758348576407163e-06,0.0005067124427233802,0.07294272883060761
PerplexDEW (Davies),isobar,0.4,421.8222222222222,0.0008949478589917252,2.4698372040348867e-06,0.0005021418957347274,0.07173153333611607
PerplexDEW (Davies),isobar,0.4,422.84444444444443,0.0008861701260415309,2.464023154054466e-06,0.0004976190232942276,0.0705427453721855
PerplexDEW (Davies),isobar,0.4,423.8666666666667,0.0008775823405793632,2.4586451843380077e-06,0.0004931947617401915,0.06938318055674461
PerplexDEW (Davies),isobar,0.4,424.8888888888889,0.0008691312232878774,2.4535420219911973e-06,0.0004888393444296769,0.06824816390371527
PerplexDEW (Davies),isobar,0.4,425.9111111111111,0.0008607919371676142,2.448634012806205e-06,0.0004845389379251293,0.06713536217634433
PerplexDEW (Davies),isobar,0.4,426.93333333333334,0.000852597145252945,2.4440109862840204e-06,0.000480312081504369,0.06604696213176683
PerplexDEW (Davies),isobar,0.4,427.9555555555556,0.0008445217454542322,2.4395940596879602e-06,0.00047614478800564464,0.06498063412414039
PerplexDEW (Davies),isobar,0.4,428.97777777777776,0.0008365982694034104,2.435475992639985e-06,0.00047205556689812803,0.06393851916516965
PerplexDEW (Davies),isobar,0.4,430.0,0.0008287724015976298,2.4314912603860653e-06,0.00046801391984232864,0.0629160907320343
PerplexDEW (Davies),isobar,0.4,431.02222222222224,0.0008210474751882071,2.427645769843415e-06,0.0004640218521442206,0.06191329395359645
PerplexDEW (Davies),isobar,0.4,432.0444444444445,0.0008134267398486746,2.423946073616682e-06,0.00046008132979992293,0.060930065363162145
PerplexDEW (Davies),isobar,0.4,433.06666666666666,0.0008058843303620822,2.4203102731161878e-06,0.00045617783908874016,0.0599641686749701
PerplexDEW (Davies),isobar,0.4,434.0888888888889,0.0007984813704823479,2.416923599013998e-06,0.0004523461213823964,0.05901986614284729
PerplexDEW (Davies),isobar,0.4,435.1111111111111,0.0007911627784760319,2.4136155594103484e-06,0.00044855511951851466,0.05809275418443704
PerplexDEW (Davies),isobar,0.4,436.1333333333333,0.0007839314144843292,2.4103929866259802e-06,0.000444806569074836,0.05718277652288412
PerplexDEW (Davies),isobar,0.4,437.15555555555557,0.00077676095488173,2.407171454824001e-06,0.0004410856346689641,0.05628775613971003
PerplexDEW (Davies),isobar,0.4,438.1777777777778,0.0007697123191005855,2.4041414294498073e-06,0.00043742703066558525,0.055411863824781554
PerplexDEW (Davies),isobar,0.4,439.2,0.0007627299144876084,2.4011269239038063e-06,0.0004337992949504083,0.0545508085171676
PerplexDEW (Davies),isobar,0.4,440.22222222222223,0.0007558454248920071,2.3982281547461026e-06,0.00043022055901174036,0.0537066221212322
PerplexDEW (Davies),isobar,0.4,441.24444444444447,0.0007490321866595957,2.3953595309274836e-06,0.0004266757655908024,0.05287715374879407
PerplexDEW (Davies),isobar,0.4,442.26666666666665,0.0007422925997562932,2.3925281751567144e-06,0.0004231663839481304,0.05206234819315925
PerplexDEW (Davies),isobar,0.4,443.2888888888889,0.0007356290016060016,2.389741516623626e-06,0.0004196938524627942,0.051262144956457145
PerplexDEW (Davies),isobar,0.4,444.31111111111113,0.0007290144788416822,2.3869106916191683e-06,0.0004162429095987243,0.050474453373631156
PerplexDEW (Davies),isobar,0.4,445.33333333333337,0.0007225096160371891,2.3842361522594617e-06,0.0004128482538206001,0.04970326584675536
PerplexDEW (Davies),isobar,0.4,446.35555555555555,0.0007160581856796628,2.381532270604757e-06,0.00040947787879004946,0.048944469762318754
PerplexDEW (Davies),isobar,0.4,447.3777777777778,0.000709662271640914,2.3788053967819136e-06,0.00040613305723968113,0.04819802352221274
PerplexDEW (Davies),isobar,0.4,448.4,0.000703323905833048,2.3760621017469675e-06,0.00040281503609717456,0.047463881216276274
PerplexDEW (Davies),isobar,0.4,449.4222222222222,0.0006970742637292965,2.373409343796466e-06,0.0003995417727156896,0.04674395450643189
PerplexDEW (Davies),isobar,0.4,450.44444444444446,0.0006908568780583381,2.370654471721535e-06,0.00039628099934810676,0.0460342531783441
PerplexDEW (Davies),isobar,0.4,451.4666666666667,0.0006847320097477736,2.3680057397607074e-06,0.00039306736639955656,0.0453386301727388
PerplexDEW (Davies),isobar,0.4,452.4888888888889,0.0006786431012293049,2.3652679638116367e-06,0.00038986851057094514,0.04465313833617374
PerplexDEW (Davies),isobar,0.4,453.5111111111111,0.0006726211175448811,2.362549566819635e-06,0.00038670229486405635,0.04397966162453083
PerplexDEW (Davies),isobar,0.4,454.53333333333336,0.0006666386164556748,2.359754410905173e-06,0.00038355302749996175,0.043316232874495215
PerplexDEW (Davies),isobar,0.4,455.55555555555554,0.0006607264534077537,2.3569926848832302e-06,0.00038043853986203147,0.04266470407706724
PerplexDEW (Davies),isobar,0.4,456.5777777777778,0.0006548862517429719,2.354272362899197e-06,0.0003773598707984589,0.04202500027145764
PerplexDEW (Davies),isobar,0.4,457.6,0.0006490904590547682,2.3514955449051087e-06,0.0003743012361218724,0.041395182591341353
PerplexDEW (Davies),isobar,0.5,305.85,0.01295754654734795,0.00028814905332090154,0.008527880608098079,0.7638618071104922
PerplexDEW (Davies),isobar,0.5,308.3277777777778,0.013262805178070372,0.0002980044656104981,0.008733217402230965,0.7754792127805245
PerplexDEW (Davies),isobar,0.5,310.8055555555556,0.013571405600131382,0.0003080462958734922,0.008940770263426448,0.7871486810333997
PerplexDEW (Davies),isobar,0.5,313.28333333333336,0.013883174034353846,0.00031826873849252546,0.00915041221386962,0.7988643905156011
PerplexDEW (Davies),isobar,0.5,315.7611111111111,0.014197931215849948,0.00032866544018863474,0.009362012004789083,0.8106204492062442
PerplexDEW (Davies),isobar,0.5,318.23888888888894,0.014515473755015608,0.00033922896159705633,0.009575421190219618,0.8224103474355097
PerplexDEW (Davies),isobar,0.5,320.7166666666667,0.014835577039955234,0.0003499508161337675,0.009790476087564318,0.8342270521531072
PerplexDEW (Davies),isobar,0.5,323.19444444444446,0.015158009444483991,0.0003608218428855746,0.010007007598566438,0.8460634203148002
PerplexDEW (Davies),isobar,0.5,325.6722222222222,0.015482511727513188,0.00037183159079117324,0.010224826917581187,0.857911606666389
PerplexDEW (Davies),isobar,0.5,328.15000000000003,0.01580878354151509,0.00038296786994802183,0.010443716103528837,0.8697626911117307
PerplexDEW (Davies),isobar,0.5,330.6277777777778,0.0161365481283407,0.0003942186220878981,0.010663473004579833,0.8816085187499054
PerplexDEW (Davies),isobar,0.5,333.10555555555555,0.01646544012563931,0.0004055685573160653,0.010883833253866996,0.8934385236100699
PerplexDEW (Davies),isobar,0.5,335.58333333333337,0.016795116142175173,0.00041700239829469375,0.011104547115313553,0.9052428603594491
PerplexDEW (Davies),isobar,0.5,338.06111111111113,0.01712517302401419,0.00042850238333170507,0.011325322595456504,0.9170101026013938
PerplexDEW (Davies),isobar,0.5,340.5388888888889,0.01745520629593407,0.0004400500045501156,0.011545866129223713,0.928728884860175
PerplexDEW (Davies),isobar,0.5,343.0166666666667,0.017784732730151926,0.0004516235511308692,0.011765828545156974,0.9403857313287038
PerplexDEW (Davies),isobar,0.5,345.49444444444447,0.018113278087079524,0.0004632008017940832,0.011984866271951661,0.951967517550372
PerplexDEW (Davies),isobar,0.5,347.97222222222223,0.01844028257049941,0.0004747559795782043,0.01220257528935849,0.9634588385191671
PerplexDEW (Davies),isobar,0.5,350.45000000000005,0.018765194103724327,0.00048626268186425007,0.012418556312927185,0.9748445732576778
PerplexDEW (Davies),isobar,0.5,352.9277777777778,0.01908733767695855,0.0004976895734415954,0.012632323361539655,0.986106306473992
PerplexDEW (Davies),isobar,0.5,355.40555555555557,0.019406276460377462,0.0005090149225037434,0.012843568921828835,0.9972277668451275
PerplexDEW (Davies),isobar,0.5,357.8833333333333,0.019720846225739923,0.000520184140681951,0.013051439695581377,1.0081857183700471
PerplexDEW (Davies),isobar,0.5,360.36111111111114,0.020030447010453166,0.0005311676576952136,0.013255511555515012,1.01895985103646
PerplexDEW (Davies),isobar,0.5,362.8388888888889,0.020334193862237573,0.0005419228856208474,0.013455148929061198,1.0295261543457679
PerplexDEW (Davies),isobar,0.5,365.31666666666666,0.020631149261780172,0.0005524042571056838,0.013649678873951526,1.0398591598755589
PerplexDEW (Davies),isobar,0.5,367.7944444444445,0.02092025003227173,0.0005625606161821336,0.013838339786354676,1.0499299435133056
PerplexDEW (Davies),isobar,0.5,370.27222222222224,0.02120037013586318,0.0005723373086120526,0.014020325603257257,1.0597077677561555
PerplexDEW (Davies),isobar,0.5,372.75,0.02147028154003574,0.0005816747531132966,0.014194758435229809,1.069158973070702
PerplexDEW (Davies),isobar,0.5,375.22777777777776,0.021728609036775537,0.0005905067356824246,0.014360656918825203,1.0782457001578538
PerplexDEW (Davies),isobar,0.5,377.7055555555556,0.021973838972862317,0.000598760609426881,0.014516942548812448,1.0869260330807737
PerplexDEW (Davies),isobar,0.5,380.18333333333334,0.022204331241532618,0.0006063576598347086,0.01466244842273716,1.0951542001435035
PerplexDEW (Davies),isobar,0.5,382.66111111111115,0.022418228965569546,0.0006132097326277241,0.01479585599376878,1.1028780070090178
PerplexDEW (Davies),isobar,0.5,385.1388888888889,0.022613485782126547,0.000619220142098586,0.014915714783348875,1.1100393929048278
PerplexDEW (Davies),isobar,0.5,387.6166666666667,0.02278783346706127,0.0006242824402564191,0.01502042024416528,1.1165732755978088
PerplexDEW (Davies),isobar,0.5,390.09444444444443,0.02293870144156202,0.0006282773829708886,0.015108157899262896,1.122405094133484
PerplexDEW (Davies),isobar,0.5,392.57222222222225,0.0230631040042832,0.0006310686390831674,0.015176825005534881,1.1274473323465193
PerplexDEW (Davies),isobar,0.5,395.05,0.02315780410358315,0.0006325090810592691,0.015224147692054168,1.131603321326005
PerplexDEW (Davies),isobar,0.5,397.52777777777777,0.023218966722188428,0.0006324277939211607,0.015247438744916346,1.1347571377035544
PerplexDEW (Davies),isobar,0.5,400.0055555555556,0.02324207087730898,0.0006306269051304947,0.015243538690906458,1.1367700765840365
PerplexDEW (Davies),isobar,0.5,402.48333333333335,0.023221976479862693,0.0006268847220993212,0.015208867351245738,1.1374809228843814
PerplexDEW (Davies),isobar,0.5,404.9611111111111,0.023152332625102738,0.0006209337236545725,0.015139013129870045,1.136687581254754
PerplexDEW (Davies),isobar,0.5,407.43888888888887,0.02302573517940622,0.0006124681824443641,0.015028853508907557,1.1341481016028458
PerplexDEW (Davies),isobar,0.5,409.9166666666667,0.022832627422071348,0.0006011037915021686,0.014871795231173098,1.129545309514503
PerplexDEW (Davies),isobar,0.5,412.39444444444445,0.02256123847783452,0.0005863795536659196,0.01465975401433003,1.1224770756218767
PerplexDEW (Davies),isobar,0.5,414.87222222222226,0.022195857769269894,0.0005676978513741937,0.014381978862592036,1.1123947313935556
PerplexDEW (Davies),isobar,0.5,417.35,0.02171516250375868,0.0005442731295435186,0.014023944244315741,1.0985322399011872
PerplexDEW (Davies),isobar,0.5,419.8277777777778,0.021088535635769536,0.000515016002529123,0.013564892892722816,1.0797564595589852
PerplexDEW (Davies),isobar,0.5,422.30555555555554,0.02026808472388946,0.0004782837276626306,0.012972512218125617,1.0542409341848469
PerplexDEW (Davies),isobar,0.5,424.7833333333333,0.01917067593776232,0.00043134009275039715,0.012191029514006888,1.0187025689144464
PerplexDEW (Davies),isobar,0.5,427.2611111111111,0.017624464443225966,0.00036879981986416745,0.011105954618964145,0.9660641804259599
PerplexDEW (Davies),isobar,0.5,429.7388888888889,0.015121765891854627,0.0002757926792417489,0.009382349068552774,0.8741921808852525
PerplexDEW (Davies),isobar,0.5,432.2166666666667,0.00968077124077321,0.00011094765544381749,0.005772081649078255,0.6355553049426911
PerplexDEW (Davies),isobar,0.5,434.69444444444446,0.007246208529905251,5.7792391983502973e-05,0.004234291487457971,0.49926265081158566
PerplexDEW (Davies),isobar,0.5,437.1722222222222,0.006333683636336242,4.2254826645543594e-05,0.0036762405345216447,0.4395370001718331
PerplexDEW (Davies),isobar,0.5,439.65,0.005785823417928513,3.4318436572659e-05,0.0033475572446268957,0.4003912792285812
PerplexDEW (Davies),isobar,0.5,442.1277777777778,0.005399487788151483,2.942683350041308e-05,0.0031191747272741807,0.3709755846746551
PerplexDEW (Davies),isobar,0.5,444.60555555555555,0.005104087833708997,2.6114470617093355e-05,0.002946694729616337,0.3473268315918585
PerplexDEW (Davies),isobar,0.5,447.08333333333337,0.004866313796668522,2.3736330720694213e-05,0.002809345456775564,0.327498263749953
PerplexDEW (Davies),isobar,0.5,449.56111111111113,0.0046681877116207665,2.1961526373534876e-05,0.002695985695561164,0.310405217830785
PerplexDEW (Davies),isobar,0.5,452.0388888888889,0.004498530467492347,2.0597556088394384e-05,0.002599737429987893,0.2953529056662356
PerplexDEW (Davies),isobar,0.5,454.51666666666665,0.004350728842848316,1.9529972687889454e-05,0.002516536906395231,0.28191989623434854
PerplexDEW (Davies),isobar,0.5,456.9944444444444,0.0042195642027649475,1.8678808738572225e-05,0.0024432106366273918,0.26976618361900706
PerplexDEW (Davies),isobar,0.5,459.47222222222223,0.004101882716271541,1.799322360143092e-05,0.002377837705002461,0.25868019188676816
PerplexDEW (Davies),isobar,0.5,461.95,0.003994969691257447,1.7434671433870515e-05,0.0023187800933732582,0.2484778526933703
PerplexDEW (Davies),isobar,0.5,464.4277777777778,0.0038970500904847295,1.6976778072381408e-05,0.002264966224747436,0.23903461737948728
PerplexDEW (Davies),isobar,0.5,466.90555555555557,0.003806655467278508,1.659926695278179e-05,0.0022155146008047432,0.2302461084155761
PerplexDEW (Davies),isobar,0.5,469.3833333333333,0.0037225562393493057,1.628630917455179e-05,0.0021696905638087095,0.22202418237693314
PerplexDEW (Davies),isobar,0.5,471.8611111111111,0.003643991738300988,1.602686234077798e-05,0.002127038891330684,0.2143103245729363
PerplexDEW (Davies),isobar,0.5,474.33888888888885,0.0035700134779737803,1.5810471705946018e-05,0.0020869974186074375,0.20703642204025266
PerplexDEW (Davies),isobar,0.5,476.81666666666666,0.00350015808740242,1.563048237932985e-05,0.002049290645028699,0.20016424596025867
PerplexDEW (Davies),isobar,0.5,479.2944444444445,0.0034338578334167226,1.5480574737670505e-05,0.0020135833518959458,0.19365063840772223
PerplexDEW (Davies),isobar,0.5,481.77222222222224,0.0033707447352577854,1.5356160718424785e-05,0.0019796586941852098,0.18746498160463942
PerplexDEW (Davies),isobar,0.5,484.25,0.0033104270558415574,1.525305875506359e-05,0.0019472865284426983,0.18157628913464674
PerplexDEW (Davies),isobar,0.5,486.72777777777776,0.0032526456984043836,1.516818489820082e-05,0.001916315269608299,0.17596184399583312
PerplexDEW (Davies),isobar,0.5,489.2055555555555,0.0031970441265622286,1.5098279478982537e-05,0.0018865360395407369,0.17059445595182687
PerplexDEW (Davies),isobar,0.5,491.68333333333334,0.0031434831502026687,1.5041455926646092e-05,0.0018578684098485322,0.1654594602106802
PerplexDEW (Davies),isobar,0.5,494.1611111111111,0.003091810219774273,1.499596738514044e-05,0.0018302243003754984,0.16054194785919546
PerplexDEW (Davies),isobar,0.5,496.6388888888889,0.003041779165530555,1.4959747065463763e-05,0.0018034601365588424,0.1558227020941158
PerplexDEW (Davies),isobar,0.5,499.1166666666667,0.00299337195914028,1.4932048936317826e-05,0.0017775676415956263,0.1512948517978255
PerplexDEW (Davies),isobar,0.5,501.59444444444443,0.0029462361746838577,1.4910480628344025e-05,0.0017523397706836104,0.14693493176211497
PerplexDEW (Davies),isobar,0.5,504.0722222222222,0.0029004956931932956,1.4895244354213918e-05,0.0017278525985741885,0.14274406021526626
PerplexDEW (Davies),isobar,0.5,506.54999999999995,0.0028559405967571276,1.4884854323474186e-05,0.0017039835701495385,0.13870685749322587
PerplexDEW (Davies),isobar,0.5,509.02777777777777,0.0028125157915969983,1.4878705148270655e-05,0.001680702207148403,0.13481605091647256
PerplexDEW (Davies),isobar,0.5,511.5055555555556,0.002770159139194355,1.4876207173564145e-05,0.0016579738011277057,0.1310642822322372
PerplexDEW (Davies),isobar,0.5,513.9833333333333,0.0027287177316836823,1.4876305879674006e-05,0.0016357091335372454,0.12744019853208136
PerplexDEW (Davies),isobar,0.5,516.4611111111111,0.0026881991768385543,1.4878865245545046e-05,0.001613914986814405,0.12394035934980487
PerplexDEW (Davies),isobar,0.5,518.9388888888889,0.002648606535838909,1.4883768333626312e-05,0.0015925955390034513,0.12056120031863887
PerplexDEW (Davies),isobar,0.5,521.4166666666666,0.0026097680633110866,1.4889921756774025e-05,0.0015716497515449645,0.11729136051426445
PerplexDEW (Davies),isobar,0.5,523.8944444444444,0.0025716758243296434,1.4897177965505064e-05,0.0015510748796805733,0.11412727550857184
PerplexDEW (Davies),isobar,0.5,526.3722222222223,0.0025344038036352063,1.4905903954532273e-05,0.00153091770820821,0.11106909669085789
PerplexDEW (Davies),isobar,0.5,528.85,0.00249776474693785,1.4914935882123819e-05,0.0015110672487257987,0.10810554634636187
PerplexDEW (Davies),isobar,0.5,531.3277777777778,0.002461824713887132,1.4924624227221276e-05,0.001491565399135153,0.105236719928486
PerplexDEW (Davies),isobar,0.5,533.8055555555555,0.002426560636790331,1.4934806906249411e-05,0.001472400231441756,0.10245887458944353
PerplexDEW (Davies),isobar,0.5,536.2833333333333,0.0023918588842286484,1.4944760615332397e-05,0.0014535047155098207,0.09976460507919399
PerplexDEW (Davies),isobar,0.5,538.7611111111111,0.0023577763004423496,1.4954827589858645e-05,0.001434915204638469,0.09715387220180158
PerplexDEW (Davies),isobar,0.5,541.2388888888888,0.002324236229481201,1.4964518258900579e-05,0.0014165868905940127,0.09462113784917561
PerplexDEW (Davies),isobar,0.5,543.7166666666667,0.002291246472516312,1.4973882926612804e-05,0.0013985262631225014,0.0921644990936992
PerplexDEW (Davies),isobar,0.5,546.1944444444445,0.002258812501720443,1.4982970148765864e-05,0.0013807384241088273,0.0897820126282945
PerplexDEW (Davies),isobar,0.5,548.6722222222222,0.0022268933969218823,1.4991526638191734e-05,0.0013632000979481374,0.08746996158153861
PerplexDEW (Davies),isobar,0.5,551.15,0.002195489934332685,1.4999578680955202e-05,0.0013459134321375577,0.08522639470379603
PerplexDEW (Davies),isobar,0.6,390.8,0.025186860591935107,0.0007134996202533996,0.016690214067246197,1.182354362936601
PerplexDEW (Davies),isobar,0.6,393.06666666666666,0.025441790384850557,0.0007219794744110393,0.016852883314736545,1.190721701665142
PerplexDEW (Davies),isobar,0.6,395.33333333333337,0.025684796507686108,0.0007298742041379347,0.01700677033240435,1.198723838212108
PerplexDEW (Davies),isobar,0.6,397.6,0.025914722479937227,0.0007371240001067676,0.01715105177898716,1.20632884181657
PerplexDEW (Davies),isobar,0.6,399.8666666666667,0.02613026182384085,0.0007436624529914373,0.017284799433227943,1.2135004588337166
PerplexDEW (Davies),isobar,0.6,402.1333333333333,0.02633015481467796,0.0007494243238324449,0.01740711985072969,1.2202030872815672
PerplexDEW (Davies),isobar,0.6,404.40000000000003,0.02651293600032162,0.0007543356668204566,0.017516976015234997,1.2263951494529282
PerplexDEW (Davies),isobar,0.6,406.6666666666667,0.026676972576053715,0.0007583153202461646,0.017613214995724588,1.2320299194242053
PerplexDEW (Davies),isobar,0.6,408.93333333333334,0.026820676479686865,0.0007612835199864042,0.01769471880047061,1.237060864871197
PerplexDEW (Davies),isobar,0.6,411.2,0.02694212302479285,0.0007631467295979197,0.017760135041208998,1.2414315148236543
PerplexDEW (Davies),isobar,0.6,413.4666666666667,0.027039372047319273,0.0007638107278362145,0.01780810533765516,1.2450835464929515
PerplexDEW (Davies),isobar,0.6,415.73333333333335,0.02711024321651814,0.0007631717856813951,0.01783710736034364,1.2479506202955863
PerplexDEW (Davies),isobar,0.6,418.0,0.027152425507186887,0.0007611214352742711,0.0178455338026648,1.2499608305929244
PerplexDEW (Davies),isobar,0.6,420.2666666666667,0.027163357658296534,0.0007575420190887575,0.01783160955363245,1.2510331061807458
PerplexDEW (Davies),isobar,0.6,422.53333333333336,0.027140284773995778,0.0007523095728603835,0.017793434019550743,1.2510780400921528
PerplexDEW (Davies),isobar,0.6,424.8,0.027080071111763332,0.0007452868412710157,0.017728851592589502,1.2499921830188416
PerplexDEW (Davies),isobar,0.6,427.06666666666666,0.02697938558819761,0.0007363319159396919,0.017635586497233464,1.2476619489693377
PerplexDEW (Davies),isobar,0.6,429.33333333333337,0.02683478194345147,0.0007253028986044914,0.017511303687617764,1.2439646901921986
PerplexDEW (Davies),isobar,0.6,431.6,0.026641991441847448,0.0007120302601151652,0.017353115464278875,1.2387479306184477
PerplexDEW (Davies),isobar,0.6,433.8666666666667,0.026396717313672567,0.0006963520597848125,0.017158149884446777,1.2318488491680228
PerplexDEW (Davies),isobar,0.6,436.1333333333333,0.026094279325125713,0.0006781021874250188,0.016923309151670368,1.2230822201533944
PerplexDEW (Davies),isobar,0.6,438.40000000000003,0.025729519672962938,0.0006571103996026067,0.01664521577042198,1.2122345249684385
PerplexDEW (Davies),isobar,0.6,440.6666666666667,0.025296863922830422,0.0006332100721402147,0.016320271529013875,1.1990614158199193
PerplexDEW (Davies),isobar,0.6,442.93333333333334,0.02479111990508388,0.0006062775662975807,0.015945236397064657,1.1833058278905568
PerplexDEW (Davies),isobar,0.6,445.20000000000005,0.024206353520978486,0.0005761945909577388,0.015516464685036445,1.1646595453974
PerplexDEW (Davies),isobar,0.6,447.4666666666667,0.02353789351550928,0.0005429399734341278,0.015031334058152324,1.1428152173434085
PerplexDEW (Davies),isobar,0.6,449.73333333333335,0.022782704634669887,0.0005066143042079937,0.014488526237223428,1.117473284195074
PerplexDEW (Davies),isobar,0.6,452.0,0.021940746238792504,0.0004675016760524306,0.013888982409777019,1.0883825005516519
PerplexDEW (Davies),isobar,0.6,454.2666666666667,0.02101766404503919,0.0004261729821231818,0.013237741487216986,1.0554342859586634
PerplexDEW (Davies),isobar,0.6,456.53333333333336,0.02002705742420376,0.0003835492662039414,0.012545404936247508,1.0187666339765373
PerplexDEW (Davies),isobar,0.6,458.8,0.018993067070924078,0.0003409391325603908,0.01182970122036809,0.9789116025931162
PerplexDEW (Davies),isobar,0.6,461.0666666666667,0.017949652174993933,0.0002999109263522642,0.011114660532703113,0.9368628506135767
PerplexDEW (Davies),isobar,0.6,463.33333333333337,0.016935459095190834,0.00026199564058026277,0.010426780207877188,0.893986349269751
PerplexDEW (Davies),isobar,0.6,465.6,0.015985501748135546,0.00022833135354234302,0.009789226365317675,0.8517566169539057
PerplexDEW (Davies),isobar,0.6,467.8666666666667,0.015122124278184388,0.00019939702374850726,0.009215922688067613,0.8113632328662299
PerplexDEW (Davies),isobar,0.6,470.1333333333333,0.01435503063936164,0.00017511859386376002,0.00871193742039593,0.7736024273736561
PerplexDEW (Davies),isobar,0.6,472.40000000000003,0.013681995146953922,0.00015501872139786382,0.008274368430552051,0.7387921677430535
PerplexDEW (Davies),isobar,0.6,474.6666666666667,0.013094735658411148,0.0001384768552406092,0.007896482933491777,0.7069424572063268
PerplexDEW (Davies),isobar,0.6,476.9333333333334,0.012581836438209365,0.00012485740465601806,0.007569762038620252,0.6778494335385227
PerplexDEW (Davies),isobar,0.6,479.20000000000005,0.012132986669464005,0.000113622909095319,0.007286648033770007,0.6512834988194687
PerplexDEW (Davies),isobar,0.6,481.4666666666667,0.01173783115116637,0.00010430591024747055,0.007039791775363425,0.6269475519265199
PerplexDEW (Davies),isobar,0.6,483.73333333333335,0.011387762167218774,9.653610291203816e-05,0.006823149043264707,0.6045733409541898
PerplexDEW (Davies),isobar,0.6,486.0,0.011075753762844802,9.002240143411016e-05,0.006631826647348584,0.5839277857518119
PerplexDEW (Davies),isobar,0.6,488.2666666666667,0.01079562367292854,8.452870217242593e-05,0.006461583379009912,0.5647884949654107
PerplexDEW (Davies),isobar,0.6,490.53333333333336,0.01054281010315065,7.987635011902724e-05,0.006309280646117242,0.5469892955748994
PerplexDEW (Davies),isobar,0.6,492.8,0.010313078419742532,7.591624185116389e-05,0.006172056068305981,0.5303640880027192
PerplexDEW (Davies),isobar,0.6,495.0666666666667,0.010103099266622477,7.253185340082485e-05,0.006047663477544308,0.5147790714547431
PerplexDEW (Davies),isobar,0.6,497.33333333333337,0.009910178907121503,6.963029924469193e-05,0.005934291436808233,0.5001229240428009
PerplexDEW (Davies),isobar,0.6,499.6,0.009732121693293993,6.713681042242012e-05,0.005830467834599184,0.4863023794725219
PerplexDEW (Davies),isobar,0.6,501.8666666666667,0.009566967498641592,6.498890570046057e-05,0.00573489122606843,0.4732312048100884
PerplexDEW (Davies),isobar,0.6,504.1333333333334,0.009413114001060756,6.313584237210416e-05,0.00564649982049184,0.4608372624547484
PerplexDEW (Davies),isobar,0.6,506.40000000000003,0.00926918779857012,6.15354726345296e-05,0.005564387982653544,0.44905714889259113
PerplexDEW (Davies),isobar,0.6,508.6666666666667,0.009133912262204153,6.015165855102591e-05,0.005487722157434493,0.4378306045164225
PerplexDEW (Davies),isobar,0.6,510.9333333333334,0.009006508145534265,5.8957256321444834e-05,0.005415982279320105,0.4271197147108921
PerplexDEW (Davies),isobar,0.6,513.2,0.008885898678149703,5.79254077927308e-05,0.0053484751745273545,0.4168719280718431
PerplexDEW (Davies),isobar,0.6,515.4666666666667,0.008771376385915177,5.7035565331015025e-05,0.005284739314712677,0.40705155894652123
PerplexDEW (Davies),isobar,0.6,517.7333333333333,0.008662481063695543,5.627157042052814e-05,0.005224469073156074,0.39763392453345403
PerplexDEW (Davies),isobar,0.6,520.0,0.008558590351584676,5.56175622112509e-05,0.005167264420871374,0.3885867019557765
PerplexDEW (Davies),isobar,0.6,522.2666666666667,0.008459193004182203,5.506022791349675e-05,0.005112796552865277,0.37988265355718887
PerplexDEW (Davies),isobar,0.6,524.5333333333333,0.008363750815549287,5.4587336148283726e-05,0.005060723089172102,0.3714934807834609
PerplexDEW (Davies),isobar,0.6,526.8000000000001,0.008271986090678116,5.418994935050048e-05,0.005010862760391454,0.3634026138314826
PerplexDEW (Davies),isobar,0.6,529.0666666666667,0.008183749049940708,5.386103812607065e-05,0.004963114393620838,0.35559903603238047
PerplexDEW (Davies),isobar,0.6,531.3333333333334,0.00809843348012964,5.359059345943887e-05,0.0049170999752944896,0.3480520032118852
PerplexDEW (Davies),isobar,0.6,533.6,0.008015848320544802,5.337269810189552e-05,0.004872696001973861,0.34074914979839677
PerplexDEW (Davies),isobar,0.6,535.8666666666667,0.00793593817222703,5.3203048968652564e-05,0.004829863115125338,0.3336839080307654
PerplexDEW (Davies),isobar,0.6,538.1333333333334,0.00785833351690602,5.307530202708058e-05,0.004788370953400267,0.3268365171845052
PerplexDEW (Davies),isobar,0.6,540.4000000000001,0.007782796344011045,5.298459310799455e-05,0.004748070142198205,0.3201931172299691
PerplexDEW (Davies),isobar,0.6,542.6666666666667,0.00770938260140812,5.2928726075363684e-05,0.004708992019161708,0.3137521430446514
PerplexDEW (Davies),isobar,0.6,544.9333333333334,0.007637829830504739,5.2903297827023445e-05,0.004670973552010509,0.30749897165099577
PerplexDEW (Davies),isobar,0.6,547.2,0.007567858405655456,5.2904046622132526e-05,0.004633841352475954,0.3014186648070011
PerplexDEW (Davies),isobar,0.6,549.4666666666667,0.007499650634470193,5.293056488024582e-05,0.004597706031032943,0.29551500422752286
PerplexDEW (Davies),isobar,0.6,551.7333333333333,0.007432744259973375,5.297759123865572e-05,0.004562282576201188,0.2897661649187655
PerplexDEW (Davies),isobar,0.6,554.0,0.007367385691948111,5.304560325724577e-05,0.0045277219018857,0.28417856591453433
PerplexDEW (Davies),isobar,0.6,556.2666666666667,0.007303331815405266,5.313139318099185e-05,0.0044938741360629215,0.27873941760263987
PerplexDEW (Davies),isobar,0.6,558.5333333333333,0.007240324809133099,5.32317590992351e-05,0.004460580116400856,0.2734357631483111
PerplexDEW (Davies),isobar,0.6,560.8000000000001,0.007178593214473232,5.334746905459347e-05,0.004427980904808167,0.26827336934474577
PerplexDEW (Davies),isobar,0.6,563.0666666666667,0.007117946984040772,5.347608816125384e-05,0.0043959595359886056,0.26324206998334887
PerplexDEW (Davies),isobar,0.6,565.3333333333334,0.007058184268010581,5.3615160092390456e-05,0.00436439150946977,0.2583315799286777
PerplexDEW (Davies),isobar,0.6,567.6,0.006999433885936506,5.3764964310440454e-05,0.004333357024338974,0.25354401721896463
PerplexDEW (Davies),isobar,0.6,569.8666666666667,0.006941651476872433,5.39244765576101e-05,0.004302829362636875,0.24887507876426507
PerplexDEW (Davies),isobar,0.6,572.1333333333334,0.006884612608492754,5.4091258376252117e-05,0.0042726699945947015,0.2443141200613808
PerplexDEW (Davies),isobar,0.6,574.4000000000001,0.00682843180169982,5.426569556175271e-05,0.0042429507779934384,0.2398628609319864
PerplexDEW (Davies),isobar,0.6,576.6666666666667,0.00677313453642276,5.444752050303174e-05,0.004213688591091205,0.2355197707409905
PerplexDEW (Davies),isobar,0.6,578.9333333333334,0.00671847606590066,5.463425202948274e-05,0.004184732052540606,0.23127394394192605
PerplexDEW (Davies),isobar,0.6,581.2,0.006664558670884791,5.4826341321062166e-05,0.004156145803128099,0.22712677974031084
PerplexDEW (Davies),isobar,0.6,583.4666666666667,0.006611303418900225,5.502276047643271e-05,0.004127881648046664,0.22307340943103207
PerplexDEW (Davies),isobar,0.6,585.7333333333333,0.0065587162682437606,5.5223234417617346e-05,0.004099944366257854,0.2191119704013212
PerplexDEW (Davies),isobar,0.6,588.0,0.00650670839395614,5.542669941241639e-05,0.00407227947791594,0.21523747009221988
PerplexDEW (Davies),isobar,0.6,590.2666666666667,0.006455369230545054,5.5633670267654544e-05,0.004044944086757226,0.21145095891821328
PerplexDEW (Davies),isobar,0.6,592.5333333333334,0.006404602083799238,5.584306482701103e-05,0.004017878787884522,0.20774732303289514
PerplexDEW (Davies),isobar,0.6,594.8000000000001,0.006354490986128324,5.605542329408103e-05,0.0039911375247033785,0.20412746471191046
PerplexDEW (Davies),isobar,0.6,597.0666666666667,0.006304743987799242,5.6267923863899894e-05,0.003964538002756158,0.20058016090980496
PerplexDEW (Davies),isobar,0.6,599.3333333333334,0.006255625070461067,5.648276823770212e-05,0.003938247270378308,0.19711224684025164
PerplexDEW (Davies),isobar,0.6,601.6,0.006207022311671174,5.669878951888456e-05,0.0039121961529992085,0.1937184435874017
PerplexDEW (Davies),isobar,0.6,603.8666666666667,0.006159009290357259,5.6916538413989955e-05,0.0038864322860193805,0.19039942536743087
PerplexDEW (Davies),isobar,0.6,606.1333333333334,0.006111370801021369,5.7133876680132647e-05,0.0038608210513544636,0.1871469028102291
PerplexDEW (Davies),isobar,0.6,608.4000000000001,0.00606427030066013,5.7352223911500455e-05,0.0038354668056976753,0.18396445056875904
PerplexDEW (Davies),isobar,0.6,610.6666666666667,0.006017581497631068,5.757027666732841e-05,0.0038102908798392857,0.18084671248278228
PerplexDEW (Davies),isobar,0.6,612.9333333333334,0.0059713681399108515,5.7788553102655944e-05,0.0037853347637116642,0.17779421168512993
PerplexDEW (Davies),isobar,0.6,615.2,0.005925693141784005,5.8007602625604585e-05,0.0037606396158993897,0.17480740686259344
PerplexDEW (Davies),isobar,0.75,318.55,0.015526494171540011,0.00036785936639202957,0.010273713633538989,0.8529922401314141
PerplexDEW (Davies),isobar,0.75,321.09444444444443,0.015905529684371648,0.0003806814560318809,0.010530114144078074,0.8663714542284287
PerplexDEW (Davies),isobar,0.75,323.6388888888889,0.01628978637184071,0.00039377831096024563,0.010790049313760292,0.8798372423836313
PerplexDEW (Davies),isobar,0.75,326.18333333333334,0.016679155421097467,0.0004071466523655948,0.011053437982540899,0.8933853041265983
PerplexDEW (Davies),isobar,0.75,328.7277777777778,0.017073527827358787,0.0004207828515069087,0.01132019846076011,0.9070114131493351
PerplexDEW (Davies),isobar,0.75,331.27222222222224,0.01747276725354175,0.0004346821058972195,0.01159022964894589,0.9207106470027885
PerplexDEW (Davies),isobar,0.75,333.81666666666666,0.017876736318307142,0.0004488391921467783,0.01186342930651499,0.934478123411079
PerplexDEW (Davies),isobar,0.75,336.36111111111114,0.018285273690506327,0.000463247752069448,0.012139678080335243,0.9483083741955095
PerplexDEW (Davies),isobar,0.75,338.90555555555557,0.018698216805915185,0.0004779009605201806,0.012418855330016616,0.9621959680960285
PerplexDEW (Davies),isobar,0.75,341.45,0.01911536452054843,0.0004927903355148017,0.012700813026163472,0.9761345047061074
PerplexDEW (Davies),isobar,0.75,343.99444444444447,0.01953654603383655,0.0005079078834742672,0.012985423919159505,0.9901184693374856
PerplexDEW (Davies),isobar,0.75,346.5388888888889,0.019961510520521957,0.0005232425647347533,0.013272504316881673,1.0041402809313396
PerplexDEW (Davies),isobar,0.75,349.08333333333337,0.02039005105875732,0.0005387842255043879,0.013561900801598095,1.018193603416031
PerplexDEW (Davies),isobar,0.75,351.6277777777778,0.020821903886304217,0.0005545203275689576,0.013853419674024392,1.0322706660787777
PerplexDEW (Davies),isobar,0.75,354.1722222222222,0.021256801706917017,0.0005704376403326357,0.01414686427775956,1.046363681831169
PerplexDEW (Davies),isobar,0.75,356.7166666666667,0.02169449558531772,0.0005865234271093127,0.014442052471497019,1.0604646856742002
PerplexDEW (Davies),isobar,0.75,359.2611111111111,0.022134590743415557,0.0006027581125132373,0.014738693204596781,1.0745640890090078
PerplexDEW (Davies),isobar,0.75,361.80555555555554,0.02257680474496785,0.0006191265083683076,0.015036579648017275,1.0886532618051308
PerplexDEW (Davies),isobar,0.75,364.35,0.023020787374616356,0.0006356100687330997,0.015335455013742613,1.1027225399366087
PerplexDEW (Davies),isobar,0.75,366.89444444444445,0.023466150218850623,0.0006521882207430898,0.015635035144343244,1.1167613442589541
PerplexDEW (Davies),isobar,0.75,369.4388888888889,0.023912481563867098,0.0006688388400445234,0.01593501898918745,1.1307585659768278
PerplexDEW (Davies),isobar,0.75,371.98333333333335,0.024359382997522352,0.0006855395491011751,0.016235114465580916,1.1447034913906804
PerplexDEW (Davies),isobar,0.75,374.52777777777777,0.024806378310970913,0.000702264416625152,0.016534974162115152,1.158583481488669
PerplexDEW (Davies),isobar,0.75,377.07222222222225,0.02525298366027893,0.0007189864297838338,0.016834244852947162,1.1723857570503187
PerplexDEW (Davies),isobar,0.75,379.6166666666667,0.025698689372923585,0.000735676819777425,0.01713255468275257,1.1860969287238885
PerplexDEW (Davies),isobar,0.75,382.16111111111115,0.026142959354003046,0.0007523050148568651,0.01742951277246351,1.1997029752406339
PerplexDEW (Davies),isobar,0.75,384.7055555555556,0.026585209002489958,0.0007688377766873221,0.017724693602693693,1.2131886843453428
PerplexDEW (Davies),isobar,0.75,387.25,0.027024845890757297,0.0007852407066507957,0.01801766585526162,1.2265386620685965
PerplexDEW (Davies),isobar,0.75,389.7944444444445,0.027461204004333727,0.000801475713048959,0.018307945850991957,1.239735682523499
PerplexDEW (Davies),isobar,0.75,392.3388888888889,0.0278936305366337,0.000817504316429165,0.018595059132546415,1.2527628365353034
PerplexDEW (Davies),isobar,0.75,394.8833333333333,0.02832139557342509,0.0008332841478429632,0.018878476476620623,1.2656012721125194
PerplexDEW (Davies),isobar,0.75,397.4277777777778,0.02874373459681729,0.0008487705560023681,0.01915764409464222,1.278231236454406
PerplexDEW (Davies),isobar,0.75,399.97222222222223,0.029159848028454484,0.0008639165836004767,0.019431983403669258,1.2906320437457046
PerplexDEW (Davies),isobar,0.75,402.5166666666667,0.029568900870065796,0.0008786729540064633,0.019700890882520097,1.30278204241896
PerplexDEW (Davies),isobar,0.75,405.06111111111113,0.02996999566916509,0.000892986977384291,0.019963718970462924,1.3146579239681204
PerplexDEW (Davies),isobar,0.75,407.6055555555556,0.030362251333425766,0.0009068057655639863,0.020219832267977206,1.3262366295562709
PerplexDEW (Davies),isobar,0.75,410.15000000000003,0.030744612721123298,0.000920068456478149,0.02046847223496709,1.3374906398861648
PerplexDEW (Davies),isobar,0.75,412.69444444444446,0.031116122146186483,0.0009327173678084469,0.020708950560376686,1.3483946010017975
PerplexDEW (Davies),isobar,0.75,415.23888888888894,0.03147567063791996,0.0009446878037474647,0.02094047237784467,1.3589191745226648
PerplexDEW (Davies),isobar,0.75,417.78333333333336,0.03182216627532238,0.0009559150726661495,0.02116225633998572,1.369035115331568
PerplexDEW (Davies),isobar,0.75,420.3277777777778,0.03215438626863498,0.0009663283532729351,0.0213734295773101,1.3787095863807712
PerplexDEW (Davies),isobar,0.75,422.87222222222226,0.03247109434883266,0.0009758556981859644,0.021573111637155577,1.3879089680152141
PerplexDEW (Davies),isobar,0.75,425.4166666666667,0.03277111128617121,0.0009844272326248113,0.02176046514745813,1.396600515319573
PerplexDEW (Davies),isobar,0.75,427.9611111111111,0.03305302619916188,0.0009919629134653644,0.02193449055320925,1.4047451886688624
PerplexDEW (Davies),isobar,0.75,430.5055555555556,0.03331544969843276,0.0009983834972127556,0.02209420699145702,1.4123037646005403
PerplexDEW (Davies),isobar,0.75,433.05,0.033556953785241074,0.001003608193884822,0.02223861005510363,1.4192352539183841
PerplexDEW (Davies),isobar,0.75,435.59444444444443,0.03377614660925309,0.0010075582015533502,0.022366725708570147,1.4254986308914361
PerplexDEW (Davies),isobar,0.75,438.1388888888889,0.0339715369268419,0.0010101510766970493,0.022477514428732207,1.4310493612135156
PerplexDEW (Davies),isobar,0.75,440.6833333333334,0.03414145503929983,0.0010112974955648816,0.022569815759506943,1.4358372596106097
PerplexDEW (Davies),isobar,0.75,443.2277777777778,0.03428450174624274,0.0010109214999315251,0.022642668999703536,1.4398175094074661
PerplexDEW (Davies),isobar,0.75,445.77222222222224,0.03439903770892217,0.0010089383806536928,0.022694950521748795,1.4429377543817417
PerplexDEW (Davies),isobar,0.75,448.3166666666667,0.034483485347497615,0.0010052685383647843,0.022725589931419647,1.4451454396443786
PerplexDEW (Davies),isobar,0.75,450.86111111111114,0.034536343928384346,0.0009998387875818312,0.02273358194356116,1.4463880080325566
PerplexDEW (Davies),isobar,0.75,453.40555555555557,0.0345562053248047,0.0009925837448561787,0.02271799877234543,1.4466131279288814
PerplexDEW (Davies),isobar,0.75,455.95000000000005,0.03454151670331155,0.0009834359010498074,0.022677822917485484,1.4457624342107718
PerplexDEW (Davies),isobar,0.75,458.49444444444447,0.03449117697945771,0.000972353180942697,0.022612372163212643,1.4437865794420142
PerplexDEW (Davies),isobar,0.75,461.0388888888889,0.034403971431589936,0.0009592944100205027,0.02252089930657818,1.4406306162313665
PerplexDEW (Davies),isobar,0.75,463.58333333333337,0.03427892248905293,0.0009442359344777305,0.022402842524034176,1.4362428508871337
PerplexDEW (Davies),isobar,0.75,466.1277777777778,0.03411567485989442,0.0009271897142877563,0.022258098457962987,1.4305849880692476
PerplexDEW (Davies),isobar,0.75,468.6722222222222,0.033913445603760674,0.0009081570984608022,0.022086280099231935,1.4236046223211167
PerplexDEW (Davies),isobar,0.75,471.2166666666667,0.033672848617867165,0.0008872110144331657,0.021888006163775228,1.4152836556592332
PerplexDEW (Davies),isobar,0.75,473.7611111111112,0.03339391797841281,0.0008644081901202548,0.02166350426441907,1.405586233676051
PerplexDEW (Davies),isobar,0.75,476.30555555555554,0.0330781531440835,0.0008398801118960788,0.021414051125981624,1.3945142235378651
PerplexDEW (Davies),isobar,0.75,478.85,0.03272686198313106,0.000813759234806729,0.021140802179296807,1.3820634096997155
PerplexDEW (Davies),isobar,0.75,481.3944444444445,0.032342682096830076,0.0007862448308549931,0.02084585570918212,1.3682664288115645
PerplexDEW (Davies),isobar,0.75,483.9388888888889,0.03192864133599166,0.0007575598124311332,0.020531585426811966,1.3531687222434483
PerplexDEW (Davies),isobar,0.75,486.48333333333335,0.03148794269619397,0.0007279396603689776,0.02020048441820846,1.3368237573760182
PerplexDEW (Davies),isobar,0.75,489.0277777777778,0.031025127324117465,0.0006976786095402704,0.01985596583645368,1.319328464226662
PerplexDEW (Davies),isobar,0.75,491.57222222222225,0.0305448803673292,0.0006670746875363459,0.019501518682248496,1.3007913839947913
PerplexDEW (Davies),isobar,0.75,494.1166666666667,0.030052191634500857,0.0006364326652174754,0.01914081018755614,1.2813390057366594
PerplexDEW (Davies),isobar,0.75,496.66111111111115,0.029552120387526547,0.000606050353562282,0.018777513696563504,1.2611103096599172
PerplexDEW (Davies),isobar,0.75,499.2055555555556,0.029050167181851914,0.0005762289971187027,0.018415554901417164,1.2402695260443521
PerplexDEW (Davies),isobar,0.75,501.75,0.028550827005215183,0.0005472134022380569,0.018058113254344123,1.2189619773373428
PerplexDEW (Davies),isobar,0.75,504.2944444444445,0.028058573597607137,0.000519228980956936,0.017708297050599835,1.1973438361416338
PerplexDEW (Davies),isobar,0.75,506.83888888888896,0.027577646810803113,0.0004924714076427756,0.01736899549993361,1.1755751698754284
PerplexDEW (Davies),isobar,0.75,509.3833333333333,0.027111431650874433,0.0004670839079203195,0.017042460610847913,1.1537985009835234
PerplexDEW (Davies),isobar,0.75,511.9277777777778,0.026662038179732526,0.0004431458124609247,0.01673003550069206,1.1321221546055529
PerplexDEW (Davies),isobar,0.75,514.4722222222223,0.02623154250835174,0.00042071864603973705,0.016433001195781498,1.110658828875276
PerplexDEW (Davies),isobar,0.75,517.0166666666667,0.02582116966322099,0.00039982040791400027,0.016152034670981478,1.0894965403030235
PerplexDEW (Davies),isobar,0.75,519.5611111111111,0.025431926453123598,0.0003804495832776454,0.015887642131539703,1.068717938652952
PerplexDEW (Davies),isobar,0.75,522.1055555555556,0.02506355757267868,0.0003625562698842106,0.015639474866617712,1.0483624814753876
PerplexDEW (Davies),isobar,0.75,524.6500000000001,0.024716017649228327,0.00034609137728033634,0.015407317009578762,1.0284755455111578
PerplexDEW (Davies),isobar,0.75,527.1944444444445,0.024388846937077074,0.00033098942805929966,0.015190676040590998,1.009085998197114
PerplexDEW (Davies),isobar,0.75,529.7388888888889,0.024081383231728877,0.0003171772214899882,0.014988928637735943,0.9902127698047376
PerplexDEW (Davies),isobar,0.75,532.2833333333333,0.023792542278666454,0.0003045701408193186,0.014801181690874658,0.9718564830951831
PerplexDEW (Davies),isobar,0.75,534.8277777777778,0.023521242912416508,0.00029308536778013946,0.014626554520635543,0.9540142722877237
PerplexDEW (Davies),isobar,0.75,537.3722222222223,0.023266850792370973,0.0002826530144387496,0.014464467632885631,0.9366958164724695
PerplexDEW (Davies),isobar,0.75,539.9166666666667,0.02302807695568469,0.00027318955270135784,0.014313927015092914,0.9198838249448847
PerplexDEW (Davies),isobar,0.75,542.4611111111111,0.0228038488249831,0.00026462022708672407,0.014174092200289992,0.903565460677906
PerplexDEW (Davies),isobar,0.75,545.0055555555556,0.02259308775627989,0.0002568736946815709,0.014044131262976722,0.8877245754088994
PerplexDEW (Davies),isobar,0.75,547.5500000000001,0.022394935385264964,0.0002498868987187392,0.013923366201353267,0.8723501409674247
PerplexDEW (Davies),isobar,0.75,550.0944444444444,0.022208292906483986,0.0002435952215162963,0.013810975579988734,0.8574198810401734
PerplexDEW (Davies),isobar,0.75,552.6388888888889,0.02203227603246291,0.00023794212895140407,0.013706286987185031,0.8429169635437657
PerplexDEW (Davies),isobar,0.75,555.1833333333334,0.021866222935078748,0.0002328786033723421,0.013608780427842419,0.8288304852760636
PerplexDEW (Davies),isobar,0.75,557.7277777777779,0.021709218152329363,0.0002283538352290362,0.01351778255611596,0.8151386022777105
PerplexDEW (Davies),isobar,0.75,560.2722222222222,0.021560810040029812,0.000224328511724871,0.013432925178055314,0.8018344367816729
PerplexDEW (Davies),isobar,0.75,562.8166666666667,0.021419792030595387,0.00022075267211085021,0.01335336571892211,0.7888828403389039
PerplexDEW (Davies),isobar,0.75,565.3611111111111,0.02128591554181433,0.0002175959500117045,0.013278880510379575,0.7762815424230771
PerplexDEW (Davies),isobar,0.75,567.9055555555556,0.021158672666801374,0.00021482548264318906,0.01320908636729678,0.7640178878318853
PerplexDEW (Davies),isobar,0.75,570.45,0.021037276360056863,0.00021240611313382417,0.013143428172041952,0.7520685484499426
PerplexDEW (Davies),isobar,1.0,25.0,0.00022183284905596292,2.2681717193322286e-07,0.00011308691427982221,0.10097472267232092
PerplexDEW (Davies),isobar,1.0,30.55808080808081,0.0002446965398367734,2.8325231448022875e-07,0.0001261957001830241,0.10221535041589946
PerplexDEW (Davies),isobar,1.0,36.11616161616162,0.00027046296613044796,3.528372597196605e-07,0.0001410455703854717,0.10410686094840803
PerplexDEW (Davies),isobar,1.0,41.67424242424242,0.0002993044088028427,4.381525800382799e-07,0.00015776587767322216,0.10656519417797959
PerplexDEW (Davies),isobar,1.0,47.23232323232323,0.000331430868458137,5.422102917452918e-07,0.00017650735127192426,0.10953383455808946
PerplexDEW (Davies),isobar,1.0,52.79040404040404,0.0003670821964085815,6.685032444787188e-07,0.00019743867943737228,0.11297440177361925
PerplexDEW (Davies),isobar,1.0,58.348484848484844,0.000406524193209414,8.210601148363559e-07,0.0002207449273670325,0.1168609965529599
PerplexDEW (Davies),isobar,1.0,63.906565656565654,0.00045004645841754205,1.004504774567721e-06,0.0002466267421765478,0.12117658356768303
PerplexDEW (Davies),isobar,1.0,69.46464646464646,0.0004979613739420895,1.2241200737318807e-06,0.000275300078228396,0.12591061180226304
PerplexDEW (Davies),isobar,1.0,75.02272727272728,0.0005506036283349216,1.4859155260720798e-06,0.0003069961584663128,0.13105738064053668
PerplexDEW (Davies),isobar,1.0,80.58080808080808,0.0006083302004756898,1.7966990620857816e-06,0.00034196164897993945,0.13661490384415054
PerplexDEW (Davies),isobar,1.0,86.13888888888889,0.0006715202552690431,2.1641514743091644e-06,0.0003804587533083591,0.14258405705009225
PerplexDEW (Davies),isobar,1.0,91.69696969696969,0.0007405754701798594,2.5969048421141805e-06,0.00042276552391811833,0.1489679835870698
PerplexDEW (Davies),isobar,1.0,97.2550505050505,0.0008159205013233832,3.104624280940228e-06,0.00046917623801593397,0.15577165376333788
PerplexDEW (Davies),isobar,1.0,102.81313131313131,0.0008980029094272451,3.6980901214685e-06,0.0005200014465028965,0.16300147251367414
PerplexDEW (Davies),isobar,1.0,108.37121212121212,0.0009872939818111222,4.389285405927644e-06,0.000575568525208121,0.17066505552110547
PerplexDEW (Davies),isobar,1.0,113.92929292929293,0.0010842886137688167,5.1914813849260226e-06,0.0006362216692639441,0.178770969529775
PerplexDEW (Davies),isobar,1.0,119.48737373737373,0.0011895059034311751,6.119326995192959e-06,0.0007023222902144915,0.18732858584186116
PerplexDEW (Davies),isobar,1.0,125.04545454545455,0.0013034894109564097,7.1889377002749425e-06,0.0007742492083017962,0.196347934975617
PerplexDEW (Davies),isobar,1.0,130.60353535353534,0.001426807101174334,8.417982455226545e-06,0.0008523986430858116,0.2058395662584878
PerplexDEW (Davies),isobar,1.0,136.16161616161617,0.0015600517275805373,9.825772262107502e-06,0.0009371844563025322,0.21581446579554134
PerplexDEW (Davies),isobar,1.0,141.71969696969697,0.0017038405814838568,1.1433343567985517e-05,0.0010290380021492995,0.22628394600197158
PerplexDEW (Davies),isobar,1.0,147.27777777777777,0.0018588157917778967,1.326354276968806e-05,0.0011284082996607621,0.23725959286520557
PerplexDEW (Davies),isobar,1.0,152.8358585858586,0.002025643847863103,1.534110250080468e-05,0.0012357617215264132,0.24875316782441023
PerplexDEW (Davies),isobar,1.0,158.39393939393938,0.0022050153982173396,1.7692715359622304e-05,0.0013515818369714313,0.2607765555271098
PerplexDEW (Davies),isobar,1.0,163.9520202020202,0.0023976452321366093,2.0347104512742028e-05,0.00147636936001128,0.2733417207653893
PerplexDEW (Davies),isobar,1.0,169.510101010101,0.0026042705986590044,2.3335073871226423e-05,0.0016106410478576986,0.2864605863610026
PerplexDEW (Davies),isobar,1.0,175.0681818181818,0.002825651422209145,2.668956648071576e-05,0.001754929764741983,0.3001450336106194
PerplexDEW (Davies),isobar,1.0,180.62626262626262,0.0030625695170610075,3.0445707053758692e-05,0.0019097839154169956,0.31440685032138216
PerplexDEW (Davies),isobar,1.0,186.18434343434342,0.003315826627870867,3.464082240054961e-05,0.0020757661174172783,0.3292576303161646
PerplexDEW (Davies),isobar,1.0,191.74242424242425,0.003586243560820115,3.931446078132691e-05,0.0022534525430474707,0.34470874299322557
PerplexDEW (Davies),isobar,1.0,197.30050505050505,0.0038746586257082634,4.4508392053154875e-05,0.002443431810393199,0.3607712760492639
PerplexDEW (Davies),isobar,1.0,202.85858585858585,0.004181925386430468,5.02665851481161e-05,0.0026463034100944836,0.37745595704780227
PerplexDEW (Davies),isobar,1.0,208.41666666666666,0.00450891135830971,5.663518141733977e-05,0.0028626767229669855,0.3947731290254178
PerplexDEW (Davies),isobar,1.0,213.97474747474746,0.004856495317798566,6.366243435260972e-05,0.003093169125827573,0.412732671315621
PerplexDEW (Davies),isobar,1.0,219.5328282828283,0.00522556348551168,7.139861285151649e-05,0.00333840333293649,0.431343886896327
PerplexDEW (Davies),isobar,1.0,225.0909090909091,0.005617008562036348,7.98959238726867e-05,0.00359900657640504,0.4506155203081562
PerplexDEW (Davies),isobar,1.0,230.6489898989899,0.00603172551747832,8.920836864370384e-05,0.0038756076505493033,0.4705556462831739
PerplexDEW (Davies),isobar,1.0,236.2070707070707,0.0064706064060045905,9.939155506820486e-05,0.004168833271544833,0.4911715375971394
PerplexDEW (Davies),isobar,1.0,241.7651515151515,0.006934538919452585,0.00011050254394933712,0.0044793068797663515,0.5124696883228037
PerplexDEW (Davies),isobar,1.0,247.32323232323233,0.007424399865607321,0.00012259958569892123,0.004807644062727117,0.5344556501337858
PerplexDEW (Davies),isobar,1.0,252.88131313131314,0.007941050861130585,0.00013574186092278503,0.005154449405671164,0.5571339670058177
PerplexDEW (Davies),isobar,1.0,258.43939393939394,0.008485332939847854,0.00014998917046809608,0.005520312591907772,0.5805080808852041
PerplexDEW (Davies),isobar,1.0,263.9974747474747,,,,
PerplexDEW (Davies),isobar,1.0,269.55555555555554,0.009660015896048188,0.00018203902979884422,0.006311470858592613,0.6293513132534181
PerplexDEW (Davies),isobar,1.0,275.1136363636364,0.010291942003185648,0.00019996089552787655,0.006737831613360506,0.6548208850541486
PerplexDEW (Davies),isobar,1.0,280.6717171717172,0.010954531500359702,0.000219225391958797,0.007185368535761137,0.680986796556931
PerplexDEW (Davies),isobar,1.0,286.229797979798,0.011648424075083437,0.00023988913607285144,0.007654525280348738,0.7078452832028292
PerplexDEW (Davies),isobar,1.0,291.78787878787875,0.012374194137508994,0.00026200644615424556,0.008145698121253176,0.7353907145999301
PerplexDEW (Davies),isobar,1.0,297.3459595959596,0.01313234646125539,0.0002856287795969501,0.008659232529280117,0.7636155765112109
PerplexDEW (Davies),isobar,1.0,302.9040404040404,0.013923294155676162,0.00031080368423608415,0.009195407593653827,0.7925099473874225
PerplexDEW (Davies),isobar,1.0,308.4621212121212,0.014747365629136854,0.0003375744215612271,0.009754440299947601,0.8220618466665298
PerplexDEW (Davies),isobar,1.0,314.020202020202,0.015604774678951532,0.00036597859956310856,0.010336464425910076,0.8522564986050131
PerplexDEW (Davies),isobar,1.0,319.5782828282828,0.016495628964813214,0.0003960477584080701,0.010941535852207963,0.8830767193509688
PerplexDEW (Davies),isobar,1.0,325.1363636363636,0.017419890622186716,0.00042780559339341114,0.011569604744740749,0.9145019474353506
PerplexDEW (Davies),isobar,1.0,330.69444444444446,0.01837739028766244,0.0004612676070979197,0.012220524695139401,0.9465087831093849
PerplexDEW (Davies),isobar,1.0,336.25252525252523,0.019367799977832476,0.0004964395622739856,0.012894033338950318,0.9790703719935511
PerplexDEW (Davies),isobar,1.0,341.81060606060606,0.02039059851430821,0.0005333155753453135,0.013589727604307893,1.012155626899229
PerplexDEW (Davies),isobar,1.0,347.36868686868684,0.021445110344601823,0.0005718784658200607,0.014307090295523925,1.0457303857896125
PerplexDEW (Davies),isobar,1.0,352.92676767676767,0.02253041414342329,0.0006120959421547208,0.015045425547719721,1.0797551354298751
PerplexDEW (Davies),isobar,1.0,358.4848484848485,0.023645397072658617,0.0006539213870674599,0.015803896297751006,1.1141865499602575
PerplexDEW (Davies),isobar,1.0,364.0429292929293,0.024788698673938663,0.0006972910537306821,0.01658148443155231,1.1489761399686094
PerplexDEW (Davies),isobar,1.0,369.6010101010101,0.025958671742725904,0.0007421216416317404,0.017376962655251658,1.1840693816723715
PerplexDEW (Davies),isobar,1.0,375.1590909090909,0.027153430476935858,0.0007883109695606562,0.018188928099423657,1.2194069971327202
PerplexDEW (Davies),isobar,1.0,380.7171717171717,0.028370764197739047,0.0008357338671705458,0.019015741070687188,1.254922867498654
PerplexDEW (Davies),isobar,1.0,386.27525252525254,0.029608162233042253,0.0008842420241207232,0.019855542427666198,1.2905446920759398
PerplexDEW (Davies),isobar,1.0,391.8333333333333,0.03086277735430724,0.0009336616340814806,0.0207062276325565,1.3261931049391762
PerplexDEW (Davies),isobar,1.0,397.39141414141415,0.032131418294362515,0.0009837921507149109,0.021565441564928397,1.3617814833411759
PerplexDEW (Davies),isobar,1.0,402.9494949494949,0.033410508154077395,0.0010344037431895179,0.02243054924128727,1.3972148768889523
PerplexDEW (Davies),isobar,1.0,408.50757575757575,0.034696130970763184,0.0010852384156595915,0.023298669642144738,1.4323910517472633
PerplexDEW (Davies),isobar,1.0,414.0656565656566,0.035983928147666114,0.0011360051243515963,0.02416660273055266,1.4671978885553671
PerplexDEW (Davies),isobar,1.0,419.62373737373736,0.03726922536896738,0.0011863846604725872,0.025030921453605515,1.5015161564459905
PerplexDEW (Davies),isobar,1.0,425.1818181818182,0.038546853217749776,0.0012360218262211548,0.02588784518783992,1.5352150969164446
PerplexDEW (Davies),isobar,1.0,430.73989898989896,0.03981139171119512,0.0012845361674459418,0.026733417121423825,1.5681577560207347
PerplexDEW (Davies),isobar,1.0,436.2979797979798,0.04105692275404265,0.001331511652080172,0.027563329757632194,1.600194900447028
PerplexDEW (Davies),isobar,1.0,441.8560606060606,0.04227727463564928,0.0013765084874393292,0.02837310374445671,1.6311701784795465
PerplexDEW (Davies),isobar,1.0,447.4141414141414,0.0434660299572324,0.0014190652750290707,0.02915809802038288,1.6609197538375438
PerplexDEW (Davies),isobar,1.0,452.97222222222223,0.0446164013591438,0.0014586953770843684,0.029913425521141093,1.6892688921271801
PerplexDEW (Davies),isobar,1.0,458.530303030303,0.0457216037644314,0.0014949072781965328,0.03063422660919746,1.7160397766988822
PerplexDEW (Davies),isobar,1.0,464.08838383838383,0.046774725203026564,0.0015272024157651947,0.031315582934178826,1.741047877950708
PerplexDEW (Davies),isobar,1.0,469.64646464646466,0.04776908637459467,0.0015550971735284567,0.03195278342506877,1.7641094255327634
PerplexDEW (Davies),isobar,1.0,475.20454545454544,0.04869806834979876,0.0015781201354083596,0.03254120823178684,1.7850368244512171
PerplexDEW (Davies),isobar,1.0,480.76262626262627,0.049555788976422245,0.0015958517762589023,0.0330768233773122,1.8036534886559048
PerplexDEW (Davies),isobar,1.0,486.32070707070704,0.050336807310222796,0.001607917236824982,0.033555975910952336,1.8197867251366757
PerplexDEW (Davies),isobar,1.0,491.8787878787879,0.05103694682822716,0.0016140350973873618,0.03397599250285279,1.8332864795879236
PerplexDEW (Davies),isobar,1.0,497.43686868686865,0.05165281298853412,0.0016140010818983233,0.034334837655878914,1.8440146040172893
PerplexDEW (Davies),isobar,1.0,502.9949494949495,0.05218279761845323,0.0016077459634809786,0.034631837144418844,1.851868788796056
PerplexDEW (Davies),isobar,1.0,508.5530303030303,0.05262694540367853,0.0015953351591427782,0.03486757944563591,1.8567811422665919
PerplexDEW (Davies),isobar,1.0,514.1111111111111,0.05298685266949407,0.0015769677547046066,0.035043836469748936,1.8587179802785638
PerplexDEW (Davies),isobar,1.0,519.6691919191919,0.053266341357341776,0.0015530120040089578,0.03516403270448098,1.8576986568504157
PerplexDEW (Davies),isobar,1.0,525.2272727272727,0.053470893690557596,0.0015239745911845189,0.03523282132768039,1.8537859272276884
PerplexDEW (Davies),isobar,1.0,530.7853535353536,0.053607981924311626,0.001490511066356889,0.035256293856983596,1.8470979729729713
PerplexDEW (Davies),isobar,1.0,536.3434343434344,0.05368617760890157,0.0014533713089357346,0.03524131635548158,1.8377912291872283
PerplexDEW (Davies),isobar,1.0,541.9015151515151,0.053715370003556855,0.0014133971526197671,0.03519565275879324,1.8260696092953963
PerplexDEW (Davies),isobar,1.0,547.459595959596,0.053705876572678043,0.0013714629791336675,0.03512730251951711,1.812166064284402
PerplexDEW (Davies),isobar,1.0,553.0176767676768,0.053668107939792924,0.0013284434537131538,0.0350442366781093,1.7963363751014503
PerplexDEW (Davies),isobar,1.0,558.5757575757575,0.05361187742210617,0.0012851656458452926,0.03495389105007826,1.778842575526674
PerplexDEW (Davies),isobar,1.0,564.1338383838383,0.053546731740082724,0.0012424109358269023,0.03486338340029366,1.759960950634894
PerplexDEW (Davies),isobar,1.0,569.6919191919192,0.05348055602926968,0.0012008413130321994,0.03477853287933104,1.7399444883967854
PerplexDEW (Davies),isobar,1.0,575.25,0.05342027290198127,0.0011610259685922244,0.03470435343191251,1.7190378740003525
PerplexDEW (Davies),isobar,1.01325,25.0,0.0002222198922146438,2.2721143162802462e-07,0.00011328393858938885,0.10119766677403459
PerplexDEW (Davies),isobar,1.01325,30.55808080808081,0.0002451010855781052,2.837188597679515e-07,0.00012640403468603355,0.10242453405637754
PerplexDEW (Davies),isobar,1.01325,36.11616161616162,0.00027088905310413374,3.533910796397752e-07,0.00014126746006181171,0.10430550040498944
PerplexDEW (Davies),isobar,1.01325,41.67424242424242,0.0002997560388961769,4.3881136076413665e-07,0.00015800361044520367,0.10675575935569721
PerplexDEW (Davies),isobar,1.01325,47.23232323232323,0.00033191203089331565,5.429947605087386e-07,0.0001767632665596245,0.10971825740938582
PerplexDEW (Davies),isobar,1.01325,52.79040404040404,0.0003675970624587598,6.6943785732367e-07,0.00019771526970355414,0.11315424704027088
PerplexDEW (Davies),isobar,1.01325,58.348484848484844,0.00040707713178778196,8.22173584964939e-07,0.00022104484739746035,0.11703755220685633
PerplexDEW (Davies),isobar,1.01325,63.906565656565654,0.00045064211501093845,1.0058307953466078e-06,0.0002469528535349266,0.12135093479397979
PerplexDEW (Davies),isobar,1.01325,69.46464646464646,0.0004986047584378795,1.2256981915900483e-06,0.00027565550055173887,0.12608369578641065
PerplexDEW (Davies),isobar,1.01325,75.02272727272728,0.0005513001411612162,1.4877920005471398e-06,0.00030738428816420426,0.13123001904264608
PerplexDEW (Davies),isobar,1.01325,80.58080808080808,0.0006090856792750001,1.7989278819981827e-06,0.00034238618987634227,0.13678782975015047
PerplexDEW (Davies),isobar,1.01325,86.13888888888889,0.0006723410189052689,2.166795494021634e-06,0.0003809237465542282,0.14275793518364288
PerplexDEW (Davies),isobar,1.01325,91.69696969696969,0.000741468531316224,2.600037654273542e-06,0.00042327547546144954,0.14914344344894168
PerplexDEW (Davies),isobar,1.01325,97.2550505050505,0.0008168933703394627,3.1083309113898464e-06,0.00046973601376509475,0.15594927425606622
PerplexDEW (Davies),isobar,1.01325,102.81313131313131,0.0008990639412099408,3.702469796087506e-06,0.0005206164794528771,0.16318182171970796
PerplexDEW (Davies),isobar,1.01325,108.37121212121212,0.0009884522771620166,4.394452964479871e-06,0.0005762447677966703,0.17084868149083046
PerplexDEW (Davies),isobar,1.01325,113.92929292929293,0.0010855540715340364,5.197569389547506e-06,0.000636965632231269,0.1789584062578422
PerplexDEW (Davies),isobar,1.01325,119.48737373737373,0.0011908895719454117,6.126489631302338e-06,0.0007031412604779567,0.18752038197244011
PerplexDEW (Davies),isobar,1.01325,125.04545454545455,0.0013050032267079754,7.197352011770216e-06,0.0007751511054275525,0.19654462946898335
PerplexDEW (Davies),isobar,1.01325,130.60353535353534,0.0014284641520721964,8.42785241095834e-06,0.0008533921867721633,0.2060417077072605
PerplexDEW (Davies),isobar,1.01325,136.16161616161617,0.0015618663640574438,9.83733252112124e-06,0.0009382792457848155,0.216022617162214
PerplexDEW (Davies),isobar,1.01325,141.71969696969697,0.0017058288441451385,1.1446865858546662e-05,0.0010302447905628748,0.226498709471484
PerplexDEW (Davies),isobar,1.01325,147.27777777777777,0.001860994994140505,1.3279337170245658e-05,0.00112973875533404,0.237481575918988
PerplexDEW (Davies),isobar,1.01325,152.8358585858586,0.0020280331560899698,1.5359525835340382e-05,0.0012372287978562402,0.24898301699979572
PerplexDEW (Davies),isobar,1.01325,158.39393939393938,0.0022076356479526073,1.7714174796071226e-05,0.001353199676702012,0.2610149390278518
PerplexDEW (Davies),isobar,1.01325,163.9520202020202,0.0024005194791646748,2.037206747233364e-05,0.0014781536545198958,0.2735893558414278
PerplexDEW (Davies),isobar,1.01325,169.510101010101,0.0026074241405047312,2.336407461696407e-05,0.0016126090716832675,0.2867182330417041
PerplexDEW (Davies),isobar,1.01325,175.0681818181818,0.002829112285127894,2.672321768840372e-05,0.0017571007034404723,0.3004135140524341
PerplexDEW (Davies),isobar,1.01325,180.62626262626262,0.003066368177471717,3.0484704970067892e-05,0.0019121787131901468,0.3146870261560262
PerplexDEW (Davies),isobar,1.01325,186.18434343434342,0.0033199964857682125,3.468595987923894e-05,0.00207840779912405,0.3295504207428517
PerplexDEW (Davies),isobar,1.01325,191.74242424242425,0.0035908212023149032,3.936663952675931e-05,0.002256366406690356,0.3450151301164751
PerplexDEW (Davies),isobar,1.01325,197.30050505050505,0.0038796849193605573,4.456864622366774e-05,0.0024466461593848337,0.3610923478249193
PerplexDEW (Davies),isobar,1.01325,202.85858585858585,0.004187444316705967,5.0336079504915625e-05,0.002649848834228364,0.37779284319108986
PerplexDEW (Davies),isobar,1.01325,208.41666666666666,0.0045149724926362034,5.6715255426561156e-05,0.0028665877237700147,0.3951271035174212
PerplexDEW (Davies),isobar,1.01325,213.97474747474746,0.004863151508998165,6.375458698718004e-05,0.003097482662426084,0.41310504064137443
PerplexDEW (Davies),isobar,1.01325,219.5328282828283,0.005232873637970066,7.15045555330538e-05,0.00334316065479982,0.4317361006150334
PerplexDEW (Davies),isobar,1.01325,225.0909090909091,0.005625037829757591,8.001760312822155e-05,0.0036042533999368588,0.4510291650785645
PerplexDEW (Davies),isobar,1.01325,230.6489898989899,0.006040545329311765,8.934798719902696e-05,0.0038813942208273827,0.4709924344247903
PerplexDEW (Davies),isobar,1.01325,236.2070707070707,0.00648029426490002,9.955158973207311e-05,0.004175214271292596,0.4916332891001664
PerplexDEW (Davies),isobar,1.01325,241.7651515151515,0.006945181184225544,0.0001106858157913375,0.004486343318795806,0.512958424942126
PerplexDEW (Davies),isobar,1.01325,247.32323232323233,0.00743609114405957,0.00012280927852697658,0.004815402933097504,0.534973557403631
PerplexDEW (Davies),isobar,1.01325,252.88131313131314,0.007953895683778826,0.00013598158166248594,0.005163004854733697,0.5576834411074405
PerplexDEW (Davies),isobar,1.01325,258.43939393939394,0.008499445798084329,0.00015026298383056795,0.00552974600992237,0.5810917150554087
PerplexDEW (Davies),isobar,1.01325,263.9974747474747,,,,
PerplexDEW (Davies),isobar,1.01325,269.55555555555554,0.009677053656147041,0.0001823953446657637,0.006322937373240641,0.6300119552544245
PerplexDEW (Davies),isobar,1.01325,275.1136363636364,0.010310661210571599,0.00020036682095566513,0.00675047119872263,0.6555248567864336
PerplexDEW (Davies),isobar,1.01325,280.6717171717172,0.010975102931095645,0.00021968756595188343,0.007199303325969944,0.6817378785154833
PerplexDEW (Davies),isobar,1.01325,286.229797979798,0.011671030380865928,0.00024041491511928297,0.007669886299388201,0.7086474404879817
PerplexDEW (Davies),isobar,1.01325,291.78787878787875,0.012399038129373395,0.0002626041505891206,0.008162631004107409,0.7362483423310251
PerplexDEW (Davies),isobar,1.01325,297.3459595959596,0.013159651676948086,0.00028630777688567533,0.008677898013858812,0.7645334954232996
PerplexDEW (Davies),isobar,1.01325,302.9040404040404,0.013953306930006482,0.00031157451396893247,0.009215983043703208,0.7934934458787208
PerplexDEW (Davies),isobar,1.01325,308.4621212121212,0.014780357329832258,0.00033844893332098233,0.009777121351296863,0.8231167259219581
PerplexDEW (Davies),isobar,1.01325,314.020202020202,0.015641046391032205,0.00036697016768463396,0.010361468336594017,0.8533891857760731
PerplexDEW (Davies),isobar,1.01325,319.5782828282828,0.016535505106172747,0.0003971711987314587,0.010969097196124418,0.8842940675810558
PerplexDEW (Davies),isobar,1.01325,325.1363636363636,0.01746373528257018,0.000429077721854531,0.011599986850355274,0.9158116749384492
PerplexDEW (Davies),isobar,1.01325,330.69444444444446,0.018425606832751674,0.00046270735816079977,0.012254019531233349,0.9479194326044491
PerplexDEW (Davies),isobar,1.01325,336.25252525252523,0.01942082920295929,0.0004980680585954986,0.012930960362811196,0.9805912394541336
PerplexDEW (Davies),isobar,1.01325,341.81060606060606,0.020448927832794395,0.0005351565399140412,0.013630440304962204,1.0137969889668632
PerplexDEW (Davies),isobar,1.01325,347.36868686868684,0.02150927159558511,0.0005739582957981323,0.014351974795858424,1.0475034223348405
PerplexDEW (Davies),isobar,1.01325,352.92676767676767,0.0226010087571627,0.0006144446902225366,0.015094918406367898,1.0816725622434897
PerplexDEW (Davies),isobar,1.01325,358.4848484848485,0.02372307398743311,0.0006565722115727243,0.015858469158170716,1.116262028188083
PerplexDEW (Davies),isobar,1.01325,364.0429292929293,0.024874181139433436,0.000700281297669273,0.016641663003295375,1.1512249467193554
PerplexDEW (Davies),isobar,1.01325,369.6010101010101,0.026052765566677183,0.0007454933425908489,0.0174433327047751,1.1865085955307957
PerplexDEW (Davies),isobar,1.01325,375.1590909090909,0.027256994746320335,0.0007921100012727261,0.018262114856013582,1.222054767310445
PerplexDEW (Davies),isobar,1.01325,380.7171717171717,0.028484792066986883,0.0008400131157121723,0.019096466523074708,1.2578003927314594
PerplexDEW (Davies),isobar,1.01325,386.27525252525254,0.029733725116411487,0.0008890595901044802,0.01994458592490622,1.2936748468774995
PerplexDEW (Davies),isobar,1.01325,391.8333333333333,0.03100106190180855,0.000939082450034307,0.02080445215001861,1.329601348236296
PerplexDEW (Davies),isobar,1.01325,397.39141414141415,0.03228371262368036,0.0009898876724748484,0.021673783908335346,1.36549554947594
PerplexDEW (Davies),isobar,1.01325,402.9494949494949,0.033578271910980756,0.001041255001459632,0.022550069926454815,1.401266460878003
PerplexDEW (Davies),isobar,1.01325,408.50757575757575,0.03488093325657093,0.001092933757520359,0.023430508544122368,1.4368143836114529
PerplexDEW (Davies),isobar,1.01325,414.0656565656566,0.03618753731024742,0.0011446441442337916,0.02431204298132465,1.472031895825626
PerplexDEW (Davies),isobar,1.01325,419.62373737373736,0.03749350696622622,0.0011960740670809212,0.02519131614330776,1.506802173242448
PerplexDEW (Davies),isobar,1.01325,425.1818181818182,0.03879394433180553,0.0012468830664324033,0.02606474163363455,1.5410010031369992
PerplexDEW (Davies),isobar,1.01325,430.73989898989896,0.04008356079337295,0.0012966994566553432,0.026928455856447917,1.5744948723188201
PerplexDEW (Davies),isobar,1.01325,436.2979797979798,0.04135671185069782,0.001345122263087312,0.027778345590556676,1.6071414248753866
PerplexDEW (Davies),isobar,1.01325,441.8560606060606,0.04260740918849709,0.0013917226202942413,0.028610059891173406,1.6387893280690853
PerplexDEW (Davies),isobar,1.01325,447.4141414141414,0.043829378832571576,0.0014360478012524196,0.029419055777364807,1.6692791204455433
PerplexDEW (Davies),isobar,1.01325,452.97222222222223,0.045016181015459344,0.0014776288739619477,0.030200689102740062,1.6984453873490568
PerplexDEW (Davies),isobar,1.01325,458.530303030303,0.04616113841954075,0.0015159800508559957,0.030950168372589307,1.7261145436836356
PerplexDEW (Davies),isobar,1.01325,464.08838383838383,0.04725765919704552,0.00155061756373664,0.03166279326228358,1.7521115201713826
PerplexDEW (Davies),isobar,1.01325,469.64646464646466,0.0482990539051016,0.0015810552087228515,0.03233382969751991,1.776254981659969
PerplexDEW (Davies),isobar,1.01325,475.20454545454544,0.0492790591202303,0.0016068349874232993,0.03295889398907403,1.7983685706193615
PerplexDEW (Davies),isobar,1.01325,480.76262626262627,0.05019167945556283,0.0016275255134615817,0.03353384663765967,1.8182768062214332
PerplexDEW (Davies),isobar,1.01325,486.32070707070704,0.05103157713743185,0.0016427479700294703,0.03405508003531835,1.835813540651084
PerplexDEW (Davies),isobar,1.01325,491.8787878787879,0.05179424186585357,0.0016521919442667903,0.03451964721369658,1.8508256934409983
PerplexDEW (Davies),isobar,1.01325,497.43686868686865,0.05247622428821206,0.0016556346442169502,0.03492543480402585,1.863178776422897
PerplexDEW (Davies),isobar,1.01325,502.9949494949495,0.053075574510709315,0.0016529703422047096,0.03527148055130005,1.872767695377672
PerplexDEW (Davies),isobar,1.01325,508.5530303030303,0.05359152934222075,0.0016442007294803344,0.035557748009172205,1.879510680261286
PerplexDEW (Davies),isobar,1.01325,514.1111111111111,0.05402510653720539,0.0016294697899119756,0.0357855482196323,1.883364865768317
PerplexDEW (Davies),isobar,1.01325,519.6691919191919,0.054379352910960924,0.0016090787721179855,0.035957706327392064,1.8843346729883999
PerplexDEW (Davies),isobar,1.01325,525.2272727272727,0.05465876679330018,0.001583456063136163,0.036078132414946146,1.8824614556924777
PerplexDEW (Davies),isobar,1.01325,530.7853535353536,0.054869623132535815,0.001553169595576682,0.03615203312491431,1.8778345862225128
PerplexDEW (Davies),isobar,1.01325,536.3434343434344,0.05501986089340935,0.001518913135146435,0.03618580435203535,1.8705927858562874
PerplexDEW (Davies),isobar,1.01325,541.9015151515151,0.05511794878198933,0.0014814387007645131,0.03618619698891916,1.8609003549404106
PerplexDEW (Davies),isobar,1.01325,547.459595959596,0.05517372270763784,0.00144158474403549,0.03616088219009927,1.8489706928536631
PerplexDEW (Davies),isobar,1.01325,553.0176767676768,0.055197159155225786,0.0014002002295349868,0.03611755327412298,1.8350389447004611
PerplexDEW (Davies),isobar,1.01325,558.5757575757575,0.055197496543767266,0.0013580886052340058,0.036063286450023276,1.819341105881766
PerplexDEW (Davies),isobar,1.01325,564.1338383838383,0.05518426111727869,0.0013160432081326706,0.03600524587796769,1.8021398821411365
PerplexDEW (Davies),isobar,1.01325,569.6919191919192,0.0551651659897207,0.0012747383980695208,0.03594920143892599,1.7836705295683857
PerplexDEW (Davies),isobar,1.01325,575.25,0.05514772990287273,0.001234796874517651,0.035900661051447486,1.7641798847110879
PerplexDEW (Davies),isobar,1.25,344.0,0.02186509308979844,0.0005821753874235905,0.014612075345163327,1.055204488766081
PerplexDEW (Davies),isobar,1.25,345.010101010101,0.022074625060126512,0.0005899205544278327,0.014755258511379913,1.0617054369291137
PerplexDEW (Davies),isobar,1.25,346.020202020202,0.02228549047871366,0.0005977363344824573,0.014899365127598768,1.0682280165692994
PerplexDEW (Davies),isobar,1.25,347.030303030303,0.02249768898726455,0.0006056228343766668,0.015044394817225408,1.074772092312643
PerplexDEW (Davies),isobar,1.25,348.04040404040404,0.02271122691061758,0.0006135803763984637,0.015190351883445712,1.0813377039614922
PerplexDEW (Davies),isobar,1.25,349.050505050505,0.022926096940553618,0.0006216088285688207,0.015337231047037846,1.0879245512213958
PerplexDEW (Davies),isobar,1.25,350.06060606060606,0.023142298281715348,0.0006297082664558678,0.015485031598210259,1.0945324829240726
PerplexDEW (Davies),isobar,1.25,351.07070707070704,0.023359829988296082,0.0006378787547775288,0.01563375271694608,1.1011613624105805
PerplexDEW (Davies),isobar,1.25,352.0808080808081,0.02357869096211883,0.0006461203472003329,0.015783393471578408,1.1078110441543516
PerplexDEW (Davies),isobar,1.25,353.09090909090907,0.023798887209186718,0.0006544333318545228,0.015933957928527046,1.1144815615271964
PerplexDEW (Davies),isobar,1.25,354.1010101010101,0.024020402892647157,0.0006628172524226449,0.01608543477070052,1.1211724005462864
PerplexDEW (Davies),isobar,1.25,355.1111111111111,0.02424324361614666,0.0006712723698160981,0.01623782777026667,1.1278835864960048
PerplexDEW (Davies),isobar,1.25,356.1212121212121,0.024467415180433293,0.0006797989498407453,0.016391140841328353,1.134615148682505
PerplexDEW (Davies),isobar,1.25,357.1313131313131,0.024692900732492876,0.0006883964754414437,0.016545361925744424,1.1413665526863874
PerplexDEW (Davies),isobar,1.25,358.14141414141415,0.024919705656327465,0.0006970651837928858,0.016700494632727533,1.148137819485846
PerplexDEW (Davies),isobar,1.25,359.1515151515151,0.0251478355382032,0.0007058053170632965,0.01685654271730668,1.1549289741851825
PerplexDEW (Davies),isobar,1.25,360.16161616161617,0.02537727247488255,0.0007146162945126309,0.017013493355048457,1.1617394613380114
PerplexDEW (Davies),isobar,1.25,361.17171717171715,0.02560802162137878,0.0007234983282426656,0.017171349985371263,1.168569297474935
PerplexDEW (Davies),isobar,1.25,362.1818181818182,0.025840080248995183,0.0007324513501209232,0.017330110481276223,1.175418304572529
PerplexDEW (Davies),isobar,1.25,363.19191919191917,0.026073437266604577,0.0007414749886270203,0.017489766801263844,1.182286100440583
PerplexDEW (Davies),isobar,1.25,364.2020202020202,0.026308105874965453,0.0007505697240916206,0.017650328064570796,1.1891728996714472
PerplexDEW (Davies),isobar,1.25,365.2121212121212,0.026544066340646447,0.0007597348627272411,0.017811780110471995,1.1960781103752702
PerplexDEW (Davies),isobar,1.25,366.22222222222223,0.026781323413640108,0.0007689705716642333,0.01797412607829079,1.2030017412957315
PerplexDEW (Davies),isobar,1.25,367.2323232323232,0.02701987347362591,0.0007782767137890746,0.018137363187046528,1.2099435968751373
PerplexDEW (Davies),isobar,1.25,368.24242424242425,0.02725970402702375,0.0007876528229637231,0.018301482369328756,1.2169032671968054
PerplexDEW (Davies),isobar,1.25,369.25252525252523,0.027500819567497985,0.0007970990374508355,0.018466486574698886,1.223880756114033
PerplexDEW (Davies),isobar,1.25,370.26262626262627,0.027743215914854766,0.0008066151760811733,0.01863237261146334,1.2308758571156029
PerplexDEW (Davies),isobar,1.25,371.27272727272725,0.027986879697137257,0.0008162007124566605,0.018799130769404163,1.237888142992988
PerplexDEW (Davies),isobar,1.25,372.2828282828283,0.02823181514278728,0.0008258557546189701,0.01896676380187979,1.2449176125591725
PerplexDEW (Davies),isobar,1.25,373.2929292929293,0.028478008278235174,0.000835579734485168,0.019135261558305902,1.251963826788306
PerplexDEW (Davies),isobar,1.25,374.3030303030303,0.028725463149235145,0.0008453727391296588,0.019304626656971257,1.259026781030156
PerplexDEW (Davies),isobar,1.25,375.3131313131313,0.028974174601886865,0.0008552345095244921,0.019474855191864017,1.2661062497951532
PerplexDEW (Davies),isobar,1.25,376.32323232323233,0.02922412773913251,0.0008651644129831213,0.019645936336336066,1.2732017759476042
PerplexDEW (Davies),isobar,1.25,377.3333333333333,0.02947531667193454,0.0008751621409177208,0.019817865646441654,1.280313119565247
PerplexDEW (Davies),isobar,1.25,378.34343434343435,0.029727735301570784,0.000885227367717126,0.019990638524367513,1.2874400366552594
PerplexDEW (Davies),isobar,1.25,379.35353535353534,0.029981397080352464,0.0008953605001226148,0.020164264258476318,1.294582748044753
PerplexDEW (Davies),isobar,1.25,380.3636363636364,0.03023626618413114,0.000905560071138648,0.02033871712774412,1.3017403049134377
PerplexDEW (Davies),isobar,1.25,381.37373737373736,0.03049235575595089,0.0009158264586328574,0.02051400619326687,1.3089129221332718
PerplexDEW (Davies),isobar,1.25,382.3838383838384,0.03074964896353834,0.0009261588923231575,0.020690119211292914,1.316100104711077
PerplexDEW (Davies),isobar,1.25,383.3939393939394,0.031008148983026347,0.0009365573574980076,0.02086705815827519,1.3233018315365266
PerplexDEW (Davies),isobar,1.25,384.4040404040404,0.031267827848086543,0.0009470206305826635,0.02104480285347899,1.3305173485251993
PerplexDEW (Davies),isobar,1.25,385.4141414141414,0.03152869875766939,0.000957549065210519,0.021223362396062647,1.3377468720066825
PerplexDEW (Davies),isobar,1.25,386.42424242424244,0.03179075423454804,0.0009681422111569917,0.021402731176039705,1.3449901313762738
PerplexDEW (Davies),isobar,1.25,387.4343434343434,0.032053964921488556,0.000978798751108455,0.02158288799457799,1.3522463452991396
PerplexDEW (Davies),isobar,1.25,388.44444444444446,0.032318344063035485,0.0009895190199167207,0.021763841982513542,1.3595157312479849
PerplexDEW (Davies),isobar,1.25,389.45454545454544,0.03258386135152847,0.001000301635715924,0.02194557124524396,1.3667974892733412
PerplexDEW (Davies),isobar,1.25,390.4646464646465,0.03285054126511783,0.0010111473645346022,0.022128092921641647,1.3740920981908467
PerplexDEW (Davies),isobar,1.25,391.47474747474746,0.03311833024834583,0.0010220538769211288,0.022311368527636072,1.3813982204026898
PerplexDEW (Davies),isobar,1.25,392.4848484848485,0.03338726414382666,0.0010330223768267313,0.022495423306097953,1.3887165986317629
PerplexDEW (Davies),isobar,1.25,393.4949494949495,0.03365729949238197,0.0010440509047994209,0.022680225949391432,1.396046134171968
PerplexDEW (Davies),isobar,1.25,394.5050505050505,0.03392843791737125,0.0010551392845978603,0.022865777293751673,1.4033867760687169
PerplexDEW (Davies),isobar,1.25,395.5151515151515,0.03420068131928374,0.0010662873472331055,0.023052078378065048,1.4107384788816404
PerplexDEW (Davies),isobar,1.25,396.52525252525254,0.03447399593528722,0.0010774934731190551,0.02323910477821879,1.4181003749675787
PerplexDEW (Davies),isobar,1.25,397.5353535353535,0.03474838304340528,0.0010887574439890058,0.02342685707734483,1.425472406717951
PerplexDEW (Davies),isobar,1.25,398.54545454545456,0.03502384420750497,0.0011000790492353097,0.023615336067893684,1.4328545221901123
PerplexDEW (Davies),isobar,1.25,399.55555555555554,0.035300356508847046,0.0011114570698922042,0.023804525049446842,1.4402461073869879
PerplexDEW (Davies),isobar,1.25,400.5656565656566,0.035577896233441174,0.0011228902354473175,0.023994406739364704,1.4476465326882728
PerplexDEW (Davies),isobar,1.25,401.57575757575756,0.03585646419010474,0.001134378269902236,0.024184981377656456,1.4550557313699812
PerplexDEW (Davies),isobar,1.25,402.5858585858586,0.03613606148574064,0.0011459209055234391,0.024376249423013016,1.4624736425850386
PerplexDEW (Davies),isobar,1.25,403.5959595959596,0.03641663774577502,0.0011575157268569496,0.024568174505220974,1.469899031824947
PerplexDEW (Davies),isobar,1.25,404.6060606060606,0.03669823226396299,0.0011691640309438604,0.024760784395026467,1.477332710151133
PerplexDEW (Davies),isobar,1.25,405.6161616161616,0.03698078048857729,0.0011808627782807037,0.024954032558289697,1.4847731239319066
PerplexDEW (Davies),isobar,1.25,406.62626262626264,0.03726432233210908,0.0011926132836250036,0.025147947220426813,1.4922210963680862
PerplexDEW (Davies),isobar,1.25,407.6363636363636,0.03754879156619596,0.0012044123971008355,0.025342480619763106,1.499675040820632
PerplexDEW (Davies),isobar,1.25,408.64646464646466,0.03783421506226863,0.0012162608721346733,0.02553765165084891,1.5071354836580546
PerplexDEW (Davies),isobar,1.25,409.65656565656565,0.038120565908311574,0.0012281571855871855,0.02573344069253796,1.5146017322807022
PerplexDEW (Davies),isobar,1.25,410.6666666666667,0.03840781633075373,0.0012400997571750635,0.02592982749296431,1.5220730770996198
PerplexDEW (Davies),isobar,1.25,411.67676767676767,0.03869596592765752,0.001252088158906345,0.026126811411530268,1.5295494273604606
PerplexDEW (Davies),isobar,1.25,412.6868686868687,0.038985000352394425,0.0012641213589419645,0.026324381813913632,1.5370303776983238
PerplexDEW (Davies),isobar,1.25,413.6969696969697,0.039274904985311394,0.0012761983012088446,0.026522527866872248,1.5445155172983518
PerplexDEW (Davies),isobar,1.25,414.7070707070707,0.039565664932274355,0.0012883179052349213,0.026721238537263922,1.552004429855462
PerplexDEW (Davies),isobar,1.25,415.7171717171717,0.03985725028068691,0.001300478425340775,0.026920492010853895,1.5594963633109131
PerplexDEW (Davies),isobar,1.25,416.72727272727275,0.04014966000977172,0.001312679354247908,0.027120287200249615,1.5669912142704558
PerplexDEW (Davies),isobar,1.25,417.73737373737373,0.04044289344922137,0.001324920195956422,0.027320623277034845,1.5744888861035164
PerplexDEW (Davies),isobar,1.25,418.74747474747477,0.040736889409621155,0.0013371977937579721,0.02752145595711557,1.5819879306796198
PerplexDEW (Davies),isobar,1.25,419.75757575757575,0.04103169216092919,0.0013495135969037238,0.027722816679777162,1.5894892557630043
PerplexDEW (Davies),isobar,1.25,420.7676767676768,0.04132722392237383,0.0013618636832610376,0.027924649228061246,1.5969910463088186
PerplexDEW (Davies),isobar,1.25,421.77777777777777,0.04162351398251591,0.0013742488297626002,0.028126974290271972,1.6044938748134814
PerplexDEW (Davies),isobar,1.25,422.7878787878788,0.04192052981572975,0.001386667077377819,0.02832976814898327,1.6119969367376512
PerplexDEW (Davies),isobar,1.25,423.7979797979798,0.042218237949072035,0.0013991164028044852,0.028533006393953956,1.6194994086839394
PerplexDEW (Davies),isobar,1.25,424.80808080808083,0.042516636371358926,0.0014115961694641467,0.028736687228979783,1.6270011663705612
PerplexDEW (Davies),isobar,1.25,425.8181818181818,0.04281570707271691,0.0014241050181646,0.028940797358529197,1.6345017303350893
PerplexDEW (Davies),isobar,1.25,426.82828282828285,0.04311543175358557,0.0014366415636708242,0.029145323277462252,1.6420006151553632
PerplexDEW (Davies),isobar,1.25,427.83838383838383,0.04341579182367577,0.0014492043946024943,0.029350251270423018,1.6494973294115083
PerplexDEW (Davies),isobar,1.25,428.8484848484849,0.04371676840098324,0.001461792073336003,0.029555567411273527,1.6569913756500443
PerplexDEW (Davies),isobar,1.25,429.85858585858585,0.044018325235598066,0.0014744023587690322,0.029761245269780346,1.6644818741779726
PerplexDEW (Davies),isobar,1.25,430.8686868686869,0.04432045958093594,0.0014870345166097649,0.029967282529773126,1.6719686845492314
PerplexDEW (Davies),isobar,1.25,431.8787878787879,0.04462316910036417,0.0014996878279834173,0.03017367718013366,1.679451674077343
PerplexDEW (Davies),isobar,1.25,432.8888888888889,0.04492641666068043,0.001512359972306162,0.030380402153829388,1.68692994463601
PerplexDEW (Davies),isobar,1.25,433.8989898989899,0.045230181907874284,0.0015250493795089435,0.03058744246352384,1.6944029680497454
PerplexDEW (Davies),isobar,1.25,434.90909090909093,0.045534444191169754,0.0015377544528347453,0.0307947829084601,1.7018702098921887
PerplexDEW (Davies),isobar,1.25,435.9191919191919,0.045839182562323236,0.0015504735687889213,0.031002408074151753,1.709331129450731
PerplexDEW (Davies),isobar,1.25,436.92929292929296,0.04614437577500336,0.0015632050770969423,0.03121030233211943,1.716785179691948
PerplexDEW (Davies),isobar,1.25,437.93939393939394,0.04645000228418927,0.0015759473006704337,0.031418449839677225,1.7242318072276699
PerplexDEW (Davies),isobar,1.25,438.949494949495,0.046756040245642595,0.0015886985355805005,0.031626834539751,1.7316704522813946
PerplexDEW (Davies),isobar,1.25,439.95959595959596,0.047062467515412945,0.0016014570510396726,0.03183544016075581,1.7391005486556996
PerplexDEW (Davies),isobar,1.25,440.969696969697,0.0473692616494096,0.0016142210893926232,0.032044250216499315,1.7465215236989657
PerplexDEW (Davies),isobar,1.25,441.979797979798,0.04767643847975289,0.0016269906873792352,0.03225327584285352,1.7539336382252155
PerplexDEW (Davies),isobar,1.25,442.98989898989896,0.04798389819457225,0.0016397604147470833,0.032462444735257036,1.7613346343687788
PerplexDEW (Davies),isobar,1.25,444.0,0.0482916949934716,0.001652532099899157,0.03267179572552685,1.768725607639256
PerplexDEW (Davies),isobar,1.5,426.25,0.04623728136316592,0.001576348887602867,0.031392583195151445,1.7130022846513235
PerplexDEW (Davies),isobar,1.5,426.4166666666667,0.046294967741107765,0.0015788673689807109,0.03143234052096717,1.7144052188215033
PerplexDEW (Davies),isobar,1.5,426.5833333333333,0.04635267890862855,0.0015813872856118229,0.03147211461652363,1.7158082185130221
PerplexDEW (Davies),isobar,1.5,426.75,0.046410431192118455,0.0015839093752626546,0.0315119171384832,1.717211636363364
PerplexDEW (Davies),isobar,1.5,426.9166666666667,0.046468208157682114,0.0015864328889070287,0.03155173623727829,1.7186151187752854
PerplexDEW (Davies),isobar,1.5,427.0833333333333,0.04652604257415693,0.0015889593163264564,0.03159159553882702,1.7200193693971488
PerplexDEW (Davies),isobar,1.5,427.25,0.04658390156851629,0.001591487159914743,0.031631471340211326,1.72142368012464
PerplexDEW (Davies),isobar,1.5,427.4166666666667,0.046641801527260614,0.0015940171642888632,0.03167137545583662,1.72282840390534
PerplexDEW (Davies),isobar,1.5,427.5833333333333,0.046699725902048,0.001596548573514045,0.03171129595169049,1.72423318361801
PerplexDEW (Davies),isobar,1.5,427.75,0.04675770768880148,0.0015990828910179445,0.031751256621254303,1.7256387299193554
PerplexDEW (Davies),isobar,1.5,427.9166666666667,0.04681569720447696,0.0016016178482721967,0.031791221634569516,1.727043971855059
PerplexDEW (Davies),isobar,1.5,428.0833333333333,0.046873744083281974,0.0016041557092587623,0.03183122678537585,1.728449978333554
PerplexDEW (Davies),isobar,1.5,428.25,0.046931831747738274,0.0016066957162678768,0.03187126011824858,1.729856391686024
PerplexDEW (Davies),isobar,1.5,428.4166666666667,0.046989943505575206,0.0016092371046606375,0.03191130959291073,1.7312628520798907
PerplexDEW (Davies),isobar,1.5,428.5833333333333,0.04704809594202656,0.0016117806309887542,0.03195138717044705,1.73266971620554
PerplexDEW (Davies),isobar,1.5,428.75,0.047106289032059476,0.0016143262929205903,0.03199149283236147,1.7340769830289142
PerplexDEW (Davies),isobar,1.5,428.9166666666667,0.047164505996535384,0.00161687332055315,0.03203161447431218,1.7354842910826036
PerplexDEW (Davies),isobar,1.5,429.0833333333333,0.0472227635064204,0.001619422475598443,0.032071764120653636,1.7368919986707145
PerplexDEW (Davies),isobar,1.5,429.25,0.04728106153623678,0.0016219737556821795,0.03211194175256752,1.7383001047515128
PerplexDEW (Davies),isobar,1.5,429.4166666666667,0.047339400060393354,0.0016245271584186738,0.032152147351108815,1.7397086082799536
PerplexDEW (Davies),isobar,1.5,429.5833333333333,0.04739776218340318,0.00162708190684539,0.032192368726078405,1.7411171455977386
PerplexDEW (Davies),isobar,1.5,429.75,0.047456164691142964,0.0016296387696016514,0.03223261798664302,1.74252607717296
PerplexDEW (Davies),isobar,1.5,429.9166666666667,0.04751460755757042,0.001632197744258987,0.03227289511356994,1.7439354019530093
PerplexDEW (Davies),isobar,1.5,430.0833333333333,0.047573090756533695,0.0016347588283780355,0.032313200087508556,1.7453451188821991
PerplexDEW (Davies),isobar,1.5,430.25,0.0476315972755685,0.0016373212378860194,0.03235352063193256,1.7467548620999351
PerplexDEW (Davies),isobar,1.5,430.4166666666667,0.0476901440160861,0.0016398857483990543,0.032393868941277076,1.748164994249136
PerplexDEW (Davies),isobar,1.5,430.5833333333333,0.047748713906838845,0.0016424515722655976,0.0324342326956716,1.749575148363271
PerplexDEW (Davies),isobar,1.5,430.75,0.04780734098110567,0.0016450202755521513,0.032474636454169245,1.7509860546316331
PerplexDEW (Davies),isobar,1.5,430.9166666666667,0.047866008196656006,0.001647591072359945,0.03251506791835897,1.7523973466341227
PerplexDEW (Davies),isobar,1.5,431.0833333333333,0.047924698393949576,0.0016501631696590937,0.032555514703116725,1.7538086557393449
PerplexDEW (Davies),isobar,1.5,431.25,0.047983411457722946,0.0016527365595585335,0.032595976723290926,1.75521997921404
PerplexDEW (Davies),isobar,1.5,431.4166666666667,0.04804216446381604,0.0016553120282299034,0.03263646630211602,1.756631682986431
PerplexDEW (Davies),isobar,1.5,431.5833333333333,0.04810097460562531,0.0016578903689913379,0.032676995849646034,1.7580441351987417
PerplexDEW (Davies),isobar,1.5,431.75,0.04815979019276905,0.0016604691916020646,0.03271752805442424,1.7594562270992804
PerplexDEW (Davies),isobar,1.5,431.9166666666667,0.04821866286024952,0.0016630508811310903,0.03275810018689919,1.7608690652699905
PerplexDEW (Davies),isobar,1.5,432.0833333333333,0.04827757535929582,0.0016656346390892445,0.03279869979624785,1.7622822794018107
PerplexDEW (Davies),isobar,1.5,432.25,0.048336510322706396,0.0016682196597665266,0.03283931434406423,1.7636954969537293
PerplexDEW (Davies),isobar,1.5,432.4166666666667,0.04839548500227865,0.0016708067400130373,0.03287995628344378,1.7651090871669928
PerplexDEW (Davies),isobar,1.5,432.5833333333333,0.04845449936969314,0.0016733958771825554,0.03292062559350434,1.7665230489452546
PerplexDEW (Davies),isobar,1.5,432.75,0.048513518539743915,0.0016759854515451986,0.032961297086203226,1.7679366349317485
PerplexDEW (Davies),isobar,1.5,432.9166666666667,0.048572612137850586,0.0016785786909368685,0.0330020210304693,1.7693513354202237
PerplexDEW (Davies),isobar,1.5,433.0833333333333,0.04863171036204887,0.0016811723548803943,0.03304274702709109,1.770765655667424
PerplexDEW (Davies),isobar,1.5,433.25,0.048690865558009416,0.0016837688717422077,0.03308351287114314,1.7721807156354736
PerplexDEW (Davies),isobar,1.5,433.4166666666667,0.04875006023854015,0.0016863674284537452,0.033124305935805454,1.7735961405259426
PerplexDEW (Davies),isobar,1.5,433.5833333333333,0.04880927679674848,0.0016889672046231747,0.03316511350572,1.775011553285061
PerplexDEW (Davies),isobar,1.5,433.75,0.04886853272119671,0.0016915690115107654,0.03320594820879255,1.776427327611546
PerplexDEW (Davies),isobar,1.5,433.9166666666667,0.04892781034458696,0.0016941720250167281,0.03324679728515391,1.7778430853146412
PerplexDEW (Davies),isobar,1.5,434.0833333333333,0.04898712721501531,0.001696777060031183,0.03328767340666647,1.7792592012139086
PerplexDEW (Davies),isobar,1.5,434.25,0.04904648330266241,0.0016993841137649154,0.033328576551366514,1.7806756741852625
PerplexDEW (Davies),isobar,1.5,434.4166666666667,0.049105878577610076,0.0017019931834173134,0.033369506697168864,1.7820925031016879
PerplexDEW (Davies),isobar,1.5,434.5833333333333,0.049165295251433344,0.001704603437443563,0.033410450994725505,1.7835093074919657
PerplexDEW (Davies),isobar,1.5,434.75,0.049224750991874365,0.0017072156980416204,0.033451422204258896,1.784926464428091
PerplexDEW (Davies),isobar,1.5,434.9166666666667,0.04928424576855014,0.0017098299623665744,0.03349242030338672,1.7863439727748356
PerplexDEW (Davies),isobar,1.5,435.0833333333333,0.049343779550950165,0.0017124462275619104,0.033533445269602224,1.787761831394424
PerplexDEW (Davies),isobar,1.5,435.25,0.04940335230845481,0.0017150644907597775,0.03357449708031569,1.7891800391466484
PerplexDEW (Davies),isobar,1.5,435.4166666666667,0.049462946100344775,0.001717683911038129,0.03361556277372592,1.790598212692949
PerplexDEW (Davies),isobar,1.5,435.5833333333333,0.04952257874487123,0.001720305319804811,0.033656655221201766,1.7920167319384905
PerplexDEW (Davies),isobar,1.5,435.75,0.04958223224003867,0.0017229278723582037,0.03369776141573352,1.7934352123909658
PerplexDEW (Davies),isobar,1.5,435.9166666666667,0.04964194246594398,0.001725553247474239,0.03373890727997605,1.7948544190123934
PerplexDEW (Davies),isobar,1.5,436.0833333333333,0.04970169145083935,0.0017281806023032413,0.03378007982930699,1.7962739678801851
PerplexDEW (Davies),isobar,1.5,436.25,0.04976144303808828,0.0017308082390304158,0.03382125293682278,1.797693087697296
PerplexDEW (Davies),isobar,1.5,436.4166666666667,0.04982125129202037,0.0017334386913337764,0.033862465666806646,1.7991129307857925
PerplexDEW (Davies),isobar,1.5,436.5833333333333,0.04988108002491585,0.0017360702594709152,0.033903691869574544,1.8005327252651624
PerplexDEW (Davies),isobar,1.5,436.75,0.0499409654220106,0.0017387046409817369,0.0339449576931054,1.8019532418422293
PerplexDEW (Davies),isobar,1.5,436.9166666666667,0.050000852987194234,0.0017413392735288569,0.033986223754301076,1.8033733189373753
PerplexDEW (Davies),isobar,1.5,437.0833333333333,0.050060797152187704,0.0017439767134109754,0.0340275293887489,1.8047941157895406
PerplexDEW (Davies),isobar,1.5,437.25,0.05012077972996179,0.0017466161044837269,0.03406886145289561,1.8062152444234394
PerplexDEW (Davies),isobar,1.5,437.4166666666667,0.050180782410055975,0.0017492565829784787,0.03411020671183812,1.8076363145365084
PerplexDEW (Davies),isobar,1.5,437.5833333333333,0.05024082337597838,0.0017518990027324643,0.03415157830673057,1.8090577129117174
PerplexDEW (Davies),isobar,1.5,437.75,0.05030088425501861,0.0017545424961185059,0.03419296295678075,1.8104790480754647
PerplexDEW (Davies),isobar,1.5,437.9166666666667,0.05036098329206471,0.001757187920752911,0.03423437384848298,1.811900707966736
PerplexDEW (Davies),isobar,1.5,438.0833333333333,0.050421138855857646,0.0017598361419052233,0.03427582425990059,1.8133230828569495
PerplexDEW (Davies),isobar,1.5,438.25,0.05048129570726634,0.0017624845512947693,0.034317274259096614,1.8147449971742118
PerplexDEW (Davies),isobar,1.5,438.4166666666667,0.0505415090186842,0.0017651357509366786,0.03435876372875458,1.8161676241047868
PerplexDEW (Davies),isobar,1.5,438.5833333333333,0.050601741859272055,0.00176778799512791,0.03440026597033415,1.8175901777743508
PerplexDEW (Davies),isobar,1.5,438.75,0.05066201262828074,0.0017704421510053756,0.034441794284312856,1.8190130490273804
PerplexDEW (Davies),isobar,1.5,438.9166666666667,0.05072232129180345,0.0017730982153851837,0.03448334864576297,1.8204362366618245
PerplexDEW (Davies),isobar,1.5,439.0833333333333,0.050782649226699825,0.0017757553050902785,0.03452491558888,1.8218593444873412
PerplexDEW (Davies),isobar,1.5,439.25,0.05084303354572953,0.0017784151749311772,0.034566521946830214,1.8232831606771092
PerplexDEW (Davies),isobar,1.5,439.4166666666667,0.05090343700497399,0.0017810760597748712,0.034608140789765166,1.8247068934599138
PerplexDEW (Davies),isobar,1.5,439.5833333333333,0.05096387815906058,0.0017837388363613775,0.03464978553294639,1.826130936606173
PerplexDEW (Davies),isobar,1.5,439.75,0.051024338258639536,0.0017864026136585247,0.03469144261738819,1.827554891548924
PerplexDEW (Davies),isobar,1.5,439.9166666666667,0.05108483592070398,0.0017890682722649074,0.03473312550447407,1.8289791532337938
PerplexDEW (Davies),isobar,1.5,440.0833333333333,0.051145389888045394,0.0017917367005916692,0.034774847748629836,1.8304041189765017
PerplexDEW (Davies),isobar,1.5,440.25,0.05120594379225257,0.001794405220246118,0.03481656858369221,1.8318285919364343
PerplexDEW (Davies),isobar,1.5,440.4166666666667,0.05126655393143986,0.0017970765030115654,0.03485832872398796,1.8332537665002342
PerplexDEW (Davies),isobar,1.5,440.5833333333333,0.05132720149249822,0.0017997496538676172,0.0349001145635292,1.8346792429008185
PerplexDEW (Davies),isobar,1.5,440.75,0.051387848631256866,0.001802422870327445,0.03494189872887067,1.8361042180595804
PerplexDEW (Davies),isobar,1.5,440.9166666666667,0.05144855192998402,0.0018050988418392287,0.034983722144342734,1.8375298917156329
PerplexDEW (Davies),isobar,1.5,441.0833333333333,0.05150929248022357,0.0018077766674333812,0.035025571133511464,1.8389558623055418
PerplexDEW (Davies),isobar,1.5,441.25,0.05157005124630083,0.001810455438209459,0.035067431925766654,1.8403817258681137
PerplexDEW (Davies),isobar,1.5,441.4166666666667,0.05163084712816655,0.001813136052318959,0.03510931819157043,1.8418078826773636
PerplexDEW (Davies),isobar,1.5,441.5833333333333,0.05169168008953341,0.0018158185063479105,0.03515122990427555,1.843234331485879
PerplexDEW (Davies),isobar,1.5,441.75,0.05175255009399564,0.0018185027968699655,0.03519316703710376,1.844661071042977
PerplexDEW (Davies),isobar,1.5,441.9166666666667,0.051813437977523025,0.0018211880069539314,0.035235115724656346,1.8460876949690295
PerplexDEW (Davies),isobar,1.5,442.0833333333333,0.05187436276689506,0.0018238750426394356,0.035277089731116734,1.8475146059279115
PerplexDEW (Davies),isobar,1.5,442.25,0.05193530523358796,0.0018265629829543946,0.035319075143484334,1.8489413963253611
PerplexDEW (Davies),isobar,1.5,442.4166666666667,0.0519963036917358,0.0018292536574051484,0.03536109968259432,1.8503688769625461
PerplexDEW (Davies),isobar,1.5,442.5833333333333,0.05205733894466046,0.0018319461470008426,0.035403149459033285,1.8517966408456952
PerplexDEW (Davies),isobar,1.5,442.75,0.052118391666989054,0.001834639524698166,0.03544521048814013,1.8532242785553672
PerplexDEW (Davies),isobar,1.75,411.9,0.043680877843432775,0.0014635117715831015,0.02968970466951011,1.6470967685881088
PerplexDEW (Davies),isobar,1.75,412.14444444444445,0.04376852966935289,0.0014673630440360374,0.02975043751241302,1.6492615288378258
PerplexDEW (Davies),isobar,1.75,412.38888888888886,0.04385628509063311,0.0014712204282834834,0.029811243148771385,1.6514275188687977
PerplexDEW (Davies),isobar,1.75,412.6333333333333,0.04394415801143192,0.0014750845272323875,0.029872131559988732,1.6535950393408614
PerplexDEW (Davies),isobar,1.75,412.87777777777774,0.0440321484457033,0.0014789553419928452,0.02993310275657051,1.6557640887128802
PerplexDEW (Davies),isobar,1.75,413.1222222222222,0.04412024236452925,0.001482832260918038,0.029994146646102917,1.657934361413554
PerplexDEW (Davies),isobar,1.75,413.3666666666667,0.04420845374991501,0.0014867158934591415,0.03005527328679058,1.6601061585578862
PerplexDEW (Davies),isobar,1.75,413.6111111111111,0.0442967684981878,0.001490605623564939,0.030116472531025285,1.6622791732020883
PerplexDEW (Davies),isobar,1.75,413.85555555555555,0.04438520066376413,0.0014945020648839333,0.030177754490488876,1.664453707792898
PerplexDEW (Davies),isobar,1.75,414.09999999999997,0.044473750258181476,0.0014984052183077963,0.030239119173937602,1.6666297607474645
PerplexDEW (Davies),isobar,1.75,414.34444444444443,0.0445624030651507,0.0015023144611398176,0.03030055635061197,1.6688070230532412
PerplexDEW (Davies),isobar,1.75,414.58888888888885,0.044651173248408206,0.0015062304133795408,0.030362076212942905,1.6709857991677233
PerplexDEW (Davies),isobar,1.75,414.8333333333333,0.044740046516108585,0.001510152447862311,0.03042366847437893,1.6731657786919616
PerplexDEW (Davies),isobar,1.75,415.0777777777778,0.04482903710517193,0.0015140811888458407,0.030485343381409274,1.675347267428149
PerplexDEW (Davies),isobar,1.75,415.3222222222222,0.0449181450246887,0.001518016636999613,0.03054710094100979,1.6775302637500578
PerplexDEW (Davies),isobar,1.75,415.56666666666666,0.04500735586899945,0.0015219581584173514,0.03060893078257509,1.6797144551705627
PerplexDEW (Davies),isobar,1.75,415.8111111111111,0.04509668398550593,0.0015259063837997733,0.03067084323422096,1.6819001495218018
PerplexDEW (Davies),isobar,1.75,416.05555555555554,0.045186114892185096,0.001529860674707732,0.030732827868937124,1.6840870329159219
PerplexDEW (Davies),isobar,1.75,416.3,0.045275663010408515,0.00153382166616153,0.030794895069490597,1.6862754145437846
PerplexDEW (Davies),isobar,1.75,416.5444444444444,0.045365328346799606,0.001537789358605721,0.030857044841065343,1.6884652927361188
PerplexDEW (Davies),isobar,1.75,416.7888888888889,0.04545509630429598,0.0015417631067624294,0.030919266671676958,1.6906563514952135
PerplexDEW (Davies),isobar,1.75,417.0333333333333,0.045544981415932696,0.0015457435521876014,0.03098157102660607,1.692848902062297
PerplexDEW (Davies),isobar,1.75,417.27777777777777,0.04563496900746989,0.001549730045005563,0.03104394733685303,1.6950426270251355
PerplexDEW (Davies),isobar,1.75,417.5222222222222,0.04572507368671459,0.0015537232311544993,0.03110640612295379,1.6972378389980465
PerplexDEW (Davies),isobar,1.75,417.76666666666665,0.04581528070191318,0.0015577224561341852,0.03116893675863882,1.699434219147551
PerplexDEW (Davies),isobar,1.75,418.0111111111111,0.0459056047359484,0.0015617283702896332,0.031231549819930586,1.7016320814663144
PerplexDEW (Davies),isobar,1.75,418.25555555555553,0.04599604579188165,0.0015657409737402678,0.03129424530942489,1.703831424222563
PerplexDEW (Davies),isobar,1.75,418.5,0.046086603872361506,0.0015697602665668935,0.03135702322942438,1.7060322456773058
PerplexDEW (Davies),isobar,1.75,418.7444444444444,0.04617724916012721,0.001573784921110397,0.03141986209520257,1.7082339041995578
PerplexDEW (Davies),isobar,1.75,418.9888888888889,0.04626802627024742,0.001577816922025603,0.03148279405281218,1.7104373557347787
PerplexDEW (Davies),isobar,1.75,419.23333333333335,0.04635890534555555,0.0015818549392435047,0.03154579758804234,1.712641957922693
PerplexDEW (Davies),isobar,1.75,419.47777777777776,0.04644990129632482,0.0015858996365005894,0.03160888344500832,1.714848028928162
PerplexDEW (Davies),isobar,1.75,419.72222222222223,0.046540999057723666,0.001589950340554442,0.03167204076608218,1.7170552441810012
PerplexDEW (Davies),isobar,1.75,419.96666666666664,0.046632213616383415,0.0015940077196497648,0.03173528035183473,1.7192639232472688
PerplexDEW (Davies),isobar,1.75,420.2111111111111,0.04672354497133325,0.00159807177353488,0.031798602201934464,1.721474064324641
PerplexDEW (Davies),isobar,1.75,420.4555555555555,0.0468149779390039,0.0016021418218318622,0.03186199537098665,1.7236853406677897
PerplexDEW (Davies),isobar,1.75,420.7,0.0469065276212805,0.0016062185396049534,0.031925470744785245,1.7258980739563037
PerplexDEW (Davies),isobar,1.75,420.94444444444446,0.046998178754938426,0.0016103012416791352,0.03198901731905568,1.7281119359868622
PerplexDEW (Davies),isobar,1.75,421.18888888888887,0.04708994651903506,0.0016143906076908604,0.03205264603665265,1.730327249854155
PerplexDEW (Davies),isobar,1.75,421.43333333333334,0.04718181557033568,0.0016184859476404692,0.03211634583415431,1.7325436858898196
PerplexDEW (Davies),isobar,1.75,421.67777777777775,0.04727381654463568,0.0016225886376443404,0.03218013880220505,1.7347618971542262
PerplexDEW (Davies),isobar,1.75,421.9222222222222,0.047365903299559815,0.001626696601467181,0.0322439916663713,1.736980896145836
PerplexDEW (Davies),isobar,1.75,422.1666666666667,0.04745812196776211,0.001630811914122412,0.03230793769476938,1.739201666624251
PerplexDEW (Davies),isobar,1.75,422.4111111111111,0.047550441666043934,0.0016349331840191503,0.03237195461466241,1.7414235474352264
PerplexDEW (Davies),isobar,1.75,422.65555555555557,0.047642862268756934,0.0016390604032482606,0.03243604233357227,1.7436465344967689
PerplexDEW (Davies),isobar,1.75,422.9,0.04773541480608424,0.0016431949715057666,0.0325002232338502,1.7458712880939016
PerplexDEW (Davies),isobar,1.75,423.14444444444445,0.047828052535643845,0.0016473347764295353,0.03256446359733278,1.7480968097403886
PerplexDEW (Davies),isobar,1.75,423.3888888888889,0.04792082218484617,0.00165148192867287,0.03262879713205115,1.7503240940887173
PerplexDEW (Davies),isobar,1.75,423.6333333333333,0.04801369246835029,0.0016556350123773736,0.03269320126785621,1.75255247262382
PerplexDEW (Davies),isobar,1.75,423.8777777777778,0.04810666325662738,0.0016597940192879673,0.03275767590941801,1.754781941195503
PerplexDEW (Davies),isobar,1.75,424.1222222222222,0.04819976597837921,0.001663960373012045,0.03282224373390477,1.757013167386219
PerplexDEW (Davies),isobar,1.75,424.3666666666667,0.048292969105009374,0.0016681326429715047,0.03288688199124204,1.7592454782297084
PerplexDEW (Davies),isobar,1.75,424.6111111111111,0.0483862725046925,0.0016723108207058936,0.03295159058440868,1.761478869535636
PerplexDEW (Davies),isobar,1.75,424.85555555555555,0.04847969194596707,0.0016764956210030275,0.03301638089234328,1.7637136751987383
PerplexDEW (Davies),isobar,1.75,425.1,0.04857322741736403,0.001680687042637313,0.03308125290708122,1.7659498932327093
PerplexDEW (Davies),isobar,1.75,425.34444444444443,0.04866686292408812,0.0016848843560703993,0.03314619508332186,1.768187182049706
PerplexDEW (Davies),isobar,1.75,425.5888888888889,0.04876061435484889,0.0016890882833024991,0.033211218888935634,1.7704258777440551
PerplexDEW (Davies),isobar,1.75,425.8333333333333,0.04885448169661726,0.0016932988229614707,0.0332763243148267,1.7726659783025496
PerplexDEW (Davies),isobar,1.75,426.0777777777778,0.04894844883002788,0.0016975152379006587,0.033341499723530586,1.7749071398593366
PerplexDEW (Davies),isobar,1.75,426.32222222222225,0.04904253176472799,0.0017017382573934281,0.033406756672425666,1.7771497007229076
PerplexDEW (Davies),isobar,1.75,426.56666666666666,0.049136714297780486,0.001705967139178992,0.03347208346221654,1.7793933155004649
PerplexDEW (Davies),isobar,1.75,426.81111111111113,0.049231012519794434,0.00171020261740621,0.033537491710203676,1.781638323982184
PerplexDEW (Davies),isobar,1.75,427.05555555555554,0.04932542641501765,0.0017144446904490437,0.03360298140531378,1.7838847241066484
PerplexDEW (Davies),isobar,1.75,427.3,0.04941993965466671,0.0017186926083329645,0.03366854075512066,1.7861321681808864
PerplexDEW (Davies),isobar,1.75,427.5444444444445,0.04951456845152067,0.0017229471125808336,0.03373418146737084,1.7883809982303136
PerplexDEW (Davies),isobar,1.75,427.7888888888889,0.049609296392372035,0.0017272074480335791,0.033799891687158204,1.790630865019428
PerplexDEW (Davies),isobar,1.75,428.03333333333336,0.04970413977177893,0.0017314743611568574,0.0338656831827773,1.792882112070034
PerplexDEW (Davies),isobar,1.75,428.27777777777777,0.04979909857126622,0.0017357478500679537,0.03393155594116484,1.7951347372731348
PerplexDEW (Davies),isobar,1.75,428.52222222222224,0.04989417277190798,0.0017400279128404975,0.03399750994893839,1.7973887385116805
PerplexDEW (Davies),isobar,1.75,428.76666666666665,0.04998932922741107,0.0017443130202580666,0.03406352125890569,1.7996434132405823
PerplexDEW (Davies),isobar,1.75,429.0111111111111,0.05008461748198175,0.001748605453444395,0.03412962566372035,1.801899807646001
PerplexDEW (Davies),isobar,1.75,429.2555555555556,0.05018000434589802,0.0017529036804835385,0.03419579918404079,1.8041572183920183
PerplexDEW (Davies),isobar,1.75,429.5,0.05027550636136806,0.00175720846285545,0.03426205377153589,1.8064159935291055
PerplexDEW (Davies),isobar,1.75,429.74444444444447,0.050371106774275136,0.001761519024397608,0.03432837731896021,1.8086757775944338
PerplexDEW (Davies),isobar,1.75,429.9888888888889,0.05046683898485641,0.0017658369082242348,0.03439479396284349,1.8109372742330523
PerplexDEW (Davies),isobar,1.75,430.23333333333335,0.05056265264561501,0.0017701597822950162,0.03446126731707619,1.8131994190391514
PerplexDEW (Davies),isobar,1.75,430.47777777777776,0.05065858119781386,0.001774489192198677,0.03452782154857878,1.8154629164074445
PerplexDEW (Davies),isobar,1.75,430.72222222222223,0.05075462461741892,0.0017788251355289539,0.034594456640246934,1.8177277641318343
PerplexDEW (Davies),isobar,1.75,430.9666666666667,0.050850782879937786,0.0017831676098348517,0.03466117257464982,1.8199939599973023
PerplexDEW (Davies),isobar,1.75,431.2111111111111,0.050947038971958396,0.0017875158229041185,0.03472795705256206,1.8222611438053635
PerplexDEW (Davies),isobar,1.75,431.4555555555556,0.05104340977058257,0.0017918705566158176,0.034794822273684176,1.8245296697296733
PerplexDEW (Davies),isobar,1.75,431.7,0.051139895249674897,0.0017962318083636986,0.03486176821939595,1.826799535527013
PerplexDEW (Davies),isobar,1.75,431.94444444444446,0.05123647826499006,0.0018005987778122162,0.03492878249358222,1.8290703786100038
PerplexDEW (Davies),isobar,1.75,432.1888888888889,0.05133315865974944,0.0018049714542546639,0.034995864980860034,1.8313421943485892
PerplexDEW (Davies),isobar,1.75,432.43333333333334,0.051429970684665115,0.0018093514329580757,0.03506304044770135,1.8336157019296766
PerplexDEW (Davies),isobar,1.75,432.6777777777778,0.05152687994617324,0.0018137371077147806,0.03513028402333572,1.8358901760279263
PerplexDEW (Davies),isobar,1.75,432.9222222222222,0.0516238862850679,0.001818128467595347,0.03519759559058683,1.838165611970378
PerplexDEW (Davies),isobar,1.75,433.1666666666667,0.05172102421063393,0.0018225271237945788,0.03526500010750398,1.8404427336669134
PerplexDEW (Davies),isobar,1.75,433.41111111111115,0.051818259066894065,0.0018269314538176898,0.035332472508930936,1.8427208110011755
PerplexDEW (Davies),isobar,1.75,433.65555555555557,0.05191559069217162,0.0018313414465114994,0.03540001267588336,1.8449998392563949
PerplexDEW (Davies),isobar,1.75,433.90000000000003,0.05201303638986624,0.0018357579098806163,0.035467633123912365,1.847280180396834
PerplexDEW (Davies),isobar,1.75,434.14444444444445,0.052110596128142644,0.0018401808407773246,0.035535333830244195,1.8495618320787484
PerplexDEW (Davies),isobar,1.75,434.3888888888889,0.05220825232066318,0.0018446094112973942,0.03560310207131045,1.8518444236460239
PerplexDEW (Davies),isobar,1.75,434.6333333333333,0.05230602240045321,0.0018490444374257117,0.03567095045873031,1.854128319430151
PerplexDEW (Davies),isobar,1.75,434.8777777777778,0.052403906334008606,0.0018534859158543622,0.03573887896851319,1.856413517057937
PerplexDEW (Davies),isobar,1.75,435.12222222222226,0.0525018864006666,0.0018579330102677792,0.03580687477757741,1.8586996434224554
PerplexDEW (Davies),isobar,1.75,435.3666666666667,0.0525999801638772,0.001862386544696121,0.035874950594204084,1.8609870652370444
PerplexDEW (Davies),isobar,1.75,435.61111111111114,0.052698187588453314,0.0018668465156701022,0.035943106393185,1.8632757800994892
PerplexDEW (Davies),isobar,1.75,435.85555555555555,0.052796490818600515,0.0018713120783956224,0.03601132925130792,1.8655654124366763
PerplexDEW (Davies),isobar,1.75,436.1,0.05289490754898384,0.0018757840650130944,0.03607963197411995,1.8678563313586123
PerplexDEW (Davies),isobar,2.0,175.0,0.003067313252743731,2.9008130691753336e-05,0.0019061398324861293,0.320441450710712
PerplexDEW (Davies),isobar,2.0,180.55555555555554,0.0033270724333097877,3.312462118492829e-05,0.002076108807442004,0.33552913056745926
PerplexDEW (Davies),isobar,2.0,186.11111111111111,0.003605316552668437,3.773182942997571e-05,0.002258686471283525,0.3512643580582599
PerplexDEW (Davies),isobar,2.0,191.66666666666666,0.003903061080987931,4.287614463245316e-05,0.0024545882035619778,0.3676621138249605
PerplexDEW (Davies),isobar,2.0,197.22222222222223,0.0042213574318108954,4.860702499870321e-05,0.0026645552583539215,0.38473749895115833
PerplexDEW (Davies),isobar,2.0,202.77777777777777,0.004561291485091439,5.497706309958002e-05,0.002889353856933061,0.40250563904798725
PerplexDEW (Davies),isobar,2.0,208.33333333333331,0.004923981620617055,6.20420331298861e-05,0.00312977393639376,0.4209815851668482
PerplexDEW (Davies),isobar,2.0,213.88888888888889,0.0053105820324571935,6.9860998982482e-05,0.0033866313182484313,0.4401804512035238
PerplexDEW (Davies),isobar,2.0,219.44444444444446,0.005722278035667436,7.849630955432441e-05,0.0036607646831162545,0.4601172068075198
PerplexDEW (Davies),isobar,2.0,225.0,0.006160287397711841,8.801366206375977e-05,0.003953036442807685,0.48080674104636933
PerplexDEW (Davies),isobar,2.0,230.55555555555554,0.006625858224062758,9.848210752059027e-05,0.004264331363363315,0.5022637858570274
PerplexDEW (Davies),isobar,2.0,236.11111111111111,0.007120268958092882,0.00010997407587916333,0.004595556567909172,0.524502930864385
PerplexDEW (Davies),isobar,2.0,241.66666666666666,0.00764482652025523,0.0001225653609080771,0.004947640310758153,0.547538570043359
PerplexDEW (Davies),isobar,2.0,247.22222222222223,0.008200862204885822,0.000136335048468024,0.005321529236619048,0.5713847789106465
PerplexDEW (Davies),isobar,2.0,252.77777777777777,0.008789734506007355,0.00015136555162990596,0.0057181902444979615,0.5960554480631571
PerplexDEW (Davies),isobar,2.0,258.3333333333333,0.00941282318509339,0.00016774247691135675,0.006138606510495096,0.6215641060560835
PerplexDEW (Davies),isobar,2.0,263.8888888888889,0.010071529651436956,0.00018555458679746508,0.00658377770948652,0.6479239741136937
PerplexDEW (Davies),isobar,2.0,269.44444444444446,,,,
PerplexDEW (Davies),isobar,2.0,275.0,,,,
PerplexDEW (Davies),isobar,2.0,280.55555555555554,0.012275622673798777,0.00024853421870257934,0.008078015961297993,0.7322369834197838
PerplexDEW (Davies),isobar,2.0,286.1111111111111,0.013091134509402955,0.0002730331505514694,0.008632456237536949,0.7621256191294736
PerplexDEW (Davies),isobar,2.0,291.66666666666663,0.013949488909987331,0.00029945360232018503,0.00921682365221055,0.7929251052991764
PerplexDEW (Davies),isobar,2.0,297.22222222222223,0.01485214993282995,0.0003279000203476631,0.00983217035863058,0.8246457097141913
PerplexDEW (Davies),isobar,2.0,302.77777777777777,0.015800589509386523,0.0003584789477278344,0.010479555296708885,0.8572973289511511
PerplexDEW (Davies),isobar,2.0,308.3333333333333,0.016796266854791814,0.00039129832263014183,0.011160029949726435,0.8908889595282474
PerplexDEW (Davies),isobar,2.0,313.8888888888889,0.017840638179583854,0.0004264675169452886,0.011874644916578537,0.9254290499547714
PerplexDEW (Davies),isobar,2.0,319.44444444444446,0.018935147664176904,0.00046409688191648526,0.0126244435897282,0.9609253143260696
PerplexDEW (Davies),isobar,2.0,325.0,0.02008121809274459,0.0005042972363262586,0.013410455525860114,0.9973845554754166
PerplexDEW (Davies),isobar,2.0,330.55555555555554,0.021280260480494542,0.0005471798856149329,0.01423370302517558,1.0348129950198128
PerplexDEW (Davies),isobar,2.0,336.1111111111111,0.022533647173026135,0.0005928555444385483,0.01509518224681309,1.0732156415624432
PerplexDEW (Davies),isobar,2.0,341.66666666666663,0.02384272654939862,0.0006414344632402068,0.01599587330306496,1.1125967576966742
PerplexDEW (Davies),isobar,2.0,347.22222222222223,0.02520881748300077,0.0006930259632244754,0.0169367362850294,1.1529597828764948
PerplexDEW (Davies),isobar,2.0,352.77777777777777,0.026633185292676886,0.0007477373160866152,0.01791869420670777,1.1943068113061903
PerplexDEW (Davies),isobar,2.0,358.3333333333333,0.02811706169616751,0.0008056740386252631,0.01894264686665495,1.236639165894447
PerplexDEW (Davies),isobar,2.0,363.8888888888889,0.029661620044237294,0.0008669386976467514,0.020009453245868815,1.2799568714131464
PerplexDEW (Davies),isobar,2.0,369.44444444444446,0.031267975727880634,0.0009316305150485651,0.021119931587350628,1.3242587192560875
PerplexDEW (Davies),isobar,2.0,375.0,0.0329371894437622,0.0009998450918860965,0.022274861550073095,1.3695424539734993
PerplexDEW (Davies),isobar,2.0,380.55555555555554,0.03467024485125941,0.0010716731742812854,0.02347496817353589,1.4158042967494129
PerplexDEW (Davies),isobar,2.0,386.1111111111111,0.036468070703176,0.001147201065094408,0.024720937449762597,1.4630395284160542
PerplexDEW (Davies),isobar,2.0,391.66666666666663,0.0383315084257839,0.0012265089690082999,0.026013393085321357,1.5112418076501417
PerplexDEW (Davies),isobar,2.0,397.22222222222223,0.04026130318206402,0.001309670146560712,0.02735288986999912,1.5604030464187564
PerplexDEW (Davies),isobar,2.0,402.77777777777777,0.04225813169359212,0.0013967515864853153,0.0287399334086938,1.6105140882817182
PerplexDEW (Davies),isobar,2.0,408.3333333333333,0.044322590627531085,0.001487813150648484,0.030174971739799203,1.6615644816660253
PerplexDEW (Davies),isobar,2.0,413.8888888888889,0.04645513922927988,0.0015829046666721283,0.03165835393937902,1.713541296112989
PerplexDEW (Davies),isobar,2.0,419.44444444444446,0.04865618574225922,0.0016820691817710258,0.033190392097738275,1.7664310296134902
PerplexDEW (Davies),isobar,2.0,425.0,0.05092598894805538,0.0017853382513987547,0.034771290338581284,1.8202175306469361
PerplexDEW (Davies),isobar,2.0,430.55555555555554,0.05326472342422063,0.0018927343595490692,0.03640119168711878,1.874883427508854
PerplexDEW (Davies),isobar,2.0,436.1111111111111,0.05567246637586233,0.0020042699912908735,0.03808016856990805,1.930409858173074
PerplexDEW (Davies),isobar,2.0,441.66666666666663,0.05814914235479177,0.002119944626489232,0.03980818269247942,1.9867753547012963
PerplexDEW (Davies),isobar,2.0,447.22222222222223,0.06069460797339171,0.0022397483723086017,0.04158514635988831,2.0439575652875526
PerplexDEW (Davies),isobar,2.0,452.77777777777777,0.06330855990360881,0.002363657214176783,0.04341085573631524,2.1019314223318917
PerplexDEW (Davies),isobar,2.0,458.3333333333333,0.0659906091004126,0.002491636300853883,0.045285044724483636,2.160670620760916
PerplexDEW (Davies),isobar,2.0,463.88888888888886,0.06874024327982013,0.0026236378570013356,0.047207357771453295,2.220146845648211
PerplexDEW (Davies),isobar,2.0,469.44444444444446,0.07155680053169984,0.0027595995266803826,0.049177330626739194,2.2803292336138288
PerplexDEW (Davies),isobar,2.0,475.0,0.07443956524875664,0.002899449178391485,0.05119446045102646,2.341186259904385
PerplexDEW (Davies),isobar,2.0,480.55555555555554,0.07738765070275083,0.0030430986269666463,0.05325812023288085,2.402683365820431
PerplexDEW (Davies),isobar,2.0,486.1111111111111,0.08040007172242045,0.003190447309852301,0.05536761197973379,2.464784370947445
PerplexDEW (Davies),isobar,2.0,491.66666666666663,0.08347578270465147,0.003341384428518033,0.057522194854117754,2.527452163612164
PerplexDEW (Davies),isobar,2.0,497.22222222222223,0.08661356673015261,0.0034957828475164878,0.059721004139524234,2.590646480412362
PerplexDEW (Davies),isobar,2.0,502.77777777777777,0.089812156435328,0.003653505867154794,0.06196314010708036,2.654326217836496
PerplexDEW (Davies),isobar,2.0,508.3333333333333,0.09307018268627346,0.0038144045545106114,0.06424763071182057,2.7184483689665786
PerplexDEW (Davies),isobar,2.0,513.8888888888889,0.09638621571332584,0.0039783203489841875,0.06657346217321211,2.7829687750743863
PerplexDEW (Davies),isobar,2.0,519.4444444444445,0.09975866220757738,0.0041450792576927485,0.06893950355656946,2.84784002583259
PerplexDEW (Davies),isobar,2.0,525.0,0.10318599710095713,0.004314505957709395,0.0713446778587728,2.9130159422103685
PerplexDEW (Davies),isobar,2.0,530.5555555555555,0.1066665514316228,0.004486411682308462,0.073787806211877,2.9784473797548174
PerplexDEW (Davies),isobar,2.0,536.1111111111111,0.11019859007492118,0.004660599229983752,0.07626766547825026,3.0440836855128626
PerplexDEW (Davies),isobar,2.0,541.6666666666666,0.11378046027778047,0.004836872807671595,0.07878309843946732,3.1098754775051765
PerplexDEW (Davies),isobar,2.0,547.2222222222222,0.11741033790711809,0.005015022938219913,0.08133282683567283,3.175769751887932
PerplexDEW (Davies),isobar,2.0,552.7777777777778,0.12108651288173003,0.005194844992066433,0.08391566271275286,3.2417152869898036
PerplexDEW (Davies),isobar,2.0,558.3333333333333,0.12480716488780232,0.005376125805909002,0.0865303430544184,3.307658335927541
PerplexDEW (Davies),isobar,2.0,563.8888888888889,0.12857051973238073,0.0055586543783228025,0.08917564582143432,3.373545580210869
PerplexDEW (Davies),isobar,2.0,569.4444444444445,0.13237493133905784,0.005742228260736453,0.09185045120802589,3.4393256705898696
PerplexDEW (Davies),isobar,2.0,575.0,0.13621861380085631,0.0059266368720555535,0.09455354349114856,3.5049441330803015
PerplexDEW (Davies),isobar,2.0,580.5555555555555,0.14009993490744893,0.006111681656240043,0.097283828838479,3.5703489548622893
PerplexDEW (Davies),isobar,2.0,586.1111111111111,0.14401745535218302,0.006297179991742888,0.10004036486504306,3.6354913502146498
PerplexDEW (Davies),isobar,2.0,591.6666666666666,0.14796941672017708,0.006482931457591944,0.10282198093252426,3.700316086928912
PerplexDEW (Davies),isobar,2.0,597.2222222222222,0.15195446463354897,0.006668767596214979,0.10562781486769138,3.7647751853631704
PerplexDEW (Davies),isobar,2.0,602.7777777777778,0.15597128339675,0.006854528325568148,0.10845704207700135,3.8288211601710755
PerplexDEW (Davies),isobar,2.0,608.3333333333333,0.16001859645930624,0.007040062740759254,0.11130887587695472,3.8924070152475037
PerplexDEW (Davies),isobar,2.0,613.8888888888889,0.16409524695170574,0.007225235512376609,0.11418262726569009,3.955487873338751
PerplexDEW (Davies),isobar,2.0,619.4444444444445,0.16820004338601563,0.007409916831682164,0.1170775901646891,4.018018120102882
PerplexDEW (Davies),isobar,2.0,625.0,0.1723323538669441,0.007594025175620606,0.11999348284154066,4.07996284263031
PerplexDEW (Davies),isobar,2.0,630.5555555555555,0.17649111217548843,0.007777457785630682,0.12292970901648502,4.141278949767914
PerplexDEW (Davies),isobar,2.0,636.1111111111111,0.18067556330560391,0.007960143851835811,0.12588591156324136,4.2019295230720335
PerplexDEW (Davies),isobar,2.0,641.6666666666666,0.1848853092695815,0.008142048746818465,0.12886200623416055,4.261884806994174
PerplexDEW (Davies),isobar,2.0,647.2222222222222,0.18911995244779484,0.008323149005254831,0.1318579160585576,4.321115506542345
PerplexDEW (Davies),isobar,2.0,652.7777777777778,0.19337886388944805,0.00850341562891012,0.1348733985270608,4.379588437114686
PerplexDEW (Davies),isobar,2.0,658.3333333333333,0.19766198991791703,0.00868287282956727,0.1379086446448994,4.437282104535027
PerplexDEW (Davies),isobar,2.0,663.8888888888889,0.20196903873672756,0.008861539222140506,0.14096367359830858,4.4941712042632105
PerplexDEW (Davies),isobar,2.0,669.4444444444443,0.20630034490940172,0.00903949103952838,0.14403897466703708,4.550243337778047
PerplexDEW (Davies),isobar,2.0,675.0,0.21065575643534548,0.009216780680008878,0.14713467920910944,4.6054776994000335
PerplexDEW (Davies),isobar,2.0,680.5555555555555,0.21503551947398072,0.009393501382845594,0.15025121754109083,4.659862204868466
PerplexDEW (Davies),isobar,2.0,686.1111111111111,0.2194398140698933,0.009569752989119273,0.15338897308193855,4.713384529322374
PerplexDEW (Davies),isobar,2.0,691.6666666666666,0.2238689863358704,0.009745658787585917,0.156548454115989,4.76603679696293
PerplexDEW (Davies),isobar,2.0,697.2222222222222,0.2283238294092576,0.009921386081347707,0.15973050160942737,4.817820974897306
PerplexDEW (Davies),isobar,2.0,702.7777777777777,0.23280422439474308,0.010097045064097185,0.16293527898577317,4.86872268897132
PerplexDEW (Davies),isobar,2.0,708.3333333333333,0.237311299731544,0.010272848416272684,0.16616387515984896,4.9187529738606885
PerplexDEW (Davies),isobar,2.0,713.8888888888889,0.24184551509033816,0.010448968743416553,0.16941688068359192,4.967911278718497
PerplexDEW (Davies),isobar,2.0,719.4444444444445,0.24640746040813957,0.010625597249342039,0.1726949805129943,5.016200917176223
PerplexDEW (Davies),isobar,2.0,725.0,0.2509978605959839,0.010802943521407942,0.17599895674001248,5.063629164658395
PerplexDEW (Davies),isobar,4.35,592.5,0.24082981092656444,0.012968610317033528,0.17197594305575606,5.600793212321799
PerplexDEW (Davies),isobar,4.35,594.1666666666666,0.24344179415333644,0.013144770231567482,0.17388972565238953,5.651017668730118
PerplexDEW (Davies),isobar,4.35,595.8333333333334,0.24607359234873924,0.013322655437208798,0.17581853948669626,5.701730105171768
PerplexDEW (Davies),isobar,4.35,597.5,0.24872537739145498,0.013502282287620373,0.17776251659122977,5.752941127356361
PerplexDEW (Davies),isobar,4.35,599.1666666666666,0.2513971098742169,0.013683651236819605,0.17972163042114747,5.804657248344734
PerplexDEW (Davies),isobar,4.35,600.8333333333334,0.25408892654930004,0.013866776034599595,0.18169598732642522,5.856888901318176
PerplexDEW (Davies),isobar,4.35,602.5,0.25680089394634437,0.014051665101720307,0.18368564059583603,5.909645347791318
PerplexDEW (Davies),isobar,4.35,604.1666666666666,0.25953307838009293,0.014238326812908049,0.18569064367797428,5.962936135419706
PerplexDEW (Davies),isobar,4.35,605.8333333333334,0.2622855459575978,0.014426769496158181,0.18771104863334376,6.0167711429875546
PerplexDEW (Davies),isobar,4.35,607.5,0.26505836258543936,0.014617001432036586,0.18974690844439768,6.071160461784218
PerplexDEW (Davies),isobar,4.35,609.1666666666666,0.2678515939774148,0.014809030852997574,0.19179827549377854,6.126114598854388
PerplexDEW (Davies),isobar,4.35,610.8333333333334,0.27066530566231545,0.01500286594270737,0.1938652019459871,6.181644366335832
PerplexDEW (Davies),isobar,4.35,612.5,0.27349960289709513,0.015198517947515413,0.1959477699308006,6.2169587233679575
PerplexDEW (Davies),isobar,4.35,614.1666666666666,0.27635451200060696,0.015395991940354884,0.19804600180707083,6.225317009863433
PerplexDEW (Davies),isobar,4.35,615.8333333333334,0.2792301389644162,0.015595299170286488,0.20015998010385155,6.233727803664159
PerplexDEW (Davies),isobar,4.35,617.5,0.2821265502727283,0.015796447776622716,0.20228975738958682,6.242191412698933
PerplexDEW (Davies),isobar,4.35,619.1666666666666,0.2850437702826789,0.01599944253264842,0.2044353542579947,6.250708034263049
PerplexDEW (Davies),isobar,4.35,620.8333333333334,0.2879819913334615,0.016204301435122612,0.20659691835056884,6.259278334737225
PerplexDEW (Davies),isobar,4.35,622.5,0.29094111044636417,0.016411019098672534,0.20877437368500773,6.267902171463687
PerplexDEW (Davies),isobar,4.35,624.1666666666666,0.2939213214259572,0.01661961358066053,0.21096786883689267,6.276580226624636
PerplexDEW (Davies),isobar,4.35,625.8333333333334,0.2969226477594869,0.016830089403715415,0.21317742335017284,6.285312718293695
PerplexDEW (Davies),isobar,4.35,627.5,0.29994520023606885,0.017042458001369904,0.21540312277796583,6.294100111770726
PerplexDEW (Davies),isobar,4.35,629.1666666666666,0.3029890465258024,0.017256727335196915,0.2176450199209395,6.3029427594648855
PerplexDEW (Davies),isobar,4.35,630.8333333333334,0.3060542083581378,0.017472901615037298,0.21990313265895833,6.311840892842303
PerplexDEW (Davies),isobar,4.35,632.5,0.3091407982005211,0.017690992295477322,0.22217754751019292,6.320795000796208
PerplexDEW (Davies),isobar,4.35,634.1666666666666,0.3122488837562942,0.017911007192353976,0.22446831696941263,6.329805454881116
PerplexDEW (Davies),isobar,4.35,635.8333333333334,0.315378532771496,0.018132954072821665,0.22677549344811115,6.338872633322656
PerplexDEW (Davies),isobar,4.35,637.5,0.3185298130481655,0.01835684065497039,0.2290991292818944,6.347996921154126
PerplexDEW (Davies),isobar,4.35,639.1666666666666,0.32170279245785843,0.01858267460746401,0.2314392767380805,6.357178710353651
PerplexDEW (Davies),isobar,4.35,640.8333333333334,0.3248975885056904,0.018810467612185834,0.23379602560552748,6.366418537822142
PerplexDEW (Davies),isobar,4.35,642.5,0.32811422094056875,0.019040223299633226,0.2361693914124944,6.375716675733743
PerplexDEW (Davies),isobar,4.35,644.1666666666666,0.33135275794660235,0.019271949190389437,0.23855942628404625,6.385073537828429
PerplexDEW (Davies),isobar,4.35,645.8333333333334,0.3346133192747194,0.019505657006666118,0.24096622134046386,6.394489688867232
PerplexDEW (Davies),isobar,4.35,647.5,0.3378959753076498,0.019741354361214797,0.24338983012325607,6.403965563604317
PerplexDEW (Davies),isobar,4.35,649.1666666666666,0.34120079662586267,0.019979048820104484,0.24583030618647272,6.413501604778419
PerplexDEW (Davies),isobar,4.35,650.8333333333334,0.3445278540238445,0.020218747902517202,0.24828770310617013,6.423098263268851
PerplexDEW (Davies),isobar,4.35,652.5,0.34787716447188566,0.020460454564981124,0.2507620334559187,6.432755846789794
PerplexDEW (Davies),isobar,4.35,654.1666666666666,0.3512489066803216,0.020704185195714445,0.2532534324395437,6.442475123836793
PerplexDEW (Davies),isobar,4.35,655.8333333333334,0.3546431541984655,0.020949947375417114,0.25576195529974766,6.452256576858302
PerplexDEW (Davies),isobar,4.35,657.5,0.35805986872191137,0.02119773919951519,0.2582875721896628,6.462100381771544
PerplexDEW (Davies),isobar,4.35,659.1666666666666,0.361499233874702,0.021447577324895436,0.2608304216148138,6.472007346001901
PerplexDEW (Davies),isobar,4.35,660.8333333333334,0.36496132419025035,0.02169946919882717,0.2633905591006024,6.481977979233456
PerplexDEW (Davies),isobar,4.35,662.5,0.3684460982043465,0.021953412357191074,0.2659679519032135,6.492012471973059
PerplexDEW (Davies),isobar,4.35,664.1666666666666,0.3719538625533306,0.02220943375275751,0.26856283151451965,6.502112005872447
PerplexDEW (Davies),isobar,4.35,665.8333333333334,0.3754844587532605,0.02246752081837923,0.27117507596847434,6.512276457626134
PerplexDEW (Davies),isobar,4.35,667.5,0.37903813965836813,0.022727695847189325,0.27380487558835875,6.522506875636793
PerplexDEW (Davies),isobar,4.35,669.1666666666666,0.38261492296784266,0.022989961062013328,0.27645224189318107,6.532803652143742
PerplexDEW (Davies),isobar,4.35,670.8333333333334,0.3862148239238784,0.023254318343792192,0.27911718434649435,6.543167180384879
PerplexDEW (Davies),isobar,4.35,672.5,0.38983810562020255,0.023520790753443554,0.2817999005642352,6.553598568202997
PerplexDEW (Davies),isobar,4.35,674.1666666666666,0.3934846606410101,0.023789369474690313,0.28450030644786134,6.564097886325925
PerplexDEW (Davies),isobar,4.35,675.8333333333334,0.39715462946405794,0.024060066871395433,0.28721850607730215,6.574665896589902
PerplexDEW (Davies),isobar,4.35,677.5,0.4008482210898125,0.024332901195758577,0.28995465543386123,6.585303591531122
PerplexDEW (Davies),isobar,4.35,679.1666666666666,0.40456538864827374,0.024607868505436448,0.2927087158505767,6.596011233726625
PerplexDEW (Davies),isobar,4.35,680.8333333333334,0.40830621258151867,0.024884975736352014,0.295480745217125,6.606789459215367
PerplexDEW (Davies),isobar,4.35,682.5,0.4120709085231831,0.02516424150641075,0.29827090398677947,6.617639303762227
PerplexDEW (Davies),isobar,4.35,684.1666666666666,0.41585935878548863,0.02544565533025204,0.301079099058181,6.628560853558194
PerplexDEW (Davies),isobar,4.35,685.8333333333334,0.4196718500939011,0.025729241858623776,0.30390554452349583,6.639555371047205
PerplexDEW (Davies),isobar,4.35,687.5,0.4235084007996992,0.02601500225789717,0.3067502502753567,6.650623355565715
PerplexDEW (Davies),isobar,4.35,689.1666666666666,0.4273690973101893,0.026302943520739697,0.30961327772649777,6.661765513365264
PerplexDEW (Davies),isobar,4.35,690.8333333333334,0.4312540268322019,0.026593072604350714,0.3124946886847003,6.672982563886912
PerplexDEW (Davies),isobar,4.35,692.5,0.4351632773971017,0.02688539643079036,0.3153945453686581,6.68427523999766
PerplexDEW (Davies),isobar,4.35,694.1666666666666,0.4390970110274604,0.027179928349968473,0.31831296602499976,6.6956445022933
PerplexDEW (Davies),isobar,4.35,695.8333333333334,0.4430553200995264,0.027476675483325264,0.32125001573354584,6.707091120414739
PerplexDEW (Davies),isobar,4.35,697.5,0.4470381481521772,0.027775631638657924,0.324205646205764,6.71861543797781
PerplexDEW (Davies),isobar,4.35,699.1666666666666,0.4510457357296106,0.028076816800768154,0.3271800347012084,6.730218681631641
PerplexDEW (Davies),isobar,4.35,700.8333333333334,0.4550781781041794,0.028380238001751296,0.3301732478133621,6.741901664887385
PerplexDEW (Davies),isobar,4.35,702.5,0.45913557158705015,0.02868590224678873,0.33318535268921656,6.753665216514831
PerplexDEW (Davies),isobar,4.35,704.1666666666666,0.46321801355624065,0.028993816514663654,0.33621641704740046,6.76551018081771
PerplexDEW (Davies),isobar,4.35,705.8333333333334,0.46732544357702416,0.02930397353906796,0.3392663884155316,6.777436944626763
PerplexDEW (Davies),isobar,4.35,707.5,0.47145827718121125,0.02961640849343917,0.34233557584816754,6.789447323836452
PerplexDEW (Davies),isobar,4.35,709.1666666666666,0.47561637672649226,0.029931106948839537,0.34542386769663935,6.80154150094477
PerplexDEW (Davies),isobar,4.35,710.8333333333334,0.4797999235687569,0.03024808289068134,0.348531394521028,6.813720621706126
PerplexDEW (Davies),isobar,4.35,712.5,0.48400910410070486,0.030567350672242477,0.3516582904418636,6.82598586301847
PerplexDEW (Davies),isobar,4.35,714.1666666666666,0.48824394136207516,0.03088890982264175,0.3548045651789442,6.838337924846105
PerplexDEW (Davies),isobar,4.35,715.8333333333334,0.49250454101079943,0.03121276715209735,0.3579702909805424,6.850777768360575
PerplexDEW (Davies),isobar,4.35,717.5,0.49679101000718623,0.031538929449298266,0.36115554082017765,6.863306372654723
PerplexDEW (Davies),isobar,4.35,719.1666666666666,0.5011036311919876,0.03186741929951573,0.3643605210194971,6.875925267035285
PerplexDEW (Davies),isobar,4.35,720.8333333333334,0.5054421671802234,0.032198212024675425,0.3675850424051574,6.88863441140242
PerplexDEW (Davies),isobar,4.35,722.5,0.509807080216331,0.03253134620120282,0.37082944703301995,6.901435912724727
PerplexDEW (Davies),isobar,4.35,724.1666666666667,0.5141984890722379,0.03286682917858968,0.37409381572008893,6.914330849716199
PerplexDEW (Davies),isobar,4.35,725.8333333333334,0.5186162397811093,0.033204643301861424,0.37737802187795966,6.927319474766014
PerplexDEW (Davies),isobar,4.35,727.5,0.5230606297330752,0.03354481181615026,0.3806822814452755,6.940403442693556
PerplexDEW (Davies),isobar,4.35,729.1666666666667,0.5275317792407067,0.033887341719243125,0.38400667556996315,6.953583881145068
PerplexDEW (Davies),isobar,4.35,730.8333333333334,0.5320298102467759,0.034232240000085484,0.3873512863450118,6.966861938945687
PerplexDEW (Davies),isobar,4.35,732.5,0.5365548463588634,0.03457951363969935,0.39071619683141035,6.980238786494278
PerplexDEW (Davies),isobar,4.35,734.1666666666667,0.5411070128843608,0.03492916961211818,0.39410149108127135,6.993715616166284
PerplexDEW (Davies),isobar,4.35,735.8333333333334,0.5456864368657239,0.0352812148853483,0.3975072541613012,7.007293642725568
PerplexDEW (Davies),isobar,4.35,737.5,0.5502932471159991,0.0356356564223388,0.4009335721764493,7.0209741037449
PerplexDEW (Davies),isobar,4.35,739.1666666666667,0.5549276746148715,0.0359925104158161,0.4043806084279261,7.034758578596907
PerplexDEW (Davies),isobar,4.35,740.8333333333334,0.5595896522760597,0.03635176547157816,0.40784829977724407,7.048647719567535
PerplexDEW (Davies),isobar,4.35,742.5,0.5642795163587472,0.0367134471309794,0.4113368887512448,7.062643477496578
PerplexDEW (Davies),isobar,4.35,744.1666666666667,0.5689974067142429,0.03707756270650602,0.4148464685337654,7.076747200900502
PerplexDEW (Davies),isobar,4.35,745.8333333333334,0.573743360104494,0.03744410980669604,0.4183770538308965,7.090959925125589
PerplexDEW (Davies),isobar,4.35,747.5,0.5785176231640795,0.03781310522589334,0.4219288181537141,7.105283378645185
PerplexDEW (Davies),isobar,4.35,749.1666666666667,0.5833202343376084,0.03818454634124642,0.4255017768548257,7.119718638581731
PerplexDEW (Davies),isobar,4.35,750.8333333333334,0.5881513380519247,0.0385584401234448,0.42909602531483315,7.13426714220819
PerplexDEW (Davies),isobar,4.35,752.5,0.59301119095037,0.038934803754468165,0.43271174358669573,7.1489307266217095
PerplexDEW (Davies),isobar,4.35,754.1666666666667,0.5978999455604307,0.039313644596149167,0.4363490324642781,7.163710877304653
PerplexDEW (Davies),isobar,4.35,755.8333333333334,0.6028177566842148,0.03969497002456593,0.44000799411862657,7.178609143595008
PerplexDEW (Davies),isobar,4.35,757.5,0.6077646674411594,0.04007877684072569,0.44368864582587525,7.193626714670847
PerplexDEW (Davies),isobar,5.0,485.0,0.11717765108463209,0.005159533637689547,0.08215944738640463,3.27987189823088
PerplexDEW (Davies),isobar,5.0,488.3333333333333,0.12038033195553888,0.005343764510456874,0.08446640250625782,3.3431156342092985
PerplexDEW (Davies),isobar,5.0,491.6666666666667,0.1236492139943948,0.005533102716508268,0.08682272758243798,3.4074098300709967
PerplexDEW (Davies),isobar,5.0,495.0,0.1269851080630261,0.00572764228908908,0.08922906720374499,3.4727752543128756
PerplexDEW (Davies),isobar,5.0,498.3333333333333,0.1303888391937927,0.0059274786731765665,0.0916860772760961,3.5392338507634977
PerplexDEW (Davies),isobar,5.0,501.6666666666667,0.13386120246887742,0.006132706095792226,0.09419439154559657,3.606807883266223
PerplexDEW (Davies),isobar,5.0,505.0,0.13740300611378423,0.006343420086521831,0.0967546545124803,3.6755209155689954
PerplexDEW (Davies),isobar,5.0,508.3333333333333,0.14101505734962916,0.006559716632908698,0.09936751024270017,3.7453975395566013
PerplexDEW (Davies),isobar,5.0,511.6666666666667,0.14469817929215828,0.00678169321048448,0.10203361506349432,3.816463778577133
PerplexDEW (Davies),isobar,5.0,515.0,0.14845316115116125,0.0070094456976518464,0.10475360049562299,3.888746220233561
PerplexDEW (Davies),isobar,5.0,518.3333333333334,0.15228080700403174,0.007243071341560623,0.10752810945117174,3.962273014115541
PerplexDEW (Davies),isobar,5.0,521.6666666666666,0.15618190133510632,0.007482666588692131,0.11035777054026058,4.037073303277586
PerplexDEW (Davies),isobar,5.0,525.0,0.16015728259886294,0.007728331740963927,0.11324325285509895,4.113178705996955
PerplexDEW (Davies),isobar,5.0,528.3333333333334,0.16420773376511147,0.007980163992294965,0.1161851843477259,4.190621343426704
PerplexDEW (Davies),isobar,5.0,531.6666666666666,0.168334054831132,0.008238261995512128,0.11918420580647829,4.269435323621348
PerplexDEW (Davies),isobar,5.0,535.0,0.17253702408102303,0.00850272333369709,0.12224094188396972,4.349656045050763
PerplexDEW (Davies),isobar,5.0,538.3333333333334,0.17681745944775734,0.00877364852260517,0.12535604689403046,4.431321602157769
PerplexDEW (Davies),isobar,5.0,541.6666666666666,0.18117615853476393,0.009051137073633949,0.12853015995117692,4.514471691865044
PerplexDEW (Davies),isobar,5.0,545.0,0.18561389568375047,0.009335287213773401,0.1317639026610261,4.599147709683701
PerplexDEW (Davies),isobar,5.0,548.3333333333334,0.19013146558215888,0.009626198772251111,0.1350579116889482,4.685393735462146
PerplexDEW (Davies),isobar,5.0,551.6666666666666,0.1947296866490812,0.009923973444543698,0.1384128412828038,4.773256768664839
PerplexDEW (Davies),isobar,5.0,555.0,0.19940933047269432,0.010228709934030016,0.14182931029604262,4.862785535068866
PerplexDEW (Davies),isobar,5.0,558.3333333333334,0.20417119145610885,0.010540508663100174,0.14530795431064217,4.954032052713032
PerplexDEW (Davies),isobar,5.0,561.6666666666666,0.20901606434663375,0.010859470221075893,0.14884940872723093,5.047051301014864
PerplexDEW (Davies),isobar,5.0,565.0,0.21394471760170763,0.01118569343924667,0.15245428865877517,5.1419010664641025
PerplexDEW (Davies),isobar,5.0,568.3333333333334,0.2189579728793781,0.011519280975188888,0.1561232485945328,5.238643669420108
PerplexDEW (Davies),isobar,5.0,571.6666666666666,0.22405662762642178,0.01186033383595335,0.15985692415374886,5.3373447298211
PerplexDEW (Davies),isobar,5.0,575.0,0.22924142241835443,0.012208948897567438,0.16365590734244811,5.438072782689467
PerplexDEW (Davies),isobar,5.0,578.3333333333334,0.23451321345380083,0.012565231341988758,0.16752087633377127,5.540903090490572
PerplexDEW (Davies),isobar,5.0,581.6666666666666,0.239872742250381,0.012929277934699262,0.1714524219554815,5.645913368647623
PerplexDEW (Davies),isobar,5.0,585.0,0.24532087320664403,0.013301194322219984,0.17545122657116302,5.753188902850756
PerplexDEW (Davies),isobar,5.0,588.3333333333334,0.25085831780888657,0.013681074670198497,0.17951785605335474,5.862817473137181
PerplexDEW (Davies),isobar,5.0,591.6666666666666,0.2564859480290186,0.014069024825304435,0.18365299603892124,5.974896229427504
PerplexDEW (Davies),isobar,5.0,595.0,0.26220454394186776,0.01446514352961734,0.18785726143850734,6.089526994360291
PerplexDEW (Davies),isobar,5.0,598.3333333333334,0.2680149219979307,0.014869531922097737,0.19213129310196664,6.201777808687846
PerplexDEW (Davies),isobar,5.0,601.6666666666666,0.2739179039165601,0.015282291178716734,0.19647573423568487,6.219143828541895
PerplexDEW (Davies),isobar,5.0,605.0,0.2799142428862423,0.015703516745209242,0.20089117445220012,6.236752343187501
PerplexDEW (Davies),isobar,5.0,608.3333333333334,0.2860048436133229,0.016133315247134135,0.20537831606159973,6.254607292408412
PerplexDEW (Davies),isobar,5.0,611.6666666666666,0.29219046905788787,0.01657178179390903,0.20993775213692623,6.272712359291835
PerplexDEW (Davies),isobar,5.0,615.0,0.29847200276168445,0.017019020257507973,0.21457016484213404,6.291071698633468
PerplexDEW (Davies),isobar,5.0,618.3333333333334,0.3048502997916651,0.017475131651290488,0.21927621252300353,6.3096895326500295
PerplexDEW (Davies),isobar,5.0,621.6666666666667,0.31132613999123393,0.017940210236684864,0.22405649407629025,6.3285700274498655
PerplexDEW (Davies),isobar,5.0,625.0,0.31790043537449647,0.018414359932193976,0.22891170594215882,6.347717872957836
PerplexDEW (Davies),isobar,5.0,628.3333333333334,0.3245740243130691,0.018897677889862834,0.2338424860108332,6.367137720755513
PerplexDEW (Davies),isobar,5.0,631.6666666666667,0.3313478444103021,0.01939026828986301,0.23884954452048368,6.386834677513091
PerplexDEW (Davies),isobar,5.0,635.0,0.338222710158064,0.019892224274093692,0.24393349525772584,6.406813667088928
PerplexDEW (Davies),isobar,5.0,638.3333333333334,0.34519953712241097,0.020403646005467978,0.24909502542824985,6.427080101250585
PerplexDEW (Davies),isobar,5.0,641.6666666666667,0.35227925602888055,0.0209246336810466,0.2543348303451885,6.447639623511829
PerplexDEW (Davies),isobar,5.0,645.0,0.3594628139324937,0.021455287546872537,0.25965361414134464,6.468498127295988
PerplexDEW (Davies),isobar,5.0,648.3333333333334,0.36675117544162333,0.021995707914681643,0.2650520905172049,6.489661768276139
PerplexDEW (Davies),isobar,5.0,651.6666666666667,0.3741452173737852,0.022545986212776335,0.2705309025116007,6.5111366756841305
PerplexDEW (Davies),isobar,5.0,655.0,0.3816459898997764,0.02310622674047815,0.27609082069242524,6.532929698060038
PerplexDEW (Davies),isobar,5.0,658.3333333333334,0.3892544578294875,0.02367652492372871,0.2817325464255694,6.555047683640327
PerplexDEW (Davies),isobar,5.0,661.6666666666667,0.39697166060986355,0.02425698065006,0.28745683323348004,6.577497942929226
PerplexDEW (Davies),isobar,5.0,665.0,0.4047986618361986,0.024847693944271627,0.2932644482321469,6.600288117451183
PerplexDEW (Davies),isobar,5.0,668.3333333333334,0.41273643007483146,0.025448754589963127,0.2991560812993044,6.6234258476324595
PerplexDEW (Davies),isobar,5.0,671.6666666666667,0.4207860729283746,0.026060262046726318,0.30513252280142095,6.64691945504582
PerplexDEW (Davies),isobar,5.0,675.0,0.4289487900538948,0.026682321473819024,0.3111946276812494,6.670777825235122
PerplexDEW (Davies),isobar,5.0,678.3333333333334,0.4372256877996608,0.027315027540845978,0.31734317426866643,6.6950098833288685
PerplexDEW (Davies),isobar,5.0,681.6666666666667,0.44561783186225484,0.02795846869046626,0.3235789040695863,6.719624753743829
PerplexDEW (Davies),isobar,5.0,685.0,0.4541265136185905,0.02861275033871747,0.32990272406956056,6.744632556023401
PerplexDEW (Davies),isobar,5.0,688.3333333333334,0.46275299684972515,0.02927797269614332,0.33631551387463443,6.770043682190046
PerplexDEW (Davies),isobar,5.0,691.6666666666667,0.47149843983828094,0.029954223604428225,0.3428180662184239,6.7958685745982645
PerplexDEW (Davies),isobar,5.0,695.0,0.4803641735860174,0.030641602940102958,0.3494112982759553,6.822118567234722
PerplexDEW (Davies),isobar,5.0,698.3333333333334,0.4893516460064934,0.03134021770312485,0.3560962089304046,6.8488057463763745
PerplexDEW (Davies),isobar,5.0,701.6666666666667,0.498462047916426,0.03205014843592713,0.3628735941594652,6.875941835758205
PerplexDEW (Davies),isobar,5.0,705.0,0.5076969098929947,0.032771502320459805,0.36974450052985236,6.903540019027515
PerplexDEW (Davies),isobar,5.0,708.3333333333334,0.51705765652998,0.033504373220788704,0.3767098860314835,6.931613622737088
PerplexDEW (Davies),isobar,5.0,711.6666666666667,0.5265458382903746,0.03424886228702265,0.38377079602008224,6.9601768017452805
PerplexDEW (Davies),isobar,5.0,715.0,0.5361629738817637,0.035005063576619595,0.3909282431357718,6.989244137345004
PerplexDEW (Davies),isobar,5.0,718.3333333333334,0.545910629551849,0.035773070988186995,0.39818326727846337,7.0188308625541405
PerplexDEW (Davies),isobar,5.0,721.6666666666667,0.555790510510482,0.03655298641864944,0.40553700469650394,7.048953188495592
PerplexDEW (Davies),isobar,5.0,725.0,0.5658043828338996,0.03734491252533396,0.4129906283057483,7.079628090756993
PerplexDEW (Davies),isobar,5.0,728.3333333333334,0.5759538892452476,0.03814893563783467,0.42054520761712477,7.110872739394251
PerplexDEW (Davies),isobar,5.0,731.6666666666667,0.5862409127249852,0.038965158778116155,0.4282019843433985,7.142705696554248
PerplexDEW (Davies),isobar,5.0,735.0,0.5966674055742753,0.03979368589169262,0.4359622422457265,7.17514640829163
PerplexDEW (Davies),isobar,5.0,738.3333333333334,0.6072352953139432,0.04063461264804874,0.44382723298362126,7.208214913920968
PerplexDEW (Davies),isobar,5.0,741.6666666666667,0.6179465658623008,0.0414880348301278,0.45179824716302563,7.241932185305355
PerplexDEW (Davies),isobar,5.0,745.0,0.6288032793874254,0.04235404837039865,0.45987661613094144,7.276320174212373
PerplexDEW (Davies),isobar,5.0,748.3333333333334,0.6398077832471097,0.04323276942966372,0.4680638775200613,7.311402610694946
PerplexDEW (Davies),isobar,5.0,751.6666666666667,0.6509620773318346,0.04412427534535014,0.47636129392585375,7.347202866000704
PerplexDEW (Davies),isobar,5.0,755.0,0.6622687865243847,0.045028694387900005,0.484770587994442,7.383747354518405
PerplexDEW (Davies),isobar,5.0,758.3333333333334,0.6737300682875177,0.045946104316415985,0.4932931161618658,7.42106178701794
PerplexDEW (Davies),isobar,5.0,761.6666666666667,0.685348620011538,0.0468766254878492,0.5019306294343944,7.459174755947833
PerplexDEW (Davies),isobar,5.0,765.0,0.6971268841342381,0.04782034685316859,0.5106846726784997,7.498114994942852
PerplexDEW (Davies),isobar,5.0,768.3333333333334,0.7090675089178007,0.04877736843450933,0.5195569321668414,7.537913011942125
PerplexDEW (Davies),isobar,5.0,771.6666666666667,0.7211736237868172,0.049747826637082285,0.5285494420103911,7.5786023036688075
PerplexDEW (Davies),isobar,5.0,775.0,0.7334477062539578,0.05073178868692971,0.5376637306355649,7.620215153763803
PerplexDEW (Davies),isobar,5.0,778.3333333333334,0.7458929740030235,0.051729381649343126,0.546901868402994,7.662787906030914
PerplexDEW (Davies),isobar,5.0,781.6666666666667,0.7585125024787321,0.05274071014252195,0.5562658028426364,7.7063577607452265
PerplexDEW (Davies),isobar,5.0,785.0,0.7713093378014823,0.053765866546802536,0.5657574453432543,7.75096324924914
PerplexDEW (Davies),isobar,5.0,788.3333333333334,0.7842872102619827,0.054804996799432806,0.5753791990541394,7.796647159992781
PerplexDEW (Davies),isobar,5.0,791.6666666666667,0.7974491201562898,0.05585816902078027,0.5851329078036906,7.843451042705501
PerplexDEW (Davies),isobar,5.0,795.0,0.8107990666839556,0.0569255332695119,0.5950211446929041,7.891422229800098
PerplexDEW (Davies),isobar,5.0,798.3333333333334,0.824340441295095,0.05800717254891777,0.6050460102641878,7.940607479294487
PerplexDEW (Davies),isobar,5.0,801.6666666666667,0.8380773831273999,0.05910322766445081,0.6152101456461984,7.991058664736601
PerplexDEW (Davies),isobar,5.0,805.0,0.8520137092984977,0.060213798161857256,0.6255159327596023,8.042828512199273
PerplexDEW (Davies),isobar,5.0,808.3333333333334,0.8661537049168091,0.061339014703455944,0.6359660833755945,8.09597401058722
PerplexDEW (Davies),isobar,5.0,811.6666666666667,0.8805014761915511,0.06247897928295856,0.6465631565523176,8.150553925774377
PerplexDEW (Davies),isobar,5.0,815.0,0.8950616248944817,0.06363382660734428,0.6573100599208881,8.206631876218884
PerplexDEW (Davies),isobar,6.5,750.0,0.7637612788990308,0.05402642517841852,0.5608519867199463,7.771977789740031
PerplexDEW (Davies),isobar,6.5,751.010101010101,0.7680812138950255,0.054382840712082416,0.5640545056921524,7.787976073025783
PerplexDEW (Davies),isobar,6.5,752.020202020202,0.7724230907039217,0.05474100255658979,0.5672726504760308,7.8041211514276405
PerplexDEW (Davies),isobar,6.5,753.030303030303,0.7767870653082996,0.0551009161098963,0.5705065204045554,7.82041520412876
PerplexDEW (Davies),isobar,6.5,754.040404040404,0.7811732981748116,0.055462586784877844,0.5737562150686528,7.836860514042865
PerplexDEW (Davies),isobar,6.5,755.0505050505051,0.7855819519059006,0.05582602000736399,0.5770218353231371,7.853459393014129
PerplexDEW (Davies),isobar,6.5,756.060606060606,0.7900133085252411,0.05619123193859252,0.5803035711821236,7.870214684331391
PerplexDEW (Davies),isobar,6.5,757.070707070707,0.7944673014478364,0.05655820667063219,0.5836013510162629,7.887127826912998
PerplexDEW (Davies),isobar,6.5,758.0808080808081,0.7989443353544347,0.056926971199129935,0.5869154560355954,7.904202251242024
PerplexDEW (Davies),isobar,6.5,759.0909090909091,0.8034444644751144,0.05729752028361299,0.5902459044799799,7.921439972554699
PerplexDEW (Davies),isobar,6.5,760.10101010101,0.8079678625873731,0.05766985942004194,0.5935928038250164,7.938843542116189
PerplexDEW (Davies),isobar,6.5,761.1111111111111,0.812514827933058,0.058044005266411215,0.5969563542922677,7.956416082901692
PerplexDEW (Davies),isobar,6.5,762.1212121212121,0.8170852957033983,0.05841994113957519,0.6003364841179076,7.974159216803699
PerplexDEW (Davies),isobar,6.5,763.1313131313132,0.8216796920555175,0.0587976949626356,0.6037334884381249,7.992076701272305
PerplexDEW (Davies),isobar,6.5,764.1414141414141,0.8262980781616958,0.059177261145328286,0.6071473890172524,8.010170780950034
PerplexDEW (Davies),isobar,6.5,765.1515151515151,0.8309406397928277,0.05955864526055195,0.6105783004469099,8.028444277537087
PerplexDEW (Davies),isobar,6.5,766.1616161616162,0.8356075652151729,0.059941852897140734,0.6140263388001366,8.046900070903316
PerplexDEW (Davies),isobar,6.5,767.1717171717172,0.8402991735548934,0.06032690133588835,0.6174917174205686,8.065541666563266
PerplexDEW (Davies),isobar,6.5,768.1818181818181,0.8450155319823117,0.06071378470258371,0.6209744611541126,8.08437151547564
PerplexDEW (Davies),isobar,6.5,769.1919191919192,0.8497568364941358,0.0611025086373595,0.6244746906671342,8.103392681610112
PerplexDEW (Davies),isobar,6.5,770.2020202020202,0.8545232857257493,0.061493078797508066,0.6279925281939622,8.122608293380601
PerplexDEW (Davies),isobar,6.5,771.2121212121212,0.8593152181971503,0.0618855128967623,0.6315281963987274,8.14202214468559
PerplexDEW (Davies),isobar,6.5,772.2222222222222,0.8641326985344904,0.062279804773234186,0.6350817234513351,8.161636916108925
PerplexDEW (Davies),isobar,6.5,773.2323232323232,0.8689759379660513,0.06267596013942085,0.6386532364471864,8.181455940315683
PerplexDEW (Davies),isobar,6.5,774.2424242424242,0.8738451460904875,0.06307398472633084,0.6422428641408725,8.2014826215776
PerplexDEW (Davies),isobar,6.5,775.2525252525253,0.8787406725313951,0.06347389669501227,0.6458508389969637,8.221721073007359
PerplexDEW (Davies),isobar,6.5,776.2626262626262,0.8836625977084762,0.06387568959236638,0.649477192763414,8.242174231537508
PerplexDEW (Davies),isobar,6.5,777.2727272727273,0.8886111398598997,0.06427936920878086,0.6531220593370399,8.262845728734652
PerplexDEW (Davies),isobar,6.5,778.2828282828283,0.8935865201717752,0.06468494135458902,0.6567855743695319,8.28373927597905
PerplexDEW (Davies),isobar,6.5,779.2929292929293,0.898589104734293,0.0650924246531234,0.660467980630325,8.30485934078139
PerplexDEW (Davies),isobar,6.5,780.3030303030303,0.9036189812592955,0.06550181235672961,0.6641693137118088,8.326209147191497
PerplexDEW (Davies),isobar,6.5,781.3131313131313,0.9086763800620206,0.06591311033961425,0.6678897147032075,8.347792660346943
PerplexDEW (Davies),isobar,6.5,782.3232323232323,0.9137616801605719,0.06632633758242842,0.6716294344552691,8.369614660923741
PerplexDEW (Davies),isobar,6.5,783.3333333333334,0.9188748282164404,0.06674147393140384,0.6753884028535038,8.391677854882019
PerplexDEW (Davies),isobar,6.5,784.3434343434343,0.924016504575305,0.0671585648789963,0.6791670929932678,8.413988651292362
PerplexDEW (Davies),isobar,6.5,785.3535353535353,0.9291865117940035,0.06757757683873969,0.6829653272295289,8.436549240848521
PerplexDEW (Davies),isobar,6.5,786.3636363636364,0.9343853937486597,0.06799854246480778,0.6867834764429905,8.4593655281017
PerplexDEW (Davies),isobar,6.5,787.3737373737374,0.9396132520764351,0.06842145448720915,0.6906215836403959,8.482441328782004
PerplexDEW (Davies),isobar,6.5,788.3838383838383,0.9448703398990664,0.06884631894277576,0.6944798035043389,8.505781291919916
PerplexDEW (Davies),isobar,6.5,789.3939393939394,0.9501570684006581,0.06927315568086546,0.6983584069595701,8.529390961487534
PerplexDEW (Davies),isobar,6.5,790.4040404040404,0.9554735456684281,0.06970195720531835,0.7022574404745279,8.553274448296662
PerplexDEW (Davies),isobar,6.5,791.4141414141415,0.9608201926413059,0.07013274362398185,0.7061771810525389,8.57743755137588
PerplexDEW (Davies),isobar,6.5,792.4242424242424,0.9661969631577794,0.07056549319109491,0.7101175605447789,8.601883771215824
PerplexDEW (Davies),isobar,6.5,793.4343434343434,0.9716044441062344,0.07100024016651359,0.7140789772932419,8.62661997456543
PerplexDEW (Davies),isobar,6.5,794.4444444444445,0.9770429141651457,0.07143699105862726,0.7180616016179109,8.651651561835767
PerplexDEW (Davies),isobar,6.5,795.4545454545455,0.9825123298971974,0.07187572357703557,0.7220653662098877,8.676982339286354
PerplexDEW (Davies),isobar,6.5,796.4646464646464,0.988013462221393,0.07231648721742659,0.7260908028520536,8.702620527908252
PerplexDEW (Davies),isobar,6.5,797.4747474747475,0.9935461080921892,0.07275924501422906,0.7301377258901207,8.728569306354483
PerplexDEW (Davies),isobar,6.5,798.4848484848485,0.9991108875359611,0.0732040324272132,0.7342065547540503,8.754836360461912
PerplexDEW (Davies),isobar,6.5,799.4949494949495,1.0047079298389012,0.07365084127391512,0.7382973473840058,8.781426878476063
PerplexDEW (Davies),isobar,6.5,800.5050505050505,1.010337532673217,0.074099677923289,0.7424102850396618,8.808347081485499
PerplexDEW (Davies),isobar,6.5,801.5151515151515,1.0160001696165648,0.07455056383938478,0.7465456774551951,8.835604303456646
PerplexDEW (Davies),isobar,6.5,802.5252525252525,1.0216959776758272,0.07500349060880002,0.7507035867783242,8.863204170661993
PerplexDEW (Davies),isobar,6.5,803.5353535353536,1.027425441818114,0.07545847998173609,0.754884329809806,8.891154387461285
PerplexDEW (Davies),isobar,6.5,804.5454545454545,1.0331887044072585,0.07591552339099909,0.7590879716259218,8.919460925587165
PerplexDEW (Davies),isobar,6.5,805.5555555555555,1.0389860839365994,0.0763746273667346,0.7633147059106338,8.948130816153887
PerplexDEW (Davies),isobar,6.5,806.5656565656566,1.044818082992753,0.07683581409667296,0.7675648603865484,8.977172391285315
PerplexDEW (Davies),isobar,6.5,807.5757575757576,1.0506848522464352,0.07729907478131164,0.7718385046801923,9.006592119505761
PerplexDEW (Davies),isobar,6.5,808.5858585858585,1.0565869064357227,0.07776443190707459,0.77613597403896,9.036398746970347
PerplexDEW (Davies),isobar,6.5,809.5959595959596,1.0625244019927154,0.07823187651992185,0.7804573412539133,9.066599124880085
PerplexDEW (Davies),isobar,6.5,810.6060606060606,1.0684976796811856,0.07870141532581164,0.7848028132960487,9.097201359910095
PerplexDEW (Davies),isobar,6.5,811.6161616161617,1.074507273038701,0.07917307126794543,0.7891727370429606,9.128214915458583
PerplexDEW (Davies),isobar,6.5,812.6262626262626,1.0805533474269593,0.0796468351590325,0.7935671901987207,9.159647273098718
PerplexDEW (Davies),isobar,6.5,813.6363636363636,1.0866362576955144,0.0801227138175923,0.7979863904686804,9.191507250309243
PerplexDEW (Davies),isobar,6.5,814.6464646464647,1.092756556927226,0.08060073065562168,0.8024306922040156,9.22380510954307
PerplexDEW (Davies),isobar,6.5,815.6565656565657,1.0989146150364237,0.08108089292707729,0.8069003224540788,9.25655025195512
PerplexDEW (Davies),isobar,6.5,816.6666666666666,1.1051104128937634,0.08156317433944472,0.8113952226948324,9.289749890387402
PerplexDEW (Davies),isobar,6.5,817.6767676767677,1.1113447173368303,0.08204761534125561,0.8159159051407261,9.323416370783788
PerplexDEW (Davies),isobar,6.5,818.6868686868687,1.1176179135366184,0.08253422331547103,0.8204626036677245,9.357559959840865
PerplexDEW (Davies),isobar,6.5,819.6969696969697,1.1239301892843314,0.08302298853083295,0.8250354083693722,9.392189935510508
PerplexDEW (Davies),isobar,6.5,820.7070707070707,1.1302819346270192,0.08351391809344713,0.8296345555996184,9.427317162517209
PerplexDEW (Davies),isobar,6.5,821.7171717171717,1.1366737513780263,0.08400703655945417,0.8342604343568709,9.46295410391761
PerplexDEW (Davies),isobar,6.5,822.7272727272727,1.14310583762419,0.08450233396378287,0.8389131404382001,9.499111008297987
PerplexDEW (Davies),isobar,6.5,823.7373737373738,1.1495788099492765,0.08499983520288316,0.8435930719302169,9.535801165867568
PerplexDEW (Davies),isobar,6.5,824.7474747474747,1.1560928735733589,0.08549953015665866,0.8483003285882288,9.573035497732258
PerplexDEW (Davies),isobar,6.5,825.7575757575758,1.1626486602426884,0.08600144406789985,0.8530353178195559,9.610828129329759
PerplexDEW (Davies),isobar,6.5,826.7676767676768,1.1692461659877469,0.08650554862422771,0.8577979872453442,9.64918926340925
PerplexDEW (Davies),isobar,6.5,827.7777777777778,1.1758864690911917,0.08701190536746545,0.8625890648634371,9.688136872482067
PerplexDEW (Davies),isobar,6.5,828.7878787878788,1.182569575184813,0.08752048595815565,0.8674085038607986,9.727682024593092
PerplexDEW (Davies),isobar,6.5,829.7979797979798,1.1892959247101795,0.08803129792572098,0.8722565705897889,9.76783917407416
PerplexDEW (Davies),isobar,6.5,830.8080808080808,1.1960661890676025,0.08854436740496052,0.8771336967926762,9.808624875104577
PerplexDEW (Davies),isobar,6.5,831.8181818181819,1.2028806000397636,0.08905968373365286,0.8820399969908331,9.850053061717901
PerplexDEW (Davies),isobar,6.5,832.8282828282828,1.2097398456485988,0.0895772734150919,0.8869759131090562,9.892141455249687
PerplexDEW (Davies),isobar,6.5,833.8383838383838,1.2166441657666829,0.09009712563319282,0.891941564173281,9.934904987502824
PerplexDEW (Davies),isobar,6.5,834.8484848484849,1.2235940315530265,0.09061924818067164,0.8969372347895437,9.97836088576553
PerplexDEW (Davies),isobar,6.5,835.8585858585859,1.2305901567556372,0.09114366812484016,0.9019633826223482,10.000005779066397
PerplexDEW (Davies),isobar,6.5,836.8686868686868,1.2376330323274896,0.09167039377407801,0.9070203044926807,10.000005808411306
PerplexDEW (Davies),isobar,6.5,837.8787878787879,1.2447229150122319,0.09219941400590953,0.9121081288267624,10.000005838900107
PerplexDEW (Davies),isobar,6.5,838.8888888888889,1.251860302104271,0.09273073684066044,0.9172271557404166,10.00000587056081
PerplexDEW (Davies),isobar,6.5,839.89898989899,1.2590459433369652,0.09326439012322438,0.9223778648728564,10.00000590342347
PerplexDEW (Davies),isobar,6.5,840.9090909090909,1.266280108690459,0.0938003625015641,0.9275603920274597,10.00000593751601
PerplexDEW (Davies),isobar,6.5,841.9191919191919,1.2735635666193956,0.09433868221998283,0.9327752282565727,10.000005972869811
PerplexDEW (Davies),isobar,6.5,842.929292929293,1.280896596269245,0.09487933777498996,0.9380225144742316,10.000006009514198
PerplexDEW (Davies),isobar,6.5,843.939393939394,1.2882799853203508,0.09542235781755923,0.9433027534401186,10.000006047481943
PerplexDEW (Davies),isobar,6.5,844.9494949494949,1.2957140223411494,0.09596773069348653,0.948616091322857,10.000006086803847
PerplexDEW (Davies),isobar,6.5,845.959595959596,1.3031995147570505,0.09651548546782773,0.9539630452479774,10.000006127514133
PerplexDEW (Davies),isobar,6.5,846.969696969697,1.310736760823932,0.0970656103364691,0.959343762137697,10.000006169645136
PerplexDEW (Davies),isobar,6.5,847.9797979797979,1.3183263219967338,0.09761811388728237,0.9647585823814442,10.00000621323132
PerplexDEW (Davies),isobar,6.5,848.989898989899,1.3259690362730943,0.09817302581943632,0.9702080393146757,10.00000625830919
PerplexDEW (Davies),isobar,6.5,850.0,1.333665488620077,0.09873035529471057,0.9756924854229652,10.00000630491477
PerplexDEW (Davies),isobar,7.0,650.0,0.4414196147886219,0.02777875134113779,0.3209643448088933,6.720901913189083
PerplexDEW (Davies),isobar,7.0,651.010101010101,0.4442310124420435,0.027999796947855614,0.3230582171491331,6.7293142791173555
PerplexDEW (Davies),isobar,7.0,652.020202020202,0.44705631174295796,0.02822219284894131,0.3251625981739508,6.737776188187088
PerplexDEW (Davies),isobar,7.0,653.030303030303,0.44989546695369165,0.02844593550758686,0.3272774493654561,6.746287827929274
PerplexDEW (Davies),isobar,7.0,654.040404040404,0.45274864212985727,0.028671039154584365,0.3294028917185373,6.754850007137332
PerplexDEW (Davies),isobar,7.0,655.0505050505051,0.4556158444281088,0.028897504623082836,0.33153892681641883,6.76346307924379
PerplexDEW (Davies),isobar,7.0,656.060606060606,0.4584971338941837,0.02912533720584258,0.3336855963490799,6.772127560061171
PerplexDEW (Davies),isobar,7.0,657.070707070707,0.4613925711298003,0.029354542201195245,0.33584294231824835,6.780843973903581
PerplexDEW (Davies),isobar,7.0,658.0808080808081,0.46430221730292504,0.02958512491302849,0.33801100704324516,6.789612853740946
PerplexDEW (Davies),isobar,7.0,659.0909090909091,0.4672261617932122,0.02981709302634554,0.34018985418204906,6.798434823799639
PerplexDEW (Davies),isobar,7.0,660.10101010101,0.47016443972771427,0.03005044952426988,0.3423795060200022,6.807310354025121
PerplexDEW (Davies),isobar,7.0,661.1111111111111,0.47311714210808903,0.03028520214724292,0.34458002721297637,6.816240088428865
PerplexDEW (Davies),isobar,7.0,662.1212121212121,0.47608427656047025,0.030521351405010427,0.34679141889424026,6.8252244289064725
PerplexDEW (Davies),isobar,7.0,663.1313131313132,0.479065963604107,0.030758907491024532,0.3490137679227685,6.834264123192909
PerplexDEW (Davies),isobar,7.0,664.1414141414141,0.4820622686977308,0.030997875810348786,0.3512471191623844,6.843359762218693
PerplexDEW (Davies),isobar,7.0,665.1515151515151,0.48507320004836857,0.031238256756079122,0.3534914738153829,6.852511771800596
PerplexDEW (Davies),isobar,7.0,666.1616161616162,0.48809891061082233,0.0314800632053971,0.3557469430236684,6.861721022697028
PerplexDEW (Davies),isobar,7.0,667.1717171717172,0.49113940969775205,0.03172329554070045,0.3580135285711179,6.870987960117205
PerplexDEW (Davies),isobar,7.0,668.1818181818181,0.49419476475588164,0.03196795912296157,0.36029127631513824,6.880313212911167
PerplexDEW (Davies),isobar,7.0,669.1919191919192,0.49726504392142123,0.03221405931865274,0.36258023250266075,6.889697420497623
PerplexDEW (Davies),isobar,7.0,670.2020202020202,0.5003503762236767,0.032461606750187506,0.3648804895418817,6.899141417136091
PerplexDEW (Davies),isobar,7.0,671.2121212121212,0.5034507112997291,0.03271059634156083,0.3671920033051583,6.908645497704007
PerplexDEW (Davies),isobar,7.0,672.2222222222222,0.5065662708519139,0.03296104669757822,0.36951493637803856,6.91821079854704
PerplexDEW (Davies),isobar,7.0,673.2323232323232,0.5096970356274779,0.03321295533261443,0.3718492680025447,6.9278377273480345
PerplexDEW (Davies),isobar,7.0,674.2424242424242,0.5128430463708435,0.03346632492112693,0.3741950228954439,6.937526883596737
PerplexDEW (Davies),isobar,7.0,675.2525252525253,0.51600446876316,0.033721169027585596,0.37655232060311244,6.947279262166002
PerplexDEW (Davies),isobar,7.0,676.2626262626262,0.5191813775904175,0.03397749320565635,0.3789212114158831,6.9570955882923196
PerplexDEW (Davies),isobar,7.0,677.2727272727273,0.5223737213646987,0.034235291837157414,0.3813016494903616,6.9669762039049905
PerplexDEW (Davies),isobar,7.0,678.2828282828283,0.5255817016303934,0.03449458147115545,0.3836937811662321,6.976922246704837
PerplexDEW (Davies),isobar,7.0,679.2929292929293,0.5288053311030279,0.034755361992427694,0.38609760909287866,6.986934277653928
PerplexDEW (Davies),isobar,7.0,680.3030303030303,0.5320447514259825,0.03501764457214696,0.3885132337511169,6.997013270665663
PerplexDEW (Davies),isobar,7.0,681.3131313131313,0.5352999432550504,0.03528142611226398,0.39094063311041344,7.00715970562686
PerplexDEW (Davies),isobar,7.0,682.3232323232323,0.5385710832369838,0.03554672074308863,0.3933799339205425,7.017374688534266
PerplexDEW (Davies),isobar,7.0,683.3333333333334,0.541858152265676,0.03581352522609253,0.39583111400921284,7.027658720001726
PerplexDEW (Davies),isobar,7.0,684.3434343434343,0.5451613303026472,0.036081853858143116,0.3982943022973269,7.038012940387038
PerplexDEW (Davies),isobar,7.0,685.3535353535353,0.5484806323201931,0.03635170625770634,0.4007695021699863,7.0484379795681305
PerplexDEW (Davies),isobar,7.0,686.3636363636364,0.5518162084029163,0.036623093943827685,0.40325681948782127,7.058934908174406
PerplexDEW (Davies),isobar,7.0,687.3737373737374,0.5551680743702488,0.03689601644390231,0.4057562579340289,7.069504380962934
PerplexDEW (Davies),isobar,7.0,688.3838383838383,0.558536383282368,0.037170485396568635,0.4082679252622935,7.080147503268465
PerplexDEW (Davies),isobar,7.0,689.3939393939394,0.5619210821168157,0.03744649402413813,0.4107917725207538,7.090864730846575
PerplexDEW (Davies),isobar,7.0,690.4040404040404,0.5653224659229417,0.037724066457569566,0.4133280149190868,7.101657652353655
PerplexDEW (Davies),isobar,7.0,691.4141414141415,0.5687404123340507,0.03800318955765125,0.4158765504844761,7.112526523055097
PerplexDEW (Davies),isobar,7.0,692.4242424242424,0.5721751503353201,0.03828388141884527,0.41843754386077026,7.123472746452267
PerplexDEW (Davies),isobar,7.0,693.4343434343434,0.5756267705053283,0.03856614771861815,0.4210110543873916,7.134497293068037
PerplexDEW (Davies),isobar,7.0,694.4444444444445,0.579095292010211,0.038849987654612866,0.4235970870020486,7.14560091293478
PerplexDEW (Davies),isobar,7.0,695.4545454545455,0.5825808059202361,0.039135406752422094,0.4261957010376227,7.156784603188438
PerplexDEW (Davies),isobar,7.0,696.4646464646464,0.5860834780335282,0.03942241714511155,0.4288070123318764,7.1680496215215275
PerplexDEW (Davies),isobar,7.0,697.4747474747475,0.5896034033518986,0.03971102454201847,0.4314310827732639,7.179397008788023
PerplexDEW (Davies),isobar,7.0,698.4848484848485,0.5931405658532006,0.04000122458752821,0.43406788981165767,7.190827451593101
PerplexDEW (Davies),isobar,7.0,699.4949494949495,0.5966951733060364,0.04029303290858884,0.43671758048642917,7.202342392487033
PerplexDEW (Davies),isobar,7.0,700.5050505050505,0.6002672862443955,0.04058645182319875,0.43938018990731587,7.2139428137351835
PerplexDEW (Davies),isobar,7.0,701.5151515151515,0.6038569652307123,0.04088148354096151,0.4420557530027879,7.2256296758790235
PerplexDEW (Davies),isobar,7.0,702.5252525252525,0.6074643865863844,0.04117814058570849,0.44474439226979795,7.237404378586055
PerplexDEW (Davies),isobar,7.0,703.5353535353536,0.6110895747555115,0.0414764217075353,0.4474461148057057,7.249267816035376
PerplexDEW (Davies),isobar,7.0,704.5454545454545,0.6147327097637757,0.04177633956436131,0.45016104544780644,7.261221423344759
PerplexDEW (Davies),isobar,7.0,705.5555555555555,0.6183938173925813,0.04207789280336725,0.4528891918664778,7.273266130536156
PerplexDEW (Davies),isobar,7.0,706.5656565656566,0.6220730814747436,0.04238109421854565,0.4556306813024149,7.2854034215411945
PerplexDEW (Davies),isobar,7.0,707.5757575757576,0.6257705291921369,0.0426859423528686,0.4583855220348846,7.297634263753978
PerplexDEW (Davies),isobar,7.0,708.5858585858585,0.6294863482903833,0.0429924501384241,0.4611538437728814,7.309960191873532
PerplexDEW (Davies),isobar,7.0,709.5959595959596,0.6332206489146398,0.04330062338758302,0.4639357171669921,7.322382494423742
PerplexDEW (Davies),isobar,7.0,710.6060606060606,0.6369734604780369,0.04361046048522847,0.46673115148507316,7.334902197971737
PerplexDEW (Davies),isobar,7.0,711.6161616161617,0.6407449768083402,0.04392197457511166,0.46954028026956046,7.347520917319471
PerplexDEW (Davies),isobar,7.0,712.6262626262626,0.6445352288856939,0.04423516393472243,0.4723631134921387,7.360239720580136
PerplexDEW (Davies),isobar,7.0,713.6363636363636,0.6483444147279599,0.04455004185114907,0.47519978733354673,7.373060278635876
PerplexDEW (Davies),isobar,7.0,714.6464646464647,0.6521725669519938,0.04486660649321138,0.4780503125091711,7.385983702963637
PerplexDEW (Davies),isobar,7.0,715.6565656565657,0.6560198878820687,0.0451848712935102,0.48091482790931284,7.399011722835454
PerplexDEW (Davies),isobar,7.0,716.6666666666666,0.6598864118436117,0.045504834310936486,0.4837933450342923,7.412145495006307
PerplexDEW (Davies),isobar,7.0,717.6767676767677,0.6637724323763443,0.04582651701209259,0.4866860711894564,7.425387120121416
PerplexDEW (Davies),isobar,7.0,718.6868686868687,0.6676778126968533,0.04614990163802849,0.48959288794405215,7.438737184928179
PerplexDEW (Davies),isobar,7.0,719.6969696969697,0.6716029383831038,0.04647501775837963,0.4925140716080229,7.452198167936032
PerplexDEW (Davies),isobar,7.0,720.7070707070707,0.6755477606308545,0.04680185532350511,0.4954495697604744,7.465771012243651
PerplexDEW (Davies),isobar,7.0,721.7171717171717,0.6795124058526021,0.04713042006486219,0.4983994621977621,7.479457311330782
PerplexDEW (Davies),isobar,7.0,722.7272727272727,0.6834971827079074,0.047460734162928335,0.5013639660941331,7.493259349146742
PerplexDEW (Davies),isobar,7.0,723.7373737373738,0.6875020432561559,0.04779278719884977,0.5043430288965784,7.50717813562558
PerplexDEW (Davies),isobar,7.0,724.7474747474747,0.6915271190171369,0.048126584933272445,0.5073367333783825,7.521215356323859
PerplexDEW (Davies),isobar,7.0,725.7575757575758,0.6955726357237784,0.048462141561876025,0.5103452331284859,7.535373071641235
PerplexDEW (Davies),isobar,7.0,726.7676767676768,0.699638730627355,0.04879946307217886,0.5133686145894674,7.549653044736363
PerplexDEW (Davies),isobar,7.0,727.7777777777778,0.7037255428175975,0.049138555463889885,0.5164069652795417,7.56405707254985
PerplexDEW (Davies),isobar,7.0,728.7878787878788,0.7078331185429972,0.04947941611326902,0.5194603023749724,7.578586630329461
PerplexDEW (Davies),isobar,7.0,729.7979797979798,0.7119616938451441,0.049822059538924934,0.522528785923412,7.593243931933987
PerplexDEW (Davies),isobar,7.0,730.8080808080808,0.7161114134821723,0.05016649177677571,0.5256125067602155,7.608030880045861
PerplexDEW (Davies),isobar,7.0,731.8181818181819,0.7202823271578465,0.050512710025747684,0.5287114837552166,7.622949044052055
PerplexDEW (Davies),isobar,7.0,732.8282828282828,0.7244746790181725,0.050860729053023926,0.53182588202795,7.638000761924607
PerplexDEW (Davies),isobar,7.0,733.8383838383838,0.7286886197571991,0.05121055493238226,0.5349557958913816,7.653188049461378
PerplexDEW (Davies),isobar,7.0,734.8484848484849,0.7329242027398312,0.05156218468284084,0.5381012460284642,7.668512577030892
PerplexDEW (Davies),isobar,7.0,735.8585858585859,0.7371816805551008,0.05191563332610637,0.5412624028376349,7.683976815225455
PerplexDEW (Davies),isobar,7.0,736.8686868686868,0.7414612101116063,0.05227090697558154,0.5444393642765499,7.699582900978718
PerplexDEW (Davies),isobar,7.0,737.8787878787879,0.7457628486499692,0.052628002467862554,0.5476321529662724,7.715332613101372
PerplexDEW (Davies),isobar,7.0,738.8888888888889,0.7500869601926773,0.052986944451433,0.5508410219925512,7.731228969906011
PerplexDEW (Davies),isobar,7.0,739.89898989899,0.7544335037120556,0.0533477204246713,0.5540659193489628,7.7472734319426575
PerplexDEW (Davies),isobar,7.0,740.9090909090909,0.7588026423586308,0.05371033633020471,0.5573069463196747,7.763468295111242
PerplexDEW (Davies),isobar,7.0,741.9191919191919,0.7631947518470792,0.05407481731206905,0.5605643635351079,7.779816746316014
PerplexDEW (Davies),isobar,7.0,742.929292929293,0.7676097929218779,0.054441150456561796,0.5638381193523535,7.796320368945199
PerplexDEW (Davies),isobar,7.0,743.939393939394,0.7720480424660384,0.054809351495645225,0.5671283993341228,7.812982002967598
PerplexDEW (Davies),isobar,7.0,744.9494949494949,0.7765096754286566,0.055179426659021376,0.5704353120394557,7.829804169022719
PerplexDEW (Davies),isobar,7.0,745.959595959596,0.7809948691772863,0.055551382192393896,0.5737589674509199,7.846789423476605
PerplexDEW (Davies),isobar,7.0,746.969696969697,0.7855036939827762,0.05592521437209699,0.5770993948239254,7.8639399228862175
PerplexDEW (Davies),isobar,7.0,747.9797979797979,0.7900364399053734,0.056300939302804706,0.5804567879317433,7.881258769778675
PerplexDEW (Davies),isobar,7.0,748.989898989899,0.7945932917625983,0.05667856327824242,0.5838312611430149,7.898748681788108
PerplexDEW (Davies),isobar,7.0,750.0,0.7991744369393184,0.0570580926092023,0.5872229303394239,7.9164124331481736
PerplexDEW (Davies),isobar,7.5,485.0,0.13824952402982024,0.006238965758757835,0.09736123937270688,3.8354532207127114
PerplexDEW (Davies),isobar,7.5,488.3333333333333,0.1421285325294939,0.006469719656158684,0.10017239877526438,3.9136539784885636
PerplexDEW (Davies),isobar,7.5,491.6666666666667,0.14609223414108632,0.006707301168145653,0.10304716299476196,3.9933981277483412
PerplexDEW (Davies),isobar,7.5,495.0,0.150141857234151,0.006951856701505363,0.10598650569267198,4.074729081657353
PerplexDEW (Davies),isobar,7.5,498.3333333333333,0.15427861541996918,0.007203533074078594,0.10899139014816944,4.157692171406296
PerplexDEW (Davies),isobar,7.5,501.6666666666667,0.15850376421935933,0.007462480881915791,0.11206281142369837,4.242335957651175
PerplexDEW (Davies),isobar,7.5,505.0,0.16281852958439372,0.007728850203461746,0.11520174322194501,4.328710904739141
PerplexDEW (Davies),isobar,7.5,508.3333333333333,0.16722416590596204,0.008002794071006385,0.11840918090050268,4.416870888999258
PerplexDEW (Davies),isobar,7.5,511.6666666666667,0.17172192685372176,0.008284466693239392,0.12168611972912395,4.506872749838063
PerplexDEW (Davies),isobar,7.5,515.0,0.17631307278194844,0.008574023881036577,0.1250335603091903,4.5987767077729895
PerplexDEW (Davies),isobar,7.5,518.3333333333334,0.18099888829979655,0.008871624145455635,0.12845252160075407,4.692646986949464
PerplexDEW (Davies),isobar,7.5,521.6666666666666,0.1857806223408265,0.009177424867506487,0.13194399611151786,4.788550918147032
PerplexDEW (Davies),isobar,7.5,525.0,0.19065957412860257,0.00949158772833048,0.1355090139396214,4.8865610082123165
PerplexDEW (Davies),isobar,7.5,528.3333333333334,0.19563703356338571,0.009814274899863668,0.1391485981924361,4.9867540083130795
PerplexDEW (Davies),isobar,7.5,531.6666666666666,0.2007142984072889,0.010145650099468884,0.1428637776928106,5.089211802057234
PerplexDEW (Davies),isobar,7.5,535.0,0.20589266453819752,0.010485877905000648,0.14665557955890413,5.194021551725902
PerplexDEW (Davies),isobar,7.5,538.3333333333334,0.2111734663163783,0.010835126404794507,0.15052505931381915,5.301277034036557
PerplexDEW (Davies),isobar,7.5,541.6666666666666,0.2165580067538495,0.011193562503521687,0.15447324844327243,5.411077750485708
PerplexDEW (Davies),isobar,7.5,545.0,0.22204762878352421,0.011561356640800529,0.15850120765208228,5.523531023444082
PerplexDEW (Davies),isobar,7.5,548.3333333333334,0.22764367516992282,0.011938680064260932,0.1626099966768129,5.638751728695378
PerplexDEW (Davies),isobar,7.5,551.6666666666666,0.23334751075036825,0.012325706297947764,0.16680069081979254,5.756863676231896
PerplexDEW (Davies),isobar,7.5,555.0,0.23916048882226795,0.012722608760673448,0.1710743555268781,5.877999637509165
PerplexDEW (Davies),isobar,7.5,558.3333333333334,0.2450839853556784,0.013129563063674401,0.17543207190497606,6.002303038376388
PerplexDEW (Davies),isobar,7.5,561.6666666666666,0.25111937606908935,0.013546745342792104,0.17987491929661628,6.12992856931457
PerplexDEW (Davies),isobar,7.5,565.0,0.2572680874276362,0.013974335822765359,0.18440401348113128,6.179068545427297
PerplexDEW (Davies),isobar,7.5,568.3333333333334,0.2635315092792153,0.014412512517077284,0.1890204406798131,6.197752055541823
PerplexDEW (Davies),isobar,7.5,571.6666666666666,0.2699110846502415,0.01486145756711702,0.19372532496390707,6.216744395180376
PerplexDEW (Davies),isobar,7.5,575.0,0.27640825977313405,0.015321353587255638,0.19851979038382614,6.236051604397886
PerplexDEW (Davies),isobar,7.5,578.3333333333334,0.2830244977764498,0.015792384555098845,0.20340497103403946,6.255679996201046
PerplexDEW (Davies),isobar,7.5,581.6666666666666,0.28976127980648664,0.016274735799450712,0.20838201163987408,6.275636173744312
PerplexDEW (Davies),isobar,7.5,585.0,0.2966200755557056,0.016768591679077467,0.21345204500363477,6.295926963617125
PerplexDEW (Davies),isobar,7.5,588.3333333333334,0.3036024348976151,0.01727414233861569,0.21861626096360182,6.316559685227866
PerplexDEW (Davies),isobar,7.5,591.6666666666666,0.31070990055727343,0.017791577085098487,0.22387584011812134,6.3375419259335795
PerplexDEW (Davies),isobar,7.5,595.0,0.3179440053735377,0.018321083973671298,0.22923195137823174,6.358881557572429
PerplexDEW (Davies),isobar,7.5,598.3333333333334,0.3253063547913819,0.01886285597520802,0.23468581404835936,6.380586957509873
PerplexDEW (Davies),isobar,7.5,601.6666666666666,0.3327985650905645,0.019417086145952306,0.24023865074737386,6.402666895819225
PerplexDEW (Davies),isobar,7.5,605.0,0.34042228094996896,0.01998396881397408,0.24589170031979235,6.425130580040626
PerplexDEW (Davies),isobar,7.5,608.3333333333334,0.34817914035172376,0.020563696645955976,0.2516461908297484,6.447987585135175
PerplexDEW (Davies),isobar,7.5,611.6666666666666,0.3560708856992796,0.021156469219711815,0.2575034233770189,6.47124818797268
PerplexDEW (Davies),isobar,7.5,615.0,0.36409923933044047,0.021762483064308287,0.26346467730237155,6.494923044188557
PerplexDEW (Davies),isobar,7.5,618.3333333333334,0.37226595836700066,0.02238193574678521,0.26953125128688565,6.519023367634367
PerplexDEW (Davies),isobar,7.5,621.6666666666667,0.3805728781949762,0.023015029187779645,0.27570449587876095,6.543561081709861
PerplexDEW (Davies),isobar,7.5,625.0,0.3890218359469283,0.02366196330350441,0.28198575492058275,6.568548633261164
PerplexDEW (Davies),isobar,7.5,628.3333333333334,0.39761471116101027,0.024322939012553797,0.28837639585865465,6.593999138502915
PerplexDEW (Davies),isobar,7.5,631.6666666666667,0.40635347308512576,0.024998161890221186,0.29487784512320037,6.61992655242269
PerplexDEW (Davies),isobar,7.5,635.0,0.41524009817707014,0.025687835167377413,0.30149152488347636,6.64634546923195
PerplexDEW (Davies),isobar,7.5,638.3333333333334,0.4242766612780527,0.026392166960160213,0.30821892169201304,6.6732714222063905
PerplexDEW (Davies),isobar,7.5,641.6666666666667,0.4334652248514969,0.02711136079463978,0.31506150167182756,6.7007206045608925
PerplexDEW (Davies),isobar,7.5,645.0,0.4428079567790006,0.027845625074005773,0.3220207993513926,6.7287102528982965
PerplexDEW (Davies),isobar,7.5,648.3333333333334,0.4523070897603378,0.02859516941436189,0.3290983861083038,6.757258577119664
PerplexDEW (Davies),isobar,7.5,651.6666666666667,0.46196492543360645,0.029360204652552322,0.3362958725544581,6.786384822042706
PerplexDEW (Davies),isobar,7.5,655.0,0.47178381205589026,0.030140940574078155,0.34361489078243845,6.816109253362011
PerplexDEW (Davies),isobar,7.5,658.3333333333334,0.48176622772404515,0.03093759262970662,0.35105715682041716,6.846453461951301
PerplexDEW (Davies),isobar,7.5,661.6666666666667,0.4919146236948684,0.03175036810662447,0.35862435064694437,6.87743996407651
PerplexDEW (Davies),isobar,7.5,665.0,0.5022316455547261,0.032579484671272925,0.36631828345704165,6.909092891371539
PerplexDEW (Davies),isobar,7.5,668.3333333333334,0.5127200348114215,0.03342516155296176,0.37414082189097164,6.941437824751841
PerplexDEW (Davies),isobar,7.5,671.6666666666667,0.5233825134168494,0.03428760897339357,0.3820937992703023,6.974501473792198
PerplexDEW (Davies),isobar,7.5,675.0,0.534222023155837,0.035167048453182546,0.390179196554372,7.008312501032677
PerplexDEW (Davies),isobar,7.5,678.3333333333334,0.5452415559323126,0.036063697530726746,0.39839901224952734,7.042901085236162
PerplexDEW (Davies),isobar,7.5,681.6666666666667,0.5564442833666624,0.036977780564824,0.406755359768174,7.0782994198662035
PerplexDEW (Davies),isobar,7.5,685.0,0.5678334405771737,0.037909517671708096,0.41525037567844847,7.114541436361468
PerplexDEW (Davies),isobar,7.5,688.3333333333334,0.5794123133274913,0.03885912390521308,0.42388621761806544,7.151662896619989
PerplexDEW (Davies),isobar,7.5,691.6666666666667,0.591184536834263,0.039826833661641615,0.43266527690218703,7.189702428452591
PerplexDEW (Davies),isobar,7.5,695.0,0.6031536837869511,0.0408128643890742,0.44158987285717527,7.228700344872981
PerplexDEW (Davies),isobar,7.5,698.3333333333334,0.6153236206711835,0.04181744734061179,0.4506625198146543,7.268699939499217
PerplexDEW (Davies),isobar,7.5,701.6666666666667,0.6276982676376229,0.04284080538799716,0.45988574345794986,7.309746836399783
PerplexDEW (Davies),isobar,7.5,705.0,0.6402818287564398,0.04388317286789594,0.4692622538831447,7.351889928288843
PerplexDEW (Davies),isobar,7.5,708.3333333333334,0.6530786152857562,0.04494477890023813,0.4787948100165489,7.395180951637977
PerplexDEW (Davies),isobar,7.5,711.6666666666667,0.6660931284367015,0.04602585393526885,0.48848628072105216,7.439674970765681
PerplexDEW (Davies),isobar,7.5,715.0,0.67933011245704,0.047126633650535724,0.49833968319925326,7.485430718698103
PerplexDEW (Davies),isobar,7.5,718.3333333333334,0.6927944841409367,0.04824735167826816,0.5083581278476014,7.532510658328199
PerplexDEW (Davies),isobar,7.5,721.6666666666667,0.7064914733902159,0.0493882510798606,0.5185449239518721,7.580981693704853
PerplexDEW (Davies),isobar,7.5,725.0,0.7204263254028835,0.050549556790704615,0.5289033474868423,7.630914346480883
PerplexDEW (Davies),isobar,7.5,728.3333333333334,0.7346048029872729,0.05173151959233881,0.5394370261533725,7.682384936371287
PerplexDEW (Davies),isobar,7.5,731.6666666666667,0.7490328004760253,0.0529343801822882,0.5501496405999181,7.735474474976666
PerplexDEW (Davies),isobar,7.5,735.0,0.7637164887513344,0.05415838107621872,0.561045032968494,7.790269572796884
PerplexDEW (Davies),isobar,7.5,738.3333333333334,0.7786623812840805,0.05540377135240877,0.5721272541857259,7.846863116075365
PerplexDEW (Davies),isobar,7.5,741.6666666666667,0.7938771987206611,0.05667079302828245,0.5834004597972618,7.905354173288952
PerplexDEW (Davies),isobar,7.5,745.0,0.8093681416010668,0.05795970445905983,0.5948691121909453,7.965849639657325
PerplexDEW (Davies),isobar,7.5,748.3333333333334,0.8251426513875919,0.05927075717898881,0.6065377985060985,8.028463753886935
PerplexDEW (Davies),isobar,7.5,751.6666666666667,0.8412084708647596,0.06060419991145525,0.6184112735135963,8.093319059084845
PerplexDEW (Davies),isobar,7.5,755.0,0.8575738312499559,0.061960293950203874,0.6304945981720365,8.160547865281119
PerplexDEW (Davies),isobar,7.5,758.3333333333334,0.8742473669873454,0.06333930375957955,0.6427930668159549,8.230292721218522
PerplexDEW (Davies),isobar,7.5,761.6666666666667,0.8912381368551282,0.06474149714960875,0.6553122282809944,8.302707421546376
PerplexDEW (Davies),isobar,7.5,765.0,0.9085554538813853,0.06616712823756248,0.6680577507938864,8.377957211205686
PerplexDEW (Davies),isobar,7.5,768.3333333333334,0.9262093420822586,0.0676164766436882,0.6810357596914955,8.45622213315757
PerplexDEW (Davies),isobar,7.5,771.6666666666667,0.9442100544525018,0.06908980230805675,0.6942524757547022,8.537695967203868
PerplexDEW (Davies),isobar,7.5,775.0,0.9625687579031742,0.07058740461558247,0.7077147191355986,8.6225912801661
PerplexDEW (Davies),isobar,7.5,778.3333333333334,0.9812967564336854,0.07210955101131444,0.721429330198442,8.711137210775561
PerplexDEW (Davies),isobar,7.5,781.6666666666667,1.000406049661716,0.07365652463606921,0.7354035792663853,8.803584308448002
PerplexDEW (Davies),isobar,7.5,785.0,1.019909229407334,0.0752286127723912,0.7496450856721499,8.900206382098148
PerplexDEW (Davies),isobar,7.5,788.3333333333334,1.0398196671898494,0.07682612079065858,0.7641619508481685,9.001304349787874
PerplexDEW (Davies),isobar,7.5,791.6666666666667,1.0601510823813804,0.07844933197719615,0.778962436905511,9.107206873013626
PerplexDEW (Davies),isobar,7.5,795.0,1.0809181965813592,0.08009856196548669,0.794055441701801,9.218278044867823
PerplexDEW (Davies),isobar,7.5,798.3333333333334,1.1021363002303641,0.08177411825867623,0.8094501759835184,9.334919278169309
PerplexDEW (Davies),isobar,7.5,801.6666666666667,1.123821441699389,0.08347631390128155,0.8251562967954311,9.457575765858177
PerplexDEW (Davies),isobar,7.5,805.0,1.1459904652200497,0.08520546780042207,0.8411839295888692,9.58674296834526
PerplexDEW (Davies),isobar,7.5,808.3333333333334,1.1686610506828117,0.08696190506515605,0.857543691355297,9.72297472418814
PerplexDEW (Davies),isobar,7.5,811.6666666666667,1.1918517554076085,0.08874595736477046,0.8742467148348217,9.866892801889154
PerplexDEW (Davies),isobar,7.5,815.0,1.2155820579986578,0.0905579633068725,0.8913046738525184,10.000005955456048
PerplexDEW (Davies),isobar,8.0,850.0,1.5855653673912289,0.11722907620211899,1.152874010341057,10.000006562914516
PerplexDEW (Davies),isobar,8.0,851.010101010101,1.5959828065846686,0.11792312841874003,1.1601188036401648,10.00000658530872
PerplexDEW (Davies),isobar,8.0,852.020202020202,1.6064919968198725,0.11862044578534287,1.1674212236628763,10.000006608666116
PerplexDEW (Davies),isobar,8.0,853.030303030303,1.6170944639272826,0.1193210649970029,1.1747821992560987,10.000006633011651
PerplexDEW (Davies),isobar,8.0,854.040404040404,1.6277914521941723,0.12002500148082451,1.1822024596288738,10.000006658369136
PerplexDEW (Davies),isobar,8.0,855.0505050505051,1.6385839027821625,0.1207322486054867,1.1896825231560864,10.000006684761303
PerplexDEW (Davies),isobar,8.0,856.060606060606,1.6494734140746714,0.12144284399609363,1.19722335824538,10.000006712214711
PerplexDEW (Davies),isobar,8.0,857.070707070707,1.6604609591579877,0.12215678101049825,1.2048255008290378,10.000006740753237
PerplexDEW (Davies),isobar,8.0,858.0808080808081,1.6715478499724605,0.12287407521142447,1.2124897176149498,10.000006770402969
PerplexDEW (Davies),isobar,8.0,859.0909090909091,1.6827357572356014,0.12359476516577662,1.220217018519484,10.000006801192189
PerplexDEW (Davies),isobar,8.0,860.10101010101,1.694026046330234,0.12431886723633123,1.2280082010741133,10.000006833148158
PerplexDEW (Davies),isobar,8.0,861.1111111111111,1.705419757453511,0.12504637477712002,1.235863837993493,10.00000686629719
PerplexDEW (Davies),isobar,8.0,862.1212121212121,1.7169186374419076,0.12577732733258765,1.2437849827244372,10.000006900669378
PerplexDEW (Davies),isobar,8.0,863.1313131313132,1.7285237617654206,0.12651171826425983,1.2517722272440857,10.000006936292342
PerplexDEW (Davies),isobar,8.0,864.1414141414141,1.7402365705208696,0.12724956411348576,1.2598264102054375,10.000006973195935
PerplexDEW (Davies),isobar,8.0,865.1515151515151,1.7520588902819032,0.12799090543289937,1.267948630485725,10.000007011412196
PerplexDEW (Davies),isobar,8.0,866.1616161616162,1.7639922306160383,0.12873575961552824,1.2761397604682738,10.00000705097231
PerplexDEW (Davies),isobar,8.0,867.1717171717172,1.7760377205205524,0.12948412005791032,1.284400432493711,10.000007091906655
PerplexDEW (Davies),isobar,8.0,868.1818181818181,1.788197280675322,0.13023602835938242,1.2927317931015954,10.00000713424935
PerplexDEW (Davies),isobar,8.0,869.1919191919192,1.80047209978626,0.1309914779445216,1.301134495775982,10.000007178032252
PerplexDEW (Davies),isobar,8.0,870.2020202020202,1.8128639530835575,0.13175049878110653,1.30960958901922,10.000007223290208
PerplexDEW (Davies),isobar,8.0,871.2121212121212,1.8253746504179176,0.1325131213746541,1.3181581411316907,10.000007270058797
PerplexDEW (Davies),isobar,8.0,872.2222222222222,1.838005243112609,0.1332793266818057,1.3267807045521773,10.000007318371496
PerplexDEW (Davies),isobar,8.0,873.2323232323232,1.8507581855763906,0.13404918308486927,1.3354787766578993,10.00000736826761
PerplexDEW (Davies),isobar,8.0,874.2424242424242,1.8636345741280183,0.13482267167541453,1.3442529342715075,10.000007419782246
PerplexDEW (Davies),isobar,8.0,875.2525252525253,1.8766363259184826,0.13559982384468372,1.35310430512452,10.000007472954199
PerplexDEW (Davies),isobar,8.0,876.2626262626262,1.8897653957210951,0.13638067154923939,1.3620340383141603,10.000007527823076
PerplexDEW (Davies),isobar,8.0,877.2727272727273,1.9030231424934256,0.13716520840214846,1.3710428788326103,10.000007584427287
PerplexDEW (Davies),isobar,8.0,878.2828282828283,1.9164117886479162,0.1379534797587531,1.3801321486122986,10.000007642808875
PerplexDEW (Davies),isobar,8.0,879.2929292929293,1.9299327395392893,0.13874547929975306,1.3893026173800642,10.00000770300807
PerplexDEW (Davies),isobar,8.0,880.3030303030303,1.9435882865296983,0.13954125318531468,1.398555645506479,10.000007765068695
PerplexDEW (Davies),isobar,8.0,881.3131313131313,1.95737988303715,0.14034079517255993,1.4078920282492313,10.000007829032873
PerplexDEW (Davies),isobar,8.0,882.3232323232323,1.971309891777194,0.14114415224546067,1.417313165629898,10.000007894946297
PerplexDEW (Davies),isobar,8.0,883.3333333333334,1.9853800443722083,0.1419513317784589,1.4268200316060713,10.000007962853683
PerplexDEW (Davies),isobar,8.0,884.3434343434343,1.9995920921861439,0.14276234100332028,1.4364136100737377,10.000008032800787
PerplexDEW (Davies),isobar,8.0,885.3535353535353,2.0139487441213695,0.14357724189979326,1.4460955189119264,10.000008104836857
PerplexDEW (Davies),isobar,8.0,886.3636363636364,2.028450878242475,0.1443959872863226,1.4558661528474408,10.000008179007262
PerplexDEW (Davies),isobar,8.0,887.3737373737374,2.043101990772284,0.14521868138042782,1.4657276444482976,10.000008255365133
PerplexDEW (Davies),isobar,8.0,888.3838383838383,2.0579032488491995,0.146045290835565,1.47568057309228,10.000008333958633
PerplexDEW (Davies),isobar,8.0,889.3939393939394,2.072856791348387,0.14687583744879068,1.4857261604914933,10.00000841483947
PerplexDEW (Davies),isobar,8.0,890.4040404040404,2.0879652925193333,0.1477103716991945,1.495865978296208,10.000008498061614
PerplexDEW (Davies),isobar,8.0,891.4141414141415,2.1032304737752257,0.14854888786859852,1.5061009624180266,10.000008583677893
PerplexDEW (Davies),isobar,8.0,892.4242424242424,2.1186550943468054,0.149391437362458,1.5164327309109624,10.000008671744563
PerplexDEW (Davies),isobar,8.0,893.4343434343434,2.1342414565316705,0.15023804363180368,1.526862594330027,10.000008762317927
PerplexDEW (Davies),isobar,8.0,894.4444444444445,2.149991372362145,0.1510887011683999,1.537391535510639,10.000008855454478
PerplexDEW (Davies),isobar,8.0,895.4545454545455,2.1659071992303964,0.15194343336688573,1.548020892829197,10.000008951213053
PerplexDEW (Davies),isobar,8.0,896.4646464646464,2.18199187573488,0.15280229355246125,1.558752381713772,10.000009049654768
PerplexDEW (Davies),isobar,8.0,897.4747474747475,2.1982478593790833,0.15366530630876907,1.5695873951132562,10.00000915084097
PerplexDEW (Davies),isobar,8.0,898.4848484848485,2.2146770910079896,0.15453246644431512,1.580526982003823,10.00000925483338
PerplexDEW (Davies),isobar,8.0,899.4949494949495,2.2312820876227173,0.15540379850373098,1.5915725650725423,10.000009361696096
PerplexDEW (Davies),isobar,8.0,900.5050505050505,2.2480659806757073,0.1562793578252221,1.6027259688943374,10.000009471495499
PerplexDEW (Davies),isobar,8.0,901.5151515151515,2.265031394810829,0.1571591701962266,1.613988664003482,10.000009584298398
PerplexDEW (Davies),isobar,8.0,902.5252525252525,2.282180409901708,0.15804323078996196,1.6253617751254723,10.000009700172187
PerplexDEW (Davies),isobar,8.0,903.5353535353536,2.299516013391863,0.15893158094720625,1.6368470095279033,10.000009819187065
PerplexDEW (Davies),isobar,8.0,904.5454545454545,2.317041254165783,0.15982426276356415,1.648446107700987,10.000009941414682
PerplexDEW (Davies),isobar,8.0,905.5555555555555,2.334758016885411,0.1607212559247424,1.6601600459647323,10.000010066926588
PerplexDEW (Davies),isobar,8.0,906.5656565656566,2.3526700488044128,0.16162263454782763,1.6719910071902642,10.000010195798312
PerplexDEW (Davies),isobar,8.0,907.5757575757576,2.3707802502081563,0.16252842636836357,1.6839406155752086,10.000010328105727
PerplexDEW (Davies),isobar,8.0,908.5858585858585,2.389090930962659,0.16343862720335445,1.69601010612286,10.000010463925609
PerplexDEW (Davies),isobar,8.0,909.5959595959596,2.4076057127140196,0.16435329728968096,1.7082015582667145,10.00001060333784
PerplexDEW (Davies),isobar,8.0,910.6060606060606,2.4263269883046217,0.1652724326863673,1.7205162481591345,10.000010746422593
PerplexDEW (Davies),isobar,8.0,911.6161616161617,2.445258500088923,0.1661960947919519,1.7329563184815973,10.000010893263084
PerplexDEW (Davies),isobar,8.0,912.6262626262626,2.464402727316515,0.16712427992189172,1.7455230879806027,10.000011043943015
PerplexDEW (Davies),isobar,8.0,913.6363636363636,2.4837635378021474,0.168057050664665,1.7582187647450351,10.000011198549068
PerplexDEW (Davies),isobar,8.0,914.6464646464647,2.5033435008132088,0.16899440360696905,1.771044711622452,10.000011357168612
PerplexDEW (Davies),isobar,8.0,915.6565656565657,2.5231462615546363,0.16993638560810126,1.784002977418853,10.000011519891698
PerplexDEW (Davies),isobar,8.0,916.6666666666666,2.5431755422856948,0.1708830443856607,1.7970956514686964,10.00001168681022
PerplexDEW (Davies),isobar,8.0,917.6767676767677,2.5634340544970984,0.17183437696203685,1.8103241657418279,10.000011858017306
PerplexDEW (Davies),isobar,8.0,918.6868686868687,2.5839260020153327,0.17279044902909782,1.8236909018807976,10.000012033608943
PerplexDEW (Davies),isobar,8.0,919.6969696969697,2.604653822387263,0.17375124048516252,1.8371971008512975,10.000012213682128
PerplexDEW (Davies),isobar,8.0,920.7070707070707,2.6256229850628636,0.1747168706201701,1.8508459354900866,10.000012398337331
PerplexDEW (Davies),isobar,8.0,921.7171717171717,2.646835284127345,0.1756872847903908,1.8646382183439487,10.000012587675423
PerplexDEW (Davies),isobar,8.0,922.7272727272727,2.6682955912616464,0.17666256874348032,1.8785767201935841,10.000012781800658
PerplexDEW (Davies),isobar,8.0,923.7373737373738,2.6900069309952537,0.17764272048264254,1.8926630228424965,10.000012980818783
PerplexDEW (Davies),isobar,8.0,924.7474747474747,2.7119739573396506,0.17862780968026812,1.9068997368877567,10.000013184838176
PerplexDEW (Davies),isobar,8.0,925.7575757575758,2.7342002164039396,0.17961785289318968,1.9212887568485755,10.00001339396917
PerplexDEW (Davies),isobar,8.0,926.7676767676768,2.756689301322627,0.18061286660883893,1.9358319979855698,10.000013608324464
PerplexDEW (Davies),isobar,8.0,927.7777777777778,2.7794461128105343,0.18161292260121964,1.950532200270638,10.00001382801921
PerplexDEW (Davies),isobar,8.0,928.7878787878788,2.802473969359471,0.18261801981012898,1.965391072586845,10.00001405317082
PerplexDEW (Davies),isobar,8.0,929.7979797979798,2.825777963795681,0.1836282314538592,1.9804114409256504,10.000014283899171
PerplexDEW (Davies),isobar,8.0,930.8080808080808,2.8493615051501058,0.18464355687910353,1.9955950839203773,10.000014520326678
PerplexDEW (Davies),isobar,8.0,931.8181818181819,2.873229865919984,0.18566407078410238,2.010944911643648,10.00001476257812
PerplexDEW (Davies),isobar,8.0,932.8282828282828,2.897386624680644,0.18668977294165678,2.026462763847177,10.000015010781103
PerplexDEW (Davies),isobar,8.0,933.8383838383838,2.921837224805186,0.1877207395665247,2.0421516432898965,10.000015265065505
PerplexDEW (Davies),isobar,8.0,934.8484848484849,2.9465853841340905,0.18875697087740145,2.0580134532055734,10.000015525564326
PerplexDEW (Davies),isobar,8.0,935.8585858585859,2.9716367430171586,0.18979854464304471,2.074051292466692,10.000015792412736
PerplexDEW (Davies),isobar,8.0,936.8686868686868,2.9969951652091953,0.19084546154840018,2.0902671302695293,10.00001606574934
PerplexDEW (Davies),isobar,8.0,937.8787878787879,3.022666496845066,0.1918978009547282,2.106664165185258,10.000016345714801
PerplexDEW (Davies),isobar,8.0,938.8888888888889,3.0486547546524796,0.19295556403407904,2.123244434975379,10.000016632453539
PerplexDEW (Davies),isobar,8.0,939.89898989899,3.074965999864472,0.19401883177973564,2.1400112416606176,10.000016926111932
PerplexDEW (Davies),isobar,8.0,940.9090909090909,3.101604409681576,0.19508760587232618,2.1569666943022683,10.00001722684044
PerplexDEW (Davies),isobar,8.0,941.9191919191919,3.1285762702905235,0.1961619689776817,2.1741142022965816,10.000017534791368
PerplexDEW (Davies),isobar,8.0,942.929292929293,3.155885927340569,0.19724192330708798,2.191455948879181,10.000017850121441
PerplexDEW (Davies),isobar,8.0,943.939393939394,3.183539902406907,0.19832755324047263,2.208995454933515,10.000018172989128
PerplexDEW (Davies),isobar,8.0,944.9494949494949,3.211542718075653,0.199418861542461,2.2267349808920396,10.00001850355766
PerplexDEW (Davies),isobar,8.0,945.959595959596,3.239901142372052,0.20051593434976125,2.2446781634340485,10.000018841991745
PerplexDEW (Davies),isobar,8.0,946.969696969697,3.268619883859748,0.2016187750036292,2.2628273433708976,10.000019188461524
PerplexDEW (Davies),isobar,8.0,947.9797979797979,3.2977048322099742,0.2027274288316063,2.2811855756033452,10.000019543139581
PerplexDEW (Davies),isobar,8.0,948.989898989899,3.3271637240317644,0.20384200614432785,2.299757034867558,10.000019906200208
PerplexDEW (Davies),isobar,8.0,950.0,3.357001005597455,0.20496249004228173,2.3185438427797527,10.000020277824555
PerplexDEW (Davies),isobar,8.8,690.0,0.6373532866448033,0.04350552660000054,0.46710847052318893,7.356191841840301
PerplexDEW (Davies),isobar,8.8,692.2222222222222,0.6461306745650776,0.04423687307516155,0.4736521712788768,7.38599353083956
PerplexDEW (Davies),isobar,8.8,694.4444444444445,0.6550117566322962,0.04497771906387076,0.4802718062216799,7.416367178549952
PerplexDEW (Davies),isobar,8.8,696.6666666666666,0.6639980672315835,0.04572814817421694,0.4869683529936494,7.447332081149762
PerplexDEW (Davies),isobar,8.8,698.8888888888889,0.6730911475107886,0.046488241093344804,0.4937427884043063,7.478908283422344
PerplexDEW (Davies),isobar,8.8,701.1111111111111,0.6822926608130007,0.0472580854741794,0.500596172913035,7.511117028773125
PerplexDEW (Davies),isobar,8.8,703.3333333333334,0.6916042464135601,0.04803776269887068,0.5075295396430952,7.5439802238974725
PerplexDEW (Davies),isobar,8.8,705.5555555555555,0.7010277511373264,0.04882736845928228,0.5145440691367144,7.577521407934221
PerplexDEW (Davies),isobar,8.8,707.7777777777778,0.7105648442420512,0.04962697805501784,0.5216407979647247,7.611764334611216
PerplexDEW (Davies),isobar,8.8,710.0,0.7202174066943523,0.05043668111335983,0.5288209125576007,7.646734467418588
PerplexDEW (Davies),isobar,8.8,712.2222222222222,0.729987381374675,0.0512565679850779,0.5360856355622028,7.682458491496881
PerplexDEW (Davies),isobar,8.8,714.4444444444445,0.7398766907938349,0.05208672217381347,0.5434361634405476,7.718964053816238
PerplexDEW (Davies),isobar,8.8,716.6666666666666,0.7498874043676922,0.05292723501907977,0.5508737922490595,7.756280466869233
PerplexDEW (Davies),isobar,8.8,718.8888888888889,0.7600215729220404,0.053778190914814,0.5583997924804512,7.794438136661864
PerplexDEW (Davies),isobar,8.8,721.1111111111111,0.7702814469328065,0.054639686426527896,0.5660155730007986,7.833469496965243
PerplexDEW (Davies),isobar,8.8,723.3333333333334,0.7806691724717933,0.05551180284737106,0.5737224517628623,7.873407877813845
PerplexDEW (Davies),isobar,8.8,725.5555555555555,0.7911871021664697,0.056394633940834805,0.5815218893699073,7.914288834182633
PerplexDEW (Davies),isobar,8.8,727.7777777777778,0.8018376687910611,0.05728827431839006,0.5894153933938012,7.9561497425832375
PerplexDEW (Davies),isobar,8.8,730.0,0.8126232438922499,0.05819280646572851,0.5974044135328919,7.9990292998088375
PerplexDEW (Davies),isobar,8.8,732.2222222222222,0.8235464708059793,0.05910833047265521,0.6054905845695919,8.042969029044654
PerplexDEW (Davies),isobar,8.8,734.4444444444445,0.8346098859919403,0.06003492968905388,0.6136754514068838,8.088011813544902
PerplexDEW (Davies),isobar,8.8,736.6666666666666,0.845816362095653,0.060972710307354426,0.6219607942310152,8.134203857280868
PerplexDEW (Davies),isobar,8.8,738.8888888888889,0.8571685641407824,0.0619217521957304,0.6303482224120094,8.181592559182649
PerplexDEW (Davies),isobar,8.8,741.1111111111111,0.8686695586113989,0.0628821633308419,0.6388396296038461,8.230229285362482
PerplexDEW (Davies),isobar,8.8,743.3333333333334,0.8803222537408489,0.0638540292471573,0.6474367747495425,8.280167047946712
PerplexDEW (Davies),isobar,8.8,745.5555555555555,0.8921298175333356,0.06483745023824128,0.6561415938138982,8.331462572021335
PerplexDEW (Davies),isobar,8.8,747.7777777777778,0.904095416933521,0.06583251766764521,0.6649560045207721,8.384175293830534
PerplexDEW (Davies),isobar,8.8,750.0,0.9162224967173265,0.06683933856391905,0.6738821134363998,8.438368899288282
PerplexDEW (Davies),isobar,8.8,752.2222222222222,0.9285144506069293,0.06785800590839972,0.6829219704931384,8.494109990172268
PerplexDEW (Davies),isobar,8.8,754.4444444444445,0.9409747869759788,0.06888861312837695,0.6920776918950091,8.55146911470478
PerplexDEW (Davies),isobar,8.8,756.6666666666666,0.9536072541176193,0.06993126484086774,0.7013515522427729,8.61052172132689
PerplexDEW (Davies),isobar,8.8,758.8888888888889,0.9664157947838028,0.07098607235271193,0.7107459513048056,8.671348192977073
PerplexDEW (Davies),isobar,8.8,761.1111111111111,0.9794041159546572,0.0720531153019774,0.7202630887926116,8.734032065513915
PerplexDEW (Davies),isobar,8.8,763.3333333333334,0.9925765567220706,0.07313251792699223,0.7299056150356847,8.79866487797977
PerplexDEW (Davies),isobar,8.8,765.5555555555555,1.0059372253084238,0.07422437248298963,0.7396759858551658,8.86534207931728
PerplexDEW (Davies),isobar,8.8,767.7777777777778,1.019490501191978,0.07532878313585809,0.7495768345535938,8.934166159408202
PerplexDEW (Davies),isobar,8.8,770.0,1.03324098522362,0.07644586103225826,0.7596109338345145,9.005246961884223
PerplexDEW (Davies),isobar,8.8,772.2222222222222,1.0471933028147848,0.07757570668977865,0.7697810502121514,9.078701190220434
PerplexDEW (Davies),isobar,8.8,774.4444444444445,1.0613523805721732,0.07871843364165648,0.7800901464914312,9.15465456639131
PerplexDEW (Davies),isobar,8.8,776.6666666666666,1.075723248503512,0.07987415072914972,0.7905412354545045,9.233241600645506
PerplexDEW (Davies),isobar,8.8,778.8888888888889,1.0903110388282415,0.08104296162357613,0.801137378426161,9.314606306671454
PerplexDEW (Davies),isobar,8.8,781.1111111111111,1.1051212881658556,0.08222499024751381,0.8118819050636946,9.398905084785262
PerplexDEW (Davies),isobar,8.8,783.3333333333334,1.1201594251600098,0.08342033632931913,0.822778038107258,9.486304608266472
PerplexDEW (Davies),isobar,8.8,785.5555555555555,1.135431299418931,0.08462912016078974,0.8338292784902925,9.576986456216023
PerplexDEW (Davies),isobar,8.8,787.7777777777778,1.1509429706427294,0.08585146387203167,0.8450392499461183,9.671147141292034
PerplexDEW (Davies),isobar,8.8,790.0,1.1667004680133723,0.08708747070800776,0.8564115235985961,9.768998240314543
PerplexDEW (Davies),isobar,8.8,792.2222222222222,1.1827102785829622,0.08833726563462975,0.8679499714110387,9.870771521001041
PerplexDEW (Davies),isobar,8.8,794.4444444444445,1.1989790363231758,0.08960096847552698,0.8796585390969104,9.976719098357815
PerplexDEW (Davies),isobar,8.8,796.6666666666666,1.215513609552254,0.09087870067421451,0.8915413083773936,10.00000678590051
PerplexDEW (Davies),isobar,8.8,798.8888888888889,1.2323212904385445,0.09217060017240952,0.9036026319597827,10.000006768522992
PerplexDEW (Davies),isobar,8.8,801.1111111111111,1.2494091762739834,0.09347676998942339,0.9158466869981063,10.000006752135363
PerplexDEW (Davies),isobar,8.8,803.3333333333334,1.2667849790235821,0.09479734410373045,0.9282780565896269,10.000006736798545
PerplexDEW (Davies),isobar,8.8,805.5555555555555,1.2844566891330604,0.09613245887597559,0.9409014856201572,10.00000672257658
PerplexDEW (Davies),isobar,8.8,807.7777777777778,1.3024323874592496,0.09748223731374227,0.9537217450563185,10.000006709534766
PerplexDEW (Davies),isobar,8.8,810.0,1.320720638985911,0.09884682003248449,0.9667439120724834,10.000006697743938
PerplexDEW (Davies),isobar,8.8,812.2222222222222,1.339330006731905,0.10022632576048568,0.9799730217130285,10.000006687275546
PerplexDEW (Davies),isobar,8.8,814.4444444444445,1.358269878132607,0.10162091590747555,0.9934146533687664,10.000006678209994
PerplexDEW (Davies),isobar,8.8,816.6666666666666,1.3775494481959678,0.1030307135500923,1.0070742058483426,10.000006670626654
PerplexDEW (Davies),isobar,8.8,818.8888888888889,1.3971784495275321,0.10445586021708916,1.0209574148326341,10.000006664611231
PerplexDEW (Davies),isobar,8.8,821.1111111111111,1.4171671904447676,0.10589651734468941,1.035070376354092,10.00000666025589
PerplexDEW (Davies),isobar,8.8,823.3333333333334,1.437525891694025,0.10735281458551184,1.0494190768691471,10.000006657653532
PerplexDEW (Davies),isobar,8.8,825.5555555555555,1.4582654850939878,0.10882491014728146,1.0640099548302302,10.000006656905024
PerplexDEW (Davies),isobar,8.8,827.7777777777778,1.479397062840326,0.11031294725542726,1.0788495043961668,10.00000665811447
PerplexDEW (Davies),isobar,8.8,830.0,1.5009323328734494,0.11181709002395597,1.0939446171935767,10.000006661393424
PerplexDEW (Davies),isobar,8.8,832.2222222222222,1.5228833265859285,0.11333749667571684,1.1093023391211538,10.00000666685821
PerplexDEW (Davies),isobar,8.8,834.4444444444445,1.5452624985139058,0.11487432852393013,1.1249299612196673,10.000006674631212
PerplexDEW (Davies),isobar,8.8,836.6666666666667,1.5680827505357597,0.11642775008967815,1.1408350283143982,10.00000668484116
PerplexDEW (Davies),isobar,8.8,838.8888888888889,1.5913571681167225,0.11799790937637375,1.1570251539553595,10.00000669762158
PerplexDEW (Davies),isobar,8.8,841.1111111111111,1.6151001522597108,0.11958501706551757,1.1735088010972126,10.000006713118673
PerplexDEW (Davies),isobar,8.8,843.3333333333334,1.639325628979039,0.12118921827178603,1.1902940397419846,10.000006731479377
PerplexDEW (Davies),isobar,8.8,845.5555555555555,1.664048603855678,0.12281070152557871,1.2073896195593714,10.00000675286213
PerplexDEW (Davies),isobar,8.8,847.7777777777778,1.6892846364856418,0.12444965987127861,1.224804602028045,10.000006777433416
PerplexDEW (Davies),isobar,8.8,850.0,1.7150492216398394,0.1261062483140382,1.2425479340765406,10.000006805364588
PerplexDEW (Davies),isobar,8.8,852.2222222222222,1.741359370114347,0.12778068870375325,1.2606295274782515,10.000006836841376
PerplexDEW (Davies),isobar,8.8,854.4444444444445,1.7682320718121285,0.129473165655147,1.279059202201155,10.0000068720552
PerplexDEW (Davies),isobar,8.8,856.6666666666667,1.7956850988609496,0.13118387858141586,1.2978472325572032,10.000006911208205
PerplexDEW (Davies),isobar,8.8,858.8888888888889,1.8237368741739652,0.13291303153365505,1.317004252878285,10.000006954512797
PerplexDEW (Davies),isobar,8.8,861.1111111111111,1.8524064970598835,0.13466083337263224,1.3365412747058003,10.000007002192156
PerplexDEW (Davies),isobar,8.8,863.3333333333334,1.881713770013722,0.13642749794648612,1.3564696838870691,10.000007054480745
PerplexDEW (Davies),isobar,8.8,865.5555555555555,1.911679421479148,0.13821325627752953,1.376801409394444,10.000007111625699
PerplexDEW (Davies),isobar,8.8,867.7777777777778,1.9423241615863829,0.14001829673679111,1.3975482685938654,10.00000717388318
PerplexDEW (Davies),isobar,8.8,870.0,1.9736708664323528,0.14184289765859587,1.4187234313498276,10.00000724152818
PerplexDEW (Davies),isobar,8.8,872.2222222222222,2.0057420564428314,0.1436872707438394,1.440339722637868,10.000007314844275
PerplexDEW (Davies),isobar,8.8,874.4444444444445,2.038561280225994,0.1455516448864838,1.4624105462438828,10.00000739413015
PerplexDEW (Davies),isobar,8.8,876.6666666666667,2.072153403601484,0.14743628032939615,1.4849500684459074,10.000007479701017
PerplexDEW (Davies),isobar,8.8,878.8888888888889,2.106544248337396,0.14934144453130704,1.5079729687984869,10.000007571887625
PerplexDEW (Davies),isobar,8.8,881.1111111111111,2.1417601554902705,0.15126738562732542,1.5314941449201331,10.0000076710355
PerplexDEW (Davies),isobar,8.8,883.3333333333334,2.1778286953296218,0.15321437141785144,1.5555291755123892,10.000007777508042
PerplexDEW (Davies),isobar,8.8,885.5555555555555,2.2147784919379165,0.15518267683198375,1.5800941953434375,10.000007891686534
PerplexDEW (Davies),isobar,8.8,887.7777777777778,2.2526392687921493,0.1571725844737305,1.605205920677006,10.000008013970959
PerplexDEW (Davies),isobar,8.8,890.0,2.2914421669572804,0.15918439800449954,1.630881830983206,10.000008144781564
PerplexDEW (Davies),isobar,8.8,892.2222222222222,2.3312190021963493,0.16121840176369592,1.6571396979329411,10.000008284557634
PerplexDEW (Davies),isobar,8.8,894.4444444444445,2.372002808262331,0.16327488711202992,1.6839979160837295,10.000008433759906
PerplexDEW (Davies),isobar,8.8,896.6666666666667,2.41382878015322,0.16535419785196578,1.7114761059262364,10.00000859287351
PerplexDEW (Davies),isobar,8.8,898.8888888888889,2.456732652225475,0.16745664285279666,1.739594037559336,10.000008762404914
PerplexDEW (Davies),isobar,8.8,901.1111111111111,2.5007518201187264,0.16958255457966157,1.768372388375668,10.000008942885728
PerplexDEW (Davies),isobar,8.8,903.3333333333334,2.545925222036,0.17173227491366722,1.7978325908287518,10.000009134873102
PerplexDEW (Davies),isobar,8.8,905.5555555555555,2.59229368603673,0.17390617141926218,1.8279970785285469,10.000009338951427
PerplexDEW (Davies),isobar,8.8,907.7777777777778,2.639898681572072,0.1761045741827682,1.8588884618213166,10.000009555731285
PerplexDEW (Davies),isobar,8.8,910.0,2.6887843891063294,0.17832787103579187,1.8905308361684403,10.000009785854104
PerplexDEW (Davies),isobar,9.0,690.0,0.645022862872957,0.044111903818549264,0.47281646834723434,7.384354485983885
PerplexDEW (Davies),isobar,9.0,692.2222222222222,0.6539301351607552,0.044855115977917685,0.47945639977496446,7.41481300394144
PerplexDEW (Davies),isobar,9.0,694.4444444444445,0.6629434180688094,0.04560801530780009,0.4861738606364162,7.445866473751149
PerplexDEW (Davies),isobar,9.0,696.6666666666666,0.6720643801777977,0.046370694153333204,0.49296992046603494,7.477535552619891
PerplexDEW (Davies),isobar,9.0,698.8888888888889,0.6812946295998494,0.047143235785402256,0.49984559674398443,7.509841480652242
PerplexDEW (Davies),isobar,9.0,701.1111111111111,0.690635861243758,0.0479257270610543,0.5068019633448764,7.542806573528324
PerplexDEW (Davies),isobar,9.0,703.3333333333334,0.7000898234122597,0.04871825527855052,0.5138401249000574,7.576454229158237
PerplexDEW (Davies),isobar,9.0,705.5555555555555,0.7096583593037404,0.049520911720058736,0.5209612477796723,7.610809082505941
PerplexDEW (Davies),isobar,9.0,707.7777777777778,0.719343292367554,0.05033378119275476,0.5281664731300365,7.645896644157306
PerplexDEW (Davies),isobar,9.0,710.0,0.7291465848273349,0.05115695604491517,0.5354570362163455,7.68174394888192
PerplexDEW (Davies),isobar,9.0,712.2222222222222,0.7390701808950187,0.05199052190413071,0.542834147684761,7.718379024891272
PerplexDEW (Davies),isobar,9.0,714.4444444444445,0.7491162135402617,0.05283457607220938,0.5502991490963358,7.7558317537560395
PerplexDEW (Davies),isobar,9.0,716.6666666666666,0.759286716495276,0.05368920127239871,0.5578532954197271,7.794132823719989
PerplexDEW (Davies),isobar,9.0,718.8888888888889,0.7695839188316668,0.05455449223095193,0.5654979766119029,7.833314952208885
PerplexDEW (Davies),isobar,9.0,721.1111111111111,0.7800101252299111,0.055430544363350244,0.5732346268533421,7.873412509749693
PerplexDEW (Davies),isobar,9.0,723.3333333333334,0.7905675821755306,0.05631744166491731,0.5810646235712451,7.914461055268197
PerplexDEW (Davies),isobar,9.0,725.5555555555555,0.8012587932915497,0.05721528479760133,0.5889895240220382,7.956498717733215
PerplexDEW (Davies),isobar,9.0,727.7777777777778,0.812086208195364,0.058124162852582185,0.5970108325942636,7.999565025118528
PerplexDEW (Davies),isobar,9.0,730.0,0.8230524535837038,0.059044173871746514,0.6051301673772481,8.043701991694636
PerplexDEW (Davies),isobar,9.0,732.2222222222222,0.8341601488980755,0.059975408007000255,0.6133491309359679,8.088953391750936
PerplexDEW (Davies),isobar,9.0,734.4444444444445,0.8454121006574479,0.06091796470614417,0.6216694491500039,8.135365822214123
PerplexDEW (Davies),isobar,9.0,736.6666666666666,0.8568111622172376,0.061871939821523975,0.6300928670915562,8.182988180957057
PerplexDEW (Davies),isobar,9.0,738.8888888888889,0.8683602326316023,0.06283742522864186,0.6386211477707653,8.231871816425588
PerplexDEW (Davies),isobar,9.0,741.1111111111111,0.8800624672011782,0.06381452737943934,0.6472562287694287,8.282071658839254
PerplexDEW (Davies),isobar,9.0,743.3333333333334,0.8919208643897173,0.06480333000506626,0.655999913301734,8.333644507050824
PerplexDEW (Davies),isobar,9.0,745.5555555555555,0.9039389046001093,0.06580395091804449,0.6648543459959979,8.38665220522654
PerplexDEW (Davies),isobar,9.0,747.7777777777778,0.9161198053148599,0.06681647510683432,0.673821457041344,8.441158367142217
PerplexDEW (Davies),isobar,9.0,750.0,0.9284671745466081,0.06784101273324951,0.6829034482785368,8.49723172089173
PerplexDEW (Davies),isobar,9.0,752.2222222222222,0.9409845756998079,0.06887765996543233,0.6921024686397457,8.554944287973946
PerplexDEW (Davies),isobar,9.0,754.4444444444445,0.9536757533451263,0.06992651873091754,0.7014207814091205,8.61437279746244
PerplexDEW (Davies),isobar,9.0,756.6666666666666,0.9665446435536087,0.07098769719788393,0.710860772531238,8.67559899481176
PerplexDEW (Davies),isobar,9.0,758.8888888888889,0.9795951989435157,0.07206129391097071,0.7204248138903355,8.738709236811108
PerplexDEW (Davies),isobar,9.0,761.1111111111111,0.9928315710733909,0.07314741353422201,0.7301154071605948,8.803795741441913
PerplexDEW (Davies),isobar,9.0,763.3333333333334,1.006258186265338,0.07424617300505797,0.7399352323921126,8.870957506757193
PerplexDEW (Davies),isobar,9.0,765.5555555555555,1.019879369126716,0.0753576680732626,0.7498868710040714,8.940298746360291
PerplexDEW (Davies),isobar,9.0,767.7777777777778,1.0336997920143234,0.07648201229563913,0.7599731365197895,9.011931907192938
PerplexDEW (Davies),isobar,9.0,770.0,1.0477241579736727,0.07761930882566678,0.7701968400373334,9.085976558499729
PerplexDEW (Davies),isobar,9.0,772.2222222222222,1.061957472887372,0.0787696736441319,0.78056098942963,9.16256155132415
PerplexDEW (Davies),isobar,9.0,774.4444444444445,1.0764049229585502,0.07993322431894503,0.7910686980381443,9.241825286708279
PerplexDEW (Davies),isobar,9.0,776.6666666666666,1.0910716622558003,0.08111006128060605,0.8017230284663804,9.323915184203718
PerplexDEW (Davies),isobar,9.0,778.8888888888889,1.1059633187235887,0.08230031085250265,0.8125273618230446,9.408991830597435
PerplexDEW (Davies),isobar,9.0,781.1111111111111,1.121085422329008,0.08350407562697988,0.8234849786552574,9.497226565134069
PerplexDEW (Davies),isobar,9.0,783.3333333333334,1.1364439252908067,0.08472147845181566,0.8345994377547328,9.588806123247547
PerplexDEW (Davies),isobar,9.0,785.5555555555555,1.1520449952149552,0.08595264403162566,0.8458744236075186,9.683932753285363
PerplexDEW (Davies),isobar,9.0,787.7777777777778,1.1678948603728794,0.08719768537101923,0.8573136331097293,9.782825042054956
PerplexDEW (Davies),isobar,9.0,790.0,1.1840000495987693,0.0884567234805923,0.8689209488256617,9.885721411844887
PerplexDEW (Davies),isobar,9.0,792.2222222222222,1.2003674092757934,0.0897298880036965,0.8807004495346253,9.992882695244909
PerplexDEW (Davies),isobar,9.0,794.4444444444445,1.2170038603720503,0.09101729637811053,0.8926562333446159,10.00000692020375
PerplexDEW (Davies),isobar,9.0,796.6666666666666,1.2339167439577192,0.09231908185105968,0.9047926659357726,10.000006901004319
PerplexDEW (Davies),isobar,9.0,798.8888888888889,1.251113394903134,0.09363535771674497,0.9171140720667736,10.00000688267581
PerplexDEW (Davies),isobar,9.0,801.1111111111111,1.268601865624883,0.09496627578628992,0.9296252544256338,10.000006865275129
PerplexDEW (Davies),isobar,9.0,803.3333333333334,1.2863900355337103,0.09631195300675924,0.9423308523360436,10.000006848856714
PerplexDEW (Davies),isobar,9.0,805.5555555555555,1.3044862502125676,0.09767252288589068,0.9552357994495162,10.000006833480079
PerplexDEW (Davies),isobar,9.0,807.7777777777778,1.3228993537733198,0.09904813682411305,0.9683453439349956,10.000006819209924
PerplexDEW (Davies),isobar,9.0,810.0,1.3416381098292929,0.10043891724786591,0.9816646339147732,10.000006806110077
PerplexDEW (Davies),isobar,9.0,812.2222222222222,1.3607117936804958,0.10184500412700685,0.9951991385193366,10.000006794249915
PerplexDEW (Davies),isobar,9.0,814.4444444444445,1.380130228080258,0.10326655637070814,1.0089546700026588,10.000006783704464
PerplexDEW (Davies),isobar,9.0,816.6666666666666,1.3999031619539783,0.10470370260261061,1.0229369415882372,10.00000677454852
PerplexDEW (Davies),isobar,9.0,818.8888888888889,1.4200410193135333,0.10615659861899056,1.0371520963360195,10.000006766863912
PerplexDEW (Davies),isobar,9.0,821.1111111111111,1.4405544908676258,0.10762539465096384,1.0516064156061882,10.000006760735701
PerplexDEW (Davies),isobar,9.0,823.3333333333334,1.4614546608683388,0.10911024364045196,1.0663064009115257,10.000006756253399
PerplexDEW (Davies),isobar,9.0,825.5555555555555,1.482752989051819,0.11061130134445062,1.0812587817350323,10.00000675351118
PerplexDEW (Davies),isobar,9.0,827.7777777777778,1.5044612485134283,0.11212871728311781,1.0964704366759348,10.000006752607149
PerplexDEW (Davies),isobar,9.0,830.0,1.5265920051490594,0.11366267134320594,1.1119487476212997,10.000006753647536
PerplexDEW (Davies),isobar,9.0,832.2222222222222,1.549157772578024,0.11521330991858761,1.127701001676721,10.000006756740047
PerplexDEW (Davies),isobar,9.0,834.4444444444445,1.5721720385786135,0.11678081991520933,1.1437351042165447,10.000006762002004
PerplexDEW (Davies),isobar,9.0,836.6666666666667,1.5956483848604366,0.11836536356038245,1.1600589631355591,10.00000676955378
PerplexDEW (Davies),isobar,9.0,838.8888888888889,1.6196010195415718,0.11996711591679557,1.17668085654776,10.000006779523012
PerplexDEW (Davies),isobar,9.0,841.1111111111111,1.6440446683974104,0.12158625570766779,1.1936093538540202,10.000006792043925
PerplexDEW (Davies),isobar,9.0,843.3333333333334,1.6689945946809739,0.1232229654557088,1.2108533261795003,10.000006807257678
PerplexDEW (Davies),isobar,9.0,845.5555555555555,1.6944667733908785,0.1248774420406844,1.2284220624016933,10.000006825313626
PerplexDEW (Davies),isobar,9.0,847.7777777777778,1.7204773027049653,0.12654985562646417,1.2463248622311105,10.000006846365936
PerplexDEW (Davies),isobar,9.0,850.0,1.7470434977360367,0.12824042149732082,1.2645717818167763,10.000006870580513
PerplexDEW (Davies),isobar,9.0,852.2222222222222,1.7741826678147101,0.1299493177901999,1.2831727934428119,10.000006898127957
PerplexDEW (Davies),isobar,9.0,854.4444444444445,1.8019134217854094,0.13167676996678476,1.302138671932418,10.000006929191333
PerplexDEW (Davies),isobar,9.0,856.6666666666667,1.830254729942172,0.13342298708488232,1.3214803503228576,10.00000696396108
PerplexDEW (Davies),isobar,9.0,858.8888888888889,1.8592259039267978,0.13518816022685465,1.3412089088114234,10.000007002635556
PerplexDEW (Davies),isobar,9.0,861.1111111111111,1.8888476921431903,0.1369725306849801,1.3613362932824127,10.000007045426823
PerplexDEW (Davies),isobar,9.0,863.3333333333334,1.9191412618865202,0.13877632286459704,1.3818746457488569,10.000007092555773
PerplexDEW (Davies),isobar,9.0,865.5555555555555,1.9501281778996225,0.14059974265103675,1.402836271523734,10.000007144252722
PerplexDEW (Davies),isobar,9.0,867.7777777777778,1.9818315972974798,0.1424430489231442,1.4242344386487926,10.000007200763129
PerplexDEW (Davies),isobar,9.0,870.0,2.014274744112503,0.1443064584040352,1.4460823495180113,10.000007262341251
PerplexDEW (Davies),isobar,9.0,872.2222222222222,2.047482765977314,0.14619025535259295,1.468394374370682,10.00000732925836
PerplexDEW (Davies),isobar,9.0,874.4444444444445,2.081480484323683,0.1480946559780849,1.4911845455357187,10.000007401794129
PerplexDEW (Davies),isobar,9.0,876.6666666666667,2.1162949870061416,0.15001995865707124,1.5144682737535775,10.000007480247216
PerplexDEW (Davies),isobar,9.0,878.8888888888889,2.151953039576411,0.15196639179984553,1.538260623921083,10.000007564926111
PerplexDEW (Davies),isobar,9.0,881.1111111111111,2.188483595202507,0.15393425547942632,1.5625779676402765,10.000007656158706
PerplexDEW (Davies),isobar,9.0,883.3333333333334,2.2259160138760827,0.15592381788016418,1.587436797907703,10.000007754286617
PerplexDEW (Davies),isobar,9.0,885.5555555555555,2.264281292408067,0.15793538191249953,1.6128545341303924,10.000007859669854
PerplexDEW (Davies),isobar,9.0,887.7777777777778,2.303611126098879,0.15996923020015894,1.6388488794740976,10.000007972684537
PerplexDEW (Davies),isobar,9.0,890.0,2.343938431553866,0.1620256534974569,1.6654381797620017,10.000008093725278
PerplexDEW (Davies),isobar,9.0,892.2222222222222,2.3852985369022877,0.16410500786632015,1.692642167443731,10.000008223208862
PerplexDEW (Davies),isobar,9.0,894.4444444444445,2.4277265027721886,0.1662075723385993,1.7204802028264536,10.000008361567923
PerplexDEW (Davies),isobar,9.0,896.6666666666667,2.4712604857665212,0.16833372212569597,1.7489734817473,10.000008509260411
PerplexDEW (Davies),isobar,9.0,898.8888888888889,2.5159384241414022,0.17048375328275459,1.7781428214709298,10.000008666762188
PerplexDEW (Davies),isobar,9.0,901.1111111111111,2.561801309235818,0.1726580460286209,1.8080107938415393,10.000008834575548
PerplexDEW (Davies),isobar,9.0,903.3333333333334,2.6088911931093035,0.17485696112961607,1.8386004144632262,10.000009013225494
PerplexDEW (Davies),isobar,9.0,905.5555555555555,2.657251165175226,0.17708083781646386,1.86993511626965,10.000009203260996
PerplexDEW (Davies),isobar,9.0,907.7777777777778,2.7069274593785524,0.17933008894304545,1.9020400762777308,10.000009405259783
PerplexDEW (Davies),isobar,9.0,910.0,2.7579675645947717,0.18160510756622958,1.9349409870199425,10.000009619825775
PerplexDEW (Davies),isobar,10.0,480.0,0.15047129266984405,0.006775856195382256,0.10605033893605637,4.263987303920169
PerplexDEW (Davies),isobar,10.0,484.44444444444446,0.1562288689962403,0.0071203795764848655,0.11023086850367014,4.384747883154127
PerplexDEW (Davies),isobar,10.0,488.8888888888889,0.16215966251484665,0.007479054986251572,0.11454180734869486,4.50905876558318
PerplexDEW (Davies),isobar,10.0,493.3333333333333,0.16826725499927178,0.007852314097780928,0.11898599082724101,4.637080502041945
PerplexDEW (Davies),isobar,10.0,497.77777777777777,0.17455526456369536,0.008240596426642759,0.1235662838298386,4.768987096522062
PerplexDEW (Davies),isobar,10.0,502.22222222222223,0.18102734648902355,0.008644349331460346,0.12828558101302134,4.904967455268196
PerplexDEW (Davies),isobar,10.0,506.6666666666667,0.18768720192796767,0.009064028489835875,0.13314681287292293,5.045227502921614
PerplexDEW (Davies),isobar,10.0,511.1111111111111,0.1945385565401733,0.009500096511768112,0.13815292939398163,5.189991669145579
PerplexDEW (Davies),isobar,10.0,515.5555555555555,0.20158518381142945,0.009953024266609867,0.14330691689871664,5.339505773308975
PerplexDEW (Davies),isobar,10.0,520.0,0.20883089953353073,0.010423290444367775,0.14861179340623906,5.494039507581163
PerplexDEW (Davies),isobar,10.0,524.4444444444445,0.2162795636579689,0.010911381544406544,0.1540706094208003,5.653889775779879
PerplexDEW (Davies),isobar,10.0,528.8888888888889,0.22393508242240223,0.01141779186216738,0.1596864488693952,5.819384315354762
PerplexDEW (Davies),isobar,10.0,533.3333333333334,0.23180141077581312,0.011943023474044214,0.1654624302033047,5.990886115346944
PerplexDEW (Davies),isobar,10.0,537.7777777777778,0.23988255512982612,0.01248758622060212,0.17140170768012047,6.140634447434634
PerplexDEW (Davies),isobar,10.0,542.2222222222222,0.24818256592175833,0.013051996968371858,0.17750746492724218,6.165848657096546
PerplexDEW (Davies),isobar,10.0,546.6666666666666,0.2567055719309058,0.013636781677344646,0.18378293976249205,6.191653879534566
PerplexDEW (Davies),isobar,10.0,551.1111111111111,0.2654557314072282,0.014242471773003355,0.19023138649400506,6.2180658249323795
PerplexDEW (Davies),isobar,10.0,555.5555555555555,0.2744373009165848,0.014869608550483976,0.19685612653229018,6.245101238673568
PerplexDEW (Davies),isobar,10.0,560.0,0.2836545853879558,0.015518739362395626,0.20366050966277266,6.2727778396581755
PerplexDEW (Davies),isobar,10.0,564.4444444444445,0.29311197720890625,0.01619041993768667,0.210647942145734,6.301114485409759
PerplexDEW (Davies),isobar,10.0,568.8888888888889,0.3028139512863562,0.01688521360218026,0.21782188160658494,6.330131276224151
PerplexDEW (Davies),isobar,10.0,573.3333333333334,0.31276505800851195,0.017603690236188796,0.22518583018454102,6.359849607680125
PerplexDEW (Davies),isobar,10.0,577.7777777777778,0.3229699422518933,0.01834642711103598,0.23274334718860237,6.390292329993031
PerplexDEW (Davies),isobar,10.0,582.2222222222222,0.3334333807895063,0.019114011001339363,0.24049807556681213,6.421483963427628
PerplexDEW (Davies),isobar,10.0,586.6666666666666,0.34416022010179237,0.019907032910860465,0.24845369297146416,6.453450644150493
PerplexDEW (Davies),isobar,10.0,591.1111111111111,0.35515547295695726,0.020726094533192612,0.25661398263734514,6.4862205270356865
PerplexDEW (Davies),isobar,10.0,595.5555555555555,0.3664242390037112,0.021571801420517078,0.26498277104706,6.519823705437057
PerplexDEW (Davies),isobar,10.0,600.0,0.37797179284829,0.022444768756376608,0.2735639920868109,6.55429261632652
PerplexDEW (Davies),isobar,10.0,604.4444444444445,0.3898035674894782,0.02334561913123575,0.28236167186526817,6.589662165558326
PerplexDEW (Davies),isobar,10.0,608.8888888888889,0.40192511360150057,0.0242749781831166,0.2913798949344162,6.625969798018938
PerplexDEW (Davies),isobar,10.0,613.3333333333334,0.41434225651368817,0.025233485750629288,0.30062292016925324,6.663256152628891
PerplexDEW (Davies),isobar,10.0,617.7777777777778,0.4270609528675792,0.02622178323952187,0.3100950687325584,6.701564876728959
PerplexDEW (Davies),isobar,10.0,622.2222222222222,0.44008741720066696,0.027240522204944478,0.3198008164279073,6.7409432373853555
PerplexDEW (Davies),isobar,10.0,626.6666666666667,0.45342808555466785,0.02829035986537547,0.32974476218148685,6.781442297365057
PerplexDEW (Davies),isobar,10.0,631.1111111111111,0.46708963339202497,0.02937195875245495,0.3399316373980803,6.823117229373626
PerplexDEW (Davies),isobar,10.0,635.5555555555555,0.4810790651399591,0.030485991968218218,0.3503663675949628,6.866027952605759
PerplexDEW (Davies),isobar,10.0,640.0,0.49540369129626505,0.031633140060772946,0.3610540571427384,6.910239426982534
PerplexDEW (Davies),isobar,10.0,644.4444444444445,0.5100711211569524,0.03281408699272033,0.37199996827128345,6.955821997488174
PerplexDEW (Davies),isobar,10.0,648.8888888888889,0.5250893759308325,0.03402952786493317,0.38320960790993974,7.002852207569014
PerplexDEW (Davies),isobar,10.0,653.3333333333334,0.5404668278856122,0.03528016095663141,0.3946886737726697,7.0514130996687605
PerplexDEW (Davies),isobar,10.0,657.7777777777778,0.5562123070894981,0.03656669383285157,0.4064431288936886,7.101595091341931
PerplexDEW (Davies),isobar,10.0,662.2222222222222,0.5723351437375703,0.03788984387369581,0.41847922673135407,7.153496723816142
PerplexDEW (Davies),isobar,10.0,666.6666666666667,0.588845127496327,0.03925033135149101,0.4308034727563291,7.2072252129189245
PerplexDEW (Davies),isobar,10.0,671.1111111111111,0.6057526613542424,0.0406488889933858,0.4434227343122433,7.262897708391446
PerplexDEW (Davies),isobar,10.0,675.5555555555555,0.6230686959230958,0.042086252291911236,0.45634417757608914,7.320641950964986
PerplexDEW (Davies),isobar,10.0,680.0,0.6408048986276402,0.043563169903005954,0.46957539313282215,7.38059774926037
PerplexDEW (Davies),isobar,10.0,684.4444444444445,0.6589735543893455,0.045080390255546235,0.4831243064955195,7.442917802800723
PerplexDEW (Davies),isobar,10.0,688.8888888888889,0.6775878491765848,0.04663868141818147,0.4969993832994185,7.50776987248592
PerplexDEW (Davies),isobar,10.0,693.3333333333334,0.6966616733380545,0.04823880831168861,0.5112094689119411,7.575337510050026
PerplexDEW (Davies),isobar,10.0,697.7777777777778,0.7162098883018592,0.04988155035917704,0.5257639781311868,7.64582260317929
PerplexDEW (Davies),isobar,10.0,702.2222222222222,0.7362484143328933,0.051567703006737756,0.540672949434382,7.719447564961465
PerplexDEW (Davies),isobar,10.0,706.6666666666667,0.7567940471595995,0.05329805453009151,0.5559468878056164,7.796456748653613
PerplexDEW (Davies),isobar,10.0,711.1111111111111,0.7778649220329019,0.055073420017746615,0.5715971069445633,7.877120688835809
PerplexDEW (Davies),isobar,10.0,715.5555555555555,0.7994802160760001,0.056894607077920274,0.5876354843725919,7.961737709547904
PerplexDEW (Davies),isobar,10.0,720.0,0.8216606545924607,0.05876245183577973,0.604074826537734,8.050639382656763
PerplexDEW (Davies),isobar,10.0,724.4444444444445,0.8444282906303984,0.060677791329008905,0.6209286845517772,8.14419348551778
PerplexDEW (Davies),isobar,10.0,728.8888888888889,0.8678067403849332,0.06264147373391325,0.6382115116820111,8.242809585280181
PerplexDEW (Davies),isobar,10.0,733.3333333333334,0.8918214076050768,0.06465436828440836,0.6559388102992445,8.346945546725218
PerplexDEW (Davies),isobar,10.0,737.7777777777778,0.916499378313721,0.06671734457046434,0.6741270309363495,8.457113515197314
PerplexDEW (Davies),isobar,10.0,742.2222222222222,0.9418698591668221,0.06883129949560479,0.6927938756392944,8.57388994871464
PerplexDEW (Davies),isobar,10.0,746.6666666666667,0.9679640837801691,0.07099713600760912,0.7119582024250674,8.697924695776424
PerplexDEW (Davies),isobar,10.0,751.1111111111111,0.9948155753714338,0.07321577261377027,0.7316401936497914,8.829954002693247
PerplexDEW (Davies),isobar,10.0,755.5555555555555,1.0224603259740672,0.07548814456972387,0.7518614597695932,8.970815783817294
PerplexDEW (Davies),isobar,10.0,760.0,1.0509371792686237,0.0778152209983527,0.7726452904079368,9.121469881199328
PerplexDEW (Davies),isobar,10.0,764.4444444444445,1.0802875497095095,0.0801979643694283,0.7940164141970423,9.283019041038209
PerplexDEW (Davies),isobar,10.0,768.8888888888889,1.1105561300697804,0.08263737363114021,0.8160014841667407,9.456741694849411
PerplexDEW (Davies),isobar,10.0,773.3333333333334,1.1417909577834737,0.0851344705654034,0.8386290869128292,9.644129786485179
PerplexDEW (Davies),isobar,10.0,777.7777777777778,1.174043675006204,0.08769030151142446,0.8619298913663256,9.846939024019047
PerplexDEW (Davies),isobar,10.0,782.2222222222222,1.2073696514190335,0.0903059262057119,0.8859366947846453,10.000007590428064
PerplexDEW (Davies),isobar,10.0,786.6666666666667,1.2418285865465337,0.09298244454620459,0.9106848072343903,10.000007540305345
PerplexDEW (Davies),isobar,10.0,791.1111111111111,1.2774844964521963,0.09572097309301257,0.9362120111955499,10.000007492003013
PerplexDEW (Davies),isobar,10.0,795.5555555555555,1.3144066065760378,0.09852268836078822,0.9625591193777279,10.000007445793633
PerplexDEW (Davies),isobar,10.0,800.0,1.352669029560409,0.10138877452600352,0.9897697019938649,10.000007401973203
PerplexDEW (Davies),isobar,10.0,804.4444444444445,1.3923514909787884,0.1043204521787707,1.017890539267826,10.00000736086863
PerplexDEW (Davies),isobar,10.0,808.8888888888889,1.4335401847568905,0.10731901310090303,1.0469721578441136,10.000007322845335
PerplexDEW (Davies),isobar,10.0,813.3333333333334,1.4763273650216218,0.11038575462878546,1.0770684653828058,10.00000728830141
PerplexDEW (Davies),isobar,10.0,817.7777777777778,1.520812655037155,0.11352204457739695,1.1082375934124853,10.000007257680252
PerplexDEW (Davies),isobar,10.0,822.2222222222222,1.5671033273047625,0.1167293027059864,1.14054200449043,10.000007231471859
PerplexDEW (Davies),isobar,10.0,826.6666666666667,1.615314660327278,0.12000898668524049,1.1740486294371535,10.000007210215747
PerplexDEW (Davies),isobar,10.0,831.1111111111111,1.66557094210362,0.12336262171570885,1.2088294789424352,10.00000719450958
PerplexDEW (Davies),isobar,10.0,835.5555555555555,1.7180063689793057,0.12679181639959428,1.2449621294366988,10.000007185016116
PerplexDEW (Davies),isobar,10.0,840.0,1.7727650085420343,0.13029821091698768,1.2825295698878016,10.000007182463692
PerplexDEW (Davies),isobar,10.0,844.4444444444445,1.8300027787383335,0.133883558861402,1.3216214123057926,10.000007187661549
PerplexDEW (Davies),isobar,10.0,848.8888888888889,1.8898872133182951,0.1375496542359737,1.362333571957969,10.000007201499674
PerplexDEW (Davies),isobar,10.0,853.3333333333334,1.9525999264240124,0.14129843027864708,1.4047697418353216,10.000007224966378
PerplexDEW (Davies),isobar,10.0,857.7777777777778,2.0183361062496727,0.14513186111919388,1.449040867380404,10.000007259147928
PerplexDEW (Davies),isobar,10.0,862.2222222222222,2.0873069192424385,0.14905204245530876,1.4952665235736027,10.000007305245713
PerplexDEW (Davies),isobar,10.0,866.6666666666667,2.1597410253723326,0.15306120297341183,1.5435756551058968,10.000007364587418
PerplexDEW (Davies),isobar,10.0,871.1111111111111,2.235885053356928,0.15716165396955878,1.5941066392495498,10.000007438634617
PerplexDEW (Davies),isobar,10.0,875.5555555555557,2.3160056768116863,0.1613558183552123,1.6470082814865283,10.000007528998212
PerplexDEW (Davies),isobar,10.0,880.0,2.400393196992535,0.16564633165817413,1.7024418143328162,10.000007637459209
PerplexDEW (Davies),isobar,10.0,884.4444444444445,2.4893605717757357,0.17003588558684987,1.7605798265161683,10.000007765973084
PerplexDEW (Davies),isobar,10.0,888.8888888888889,2.5832484534969886,0.17452738071742127,1.8216090464544217,10.00000791669685
PerplexDEW (Davies),isobar,10.0,893.3333333333334,2.6824266481377608,0.17912387351268483,1.8857307078345993,10.000008092003508
PerplexDEW (Davies),isobar,10.0,897.7777777777778,2.7872973802559935,0.1838286018664036,1.9531619965402822,10.000008294503415
PerplexDEW (Davies),isobar,10.0,902.2222222222222,2.898298712070554,0.18864499855642075,2.0241374390262283,10.000008527066543
PerplexDEW (Davies),isobar,10.0,906.6666666666667,3.015908427601735,0.19357670561168255,2.0989105146339897,10.000008792846677
PerplexDEW (Davies),isobar,10.0,911.1111111111111,3.1406484859648485,0.198627589648632,2.1777553795767495,10.000009095307638
PerplexDEW (Davies),isobar,10.0,915.5555555555557,3.2730900102901384,0.20380175823593352,2.2609688247915614,10.00000943825162
PerplexDEW (Davies),isobar,10.0,920.0,3.4138587571409005,0.20910355943252282,2.3488721719165646,10.000009825849851
PerplexDEW (Davies),isobar,12.0,490.0,0.17854131498498682,0.008299912862825038,0.12625479125444108,5.038264982739412
PerplexDEW (Davies),isobar,12.0,492.22222222222223,0.181884254132052,0.008505838757828095,0.12869067803030612,5.111428627220797
PerplexDEW (Davies),isobar,12.0,494.44444444444446,0.18527673170489684,0.008715924988919155,0.13116398688567465,5.185792805809264
PerplexDEW (Davies),isobar,12.0,496.6666666666667,0.18871926862345104,0.008930235149805317,0.13367512954250543,5.261390268745934
PerplexDEW (Davies),isobar,12.0,498.8888888888889,0.19221238924674008,0.009148833465382545,0.13622452044824354,5.338255318819321
PerplexDEW (Davies),isobar,12.0,501.1111111111111,0.1957566068864243,0.00937178390241102,0.13881256593395874,5.4164235991537915
PerplexDEW (Davies),isobar,12.0,503.3333333333333,0.19935245225176187,0.00959915188362086,0.14143968533951728,5.4959328293283
PerplexDEW (Davies),isobar,12.0,505.55555555555554,0.20300044452582772,0.009831002527314621,0.14410628948522314,5.576822279601002
PerplexDEW (Davies),isobar,12.0,507.77777777777777,0.20670112874513488,0.010067402938104555,0.14681280847497963,5.659133764012923
PerplexDEW (Davies),isobar,12.0,510.0,0.2104550227170575,0.010308418927729584,0.1495596521483324,5.742910463083615
PerplexDEW (Davies),isobar,12.0,512.2222222222222,0.21426268668416404,0.010554119336364558,0.1523472619616198,5.828198818358155
PerplexDEW (Davies),isobar,12.0,514.4444444444445,0.21812464496157677,0.010804571140949794,0.15517605256168843,5.915046808794532
PerplexDEW (Davies),isobar,12.0,516.6666666666666,0.22204144082551336,0.011059842871783023,0.15804645267008469,6.003505392898425
PerplexDEW (Davies),isobar,12.0,518.8888888888889,0.226013638196799,0.01132000474654916,0.16095890634681664,6.093628749061813
PerplexDEW (Davies),isobar,12.0,521.1111111111111,0.23004177972561163,0.011585125992222813,0.16391384166858752,6.1231570309898515
PerplexDEW (Davies),isobar,12.0,523.3333333333334,0.23412641999766867,0.01185527694670281,0.1669116954869281,6.135774054858098
PerplexDEW (Davies),isobar,12.0,525.5555555555555,0.2382681264726378,0.012130529130098166,0.1699529141181708,6.1485418705011305
PerplexDEW (Davies),isobar,12.0,527.7777777777778,0.2424674619509425,0.01241095410248729,0.1730379402066316,6.161462404166439
PerplexDEW (Davies),isobar,12.0,530.0,0.24672499324981012,0.012696624013347481,0.17616721917589578,6.1745376347451
PerplexDEW (Davies),isobar,12.0,532.2222222222222,0.2510412913176891,0.0129876116010469,0.17934119928276906,6.187769596145946
PerplexDEW (Davies),isobar,12.0,534.4444444444445,0.2554169313558194,0.013283990192286406,0.18256033167506086,6.2011603797820705
PerplexDEW (Davies),isobar,12.0,536.6666666666666,0.25985250294628653,0.013585834375090146,0.18582507795233047,6.21471216546528
PerplexDEW (Davies),isobar,12.0,538.8888888888889,0.26434859076742645,0.013893218701906919,0.18913589567746666,6.228427169138495
PerplexDEW (Davies),isobar,12.0,541.1111111111111,0.2689057841795855,0.014206218313681632,0.19249324551756275,6.242307672493345
PerplexDEW (Davies),isobar,12.0,543.3333333333334,0.27352467737876607,0.014524908939164556,0.19589759131950188,6.256356025960406
PerplexDEW (Davies),isobar,12.0,545.5555555555555,0.27820586955917914,0.014849366894165683,0.19934940019046987,6.270574651838544
PerplexDEW (Davies),isobar,12.0,547.7777777777778,0.282949976078054,0.015179669842949594,0.20284915084597388,6.284966078630333
PerplexDEW (Davies),isobar,12.0,550.0,0.28775759607531787,0.015515894548543562,0.20639730923420094,6.299532852475874
PerplexDEW (Davies),isobar,12.0,552.2222222222222,0.29262935623375375,0.015858119884475982,0.20999436137240407,6.314277663851664
PerplexDEW (Davies),isobar,12.0,554.4444444444445,0.2975658782144466,0.016206424566592933,0.21364078882523432,6.329203258761812
PerplexDEW (Davies),isobar,12.0,556.6666666666666,0.3025678015065541,0.016560888735800028,0.21733708583846215,6.3443125066529875
PerplexDEW (Davies),isobar,12.0,558.8888888888889,0.30763573648247394,0.01692159061803531,0.22108372394634135,6.3596082712263655
PerplexDEW (Davies),isobar,12.0,561.1111111111111,0.31277034735734116,0.01728861238292997,0.22488121436734007,6.375093648578295
PerplexDEW (Davies),isobar,12.0,563.3333333333334,0.3179722818024315,0.017662035145238952,0.22873005496252746,6.390771772104044
PerplexDEW (Davies),isobar,12.0,565.5555555555555,0.32324219446737334,0.018041940603641594,0.23263074787584867,6.406645882971107
PerplexDEW (Davies),isobar,12.0,567.7777777777778,0.3285807472578481,0.01842841103980064,0.2365837996792432,6.422719342066841
PerplexDEW (Davies),isobar,12.0,570.0,0.33398860962730104,0.018821529317386013,0.24058972152574498,6.4389956079767465
PerplexDEW (Davies),isobar,12.0,572.2222222222222,0.33946645888388527,0.019221378881099916,0.24464902931118135,6.45547828236664
PerplexDEW (Davies),isobar,12.0,574.4444444444445,0.3450149942462133,0.01962804477094326,0.24876225421381695,6.472171128721039
PerplexDEW (Davies),isobar,12.0,576.6666666666666,0.3506348964888648,0.020041610623267207,0.25292991215594957,6.489077969096324
PerplexDEW (Davies),isobar,12.0,578.8888888888889,0.3563268969844978,0.02046216374843011,0.2571525558545214,6.506202885749232
PerplexDEW (Davies),isobar,12.0,581.1111111111111,0.36209168042304674,0.020889787878966115,0.26143070126664336,6.523549949731809
PerplexDEW (Davies),isobar,12.0,583.3333333333334,0.3679299833693332,0.02132457046782812,0.2657649019466521,6.5411235073518075
PerplexDEW (Davies),isobar,12.0,585.5555555555555,0.37384255351752593,0.02176659964640774,0.2701557181921679,6.558928070458756
PerplexDEW (Davies),isobar,12.0,587.7777777777778,0.3798301195362264,0.022215961896557716,0.27460369414054125,6.576968236311522
PerplexDEW (Davies),isobar,12.0,590.0,0.38589345115315815,0.02267274655760174,0.2791094031015204,6.595248866276778
PerplexDEW (Davies),isobar,12.0,592.2222222222222,0.39203329890966254,0.023137041213232196,0.2836734018907805,6.6137749200129985
PerplexDEW (Davies),isobar,12.0,594.4444444444445,0.39825047265144337,0.02360893765737853,0.2882962901123749,6.63255168866211
PerplexDEW (Davies),isobar,12.0,596.6666666666666,0.4045457311866001,0.024088523379010473,0.2929786265415597,6.651584484496402
PerplexDEW (Davies),isobar,12.0,598.8888888888889,0.4109198942671245,0.024575890131072104,0.2977210137636518,6.670878971989122
PerplexDEW (Davies),isobar,12.0,601.1111111111111,0.4173737964262062,0.02507113035660912,0.3025240631263884,6.690441043620801
PerplexDEW (Davies),isobar,12.0,603.3333333333334,0.4239082528935583,0.025574334463753453,0.30738836878860615,6.7102767293056615
PerplexDEW (Davies),isobar,12.0,605.5555555555555,0.430524127862028,0.026085596106849674,0.3123145592994747,6.730392404382452
PerplexDEW (Davies),isobar,12.0,607.7777777777778,0.4372222842803052,0.026605008211959984,0.3173032594319187,6.750794653349708
PerplexDEW (Davies),isobar,12.0,610.0,0.44400358297542636,0.027132662823502764,0.32235508936392465,6.771490276822228
PerplexDEW (Davies),isobar,12.0,612.2222222222222,0.45086893767378095,0.027668655414548174,0.32747070623960534,6.792486464376775
PerplexDEW (Davies),isobar,12.0,614.4444444444445,0.45781928107202147,0.028213082162549787,0.3326507783081736,6.813790707023951
PerplexDEW (Davies),isobar,12.0,616.6666666666666,0.464855507708674,0.028766035283744863,0.3378959414350964,6.835410638817487
PerplexDEW (Davies),isobar,12.0,618.8888888888889,0.4719786270036571,0.029327615257534266,0.3432069149954603,6.857354504914774
PerplexDEW (Davies),isobar,12.0,621.1111111111111,0.479189552568215,0.029897913796796058,0.3485843419109146,6.879630546437618
PerplexDEW (Davies),isobar,12.0,623.3333333333334,0.4864893167023558,0.03047703108087506,0.3540289511609277,6.9022476557988135
PerplexDEW (Davies),isobar,12.0,625.5555555555555,0.4938789350524655,0.031065064755524324,0.35954145494115,6.925214986726794
PerplexDEW (Davies),isobar,12.0,627.7777777777778,0.50135944623316,0.031662113047783234,0.36512257852121077,6.948542098115752
PerplexDEW (Davies),isobar,12.0,630.0,0.5089319128463228,0.032268274766704366,0.3707730608168746,6.972238935098846
PerplexDEW (Davies),isobar,12.0,632.2222222222222,0.5165974225453444,0.032883649304272,0.3764936549883029,6.9963159058796895
PerplexDEW (Davies),isobar,12.0,634.4444444444445,0.5243570891450003,0.033508336636472555,0.38228512906504886,7.020783866961485
PerplexDEW (Davies),isobar,12.0,636.6666666666667,0.5322120764349073,0.03414243921174464,0.38814828379118727,7.0456542258044195
PerplexDEW (Davies),isobar,12.0,638.8888888888889,0.540163532229213,0.03478605637087923,0.39408390234255086,7.070938756084995
PerplexDEW (Davies),isobar,12.0,641.1111111111111,0.5482126560000822,0.035439289852361514,0.4000928014076953,7.096649829034466
PerplexDEW (Davies),isobar,12.0,643.3333333333334,0.5563607260963278,0.036102246003558124,0.406175851585896,7.122800525104482
PerplexDEW (Davies),isobar,12.0,645.5555555555555,0.5646089594938166,0.03677502389570105,0.4123338706996314,7.149404213620183
PerplexDEW (Davies),isobar,12.0,647.7777777777778,0.5729586779334221,0.03745772914355679,0.4185677495887081,7.17647510476894
PerplexDEW (Davies),isobar,12.0,650.0,0.5814112151250828,0.03815046599601609,0.4248783814106025,7.204027982864128
PerplexDEW (Davies),isobar,12.0,652.2222222222222,0.5899679417699663,0.03885333930700431,0.4312666803322661,7.232078314570488
PerplexDEW (Davies),isobar,12.0,654.4444444444445,0.5986302932733274,0.03956645676607698,0.4377336022400762,7.260642371125801
PerplexDEW (Davies),isobar,12.0,656.6666666666667,0.6073996940809667,0.04028992231207308,0.4442800870341686,7.289737012376577
PerplexDEW (Davies),isobar,12.0,658.8888888888889,0.6162776358791863,0.0410238426377678,0.45090711761398944,7.319379977197295
PerplexDEW (Davies),isobar,12.0,661.1111111111111,0.625265684812801,0.041768327423576945,0.4576157226742632,7.349589937832746
PerplexDEW (Davies),isobar,12.0,663.3333333333334,0.6343653898020991,0.04252348233728546,0.4644069159566707,7.380386270965518
PerplexDEW (Davies),isobar,12.0,665.5555555555555,0.6435784113860699,0.043289418414602564,0.4712817801048042,7.411789474708896
PerplexDEW (Davies),isobar,12.0,667.7777777777778,0.652906430102887,0.04406624501239202,0.4782414056479031,7.443820943345308
PerplexDEW (Davies),isobar,12.0,670.0,0.6623511785407427,0.044854072134516476,0.4852869127288269,7.476503113399512
PerplexDEW (Davies),isobar,12.0,672.2222222222222,0.671914473666016,0.0456530130548764,0.49241947515932244,7.509859643843587
PerplexDEW (Davies),isobar,12.0,674.4444444444445,0.6815980993535936,0.04646317391115664,0.4996402310751864,7.543914998960559
PerplexDEW (Davies),isobar,12.0,676.6666666666667,0.6914039877118098,0.04728466925475183,0.5069504197529339,7.578695228422398
PerplexDEW (Davies),isobar,12.0,678.8888888888889,0.7013341346268522,0.04811761452473848,0.5143513171758007,7.614227684930876
PerplexDEW (Davies),isobar,12.0,681.1111111111111,0.7113905378410685,0.048962120403129666,0.5218441887549308,7.6505408752465325
PerplexDEW (Davies),isobar,12.0,683.3333333333334,0.7215753255915396,0.049818303822290924,0.5294303861002163,7.687665002172434
PerplexDEW (Davies),isobar,12.0,685.5555555555555,0.7318906312621193,0.050686276758766094,0.537111251764647,7.725631579921026
PerplexDEW (Davies),isobar,12.0,687.7777777777778,0.742338726877418,0.051566157681927016,0.5448882195614637,7.764474016407685
PerplexDEW (Davies),isobar,12.0,690.0,0.752921928031423,0.052458062962164424,0.5527627421857029,7.804227348709086
PerplexDEW (Davies),isobar,12.0,692.2222222222222,0.7636425940085373,0.053362106594471825,0.5607362907968927,7.844928333368572
PerplexDEW (Davies),isobar,12.0,694.4444444444445,0.7745032721181502,0.054278412629647804,0.5688104632286523,7.88661611908501
PerplexDEW (Davies),isobar,12.0,696.6666666666667,0.7855064538839907,0.055207093408782784,0.5769868011028427,7.929331401217571
PerplexDEW (Davies),isobar,12.0,698.8888888888889,0.7966548272218062,0.05614827147720402,0.5852669733030418,7.973117542267522
PerplexDEW (Davies),isobar,12.0,701.1111111111111,0.8079511760173951,0.05710207042927897,0.5936527083200569,8.01802031749426
PerplexDEW (Davies),isobar,12.0,703.3333333333334,0.8193983064703935,0.05806860807040694,0.6021457324726993,8.064087770483706
PerplexDEW (Davies),isobar,12.0,705.5555555555555,0.8309991627208068,0.059048006282597154,0.6107478576127908,8.11137077014954
PerplexDEW (Davies),isobar,12.0,707.7777777777778,0.8427568346568203,0.06004039136532047,0.619460986146057,8.159923336743148
PerplexDEW (Davies),isobar,12.0,710.0,0.8546744428027998,0.061045883497495707,0.6282870238809135,8.209802266092716
PerplexDEW (Davies),isobar,12.5,490.0,0.18219616446347822,0.00847701558526372,0.1288574566089914,5.167714927591646
PerplexDEW (Davies),isobar,12.5,492.22222222222223,0.1856092830601707,0.00868758150016981,0.13134513190781538,5.2433221832353745
PerplexDEW (Davies),isobar,12.5,494.44444444444446,0.18907305447621447,0.00890241039479151,0.13387108247383633,5.3201981939128125
PerplexDEW (Davies),isobar,12.5,496.6666666666667,0.1925880140735121,0.009121567703953027,0.13643573131405812,5.398378758139948
PerplexDEW (Davies),isobar,12.5,498.8888888888889,0.19615468649038437,0.009345118650356771,0.13903949363110157,5.4779010918618205
PerplexDEW (Davies),isobar,12.5,501.1111111111111,0.1997736209146511,0.00957313035879035,0.14168280296084396,5.558804749428727
PerplexDEW (Davies),isobar,12.5,503.3333333333333,0.2034453485574908,0.009805669287000633,0.1443660795463142,5.6411308250023495
PerplexDEW (Davies),isobar,12.5,505.55555555555554,0.2071704109521209,0.01004280292751243,0.14708975134904534,5.724922601243771
PerplexDEW (Davies),isobar,12.5,507.77777777777777,0.21094936075077733,0.01028459986786517,0.1498542546372517,5.810225891059587
PerplexDEW (Davies),isobar,12.5,510.0,0.21478274672759196,0.010531128863962439,0.15266002279984964,5.897088744814553
PerplexDEW (Davies),isobar,12.5,512.2222222222222,0.21867112116095813,0.010782459285990248,0.15550749181615053,5.985561817091877
PerplexDEW (Davies),isobar,12.5,514.4444444444445,0.2226150399074583,0.01103866111846349,0.15839710028786103,6.075698557266982
PerplexDEW (Davies),isobar,12.5,516.6666666666666,0.22661507088010627,0.011299805495931091,0.1613292957452303,6.11583259017759
PerplexDEW (Davies),isobar,12.5,518.8888888888889,0.2306717692669318,0.011565963123798075,0.1643045161245909,6.128422455005394
PerplexDEW (Davies),isobar,12.5,521.1111111111111,0.2347857108971986,0.011837206394241854,0.16732321464907796,6.141163553765266
PerplexDEW (Davies),isobar,12.5,523.3333333333334,0.23895746730895023,0.012113607793256513,0.1703858411878241,6.154057803507562
PerplexDEW (Davies),isobar,12.5,525.5555555555555,0.24318762316658862,0.012395241016073462,0.1734928552423533,6.167107198611204
PerplexDEW (Davies),isobar,12.5,527.7777777777778,0.2474767402322053,0.01268217860775461,0.17664469896387144,6.180313710244067
PerplexDEW (Davies),isobar,12.5,530.0,0.2518254302974405,0.01297449672800922,0.1798418516898902,6.193679496006119
PerplexDEW (Davies),isobar,12.5,532.2222222222222,0.2562342636345932,0.013272269138452761,0.18308476140016175,6.207206641700936
PerplexDEW (Davies),isobar,12.5,534.4444444444445,0.26070384300542243,0.013575572058967216,0.1863739000762778,6.22089737411037
PerplexDEW (Davies),isobar,12.5,536.6666666666666,0.2652347666004417,0.013884481716529727,0.18970973592062879,6.234753958036735
PerplexDEW (Davies),isobar,12.5,538.8888888888889,0.2698276374419946,0.014199074953640305,0.19309274035655005,6.248778725556335
PerplexDEW (Davies),isobar,12.5,541.1111111111111,0.2744830739211291,0.014519429935410975,0.19652339589705137,6.262974108516735
PerplexDEW (Davies),isobar,12.5,543.3333333333334,0.27920167921715877,0.014845624061648296,0.2000021731556003,6.277342554594243
PerplexDEW (Davies),isobar,12.5,545.5555555555555,0.283984082611629,0.015177736762703068,0.20352956180612658,6.29188664729842
PerplexDEW (Davies),isobar,12.5,547.7777777777778,0.2888309087322324,0.015515847394182025,0.2071060474547487,6.306609021800442
PerplexDEW (Davies),isobar,12.5,550.0,0.29374278793384323,0.015860035926607067,0.21073211938047315,6.321512397517045
PerplexDEW (Davies),isobar,12.5,552.2222222222222,0.29872036791048806,0.01621038374452987,0.2144082792193873,6.336599614311982
PerplexDEW (Davies),isobar,12.5,554.4444444444445,0.3037642801254154,0.01656697128572293,0.21813501566737054,6.351873540829036
PerplexDEW (Davies),isobar,12.5,556.6666666666666,0.3088751852477669,0.01692988120195855,0.22191283859638872,6.367337206858128
PerplexDEW (Davies),isobar,12.5,558.8888888888889,0.3140537273335309,0.017299195119220154,0.2257422445242815,6.382993677248004
PerplexDEW (Davies),isobar,12.5,561.1111111111111,0.31930059329692384,0.01767499783578023,0.2296237613261669,6.398846224509418
PerplexDEW (Davies),isobar,12.5,563.3333333333334,0.3246164289637628,0.018057371323116807,0.2335578849541575,6.414898101545543
PerplexDEW (Davies),isobar,12.5,565.5555555555555,0.3300019367679081,0.018446401688138193,0.23754515296262135,6.431152797006409
PerplexDEW (Davies),isobar,12.5,567.7777777777778,0.3354578027885543,0.01884217393230449,0.24158608947723004,6.447613871226769
PerplexDEW (Davies),isobar,12.5,570.0,0.34098469473063214,0.019244771734228283,0.24568120356639184,6.4642849299080565
PerplexDEW (Davies),isobar,12.5,572.2222222222222,0.3465833541193457,0.01965428415660584,0.24983105871622574,6.481169897657998
PerplexDEW (Davies),isobar,12.5,574.4444444444445,0.3522544792877783,0.02007079709169525,0.2540361844923229,6.4982726902613415
PerplexDEW (Davies),isobar,12.5,576.6666666666666,0.35799877670354957,0.020494396949936742,0.2582971151566476,6.515597365986773
PerplexDEW (Davies),isobar,12.5,578.8888888888889,0.3638170040061711,0.02092517384282374,0.2626144220962906,6.533148254463413
PerplexDEW (Davies),isobar,12.5,581.1111111111111,0.36970988732490817,0.02136321542439337,0.26698865130040467,6.550929726518629
PerplexDEW (Davies),isobar,12.5,583.3333333333334,0.37567819159532007,0.02180861208478114,0.27142037637444527,6.568946401529368
PerplexDEW (Davies),isobar,12.5,585.5555555555555,0.3817226785710194,0.022261453786582914,0.2759101667263484,6.587203033909983
PerplexDEW (Davies),isobar,12.5,587.7777777777778,0.38784410595997243,0.02272182993756901,0.2804585867974311,6.605704517200159
PerplexDEW (Davies),isobar,12.5,590.0,0.3940432732605838,0.023189832831430546,0.2850662306202384,6.624456023346311
PerplexDEW (Davies),isobar,12.5,592.2222222222222,0.40032097746522516,0.023665554257830564,0.28973368821824885,6.643462882952077
PerplexDEW (Davies),isobar,12.5,594.4444444444445,0.4066780445048987,0.024149087861657013,0.2944615692792163,6.662730684159004
PerplexDEW (Davies),isobar,12.5,596.6666666666666,0.4131152654931792,0.02464052418299748,0.29925045478016926,6.682265096007379
PerplexDEW (Davies),isobar,12.5,598.8888888888889,0.4196335268358572,0.0251399606622422,0.304100995352651,6.702072255371018
PerplexDEW (Davies),isobar,12.5,601.1111111111111,0.42623364786141177,0.025647489028262308,0.30901378823543096,6.722158304001077
PerplexDEW (Davies),isobar,12.5,603.3333333333334,0.4329164953913521,0.026163204110200046,0.31398946387315035,6.7425297314369725
PerplexDEW (Davies),isobar,12.5,605.5555555555555,0.4396829874374751,0.026687204131579583,0.31902868860439515,6.763193397580443
PerplexDEW (Davies),isobar,12.5,607.7777777777778,0.4465340071717301,0.027219583894628235,0.3241320993397049,6.784156290762793
PerplexDEW (Davies),isobar,12.5,610.0,0.45347045383836293,0.027760438687205957,0.32930034196669733,6.805425687678291
PerplexDEW (Davies),isobar,12.5,612.2222222222222,0.46049329937269273,0.028309868744802315,0.3345341141172007,6.827009333955454
PerplexDEW (Davies),isobar,12.5,614.4444444444445,0.4676034993231533,0.028867972126968934,0.33983409749273474,6.8489151932878904
PerplexDEW (Davies),isobar,12.5,616.6666666666666,0.4748020097163276,0.0294348459503408,0.34520097046247733,6.871151509347998
PerplexDEW (Davies),isobar,12.5,618.8888888888889,0.48208984517008163,0.03001059098759599,0.35063545195067336,6.893726993930767
PerplexDEW (Davies),isobar,12.5,621.1111111111111,0.48946800325235174,0.03059530551123797,0.35613824389547133,6.916650614743254
PerplexDEW (Davies),isobar,12.5,623.3333333333334,0.49693756373755726,0.031189093245503646,0.3617101063323296,6.939931910759784
PerplexDEW (Davies),isobar,12.5,625.5555555555555,0.5044995499262985,0.031792052030741765,0.36735175200979975,6.963580598807784
PerplexDEW (Davies),isobar,12.5,627.7777777777778,0.512155091184908,0.032404286962787195,0.3730639694681648,6.987607043907865
PerplexDEW (Davies),isobar,12.5,630.0,0.519905281139304,0.03302589873987316,0.37884751525658544,7.0120219053374075
PerplexDEW (Davies),isobar,12.5,632.2222222222222,0.5277512606244721,0.03365699033776764,0.38470317662969367,7.036836369890099
PerplexDEW (Davies),isobar,12.5,634.4444444444445,0.5356942207620372,0.03429766719741759,0.39063177365085255,7.062062193179578
PerplexDEW (Davies),isobar,12.5,636.6666666666667,0.5437353382665924,0.0349480317673664,0.3966341098668753,7.087711519378572
PerplexDEW (Davies),isobar,12.5,638.8888888888889,0.5518758649600466,0.03560819081339949,0.40271103996614704,7.113797183792169
PerplexDEW (Davies),isobar,12.5,641.1111111111111,0.5601170628001738,0.036278249922906514,0.4088634202225603,7.1403325339903985
PerplexDEW (Davies),isobar,12.5,643.3333333333334,0.5684602271528285,0.03695831531457654,0.41509212587755073,7.16733152802424
PerplexDEW (Davies),isobar,12.5,645.5555555555555,0.5769066882705425,0.037648493841047966,0.4213980519771777,7.194808766343762
PerplexDEW (Davies),isobar,12.5,647.7777777777778,0.5854578128338878,0.038348892991798986,0.4277821142454909,7.2227795256073986
PerplexDEW (Davies),isobar,12.5,650.0,0.5941150055590384,0.03905962089636553,0.4342452499965197,7.251259794522939
PerplexDEW (Davies),isobar,12.5,652.2222222222222,0.6028797365000456,0.03978078850753503,0.4407884385159312,7.2802663967951275
PerplexDEW (Davies),isobar,12.5,654.4444444444445,0.6117534668321405,0.04051250315614648,0.44741264445164075,7.309816781134822
PerplexDEW (Davies),isobar,12.5,656.6666666666667,0.6207377552768252,0.04125487718706806,0.4541188959058593,7.339929399729137
PerplexDEW (Davies),isobar,12.5,658.8888888888889,0.6298341448392881,0.042008019153450614,0.46090820709328034,7.370623409460725
PerplexDEW (Davies),isobar,12.5,661.1111111111111,0.6390442873685406,0.042772042813698924,0.467781659280753,7.401919073843656
PerplexDEW (Davies),isobar,12.5,663.3333333333334,0.648369855103852,0.04354706037271989,0.4747403419491113,7.433837548712749
PerplexDEW (Davies),isobar,12.5,665.5555555555555,0.6578125716981376,0.04433318471251351,0.48178537379349656,7.46640102440486
PerplexDEW (Davies),isobar,12.5,667.7777777777778,0.6673742144540391,0.045130529398505016,0.48891790400054286,7.4996327983101905
PerplexDEW (Davies),isobar,12.5,670.0,0.6770566166526485,0.04593920868635494,0.4961391135792724,7.53355728390434
PerplexDEW (Davies),isobar,12.5,672.2222222222222,0.6868617000683144,0.046759340142635615,0.5034502395095337,7.568200263855335
PerplexDEW (Davies),isobar,12.5,674.4444444444445,0.6967913576801223,0.04759103425153139,0.5108524855446204,7.60358848076322
PerplexDEW (Davies),isobar,12.5,676.6666666666667,0.7068476664054247,0.048434412666192736,0.5183471826581988,7.639750482020902
PerplexDEW (Davies),isobar,12.5,678.8888888888889,0.7170327104135316,0.04928959264393333,0.525935654866889,7.676716057933504
PerplexDEW (Davies),isobar,12.5,681.1111111111111,0.727348610740556,0.0501566893520356,0.533619241166405,7.714516418670911
PerplexDEW (Davies),isobar,12.5,683.3333333333334,0.737797624104052,0.051035824249754204,0.5413993696401678,7.7531846471086165
PerplexDEW (Davies),isobar,12.5,685.5555555555555,0.7483820512934329,0.051927116836650855,0.5492774876705482,7.7927554492624065
PerplexDEW (Davies),isobar,12.5,687.7777777777778,0.75910423741291,0.05283068438525994,0.5572550616000405,7.833265244991227
PerplexDEW (Davies),isobar,12.5,690.0,0.769966676452493,0.05374665083022339,0.5653336550083954,7.874752678341348
PerplexDEW (Davies),isobar,12.5,692.2222222222222,0.7809719502089475,0.05467514113529899,0.5735148834242179,7.917258502744451
PerplexDEW (Davies),isobar,12.5,694.4444444444445,0.7921226237253014,0.05561627178758405,0.5818003291435716,7.960825279418337
PerplexDEW (Davies),isobar,12.5,696.6666666666667,0.8034214965387364,0.05657017256590542,0.5901917383873831,8.005498518442375
PerplexDEW (Davies),isobar,12.5,698.8888888888889,0.814871357807332,0.05753696468344808,0.5986908305592754,8.051325857386276
PerplexDEW (Davies),isobar,12.5,701.1111111111111,0.82647513281079,0.058516773328075526,0.6072994092234978,8.098357738375842
PerplexDEW (Davies),isobar,12.5,703.3333333333334,0.8382358517426604,0.05950972456422345,0.6160193378435551,8.14664755918571
PerplexDEW (Davies),isobar,12.5,705.5555555555555,0.8501566937674588,0.0605159488453334,0.6248525720464789,8.196251987760014
PerplexDEW (Davies),isobar,12.5,707.7777777777778,0.8622409145825292,0.061535574246173765,0.6338011044204429,8.247230874634452
PerplexDEW (Davies),isobar,12.5,710.0,0.874491847477572,0.06256872615692854,0.6428669645886439,8.29964747001418
PerplexDEW (Davies),isobar,15.0,490.0,0.20023431852623688,0.009341194125255714,0.1416733592926298,5.851199802774639
PerplexDEW (Davies),isobar,15.0,492.22222222222223,0.20398970976188213,0.00957417331776146,0.14441310287536824,5.940249694427207
PerplexDEW (Davies),isobar,15.0,494.44444444444446,0.2078010816940424,0.009811903592068823,0.14719519407924342,6.030975369124896
PerplexDEW (Davies),isobar,15.0,496.6666666666667,0.21166904373812173,0.010054459342837305,0.15002011333898113,6.085609371439071
PerplexDEW (Davies),isobar,15.0,498.8888888888889,0.2155941887144205,0.010301914471306435,0.15288832893023033,6.098087651395968
PerplexDEW (Davies),isobar,15.0,501.1111111111111,0.21957712758895065,0.010554344449350248,0.1558003226545538,6.110719142603685
PerplexDEW (Davies),isobar,15.0,503.3333333333333,0.2236184685616645,0.010811825061519805,0.15875657428370943,6.123505723914967
PerplexDEW (Davies),isobar,15.0,505.55555555555554,0.22771881642490133,0.011074432347558338,0.16175756104355832,6.136449298184356
PerplexDEW (Davies),isobar,15.0,507.77777777777777,0.23187880300499505,0.011342244474974079,0.1648037802515042,6.149551882598169
PerplexDEW (Davies),isobar,15.0,510.0,0.23609903798055584,0.011615338703088573,0.1678957126767504,6.162815467579577
PerplexDEW (Davies),isobar,15.0,512.2222222222222,0.24038015887021325,0.011893794471839293,0.1710338597382926,6.176242164019305
PerplexDEW (Davies),isobar,15.0,514.4444444444445,0.24472278811904907,0.012177690723596143,0.17421871150154333,6.189834080834187
PerplexDEW (Davies),isobar,15.0,516.6666666666666,0.24912756907581612,0.012467108151602516,0.17745077346704455,6.203593431445242
PerplexDEW (Davies),isobar,15.0,518.8888888888889,0.25359513771486136,0.012762127410938413,0.18073054544802847,6.217522454181555
PerplexDEW (Davies),isobar,15.0,521.1111111111111,0.2581261477664163,0.01306283070934462,0.18405854029234828,6.231623487355586
PerplexDEW (Davies),isobar,15.0,523.3333333333334,0.26272124536919655,0.013369300177844327,0.18743526491973078,6.245898898544684
PerplexDEW (Davies),isobar,15.0,525.5555555555555,0.2673810906632764,0.013681619248254857,0.19086123641229114,6.260351149584379
PerplexDEW (Davies),isobar,15.0,527.7777777777778,0.2721063402773211,0.01399987150944054,0.19433696888521068,6.2749827488072665
PerplexDEW (Davies),isobar,15.0,530.0,0.2768976702192513,0.01432414219416531,0.19786299056808204,6.28979631989945
PerplexDEW (Davies),isobar,15.0,532.2222222222222,0.2817557533300689,0.014654516694892256,0.20143982689742884,6.304794539960145
PerplexDEW (Davies),isobar,15.0,534.4444444444445,0.28668126347355183,0.014991080815029308,0.20506800359535604,6.31998015478688
PerplexDEW (Davies),isobar,15.0,536.6666666666666,0.2916748902566226,0.015333921738398768,0.20874805765036614,6.3353560245532545
PerplexDEW (Davies),isobar,15.0,538.8888888888889,0.2967373299800975,0.015683127421877597,0.21248053049612514,6.350925101240168
PerplexDEW (Davies),isobar,15.0,541.1111111111111,0.30186927548051673,0.0160387858896714,0.21626596033693696,6.366690403086489
PerplexDEW (Davies),isobar,15.0,543.3333333333334,0.30707144184237445,0.016400986960850412,0.2201049013797215,6.382655092371664
PerplexDEW (Davies),isobar,15.0,545.5555555555555,0.312344541164103,0.016769820524184832,0.22399790484966553,6.398822406867447
PerplexDEW (Davies),isobar,15.0,547.7777777777778,0.31768928182023476,0.017145376450254227,0.22794551835971072,6.415195668802754
PerplexDEW (Davies),isobar,15.0,550.0,0.32310640127827467,0.017527746839538488,0.23194831049859954,6.431778356791241
PerplexDEW (Davies),isobar,15.0,552.2222222222222,0.3285966399343478,0.017917024210906306,0.23600685112341097,6.4485740746397315
PerplexDEW (Davies),isobar,15.0,554.4444444444445,0.3341607350943084,0.018313301047252498,0.24012170675522998,6.465586513164219
PerplexDEW (Davies),isobar,15.0,556.6666666666666,0.3397994438915365,0.01871667137620082,0.2442934577377664,6.482819527571821
PerplexDEW (Davies),isobar,15.0,558.8888888888889,0.34551352058041795,0.019127229151018818,0.24852268108421416,6.50027707738755
PerplexDEW (Davies),isobar,15.0,561.1111111111111,0.3513037464890016,0.019545070349428137,0.25280997294011803,6.517963318477472
PerplexDEW (Davies),isobar,15.0,563.3333333333334,0.3571709007902994,0.01997029087701966,0.2571559265052058,6.5358825246609715
PerplexDEW (Davies),isobar,15.0,565.5555555555555,0.36311577250571087,0.020402987386532134,0.2615611409776783,6.554039128505828
PerplexDEW (Davies),isobar,15.0,567.7777777777778,0.36913914792204044,0.020843256333114558,0.26602621197774406,6.572437691339945
PerplexDEW (Davies),isobar,15.0,570.0,0.3752418627092708,0.02129119773131872,0.2705517707428089,6.591083061186071
PerplexDEW (Davies),isobar,15.0,572.2222222222222,0.3814247251761505,0.02174690955303263,0.27513842618048123,6.609980157528578
PerplexDEW (Davies),isobar,15.0,574.4444444444445,0.3876885816763188,0.02221049245395542,0.2797868140770582,6.629134168600531
PerplexDEW (Davies),isobar,15.0,576.6666666666666,0.39403426370464995,0.022682045857989285,0.28449755708564123,6.648550405512578
PerplexDEW (Davies),isobar,15.0,578.8888888888889,0.4004626427899059,0.023161671965525182,0.2892713060325287,6.668234470465704
PerplexDEW (Davies),isobar,15.0,581.1111111111111,0.4069745756560028,0.023649471651189673,0.294108698409892,6.6881921055245
PerplexDEW (Davies),isobar,15.0,583.3333333333334,0.41357097593585035,0.02414554977391308,0.29901041240492876,6.708429411749744
PerplexDEW (Davies),isobar,15.0,585.5555555555555,0.4202527136232275,0.024650007597772108,0.3039770908294138,6.728952564117158
PerplexDEW (Davies),isobar,15.0,587.7777777777778,0.4270207326598809,0.02516295158480367,0.30900942981452506,6.749768167054615
PerplexDEW (Davies),isobar,15.0,590.0,0.4338759480637295,0.0256844855891441,0.3141081009463278,6.770882962682956
PerplexDEW (Davies),isobar,15.0,592.2222222222222,0.4408193058831598,0.026214715328274255,0.3192737964208011,6.79230401851567
PerplexDEW (Davies),isobar,15.0,594.4444444444445,0.4478517853096428,0.02675374851683377,0.32450723050342173,6.814038746320637
PerplexDEW (Davies),isobar,15.0,596.6666666666666,0.45497436802576796,0.027301692462025677,0.32980911619189407,6.836094823794535
PerplexDEW (Davies),isobar,15.0,598.8888888888889,0.4621880375591786,0.027858653925656705,0.33518016454909577,6.858480205157199
PerplexDEW (Davies),isobar,15.0,601.1111111111111,0.46949382970497744,0.028424742971715617,0.3406211226824213,6.8812032861850705
PerplexDEW (Davies),isobar,15.0,603.3333333333334,0.4768927843932972,0.029000069177148494,0.34613273714940157,6.904272775167602
PerplexDEW (Davies),isobar,15.0,605.5555555555555,0.48438596274273343,0.02958474287753937,0.3517157666701858,6.927697759392162
PerplexDEW (Davies),isobar,15.0,607.7777777777778,0.49197446598741584,0.030178876590384752,0.35737099626349955,6.951487789635158
PerplexDEW (Davies),isobar,15.0,610.0,0.4996593740562045,0.03078258008527105,0.36309919053475137,6.9756526705237505
PerplexDEW (Davies),isobar,15.0,612.2222222222222,0.5074418450000135,0.03139596816229743,0.36890116874973755,7.000202840383906
PerplexDEW (Davies),isobar,15.0,614.4444444444445,0.5153230072627835,0.03201915202310953,0.3747777230310369,7.025149023193801
PerplexDEW (Davies),isobar,15.0,616.6666666666666,0.5233040909086214,0.03265224964552823,0.3807297175177645,7.050502662543082
PerplexDEW (Davies),isobar,15.0,618.8888888888889,0.5313862686614748,0.033295372974371885,0.3867579677164147,7.0762754520974696
PerplexDEW (Davies),isobar,15.0,621.1111111111111,0.5395707993736772,0.03394863931472994,0.39286334892517794,7.102479802949819
PerplexDEW (Davies),isobar,15.0,623.3333333333334,0.5478589328041221,0.03461216357115867,0.3990467238361374,7.129128571585751
PerplexDEW (Davies),isobar,15.0,625.5555555555555,0.5562520110182096,0.03528606635476177,0.4053090190861866,7.156235405056204
PerplexDEW (Davies),isobar,15.0,627.7777777777778,0.5647513487599399,0.03597046415933493,0.41165113433339545,7.183814390945457
PerplexDEW (Davies),isobar,15.0,630.0,0.5733583367750327,0.0366654776446533,0.4180740202441442,7.211880413846951
PerplexDEW (Davies),isobar,15.0,632.2222222222222,0.5820743378681786,0.03737122299793767,0.4245785994278674,7.240448852998259
PerplexDEW (Davies),isobar,15.0,634.4444444444445,0.590900838483987,0.038087824253499575,0.4311658809645492,7.269536103977678
PerplexDEW (Davies),isobar,15.0,636.6666666666667,0.5998393223600116,0.0388154027847758,0.43783686433589064,7.299159207143644
PerplexDEW (Davies),isobar,15.0,638.8888888888889,0.608891291447807,0.03955407884388341,0.444592554931397,7.32933594946542
PerplexDEW (Davies),isobar,15.0,641.1111111111111,0.6180583391418775,0.040303977243538104,0.4514340168722405,7.360085136286415
PerplexDEW (Davies),isobar,15.0,643.3333333333334,0.6273420728298773,0.04106522176244681,0.45836232294263646,7.391426418165694
PerplexDEW (Davies),isobar,15.0,645.5555555555555,0.6367441435117773,0.04183793596942996,0.4653785633860219,7.423380374352193
PerplexDEW (Davies),isobar,15.0,647.7777777777778,0.6462662725029092,0.04262224625042653,0.4724838744021796,7.455968690322502
PerplexDEW (Davies),isobar,15.0,650.0,0.6559102334585145,0.043418279898111714,0.47967942196199215,7.489214154282163
PerplexDEW (Davies),isobar,15.0,652.2222222222222,0.6656778290674367,0.044226162948702144,0.4869663837228857,7.523140578925364
PerplexDEW (Davies),isobar,15.0,654.4444444444445,0.6755709303873565,0.04504602329465613,0.49434597834563454,7.557773071014077
PerplexDEW (Davies),isobar,15.0,656.6666666666667,0.6855914938096395,0.04587799193330526,0.5018194778339469,7.593138108402013
PerplexDEW (Davies),isobar,15.0,658.8888888888889,0.6957414848482543,0.046722196277360656,0.5093881493782799,7.629263349775439
PerplexDEW (Davies),isobar,15.0,661.1111111111111,0.7060229587942984,0.04757876676945232,0.51705331585837,7.666177991989059
PerplexDEW (Davies),isobar,15.0,663.3333333333334,0.7164380659994196,0.048447837122315325,0.5248163592648456,7.703912872771362
PerplexDEW (Davies),isobar,15.0,665.5555555555555,0.7269890002401563,0.04932953966493619,0.532678681093225,7.742500368514891
PerplexDEW (Davies),isobar,15.0,667.7777777777778,0.7376780284428355,0.05022400761555629,0.5406417242356332,7.7819745921166055
PerplexDEW (Davies),isobar,15.0,670.0,0.748507464283578,0.05113137253900936,0.5487069524461142,7.822371390428687
PerplexDEW (Davies),isobar,15.0,672.2222222222222,0.7594797594561652,0.052051771914859005,0.5568759186077292,7.863728796329763
PerplexDEW (Davies),isobar,15.0,674.4444444444445,0.7705974511561818,0.05298534434846087,0.5651502243756845,7.906086951826598
PerplexDEW (Davies),isobar,15.0,676.6666666666667,0.7818630718992394,0.05393222146440007,0.5735314530497847,7.949487875754885
PerplexDEW (Davies),isobar,15.0,678.8888888888889,0.7932793681422021,0.054892546463152496,0.5820213276915971,7.993976454253579
PerplexDEW (Davies),isobar,15.0,681.1111111111111,0.8048490558857306,0.055866452669636316,0.590621535033355,8.039599641934638
PerplexDEW (Davies),isobar,15.0,683.3333333333334,0.8165750778788284,0.0568540854408172,0.5993339126567865,8.086407581386679
PerplexDEW (Davies),isobar,15.0,685.5555555555555,0.8284604177202004,0.057855585714984364,0.6081603095687349,8.134453133776335
PerplexDEW (Davies),isobar,15.0,687.7777777777778,0.8405081326879958,0.05887109246043229,0.6171026101790573,8.183792126537181
PerplexDEW (Davies),isobar,15.0,690.0,0.8527214252795667,0.059900748492831744,0.6261627872391485,8.234483875020567
PerplexDEW (Davies),isobar,15.0,692.2222222222222,0.8651036513350505,0.06094470078132492,0.6353429069564085,8.286591456256929
PerplexDEW (Davies),isobar,15.0,694.4444444444445,0.8776582558347377,0.06200309444040149,0.6446450798286878,8.34018168453895
PerplexDEW (Davies),isobar,15.0,696.6666666666667,0.8903887749242343,0.06307607245534297,0.6540714612861116,8.39532538361318
PerplexDEW (Davies),isobar,15.0,698.8888888888889,0.9032989513125755,0.06416378525845885,0.6636243371647241,8.452098208636652
PerplexDEW (Davies),isobar,15.0,701.1111111111111,0.9163926316704182,0.06526638132130928,0.6733060457101288,8.510580525721286
PerplexDEW (Davies),isobar,15.0,703.3333333333334,0.9296738083974162,0.06638401028482928,0.6831190093127972,8.570857990550966
PerplexDEW (Davies),isobar,15.0,705.5555555555555,0.9431466059192102,0.06751682124618297,0.6930657172269514,8.633021804168342
PerplexDEW (Davies),isobar,15.0,707.7777777777778,0.9568153465708635,0.06866496794174276,0.7031487823304083,8.69716961062704
PerplexDEW (Davies),isobar,15.0,710.0,0.9706845197617205,0.06982860549434113,0.7133709110608193,8.763405786780847
PerplexDEW (Davies),isobar,17.5,490.0,0.21801922386050315,0.010179968755934458,0.1542696060049265,6.12329295305655
PerplexDEW (Davies),isobar,17.5,492.22222222222223,0.22210677782397262,0.010434409598248064,0.15725328089820828,6.136446351369283
PerplexDEW (Davies),isobar,17.5,494.44444444444446,0.2262553791671809,0.010694060870442371,0.16028316546702526,6.149763975021082
PerplexDEW (Davies),isobar,17.5,496.6666666666667,0.23046568246651178,0.01095900377860057,0.16335977564286108,6.16324788403733
PerplexDEW (Davies),isobar,17.5,498.8888888888889,0.23473835019722136,0.011229320544671522,0.16648363337658628,6.176900200474105
PerplexDEW (Davies),isobar,17.5,501.1111111111111,0.23907405339061033,0.011505094435816555,0.16965526696922378,6.190723110952435
PerplexDEW (Davies),isobar,17.5,503.3333333333333,0.24347346833932534,0.011786409565585246,0.17287520860038189,6.204718859027744
PerplexDEW (Davies),isobar,17.5,505.55555555555554,0.24793726904159016,0.012073350423447479,0.1761439886752177,6.21888972520475
PerplexDEW (Davies),isobar,17.5,507.77777777777777,0.25246614222094405,0.012366002787436596,0.1794621469641031,6.233238073548426
PerplexDEW (Davies),isobar,17.5,510.0,0.25706077224464474,0.012664452790665174,0.18283022134744603,6.2477663097521745
PerplexDEW (Davies),isobar,17.5,512.2222222222222,0.26172186082611615,0.012968788138949793,0.18624876245444633,6.262476941621804
PerplexDEW (Davies),isobar,17.5,514.4444444444445,0.2664501076007918,0.013279096897790152,0.18971831916185308,6.277372524700399
PerplexDEW (Davies),isobar,17.5,516.6666666666666,0.2712462094851326,0.013595467428375156,0.19323943806288557,6.292455663331538
PerplexDEW (Davies),isobar,17.5,518.8888888888889,0.27611089451054927,0.013917990531557005,0.19681268867299428,6.307729112745031
PerplexDEW (Davies),isobar,17.5,521.1111111111111,0.28104486731525713,0.014246755972520774,0.20043862271744115,6.323195622503453
PerplexDEW (Davies),isobar,17.5,523.3333333333334,0.28604886465831353,0.014581856015749626,0.20411781552203262,6.338858102340595
PerplexDEW (Davies),isobar,17.5,525.5555555555555,0.29112360333228426,0.014923382063976571,0.20785082706734487,6.354719473185526
PerplexDEW (Davies),isobar,17.5,527.7777777777778,0.29626983830262976,0.015271428414562138,0.21163824538546172,6.3707828407934315
PerplexDEW (Davies),isobar,17.5,530.0,0.3014882947992447,0.015626087820517432,0.2154806357407411,6.387051301026634
PerplexDEW (Davies),isobar,17.5,532.2222222222222,0.30677974236213323,0.015987456329041094,0.21937859595554415,6.403528166797958
PerplexDEW (Davies),isobar,17.5,534.4444444444445,0.3121449346134767,0.016355629311826925,0.22333271130139004,6.420216770606299
PerplexDEW (Davies),isobar,17.5,536.6666666666666,0.3175846373586547,0.016730703294938726,0.22734357546061046,6.437120588614764
PerplexDEW (Davies),isobar,17.5,538.8888888888889,0.32309962418573424,0.017112775653823045,0.23141178717335087,6.454243207910686
PerplexDEW (Davies),isobar,17.5,541.1111111111111,0.32869067673688307,0.01750194461434551,0.2355379503766664,6.471588338121164
PerplexDEW (Davies),isobar,17.5,543.3333333333334,0.33435859562988157,0.017898309981931076,0.23972268233238114,6.4891598484278035
PerplexDEW (Davies),isobar,17.5,545.5555555555555,0.3401041746759927,0.01830197136712573,0.24396659421783456,6.506961697558488
PerplexDEW (Davies),isobar,17.5,547.7777777777778,0.34592821625920966,0.01871302919926444,0.2482703025774764,6.52499798430671
PerplexDEW (Davies),isobar,17.5,550.0,0.35183155415287143,0.01913158629200893,0.2526344463871551,6.543273020253077
PerplexDEW (Davies),isobar,17.5,552.2222222222222,0.3578150044015926,0.019557744422921505,0.25705965008781156,6.561791192198876
PerplexDEW (Davies),isobar,17.5,554.4444444444445,0.3638794097598579,0.01999160738372386,0.2615465568727908,6.580557098777641
PerplexDEW (Davies),isobar,17.5,556.6666666666666,0.3700256179027833,0.020433279442988152,0.2660958122331578,6.599575493515509
PerplexDEW (Davies),isobar,17.5,558.8888888888889,0.376254493418103,0.020882866160274936,0.27070807287941534,6.618851327244782
PerplexDEW (Davies),isobar,17.5,561.1111111111111,0.3825669002971208,0.02134047311456001,0.27538399347219394,6.638389704222599
PerplexDEW (Davies),isobar,17.5,563.3333333333334,0.3889637326887065,0.021806208061288263,0.28012424966050486,6.658195980626328
PerplexDEW (Davies),isobar,17.5,565.5555555555555,0.39544587870633213,0.022280178316319572,0.28492951073655254,6.678275666398898
PerplexDEW (Davies),isobar,17.5,567.7777777777778,0.4020142452760532,0.02276249249108159,0.28980045822197437,6.698634507242027
PerplexDEW (Davies),isobar,17.5,570.0,0.4086697526143975,0.023253260062365562,0.2947377815956977,6.719278477698031
PerplexDEW (Davies),isobar,17.5,572.2222222222222,0.4154133483144523,0.02375259236590959,0.29974218879070874,6.740213832852208
PerplexDEW (Davies),isobar,17.5,574.4444444444445,0.4222459678639753,0.024260599665674898,0.3048143763044575,6.7614470014569505
PerplexDEW (Davies),isobar,17.5,576.6666666666666,0.4291685888795021,0.024777395080848773,0.3099550699473559,6.782984757969476
PerplexDEW (Davies),isobar,17.5,578.8888888888889,0.4361821914420992,0.02530309163236658,0.3151649948006249,6.804834116213975
PerplexDEW (Davies),isobar,17.5,581.1111111111111,0.4432877575189878,0.0258378021250637,0.3204448746179348,6.827002339280783
PerplexDEW (Davies),isobar,17.5,583.3333333333334,0.4504863295910917,0.02638164347838792,0.32579547591960345,6.8494971283101265
PerplexDEW (Davies),isobar,17.5,585.5555555555555,0.4577789098643557,0.026934729130695258,0.33121753176033364,6.872326333333339
PerplexDEW (Davies),isobar,17.5,587.7777777777778,0.46516657848823617,0.027497177852657,0.3367118308021336,6.895498323255579
PerplexDEW (Davies),isobar,17.5,590.0,0.4726503904538376,0.02806910592516947,0.3422791392958012,6.91902169013186
PerplexDEW (Davies),isobar,17.5,592.2222222222222,0.48023144392617195,0.02865063223101164,0.3479202524948697,6.942905481467647
PerplexDEW (Davies),isobar,17.5,594.4444444444445,0.4879108508690048,0.029241875964322782,0.3536359722791698,6.967159089231918
PerplexDEW (Davies),isobar,17.5,596.6666666666666,0.4956897455459303,0.02984295720180544,0.35942711337402056,6.991792350261459
PerplexDEW (Davies),isobar,17.5,598.8888888888889,0.5035692855290339,0.03045399690426382,0.36529450390246176,7.016815531226234
PerplexDEW (Davies),isobar,17.5,601.1111111111111,0.5115506613064803,0.031075117584874214,0.3712389924306543,7.042239387368174
PerplexDEW (Davies),isobar,17.5,603.3333333333334,0.5196350807530413,0.031706442022360004,0.3772614359982829,7.068075135723316
PerplexDEW (Davies),isobar,17.5,605.5555555555555,0.5278237783944567,0.032348093886465645,0.3833627068814234,7.094334505922678
PerplexDEW (Davies),isobar,17.5,607.7777777777778,0.5361180076026829,0.03300019702785968,0.389543686438377,7.121029739235663
PerplexDEW (Davies),isobar,17.5,610.0,0.54451908698053,0.03366287904110009,0.39580529993643154,7.148173759901809
PerplexDEW (Davies),isobar,17.5,612.2222222222222,0.5530283114781923,0.034336264145454244,0.4021484490425272,7.175779921568699
PerplexDEW (Davies),isobar,17.5,614.4444444444445,0.5616470630477431,0.03502048182945244,0.40857409524764254,7.203862385492487
PerplexDEW (Davies),isobar,17.5,616.6666666666666,0.5703767105728189,0.035715658797880405,0.41508318386213217,7.232435832893104
PerplexDEW (Davies),isobar,17.5,618.8888888888889,0.5792186860457749,0.03642192491093418,0.4216767013395666,7.261515739654623
PerplexDEW (Davies),isobar,17.5,621.1111111111111,0.5881744586492264,0.037139411006693074,0.42835565534404585,7.291118328420978
PerplexDEW (Davies),isobar,17.5,623.3333333333334,0.5972455160221052,0.0378682472505785,0.43512106023528124,7.321260543229446
PerplexDEW (Davies),isobar,17.5,625.5555555555555,0.6064334086766708,0.03860856634915572,0.44197396817702245,7.351960223584368
PerplexDEW (Davies),isobar,17.5,627.7777777777778,0.6157397107381477,0.03936050113901548,0.44891544750456785,7.3832360540097515
PerplexDEW (Davies),isobar,17.5,630.0,0.6251660373997721,0.040124184501813764,0.455946583101852,7.415107610023268
PerplexDEW (Davies),isobar,17.5,632.2222222222222,0.6347140790982833,0.04089975288207746,0.46306851001812144,7.447595555956492
PerplexDEW (Davies),isobar,17.5,634.4444444444445,0.6443855421406712,0.04168734105020142,0.4702823661207436,7.480721500230068
PerplexDEW (Davies),isobar,17.5,636.6666666666667,0.6541822048499499,0.04248708652442446,0.4775893341381983,7.5145081873528525
PerplexDEW (Davies),isobar,17.5,638.8888888888889,0.6641058755459334,0.04329912593027307,0.4849906094194374,7.548979485630326
PerplexDEW (Davies),isobar,17.5,641.1111111111111,0.6741584400747295,0.04412359873013811,0.49248743541130535,7.584160564449782
PerplexDEW (Davies),isobar,17.5,643.3333333333334,0.6843418303960145,0.04496064442861582,0.5000810794042474,7.620077863751357
PerplexDEW (Davies),isobar,17.5,645.5555555555555,0.6946580383916793,0.04581040350047507,0.5077728424625094,7.656759212254231
PerplexDEW (Davies),isobar,17.5,647.7777777777778,0.7051091310632083,0.04667301844115425,0.5155640703724179,7.694233958308935
PerplexDEW (Davies),isobar,17.5,650.0,0.7156972165114848,0.04754863068877646,0.5234561273727498,7.732532929383567
PerplexDEW (Davies),isobar,17.5,652.2222222222222,0.7264244962982161,0.04843738476316166,0.5314504351414248,7.771688708948629
PerplexDEW (Davies),isobar,17.5,654.4444444444445,0.7372932183245599,0.049339424058774055,0.5395484365880838,7.811735559957034
PerplexDEW (Davies),isobar,17.5,656.6666666666667,0.748305731281168,0.05025489515774541,0.5477516363469958,7.85270972796396
PerplexDEW (Davies),isobar,17.5,658.8888888888889,0.7594644632199964,0.051183945757883424,0.5560615839209542,7.8946494753229555
PerplexDEW (Davies),isobar,17.5,661.1111111111111,0.7707718974190984,0.05212672233096955,0.5644798562545243,7.9375951078045786
PerplexDEW (Davies),isobar,17.5,663.3333333333334,0.7822306160156484,0.053083373506120905,0.573008084205338,7.9815892694640205
PerplexDEW (Davies),isobar,17.5,665.5555555555555,0.7938432907616801,0.0540540489733396,0.5816479532906522,8.026677067170057
PerplexDEW (Davies),isobar,17.5,667.7777777777778,0.8056127164257187,0.05503890199923335,0.590401222512611,8.072906292522466
PerplexDEW (Davies),isobar,17.5,670.0,0.8175417281429428,0.05603808203440725,0.5992696626544921,8.120327353922704
PerplexDEW (Davies),isobar,17.5,672.2222222222222,0.8296333069133573,0.05705174333915025,0.6082551349178978,8.16899381898477
PerplexDEW (Davies),isobar,17.5,674.4444444444445,0.8418905418855466,0.058080041396976076,0.6173595616060052,8.218962481757869
PerplexDEW (Davies),isobar,17.5,676.6666666666667,0.8543165878693588,0.05912312887324933,0.6265848932867886,8.270293399077081
PerplexDEW (Davies),isobar,17.5,678.8888888888889,0.8669147786323608,0.060181164902406034,0.6359331930270868,8.323050605972282
PerplexDEW (Davies),isobar,17.5,681.1111111111111,0.8796885069460264,0.06125430437728853,0.6454065452501616,8.37730186849445
PerplexDEW (Davies),isobar,17.5,683.3333333333334,0.8926413911008602,0.062342711784012066,0.655007179727993,8.43311969676973
PerplexDEW (Davies),isobar,17.5,685.5555555555555,0.905777051642938,0.0634465415611704,0.6647373029699744,8.490580679170634
PerplexDEW (Davies),isobar,17.5,687.7777777777778,0.9190993476097725,0.06456595789482698,0.6745992757955881,8.54976690124809
PerplexDEW (Davies),isobar,17.5,690.0,0.9326122686700732,0.06570112494371573,0.6845955254925076,8.610765781955863
PerplexDEW (Davies),isobar,17.5,692.2222222222222,0.9463199220480146,0.06685220517487642,0.6947285433117574,8.673670550348985
PerplexDEW (Davies),isobar,17.5,694.4444444444445,0.9602265726813504,0.06801936225795764,0.7050009077882529,8.73858083259679
PerplexDEW (Davies),isobar,17.5,696.6666666666667,0.9743367252713511,0.06920276753671724,0.7154153460141608,8.80560361238906
PerplexDEW (Davies),isobar,17.5,698.8888888888889,0.9886549477518238,0.07040258424488414,0.7259746004634301,8.87485296061859
PerplexDEW (Davies),isobar,17.5,701.1111111111111,1.003186101996522,0.07161898670109941,0.7366815997395981,8.9464518506174
PerplexDEW (Davies),isobar,17.5,703.3333333333334,1.0179351245338037,0.07285214081032843,0.7475392936042478,9.020531798924928
PerplexDEW (Davies),isobar,17.5,705.5555555555555,1.0329072668571198,0.07410222400659008,0.7585508304139332,9.097234984201643
PerplexDEW (Davies),isobar,17.5,707.7777777777778,1.048107909138419,0.07536940854604705,0.7697194168285088,9.176714123725482
PerplexDEW (Davies),isobar,17.5,710.0,1.0635426458205435,0.07665386811318396,0.7810483799146504,9.2591341504644
PerplexDEW (Davies),isobar,20.0,495.0,0.2456660397675797,0.011628631692680969,0.17404252300645204,6.231008725337965
PerplexDEW (Davies),isobar,20.0,496.1111111111111,0.2479387259839358,0.011771947296543208,0.17570372786600102,6.238334351695411
PerplexDEW (Davies),isobar,20.0,497.22222222222223,0.25022820482601693,0.011916714023266722,0.17737765799544644,6.245706272728894
PerplexDEW (Davies),isobar,20.0,498.3333333333333,0.25253456737269314,0.012062943134777494,0.1790643844300194,6.253124801571518
PerplexDEW (Davies),isobar,20.0,499.44444444444446,0.2548579046105702,0.012210645950063267,0.18076397867296284,6.260590255654797
PerplexDEW (Davies),isobar,20.0,500.55555555555554,0.2571983041818783,0.012359833620171626,0.1824765097362142,6.268102945625859
PerplexDEW (Davies),isobar,20.0,501.6666666666667,0.2595558614290255,0.012510517797177339,0.18420205234509052,6.275663208438852
PerplexDEW (Davies),isobar,20.0,502.77777777777777,0.26193066843058793,0.012662709971224491,0.1859406787928062,6.283271374665449
PerplexDEW (Davies),isobar,20.0,503.8888888888889,0.2643228176379792,0.012816421689690395,0.18769246164018846,6.290927779460252
PerplexDEW (Davies),isobar,20.0,505.0,0.2667324018797959,0.012971664557262287,0.18945747371788324,6.298632762665949
PerplexDEW (Davies),isobar,20.0,506.1111111111111,0.26915951436639846,0.013128450236003708,0.19123578812849834,6.306386668921156
PerplexDEW (Davies),isobar,20.0,507.22222222222223,0.2716042486946496,0.013286790445432772,0.1930274782489524,6.314189847770958
PerplexDEW (Davies),isobar,20.0,508.3333333333333,0.27406669885274537,0.01344669696258642,0.19483261811008706,6.322042653780297
PerplexDEW (Davies),isobar,20.0,509.44444444444446,0.2765469552189463,0.013608181372374508,0.19665127791846565,6.329945434725567
PerplexDEW (Davies),isobar,20.0,510.55555555555554,0.2790451245982678,0.013771256316249541,0.19848354120464162,6.337898591337376
PerplexDEW (Davies),isobar,20.0,511.6666666666667,0.28156129016458536,0.013935932995065351,0.20032947351678593,6.345902458175251
PerplexDEW (Davies),isobar,20.0,512.7777777777778,0.2840955515293421,0.014102223666355057,0.20218915262392698,6.353957423000355
PerplexDEW (Davies),isobar,20.0,513.8888888888889,0.2866480047154912,0.014270140395790677,0.20406265360132553,6.362063867280403
PerplexDEW (Davies),isobar,20.0,515.0,0.28921875037504946,0.014439695573309708,0.20595005495253538,6.370222190743542
PerplexDEW (Davies),isobar,20.0,516.1111111111111,0.29180787701436717,0.01461090085125261,0.20785142610080004,6.378432761641937
PerplexDEW (Davies),isobar,20.0,517.2222222222222,0.2944154903976269,0.014783769005446371,0.20976684931122921,6.386696004256146
PerplexDEW (Davies),isobar,20.0,518.3333333333334,0.29704168840329215,0.014958312344170586,0.211696400942809,6.395012324291971
PerplexDEW (Davies),isobar,20.0,519.4444444444445,0.29968656498980517,0.015134542953809947,0.2136401543989141,6.403382120809958
PerplexDEW (Davies),isobar,20.0,520.5555555555555,0.3023502144042217,0.015312472964885316,0.21559818326380353,6.411805798859952
PerplexDEW (Davies),isobar,20.0,521.6666666666666,0.30503274900682015,0.015492115701733908,0.2175705746111839,6.420283822519876
PerplexDEW (Davies),isobar,20.0,522.7777777777778,0.30773425515022224,0.015673482843774376,0.21955739606354452,6.428816584050331
PerplexDEW (Davies),isobar,20.0,523.8888888888889,0.3104548418561235,0.01585658755922502,0.22155873213300037,6.437404548536351
PerplexDEW (Davies),isobar,20.0,525.0,0.31319460980652886,0.016041442507252583,0.22357466106721247,6.446048161981363
PerplexDEW (Davies),isobar,20.0,526.1111111111111,0.31595365091930155,0.01622805980103704,0.2256052545223734,6.454747850205459
PerplexDEW (Davies),isobar,20.0,527.2222222222222,0.3187320806257133,0.016416453113025874,0.22765060168474532,6.463504114777889
PerplexDEW (Davies),isobar,20.0,528.3333333333334,0.3215299918088146,0.016606634670093705,0.22971077484402233,6.472317396484842
PerplexDEW (Davies),isobar,20.0,529.4444444444445,0.3243474870376026,0.016798617355017136,0.23178585348147274,6.481188171140806
PerplexDEW (Davies),isobar,20.0,530.5555555555555,0.3271846742139532,0.016992414427227334,0.23387592101912386,6.490116936834095
PerplexDEW (Davies),isobar,20.0,531.6666666666666,0.3300416522477825,0.017188038577127265,0.2359810541024141,6.499104171583709
PerplexDEW (Davies),isobar,20.0,532.7777777777778,0.3329185302096694,0.017385503189947703,0.23810133692515306,6.508150390348463
PerplexDEW (Davies),isobar,20.0,533.8888888888889,0.3358154129611529,0.017584821396127444,0.2402368504777453,6.517256102559331
PerplexDEW (Davies),isobar,20.0,535.0,0.33873240592726706,0.01778600638531979,0.2423876761145935,6.52642182646097
PerplexDEW (Davies),isobar,20.0,536.1111111111111,0.34166961006537383,0.017989071068215148,0.24455389178364725,6.5356480743546275
PerplexDEW (Davies),isobar,20.0,537.2222222222222,0.3446271369030495,0.01819402908291294,0.24673558328525652,6.54493539744062
PerplexDEW (Davies),isobar,20.0,538.3333333333334,0.3476050884780749,0.018400893450240298,0.24893282924711901,6.554284326441847
PerplexDEW (Davies),isobar,20.0,539.4444444444445,0.35060358279482795,0.018609678286184088,0.25114572019188863,6.563695455001696
PerplexDEW (Davies),isobar,20.0,540.5555555555555,0.3536227179250719,0.01882039637944006,0.2533743316367114,6.573169303281519
PerplexDEW (Davies),isobar,20.0,541.6666666666666,0.356662608025929,0.01903306162248348,0.2556187510791916,6.5827064695769355
PerplexDEW (Davies),isobar,20.0,542.7777777777778,0.3597233627560524,0.0192476876206987,0.2578790625707549,6.592307540124045
PerplexDEW (Davies),isobar,20.0,543.8888888888889,0.36280509242427356,0.019464288039099425,0.26015535057177186,6.601973111845902
PerplexDEW (Davies),isobar,20.0,545.0,0.36590790256813777,0.019682876229339084,0.26244769588150335,6.611703776434364
PerplexDEW (Davies),isobar,20.0,546.1111111111111,0.36903191565039145,0.0199034667173646,0.26475619191141925,6.621500185182933
PerplexDEW (Davies),isobar,20.0,547.2222222222222,0.3721772330858498,0.02012607259664628,0.26708091619510965,6.631362936154332
PerplexDEW (Davies),isobar,20.0,548.3333333333334,0.37534397892964666,0.020350708530949366,0.2694219631641856,6.641292704553917
PerplexDEW (Davies),isobar,20.0,549.4444444444445,0.3785322558067841,0.02057738771503666,0.2717794110730001,6.651290111649495
PerplexDEW (Davies),isobar,20.0,550.5555555555555,0.3817421894223696,0.020806124951056555,0.2741533554043015,6.661355857739227
PerplexDEW (Davies),isobar,20.0,551.6666666666666,0.3849738836638043,0.021036933534876862,0.2765438751598199,6.671490588476923
PerplexDEW (Davies),isobar,20.0,552.7777777777778,0.38822746594663515,0.02126982840759676,0.2789510669060595,6.6816950304979255
PerplexDEW (Davies),isobar,20.0,553.8888888888889,0.3915030414758141,0.021504822965997122,0.28137501042034846,6.691969855086246
PerplexDEW (Davies),isobar,20.0,555.0,0.39480073944095834,0.021741932290701586,0.2838158033873375,6.702315816525539
PerplexDEW (Davies),isobar,20.0,556.1111111111111,0.39812067834681697,0.02198117072063881,0.28627353535242306,6.712733648769831
PerplexDEW (Davies),isobar,20.0,557.2222222222222,0.4014629654861818,0.022222551803725576,0.28874828731398805,6.723224064038021
PerplexDEW (Davies),isobar,20.0,558.3333333333334,0.4048277267643265,0.022466090400259837,0.29124015413692306,6.733787842480728
PerplexDEW (Davies),isobar,20.0,559.4444444444445,0.4082150891621195,0.02271180145108441,0.2937492313721911,6.744425780041354
PerplexDEW (Davies),isobar,20.0,560.5555555555555,0.4116251683863723,0.02295969909578981,0.2962756059641616,6.7551386516628975
PerplexDEW (Davies),isobar,20.0,561.6666666666666,0.4150580870503943,0.023209797960115214,0.2988193699158035,6.765927266169085
PerplexDEW (Davies),isobar,20.0,562.7777777777778,0.4185139749753528,0.023462113181929426,0.3013806205152141,6.77679246759944
PerplexDEW (Davies),isobar,20.0,563.8888888888889,0.42199295042414475,0.02371665906686716,0.30395944621325666,6.787735079071562
PerplexDEW (Davies),isobar,20.0,565.0,0.4254951387913167,0.02397345042225801,0.3065559406786381,6.798755959370897
PerplexDEW (Davies),isobar,20.0,566.1111111111111,0.4290206729130568,0.024232502583898332,0.3091702030306941,6.809856004356989
PerplexDEW (Davies),isobar,20.0,567.2222222222222,0.43256967377884825,0.024493830023422293,0.31180232331679625,6.821036089101853
PerplexDEW (Davies),isobar,20.0,568.3333333333334,0.43614226974359815,0.024757447730178992,0.3144523969670595,6.832297126257508
PerplexDEW (Davies),isobar,20.0,569.4444444444445,0.43973859684671607,0.025023371238805547,0.3171205250336908,6.843640067540273
PerplexDEW (Davies),isobar,20.0,570.5555555555555,0.44335877898821585,0.02529161518688926,0.31980679925803857,6.855065844074442
PerplexDEW (Davies),isobar,20.0,571.6666666666666,0.44700295445505617,0.025562195242199017,0.3225113220415995,6.866575447226252
PerplexDEW (Davies),isobar,20.0,572.7777777777778,0.4506712560378505,0.02583512665473152,0.3252341914674136,6.878169868767365
PerplexDEW (Davies),isobar,20.0,573.8888888888889,0.45436380384480013,0.026110423720578917,0.32797549587626207,6.889850079284773
PerplexDEW (Davies),isobar,20.0,575.0,0.4580807534560387,0.026388103317343474,0.33073535014589667,6.901617175383114
PerplexDEW (Davies),isobar,20.0,576.1111111111111,0.4618222272336534,0.026668179857595214,0.333513843928114,6.913472170864136
PerplexDEW (Davies),isobar,20.0,577.2222222222222,0.4655883695081717,0.026950669343874835,0.3363110832281865,6.9254161654649335
PerplexDEW (Davies),isobar,20.0,578.3333333333334,0.4693793117733922,0.027235586801121307,0.3391271641683977,6.937450239077738
PerplexDEW (Davies),isobar,20.0,579.4444444444445,0.4731952081826706,0.027522948904133055,0.34196219974111564,6.949575560995398
PerplexDEW (Davies),isobar,20.0,580.5555555555555,0.47703617824597133,0.027812769719423886,0.34481627659894776,6.961793214621769
PerplexDEW (Davies),isobar,20.0,581.6666666666666,0.480902386118328,0.028105066600804397,0.347689514833453,6.9741044415435915
PerplexDEW (Davies),isobar,20.0,582.7777777777778,0.4847939609759997,0.028399854256999917,0.3505820079273406,6.986510397325356
PerplexDEW (Davies),isobar,20.0,583.8888888888889,0.4887110552922094,0.028697149096045274,0.3534938666951932,6.999012331419426
PerplexDEW (Davies),isobar,20.0,585.0,0.4926538156467354,0.0289969670439965,0.3564251972629816,7.011611497888616
PerplexDEW (Davies),isobar,20.0,586.1111111111111,0.4966223824202368,0.02929932351319139,0.3593761008276739,7.024309154868245
PerplexDEW (Davies),isobar,20.0,587.2222222222222,0.5006169202590611,0.029604235698146034,0.3623466966375208,7.037106659774336
PerplexDEW (Davies),isobar,20.0,588.3333333333334,0.5046375647972191,0.029911718552881907,0.36533708178421354,7.050005304526148
PerplexDEW (Davies),isobar,20.0,589.4444444444445,0.5086844761379269,0.03022178882675456,0.36834737155164937,7.0630064823747185
PerplexDEW (Davies),isobar,20.0,590.5555555555555,0.5127578162227631,0.030534463357808704,0.3713776823340451,7.076111618465444
PerplexDEW (Davies),isobar,20.0,591.6666666666666,0.5168577169654827,0.030849756637730187,0.37442810757197087,7.089322070572798
PerplexDEW (Davies),isobar,20.0,592.7777777777778,0.5209843673900775,0.031167687449126992,0.37749878352265687,7.102639402806818
PerplexDEW (Davies),isobar,20.0,593.8888888888889,0.5251378943702215,0.031488269765226784,0.3805897992222971,7.116065012367928
PerplexDEW (Davies),isobar,20.0,595.0,0.5293184826816996,0.03181152191858597,0.3837012871113645,7.129600518314518
PerplexDEW (Davies),isobar,20.0,596.1111111111111,0.5335262866475495,0.03213745984109704,0.3868333563205323,7.143247441409026
PerplexDEW (Davies),isobar,20.0,597.2222222222222,0.5377614704215914,0.0324661001430304,0.38998612307616065,7.157007395518454
PerplexDEW (Davies),isobar,20.0,598.3333333333334,0.5420241999801592,0.032797459497327035,0.3931597046457553,7.170882021271644
PerplexDEW (Davies),isobar,20.0,599.4444444444445,0.5463146431634738,0.03313155463968148,0.3963542193605951,7.184872997434588
PerplexDEW (Davies),isobar,20.0,600.5555555555555,0.5506329697181251,0.03346840236862564,0.3995697866390324,7.198982041952762
PerplexDEW (Davies),isobar,20.0,601.6666666666666,0.5549793599883361,0.03380802021862675,0.40280653354311047,7.2132109407688265
PerplexDEW (Davies),isobar,20.0,602.7777777777778,0.5593539704468296,0.034150423775600215,0.4060645687310214,7.227561438277379
PerplexDEW (Davies),isobar,20.0,603.8888888888889,0.563756994198955,0.034495631380744005,0.40934402815338117,7.24203543236246
PerplexDEW (Davies),isobar,20.0,605.0,0.5681885915324317,0.034843658716479736,0.4126450225781307,7.256634752287065
PerplexDEW (Davies),psat,3.16674874006291e-05,25.0,0.00018403128557139506,1.8822942454769297e-07,9.382571443267134e-05,0.08256020212946806
PerplexDEW (Davies),psat,3.8971296034890025e-05,28.525252525252526,0.00019828510448352326,2.1953462622691174e-07,0.00010184375929940709,0.0842534184274514
PerplexDEW (Davies),psat,4.770372635983489e-05,32.05050505050505,0.00021353237241925456,2.554369894328813e-07,0.00011046939826944927,0.08608636426508642
PerplexDEW (Davies),psat,5.8093119737924695e-05,35.57575757575758,0.0002298254723161975,2.965116346839613e-07,0.00011973813762501022,0.0880554548088176
PerplexDEW (Davies),psat,7.039572688496795e-05,39.101010101010104,0.0002472189634996976,3.4339218215488414e-07,0.00012968703175074355,0.09015804451780222
PerplexDEW (Davies),psat,8.48979454804781e-05,42.62626262626263,0.00026576958221976807,3.96775140107667e-07,0.0001403546948410232,0.09239225816387117
PerplexDEW (Davies),psat,0.00010191861255354801,46.15151515151515,0.00028537766122213484,4.5716850499253853e-07,0.00015169674127054567,0.09472810833449094
PerplexDEW (Davies),psat,0.00012181134269627938,49.676767676767675,0.000305514236630069,5.243323474043834e-07,0.0001634365116691484,0.09706724658941132
PerplexDEW (Davies),psat,0.00014496690272637378,53.2020202020202,0.0003269762785772725,6.002627201165493e-07,0.0001760060010489264,0.09954797370324586
PerplexDEW (Davies),psat,0.0001718156130765712,56.72727272727273,0.0003498282058269013,6.859317412900754e-07,0.00018944958533847545,0.10216901531475951
PerplexDEW (Davies),psat,0.00020282976593169125,60.25252525252525,0.00037413725381182336,7.823986989309478e-07,0.00020381357394784764,0.10492967707675675
PerplexDEW (Davies),psat,0.00023852604996343644,63.77777777777778,0.00039997365602736766,8.908161390468907e-07,0.00021914632406844933,0.10782978041844031
PerplexDEW (Davies),psat,0.0002794679714270711,67.3030303030303,0.00042741027922089513,1.012434972226427e-06,0.00023549805434615827,0.11086953212822287
PerplexDEW (Davies),psat,0.0003262682613799407,70.82828282828282,0.00045652291306416855,1.148611091489025e-06,0.0002529210142852833,0.11404950631198067
PerplexDEW (Davies),psat,0.00037959125885595255,74.35353535353535,0.00048739002707019535,1.3008109513764925e-06,0.0002714693593528476,0.1173705588561785
PerplexDEW (Davies),psat,0.00044015525997838205,77.87878787878788,0.0005200928239301298,1.4706179000807217e-06,0.000291199186852492,0.12083379408445241
PerplexDEW (Davies),psat,0.0005087348232109338,81.4040404040404,0.0005547152071462515,1.6597384092194593e-06,0.0003121685229971771,0.1244405260971608
PerplexDEW (Davies),psat,0.0005861630212284873,84.92929292929293,0.0005913438893149309,1.8700088133403323e-06,0.00033443738807150314,0.12819226209544787
PerplexDEW (Davies),psat,0.0006733336302288337,88.45454545454545,0.0006300681401543845,2.1034010169254038e-06,0.0003580676562034145,0.13209064829686287
PerplexDEW (Davies),psat,0.000771203247899121,91.97979797979798,0.0006709800357523634,2.362029775526397e-06,0.0003831231977464493,0.13613747797673975
PerplexDEW (Davies),psat,0.0008807933316895004,95.5050505050505,0.0007141742327421319,2.6481584944780814e-06,0.0004096697503680096,0.14033464861814451
PerplexDEW (Davies),psat,0.0010031921495257904,99.03030303030303,0.0007597480928064002,2.964206172771117e-06,0.00043777498866636616,0.14468416061776435
PerplexDEW (Davies),psat,0.0011395566356065194,102.55555555555556,0.0008078015955959855,3.3127535982917816e-06,0.0004675084715137561,0.14918809536401773
PerplexDEW (Davies),psat,0.0012911141444717424,106.08080808080808,0.0008584373670277053,3.6965499113443634e-06,0.0004989416546964303,0.1538486071743264
PerplexDEW (Davies),psat,0.0014591640970957162,109.6060606060606,0.0009117603996627256,4.118517724647581e-06,0.0005321477218780876,0.15866788891508254
PerplexDEW (Davies),psat,0.0016450795133371896,113.13131313131312,0.0009678784539728063,4.581761086376977e-06,0.0005672018131666299,0.16364820140892825
PerplexDEW (Davies),psat,0.0018503084256746045,116.65656565656565,0.0010269014284056584,5.0895686367565475e-06,0.0006041806467219661,0.16879181173302077
PerplexDEW (Davies),psat,0.0020763751697535993,120.18181818181817,0.0010889417756741633,5.645421315131788e-06,0.0006431627543024654,0.17410102583005824
PerplexDEW (Davies),psat,0.0023248815478766408,123.7070707070707,0.0011541141599371268,6.2529962588754745e-06,0.0006842282679420141,0.1795781559792058
PerplexDEW (Davies),psat,0.0025975078621642976,127.23232323232322,0.0012225357974581972,6.9161739858171385e-06,0.0007274591123804352,0.185225545020661
PerplexDEW (Davies),psat,0.002896013814711435,130.75757575757575,0.0012943253336067102,7.639036961773778e-06,0.0007729383178637494,0.19104547873644503
PerplexDEW (Davies),psat,0.0032222392726451747,134.2828282828283,0.0013696039528757777,8.425880341365718e-06,0.0008207506711010886,0.19704027164948232
PerplexDEW (Davies),psat,0.003578104896561738,137.8080808080808,0.0014484945868662499,9.281211562518623e-06,0.0008709822239492588,0.20321220669801596
PerplexDEW (Davies),psat,0.0039656126313736195,141.33333333333331,0.001531121712186276,1.020975241962529e-05,0.0009237201514344557,0.20956352396691563
PerplexDEW (Davies),psat,0.004386846059133994,144.85858585858585,0.001617611451950186,1.1216442609570086e-05,0.0009790527935974432,0.21609643091126804
PerplexDEW (Davies),psat,0.004843970613919506,148.3838383838384,0.0017080914282650741,1.2306441184054911e-05,0.001037069545767761,0.2228130948179965
PerplexDEW (Davies),psat,0.005339233659344778,151.9090909090909,0.0018026902225125967,1.3485124266185784e-05,0.001097860504788645,0.22971561160067425
PerplexDEW (Davies),psat,0.005874964429748883,155.43434343434342,0.00190153747699717,1.4758086526586199e-05,0.0011615165066136339,0.23680601805866308
PerplexDEW (Davies),psat,0.006453573836535782,158.95959595959596,0.002004763259098088,1.6131136128180653e-05,0.001228128706880695,0.24408625823133728
PerplexDEW (Davies),psat,0.007077554141565978,162.48484848484847,0.002112498616802982,1.76102983512428e-05,0.0012977888985672727,0.25155822356997504
PerplexDEW (Davies),psat,0.007749478499884221,166.010101010101,0.002224874004219468,1.920180039713951e-05,0.001370588502497987,0.25922366627216764
PerplexDEW (Davies),psat,0.008472000374428095,169.53535353535352,0.0023420202705375726,2.091207661015658e-05,0.0014466191516254296,0.26708426651703
PerplexDEW (Davies),psat,0.009247852825694333,173.06060606060606,0.0024640679603060525,2.274775855900599e-05,0.0015259722235466187,0.2751415988243252
PerplexDEW (Davies),psat,0.010079847679643652,176.58585858585857,0.0025911458138576297,2.471565497931348e-05,0.0016087378595070407,0.28339705993868214
PerplexDEW (Davies),psat,0.010970874577400971,180.11111111111111,0.002723381625032454,2.6822752493609533e-05,0.0016950054642134158,0.2918519283397542
PerplexDEW (Davies),psat,0.011923899910556573,183.63636363636363,0.0028609016030110928,2.9076201200372146e-05,0.0017848632651621052,0.300507341506553
PerplexDEW (Davies),psat,0.012941965646094818,187.16161616161617,0.003003829952705825,3.1483300579607404e-05,0.0018783980062119484,0.3093642785577153
PerplexDEW (Davies),psat,0.014028188045172833,190.68686868686868,0.0031522876730173763,3.405147465842749e-05,0.0019756941374565553,0.31842352157588427
PerplexDEW (Davies),psat,0.015185756280140418,194.2121212121212,0.003306392249615385,3.6788254320059906e-05,0.002076833568998927,0.32768564951787305
PerplexDEW (Davies),psat,0.016417930954337075,197.73737373737373,0.003466256578054117,3.970124854709055e-05,0.002181894928270235,0.3371510031102759
PerplexDEW (Davies),psat,0.017728042529322485,201.26262626262624,0.0036319917383633975,4.279816114942233e-05,0.002290955297939352,0.3468198300822621
PerplexDEW (Davies),psat,0.019119489664294793,204.78787878787878,0.003803699524918939,4.608667901935194e-05,0.0024040853476530945,0.3566919487922416
PerplexDEW (Davies),psat,0.020595737472526184,208.3131313131313,0.0039814785349624885,4.957452464781161e-05,0.002521353200361994,0.3667670522421472
PerplexDEW (Davies),psat,0.022160315699699673,211.83838383838383,0.004165418935632732,5.326936488386969e-05,0.0026428209906173778,0.3770444833481209
PerplexDEW (Davies),psat,0.023816816829067538,215.36363636363635,0.004355603385044631,5.7178794100140916e-05,0.002768545392558273,0.3875232978896052
PerplexDEW (Davies),psat,0.025568894118365475,218.88888888888889,0.004552106209822397,6.131029289597347e-05,0.002898577020261928,0.39820224655116415
PerplexDEW (Davies),psat,0.027420259573418752,222.4141414141414,0.004754991266213696,6.56711638260994e-05,0.003032958960371132,0.40907970312723374
PerplexDEW (Davies),psat,0.029374681863355748,225.93939393939394,0.004964310662059492,7.026847411871251e-05,0.0031717258558998794,0.4201536341359905
PerplexDEW (Davies),psat,0.0314359841823141,229.46464646464645,0.005180107648149657,7.510906070398535e-05,0.0033149057319343863,0.43142173859563193
PerplexDEW (Davies),psat,0.03360804206247664,232.989898989899,0.005402407322937576,8.019934156784841e-05,0.0034625138001971173,0.44288108951675176
PerplexDEW (Davies),psat,0.03589478114321435,236.5151515151515,0.005631221826096403,8.554534621249548e-05,0.00361455578273813,0.4545283739464712
PerplexDEW (Davies),psat,0.03830017490104275,240.04040404040404,0.005866547839037607,9.115262550691108e-05,0.0037710261808824967,0.46635981356812717
PerplexDEW (Davies),psat,0.04082824234501484,243.56565656565655,0.006108361764372806,9.702611275143452e-05,0.003931904985428127,0.4783710023868778
PerplexDEW (Davies),psat,0.04348304568208156,247.0909090909091,0.006356623010332009,0.00010317011849921373,0.0040971597574629105,0.49055706072078514
PerplexDEW (Davies),psat,0.04626868795684949,250.6161616161616,0.006611267109205357,0.00010958814350354716,0.0042667409509777295,0.5029123985662661
PerplexDEW (Davies),psat,0.04918931067005719,254.14141414141412,,,,
PerplexDEW (Davies),psat,0.052249091379974154,257.66666666666663,,,,
PerplexDEW (Davies),psat,0.05545224129080594,261.19191919191917,0.00741247048177703,0.00013050714950829588,0.004800672997190273,0.5409273224648335
PerplexDEW (Davies),psat,0.05880300283206092,264.7171717171717,0.007691484438336292,0.00013803660539301474,0.004986691855550981,0.553889286687878
PerplexDEW (Davies),psat,0.062305647232702675,268.24242424242425,0.007976149849023543,0.0001458416831556708,0.005176494597186212,0.5669811196704408
PerplexDEW (Davies),psat,0.06596447209377618,271.7676767676768,0.008266214910220388,0.0001539184100249751,0.005369896942207844,0.5801920122402494
PerplexDEW (Davies),psat,0.06978379896305821,275.2929292929293,0.008561395335831036,0.00016226119571706319,0.005566690867365042,0.5935103442781371
PerplexDEW (Davies),psat,0.0737679709151438,278.8181818181818,0.00886135549325737,0.00017086231179959656,0.005766631718067058,0.6069230608144065
PerplexDEW (Davies),psat,0.07792135014023042,282.34343434343435,0.009165715404439228,0.0001797119106518779,0.005969442792540497,0.6204159455780591
PerplexDEW (Davies),psat,0.08224831554473254,285.86868686868684,0.009474021785866331,0.00018879722347218492,0.006174795500999904,0.6339726832620527
PerplexDEW (Davies),psat,0.08675326036669773,289.3939393939394,0.009785786829354022,0.00019810329517112375,0.006382335572306956,0.6475761859831661
PerplexDEW (Davies),psat,0.091440589808867,292.9191919191919,0.010100432176967492,0.0002076115217306059,0.006591644758411034,0.6612067614116375
PerplexDEW (Davies),psat,0.09631471869206858,296.44444444444446,0.010417322470186537,0.00021730025593588248,0.006802263511606496,0.6748432510704994
PerplexDEW (Davies),psat,0.10138006913149601,299.96969696969694,0.010735731691979968,0.00022714381002129685,0.007013667845507906,0.6884619534910589
PerplexDEW (Davies),psat,0.10664106823827953,303.4949494949495,0.011054833823498476,0.00023711199383181597,0.007225262719370102,0.7020363566546113
PerplexDEW (Davies),psat,0.1121021458486162,307.020202020202,0.011373710328421681,0.0002471700758331131,0.0074363869873252005,0.7155373940423331
PerplexDEW (Davies),psat,0.11776773228259453,310.5454545454545,0.01169132544311128,0.00025727791090670015,0.007646296289139345,0.7289326644071485
PerplexDEW (Davies),psat,0.12364225613470231,314.07070707070704,0.01200649622152471,0.00026738886403648344,0.007854142256102137,0.7421854971138948
PerplexDEW (Davies),psat,0.12973014209788256,317.5959595959596,0.012317896805821054,0.0002774496133097416,0.008058975263134802,0.7552550778552594
PerplexDEW (Davies),psat,0.1360358088228683,321.1212121212121,0.012624025470195666,0.0002873989317814375,0.008259721591205027,0.7680953891000797
PerplexDEW (Davies),psat,0.14256366681439595,324.6464646464646,0.012923154763275553,0.0002971659134737146,0.008455148867908055,0.7806536210156476
PerplexDEW (Davies),psat,0.1493181163657802,328.17171717171715,0.01321334089480268,0.00030666982243398726,0.008643872466165652,0.7928703683898223
PerplexDEW (Davies),psat,0.15630354553320006,331.6969696969697,0.01349228609030349,0.0003158156473514713,0.008824260265017406,0.8046752807472903
PerplexDEW (Davies),psat,0.1635243281509449,335.22222222222223,0.01375740659752502,0.00032449553429500044,0.008994479789072803,0.8159889186993029
PerplexDEW (Davies),psat,0.17098482188873196,338.7474747474747,0.014005564409749878,0.0003325802018511522,0.009152312552078358,0.8267142690925825
PerplexDEW (Davies),psat,0.1786893663521207,342.27272727272725,0.014233090065868013,0.00033991878844875456,0.00929517023858276,0.8367369400927731
PerplexDEW (Davies),psat,0.18664228122691862,345.7979797979798,0.014435447702362355,0.00034632768822205726,0.009419863111230366,0.8459142300133671
PerplexDEW (Davies),psat,0.19484786446838742,349.32323232323233,1.4866846406497225e-07,2.0366275169950827e-10,7.810267301361241e-08,2.0491524332778368e-05
PerplexDEW (Davies),psat,0.20331039053594835,352.8484848484848,2.9279497586982354e-07,4.1616084910995935e-10,1.5436265341155357e-07,3.918233164930777e-05
PerplexDEW (Davies),psat,0.21203410867399128,356.37373737373736,5.791601474432979e-07,8.537356635583677e-10,3.064024055149187e-07,7.527418015604913e-05
PerplexDEW (Davies),psat,0.2210232412393035,359.8989898989899,1.11136044986756e-06,1.6983686023504045e-09,5.899930653026792e-07,0.0001403363634481295
PerplexDEW (Davies),psat,0.23028198207553469,363.4242424242424,2.059382605458263e-06,3.261326191769165e-09,1.0970118703287757e-06,0.00025273501158241794
PerplexDEW (Davies),psat,0.239814494935051,366.9494949494949,3.6898348032550018e-06,6.05306106687623e-09,1.972184915947699e-06,0.00044024231737876756
PerplexDEW (Davies),psat,0.24962491194841668,370.47474747474746,6.404432067428273e-06,1.0879106671065808e-08,3.434567965866987e-06,0.0007431285800300033
PerplexDEW (Davies),psat,0.2597173321417023,374.0,1.0791081505374631e-05,1.8973982957298322e-08,5.806198142500046e-06,0.0012181135727588838
