backend,curve_type,P_kbar,T_C,molality,molality_lo,molality_med,molality_hi
PerplexDEW (Davies),isobar,0.000293842,19.0,388.5590454325439,388.5590454325439,388.5590454325439,388.559045432544
PerplexDEW (Davies),isobar,0.000293842,20.01010101010101,388.5590454325439,388.5590454325439,388.5590454325439,388.5590454325441
PerplexDEW (Davies),isobar,0.000293842,21.02020202020202,388.5590454325439,388.5590454325439,388.5590454325439,388.55904543254417
PerplexDEW (Davies),isobar,0.000293842,22.03030303030303,388.5590454325439,388.5590454325439,388.5590454325439,388.55904543254417
PerplexDEW (Davies),isobar,0.000293842,23.04040404040404,,,,
PerplexDEW (Davies),isobar,0.000293842,24.050505050505052,,,,
PerplexDEW (Davies),isobar,0.000293842,25.060606060606062,,,,
PerplexDEW (Davies),isobar,0.000293842,26.070707070707073,,,,
PerplexDEW (Davies),isobar,0.000293842,27.080808080808083,,,,
PerplexDEW (Davies),isobar,0.000293842,28.090909090909093,,,,
PerplexDEW (Davies),isobar,0.000293842,29.101010101010104,,,,
PerplexDEW (Davies),isobar,0.000293842,30.111111111111114,,,,
PerplexDEW (Davies),isobar,0.000293842,31.12121212121212,,,,
PerplexDEW (Davies),isobar,0.000293842,32.131313131313135,,,,
PerplexDEW (Davies),isobar,0.000293842,33.141414141414145,,,,
PerplexDEW (Davies),isobar,0.000293842,34.151515151515156,,,,
PerplexDEW (Davies),isobar,0.000293842,35.161616161616166,,,,
PerplexDEW (Davies),isobar,0.000293842,36.17171717171718,,,,
PerplexDEW (Davies),isobar,0.000293842,37.18181818181819,,,,
PerplexDEW (Davies),isobar,0.000293842,38.1919191919192,,,,
PerplexDEW (Davies),isobar,0.000293842,39.20202020202021,,,,
PerplexDEW (Davies),isobar,0.000293842,40.21212121212122,,,,
PerplexDEW (Davies),isobar,0.000293842,41.22222222222223,,,,
PerplexDEW (Davies),isobar,0.000293842,42.23232323232324,,,,
PerplexDEW (Davies),isobar,0.000293842,43.24242424242424,,,,
PerplexDEW (Davies),isobar,0.000293842,44.25252525252525,,,,
PerplexDEW (Davies),isobar,0.000293842,45.26262626262626,,,,
PerplexDEW (Davies),isobar,0.000293842,46.27272727272727,,,,
PerplexDEW (Davies),isobar,0.000293842,47.282828282828284,,,,
PerplexDEW (Davies),isobar,0.000293842,48.292929292929294,,,,
PerplexDEW (Davies),isobar,0.000293842,49.303030303030305,,,,
PerplexDEW (Davies),isobar,0.000293842,50.313131313131315,,,,
PerplexDEW (Davies),isobar,0.000293842,51.323232323232325,,,,
PerplexDEW (Davies),isobar,0.000293842,52.333333333333336,,,,
PerplexDEW (Davies),isobar,0.000293842,53.343434343434346,,,,
PerplexDEW (Davies),isobar,0.000293842,54.35353535353536,,,,
PerplexDEW (Davies),isobar,0.000293842,55.36363636363637,,,,
PerplexDEW (Davies),isobar,0.000293842,56.37373737373738,,,,
PerplexDEW (Davies),isobar,0.000293842,57.38383838383839,,,,
PerplexDEW (Davies),isobar,0.000293842,58.3939393939394,,,,
PerplexDEW (Davies),isobar,0.000293842,59.40404040404041,,,,
PerplexDEW (Davies),isobar,0.000293842,60.41414141414142,,,,
PerplexDEW (Davies),isobar,0.000293842,61.42424242424243,,,,
PerplexDEW (Davies),isobar,0.000293842,62.43434343434344,,,,
PerplexDEW (Davies),isobar,0.000293842,63.44444444444445,,,,
PerplexDEW (Davies),isobar,0.000293842,64.45454545454547,,,,
PerplexDEW (Davies),isobar,0.000293842,65.46464646464648,,,,
PerplexDEW (Davies),isobar,0.000293842,66.47474747474749,,,,
PerplexDEW (Davies),isobar,0.000293842,67.48484848484848,,,,
PerplexDEW (Davies),isobar,0.000293842,68.4949494949495,,,,
PerplexDEW (Davies),isobar,0.000293842,69.5050505050505,,,,
PerplexDEW (Davies),isobar,0.000293842,70.51515151515152,,,,
PerplexDEW (Davies),isobar,0.000293842,71.52525252525253,,,,
PerplexDEW (Davies),isobar,0.000293842,72.53535353535354,,,,
PerplexDEW (Davies),isobar,0.000293842,73.54545454545455,,,,
PerplexDEW (Davies),isobar,0.000293842,74.55555555555556,,,,
PerplexDEW (Davies),isobar,0.000293842,75.56565656565657,,,,
PerplexDEW (Davies),isobar,0.000293842,76.57575757575758,,,,
PerplexDEW (Davies),isobar,0.000293842,77.58585858585859,,,,
PerplexDEW (Davies),isobar,0.000293842,78.5959595959596,,,,
PerplexDEW (Davies),isobar,0.000293842,79.60606060606061,,,,
PerplexDEW (Davies),isobar,0.000293842,80.61616161616162,,,,
PerplexDEW (Davies),isobar,0.000293842,81.62626262626263,,,,
PerplexDEW (Davies),isobar,0.000293842,82.63636363636364,,,,
PerplexDEW (Davies),isobar,0.000293842,83.64646464646465,,,,
PerplexDEW (Davies),isobar,0.000293842,84.65656565656566,,,,
PerplexDEW (Davies),isobar,0.000293842,85.66666666666667,,,,
PerplexDEW (Davies),isobar,0.000293842,86.67676767676768,,,,
PerplexDEW (Davies),isobar,0.000293842,87.68686868686869,,,,
PerplexDEW (Davies),isobar,0.000293842,88.6969696969697,,,,
PerplexDEW (Davies),isobar,0.000293842,89.70707070707071,,,,
PerplexDEW (Davies),isobar,0.000293842,90.71717171717172,,,,
PerplexDEW (Davies),isobar,0.000293842,91.72727272727273,,,,
PerplexDEW (Davies),isobar,0.000293842,92.73737373737374,,,,
PerplexDEW (Davies),isobar,0.000293842,93.74747474747475,,,,
PerplexDEW (Davies),isobar,0.000293842,94.75757575757576,,,,
PerplexDEW (Davies),isobar,0.000293842,95.76767676767678,,,,
PerplexDEW (Davies),isobar,0.000293842,96.77777777777779,,,,
PerplexDEW (Davies),isobar,0.000293842,97.7878787878788,,,,
PerplexDEW (Davies),isobar,0.000293842,98.7979797979798,,,,
PerplexDEW (Davies),isobar,0.000293842,99.80808080808082,,,,
PerplexDEW (Davies),isobar,0.000293842,100.81818181818183,,,,
PerplexDEW (Davies),isobar,0.000293842,101.82828282828284,,,,
PerplexDEW (Davies),isobar,0.000293842,102.83838383838385,,,,
PerplexDEW (Davies),isobar,0.000293842,103.84848484848486,,,,
PerplexDEW (Davies),isobar,0.000293842,104.85858585858587,,,,
PerplexDEW (Davies),isobar,0.000293842,105.86868686868688,,,,
PerplexDEW (Davies),isobar,0.000293842,106.87878787878789,,,,
PerplexDEW (Davies),isobar,0.000293842,107.8888888888889,,,,
PerplexDEW (Davies),isobar,0.000293842,108.89898989898991,,,,
PerplexDEW (Davies),isobar,0.000293842,109.90909090909092,,,,
PerplexDEW (Davies),isobar,0.000293842,110.91919191919193,,,,
PerplexDEW (Davies),isobar,0.000293842,111.92929292929294,,,,
PerplexDEW (Davies),isobar,0.000293842,112.93939393939395,,,,
PerplexDEW (Davies),isobar,0.000293842,113.94949494949496,,,,
PerplexDEW (Davies),isobar,0.000293842,114.95959595959597,,,,
PerplexDEW (Davies),isobar,0.000293842,115.96969696969697,,,,
PerplexDEW (Davies),isobar,0.000293842,116.97979797979798,,,,
PerplexDEW (Davies),isobar,0.000293842,117.98989898989899,,,,
PerplexDEW (Davies),isobar,0.000293842,119.0,,,,
PerplexDEW (Davies),isobar,0.000557288,34.0,0.00022531767614376776,3.847486817388036e-07,0.0001836161940286864,0.5375056636007235
PerplexDEW (Davies),isobar,0.000557288,35.01010101010101,0.0002297948419703512,4.0059436690139856e-07,0.00018738410502781264,0.5386863418722558
PerplexDEW (Davies),isobar,0.000557288,36.02020202020202,0.00023436167737160346,4.1703574749057614e-07,0.00019122900062582254,0.5399391357059586
PerplexDEW (Davies),isobar,0.000557288,37.03030303030303,0.00023901930127676461,4.3409199869824456e-07,0.00019515189036809123,0.5412623646664697
PerplexDEW (Davies),isobar,0.000557288,38.04040404040404,0.0002437689237865591,4.5178293505720574e-07,0.00019915385911275168,0.5426545058098575
PerplexDEW (Davies),isobar,0.000557288,39.05050505050505,0.0002486117389527016,4.7012883030127303e-07,0.00020323597949632117,0.5441140812572807
PerplexDEW (Davies),isobar,0.000557288,40.06060606060606,0.00025354896788367146,4.891505049764703e-07,0.00020739934716536908,0.5456396967097535
PerplexDEW (Davies),isobar,0.000557288,41.07070707070707,0.0002585818751025992,5.088693710468263e-07,0.0002116450942244699,0.5472300514422492
PerplexDEW (Davies),isobar,0.000557288,42.08080808080808,0.00026371173470193446,5.293073791190697e-07,0.00021597436156998182,0.5488839021059371
PerplexDEW (Davies),isobar,0.000557288,43.09090909090909,0.00026893986377015305,5.504870964785506e-07,0.0002203883263117978,0.5506000892520152
PerplexDEW (Davies),isobar,0.000557288,44.101010101010104,0.00027426756835675654,5.724316094903488e-07,0.0002248881574940076,0.5523774853650488
PerplexDEW (Davies),isobar,0.000557288,45.111111111111114,0.0002796962337700836,5.951647222989683e-07,0.00022947509021501502,0.5542150706984483
PerplexDEW (Davies),isobar,0.000557288,46.121212121212125,0.00028522721392255457,6.187107389167314e-07,0.00023415033484332491,0.5561118334290209
PerplexDEW (Davies),isobar,0.000557288,47.131313131313135,0.00029086188393614466,6.430945814777407e-07,0.00023891512017522982,0.558066813759508
PerplexDEW (Davies),isobar,0.000557288,48.141414141414145,0.00029660168098246683,6.683418950501004e-07,0.00024377072706808603,0.5600791340915057
PerplexDEW (Davies),isobar,0.000557288,49.151515151515156,0.000302448045791614,6.944789333421525e-07,0.0002487184403989328,0.5621479471769856
PerplexDEW (Davies),isobar,0.000557288,50.161616161616166,0.0003084024198945181,7.215325608561357e-07,0.00025375954677005403,0.564272432756875
PerplexDEW (Davies),isobar,0.000557288,51.17171717171718,0.00031446630940891375,7.495304142126942e-07,0.0002588953870671328,0.5664518456087859
PerplexDEW (Davies),isobar,0.000557288,52.18181818181819,0.00032064117650153895,7.785006587951813e-07,0.00026412726705081876,0.5686854285825604
PerplexDEW (Davies),isobar,0.000557288,53.1919191919192,0.00032692857098775907,8.084723150528366e-07,0.0002694565658403191,0.5709725125060745
PerplexDEW (Davies),isobar,0.000557288,54.20202020202021,0.0003333300191109918,8.394750040457943e-07,0.0002748846442385907,0.5733124288105342
PerplexDEW (Davies),isobar,0.000557288,55.21212121212122,0.0003398470667566878,8.71539061982596e-07,0.0002804128803533005,0.5757045415398325
PerplexDEW (Davies),isobar,0.000557288,56.22222222222223,0.0003464813044850728,9.046956188995712e-07,0.0002860426903090093,0.5781482634395954
PerplexDEW (Davies),isobar,0.000557288,57.23232323232324,0.0003532343190082318,9.389764873050072e-07,0.0002917754881776919,0.5806430191541164
PerplexDEW (Davies),isobar,0.000557288,58.24242424242424,0.0003601077428764757,9.744143052643605e-07,0.00029761272706493565,0.5831882792141139
PerplexDEW (Davies),isobar,0.000557288,59.25252525252525,0.0003671032035549373,1.0110424142660357e-06,0.0003035558570082028,0.5857835228272747
PerplexDEW (Davies),isobar,0.000557288,60.26262626262626,0.00037422234791954876,1.0488949356911507e-06,0.00030960634523090656,0.5884282542196856
PerplexDEW (Davies),isobar,0.000557288,61.27272727272727,0.0003814668422282322,1.0880067839104992e-06,0.0003157656761302975,0.5911220013899466
PerplexDEW (Davies),isobar,0.000557288,62.282828282828284,0.0003888383721046155,1.1284136795000334e-06,0.00032203535127473394,0.593864314939502
PerplexDEW (Davies),isobar,0.000557288,63.292929292929294,0.0003963387021077974,1.1701523403058695e-06,0.00032841693885999457,0.5966548048432833
PerplexDEW (Davies),isobar,0.000557288,64.30303030303031,0.0004039694998919076,1.2132599766414288e-06,0.0003349119278188853,0.599493026469393
PerplexDEW (Davies),isobar,0.000557288,65.31313131313132,0.0004117325405209124,1.2577749054786079e-06,0.0003415218973427648,0.6023786111686497
PerplexDEW (Davies),isobar,0.000557288,66.32323232323233,0.0004196295574861802,1.3037361191548403e-06,0.0003482483932262958,0.6053111706737605
PerplexDEW (Davies),isobar,0.000557288,67.33333333333334,0.00042766236626448726,1.3511836776193656e-06,0.00035509303051992134,0.6082903729792252
PerplexDEW (Davies),isobar,0.000557288,68.34343434343435,0.0004358327714054286,1.400158437125053e-06,0.0003620574163481819,0.6113158838912031
PerplexDEW (Davies),isobar,0.000557288,69.35353535353536,0.0004441425970895857,1.4507021569004156e-06,0.0003691431752968398,0.6143873853599792
PerplexDEW (Davies),isobar,0.000557288,70.36363636363637,0.0004525936520452659,1.5028573952482655e-06,0.00037635192019149974,0.6175045546181899
PerplexDEW (Davies),isobar,0.000557288,71.37373737373738,0.00046118783338443644,1.5566678684898025e-06,0.00038368533858468485,0.6206671235416601
PerplexDEW (Davies),isobar,0.000557288,72.3838383838384,0.0004699269508785596,1.6121778740754401e-06,0.000391145046356845,0.6238747773148078
PerplexDEW (Davies),isobar,0.000557288,73.3939393939394,0.0004788129780232308,1.6694331606855485e-06,0.0003987327969905858,0.6271272958385837
PerplexDEW (Davies),isobar,0.000557288,74.40404040404042,0.00048784779945796843,1.728480077408331e-06,0.0004064502710163076,0.6304244107655216
PerplexDEW (Davies),isobar,0.000557288,75.41414141414143,0.0004970333163105137,1.7893659408953023e-06,0.0004142991637798587,0.6337658653348671
PerplexDEW (Davies),isobar,0.000557288,76.42424242424244,0.0005063714864866319,1.852139197893412e-06,0.00042228121911260777,0.6371514350681253
PerplexDEW (Davies),isobar,0.000557288,77.43434343434345,0.0005158643292566346,1.9168494677911262e-06,0.00043039823325080866,0.6405809282099811
PerplexDEW (Davies),isobar,0.000557288,78.44444444444446,0.0005255137610758348,1.9835469413931563e-06,0.00043865191758501434,0.644054099727411
PerplexDEW (Davies),isobar,0.000557288,79.45454545454547,0.0005353217974665834,2.052283143151181e-06,0.00044704406737629753,0.6475707570508661
PerplexDEW (Davies),isobar,0.000557288,80.46464646464648,0.0005452905184332995,2.1231108330834923e-06,0.0004555765329656971,0.6511307395652202
PerplexDEW (Davies),isobar,0.000557288,81.47474747474749,0.0005554218926886947,2.1960833301457544e-06,0.00046425107261222374,0.6547338303401151
PerplexDEW (Davies),isobar,0.000557288,82.48484848484848,0.0005657180401023633,2.271255555278976e-06,0.00047306957220786833,0.6583798872492391
PerplexDEW (Davies),isobar,0.000557288,83.4949494949495,0.0005761809632851436,2.3486829765458722e-06,0.00048203382046073585,0.66206870989066
PerplexDEW (Davies),isobar,0.000557288,84.5050505050505,0.0005868127737836973,2.428422530663798e-06,0.0004911456983955941,0.6658001503096931
PerplexDEW (Davies),isobar,0.000557288,85.51515151515152,0.000597615653236579,2.510532500260014e-06,0.0005004071469323916,0.6695740916714914
PerplexDEW (Davies),isobar,0.000557288,86.52525252525253,0.000608591656691804,2.5950716929801558e-06,0.0005098200018195248,0.6733903560115507
PerplexDEW (Davies),isobar,0.000557288,87.53535353535354,0.0006197429545732829,2.6821004724485176e-06,0.0005193861966400692,0.6772488180652599
PerplexDEW (Davies),isobar,0.000557288,88.54545454545455,0.0006310716852913703,2.7716801462064684e-06,0.0005291076391136576,0.681149336063132
PerplexDEW (Davies),isobar,0.000557288,89.55555555555556,0.0006425800576159353,2.863873427001763e-06,0.0005389862970886419,0.6850917981564503
PerplexDEW (Davies),isobar,0.000557288,90.56565656565657,0.0006542703013323569,2.9587442374158716e-06,0.0005490241571279495,0.6890760991212843
PerplexDEW (Davies),isobar,0.000557288,91.57575757575758,0.0006661446108850097,3.0563574619784554e-06,0.000559223177076401,0.6931021157756215
PerplexDEW (Davies),isobar,0.000557288,92.58585858585859,0.0006782051392736499,3.1567789139943244e-06,0.0005695852808160738,0.697169705620282
PerplexDEW (Davies),isobar,0.000557288,93.5959595959596,0.0006904542867022061,3.2600767160579245e-06,0.0005801126013369209,0.7012788293874599
PerplexDEW (Davies),isobar,0.000557288,94.60606060606061,0.0007028941833274385,3.366318871423441e-06,0.0005908070451939485,0.7054293302211332
PerplexDEW (Davies),isobar,0.000557288,95.61616161616162,0.0007155272116109338,3.4755757611707045e-06,0.0006016707324323135,0.709621154954313
PerplexDEW (Davies),isobar,0.000557288,96.62626262626263,0.0007283556547401886,3.587918476291399e-06,0.0006127057004268054,0.7138542056327181
PerplexDEW (Davies),isobar,0.000557288,97.63636363636364,0.0007413818120271072,3.7034193773218427e-06,0.0006239140010545441,0.7181283884208303
PerplexDEW (Davies),isobar,0.000557288,98.64646464646465,0.0007546080645704113,3.8221524463795666e-06,0.0006352977561331905,0.7224436393564186
PerplexDEW (Davies),isobar,0.000557288,99.65656565656566,0.00076803668071152,3.944192305189341e-06,0.0006468589931971117,0.7267998467608845
PerplexDEW (Davies),isobar,0.000557288,100.66666666666667,0.0007816701448773,4.06961592729836e-06,0.0006585999231608999,0.7311969808572498
PerplexDEW (Davies),isobar,0.000557288,101.67676767676768,0.000795510758664352,4.198500576376536e-06,0.0006705226034077172,0.7356349371130905
PerplexDEW (Davies),isobar,0.000557288,102.68686868686869,0.0008095609768085362,4.330925579778387e-06,0.0006826292215943866,0.7401136670811145
PerplexDEW (Davies),isobar,0.000557288,103.6969696969697,0.0008238232026511704,4.466971260135654e-06,0.0006949219228177166,0.7446330991441786
PerplexDEW (Davies),isobar,0.000557288,104.70707070707071,0.0008382999299392886,4.606719718562002e-06,0.0007074029295276027,0.7491931920003395
PerplexDEW (Davies),isobar,0.000557288,105.71717171717172,0.000852993445374786,4.7502531829253495e-06,0.0007200742897382581,0.7537938249657475
PerplexDEW (Davies),isobar,0.000557288,106.72727272727273,0.0008679064280108505,4.897657391788712e-06,0.0007329383844734872,0.7584350176822161
PerplexDEW (Davies),isobar,0.000557288,107.73737373737374,0.0008830413530501886,5.049018267037304e-06,0.0007459974230736401,0.763116710648523
PerplexDEW (Davies),isobar,0.000557288,108.74747474747475,0.0008984005486460535,5.204422177171233e-06,0.000759253490964044,0.7678387896673937
PerplexDEW (Davies),isobar,0.000557288,109.75757575757576,0.0009139866766123343,5.3639587716253156e-06,0.000772708957160181,0.7726012556124454
PerplexDEW (Davies),isobar,0.000557288,110.76767676767678,0.0009298022581103148,5.5277182323836006e-06,0.0007863660722801357,0.7774040554483922
PerplexDEW (Davies),isobar,0.000557288,111.77777777777779,0.000945849829398415,5.695792183973731e-06,0.0008002271004973412,0.7822471380356888
PerplexDEW (Davies),isobar,0.000557288,112.7878787878788,0.0009621319416824837,5.868273703887757e-06,0.0008142943194048874,0.7871304540057807
PerplexDEW (Davies),isobar,0.000557288,113.7979797979798,0.0009786511609610425,6.045257332767465e-06,0.000828570019874898,0.792053955639051
PerplexDEW (Davies),isobar,0.000557288,114.80808080808082,0.0009954100678646245,6.226839084340248e-06,0.0008430565059122114,0.7970175967466057
PerplexDEW (Davies),isobar,0.000557288,115.81818181818183,0.0010124114454151257,6.413117676127682e-06,0.0008577562543114621,0.8020213934323445
PerplexDEW (Davies),isobar,0.000557288,116.82828282828284,0.0010296577228586234,6.604190958593866e-06,0.0008726714418231857,0.8070652425094291
PerplexDEW (Davies),isobar,0.000557288,117.83838383838385,0.0010471517196875189,6.800160730549739e-06,0.000887804577724453,0.8121491637633458
PerplexDEW (Davies),isobar,0.000557288,118.84848484848486,0.0010648958858431698,7.001127778806825e-06,0.0009031578575588009,0.8172730551760948
PerplexDEW (Davies),isobar,0.000557288,119.85858585858587,0.0010828930768538054,7.2071970244373905e-06,0.0009187338226829904,0.8224369398199496
PerplexDEW (Davies),isobar,0.000557288,120.86868686868688,0.0011011459704234254,7.4184736612592356e-06,0.000934534863812886,0.8276407802395808
PerplexDEW (Davies),isobar,0.000557288,121.87878787878789,0.0011196570457170372,7.635062937774137e-06,0.0009505632030385381,0.8328844753761733
PerplexDEW (Davies),isobar,0.000557288,122.8888888888889,0.0011384292115265138,7.857074532708238e-06,0.0009668214291012385,0.838168052547529
PerplexDEW (Davies),isobar,0.000557288,123.89898989898991,0.001157465186127302,8.084618289453674e-06,0.0009833119690657493,0.8434914764922005
PerplexDEW (Davies),isobar,0.000557288,124.90909090909092,0.001176767700979629,8.31780561759625e-06,0.0010000372618024307,0.8488547125054362
PerplexDEW (Davies),isobar,0.000557288,125.91919191919193,0.0011963395005109513,8.556749499850129e-06,0.0010169997577905703,0.8542577263499304
PerplexDEW (Davies),isobar,0.000557288,126.92929292929294,0.0012161833418939424,8.801564498634278e-06,0.0010342019189151707,0.8597004841728684
PerplexDEW (Davies),isobar,0.000557288,127.93939393939395,0.0012363019948150925,9.052366762268443e-06,0.0010516462182580057,0.8651829524220933
PerplexDEW (Davies),isobar,0.000557288,128.94949494949498,0.0012566982412385867,9.309274030786556e-06,0.0010693351398818399,0.8707050977643139
PerplexDEW (Davies),isobar,0.000557288,129.95959595959596,0.0012773748751622152,9.572405641356418e-06,0.001087271178609274,0.8762668870072012
PerplexDEW (Davies),isobar,0.000557288,130.96969696969697,0.0012983347023666691,9.841882533287074e-06,0.0011054568397948212,0.8818682870211515
PerplexDEW (Davies),isobar,0.000557288,131.97979797979798,0.001319580540157072,1.0117827252608402e-05,0.0011238946390892948,0.8875092646629101
PerplexDEW (Davies),isobar,0.000557288,132.989898989899,0.0013411152170975465,1.0400363956229909e-05,0.0011425871021999553,0.893189786702064
PerplexDEW (Davies),isobar,0.000557288,134.0,0.0013629417075346024,1.0689619508394337e-05,0.0011615368800488293,0.8989098558710429
PerplexDEW (Davies),isobar,0.000658613,34.0,0.00022532164140640106,3.8475543879015017e-07,0.00018361942483205427,0.5375156068971054
PerplexDEW (Davies),isobar,0.000658613,35.01010101010101,0.0002297988436594733,4.0060132889928384e-07,0.00018738736761516526,0.5386961489937901
PerplexDEW (Davies),isobar,0.000658613,36.02020202020202,0.00023436570150926075,4.1704289402851594e-07,0.0001912322836037926,0.5399487964794722
PerplexDEW (Davies),isobar,0.000658613,37.03030303030303,0.000239023379191477,4.3409939068161325e-07,0.00019515521935184937,0.5412719138646538
PerplexDEW (Davies),isobar,0.000658613,38.04040404040404,0.00024377304149654142,4.5179055245746935e-07,0.0001991572227088237,0.5426639328314227
PerplexDEW (Davies),isobar,0.000658613,39.05050505050505,0.00024861588122852493,4.701366492067301e-07,0.00020323936526782323,0.5441233749231721
PerplexDEW (Davies),isobar,0.000658613,40.06060606060606,0.0002535531517630269,4.891585624466188e-07,0.0002074027690753025,0.5456488764022367
PerplexDEW (Davies),isobar,0.000658613,41.07070707070707,0.00025858610169897123,5.088776746416323e-07,0.0002116485532133957,0.5472391210604984
PerplexDEW (Davies),isobar,0.000658613,42.08080808080808,0.00026371602281159245,5.293159723454294e-07,0.0002159778730787078,0.5488928812147802
PerplexDEW (Davies),isobar,0.000658613,43.09090909090909,0.0002689441791504689,5.5049591585542e-07,0.0002203918622936446,0.5506089497704485
PerplexDEW (Davies),isobar,0.000658613,44.101010101010104,0.0002742719298105839,5.724406989655213e-07,0.00022489173339800488,0.5523862465557213
PerplexDEW (Davies),isobar,0.000658613,45.111111111111114,0.00027970064242426225,5.951740903148642e-07,0.00022947870699822326,0.5542237358550006
PerplexDEW (Davies),isobar,0.000658613,46.121212121212125,0.000285231651316198,6.187203513300005e-07,0.00023415397736366327,0.5561203893423496
PerplexDEW (Davies),isobar,0.000658613,47.131313131313135,0.0002908663702954787,6.431044880740054e-07,0.00023891880508155935,0.5580752796991353
PerplexDEW (Davies),isobar,0.000658613,48.141414141414145,0.00029660623805260875,6.683521517282365e-07,0.0002437744722890663,0.5600875296244436
PerplexDEW (Davies),isobar,0.000658613,49.151515151515156,0.0003024526334889364,6.944894558237354e-07,0.0002487222129820038,0.5621562418097259
PerplexDEW (Davies),isobar,0.000658613,50.161616161616166,0.000308407081653315,7.215434566745527e-07,0.000253763382517155,0.5642806627713158
PerplexDEW (Davies),isobar,0.000658613,51.17171717171718,0.0003144710030344963,7.495415909840086e-07,0.0002588992512484443,0.5664599797354255
PerplexDEW (Davies),isobar,0.000658613,52.18181818181819,0.0003206459476169327,7.785122335681191e-07,0.00026413119731666444,0.568693503480238
PerplexDEW (Davies),isobar,0.000658613,53.1919191919192,0.00032693339855398935,8.084842449252049e-07,0.00026946054488427725,0.5709805135086239
PerplexDEW (Davies),isobar,0.000658613,54.20202020202021,0.0003333348803814601,8.394872389893742e-07,0.0002748886533132384,0.5733203407226025
PerplexDEW (Davies),isobar,0.000658613,55.21212121212122,0.0003398519862802572,8.715516712503884e-07,0.0002804169397607868,0.5757123839729354
PerplexDEW (Davies),isobar,0.000658613,56.22222222222223,0.0003464863086119124,9.047086800505354e-07,0.0002860468218754221,0.5781560563782445
PerplexDEW (Davies),isobar,0.000658613,57.23232323232324,0.00035323938442691753,9.389899485555638e-07,0.00029177967268143485,0.580650747015748
PerplexDEW (Davies),isobar,0.000658613,58.24242424242424,0.00036011287082516875,9.7442817864377e-07,0.00029761696557216373,0.5831959440154387
PerplexDEW (Davies),isobar,0.000658613,59.25252525252525,0.0003671083952838494,1.0110567121307694e-06,0.00030356015059638565,0.5857911265166749
PerplexDEW (Davies),isobar,0.000658613,60.26262626262626,0.00037422757697504763,1.0489095922792592e-06,0.00030961067202122706,0.588435780232312
PerplexDEW (Davies),isobar,0.000658613,61.27272727272727,0.0003814721369259324,1.08802188736804e-06,0.0003157700596182996,0.591129469834496
PerplexDEW (Davies),isobar,0.000658613,62.282828282828284,0.000388843762801872,1.1284293283539608e-06,0.0003220398166883394,0.5938717463470459
PerplexDEW (Davies),isobar,0.000658613,63.292929292929294,0.0003963441617149082,1.1701684665079525e-06,0.0003284214637842591,0.5966621823103885
PerplexDEW (Davies),isobar,0.000658613,64.30303030303031,0.0004039750297256256,1.2132765943091807e-06,0.00033491651339292213,0.5995003516470535
PerplexDEW (Davies),isobar,0.000658613,65.31313131313132,0.0004117381106721042,1.2577919326356961e-06,0.00034152651876023343,0.6023858663872781
PerplexDEW (Davies),isobar,0.000658613,66.32323232323233,0.0004196352317814846,1.303753763629188e-06,0.0003482531035712541,0.6053183960206739
PerplexDEW (Davies),isobar,0.000658613,67.33333333333334,0.00042766811482512215,1.3512018582189079e-06,0.0003550978050138003,0.6082975506880733
PerplexDEW (Davies),isobar,0.000658613,68.34343434343435,0.0004358385956085513,1.4001771695367009e-06,0.0003620622561857208,0.6113230154189678
PerplexDEW (Davies),isobar,0.000658613,69.35353535353536,0.0004441484983283546,1.4507214572267558e-06,0.00036914808168742616,0.6143944721203197
PerplexDEW (Davies),isobar,0.000658613,70.36363636363637,0.0004525996317291725,1.5028772800177178e-06,0.00037635689435950583,0.6175115979831338
PerplexDEW (Davies),isobar,0.000658613,71.37373737373738,0.0004611938929399081,1.5566883546673613e-06,0.00038369038176999106,0.6206741248434943
PerplexDEW (Davies),isobar,0.000658613,72.3838383838384,0.0004699330917491313,1.6121989790715972e-06,0.0003911501598147731,0.623881737847582
PerplexDEW (Davies),isobar,0.000658613,73.3939393939394,0.0004788192016700392,1.6694549023683301e-06,0.00039873798199259496,0.6271342168598755
PerplexDEW (Davies),isobar,0.000658613,74.40404040404042,0.000487854107359915,1.7285024741128345e-06,0.0004064555288501325,0.6304312934977574
PerplexDEW (Davies),isobar,0.000658613,75.41414141414143,0.0004970397099648541,1.7893890114350325e-06,0.0004143044957497635,0.6337727109667126
PerplexDEW (Davies),isobar,0.000658613,76.42424242424244,0.0005063780077830598,1.8521631112160332e-06,0.00042228666028054396,0.6371582659956205
PerplexDEW (Davies),isobar,0.000658613,77.43434343434345,0.0005158708989821104,1.9168739444114587e-06,0.00043040371747398993,0.6405877030797179
PerplexDEW (Davies),isobar,0.000658613,78.44444444444446,0.0005255204634195098,1.9835723129929105e-06,0.0004386575153130387,0.6440608624984467
PerplexDEW (Davies),isobar,0.000658613,79.45454545454547,0.0005353285927129877,2.052309275207495e-06,0.00044704974546100286,0.6475774873619228
PerplexDEW (Davies),isobar,0.000658613,80.46464646464648,0.000545297408195604,2.123137747195047e-06,0.00045558229281607434,0.6511374384581887
PerplexDEW (Davies),isobar,0.000658613,81.47474747474749,0.0005554288786007036,2.1961110484661128e-06,0.00046425691565602097,0.6547404988305272
PerplexDEW (Davies),isobar,0.000658613,82.48484848484848,0.0005657251238190292,2.2712841005296727e-06,0.0004730754998918907,0.6583865263274676
PerplexDEW (Davies),isobar,0.000658613,83.4949494949495,0.0005761881464828493,2.348712372029323e-06,0.0004820398342513226,0.6620753205227413
PerplexDEW (Davies),isobar,0.000658613,84.5050505050505,0.0005868201065488441,2.4284530036054808e-06,0.0004911518403756092,0.6658067562662504
PerplexDEW (Davies),isobar,0.000658613,85.51515151515152,0.000597623040512879,2.510563668503873e-06,0.0005004133374141588,0.669580648216417
PerplexDEW (Davies),isobar,0.000658613,86.52525252525253,0.0006085991486104766,2.595103784980827e-06,0.0005098262829264675,0.6733968868715954
PerplexDEW (Davies),isobar,0.000658613,87.53535353535354,0.0006197505529000872,2.6821335139647257e-06,0.00051939256991937,0.6772553241180846
PerplexDEW (Davies),isobar,0.000658613,88.54545454545455,0.0006310794447037498,2.7717143997697195e-06,0.000529114150589764,0.6811558418418351
PerplexDEW (Davies),isobar,0.000658613,89.55555555555556,0.0006425879282181962,2.8639086924613594e-06,0.0005389929049081003,0.6850982810418076
PerplexDEW (Davies),isobar,0.000658613,90.56565656565657,0.0006542783402556309,2.958780797041744e-06,0.0005490309094245873,0.6890825840482254
PerplexDEW (Davies),isobar,0.000658613,91.57575757575758,0.0006661527094700103,3.0563948360751174e-06,0.0005592299824988705,0.6931085553234632
PerplexDEW (Davies),isobar,0.000658613,92.58585858585859,0.0006782134124488486,3.1568176597982e-06,0.0005695922361732082,0.6971761492487536
PerplexDEW (Davies),isobar,0.000658613,93.5959595959596,0.0006904626209069692,3.26011631667346e-06,0.0005801196110679825,0.7012852287483223
PerplexDEW (Davies),isobar,0.000658613,94.60606060606061,0.0007029026985895596,3.3663599255172448e-06,0.0005908142104934415,0.7054357356450887
PerplexDEW (Davies),isobar,0.000658613,95.61616161616162,0.0007155359125627139,3.4756183221004327e-06,0.0006016780573231481,0.7096275676450724
PerplexDEW (Davies),isobar,0.000658613,96.62626262626263,0.0007283644831258759,3.5879622830888964e-06,0.000612713135881927,0.7138606013041648
PerplexDEW (Davies),isobar,0.000658613,97.63636363636364,0.0007413907699381801,3.7034644640083764e-06,0.0006239215489137282,0.7181347677890417
PerplexDEW (Davies),isobar,0.000658613,98.64646464646465,0.0007546170883631128,3.822198508196289e-06,0.0006353053627329739,0.7224499771650277
PerplexDEW (Davies),isobar,0.000658613,99.65656565656566,0.0007680459040610299,3.9442400570834465e-06,0.0006468667714860525,0.726806195616601
PerplexDEW (Davies),isobar,0.000658613,100.66666666666667,0.0007816794355553344,4.0696647016361174e-06,0.0006586077615175323,0.7312032890328568
PerplexDEW (Davies),isobar,0.000658613,101.67676767676768,0.0007955202561619206,4.198551139842349e-06,0.00067053061979601,0.7356412581633368
PerplexDEW (Davies),isobar,0.000658613,102.68686868686869,0.0008095706147200534,4.330977606158808e-06,0.0006826373599751137,0.7401199752137946
PerplexDEW (Davies),isobar,0.000658613,103.6969696969697,0.0008238330564091238,4.467025193905137e-06,0.0006949302471016398,0.7446394221951473
PerplexDEW (Davies),isobar,0.000658613,104.70707070707071,0.0008383098555093979,4.6067747896803585e-06,0.0007074113179150858,0.749199476211756
PerplexDEW (Davies),isobar,0.000658613,105.71717171717172,0.0008530035945752161,4.750310272161749e-06,0.0007200828708356691,0.7538001258593435
PerplexDEW (Davies),isobar,0.000658613,106.72727272727273,0.0008679167285007388,4.897716122301018e-06,0.0007329470971255776,0.7584413084217468
PerplexDEW (Davies),isobar,0.000658613,107.73737373737374,0.0008830517276510648,5.049078217091527e-06,0.0007460062019470294,0.7631229636064069
PerplexDEW (Davies),isobar,0.000658613,108.74747474747475,0.0008984111590126768,5.204484322440532e-06,0.0007592624731674817,0.7678450618991641
PerplexDEW (Davies),isobar,0.000658613,109.75757575757576,0.0009139974456323478,5.3640226924895075e-06,0.000772718077419986,0.772607519472707
PerplexDEW (Davies),isobar,0.000658613,110.76767676767678,0.0009298131883051753,5.527783975765203e-06,0.0007863753328237251,0.7774103115135346
PerplexDEW (Davies),isobar,0.000658613,111.77777777777779,0.0009458609233234543,5.695859797907361e-06,0.0008002365035830472,0.7822533868740503
PerplexDEW (Davies),isobar,0.000658613,112.7878787878788,0.0009621432019276732,5.86834323754385e-06,0.000814303867322268,0.7871366961776178
PerplexDEW (Davies),isobar,0.000658613,113.7979797979798,0.000978662680326765,6.0453294073862445e-06,0.000828579791567085,0.7920602215658503
PerplexDEW (Davies),isobar,0.000658613,114.80808080808082,0.0009954218527646107,6.226913790443372e-06,0.000843066506984094,0.7970238875399561
PerplexDEW (Davies),isobar,0.000658613,115.81818181818183,0.0010124233144756568,6.413193886189951e-06,0.0008577663306826775,0.8020276493294757
PerplexDEW (Davies),isobar,0.000658613,116.82828282828284,0.0010296698668062663,6.604269948800919e-06,0.0008726817557807443,0.8070715249235523
PerplexDEW (Davies),isobar,0.000658613,117.83838383838385,0.0010471640473992169,6.800241946837389e-06,0.0008878150518778747,0.8121554427874191
PerplexDEW (Davies),isobar,0.000658613,118.84848484848486,0.0010649085001002176,7.001211953441053e-06,0.000903168579512464,0.8172793626488156
PerplexDEW (Davies),isobar,0.000658613,119.85858585858587,0.0010829058827210242,7.207283564636256e-06,0.0009187447117446493,0.822443245244083
PerplexDEW (Davies),isobar,0.000658613,120.86868686868688,0.0011011588668496134,7.418561907757695e-06,0.0009345458339841346,0.8276470522180663
PerplexDEW (Davies),isobar,0.000658613,121.87878787878789,0.0011196702438226408,7.635154393944565e-06,0.0009505744343063568,0.8328907782459277
PerplexDEW (Davies),isobar,0.000658613,122.8888888888889,0.001138442718674462,7.857169311210825e-06,0.0009668329279156475,0.8381743874258484
PerplexDEW (Davies),isobar,0.000658613,123.89898989898991,0.0011574788993016657,8.084715712092128e-06,0.0009833236477270182,0.8434978116650517
PerplexDEW (Davies),isobar,0.000658613,124.90909090909092,0.0011767816233762072,8.317905752079454e-06,0.001000049123145089,0.8488610484713759
PerplexDEW (Davies),isobar,0.000658613,125.91919191919193,0.0011963536353686876,8.556852415432443e-06,0.001017011804687597,0.8542640636032535
PerplexDEW (Davies),isobar,0.000658613,126.92929292929294,0.001216197692495094,8.801670266148837e-06,0.0010342141542793038,0.8597068232033248
PerplexDEW (Davies),isobar,0.000658613,127.93939393939395,0.001236316564486139,9.052475454157467e-06,0.0010516586450415811,0.8651892937154537
PerplexDEW (Davies),isobar,0.000658613,128.94949494949498,0.0012567130333503878,9.30938572113332e-06,0.0010693477610775582,0.8707114418022167
PerplexDEW (Davies),isobar,0.000658613,129.95959595959596,0.0012773900177157872,9.572521369156428e-06,0.0010872841037613081,0.876273269035109
PerplexDEW (Davies),isobar,0.000658613,130.96969696969697,0.001298350076726121,9.842001443790002e-06,0.0011054699676333263,0.8818746730795982
PerplexDEW (Davies),isobar,0.000658613,131.97979797979798,0.001319596149873426,1.0117949425899524e-05,0.001123907972769306,0.8875156552263005
PerplexDEW (Davies),isobar,0.000658613,132.989898989899,0.0013411311979463732,1.0400490533187424e-05,0.001142600758043516,0.893196218020307
PerplexDEW (Davies),isobar,0.000658613,134.0,0.001362957933604031,1.0689749547473285e-05,0.0011615507504555349,0.8989162929772285
PerplexDEW (Davies),isobar,0.003141075,86.0,0.0006030526161733738,2.5516129181553347e-06,0.0005050657428581726,0.6715677916769248
PerplexDEW (Davies),isobar,0.003141075,87.01010101010101,0.0006141153354901299,2.63736409718462e-06,0.000514554420175673,0.675403750393211
PerplexDEW (Davies),isobar,0.003141075,88.02020202020202,0.0006253544776311226,2.725635091624738e-06,0.0005241974404455799,0.6792818848749163
PerplexDEW (Davies),isobar,0.003141075,89.03030303030303,0.0006367721396696349,2.816487569295103e-06,0.00053399667720216,0.6832020326713119
PerplexDEW (Davies),isobar,0.003141075,90.04040404040404,0.0006483705942448789,2.90998507864227e-06,0.0005439541525322669,0.687164108372483
PerplexDEW (Davies),isobar,0.003141075,91.05050505050505,0.0006601519723100259,3.0061916463133133e-06,0.0005540717704045736,0.6911679613137374
PerplexDEW (Davies),isobar,0.003141075,92.06060606060606,0.0006721185304230213,3.105172993306874e-06,0.0005643515413946712,0.6952134942143395
PerplexDEW (Davies),isobar,0.003141075,93.07070707070707,0.0006842725463199287,3.206996087601199e-06,0.000574795494933003,0.6993006158200683
PerplexDEW (Davies),isobar,0.003141075,94.08080808080808,0.0006966163190605521,3.3117291600898036e-06,0.0005854056794313918,0.7034292406827376
PerplexDEW (Davies),isobar,0.003141075,95.0909090909091,0.0007091519863245455,3.4194408226366616e-06,0.0005961840082569919,0.7075992135708873
PerplexDEW (Davies),isobar,0.003141075,96.1010101010101,0.0007218819405478446,3.530202091522042e-06,0.0006071326103746716,0.7118104832844945
PerplexDEW (Davies),isobar,0.003141075,97.11111111111111,0.0007348084736450043,3.644084689891029e-06,0.0006182535310051609,0.7160629535330679
PerplexDEW (Davies),isobar,0.003141075,98.12121212121212,0.0007479338936233764,3.7611616170046e-06,0.0006295488298434023,0.7203565320595459
PerplexDEW (Davies),isobar,0.003141075,99.13131313131314,0.0007612606573679914,3.881507851542852e-06,0.0006410206931959836,0.724691182585499
PerplexDEW (Davies),isobar,0.003141075,100.14141414141415,0.0007747909776246477,4.0051983409666566e-06,0.00065267110215312,0.7290667691520314
PerplexDEW (Davies),isobar,0.003141075,101.15151515151516,0.0007885273489032751,4.132310730626715e-06,0.0006645022766408389,0.7334832635643083
PerplexDEW (Davies),isobar,0.003141075,102.16161616161617,0.0008024721516342836,4.262923328821915e-06,0.0006765163411572952,0.7379405892656795
PerplexDEW (Davies),isobar,0.003141075,103.17171717171718,0.0008166277821216359,4.397115785566346e-06,0.0006887154344694111,0.7424386728292874
PerplexDEW (Davies),isobar,0.003141075,104.18181818181819,0.0008309966524262723,4.5349691044477335e-06,0.0007011017095076148,0.7469774437904197
PerplexDEW (Davies),isobar,0.003141075,105.1919191919192,0.0008455811902454507,4.676565654318376e-06,0.0007136773332564361,0.7515568344848822
PerplexDEW (Davies),isobar,0.003141075,106.20202020202021,0.0008603839929832189,4.821990064115762e-06,0.000726444617257905,0.7561768355529292
PerplexDEW (Davies),isobar,0.003141075,107.21212121212122,0.0008754073715812511,4.971326646394804e-06,0.000739405631301612,0.7608373298564467
PerplexDEW (Davies),isobar,0.003141075,108.22222222222223,0.000890653960859582,5.1246628834411495e-06,0.000752562720323365,0.7655383139461186
PerplexDEW (Davies),isobar,0.003141075,109.23232323232324,0.0009061261780291609,5.2820863308014846e-06,0.0007659180456824077,0.7702797028479202
PerplexDEW (Davies),isobar,0.003141075,110.24242424242425,0.0009218266163806996,5.443686916532139e-06,0.0007794739187856128,0.7750614703982107
PerplexDEW (Davies),isobar,0.003141075,111.25252525252526,0.0009377578056631508,5.609555549380565e-06,0.000793232597959413,0.7798835643135595
PerplexDEW (Davies),isobar,0.003141075,112.26262626262627,0.0009539222906724447,5.779784586522804e-06,0.0008071963550401427,0.7847459341551457
PerplexDEW (Davies),isobar,0.003141075,113.27272727272728,0.0009703227203095545,5.954468404871418e-06,0.0008213675510220074,0.7896485609239081
PerplexDEW (Davies),isobar,0.003141075,114.28282828282829,0.0009869615835111508,6.133701766619868e-06,0.0008357484117764865,0.7945913683441335
PerplexDEW (Davies),isobar,0.003141075,115.2929292929293,0.0010038415623433725,6.3175820369291654e-06,0.000850341327946917,0.7995743410755949
PerplexDEW (Davies),isobar,0.003141075,116.30303030303031,0.0010209652660996403,6.50620753045128e-06,0.0008651486290804332,0.804597435724279
PerplexDEW (Davies),isobar,0.003141075,117.31313131313132,0.0010383353185158424,6.699678063133881e-06,0.0008801726576791815,0.8096606101747331
PerplexDEW (Davies),isobar,0.003141075,118.32323232323233,0.0010559543575948747,6.898094961404356e-06,0.0008954157690408987,0.814763823483031
PerplexDEW (Davies),isobar,0.003141075,119.33333333333334,0.0010738250354257628,7.1015610710695234e-06,0.0009108803310947488,0.8199070357731344
PerplexDEW (Davies),isobar,0.003141075,120.34343434343435,0.0010919501209467675,7.310181474102284e-06,0.0009265688119307336,0.8250902398889205
PerplexDEW (Davies),isobar,0.003141075,121.35353535353536,0.0011103321951156742,7.524061419612794e-06,0.0009424835201830153,0.8303133666426599
PerplexDEW (Davies),isobar,0.003141075,122.36363636363637,0.0011289740584458324,7.743309120124338e-06,0.0009586269521215853,0.8355764111375528
PerplexDEW (Davies),isobar,0.003141075,123.37373737373738,0.0011478783147199573,7.968032877960719e-06,0.0009750014369477576,0.8408793050532366
PerplexDEW (Davies),isobar,0.003141075,124.3838383838384,0.0011670477953637623,8.198344069890907e-06,0.0009916094985051578,0.8462220453920857
PerplexDEW (Davies),isobar,0.003141075,125.3939393939394,0.001186485353716361,8.434355745066164e-06,0.0010084536800252005,0.8516046309191168
PerplexDEW (Davies),isobar,0.003141075,126.40404040404042,0.0012061935167244104,8.676180057196808e-06,0.0010255362467384652,0.8570269612598326
PerplexDEW (Davies),isobar,0.003141075,127.41414141414143,0.0012261751610190622,8.92393319044349e-06,0.0010428597627801873,0.8624890356464439
PerplexDEW (Davies),isobar,0.003141075,128.42424242424244,0.001246433184939585,9.177733029745026e-06,0.0010604268114753936,0.8679908548592864
PerplexDEW (Davies),isobar,0.003141075,129.43434343434345,0.0012669702621006332,9.437697279778287e-06,0.0010782397846969358,0.873532351997336
PerplexDEW (Davies),isobar,0.003141075,130.44444444444446,0.0012877891942207024,9.703946106914663e-06,0.001096301184174976,0.8791134938834861
PerplexDEW (Davies),isobar,0.003141075,131.45454545454547,0.0013088927947098052,9.97660128334681e-06,0.001114613522087995,0.8847342473724984
PerplexDEW (Davies),isobar,0.003141075,132.46464646464648,0.001330284019232703,1.025578723325523e-05,0.0011331794327718097,0.8903946148713306
PerplexDEW (Davies),isobar,0.003141075,133.4747474747475,0.0013519655781554368,1.054162797800884e-05,0.001152001341159523,0.8960945281612068
PerplexDEW (Davies),isobar,0.003141075,134.4848484848485,0.0013739403184981252,1.0834250134752944e-05,0.0011710817894422941,0.9018339537565849
PerplexDEW (Davies),isobar,0.003141075,135.49494949494948,0.0013962112366321148,1.113378308587827e-05,0.0011904234481245413,0.9076128945444113
PerplexDEW (Davies),isobar,0.003141075,136.50505050505052,0.00141878106721172,1.144035562073991e-05,0.0012100287639682482,0.9134312805215207
PerplexDEW (Davies),isobar,0.003141075,137.5151515151515,0.0014416528325857658,1.1754100447031719e-05,0.0012299004305306263,0.9192891145671785
PerplexDEW (Davies),isobar,0.003141075,138.52525252525254,0.0014648291348675153,1.2075148284779599e-05,0.0012500407815053322,0.925186287430735
PerplexDEW (Davies),isobar,0.003141075,139.53535353535352,0.001488313162689557,1.2403636355181167e-05,0.0012704526536718662,0.9311228387057123
PerplexDEW (Davies),isobar,0.003141075,140.54545454545456,0.0015121076782091353,1.2739699818141563e-05,0.0012911385184785984,0.9370986950096594
PerplexDEW (Davies),isobar,0.003141075,141.55555555555554,0.001536215752438314,1.308347805712477e-05,0.001312101112590289,0.9431138584472163
PerplexDEW (Davies),isobar,0.003141075,142.56565656565658,0.0015606401591298073,1.3435109415305434e-05,0.0013333429178454884,0.9491682535453339
PerplexDEW (Davies),isobar,0.003141075,143.57575757575756,0.0015853838300531682,1.3794735158379055e-05,0.0013548665518681071,0.955261842114288
PerplexDEW (Davies),isobar,0.003141075,144.5858585858586,0.0016104497046792161,1.4162498177722854e-05,0.0013766746391074512,0.9613945851226029
PerplexDEW (Davies),isobar,0.003141075,145.59595959595958,0.0016358407298154097,1.4538542988102439e-05,0.0013987698105071959,0.967566442636401
PerplexDEW (Davies),isobar,0.003141075,146.60606060606062,0.001661559859231402,1.4923015724759681e-05,0.0014211547031653068,0.9737773737617405
PerplexDEW (Davies),isobar,0.003141075,147.6161616161616,0.0016876102280535517,1.531606579038527e-05,0.0014438321103198873,0.9800273776954659
PerplexDEW (Davies),isobar,0.003141075,148.62626262626264,0.0017139944566039794,1.5717839298941384e-05,0.0014668043825861576,0.9863163296292699
PerplexDEW (Davies),isobar,0.003141075,149.63636363636363,0.0017407155071798987,1.6128487073320047e-05,0.0014900741646336195,0.9926441842491355
PerplexDEW (Davies),isobar,0.003141075,150.64646464646466,0.0017677767170587908,1.6548165139896605e-05,0.0015136444240616564,0.9990109796601058
PerplexDEW (Davies),isobar,0.003141075,151.65656565656565,0.001795180890774893,1.6977025969794756e-05,0.0015375176701060466,1.005416627805528
PerplexDEW (Davies),isobar,0.003141075,152.66666666666669,0.0018229306314069794,1.7415221495561962e-05,0.0015616962382856681,1.0118609945586061
PerplexDEW (Davies),isobar,0.003141075,153.67676767676767,0.0018510292998106513,1.7862912660410743e-05,0.0015861831167856915,1.0183441153279393
PerplexDEW (Davies),isobar,0.003141075,154.6868686868687,0.0018794794918016028,1.83202543120916e-05,0.0016109806346676068,1.024865851525452
PerplexDEW (Davies),isobar,0.003141075,155.6969696969697,0.0019082845888399327,1.8787410741357716e-05,0.0016360917980521956,1.0314262373223573
PerplexDEW (Davies),isobar,0.003141075,156.70707070707073,0.001937447590984641,1.9264543964530694e-05,0.0016615192844295443,1.0380252191017973
PerplexDEW (Davies),isobar,0.003141075,157.7171717171717,0.0019669710789195815,1.975181311197582e-05,0.001687265409344375,1.0446626511362855
PerplexDEW (Davies),isobar,0.003141075,158.72727272727275,0.001996858033041113,2.02493828861938e-05,0.001713332832827218,1.05133847399694
PerplexDEW (Davies),isobar,0.003141075,159.73737373737373,0.0020271118716712203,2.0757424181519646e-05,0.00173972459290601,1.0580527188581834
PerplexDEW (Davies),isobar,0.003141075,160.74747474747477,0.0020577347088038553,2.1276095438068633e-05,0.0017664426013592888,1.0648051390699462
PerplexDEW (Davies),isobar,0.003141075,161.75757575757575,0.0020887304079477494,2.1805575342953163e-05,0.001793490280412326,1.0715958554580665
PerplexDEW (Davies),isobar,0.003141075,162.7676767676768,0.0021201015110750565,2.2346029829566784e-05,0.0018208699109019556,1.078424709136896
PerplexDEW (Davies),isobar,0.003141075,163.77777777777777,0.002151850760526781,2.289762833321813e-05,0.0018485839462033637,1.0852915836403385
PerplexDEW (Davies),isobar,0.003141075,164.7878787878788,0.0021839813584765963,2.3460546820083445e-05,0.0018766352368501777,1.0921964555661132
PerplexDEW (Davies),isobar,0.003141075,165.7979797979798,0.0022164960331820392,2.4034957392982035e-05,0.0019050262233990954,1.0991392035136047
PerplexDEW (Davies),isobar,0.003141075,166.80808080808083,0.002249397988745822,2.462103894614095e-05,0.0019337597576047955,1.1061198009055735
PerplexDEW (Davies),isobar,0.003141075,167.8181818181818,0.002282689683525644,2.521896322110155e-05,0.0019628380456814926,1.1131380713124277
PerplexDEW (Davies),isobar,0.003141075,168.82828282828285,0.0023163743075393928,2.5828911716083374e-05,0.001992263926455095,1.1201939833474788
PerplexDEW (Davies),isobar,0.003141075,169.83838383838383,0.002350454538467247,2.645106134230271e-05,0.002022039794919085,1.1272874036074765
PerplexDEW (Davies),isobar,0.003141075,170.84848484848487,0.0023849335629566337,2.7085596345395105e-05,0.0020521684863214667,1.1344182971208698
PerplexDEW (Davies),isobar,0.003141075,171.85858585858585,0.0024198140353732236,2.773269599730197e-05,0.002082652374494464,1.141586524847805
PerplexDEW (Davies),isobar,0.003141075,172.8686868686869,0.0024550988596397775,2.8392543817946338e-05,0.0021134940488662787,1.1487919956986377
PerplexDEW (Davies),isobar,0.003141075,173.87878787878788,0.002490790648801922,2.9065321044628708e-05,0.002144695846175493,1.156034563251052
PerplexDEW (Davies),isobar,0.003141075,174.8888888888889,0.0025268925600903883,2.9751216839402544e-05,0.002176260574340034,1.1633141832773823
PerplexDEW (Davies),isobar,0.003141075,175.8989898989899,0.002563406591733097,3.0450407194029154e-05,0.0022081900355279812,1.1706305954181855
PerplexDEW (Davies),isobar,0.003141075,176.90909090909093,0.0026003364526801806,3.11630906286574e-05,0.0022404875150285847,1.1779838569863015
PerplexDEW (Davies),isobar,0.003141075,177.91919191919192,0.0026376843886209925,3.1889448552347194e-05,0.002273155028218867,1.1853737541008151
PerplexDEW (Davies),isobar,0.003141075,178.92929292929296,0.002675453205755108,3.26296705298647e-05,0.0023061950759499994,1.1928001768836216
PerplexDEW (Davies),isobar,0.003141075,179.93939393939394,0.002713645695898273,3.338394710044138e-05,0.0023396101459137526,1.200263012639649
PerplexDEW (Davies),isobar,0.003141075,180.94949494949498,0.0027522646356743195,3.4152469741289934e-05,0.002373402711909614,1.2077621458079186
PerplexDEW (Davies),isobar,0.003141075,181.95959595959596,0.002791312135977824,3.493542219251e-05,0.0024075746685038413,1.215297343623118
PerplexDEW (Davies),isobar,0.003141075,182.96969696969697,0.002830790906110234,3.573299699042862e-05,0.0024421284290503434,1.2228684812940989
PerplexDEW (Davies),isobar,0.003141075,183.97979797979798,0.0028707043094605314,3.654539656971169e-05,0.002477066974804757,1.2304755474854767
PerplexDEW (Davies),isobar,0.003141075,184.989898989899,0.00291105436772768,3.737280637808411e-05,0.0025123921199582556,1.2381182969414943
PerplexDEW (Davies),isobar,0.003141075,186.0,0.0029518430350514674,3.821541159366329e-05,0.0025481056184613535,1.2457964766902014
PerplexDEW (Davies),isobar,0.0062,110.0,0.0009183643592293082,5.4064629209928454e-06,0.0007764788894609755,0.7740995334526704
PerplexDEW (Davies),isobar,0.0062,111.01010101010101,0.0009342453517873882,5.5713575015412045e-06,0.0007901933905526024,0.7789119031254496
PerplexDEW (Davies),isobar,0.0062,112.02020202020202,0.0009503591273020874,5.740591868439503e-06,0.0008041125104881436,0.7837645811275908
PerplexDEW (Davies),isobar,0.0062,113.03030303030303,0.0009667083323133671,5.914260087593965e-06,0.0008182386081532678,0.7886575478034709
PerplexDEW (Davies),isobar,0.0062,114.04040404040404,0.000983295454332328,6.092456617666877e-06,0.000832573908123682,0.7935907263980309
PerplexDEW (Davies),isobar,0.0062,115.05050505050505,0.0010001232656777956,6.275279105086163e-06,0.0008471208776740869,0.7985641312007277
PerplexDEW (Davies),isobar,0.0062,116.06060606060606,0.001017194190814638,6.462824383796448e-06,0.0008618816891727655,0.8035776582003216
PerplexDEW (Davies),isobar,0.0062,117.07070707070707,0.0010345108460463708,6.655191897284852e-06,0.0008768586786279385,0.8086312639787693
PerplexDEW (Davies),isobar,0.0062,118.08080808080808,0.0010520761568866414,6.8524845679211285e-06,0.0008920544458757597,0.8137249995525266
PerplexDEW (Davies),isobar,0.0062,119.0909090909091,0.0010698924847744001,7.054803019181731e-06,0.0009074711114904733,0.8188587323020164
PerplexDEW (Davies),isobar,0.0062,120.1010101010101,0.0010879627954987923,7.2622533517895836e-06,0.0009231113110692961,0.8240325171168649
PerplexDEW (Davies),isobar,0.0062,121.11111111111111,0.0011062895708696017,7.474939849253585e-06,0.00093897726880798,0.8292462534997718
PerplexDEW (Davies),isobar,0.0062,122.12121212121212,0.0011248756096811751,7.69297040443586e-06,0.0009550714794509369,0.8344999362040955
PerplexDEW (Davies),isobar,0.0062,123.13131313131314,0.0011437235151071537,7.916453011088104e-06,0.000971396271640259,0.839793496743111
PerplexDEW (Davies),isobar,0.0062,124.14141414141415,0.0011628361170005468,8.145498725191831e-06,0.0009879541678271993,0.8451269318273668
PerplexDEW (Davies),isobar,0.0062,125.15151515151516,0.0011822161538663026,8.380219447213157e-06,0.0010047476131945642,0.8505002067369208
PerplexDEW (Davies),isobar,0.0062,126.16161616161617,0.0012018664927812167,8.620729509077878e-06,0.0010217791632295583,0.8559133207471111
PerplexDEW (Davies),isobar,0.0062,127.17171717171718,0.0012217897870390958,8.86714317436285e-06,0.0010390511915054175,0.8613662070840141
PerplexDEW (Davies),isobar,0.0062,128.1818181818182,0.0012419886932161961,9.119576186841024e-06,0.001056566074763291,0.8668587979904536
PerplexDEW (Davies),isobar,0.0062,129.1919191919192,0.0012624663613635583,9.378149528736079e-06,0.0010743266118468852,0.8723911626367121
PerplexDEW (Davies),isobar,0.0062,130.2020202020202,0.00128322535695126,9.64298129042597e-06,0.0010923351027077128,0.8779632000915814
PerplexDEW (Davies),isobar,0.0062,131.21212121212122,0.001304268493094244,9.914192932554647e-06,0.0011105940592685752,0.8835748771895289
PerplexDEW (Davies),isobar,0.0062,132.22222222222223,0.0013255985944387243,1.0191907526720495e-05,0.0011291060037550231,0.8892261607452792
PerplexDEW (Davies),isobar,0.0062,133.23232323232324,0.0013472184968960916,1.0476249759588368e-05,0.001147873468454046,0.8949170174799568
PerplexDEW (Davies),isobar,0.0062,134.24242424242425,0.0013691313181969328,1.0767348138257709e-05,0.001166899227357087,0.9006474863375176
PerplexDEW (Davies),isobar,0.0062,135.25252525252526,0.001391339655824206,1.1065328528052186e-05,0.0011861856095565409,0.906417462638921
PerplexDEW (Davies),isobar,0.0062,136.26262626262627,0.0014138463780884695,1.1370320486844224e-05,0.001205735176248506,0.9122269124157932
PerplexDEW (Davies),isobar,0.0062,137.27272727272728,0.001436654363429951,1.1682455199602557e-05,0.0012255504976589641,0.9180758013238721
PerplexDEW (Davies),isobar,0.0062,138.2828282828283,0.0014597667928933995,1.2001867973201452e-05,0.0012456344038088813,0.9239641697923638
PerplexDEW (Davies),isobar,0.0062,139.2929292929293,0.0014831861336762479,1.2328689628929843e-05,0.0012659891130817943,0.9298918707889171
PerplexDEW (Davies),isobar,0.0062,140.3030303030303,0.0015069155886341368,1.2663058778929344e-05,0.0012866174748620215,0.9358589440406229
PerplexDEW (Davies),isobar,0.0062,141.31313131313132,0.0015309580826332646,1.300511325576884e-05,0.0013075221005489602,0.9418653541610368
PerplexDEW (Davies),isobar,0.0062,142.32323232323233,0.0015553162331004516,1.3354989711346599e-05,0.0013287053378285714,0.9479109869261365
PerplexDEW (Davies),isobar,0.0062,143.33333333333334,0.0015799934474429206,1.3712833349377386e-05,0.0013501702127896797,0.9539959216407506
PerplexDEW (Davies),isobar,0.0062,144.34343434343435,0.001604992027784897,1.407878105037263e-05,0.0013719188026190517,0.9601199624682517
PerplexDEW (Davies),isobar,0.0062,145.35353535353536,0.0016303155735023665,1.4452982946301564e-05,0.0013939542989428177,0.9662832283645737
PerplexDEW (Davies),isobar,0.0062,146.36363636363637,0.001655966717773078,1.4835581990692041e-05,0.0014162790635906498,0.9724855998450348
PerplexDEW (Davies),isobar,0.0062,147.37373737373738,0.0016819484228916177,1.52267256625837e-05,0.0014388957412397921,0.9787270353405748
PerplexDEW (Davies),isobar,0.0062,148.3838383838384,0.0017082636574877101,1.562656305747426e-05,0.001461806982153101,0.9850074922253499
PerplexDEW (Davies),isobar,0.0062,149.3939393939394,0.0017349153961279016,1.6035244882702947e-05,0.0014850154418178435,0.9913269267607061
PerplexDEW (Davies),isobar,0.0062,150.40404040404042,0.0017619064347886295,1.6452921660539437e-05,0.001508523622063889,0.9976852518298193
PerplexDEW (Davies),isobar,0.0062,151.41414141414143,0.0017892399358025663,1.6879748989551643e-05,0.0015323343400942867,1.004082462690521
PerplexDEW (Davies),isobar,0.0062,152.42424242424244,0.0018169190800591134,1.731588427447922e-05,0.00155645042934986,1.0105185549498383
PerplexDEW (Davies),isobar,0.0062,153.43434343434345,0.001844946288015302,1.7761478904142926e-05,0.0015808740682096475,1.0169933507599038
PerplexDEW (Davies),isobar,0.0062,154.44444444444446,0.0018733249324913751,1.8216695233852208e-05,0.001605608255394421,1.023506885199892
PerplexDEW (Davies),isobar,0.0062,155.45454545454547,0.0019020576100419859,1.8681689347379495e-05,0.001630655320652613,1.030059018085438
PerplexDEW (Davies),isobar,0.0062,156.46464646464648,0.001931147713676598,1.9156626943608947e-05,0.001656018280261479,1.0366497832007482
PerplexDEW (Davies),isobar,0.0062,157.4747474747475,0.0019605982492323943,1.9641671356066223e-05,0.0016816998167997642,1.0432791258909724
PerplexDEW (Davies),isobar,0.0062,158.4848484848485,0.0019904117969377325,2.0136982929072857e-05,0.0017077022454207729,1.0499468987112572
PerplexDEW (Davies),isobar,0.0062,159.49494949494948,0.0020205913420500935,2.0642727663342528e-05,0.001734028230416529,1.0566530411079988
PerplexDEW (Davies),isobar,0.0062,160.50505050505052,0.0020511403135371658,2.1159077847474935e-05,0.0017606808191473573,1.0633975837563734
PerplexDEW (Davies),isobar,0.0062,161.5151515151515,0.002082061269252447,2.1686197936501437e-05,0.0017876623067108297,1.0701803713855933
PerplexDEW (Davies),isobar,0.0062,162.52525252525254,0.0021133571936228575,2.222425837607026e-05,0.0018149753561977349,1.0770013380706172
PerplexDEW (Davies),isobar,0.0062,163.53535353535352,0.002145030835240219,2.2773428447411007e-05,0.001842622426623346,1.0838603681288324
PerplexDEW (Davies),isobar,0.0062,164.54545454545456,0.0021770854006590836,2.3333883935316766e-05,0.0018706063725252874,1.0907574387123389
PerplexDEW (Davies),isobar,0.0062,165.55555555555554,0.0022095241109098013,2.3905802333267068e-05,0.0018989300609414676,1.0976925268284226
PerplexDEW (Davies),isobar,0.0062,166.56565656565658,0.002242349211645536,2.4489351473120863e-05,0.001927595514964073,1.1046654122588655
PerplexDEW (Davies),isobar,0.0062,167.57575757575756,0.0022755641508585764,2.508471421887308e-05,0.0019566057972262687,1.1116761157050628
PerplexDEW (Davies),isobar,0.0062,168.5858585858586,0.0023091713815515487,2.5692063400520023e-05,0.0019859631091291865,1.1187244586068839
PerplexDEW (Davies),isobar,0.0062,169.59595959595958,0.0023431743594107546,2.6311584864302936e-05,0.002015670519510543,1.1258104591880411
PerplexDEW (Davies),isobar,0.0062,170.60606060606062,0.0023775755073416026,2.694345372150244e-05,0.0020457302026994674,1.1329339324549783
PerplexDEW (Davies),isobar,0.0062,171.6161616161616,0.002412377745005751,2.7587852188262396e-05,0.0020761447625232106,1.1400947905634884
PerplexDEW (Davies),isobar,0.0062,172.62626262626264,0.0024475839841064813,2.8244963712735945e-05,0.0021069167954605944,1.147292943271722
PerplexDEW (Davies),isobar,0.0062,173.63636363636363,0.002483197127695681,2.891497294817609e-05,0.0021380488900138257,1.154528297890914
PerplexDEW (Davies),isobar,0.0062,174.64646464646466,0.0025192194978980046,2.9598058626651863e-05,0.0021695431303819556,1.1618006527462548
PerplexDEW (Davies),isobar,0.0062,175.65656565656565,0.0025556551112034553,3.02944217261163e-05,0.002201403069508604,1.1691101220544833
PerplexDEW (Davies),isobar,0.0062,176.66666666666669,0.0025925050944304636,3.1004228442759694e-05,0.0022336297534492496,1.176456282875742
PerplexDEW (Davies),isobar,0.0062,177.67676767676767,0.0026297734509979926,3.172768212584375e-05,0.0022662267227841733,1.1838392451725002
PerplexDEW (Davies),isobar,0.0062,178.6868686868687,0.002667462415249638,3.2464965066005706e-05,0.0022991959826692753,1.1912587925263567
PerplexDEW (Davies),isobar,0.0062,179.6969696969697,0.002705574789270105,3.32162678375932e-05,0.0023325400300960248,1.1987148132498144
PerplexDEW (Davies),isobar,0.0062,180.70707070707073,0.002744113360244342,3.398178196748175e-05,0.0023662613484287344,1.2062071928069007
PerplexDEW (Davies),isobar,0.0062,181.7171717171717,0.0027830808996374716,3.4761699897710705e-05,0.002400362406661901,1.2137358137645422
PerplexDEW (Davies),isobar,0.0062,182.72727272727275,0.0028224795040318164,3.555620613332397e-05,0.0024348450864634845,1.2213004406419714
PerplexDEW (Davies),isobar,0.0062,183.73737373737373,0.002862311876091947,3.6365494114632594e-05,0.002469711795047744,1.228900946689428
PerplexDEW (Davies),isobar,0.0062,184.74747474747477,0.0029025813808881496,3.718976733896423e-05,0.002504965514864131,1.2365373194093023
PerplexDEW (Davies),isobar,0.0062,185.75757575757575,0.0029432893300140686,3.802920238369457e-05,0.0025406074418827676,1.2442091922014966
PerplexDEW (Davies),isobar,0.0062,186.7676767676768,0.00298443903536804,3.8884003892231056e-05,0.0025766405104163544,1.2519165450600342
PerplexDEW (Davies),isobar,0.0062,187.77777777777777,0.003026033116830114,3.9754368082047575e-05,0.002613067052207058,1.2596592384914609
PerplexDEW (Davies),isobar,0.0062,188.7878787878788,0.0030680734405097955,4.0640481417842105e-05,0.0026498887418552903,1.2674370076671229
PerplexDEW (Davies),isobar,0.0062,189.7979797979798,0.003110562541123868,4.154254040111958e-05,0.0026871078345527127,1.2752497028381127
PerplexDEW (Davies),isobar,0.0062,190.80808080808083,0.0031535036836805534,4.2460752857869155e-05,0.0027247272205714367,1.2830972951977286
PerplexDEW (Davies),isobar,0.0062,191.8181818181818,0.0031968978499950676,4.3395294630823164e-05,0.0027627478005873432,1.2909793803468657
PerplexDEW (Davies),isobar,0.0062,192.82828282828285,0.00324074745407588,4.434636251550342e-05,0.00280117172096262,1.2988957942773038
PerplexDEW (Davies),isobar,0.0062,193.83838383838383,0.003285055675885294,4.531416530740424e-05,0.002840001794600958,1.306846497386228
PerplexDEW (Davies),isobar,0.0062,194.84848484848487,0.003329824098680166,4.629888905761369e-05,0.002879239441745061,1.3148311925825704
PerplexDEW (Davies),isobar,0.0062,195.85858585858585,0.003375054218696265,4.7300718714184126e-05,0.0029188860048563236,1.3228495739602284
PerplexDEW (Davies),isobar,0.0062,196.8686868686869,0.0034207491181852422,4.831986340890421e-05,0.00295894420802076,1.3309015904626558
PerplexDEW (Davies),isobar,0.0062,197.87878787878788,0.003466911048249113,4.935652049212059e-05,0.002999416049519616,1.3389870589901192
PerplexDEW (Davies),isobar,0.0062,198.8888888888889,0.0035135404900064043,5.041086048149629e-05,0.0030403019815024297,1.3471055234201217
PerplexDEW (Davies),isobar,0.0062,199.8989898989899,0.0035606412963890386,5.148310587191083e-05,0.0030816053969374008,1.355257056406027
PerplexDEW (Davies),isobar,0.0062,200.90909090909093,0.003608212915444609,5.257341130225777e-05,0.0031233258424118553,1.3634410511439359
PerplexDEW (Davies),isobar,0.0062,201.91919191919192,0.003656259133069795,5.368199896019538e-05,0.0031654666496936457,1.3716575731371294
PerplexDEW (Davies),isobar,0.0062,202.92929292929296,0.0037047810315859347,5.4809049067699824e-05,0.0032080287885874613,1.3799062746819026
PerplexDEW (Davies),isobar,0.0062,203.93939393939394,0.0037537805303686214,5.5954755026901806e-05,0.003251013958103938,1.38818693949895
PerplexDEW (Davies),isobar,0.0062,204.94949494949498,0.003803258543743798,5.7119294059499515e-05,0.003294422977209395,1.3964992041902065
PerplexDEW (Davies),isobar,0.0062,205.95959595959596,0.003853216849284372,5.8302857066623115e-05,0.00333825741721097,1.4048428392601242
PerplexDEW (Davies),isobar,0.0062,206.96969696969697,0.0039036571744433157,5.950563411160837e-05,0.0033825188039362623,1.4132176105355052
PerplexDEW (Davies),isobar,0.0062,207.97979797979798,0.003954580187037901,6.0727797566112685e-05,0.0034272077346586276,1.421623132214612
PerplexDEW (Davies),isobar,0.0062,208.989898989899,0.0040059874595424465,6.196953429423292e-05,0.0034723255955971415,1.430059156252339
PerplexDEW (Davies),isobar,0.0062,210.0,0.004057880508624864,6.323102999885613e-05,0.0035178737223477276,1.438525429655091
PerplexDEW (Davies),isobar,0.0111,132.0,0.001321637948597959,1.013617010161655e-05,0.0011256579451844884,0.8882895142136853
PerplexDEW (Davies),isobar,0.0111,133.010101010101,0.001343207389114374,1.0419221297994188e-05,0.0011443807838386305,0.8939724439336455
PerplexDEW (Davies),isobar,0.0111,134.02020202020202,0.0013650689695011266,1.0709002472954054e-05,0.0011633612336683866,0.8996949174211146
PerplexDEW (Davies),isobar,0.0111,135.03030303030303,0.0013872259538433528,1.1005644608700096e-05,0.001182602194426096,0.9054570093920358
PerplexDEW (Davies),isobar,0.0111,136.04040404040404,0.0014096809480623408,1.1309274919140377e-05,0.0012021060028350964,0.9112586144371424
PerplexDEW (Davies),isobar,0.0111,137.05050505050505,0.0014324371186263736,1.1620026767233077e-05,0.0012218754760843081,0.9170997726445738
PerplexDEW (Davies),isobar,0.0111,138.06060606060606,0.0014554970813946062,1.1938030497409783e-05,0.0012419129599614267,0.9229803764751295
PerplexDEW (Davies),isobar,0.0111,139.07070707070707,0.001478863736840166,1.2263420343113628e-05,0.001262221044347792,0.9289003908148383
PerplexDEW (Davies),isobar,0.0111,140.08080808080808,0.00150254014627207,1.2596333488452554e-05,0.0012828024574167759,0.9348598182429027
PerplexDEW (Davies),isobar,0.0111,141.0909090909091,0.0015265290829095505,1.293690620084934e-05,0.001303659680542226,0.9408585849736306
PerplexDEW (Davies),isobar,0.0111,142.1010101010101,0.0015508336318462352,1.3285279019587924e-05,0.0013247954629502252,0.9468966930462619
PerplexDEW (Davies),isobar,0.0111,143.11111111111111,0.0015754568987111155,1.3641594290442255e-05,0.0013462125719297742,0.9529741452658576
PerplexDEW (Davies),isobar,0.0111,144.12121212121212,0.001600401191841305,1.4005988740783664e-05,0.0013679130901980262,0.9590907464712417
PerplexDEW (Davies),isobar,0.0111,145.13131313131314,0.0016256701113857715,1.4378612274922135e-05,0.0013899002101651118,0.965246615548336
PerplexDEW (Davies),isobar,0.0111,146.14141414141415,0.0016512662956785962,1.4759607682905783e-05,0.001412176298279265,0.9714416335410844
PerplexDEW (Davies),isobar,0.0111,147.15151515151516,0.0016771927109353565,1.5149122265335521e-05,0.001434744002763127,0.977675759238789
PerplexDEW (Davies),isobar,0.0111,148.16161616161617,0.001703452682939537,1.554730829813301e-05,0.0014576062813162329,0.9839490329956891
PerplexDEW (Davies),isobar,0.0111,149.17171717171718,0.001730048491123493,1.595430971395444e-05,0.0014807651916962992,0.9902612470682423
PerplexDEW (Davies),isobar,0.0111,150.1818181818182,0.0017569834664509366,1.637028191900827e-05,0.0015042236961920114,0.9966124387781373
PerplexDEW (Davies),isobar,0.0111,151.1919191919192,0.0017842609723616252,1.6795382336939413e-05,0.0015279847855315244,1.0030026474559046
PerplexDEW (Davies),isobar,0.0111,152.2020202020202,0.001811883263369135,1.7229759101937495e-05,0.0015520504956738775,1.009431656925875
PerplexDEW (Davies),isobar,0.0111,153.21212121212122,0.001839853705245424,1.7673572723317293e-05,0.001576423819358702,1.0158995031312366
PerplexDEW (Davies),isobar,0.0111,154.22222222222223,0.0018681753010940637,1.812698173579824e-05,0.001601107437143518,1.0224061364396229
PerplexDEW (Davies),isobar,0.0111,155.23232323232324,0.0018968510575555657,1.859014625035704e-05,0.0016261040326339426,1.0289515057996843
PerplexDEW (Davies),isobar,0.0111,156.24242424242425,0.0019258835741288163,1.9063223700203923e-05,0.0016514159382461455,1.035535469461678
PerplexDEW (Davies),isobar,0.0111,157.25252525252526,0.0019552764669343884,1.9546383499735253e-05,0.0016770463630344224,1.0421581059185026
PerplexDEW (Davies),isobar,0.0111,158.26262626262627,0.0019850321231842105,2.003978386544226e-05,0.0017029974560236038,1.0488192243830854
PerplexDEW (Davies),isobar,0.0111,159.27272727272728,0.0020151537517673246,2.054359302735775e-05,0.001729272074849946,1.0555188108679427
PerplexDEW (Davies),isobar,0.0111,160.2828282828283,0.002045644578049976,2.1057980986523837e-05,0.0017558730914778475,1.0622568514405513
PerplexDEW (Davies),isobar,0.0111,161.2929292929293,0.002076506719231419,2.158310726191686e-05,0.0017828024206643386,1.0690330981069103
PerplexDEW (Davies),isobar,0.0111,162.3030303030303,0.0021077442880131437,2.2119154430880203e-05,0.0018100637004163935,1.0758477193079294
PerplexDEW (Davies),isobar,0.0111,163.31313131313132,0.0021393596128573794,2.2666287201240176e-05,0.001837659027453665,1.0827005088483475
PerplexDEW (Davies),isobar,0.0111,164.32323232323233,0.002171355445314406,2.322467619773124e-05,0.0018655908633949166,1.0895913495147138
PerplexDEW (Davies),isobar,0.0111,165.33333333333334,0.0022037350010888812,2.379449865388099e-05,0.0018938620708148866,1.0965202175788389
PerplexDEW (Davies),isobar,0.0111,166.34343434343435,0.002236501263771964,2.4375930684852654e-05,0.0019224753114401244,1.1034870400054368
PerplexDEW (Davies),isobar,0.0111,167.35353535353536,0.0022696572133612796,2.496914979014328e-05,0.0019514332435928371,1.1104917416809426
PerplexDEW (Davies),isobar,0.0111,168.36363636363637,0.002303205314555376,2.5574328858188415e-05,0.001980738079194684,1.117534145154723
PerplexDEW (Davies),isobar,0.0111,169.37373737373738,0.0023371490307994235,2.6191653731497796e-05,0.0020103928941515026,1.1246142692695087
PerplexDEW (Davies),isobar,0.0111,170.3838383838384,0.0023714907972990054,2.682129960578598e-05,0.002040399873859863,1.131731930185098
PerplexDEW (Davies),isobar,0.0111,171.3939393939394,0.002406234083658918,2.7463455251972128e-05,0.002070762099033621,1.138887144142731
PerplexDEW (Davies),isobar,0.0111,172.40404040404042,0.002441381292383016,2.811829806047096e-05,0.002101481725644649,1.146079720679622
PerplexDEW (Davies),isobar,0.0111,173.41414141414143,0.0024769350584483455,2.8786009352900055e-05,0.0021325611102169352,1.1533095154979247
PerplexDEW (Davies),isobar,0.0111,174.42424242424244,0.0025128985568423755,2.9466778314168942e-05,0.0021640030767959887,1.1605764859877148
PerplexDEW (Davies),isobar,0.0111,175.43434343434345,0.002549274972757421,3.016079566905426e-05,0.0021958104580320345,1.1678805890562156
PerplexDEW (Davies),isobar,0.0111,176.44444444444446,0.0025860663219941125,3.086823877485316e-05,0.002227985071665619,1.175221564536686
PerplexDEW (Davies),isobar,0.0111,177.45454545454547,0.002623275446858101,3.158929635616549e-05,0.00226052945136066,1.1825993073641379
PerplexDEW (Davies),isobar,0.0111,178.46464646464648,0.002660905787764191,3.232416604319242e-05,0.002293446649418207,1.190013820163207
PerplexDEW (Davies),isobar,0.0111,179.4747474747475,0.002698959570927623,3.307303116953631e-05,0.0023267386636688938,1.1974648840922455
PerplexDEW (Davies),isobar,0.0111,180.4848484848485,0.002737439597825965,3.3836083488878645e-05,0.0023604079903991946,1.2049523857776514
PerplexDEW (Davies),isobar,0.0111,181.49494949494948,0.0027763486545563814,3.4613515687640236e-05,0.0023944571118334427,1.2124762089695786
PerplexDEW (Davies),isobar,0.0111,182.50505050505052,0.002815689511005411,3.5405521346753675e-05,0.0024288884953816156,1.2200362344910984
PerplexDEW (Davies),isobar,0.0111,183.5151515151515,0.0028554642527858594,3.6212285905272044e-05,0.0024637040128240107,1.2276322242709283
PerplexDEW (Davies),isobar,0.0111,184.52525252525254,0.0028956762585436394,3.703401312507289e-05,0.002498906658943759,1.235264166788315
PerplexDEW (Davies),isobar,0.0111,185.53535353535352,0.0029363268620766535,3.7870880035319006e-05,0.0025344976496642522,1.2429316973681959
PerplexDEW (Davies),isobar,0.0111,186.54545454545456,0.0029774200926659844,3.8723101327954994e-05,0.0025704805440138583,1.2506349163793498
PerplexDEW (Davies),isobar,0.0111,187.55555555555554,0.003018957193925141,3.959085437851522e-05,0.002606856477067045,1.2583734481397888
PerplexDEW (Davies),isobar,0.0111,188.56565656565658,0.00306094147147796,4.047434587403385e-05,0.0026436283767090835,1.2661472694130205
PerplexDEW (Davies),isobar,0.0111,189.57575757575756,0.003103375516462132,4.137377356405054e-05,0.0026807985483771933,1.2739562354246683
PerplexDEW (Davies),isobar,0.0111,190.5858585858586,0.003146260388761288,4.2289314057187585e-05,0.002718367962846746,1.2817999498279462
PerplexDEW (Davies),isobar,0.0111,191.59595959595958,0.0031896000838744563,4.3221186550225386e-05,0.0027563401460358188,1.2896785043429089
PerplexDEW (Davies),isobar,0.0111,192.60606060606062,0.003233395555781354,4.4169567299826435e-05,0.00279471597368684,1.297591490735375
PerplexDEW (Davies),isobar,0.0111,193.6161616161616,0.0032776500026272465,4.513466560154086e-05,0.0028334982752087155,1.3055388706324575
PerplexDEW (Davies),isobar,0.0111,194.62626262626264,0.00332236503257886,4.611666816826079e-05,0.0028726884933023755,1.3135203488796292
PerplexDEW (Davies),isobar,0.0111,195.63636363636363,0.003367542988114174,4.7115772958535616e-05,0.0029122887091880875,1.321535751832644
PerplexDEW (Davies),isobar,0.0111,196.64646464646466,0.003413186178495957,4.8132178008275234e-05,0.002952300973895889,1.3295849020011645
PerplexDEW (Davies),isobar,0.0111,197.65656565656565,0.0034592968786428193,4.916608136675625e-05,0.0029927273072427717,1.3376676179919396
PerplexDEW (Davies),isobar,0.0111,198.66666666666669,0.0035058764644289677,5.021766773323e-05,0.0030335689431246595,1.3457835803022988
PerplexDEW (Davies),isobar,0.0111,199.67676767676767,0.0035529270944814964,5.128713395794992e-05,0.003074827796699142,1.353932595629967
PerplexDEW (Davies),isobar,0.0111,200.6868686868687,0.003600450888292906,5.2374676655958557e-05,0.0031165057475799154,1.3621144665292964
PerplexDEW (Davies),isobar,0.0111,201.6969696969697,0.003648449016622131,5.348047778655064e-05,0.0031586038453533284,1.3703288532165478
PerplexDEW (Davies),isobar,0.0111,202.70707070707073,0.003696923470861666,5.4604732177425305e-05,0.0032011238543102677,1.3785755457280493
PerplexDEW (Davies),isobar,0.0111,203.7171717171717,0.0037458771375783596,5.574764923809749e-05,0.0032440683194671386,1.386854470572057
PerplexDEW (Davies),isobar,0.0111,204.72727272727275,0.0037953100555348,5.6909392908869875e-05,0.0032874372960142156,1.3951651285965334
PerplexDEW (Davies),isobar,0.0111,205.73737373737373,0.0038452250033611727,5.809017097173848e-05,0.0033312332313237287,1.4035074359821365
PerplexDEW (Davies),isobar,0.0111,206.74747474747477,0.0038956218125359644,5.9290143219502186e-05,0.0033754559947927823,1.4118808747383196
PerplexDEW (Davies),isobar,0.0111,207.75757575757575,0.003946504149284267,6.0509532023629354e-05,0.0034201088066560612,1.4202854967671783
PerplexDEW (Davies),isobar,0.0111,208.7676767676768,0.003997870655600684,6.174847662344185e-05,0.0034651904915251677,1.428720621034327
PerplexDEW (Davies),isobar,0.0111,209.77777777777777,0.00404972490673041,6.300719770039634e-05,0.003510704186758749,1.4371862911760391
PerplexDEW (Davies),isobar,0.0111,210.7878787878788,0.004102067392201359,6.428586429841785e-05,0.003556650328708548,1.4456821049841526
PerplexDEW (Davies),isobar,0.0111,211.7979797979798,0.004154898474737977,6.558464242227477e-05,0.0036030292400506597,1.454207649360173
PerplexDEW (Davies),isobar,0.0111,212.80808080808083,0.004208219476869419,6.69037136967606e-05,0.0036498420812058436,1.4627626539266234
PerplexDEW (Davies),isobar,0.0111,213.8181818181818,0.004262031658416345,6.82432581756008e-05,0.0036970899557251967,1.4713468430417183
PerplexDEW (Davies),isobar,0.0111,214.82828282828285,0.00431633396096396,6.960341464884768e-05,0.0037447719342076145,1.4799596220039484
PerplexDEW (Davies),isobar,0.0111,215.83838383838383,0.004371129693858373,7.098439735703735e-05,0.003792890910842747,1.4886010119977953
PerplexDEW (Davies),isobar,0.0111,216.84848484848487,0.0044264187533182365,7.238636016556943e-05,0.0038414467879629285,1.49727056112813
PerplexDEW (Davies),isobar,0.0111,217.85858585858585,0.0044821997064855386,7.38094316254407e-05,0.0038904382997246604,1.505967644116633
PerplexDEW (Davies),isobar,0.0111,218.8686868686869,0.004538475704598643,7.525382116518327e-05,0.003939868195944436,1.5146922698050376
PerplexDEW (Davies),isobar,0.0111,219.87878787878788,0.004595243865991121,7.671962836443994e-05,0.0039897339347690405,1.5234436302071934
PerplexDEW (Davies),isobar,0.0111,220.8888888888889,0.00465250596384957,7.820703537770369e-05,0.00404003705279618,1.5322215574863989
PerplexDEW (Davies),isobar,0.0111,221.8989898989899,0.0047102625068696944,7.971620039415783e-05,0.0040907779756601936,1.541025716150341
PerplexDEW (Davies),isobar,0.0111,222.90909090909093,0.00476851135446689,8.124723082481082e-05,0.004141954801483144,1.5498554251786347
PerplexDEW (Davies),isobar,0.0111,223.91919191919192,0.004827255331162909,8.28003247721718e-05,0.004193569982552757,1.5587106692747852
PerplexDEW (Davies),isobar,0.0111,224.92929292929296,0.004886489389389848,8.437553094206693e-05,0.004245619058708435,1.5675904019015925
PerplexDEW (Davies),isobar,0.0111,225.93939393939394,0.004946217476617257,8.597306544940308e-05,0.004298105462848645,1.5764947659935031
PerplexDEW (Davies),isobar,0.0111,226.94949494949498,0.005006435493752141,8.759298996052044e-05,0.004351025560108269,1.5854228594358488
PerplexDEW (Davies),isobar,0.0111,227.95959595959596,0.005067144544539536,8.92354629967542e-05,0.004404380281083479,1.594374465378191
PerplexDEW (Davies),isobar,0.0111,228.96969696969697,0.005128342895269618,9.090058644079501e-05,0.004458168061155454,1.6033490069637542
PerplexDEW (Davies),isobar,0.0111,229.97979797979798,0.005190028619918785,9.258845554457513e-05,0.00451238716285567,1.6123458931430699
PerplexDEW (Davies),isobar,0.0111,230.989898989899,0.005252199594915228,9.42991586397966e-05,0.0045670356711406184,1.6213645184016912
PerplexDEW (Davies),isobar,0.0111,232.0,0.005314856456535699,9.603283605992135e-05,0.004622114093749446,1.6304046332607012
PerplexDEW (Davies),isobar,0.0125643,140.0,0.001500894514872825,1.2571651731656165e-05,0.0012813685060550873,0.9344763389340198
PerplexDEW (Davies),isobar,0.0125643,141.010101010101,0.0015248630385732574,1.2911672894771218e-05,0.0013022076717878648,0.940472274446828
PerplexDEW (Davies),isobar,0.0125643,142.02020202020202,0.001549147184372074,1.3259486223938205e-05,0.001323325399516179,0.9465076031927198
PerplexDEW (Davies),isobar,0.0125643,143.03030303030303,0.0015737494266514847,1.3615228351029437e-05,0.0013447239145455122,0.9525821718482583
PerplexDEW (Davies),isobar,0.0125643,144.04040404040404,0.001598673191300926,1.3979045924765179e-05,0.0013664062593486963,0.9586960600292946
PerplexDEW (Davies),isobar,0.0125643,145.05050505050505,0.0016239209504252563,1.4351078591015305e-05,0.0013883746574680023,0.9648491105323469
PerplexDEW (Davies),isobar,0.0125643,146.06060606060606,0.0016494961638078046,1.4731476532989592e-05,0.0014106321811824872,0.9710414035078542
PerplexDEW (Davies),isobar,0.0125643,147.07070707070707,0.00167540129923058,1.5120382387067676e-05,0.0014331810504036983,0.9772727775902124
PerplexDEW (Davies),isobar,0.0125643,148.08080808080808,0.0017016396732528606,1.551794820106426e-05,0.0014560242147955492,0.9835432720134709
PerplexDEW (Davies),isobar,0.0125643,149.0909090909091,0.0017282140963193705,1.5924322867921074e-05,0.0014791641889989704,0.9898528031030182
PerplexDEW (Davies),isobar,0.0125643,150.1010101010101,0.0017551277373740336,1.6339660245376045e-05,0.001502603796176511,0.9962013685883446
PerplexDEW (Davies),isobar,0.0125643,151.11111111111111,0.001782383225054187,1.6764110526324703e-05,0.0015263453945146906,1.0025888392067552
PerplexDEW (Davies),isobar,0.0125643,152.12121212121212,0.0018099837351589745,1.7197830726444612e-05,0.0015503918131803932,1.009015209834613
PerplexDEW (Davies),isobar,0.0125643,153.13131313131314,0.001837932268359734,1.7640977732653867e-05,0.001574745730682343,1.0154804323781887
PerplexDEW (Davies),isobar,0.0125643,154.14141414141415,0.0018662318293812415,1.8093710018821275e-05,0.0015994098290452712,1.0219844573830614
PerplexDEW (Davies),isobar,0.0125643,155.15151515151516,0.001894885225531518,1.8556185580699798e-05,0.0016243866200783066,1.0285271898367907
PerplexDEW (Davies),isobar,0.0125643,156.16161616161617,0.00192389566175121,1.9028567974926617e-05,0.0016496789583067188,1.035108620695855
PerplexDEW (Davies),isobar,0.0125643,157.17171717171718,0.0019532659433641715,1.951101819784082e-05,0.0016752893536503316,1.041728651090888
PerplexDEW (Davies),isobar,0.0125643,158.1818181818182,0.001982999074814886,2.0003700781857502e-05,0.0017012204875882573,1.0483872242799461
PerplexDEW (Davies),isobar,0.0125643,159.1919191919192,0.002013098278351363,2.0506784095316778e-05,0.0017274752295339565,1.0550843277582624
PerplexDEW (Davies),isobar,0.0125643,160.2020202020202,0.002043565911056759,2.1020428783680158e-05,0.0017540557018824992,1.061819763787183
PerplexDEW (Davies),isobar,0.0125643,161.21212121212122,0.0020744056292460265,2.154481084798814e-05,0.00178096514851984,1.0685936081863896
PerplexDEW (Davies),isobar,0.0125643,162.22222222222223,0.002105620451784372,2.2080101054655673e-05,0.0018082062630378985,1.075405798675087
PerplexDEW (Davies),isobar,0.0125643,163.23232323232324,0.0021372124651610766,2.262646129546827e-05,0.0018357809329415374,1.082256080375453
PerplexDEW (Davies),isobar,0.0125643,164.24242424242425,0.002169185347249448,2.3184072380164542e-05,0.0018636924205135677,1.0891445262256114
PerplexDEW (Davies),isobar,0.0125643,165.25252525252526,0.002201541858516216,2.3753106478888506e-05,0.0018919431950596677,1.0960710182493663
PerplexDEW (Davies),isobar,0.0125643,166.26262626262627,0.0022342849852867524,2.4333739685482403e-05,0.0019205359207796827,1.103035483682963
PerplexDEW (Davies),isobar,0.0125643,167.27272727272728,0.0022674177103765136,2.4926149481707213e-05,0.0019494732585453628,1.1100378476908042
PerplexDEW (Davies),isobar,0.0125643,168.2828282828283,0.0023009425021558827,2.553050875564124e-05,0.0019787574235810815,1.1170779331961884
PerplexDEW (Davies),isobar,0.0125643,169.2929292929293,0.0023348628263196803,2.6147003326611233e-05,0.002008391493847391,1.1241557592443168
PerplexDEW (Davies),isobar,0.0125643,170.3030303030303,0.0023691813864813666,2.6775811549851284e-05,0.0020383778873568795,1.1312711934233988
PerplexDEW (Davies),isobar,0.0125643,171.31313131313132,0.002403900861046393,2.7417112726267728e-05,0.0020687189996273178,1.1384240990676786
PerplexDEW (Davies),isobar,0.0125643,172.32323232323233,0.0024390247244097324,2.8071097048371397e-05,0.002099417915341246,1.1456144912774056
PerplexDEW (Davies),isobar,0.0125643,173.33333333333334,0.0024745548073668087,2.8737936133063106e-05,0.002130476294402916,1.152842071509981
PerplexDEW (Davies),isobar,0.0125643,174.34343434343435,0.002510495125692994,2.9417829448188217e-05,0.0021618976898853106,1.1601069550884038
PerplexDEW (Davies),isobar,0.0125643,175.35353535353536,0.0025468474519311614,3.0110950228910407e-05,0.002193683709641083,1.1674088344247002
PerplexDEW (Davies),isobar,0.0125643,176.36363636363637,0.002583615233044472,3.081749357651129e-05,0.0022258374126974912,1.1747477156599218
PerplexDEW (Davies),isobar,0.0125643,177.37373737373738,0.0026208007470451605,3.153764121206123e-05,0.002258360843535174,1.1821233879735382
PerplexDEW (Davies),isobar,0.0125643,178.3838383838384,0.0026584074376262497,3.2271590788311586e-05,0.0022912570574416583,1.1895358542587593
PerplexDEW (Davies),isobar,0.0125643,179.3939393939394,0.0026964378466950993,3.301952973288063e-05,0.0023245283265561786,1.1969849518470033
PerplexDEW (Davies),isobar,0.0125643,180.40404040404042,0.0027348944806346487,3.378164603880304e-05,0.0023581768912208484,1.2044705131370554
PerplexDEW (Davies),isobar,0.0125643,181.41414141414143,0.0027737798086552978,3.4558128202296405e-05,0.0023922049584974544,1.2119923654927458
PerplexDEW (Davies),isobar,0.0125643,182.42424242424244,0.0028130969157989694,3.5349173898866806e-05,0.002426615269640695,1.2195504458315696
PerplexDEW (Davies),isobar,0.0125643,183.43434343434345,0.00285284789339576,3.615496865596777e-05,0.0024614097015818815,1.2271445165923507
PerplexDEW (Davies),isobar,0.0125643,184.44444444444446,0.002893036124000273,3.697571629149182e-05,0.00249659125266409,1.234774566558341
PerplexDEW (Davies),isobar,0.0125643,185.45454545454547,0.002933663638297478,3.7811603424389525e-05,0.002532161745167825,1.2424403497771277
PerplexDEW (Davies),isobar,0.0125643,186.46464646464648,0.002974733452014362,3.866283097462755e-05,0.002568123856926687,1.25014179142619
PerplexDEW (Davies),isobar,0.0125643,187.4747474747475,0.0030162478696072774,3.952959105492555e-05,0.002604479646213524,1.2578786953742513
PerplexDEW (Davies),isobar,0.0125643,188.4848484848485,0.0030582084219104816,4.0412065624662136e-05,0.002641230496633267,1.2656507383032876
PerplexDEW (Davies),isobar,0.0125643,189.49494949494948,0.003100618758571739,4.13104671249148e-05,0.0026783796347623727,1.273457954747745
PerplexDEW (Davies),isobar,0.0125643,190.50505050505052,0.0031434814518281847,4.222499392254365e-05,0.0027159293487923944,1.2813001969969573
PerplexDEW (Davies),isobar,0.0125643,191.5151515151515,0.0031867975178985763,4.315582267572527e-05,0.0027538805703347297,1.289177063531068
PerplexDEW (Davies),isobar,0.0125643,192.52525252525254,0.0032305701762994216,4.4103162233567706e-05,0.0027922361485647725,1.2970885187831311
PerplexDEW (Davies),isobar,0.0125643,193.53535353535352,0.0032748018785236136,4.5067211233197696e-05,0.002830998262800897,1.3050344008037382
PerplexDEW (Davies),isobar,0.0125643,194.54545454545456,0.0033194950463942725,4.6048168560861704e-05,0.0028701690653733266,1.3130145439840477
PerplexDEW (Davies),isobar,0.0125643,195.55555555555554,0.003364650431993456,4.704620871385958e-05,0.0029097492513181066,1.321028518676497
PerplexDEW (Davies),isobar,0.0125643,196.56565656565658,0.003410271143785229,4.806154159022016e-05,0.0029497415685137028,1.3290762755828753
PerplexDEW (Davies),isobar,0.0125643,197.57575757575756,0.003456359464042921,4.9094365438434506e-05,0.0029901480434311135,1.3371576338609885
PerplexDEW (Davies),isobar,0.0125643,198.5858585858586,0.0035029176397095335,5.01448784640527e-05,0.0030309706704345516,1.3452724087208467
PerplexDEW (Davies),isobar,0.0125643,199.59595959595958,0.0035499461271905263,5.121325153968467e-05,0.003072209879529708,1.353420140690451
PerplexDEW (Davies),isobar,0.0125643,200.60606060606062,0.003597447901702714,5.229969444592105e-05,0.003113868297219564,1.3616007656289373
PerplexDEW (Davies),isobar,0.0125643,201.6161616161616,0.003645425957521172,5.340441804851438e-05,0.0031559485659877224,1.3698142204863089
PerplexDEW (Davies),isobar,0.0125643,202.62626262626264,0.0036938796191486,5.452757556895597e-05,0.0031984501217597605,1.378059885936844
PerplexDEW (Davies),isobar,0.0125643,203.63636363636363,0.0037428117348395416,5.5669375576585306e-05,0.0032413754757670576,1.386337684939763
PerplexDEW (Davies),isobar,0.0125643,204.64646464646466,0.0037922242155791325,5.6830012105134044e-05,0.00328472631927929,1.3946473993459856
PerplexDEW (Davies),isobar,0.0125643,205.65656565656565,0.0038421189257146307,5.800967853261679e-05,0.0033285043012326408,1.4029888065069482
PerplexDEW (Davies),isobar,0.0125643,206.66666666666669,0.0038924966954061884,5.9208551269808346e-05,0.003372710164634382,1.411361534302155
PerplexDEW (Davies),isobar,0.0125643,207.67676767676767,0.003943358239371951,6.042680427229429e-05,0.0034173445490735645,1.4197652003011365
PerplexDEW (Davies),isobar,0.0125643,208.6868686868687,0.003994707211670286,6.16646600242608e-05,0.0034624106631070623,1.4281998548849375
PerplexDEW (Davies),isobar,0.0125643,209.6969696969697,0.0040465421647878155,6.292225591100784e-05,0.00350790725102739,1.4366648090084875
PerplexDEW (Davies),isobar,0.0125643,210.70707070707073,0.004098865605740863,6.419979466104461e-05,0.0035538365141106272,1.4451599540018703
PerplexDEW (Davies),isobar,0.0125643,211.7171717171717,0.0041516789808509974,6.549746106698632e-05,0.003600199724018678,1.4536850298228257
PerplexDEW (Davies),isobar,0.0125643,212.72727272727275,0.0042049825879054035,6.681541970906526e-05,0.003646997144809488,1.4622396176586716
PerplexDEW (Davies),isobar,0.0125643,213.73737373737373,0.004258777698740153,6.815385109058044e-05,0.0036942298909019874,1.4708234426697702
PerplexDEW (Davies),isobar,0.0125643,214.74747474747477,0.00431306439573076,6.951291429995247e-05,0.0037418980326899944,1.479436067987097
PerplexDEW (Davies),isobar,0.0125643,215.75757575757575,0.004367843765362838,7.089278495744907e-05,0.0037900025175326363,1.4880772034381806
PerplexDEW (Davies),isobar,0.0125643,216.7676767676768,0.0044231156625060145,7.229361601044007e-05,0.0038385432112362037,1.4967463934924516
PerplexDEW (Davies),isobar,0.0125643,217.77777777777777,0.004478882158900136,7.371559881083045e-05,0.0038875219200222282,1.5054434934779966
PerplexDEW (Davies),isobar,0.0125643,218.7878787878788,0.004535142927477677,7.515888103226048e-05,0.003936938345428136,1.5141680333508
PerplexDEW (Davies),isobar,0.0125643,219.7979797979798,0.004591897488742713,7.662360595221289e-05,0.0039867920521769,1.5229195308850427
PerplexDEW (Davies),isobar,0.0125643,220.80808080808083,0.0046491464470405685,7.810993504360024e-05,0.0040370835525767096,1.5316976576435686
PerplexDEW (Davies),isobar,0.0125643,221.8181818181818,0.004706890325987601,7.96180271145135e-05,0.004087813285758295,1.5405020790918287
PerplexDEW (Davies),isobar,0.0125643,222.82828282828285,0.004765128285190716,8.114801424392936e-05,0.0041389804913764434,1.5493322850229017
PerplexDEW (Davies),isobar,0.0125643,223.83838383838383,0.00482385931676488,8.270002329117439e-05,0.004190584258665961,1.55818775228715
PerplexDEW (Davies),isobar,0.0125643,224.84848484848487,0.004883084887171662,8.427422583311095e-05,0.004242625845880479,1.5670682902751396
PerplexDEW (Davies),isobar,0.0125643,225.85858585858585,0.004942802422612727,8.587071541675211e-05,0.004295102961551776,1.5759731848816916
PerplexDEW (Davies),isobar,0.0125643,226.8686868686869,0.005003011816793219,8.74896299033759e-05,0.004348015477043646,1.584902054205511
PerplexDEW (Davies),isobar,0.0125643,227.87878787878788,0.005063712865973323,8.913110344948041e-05,0.004401363175418343,1.5938545094653886
PerplexDEW (Davies),isobar,0.0125643,228.8888888888889,0.005124902445721586,9.079521122951782e-05,0.004455143270435454,1.602829795310369
PerplexDEW (Davies),isobar,0.0125643,229.8989898989899,0.0051865814489223585,9.24821038546847e-05,0.00450935650198575,1.6118276798472164
PerplexDEW (Davies),isobar,0.0125643,230.90909090909093,0.005248749296590559,9.419190138806634e-05,0.004564002314165028,1.6208477476366796
PerplexDEW (Davies),isobar,0.0125643,231.91919191919192,0.005311400864086099,9.592463083279863e-05,0.004619076151172056,1.6298890203122536
PerplexDEW (Davies),isobar,0.0125643,232.92929292929296,0.005374536645908522,9.768042731149362e-05,0.004674578393010033,1.638951238180772
PerplexDEW (Davies),isobar,0.0125643,233.93939393939394,0.005438155587456917,9.945939283112615e-05,0.004730508054980846,1.6480339522187828
PerplexDEW (Davies),isobar,0.0125643,234.94949494949498,0.005502253414030108,0.00010126156099339848,0.004786861316115306,1.657136324035815
PerplexDEW (Davies),isobar,0.0125643,235.95959595959596,0.005566827109661296,0.00010308698668145987,0.004843635457818794,1.6662576848037065
PerplexDEW (Davies),isobar,0.0125643,236.96969696969697,0.005631876632843243,0.00010493578246992442,0.00490083037522893,1.6753977389006502
PerplexDEW (Davies),isobar,0.0125643,237.97979797979798,0.005697398660484066,0.00010680799028285464,0.004958443072253587,1.6845557969337945
PerplexDEW (Davies),isobar,0.0125643,238.989898989899,0.005763387984424429,0.00010870360825955831,0.005016468888438664,1.693730954748758
PerplexDEW (Davies),isobar,0.0125643,240.0,0.005829842407199764,0.00011062269287909656,0.005074905809187117,1.7029226845432393
PerplexDEW (Davies),isobar,0.0155,150.0,0.0017530435513971776,1.630368494403187e-05,0.0015007813785836567,0.995761914169016
PerplexDEW (Davies),isobar,0.0155,151.010101010101,0.0017802762399996071,1.6727393584470538e-05,0.0015245027430478108,1.0021463818429919
PerplexDEW (Davies),isobar,0.0155,152.02020202020202,0.0018078538673630643,1.7160361466651822e-05,0.0015485288518895858,1.0085697761540222
PerplexDEW (Davies),isobar,0.0155,153.03030303030303,0.0018357794374049066,1.760274544379045e-05,0.0015728623865474863,1.0150320492606386
PerplexDEW (Davies),isobar,0.0155,154.04040404040404,0.0018640559581960807,1.805470395967078e-05,0.0015975060320668165,1.021533151971499
PerplexDEW (Davies),isobar,0.0155,155.05050505050505,0.0018926864415107767,1.851639704029652e-05,0.0016224624766920537,1.0280730336921844
PerplexDEW (Davies),isobar,0.0155,156.06060606060606,0.0019216736979746998,1.898798417380956e-05,0.0016477342351680665,1.0346515978521926
PerplexDEW (Davies),isobar,0.0155,157.07070707070707,0.0019510209421170174,1.946963050920476e-05,0.0016733241704438013,1.0412688345509493
PerplexDEW (Davies),isobar,0.0155,158.08080808080808,0.0019807309817247306,1.9961498519634394e-05,0.0016992347946021879,1.0479246432699107
PerplexDEW (Davies),isobar,0.0155,159.0909090909091,0.0020108068266352815,2.0463754259828908e-05,0.001725468793842692,1.0546189659476508
PerplexDEW (Davies),isobar,0.0155,160.1010101010101,0.0020412517076924693,2.0976567672551402e-05,0.0017520290451005093,1.061351789109676
PerplexDEW (Davies),isobar,0.0155,161.11111111111111,0.002072067975775111,2.150010072779186e-05,0.0017789176652860434,1.068122912445625
PerplexDEW (Davies),isobar,0.0155,162.12121212121212,0.0021032593021689566,2.2034531103086653e-05,0.001806137911381306,1.0749324115041898
PerplexDEW (Davies),isobar,0.0155,163.13131313131314,0.0021348282445791643,2.2580025892338303e-05,0.0018336920783759095,1.0817801272614094
PerplexDEW (Davies),isobar,0.0155,164.14141414141415,0.0021667782729214323,2.3136763688193955e-05,0.0018615832492764113,1.0886660875270742
PerplexDEW (Davies),isobar,0.0155,165.15151515151516,0.0021991114426351396,2.370490873311907e-05,0.0018898132840207242,1.0955900304850457
PerplexDEW (Davies),isobar,0.0155,166.16161616161617,0.0022318317012952034,2.4284647935090082e-05,0.0019183856782303455,1.1025520771201824
PerplexDEW (Davies),isobar,0.0155,167.17171717171718,0.002264941063335793,2.487614773404332e-05,0.001947302255336856,1.109551957798843
PerplexDEW (Davies),isobar,0.0155,168.1818181818182,0.0022984429950251217,2.547959248623141e-05,0.0019765660942148004,1.1165896931149157
PerplexDEW (Davies),isobar,0.0155,169.1919191919192,0.0023323404756546806,2.609516243659646e-05,0.0020061798522352245,1.1236652043686335
PerplexDEW (Davies),isobar,0.0155,170.2020202020202,0.0023666359512243195,2.672303287549346e-05,0.0020361457245059115,1.130778308698202
PerplexDEW (Davies),isobar,0.0155,171.21212121212122,0.002401332898812368,2.7363392615808468e-05,0.0020664667985398257,1.1379290229086076
PerplexDEW (Davies),isobar,0.0155,172.22222222222223,0.0024364337322490865,2.8016419166251558e-05,0.0020971452405019954,1.145117157553357
PerplexDEW (Davies),isobar,0.0155,173.23232323232324,0.002471941375873907,2.868229737807058e-05,0.002128183658137675,1.1523426217454047
PerplexDEW (Davies),isobar,0.0155,174.24242424242425,0.002507858745209745,2.9361213305573324e-05,0.0021595846510667613,1.1596053221390055
PerplexDEW (Davies),isobar,0.0155,175.25252525252526,0.0025441890349925463,3.0053357784219733e-05,0.0021913510605890366,1.1669052163896891
PerplexDEW (Davies),isobar,0.0155,176.26262626262627,0.002580934568665281,3.075891207477728e-05,0.0022234849717948403,1.174242099590322
PerplexDEW (Davies),isobar,0.0155,177.27272727272728,0.002618098215450823,3.1478065366199215e-05,0.002255988942326499,1.1816158691617353
PerplexDEW (Davies),isobar,0.0155,178.2828282828283,0.0026556828323470692,3.221100791519932e-05,0.002288865518617702,1.1890264198416363
PerplexDEW (Davies),isobar,0.0155,179.2929292929293,0.0026936915732956187,3.295793503322811e-05,0.00232211750433542,1.1964736992646712
PerplexDEW (Davies),isobar,0.0155,180.3030303030303,0.0027321260232322235,3.371902281855744e-05,0.0023557463399555842,1.2039573736014788
PerplexDEW (Davies),isobar,0.0155,181.31313131313132,0.002770990231876228,3.4494480491886505e-05,0.002389755605590544,1.2114775512096343
PerplexDEW (Davies),isobar,0.0155,182.32323232323233,0.0028102863625297913,3.52844938462254e-05,0.002424147242388296,1.219034002693201
PerplexDEW (Davies),isobar,0.0155,183.33333333333334,0.0028500165166398944,3.608924863457278e-05,0.0024589231363923614,1.2266264912902334
PerplexDEW (Davies),isobar,0.0155,184.34343434343435,0.002890184084597201,3.690894886162116e-05,0.0024940862930528393,1.2342550063032005
PerplexDEW (Davies),isobar,0.0155,185.35353535353536,0.002930791107624571,3.774378139376274e-05,0.002529638544144456,1.241919302603984
PerplexDEW (Davies),isobar,0.0155,186.36363636363637,0.002971840259951065,3.859394252417278e-05,0.0025655822707031217,1.249619246438971
PerplexDEW (Davies),isobar,0.0155,187.37373737373738,0.0030133341944419633,3.945962921100263e-05,0.002601919834292632,1.2573547008327597
PerplexDEW (Davies),isobar,0.0155,188.3838383838384,0.003055275541664618,4.034103903030432e-05,0.0026386535761588467,1.265125525537365
PerplexDEW (Davies),isobar,0.0155,189.3939393939394,0.003097666908943382,4.123837012758415e-05,0.0026757858163722397,1.2729315769835916
PerplexDEW (Davies),isobar,0.0155,190.40404040404042,0.003140510128538553,4.2151810400286296e-05,0.002713318199007507,1.2807725844157762
PerplexDEW (Davies),isobar,0.0155,191.41414141414143,0.003183807719304542,4.3081558128750664e-05,0.0027512529645988444,1.2886483938365105
PerplexDEW (Davies),isobar,0.0155,192.42424242424244,0.0032275621727361494,4.4027811968895824e-05,0.002789592328786572,1.2965588477036483
PerplexDEW (Davies),isobar,0.0155,193.43434343434345,0.0032717759519353584,4.499077089648548e-05,0.00282833848138056,1.304503784878289
PerplexDEW (Davies),isobar,0.0155,194.44444444444446,0.003316451490562005,4.5970634149844644e-05,0.0028674935854102793,1.3124830405728385
PerplexDEW (Davies),isobar,0.0155,195.45454545454547,0.0033615895558069915,4.696757665870874e-05,0.0029070583495065796,1.3204961863153024
PerplexDEW (Davies),isobar,0.0155,196.46464646464648,0.003407194099055622,4.798182124622334e-05,0.00294703625718507,1.328543304758439
PerplexDEW (Davies),isobar,0.0155,197.4747474747475,0.0034532666116689295,4.9013554634451776e-05,0.0029874286457939724,1.3366240872300974
PerplexDEW (Davies),isobar,0.0155,198.4848484848485,0.003499808493352985,5.006296222846447e-05,0.0030282367707199767,1.3447382160068246
PerplexDEW (Davies),isobar,0.0155,199.49494949494948,0.00354682192428013,5.113024155008359e-05,0.003069462566601233,1.3528854992910297
PerplexDEW (Davies),isobar,0.0155,200.50505050505052,0.0035943099362078395,5.221560383515156e-05,0.0031111087102767797,1.3610658776489133
PerplexDEW (Davies),isobar,0.0155,201.5151515151515,0.0036422728651816097,5.331921862436842e-05,0.0031531755236250607,1.3692788793516333
PerplexDEW (Davies),isobar,0.0155,202.52525252525254,0.0036907136469781663,5.4441296169093064e-05,0.0031956655966512847,1.3775244352309535
PerplexDEW (Davies),isobar,0.0155,203.53535353535352,0.0037396333632394546,5.5582017698530986e-05,0.0032385798985330953,1.3858021961290323
PerplexDEW (Davies),isobar,0.0155,204.54545454545456,0.003789033940866968,5.674157780858135e-05,0.0032819201349268395,1.3941119449462502
PerplexDEW (Davies),isobar,0.0155,205.55555555555554,0.0038389162922650407,5.792015467013433e-05,0.0033256871230521448,1.4024533167874889
PerplexDEW (Davies),isobar,0.0155,206.56565656565658,0.003889283185924968,5.9117956513051094e-05,0.0033698833007320037,1.4108262260215023
PerplexDEW (Davies),isobar,0.0155,207.57575757575756,0.00394013540406657,6.033515915229899e-05,0.0034145093677071677,1.4192302957375127
PerplexDEW (Davies),isobar,0.0155,208.5858585858586,0.003991474629191977,6.157195285623032e-05,0.0034595668088362105,1.4276652861947998
PerplexDEW (Davies),isobar,0.0155,209.59595959595958,0.004043301455912689,6.282850942465913e-05,0.003505056155308919,1.4361308038228127
PerplexDEW (Davies),isobar,0.0155,210.60606060606062,0.004095617407104265,6.410501566103911e-05,0.0035509787481725966,1.4446265948117434
PerplexDEW (Davies),isobar,0.0155,211.6161616161616,0.004148423948019521,6.540165709087518e-05,0.003597335876204484,1.4531524003326315
PerplexDEW (Davies),isobar,0.0155,212.62626262626264,0.004201721397686475,6.671859909807603e-05,0.0036441278226312258,1.4617078030134112
PerplexDEW (Davies),isobar,0.0155,213.63636363636363,0.004255511047619303,6.805602296597043e-05,0.0036913557196643822,1.4702925292687339
PerplexDEW (Davies),isobar,0.0155,214.64646464646466,0.0043097941256121895,6.941410833959895e-05,0.003739020641728364,1.4789063002098066
PerplexDEW (Davies),isobar,0.0155,215.65656565656565,0.004364570652274762,7.0793012933098e-05,0.0037871226034518002,1.4875486735462071
PerplexDEW (Davies),isobar,0.0155,216.66666666666669,0.004419841666837427,7.219291131180331e-05,0.0038356625092911085,1.4962193549186935
PerplexDEW (Davies),isobar,0.0155,217.67676767676767,0.0044756069586711685,7.361395482873161e-05,0.003884640165910922,1.5049178832103531
PerplexDEW (Davies),isobar,0.0155,218.6868686868687,0.00453186856612359,7.505633403459742e-05,0.003934057348901,1.5136441107814012
PerplexDEW (Davies),isobar,0.0155,219.6969696969697,0.004588624874846111,7.652017257948408e-05,0.003983912629021814,1.522397397521927
PerplexDEW (Davies),isobar,0.0155,220.70707070707073,0.004645876513276592,7.800563296286335e-05,0.004034206540364425,1.5311774164949505
PerplexDEW (Davies),isobar,0.0155,221.7171717171717,0.004703624029514317,7.95128750468762e-05,0.004084939544198227,1.5399838346863348
PerplexDEW (Davies),isobar,0.0155,222.72727272727275,0.004761867889508579,8.104205592818908e-05,0.004136112027326129,1.5488163129289383
PerplexDEW (Davies),isobar,0.0155,223.73737373737373,0.004820605875426545,8.259328091280064e-05,0.004187722018313214,1.5576741639700038
PerplexDEW (Davies),isobar,0.0155,224.74747474747477,0.004879838157186349,8.416669766527431e-05,0.004239769637736746,1.5665570259873718
PerplexDEW (Davies),isobar,0.0155,225.75757575757575,0.004939566155707028,8.576247616755884e-05,0.004292256102217425,1.575464704890221
PerplexDEW (Davies),isobar,0.0155,226.7676767676768,0.0049997871935159015,8.738070667160296e-05,0.004345179026886017,1.5843964786780684
PerplexDEW (Davies),isobar,0.0155,227.77777777777777,0.005060499710105477,8.9021497791931e-05,0.004398537003556829,1.5933517825687327
PerplexDEW (Davies),isobar,0.0155,228.7878787878788,0.005121704773119203,9.068500677073156e-05,0.004452330929757702,1.6023303968874643
PerplexDEW (Davies),isobar,0.0155,229.7979797979798,0.005183400576199977,9.23713331042477e-05,0.004506559175230728,1.6113317392950903
PerplexDEW (Davies),isobar,0.0155,230.80808080808083,0.005245586571844114,9.408059831731484e-05,0.004561221212537273,1.6203553962709691
PerplexDEW (Davies),isobar,0.0155,231.8181818181818,0.00530825767529667,9.581283113143865e-05,0.004616312521817465,1.629400392212442
PerplexDEW (Davies),isobar,0.0155,232.82828282828285,0.0053714159113706725,9.75681983073069e-05,0.004671834829721645,1.6384666559093997
PerplexDEW (Davies),isobar,0.0155,233.83838383838383,0.005435057282057291,9.934674379988347e-05,0.004727784564019021,1.6475533686978685
PerplexDEW (Davies),isobar,0.0155,234.84848484848487,0.00549918057673333,0.0001011485640482126,0.004784160599672389,1.6566600702035463
PerplexDEW (Davies),isobar,0.0155,235.85858585858585,0.00556378446283609,0.00010297375019078755,0.004840961701172964,1.6657862920214643
PerplexDEW (Davies),isobar,0.0155,236.8686868686869,0.005628864288441487,0.0001048223217573386,0.004898183708172951,1.6749311690635975
PerplexDEW (Davies),isobar,0.0155,237.87878787878788,0.005694418319008178,0.00010669435417295944,0.004955825023167016,1.6840942049856036
PerplexDEW (Davies),isobar,0.0155,238.8888888888889,0.0057604430386030475,0.00010858988222672315,0.005013882476709742,1.693274696710228
PerplexDEW (Davies),isobar,0.0155,239.8989898989899,0.005826934692186225,0.0001105089313107407,0.005072352684216136,1.7024719245954072
PerplexDEW (Davies),isobar,0.0155,240.90909090909093,0.005893890979933122,0.00011245155326614692,0.005131233538310777,1.711685354234426
PerplexDEW (Davies),isobar,0.0155,241.91919191919192,0.005961309457111309,0.00011441779311400611,0.005190522800362998,1.7209144420671745
PerplexDEW (Davies),isobar,0.0155,242.92929292929296,0.006029182269866085,0.00011640757525156319,0.005250213461509719,1.7301580167638027
PerplexDEW (Davies),isobar,0.0155,243.93939393939394,0.006097506430034251,0.00011842092272107277,0.005310302794208704,1.7394154976041618
PerplexDEW (Davies),isobar,0.0155,244.94949494949498,0.006166280598904554,0.00012045789040294943,0.005370789521156501,1.7486865042708706
PerplexDEW (Davies),isobar,0.0155,245.95959595959596,0.00623549604013738,0.0001225183668129314,0.005431665839733989,1.7579698052170687
PerplexDEW (Davies),isobar,0.0155,246.96969696969697,0.00630514724420509,0.0001246023042511119,0.005492926785462807,1.767264562450986
PerplexDEW (Davies),isobar,0.0155,247.97979797979798,0.006375232202303528,0.00012670972730093765,0.005554570476395714,1.7765703521817096
PerplexDEW (Davies),isobar,0.0155,248.989898989899,0.0064457430747931355,0.0001288405255275981,0.0056165898836315125,1.785886091944414
PerplexDEW (Davies),isobar,0.0155,250.0,0.006516671607144635,0.00013099457166200937,0.0056789776055326665,1.7952106709019697
PerplexDEW (Davies),isobar,0.022798125,169.0,0.002328063296287337,2.60028204928305e-05,0.002002423410652275,1.1228612530865207
PerplexDEW (Davies),isobar,0.022798125,170.010101010101,0.002362325301694284,2.6629092529710153e-05,0.002032359414639206,1.1299708792914684
PerplexDEW (Davies),isobar,0.022798125,171.02020202020202,0.002396988484197218,2.7267833329235385e-05,0.002062650369160937,1.137118097780605
PerplexDEW (Davies),isobar,0.022798125,172.03030303030303,0.002432056336178052,2.791923338223781e-05,0.0020932993752130085,1.1443029248718948
PerplexDEW (Davies),isobar,0.022798125,173.04040404040404,0.0024675315488351703,2.858347497875873e-05,0.0021243088393902683,1.1515252214198477
PerplexDEW (Davies),isobar,0.022798125,174.05050505050505,0.002503416785799445,2.9260741277047907e-05,0.0021556811436661783,1.1587848438621957
PerplexDEW (Davies),isobar,0.022798125,175.06060606060606,0.002539715257013565,2.9951223426771813e-05,0.002187419143094019,1.1660817508702928
PerplexDEW (Davies),isobar,0.022798125,176.07070707070707,0.0025764295974849676,3.0655106765413076e-05,0.0022195251936859544,1.1734157928723281
PerplexDEW (Davies),isobar,0.022798125,177.08080808080808,0.0026135624111056446,3.1372577370531814e-05,0.0022520016236345862,1.1807868156443029
PerplexDEW (Davies),isobar,0.022798125,178.0909090909091,0.002651116875899302,3.2103829788071155e-05,0.002284851258663664,1.1881947701118434
PerplexDEW (Davies),isobar,0.022798125,179.1010101010101,0.002689095561270654,3.284905204687901e-05,0.0023180763957085866,1.1956394956617111
PerplexDEW (Davies),isobar,0.022798125,180.11111111111111,0.002727501630345857,3.3608440989204444e-05,0.002351679846468462,1.2031209388447566
PerplexDEW (Davies),isobar,0.022798125,181.12121212121212,0.0027663366549983337,3.438217378890343e-05,0.002385663039807315,1.2106387627243125
PerplexDEW (Davies),isobar,0.022798125,182.13131313131314,0.0028056047062750555,3.517046142567696e-05,0.0024200295745673535,1.2181930757165162
PerplexDEW (Davies),isobar,0.022798125,183.14141414141415,0.0028453079421200977,3.597349090499006e-05,0.0024547813870637405,1.225783646056964
PerplexDEW (Davies),isobar,0.022798125,184.15151515151516,0.0028854491318657267,3.6791458301058014e-05,0.002489920943866711,1.2334103510528296
PerplexDEW (Davies),isobar,0.022798125,185.16161616161617,0.0029260303406935693,3.762455110914141e-05,0.0025254500983368225,1.2410729473498234
PerplexDEW (Davies),isobar,0.022798125,186.17171717171718,0.0029670549629508933,3.84729758703373e-05,0.0025613718587262106,1.248771421474365
PerplexDEW (Davies),isobar,0.022798125,187.1818181818182,0.0030085250002457216,3.9336921046077315e-05,0.002597688021099626,1.256505521518992
PerplexDEW (Davies),isobar,0.022798125,188.1919191919192,0.0030504438293184276,4.0216595049336725e-05,0.002634401576968302,1.2642752299304272
PerplexDEW (Davies),isobar,0.022798125,189.2020202020202,0.0030928126484635,4.111217666627567e-05,0.0026715136208860907,1.2720801637136618
PerplexDEW (Davies),isobar,0.022798125,190.21212121212122,0.003135634027341175,4.202386447654927e-05,0.0027090264394598403,1.2799201740117283
PerplexDEW (Davies),isobar,0.022798125,191.22222222222223,0.0031789120319633533,4.2951879503593295e-05,0.002746943621792507,1.2877953578867443
PerplexDEW (Davies),isobar,0.022798125,192.23232323232324,0.003222646935419427,4.38963890750425e-05,0.002785265452372881,1.2957051890685378
PerplexDEW (Davies),isobar,0.022798125,193.24242424242425,0.0032668427630906305,4.485761528858869e-05,0.0028239954829883734,1.3036497588074143
PerplexDEW (Davies),isobar,0.022798125,194.25252525252526,0.0033115004138526897,4.583573538897262e-05,0.00286313454003668,1.3116286510561364
PerplexDEW (Davies),isobar,0.022798125,195.26262626262627,0.003356623907656156,4.6830973184849605e-05,0.0029026861690272516,1.3196419546935394
PerplexDEW (Davies),isobar,0.022798125,196.27272727272728,0.003402213198962924,4.7843492607497635e-05,0.002942650369650579,1.327689110386936
PerplexDEW (Davies),isobar,0.022798125,197.2828282828283,0.0034482722570240124,4.887351801932899e-05,0.0029830306409904077,1.3357702006917105
PerplexDEW (Davies),isobar,0.022798125,198.2929292929293,0.003494801700052481,4.99212237367929e-05,0.003023827557955579,1.34388478058505
PerplexDEW (Davies),isobar,0.022798125,199.3030303030303,0.003541805483868115,5.098683536391762e-05,0.003065044606092895,1.3520329298786393
PerplexDEW (Davies),isobar,0.022798125,200.31313131313132,0.0035892832093863294,5.207051184835367e-05,0.003106681468807793,1.3602140542861156
PerplexDEW (Davies),isobar,0.022798125,201.32323232323233,0.003637238770853941,5.3172478759456015e-05,0.0031487415753809296,1.3684282267637546
PerplexDEW (Davies),isobar,0.022798125,202.33333333333334,0.0036856733905554512,5.429292049619147e-05,0.003191226021138309,1.3766751103796944
PerplexDEW (Davies),isobar,0.022798125,203.34343434343435,0.003734588188257075,5.543201962972398e-05,0.0032341358096467957,1.3849543585837645
PerplexDEW (Davies),isobar,0.022798125,204.35353535353536,0.003783986075104383,5.6589987383801406e-05,0.0032774735078146184,1.3932658980679258
PerplexDEW (Davies),isobar,0.022798125,205.36363636363637,0.0038338680510401654,5.7767004521275916e-05,0.0033212400110931217,1.4016093707934731
PerplexDEW (Davies),isobar,0.022798125,206.37373737373738,0.0038842350055248646,5.896324959180274e-05,0.003365436115988855,1.409984408687997
PerplexDEW (Davies),isobar,0.022798125,207.3838383838384,0.0039350907058636215,6.01789482864791e-05,0.003410065133529919,1.4183910706357545
PerplexDEW (Davies),isobar,0.022798125,208.3939393939394,0.00398643393154938,6.141424409537811e-05,0.0034551260114015388,1.4268286864485913
PerplexDEW (Davies),isobar,0.022798125,209.40404040404042,0.004038267333066209,6.266934393023433e-05,0.0035006210802839763,1.4352971584197654
PerplexDEW (Davies),isobar,0.022798125,210.41414141414143,0.0040905914778774505,6.394441973987924e-05,0.0035465508468563592,1.4437960896325626
PerplexDEW (Davies),isobar,0.022798125,211.42424242424244,0.004143408939423054,6.523967696946308e-05,0.0035929175712319573,1.4523253754492438
PerplexDEW (Davies),isobar,0.022798125,212.43434343434345,0.004196720136970949,6.655528419933848e-05,0.0036397216263249032,1.4608846060922993
PerplexDEW (Davies),isobar,0.022798125,213.44444444444446,0.004250524258489572,6.789138766316268e-05,0.0036869623039472474,1.4694732062256246
PerplexDEW (Davies),isobar,0.022798125,214.45454545454547,0.004304825881815113,6.924822631449412e-05,0.003734643613852882,1.4780913634114974
PerplexDEW (Davies),isobar,0.022798125,215.46464646464648,0.004359622913181704,7.062592261910203e-05,0.003782763720693812,1.4867383327286405
PerplexDEW (Davies),isobar,0.022798125,216.4747474747475,0.004414916440840335,7.202465319494609e-05,0.003831323573239077,1.4954138228332867
PerplexDEW (Davies),isobar,0.022798125,217.4848484848485,0.004470707483693224,7.34445926871334e-05,0.0038803240573796515,1.5041175368248212
PerplexDEW (Davies),isobar,0.022798125,218.49494949494948,0.004526996989630116,7.488591365406979e-05,0.003929765994619293,1.5128491721752841
PerplexDEW (Davies),isobar,0.022798125,219.50505050505052,0.004583784619504645,7.634876433438384e-05,0.00397964907556996,1.5216082567912903
PerplexDEW (Davies),isobar,0.022798125,220.5151515151515,0.004641071114668987,7.783331115649225e-05,0.004029973935513784,1.5303944718433473
PerplexDEW (Davies),isobar,0.022798125,221.52525252525254,0.004698857138667722,7.933971803860041e-05,0.004080741139195951,1.5392074925660353
PerplexDEW (Davies),isobar,0.022798125,222.53535353535352,0.00475714072618806,8.086809874968608e-05,0.004131948942020489,1.548046650670049
PerplexDEW (Davies),isobar,0.022798125,223.54545454545456,0.004815922255791579,8.241860839021415e-05,0.004183597652488449,1.5569115993221112
PerplexDEW (Davies),isobar,0.022798125,224.55555555555554,0.004875203335632856,8.39914239329933e-05,0.004235688656173716,1.565802157430978
PerplexDEW (Davies),isobar,0.022798125,225.56565656565658,0.004934981557709035,8.558664504555532e-05,0.00428821981036139,1.5747176228614355
PerplexDEW (Davies),isobar,0.022798125,226.57575757575756,0.00499525833012573,8.720444163381517e-05,0.004341192319659668,1.5836577998870542
PerplexDEW (Davies),isobar,0.022798125,227.5858585858586,0.0050560295303550135,8.884487563790385e-05,0.004394602528290362,1.592621784028378
PerplexDEW (Davies),isobar,0.022798125,228.59595959595958,0.005117297691092998,9.050813461837853e-05,0.004448452622786892,1.6016095381059647
PerplexDEW (Davies),isobar,0.022798125,229.60606060606062,0.005179061146090307,9.219432329999843e-05,0.004502741098559538,1.6106204897123668
PerplexDEW (Davies),isobar,0.022798125,230.6161616161616,0.005241316589237327,9.390351113459222e-05,0.004557465005682683,1.619653869793788
PerplexDEW (Davies),isobar,0.022798125,231.62626262626264,0.005304064839832246,9.563584599373857e-05,0.004612625016601963,1.6287094407771354
PerplexDEW (Davies),isobar,0.022798125,232.63636363636363,0.005367302215870797,9.739138389291955e-05,0.004668217843280946,1.6377864063906555
PerplexDEW (Davies),isobar,0.022798125,233.64646464646466,0.005431029290944402,9.917026279377375e-05,0.004724243935894808,1.6468845122511788
PerplexDEW (Davies),isobar,0.022798125,234.65656565656565,0.005495241990060959,0.0001009725242547867,0.004780699652843589,1.6560029340170683
PerplexDEW (Davies),isobar,0.022798125,235.66666666666669,0.005559940627638739,0.00010279829545157513,0.004837585209845931,1.6651413998554296
PerplexDEW (Davies),isobar,0.022798125,236.67676767676767,0.005625120718104801,0.00010464760242098746,0.004894896595833011,1.67429905647519
PerplexDEW (Davies),isobar,0.022798125,237.6868686868687,0.005690780685780105,0.00010652052697486695,0.004952632355977675,1.6834754183456653
PerplexDEW (Davies),isobar,0.022798125,238.6969696969697,0.005756917182589198,0.00010841711063566495,0.005010789471552523,1.692669794023041
PerplexDEW (Davies),isobar,0.022798125,239.70707070707073,0.00582352662497727,0.00011033738572750375,0.005069364711963828,1.7018814757275922
PerplexDEW (Davies),isobar,0.022798125,240.7171717171717,0.005890606882353103,0.00011228141105410574,0.005128356121878571,1.7111099405037236
PerplexDEW (Davies),isobar,0.022798125,241.72727272727275,0.005958153961696442,0.00011424920194295526,0.0051877601016130665,1.720354452969024
PerplexDEW (Davies),isobar,0.022798125,242.73737373737373,0.006026163618481858,0.00011624076354362286,0.0052475728251329765,1.7296142605776335
PerplexDEW (Davies),isobar,0.022798125,243.74747474747477,0.006094633125440711,0.0001182561289936797,0.005307791798826823,1.7388888008397203
PerplexDEW (Davies),isobar,0.022798125,244.75757575757575,0.006163554193930132,0.00012029520575267488,0.005368409622853479,1.7481768728718308
PerplexDEW (Davies),isobar,0.022798125,245.7676767676768,0.006232929026551663,0.00012235812473861224,0.005429428140061264,1.757478511255903
PerplexDEW (Davies),isobar,0.022798125,246.77777777777777,0.0063027469880767885,0.00012444473111733058,0.005490837871825763,1.7667922690165165
PerplexDEW (Davies),isobar,0.022798125,247.7878787878788,0.006373004372260516,0.0001265550156696983,0.005552635442303465,1.7761175188974236
PerplexDEW (Davies),isobar,0.022798125,248.7979797979798,0.006443693465686542,0.00012868887427515443,0.0056148139364924346,1.7854531868297547
PerplexDEW (Davies),isobar,0.022798125,249.80808080808083,0.0065148139269473335,0.00013084636220599277,0.005677372937497826,1.79479905171921
PerplexDEW (Davies),isobar,0.022798125,250.8181818181818,0.006586353613018249,0.00013302726308379948,0.005740301611588625,1.8041535639882278
PerplexDEW (Davies),isobar,0.022798125,251.82828282828285,0.006658311751732361,0.00013523161103668661,0.005803599152543743,1.8135164757260829
PerplexDEW (Davies),isobar,0.022798125,252.83838383838383,0.006730675399047323,0.0001373459325536944,0.005773827070934121,1.8331733828605294
PerplexDEW (Davies),isobar,0.022798125,253.84848484848487,,,,
PerplexDEW (Davies),isobar,0.022798125,254.85858585858585,,,,
PerplexDEW (Davies),isobar,0.022798125,255.8686868686869,,,,
PerplexDEW (Davies),isobar,0.022798125,256.8787878787879,,,,
PerplexDEW (Davies),isobar,0.022798125,257.8888888888889,,,,
PerplexDEW (Davies),isobar,0.022798125,258.8989898989899,,,,
PerplexDEW (Davies),isobar,0.022798125,259.90909090909093,,,,
PerplexDEW (Davies),isobar,0.022798125,260.9191919191919,0.007323293039841269,0.0001560971585905803,0.006388553103520174,1.8979760844056446
PerplexDEW (Davies),isobar,0.022798125,261.92929292929296,0.007398943184010293,0.00015852590227944475,0.006455096432917395,1.9073622313671423
PerplexDEW (Davies),isobar,0.022798125,262.93939393939394,0.007474904294995803,0.00016097566903370392,0.006521911968197737,1.9167440386786203
PerplexDEW (Davies),isobar,0.022798125,263.949494949495,0.007551167471189311,0.00016344620392253056,0.006588991650317171,1.9261205457097155
PerplexDEW (Davies),isobar,0.022798125,264.95959595959596,0.007627718662121127,0.00016593711487773182,0.0066563228596501905,1.935490263508118
PerplexDEW (Davies),isobar,0.022798125,265.969696969697,0.007704543250625012,0.00016844798358112156,0.006723892466753419,1.9448516658405608
PerplexDEW (Davies),isobar,0.022798125,266.979797979798,0.007781626039789176,0.0001709783646505098,0.0067916868205926155,1.9542031883618414
PerplexDEW (Davies),isobar,0.022798125,267.98989898989896,0.007858951239745364,0.00017352778481049286,0.006859691736624327,1.963543227754671
PerplexDEW (Davies),isobar,0.022798125,269.0,0.007936512799756339,0.00017609600637122233,0.006927901643088032,1.9728712075344466
PerplexDEW (Davies),isobar,0.025,172.0,0.002431697600581457,2.790789205087404e-05,0.002092979868148697,1.1442540056181598
PerplexDEW (Davies),isobar,0.025,173.010101010101,0.0024671741486279627,2.8571992617040895e-05,0.0021239904365089775,1.1514763642452412
PerplexDEW (Davies),isobar,0.025,174.02020202020202,0.0025030606078640678,2.9249115552077703e-05,0.002155363750592528,1.158736020349465
PerplexDEW (Davies),isobar,0.025,175.03030303030303,0.0025393607524504687,2.993945901100171e-05,0.0021871031547673423,1.1660330380607067
PerplexDEW (Davies),isobar,0.025,176.04040404040404,0.002576076944871882,3.06432050788783e-05,0.002219210768979514,1.1733672157917896
PerplexDEW (Davies),isobar,0.025,177.05050505050505,0.0026132120919061157,3.1360543762266874e-05,0.002251689184440178,1.180738454027157
PerplexDEW (Davies),isobar,0.025,178.06060606060606,0.0026507684826224524,3.2091658396689295e-05,0.0022845404555818637,1.1881465407810021
PerplexDEW (Davies),isobar,0.025,179.07070707070707,0.0026887502024956784,3.283675650862418e-05,0.002317768195496985,1.1955915898612857
PerplexDEW (Davies),isobar,0.025,180.08080808080808,0.002727158898174304,3.3596015546129584e-05,0.0023513738995779316,1.2030732729526152
PerplexDEW (Davies),isobar,0.025,181.0909090909091,0.002765997393255951,3.436962906830774e-05,0.0023853600839193476,1.210591476478108
PerplexDEW (Davies),isobar,0.025,182.1010101010101,0.002805268495908449,3.5157791570629325e-05,0.00241972925051101,1.2181460839799978
PerplexDEW (Davies),isobar,0.025,183.11111111111111,0.0028449756601833034,3.5960707342407494e-05,0.0024544844620632443,1.2257370913783503
PerplexDEW (Davies),isobar,0.025,184.12121212121212,0.002885120348257983,3.67785550831633e-05,0.002489627049224451,1.2333641468201517
PerplexDEW (Davies),isobar,0.025,185.13131313131314,0.0029257059676209714,3.761154052270227e-05,0.0025251600325349862,1.2410272391066868
PerplexDEW (Davies),isobar,0.025,186.14141414141415,0.002966735256264415,3.8459861503816e-05,0.0025610858499014568,1.2487262397714973
PerplexDEW (Davies),isobar,0.025,187.15151515151516,0.003008210222552481,3.932370670858052e-05,0.002597406303475382,1.2564608973489888
PerplexDEW (Davies),isobar,0.025,188.16161616161617,0.0030501335269190275,4.0203274604695e-05,0.002634123761475102,1.264231073564736
PerplexDEW (Davies),isobar,0.025,189.17171717171718,0.0030925078071144764,4.1098764261513794e-05,0.0026712405714520594,1.272036626851856
PerplexDEW (Davies),isobar,0.025,190.1818181818182,0.0031353356772513795,4.201037530080388e-05,0.0027087590594270143,1.2798774123028525
PerplexDEW (Davies),isobar,0.025,191.1919191919192,0.0031786193465140914,4.293830235414111e-05,0.002746681197706729,1.2877532193046985
PerplexDEW (Davies),isobar,0.025,192.2020202020202,0.0032223609721530586,4.3882739924159796e-05,0.0027850089120003566,1.2956638313668492
PerplexDEW (Davies),isobar,0.025,193.21212121212122,0.0032665634446650913,4.4843893866204014e-05,0.0028237447656948114,1.3036091530859928
PerplexDEW (Davies),isobar,0.025,194.22222222222223,0.003311228852116508,4.5821959068773685e-05,0.002862890621886819,1.3115889596094785
PerplexDEW (Davies),isobar,0.025,195.23232323232324,0.0033563596330153217,4.681713615365604e-05,0.002902448647801462,1.3196030847312454
PerplexDEW (Davies),isobar,0.025,196.24242424242425,0.003401957366418422,4.782961342616648e-05,0.0029424202598717134,1.3276512276849997
PerplexDEW (Davies),isobar,0.025,197.25252525252526,0.003448025227967932,4.885960366018065e-05,0.0029828082655651666,1.3357333430540008
PerplexDEW (Davies),isobar,0.025,198.26262626262627,0.0034945638452191247,4.990728150739609e-05,0.00302361324820412,1.3438489864537329
PerplexDEW (Davies),isobar,0.025,199.27272727272728,0.003541577181362138,5.09728728705227e-05,0.0030648387000128305,1.3519982380512336
PerplexDEW (Davies),isobar,0.025,200.2828282828283,0.0035890648475182746,5.2056537062608854e-05,0.0031064843135795873,1.3601805042926844
PerplexDEW (Davies),isobar,0.025,201.2929292929293,0.0036370307455706173,5.315849996871656e-05,0.00314855352510484,1.3683958585032352
PerplexDEW (Davies),isobar,0.025,202.3030303030303,0.003685477024104528,5.42789609044534e-05,0.0031910482393376245,1.3766441030653553
PerplexDEW (Davies),isobar,0.025,203.31313131313132,0.00373440299423396,5.541807406941961e-05,0.0032339678803998493,1.384924615972969
PerplexDEW (Davies),isobar,0.025,204.32323232323233,0.003783813425421816,5.657608054168841e-05,0.0032773166389796363,1.3932376031961027
PerplexDEW (Davies),isobar,0.025,205.33333333333334,0.0038337074472572234,5.7753131249648825e-05,0.003321093776402343,1.4015824258222014
PerplexDEW (Davies),isobar,0.025,206.34343434343435,0.003884087871963848,5.894943616005101e-05,0.0033653017700887595,1.4099590007254081
PerplexDEW (Davies),isobar,0.025,207.35353535353536,0.003934956531148162,6.016518955959936e-05,0.003409942239014572,1.418367100144946
PerplexDEW (Davies),isobar,0.025,208.36363636363637,0.003986314193435238,6.140056798881153e-05,0.003455015870640187,1.4268063446251624
PerplexDEW (Davies),isobar,0.025,209.37373737373738,0.004038163569431452,6.265578003186929e-05,0.003500525049161098,1.4352766412916718
PerplexDEW (Davies),isobar,0.025,210.3838383838384,0.004090503194663404,6.39309638801917e-05,0.0035464685038442577,1.4437772983782882
PerplexDEW (Davies),isobar,0.025,211.3939393939394,0.004143337731261422,6.522636054344617e-05,0.003592850322940791,1.4523085103289026
PerplexDEW (Davies),isobar,0.025,212.40404040404042,0.004196664415693389,6.654208448476654e-05,0.0036396680934409533,1.4608694137764588
PerplexDEW (Davies),isobar,0.025,213.41414141414143,0.004250487844373564,6.787837530616949e-05,0.003686925842972909,1.4694601974409487
PerplexDEW (Davies),isobar,0.025,214.42424242424244,0.004304807174210723,6.923537868992807e-05,0.003734622834767945,1.4780802831451534
PerplexDEW (Davies),isobar,0.025,215.43434343434345,0.004359623627544746,7.061327504601588e-05,0.0037827601381259343,1.4867293902811909
PerplexDEW (Davies),isobar,0.025,216.44444444444446,0.004414938360767113,7.201224299681119e-05,0.003831338762540653,1.4954072328539791
PerplexDEW (Davies),isobar,0.025,217.45454545454547,0.00447075011310015,7.343241714422941e-05,0.003880357596556348,1.5041131982265072
PerplexDEW (Davies),isobar,0.025,218.46464646464648,0.004527060982739383,7.487399070245174e-05,0.003929818469949968,1.51284714212549
PerplexDEW (Davies),isobar,0.025,219.4747474747475,0.004583871858266156,7.633713462820528e-05,0.003979722150411179,1.5216087571096857
PerplexDEW (Davies),isobar,0.025,220.4848484848485,0.004641182320676994,7.782199493767383e-05,0.004030068256438128,1.5303975646005867
PerplexDEW (Davies),isobar,0.025,221.49494949494948,0.004698991794708944,7.932871303416857e-05,0.004080856266250826,1.539213073682121
PerplexDEW (Davies),isobar,0.025,222.50505050505052,0.0047573008180940846,8.085744920674778e-05,0.004132086631544898,1.548054949516102
PerplexDEW (Davies),isobar,0.025,223.5151515151515,0.004816109845677994,8.240836092635367e-05,0.004183759728883159,1.5569228510929156
PerplexDEW (Davies),isobar,0.025,224.52525252525254,0.004875417932125169,8.398157782620734e-05,0.004235874703116817,1.5658162591644973
PerplexDEW (Davies),isobar,0.025,225.53535353535352,0.004935225297221933,8.557724956232688e-05,0.004288431718797253,1.5747348150657974
PerplexDEW (Davies),isobar,0.025,226.54545454545456,0.004995530712241925,8.719549640808287e-05,0.004341429665671154,1.5836779782267352
PerplexDEW (Davies),isobar,0.025,227.55555555555554,0.005056334148956572,8.883645943174082e-05,0.004394868484562795,1.5926453717039495
PerplexDEW (Davies),isobar,0.025,228.56565656565658,0.00511763267864517,9.050022136926627e-05,0.004448745564978713,1.6016362540238895
PerplexDEW (Davies),isobar,0.025,229.57575757575756,0.005179428793721307,9.218696792184328e-05,0.004503063056237885,1.6106505853150541
PerplexDEW (Davies),isobar,0.025,230.5858585858586,0.005241719275062037,9.389677137732707e-05,0.004557818086098793,1.6196876031040706
PerplexDEW (Davies),isobar,0.025,231.59595959595958,0.005304503557845976,9.562975316171006e-05,0.004613010111247559,1.6287468919402095
PerplexDEW (Davies),isobar,0.025,232.60606060606062,0.005367777981218038,9.738597027448683e-05,0.00466863586272895,1.6378276569302945
PerplexDEW (Davies),isobar,0.025,233.6161616161616,0.005431543137445129,9.916556160877984e-05,0.00472469580761452,1.6469296447263575
PerplexDEW (Davies),isobar,0.025,234.62626262626264,0.0054957965151351765,0.00010096860115839814,0.004781187680438524,1.6560522221665348
PerplexDEW (Davies),isobar,0.025,235.63636363636363,0.005560535388707253,0.00010279515498310238,0.004838109023110736,1.6651947408534353
PerplexDEW (Davies),isobar,0.025,236.64646464646466,0.005625758403725148,0.00010464531376469954,0.004895458580112779,1.674356730397192
PerplexDEW (Davies),isobar,0.025,237.65656565656565,0.005691462464518784,0.00010651912899400125,0.0049532335598650844,1.6835375168077409
PerplexDEW (Davies),isobar,0.025,238.66666666666669,0.005757644246158958,0.0001084166433308077,0.005011430964542809,1.6927364100911504
PerplexDEW (Davies),isobar,0.025,239.67676767676767,0.005824301855812689,0.00011033792545689541,0.005070049053050672,1.701952903296008
PerplexDEW (Davies),isobar,0.025,240.6868686868687,0.005891431570707846,0.00011228300174540767,0.005129084468980385,1.7111862794396566
PerplexDEW (Davies),isobar,0.025,241.6969696969697,0.0059590294230657676,0.00011425188878261164,0.0051885336354437084,1.7204358047276733
PerplexDEW (Davies),isobar,0.025,242.70707070707073,0.006027091193984574,0.00011624459300369902,0.0052483927495466,1.729700728232603
PerplexDEW (Davies),isobar,0.025,243.7171717171717,0.0060956141810845875,0.0001182611488274797,0.005308659340172273,1.7389804889648486
PerplexDEW (Davies),isobar,0.025,244.72727272727275,0.0061645955286123155,0.00012030158324517968,0.005369330797284798,1.74827451640244
PerplexDEW (Davies),isobar,0.025,245.73737373737373,0.006234026736655289,0.000122365794814283,0.0054303995306785174,1.757581595718461
PerplexDEW (Davies),isobar,0.025,246.74747474747477,0.006303906237463837,0.00012445382804605217,0.005491864055879373,1.7669013316366657
PerplexDEW (Davies),isobar,0.025,247.75757575757575,0.006374224864219075,0.00012656555437804413,0.005553716183107644,1.7762324639354516
PerplexDEW (Davies),isobar,0.025,248.7676767676768,0.006444982509553681,0.00012870104057274314,0.00561595570702989,1.7855747859719062
PerplexDEW (Davies),isobar,0.025,249.77777777777777,0.006516169398474484,0.000130860132031428,0.005678573890424594,1.7949269970508648
PerplexDEW (Davies),isobar,0.025,250.7878787878788,0.00658777917024695,0.0001330427432379975,0.005741565001312789,1.8042882040036243
PerplexDEW (Davies),isobar,0.025,251.7979797979798,0.006659809166201854,0.000135248866896189,0.00580492656988414,1.8136579425963948
PerplexDEW (Davies),isobar,0.025,252.80808080808083,0.006732246479204323,0.00013747825484619722,0.005868647075549206,1.8230346120052274
PerplexDEW (Davies),isobar,0.025,253.8181818181818,,,,
PerplexDEW (Davies),isobar,0.025,254.82828282828285,,,,
PerplexDEW (Davies),isobar,0.025,255.83838383838383,,,,
PerplexDEW (Davies),isobar,0.025,256.8484848484849,,,,
PerplexDEW (Davies),isobar,0.025,257.85858585858585,,,,
PerplexDEW (Davies),isobar,0.025,258.8686868686869,,,,
PerplexDEW (Davies),isobar,0.025,259.8787878787879,,,,
PerplexDEW (Davies),isobar,0.025,260.8888888888889,0.007325573152483988,0.0001561348683523037,0.0063905782036654465,1.8981907347978657
PerplexDEW (Davies),isobar,0.025,261.8989898989899,0.007401324880846664,0.00015856639849209044,0.006457212132811094,1.9075862082205626
PerplexDEW (Davies),isobar,0.025,262.90909090909093,0.007477394764597288,0.0001610191650902235,0.006524124659493481,1.9169780235371872
PerplexDEW (Davies),isobar,0.025,263.9191919191919,0.007553769354999494,0.00016349280412282396,0.006591303705495154,1.926364731670542
PerplexDEW (Davies),isobar,0.025,264.92929292929296,0.007630434650135235,0.00016598692616238002,0.006658736694972699,1.9357448471564116
PerplexDEW (Davies),isobar,0.025,265.93939393939394,0.007707376082024909,0.00016850111557924438,0.006726410542831756,1.9451168473308906
PerplexDEW (Davies),isobar,0.025,266.949494949495,0.007784583523113945,0.00017103505638958874,0.006794316085069167,1.9544796936630424
PerplexDEW (Davies),isobar,0.025,267.95959595959596,0.00786204145739806,0.00017358828612378349,0.0068624393825350415,1.9638318025510846
PerplexDEW (Davies),isobar,0.025,268.969696969697,0.007939733768865918,0.00017616031391272198,0.006930765956204979,1.9731715510074976
PerplexDEW (Davies),isobar,0.025,269.979797979798,0.008017638482235192,0.00017875048480660316,0.006999276130437734,1.9824967374396367
PerplexDEW (Davies),isobar,0.025,270.98989898989896,0.008095743332111766,0.0001813583777520427,0.007067958816093529,1.9918061846977597
PerplexDEW (Davies),isobar,0.025,272.0,0.008174035719763814,0.00018398355187630085,0.007136802622566189,2.0010986954483645
PerplexDEW (Davies),isobar,0.03343725,190.0,0.003131373380563214,4.189867037962471e-05,0.0027052647898968838,1.2792006647630867
PerplexDEW (Davies),isobar,0.03343725,191.010101010101,0.003174650465090176,4.2825210349152895e-05,0.002743180835107839,1.2870768536052948
PerplexDEW (Davies),isobar,0.03343725,192.02020202020202,0.0032183872549223897,4.3768278125596696e-05,0.0027815040019355227,1.2949881105387815
PerplexDEW (Davies),isobar,0.03343725,193.03030303030303,0.0032625855314899186,4.472806410419825e-05,0.0028202358886098735,1.3029341554635776
PerplexDEW (Davies),isobar,0.03343725,194.04040404040404,0.003307248590916596,4.5704781469668085e-05,0.002859379412052564,1.3109149557161843
PerplexDEW (Davies),isobar,0.03343725,195.05050505050505,0.003352377319875649,4.6698608553018415e-05,0.002898935387814959,1.318930092327081
PerplexDEW (Davies),isobar,0.03343725,196.06060606060606,0.0033979757668221324,4.770977116100647e-05,0.002938907386600825,1.3269796545481283
PerplexDEW (Davies),isobar,0.03343725,197.07070707070707,0.0034440447016198003,4.873844675980395e-05,0.002979296119081684,1.335063210975445
PerplexDEW (Davies),isobar,0.03343725,198.08080808080808,0.003490587310290128,4.9784849575512096e-05,0.0030201044017191116,1.343180715326025
PerplexDEW (Davies),isobar,0.03343725,199.0909090909091,0.003537605064805095,5.0849168316115156e-05,0.0030613335543535998,1.3513318538992483
PerplexDEW (Davies),isobar,0.03343725,200.1010101010101,0.0035850993431620405,5.1931590271007224e-05,0.0031029848127747898,1.3595163038394347
PerplexDEW (Davies),isobar,0.03343725,201.11111111111111,0.003633074121431653,5.3032343535858855e-05,0.0031450616795494213,1.3677341439196442
PerplexDEW (Davies),isobar,0.03343725,202.12121212121212,0.003681529802922066,5.4151600885596757e-05,0.003187564536605962,1.375984906152878
PerplexDEW (Davies),isobar,0.03343725,203.13131313131314,0.00373046848725709,5.528956160284824e-05,0.0032304952450589383,1.3842683870303198
PerplexDEW (Davies),isobar,0.03343725,204.14141414141415,0.0037798922317767744,5.644642455147187e-05,0.0032738556276279912,1.3925843787668286
PerplexDEW (Davies),isobar,0.03343725,205.15151515151516,0.0038298020895394555,5.762237248321361e-05,0.003317646627682267,1.400932526816802
PerplexDEW (Davies),isobar,0.03343725,206.16161616161617,0.00388020095794568,5.8817618017867496e-05,0.0033618707988665028,1.409312754317604
PerplexDEW (Davies),isobar,0.03343725,207.17171717171718,0.003931089765847173,6.003234185174855e-05,0.003406528972469975,1.4177246950463753
PerplexDEW (Davies),isobar,0.03343725,208.1818181818182,0.003982470338025124,6.126673911839873e-05,0.0034516227611086515,1.4261681192431117
PerplexDEW (Davies),isobar,0.03343725,209.1919191919192,0.004034343422258382,6.252098682586755e-05,0.00349715283342044,1.434642644410405
PerplexDEW (Davies),isobar,0.03343725,210.2020202020202,0.0040867117339534265,6.379529464500733e-05,0.003543121577538236,1.4431481766296574
PerplexDEW (Davies),isobar,0.03343725,211.21212121212122,0.004139574819780422,6.508981854321029e-05,0.0035895286068758888,1.4516841699652405
PerplexDEW (Davies),isobar,0.03343725,212.22222222222223,0.004192935267521504,6.640476543609615e-05,0.003636376194114683,1.460250519283887
PerplexDEW (Davies),isobar,0.03343725,213.23232323232324,0.004246792387393009,6.774028564049488e-05,0.003683663740539185,1.4688466584142494
PerplexDEW (Davies),isobar,0.03343725,214.24242424242425,0.004301149744928008,6.9096602286769e-05,0.00373139437140166,1.4774726260506899
PerplexDEW (Davies),isobar,0.03343725,215.25252525252526,0.004356006456388924,7.047386082523531e-05,0.0037795673134267066,1.4861278397231212
PerplexDEW (Davies),isobar,0.03343725,216.26262626262627,0.004411363730548675,7.187224210338056e-05,0.003828183623457198,1.4948120165971033
PerplexDEW (Davies),isobar,0.03343725,217.27272727272728,0.004467222709444326,7.329192512819185e-05,0.0038772442978169275,1.5035248684255083
PerplexDEW (Davies),isobar,0.03343725,218.2828282828283,0.004523584466756887,7.473308695532498e-05,0.003926750270841284,1.5122661014828462
PerplexDEW (Davies),isobar,0.03343725,219.2929292929293,0.00458044758736454,7.61958585915139e-05,0.003976700292177837,1.5210350899326524
PerplexDEW (Davies),isobar,0.03343725,220.3030303030303,0.0046378141140049735,7.768043217798275e-05,0.004027096140566723,1.5298316841471182
PerplexDEW (Davies),isobar,0.03343725,221.31313131313132,0.004695683594469445,7.918695346116408e-05,0.004077937404508096,1.5386554020892018
PerplexDEW (Davies),isobar,0.03343725,222.32323232323233,0.00475405668803619,8.071558710223655e-05,0.00412922464468499,1.5475059174653196
PerplexDEW (Davies),isobar,0.03343725,223.33333333333334,0.004812932683694209,8.226647088919222e-05,0.004180957216714931,1.556382728161325
PerplexDEW (Davies),isobar,0.03343725,224.34343434343435,0.0048723120157996,8.38397622529112e-05,0.004233135478434076,1.5652854907519238
PerplexDEW (Davies),isobar,0.03343725,225.35353535353536,0.004932193700972941,8.543559024854498e-05,0.004285758540316683,1.5742136823833544
PerplexDEW (Davies),isobar,0.03343725,226.36363636363637,0.004992577936020053,8.705410433099466e-05,0.004338826545932465,1.5831669418943572
PerplexDEW (Davies),isobar,0.03343725,227.37373737373738,0.005053464826542243,8.869545059077291e-05,0.004392339556187742,1.592144901594202
PerplexDEW (Davies),isobar,0.03343725,228.3838383838384,0.005114852987546372,9.035974440247645e-05,0.004446296319660528,1.6011470088562096
PerplexDEW (Davies),isobar,0.03343725,229.3939393939394,0.005176740849359561,9.204709492122036e-05,0.004500695418971747,1.6101726973304964
PerplexDEW (Davies),isobar,0.03343725,230.40404040404042,0.00523912809505231,9.375763330742945e-05,0.0045555365342178165,1.6192215685441056
PerplexDEW (Davies),isobar,0.03343725,231.41414141414143,0.0053020143047755,9.549148660769711e-05,0.004610819252229052,1.628293216951105
PerplexDEW (Davies),isobar,0.03343725,232.42424242424244,0.005365397464773204,9.724874774143577e-05,0.004666541755327436,1.6373870443791452
PerplexDEW (Davies),isobar,0.03343725,233.43434343434345,0.005429275359510125,9.902950241204285e-05,0.0047227020444229675,1.6465024380825166
PerplexDEW (Davies),isobar,0.03343725,234.44444444444446,0.005493645566261797,0.00010083382880210171,0.004779297934126238,1.6556387704641822
PerplexDEW (Davies),isobar,0.03343725,235.45454545454547,0.0055585085713316905,0.00010266186123317133,0.004836329794718252,1.6647957808378904
PerplexDEW (Davies),isobar,0.03343725,236.46464646464648,0.005623861668944772,0.00010451366633660949,0.00489379518506825,1.673972822389796
PerplexDEW (Davies),isobar,0.03343725,237.4747474747475,0.005689700322900743,0.00010638926896257612,0.004951690048511381,1.6831690380067903
PerplexDEW (Davies),isobar,0.03343725,238.4848484848485,0.005756024577558343,0.00010828878499735788,0.00501001435600317,1.6923841373350212
PerplexDEW (Davies),isobar,0.03343725,239.49494949494948,0.005822829464639128,0.00011021222244171288,0.005068763661969214,1.7016172333230895
PerplexDEW (Davies),isobar,0.03343725,240.50505050505052,0.005890113051597943,0.0001121596485378896,0.005127936189163886,1.7108678161206565
PerplexDEW (Davies),isobar,0.03343725,241.5151515151515,0.0059578732680989725,0.00011413112412152019,0.0051875300355167095,1.7201353671483355
PerplexDEW (Davies),isobar,0.03343725,242.52525252525254,0.0060261061628005775,0.00011612666593905934,0.005247541638012833,1.729419154317266
PerplexDEW (Davies),isobar,0.03343725,243.53535353535352,0.006094803997468334,0.00011814620386952088,0.005307964091430134,1.738718015049691
PerplexDEW (Davies),isobar,0.03343725,244.54545454545456,0.006163969328272553,0.00012018988546519189,0.005368799557893458,1.7480320054839504
PerplexDEW (Davies),isobar,0.03343725,245.55555555555554,0.006233592126757836,0.0001222575806818998,0.00543003910389921,1.7573597211315872
PerplexDEW (Davies),isobar,0.03343725,246.56565656565658,0.006303671016824401,0.00012434934242349497,0.005491681417352656,1.7667007791808609
PerplexDEW (Davies),isobar,0.03343725,247.57575757575756,0.006374200812269373,0.0001264651352844038,0.005553721822969799,1.7760543651223937
PerplexDEW (Davies),isobar,0.03343725,248.5858585858586,0.006445174136888022,0.00012860486897516994,0.005616153708388191,1.785419428608794
PerplexDEW (Davies),isobar,0.03343725,249.59595959595958,0.006516587085899232,0.00013076852449576317,0.0056789735177022755,1.7947953303628286
PerplexDEW (Davies),isobar,0.03343725,250.60606060606062,0.006588435576745112,0.00013295607373427348,0.005742177534006139,1.8041814203669926
PerplexDEW (Davies),isobar,0.03343725,251.6161616161616,0.006660711349660689,0.00013505580457009525,0.005713247897759862,1.8238311709825719
PerplexDEW (Davies),isobar,0.03343725,252.62626262626264,0.00673340571670501,0.0001374023198279078,0.005869708170471272,1.8229797024811567
PerplexDEW (Davies),isobar,0.03343725,253.63636363636363,,8.266508612409272,9.865300711862105,10.000005168109668
PerplexDEW (Davies),isobar,0.03343725,254.64646464646466,,,,
PerplexDEW (Davies),isobar,0.03343725,255.65656565656565,,,,
PerplexDEW (Davies),isobar,0.03343725,256.6666666666667,,,,
PerplexDEW (Davies),isobar,0.03343725,257.67676767676767,,,,
PerplexDEW (Davies),isobar,0.03343725,258.6868686868687,,,,
PerplexDEW (Davies),isobar,0.03343725,259.6969696969697,,,,
PerplexDEW (Davies),isobar,0.03343725,260.7070707070707,0.0073291988032864646,0.00015560973263688187,0.00628979700027415,0.918872839537506
PerplexDEW (Davies),isobar,0.03343725,261.7171717171717,0.0074053194950884854,0.0001585576424842311,0.0064608036894149975,1.9078142437939127
PerplexDEW (Davies),isobar,0.03343725,262.72727272727275,0.007481770734277837,0.00016102011484121908,0.0065280566721362746,1.917243157658298
PerplexDEW (Davies),isobar,0.03343725,263.73737373737373,0.00755854176782398,0.00016350397947383592,0.006595589665690885,1.9266682411734184
PerplexDEW (Davies),isobar,0.03343725,264.74747474747477,0.007635619009520506,0.00016600886545490573,0.006663390467594125,1.9360880384314914
PerplexDEW (Davies),isobar,0.03343725,265.75757575757575,0.007712993244708636,0.00016853449963609465,0.00673145073505753,1.945501571910205
PerplexDEW (Davies),isobar,0.03343725,266.7676767676768,0.007790649978687721,0.0001710804667054717,0.006799757447176234,1.9549073275343178
PerplexDEW (Davies),isobar,0.03343725,267.77777777777777,0.007868571600209033,0.00017364625991014515,0.006868294816139773,1.96430349071059
PerplexDEW (Davies),isobar,0.03343725,268.7878787878788,0.007946744908233622,0.00017623147067126843,0.006937050948164627,1.973688728267728
PerplexDEW (Davies),isobar,0.03343725,269.7979797979798,0.008025156246368187,0.00017883566705340244,0.007006013538982047,1.9830616781561525
PerplexDEW (Davies),isobar,0.03343725,270.80808080808083,0.00810379149412004,0.0001814583931485171,0.007075169865950576,1.9924209488693516
PerplexDEW (Davies),isobar,0.03343725,271.8181818181818,0.008182627983251084,0.00018409895858257098,0.0071444996285343395,2.0017642980419588
PerplexDEW (Davies),isobar,0.03343725,272.82828282828285,0.008261647551709751,0.00018675677311050901,0.007213986505741472,2.0110899718313213
PerplexDEW (Davies),isobar,0.03343725,273.83838383838383,0.008340836920066812,0.00018943136001588253,0.007283618493017249,2.0203967316700484
PerplexDEW (Davies),isobar,0.03343725,274.8484848484849,0.008420168400804761,0.00019212184946148145,0.007353370812789132,2.0296819071767622
PerplexDEW (Davies),isobar,0.03343725,275.85858585858585,0.008499630248399014,0.00019482777501941609,0.007423232801468036,2.038944458436604
PerplexDEW (Davies),isobar,0.03343725,276.8686868686869,0.00857919314476025,0.00019754818880434417,0.007493178215030989,2.0481816065830314
PerplexDEW (Davies),isobar,0.03343725,277.8787878787879,0.008658838301734589,0.00020028240452175057,0.007563190129756432,2.057391653902749
PerplexDEW (Davies),isobar,0.03343725,278.8888888888889,0.008738537430206552,0.0002030294630940764,0.007633243189939786,2.0665719842357415
PerplexDEW (Davies),isobar,0.03343725,279.8989898989899,0.008818273238221578,0.0002057886836976695,0.00770332177847386,2.075721095512124
PerplexDEW (Davies),isobar,0.03343725,280.90909090909093,0.00889800962175145,0.00020855885549512997,0.007773393587392567,2.0848356586245735
PerplexDEW (Davies),isobar,0.03343725,281.9191919191919,0.008977727653366754,0.0002113392147578059,0.00784344152797473,2.0939140618996532
PerplexDEW (Davies),isobar,0.03343725,282.92929292929296,0.009057395341669949,0.00021412862013302857,0.007913436914923733,2.102953439357536
PerplexDEW (Davies),isobar,0.03343725,283.93939393939394,0.009136973121616012,0.0002169256954268375,0.007983344329712039,2.1119502252535387
PerplexDEW (Davies),isobar,0.03343725,284.949494949495,0.00921643933537653,0.00021972953800763914,0.008053144227433744,2.120902622358025
PerplexDEW (Davies),isobar,0.03343725,285.95959595959596,0.009295758666217456,0.00022253884301771522,0.008122804933435392,2.1298075361351803
PerplexDEW (Davies),isobar,0.03343725,286.969696969697,0.009374894551677407,0.00022535224456488533,0.008192293653511649,2.138661785418727
PerplexDEW (Davies),isobar,0.03343725,287.979797979798,0.009453802384584679,0.00022816812097290617,0.008261570437902453,2.147461454304411
PerplexDEW (Davies),isobar,0.03343725,288.98989898989896,0.00953244961262491,0.000230985164648226,0.008330606022661419,2.156203813344346
PerplexDEW (Davies),isobar,0.03343725,290.0,0.009610795774743197,0.00023380181625502953,0.008399364110123878,2.164885406889687
PerplexDEW (Davies),isobar,0.0335,190.0,0.003131401854665922,4.1899074007471524e-05,0.002705289562048998,1.2792062115888407
PerplexDEW (Davies),isobar,0.0335,191.010101010101,0.00317467937469253,4.282562382559354e-05,0.0027432059929159273,1.2870824287952607
PerplexDEW (Davies),isobar,0.0335,192.02020202020202,0.0032184166061516176,4.376870166556526e-05,0.002781529550903247,1.2949937144847579
PerplexDEW (Davies),isobar,0.0335,193.03030303030303,0.003262615330550405,4.4728497926733024e-05,0.002820261834310907,1.3029397885611465
PerplexDEW (Davies),isobar,0.0335,194.04040404040404,0.0033072788440855613,4.570522579790891e-05,0.002859405760126713,1.3109206183626083
PerplexDEW (Davies),isobar,0.0335,195.05050505050505,0.0033524088451810157,4.669907573442193e-05,0.0028989628517305972,1.3189359141456414
PerplexDEW (Davies),isobar,0.0335,196.06060606060606,0.0033980069473534386,4.771023718707438e-05,0.00293893455662667,1.3269853774993203
PerplexDEW (Davies),isobar,0.0335,197.07070707070707,0.0034440771953067263,4.873893674458056e-05,0.0029793244414343337,1.335069096447115
PerplexDEW (Davies),isobar,0.0335,198.08080808080808,0.003490620298327591,4.978535133130516e-05,0.0030201331624227796,1.3431866332569138
PerplexDEW (Davies),isobar,0.0335,199.0909090909091,0.0035376385540766236,5.084968209529304e-05,0.0030613627595971406,1.3513378047158613
PerplexDEW (Davies),isobar,0.0335,200.1010101010101,0.0035851342240914843,5.193213010110605e-05,0.003103015240140646,1.3595224236335886
PerplexDEW (Davies),isobar,0.0335,201.11111111111111,0.00363310863415595,5.303288213772751e-05,0.003145091792742543,1.367740161801546
PerplexDEW (Davies),isobar,0.0335,202.12121212121212,0.0036815648380326407,5.415215229634641e-05,0.00318759511336119,1.375990958221083
PerplexDEW (Davies),isobar,0.0335,203.13131313131314,0.003730504981113423,5.529014094711483e-05,0.003230527103670037,1.3842746134068993
PerplexDEW (Davies),isobar,0.0335,204.14141414141415,0.003779929278227477,5.6447017629862085e-05,0.003273887976770624,1.3925906415818898
PerplexDEW (Davies),isobar,0.0335,205.15151515151516,0.0038298406569416753,5.762299520162753e-05,0.0033176803140248356,1.4009389689619494
PerplexDEW (Davies),isobar,0.0335,206.16161616161617,0.0038802401094287535,5.881825544983486e-05,0.0033619050038624426,1.4093192352239279
PerplexDEW (Davies),isobar,0.0335,207.17171717171718,0.003931129509456197,6.003299430664881e-05,0.0034065637033591067,1.417731215197958
PerplexDEW (Davies),isobar,0.0335,208.1818181818182,0.003982510681900481,6.126740691120754e-05,0.0034516580252173263,1.4261746791283723
PerplexDEW (Davies),isobar,0.0335,209.1919191919192,0.004034384374638812,6.252167027728431e-05,0.003497188638164783,1.4346492445230683
PerplexDEW (Davies),isobar,0.0335,210.2020202020202,0.0040867533031712965,6.37959940814396e-05,0.0035431579304191626,1.4431548174662694
PerplexDEW (Davies),isobar,0.0335,211.21212121212122,0.004139617014272613,6.509053429702069e-05,0.003589565515489687,1.451690852029031
PerplexDEW (Davies),isobar,0.0335,212.22222222222223,0.0041929780958191625,6.64054978455099e-05,0.003636413666143184,1.4602572430814666
PerplexDEW (Davies),isobar,0.0335,213.23232323232324,0.00424683695481624,6.774105407322146e-05,0.0036837027442120406,1.4688535784436687
PerplexDEW (Davies),isobar,0.0335,214.24242424242425,0.004301194981647801,6.90973885386381e-05,0.0037314339702265633,1.4774795903529916
PerplexDEW (Davies),isobar,0.0335,215.25252525252526,0.004356053504693102,7.047468523418029e-05,0.003779608508475654,1.4861350058574727
PerplexDEW (Davies),isobar,0.0335,216.26262626262627,0.004411411485103666,7.18730855607656e-05,0.0038282254467150905,1.4948192296260527
PerplexDEW (Davies),isobar,0.0335,217.27272727272728,0.004467271179829217,7.32927880242883e-05,0.003877286757913547,1.5035321289123478
PerplexDEW (Davies),isobar,0.0335,218.2828282828283,0.004523633662660484,7.473396968723347e-05,0.003926793376505952,1.5122734099954507
PerplexDEW (Davies),isobar,0.0335,219.2929292929293,0.004580497518595615,7.619676156340427e-05,0.0039767440522491095,1.5210424470475243
PerplexDEW (Davies),isobar,0.0335,220.3030303030303,0.004637866019615091,7.768137832559915e-05,0.0040271416421295515,1.5298392553291817
PerplexDEW (Davies),isobar,0.0335,221.31313131313132,0.004695736275376311,7.918792122193509e-05,0.004077983596257221,1.5386630246617563
PerplexDEW (Davies),isobar,0.0335,222.32323232323233,0.004754110154671509,8.071657691315304e-05,0.004129271536022894,1.5475135920374767
PerplexDEW (Davies),isobar,0.0335,223.33333333333334,0.004812986946612769,8.226748319483335e-05,0.004181004817155665,1.5563904553494146
PerplexDEW (Davies),isobar,0.0335,224.34343434343435,0.004872368396604173,8.384082227500745e-05,0.004233184948498602,1.5652934426465974
PerplexDEW (Davies),isobar,0.0335,225.35353535353536,0.004932250920710538,8.543667426853952e-05,0.004285808757685081,1.57422168983408
PerplexDEW (Davies),isobar,0.0335,226.36363636363637,0.004992637359487485,8.705523879289863e-05,0.004338878709571257,1.583175180416216
PerplexDEW (Davies),isobar,0.0335,227.37373737373738,0.005053525133280611,8.869661063483701e-05,0.004392392506856162,1.592153198707916
PerplexDEW (Davies),isobar,0.0335,228.3838383838384,0.005114914189336337,9.03609305380447e-05,0.004446350067981924,1.601155365247459
PerplexDEW (Davies),isobar,0.0335,229.3939393939394,0.005176804377944035,9.204833551641113e-05,0.004500751223520139,1.610181293776057
PerplexDEW (Davies),isobar,0.0335,230.40404040404042,0.005239192565358694,9.37589016936991e-05,0.0045555931782512455,1.6192302274385897
PerplexDEW (Davies),isobar,0.0335,231.41414141414143,0.005302079729302581,9.549278333394979e-05,0.004610876747021063,1.6283019390211575
PerplexDEW (Davies),isobar,0.0335,232.42424242424244,0.005365463856163798,9.725007336579612e-05,0.00466660011228159,1.6373958303601217
PerplexDEW (Davies),isobar,0.0335,233.43434343434345,0.0054293427305519325,9.903085750198498e-05,0.004722761275074904,1.6465112887194422
PerplexDEW (Davies),isobar,0.0335,234.44444444444446,0.005493717002954419,0.00010083527645737256,0.00477936075372324,1.655648064811075
PerplexDEW (Davies),isobar,0.0335,235.45454545454547,0.005558579501464488,0.00010266330898031933,0.004836392181356133,1.6648049540763152
PerplexDEW (Davies),isobar,0.0335,236.46464646464648,0.00562393522810946,0.00010451517877271335,0.004893859898201902,1.6739822573685539
PerplexDEW (Davies),isobar,0.0335,237.4747474747475,0.005689774964294503,0.00010639081473740255,0.004951755727354977,1.6831785445277672
PerplexDEW (Davies),isobar,0.0335,238.4848484848485,0.005756100315375898,0.000108290364756751,0.005010081013365163,1.6923937162266955
PerplexDEW (Davies),isobar,0.0335,239.49494949494948,0.005822907974762122,0.0001102138718751157,0.005068832774021637,1.701627084124307
PerplexDEW (Davies),isobar,0.0335,240.50505050505052,0.00589019440060912,0.00011216136991288155,0.0051280078154426045,1.7108779436217487
PerplexDEW (Davies),isobar,0.0335,241.5151515151515,0.0059579558098540215,0.00011413288311471582,0.005187602726686571,1.7201455735528033
PerplexDEW (Davies),isobar,0.0335,242.52525252525254,0.006026189912847546,0.00011612846327144244,0.005247615408106604,1.7294294405379809
PerplexDEW (Davies),isobar,0.0335,243.53535353535352,0.00609489073934429,0.00011814807860446659,0.005308040512669537,1.7387285887191166
PerplexDEW (Davies),isobar,0.0335,244.54545454545456,0.006164055542252811,0.00012019176168557181,0.005368875528571071,1.748042454130422
PerplexDEW (Davies),isobar,0.0335,245.55555555555554,0.006233683242967908,0.00012225957763164016,0.005430119411329211,1.7573706740766684
PerplexDEW (Davies),isobar,0.0335,246.56565656565658,0.00630376161034726,0.00012435134153450055,0.005491761279204828,1.7667116069845672
PerplexDEW (Davies),isobar,0.0335,247.57575757575756,0.006374294602967178,0.0001264672193284238,0.005553804519910187,1.7760654946667818
PerplexDEW (Davies),isobar,0.0335,248.5858585858586,0.006445271199712036,0.0001286070406326807,0.005616239307504336,1.7854308651942161
PerplexDEW (Davies),isobar,0.0335,249.59595959595958,0.006516687497136209,0.0001307707865140066,0.005679062087287901,1.794807079369822
PerplexDEW (Davies),isobar,0.0335,250.60606060606062,0.006588535477887859,0.00013295833941680653,0.005742265669956979,1.8041930441531155
PerplexDEW (Davies),isobar,0.0335,251.6161616161616,0.006660812697329418,0.00013483494655999186,0.00571333602405352,1.8443522297620045
PerplexDEW (Davies),isobar,0.0335,252.62626262626264,0.00673351055821455,0.00013740472983331527,0.005869800700440188,1.822991743874267
PerplexDEW (Davies),isobar,0.0335,253.63636363636363,,8.266558939623621,9.865330056226044,10.0000051682282
PerplexDEW (Davies),isobar,0.0335,254.64646464646466,,,,
PerplexDEW (Davies),isobar,0.0335,255.65656565656565,,,,
PerplexDEW (Davies),isobar,0.0335,256.6666666666667,,,,
PerplexDEW (Davies),isobar,0.0335,257.67676767676767,,,,
PerplexDEW (Davies),isobar,0.0335,258.6868686868687,,,,
PerplexDEW (Davies),isobar,0.0335,259.6969696969697,,,,
PerplexDEW (Davies),isobar,0.0335,260.7070707070707,0.007329327755507906,0.00015561284698069523,0.006289909294755558,0.9188802720712471
PerplexDEW (Davies),isobar,0.0335,261.7171717171717,0.007405447971326,0.00015856077531317138,0.006460917266410942,1.9078282157807553
PerplexDEW (Davies),isobar,0.0335,262.72727272727275,0.007481903402956893,0.00016102337070882789,0.006528173976361039,1.9172575003729047
PerplexDEW (Davies),isobar,0.0335,263.73737373737373,0.007558678722419795,0.00016350736202570644,0.006595710780946788,1.9266829611249179
PerplexDEW (Davies),isobar,0.0335,264.74747474747477,0.00763576034510713,0.00016601237842161695,0.006663515479125458,1.9361031422404456
PerplexDEW (Davies),isobar,0.0335,265.75757575757575,0.0077131390579505115,0.000168538146834096,0.006731579729543851,1.9455170663038364
PerplexDEW (Davies),isobar,0.0335,266.7676767676768,0.007790797866631709,0.00017108418898544828,0.006799888299286018,1.9549229592925796
PerplexDEW (Davies),isobar,0.0335,267.77777777777777,0.007868724126962106,0.0001736501229877846,0.006868429795804181,1.9643195242192688
PerplexDEW (Davies),isobar,0.0335,268.7878787878788,0.007946902174948027,0.0001762354786066338,0.0069371901461086185,1.9737051705814352
PerplexDEW (Davies),isobar,0.0335,269.7979797979798,0.008025315741849101,0.00017883975687681974,0.007006154733035902,1.9830782683581476
PerplexDEW (Davies),isobar,0.0335,270.80808080808083,0.008103953245784388,0.00018146256629438654,0.007075313080860167,1.9924376887794089
PerplexDEW (Davies),isobar,0.0335,271.8181818181818,0.008182792018800929,0.00018410321650510822,0.007144644889300841,2.001781189520924
PerplexDEW (Davies),isobar,0.0335,272.82828282828285,0.00826181936136198,0.00018676126010644232,0.007214138676071723,2.011107569581224
PerplexDEW (Davies),isobar,0.0335,273.83838383838383,0.008341011149799004,0.0001894359377165891,0.007283772831543556,2.0204144904780326
PerplexDEW (Davies),isobar,0.0335,274.8484848484849,0.008420347891784136,0.0001921265938319015,0.007353529837478841,2.029700111192295
PerplexDEW (Davies),isobar,0.0335,275.85858585858585,0.008499815112392214,0.0001948326907108527,0.007423396612609051,2.038963115532775
PerplexDEW (Davies),isobar,0.0335,276.8686868686869,0.008579380601113113,0.00019755320307434065,0.007493344349250584,2.0482004368306836
PerplexDEW (Davies),isobar,0.0335,277.8787878787879,0.008659034254361276,0.0002002876772145979,0.00756336382123622,2.0574112413979
PerplexDEW (Davies),isobar,0.0335,278.8888888888889,0.008738742081000563,0.00020303500237092654,0.007633424619714769,2.0665923433083955
PerplexDEW (Davies),isobar,0.0335,279.8989898989899,0.008818480748429006,0.00020579433322242486,0.007703505771131985,2.07574164673756
PerplexDEW (Davies),isobar,0.0335,280.90909090909093,0.008898226156892263,0.00020856478514806004,0.007773585611461747,2.0848570047170067
PerplexDEW (Davies),isobar,0.0335,281.9191919191919,0.008977947204942363,0.00021134526178566245,0.007843636255995927,2.0939356114816285
PerplexDEW (Davies),isobar,0.0335,282.92929292929296,0.009057617945504325,0.00021413478648907275,0.007913634379187767,2.102975195125035
PerplexDEW (Davies),isobar,0.0335,283.93939393939394,0.009137205213433223,0.00021693216148947194,0.007983550240836655,2.1119728091957777
PerplexDEW (Davies),isobar,0.0335,284.949494949495,0.009216681134755876,0.00021973631292496022,0.008053358782362487,2.120926050299235
PerplexDEW (Davies),isobar,0.0335,285.95959595959596,0.009296003812448179,0.0002225457505254055,0.008123022489141027,2.129831191907328
PerplexDEW (Davies),isobar,0.0335,286.969696969697,0.009375143083903388,0.00022535928682323965,0.008192514245251381,2.138685672143494
PerplexDEW (Davies),isobar,0.0335,287.979797979798,0.00945406788757642,0.00022817568629814654,0.00826180612596301,2.147486866715854
PerplexDEW (Davies),isobar,0.0335,288.98989898989896,0.009532718772912813,0.00023099287674871273,0.008330844990239509,2.1562294769097607
PerplexDEW (Davies),isobar,0.0335,290.0,0.009611068634539435,0.00023380967747996866,0.008399606395211614,2.1649113251465164
PerplexDEW (Davies),isobar,0.0517,213.0,0.004247243110293158,6.765295932186447e-05,0.0036840215620560996,1.4688747738313148
PerplexDEW (Davies),isobar,0.0517,214.010101010101,0.004301755857156677,6.901096458493846e-05,0.0037318897369851174,1.4775174577649708
PerplexDEW (Davies),isobar,0.0517,215.02020202020202,0.0043567739564374635,7.03900613807428e-05,0.0037802055740349142,1.4861899729470764
PerplexDEW (Davies),isobar,0.0517,216.03030303030303,0.004412298772635143,7.17904364162982e-05,0.0038289702699266306,1.4948920469867815
PerplexDEW (Davies),isobar,0.0517,217.04040404040404,0.004468331606602785,7.321227472201887e-05,0.0038781849636563407,1.5036234021947061
PerplexDEW (Davies),isobar,0.0517,218.05050505050505,0.00452487369396937,7.46557595456488e-05,0.003927850735062577,1.512383755575414
PerplexDEW (Davies),isobar,0.0517,219.06060606060606,0.004581925000013188,7.61210503944001e-05,0.003977967547968014,1.5211726562680514
PerplexDEW (Davies),isobar,0.0517,220.07070707070707,0.004639485343015674,7.760830265466798e-05,0.004028535234281153,1.5299896416053702
PerplexDEW (Davies),isobar,0.0517,221.08080808080808,0.004697556876022511,7.911771320172689e-05,0.004079555671180211,1.5388345682748714
PerplexDEW (Davies),isobar,0.0517,222.0909090909091,0.004756139231176585,8.064943180644766e-05,0.004131028522491238,1.5477069590605
PerplexDEW (Davies),isobar,0.0517,223.1010101010101,0.004815233167306256,8.220362759403635e-05,0.004182954437780226,1.5566064934048371
PerplexDEW (Davies),isobar,0.0517,224.11111111111111,0.004874838060076417,8.378044246207813e-05,0.00423533285008248,1.565532674227149
PerplexDEW (Davies),isobar,0.0517,225.12121212121212,0.004934954446124351,8.538003840835999e-05,0.0042881642085762315,1.5744851640644366
PerplexDEW (Davies),isobar,0.0517,226.13131313131314,0.004995581431137823,8.700254868534612e-05,0.004341447703305482,1.5834634453185341
PerplexDEW (Davies),isobar,0.0517,227.14141414141415,0.005056719317007543,8.864812742087632e-05,0.0043951835717081795,1.5924671630252505
PerplexDEW (Davies),isobar,0.0517,228.15151515151516,0.005118368316140429,9.031692544587197e-05,0.004449371970108986,1.6014959558160746
PerplexDEW (Davies),isobar,0.0517,229.16161616161617,0.005180525723706559,9.20090348121641e-05,0.004504010488558757,1.6105490975148917
PerplexDEW (Davies),isobar,0.0517,230.17171717171718,0.005243192867339552,9.372462374592383e-05,0.004559100257047425,1.6196263840690632
PerplexDEW (Davies),isobar,0.0517,231.1818181818182,0.005306369608805058,9.546383025556961e-05,0.004614641115149812,1.6287274289870943
PerplexDEW (Davies),isobar,0.0517,232.1919191919192,0.0053700512657564115,9.72266993977433e-05,0.004670628903775408,1.637851285438847
PerplexDEW (Davies),isobar,0.0517,233.2020202020202,0.005434240297956255,9.901341558904172e-05,0.004727065739793352,1.6469979094886322
PerplexDEW (Davies),isobar,0.0517,234.21212121212122,0.0054989331307822515,0.00010082404012316935,0.0047839484306861,1.6561665119337552
PerplexDEW (Davies),isobar,0.0517,235.22222222222223,0.005564128995123848,0.00010265868757526848,0.004841276247525108,1.6653566615677122
PerplexDEW (Davies),isobar,0.0517,236.23232323232324,0.005629827008357186,0.00010451746766161763,0.0048990483585206355,1.674567919678875
PerplexDEW (Davies),isobar,0.0517,237.24242424242425,0.005696022966842595,0.0001064004185370753,0.00495726100549314,1.6837994524089162
PerplexDEW (Davies),isobar,0.0517,238.25252525252526,0.0057627156029980385,0.00010830763509451903,0.005015913010011204,1.6930507942887802
PerplexDEW (Davies),isobar,0.0517,239.26262626262627,0.0058299035248778035,0.00011023920666048567,0.005075003080962813,1.7023214718313442
PerplexDEW (Davies),isobar,0.0517,240.27272727272728,0.005897585213817766,0.00011219521680993462,0.005134529812418452,1.7116110034321805
PerplexDEW (Davies),isobar,0.0517,241.2828282828283,0.005965753905370967,0.00011417563392843249,0.005194487173851072,1.7209182946410255
PerplexDEW (Davies),isobar,0.0517,242.2929292929293,0.006034409312972265,0.00011618055931842392,0.005254874835842084,1.7302430329222789
PerplexDEW (Davies),isobar,0.0517,243.3030303030303,0.006103547599271604,0.00011821001486331034,0.005315689337365823,1.7395844939041345
PerplexDEW (Davies),isobar,0.0517,244.31313131313132,0.006173166463323214,0.00012026405122978831,0.005376928567057843,1.7489421438871589
PerplexDEW (Davies),isobar,0.0517,245.32323232323233,0.006243259830324292,0.00012234263240424982,0.005438587082814115,1.758315020878668
PerplexDEW (Davies),isobar,0.0517,246.33333333333334,0.006313824937337315,0.0001244457894173738,0.0055006623569712546,1.7677025605808792
PerplexDEW (Davies),isobar,0.0517,247.34343434343435,0.00638485699552896,0.00012657350400550538,0.005563150071361561,1.7771039753812288
PerplexDEW (Davies),isobar,0.0517,248.35353535353536,0.0064563528424264865,0.00012872578886358575,0.005626047337519171,1.7865186755071207
PerplexDEW (Davies),isobar,0.0517,249.36363636363637,0.006528303366288818,0.0001309025179419986,0.00568934601405751,1.7959454070532304
PerplexDEW (Davies),isobar,0.0517,250.37373737373738,0.0066007087264173606,0.00013310376752741888,0.005753046133371245,1.8053839813884918
PerplexDEW (Davies),isobar,0.0517,251.3838383838384,0.006673559204568467,0.00013510586039423638,0.005724300755644886,1.8353605266532793
PerplexDEW (Davies),isobar,0.0517,252.3939393939394,0.006746852619272103,0.00013735256175551402,0.0057878271626099695,1.8448915452039456
PerplexDEW (Davies),isobar,0.0517,253.40404040404042,,1.1153575603024843,2.8806819733976767,10.00000520494456
PerplexDEW (Davies),isobar,0.0517,254.41414141414143,,,,
PerplexDEW (Davies),isobar,0.0517,255.42424242424244,,,,
PerplexDEW (Davies),isobar,0.0517,256.4343434343434,,,,
PerplexDEW (Davies),isobar,0.0517,257.44444444444446,,,,
PerplexDEW (Davies),isobar,0.0517,258.45454545454544,,,,
PerplexDEW (Davies),isobar,0.0517,259.4646464646465,,,,
PerplexDEW (Davies),isobar,0.0517,260.47474747474746,0.007348233729754411,0.0001545350590189187,0.005957018624794375,0.35761044728698466
PerplexDEW (Davies),isobar,0.0517,261.4848484848485,0.007425167543543689,0.00015890461603530553,0.0064784247085779775,1.9097161631436022
PerplexDEW (Davies),isobar,0.0517,262.4949494949495,0.007502460769207945,0.00016139045096858886,0.0065464286220945555,1.9192214604976907
PerplexDEW (Davies),isobar,0.0517,263.5050505050505,0.007580103421506776,0.0001638987109050765,0.006614739035155687,1.9287253842078074
PerplexDEW (Davies),isobar,0.0517,264.5151515151515,0.00765808270905744,0.00016642906004789973,0.006683344459037342,1.938226534745584
PerplexDEW (Davies),isobar,0.0517,265.52525252525254,0.007736395108335705,0.0001689813832762445,0.006752241597136582,1.9477245003538037
PerplexDEW (Davies),isobar,0.0517,266.5353535353535,0.007815017213573574,0.00017155505934931108,0.006821409555799505,1.9572168079127357
PerplexDEW (Davies),isobar,0.0517,267.54545454545456,0.007893944678215747,0.00017414993195286765,0.00689084429650019,1.9667029939723695
PerplexDEW (Davies),isobar,0.0517,268.55555555555554,0.007973157794262846,0.00017676544709259505,0.006960528179648508,1.9761810182094457
PerplexDEW (Davies),isobar,0.0517,269.5656565656566,0.008052646372467992,0.00017940127918355763,0.00703045198194998,1.9856498462281338
PerplexDEW (Davies),isobar,0.0517,270.57575757575756,0.008132394649989593,0.0001820569489995753,0.00710060153889949,1.995107888393219
PerplexDEW (Davies),isobar,0.0517,271.5858585858586,0.008212386254683153,0.00018473194815439573,0.007170962137654864,2.004553515635209
PerplexDEW (Davies),isobar,0.0517,272.5959595959596,0.008292609626622807,0.00018742588019187434,0.0072415233191841545,2.013985607482246
PerplexDEW (Davies),isobar,0.0517,273.6060606060606,0.008373041858185798,0.00019013803971229423,0.007312264565169894,2.0234019155983485
PerplexDEW (Davies),isobar,0.0517,274.6161616161616,0.008453664669992388,0.0001928678257235118,0.007383169446213232,2.0328006874143636
PerplexDEW (Davies),isobar,0.0517,275.62626262626264,0.008534464795092563,0.00019561475546302904,0.007454225965755521,2.0421806931596906
PerplexDEW (Davies),isobar,0.0517,276.6363636363636,0.00861541709887384,0.0001983780168058855,0.007525411602112999,2.0515395387695605
PerplexDEW (Davies),isobar,0.0517,277.64646464646466,0.008696501268360642,0.00020115690793661453,0.0075967080954203485,2.0608753396072865
PerplexDEW (Davies),isobar,0.0517,278.65656565656565,0.008777702211151395,0.00020395085192168077,0.007668101804861513,2.070186748426371
PerplexDEW (Davies),isobar,0.0517,279.6666666666667,0.00885899242787671,0.0002067589209691587,0.0077395680812465985,2.0794712158160147
PerplexDEW (Davies),isobar,0.0517,280.67676767676767,0.008940349442097014,0.00020958030384481466,0.007811086717261396,2.0887267158103415
PerplexDEW (Davies),isobar,0.0517,281.6868686868687,0.009021743837099715,0.00021241398039792205,0.007882631339648078,2.0979505713113253
PerplexDEW (Davies),isobar,0.0517,282.6969696969697,0.009103151351497408,0.00021525905106329463,0.007954180135465398,2.10714063775711
PerplexDEW (Davies),isobar,0.0517,283.7070707070707,0.00918455330375683,0.0002181147527559815,0.008025716232420611,2.116295332737361
PerplexDEW (Davies),isobar,0.0517,284.7171717171717,0.00926590473854347,0.00022097957105511216,0.008097199436189483,2.1254105632091043
PerplexDEW (Davies),isobar,0.0517,285.72727272727275,0.009347191537678903,0.00022385282818871183,0.008168616900936152,2.1344852401837073
PerplexDEW (Davies),isobar,0.0517,286.73737373737373,0.00942837290550826,0.00022673307823712084,0.008239932096933585,2.1435157352584477
PerplexDEW (Davies),isobar,0.0517,287.74747474747477,0.009509413181176134,0.00022961899224260276,0.008311113036054267,2.152498950006721
PerplexDEW (Davies),isobar,0.0517,288.75757575757575,0.009590282279016388,0.00023250937491549903,0.008382132666442405,2.1614323465416536
PerplexDEW (Davies),isobar,0.0517,289.7676767676768,0.009670949214376832,0.00023540298262894588,0.00845296312728846,2.170313325362379
PerplexDEW (Davies),isobar,0.0517,290.77777777777777,0.00975135397155565,0.00023829770814912075,0.008523550764200114,2.179136580444793
PerplexDEW (Davies),isobar,0.0517,291.7878787878788,0.009831476790341761,0.00024119257507288432,0.008593877655251044,2.1879006362188815
PerplexDEW (Davies),isobar,0.0517,292.7979797979798,0.00991126882616583,0.00024408573991461754,0.008663900037159781,2.1966013055968596
PerplexDEW (Davies),isobar,0.0517,293.80808080808083,0.009990679450240767,0.00024697527272811974,0.008733572544148725,2.205234274900971
PerplexDEW (Davies),isobar,0.0517,294.8181818181818,0.010069656211324154,0.00024985915469825714,0.008802848173695206,2.2137951001687055
PerplexDEW (Davies),isobar,0.0517,295.82828282828285,0.010148159869684481,0.00025273572401246356,0.008871691646752233,2.2222805970625052
PerplexDEW (Davies),isobar,0.0517,296.83838383838383,0.010226127202999475,0.00025560257428248773,0.008940046357866483,2.2306853900774146
PerplexDEW (Davies),isobar,0.0517,297.8484848484849,0.010303508136196791,0.00025845765192165996,0.009007867367685784,2.2390053563006433
PerplexDEW (Davies),isobar,0.0517,298.85858585858585,0.010380235347108923,0.00026129834835456533,0.009075094390111789,2.2472348184269197
PerplexDEW (Davies),isobar,0.0517,299.8686868686869,0.010456247044829508,0.00026412217853314583,0.00914167203665931,2.255368645748146
PerplexDEW (Davies),isobar,0.0517,300.8787878787879,0.0105314793966399,0.0002669265543730283,0.009207543086338801,2.2634015526692726
PerplexDEW (Davies),isobar,0.0517,301.8888888888889,0.010605850124331158,0.0002697082802151965,0.009272633897606578,2.2713266066314883
PerplexDEW (Davies),isobar,0.0517,302.8989898989899,0.010679282234310045,0.0002724642705823853,0.009336875506310502,2.2791373965439736
PerplexDEW (Davies),isobar,0.0517,303.90909090909093,0.010751696116121229,0.00027519130984954136,0.009400196601296477,2.286827306532059
PerplexDEW (Davies),isobar,0.0517,304.9191919191919,0.010823009496445492,0.0002778860492624251,0.009462523483702094,2.294389509138109
PerplexDEW (Davies),isobar,0.0517,305.92929292929296,0.01089312011511683,0.00028054446322676275,0.009523764654026993,2.301815403584453
PerplexDEW (Davies),isobar,0.0517,306.93939393939394,0.010961913268111044,0.00028316207181394807,0.009583817516361039,2.3090953067591102
PerplexDEW (Davies),isobar,0.0517,307.949494949495,0.011029305525179611,0.0002857353136082383,0.009642607278725082,2.316222372944191
PerplexDEW (Davies),isobar,0.0517,308.95959595959596,0.01109515709963252,0.0002882587876930074,0.009700008980589724,2.3231847216130825
PerplexDEW (Davies),isobar,0.0517,309.969696969697,0.01115934112420961,0.00029072742209998524,0.009755909130463314,2.3299716598179403
PerplexDEW (Davies),isobar,0.0517,310.979797979798,0.011221726302495585,0.0002931359286339701,0.009810190271854854,2.33657211338651
PerplexDEW (Davies),isobar,0.0517,311.98989898989896,0.01128215812351307,0.00029547819579999515,0.009862714261466201,2.3429729472930103
PerplexDEW (Davies),isobar,0.0517,313.0,0.01134048601200588,0.00029774815138108017,0.009913346435563786,2.3491613785082093
PerplexDEW (Davies),isobar,0.0642,230.0,0.005244946590122741,9.367531026248282e-05,0.004560634399636248,1.6197655811856004
PerplexDEW (Davies),isobar,0.0642,231.010101010101,0.005308307316198909,9.541766380460713e-05,0.0046163387665562145,1.6288855726713156
PerplexDEW (Davies),isobar,0.0642,232.02020202020202,0.005372181167911743,9.718390481436632e-05,0.0046724973778580325,1.6380291655237904
PerplexDEW (Davies),isobar,0.0642,233.03030303030303,0.005436566337713254,9.897413589899207e-05,0.004729108601210093,1.647195774365708
PerplexDEW (Davies),isobar,0.0642,234.04040404040404,0.005501465390026215,0.00010078854535069446,0.0047861746465254,1.6563853618020006
PerplexDEW (Davies),isobar,0.0642,235.05050505050505,0.005566873235407187,0.0001026271645353444,0.004843690988474356,1.6655969514379145
PerplexDEW (Davies),isobar,0.0642,236.06060606060606,0.005632790673830544,0.00010449014100948298,0.00490165827873103,1.6748303021182123
PerplexDEW (Davies),isobar,0.0642,237.07070707070707,0.005699215296167402,0.00010637755417572093,0.004960074342314934,1.6840847866065256
PerplexDEW (Davies),isobar,0.0642,238.08080808080808,0.005766146100483628,0.00010828950926266235,0.0050189382390920904,1.693359957526668
PerplexDEW (Davies),isobar,0.0642,239.0909090909091,0.005833578670993842,0.00011022603693628085,0.005078246019655208,1.7026549660740438
PerplexDEW (Davies),isobar,0.0642,240.1010101010101,0.005901513284596404,0.00011218726240303646,0.0051379978624149,1.7119695365637166
PerplexDEW (Davies),isobar,0.0642,241.11111111111111,0.005969946796267534,0.00011417323578883567,0.005198190929207626,1.721302991494809
PerplexDEW (Davies),isobar,0.0642,242.12121212121212,0.00603887410112255,0.00011618396094368337,0.005258820650633865,1.7306544346005035
PerplexDEW (Davies),isobar,0.0642,243.13131313131314,0.00610829500581928,0.00011821954253698956,0.005319886780136651,1.740023559537489
PerplexDEW (Davies),isobar,0.0642,244.14141414141415,0.006178205726591175,0.00012028000453733066,0.005381385904130032,1.7494096458388366
PerplexDEW (Davies),isobar,0.0642,245.15151515151516,0.006248602229897247,0.00012236536072688395,0.005443314384212385,1.7588119562185682
PerplexDEW (Davies),isobar,0.0642,246.16161616161617,0.0063194802262106,0.00012447561432678123,0.005505668351551226,1.7682297362524193
PerplexDEW (Davies),isobar,0.0642,247.17171717171718,0.006390837027826134,0.0001266107990550814,0.005568445345259491,1.777662427017034
PerplexDEW (Davies),isobar,0.0642,248.1818181818182,0.006462667900426256,0.00012877089863032768,0.005631641095417347,1.7871092451543888
PerplexDEW (Davies),isobar,0.0642,249.1919191919192,0.006534967836788595,0.00013095588514311276,0.005695251086377525,1.7965693893058976
PerplexDEW (Davies),isobar,0.0642,250.2020202020202,0.0066077335016994755,0.00013316576292237906,0.0057592722729215146,1.8060422591296217
PerplexDEW (Davies),isobar,0.0642,251.21212121212122,0.006680957430657951,0.00013540043726514741,0.005823697961379623,1.8155268012301464
PerplexDEW (Davies),isobar,0.0642,252.22222222222223,0.006754635770809098,0.00014656171381018533,0.005982250256363374,1.8353277287492122
PerplexDEW (Davies),isobar,0.0642,253.23232323232324,0.006828760407602824,0.00013994399605126475,0.005953745029753124,1.8345279052962435
PerplexDEW (Davies),isobar,0.0642,254.24242424242425,,,,
PerplexDEW (Davies),isobar,0.0642,255.25252525252526,,,,
PerplexDEW (Davies),isobar,0.0642,256.26262626262627,,,,
PerplexDEW (Davies),isobar,0.0642,257.27272727272725,,,,
PerplexDEW (Davies),isobar,0.0642,258.2828282828283,,,,
PerplexDEW (Davies),isobar,0.0642,259.2929292929293,,,,
PerplexDEW (Davies),isobar,0.0642,260.3030303030303,,,,
PerplexDEW (Davies),isobar,0.0642,261.3131313131313,0.007437090638716249,0.00015909295990473098,0.006489018543280079,1.9108298571262985
PerplexDEW (Davies),isobar,0.0642,262.32323232323233,0.007514928996305674,0.00016159369871883634,0.006557508775600131,1.9203848555734027
PerplexDEW (Davies),isobar,0.0642,263.3333333333333,0.007593139489749261,0.00016411761999527824,0.006626325780029908,1.9299404316236155
PerplexDEW (Davies),isobar,0.0642,264.34343434343435,0.007671705181993744,0.00016666429664911585,0.006695454408983328,1.9394947286758017
PerplexDEW (Davies),isobar,0.0642,265.35353535353534,0.007750618096336028,0.00016923351180257544,0.006764887432200975,1.9490468540285257
PerplexDEW (Davies),isobar,0.0642,266.3636363636364,0.007829870001055618,0.00017182503389187438,0.006834617388571707,1.9585959001991888
PerplexDEW (Davies),isobar,0.0642,267.37373737373736,0.007909447372238297,0.00017443848892320304,0.006904632127770014,1.9681404252647634
PerplexDEW (Davies),isobar,0.0642,268.3838383838384,0.007989333571670525,0.00017707341176642502,0.006974916734465207,1.9776786888256632
PerplexDEW (Davies),isobar,0.0642,269.3939393939394,0.008069521604062045,0.00017972957059511768,0.007045464821081867,1.9872099629484365
PerplexDEW (Davies),isobar,0.0642,270.4040404040404,0.008149993823283014,0.00018240645116122847,0.00711626056456959,1.9967324432154725
PerplexDEW (Davies),isobar,0.0642,271.4141414141414,0.008230731834302106,0.00018510350526630077,0.007187287468633733,2.006244276157748
PerplexDEW (Davies),isobar,0.0642,272.42424242424244,0.008311730014235876,0.00018782050299583587,0.007258540340265235,2.015744923708405
PerplexDEW (Davies),isobar,0.0642,273.4343434343434,0.008392966262564154,0.00019055677477772145,0.007329999385583455,2.0252321964595708
PerplexDEW (Davies),isobar,0.0642,274.44444444444446,0.008474428679223801,0.00019331190301966202,0.007401653837177766,2.03470495691622
PerplexDEW (Davies),isobar,0.0642,275.45454545454544,0.008556093727010541,0.0001960851498870512,0.00747348260875383,2.044160922384636
PerplexDEW (Davies),isobar,0.0642,276.4646464646465,0.008637942621500012,0.00019887588616640398,0.0075454688144680065,2.053598313731096
PerplexDEW (Davies),isobar,0.0642,277.47474747474746,0.008719961723639867,0.00020168360553680313,0.007617600120457493,2.063015882789216
PerplexDEW (Davies),isobar,0.0642,278.4848484848485,0.008802131133527808,0.00020450762015011498,0.007689858635634067,2.072411779763614
PerplexDEW (Davies),isobar,0.0642,279.4949494949495,0.008884424259001135,0.00020734704393814225,0.007762220525164955,2.081783523175438
PerplexDEW (Davies),isobar,0.0642,280.5050505050505,0.008966819526502773,0.00021020110770517906,0.007834666392417363,2.091129153664384
PerplexDEW (Davies),isobar,0.0642,281.5151515151515,0.00904930079376622,0.00021306917443369237,0.007907181648625406,2.100447262667225
PerplexDEW (Davies),isobar,0.0642,282.52525252525254,0.009131832757328023,0.00021595006297470617,0.007979734699803693,2.1097346032433837
PerplexDEW (Davies),isobar,0.0642,283.5353535353535,0.009214397672221385,0.00021884305491885045,0.00805230951476107,2.118989661881958
PerplexDEW (Davies),isobar,0.0642,284.54545454545456,0.009296970934492589,0.00022174722500442127,0.008124883968838356,2.128210281455477
PerplexDEW (Davies),isobar,0.0642,285.55555555555554,0.009379520617414398,0.00022466142264722486,0.008197429428227265,2.1373936287992916
PerplexDEW (Davies),isobar,0.0642,286.5656565656566,0.00946201361199381,0.00022758443998562096,0.00826991619630918,2.1465367912612474
PerplexDEW (Davies),isobar,0.0642,287.57575757575756,0.009544422315592448,0.00023051520136224823,0.008342319451270501,2.1556374113670667
PerplexDEW (Davies),isobar,0.0642,288.5858585858586,0.009626718271633836,0.0002334525856509312,0.008414613602690621,2.1646930745266864
PerplexDEW (Davies),isobar,0.0642,289.5959595959596,0.009708858341099953,0.00023639502760841458,0.008486760011602788,2.1737000074235704
PerplexDEW (Davies),isobar,0.0642,290.6060606060606,0.009790818732506944,0.00023934149113904988,0.008558737205034818,2.182656293151989
PerplexDEW (Davies),isobar,0.0642,291.6161616161616,0.009872546724205433,0.00024229007986491057,0.008630498005652569,2.191557324628885
PerplexDEW (Davies),isobar,0.0642,292.62626262626264,0.009954016285219434,0.0002452396415695994,0.00870201892658028,2.200401030876622
PerplexDEW (Davies),isobar,0.0642,293.6363636363636,0.010035171615694111,0.0002481881286852285,0.008773250024596661,2.209182590891624
PerplexDEW (Davies),isobar,0.0642,294.64646464646466,0.010115984347084052,0.00025113426637031494,0.008844165711053849,2.2178997704157752
PerplexDEW (Davies),isobar,0.0642,295.65656565656565,0.010196402994070628,0.0002540760715295808,0.008914719845941485,2.2265482159727767
PerplexDEW (Davies),isobar,0.0642,296.6666666666667,0.01027636661077208,0.000257011242864021,0.00898485786331298,2.235122742890445
PerplexDEW (Davies),isobar,0.0642,297.67676767676767,0.010355835102293114,0.0002599380642321993,0.009054543711494122,2.243620123419571
PerplexDEW (Davies),isobar,0.0642,298.6868686868687,0.010434751645559171,0.0002628542863328194,0.00912372645627223,2.252035620902779
PerplexDEW (Davies),isobar,0.0642,299.6969696969697,0.010513057463145303,0.00026575756224999606,0.009192353408593673,2.2603643559914297
PerplexDEW (Davies),isobar,0.0642,300.7070707070707,0.010590683741139152,0.00026864519955106846,0.009260362937491778,2.2686005718130144
PerplexDEW (Davies),isobar,0.0642,301.7171717171717,0.010667583658141449,0.00027151513498728514,0.009327712950696156,2.2767405437294665
PerplexDEW (Davies),isobar,0.0642,302.72727272727275,0.010743659612995192,0.00027436370880528824,0.009394316179972039,2.284775975493115
PerplexDEW (Davies),isobar,0.0642,303.73737373737373,0.01081886037850867,0.00027718863532520444,0.009460126579283926,2.292702808139654
PerplexDEW (Davies),isobar,0.0642,304.74747474747477,0.010893099504535741,0.00027998649890109364,0.009525066757085162,2.3005138287700024
PerplexDEW (Davies),isobar,0.0642,305.75757575757575,0.010966287435764631,0.00028275373197427206,0.009589056536821738,2.3082015849273287
PerplexDEW (Davies),isobar,0.0642,306.7676767676768,0.01103834890621168,0.0002854871601430077,0.009652028435326004,2.315759936716556
PerplexDEW (Davies),isobar,0.0642,307.77777777777777,0.011109170995870405,0.0002881823725046915,0.009713881445436385,2.323179402355136
PerplexDEW (Davies),isobar,0.0642,308.7878787878788,0.01117866346077297,0.000290835608863929,0.009774534715298691,2.3304525588173024
PerplexDEW (Davies),isobar,0.0642,309.7979797979798,0.011246705957429961,0.00029344209421134184,0.009833880584986828,2.337569324265511
PerplexDEW (Davies),isobar,0.0642,310.80808080808083,0.011313173796136111,0.00029599684214036805,0.009891807500921253,2.34451925986571
PerplexDEW (Davies),isobar,0.0642,311.8181818181818,0.011377956525628244,0.00029849525112732024,0.009948216562259736,2.351293206981325
PerplexDEW (Davies),isobar,0.0642,312.82828282828285,0.011440902388759337,0.0003009313192540023,0.01000297207549999,2.3578783589171706
PerplexDEW (Davies),isobar,0.0642,313.83838383838383,0.011501844509902482,0.00030329846570139506,0.010055924859171738,2.364260589027495
PerplexDEW (Davies),isobar,0.0642,314.8484848484849,0.0115606487016376,0.0003055910822040528,0.010106954814436516,2.3704286542890505
PerplexDEW (Davies),isobar,0.0642,315.85858585858585,0.011617097943309099,0.0003078007698414459,0.010155868060222888,2.3763639994521
PerplexDEW (Davies),isobar,0.0642,316.8686868686869,0.01167100672633861,0.0003099200475310123,0.010202498750157846,2.382050827970141
PerplexDEW (Davies),isobar,0.0642,317.8787878787879,0.011722162991204732,0.0003119404562927587,0.01024665737193592,2.3874709660498388
PerplexDEW (Davies),isobar,0.0642,318.8888888888889,0.011770306314738268,0.00031385181783918193,0.010288111314571012,2.392601935563403
PerplexDEW (Davies),isobar,0.0642,319.8989898989899,0.011815166618631393,0.0003156434955301467,0.010326619344592794,2.3974203292013496
PerplexDEW (Davies),isobar,0.0642,320.90909090909093,0.011856443106491385,0.0003173036858945646,0.010361912848116394,2.40189992735562
PerplexDEW (Davies),isobar,0.0642,321.9191919191919,0.011893802859573295,0.0003188193549605075,0.010393694582642436,2.406011532987244
PerplexDEW (Davies),isobar,0.0642,322.92929292929296,0.011926814897542527,0.0003201739934374428,0.010421579930469077,2.4097171425392543
PerplexDEW (Davies),isobar,0.0642,323.93939393939394,0.011955075420970632,0.00032135180787832467,0.010445208490215428,2.412980837599873
PerplexDEW (Davies),isobar,0.0642,324.949494949495,0.011978011985694079,0.00032233107739382423,0.010464069607119555,2.4157515331550674
PerplexDEW (Davies),isobar,0.0642,325.95959595959596,0.011995052613412828,0.0003230898381051078,0.010477653066336474,2.417977647858574
PerplexDEW (Davies),isobar,0.0642,326.969696969697,0.012005468987703955,0.00032360051740617596,0.010485309394304336,2.4195931733286495
PerplexDEW (Davies),isobar,0.0642,327.979797979798,0.012008368386031974,0.00032382957763814514,0.010486242694734652,2.42051667339865
PerplexDEW (Davies),isobar,0.0642,328.98989898989896,0.012002732071383545,0.00032373877155909473,0.010479544911282005,2.420654258159665
PerplexDEW (Davies),isobar,0.0642,330.0,0.01198722290652936,0.0003232784324758044,0.01046402445839673,2.419882063907861
PerplexDEW (Davies),isobar,0.0859,250.0,0.006626063088106662,0.00013346513654104058,0.00577547386578043,1.8080063164630815
PerplexDEW (Davies),isobar,0.0859,251.010101010101,0.006699949077937639,0.00013571704435764065,0.005840489287401485,1.8175504908536955
PerplexDEW (Davies),isobar,0.0859,252.02020202020202,0.006774310843933326,0.00013765296432943387,0.005811949012743594,1.858062457859767
PerplexDEW (Davies),isobar,0.0859,253.03030303030303,0.00684914083149399,0.00014029724723456016,0.005971773613826657,1.8366761867507246
PerplexDEW (Davies),isobar,0.0859,254.04040404040404,,6.769707825860136,9.785899468670134,10.000005256696163
PerplexDEW (Davies),isobar,0.0859,255.05050505050505,,,,
PerplexDEW (Davies),isobar,0.0859,256.06060606060606,,,,
PerplexDEW (Davies),isobar,0.0859,257.07070707070704,,,,
PerplexDEW (Davies),isobar,0.0859,258.0808080808081,,,,
PerplexDEW (Davies),isobar,0.0859,259.09090909090907,,,,
PerplexDEW (Davies),isobar,0.0859,260.1010101010101,,,,
PerplexDEW (Davies),isobar,0.0859,261.1111111111111,0.007463988480099577,0.00015897825626027282,0.006404548873058523,0.8947776406885979
PerplexDEW (Davies),isobar,0.0859,262.1212121212121,0.007542765576459343,0.00016215341639786248,0.006582183898011518,1.9231920805573834
PerplexDEW (Davies),isobar,0.0859,263.1313131313131,0.007621940763425905,0.00016470508327718597,0.006651861254779869,1.9328318283478823
PerplexDEW (Davies),isobar,0.0859,264.14141414141415,0.007701507301783342,0.00016728073917084835,0.006721882520389534,1.9424733268997698
PerplexDEW (Davies),isobar,0.0859,265.1515151515151,0.007781455788716489,0.0001698801498013676,0.0067922392159546485,1.9521154989983374
PerplexDEW (Davies),isobar,0.0859,266.16161616161617,0.007861773973742617,0.00017250300017774954,0.006862920336334963,1.9617569885222865
PerplexDEW (Davies),isobar,0.0859,267.17171717171715,0.007942451577398526,0.00017514901418569902,0.0069339166130797,1.9713966630602189
PerplexDEW (Davies),isobar,0.0859,268.1818181818182,0.008023477921930018,0.0001778178957957345,0.00700521841866226,1.9810333655730539
PerplexDEW (Davies),isobar,0.0859,269.19191919191917,0.008104844502536726,0.00018050939454126094,0.00707681804282635,1.9906661770337881
PerplexDEW (Davies),isobar,0.0859,270.2020202020202,0.008186534699279642,0.00018322304216426374,0.007148700584081872,2.0002933661169817
PerplexDEW (Davies),isobar,0.0859,271.2121212121212,0.008268536475885173,0.0001859584753194017,0.007220855190773385,2.0099136910763247
PerplexDEW (Davies),isobar,0.0859,272.22222222222223,0.008350831971642606,0.0001887151677487097,0.007293265845095055,2.019525341132634
PerplexDEW (Davies),isobar,0.0859,273.2323232323232,0.008433416239090849,0.00019149291718807064,0.007365927959532318,2.029127825652505
PerplexDEW (Davies),isobar,0.0859,274.24242424242425,0.008516267706297912,0.00019429107601165904,0.007438822213470472,2.038718999212454
PerplexDEW (Davies),isobar,0.0859,275.25252525252523,0.008599375117657116,0.0001971092533078156,0.007511938417057844,2.0482977723287203
PerplexDEW (Davies),isobar,0.0859,276.26262626262627,0.008682715482705753,0.00019994673409633645,0.007585255973490954,2.0578619085253154
PerplexDEW (Davies),isobar,0.0859,277.27272727272725,0.00876627642126678,0.00020280307030186314,0.00765876367983433,2.0674102477141427
PerplexDEW (Davies),isobar,0.0859,278.2828282828283,0.008850042282374211,0.00020567771401901037,0.00773244742721867,2.0769413224862388
PerplexDEW (Davies),isobar,0.0859,279.2929292929293,0.008933990945854045,0.0002085699279717109,0.007806287362606296,2.0864530522813713
PerplexDEW (Davies),isobar,0.0859,280.3030303030303,0.009018099432550322,0.00021147893374625658,0.007880262860341079,2.095943300920461
PerplexDEW (Davies),isobar,0.0859,281.3131313131313,0.009102356158487661,0.0002144042480396126,0.007954363391541978,2.105411062778951
PerplexDEW (Davies),isobar,0.0859,282.32323232323233,0.009186727558569287,0.00021734476864175665,0.008028558922054462,2.1148532230373416
PerplexDEW (Davies),isobar,0.0859,283.3333333333333,0.009271203883830757,0.00022030003080103218,0.008102840533340129,2.124268995006302
PerplexDEW (Davies),isobar,0.0859,284.34343434343435,0.009355756138580739,0.00022326902152473548,0.008177182223867287,2.1336557566256986
PerplexDEW (Davies),isobar,0.0859,285.35353535353534,0.00944035420411937,0.0002262506741557909,0.008251556982452703,2.1430108119282156
PerplexDEW (Davies),isobar,0.0859,286.3636363636364,0.009524979990514862,0.00022924423954142744,0.008325948462235583,2.1523326387842325
PerplexDEW (Davies),isobar,0.0859,287.37373737373736,0.009609594934352624,0.00023224837094969165,0.008400322133556778,2.161617795082561
PerplexDEW (Davies),isobar,0.0859,288.3838383838384,0.009694186014245635,0.0002352624242050448,0.008474666129124488,2.170865284958997
PerplexDEW (Davies),isobar,0.0859,289.3939393939394,0.009778712645178279,0.00023828495035721844,0.008548944100680366,2.1800715329377494
PerplexDEW (Davies),isobar,0.0859,290.4040404040404,0.00986314656671871,0.00024131482757956837,0.008623130629292083,2.1892341569972324
PerplexDEW (Davies),isobar,0.0859,291.4141414141414,0.009947458649818613,0.0002443508872858765,0.008697199514127237,2.19835071761742
PerplexDEW (Davies),isobar,0.0859,292.42424242424244,0.010031604545299683,0.0002473914938330298,0.008771111022594766,2.2074173870043445
PerplexDEW (Davies),isobar,0.0859,293.4343434343434,0.010115560005928476,0.00025043557096803394,0.008844843265730522,2.216432236491887
PerplexDEW (Davies),isobar,0.0859,294.44444444444446,0.010199270781251548,0.0002534811368195141,0.00891834768587872,2.225390588012875
PerplexDEW (Davies),isobar,0.0859,295.45454545454544,0.01028271781500227,0.0002565272176311094,0.008991606983202883,2.2342910433417913
PerplexDEW (Davies),isobar,0.0859,296.4646464646465,0.010365836445947825,0.00025957146189953376,0.009064563318038506,2.243128036757588
PerplexDEW (Davies),isobar,0.0859,297.47474747474746,0.010448597766753945,0.00026261254779867416,0.00913719061061151,2.2518993198467756
PerplexDEW (Davies),isobar,0.0859,298.4848484848485,0.01053094112112986,0.00026564817365866444,0.009209434546808625,2.2605997712027097
PerplexDEW (Davies),isobar,0.0859,299.4949494949495,0.010612835121678774,0.00026867688478123696,0.009281266817229626,2.2692269678845367
PerplexDEW (Davies),isobar,0.0859,300.5050505050505,0.010694215731028965,0.0002716962078617241,0.009352630070115024,2.277775549317523
PerplexDEW (Davies),isobar,0.0859,301.5151515151515,0.010775024636354361,0.00027470380210671823,0.009423472024624888,2.28624071525057
PerplexDEW (Davies),isobar,0.0859,302.52525252525254,0.010855209755512187,0.00027769747956081145,0.009493745925037947,2.294618259797283
PerplexDEW (Davies),isobar,0.0859,303.5353535353535,0.010934709081931566,0.00028067470983435754,0.00956339617329871,2.3029031138573735
PerplexDEW (Davies),isobar,0.0859,304.54545454545456,0.011013458543630065,0.00028363285726599926,0.009632365317051209,2.311090056013398
PerplexDEW (Davies),isobar,0.0859,305.55555555555554,0.011091374827997762,0.0002865686422691913,0.009700578767146917,2.3191721821954348
PerplexDEW (Davies),isobar,0.0859,306.5656565656566,0.011168397607996306,0.0002894794544052761,0.009767982366395605,2.32714467348143
PerplexDEW (Davies),isobar,0.0859,307.57575757575756,0.011244456033666006,0.00029236231188662005,0.009834512579706516,2.33500179686789
PerplexDEW (Davies),isobar,0.0859,308.5858585858586,0.011319441350163936,0.00029521298441186056,0.009900072117900215,2.3427344936085146
PerplexDEW (Davies),isobar,0.0859,309.5959595959596,0.011393285838307255,0.00029802848310970414,0.009964600192923894,2.350337371967358
PerplexDEW (Davies),isobar,0.0859,310.6060606060606,0.0114658832971669,0.0003008045434752648,0.010028001746474722,2.3578016650813947
PerplexDEW (Davies),isobar,0.0859,311.6161616161616,0.011537123716776801,0.0003035367133764956,0.010090178305581236,2.3651183054807468
PerplexDEW (Davies),isobar,0.0859,312.62626262626264,0.011606912030847804,0.0003062209579153248,0.010151044681464199,2.372279562441713
PerplexDEW (Davies),isobar,0.0859,313.6363636363636,0.01167513116490569,0.00030885247013467384,0.010210496071524033,2.379275790456333
PerplexDEW (Davies),isobar,0.0859,314.64646464646466,0.011741640736844257,0.00031142561284640545,0.01026840689524913,2.386095325643665
PerplexDEW (Davies),isobar,0.0859,315.65656565656565,0.01180631487784394,0.0003139351434844929,0.010324664474479463,2.3927277869225385
PerplexDEW (Davies),isobar,0.0859,316.6666666666667,0.01186898393860899,0.00031637430456037076,0.010379117116347009,2.3991589834652514
PerplexDEW (Davies),isobar,0.0859,317.67676767676767,0.011929512219224272,0.0003187373667306387,0.010431643345275852,2.4053776797794817
PerplexDEW (Davies),isobar,0.0859,318.6868686868687,0.011987698718771238,0.0003210163543472844,0.010482063496407575,2.4113669512343625
PerplexDEW (Davies),isobar,0.0859,319.6969696969697,0.012043355615824342,0.0003232036215306314,0.010530209621802834,2.4171110004095033
PerplexDEW (Davies),isobar,0.0859,320.7070707070707,0.012096288618892795,0.00032529120510861,0.0105759079922612,2.422593426987043
PerplexDEW (Davies),isobar,0.0859,321.7171717171717,0.012146233434622067,0.0003272686817180013,0.010618922487739957,2.4277917131290168
PerplexDEW (Davies),isobar,0.0859,322.72727272727275,0.012192937364946532,0.0003291258825350418,0.010659027300259152,2.4326842679320118
PerplexDEW (Davies),isobar,0.0859,323.73737373737373,0.01223611717725984,0.0003308514742153405,0.01069596939983146,2.437246747380104
PerplexDEW (Davies),isobar,0.0859,324.74747474747477,0.012275435702709264,0.0003324321438110041,0.01072944767944101,2.4414499968689127
PerplexDEW (Davies),isobar,0.0859,325.75757575757575,0.012310521278702859,0.00033385323359195167,0.010759130284085146,2.445261681843313
PerplexDEW (Davies),isobar,0.0859,326.7676767676768,0.012340943782972059,0.00033509790075547733,0.010784633256798723,2.4486441507452583
PerplexDEW (Davies),isobar,0.0859,327.77777777777777,0.012366234635876484,0.00033614777823665,0.010805538376644185,2.4515560737950794
PerplexDEW (Davies),isobar,0.0859,328.7878787878788,0.01238583923133578,0.0003369813122121732,0.010821350771870606,2.4539482166472415
PerplexDEW (Davies),isobar,0.0859,329.7979797979798,0.012399089419356071,0.0003375727635743529,0.010831474406897306,2.455760895821666
PerplexDEW (Davies),isobar,0.0859,330.80808080808083,0.012405174358954133,0.0003378911375346788,0.010835186125222072,2.456921217975071
PerplexDEW (Davies),isobar,0.0859,331.8181818181818,0.01240320556939251,0.0003379024010779823,0.010831693684250781,2.457348395825401
PerplexDEW (Davies),isobar,0.0859,332.82828282828285,0.012391972349599647,0.0003375608726649754,0.010819917782687784,2.4569320609478447
PerplexDEW (Davies),isobar,0.0859,333.83838383838383,0.012370072729872115,0.00033681370212254613,0.01079860890065809,2.455542906187239
PerplexDEW (Davies),isobar,0.0859,334.8484848484849,388.5590454325439,388.5590454325438,388.5590454325439,388.55904543254394
PerplexDEW (Davies),isobar,0.0859,335.85858585858585,388.5590454325439,388.5590454325438,388.5590454325439,388.55904543254394
PerplexDEW (Davies),isobar,0.0859,336.8686868686869,388.5590454325439,388.5590454325438,388.5590454325439,388.55904543254394
PerplexDEW (Davies),isobar,0.0859,337.8787878787879,388.5590454325439,388.5590454325438,388.5590454325439,388.55904543254394
PerplexDEW (Davies),isobar,0.0859,338.8888888888889,388.5590454325439,388.5590454325438,388.5590454325439,388.55904543254394
PerplexDEW (Davies),isobar,0.0859,339.8989898989899,388.5590454325439,388.5590454325438,388.5590454325439,388.55904543254394
PerplexDEW (Davies),isobar,0.0859,340.90909090909093,388.5590454325439,388.5590454325438,388.5590454325439,388.55904543254394
PerplexDEW (Davies),isobar,0.0859,341.9191919191919,388.5590454325439,388.5590454325438,388.5590454325439,388.55904543254394
PerplexDEW (Davies),isobar,0.0859,342.92929292929296,388.5590454325439,388.5590454325438,388.5590454325439,388.55904543254394
PerplexDEW (Davies),isobar,0.0859,343.93939393939394,388.5590454325439,388.5590454325438,388.5590454325439,388.55904543254394
PerplexDEW (Davies),isobar,0.0859,344.949494949495,388.5590454325439,388.5590454325438,388.5590454325439,388.55904543254394
PerplexDEW (Davies),isobar,0.0859,345.95959595959596,388.5590454325439,388.5590454325438,388.5590454325439,388.55904543254394
PerplexDEW (Davies),isobar,0.0859,346.969696969697,388.5590454325439,388.5590454325438,388.5590454325439,388.55904543254394
PerplexDEW (Davies),isobar,0.0859,347.979797979798,388.5590454325439,388.5590454325438,388.5590454325439,388.55904543254394
PerplexDEW (Davies),isobar,0.0859,348.98989898989896,388.5590454325439,388.5590454325438,388.5590454325439,388.55904543254394
PerplexDEW (Davies),isobar,0.0859,350.0,388.5590454325439,388.5590454325438,388.5590454325439,388.55904543254394
PerplexDEW (Davies),isobar,0.1067,268.0,0.008055514521608182,0.0001785187709709299,0.007033643411960284,1.9842009030552772
PerplexDEW (Davies),isobar,0.1067,269.010101010101,0.008137947744926757,0.0001812423706253851,0.0071061948703622,1.9939245498607792
PerplexDEW (Davies),isobar,0.1067,270.020202020202,0.008220741161102562,0.00018398943261478212,0.007179061948429312,2.003645517855918
PerplexDEW (Davies),isobar,0.1067,271.030303030303,0.00830388370414863,0.00018675963720569058,0.007252234666053814,2.0133626317665643
PerplexDEW (Davies),isobar,0.1067,272.04040404040404,0.008387358525747821,0.00018955250358730172,0.0073256979146753415,2.023074152128414
PerplexDEW (Davies),isobar,0.1067,273.050505050505,0.00847115892907257,0.00019236780292257086,0.007399445569596829,2.032779380075013
PerplexDEW (Davies),isobar,0.1067,274.06060606060606,0.00855526981023432,0.0001952050769346774,0.007473464052980211,2.0424767876159597
PerplexDEW (Davies),isobar,0.1067,275.07070707070704,0.008639675463005987,0.00019806383827882293,0.007547739244783469,2.0521648088533104
PerplexDEW (Davies),isobar,0.1067,276.0808080808081,0.008724359565165417,0.00020094356966495643,0.007622256470432839,2.0618418391464326
PerplexDEW (Davies),isobar,0.1067,277.09090909090907,0.008809310933947812,0.00020384387783718022,0.007697005602771551,2.071506800448824
PerplexDEW (Davies),isobar,0.1067,278.1010101010101,0.008894512224336636,0.0002067641924355723,0.007771971045336813,2.081158025157634
PerplexDEW (Davies),isobar,0.1067,279.1111111111111,0.008979945439556259,0.00020970391076023995,0.007847136614864924,2.0907938046897345
PerplexDEW (Davies),isobar,0.1067,280.1212121212121,0.009065591916870336,0.00021266239683922675,0.007922485528478521,2.100412388572506
PerplexDEW (Davies),isobar,0.1067,281.1313131313131,0.00915143842320334,0.00021563914837599785,0.007998005810479622,2.1100125729050228
PerplexDEW (Davies),isobar,0.1067,282.14141414141415,0.009237458986314352,0.0002186332988979647,0.008073674177461635,2.11959194314991
PerplexDEW (Davies),isobar,0.1067,283.1515151515151,0.009323639148764435,0.00022164428179710579,0.008149477550546364,2.129149219078738
PerplexDEW (Davies),isobar,0.1067,284.16161616161617,0.009409951335514156,0.00022467115085433317,0.008225391203817833,2.1386818840971427
PerplexDEW (Davies),isobar,0.1067,285.17171717171715,0.00949637981017183,0.00022771327143485243,0.008301400906029368,2.1481885779150067
PerplexDEW (Davies),isobar,0.1067,286.1818181818182,0.009582895331248958,0.0002307696133381101,0.008377480431405827,2.157666677481641
PerplexDEW (Davies),isobar,0.1067,287.19191919191917,0.009669480827958165,0.00023383947008595316,0.008453614346409111,2.1671147385088476
PerplexDEW (Davies),isobar,0.1067,288.2020202020202,0.00975610532777706,0.00023692172315243644,0.008529774867254494,2.1765300268614807
PerplexDEW (Davies),isobar,0.1067,289.2121212121212,0.009842743526370129,0.00024001539356503212,0.008605939230651127,2.1859103709015484
PerplexDEW (Davies),isobar,0.1067,290.22222222222223,0.009929369304554297,0.00024311945900512083,0.008682083939608645,2.1952535466027943
PerplexDEW (Davies),isobar,0.1067,291.2323232323232,0.010015948675451658,0.0002462326481634897,0.008758178498263847,2.204556623917272
PerplexDEW (Davies),isobar,0.1067,292.24242424242425,0.010102460683554531,0.0002493540453479643,0.008834203974560953,2.213817909332769
PerplexDEW (Davies),isobar,0.1067,293.25252525252523,0.010188862196138411,0.0002524820662120487,0.008910121724406871,2.2230336820661463
PerplexDEW (Davies),isobar,0.1067,294.26262626262627,0.010275123069239896,0.0002556154791787541,0.008985904629236716,2.2322014544210615
PerplexDEW (Davies),isobar,0.1067,295.27272727272725,0.010361212252742252,0.0002587530030759132,0.00906152475478422,2.241318678870287
PerplexDEW (Davies),isobar,0.1067,296.2828282828283,0.010447090230874128,0.0002618930807292432,0.009136946631471694,2.2503820596833655
PerplexDEW (Davies),isobar,0.1067,297.2929292929293,0.010532716131277774,0.00026503408574889804,0.009212133569968778,2.2593882097286713
PerplexDEW (Davies),isobar,0.1067,298.3030303030303,0.010618047697602774,0.0002681743207206264,0.009287047636621817,2.268333648040604
PerplexDEW (Davies),isobar,0.1067,299.3131313131313,0.01070304912424695,0.00027131225391199983,0.009361656620065514,2.2772155060759833
PerplexDEW (Davies),isobar,0.1067,300.32323232323233,0.010787667659463205,0.000274445810968677,0.009435913227844855,2.2860294137395782
PerplexDEW (Davies),isobar,0.1067,301.3333333333333,0.010871856734229818,0.000277573070662777,0.009509775649449947,2.294771593448808
PerplexDEW (Davies),isobar,0.1067,302.34343434343435,0.01095556828623302,0.00028069203342527885,0.009583200732250118,2.3034381632276206
PerplexDEW (Davies),isobar,0.1067,303.35353535353534,0.011038752732865283,0.0002838006195112006,0.00965614395739491,2.3120251338396782
PerplexDEW (Davies),isobar,0.1067,304.3636363636364,0.011121342110527108,0.0002868961431796858,0.009728544437944013,2.320526911537561
PerplexDEW (Davies),isobar,0.1067,305.37373737373736,0.011203291559616052,0.0002899765963056516,0.009800361825841822,2.3289399907168806
PerplexDEW (Davies),isobar,0.1067,306.3838383838384,0.011284529126935687,0.0002930390885301682,0.009871531651070646,2.3372584906245075
PerplexDEW (Davies),isobar,0.1067,307.3939393939394,0.011364989053857565,0.0002960808781394748,0.009941994937236114,2.3454771156719945
PerplexDEW (Davies),isobar,0.1067,308.4040404040404,0.011444612318433934,0.0002990993944754146,0.010011698688358803,2.353591191376009
PerplexDEW (Davies),isobar,0.1067,309.4141414141414,0.011523311185062873,0.00030209111239107674,0.010080564333738086,2.3615935485875723
PerplexDEW (Davies),isobar,0.1067,310.42424242424244,0.011601003862053823,0.00030505264160462847,0.010148518572556216,2.3694775783622304
PerplexDEW (Davies),isobar,0.1067,311.4343434343434,0.011677624298664284,0.0003079810474796291,0.010215502101803789,2.3772380735323067
PerplexDEW (Davies),isobar,0.1067,312.44444444444446,0.011753067154989609,0.00031087208227466274,0.01028142061946151,2.3848664232202665
PerplexDEW (Davies),isobar,0.1067,313.45454545454544,0.011827232758981707,0.00031372161776006753,0.010346184847644102,2.3923545460366706
PerplexDEW (Davies),isobar,0.1067,314.4646464646465,0.01190003728841514,0.0003165259830810755,0.010409719606193784,2.3996957584334244
PerplexDEW (Davies),isobar,0.1067,315.47474747474746,0.011971355502154892,0.0003192800974653805,0.010471912807678129,2.4068798059867937
PerplexDEW (Davies),isobar,0.1067,316.4848484848485,0.012041087277583216,0.0003219796341951843,0.01053267471787658,2.413898628295971
PerplexDEW (Davies),isobar,0.1067,317.4949494949495,0.012109079433350725,0.00032461845041206484,0.01059186831739076,2.420739600300447
PerplexDEW (Davies),isobar,0.1067,318.5050505050505,0.012175213656137607,0.00032719147489141857,0.010649387627821078,2.427393117450817
PerplexDEW (Davies),isobar,0.1067,319.5151515151515,0.01223932689847331,0.00032969207430663563,0.010705086795758108,2.4338457287810003
PerplexDEW (Davies),isobar,0.1067,320.52525252525254,0.01230127109105405,0.0003321140267046644,0.01075883329322699,2.4400852688900208
PerplexDEW (Davies),isobar,0.1067,321.5353535353535,0.012360882797298725,0.00033445051100605087,0.010810480882500278,2.4460982365627526
PerplexDEW (Davies),isobar,0.1067,322.54545454545456,0.012417950466077332,0.0003366929884456434,0.01085984042768362,2.4518669875874037
PerplexDEW (Davies),isobar,0.1067,323.55555555555554,0.012472254883721938,0.00033883254621479996,0.010906715941881548,2.457373190494123
PerplexDEW (Davies),isobar,0.1067,324.5656565656566,0.012523590986197944,0.0003408606403292116,0.010950924035595019,2.462599664263099
PerplexDEW (Davies),isobar,0.1067,325.57575757575756,0.012571702654304075,0.00034276687233762335,0.010992235799560799,2.46752478596619
PerplexDEW (Davies),isobar,0.1067,326.5858585858586,0.012616279878276213,0.0003445388594067513,0.011030374270934708,2.4721222302676615
PerplexDEW (Davies),isobar,0.1067,327.5959595959596,0.012657024096222325,0.00034616446158623927,0.011065072684674932,2.476366503686321
PerplexDEW (Davies),isobar,0.1067,328.6060606060606,0.012693603507598964,0.00034763024436001777,0.011096034645514494,2.480229085444096
PerplexDEW (Davies),isobar,0.1067,329.6161616161616,0.01272555840314644,0.000348918162783264,0.0111228497207294,2.483670302137721
PerplexDEW (Davies),isobar,0.1067,330.62626262626264,0.012752482759457286,0.00035001183923039796,0.011145155362340835,2.4866547216109427
PerplexDEW (Davies),isobar,0.1067,331.6363636363636,0.012773813615207465,0.00035088921280668195,0.011162449119746343,2.489133095723977
PerplexDEW (Davies),isobar,0.1067,332.64646464646466,0.012788919192671628,0.0003515255578079263,0.011174167228038524,2.4910497188339478
PerplexDEW (Davies),isobar,0.1067,333.65656565656565,0.012797145078801177,0.0003518950931530091,0.011179725821887164,2.4923461849875146
PerplexDEW (Davies),isobar,0.1067,334.6666666666667,0.012797566967231198,0.0003519622146328023,0.011178300479487861,2.492939984017551
PerplexDEW (Davies),isobar,0.1067,335.67676767676767,0.012789126874903092,0.00035168621554522824,0.011168947749984118,2.4927357158748027
PerplexDEW (Davies),isobar,0.1067,336.6868686868687,0.012770577441807691,0.00035101926452569935,0.011150555571591544,2.4916197651873015
PerplexDEW (Davies),isobar,0.1067,337.6969696969697,,,,
PerplexDEW (Davies),isobar,0.1067,338.7070707070707,,,,
PerplexDEW (Davies),isobar,0.1067,339.7171717171717,,,,
PerplexDEW (Davies),isobar,0.1067,340.72727272727275,,,,
PerplexDEW (Davies),isobar,0.1067,341.73737373737373,,,,
PerplexDEW (Davies),isobar,0.1067,342.74747474747477,,,,
PerplexDEW (Davies),isobar,0.1067,343.75757575757575,,,,
PerplexDEW (Davies),isobar,0.1067,344.7676767676768,,,,
PerplexDEW (Davies),isobar,0.1067,345.77777777777777,,,,
PerplexDEW (Davies),isobar,0.1067,346.7878787878788,,,,
PerplexDEW (Davies),isobar,0.1067,347.7979797979798,,,,
PerplexDEW (Davies),isobar,0.1067,348.80808080808083,,,,
PerplexDEW (Davies),isobar,0.1067,349.8181818181818,,,,
PerplexDEW (Davies),isobar,0.1067,350.82828282828285,,,,
PerplexDEW (Davies),isobar,0.1067,351.83838383838383,,,,
PerplexDEW (Davies),isobar,0.1067,352.8484848484849,,,,
PerplexDEW (Davies),isobar,0.1067,353.85858585858585,,,,
PerplexDEW (Davies),isobar,0.1067,354.8686868686869,,,,
PerplexDEW (Davies),isobar,0.1067,355.8787878787879,,,,
PerplexDEW (Davies),isobar,0.1067,356.8888888888889,,,,
PerplexDEW (Davies),isobar,0.1067,357.8989898989899,,,,
PerplexDEW (Davies),isobar,0.1067,358.90909090909093,,,,
PerplexDEW (Davies),isobar,0.1067,359.9191919191919,,,,
PerplexDEW (Davies),isobar,0.1067,360.92929292929296,,,,
PerplexDEW (Davies),isobar,0.1067,361.93939393939394,,,,
PerplexDEW (Davies),isobar,0.1067,362.949494949495,,,,
PerplexDEW (Davies),isobar,0.1067,363.95959595959596,,,,
PerplexDEW (Davies),isobar,0.1067,364.969696969697,,,,
PerplexDEW (Davies),isobar,0.1067,365.979797979798,,,,
PerplexDEW (Davies),isobar,0.1067,366.98989898989896,,,,
PerplexDEW (Davies),isobar,0.1067,368.0,,,,
PerplexDEW (Davies),isobar,0.1281,280.0,0.009117677487668351,0.00021400627353094538,0.00796874268235178,2.105408092811983
PerplexDEW (Davies),isobar,0.1281,281.010101010101,0.00920507187175897,0.00021703393050607393,0.008045645142596772,2.115133820728422
PerplexDEW (Davies),isobar,0.1281,282.020202020202,0.00929269114086255,0.0002200809160404267,0.008122741161877247,2.124842700164641
PerplexDEW (Davies),isobar,0.1281,283.030303030303,0.009380522129326548,0.0002231467242313957,0.00820001882191785,2.1345335398956196
PerplexDEW (Davies),isobar,0.1281,284.04040404040404,0.00946854497571602,0.00022623064992868876,0.008277460256588315,2.1442045257503297
PerplexDEW (Davies),isobar,0.1281,285.050505050505,0.009556742332606158,0.00022933204223864656,0.00835504982193411,2.1538541041146773
PerplexDEW (Davies),isobar,0.1281,286.06060606060606,0.009645089776696486,0.00023245003544293362,0.008432765585083775,2.1634800729863994
PerplexDEW (Davies),isobar,0.1281,287.07070707070704,0.009733561964185582,0.00023558371832152266,0.008510584784896483,2.1730801719585675
PerplexDEW (Davies),isobar,0.1281,288.0808080808081,0.009822139333525179,0.00023873232501421396,0.008588489783424578,2.182652708943713
PerplexDEW (Davies),isobar,0.1281,289.09090909090907,0.009910805151153388,0.00024189515471199143,0.008666465446222852,2.1921962734013514
PerplexDEW (Davies),isobar,0.1281,290.1010101010101,0.00999952154092823,0.00024507088105951187,0.008744477853625974,2.2017075083789943
PerplexDEW (Davies),isobar,0.1281,291.1111111111111,0.010088270091943824,0.0002482587155305193,0.008822510360975578,2.2111848971357735
PerplexDEW (Davies),isobar,0.1281,292.1212121212121,0.01017702485579573,0.0002514576338528961,0.008900539620412328,2.22062624318418
PerplexDEW (Davies),isobar,0.1281,293.1313131313131,0.010265759054446415,0.0002546665671171262,0.008978541536985562,2.2300292972345512
PerplexDEW (Davies),isobar,0.1281,294.14141414141415,0.010354430441823465,0.00025788396868783273,0.009056478259560925,2.239390420761223
PerplexDEW (Davies),isobar,0.1281,295.1515151515151,0.010443024748547147,0.00026110909230657616,0.009134336785895463,2.248708562947828
PerplexDEW (Davies),isobar,0.1281,296.16161616161617,0.010531497573720957,0.00026434027924591535,0.009212077325936374,2.257979945315872
PerplexDEW (Davies),isobar,0.1281,297.17171717171715,0.010619818031353286,0.00026757624464998154,0.009289672087869547,2.267202052138321
PerplexDEW (Davies),isobar,0.1281,298.1818181818182,0.01070794658662972,0.000270815419469805,0.009367085579557576,2.2763716118089716
PerplexDEW (Davies),isobar,0.1281,299.19191919191917,0.01079585800748503,0.0002740566399802514,0.009444295014041272,2.285486667769299
PerplexDEW (Davies),isobar,0.1281,300.2020202020202,0.010883494765941519,0.00027729773809043515,0.009521248874465066,2.2945423884808487
PerplexDEW (Davies),isobar,0.1281,301.2121212121212,0.010970829258874146,0.00028053742325392017,0.00959792224097993,2.3035366589918236
PerplexDEW (Davies),isobar,0.1281,302.22222222222223,0.011057808833654842,0.00028377361231352,0.009674267903087185,2.3124651512934613
PerplexDEW (Davies),isobar,0.1281,303.2323232323232,0.011144395476794433,0.0002870046390598394,0.009750251657548465,2.3213248728476925
PerplexDEW (Davies),isobar,0.1281,304.24242424242425,0.011230533357236552,0.0002902282555574244,0.009825823436775235,2.330111278524738
PerplexDEW (Davies),isobar,0.1281,305.25252525252523,0.011316181672971291,0.0002934426459775602,0.009900946530595575,2.338821183436449
PerplexDEW (Davies),isobar,0.1281,306.26262626262627,0.011401272683190742,0.00029664511890216394,0.009975560242959133,2.3474490577031815
PerplexDEW (Davies),isobar,0.1281,307.27272727272725,0.011485762343071694,0.0002998336865946254,0.010049624949602072,2.3559914889121694
PerplexDEW (Davies),isobar,0.1281,308.2828282828283,0.011569587764789785,0.00030300573280677144,0.01012308424218512,2.364443437568885
PerplexDEW (Davies),isobar,0.1281,309.2929292929293,0.011652674981160613,0.00030615824605501784,0.010195871831819747,2.3727989329614196
PerplexDEW (Davies),isobar,0.1281,310.3030303030303,0.011734974671340714,0.00030928895716510023,0.010267943355185633,2.3810541825024236
PerplexDEW (Davies),isobar,0.1281,311.3131313131313,0.011816408656433752,0.0003123946344274894,0.010339228741690012,2.389202908784156
PerplexDEW (Davies),isobar,0.1281,312.32323232323233,0.011896896050501031,0.00031547190840881914,0.010409655490864131,2.3972386359628546
PerplexDEW (Davies),isobar,0.1281,313.3333333333333,0.011976372134642824,0.0003185178845193684,0.010479165483419746,2.4051563131484164
PerplexDEW (Davies),isobar,0.1281,314.34343434343435,0.012054741629617787,0.00032152862827187036,0.010547673366325469,2.4129482781165676
PerplexDEW (Davies),isobar,0.1281,315.35353535353534,0.012131915626222728,0.00032450035539081994,0.01061509944060052,2.420607448782842
PerplexDEW (Davies),isobar,0.1281,316.3636363636364,0.012207792482860235,0.000327428806970886,0.010681352646596604,2.428125676683227
PerplexDEW (Davies),isobar,0.1281,317.37373737373736,0.012282287051146612,0.00033031020948329524,0.010746356601487782,2.4354962467911165
PerplexDEW (Davies),isobar,0.1281,318.3838383838384,0.012355271309334451,0.00033313931080379674,0.010809996705659686,2.442708798405428
PerplexDEW (Davies),isobar,0.1281,319.3939393939394,0.012426653577393186,0.00033591199908857846,0.010872190723642487,2.4497560891413794
PerplexDEW (Davies),isobar,0.1281,320.4040404040404,0.012496277419601992,0.00033862193343845587,0.010932798695716776,2.456625375390937
PerplexDEW (Davies),isobar,0.1281,321.4141414141414,0.012564022621476975,0.00034126390542046404,0.010991712921378533,2.463307007833758
PerplexDEW (Davies),isobar,0.1281,322.42424242424244,0.012629743977980185,0.00034383179206457073,0.011048803410918583,2.4697892142026316
PerplexDEW (Davies),isobar,0.1281,323.4343434343434,0.012693291438894113,0.0003463192249489808,0.011103935839234923,2.476059805459465
PerplexDEW (Davies),isobar,0.1281,324.44444444444446,0.012754477307257206,0.00034871846651811036,0.011156942303706986,2.482103395726115
PerplexDEW (Davies),isobar,0.1281,325.45454545454544,0.012813107262444693,0.0003510214503438174,0.011207648977245759,2.4879040200468636
PerplexDEW (Davies),isobar,0.1281,326.4646464646465,0.012869002676216884,0.0003532205488366573,0.011255896010783436,2.493446995999812
PerplexDEW (Davies),isobar,0.1281,327.47474747474746,0.012921933943526174,0.00035530627816714904,0.011301478092432109,2.498713284518826
PerplexDEW (Davies),isobar,0.1281,328.4848484848485,0.012971640557083051,0.00035726796336698366,0.011344162342063164,2.5036811697522228
PerplexDEW (Davies),isobar,0.1281,329.4949494949495,0.013017852860397371,0.0003590944804105825,0.01138370771209935,2.508328062881218
PerplexDEW (Davies),isobar,0.1281,330.5050505050505,0.013060268454501159,0.0003607734277177369,0.01141984395272713,2.512628482058485
PerplexDEW (Davies),isobar,0.1281,331.5151515151515,0.013098550710429441,0.0003622910570973579,0.011452270289297066,2.5165538855757097
PerplexDEW (Davies),isobar,0.1281,332.52525252525254,0.013132327286815671,0.00036363220522844,0.011480654106991176,2.52007249289782
PerplexDEW (Davies),isobar,0.1281,333.5353535353535,0.013161139829472186,0.00036477849442714583,0.011504586092570174,2.5231449844729443
PerplexDEW (Davies),isobar,0.1281,334.54545454545456,0.01318451371436813,0.0003657107694086293,0.011523642455167023,2.52573027026973
PerplexDEW (Davies),isobar,0.1281,335.55555555555554,0.013201833071543772,0.0003664046358846288,0.011537273464232146,2.5277748483852256
PerplexDEW (Davies),isobar,0.1281,336.5656565656566,0.01321248535455835,0.0003668355710779492,0.011544932435408248,2.5292248037037854
PerplexDEW (Davies),isobar,0.1281,337.57575757575756,0.01321565823562325,0.00036697164247312603,0.011545894586124119,2.5300084692204723
PerplexDEW (Davies),isobar,0.1281,338.5858585858586,0.013210407307603934,0.00036677585924013966,0.011539317478400327,2.5300417857201896
PerplexDEW (Davies),isobar,0.1281,339.5959595959596,,,,
PerplexDEW (Davies),isobar,0.1281,340.6060606060606,,,,
PerplexDEW (Davies),isobar,0.1281,341.6161616161616,,,,
PerplexDEW (Davies),isobar,0.1281,342.62626262626264,,,,
PerplexDEW (Davies),isobar,0.1281,343.6363636363636,,,,
PerplexDEW (Davies),isobar,0.1281,344.64646464646466,,,,
PerplexDEW (Davies),isobar,0.1281,345.65656565656565,,,,
PerplexDEW (Davies),isobar,0.1281,346.6666666666667,,,,
PerplexDEW (Davies),isobar,0.1281,347.67676767676767,,,,
PerplexDEW (Davies),isobar,0.1281,348.6868686868687,,,,
PerplexDEW (Davies),isobar,0.1281,349.6969696969697,,,,
PerplexDEW (Davies),isobar,0.1281,350.7070707070707,,,,
PerplexDEW (Davies),isobar,0.1281,351.7171717171717,,,,
PerplexDEW (Davies),isobar,0.1281,352.72727272727275,,,,
PerplexDEW (Davies),isobar,0.1281,353.73737373737373,,,,
PerplexDEW (Davies),isobar,0.1281,354.74747474747477,,,,
PerplexDEW (Davies),isobar,0.1281,355.75757575757575,,,,
PerplexDEW (Davies),isobar,0.1281,356.7676767676768,,,,
PerplexDEW (Davies),isobar,0.1281,357.77777777777777,,,,
PerplexDEW (Davies),isobar,0.1281,358.7878787878788,,,,
PerplexDEW (Davies),isobar,0.1281,359.7979797979798,,,,
PerplexDEW (Davies),isobar,0.1281,360.80808080808083,,,,
PerplexDEW (Davies),isobar,0.1281,361.8181818181818,,,,
PerplexDEW (Davies),isobar,0.1281,362.82828282828285,,,,
PerplexDEW (Davies),isobar,0.1281,363.83838383838383,,,,
PerplexDEW (Davies),isobar,0.1281,364.8484848484849,,,,
PerplexDEW (Davies),isobar,0.1281,365.85858585858585,,,,
PerplexDEW (Davies),isobar,0.1281,366.8686868686869,,,,
PerplexDEW (Davies),isobar,0.1281,367.8787878787879,,,,
PerplexDEW (Davies),isobar,0.1281,368.8888888888889,,,,
PerplexDEW (Davies),isobar,0.1281,369.8989898989899,,,,
PerplexDEW (Davies),isobar,0.1281,370.90909090909093,,,,
PerplexDEW (Davies),isobar,0.1281,371.9191919191919,,,,
PerplexDEW (Davies),isobar,0.1281,372.92929292929296,,,,
PerplexDEW (Davies),isobar,0.1281,373.93939393939394,,,,
PerplexDEW (Davies),isobar,0.1281,374.949494949495,,,,
PerplexDEW (Davies),isobar,0.1281,375.95959595959596,,,,
PerplexDEW (Davies),isobar,0.1281,376.969696969697,,,,
PerplexDEW (Davies),isobar,0.1281,377.979797979798,,,,
PerplexDEW (Davies),isobar,0.1281,378.98989898989896,,,,
PerplexDEW (Davies),isobar,0.1281,380.0,,,,
PerplexDEW (Davies),isobar,0.15,323.95,0.012943272513458262,0.00035501524220454947,0.011326024473714814,2.497563155177837
PerplexDEW (Davies),isobar,0.15,324.18333333333334,0.012959244161320419,0.0003556395854233235,0.01133991045907251,2.49910633431278
PerplexDEW (Davies),isobar,0.15,324.41666666666663,0.01297512172503413,0.0003562603805538347,0.011353711488828341,2.5006401206394555
PerplexDEW (Davies),isobar,0.15,324.65,0.012990860726329365,0.0003568760879270908,0.011367387888841809,2.5021608026585502
PerplexDEW (Davies),isobar,0.15,324.8833333333333,0.013006503820829308,0.00035748815278874714,0.011380977687554868,2.5036719512377
PerplexDEW (Davies),isobar,0.15,325.1166666666667,0.013022050215601787,0.00035809653353562895,0.011394480171789574,2.505173504975713
PerplexDEW (Davies),isobar,0.15,325.34999999999997,0.013037455024206343,0.00035869967206122734,0.011407855308063687,2.506661722618052
PerplexDEW (Davies),isobar,0.15,325.5833333333333,0.013052761280455304,0.00035929903078455805,0.011421141464255529,2.508140202441353
PerplexDEW (Davies),isobar,0.15,325.81666666666666,0.013067946008007708,0.0003598938033826442,0.011434318144518627,2.509607032587456
PerplexDEW (Davies),isobar,0.15,326.05,0.013083008208183589,0.0003604839384962612,0.011447384451223515,2.511062135749957
PerplexDEW (Davies),isobar,0.15,326.2833333333333,0.013097946879195048,0.00036106938454819076,0.011460339483994431,2.512505434193856
PerplexDEW (Davies),isobar,0.15,326.51666666666665,0.013112761016168437,0.00036165008974462415,0.011473182339732955,2.513936849752953
PerplexDEW (Davies),isobar,0.15,326.75,0.01312742717433765,0.0003622252258623744,0.011485892102530502,2.515354434845956
PerplexDEW (Davies),isobar,0.15,326.98333333333335,0.013141989150743183,0.00036279629007122336,0.011498507825238508,2.5167618434621057
PerplexDEW (Davies),isobar,0.15,327.21666666666664,0.013156423560110785,0.0003633624567489111,0.011511008645410402,2.5181571320642915
PerplexDEW (Davies),isobar,0.15,327.45,0.013170706751274285,0.0003639228879063681,0.011523373462142938,2.5195383368695445
PerplexDEW (Davies),isobar,0.15,327.68333333333334,0.01318486020644654,0.0003644783099136973,0.011535621427772199,2.5209072513788673
PerplexDEW (Davies),isobar,0.15,327.9166666666667,0.013198882902416855,0.000365028669683749,0.011547751623048847,2.5222637947247506
PerplexDEW (Davies),isobar,0.15,328.15,0.013212773813078471,0.00036557391392288204,0.011559763126178558,2.523607885589942
PerplexDEW (Davies),isobar,0.15,328.3833333333333,0.013226509010323928,0.000366113191515606,0.011571634588095805,2.524937538186414
PerplexDEW (Davies),isobar,0.15,328.6166666666667,0.013240087262728309,0.0003666464394992274,0.01158336490299005,2.526252655011645
PerplexDEW (Davies),isobar,0.15,328.84999999999997,0.013253530367670099,0.0003671743984645183,0.011594973506163108,2.527555052205816
PerplexDEW (Davies),isobar,0.15,329.0833333333333,0.013266814187917725,0.0003676962073660561,0.011606438861204597,2.528842727125409
PerplexDEW (Davies),isobar,0.15,329.31666666666666,0.013279960647954362,0.0003682126125433964,0.011617780517530608,2.530117505089839
PerplexDEW (Davies),isobar,0.15,329.55,0.013292945470835633,0.00036872274631288496,0.0116289768135847,2.5313773721117627
PerplexDEW (Davies),isobar,0.15,329.7833333333333,0.013305767408581318,0.0003692265445535543,0.011640026629074686,2.5326222278313986
PerplexDEW (Davies),isobar,0.15,330.01666666666665,0.013318425209885125,0.0003697239429116233,0.011650928840807163,2.533851971278561
PerplexDEW (Davies),isobar,0.15,330.25,0.013330917620155638,0.0003702148768029216,0.011661682322727046,2.535066500867442
PerplexDEW (Davies),isobar,0.15,330.48333333333335,0.013343243381567458,0.0003706992814157745,0.011672285945964738,2.5362657143941036
PerplexDEW (Davies),isobar,0.15,330.71666666666664,0.01335540123310887,0.000371177091713807,0.011682738578883937,2.537449509032073
PerplexDEW (Davies),isobar,0.15,330.95,0.01336736627295872,0.00037164741047759713,0.011693018000199975,2.538615819957818
PerplexDEW (Davies),isobar,0.15,331.18333333333334,0.013379184441396174,0.0003721118329898256,0.011703165185928156,2.5397684604679265
PerplexDEW (Davies),isobar,0.15,331.4166666666667,0.013390807124750853,0.0003725686264593138,0.011713136761565924,2.5409033976898847
PerplexDEW (Davies),isobar,0.15,331.65,0.013402232845604519,0.00037301771545336925,0.011722931401895472,2.542020510026159
PerplexDEW (Davies),isobar,0.15,331.8833333333333,0.01341350794234368,0.00037346071359551123,0.011732590440061275,2.5431236410345064
PerplexDEW (Davies),isobar,0.15,332.1166666666667,0.01342455940623285,0.0003738950205729205,0.0117420487361278,2.544206734982336
PerplexDEW (Davies),isobar,0.15,332.35,0.013435433637523529,0.0003743222527464019,0.011751347678911528,2.545273639412614
PerplexDEW (Davies),isobar,0.15,332.5833333333333,0.013446105235865426,0.0003747414891046236,0.011760464601075347,2.5463222466771067
PerplexDEW (Davies),isobar,0.15,332.81666666666666,0.013456548523857864,0.0003751517956159741,0.011769376587162598,2.5473504262616604
PerplexDEW (Davies),isobar,0.15,333.05,0.013466834554634398,0.00037555566778876994,0.011778147023042553,2.5483640669069727
PerplexDEW (Davies),isobar,0.15,333.2833333333333,0.013476864956635498,0.00037594959239010636,0.011786688136603784,2.5493550101826115
PerplexDEW (Davies),isobar,0.15,333.51666666666665,0.013486710982893486,0.00037633607412804665,0.011795063493089154,2.5503291598992135
PerplexDEW (Davies),isobar,0.15,333.75,0.013496346874930931,0.0003767141748847778,0.011803250104963312,2.5512843766134847
PerplexDEW (Davies),isobar,0.15,333.98333333333335,0.013505722067689805,0.00037708206987281385,0.011811202850613,2.5522164641935525
PerplexDEW (Davies),isobar,0.15,334.21666666666664,0.013514908425337846,0.0003774422921785221,0.011818985843199917,2.553131374566383
PerplexDEW (Davies),isobar,0.15,334.45,0.013523855307663746,0.0003777930133531481,0.011826553894133576,2.554024903999196
PerplexDEW (Davies),isobar,0.15,334.68333333333334,0.013532560988952742,0.00037813414537680957,0.011833905457624147,2.5548969027501887
PerplexDEW (Davies),isobar,0.15,334.9166666666667,0.01354099893523466,0.0003784647134692478,0.011841016852424823,2.555745163684254
PerplexDEW (Davies),isobar,0.15,335.15,0.013549216955699009,0.00037878639902814596,0.011847930731373505,2.5565736417356093
PerplexDEW (Davies),isobar,0.15,335.3833333333333,0.013557213524495192,0.00037909912319507397,0.011854645728220765,2.5573822015294096
PerplexDEW (Davies),isobar,0.15,335.6166666666667,0.013564912071304537,0.0003794001179306183,0.011861093515132532,2.558164484787871
PerplexDEW (Davies),isobar,0.15,335.85,0.013572360605674938,0.0003796910738256671,0.011867316924975899,2.5589244606647528
PerplexDEW (Davies),isobar,0.15,336.0833333333333,0.013579557385235546,0.00037997190168275553,0.011873314398292385,2.5596619728349905
PerplexDEW (Davies),isobar,0.15,336.31666666666666,0.013586450217922503,0.00038024069980062354,0.011879039358714339,2.5603726798902593
PerplexDEW (Davies),isobar,0.15,336.55,0.013593087524282918,0.0003804991778577211,0.011884535007738303,2.561060583004445
PerplexDEW (Davies),isobar,0.15,336.78333333333336,0.013599442191291833,0.00038074633342030537,0.011889777147584222,2.5617234181456294
PerplexDEW (Davies),isobar,0.15,337.01666666666665,0.013605512257433297,0.0003809820667823106,0.011894764023682065,2.562361005894844
PerplexDEW (Davies),isobar,0.15,337.25,0.013611270254919398,0.00038120535876184057,0.011899471121375377,2.5629710490095308
PerplexDEW (Davies),isobar,0.15,337.48333333333335,0.013616739581892922,0.00038141702209553346,0.011903919315886424,2.5635554693933558
PerplexDEW (Davies),isobar,0.15,337.7166666666667,0.013621892626162372,0.0003816160307297077,0.01190808396399867,2.564111954482237
PerplexDEW (Davies),isobar,0.15,337.95,0.013626727207650026,0.00038180227451093014,0.011911963116871434,2.564640300387185
PerplexDEW (Davies),isobar,0.15,338.18333333333334,0.013631215358983585,0.0003819747106387619,0.011915531814311148,2.5651381600206293
PerplexDEW (Davies),isobar,0.15,338.4166666666667,0.013635406397903727,0.0003821350904918112,0.011918834062961698,2.5656096029767896
PerplexDEW (Davies),isobar,0.15,338.65,0.013639246498223255,0.0003822814352381474,0.011921821827731334,2.5660501308394257
PerplexDEW (Davies),isobar,0.15,338.8833333333333,0.013642733263019936,0.00038241362441226,0.01192449296741628,2.5664595137381485
PerplexDEW (Davies),isobar,0.15,339.1166666666667,0.013645864294482312,0.0003825315374826522,0.011926845340458146,2.566837519861623
PerplexDEW (Davies),isobar,0.15,339.35,0.013648611055639357,0.00038263410479371485,0.011928853479521637,2.5671817415659595
PerplexDEW (Davies),isobar,0.15,339.5833333333333,0.013650997145004177,0.0003827221481890014,0.011930538442569182,2.567494103801023
PerplexDEW (Davies),isobar,0.15,339.81666666666666,0.013653020163839399,0.00038279554704912904,0.011931898088635158,2.5677743687073487
PerplexDEW (Davies),isobar,0.15,340.05,0.013654625012393512,0.00038285226273776924,0.01193288324715152,2.568017908806265
PerplexDEW (Davies),isobar,0.15,340.28333333333336,0.013655835289961085,0.00038289311712957333,0.01193351497838481,2.5682266423397926
PerplexDEW (Davies),isobar,0.15,340.51666666666665,0.013656621895392445,0.0003829170141297003,0.011933767313630966,2.568398097415675
PerplexDEW (Davies),isobar,0.15,340.75,0.013657008571761994,0.00038292478237689237,0.011933661442793935,2.568534200799623
PerplexDEW (Davies),isobar,0.15,340.98333333333335,0.013656939445903247,0.00038291434709144243,0.01193314750699765,2.5686302409521495
PerplexDEW (Davies),isobar,0.15,341.2166666666667,0.01365641148976693,0.0003828855582962413,0.011932222806913341,2.568685904432101
PerplexDEW (Davies),isobar,0.15,341.45,0.013655448453260369,0.00038283924506446254,0.01193090854064009,2.5687031097878434
PerplexDEW (Davies),isobar,0.15,341.68333333333334,0.01365399383490924,0.00038277330339216007,0.011929154290706675,2.568677074509801
PerplexDEW (Davies),isobar,0.15,341.9166666666667,0.013652071321181236,0.000382688559520591,0.01192698120021308,2.568609704000347
PerplexDEW (Davies),isobar,0.15,342.15,0.012233366155195005,0.0003310249126824194,0.010661196777509065,2.446060936250391
PerplexDEW (Davies),isobar,0.15,342.3833333333333,,,,
PerplexDEW (Davies),isobar,0.15,342.6166666666667,,,,
PerplexDEW (Davies),isobar,0.15,342.85,,,,
PerplexDEW (Davies),isobar,0.15,343.0833333333333,,,,
PerplexDEW (Davies),isobar,0.15,343.31666666666666,,,,
PerplexDEW (Davies),isobar,0.15,343.55,,,,
PerplexDEW (Davies),isobar,0.15,343.78333333333336,,,,
PerplexDEW (Davies),isobar,0.15,344.01666666666665,,,,
PerplexDEW (Davies),isobar,0.15,344.25,,,,
PerplexDEW (Davies),isobar,0.15,344.48333333333335,,,,
PerplexDEW (Davies),isobar,0.15,344.7166666666667,,,,
PerplexDEW (Davies),isobar,0.15,344.95,,,,
PerplexDEW (Davies),isobar,0.15,345.18333333333334,,,,
PerplexDEW (Davies),isobar,0.15,345.4166666666667,,,,
PerplexDEW (Davies),isobar,0.15,345.65000000000003,,,,
PerplexDEW (Davies),isobar,0.15,345.8833333333333,,,,
PerplexDEW (Davies),isobar,0.15,346.1166666666667,,,,
PerplexDEW (Davies),isobar,0.15,346.35,,,,
PerplexDEW (Davies),isobar,0.15,346.58333333333337,,,,
PerplexDEW (Davies),isobar,0.15,346.81666666666666,,,,
PerplexDEW (Davies),isobar,0.15,347.05,,,,
PerplexDEW (Davies),isobar,0.1565,323.95,0.013004956025597921,0.0003571235044255834,0.011381023743164116,2.502727285338376
PerplexDEW (Davies),isobar,0.1565,324.18333333333334,0.013021432703205549,0.0003577672755787823,0.011395361116517917,2.5043105480680548
PerplexDEW (Davies),isobar,0.1565,324.41666666666663,0.013037817581644628,0.00035840760922261895,0.011409615581461679,2.5058846078267956
PerplexDEW (Davies),isobar,0.1565,324.65,0.013054088049656683,0.0003590437152738635,0.011423766961721257,2.5074475855538982
PerplexDEW (Davies),isobar,0.1565,324.8833333333333,0.013070265033788718,0.00035967629589319793,0.011437833911287464,2.5090012313033982
PerplexDEW (Davies),isobar,0.1565,325.1166666666667,0.013086336760801263,0.0003603049322135612,0.011451805924966363,2.510544570302137
PerplexDEW (Davies),isobar,0.1565,325.34999999999997,0.013102291325390042,0.00036092919921535386,0.011465672379083266,2.5120766179877414
PerplexDEW (Davies),isobar,0.1565,325.5833333333333,0.013118149839255269,0.0003615498073743415,0.011479452093874475,2.5135991375040274
PerplexDEW (Davies),isobar,0.1565,325.81666666666666,0.01313388934135922,0.0003621659506972641,0.011493124586179983,2.5151102243597445
PerplexDEW (Davies),isobar,0.1565,326.05,0.013149519952557817,0.00036277796167854187,0.011506698874979094,2.5166107265191027
PerplexDEW (Davies),isobar,0.1565,326.2833333333333,0.013165029625777182,0.000363385408470245,0.011520164209522768,2.5180996483694686
PerplexDEW (Davies),isobar,0.1565,326.51666666666665,0.013180428541076615,0.00036398862615561985,0.011533529661989091,2.5195778418945225
PerplexDEW (Davies),isobar,0.1565,326.75,0.013195704580118775,0.0003645871794489174,0.011546784417764518,2.5210443058701637
PerplexDEW (Davies),isobar,0.1565,326.98333333333335,0.013210867982511735,0.00036518140604220015,0.01155993760253564,2.522499896330682
PerplexDEW (Davies),isobar,0.1565,327.21666666666664,0.013225895279498686,0.0003657704760469341,0.011572968277817574,2.523942670243525
PerplexDEW (Davies),isobar,0.1565,327.45,0.013240796671629577,0.00036635472519839894,0.011585885534345586,2.5253734803383527
PerplexDEW (Davies),isobar,0.1565,327.68333333333334,0.01325558248820292,0.00036693449512262836,0.011598698578406293,2.526793188738859
PerplexDEW (Davies),isobar,0.1565,327.9166666666667,0.013270240431678394,0.0003675093418740699,0.01161139643482667,2.5282007799303226
PerplexDEW (Davies),isobar,0.1565,328.15,0.013284746657871167,0.00036807841786542215,0.011623957828511862,2.529594281987882
PerplexDEW (Davies),isobar,0.1565,328.3833333333333,0.01329914572095532,0.00036864325595634606,0.011636422493473322,2.5309773938946183
PerplexDEW (Davies),isobar,0.1565,328.6166666666667,0.013313390881460893,0.0003692022104528036,0.01164874873240638,2.532346245665458
PerplexDEW (Davies),isobar,0.1565,328.84999999999997,0.01332750393116806,0.0003697560222785551,0.011660955976324123,2.5337026482157774
PerplexDEW (Davies),isobar,0.1565,329.0833333333333,0.01334146074706564,0.00037030383059098596,0.011673022700249915,2.535044607602438
PerplexDEW (Davies),isobar,0.1565,329.31666666666666,0.01335528324788481,0.0003708463820623364,0.01168496844918955,2.5363739438126602
PerplexDEW (Davies),isobar,0.1565,329.55,0.013368970393826604,0.00037138362239658846,0.011696792289161206,2.5376905742187583
PerplexDEW (Davies),isobar,0.1565,329.7833333333333,0.013382497851690729,0.000371914680745006,0.011708472506861543,2.538992488084145
PerplexDEW (Davies),isobar,0.1565,330.01666666666665,0.013395887732008581,0.0003724403124832807,0.011720028819508364,2.5402815191832007
PerplexDEW (Davies),isobar,0.1565,330.25,0.013409115560898568,0.00037295964005839004,0.011731439387770964,2.5415556454328847
PerplexDEW (Davies),isobar,0.1565,330.48333333333335,0.013422180084428963,0.0003734725988981938,0.011742703085909308,2.542814766653403
PerplexDEW (Davies),isobar,0.1565,330.71666666666664,0.013435080045292336,0.0003739791241947186,0.011753818785236557,2.5440587820561498
PerplexDEW (Davies),isobar,0.1565,330.95,0.013447837811383116,0.0003744799830234908,0.01176480643405126,2.545289543962215
PerplexDEW (Davies),isobar,0.1565,331.18333333333334,0.013460404929657905,0.0003749734490534825,0.011775622799041867,2.5465030481944426
PerplexDEW (Davies),isobar,0.1565,331.4166666666667,0.013472827458200377,0.0003754611242063676,0.011786308963841972,2.5477031048951404
PerplexDEW (Davies),isobar,0.1565,331.65,0.013485056665771177,0.0003759412690026917,0.011796821445896638,2.548885687493078
PerplexDEW (Davies),isobar,0.1565,331.8833333333333,0.013497138876362709,0.0003764154976402251,0.011807201567414142,2.5500546261267503
PerplexDEW (Davies),isobar,0.1565,332.1166666666667,0.013509025079822502,0.00037688205744893324,0.011817405595986066,2.5512058716156205
PerplexDEW (Davies),isobar,0.1565,332.35,0.013520737829266787,0.000377341723707464,0.01182745364651052,2.5523412884567724
PerplexDEW (Davies),isobar,0.1565,332.5833333333333,0.013532251735600012,0.00037779357534866353,0.011837323060002944,2.553458779583952
PerplexDEW (Davies),isobar,0.1565,332.81666666666666,0.01354358948240329,0.00037823839360551773,0.011847034068523873,2.554560218882071
PerplexDEW (Davies),isobar,0.1565,333.05,0.013554749781011058,0.0003786761114519942,0.011856585516216848,2.5556454991797146
PerplexDEW (Davies),isobar,0.1565,333.2833333333333,0.013565707026913332,0.00037910579750741305,0.01186595455136502,2.5567125049048913
PerplexDEW (Davies),isobar,0.1565,333.51666666666665,0.01357645971876033,0.00037952737463081633,0.011875139827742355,2.557761110932937
PerplexDEW (Davies),isobar,0.1565,333.75,0.01358700635190716,0.0003799407654508991,0.011884139996304314,2.5587911913133063
PerplexDEW (Davies),isobar,0.1565,333.98333333333335,0.013597345418488916,0.000380345892370918,0.011892953705259751,2.559802619264828
PerplexDEW (Davies),isobar,0.1565,334.21666666666664,0.013607499997380096,0.00038074355471434494,0.011901601541645015,2.560797297289226
PerplexDEW (Davies),isobar,0.1565,334.45,0.013617419464246256,0.0003811319234276351,0.0119100383276452,2.5617710423533038
PerplexDEW (Davies),isobar,0.1565,334.68333333333334,0.013627126822577973,0.00038151179415226734,0.011918284583051959,2.56272574963254
PerplexDEW (Davies),isobar,0.1565,334.9166666666667,0.013636595753939077,0.0003818822014980186,0.011926316817457762,2.56365924176334
PerplexDEW (Davies),isobar,0.1565,335.15,0.013645874262959769,0.00038224483742095556,0.011934177860884986,2.5645754763788977
PerplexDEW (Davies),isobar,0.1565,335.3833333333333,0.013654886219127856,0.0003825969524065663,0.011941799773847938,2.565468162626911
PerplexDEW (Davies),isobar,0.1565,335.6166666666667,0.01366367969096643,0.00038294024127502667,0.011949225443945194,2.566341261977442
PerplexDEW (Davies),isobar,0.1565,335.85,0.013672228069374225,0.0003832737247012381,0.01195643112112702,2.567192570204954
PerplexDEW (Davies),isobar,0.1565,336.0833333333333,0.013680554758772072,0.0003835982167518596,0.01196343768533242,2.568024011267771
PerplexDEW (Davies),isobar,0.1565,336.31666666666666,0.013688607786466413,0.00038391182446366435,0.011970198752468401,2.5688312850720934
PerplexDEW (Davies),isobar,0.1565,336.55,0.013696410481295097,0.00038421535821908957,0.011976735135211407,2.5696163075271667
PerplexDEW (Davies),isobar,0.1565,336.78333333333336,0.013703935732509057,0.00038450781484187125,0.011983022635171245,2.5703768288908853
PerplexDEW (Davies),isobar,0.1565,337.01666666666665,0.013711207004040209,0.0003847900109449271,0.011989082186433627,2.571114774571957
PerplexDEW (Davies),isobar,0.1565,337.25,0.013718222539191584,0.00038506185629648735,0.01199491221691322,2.5718299866578382
PerplexDEW (Davies),isobar,0.1565,337.48333333333335,0.013724955008649665,0.0003853223372582508,0.012000488333295605,2.5725201938160516
PerplexDEW (Davies),isobar,0.1565,337.7166666666667,0.013731402439657446,0.0003855713533177592,0.012005808770622824,2.5731852175220227
PerplexDEW (Davies),isobar,0.1565,337.95,0.013737537145363621,0.0003858078738994286,0.012010848816165879,2.5738227533139924
PerplexDEW (Davies),isobar,0.1565,338.18333333333334,0.013743408501588148,0.0003860336546586253,0.012015652530407893,2.574436862941793
PerplexDEW (Davies),isobar,0.1565,338.4166666666667,0.01374896303477535,0.00038624673149264605,0.01202017218819949,2.575023108353519
PerplexDEW (Davies),isobar,0.1565,338.65,0.01375419855155039,0.00038644699330593976,0.012024405828406104,2.575581286745325
PerplexDEW (Davies),isobar,0.1565,338.8833333333333,0.013759138851995959,0.0003866352721207867,0.012028374688186513,2.5761133433133443
PerplexDEW (Davies),isobar,0.1565,339.1166666666667,0.013763729819664713,0.00038680957344513535,0.012032030468317759,2.5766147791123855
PerplexDEW (Davies),isobar,0.1565,339.35,0.013768021318027315,0.0003869716756781785,0.012035417667152623,2.5770896921135114
PerplexDEW (Davies),isobar,0.1565,339.5833333333333,0.01377195894408296,0.0003871195707731669,0.012038487729960782,2.577533554634778
PerplexDEW (Davies),isobar,0.1565,339.81666666666666,0.013775540284257934,0.0003872531370956982,0.012041238500579685,2.5779461363132894
PerplexDEW (Davies),isobar,0.1565,340.05,0.01377878927484367,0.00038737321292133756,0.012043691339884918,2.5783293866665047
PerplexDEW (Davies),isobar,0.1565,340.28333333333336,0.013781677292438439,0.00038747872323167986,0.012045820701178017,2.5786809027467275
PerplexDEW (Davies),isobar,0.1565,340.51666666666665,0.013784175428590957,0.00038756857958727637,0.012047600783466849,2.5789982534394507
PerplexDEW (Davies),isobar,0.1565,340.75,0.013786307618732402,0.00038764362018509947,0.012049052948267358,2.5792833823360835
PerplexDEW (Davies),isobar,0.1565,340.98333333333335,0.013788018176436153,0.0003877017765185022,0.012050127496492934,2.579531632439208
PerplexDEW (Davies),isobar,0.1565,341.2166666666667,0.013789357673692071,0.00038774486020242424,0.012050869563510256,2.5797471512279975
PerplexDEW (Davies),isobar,0.1565,341.45,0.013790270140527746,0.0003877707894258593,0.012051229198082023,2.579925250234175
PerplexDEW (Davies),isobar,0.1565,341.68333333333334,0.013790779586793813,0.0003877804059249957,0.012051227830493288,2.580067870501243
PerplexDEW (Davies),isobar,0.1565,341.9166666666667,0.013790856467477651,0.00038777259141173094,0.012050839094543806,2.5801725066137533
PerplexDEW (Davies),isobar,0.1565,342.15,0.013790470954594193,0.0003877462143572992,0.012050036372079975,2.580236622934994
PerplexDEW (Davies),isobar,0.1565,342.3833333333333,0.013789647064709079,0.00038770211693446756,0.012048841101462378,2.58026215243967
PerplexDEW (Davies),isobar,0.1565,342.6166666666667,0.013788327698522947,0.0003876381645375117,0.012047202326646373,2.5802442830342076
PerplexDEW (Davies),isobar,0.1565,342.85,0.013786536808520999,0.0003875551964756257,0.012045141430430197,2.580184934527617
PerplexDEW (Davies),isobar,0.1565,343.0833333333333,0.01378424408230749,0.0003874520587962839,0.012042631365617382,2.580081509854018
PerplexDEW (Davies),isobar,0.1565,343.31666666666666,,,,
PerplexDEW (Davies),isobar,0.1565,343.55,,,,
PerplexDEW (Davies),isobar,0.1565,343.78333333333336,,,,
PerplexDEW (Davies),isobar,0.1565,344.01666666666665,,,,
PerplexDEW (Davies),isobar,0.1565,344.25,,,,
PerplexDEW (Davies),isobar,0.1565,344.48333333333335,,,,
PerplexDEW (Davies),isobar,0.1565,344.7166666666667,,,,
PerplexDEW (Davies),isobar,0.1565,344.95,,,,
PerplexDEW (Davies),isobar,0.1565,345.18333333333334,,,,
PerplexDEW (Davies),isobar,0.1565,345.4166666666667,,,,
PerplexDEW (Davies),isobar,0.1565,345.65000000000003,,,,
PerplexDEW (Davies),isobar,0.1565,345.8833333333333,,,,
PerplexDEW (Davies),isobar,0.1565,346.1166666666667,,,,
PerplexDEW (Davies),isobar,0.1565,346.35,,,,
PerplexDEW (Davies),isobar,0.1565,346.58333333333337,,,,
PerplexDEW (Davies),isobar,0.1565,346.81666666666666,,,,
PerplexDEW (Davies),isobar,0.1565,347.05,,,,
PerplexDEW (Davies),isobar,0.1867,310.0,0.012063803982153508,0.00031967407459641644,0.010561095728849605,2.4092348840778923
PerplexDEW (Davies),isobar,0.1867,311.010101010101,0.012156101902436213,0.00032318481021923997,0.010642096200816215,2.418234056976635
PerplexDEW (Davies),isobar,0.1867,312.020202020202,0.012247934474780823,0.0003266861739486104,0.010722668328137393,2.4271587000308172
PerplexDEW (Davies),isobar,0.1867,313.030303030303,0.012339231556671095,0.00033017530291917546,0.010802749229193083,2.436003246679751
PerplexDEW (Davies),isobar,0.1867,314.04040404040404,0.012429939395480594,0.0003336498240416796,0.010882290607510423,2.4447635591178414
PerplexDEW (Davies),isobar,0.1867,315.050505050505,0.012520002587414059,0.000337107273763324,0.010961242682475256,2.453435386424018
PerplexDEW (Davies),isobar,0.1867,316.06060606060606,0.012609373805668235,0.00034054541853904965,0.011039562858690784,2.4620151805669015
PerplexDEW (Davies),isobar,0.1867,317.07070707070704,0.012697974881401938,0.00034396096926798855,0.011117181044133173,2.470496825544335
PerplexDEW (Davies),isobar,0.1867,318.0808080808081,0.012785744909092137,0.00034735116223783116,0.01119404251504046,2.4788756862573806
PerplexDEW (Davies),isobar,0.1867,319.09090909090907,0.012872600925613082,0.00035071245520934785,0.011270072873174938,2.487145310019128
PerplexDEW (Davies),isobar,0.1867,320.1010101010101,0.012958498231791184,0.00035404254177360975,0.011345231814801036,2.4953024592977524
PerplexDEW (Davies),isobar,0.1867,321.1111111111111,0.013043328891000983,0.0003573369482001027,0.011419422649807994,2.503338652771359
PerplexDEW (Davies),isobar,0.1867,322.1212121212121,0.013127023157048763,0.0003605924315666403,0.011492582717702884,2.511248614130861
PerplexDEW (Davies),isobar,0.1867,323.1313131313131,0.013209488020538639,0.00036380491226451454,0.011564628602964575,2.519025157422807
PerplexDEW (Davies),isobar,0.1867,324.14141414141415,0.013290638279646863,0.00036697052214555514,0.011635483837470546,2.5266617627475347
PerplexDEW (Davies),isobar,0.1867,325.1515151515151,0.013370364299601931,0.00037008450093284606,0.011705050149236628,2.534149912792662
PerplexDEW (Davies),isobar,0.1867,326.16161616161617,0.013448574994883047,0.00037314266535088466,0.011773245795118892,2.5414826339234993
PerplexDEW (Davies),isobar,0.1867,327.17171717171715,0.013525154206774692,0.0003761399086316772,0.01183996665545065,2.54865090101375
PerplexDEW (Davies),isobar,0.1867,328.1818181818182,0.01359997063362835,0.00037907052918862013,0.011905095086332314,2.5556444605197344
PerplexDEW (Davies),isobar,0.1867,329.19191919191917,0.013672900131009294,0.00038192900207360445,0.011968519813658918,2.5624536525562904
PerplexDEW (Davies),isobar,0.1867,330.2020202020202,0.013743814702961946,0.00038470959842343153,0.012030126115765583,2.5690684984829235
PerplexDEW (Davies),isobar,0.1867,331.2121212121212,0.013812558802679625,0.00038740554670395506,0.0120897746771893,2.5754767628127535
PerplexDEW (Davies),isobar,0.1867,332.22222222222223,0.013878971768538579,0.00039000981046120116,0.012147321605718,2.581665780741425
PerplexDEW (Davies),isobar,0.1867,333.2323232323232,0.013942875642951184,0.00039251465279583036,0.012202607563829147,2.58762145634397
PerplexDEW (Davies),isobar,0.1867,334.24242424242425,0.014004111209671342,0.00039491291560917987,0.012255489932884202,2.593331179008068
PerplexDEW (Davies),isobar,0.1867,335.25252525252523,0.014062440017127273,0.0003971945167656558,0.012305755371212264,2.598775851943636
PerplexDEW (Davies),isobar,0.1867,336.26262626262627,0.01411766561198416,0.00039935076857415807,0.012353228016621972,2.6039397229905976
PerplexDEW (Davies),isobar,0.1867,337.27272727272725,0.014169534647514165,0.0004013708316890145,0.012397681225691903,2.6088023358790826
PerplexDEW (Davies),isobar,0.1867,338.2828282828283,0.014217785345662481,0.00040324344084106874,0.012438880831977719,2.6133424382660713
PerplexDEW (Davies),isobar,0.1867,339.2929292929293,0.014262147467559407,0.00040495690343145355,0.012476585127901329,2.617537945718773
PerplexDEW (Davies),isobar,0.1867,340.3030303030303,0.014302263065649103,0.000406496198855349,0.01251047412160387,2.6213594845411596
PerplexDEW (Davies),isobar,0.1867,341.3131313131313,0.014337788692264505,0.00040784668253479627,0.012540240790555442,2.6247786204546255
PerplexDEW (Davies),isobar,0.1867,342.32323232323233,0.014368315858870379,0.0004089911722262106,0.0125655200819881,2.62776135232555
PerplexDEW (Davies),isobar,0.1867,343.3333333333333,0.014393395296895466,0.0004099108144360052,0.012585910586007859,2.6302699960322977
PerplexDEW (Davies),isobar,0.1867,344.34343434343435,0.01441250779221248,0.00041058398947864,0.012600948513774057,2.6322607146959163
PerplexDEW (Davies),isobar,0.1867,345.35353535353534,0.014425033167916507,0.00041098512969666177,0.01261008002649118,2.6336808560416176
PerplexDEW (Davies),isobar,0.1867,346.3636363636364,0.014430302408098596,0.0004110866274544016,0.012612707811087098,2.6344729998187835
PerplexDEW (Davies),isobar,0.1867,347.37373737373736,6.09618518671927e-08,1.1167306778920719e-10,4.984219002752089e-08,2.935878220163913e-05
PerplexDEW (Davies),isobar,0.1867,348.3838383838384,5.926875350232001e-08,1.0968927647285181e-10,4.847375946285693e-08,2.825805011107328e-05
PerplexDEW (Davies),isobar,0.1867,349.3939393939394,5.759536975739417e-08,1.0768608970068997e-10,4.7120508145791117e-08,2.718658459165429e-05
PerplexDEW (Davies),isobar,0.1867,350.4040404040404,5.597391168717164e-08,1.057248306252877e-10,4.5808817332164944e-08,2.6158782361117774e-05
PerplexDEW (Davies),isobar,0.1867,351.4141414141414,5.43874628242034e-08,1.0377557773593605e-10,4.452488352205033e-08,2.5165727275471702e-05
PerplexDEW (Davies),isobar,0.1867,352.42424242424244,5.283560039785431e-08,1.0183892725154899e-10,4.326839217711286e-08,2.420639519836045e-05
PerplexDEW (Davies),isobar,0.1867,353.4343434343434,5.131789687020419e-08,9.991545856579369e-11,4.2039024224727997e-08,2.3279787238112642e-05
PerplexDEW (Davies),isobar,0.1867,354.44444444444446,4.9848281987936095e-08,9.80339781799242e-11,4.0848225054146494e-08,2.2391380409437508e-05
PerplexDEW (Davies),isobar,0.1867,355.45454545454544,4.8397258424849944e-08,9.613815601905864e-11,3.96718567379894e-08,2.1527109241712114e-05
PerplexDEW (Davies),isobar,0.1867,356.4646464646465,4.699278583714089e-08,9.42846260030905e-11,3.853286353241169e-08,2.069875026697302e-05
PerplexDEW (Davies),isobar,0.1867,357.47474747474746,4.562007486257573e-08,9.244565158247704e-11,3.7419154494324354e-08,1.989896729048383e-05
PerplexDEW (Davies),isobar,0.1867,358.4848484848485,4.427869475205966e-08,9.062172341437498e-11,3.633040424905315e-08,1.9126897620379097e-05
PerplexDEW (Davies),isobar,0.1867,359.4949494949495,4.296821198127624e-08,8.88133151282402e-11,3.526628453695312e-08,1.838170048465445e-05
PerplexDEW (Davies),isobar,0.1867,360.5050505050505,4.170062247211453e-08,8.704683345009653e-11,3.423667120507324e-08,1.766782377970721e-05
PerplexDEW (Davies),isobar,0.1867,361.5151515151515,4.045032042122339e-08,8.527043294076318e-11,3.322057118660756e-08,1.6973756907329926e-05
PerplexDEW (Davies),isobar,0.1867,362.52525252525254,3.9241439018019823e-08,8.353605807882835e-11,3.2237826750117626e-08,1.6309090284209785e-05
PerplexDEW (Davies),isobar,0.1867,363.5353535353535,3.80611197142342e-08,8.181816337775731e-11,3.1277905669091326e-08,1.566781440540564e-05
PerplexDEW (Davies),isobar,0.1867,364.54545454545456,3.690893452101236e-08,8.011713691380876e-11,3.0340480763250536e-08,1.5049206269967645e-05
PerplexDEW (Davies),isobar,0.1867,365.55555555555554,3.579543217253197e-08,7.845741083464005e-11,2.9434250333260627e-08,1.4456995496099486e-05
PerplexDEW (Davies),isobar,0.1867,366.5656565656566,3.470330296091132e-08,7.680268510156394e-11,2.8545008443074955e-08,1.3883617946430817e-05
PerplexDEW (Davies),isobar,0.1867,367.57575757575756,3.3637752701186474e-08,7.516551712471649e-11,2.7677057170046303e-08,1.3330708101792111e-05
PerplexDEW (Davies),isobar,0.1867,368.5858585858586,3.2603442909040516e-08,7.35577017096319e-11,2.6834255753557752e-08,1.2799619138176638e-05
PerplexDEW (Davies),isobar,0.1867,369.5959595959596,3.159956132329766e-08,7.197899125638441e-11,2.6015961428502133e-08,1.2289517952357083e-05
PerplexDEW (Davies),isobar,0.1867,370.6060606060606,3.0620481480742354e-08,7.041802135336599e-11,2.5217565721049368e-08,1.1797740365116798e-05
PerplexDEW (Davies),isobar,0.1867,371.6161616161616,2.9670500208832758e-08,6.888599463154567e-11,2.4442629215125736e-08,1.1325502075773657e-05
PerplexDEW (Davies),isobar,0.1867,372.62626262626264,2.8744259345792624e-08,6.73718853932015e-11,2.3686760453079315e-08,1.0870316474614562e-05
PerplexDEW (Davies),isobar,0.1867,373.6363636363636,2.784135759198729e-08,6.587594187345152e-11,2.294964845524537e-08,1.0431639653271608e-05
PerplexDEW (Davies),isobar,0.1867,374.64646464646466,2.6961394494004907e-08,6.439839739475565e-11,2.2230982430114347e-08,1.0008942529082295e-05
PerplexDEW (Davies),isobar,0.1867,375.65656565656565,2.6112440568921177e-08,6.295989026641844e-11,2.1537437903667105e-08,9.604825975960262e-06
PerplexDEW (Davies),isobar,0.1867,376.6666666666667,2.5285180093846535e-08,6.153949939282662e-11,2.0861353868326453e-08,9.215453988289452e-06
PerplexDEW (Davies),isobar,0.1867,377.67676767676767,2.44792292495906e-08,6.013741887289998e-11,2.020243141029517e-08,8.84035020052719e-06
PerplexDEW (Davies),isobar,0.1867,378.6868686868687,2.369420569243807e-08,5.875382901357687e-11,1.956037235748147e-08,8.479051452596508e-06
PerplexDEW (Davies),isobar,0.1867,379.6969696969697,2.293733569932905e-08,5.740793201706181e-11,1.8941161101783217e-08,8.13380500153494e-06
PerplexDEW (Davies),isobar,0.1867,380.7070707070707,2.2200223847431882e-08,5.608016464360139e-11,1.8337885115614255e-08,7.80128302972556e-06
PerplexDEW (Davies),isobar,0.1867,381.7171717171717,2.1482505444548995e-08,5.477067261142833e-11,1.7750259096186775e-08,7.4810692565333975e-06
PerplexDEW (Davies),isobar,0.1867,382.72727272727275,2.0783817781655504e-08,5.3479589141766143e-11,1.7177998936916652e-08,7.172759131960943e-06
PerplexDEW (Davies),isobar,0.1867,383.73737373737373,2.011061847211651e-08,5.222473586587268e-11,1.662645879562267e-08,6.878291546336526e-06
PerplexDEW (Davies),isobar,0.1867,384.74747474747477,1.9455357264909107e-08,5.098786607682421e-11,1.608941459347223e-08,6.5947843071726514e-06
PerplexDEW (Davies),isobar,0.1867,385.75757575757575,1.8817689754613302e-08,4.9769083437089984e-11,1.556659578195547e-08,6.321874444730464e-06
PerplexDEW (Davies),isobar,0.1867,386.7676767676768,1.8197273916274455e-08,4.8568480613418325e-11,1.5057733372628924e-08,6.059209381983594e-06
PerplexDEW (Davies),isobar,0.1867,387.77777777777777,1.7599869333327062e-08,4.740255810742821e-11,1.456760834040166e-08,5.808459571717429e-06
PerplexDEW (Davies),isobar,0.1867,388.7878787878788,,,,
PerplexDEW (Davies),isobar,0.1867,389.7979797979798,,,,
PerplexDEW (Davies),isobar,0.1867,390.80808080808083,,,,
PerplexDEW (Davies),isobar,0.1867,391.8181818181818,,,,
PerplexDEW (Davies),isobar,0.1867,392.82828282828285,,,,
PerplexDEW (Davies),isobar,0.1867,393.83838383838383,,,,
PerplexDEW (Davies),isobar,0.1867,394.8484848484849,,,,
PerplexDEW (Davies),isobar,0.1867,395.85858585858585,,,,
PerplexDEW (Davies),isobar,0.1867,396.8686868686869,,,,
PerplexDEW (Davies),isobar,0.1867,397.8787878787879,,,,
PerplexDEW (Davies),isobar,0.1867,398.8888888888889,,,,
PerplexDEW (Davies),isobar,0.1867,399.8989898989899,,,,
PerplexDEW (Davies),isobar,0.1867,400.90909090909093,,,,
PerplexDEW (Davies),isobar,0.1867,401.9191919191919,,,,
PerplexDEW (Davies),isobar,0.1867,402.92929292929296,,,,
PerplexDEW (Davies),isobar,0.1867,403.93939393939394,,,,
PerplexDEW (Davies),isobar,0.1867,404.949494949495,,,,
PerplexDEW (Davies),isobar,0.1867,405.95959595959596,,,,
PerplexDEW (Davies),isobar,0.1867,406.969696969697,,,,
PerplexDEW (Davies),isobar,0.1867,407.979797979798,,,,
PerplexDEW (Davies),isobar,0.1867,408.98989898989896,,,,
PerplexDEW (Davies),isobar,0.1867,410.0,,,,
PerplexDEW (Davies),isobar,0.2,317.6,0.012836145087711793,0.00034880323579205213,0.011239611492276137,2.482638433306299
PerplexDEW (Davies),isobar,0.2,318.1333333333334,0.012883807890193538,0.0003506452563672936,0.01128137319577856,2.4871562345056866
PerplexDEW (Davies),isobar,0.2,318.6666666666667,0.012931248824083912,0.00035248054162912725,0.011322932660924902,2.491646177646713
PerplexDEW (Davies),isobar,0.2,319.20000000000005,0.012978461816604163,0.0003543087770448845,0.011364284404913313,2.4961078252812836
PerplexDEW (Davies),isobar,0.2,319.73333333333335,0.013025440731384372,0.00035612964410108064,0.011405422892437424,2.500540735595746
PerplexDEW (Davies),isobar,0.2,320.2666666666667,0.013072169086594925,0.0003579424733632623,0.011446333364034476,2.5049436111385712
PerplexDEW (Davies),isobar,0.2,320.8,0.013118619700690481,0.00035974622825734253,0.011486991517851045,2.509314275001182
PerplexDEW (Davies),isobar,0.2,321.33333333333337,0.0131648064937856,0.000361541255826,0.011527409697228737,2.513653950699773
PerplexDEW (Davies),isobar,0.2,321.8666666666667,0.013210712385584232,0.0003633268547717107,0.011567572605322901,2.5179612982354325
PerplexDEW (Davies),isobar,0.2,322.40000000000003,0.013256319950695294,0.0003651023064322443,0.011607464635405532,2.5222349534271915
PerplexDEW (Davies),isobar,0.2,322.93333333333334,0.013301622063289666,0.0003668672379488661,0.01164707936387342,2.5264744029356083
PerplexDEW (Davies),isobar,0.2,323.4666666666667,0.01334659009432929,0.00036862053855733176,0.011686391189198814,2.530677367390349
PerplexDEW (Davies),isobar,0.2,324.0,0.013391237945191823,0.00037036254660459807,0.011725412438677876,2.5348450637183473
PerplexDEW (Davies),isobar,0.2,324.53333333333336,0.013435536569560286,0.0003720921288436095,0.011764117136390648,2.5389751816309207
PerplexDEW (Davies),isobar,0.2,325.06666666666666,0.013479478152608497,0.0003738088741691244,0.011802498240706442,2.5430671558266087
PerplexDEW (Davies),isobar,0.2,325.6,0.013523054814838589,0.00037551236682946615,0.011840548652206875,2.547120415042948
PerplexDEW (Davies),isobar,0.2,326.1333333333333,0.013566236431825784,0.0003772014186624108,0.011878241427467899,2.551132570645435
PerplexDEW (Davies),isobar,0.2,326.6666666666667,0.013609003380651848,0.0003788751963072922,0.011915558987872218,2.555102097324042
PerplexDEW (Davies),isobar,0.2,327.2,0.013651358150314524,0.0003805336292528514,0.011952503480081027,2.559029274383144
PerplexDEW (Davies),isobar,0.2,327.73333333333335,0.013693280830290833,0.0003821758672722217,0.011989057068044894,2.5629125525191996
PerplexDEW (Davies),isobar,0.2,328.26666666666665,0.01373476253119805,0.00038380143905134966,0.01202521174737715,2.5667512810481377
PerplexDEW (Davies),isobar,0.2,328.8,0.01377575988839992,0.0003854086635655672,0.01206092875280448,2.5705420061085866
PerplexDEW (Davies),isobar,0.2,329.33333333333337,0.013816297821734536,0.0003869982427478254,0.012096230244390094,2.5742868263145615
PerplexDEW (Davies),isobar,0.2,329.8666666666667,0.013856309120313381,0.00038856764620477874,0.01213105617576882,2.577980354625219
PerplexDEW (Davies),isobar,0.2,330.40000000000003,0.013895806858850602,0.0003901171529857451,0.012165418137276575,2.581623725254175
PerplexDEW (Davies),isobar,0.2,330.93333333333334,0.013934757545459319,0.000391645401458934,0.012199286166430519,2.585214292280225
PerplexDEW (Davies),isobar,0.2,331.4666666666667,0.013973150704034982,0.0003931518349552233,0.012232650838227895,2.5887512756442916
PerplexDEW (Davies),isobar,0.2,332.0,0.014010975783852552,0.0003946358914326353,0.012265502661597687,2.592233886209461
PerplexDEW (Davies),isobar,0.2,332.53333333333336,0.014048174104260088,0.00039609529434074943,0.012297789189345416,2.595657442323773
PerplexDEW (Davies),isobar,0.2,333.06666666666666,0.01408475820381315,0.00039753028807502737,0.01232952153519606,2.5990230205942737
PerplexDEW (Davies),isobar,0.2,333.6,0.01412069248662996,0.0003989394022337797,0.01236066785293404,2.602327803852108
PerplexDEW (Davies),isobar,0.2,334.1333333333333,0.014155940643086973,0.00040032113065248994,0.012391195657019783,2.6055689179602823
PerplexDEW (Davies),isobar,0.2,334.6666666666667,0.01419049031118415,0.000401674815996594,0.012421093836595003,2.608745418882352
PerplexDEW (Davies),isobar,0.2,335.2,0.014224329050047481,0.0004029997952642181,0.012450351211550744,2.6118563508657457
PerplexDEW (Davies),isobar,0.2,335.73333333333335,0.014257394362054365,0.00040429359925147577,0.012478911917146849,2.6148967217563737
PerplexDEW (Davies),isobar,0.2,336.26666666666665,0.014289672678633583,0.0004055555073879849,0.01250676376486798,2.617865478933077
PerplexDEW (Davies),isobar,0.2,336.8,0.014321150350490397,0.0004067847933200938,0.012533894495751059,2.6207615561906037
PerplexDEW (Davies),isobar,0.2,337.3333333333333,0.014351788170513878,0.000407979801341644,0.012560269034864353,2.6235818244127973
PerplexDEW (Davies),isobar,0.2,337.8666666666667,0.014381520554105022,0.000409137907191677,0.01258582875629583,2.6263210286844463
PerplexDEW (Davies),isobar,0.2,338.4,0.014410357946387446,0.0004102592362912446,0.012610582913412952,2.6289800209256007
PerplexDEW (Davies),isobar,0.2,338.93333333333334,0.014438259425055068,0.0004113420451948524,0.012634494900417745,2.631555513276234
PerplexDEW (Davies),isobar,0.2,339.4666666666667,0.01446515718838204,0.0004123835978035804,0.012657504111325237,2.6340420498883526
PerplexDEW (Davies),isobar,0.2,340.0,0.01449100833440854,0.00041338205205019386,0.012679572171521283,2.6364361663138673
PerplexDEW (Davies),isobar,0.2,340.53333333333336,0.014515822165007339,0.0004143374711449319,0.012700707321775763,2.638738579038608
PerplexDEW (Davies),isobar,0.2,341.06666666666666,0.014539502008266968,0.0004152460271597378,0.012720823179180833,2.64094147850049
PerplexDEW (Davies),isobar,0.2,341.6,0.014562029537850171,0.00041610675296484555,0.012739903318620849,2.643043333255566
PerplexDEW (Davies),isobar,0.2,342.1333333333333,0.014583332397712806,0.000416916684938009,0.012757883071426186,2.645038255037179
PerplexDEW (Davies),isobar,0.2,342.6666666666667,0.014603391110407713,0.00041767479735046857,0.012774744990722108,2.6469245836383193
PerplexDEW (Davies),isobar,0.2,343.2,0.014622131498278781,0.00041837803586159517,0.012790422786455247,2.6486962435760266
PerplexDEW (Davies),isobar,0.2,343.73333333333335,0.01463947796697062,0.00041902327653853976,0.012804848905817817,2.6503470200432924
PerplexDEW (Davies),isobar,0.2,344.26666666666665,0.01465535350567248,0.00041960732596774516,0.01281795453442969,2.65187055496686
PerplexDEW (Davies),isobar,0.2,344.8,0.014669763175737403,0.0004201300313508908,0.012829744157588882,2.6532670575483857
PerplexDEW (Davies),isobar,0.2,345.3333333333333,0.014682600679321053,0.0004205870903315387,0.012840122818174102,2.6545277506394305
PerplexDEW (Davies),isobar,0.2,345.8666666666667,0.014693757633461996,0.0004209740993700578,0.012848993702123203,2.655643644501649
PerplexDEW (Davies),isobar,0.2,346.4,0.014703180259422433,0.0004212886769063589,0.012856308768442976,2.6566100965369097
PerplexDEW (Davies),isobar,0.2,346.93333333333334,0.014710785564350006,0.0004215273378065763,0.012861993895345581,2.657420062579824
PerplexDEW (Davies),isobar,0.2,347.46666666666664,0.014716431811718127,0.0004216843752497443,0.012865922508255792,2.658061701477961
PerplexDEW (Davies),isobar,0.2,348.0,0.014720089961885677,0.00042175829585912794,0.012868068693475893,2.658532191859071
PerplexDEW (Davies),isobar,0.2,348.5333333333333,0.014721614894289832,0.0004217432314276318,0.012868302881038043,2.6588192738977234
PerplexDEW (Davies),isobar,0.2,349.06666666666666,2.3101026218932494e-07,4.304935573697775e-10,1.8897653253471846e-07,0.00010939714474469779
PerplexDEW (Davies),isobar,0.2,349.6,2.2811103184357915e-07,4.2738498835997095e-10,1.866368901176816e-07,0.00010745530132747418
PerplexDEW (Davies),isobar,0.2,350.1333333333333,2.2523642731630043e-07,4.2427280571094784e-10,1.8431653612521432e-07,0.0001055433701473215
PerplexDEW (Davies),isobar,0.2,350.6666666666667,2.2238641130097505e-07,4.211573787759418e-10,1.8201545236262476e-07,0.00010366096854218503
PerplexDEW (Davies),isobar,0.2,351.2,2.1956094395700384e-07,4.180390753428877e-10,1.7973361850211206e-07,0.00010180771743650423
PerplexDEW (Davies),isobar,0.2,351.73333333333335,2.1675998293997695e-07,4.149182615653449e-10,1.7747101210593262e-07,9.998324146577598e-05
PerplexDEW (Davies),isobar,0.2,352.26666666666665,2.139834834318889e-07,4.1179530189372363e-10,1.752276086496563e-07,9.818716895493335e-05
PerplexDEW (Davies),isobar,0.2,352.8,2.1123139817180177e-07,4.086705590077616e-10,1.7300338154583654e-07,9.641913189679654e-05
PerplexDEW (Davies),isobar,0.2,353.3333333333333,2.0850367748648238e-07,4.055443937491333e-10,1.7079830216753293e-07,9.46787659302959e-05
PerplexDEW (Davies),isobar,0.2,353.8666666666667,2.058243277366951e-07,4.024642082738026e-10,1.6863205095301357e-07,9.297657817487913e-05
PerplexDEW (Davies),isobar,0.2,354.4,2.0316875880253625e-07,3.993828780950197e-10,1.6648449973847277e-07,9.130101642532184e-05
PerplexDEW (Davies),isobar,0.2,354.93333333333334,2.0051333276405107e-07,3.9625414485162966e-10,1.6433628708335588e-07,8.964118944845481e-05
PerplexDEW (Davies),isobar,0.2,355.46666666666664,1.9790539845299204e-07,3.9317179198218646e-10,1.6222622742504787e-07,8.801799968601166e-05
PerplexDEW (Davies),isobar,0.2,356.0,1.953210771259258e-07,3.9008933844119096e-10,1.6013476511315446e-07,8.642040179148306e-05
PerplexDEW (Davies),isobar,0.2,356.5333333333333,1.92760308800974e-07,3.870071275062734e-10,1.5806186246238772e-07,8.484805864207618e-05
PerplexDEW (Davies),isobar,0.2,357.06666666666666,1.902230313443146e-07,3.839255003007568e-10,1.5600747995453185e-07,8.330063653941821e-05
PerplexDEW (Davies),isobar,0.2,357.59999999999997,1.8773160042010058e-07,3.808902836417212e-10,1.5398996657394455e-07,8.17875727007012e-05
PerplexDEW (Davies),isobar,0.2,358.1333333333333,1.852186899248489e-07,3.777653504432543e-10,1.5195410827399267e-07,8.027923767387884e-05
PerplexDEW (Davies),isobar,0.2,358.66666666666663,1.827734534372517e-07,3.7473252687598234e-10,1.4997305201627179e-07,7.881408081504015e-05
PerplexDEW (Davies),isobar,0.2,359.2,1.8035098648507973e-07,3.7170116881009336e-10,1.480099751269295e-07,7.73722534113443e-05
PerplexDEW (Davies),isobar,0.2,359.73333333333335,1.7795122020913729e-07,3.6867160102223127e-10,1.4606483201822077e-07,7.595344403811933e-05
PerplexDEW (Davies),isobar,0.2,360.26666666666665,1.7555279257247013e-07,3.6559980561566765e-10,1.4412009639367304e-07,7.454830319393196e-05
PerplexDEW (Davies),isobar,0.2,360.79999999999995,1.7319843466623747e-07,3.6257501553253834e-10,1.422108562826347e-07,7.317474794016919e-05
PerplexDEW (Davies),isobar,0.2,361.3333333333333,1.708665581966647e-07,3.5955297711780197e-10,1.4031940243020632e-07,7.182329396518074e-05
PerplexDEW (Davies),isobar,0.2,361.8666666666667,1.6855708675661312e-07,3.56534005329023e-10,1.384456827627348e-07,7.049364264751653e-05
PerplexDEW (Davies),isobar,0.2,362.4,1.6629035547366679e-07,3.535618147496794e-10,1.3660641307190342e-07,6.919399257241869e-05
PerplexDEW (Davies),isobar,0.2,362.93333333333334,1.6402524123364998e-07,3.505496726762413e-10,1.3476782427289414e-07,6.790693077626136e-05
PerplexDEW (Davies),isobar,0.2,363.46666666666664,1.617822933034524e-07,3.475415251033071e-10,1.3294680512696668e-07,6.664079624976526e-05
PerplexDEW (Davies),isobar,0.2,364.0,1.595811980620361e-07,3.445803649398915e-10,1.3115954626781153e-07,6.540340535135046e-05
PerplexDEW (Davies),isobar,0.2,364.5333333333333,1.574016771482771e-07,3.416233257616911e-10,1.293893965602164e-07,6.418611835512508e-05
PerplexDEW (Davies),isobar,0.2,365.06666666666666,1.5522429775351234e-07,3.386284904088876e-10,1.2762038909343756e-07,6.298080911824153e-05
PerplexDEW (Davies),isobar,0.2,365.59999999999997,1.5310702438898022e-07,3.3572278777925185e-10,1.2590019045063596e-07,6.181075834069497e-05
PerplexDEW (Davies),isobar,0.2,366.1333333333333,1.509727870685089e-07,3.327381398859469e-10,1.2416544106950116e-07,6.0644537968808766e-05
PerplexDEW (Davies),isobar,0.2,366.66666666666663,1.488976513836314e-07,3.298422384531494e-10,1.224787047427149e-07,5.9512550167552976e-05
PerplexDEW (Davies),isobar,0.2,367.2,1.4684325072011239e-07,3.269514239661696e-10,1.208084421782674e-07,5.839908175812525e-05
PerplexDEW (Davies),isobar,0.2,367.7333333333333,1.4479117294600515e-07,3.240249648288955e-10,1.191395128127103e-07,5.7296625199890856e-05
PerplexDEW (Davies),isobar,0.2,368.26666666666665,1.4277817973898585e-07,3.211453955286773e-10,1.1750217263575453e-07,5.621954524378205e-05
PerplexDEW (Davies),isobar,0.2,368.79999999999995,1.407677305763227e-07,3.182312174859687e-10,1.1586636192301159e-07,5.515320085220393e-05
PerplexDEW (Davies),isobar,0.2,369.3333333333333,1.3879578031657133e-07,3.1536398526415176e-10,1.1426168228932992e-07,5.411150173212561e-05
PerplexDEW (Davies),isobar,0.2,369.8666666666667,1.368616437283311e-07,3.1254323472773756e-10,1.1268758611925122e-07,5.3093867686770844e-05
PerplexDEW (Davies),isobar,0.2,370.4,1.3492997092028264e-07,3.0968891713964903e-10,1.111149789992772e-07,5.2086346232036926e-05
PerplexDEW (Davies),isobar,0.2051,317.6,0.01287070763745655,0.00034995317969602614,0.011270415724730906,2.485537327258476
PerplexDEW (Davies),isobar,0.2051,318.1333333333334,0.012918904990202356,0.00035181592307196544,0.011312655636189117,2.490095249194719
PerplexDEW (Davies),isobar,0.2051,318.6666666666667,0.012966895955051261,0.000353672534278242,0.011354707146609681,2.49462653707025
PerplexDEW (Davies),isobar,0.2051,319.20000000000005,0.013014674701205826,0.0003555227104462855,0.01139656499029337,2.499130771276319
PerplexDEW (Davies),isobar,0.2051,319.73333333333335,0.013062214905527836,0.0003573654575158722,0.011438205635711584,2.5036058383105875
PerplexDEW (Davies),isobar,0.2051,320.2666666666667,0.01310953077102305,0.0003592011393779709,0.01147964168031509,2.5080529813454637
PerplexDEW (Davies),isobar,0.2051,320.8,0.013156585226308741,0.00036102839108404774,0.011520840006340191,2.5124692052982915
PerplexDEW (Davies),isobar,0.2051,321.33333333333337,0.013203382003697087,0.0003628472182322,0.011561803874407282,2.5168548900413987
PerplexDEW (Davies),isobar,0.2051,321.8666666666667,0.013249904063003281,0.0003646569219272441,0.011602518023064827,2.5212087020577396
PerplexDEW (Davies),isobar,0.2051,322.40000000000003,0.01329615516164973,0.00036645750589403363,0.011642985735690918,2.525531021228173
PerplexDEW (Davies),isobar,0.2051,322.93333333333334,0.013342107355244687,0.00036824789290167663,0.011683182024650608,2.529819621238511
PerplexDEW (Davies),isobar,0.2051,323.4666666666667,0.013387753493545863,0.00037002770810566946,0.011723100444084138,2.53407398871232
PerplexDEW (Davies),isobar,0.2051,324.0,0.013433086364804418,0.0003717965722461697,0.011762734493055479,2.5382936050116167
PerplexDEW (Davies),isobar,0.2051,324.53333333333336,0.013478076969499752,0.0003735533546703928,0.011802058236568701,2.5424761693301834
PerplexDEW (Davies),isobar,0.2051,325.06666666666666,0.013522739404546602,0.00037529840056167843,0.011841084177984584,2.546622909096875
PerplexDEW (Davies),isobar,0.2051,325.6,0.01356703323878178,0.000377030176185134,0.011879776182595038,2.550730593783453
PerplexDEW (Davies),isobar,0.2051,326.1333333333333,0.013610961429030828,0.00037874863709582297,0.011918136816029015,2.5547995406108472
PerplexDEW (Davies),isobar,0.2051,326.6666666666667,0.01365450484330726,0.00038045297335496454,0.011956148939569894,2.558828263587554
PerplexDEW (Davies),isobar,0.2051,327.2,0.013697655220248494,0.0003821427471581587,0.011993805111105107,2.5628161638481526
PerplexDEW (Davies),isobar,0.2051,327.73333333333335,0.013740392920385062,0.0003838171215236091,0.012031087736852238,2.5667617169475676
PerplexDEW (Davies),isobar,0.2051,328.26666666666665,0.01378269793424031,0.0003854752404529826,0.012067978891138795,2.57066337088952
PerplexDEW (Davies),isobar,0.2051,328.8,0.013824549879144181,0.00038711622872524205,0.012104460313605885,2.5745195456246033
PerplexDEW (Davies),isobar,0.2051,329.33333333333337,0.013865939537558204,0.0003887395968706166,0.012140523705238573,2.578329567673898
PerplexDEW (Davies),isobar,0.2051,329.8666666666667,0.013906857621389488,0.0003903448503346638,0.012176160704252845,2.582092756088946
PerplexDEW (Davies),isobar,0.2051,330.40000000000003,0.01394727138024295,0.00039193066457843864,0.012211342011262536,2.585806530371191
PerplexDEW (Davies),isobar,0.2051,330.93333333333334,0.013987170919436003,0.00039349651290623145,0.01224605872111301,2.5894701613874576
PerplexDEW (Davies),isobar,0.2051,331.4666666666667,0.014026522566755734,0.0003950410236890433,0.012280280708140178,2.593080997625098
PerplexDEW (Davies),isobar,0.2051,332.0,0.014065339673281873,0.00039656448459067625,0.012314019812603267,2.5966401850008105
PerplexDEW (Davies),isobar,0.2051,332.53333333333336,0.014103564086603146,0.00039806464394913935,0.01234722405841734,2.600143095787938
PerplexDEW (Davies),isobar,0.2051,333.06666666666666,0.014141208851299792,0.00039954177122270945,0.01237990501256478,2.6035908464790634
PerplexDEW (Davies),isobar,0.2051,333.6,0.01417821455780748,0.0004009935514323595,0.012412009572396451,2.6069787112377862
PerplexDEW (Davies),isobar,0.2051,334.1333333333333,0.014214593938950974,0.0004024202354821633,0.012443549027293492,2.6103077752726365
PerplexDEW (Davies),isobar,0.2051,334.6666666666667,0.014250286314893066,0.00040381944424885155,0.012474469136794331,2.6135732114903205
PerplexDEW (Davies),isobar,0.2051,335.2,0.014285304102509545,0.00040519140980489396,0.012504780909360672,2.6167760718426862
PerplexDEW (Davies),isobar,0.2051,335.73333333333335,0.014319585339872817,0.0004065336881441751,0.012534428956716215,2.6199114246627255
PerplexDEW (Davies),isobar,0.2051,336.26666666666665,0.014353142124958826,0.0004078464923136821,0.012563424004262129,2.6229802865548257
PerplexDEW (Davies),isobar,0.2051,336.8,0.01438591120345229,0.00040912731278894656,0.012591709507351771,2.625977617783757
PerplexDEW (Davies),isobar,0.2051,337.3333333333333,0.014417878880203499,0.0004103754196023613,0.012619273164851556,2.628902354317347
PerplexDEW (Davies),isobar,0.2051,337.8666666666667,0.01444900574335743,0.0004115891452998079,0.012646079716127724,2.6317513629149882
PerplexDEW (Davies),isobar,0.2051,338.4,0.014479277445700708,0.0004127677248711146,0.01267211627941835,2.634523514303067
PerplexDEW (Davies),isobar,0.2051,338.93333333333334,0.014508653593646595,0.0004139094400214972,0.012697346718132727,2.6372155836686026
PerplexDEW (Davies),isobar,0.2051,339.4666666666667,0.014537093052794658,0.00041501253503018214,0.012721734233897254,2.6398242799561595
PerplexDEW (Davies),isobar,0.2051,340.0,0.014564553945288473,0.0004160752166047998,0.012745241364516664,2.642346244332121
PerplexDEW (Davies),isobar,0.2051,340.53333333333336,0.014590993647641621,0.0004170956537690997,0.012767829982381533,2.6447780485855437
PerplexDEW (Davies),isobar,0.2051,341.06666666666666,0.014616395426738312,0.0004180729576631867,0.012789485080678367,2.6471183262352183
PerplexDEW (Davies),isobar,0.2051,341.6,0.014640688863146815,0.00041900425813256627,0.012810143713253619,2.6493613992924274
PerplexDEW (Davies),isobar,0.2051,342.1333333333333,0.01466382909055622,0.0004198876109417688,0.012829765753280934,2.6515036217083123
PerplexDEW (Davies),isobar,0.2051,342.6666666666667,0.014685797639019317,0.0004207220384507291,0.012848334649464919,2.653543444437308
PerplexDEW (Davies),isobar,0.2051,343.2,0.014706521341162893,0.0004215045331182059,0.012865785006405424,2.6554749211687096
PerplexDEW (Davies),isobar,0.2051,343.73333333333335,0.01472595308991782,0.0004222330379167043,0.012882074704169463,2.6572941715051672
PerplexDEW (Davies),isobar,0.2051,344.26666666666665,0.014744017378610693,0.0004229044295270031,0.01289713626298964,2.658995017366627
PerplexDEW (Davies),isobar,0.2051,344.8,0.014760692930954009,0.0004235175891382006,0.012910950640033732,2.6605755983640695
PerplexDEW (Davies),isobar,0.2051,345.3333333333333,0.014775874422490539,0.00042406825761845813,0.012923423733641488,2.6620272916212
PerplexDEW (Davies),isobar,0.2051,345.8666666666667,0.014789510766377878,0.00042455418097223183,0.012934509887317647,2.663345785579889
PerplexDEW (Davies),isobar,0.2051,346.4,0.014801521807062809,0.0004249720071758928,0.01294413748920581,2.6645244010598113
PerplexDEW (Davies),isobar,0.2051,346.93333333333334,0.014811854498199512,0.0004253193862178035,0.012952259147329996,2.665558591328774
PerplexDEW (Davies),isobar,0.2051,347.46666666666664,0.014820369022524848,0.00042559069715129936,0.012958749978948775,2.666436795931009
PerplexDEW (Davies),isobar,0.2051,348.0,0.01482706709826071,0.0004257856211867216,0.012963611524255729,2.667158765319393
PerplexDEW (Davies),isobar,0.2051,348.5333333333333,0.014831747911189304,0.0004258962053451858,0.012966664441786242,2.6677079148345326
PerplexDEW (Davies),isobar,0.2051,349.06666666666666,0.01483435255747936,0.00042591981775188723,0.012967856152025977,2.66807898869671
PerplexDEW (Davies),isobar,0.2051,349.6,3.6578709949914376e-07,6.853322471789306e-10,2.992813023172657e-07,0.00017230978530109392
PerplexDEW (Davies),isobar,0.2051,350.1333333333333,3.614674634266014e-07,6.808878483256478e-10,2.957977604338631e-07,0.00016937977029443394
PerplexDEW (Davies),isobar,0.2051,350.6666666666667,3.571424218195678e-07,6.763592141911971e-10,2.9230850514987764e-07,0.00016647478219722144
PerplexDEW (Davies),isobar,0.2051,351.2,3.5288824705116135e-07,6.718909414148131e-10,2.888759740875615e-07,0.00016362995315158312
PerplexDEW (Davies),isobar,0.2051,351.73333333333335,3.487039429756913e-07,6.674828320860527e-10,2.854993843133917e-07,0.00016084403628577432
PerplexDEW (Davies),isobar,0.2051,352.26666666666665,3.4451459933831365e-07,6.62992420211245e-10,2.821174251713208e-07,0.00015808188865976429
PerplexDEW (Davies),isobar,0.2051,352.8,3.403578444182614e-07,6.58491902765343e-10,2.7876091583832076e-07,0.00015536046348640936
PerplexDEW (Davies),isobar,0.2051,353.3333333333333,3.3623367666128146e-07,6.539818366732574e-10,2.754298714818188e-07,0.00015267927157734264
PerplexDEW (Davies),isobar,0.2051,353.8666666666667,3.3214209067397344e-07,6.494627775907947e-10,2.721243040727844e-07,0.00015003782802157812
PerplexDEW (Davies),isobar,0.2051,354.4,3.2815435910751783e-07,6.450754032765365e-10,2.689026335719499e-07,0.0001474676851696305
PerplexDEW (Davies),isobar,0.2051,354.93333333333334,3.241272498979257e-07,6.40539467775119e-10,2.6564751602874686e-07,0.00014490384175978535
PerplexDEW (Davies),isobar,0.2051,355.46666666666664,3.201326859675665e-07,6.359961912059384e-10,2.6241789417920107e-07,0.00014237832267781334
PerplexDEW (Davies),isobar,0.2051,356.0,3.1623998252073623e-07,6.315845978422789e-10,2.59270612544152e-07,0.00013992133763226038
PerplexDEW (Davies),isobar,0.2051,356.5333333333333,3.123097961743548e-07,6.270277154881595e-10,2.5609145546933555e-07,0.00013747062396814077
PerplexDEW (Davies),isobar,0.2051,357.06666666666666,3.0848013975692976e-07,6.226024821359128e-10,2.5299359845379337e-07,0.0001350866498468401
PerplexDEW (Davies),isobar,0.2051,357.59999999999997,3.046816538179904e-07,6.181709488338503e-10,2.4992019229225274e-07,0.0001327382970292302
PerplexDEW (Davies),isobar,0.2051,358.1333333333333,3.0084751598466054e-07,6.135974068939111e-10,2.468164310294124e-07,0.00013039617802550936
PerplexDEW (Davies),isobar,0.2051,358.66666666666663,2.971119116534308e-07,6.091554127005302e-10,2.4379240711644234e-07,0.00012811818019087072
PerplexDEW (Davies),isobar,0.2051,359.2,2.934073833506921e-07,6.047086904228753e-10,2.4079280267690275e-07,0.00012587450107642248
PerplexDEW (Davies),isobar,0.2051,359.73333333333335,2.897338937319536e-07,6.002577579396935e-10,2.3781760224961746e-07,0.00012366471599580464
PerplexDEW (Davies),isobar,0.2051,360.26666666666665,2.8609140218533885e-07,5.95803130933542e-10,2.348667876246015e-07,0.00012148840416153253
PerplexDEW (Davies),isobar,0.2051,360.79999999999995,2.8247986486764937e-07,5.913453227955092e-10,2.319403378708538e-07,0.0001193451486662196
PerplexDEW (Davies),isobar,0.2051,361.3333333333333,2.788992347408794e-07,5.868848445294942e-10,2.290382293642234e-07,0.00011723453646348631
PerplexDEW (Davies),isobar,0.2051,361.8666666666667,2.753494616088767e-07,5.82422204658633e-10,2.261604358157437e-07,0.00011515615834902644
PerplexDEW (Davies),isobar,0.2051,362.4,2.718304921544784e-07,5.77957909132675e-10,2.233069283002658e-07,0.00011310960894149642
PerplexDEW (Davies),isobar,0.2051,362.93333333333334,2.6837289554010053e-07,5.735579131451738e-10,2.205028381228974e-07,0.00011110716573632655
PerplexDEW (Davies),isobar,0.2051,363.46666666666664,2.64945387300478e-07,5.691566535223234e-10,2.1772248399753474e-07,0.0001091353771458065
PerplexDEW (Davies),isobar,0.2051,364.0,2.615178786926341e-07,5.646897765170734e-10,2.1494115044240545e-07,0.00010718154805836963
PerplexDEW (Davies),isobar,0.2051,364.5333333333333,2.5818039957369204e-07,5.603523011141959e-10,2.1223284719691062e-07,0.00010528221812226107
PerplexDEW (Davies),isobar,0.2051,365.06666666666666,2.548133540230687e-07,5.55885954311302e-10,2.0949928488999336e-07,0.00010338813874426596
PerplexDEW (Davies),isobar,0.2051,365.59999999999997,2.515350273156078e-07,5.515487392759395e-10,2.0683771995929928e-07,0.00010154707709588378
PerplexDEW (Davies),isobar,0.2051,366.1333333333333,2.4828588702352276e-07,5.472120614571106e-10,2.0419922863302366e-07,9.973441715452341e-05
PerplexDEW (Davies),isobar,0.2051,366.66666666666663,2.4503729268806625e-07,5.428130957917637e-10,2.0156026595184244e-07,9.793837619394749e-05
PerplexDEW (Davies),isobar,0.2051,367.2,2.418183197114347e-07,5.384162341679286e-10,1.9894475463915586e-07,9.617035700053815e-05
PerplexDEW (Davies),isobar,0.2051,367.7333333333333,2.38656886436977e-07,5.340845978855211e-10,1.9637568086101864e-07,9.444107618325972e-05
PerplexDEW (Davies),isobar,0.2051,368.26666666666665,2.355243472747016e-07,5.297553587743525e-10,1.9382949519624703e-07,9.273876262478009e-05
PerplexDEW (Davies),isobar,0.2051,368.79999999999995,2.324206233241033e-07,5.254289727349111e-10,1.9130614623565254e-07,9.106306743031687e-05
PerplexDEW (Davies),isobar,0.2051,369.3333333333333,2.2934563315559655e-07,5.211058923535699e-10,1.8880558040560217e-07,8.941364513001772e-05
PerplexDEW (Davies),isobar,0.2051,369.8666666666667,2.2632616865160144e-07,5.168479414781835e-10,1.8634987069151328e-07,8.780057981217433e-05
PerplexDEW (Davies),isobar,0.2051,370.4,2.2333471591595073e-07,5.125935451361717e-10,1.8391638336513725e-07,8.621279083071555e-05
PerplexDEW (Davies),isobar,0.221,323.0,0.013470996017021116,0.00037267417745094356,0.01179802498691047,2.5405011625909064
PerplexDEW (Davies),isobar,0.221,324.010101010101,0.01356090572661639,0.00037618266636729855,0.011876718239976257,2.5488061549192715
PerplexDEW (Davies),isobar,0.221,325.020202020202,0.013649793412153916,0.0003796560006268317,0.011954482322190686,2.5569944900424977
PerplexDEW (Davies),isobar,0.221,326.030303030303,0.013737578798605899,0.0003830905306072957,0.012031245158644024,2.5650601196148592
PerplexDEW (Davies),isobar,0.221,327.04040404040404,0.013824190333852434,0.00038648286139960204,0.012106942451087652,2.572997722438533
PerplexDEW (Davies),isobar,0.221,328.050505050505,0.013909520508974139,0.0003898282984504903,0.012181477807856033,2.5807990847038362
PerplexDEW (Davies),isobar,0.221,329.06060606060606,0.01399349259610367,0.00039312316317982463,0.012254782287531638,2.5884585016703463
PerplexDEW (Davies),isobar,0.221,330.07070707070704,0.014076004608891239,0.00039636284194530534,0.012326764399389834,2.5959682409193
PerplexDEW (Davies),isobar,0.221,331.0808080808081,0.014156927809722894,0.0003995417149112606,0.012397308763459725,2.60331843618217
PerplexDEW (Davies),isobar,0.221,332.09090909090907,0.014236188699820638,0.00040265605196865365,0.012466349288139545,2.6105036690708587
PerplexDEW (Davies),isobar,0.221,333.1010101010101,0.014313651893240291,0.0004056998738026885,0.012533764636547037,2.617513553750969
PerplexDEW (Davies),isobar,0.221,334.1111111111111,0.01438918973202042,0.00040866740264658777,0.012599440356074132,2.6243383305056898
PerplexDEW (Davies),isobar,0.221,335.1212121212121,0.014462670606751377,0.00041155264921179303,0.012663258456655195,2.630967919428699
PerplexDEW (Davies),isobar,0.221,336.1313131313131,0.014533933836111023,0.0004143485035128438,0.012725074983568483,2.6373899109624457
PerplexDEW (Davies),isobar,0.221,337.14141414141415,0.014602838860908992,0.0004170485009074567,0.012784763938956653,2.643593483469331
PerplexDEW (Davies),isobar,0.221,338.1515151515151,0.014669202495718322,0.0004196445527319975,0.012842161258807907,2.649564392290078
PerplexDEW (Davies),isobar,0.221,339.16161616161617,0.014732861590217777,0.0004221292101943872,0.012897120764441402,2.6552899494455744
PerplexDEW (Davies),isobar,0.221,340.17171717171715,0.014793621894559565,0.0004244938039647009,0.012949468505588424,2.6607549410596243
PerplexDEW (Davies),isobar,0.221,341.1818181818182,0.014851283101382354,0.0004267293484804442,0.012999025124180866,2.665943604681205
PerplexDEW (Davies),isobar,0.221,342.19191919191917,0.01490555788277418,0.0004288235459296448,0.013045533545450561,2.6708331894168555
PerplexDEW (Davies),isobar,0.221,343.2020202020202,0.014956258139964937,0.0004307676475128972,0.013088825328813156,2.6754087063779335
PerplexDEW (Davies),isobar,0.221,344.2121212121212,0.015003080437945841,0.0004325485294413811,0.01312862903593499,2.679645881142852
PerplexDEW (Davies),isobar,0.221,345.22222222222223,0.015045739280670272,0.00043415360608919267,0.013164689272572989,2.683521689721751
PerplexDEW (Davies),isobar,0.221,346.2323232323232,0.015083855615574331,0.0004355666643075382,0.01319666710392706,2.6870054753998964
PerplexDEW (Davies),isobar,0.221,347.24242424242425,0.01511709500554946,0.00043677301542436296,0.013224263491190071,2.6900698473472655
PerplexDEW (Davies),isobar,0.221,348.25252525252523,0.015145026259883771,0.00043775419208409537,0.013247093021966076,2.6926794045091897
PerplexDEW (Davies),isobar,0.221,349.26262626262627,0.015167204413691989,0.0004384910458028969,0.013264758053591449,2.6947972300199226
PerplexDEW (Davies),isobar,0.221,350.27272727272725,0.015183022827885162,0.0004389581285860372,0.013276716607642597,2.6963730258338447
PerplexDEW (Davies),isobar,0.221,351.2828282828283,0.01519197462012119,0.00043913358975625606,0.01328251595487167,2.6973637494456355
PerplexDEW (Davies),isobar,0.221,352.2929292929293,1.281736745333409e-06,2.4672522545645923e-09,1.049602254195236e-06,0.0005879785222138528
PerplexDEW (Davies),isobar,0.221,353.3030303030303,1.2576936293536065e-06,2.4455016563562254e-09,1.0302449777087882e-06,0.0005712712529956994
PerplexDEW (Davies),isobar,0.221,354.3131313131313,1.2340889750301884e-06,2.4238394938115744e-09,1.0112333721430909e-06,0.0005550507629521763
PerplexDEW (Davies),isobar,0.221,355.32323232323233,1.2107079381813185e-06,2.401856362706519e-09,9.923917378652116e-07,0.0005392102222276641
PerplexDEW (Davies),isobar,0.221,356.3333333333333,1.18765729675649e-06,2.3797705170192197e-09,9.738078593173999e-07,0.0005237886345953125
PerplexDEW (Davies),isobar,0.221,357.34343434343435,1.1648337968754812e-06,2.357383852989728e-09,9.553973626211328e-07,0.0005087316245359105
PerplexDEW (Davies),isobar,0.221,358.35353535353534,1.1423411952088661e-06,2.3349132876758435e-09,9.372456087569683e-07,0.0004940763095951002
PerplexDEW (Davies),isobar,0.221,359.3636363636364,1.1200787222327795e-06,2.3121621166395795e-09,9.192702062587215e-07,0.000479770641113842
PerplexDEW (Davies),isobar,0.221,360.37373737373736,1.0980490401426822e-06,2.2891412543574988e-09,9.014735728984959e-07,0.00046580831109847425
PerplexDEW (Davies),isobar,0.221,361.3838383838384,1.0764481436135555e-06,2.266269014318461e-09,8.840168992610451e-07,0.0004522643611365768
PerplexDEW (Davies),isobar,0.221,362.3939393939394,1.055079530265764e-06,2.2431456467118015e-09,8.667391427925245e-07,0.00043904751641441543
PerplexDEW (Davies),isobar,0.221,363.4040404040404,1.033945470301434e-06,2.219782069648979e-09,8.496423984471025e-07,0.00042615176443928205
PerplexDEW (Davies),isobar,0.221,364.4141414141414,1.013233512185156e-06,2.196591215163737e-09,8.328810614899426e-07,0.00041364684970375494
PerplexDEW (Davies),isobar,0.221,365.42424242424244,9.926635334048684e-07,2.172978283014154e-09,8.16225170816856e-07,0.0004014106509353462
PerplexDEW (Davies),isobar,0.221,366.4343434343434,9.725115675909386e-07,2.149554231745536e-09,7.999019235939243e-07,0.00038954830060416627
PerplexDEW (Davies),isobar,0.221,367.44444444444446,9.525052508544138e-07,2.125729876775213e-09,7.836875935143208e-07,0.00037794328681263543
PerplexDEW (Davies),isobar,0.221,368.45454545454544,9.329124474143973e-07,2.102110154406296e-09,7.678027941339189e-07,0.0003666956909561249
PerplexDEW (Davies),isobar,0.221,369.4646464646465,9.13554604668956e-07,2.0783077496575585e-09,7.521008868054082e-07,0.00035572793676223144
PerplexDEW (Davies),isobar,0.221,370.47474747474746,8.944331470524375e-07,2.054333443256589e-09,7.36583266238006e-07,0.00034503465121376046
PerplexDEW (Davies),isobar,0.221,371.4848484848485,8.757164537757219e-07,2.0305854389864875e-09,7.213888596296393e-07,0.00033467437610663935
PerplexDEW (Davies),isobar,0.221,372.4949494949495,8.572335045227849e-07,2.00668250949255e-09,7.063770891885512e-07,0.00032457488810359815
PerplexDEW (Davies),isobar,0.221,373.5050505050505,8.391474010587441e-07,1.9830180938306395e-09,6.916826111929598e-07,0.00031479186512747007
PerplexDEW (Davies),isobar,0.221,374.5151515151515,8.212123317116973e-07,1.9590249369440877e-09,6.771030867324316e-07,0.00030522686715080566
PerplexDEW (Davies),isobar,0.221,375.52525252525254,8.036684530594727e-07,1.9352841779809385e-09,6.628367407729595e-07,0.00029596393370506986
PerplexDEW (Davies),isobar,0.221,376.5353535353535,7.862773062506535e-07,1.911235452994983e-09,6.48687171630076e-07,0.0002869093153375366
PerplexDEW (Davies),isobar,0.221,377.54545454545456,7.692713904248404e-07,1.8874524630004413e-09,6.348464023234753e-07,0.00027814287145643045
PerplexDEW (Davies),isobar,0.221,378.55555555555554,7.524943221845518e-07,1.8635672932647584e-09,6.211856598674649e-07,0.00026960216406098737
PerplexDEW (Davies),isobar,0.221,379.5656565656566,7.360938352912082e-07,1.839958060296324e-09,6.078271401897498e-07,0.0002613349006023957
PerplexDEW (Davies),isobar,0.221,380.57575757575756,7.199183148904473e-07,1.8162615727617138e-09,5.946459230569998e-07,0.0002532816776958469
PerplexDEW (Davies),isobar,0.221,381.5858585858586,7.039681094790708e-07,1.7924876927251496e-09,5.81642496237351e-07,0.00024543813120823623
PerplexDEW (Davies),isobar,0.221,382.5959595959596,6.883835884289325e-07,1.7690063113280074e-09,5.689330707313211e-07,0.00023784836886330836
PerplexDEW (Davies),isobar,0.221,383.6060606060606,6.730201148313711e-07,1.745461630355384e-09,5.56398372253125e-07,0.0002304572626971205
PerplexDEW (Davies),isobar,0.221,384.6161616161616,6.578777924547032e-07,1.7218631931370112e-09,5.440386800099322e-07,0.00022326069715286276
PerplexDEW (Davies),isobar,0.221,385.62626262626264,6.430898412695929e-07,1.6985723189033881e-09,5.319643860569392e-07,0.00021629941720851024
PerplexDEW (Davies),isobar,0.221,386.6363636363636,6.285184353989518e-07,1.6752409076564021e-09,5.200617348944359e-07,0.0002095223085738862
PerplexDEW (Davies),isobar,0.221,387.64646464646466,6.142921810958493e-07,1.652224380268536e-09,5.084373580518658e-07,0.00020296802807937228
PerplexDEW (Davies),isobar,0.221,388.65656565656565,6.002777115281859e-07,1.6291798750030094e-09,4.969811163898714e-07,0.00019658802016241434
PerplexDEW (Davies),isobar,0.221,389.6666666666667,5.86474785379593e-07,1.606116292820551e-09,4.856929910594052e-07,0.00019037858674051221
PerplexDEW (Davies),isobar,0.221,390.67676767676767,5.730052540134306e-07,1.5833800552833986e-09,4.7467410282705955e-07,0.0001843753950309034
PerplexDEW (Davies),isobar,0.221,391.6868686868687,5.597422454512726e-07,1.5606363865425852e-09,4.638195870439268e-07,0.0001785334845761061
PerplexDEW (Davies),isobar,0.221,392.6969696969697,5.468032643049927e-07,1.5382255657895281e-09,4.53227013437392e-07,0.00017288666931809612
PerplexDEW (Davies),isobar,0.221,393.7070707070707,5.340656825327345e-07,1.5158182930874114e-09,4.42794966933883e-07,0.00016739227781936383
PerplexDEW (Davies),isobar,0.221,394.7171717171717,5.215289737004326e-07,1.493422779090075e-09,4.325231792738808e-07,0.00016204700074224173
PerplexDEW (Davies),isobar,0.221,395.72727272727275,5.093042898984685e-07,1.4713699798055205e-09,4.225040260406361e-07,0.000156882001190181
PerplexDEW (Davies),isobar,0.221,396.73737373737373,4.972751677645521e-07,1.4493389881648842e-09,4.1264110940495557e-07,0.0001518578185970805
PerplexDEW (Davies),isobar,0.221,397.74747474747477,4.85494802235993e-07,1.4274960174354166e-09,4.029787444458023e-07,0.0001469876627662806
PerplexDEW (Davies),isobar,0.221,398.75757575757575,4.739594921870355e-07,1.4058441830874932e-09,3.9351405570973576e-07,0.0001422671744685248
PerplexDEW (Davies),isobar,0.221,399.7676767676768,4.626655403018379e-07,1.3843864340387276e-09,3.84244166405485e-07,0.00013769210234989822
PerplexDEW (Davies),isobar,0.221,400.77777777777777,4.516092551315882e-07,1.363125554681091e-09,3.751662001481069e-07,0.00013325830086013905
PerplexDEW (Davies),isobar,0.221,401.7878787878788,4.4073691906162547e-07,1.3419118284788104e-09,3.6623570626924257e-07,0.00012894708966731169
PerplexDEW (Davies),isobar,0.221,402.7979797979798,4.300967509154296e-07,1.3209031144703697e-09,3.5749291247512586e-07,0.00012476995398323258
PerplexDEW (Davies),isobar,0.221,403.80808080808083,4.1968504848316597e-07,1.3001017185100232e-09,3.4893492161528134e-07,0.0001207230240382513
PerplexDEW (Davies),isobar,0.221,404.8181818181818,4.0949812317025455e-07,1.2795097889082287e-09,3.405588435020849e-07,0.00011680252860205211
PerplexDEW (Davies),isobar,0.221,405.82828282828285,3.99532301736606e-07,1.2591293189271288e-09,3.3236179640269725e-07,0.00011300479299306755
PerplexDEW (Davies),isobar,0.221,406.83838383838383,3.897384233833448e-07,1.2388175091576253e-09,3.2430304391256136e-07,0.00010931347402467134
PerplexDEW (Davies),isobar,0.221,407.8484848484849,3.8020472489183544e-07,1.218866865469893e-09,3.164561644114624e-07,0.00010575095738184463
PerplexDEW (Davies),isobar,0.221,408.85858585858585,3.7083742306590427e-07,1.1989911962841572e-09,3.087432733120671e-07,0.00010228865071171983
PerplexDEW (Davies),isobar,0.221,409.8686868686869,3.616783874917581e-07,1.179336534042395e-09,3.0119936967173785e-07,9.893598321659966e-05
PerplexDEW (Davies),isobar,0.221,410.8787878787879,3.5272400653464076e-07,1.1599041275922802e-09,2.9382160331198834e-07,9.568970870060268e-05
PerplexDEW (Davies),isobar,0.221,411.8888888888889,3.4397069328802657e-07,1.1406950852791554e-09,2.866071405728344e-07,9.254666678071662e-05
PerplexDEW (Davies),isobar,0.221,412.8989898989899,3.3537440349641446e-07,1.1215749916038835e-09,2.795194243840469e-07,8.949297825093718e-05
PerplexDEW (Davies),isobar,0.221,413.90909090909093,3.270133618795228e-07,1.1028169855297302e-09,2.726237905155189e-07,8.654755233277167e-05
PerplexDEW (Davies),isobar,0.221,414.9191919191919,3.187649618627178e-07,1.0840202307191998e-09,2.6581817041334627e-07,8.367594048670367e-05
PerplexDEW (Davies),isobar,0.221,415.92929292929296,3.107447530608967e-07,1.0655868146690126e-09,2.5919903714853987e-07,8.090679607695421e-05
PerplexDEW (Davies),isobar,0.221,416.93939393939394,3.0294694247786483e-07,1.0475125691748635e-09,2.527617241662509e-07,7.82364875962661e-05
PerplexDEW (Davies),isobar,0.221,417.949494949495,2.952925802338e-07,1.029537800279217e-09,2.464405048255644e-07,7.564273597706926e-05
PerplexDEW (Davies),isobar,0.221,418.95959595959596,2.8778048383246933e-07,1.0116672647435866e-09,2.40234501097102e-07,7.31237173825076e-05
PerplexDEW (Davies),isobar,0.221,419.969696969697,2.8047978907377954e-07,9.94154947667775e-10,2.342015493450364e-07,7.069537213133538e-05
PerplexDEW (Davies),isobar,0.221,420.979797979798,2.7331604731604755e-07,9.767499120345671e-10,2.2827962098167289e-07,6.833721090995415e-05
PerplexDEW (Davies),isobar,0.221,421.98989898989896,2.662880440110009e-07,9.594565289929105e-10,2.2246780433272752e-07,6.604754248391208e-05
PerplexDEW (Davies),isobar,0.221,423.0,2.5946068195292996e-07,9.425193239336572e-10,2.1682043762004093e-07,6.384098138106808e-05
PerplexDEW (Davies),isobar,0.25,322.85,0.013669629008934384,0.000379388094974518,0.011975393538371532,2.5566466141050728
PerplexDEW (Davies),isobar,0.25,323.55,0.013736448042472624,0.00038199712274821987,0.012033969012811233,2.562743114123114
PerplexDEW (Davies),isobar,0.25,324.25,0.013802906565323295,0.00038459482527899156,0.012092214964806836,2.568793495241508
PerplexDEW (Davies),isobar,0.25,324.95000000000005,0.013868991204732034,0.00038718048966397597,0.012150119316980002,2.574796818436868
PerplexDEW (Davies),isobar,0.25,325.65000000000003,0.013934677437683845,0.00038975301121623883,0.012207660049270964,2.58075125039599
PerplexDEW (Davies),isobar,0.25,326.35,0.013999940191560402,0.0003923112553202383,0.012264814647775145,2.5866549205198615
PerplexDEW (Davies),isobar,0.25,327.05,0.014064765014382757,0.0003948544464429991,0.012321570072610961,2.592506815531524
PerplexDEW (Davies),isobar,0.25,327.75,0.014129126013394513,0.0003973814028456442,0.012377903073270472,2.5983050074978378
PerplexDEW (Davies),isobar,0.25,328.45000000000005,0.014192985355347408,0.0003998905129708265,0.012433779739507158,2.6040466209010864
PerplexDEW (Davies),isobar,0.25,329.15000000000003,0.014256327187076291,0.00040238092204255096,0.01248918577323782,2.6097305437954197
PerplexDEW (Davies),isobar,0.25,329.85,0.014319135480385036,0.00040485176245359404,0.012544106719666683,2.615355649792963
PerplexDEW (Davies),isobar,0.25,330.55,0.01438137067254687,0.0004073013272554322,0.012598507115850704,2.6209189409820293
PerplexDEW (Davies),isobar,0.25,331.25,0.014443003988789392,0.0004097282757521888,0.012652361123882213,2.626418285373569
PerplexDEW (Davies),isobar,0.25,331.95000000000005,0.014504006060722155,0.00041213123427010043,0.012705642373271975,2.6318515076275095
PerplexDEW (Davies),isobar,0.25,332.65000000000003,0.014564358911227827,0.0004145092238398952,0.012758334661105307,2.63721733726293
PerplexDEW (Davies),isobar,0.25,333.35,0.014624020187897761,0.0004168603857059355,0.012810400021225025,2.6425125744639932
PerplexDEW (Davies),isobar,0.25,334.05,0.014682946511795242,0.0004191828070946418,0.012861799566330955,2.6477339453300144
PerplexDEW (Davies),isobar,0.25,334.75,0.014741118078720193,0.00042147540690506025,0.012912515455672877,2.6528800409952136
PerplexDEW (Davies),isobar,0.25,335.45,0.014798490063018971,0.0004237361929472296,0.012962507505176173,2.657947477729619
PerplexDEW (Davies),isobar,0.25,336.15000000000003,0.01485501658743123,0.0004259631173509688,0.013011734587779064,2.662932793368914
PerplexDEW (Davies),isobar,0.25,336.85,0.01491070122519418,0.00042815591086144914,0.013060199736272683,2.667836415079475
PerplexDEW (Davies),isobar,0.25,337.55,0.01496544632144274,0.0004303106193442803,0.01310781557954351,2.672650808536707
PerplexDEW (Davies),isobar,0.25,338.25,0.015019254174993968,0.00043242690162601237,0.013154584010401905,2.6773762958077065
PerplexDEW (Davies),isobar,0.25,338.95,0.015072050017653455,0.00043450159594180296,0.013200438090493767,2.682007144565941
PerplexDEW (Davies),isobar,0.25,339.65000000000003,0.015123783246383095,0.00043653239975820516,0.013245332460593864,2.686539520061031
PerplexDEW (Davies),isobar,0.25,340.35,0.015174454867446879,0.0004385188934164177,0.013289267862104999,2.690973621013664
PerplexDEW (Davies),isobar,0.25,341.05,0.015223960257733416,0.0004404567583838021,0.01333215068098465,2.695301372285806
PerplexDEW (Davies),isobar,0.25,341.75,0.015272245504093505,0.00044234351502277144,0.013373932597131544,2.6995186653927656
PerplexDEW (Davies),isobar,0.25,342.45,0.015319309629729761,0.0004441786311630254,0.01341461258405913,2.7036255147511272
PerplexDEW (Davies),isobar,0.25,343.15000000000003,0.015365016078995954,0.00044595652920231046,0.01345406849122668,2.7076113375608037
PerplexDEW (Davies),isobar,0.25,343.85,0.01540936185801283,0.00044767656776650063,0.01349229749234691,2.7114759657639897
PerplexDEW (Davies),isobar,0.25,344.55,0.015452261536348271,0.000449335022753831,0.01352922311233358,2.7152127825262755
PerplexDEW (Davies),isobar,0.25,345.25,0.015493655579891265,0.0004509291131434505,0.013564792014552343,2.7188171740269205
PerplexDEW (Davies),isobar,0.25,345.95,0.01553345515208163,0.0004524549374408663,0.013598924682047745,2.722282223194017
PerplexDEW (Davies),isobar,0.25,346.65,0.01557156935877672,0.0004539084880178889,0.013631539760470199,2.7256008305618327
PerplexDEW (Davies),isobar,0.25,347.35,0.015607933877470052,0.0004552867335858779,0.013662579643089864,2.728767938073588
PerplexDEW (Davies),isobar,0.25,348.05,0.015642483251796093,0.0004565865823876117,0.013691985716753998,2.7317783663321014
PerplexDEW (Davies),isobar,0.25,348.75,0.015675063585626425,0.00045780156507857977,0.013719620340488538,2.734620014825326
PerplexDEW (Davies),isobar,0.25,349.45,0.015705634398904284,0.0004589294836626416,0.013745447234232166,2.7372895685432734
PerplexDEW (Davies),isobar,0.25,350.15,0.015734066308384715,0.0004599647401479556,0.013769350678180501,2.7397767426693456
PerplexDEW (Davies),isobar,0.25,350.85,0.01576022693544334,0.00046090158518444213,0.013791212284430561,2.7420709608401297
PerplexDEW (Davies),isobar,0.25,351.55,0.015784010960842993,0.0004617352713111303,0.013810937860835704,2.744163686673452
PerplexDEW (Davies),isobar,0.25,352.25,0.0158053110372354,0.00046246094843853456,0.013828431418903091,2.7460461509340086
PerplexDEW (Davies),isobar,0.25,352.95,0.015823926232757544,0.0004630701372260747,0.013843513347118292,2.7477022005859735
PerplexDEW (Davies),isobar,0.25,353.65,0.015839773830553718,0.00046355886970631183,0.013856109709970634,2.749124795448908
PerplexDEW (Davies),isobar,0.25,354.35,0.015852615100060394,0.00046391713025370176,0.013866007158640267,2.750294604123272
PerplexDEW (Davies),isobar,0.25,355.05,8.174916731814576e-06,1.6173954593171063e-08,6.700228004515588e-06,0.0036505225771499656
PerplexDEW (Davies),isobar,0.25,355.75,8.098345953867193e-06,1.6133861193745412e-08,6.638937802629896e-06,0.0035918329173062376
PerplexDEW (Davies),isobar,0.25,356.45,8.020867499631597e-06,1.6090359699684753e-08,6.576872668149555e-06,0.0035334244595697346
PerplexDEW (Davies),isobar,0.25,357.15,7.944841653749283e-06,1.6048166090288924e-08,6.515967990661131e-06,0.0034763294722084874
PerplexDEW (Davies),isobar,0.25,357.85,7.868863174600201e-06,1.600446893259899e-08,6.455071884587057e-06,0.0034199158456862415
PerplexDEW (Davies),isobar,0.25,358.55,7.79247998624793e-06,1.5958330546738773e-08,6.393813532862597e-06,0.003363979698635402
PerplexDEW (Davies),isobar,0.25,359.25,7.717089139637895e-06,1.5912600669653203e-08,6.333339353778721e-06,0.0033091154148284243
PerplexDEW (Davies),isobar,0.25,359.95,7.641771240265477e-06,1.586539860801414e-08,6.272895267996549e-06,0.0032549147516713014
PerplexDEW (Davies),isobar,0.25,360.65,7.566536230748158e-06,1.5816734401287927e-08,6.2124895667991915e-06,0.003201373377513532
PerplexDEW (Davies),isobar,0.25,361.35,7.492298938171922e-06,1.5768523097300293e-08,6.152873663077001e-06,0.003148867274934662
PerplexDEW (Davies),isobar,0.25,362.05,7.417254211619432e-06,1.5716968646100136e-08,6.092565418662107e-06,0.003096626771862581
PerplexDEW (Davies),isobar,0.25,362.75,7.343216636014499e-06,1.5665893611024688e-08,6.0330553202118815e-06,0.003045403613003214
PerplexDEW (Davies),isobar,0.25,363.45,7.269290761295984e-06,1.561340447734058e-08,5.9736081460099674e-06,0.002994813143049097
PerplexDEW (Davies),isobar,0.25,364.15,7.1963708746082885e-06,1.5561426141019726e-08,5.9149590881553695e-06,0.0029452131642823676
PerplexDEW (Davies),isobar,0.25,364.85,7.122691471749189e-06,1.550614536225034e-08,5.855657320883611e-06,0.0028958705681418795
PerplexDEW (Davies),isobar,0.25,365.55,7.050026396299236e-06,1.5451402769613245e-08,5.797161138929595e-06,0.0028475008854941916
PerplexDEW (Davies),isobar,0.25,366.25,6.977499848228437e-06,1.5395296999691047e-08,5.738750846831877e-06,0.002799737679870777
PerplexDEW (Davies),isobar,0.25,366.95,6.905120804531124e-06,1.5337840479218518e-08,5.680433985279432e-06,0.002752576640232455
PerplexDEW (Davies),isobar,0.25,367.65,6.833757312353084e-06,1.5280967156455594e-08,5.6229249573224e-06,0.0027063536893187664
PerplexDEW (Davies),isobar,0.25,368.35,6.762548579066419e-06,1.522277118257344e-08,5.565515953210457e-06,0.0026607156986365892
PerplexDEW (Davies),isobar,0.25,369.05,6.691503207864901e-06,1.5163265502567223e-08,5.508214216398705e-06,0.0026156584075421934
PerplexDEW (Davies),isobar,0.25,369.75,6.620629716890193e-06,1.5102463411839222e-08,5.451026925679894e-06,0.0025711775434007515
PerplexDEW (Davies),isobar,0.25,370.45,6.550774808971776e-06,1.5042303445903545e-08,5.3946515215338205e-06,0.002527592266120838
PerplexDEW (Davies),isobar,0.25,371.15,6.48068144627957e-06,1.497991293964458e-08,5.338053207563337e-06,0.0024844069267412425
PerplexDEW (Davies),isobar,0.25,371.84999999999997,6.411607331215811e-06,1.4918193966489723e-08,5.282268108623261e-06,0.0024420963366454745
PerplexDEW (Davies),isobar,0.25,372.55,6.342310960034177e-06,1.485427228334326e-08,5.226273790821595e-06,0.002400177246599811
PerplexDEW (Davies),isobar,0.25,373.25,6.273625370774616e-06,1.4790088235698902e-08,5.1707568100996775e-06,0.0023589587204048664
PerplexDEW (Davies),isobar,0.25,373.95,6.205144511004817e-06,1.4724693280758724e-08,5.115382817661656e-06,0.0023182789232338865
PerplexDEW (Davies),isobar,0.25,374.65,6.13768254333783e-06,1.4660028359104547e-08,5.060823311855771e-06,0.0022784330160297932
PerplexDEW (Davies),isobar,0.25,375.34999999999997,6.070429922831816e-06,1.459418168427236e-08,5.006411243046836e-06,0.002239109644563394
PerplexDEW (Davies),isobar,0.25,376.04999999999995,6.0033940995636884e-06,1.4527168055624103e-08,4.952152937835005e-06,0.0022003046825232087
PerplexDEW (Davies),isobar,0.25,376.75,5.936582431458327e-06,1.4459002569874894e-08,4.898054651177412e-06,0.0021620139979690936
PerplexDEW (Davies),isobar,0.25,377.45,5.8711796994899255e-06,1.4392587177104416e-08,4.84509429130496e-06,0.0021246595729608278
PerplexDEW (Davies),isobar,0.25,378.15,5.805219676324158e-06,1.4323124744196411e-08,4.791649718279759e-06,0.002087519569904533
PerplexDEW (Davies),isobar,0.25,378.84999999999997,5.740274068366073e-06,1.4254478734244518e-08,4.7390182777793414e-06,0.0020511544087596987
PerplexDEW (Davies),isobar,0.25,379.54999999999995,5.6755646978519285e-06,1.4184740108411503e-08,4.686557981491995e-06,0.002015275986749635
PerplexDEW (Davies),isobar,0.25,380.25,5.611098325256687e-06,1.411392452189172e-08,4.634274602309382e-06,0.0019798802851501303
PerplexDEW (Davies),isobar,0.25,380.95,5.547639713509312e-06,1.4043967033312015e-08,4.582800088428122e-06,0.0019452291027197517
PerplexDEW (Davies),isobar,0.25,381.65,5.484050120448298e-06,1.3972002761774864e-08,4.531194132539894e-06,0.0019109143493274917
PerplexDEW (Davies),isobar,0.25,382.34999999999997,5.421465047774346e-06,1.3900924249279405e-08,4.480395134538607e-06,0.0018773255227402755
PerplexDEW (Davies),isobar,0.25,383.04999999999995,5.358761701440773e-06,1.382787094465962e-08,4.429475581922426e-06,0.001844065250945963
PerplexDEW (Davies),isobar,0.25,383.75,5.297059160814831e-06,1.375573069137701e-08,4.3793606835273176e-06,0.0018115126131154548
PerplexDEW (Davies),isobar,0.25,384.45,5.235250605335295e-06,1.3681648048572393e-08,4.329135754583192e-06,0.0017792807411769018
PerplexDEW (Davies),isobar,0.25,385.15,5.1744386788620245e-06,1.3608505346907651e-08,4.279712789265697e-06,0.001747738511246828
PerplexDEW (Davies),isobar,0.25,385.84999999999997,5.113532551115785e-06,1.3533453028367914e-08,4.230189956330525e-06,0.0017165093468112427
PerplexDEW (Davies),isobar,0.25,386.54999999999995,5.053618426166854e-06,1.3459367105650902e-08,4.181466019112153e-06,0.0016859521344116707
PerplexDEW (Davies),isobar,0.25,387.25,4.993976223494541e-06,1.3384355436105059e-08,4.132945605777944e-06,0.0016558180009423533
PerplexDEW (Davies),isobar,0.25,387.95,4.934611458452038e-06,1.3308434613050305e-08,4.0846334785735086e-06,0.0016261031876240836
PerplexDEW (Davies),isobar,0.25,388.65,4.876228269287191e-06,1.3233517671860637e-08,4.037112804486659e-06,0.00159703277838331
PerplexDEW (Davies),isobar,0.25,389.34999999999997,4.818122447450678e-06,1.3157719582417495e-08,3.9898009876906205e-06,0.0015683678658414647
PerplexDEW (Davies),isobar,0.25,390.04999999999995,4.76029917359511e-06,1.3081056990711817e-08,3.942702515715096e-06,0.0015401047843905862
PerplexDEW (Davies),isobar,0.25,390.75,4.703446179216226e-06,1.3005434300752732e-08,3.896387311482173e-06,0.0015124593864757688
PerplexDEW (Davies),isobar,0.25,391.45,4.646197753245422e-06,1.2927090065607391e-08,3.849724316845961e-06,0.001484985924753724
PerplexDEW (Davies),isobar,0.25,392.15,4.590254688824603e-06,1.2850753736222062e-08,3.8041229086280396e-06,0.0014582235227870968
PerplexDEW (Davies),isobar,0.3,294.6,0.011023947234452082,0.0002779717690902155,0.00965107131194893,2.3013001733565686
PerplexDEW (Davies),isobar,0.3,295.8,0.011147855631649923,0.00028248696738388413,0.009760240046298115,2.313732301155677
PerplexDEW (Davies),isobar,0.3,297.0,0.011272251775877946,0.0002870373901748091,0.009869832508312408,2.3261468485062604
PerplexDEW (Davies),isobar,0.3,298.20000000000005,0.011397111944295917,0.0002916220840752317,0.00997982723506088,2.3385417169806066
PerplexDEW (Davies),isobar,0.3,299.40000000000003,0.011522407671900466,0.0002962399246198603,0.010090198533503243,2.3509144256672605
PerplexDEW (Davies),isobar,0.3,300.6,0.011648109354203755,0.00030088972218247396,0.010200919682355505,2.363262430407805
PerplexDEW (Davies),isobar,0.3,301.8,0.011774194220327605,0.00030557046708628644,0.01031197002722899,2.3755838089806933
PerplexDEW (Davies),isobar,0.3,303.0,0.011900614443291954,0.0003102803452670412,0.010423306601998006,2.387874520969187
PerplexDEW (Davies),isobar,0.3,304.20000000000005,0.012027352977421291,0.0003150184599697656,0.010534913818516047,2.400133205000986
PerplexDEW (Davies),isobar,0.3,305.40000000000003,0.012154375805005557,0.00031978335917049697,0.010646760971743986,2.412357073414363
PerplexDEW (Davies),isobar,0.3,306.6,0.012281630589613944,0.00032457297656187024,0.010758801029379957,2.42454183000221
PerplexDEW (Davies),isobar,0.3,307.8,0.01240908861447858,0.0003293859495726088,0.010871007970920433,2.4366852220263966
PerplexDEW (Davies),isobar,0.3,309.0,0.012536711580416148,0.00033422057842501414,0.010983347229663418,2.448784219758744
PerplexDEW (Davies),isobar,0.3,310.20000000000005,0.012664459840213662,0.0003390750823942718,0.011095783022736816,2.4608357174020954
PerplexDEW (Davies),isobar,0.3,311.40000000000003,0.012792274189408322,0.0003439470081195619,0.011208262126402604,2.4728350246536395
PerplexDEW (Davies),isobar,0.3,312.6,0.0129201298080494,0.0003488349705029757,0.011320761933455496,2.484780349422391
PerplexDEW (Davies),isobar,0.3,313.8,0.01304796406797809,0.00035373631709882685,0.011433226133595247,2.4966668037806277
PerplexDEW (Davies),isobar,0.3,315.0,0.013175730760495405,0.0003586488817075775,0.011545613027930963,2.5084909039897583
PerplexDEW (Davies),isobar,0.3,316.2,0.013303382173086005,0.00036357040536216285,0.011657879561460504,2.5202490792611223
PerplexDEW (Davies),isobar,0.3,317.40000000000003,0.01343084939300725,0.00036849787742468555,0.011769963761115828,2.5319360721999415
PerplexDEW (Davies),isobar,0.3,318.6,0.013558090683156483,0.00037342914007825167,0.011881827862992106,2.5435488830070683
PerplexDEW (Davies),isobar,0.3,319.8,0.013685032888294993,0.0003783609357361336,0.011993406071847516,2.5550820018100957
PerplexDEW (Davies),isobar,0.3,321.0,0.013811620574096654,0.0003832905462970974,0.012104648374760227,2.5665313993412244
PerplexDEW (Davies),isobar,0.3,322.2,0.013937775707010928,0.00038821443329812856,0.012215484583168595,2.577891270959931
PerplexDEW (Davies),isobar,0.3,323.40000000000003,0.014063438513961678,0.0003931296201496576,0.012325860776594538,2.5891573236643137
PerplexDEW (Davies),isobar,0.3,324.6,0.01418852589514575,0.00039803227373589884,0.012435702205145338,2.6003234420109322
PerplexDEW (Davies),isobar,0.3,325.8,0.014312962609999872,0.00040291876572783253,0.012544941109251154,2.6113841859775184
PerplexDEW (Davies),isobar,0.3,327.0,0.014436670929207246,0.000407785319336285,0.012653507489552459,2.6223339591693047
PerplexDEW (Davies),isobar,0.3,328.2,0.014559570591863137,0.00041262800609520475,0.01276132906888449,2.6331670043948314
PerplexDEW (Davies),isobar,0.3,329.4,0.014681555824256617,0.0004174419331700096,0.01286831077620044,2.6438755997015195
PerplexDEW (Davies),isobar,0.3,330.6,0.0148025284861497,0.0004222223961845145,0.012974364329914907,2.6544526761939204
PerplexDEW (Davies),isobar,0.3,331.8,0.014922410694243157,0.00042696533752381897,0.013079419516032822,2.66489278707627
PerplexDEW (Davies),isobar,0.3,333.0,0.015041074553383622,0.00043166484707064193,0.013183361447114853,2.675186615449541
PerplexDEW (Davies),isobar,0.3,334.2,0.01515842378789287,0.00043631605841821836,0.013286103448391255,2.6853273529931045
PerplexDEW (Davies),isobar,0.3,335.4,0.015274322209932396,0.00044091258862369656,0.013387523181164193,2.6953051268924457
PerplexDEW (Davies),isobar,0.3,336.6,0.015388653654052899,0.0004454486846004611,0.013487516167903679,2.705111656399786
PerplexDEW (Davies),isobar,0.3,337.8,0.015501285551848286,0.00044991791048689566,0.013585963261727618,2.7147374213649176
PerplexDEW (Davies),isobar,0.3,339.0,0.015612067941890033,0.000454313098013823,0.0136827297578232,2.724171592805579
PerplexDEW (Davies),isobar,0.3,340.2,0.015720858680640593,0.00045862726419162477,0.013777687917655526,2.733403969360663
PerplexDEW (Davies),isobar,0.3,341.4,0.01582751102153361,0.0004628531594619986,0.013870705876218444,2.742424009981094
PerplexDEW (Davies),isobar,0.3,342.6,0.01593183305899649,0.00046698175311773294,0.013961611398246664,2.7512177317776
PerplexDEW (Davies),isobar,0.3,343.8,0.016033639522723356,0.0004710041372279199,0.014050238159909538,2.7597716744678396
PerplexDEW (Davies),isobar,0.3,345.0,0.01613273877637894,0.0004749110463042776,0.014136414135587024,2.7680718907129185
PerplexDEW (Davies),isobar,0.3,346.2,0.01622896094083319,0.0004786939192132023,0.014219986742364986,2.7761060682070635
PerplexDEW (Davies),isobar,0.3,347.4,0.016322016871205155,0.00048233956299783924,0.014300696778046223,2.783852808545422
PerplexDEW (Davies),isobar,0.3,348.6,0.016411722026642428,0.0004858386004235395,0.014378378545931462,2.7912986183931663
PerplexDEW (Davies),isobar,0.3,349.8,0.016497798644153894,0.000489177980075827,0.014452783014141265,2.798422871984133
PerplexDEW (Davies),isobar,0.3,351.0,0.016579959027882157,0.0004923441107791318,0.01452365227382428,2.8052041173254496
PerplexDEW (Davies),isobar,0.3,352.2,0.01665790548471536,0.0004953228582293259,0.014590719490834958,2.8116200407728416
PerplexDEW (Davies),isobar,0.3,353.4,0.016731299616117235,0.0004980983526086146,0.0146536814549558,2.8176451144916754
PerplexDEW (Davies),isobar,0.3,354.6,0.016799791284537017,0.0005006540947165523,0.01471222449101373,2.8232527466083113
PerplexDEW (Davies),isobar,0.3,355.8,0.016863387297145385,0.0005029937819990502,0.014766364955534388,2.8284157580321057
PerplexDEW (Davies),isobar,0.3,357.0,0.016920829467279255,0.0005050525617564159,0.014814956077027683,2.833092223622587
PerplexDEW (Davies),isobar,0.3,358.2,0.016972082725992575,0.000506831775235958,0.014857976510272018,2.837252025074007
PerplexDEW (Davies),isobar,0.3,359.4,0.017016579871455672,0.0005083056333472612,0.014894918741362985,2.840850869926223
PerplexDEW (Davies),isobar,0.3,360.6,0.017053700512362192,0.0005094460034114786,0.014925227816314876,2.843839878120517
PerplexDEW (Davies),isobar,0.3,361.8,7.78291297014661e-05,1.6458348288245156e-07,6.392437166341784e-05,0.032569621090087694
PerplexDEW (Davies),isobar,0.3,363.0,7.698432586433025e-05,1.6469395659720103e-07,6.325393665423381e-05,0.03185106768776016
PerplexDEW (Davies),isobar,0.3,364.2,7.614170980533154e-05,1.6478263186910958e-07,6.258470760536734e-05,0.0311468453550378
PerplexDEW (Davies),isobar,0.3,365.4,7.52967625873208e-05,1.6483929270354666e-07,6.191297368363058e-05,0.03045481798793285
PerplexDEW (Davies),isobar,0.3,366.6,7.445473225087764e-05,1.6487491573845096e-07,6.12430525060091e-05,0.02977684469479464
PerplexDEW (Davies),isobar,0.3,367.8,7.3611103866186e-05,1.6487912391739333e-07,6.057123445831639e-05,0.02911083537036211
PerplexDEW (Davies),isobar,0.3,369.0,7.27662448729285e-05,1.6485215043810827e-07,5.989782344654971e-05,0.028456695857937822
PerplexDEW (Davies),isobar,0.3,370.2,7.192535342822595e-05,1.648053390201705e-07,5.922710168705302e-05,0.027816199104220687
PerplexDEW (Davies),isobar,0.3,371.4,7.108392581441142e-05,1.647280764520438e-07,5.85553656303906e-05,0.027187324057425275
PerplexDEW (Davies),isobar,0.3,372.6,7.024712163414146e-05,1.6463194049640324e-07,5.788686939357423e-05,0.026571787744481774
PerplexDEW (Davies),isobar,0.3,373.8,6.941044658784818e-05,1.6450616150923918e-07,5.721791504472053e-05,0.025967615343051285
PerplexDEW (Davies),isobar,0.3,375.0,6.857423629673553e-05,1.6435107763501764e-07,5.654878225396893e-05,0.025374699664079046
PerplexDEW (Davies),isobar,0.3,376.2,6.77435872817706e-05,1.6417860458220897e-07,5.5883678482780985e-05,0.024794675856261644
PerplexDEW (Davies),isobar,0.3,377.4,6.691402436124587e-05,1.6397774379786005e-07,5.5218918341991074e-05,0.024225638156290828
PerplexDEW (Davies),isobar,0.3,378.6,6.608586250088968e-05,1.6374888866292542e-07,5.455476551586144e-05,0.023667473100712613
PerplexDEW (Davies),isobar,0.3,379.79999999999995,6.526412803056425e-05,1.6350427382222048e-07,5.3895374701532394e-05,0.023121736652486447
PerplexDEW (Davies),isobar,0.3,381.0,6.444436964615004e-05,1.6323267726638597e-07,5.323707697000993e-05,0.022586591875941857
PerplexDEW (Davies),isobar,0.3,382.2,6.362688050650026e-05,1.6293454096627745e-07,5.258011894696366e-05,0.022061920193464493
PerplexDEW (Davies),isobar,0.3,383.4,6.281194694287507e-05,1.6261032327294923e-07,5.1924741924307905e-05,0.021547601408795913
PerplexDEW (Davies),isobar,0.3,384.59999999999997,6.199984834108611e-05,1.6226049821532084e-07,5.127118175024112e-05,0.021043513818147785
PerplexDEW (Davies),isobar,0.3,385.79999999999995,6.119548093730445e-05,1.6189778988128676e-07,5.062349382014141e-05,0.020551087137052674
PerplexDEW (Davies),isobar,0.3,387.0,6.0394444919047044e-05,1.6151062140992077e-07,4.99780463355637e-05,0.02006859781770979
PerplexDEW (Davies),isobar,0.3,388.2,5.959699651181793e-05,1.610995042720165e-07,4.933505676699066e-05,0.019595920843254625
PerplexDEW (Davies),isobar,0.3,389.4,5.8803384692441895e-05,1.6066496267502502e-07,4.8694736838465946e-05,0.019132930138182395
PerplexDEW (Davies),isobar,0.3,390.59999999999997,5.8013851123415895e-05,1.602075328437228e-07,4.805729246080223e-05,0.018679498671889217
PerplexDEW (Davies),isobar,0.3,391.79999999999995,5.7228630097161596e-05,1.5972776229935396e-07,4.742292367302137e-05,0.018235498560630486
PerplexDEW (Davies),isobar,0.3,393.0,5.645244185178674e-05,1.5923888515478004e-07,4.679554931035095e-05,0.017802218136951833
PerplexDEW (Davies),isobar,0.3,394.2,5.5676495480022476e-05,1.5871618438180723e-07,4.616788976701524e-05,0.01737667220888932
PerplexDEW (Davies),isobar,0.3,395.4,5.4909965352785616e-05,1.5818565321835186e-07,4.554755770552258e-05,0.016961543396738596
PerplexDEW (Davies),isobar,0.3,396.59999999999997,5.414856119334513e-05,1.5763519565766223e-07,4.493100335186557e-05,0.016555285050117687
PerplexDEW (Davies),isobar,0.3,397.79999999999995,5.338808170914655e-05,1.5705246391762582e-07,4.431474598174328e-05,0.016156436521956707
PerplexDEW (Davies),isobar,0.3,399.0,5.2637534122112984e-05,1.5646386314693345e-07,4.3706267561712415e-05,0.015767549760419646
PerplexDEW (Davies),isobar,0.3,400.2,5.189267754523239e-05,1.5585712115443365e-07,4.310205605757664e-05,0.015387142413677285
PerplexDEW (Davies),isobar,0.3,401.4,5.1149365235287016e-05,1.552197338610799e-07,4.249867294341212e-05,0.015013815828876717
PerplexDEW (Davies),isobar,0.3,402.59999999999997,5.0416429645386e-05,1.545784790850057e-07,4.1903462743294687e-05,0.0146499959307415
PerplexDEW (Davies),isobar,0.3,403.79999999999995,4.968541644531721e-05,1.5390770073877454e-07,4.130940700853387e-05,0.014293036062353562
PerplexDEW (Davies),isobar,0.3,405.0,4.896503773032974e-05,1.532344028165447e-07,4.072375520405468e-05,0.013945280705093361
PerplexDEW (Davies),isobar,0.3,406.2,4.824693156234929e-05,1.525327247192757e-07,4.013956126393439e-05,0.01360416433199584
PerplexDEW (Davies),isobar,0.3,407.4,4.753968713891663e-05,1.5182987935431755e-07,3.956397729245541e-05,0.013271952101612805
PerplexDEW (Davies),isobar,0.3,408.59999999999997,4.6835037735304595e-05,1.510998136317222e-07,3.899013205646553e-05,0.012946158093293511
PerplexDEW (Davies),isobar,0.3,409.79999999999995,4.6137319146147215e-05,1.5035647824631902e-07,3.8421640362256125e-05,0.012627840355798359
PerplexDEW (Davies),isobar,0.3,411.0,4.54466476999241e-05,1.4960050626575209e-07,3.785860666122111e-05,0.012316869681695162
PerplexDEW (Davies),isobar,0.3,412.2,4.476313274409975e-05,1.4883253056438606e-07,3.730112966361634e-05,0.012013117440411175
PerplexDEW (Davies),isobar,0.3,413.4,4.408283530922534e-05,1.480396109699656e-07,3.6745933609810305e-05,0.011715381601467999
PerplexDEW (Davies),isobar,0.35,344.0,0.01659312903561205,0.0004920298890295664,0.014549937346522202,2.8024159145666987
PerplexDEW (Davies),isobar,0.35,344.8888888888889,0.016681071672866154,0.0004955432159814022,0.014626796671038621,2.8095929219025373
PerplexDEW (Davies),isobar,0.35,345.77777777777777,0.016767967222977916,0.0004990121714402867,0.014702703572277497,2.8166636775850984
PerplexDEW (Davies),isobar,0.35,346.6666666666667,0.016853779002946854,0.0005024346296487661,0.014777624989309127,2.8236257172455606
PerplexDEW (Davies),isobar,0.35,347.55555555555554,0.01693842702271589,0.0005058067949436068,0.014851489110071427,2.8304733564694073
PerplexDEW (Davies),isobar,0.35,348.44444444444446,0.01702185790509347,0.0005091258513361224,0.01492424791708582,2.8372028943223446
PerplexDEW (Davies),isobar,0.35,349.3333333333333,0.017103988020291297,0.0005123877954668918,0.014995826333932219,2.8438083882904355
PerplexDEW (Davies),isobar,0.35,350.22222222222223,0.01718479042248105,0.0005155907695579307,0.015066199980987561,2.8502880915607998
PerplexDEW (Davies),isobar,0.35,351.1111111111111,0.01726413400263834,0.0005187288762073344,0.015135251308985383,2.8566325514242368
PerplexDEW (Davies),isobar,0.35,352.0,0.017341973802369137,0.0005217994990114969,0.015202939824250321,2.8628386837507156
PerplexDEW (Davies),isobar,0.35,352.8888888888889,0.017418233951800782,0.0005247988001046941,0.015269197384815296,2.868901111093593
PerplexDEW (Davies),isobar,0.35,353.77777777777777,0.01749280609433367,0.0005277216396458793,0.01533392678500417,2.874812056759712
PerplexDEW (Davies),isobar,0.35,354.6666666666667,0.017565609924333155,0.0005305639291842994,0.01539705591355368,2.8805658014520024
PerplexDEW (Davies),isobar,0.35,355.55555555555554,0.017636930639296236,0.0005333414344556353,0.015458848971344126,2.886160187508593
PerplexDEW (Davies),isobar,0.35,356.44444444444446,0.017705943270725708,0.0005360099189285488,0.015518549297478925,2.8915806907185364
PerplexDEW (Davies),isobar,0.35,357.3333333333333,0.01777288796349967,0.000538583075953239,0.015576380519099445,2.896822397179298
PerplexDEW (Davies),isobar,0.35,358.22222222222223,0.01783769207176655,0.0005410569759157836,0.01563227739846501,2.901880062139532
PerplexDEW (Davies),isobar,0.35,359.1111111111111,0.017900200086339083,0.0005434243666013749,0.015686100556147678,2.906742334596623
PerplexDEW (Davies),isobar,0.35,360.0,0.017960285117827147,0.0005456790766532694,0.015737736229472225,2.911399926260002
PerplexDEW (Davies),isobar,0.35,360.8888888888889,0.018017850534895376,0.0005478161005507535,0.015787097746576922,2.915845717522078
PerplexDEW (Davies),isobar,0.35,361.77777777777777,0.018072764244911277,0.0005498289789275725,0.015834066715990813,2.9200699382234774
PerplexDEW (Davies),isobar,0.35,362.6666666666667,0.018124823009789518,0.0005517083428191562,0.015878461087644735,2.9240575518027825
PerplexDEW (Davies),isobar,0.35,363.55555555555554,0.018173955283827946,0.0005534500691702258,0.01592021669466869,2.9278030830785844
PerplexDEW (Davies),isobar,0.35,364.44444444444446,0.018219915633677204,0.0005550429810042002,0.0159591137632647,2.931288250836292
PerplexDEW (Davies),isobar,0.35,365.3333333333333,0.018262591693489292,0.000556481220681693,0.015995051645540152,2.934504409072199
PerplexDEW (Davies),isobar,0.35,366.22222222222223,0.01830172791182809,0.0005577530773496093,0.016027801568907644,2.9374323189118154
PerplexDEW (Davies),isobar,0.35,367.1111111111111,0.018337204570955102,0.0005588523061865788,0.016057256378967252,2.94006254816971
PerplexDEW (Davies),isobar,0.35,368.0,0.00040179435584224886,9.202052901851149e-07,0.0003306729731386061,0.15844650669700075
PerplexDEW (Davies),isobar,0.35,368.8888888888889,0.00039819633771493053,9.185059900102099e-07,0.0003277980581557877,0.15574142032911267
PerplexDEW (Davies),isobar,0.35,369.77777777777777,0.00039466767965249175,9.169545103902141e-07,0.00032497861551038926,0.15309985290843944
PerplexDEW (Davies),isobar,0.35,370.6666666666667,0.00039118308066250047,9.154859557303587e-07,0.00032219384050269893,0.1505109350940319
PerplexDEW (Davies),isobar,0.35,371.55555555555554,0.00038775761303381124,9.141338082245629e-07,0.00031945617738621127,0.14797950227693146
PerplexDEW (Davies),isobar,0.35,372.44444444444446,0.00038437931021856325,9.128659686806019e-07,0.00031675579704354103,0.14550000350846137
PerplexDEW (Davies),isobar,0.35,373.3333333333333,0.0003810632135141232,9.117170646253658e-07,0.0003141051275604457,0.14307717072460585
PerplexDEW (Davies),isobar,0.35,374.22222222222223,0.00037777010106848007,9.105876272702242e-07,0.0003114718619687141,0.140695393939793
PerplexDEW (Davies),isobar,0.35,375.1111111111111,0.00037452847274440786,9.095460755359551e-07,0.000308879522008526,0.13836452340242358
PerplexDEW (Davies),isobar,0.35,376.0,0.0003713397158558657,9.085943445572019e-07,0.00030632928386428694,0.13608416365628942
PerplexDEW (Davies),isobar,0.35,376.8888888888889,0.00036817793993168627,9.076656044056041e-07,0.0003037998138380805,0.1338440150799142
PerplexDEW (Davies),isobar,0.35,377.77777777777777,0.0003650443790265919,9.067608897355348e-07,0.0003012921477708668,0.13164385916873925
PerplexDEW (Davies),isobar,0.35,378.6666666666667,0.000361967543548521,9.059514550767224e-07,0.00029882984435250547,0.1294932195045993
PerplexDEW (Davies),isobar,0.35,379.55555555555554,0.0003589213684374927,9.051697095901766e-07,0.00029639141301144364,0.12738196231375046
PerplexDEW (Davies),isobar,0.35,380.44444444444446,0.00035590700805310336,9.044172909350196e-07,0.0002939778276505056,0.12530983267949253
PerplexDEW (Davies),isobar,0.35,381.3333333333333,0.000352925591569866,9.03696012680957e-07,0.0002915900425434904,0.12327656468245356
PerplexDEW (Davies),isobar,0.35,382.22222222222223,0.00034997822288708653,9.030078563712682e-07,0.00028922899221007033,0.12128188194245834
PerplexDEW (Davies),isobar,0.35,383.1111111111111,0.00034705227058701247,9.023186743784795e-07,0.00028688425711490174,0.11932078883793681
PerplexDEW (Davies),isobar,0.35,384.0,0.00034416247838382763,9.016665205369257e-07,0.0002845680444470233,0.11739776582163892
PerplexDEW (Davies),isobar,0.35,384.8888888888889,0.000341296147547278,9.010170053888927e-07,0.0002822698753951892,0.11550786554061364
PerplexDEW (Davies),isobar,0.35,385.77777777777777,0.00033845425771329143,9.003718908041353e-07,0.00027999057732859675,0.11365087455683942
PerplexDEW (Davies),isobar,0.35,386.6666666666667,0.0003356377672424737,8.997330575753617e-07,0.00027773096093227745,0.11182657094147311
PerplexDEW (Davies),isobar,0.35,387.55555555555554,0.0003328476130952532,8.99102500061529e-07,0.00027549182006621914,0.11003472466011846
PerplexDEW (Davies),isobar,0.35,388.44444444444446,0.00033008471075384165,8.984823210559399e-07,0.0002732739316635021,0.10827509795920803
PerplexDEW (Davies),isobar,0.35,389.3333333333333,0.00032734995418858307,8.978747268794723e-07,0.0002710780556660071,0.10654744575261135
PerplexDEW (Davies),isobar,0.35,390.22222222222223,0.0003246304504979469,8.972435570653127e-07,0.00026889353236029607,0.10484707273207806
PerplexDEW (Davies),isobar,0.35,391.1111111111111,0.00032194080861123526,8.966291164706648e-07,0.0002667324784813719,0.10317822928976515
PerplexDEW (Davies),isobar,0.35,392.0,0.0003192680882761204,8.959948637389083e-07,0.00026458419094790213,0.10153627272741743
PerplexDEW (Davies),isobar,0.35,392.8888888888889,0.0003166268664596301,8.953818298402298e-07,0.00026246076708373746,0.09992537481596317
PerplexDEW (Davies),isobar,0.35,393.77777777777777,0.0003139903836934761,8.947134820386853e-07,0.0002603400410570801,0.09833663438736753
PerplexDEW (Davies),isobar,0.35,394.6666666666667,0.00031138695543843093,8.940705890897817e-07,0.0002582455031410683,0.09677852332061986
PerplexDEW (Davies),isobar,0.35,395.55555555555554,0.00030878978301728964,8.933756289908374e-07,0.00025615494507449097,0.09524225976738447
PerplexDEW (Davies),isobar,0.35,396.44444444444446,0.0003062271483135268,8.927106357031257e-07,0.00025409184175116824,0.09373617410180571
PerplexDEW (Davies),isobar,0.35,397.3333333333333,0.0003036859908543422,8.920378053347508e-07,0.0002520453774554832,0.09225578621886424
PerplexDEW (Davies),isobar,0.35,398.22222222222223,0.00030115323863939256,8.913182543382207e-07,0.0002500047163149961,0.09079674067835851
PerplexDEW (Davies),isobar,0.35,399.1111111111111,0.0002986433465534212,8.905946056889742e-07,0.00024798186993097,0.08936304135850924
PerplexDEW (Davies),isobar,0.35,400.0,0.0002961432175833891,8.898275143857741e-07,0.00024596597721848604,0.08795038782190577
PerplexDEW (Davies),isobar,0.35,400.8888888888889,0.00029366726883045535,8.890602765723721e-07,0.00024396902504113737,0.08656271046134337
PerplexDEW (Davies),isobar,0.35,401.77777777777777,0.00029120238125960766,8.882530759237397e-07,0.00024198012952212337,0.08519576434805
PerplexDEW (Davies),isobar,0.35,402.6666666666667,0.00028876293070260073,8.874498716980738e-07,0.00024001124977906615,0.08385340754279913
PerplexDEW (Davies),isobar,0.35,403.55555555555554,0.0002863357790520356,8.866103672158778e-07,0.00023805148153593155,0.08253145105025612
PerplexDEW (Davies),isobar,0.35,404.44444444444446,0.0002839352577822917,8.85779175364708e-07,0.00023611275348380992,0.08123368182590328
PerplexDEW (Davies),isobar,0.35,405.3333333333333,0.00028153449420270524,8.848722244181449e-07,0.0002341727324479844,0.07995207215919155
PerplexDEW (Davies),isobar,0.35,406.22222222222223,0.00027916151007024965,8.83977490937434e-07,0.0002322547354850793,0.07869429679888942
PerplexDEW (Davies),isobar,0.35,407.1111111111111,0.00027680314014108596,8.830536956870348e-07,0.0002303478265483469,0.07745627927177048
PerplexDEW (Davies),isobar,0.35,408.0,0.00027444624649681853,8.820584645074026e-07,0.00022844108185508984,0.07623406519831386
PerplexDEW (Davies),isobar,0.35,408.8888888888889,0.00027211874969377983,8.810815714486762e-07,0.00022655775185313753,0.07503513138197139
PerplexDEW (Davies),isobar,0.35,409.77777777777777,0.00026980747381052754,8.800809877173253e-07,0.00022468688463371766,0.07385548619689791
PerplexDEW (Davies),isobar,0.35,410.66666666666663,0.0002675129273972929,8.790585644008025e-07,0.00022282891671906974,0.07269496745272763
PerplexDEW (Davies),isobar,0.35,411.55555555555554,0.0002652356056249483,8.78016180314568e-07,0.00022098427384937744,0.0715534103007287
PerplexDEW (Davies),isobar,0.35,412.44444444444446,0.0002629623711242648,8.769102140771698e-07,0.00021914202115702245,0.0704270003811812
PerplexDEW (Davies),isobar,0.35,413.3333333333333,0.0002607073427434877,8.757875695092337e-07,0.0002173139333198403,0.06931927583927387
PerplexDEW (Davies),isobar,0.35,414.22222222222223,0.00025847097749260136,8.746502016737629e-07,0.0002155004053158611,0.06823006427547912
PerplexDEW (Davies),isobar,0.35,415.1111111111111,0.0002562537190683202,8.735000873322714e-07,0.00021370182133205115,0.0671591911976658
PerplexDEW (Davies),isobar,0.35,416.0,0.00025404244591121545,8.722926020664958e-07,0.00021190725038840194,0.06610295426394969
PerplexDEW (Davies),isobar,0.35,416.8888888888889,0.0002518376308266502,8.710289497270113e-07,0.0002101170936600759,0.06506126504365391
PerplexDEW (Davies),isobar,0.35,417.77777777777777,0.0002496667647006484,8.698046776631055e-07,0.00020835430028489315,0.0640409645330924
PerplexDEW (Davies),isobar,0.35,418.66666666666663,0.0002474897008128127,8.684803630353484e-07,0.00020658538140539033,0.06303147223789864
PerplexDEW (Davies),isobar,0.35,419.55555555555554,0.00024534736112585115,8.671995529564055e-07,0.00020484450330107517,0.06204300208980016
PerplexDEW (Davies),isobar,0.35,420.44444444444446,0.00024319969659927483,8.658212564710373e-07,0.0002030982435540454,0.061065148137004054
PerplexDEW (Davies),isobar,0.35,421.3333333333333,0.00024107405301258583,8.644424296204863e-07,0.00020136944434361362,0.0601045954110936
PerplexDEW (Davies),isobar,0.35,422.22222222222223,0.0002389707755104271,8.630651848025139e-07,0.00019965840978554053,0.05916115517194294
PerplexDEW (Davies),isobar,0.35,423.1111111111111,0.0002368768129714873,8.616429044734373e-07,0.00019795424906886706,0.05823134788117902
PerplexDEW (Davies),isobar,0.35,424.0,0.0002347925564144506,8.601769448016352e-07,0.0001962572973984558,0.05731506940135266
PerplexDEW (Davies),isobar,0.35,424.8888888888889,0.00023271838782884473,8.586686793104036e-07,0.00019456788269769107,0.05641221390645082
PerplexDEW (Davies),isobar,0.35,425.77777777777777,0.0002306679890910808,8.571690031198436e-07,0.00019289745532358586,0.055525877467744324
PerplexDEW (Davies),isobar,0.35,426.66666666666663,0.00022861507969694015,8.555805609180734e-07,0.00019122404942152827,0.05464951553987272
PerplexDEW (Davies),isobar,0.35,427.55555555555554,0.00022658660489134578,8.54004030037909e-07,0.00018957020995412984,0.05378939652313765
PerplexDEW (Davies),isobar,0.35,428.44444444444446,0.0002245695991809173,8.523913308594554e-07,0.000187925103791127,0.05294220547652249
PerplexDEW (Davies),isobar,0.35,429.3333333333333,0.00022257759801208495,8.507944011230276e-07,0.00018630006968227522,0.052110920219177216
PerplexDEW (Davies),isobar,0.35,430.22222222222223,0.0002205844959580044,8.491139335426952e-07,0.00018467326902617064,0.051289217814268206
PerplexDEW (Davies),isobar,0.35,431.1111111111111,0.00021860383838764278,8.474016424758802e-07,0.00018305604680400708,0.050480101764756855
PerplexDEW (Davies),isobar,0.35,432.0,0.00021664904623330215,8.457102209954989e-07,0.00018145965388982434,0.049686463285901684
PerplexDEW (Davies),isobar,0.4,356.4,0.018385897779403786,0.0005628511530748631,0.016127110891862216,2.9412406907503628
PerplexDEW (Davies),isobar,0.4,357.4222222222222,0.01848450490931732,0.0005667664948153341,0.016213000943226297,2.9487734162526222
PerplexDEW (Davies),isobar,0.4,358.4444444444444,0.01858120979229639,0.0005705927584517874,0.01629716439449362,2.9561318442429836
PerplexDEW (Davies),isobar,0.4,359.46666666666664,0.018675897224470384,0.0005743240058840009,0.016379497759957548,2.9633080362744106
PerplexDEW (Davies),isobar,0.4,360.4888888888889,0.018768448920732747,0.0005779541184980055,0.016459894773116338,2.9702938232789133
PerplexDEW (Davies),isobar,0.4,361.51111111111106,0.01885874349515729,0.0005814767960796047,0.016538246395041638,2.977080798931025
PerplexDEW (Davies),isobar,0.4,362.5333333333333,0.01894665644517684,0.0005848855560436717,0.01661444080247624,2.9836603125622734
PerplexDEW (Davies),isobar,0.4,363.55555555555554,0.01903204296879793,0.0005881730355241149,0.01668834800379901,2.990022240087537
PerplexDEW (Davies),isobar,0.4,364.5777777777778,0.019114754334111275,0.0005913316468484951,0.01675983449732673,2.9961561454913093
PerplexDEW (Davies),isobar,0.4,365.59999999999997,0.019194673004599882,0.0005943550142626337,0.016828794730676076,3.002053767349316
PerplexDEW (Davies),isobar,0.4,366.6222222222222,0.01927157247557272,0.0005972322469062793,0.016895025583942104,3.0076990496924196
PerplexDEW (Davies),isobar,0.4,367.64444444444445,0.01934532690654894,0.0005999564985276781,0.016958414103756134,3.013083029073592
PerplexDEW (Davies),isobar,0.4,368.66666666666663,0.019415771772560046,0.0006025192840337539,0.017018812719570998,3.0181939179701915
PerplexDEW (Davies),isobar,0.4,369.68888888888887,0.019482665097793873,0.0006049088514034765,0.01707600452200828,3.0230143473627913
PerplexDEW (Davies),isobar,0.4,370.7111111111111,0.019545869235367476,0.0006071176912156351,0.017129866076241076,3.0275342482665444
PerplexDEW (Davies),isobar,0.4,371.7333333333333,0.019605093965464202,0.0006091318993965442,0.017180137334761276,3.0317326078975
PerplexDEW (Davies),isobar,0.4,372.75555555555553,0.01966011627345037,0.0006109402763057512,0.017226618489234125,3.03559303842072
PerplexDEW (Davies),isobar,0.4,373.77777777777777,0.019710746110163498,0.0006125329404167232,0.01726913931664549,3.039101325593651
PerplexDEW (Davies),isobar,0.4,374.79999999999995,0.01975663440171491,0.0006138932815468076,0.017307387219842568,3.042231774259245
PerplexDEW (Davies),isobar,0.4,375.8222222222222,0.019797539529899502,0.0006150091129538304,0.017341145928811252,3.044966085638977
PerplexDEW (Davies),isobar,0.4,376.84444444444443,0.01983317503838921,0.0006158663051494608,0.017370159102957902,3.0472825136698396
PerplexDEW (Davies),isobar,0.4,377.8666666666667,0.019863127527267887,0.0006164452904392288,0.017394056802599214,3.0491499660370565
PerplexDEW (Davies),isobar,0.4,378.88888888888886,0.01988713405293441,0.0006167327974141078,0.01741260398170378,3.0505476875709188
PerplexDEW (Davies),isobar,0.4,379.9111111111111,0.01990468153706339,0.0006167048796607274,0.017425341694737806,3.0514366628771135
PerplexDEW (Davies),isobar,0.4,380.93333333333334,0.01991536652453806,0.0006163421687679836,0.01743190936639683,3.0517851568022074
PerplexDEW (Davies),isobar,0.4,381.9555555555555,0.019918776543338314,0.0006156248745407715,0.01743193855205743,3.051560194025505
PerplexDEW (Davies),isobar,0.4,382.97777777777776,0.01991427971464591,0.0006145237808595687,0.01742486454622015,3.0507123466604837
PerplexDEW (Davies),isobar,0.4,384.0,0.019901355569696993,0.0006130143953616461,0.01741022272939604,3.0491992794378264
PerplexDEW (Davies),isobar,0.4,385.02222222222224,0.001517579003446049,5.1101649682961166e-06,0.0012570263883174284,0.5057738930545399
PerplexDEW (Davies),isobar,0.4,386.0444444444444,0.001472821585355246,4.882304419943792e-06,0.0012201110016969831,0.4872066091892022
PerplexDEW (Davies),isobar,0.4,387.06666666666666,0.0014335868290178723,4.6945599040563e-06,0.0011877916799642226,0.4705960690074039
PerplexDEW (Davies),isobar,0.4,388.0888888888889,0.0013984818824904401,4.536242739581564e-06,0.0011589065590691615,0.4554828975936252
PerplexDEW (Davies),isobar,0.4,389.1111111111111,0.0013667915523139186,4.4012966019371e-06,0.0011328586449016157,0.44162549090383896
PerplexDEW (Davies),isobar,0.4,390.1333333333333,0.001337809270021235,4.2845586694215746e-06,0.0011090590976744529,0.4287868816887912
PerplexDEW (Davies),isobar,0.4,391.15555555555557,0.0013111623510372345,4.182933074935271e-06,0.0010871971226782445,0.41683737734716425
PerplexDEW (Davies),isobar,0.4,392.17777777777775,0.0012864802666539199,4.093711681534164e-06,0.0010669641105769184,0.4056494907604765
PerplexDEW (Davies),isobar,0.4,393.2,0.0012634482224216596,4.014712889626574e-06,0.0010480980175596984,0.395114907938128
PerplexDEW (Davies),isobar,0.4,394.22222222222223,0.001241861288391625,3.944416621666472e-06,0.001030428258817248,0.3851608086947446
PerplexDEW (Davies),isobar,0.4,395.2444444444444,0.0012215141970646688,3.881451956815037e-06,0.001013784080457655,0.37571553339040153
PerplexDEW (Davies),isobar,0.4,396.26666666666665,0.0012022560385510906,3.824781823173815e-06,0.0009980399743484006,0.36672521272586595
PerplexDEW (Davies),isobar,0.4,397.2888888888889,0.0011839903104032734,3.7736676842771073e-06,0.0009831157088918963,0.35815330657250644
PerplexDEW (Davies),isobar,0.4,398.31111111111113,0.0011666198804596434,3.727433352254856e-06,0.0009689305701684556,0.349963760083131
PerplexDEW (Davies),isobar,0.4,399.3333333333333,0.0011500468850618858,3.6854540982374376e-06,0.000955403257544184,0.3421210361010564
PerplexDEW (Davies),isobar,0.4,400.35555555555555,0.0011341726441799547,3.6471473084674553e-06,0.0009424517961541716,0.33459014077285554
PerplexDEW (Davies),isobar,0.4,401.3777777777778,0.001118953105918953,3.6121713361876183e-06,0.0009300396489572544,0.32735273756611677
PerplexDEW (Davies),isobar,0.4,402.4,0.0011043436636615379,3.5802089528479006e-06,0.0009181298301583437,0.3203906858751916
PerplexDEW (Davies),isobar,0.4,403.4222222222222,0.0010902434375748178,3.5507578972042184e-06,0.0009066385256634332,0.31367015851955504
PerplexDEW (Davies),isobar,0.4,404.44444444444446,0.001076662175590122,3.523745072159566e-06,0.0008955739728539971,0.3071895507644698
PerplexDEW (Davies),isobar,0.4,405.46666666666664,0.0010635255751037414,3.498802280736206e-06,0.0008848744590378079,0.30092355260817566
PerplexDEW (Davies),isobar,0.4,406.4888888888889,0.0010508145410721911,3.4757782299599005e-06,0.0008745242160525031,0.2948629127783901
PerplexDEW (Davies),isobar,0.4,407.5111111111111,0.0010384534837422472,3.4543255634527635e-06,0.0008644604221612147,0.28898293368205724
PerplexDEW (Davies),isobar,0.4,408.5333333333333,0.0010264784232858477,3.4345150639549598e-06,0.0008547132017764319,0.2832902288651335
PerplexDEW (Davies),isobar,0.4,409.55555555555554,0.0010148690940979407,3.416219154347482e-06,0.0008452658143634343,0.27777579349939774
PerplexDEW (Davies),isobar,0.4,410.5777777777778,0.0010035484536459786,3.399109418080011e-06,0.0008360541920271523,0.27241548613206473
PerplexDEW (Davies),isobar,0.4,411.6,0.0009924951892636613,3.3830669261141275e-06,0.0008270606803208862,0.26720078901835614
PerplexDEW (Davies),isobar,0.4,412.6222222222222,0.0009817442180723585,3.3681840087418643e-06,0.0008183145059104584,0.26213834168067357
PerplexDEW (Davies),isobar,0.4,413.64444444444445,0.0009712454569691531,3.3542457148244117e-06,0.0008097740326199897,0.2572120939495422
PerplexDEW (Davies),isobar,0.4,414.6666666666667,0.0009610050642182602,3.341247384763389e-06,0.0008014445127509865,0.25242116365933687
PerplexDEW (Davies),isobar,0.4,415.68888888888887,0.0009509721741354239,3.328977257535454e-06,0.0007932836241695275,0.24774984122008492
PerplexDEW (Davies),isobar,0.4,416.7111111111111,0.0009411523703202256,3.317434352277811e-06,0.0007852961261260033,0.24319740516408994
PerplexDEW (Davies),isobar,0.4,417.73333333333335,0.0009315510969934776,3.306620383792871e-06,0.0007774866702031807,0.2387630793322246
PerplexDEW (Davies),isobar,0.4,418.75555555555553,0.0009221165264524826,3.29632573262521e-06,0.0007698120901195262,0.23443155255569817
PerplexDEW (Davies),isobar,0.4,419.77777777777777,0.0009128535778165206,3.28655342306971e-06,0.0007622765803907017,0.23020223043984261
PerplexDEW (Davies),isobar,0.4,420.8,0.0009037956958333235,3.2774166015099567e-06,0.0007549081748157326,0.22608162179297775
PerplexDEW (Davies),isobar,0.4,421.8222222222222,0.0008949189849311906,3.268815218807531e-06,0.0007476870189924744,0.22206180292103295
PerplexDEW (Davies),isobar,0.4,422.84444444444443,0.0008861418159644113,3.2604293597502027e-06,0.0007405449832220367,0.21812088633553184
PerplexDEW (Davies),isobar,0.4,423.8666666666667,0.000877554576784214,3.2525936358991114e-06,0.0007335576940216343,0.21427955841801846
PerplexDEW (Davies),isobar,0.4,424.8888888888889,0.0008691039917693537,3.245097821658485e-06,0.0007266807094032349,0.21052310036743932
PerplexDEW (Davies),isobar,0.4,425.9111111111111,0.000860765225713461,3.2378389338547323e-06,0.0007198933356983982,0.20684404776022192
PerplexDEW (Davies),isobar,0.4,426.93333333333334,0.0008525709398453319,3.230937000749665e-06,0.0007132229674821655,0.2032488290438269
PerplexDEW (Davies),isobar,0.4,427.9555555555556,0.0008444960338593004,3.2242897657588363e-06,0.0007066486865686165,0.19973001098520227
PerplexDEW (Davies),isobar,0.4,428.97777777777776,0.0008365730376322879,3.2180208502365615e-06,0.0007001977980642632,0.19629387104535626
PerplexDEW (Davies),isobar,0.4,430.0,0.0008287476391642545,3.211913662822452e-06,0.0006938249208393861,0.19292628310429832
PerplexDEW (Davies),isobar,0.4,431.02222222222224,0.0008210231715701357,3.2059772462933903e-06,0.0006875329089560719,0.18962683415125828
PerplexDEW (Davies),isobar,0.4,432.0444444444445,0.0008134028844960055,3.2002213963721918e-06,0.0006813245500798437,0.18639508692253254
PerplexDEW (Davies),isobar,0.4,433.06666666666666,0.0008058609143921755,3.194539384042923e-06,0.0006751782403475473,0.18322398862178987
PerplexDEW (Davies),isobar,0.4,434.0888888888889,0.0007984583816149107,3.1891760344057233e-06,0.0006691452597895225,0.1801262881575897
PerplexDEW (Davies),isobar,0.4,435.1111111111111,0.0007911402077853571,3.1839078401019355e-06,0.0006631795247328406,0.17708834364512932
PerplexDEW (Davies),isobar,0.4,436.1333333333333,0.000783909253005303,3.178744661538138e-06,0.0006572834909590095,0.17410977025024232
PerplexDEW (Davies),isobar,0.4,437.15555555555557,0.0007767391952459478,3.1735762270138725e-06,0.0006514351403326695,0.17118375494474658
PerplexDEW (Davies),isobar,0.4,438.1777777777778,0.0007696909506416405,3.1686538718806626e-06,0.0006456856229055844,0.16832274033035122
PerplexDEW (Davies),isobar,0.4,439.2,0.0007627089297630171,3.1637467538551327e-06,0.0006399883714915185,0.1655135146300158
PerplexDEW (Davies),isobar,0.4,440.22222222222223,0.0007558248148159581,3.1589873295602774e-06,0.0006343700268844613,0.1627620322057846
PerplexDEW (Davies),isobar,0.4,441.24444444444447,0.0007490119437098073,3.1542636289369385e-06,0.0006288082715674195,0.16006159543764314
PerplexDEW (Davies),isobar,0.4,442.26666666666665,0.0007422727163640455,3.1495855879735456e-06,0.0006233051721025338,0.15741185543074818
PerplexDEW (Davies),isobar,0.4,443.2888888888889,0.0007356094701603345,3.1449634963478147e-06,0.0006178627446520131,0.15481244909388575
PerplexDEW (Davies),isobar,0.4,444.31111111111113,0.0007289952932246764,3.140281080704014e-06,0.000612458432472832,0.1522569076604272
PerplexDEW (Davies),isobar,0.4,445.33333333333337,0.0007224907670194114,3.1358021707487332e-06,0.0006071431858820102,0.14975707104729752
PerplexDEW (Davies),isobar,0.4,446.35555555555555,0.0007160396670484713,3.1312832983581897e-06,0.0006018698177978988,0.14730039810364137
PerplexDEW (Davies),isobar,0.4,447.3777777777778,0.0007096440771126224,3.126733246236067e-06,0.0005966401210935183,0.14488660986714835
PerplexDEW (Davies),isobar,0.4,448.4,0.0007033060290546206,3.122161051745297e-06,0.0005914558467029997,0.1425154158890326
PerplexDEW (Davies),isobar,0.4,449.4222222222222,0.0006970566968174449,3.117707457455882e-06,0.0005863432617943763,0.14019238363465186
PerplexDEW (Davies),isobar,0.4,450.44444444444446,0.0006908396160012505,3.1131199579993716e-06,0.0005812549190513778,0.13790541909854018
PerplexDEW (Davies),isobar,0.4,451.4666666666667,0.0006847150445551801,3.108672126245482e-06,0.0005762415603482036,0.13566589430379558
PerplexDEW (Davies),isobar,0.4,452.4888888888889,0.0006786264277272544,3.104108201494673e-06,0.0005712556417307262,0.13346187314544836
PerplexDEW (Davies),isobar,0.4,453.5111111111111,0.0006726047290414638,3.099570685869542e-06,0.0005663232652635281,0.13129884020953997
PerplexDEW (Davies),isobar,0.4,454.53333333333336,0.0006666225075819543,3.0949338134367157e-06,0.0005614213687848526,0.12917079827381658
PerplexDEW (Davies),isobar,0.4,455.55555555555554,0.0006607106172995266,3.0903422766466117e-06,0.0005565759765716271,0.1270831269033346
PerplexDEW (Davies),isobar,0.4,456.5777777777778,0.0006548706814583993,3.0858067042956678e-06,0.000551788507333726,0.12503546174296862
PerplexDEW (Davies),isobar,0.4,457.6,0.0006490751489227007,3.081199050979214e-06,0.0005470357923305373,0.12302191303687289
PerplexDEW (Davies),isobar,0.5,305.85,0.012950964404882522,0.0003451278437346222,0.011355384140024776,2.4816502200392807
PerplexDEW (Davies),isobar,0.5,308.3277777777778,0.013255902666932155,0.0003566982671804069,0.01162448796270463,2.5095361410686685
PerplexDEW (Davies),isobar,0.5,310.8055555555556,0.013564171305795266,0.0003684788964293275,0.011896515478329714,2.5374017731643694
PerplexDEW (Davies),isobar,0.5,313.28333333333336,0.013875596414738532,0.0003804626104164518,0.012171309080399564,2.565231236471514
PerplexDEW (Davies),isobar,0.5,315.7611111111111,0.014189998668937172,0.00039264166124541535,0.012448706148984322,2.5930086747667263
PerplexDEW (Davies),isobar,0.5,318.23888888888894,0.014507174662170995,0.0004050070338606762,0.012728522403379218,2.6207167846733945
PerplexDEW (Davies),isobar,0.5,320.7166666666667,0.014826899809615634,0.00041754849616532596,0.013010554473206905,2.6483370924256624
PerplexDEW (Davies),isobar,0.5,323.19444444444446,0.015148942542556528,0.00043025504664259364,0.01329459255614391,2.675851076805708
PerplexDEW (Davies),isobar,0.5,325.6722222222222,0.015473043734060513,0.0004431141834465014,0.013580402052962244,2.7032385905511314
PerplexDEW (Davies),isobar,0.5,328.15000000000003,0.015798903228276342,0.00045611137503842304,0.013867711516999628,2.730476896852795
PerplexDEW (Davies),isobar,0.5,330.6277777777778,0.016126244461295194,0.0004692322893381733,0.014156270355738708,2.7575455756495857
PerplexDEW (Davies),isobar,0.5,333.10555555555555,0.016454702408689393,0.00048245879731316743,0.014445748741193348,2.784418109435454
PerplexDEW (Davies),isobar,0.5,335.58333333333337,0.016783934028810888,0.0004957728354350239,0.014735836251396805,2.8110702064169133
PerplexDEW (Davies),isobar,0.5,338.06111111111113,0.017113536635656276,0.0005091534423375778,0.01502616893446233,2.837473731742323
PerplexDEW (Davies),isobar,0.5,340.5388888888889,0.017443106269325378,0.0005225788277567293,0.015316381470168923,2.8636010350227497
PerplexDEW (Davies),isobar,0.5,343.0166666666667,0.017772160372865563,0.0005360234630118121,0.015606038025307033,2.889419339550655
PerplexDEW (Davies),isobar,0.5,345.49444444444447,0.018100225419822823,0.0005494612797566443,0.01589471060773802,2.9148971196184332
PerplexDEW (Davies),isobar,0.5,347.97222222222223,0.01842674250475339,0.0005628620663981373,0.016181894615068755,2.9399973175411396
PerplexDEW (Davies),isobar,0.5,350.45000000000005,0.01875116049383539,0.0005761949448017232,0.01646709217277138,2.9646840130947014
PerplexDEW (Davies),isobar,0.5,352.9277777777778,0.019072805566405754,0.0005894232796321297,0.0167496953753472,2.98891319619228
PerplexDEW (Davies),isobar,0.5,355.40555555555557,0.019391241011301047,0.0006025218206507625,0.01702931359069823,3.0126452953409877
PerplexDEW (Davies),isobar,0.5,357.8833333333333,0.019705306159433743,0.0006154267130354909,0.01730489271210609,3.0358277107670206
PerplexDEW (Davies),isobar,0.5,360.36111111111114,0.02001440164827889,0.0006281036413144144,0.01757589563669032,3.0584115377920114
PerplexDEW (Davies),isobar,0.5,362.8388888888889,0.020317644356761023,0.0006405030528844446,0.01784152627032517,3.080340282990095
PerplexDEW (Davies),isobar,0.5,365.31666666666666,0.020614098769364677,0.0006525719901699618,0.0181009414560641,3.1015542375585943
PerplexDEW (Davies),isobar,0.5,367.7944444444445,0.020902704011105253,0.0006642510238658913,0.018353185623640404,3.1219854284392765
PerplexDEW (Davies),isobar,0.5,370.27222222222224,0.02118233654922074,0.0006754767292562166,0.018597247014821638,3.1415618176592406
PerplexDEW (Davies),isobar,0.5,372.75,0.02145177112707292,0.0006861800126911254,0.018832022737606254,3.16020450557546
PerplexDEW (Davies),isobar,0.5,375.22777777777776,0.021709635664848334,0.0006962841174062393,0.01905627840574181,3.177824535767326
PerplexDEW (Davies),isobar,0.5,377.7055555555556,0.02195441998076059,0.0007057048750802974,0.019268656046539167,3.1943232848081395
PerplexDEW (Davies),isobar,0.5,380.18333333333334,0.022184487763164853,0.0007143511501773915,0.019467684970628188,3.209592968806581
PerplexDEW (Davies),isobar,0.5,382.66111111111115,0.02239798641103044,0.0007221208933364271,0.019651701092441166,3.22351022240153
PerplexDEW (Davies),isobar,0.5,385.1388888888889,0.022592874269489138,0.0007289022299211634,0.019818871574082075,3.2359374227998146
PerplexDEW (Davies),isobar,0.5,387.6166666666667,0.0227668883032896,0.0007345720344766198,0.01996716613352144,3.246719850842958
PerplexDEW (Davies),isobar,0.5,390.09444444444443,0.0229174637355823,0.0007389923940665724,0.020094285358607855,3.255679430492255
PerplexDEW (Davies),isobar,0.5,392.57222222222225,0.023041621467572188,0.0007420056071839888,0.020197560250452926,3.262605992258953
PerplexDEW (Davies),isobar,0.5,395.05,0.023136131517662837,0.000743441589260051,0.020274099536725113,3.2672665384869335
PerplexDEW (Davies),isobar,0.5,397.52777777777777,0.023197166994421998,0.0007431026788953971,0.020320480267915657,3.2693798511456773
PerplexDEW (Davies),isobar,0.5,400.0055555555556,0.023220216193216625,0.0007407599761961937,0.020332670344148616,3.2686073340081774
PerplexDEW (Davies),isobar,0.5,402.48333333333335,0.023200149224562615,0.0007361570628243055,0.020306090173295106,3.26455299387432
PerplexDEW (Davies),isobar,0.5,404.9611111111111,0.02313062725175277,0.0007289843035493025,0.020235085653707525,3.25671690919493
PerplexDEW (Davies),isobar,0.5,407.43888888888887,0.023004259548170106,0.000718887832708384,0.02011307305681895,3.2444961342816176
PerplexDEW (Davies),isobar,0.5,409.9166666666667,0.02281150582646719,0.0007054224310161306,0.019931561208709363,3.227094436100853
PerplexDEW (Davies),isobar,0.5,412.39444444444445,0.02254061420925131,0.0006880538410412285,0.01968010576263131,3.2034938436953553
PerplexDEW (Davies),isobar,0.5,414.87222222222226,0.022175897929774053,0.0006660888661042083,0.019344781299394063,3.172294438155562
PerplexDEW (Davies),isobar,0.5,417.35,0.02169606420871023,0.0006386155878604421,0.018906713227752378,3.131524769063256
PerplexDEW (Davies),isobar,0.5,419.8277777777778,0.02107053597413073,0.0006043682022987929,0.018338838497687922,3.078242759447594
PerplexDEW (Davies),isobar,0.5,422.30555555555554,0.020251478597450148,0.0005614358783944332,0.01759888506321021,3.00766419167137
PerplexDEW (Davies),isobar,0.5,424.7833333333333,0.019155850721230383,0.0005066322390060015,0.016613600834559754,2.9111073853194482
PerplexDEW (Davies),isobar,0.5,427.2611111111111,0.01761198253238074,0.00043367815108541475,0.015231887881042135,2.769659252212283
PerplexDEW (Davies),isobar,0.5,429.7388888888889,0.015112656164195291,0.00032520861271057553,0.013008702108150774,2.5233902047973538
PerplexDEW (Davies),isobar,0.5,432.2166666666667,0.00967715986973337,0.00013262181334571739,0.008231185589241425,1.8698515951231536
PerplexDEW (Davies),isobar,0.5,434.69444444444446,0.007244234382159147,7.021955521795038e-05,0.006125710671865736,1.480808023383681
PerplexDEW (Davies),isobar,0.5,437.1722222222222,0.0063321918393775874,5.190158104640023e-05,0.005344315967240592,1.3056927419575515
PerplexDEW (Davies),isobar,0.5,439.65,0.0057845869984284835,4.251863251842393e-05,0.004877914117568325,1.189281942161779
PerplexDEW (Davies),isobar,0.5,442.1277777777778,0.005398416106161573,3.6721617655044274e-05,0.0045504876852296375,1.1009603889705835
PerplexDEW (Davies),isobar,0.5,444.60555555555555,0.005103133601560691,3.278750737024335e-05,0.004301061471381382,1.0294447484756493
PerplexDEW (Davies),isobar,0.5,447.08333333333337,0.004865448776384146,2.995690895711345e-05,0.004100937410150387,0.9691524930192642
PerplexDEW (Davies),isobar,0.5,449.56111111111113,0.004667393422124423,2.783986584727103e-05,0.003934656083043421,0.9169549324899413
PerplexDEW (Davies),isobar,0.5,452.0388888888889,0.0044977941563941835,2.620917134671348e-05,0.0037926253653266136,0.8708373485051777
PerplexDEW (Davies),isobar,0.5,454.51666666666665,0.004350041108487175,2.4929806948187962e-05,0.0036691734399804084,0.8295712333514963
PerplexDEW (Davies),isobar,0.5,456.9944444444444,0.004218918078908273,2.390711725890814e-05,0.003559838175726541,0.7921621583448089
PerplexDEW (Davies),isobar,0.5,459.47222222222223,0.004101272735166342,2.3081043601034023e-05,0.0034619220663462034,0.757987319633375
PerplexDEW (Davies),isobar,0.5,461.95,0.0039943915756619945,2.2405873925994746e-05,0.0033731094215867217,0.7265041370713199
PerplexDEW (Davies),isobar,0.5,464.4277777777778,0.0038965003553038547,2.1850395962063857e-05,0.0032918861275980102,0.6973428782623307
PerplexDEW (Davies),isobar,0.5,466.90555555555557,0.003806131253042442,2.1390560435888042e-05,0.003217001644404257,0.6701929804712947
PerplexDEW (Davies),isobar,0.5,469.3833333333333,0.003722055187276877,2.1007547794498853e-05,0.003147410252346998,0.6447917130452042
PerplexDEW (Davies),isobar,0.5,471.8611111111111,0.0036435118209452596,2.068830318517229e-05,0.0030824649805242816,0.6209624215847697
PerplexDEW (Davies),isobar,0.5,474.33888888888885,0.003569553019449047,2.042031614880353e-05,0.003021360960948562,0.5985018731625286
PerplexDEW (Davies),isobar,0.5,476.81666666666666,0.0034997156117293595,2.019572710796911e-05,0.0029637049497177343,0.5772932604625883
PerplexDEW (Davies),isobar,0.5,479.2944444444445,0.003433432075073576,2.0006986126535662e-05,0.0029090158227019786,0.5572063942537427
PerplexDEW (Davies),isobar,0.5,481.77222222222224,0.0033703345748184108,1.9848648915133996e-05,0.0028569820688349543,0.5381475395515914
PerplexDEW (Davies),isobar,0.5,484.25,0.0033100315153015945,1.9715714503237205e-05,0.0028072722385018394,0.5200225132959515
PerplexDEW (Davies),isobar,0.5,486.72777777777776,0.003252263900249874,1.960452148032651e-05,0.0027596674985970703,0.502761177216066
PerplexDEW (Davies),isobar,0.5,489.2055555555555,0.003196675309623597,1.9511134995052883e-05,0.0027138663417998294,0.4862812403880957
PerplexDEW (Davies),isobar,0.5,491.68333333333334,0.0031431266126764946,1.943333603392401e-05,0.0026697517590757707,0.47053632062900713
PerplexDEW (Davies),isobar,0.5,494.1611111111111,0.0030914653185014802,1.9369053845690544e-05,0.002627195464940689,0.4554796802346335
PerplexDEW (Davies),isobar,0.5,496.6388888888889,0.0030414453328862275,1.9315781215840506e-05,0.0025859895612379675,0.44105283542251456
PerplexDEW (Davies),isobar,0.5,499.1166666666667,0.0029930486489798147,1.927268199627799e-05,0.002546120060395336,0.4272323403876899
PerplexDEW (Davies),isobar,0.5,501.59444444444443,0.002945922932046916,1.923679075789236e-05,0.0025072884657741734,0.41394853510314555
PerplexDEW (Davies),isobar,0.5,504.0722222222222,0.002900192048846301,1.920845508750387e-05,0.0024696014673309405,0.40120090114206797
PerplexDEW (Davies),isobar,0.5,506.54999999999995,0.0028556461365710287,1.9185844849641303e-05,0.002432881661903275,0.38894298779906883
PerplexDEW (Davies),isobar,0.5,509.02777777777777,0.0028122301214015145,1.9168248974863286e-05,0.0023970833659332997,0.37715124517283644
PerplexDEW (Davies),isobar,0.5,511.5055555555556,0.00276988188442046,1.9154967809795056e-05,0.002362154868405822,0.3658020785358238
PerplexDEW (Davies),isobar,0.5,513.9833333333333,0.0027284485532499824,1.9144697841022955e-05,0.0023279669695887,0.35486103879753544
PerplexDEW (Davies),isobar,0.5,516.4611111111111,0.002687937736982465,1.913730792213088e-05,0.002294527285339295,0.344315806158085
PerplexDEW (Davies),isobar,0.5,518.9388888888889,0.0026483524976578174,1.9132685732504284e-05,0.002261839597720606,0.3341538232484635
PerplexDEW (Davies),isobar,0.5,521.4166666666666,0.0026095211218831924,1.9129462193144603e-05,0.002229758365336067,0.32434121032228513
PerplexDEW (Davies),isobar,0.5,523.8944444444444,0.0025714356725871626,1.912747762255666e-05,0.002198277820749521,0.31486575937578287
PerplexDEW (Davies),isobar,0.5,526.3722222222223,0.0025341701152177412,1.912722790281976e-05,0.0021674622614504457,0.3057255376783209
PerplexDEW (Davies),isobar,0.5,528.85,0.0024975372210401326,1.9127244558982618e-05,0.002137152594032761,0.2968874178651646
PerplexDEW (Davies),isobar,0.5,531.3277777777778,0.002461603025562956,1.9127996776844517e-05,0.0021074062772698703,0.2883495509828898
PerplexDEW (Davies),isobar,0.5,533.8055555555555,0.0024263444494681177,1.912929461600287e-05,0.0020782045507251753,0.2800996688419624
PerplexDEW (Davies),isobar,0.5,536.2833333333333,0.002391647860436658,1.913022855824332e-05,0.002049451021966661,0.27211567175205464
PerplexDEW (Davies),isobar,0.5,538.7611111111111,0.0023575700670103597,1.913125064852716e-05,0.002021195253927254,0.26439559774652766
PerplexDEW (Davies),isobar,0.5,541.2388888888888,0.0023240343938854204,1.9131747718551433e-05,0.0019933724045192425,0.2569226454347828
PerplexDEW (Davies),isobar,0.5,543.7166666666667,0.002291048601217789,1.9131795542572536e-05,0.00196598997118848,0.24968996145508593
PerplexDEW (Davies),isobar,0.5,546.1944444444445,0.0022586181120684257,1.9131466091287175e-05,0.0019390534573374486,0.24269064512558197
PerplexDEW (Davies),isobar,0.5,548.6722222222222,0.002226701954088384,1.9130444947806903e-05,0.0019125285230792268,0.23591309501984659
PerplexDEW (Davies),isobar,0.5,551.15,0.0021953008324838387,1.9128773562606617e-05,0.0018864165775562313,0.22935054161875476
PerplexDEW (Davies),isobar,0.6,390.8,0.02516130455107508,0.0008388208156223293,0.022105493325912894,3.4021270450907375
PerplexDEW (Davies),isobar,0.6,393.06666666666666,0.025415699366724345,0.00084847729506402,0.022326380385732175,3.4174850920778685
PerplexDEW (Davies),isobar,0.6,395.33333333333337,0.025658189844207237,0.000857446945885653,0.02253644841516075,3.431870343648428
PerplexDEW (Davies),isobar,0.6,397.6,0.025887622724420634,0.0008656609092208913,0.022734660822688144,3.4452102489881478
PerplexDEW (Davies),isobar,0.6,399.8666666666667,0.026102695127491637,0.0008730427107080595,0.02291984724183239,3.457421987159018
PerplexDEW (Davies),isobar,0.6,402.1333333333333,0.02630215088865734,0.000879517361290836,0.023090880014692738,3.46842454127034
PerplexDEW (Davies),isobar,0.6,404.40000000000003,0.026484528594394458,0.0008849998029938035,0.02324644807381514,3.478122545441386
PerplexDEW (Davies),isobar,0.6,406.6666666666667,0.026648199874646485,0.0008893966682771275,0.023385091545314835,3.486408302523979
PerplexDEW (Davies),isobar,0.6,408.93333333333334,0.026791581031729947,0.0008926163530211064,0.023505392095353822,3.4931745927608397
PerplexDEW (Davies),isobar,0.6,411.2,0.026912752470687227,0.0008945512950859516,0.02360563144132493,3.4982901605570964
PerplexDEW (Davies),isobar,0.6,413.4666666666667,0.02700977913679546,0.0008950932742028291,0.023684079556741802,3.501619117058684
PerplexDEW (Davies),isobar,0.6,415.73333333333335,0.027080486280943214,0.0008941231119925432,0.023738793772300187,3.5030059109974006
PerplexDEW (Davies),isobar,0.6,418.0,0.027122568658401392,0.0008915162453001357,0.023767717454641887,3.502281080008009
PerplexDEW (Davies),isobar,0.6,420.2666666666667,0.02713347120156838,0.0008871375368387293,0.023768573608835924,3.499252277461387
PerplexDEW (Davies),isobar,0.6,422.53333333333336,0.027110445439109798,0.0008808446408597678,0.023738916484308526,3.493706072386452
PerplexDEW (Davies),isobar,0.6,424.8,0.02705036262117195,0.0008724798643875005,0.023675965031486765,3.4853936856667045
PerplexDEW (Davies),isobar,0.6,427.06666666666666,0.02694989872478219,0.0008618802323566438,0.02357677049603223,3.474039950883465
PerplexDEW (Davies),isobar,0.6,429.33333333333337,0.026805614329219903,0.0008488828987094982,0.0234382898602873,3.459345175771023
PerplexDEW (Davies),isobar,0.6,431.6,0.026613248717417163,0.0008332929512078522,0.02325675508792867,3.440934202822568
PerplexDEW (Davies),isobar,0.6,433.8666666666667,0.026368512399782836,0.0008149243910041285,0.023028387219400644,3.418402220148513
PerplexDEW (Davies),isobar,0.6,436.1333333333333,0.026066732244939828,0.0007935863912213932,0.022749081896636603,3.3912841695260236
PerplexDEW (Davies),isobar,0.6,438.40000000000003,0.025702757306155462,0.0007690832770252771,0.02241433011794773,3.3590385126316247
PerplexDEW (Davies),isobar,0.6,440.6666666666667,0.02527101929847059,0.0007412234506964661,0.022019279111652496,3.3210384835746565
PerplexDEW (Davies),isobar,0.6,442.93333333333334,0.02476632948144941,0.0007098650059724689,0.021559453277230654,3.2766131567349586
PerplexDEW (Davies),isobar,0.6,445.20000000000005,0.024182756346794673,0.0006748717833891298,0.021029759822204404,3.2249498222228086
PerplexDEW (Davies),isobar,0.6,447.4666666666667,0.02351562615983236,0.0006362197473058635,0.02042628873230962,3.1652167168739394
PerplexDEW (Davies),isobar,0.6,449.73333333333335,0.022761895030888143,0.0005940252413431231,0.01974665347265521,3.096576505457088
PerplexDEW (Davies),isobar,0.6,452.0,0.021921505419468974,0.0005486162825290707,0.018991205765885505,3.0182841988008327
PerplexDEW (Davies),isobar,0.6,454.2666666666667,0.021000074054631314,0.0005006521330347457,0.018165420149707668,2.9299246543901654
PerplexDEW (Davies),isobar,0.6,456.53333333333336,0.020011157860792644,0.0004511966834180128,0.017281869177741646,2.831686139526567
PerplexDEW (Davies),isobar,0.6,458.8,0.01897884157791913,0.000401762267643154,0.016362434502058865,2.7247610957157984
PerplexDEW (Davies),isobar,0.6,461.0666666666667,0.017937021672559457,0.0003541624311386538,0.01543753335713962,2.611563823811005
PerplexDEW (Davies),isobar,0.6,463.33333333333337,0.01692428740914042,0.00031016875996428057,0.01454143985107564,2.4955517916267738
PerplexDEW (Davies),isobar,0.6,465.6,0.015975614097773524,0.0002710995493714911,0.01370486747990426,2.3805747166449116
PerplexDEW (Davies),isobar,0.6,467.8666666666667,0.015113334041513353,0.00023751079294041843,0.012947067922196345,2.2698409257106853
PerplexDEW (Davies),isobar,0.6,470.1333333333333,0.014347159512388127,0.00020931859428792898,0.01227600500877322,2.165588644140988
PerplexDEW (Davies),isobar,0.6,472.40000000000003,0.013674886854016646,0.0001859714582351088,0.011689145786993635,2.068814260966626
PerplexDEW (Davies),isobar,0.6,474.6666666666667,0.013088259541653062,0.00016675147389141448,0.01117871568400676,1.9796855452760878
PerplexDEW (Davies),isobar,0.6,476.9333333333334,0.01257588683318543,0.00015092254688188836,0.010734307553478765,1.8977752173843334
PerplexDEW (Davies),isobar,0.6,479.20000000000005,0.012127478167259734,0.0001378621915142315,0.010346577084323273,1.8225587217142878
PerplexDEW (Davies),isobar,0.6,481.4666666666667,0.011732695737993884,0.00012702845334786302,0.010006237593670034,1.7533067352234004
PerplexDEW (Davies),isobar,0.6,483.73333333333335,0.011382945313996279,0.00011799189437873652,0.009705595910570058,1.6893472070643356
PerplexDEW (Davies),isobar,0.6,486.0,0.011071211346022142,0.00011041487430606097,0.009438389044281154,1.6300876272090803
PerplexDEW (Davies),isobar,0.6,488.2666666666667,0.010791320015740765,0.00010402329361774281,0.009199132212062913,1.5749533318839088
PerplexDEW (Davies),isobar,0.6,490.53333333333336,0.010538715719182084,9.860986012085433e-05,0.008983774785687923,1.5235128730527103
PerplexDEW (Davies),isobar,0.6,492.8,0.010309169091292201,9.400133262492821e-05,0.008788577317105402,1.4753294114053246
PerplexDEW (Davies),isobar,0.6,495.0666666666667,0.010099354825473658,9.006233294663125e-05,0.00861060161196054,1.4300489596693022
PerplexDEW (Davies),isobar,0.6,497.33333333333337,0.009906582377402667,8.66849404400128e-05,0.008447472892535415,1.3873751797431622
PerplexDEW (Davies),isobar,0.6,499.6,0.009728658642387932,8.378228369192376e-05,0.008297257347625916,1.3470583103123055
PerplexDEW (Davies),isobar,0.6,501.8666666666667,0.009563625652049795,8.128169505012153e-05,0.008158233761108198,1.3088661036442923
PerplexDEW (Davies),isobar,0.6,504.1333333333334,0.009409882818207444,7.912416339280201e-05,0.008028996018889723,1.2726032479437284
PerplexDEW (Davies),isobar,0.6,506.40000000000003,0.009266058182480554,7.726065221405618e-05,0.00790834072877335,1.2380972795903054
PerplexDEW (Davies),isobar,0.6,508.6666666666667,0.009130876388484548,7.564905009681151e-05,0.00779515259430008,1.2051837549861877
PerplexDEW (Davies),isobar,0.6,510.9333333333334,0.009003559044595669,7.425787210829478e-05,0.007688746521346766,1.1737579662236586
PerplexDEW (Davies),isobar,0.6,513.2,0.008883030371286795,7.305573348984442e-05,0.007588185770802175,1.143675791284063
PerplexDEW (Davies),isobar,0.6,515.4666666666667,0.008768583585326586,7.201871859481415e-05,0.007492852568735948,1.114838317609079
PerplexDEW (Davies),isobar,0.6,517.7333333333333,0.008659758973421685,7.112810514449459e-05,0.007402343053264208,1.0871760685014473
PerplexDEW (Davies),isobar,0.6,520.0,0.008555934739292335,7.036538174552241e-05,0.007316116162189051,1.0605991444439673
PerplexDEW (Davies),isobar,0.6,522.2666666666667,0.008456600100653903,6.9715022950818e-05,0.007233727398991623,1.0350313464614351
PerplexDEW (Davies),isobar,0.6,524.5333333333333,0.008361217305766071,6.916270769589586e-05,0.007154710258694871,1.0103937834448937
PerplexDEW (Davies),isobar,0.6,526.8000000000001,0.008269508933143111,6.869807381202347e-05,0.00707882238072721,0.9866389750252116
PerplexDEW (Davies),isobar,0.6,529.0666666666667,0.00818132538621749,6.831303814776183e-05,0.007005931871545449,0.9637342859550426
PerplexDEW (Davies),isobar,0.6,531.3333333333334,0.008096060893809442,6.799574035282088e-05,0.006935516153176054,0.9415947504855733
PerplexDEW (Davies),isobar,0.6,533.6,0.008013524574769882,6.773931970296023e-05,0.006867409011235438,0.920184457614082
PerplexDEW (Davies),isobar,0.6,535.8666666666667,0.007933661122812954,6.753886902299913e-05,0.006801561087544062,0.8994829487581918
PerplexDEW (Davies),isobar,0.6,538.1333333333334,0.007856101286500071,6.738688568620857e-05,0.006737653928000109,0.8794349182671113
PerplexDEW (Davies),isobar,0.6,540.4000000000001,0.007780607235957713,6.727765894642881e-05,0.006675482100743108,0.8600008777203993
PerplexDEW (Davies),isobar,0.6,542.6666666666667,0.00770723492739154,6.720877206202889e-05,0.0066150927787176185,0.8411739214919127
PerplexDEW (Davies),isobar,0.6,544.9333333333334,0.007635722085362517,6.717501419825037e-05,0.006556260036767719,0.8229127575533501
PerplexDEW (Davies),isobar,0.6,547.2,0.007565789268652568,6.717131330082593e-05,0.0064987432359402695,0.8051754603169411
PerplexDEW (Davies),isobar,0.6,549.4666666666667,0.007497618710626111,6.719740006312349e-05,0.006442698757225364,0.7879694577496318
PerplexDEW (Davies),isobar,0.6,551.7333333333333,0.007430748428044441,6.724689214443649e-05,0.00638772920575598,0.7712349810526573
PerplexDEW (Davies),isobar,0.6,554.0,0.0073654247156858515,6.732058646805631e-05,0.006334046407445117,0.7549865178162996
PerplexDEW (Davies),isobar,0.6,556.2666666666667,0.007301404604522629,6.741463384345743e-05,0.00628144146267587,0.7391882457053905
PerplexDEW (Davies),isobar,0.6,558.5333333333333,0.007238430420001189,6.752517074476373e-05,0.006229692692096161,0.7238041019107584
PerplexDEW (Davies),isobar,0.6,560.8000000000001,0.007176730591021826,6.765331027382761e-05,0.006178997007860155,0.7088470154805979
PerplexDEW (Davies),isobar,0.6,563.0666666666667,0.007116115174435179,6.779612391439989e-05,0.006129191186804784,0.6942883709587918
PerplexDEW (Davies),isobar,0.6,565.3333333333334,0.007056382424405626,6.795064164561381e-05,0.0060801017161997055,0.6800994072492061
PerplexDEW (Davies),isobar,0.6,567.6,0.006997661091163907,6.811732586423846e-05,0.006031839938824609,0.6662837024816193
PerplexDEW (Davies),isobar,0.6,569.8666666666667,0.0069399068300419284,6.829498822143443e-05,0.0059843681179960525,0.6528281763555611
PerplexDEW (Davies),isobar,0.6,572.1333333333334,0.006882895309659973,6.848064997222897e-05,0.005937493218403899,0.6397034253806301
PerplexDEW (Davies),isobar,0.6,574.4000000000001,0.006826740977470957,6.867488086068347e-05,0.005891314451618978,0.6269121456194232
PerplexDEW (Davies),isobar,0.6,576.6666666666667,0.00677146928065875,6.887742052552748e-05,0.00584585437019349,0.6144486337877806
PerplexDEW (Davies),isobar,0.6,578.9333333333334,0.006716835565029261,6.908521408463767e-05,0.005800902274909395,0.6022830901367889
PerplexDEW (Davies),isobar,0.6,581.2,0.006662942028001022,6.929889379974933e-05,0.005756546955305733,0.590417518439023
PerplexDEW (Davies),isobar,0.6,583.4666666666667,0.0066097097344153515,6.951722380515043e-05,0.005712720778395856,0.5788378267882962
PerplexDEW (Davies),isobar,0.6,585.7333333333333,0.006557144590977401,6.973991134613009e-05,0.0056694294207879,0.5675377109390858
PerplexDEW (Davies),isobar,0.6,588.0,0.006505157756267125,6.996566643360146e-05,0.005626596628878752,0.5565029001778693
PerplexDEW (Davies),isobar,0.6,590.2666666666667,0.006453838554862223,7.019518196845832e-05,0.0055843002565877636,0.5457346443690434
PerplexDEW (Davies),isobar,0.6,592.5333333333334,0.0064030902571851084,7.04271370887468e-05,0.005542457217737976,0.5352184690797209
PerplexDEW (Davies),isobar,0.6,594.8000000000001,0.006352996764044338,7.066224878419795e-05,0.005501140762471778,0.5249553052851442
PerplexDEW (Davies),isobar,0.6,597.0666666666667,0.006303266147413869,7.089700254678381e-05,0.005460098659055258,0.5149152615486886
PerplexDEW (Davies),isobar,0.6,599.3333333333334,0.006254162143994989,7.11341989228212e-05,0.0054195599093538795,0.5051144581105169
PerplexDEW (Davies),isobar,0.6,601.6,0.00620557273467432,7.137239921194676e-05,0.005379428082191748,0.4955382228798335
PerplexDEW (Davies),isobar,0.6,603.8666666666667,0.006157571297872164,7.16123211272657e-05,0.005339767413232496,0.4861870349376881
PerplexDEW (Davies),isobar,0.6,606.1333333333334,0.006109942524536025,7.185130213930789e-05,0.005300391774039907,0.47703873336191405
PerplexDEW (Davies),isobar,0.6,608.4000000000001,0.006062849577477875,7.209114678023803e-05,0.005261443257709006,0.46810121220782763
PerplexDEW (Davies),isobar,0.6,610.6666666666667,0.006016165958887796,7.233023768839404e-05,0.0052228126784861426,0.45935983261311575
PerplexDEW (Davies),isobar,0.6,612.9333333333334,0.005969955093610419,7.256924231687353e-05,0.005184555652992735,0.4508148256633753
PerplexDEW (Davies),isobar,0.6,615.2,0.005924279531939257,7.280886394271939e-05,0.005146727120735556,0.44246625895720626
PerplexDEW (Davies),isobar,0.75,318.55,0.015517019560888017,0.0004391165491201231,0.013628616911542494,2.7029701769013696
PerplexDEW (Davies),isobar,0.75,321.09444444444443,0.01589557799442381,0.0004541304487973974,0.013963332047893571,2.734320002610368
PerplexDEW (Davies),isobar,0.75,323.6388888888889,0.016279338795749408,0.0004694556309434444,0.014302647972757324,2.7657109821389825
PerplexDEW (Davies),isobar,0.75,326.18333333333334,0.01666819279649277,0.00048508788439778985,0.014646465200141397,2.797130970951788
PerplexDEW (Davies),isobar,0.75,328.7277777777778,0.017062030629591777,0.0005010226040183402,0.014994683938900716,2.8285681520850203
PerplexDEW (Davies),isobar,0.75,331.27222222222224,0.017460715640513283,0.000517253812767223,0.015347179879038358,2.8600090735110433
PerplexDEW (Davies),isobar,0.75,333.81666666666666,0.017864110143892102,0.0005337750600146267,0.015703827644039617,2.8914405826293326
PerplexDEW (Davies),isobar,0.75,336.36111111111114,0.018272052551353855,0.0005505785754924046,0.016064480341347397,2.922848198074438
PerplexDEW (Davies),isobar,0.75,338.90555555555557,0.018684380059945545,0.00056765606530085,0.01642898984279548,2.9542177420352025
PerplexDEW (Davies),isobar,0.75,341.45,0.019100891361954114,0.00058499730279792,0.016797173420097705,2.9855327470698376
PerplexDEW (Davies),isobar,0.75,343.99444444444447,0.019521415470649305,0.0006025926754842022,0.017168875325596418,3.0167792496365373
PerplexDEW (Davies),isobar,0.75,346.5388888888889,0.019945701519478103,0.0006204289983330408,0.017543868158354174,3.047938208630145
PerplexDEW (Davies),isobar,0.75,349.08333333333337,0.02037354250785894,0.0006384941763060727,0.017921963625078238,3.078994017616763
PerplexDEW (Davies),isobar,0.75,351.6277777777778,0.02080467471440247,0.0006567733336545949,0.01830292248480972,3.109927651936249
PerplexDEW (Davies),isobar,0.75,354.1722222222222,0.02123883092572038,0.0006752508212296786,0.018686502202073088,3.1407203091367486
PerplexDEW (Davies),isobar,0.75,356.7166666666667,0.02167576214192111,0.0006939116105851568,0.01907247728553558,3.17135273574911
PerplexDEW (Davies),isobar,0.75,359.2611111111111,0.022115074251248947,0.0007127326699373979,0.01946048949879582,3.2018026242212447
PerplexDEW (Davies),isobar,0.75,361.80555555555554,0.022556484917390002,0.0007316961809693659,0.01985028306349042,3.232049630861593
PerplexDEW (Davies),isobar,0.75,364.35,0.022999644326822933,0.0007507804231262362,0.02024154077452111,3.2620713421786234
PerplexDEW (Davies),isobar,0.75,366.89444444444445,0.023444164591644435,0.000769961344613612,0.020633911121176116,3.2918433674886947
PerplexDEW (Davies),isobar,0.75,369.4388888888889,0.02388963462733274,0.0007892131279483411,0.021027021624647105,3.321340320765157
PerplexDEW (Davies),isobar,0.75,371.98333333333335,0.024335656689685254,0.000808509721783798,0.021420511638567237,3.350538110029243
PerplexDEW (Davies),isobar,0.75,374.52777777777777,0.024781755452626064,0.0008278209584136533,0.02181395075462606,3.379408213401055
PerplexDEW (Davies),isobar,0.75,377.07222222222225,0.025227448045196343,0.000847115470203974,0.022206901654188562,3.4079221138101827
PerplexDEW (Davies),isobar,0.75,379.6166666666667,0.025672225896808662,0.0008663598992097077,0.02259890382700841,3.4360501448703706
PerplexDEW (Davies),isobar,0.75,382.16111111111115,0.026115554149737555,0.0008855188460529401,0.022989473054865657,3.463761447719918
PerplexDEW (Davies),isobar,0.75,384.7055555555556,0.0265568496267322,0.0009045538604306489,0.023378081629366658,3.491022625053231
PerplexDEW (Davies),isobar,0.75,387.25,0.026995521432297727,0.0009234252144983872,0.023764194839834364,3.517800208213118
PerplexDEW (Davies),isobar,0.75,389.7944444444445,0.02743090533641189,0.0009420889353075599,0.02414721203312811,3.544056670128556
PerplexDEW (Davies),isobar,0.75,392.3388888888889,0.02786235038987915,0.0009605006869571434,0.024526544469612423,3.5697556329816855
PerplexDEW (Davies),isobar,0.75,394.8833333333333,0.02828912880808165,0.000978611668701977,0.024901534360838497,3.5948564233255453
PerplexDEW (Davies),isobar,0.75,397.4277777777778,0.028710478390038763,0.0009963705055179124,0.025271493017092736,3.6193166046370617
PerplexDEW (Davies),isobar,0.75,399.97222222222223,0.029125602066410874,0.0010137232246364048,0.025635700480582058,3.643091904604728
PerplexDEW (Davies),isobar,0.75,402.5166666666667,0.029533667544001285,0.0010306132440470283,0.025993405251875556,3.666136139362963
PerplexDEW (Davies),isobar,0.75,405.06111111111113,0.029933780338396217,0.0010469800979492,0.026343800085676952,3.688399575378565
PerplexDEW (Davies),isobar,0.75,407.6055555555556,0.030325062403401798,0.0010627631987550335,0.0266860927759012,3.7098334528384056
PerplexDEW (Davies),isobar,0.75,410.15000000000003,0.030706462180771662,0.0010778927561054734,0.027019335353731647,3.7303788353383345
PerplexDEW (Davies),isobar,0.75,412.69444444444446,0.031077025451572888,0.001092302811680914,0.027342667816998296,3.74998228300043
PerplexDEW (Davies),isobar,0.75,415.23888888888894,0.03143564719882545,0.0011059193368331227,0.027655094994850995,3.7685813124312926
PerplexDEW (Davies),isobar,0.75,417.78333333333336,0.03178123952697935,0.001118668429350413,0.027955637724948034,3.7861140040062
PerplexDEW (Davies),isobar,0.75,420.3277777777778,0.03211258411142788,0.00113046916102641,0.028243200210699988,3.802510330367625
PerplexDEW (Davies),isobar,0.75,422.87222222222226,0.03242844928823361,0.00114123941717917,0.02851667551737226,3.8176987358076784
PerplexDEW (Davies),isobar,0.75,425.4166666666667,0.03272766037374327,0.0011508996180487762,0.028775009020280455,3.8316099462022
PerplexDEW (Davies),isobar,0.75,427.9611111111111,0.03300881171768573,0.0011593584626826653,0.029016939457714542,3.844160210775864
PerplexDEW (Davies),isobar,0.75,430.5055555555556,0.03327051917803073,0.0011665257067714325,0.029241226341643917,3.8552655322700997
PerplexDEW (Davies),isobar,0.75,433.05,0.03351136015726939,0.001172309425529618,0.029446596233311285,3.864837911518924
PerplexDEW (Davies),isobar,0.75,435.59444444444443,0.03372994813607844,0.0011766201175671817,0.02963181007439477,3.87278928295694
PerplexDEW (Davies),isobar,0.75,438.1388888888889,0.03392479747351478,0.0011793641516338956,0.029795541815952346,3.8790233816750876
PerplexDEW (Davies),isobar,0.75,440.6833333333334,0.03409424454354603,0.0011804400055594707,0.029936307819369845,3.8834307440503384
PerplexDEW (Davies),isobar,0.75,443.2277777777778,0.03423689542173274,0.0011797617723479624,0.030052870016089774,3.8859140033244013
PerplexDEW (Davies),isobar,0.75,445.77222222222224,0.034351116617151574,0.001177233456122288,0.030143778123226647,3.8863580449383925
PerplexDEW (Davies),isobar,0.75,448.3166666666667,0.03443533610042686,0.0011727650560453566,0.03020764093757839,3.8846467583003395
PerplexDEW (Davies),isobar,0.75,450.86111111111114,0.03448805830203847,0.0011662740528862042,0.030243140277014684,3.8806633500058902
PerplexDEW (Davies),isobar,0.75,453.40555555555557,0.03450787978092944,0.0011576869887738332,0.030249045536872073,3.874290700158713
PerplexDEW (Davies),isobar,0.75,455.95000000000005,0.03449325253088423,0.0011469279322424782,0.03022400147805966,3.865396782069713
PerplexDEW (Davies),isobar,0.75,458.49444444444447,0.03444307871154826,0.001133950383258851,0.030167063319351085,3.8538690915338387
PerplexDEW (Davies),isobar,0.75,461.0388888888889,0.034356146805009515,0.001118708798578729,0.03007719045272031,3.8395808845695036
PerplexDEW (Davies),isobar,0.75,463.58333333333337,0.03423148137516596,0.0011011778057504298,0.029953561283287723,3.822411337816669
PerplexDEW (Davies),isobar,0.75,466.1277777777778,0.03406872708707086,0.0010813730840437972,0.02979591814931017,3.802268861396883
PerplexDEW (Davies),isobar,0.75,468.6722222222222,0.03386710169340352,0.0010592978082409603,0.029603627740390853,3.779027438666961
PerplexDEW (Davies),isobar,0.75,471.2166666666667,0.03362721543517233,0.001035037692902009,0.029377313603760242,3.7526385155910407
PerplexDEW (Davies),isobar,0.75,473.7611111111112,0.03334909989720073,0.0010086593713268966,0.029117087440389888,3.7230106084481736
PerplexDEW (Davies),isobar,0.75,476.30555555555554,0.03303424761392414,0.0009803155428219907,0.028824377053810496,3.6901379713798095
PerplexDEW (Davies),isobar,0.75,478.85,0.03268395968940984,0.0009501595790430124,0.02850044391104241,3.653999336624511
PerplexDEW (Davies),isobar,0.75,481.3944444444445,0.03230086328403057,0.0009184216071324221,0.028147740158563146,3.6146581692185737
PerplexDEW (Davies),isobar,0.75,483.9388888888889,0.03188797459590714,0.0008853585600630742,0.02776906644288262,3.5722075009326715
PerplexDEW (Davies),isobar,0.75,486.48333333333335,0.03144848462665898,0.0008512413831562304,0.027367378004268347,3.526759352653885
PerplexDEW (Davies),isobar,0.75,489.0277777777778,0.030986919321323997,0.0008164084137823433,0.02694681690209484,3.478528681652942
PerplexDEW (Davies),isobar,0.75,491.57222222222225,0.030507948761702576,0.0007812019178766831,0.026511643475227886,3.4277599132445804
PerplexDEW (Davies),isobar,0.75,494.1166666666667,0.030016547570797376,0.0007459715762422045,0.026066375740330994,3.374742672845353
PerplexDEW (Davies),isobar,0.75,496.66111111111115,0.029517760432690835,0.000711058750675985,0.02561557666615789,3.319799723115959
PerplexDEW (Davies),isobar,0.75,499.2055555555556,0.029017073151991632,0.0006768086114470274,0.025164180408329483,3.263317956312142
PerplexDEW (Davies),isobar,0.75,501.75,0.028518969299170697,0.0006435010797040229,0.02471620721061662,3.205643907218789
PerplexDEW (Davies),isobar,0.75,504.2944444444445,0.028027912105380616,0.0006113937452586047,0.02427563607440921,3.147154286647511
PerplexDEW (Davies),isobar,0.75,506.83888888888896,0.027548132301828704,0.000580710029808567,0.023846215480462455,3.088239446032646
PerplexDEW (Davies),isobar,0.75,509.3833333333333,0.02708300845298331,0.0005516130160226253,0.023430915993618413,3.029251583703966
PerplexDEW (Davies),isobar,0.75,511.9277777777778,0.02663464754121899,0.0005241922316498355,0.023031564325217455,2.9704636345493625
PerplexDEW (Davies),isobar,0.75,514.4722222222223,0.026205123059804113,0.0004985169829864307,0.022649941876291952,2.912161112066954
PerplexDEW (Davies),isobar,0.75,517.0166666666667,0.025795659518470793,0.00047460659705613205,0.022287067611247848,2.8545714469922023
PerplexDEW (Davies),isobar,0.75,519.5611111111111,0.02540726383327577,0.00045245819929544406,0.0219437588720455,2.7979098592072216
PerplexDEW (Davies),isobar,0.75,522.1055555555556,0.025039683424642842,0.00043201318744274543,0.021619718400442158,2.7422869545267523
PerplexDEW (Davies),isobar,0.75,524.6500000000001,0.024692875156079326,0.00041321419707522085,0.021314830861645942,2.6878271661488418
PerplexDEW (Davies),isobar,0.75,527.1944444444445,0.024366382248440052,0.0003959851171905484,0.02102861670176371,2.6346140480725375
PerplexDEW (Davies),isobar,0.75,529.7388888888889,0.024059545720864453,0.00038024108142269825,0.020760420233333497,2.582705937708681
PerplexDEW (Davies),isobar,0.75,532.2833333333333,0.02377128517301093,0.0003658841006427239,0.02050921948929576,2.5321153220627877
PerplexDEW (Davies),isobar,0.75,534.8277777777778,0.02350052309310942,0.00035281837024761764,0.020273999474371727,2.482844869750734
PerplexDEW (Davies),isobar,0.75,537.3722222222223,0.02324662780762427,0.0003409632380998142,0.020054139508378588,2.4349266847482687
PerplexDEW (Davies),isobar,0.75,539.9166666666667,0.02300831404812793,0.0003302221834218382,0.019848452171418556,2.3883257748963977
PerplexDEW (Davies),isobar,0.75,542.4611111111111,0.02278451236549612,0.0003205089102038434,0.01965594407825856,2.3430168321006604
PerplexDEW (Davies),isobar,0.75,545.0055555555556,0.02257414709858559,0.0003117410786384138,0.01947562158850542,2.2989653992942327
PerplexDEW (Davies),isobar,0.75,547.5500000000001,0.022376362344748886,0.000303846006570351,0.019306687644570962,2.256148611698065
PerplexDEW (Davies),isobar,0.75,550.0944444444444,0.02219006204665142,0.00029674911144252726,0.01914814050618607,2.2145151880269336
PerplexDEW (Davies),isobar,0.75,552.6388888888889,0.022014364179284485,0.00029038521192175433,0.01899916950327382,2.1740264280838804
PerplexDEW (Davies),isobar,0.75,555.1833333333334,0.02184860870698804,0.00028469789042418186,0.01885916128554095,2.134657498540859
PerplexDEW (Davies),isobar,0.75,557.7277777777779,0.02169188229295714,0.00027962852330380705,0.01872728572097101,2.0963561688199928
PerplexDEW (Davies),isobar,0.75,560.2722222222222,0.021543734576898607,0.00027513196160032304,0.018603119025853147,2.0591063745943545
PerplexDEW (Davies),isobar,0.75,562.8166666666667,0.021402961427586558,0.000271150346053524,0.018485584903884668,2.0228223606517903
PerplexDEW (Davies),isobar,0.75,565.3611111111111,0.021269315082252285,0.00026764890332702543,0.018374441834665405,1.987498547248831
PerplexDEW (Davies),isobar,0.75,567.9055555555556,0.02114228882551943,0.00026458982605688503,0.018269225537594927,1.9531035833086219
PerplexDEW (Davies),isobar,0.75,570.45,0.02102109719210692,0.00026193246409499907,0.01816923179786816,1.9195797431392039
PerplexDEW (Davies),isobar,1.0,25.0,0.0002218310693654826,3.128927155112625e-07,0.00017970167722968693,0.6424714804914116
PerplexDEW (Davies),isobar,1.0,30.55808080808081,0.00024469437335898603,3.888194410489112e-07,0.00019895625086101477,0.6363089464254177
PerplexDEW (Davies),isobar,1.0,36.11616161616162,0.00027046031800768007,4.82022306625597e-07,0.00022068668813953623,0.6345639233880371
PerplexDEW (Davies),isobar,1.0,41.67424242424242,0.0002993011639763223,5.957949499683866e-07,0.0002450518943034756,0.6364440316823611
PerplexDEW (Davies),isobar,1.0,47.23232323232323,0.00033142688726308533,7.339660913673466e-07,0.0002722421375885467,0.6413873361167264
PerplexDEW (Davies),isobar,1.0,52.79040404040404,0.00036707730947188084,9.009573346451008e-07,0.0003024729699987606,0.6489849804391452
PerplexDEW (Davies),isobar,1.0,58.348484848484844,0.00040651819548795083,1.1018476462823671e-06,0.00033598226295538666,0.6589336538001341
PerplexDEW (Davies),isobar,1.0,63.906565656565654,0.00045003910222384853,1.3424427481020794e-06,0.00037302860582859906,0.6710048556188286
PerplexDEW (Davies),isobar,1.0,69.46464646464646,0.0004979523607869293,1.6293494180857766e-06,0.0004138905925183627,0.6850244378496196
PerplexDEW (Davies),isobar,1.0,75.02272727272728,0.0005505925994046335,1.9700539667463598e-06,0.00045886652566534106,0.7008585075707595
PerplexDEW (Davies),isobar,1.0,80.58080808080808,0.0006083167255357033,2.373005080113312e-06,0.0005082744822908158,0.7184035427410794
PerplexDEW (Davies),isobar,1.0,86.13888888888889,0.0006715038197789837,2.8476991902976064e-06,0.0005624522907155026,0.737579125798962
PerplexDEW (Davies),isobar,1.0,91.69696969696969,0.0007405554603573772,3.4047700824059915e-06,0.0006217578555862916,0.758322751283548
PerplexDEW (Davies),isobar,1.0,97.2550505050505,0.0008158961868702416,4.0560818597839065e-06,0.0006865695929676037,0.7805859649780906
PerplexDEW (Davies),isobar,1.0,102.81313131313131,0.0008979734236397184,4.814821501050334e-06,0.0007572864033591543,0.8043312095991937
PerplexDEW (Davies),isobar,1.0,108.37121212121212,0.0009872582986840833,5.6955974416768035e-06,0.000834328393369639,0.8295297278237387
PerplexDEW (Davies),isobar,1.0,113.92929292929293,0.0010842455217728887,6.714534654238341e-06,0.0009181367986341058,0.8561595960366449
PerplexDEW (Davies),isobar,1.0,119.48737373737373,0.0011894539755063081,7.889374093749125e-06,0.001009174504445375,0.8842044204126667
PerplexDEW (Davies),isobar,1.0,125.04545454545455,0.0013034269702882635,9.239570545701967e-06,0.0011079262789682302,0.913652194108699
PerplexDEW (Davies),isobar,1.0,130.60353535353534,0.001426732182293721,1.0786387392424915e-05,0.0012148987316476963,0.9444943015088705
PerplexDEW (Davies),isobar,1.0,136.16161616161617,0.0015599620322149337,1.2552992853000653e-05,0.0013306206431212477,0.9767248442435
PerplexDEW (Davies),isobar,1.0,141.71969696969697,0.0017037334286513599,1.4564549125516446e-05,0.0014556427488859752,1.0103399374042916
PerplexDEW (Davies),isobar,1.0,147.27777777777777,0.0018586880614497208,1.6848302582188365e-05,0.0015905379896550287,1.0453372791500328
PerplexDEW (Davies),isobar,1.0,152.8358585858586,0.0020254919176287594,1.9433663227563728e-05,0.0017359010917786422,1.0817156259574694
PerplexDEW (Davies),isobar,1.0,158.39393939393938,0.0022048350722332325,2.2352280812078813e-05,0.0018923483784306977,1.1194744359438982
PerplexDEW (Davies),isobar,1.0,163.9520202020202,0.0023974316615844914,2.563811697749405e-05,0.002060517735608061,1.1586136181143374
PerplexDEW (Davies),isobar,1.0,169.510101010101,0.002604018193230915,2.9327491784017232e-05,0.0022410671371386587,1.1991330140200107
PerplexDEW (Davies),isobar,1.0,175.0681818181818,0.002825353751528366,3.345914099146109e-05,0.0024346748004912193,1.2410323421469935
PerplexDEW (Davies),isobar,1.0,180.62626262626262,0.0030622192013594414,3.807425380046097e-05,0.002642038475879771,1.2843109740328733
PerplexDEW (Davies),isobar,1.0,186.18434343434342,0.003315415217358261,4.321648359962841e-05,0.0028638737095654523,1.3289675668163383
PerplexDEW (Davies),isobar,1.0,191.74242424242425,0.0035857614027159333,4.893195831293328e-05,0.0031009130448754257,1.3749999545604576
PerplexDEW (Davies),isobar,1.0,197.30050505050505,0.003874094718254337,5.52692678101478e-05,0.003353904619515488,1.4224049617562013
PerplexDEW (Davies),isobar,1.0,202.85858585858585,0.004181267219295638,6.227942441994232e-05,0.003623610152075004,1.4711781627527292
PerplexDEW (Davies),isobar,1.0,208.41666666666666,0.00450814473837068,7.001581981986872e-05,0.003910803746686772,1.5213138318648807
PerplexDEW (Davies),isobar,1.0,213.97474747474746,0.004855604179983022,7.853414191994731e-05,0.00421626948020065,1.5728047251224397
PerplexDEW (Davies),isobar,1.0,219.5328282828283,0.005224529688573386,8.789224877978271e-05,0.004540797991018081,1.625641772486693
PerplexDEW (Davies),isobar,1.0,225.0909090909091,0.005615811667759954,9.815006867581064e-05,0.004885185557021787,1.6798141968319993
PerplexDEW (Davies),isobar,1.0,230.6489898989899,0.006030342554062996,0.00010936942061970809,0.005250230324006337,1.7353092302007291
PerplexDEW (Davies),isobar,1.0,236.2070707070707,0.006469011616055741,0.00012161378404725539,0.005636727661094548,1.7921117860032882
PerplexDEW (Davies),isobar,1.0,241.7651515151515,0.006932703490977687,0.0001349481129790726,0.0060454687920154905,1.8502046217575487
PerplexDEW (Davies),isobar,1.0,247.32323232323233,0.007422291648572479,0.00014943851924315078,0.0064772349555441665,1.909567936483105
PerplexDEW (Davies),isobar,1.0,252.88131313131314,0.007938634069282434,0.00016515196424915304,0.006932793499176056,1.9701792852262119
PerplexDEW (Davies),isobar,1.0,258.43939393939394,0.008482567839295675,0.00018215589293556046,0.007412893007139338,2.0320134112916004
PerplexDEW (Davies),isobar,1.0,263.9974747474747,,,,
PerplexDEW (Davies),isobar,1.0,269.55555555555554,0.009656417561557882,0.00022030485771107458,0.008449583189266986,2.159233867719859
PerplexDEW (Davies),isobar,1.0,275.1136363636364,0.01028784919741102,0.0002415832404443335,0.009007528438167545,2.224554162509776
PerplexDEW (Davies),isobar,1.0,280.6717171717172,0.010949885390316891,0.00026441759593093445,0.009592707451988116,2.2909644282505983
PerplexDEW (Davies),isobar,1.0,286.229797979798,0.011643160202426983,0.0002888704660793008,0.010205685984738394,2.358422611391312
PerplexDEW (Davies),isobar,1.0,291.78787878787875,0.01236824208437525,0.0003150014939597781,0.010846970622800385,2.4268825642183005
PerplexDEW (Davies),isobar,1.0,297.3459595959596,0.013125629523190305,0.0003428667873193807,0.011517004757978382,2.496294229461957
PerplexDEW (Davies),isobar,1.0,302.9040404040404,0.013915729044732856,0.00037251770421116285,0.01221614884834897,2.566602400838255
PerplexDEW (Davies),isobar,1.0,308.4621212121212,0.01473886218590152,0.0004040004516968569,0.012944686439385709,2.637747906422623
PerplexDEW (Davies),isobar,1.0,314.020202020202,0.01559523563892617,0.00043735450395455315,0.013702797386243453,2.7096658435479775
PerplexDEW (Davies),isobar,1.0,319.5782828282828,0.016484949747000904,0.0004726121683435901,0.014490565228657751,2.7822868760993873
PerplexDEW (Davies),isobar,1.0,325.1363636363636,0.01740795920576776,0.0005097965307786122,0.015307941927284513,2.85553491875666
PerplexDEW (Davies),isobar,1.0,330.69444444444446,0.01836408712403307,0.0005489211149417026,0.016154760197520858,2.929328856658108
PerplexDEW (Davies),isobar,1.0,336.25252525252523,0.019352997999876883,0.000589988117815903,0.0170307091740372,3.0035812085006786
PerplexDEW (Davies),isobar,1.0,341.81060606060606,0.02037416327430823,0.0006329862307674716,0.01793530337003528,3.0781964502645813
PerplexDEW (Davies),isobar,1.0,347.36868686868684,0.021426900183427824,0.0006778911447536034,0.01886791723745288,3.153074309727582
PerplexDEW (Davies),isobar,1.0,352.92676767676767,0.022510280607699253,0.00072466112588514,0.019827703355529382,3.228104303461503
PerplexDEW (Davies),isobar,1.0,358.4848484848485,0.023623185367505403,0.000773238051136437,0.020813640846444104,3.3031700078014294
PerplexDEW (Davies),isobar,1.0,364.0429292929293,0.02476424834494205,0.0008235441994044867,0.02182448513468871,3.3781460072909386
PerplexDEW (Davies),isobar,1.0,369.6010101010101,0.025931817591975933,0.0008754795090736467,0.022858732848384217,3.4528961613561213
PerplexDEW (Davies),isobar,1.0,375.1590909090909,0.027124003558680526,0.0009289224921181548,0.02391466496265541,3.5272771448228126
PerplexDEW (Davies),isobar,1.0,380.7171717171717,0.028338593173386592,0.000983725519131643,0.024990269555423536,3.6011337333596845
PerplexDEW (Davies),isobar,1.0,386.27525252525254,0.029573074884669263,0.0010397147744932737,0.026083264215131095,3.6743008291339008
PerplexDEW (Davies),isobar,1.0,391.8333333333333,0.030824602397387924,0.0010966876203574775,0.02719106344360952,3.7466017309767277
PerplexDEW (Davies),isobar,1.0,397.39141414141415,0.03208998744237229,0.001154411272522255,0.028310772208451587,3.817848061282273
PerplexDEW (Davies),isobar,1.0,402.9494949494949,0.033365658531628144,0.0012126199564312296,0.029439148960379555,3.887837708860763
PerplexDEW (Davies),isobar,1.0,408.50757575757575,0.03464770765759791,0.0012710163513566556,0.030572647922707218,3.956357533409264
PerplexDEW (Davies),isobar,1.0,414.0656565656566,0.03593178724798107,0.0013292660136087439,0.031707326660499684,4.0231777222610905
PerplexDEW (Davies),isobar,1.0,419.62373737373736,0.03721323697856161,0.0013870032042200791,0.03283896083975078,4.0880584703057306
PerplexDEW (Davies),isobar,1.0,425.1818181818182,0.03848690513436526,0.0014438218775784657,0.03396288392889101,4.150740106435587
PerplexDEW (Davies),isobar,1.0,430.73989898989896,0.039747392632454,0.001499288291257631,0.0350742080670646,4.210955396106478
PerplexDEW (Davies),isobar,1.0,436.2979797979798,0.040988806397187806,0.0015529290688757668,0.03616760281749665,4.268415847230558
PerplexDEW (Davies),isobar,1.0,441.8560606060606,0.042205003230891124,0.0016042450125269838,0.037237516467794815,4.3228233335565776
PerplexDEW (Davies),isobar,1.0,447.4141414141414,0.043389597745687944,0.0016527136168749217,0.03827818491316905,4.373869018818655
PerplexDEW (Davies),isobar,1.0,452.97222222222223,0.04453583851859461,0.0016977848506047508,0.03928352184055954,4.42122554466789
PerplexDEW (Davies),isobar,1.0,458.530303030303,0.04563697894779644,0.0017389047134114273,0.04024745569005428,4.464563805681685
PerplexDEW (Davies),isobar,1.0,464.08838383838383,0.046686148313116675,0.0017755125983561551,0.04116381587677037,4.50354427699503
PerplexDEW (Davies),isobar,1.0,469.64646464646466,0.047676709698662,0.0018070665681649816,0.04202665869806573,4.537832454246661
PerplexDEW (Davies),isobar,1.0,475.20454545454544,0.04860208791400885,0.001833039931731316,0.042830115019115815,4.567087881868021
PerplexDEW (Davies),isobar,1.0,480.76262626262627,0.04945644274233885,0.001852966771612674,0.04356900103867631,4.5909949793052025
PerplexDEW (Davies),isobar,1.0,486.32070707070704,0.05023437386145767,0.0018664331759332118,0.04423855484914733,4.609246323053089
PerplexDEW (Davies),isobar,1.0,491.8787878787879,0.050931740024125476,0.0018731330020631196,0.04483517817553748,4.621581417212316
PerplexDEW (Davies),isobar,1.0,497.43686868686865,0.051545177814523835,0.0018728485151072167,0.045356003851437156,4.627762227722816
PerplexDEW (Davies),isobar,1.0,502.9949494949495,0.052073101139321315,0.0018655164678856872,0.045799798039799805,4.627623035972506
PerplexDEW (Davies),isobar,1.0,508.5530303030303,0.05251556754248638,0.0018512269278095916,0.04616683825752673,4.621066130205617
PerplexDEW (Davies),isobar,1.0,514.1111111111111,0.05287417689943827,0.001830221512043438,0.04645881908102509,4.608060672082014
PerplexDEW (Davies),isobar,1.0,519.6691919191919,0.053152742146746555,0.0018029335823968283,0.046679450977500925,4.588682362195527
PerplexDEW (Davies),isobar,1.0,525.2272727272727,0.053356726251512755,0.0017699523928340077,0.04683394506002496,4.5630931879224175
PerplexDEW (Davies),isobar,1.0,530.7853535353536,0.05349357064784922,0.0017320347041223385,0.046929298367994955,4.531567649058309
PerplexDEW (Davies),isobar,1.0,536.3434343434344,0.05357180872662669,0.001690041994862765,0.04697348455509278,4.49445748683315
PerplexDEW (Davies),isobar,1.0,541.9015151515151,0.053601283803607916,0.001644937771402681,0.04697563721107045,4.452212726734303
PerplexDEW (Davies),isobar,1.0,547.459595959596,0.05359226411043585,0.001597719650656645,0.04694524238725401,4.405344050149322
PerplexDEW (Davies),isobar,1.0,553.0176767676768,0.053555109827660395,0.0015493827857616695,0.046891829289469306,4.354410970293334
PerplexDEW (Davies),isobar,1.0,558.5757575757575,0.053499586181739944,0.0015008655233268388,0.04682434673595022,4.299987665974367
PerplexDEW (Davies),isobar,1.0,564.1338383838383,0.053435193161232034,0.0014530522251195049,0.046751452937608545,4.242680550419808
PerplexDEW (Davies),isobar,1.0,569.6919191919192,0.053369776891643454,0.0014066894047414385,0.04668027189182167,4.18304866439307
PerplexDEW (Davies),isobar,1.0,575.25,0.05331022582478863,0.0013624168167979075,0.04661701836960423,4.121635233851231
PerplexDEW (Davies),isobar,1.01325,25.0,0.00022221810630529952,3.1343659504669e-07,0.00018001503722030329,0.6439591076915818
PerplexDEW (Davies),isobar,1.01325,30.55808080808081,0.0002450989119272008,3.8945986737802063e-07,0.00019928499398054656,0.6376662342388429
PerplexDEW (Davies),isobar,1.01325,36.11616161616162,0.00027088639662679913,4.827788993909876e-07,0.000221034168382719,0.6358184007398592
PerplexDEW (Davies),isobar,1.01325,41.67424242424242,0.0002997527842649614,5.966907545662328e-07,0.00024542146617346345,0.6376163957968307
PerplexDEW (Davies),isobar,1.01325,47.23232323232323,0.0003319080381248232,7.350279944623225e-07,0.00027263717326726235,0.6424934517363264
PerplexDEW (Davies),isobar,1.01325,52.79040404040404,0.00036759216179770346,9.022169369939447e-07,0.00030289701782908185,0.6500373437139385
PerplexDEW (Davies),isobar,1.01325,58.348484848484844,0.00040707111773312274,1.103341906286538e-06,0.00033643906033834923,0.6599422597687449
PerplexDEW (Davies),isobar,1.01325,63.906565656565654,0.00045063473932550435,1.3442148760613397e-06,0.00037352214488791047,0.6719778490204333
PerplexDEW (Davies),isobar,1.01325,69.46464646464646,0.0004985957219713086,1.6314499561725136e-06,0.0004144251940979458,0.6859685817094029
PerplexDEW (Davies),isobar,1.01325,75.02272727272728,0.0005512890843059987,1.9725418355308334e-06,0.00045944686275693444,0.7017794888397962
PerplexDEW (Davies),isobar,1.01325,80.58080808080808,0.0006090721708443961,2.375948816721467e-06,0.000508905620802982,0.7193062099483936
PerplexDEW (Davies),isobar,1.01325,86.13888888888889,0.0006723245432184661,2.8511783275063696e-06,0.0005631397283624214,0.7384676662132963
PerplexDEW (Davies),isobar,1.01325,91.69696969696969,0.0007414484732177507,3.408877474916234e-06,0.0006225077029627001,0.7592008974988675
PerplexDEW (Davies),isobar,1.01325,97.2550505050505,0.000816868997894644,4.060924437926897e-06,0.0006873884118105469,0.781456983862893
PerplexDEW (Davies),isobar,1.01325,102.81313131313131,0.0008990343857490871,4.820523717639498e-06,0.0007581815016983189,0.8051981055770365
PerplexDEW (Davies),isobar,1.01325,108.37121212121212,0.0009884165103326609,5.702302914028264e-06,0.0008353077463103093,0.8303952360946159
PerplexDEW (Davies),isobar,1.01325,113.92929292929293,0.0010855108790095403,6.722408688257608e-06,0.0009192090959098535,0.8570262318628884
PerplexDEW (Davies),isobar,1.01325,119.48737373737373,0.0011908375233130027,7.898608489559634e-06,0.0010103494530533078,0.8850746099650183
PerplexDEW (Davies),isobar,1.01325,125.04545454545455,0.0013049406411732485,9.250384914508215e-06,0.0011092143857528466,0.9145281944944084
PerplexDEW (Davies),isobar,1.01325,130.60353535353534,0.0014283890594297074,1.0799034095454461e-05,0.0012163115317363094,0.9453782874610596
PerplexDEW (Davies),isobar,1.01325,136.16161616161617,0.0015617764604059835,1.256776149671681e-05,0.0013321707999219153,0.9776189345679656
PerplexDEW (Davies),isobar,1.01325,141.71969696969697,0.0017057214417819354,1.4581774337614646e-05,0.0014573444263207835,1.0112462924801635
PerplexDEW (Davies),isobar,1.01325,147.27777777777777,0.0018608669650970766,1.6868365220232815e-05,0.0015924065007471753,1.0462579796576725
PerplexDEW (Davies),isobar,1.01325,152.8358585858586,0.002027880868523162,1.945700060405753e-05,0.0017379534023753778,1.0826527997547113
PerplexDEW (Davies),isobar,1.01325,158.39393939393938,0.00220745489488104,2.2379390742589747e-05,0.0018946029564849865,1.1204301965589378
PerplexDEW (Davies),isobar,1.01325,163.9520202020202,0.0024003053985685143,2.5669569751771835e-05,0.0020629950329197236,1.1595901626574499
PerplexDEW (Davies),isobar,1.01325,169.510101010101,0.0026071711264787647,2.9363937835206287e-05,0.0022437896163796387,1.2001325991467917
PerplexDEW (Davies),isobar,1.01325,175.0681818181818,0.0028288138888326836,3.350132474449676e-05,0.002437667365328809,1.242057348524517
PerplexDEW (Davies),isobar,1.01325,180.62626262626262,0.00306601699742558,3.81230193631907e-05,0.002645328238708714,1.285363825128888
PerplexDEW (Davies),isobar,1.01325,186.18434343434342,0.0033195840466216367,4.327279024943543e-05,0.002867490410799042,1.3300507880388146
PerplexDEW (Davies),isobar,1.01325,191.74242424242425,0.0035903378212390137,4.899689485163452e-05,0.003104889290850641,1.3761161868680944
PerplexDEW (Davies),isobar,1.01325,197.30050505050505,0.0038791195590845685,5.534408089928402e-05,0.0033582768486268644,1.423557097454785
PerplexDEW (Davies),isobar,1.01325,202.85858585858585,0.004186784425450184,6.236551511047293e-05,0.003628417629715214,1.4723691273882353
PerplexDEW (Davies),isobar,1.01325,208.41666666666666,0.004514203828248195,7.011479697396982e-05,0.003916090730799977,1.5225469111694736
PerplexDEW (Davies),isobar,1.01325,213.97474747474746,0.004862257949470757,7.864780196943698e-05,0.004222083226681989,1.5740831953686554
PerplexDEW (Davies),isobar,1.01325,219.5328282828283,0.005231836975107494,8.802263962869576e-05,0.0045471911858475655,1.6269692475808264
PerplexDEW (Davies),isobar,1.01325,225.0909090909091,0.0056238375468387015,9.829951580246129e-05,0.004892216507435805,1.6811945954937282
PerplexDEW (Davies),isobar,1.01325,230.6489898989899,0.006039158362825378,0.00010954055107635315,0.00525796299721442,1.7367467278304254
PerplexDEW (Davies),isobar,1.01325,236.2070707070707,0.006478694750832337,0.00012180954638024287,0.00564523152271215,1.7936107488870858
PerplexDEW (Davies),isobar,1.01325,241.7651515151515,0.0069433401856497734,0.00013517186088134894,0.0060548212696989925,1.8517698823215356
PerplexDEW (Davies),isobar,1.01325,247.32323232323233,0.007433976365485868,0.00014969403150355993,0.006487520925644993,1.9112046605852393
PerplexDEW (Davies),isobar,1.01325,252.88131313131314,0.007951471169272143,0.0001654435155877057,0.006944106781992315,1.971893096613266
PerplexDEW (Davies),isobar,1.01325,258.43939393939394,0.00849667161660249,0.00018248829309207033,0.007425336422227062,2.0338103328753396
PerplexDEW (Davies),isobar,1.01325,263.9974747474747,,,,
PerplexDEW (Davies),isobar,1.01325,269.55555555555554,0.009673442800918345,0.0002200305103873647,0.008329926377565404,1.0641003031278737
PerplexDEW (Davies),isobar,1.01325,275.1136363636364,0.01030655372460709,0.00024207339777492195,0.009024083338998323,2.2266412310296886
PerplexDEW (Davies),isobar,1.01325,280.6717171717172,0.010970439621416108,0.00026497471934325696,0.009610917730102489,2.2931640696197997
PerplexDEW (Davies),isobar,1.01325,286.229797979798,0.011665746376587512,0.000289503198070498,0.010225716038926917,2.3607436566941424
PerplexDEW (Davies),isobar,1.01325,291.78787878787875,0.012393062533981166,0.0003157195977480636,0.01086900303444905,2.429334769211492
PerplexDEW (Davies),isobar,1.01325,297.3459595959596,0.013152907232572989,0.0003436812407960936,0.01154124082819059,2.4988882272477735
PerplexDEW (Davies),isobar,1.01325,302.9040404040404,0.013945709709545655,0.00037344084336156976,0.012242810469919135,2.5693497830376453
PerplexDEW (Davies),isobar,1.01325,308.4621212121212,0.014771816436521108,0.00040504612857621207,0.012974018118470314,2.6406613086818362
PerplexDEW (Davies),isobar,1.01325,314.020202020202,0.015631463708104972,0.0004385383355584356,0.01373507044801297,2.7127592090321704
PerplexDEW (Davies),isobar,1.01325,319.5782828282828,0.01652477508046168,0.00047395142872722095,0.014526072160608704,2.785574881291612
PerplexDEW (Davies),isobar,1.01325,325.1363636363636,0.017451744767289258,0.000511310808303331,0.0153470109750408,2.859034096300319
PerplexDEW (Davies),isobar,1.01325,330.69444444444446,0.018412234982643567,0.0005506324419847474,0.016197755058200893,2.933057426014859
PerplexDEW (Davies),isobar,1.01325,336.25252525252523,0.019405947468176286,0.0005919210421840339,0.017078027383437087,3.007558836960018
PerplexDEW (Davies),isobar,1.01325,341.81060606060606,0.02043240006402069,0.000635168293028087,0.017987384540813296,3.082444786185813
PerplexDEW (Davies),isobar,1.01325,347.36868686868684,0.021490954194768045,0.0006803529524305969,0.018925241131885585,3.15761672429118
PerplexDEW (Davies),isobar,1.01325,352.92676767676767,0.022580751028735677,0.0007274375004234281,0.01989081242567202,3.232967422541563
PerplexDEW (Davies),isobar,1.01325,358.4848484848485,0.023700718600465773,0.0007763673605018221,0.02088312051277577,3.3083821488985308
PerplexDEW (Davies),isobar,1.01325,364.0429292929293,0.024849564733711978,0.0008270696160834094,0.02190098779589484,3.3837387852007432
PerplexDEW (Davies),isobar,1.01325,369.6010101010101,0.02602571961823145,0.0008794495908364564,0.022942985300500582,3.458904850309169
PerplexDEW (Davies),isobar,1.01325,375.1590909090909,0.027227346588284435,0.000933390151063242,0.02400744216788049,3.5337388167935413
PerplexDEW (Davies),isobar,1.01325,380.7171717171717,0.028452366038850832,0.0009887517367337024,0.025092467067859538,3.6080919709720836
PerplexDEW (Davies),isobar,1.01325,386.27525252525254,0.029698344151475285,0.0010453664604688497,0.026195848150486693,3.681802291393617
PerplexDEW (Davies),isobar,1.01325,391.8333333333333,0.030962549216921854,0.0011030394873654628,0.02731510361383442,3.7546982462397
PerplexDEW (Davies),isobar,1.01325,397.39141414141415,0.03224189377342758,0.0011615454473316163,0.028447429717560653,3.8265958031917773
PerplexDEW (Davies),isobar,1.01325,402.9494949494949,0.03353297697838227,0.0012206295230249515,0.02958973904229007,3.897301048679063
PerplexDEW (Davies),isobar,1.01325,408.50757575757575,0.03483199950641879,0.0012800026756231361,0.030738584109229347,3.966605598176062
PerplexDEW (Davies),isobar,1.01325,414.0656565656566,0.03613481197147306,0.0013393433046710271,0.031890201300877746,4.034289310623532
PerplexDEW (Davies),isobar,1.01325,419.62373737373736,0.037436850441841175,0.0013982936576164683,0.033040453230391176,4.100116704846858
PerplexDEW (Davies),isobar,1.01325,425.1818181818182,0.03873323336457251,0.0014564645316483768,0.03418491673126173,4.163841806041603
PerplexDEW (Davies),isobar,1.01325,430.73989898989896,0.04001869203968671,0.0015134320347351333,0.035318821028397396,4.225203936259357
PerplexDEW (Davies),isobar,1.01325,436.2979797979798,0.041287605536208055,0.0015687399276783445,0.03643708023624456,4.28392886774164
PerplexDEW (Davies),isobar,1.01325,441.8560606060606,0.04253401286884784,0.0016219013136904116,0.03753430560029812,4.33972853402472
PerplexDEW (Davies),isobar,1.01325,447.4141414141414,0.04375167105024127,0.0016724033543705458,0.03860485939635663,4.3923028115628995
PerplexDEW (Davies),isobar,1.01325,452.97222222222223,0.044934174546813435,0.0017197161458043409,0.03964296456199008,4.441344033353747
PerplexDEW (Davies),isobar,1.01325,458.530303030303,0.04607488370279103,0.0017632919178247383,0.04064264218305842,4.486531700627112
PerplexDEW (Davies),isobar,1.01325,464.08838383838383,0.04716724642086826,0.001802586798337464,0.041598004243273604,4.527546510892586
PerplexDEW (Davies),isobar,1.01325,469.64646464646466,0.0482046154981162,0.0018370554975557943,0.042503091332078954,4.564059181991955
PerplexDEW (Davies),isobar,1.01325,475.20454545454544,0.04918076986462064,0.0018661865164377952,0.04335234600592581,4.595753859334815
PerplexDEW (Davies),isobar,1.01325,480.76262626262627,0.0500897566895849,0.0018894999914861436,0.044140473082471515,4.622318098391779
PerplexDEW (Davies),isobar,1.01325,486.32070707070704,0.05092627882614141,0.0019065772945017151,0.044862792165513254,4.643459808097611
PerplexDEW (Davies),isobar,1.01325,491.8787878787879,0.051685863282620335,0.0019170788336787066,0.045515392120535667,4.658913851194323
PerplexDEW (Davies),isobar,1.01325,497.43686868686865,0.05236509299282131,0.0019207656737392738,0.046095342039594187,4.668452454480426
PerplexDEW (Davies),isobar,1.01325,502.9949494949495,0.05296204271195134,0.0019175328406187187,0.046601085242907646,4.671906711233867
PerplexDEW (Davies),isobar,1.01325,508.5530303030303,0.05347596690588776,0.0019073975963162524,0.04703215717856611,4.669152722002138
PerplexDEW (Davies),isobar,1.01325,514.1111111111111,0.05390789086424627,0.001890538939745829,0.04738971636816449,4.660143630341586
PerplexDEW (Davies),isobar,1.01325,519.6691919191919,0.05426085725502551,0.001867314180906697,0.04767676193537496,4.644926883118086
PerplexDEW (Davies),isobar,1.01325,525.2272727272727,0.054539350889229066,0.001838223799224754,0.047897608751072324,4.623622177860319
PerplexDEW (Davies),isobar,1.01325,530.7853535353536,0.05474962238760646,0.0018039253013263925,0.04805817053590858,4.596445459722734
PerplexDEW (Davies),isobar,1.01325,536.3434343434344,0.05489957626581549,0.0017652172142119265,0.048165848293044364,4.563712469262839
PerplexDEW (Davies),isobar,1.01325,541.9015151515151,0.05499764213083792,0.0017229615045471923,0.04822850429360158,4.525789777846924
PerplexDEW (Davies),isobar,1.01325,547.459595959596,0.055053608889665616,0.0016781160356846064,0.04825520029381002,4.483145698937099
PerplexDEW (Davies),isobar,1.01325,553.0176767676768,0.0550774041896429,0.0016316478142327576,0.04825508997324953,4.43629387952304
PerplexDEW (Davies),isobar,1.01325,558.5757575757575,0.055078220262789565,0.0015844692392463886,0.048236627485650635,4.3857502774117885
PerplexDEW (Davies),isobar,1.01325,564.1338383838383,0.055065535687433366,0.0015374792440322202,0.04820847690673265,4.332088400564384
PerplexDEW (Davies),isobar,1.01325,569.6919191919192,0.05504702419919971,0.0014914391073844453,0.04817763695188452,4.275825366907293
PerplexDEW (Davies),isobar,1.01325,575.25,0.055030166463808414,0.0014470502014745014,0.04815088325607392,4.217504281706913
PerplexDEW (Davies),isobar,1.25,344.0,0.021846214341039068,0.0006905722457224722,0.019248484663653948,3.184650000382838
PerplexDEW (Davies),isobar,1.25,345.010101010101,0.022055377015082193,0.0006995961098383283,0.019434061234428392,3.199139413677039
PerplexDEW (Davies),isobar,1.25,346.020202020202,0.02226586712517455,0.0007087001216224955,0.019620821083937867,3.2136480391116455
PerplexDEW (Davies),isobar,1.25,347.030303030303,0.022477684243532147,0.0007178843754549768,0.019808763832176744,3.2281754233518445
PerplexDEW (Davies),isobar,1.25,348.04040404040404,0.022690834613062972,0.0007271492210575313,0.019997895039875774,3.2427215408802597
PerplexDEW (Davies),isobar,1.25,349.050505050505,0.022905310867004876,0.0007364944707917175,0.02018820806857971,3.2572855031308747
PerplexDEW (Davies),isobar,1.25,350.06060606060606,0.023121112139821605,0.0007459201830798342,0.020379702104589687,3.2718668422747923
PerplexDEW (Davies),isobar,1.25,351.07070707070704,0.02333823741541915,0.0007554264038564104,0.02057237619789433,3.2864650855665065
PerplexDEW (Davies),isobar,1.25,352.0808080808081,0.023556685525249445,0.0007650131663454984,0.02076622926042847,3.301079755317088
PerplexDEW (Davies),isobar,1.25,353.09090909090907,0.02377646239144726,0.0007746807812461757,0.020961266562413663,3.3157108195398584
PerplexDEW (Davies),isobar,1.25,354.1010101010101,0.023997552133228413,0.0007844286797179596,0.02115747381847511,3.3303568928978136
PerplexDEW (Davies),isobar,1.25,355.1111111111111,0.02421996027058689,0.0007942571411395998,0.021354855934664435,3.3450179297068985
PerplexDEW (Davies),isobar,1.25,356.1212121212121,0.02444369251941684,0.0008041664507975634,0.021553417994379372,3.3596938940296495
PerplexDEW (Davies),isobar,1.25,357.1313131313131,0.024668731984539484,0.0008141559697434729,0.02175314479361974,3.3743833631214333
PerplexDEW (Davies),isobar,1.25,358.14141414141415,0.024895083965463156,0.0008242259503770034,0.021954041038643797,3.3890862870843743
PerplexDEW (Davies),isobar,1.25,359.1515151515151,0.0251227539627546,0.0008343766511451346,0.022156111617779244,3.403802626015603
PerplexDEW (Davies),isobar,1.25,360.16161616161617,0.025351724033081058,0.0008446073596952057,0.022359340377637045,3.4185309189844286
PerplexDEW (Davies),isobar,1.25,361.17171717171715,0.025581999246269423,0.0008549182999976059,0.022563731816337033,3.4332711118595705
PerplexDEW (Davies),isobar,1.25,362.1818181818182,0.025813576803525255,0.0008653093657116141,0.022769283369162462,3.4480226758601944
PerplexDEW (Davies),isobar,1.25,363.19191919191917,0.026046445560421308,0.0008757800932757111,0.022975984976411543,3.46278458808356
PerplexDEW (Davies),isobar,1.25,364.2020202020202,0.0262806186150153,0.0008863310241071379,0.023183848343551673,3.4775572828802743
PerplexDEW (Davies),isobar,1.25,365.2121212121212,0.026516076197978175,0.0008969613157937511,0.02339285566282687,3.492339233821147
PerplexDEW (Davies),isobar,1.25,366.22222222222223,0.026752822973345414,0.0009076711414662468,0.023603011064593817,3.5071303795906177
PerplexDEW (Davies),isobar,1.25,367.2323232323232,0.0269908552517436,0.00091846031609378,0.023814311177151902,3.521930164626933
PerplexDEW (Davies),isobar,1.25,368.24242424242425,0.027230160489324265,0.0009293282677152417,0.024026744672642562,3.536737518905551
PerplexDEW (Davies),isobar,1.25,369.25252525252523,0.027470743093581513,0.0009402751369181123,0.02424031544891498,3.551552376741544
PerplexDEW (Davies),isobar,1.25,370.26262626262627,0.027712598816230297,0.000951300688525642,0.024455019627741558,3.5663741660882726
PerplexDEW (Davies),isobar,1.25,371.27272727272725,0.027955714237286648,0.0009624042816681371,0.024670845087151026,3.58120178786348
PerplexDEW (Davies),isobar,1.25,372.2828282828283,0.02820009349900629,0.0009735860229336525,0.024887795484617017,3.596035171997083
PerplexDEW (Davies),isobar,1.25,373.2929292929293,0.02844572258147761,0.0009848452238386495,0.025105858154344653,3.610873199684572
PerplexDEW (Davies),isobar,1.25,374.3030303030303,0.028692605444380688,0.000996181967419992,0.02532503658834559,3.6257157978932657
PerplexDEW (Davies),isobar,1.25,375.3131313131313,0.02894073686792487,0.001007595930065884,0.02554532602783317,3.640562366424203
PerplexDEW (Davies),isobar,1.25,376.32323232323233,0.029190101911524394,0.0010190863495809037,0.025766712972368325,3.6554117564522572
PerplexDEW (Davies),isobar,1.25,377.3333333333333,0.02944069462269171,0.00103065284573743,0.025989191998871494,3.670263343220353
PerplexDEW (Davies),isobar,1.25,378.34343434343435,0.029692508839891437,0.0010422950190181288,0.026212757494734805,3.6851164960186846
PerplexDEW (Davies),isobar,1.25,379.35353535353534,0.029945557906862943,0.0010540133309681497,0.026437421388704377,3.699971690513038
PerplexDEW (Davies),isobar,1.25,380.3636363636364,0.030199806006248886,0.0010658060423967104,0.02666315139553484,3.714826628887286
PerplexDEW (Davies),isobar,1.25,381.37373737373736,0.030455266173456473,0.001077673582327297,0.026889959164509147,3.729681779377304
PerplexDEW (Davies),isobar,1.25,382.3838383838384,0.030711921539472775,0.0010896150318683699,0.027117829446690347,3.7445359311391
PerplexDEW (Davies),isobar,1.25,383.3939393939394,0.030969775196118716,0.0011016303601278255,0.027346764947756903,3.7593889976902357
PerplexDEW (Davies),isobar,1.25,384.4040404040404,0.031228799168618288,0.0011137181180505798,0.027576740420890575,3.7742391680851863
PerplexDEW (Davies),isobar,1.25,385.4141414141414,0.03148900654765446,0.00112587870859326,0.02780776756601553,3.789086922474377
PerplexDEW (Davies),isobar,1.25,386.42424242424244,0.03175038979795273,0.001138111591833333,0.028039839525353005,3.803931595533751
PerplexDEW (Davies),isobar,1.25,387.4343434343434,0.03201291955969212,0.0011504152118463964,0.028272929795890425,3.818771329929117
PerplexDEW (Davies),isobar,1.25,388.44444444444446,0.032276608968886025,0.0011627899514687653,0.028507050119208066,3.8336066151186783
PerplexDEW (Davies),isobar,1.25,389.45454545454544,0.032541427719498785,0.001175234181245329,0.028742173134048782,3.84843556224719
PerplexDEW (Davies),isobar,1.25,390.4646464646465,0.0328074001521543,0.0011877487906560406,0.028978320670455884,3.8632592744227896
PerplexDEW (Davies),isobar,1.25,391.47474747474746,0.03307447277478336,0.0012003310418487066,0.0292154444865616,3.8780746210177797
PerplexDEW (Davies),isobar,1.25,392.4848484848485,0.0333426812629761,0.001212982338788007,0.029453576619265214,3.892883323860244
PerplexDEW (Davies),isobar,1.25,393.4949494949495,0.03361198219723978,0.001225700379663963,0.029692677887827375,3.907682822539578
PerplexDEW (Davies),isobar,1.25,394.5050505050505,0.033882377123800024,0.0012384849529771336,0.029932749597632993,3.922472998948728
PerplexDEW (Davies),isobar,1.25,395.5151515151515,0.03415386786491389,0.0012513358562280341,0.030173793304947502,3.9372537482311487
PerplexDEW (Davies),isobar,1.25,396.52525252525254,0.034426420676005716,0.0012642511895869443,0.03041577852945434,3.9520230679444506
PerplexDEW (Davies),isobar,1.25,397.5353535353535,0.03470003676021858,0.0012772306949597946,0.030658706266074552,3.9667808350024756
PerplexDEW (Davies),isobar,1.25,398.54545454545456,0.03497471760545476,0.0012902741237505132,0.03090257776862574,3.9815269398997666
PerplexDEW (Davies),isobar,1.25,399.55555555555554,0.03525044028483686,0.0013033800484145068,0.031147372294645117,3.996259982231875
PerplexDEW (Davies),isobar,1.25,400.5656565656566,0.03552718108037684,0.0013165469826335284,0.03139306838380818,4.01097853430939
PerplexDEW (Davies),isobar,1.25,401.57575757575756,0.03580494072950882,0.0013297746044350826,0.03163966660983497,4.025682466405143
PerplexDEW (Davies),isobar,1.25,402.5858585858586,0.036083720266678734,0.0013430626020817934,0.031887167816612584,4.040371662828007
PerplexDEW (Davies),isobar,1.25,403.5959595959596,0.03636346939264017,0.0013564081542929724,0.032135526581326845,4.055043328624054
PerplexDEW (Davies),isobar,1.25,404.6060606060606,0.03664422722107676,0.0013698127804257403,0.032384778066996134,4.069699349324894
PerplexDEW (Davies),isobar,1.25,405.6161616161616,0.03692592931984357,0.0013832729327138142,0.03263486410502367,4.084336216090709
PerplexDEW (Davies),isobar,1.25,406.62626262626264,0.0372086154192326,0.0013967901524184457,0.03288582041955277,4.098955843345712
PerplexDEW (Davies),isobar,1.25,407.6363636363636,0.03749221941993877,0.0014103607661449034,0.03313758732912444,4.1135546651912245
PerplexDEW (Davies),isobar,1.25,408.64646464646466,0.03777676804999453,0.0014239856610243104,0.0333901888390305,4.128133924879728
PerplexDEW (Davies),isobar,1.25,409.65656565656565,0.038062234413564044,0.0014376630663072648,0.03364360060814596,4.142692100301277
PerplexDEW (Davies),isobar,1.25,410.6666666666667,0.03834859075832652,0.0014513911462606167,0.03389779751814245,4.157227640130053
PerplexDEW (Davies),isobar,1.25,411.67676767676767,0.0386358366223284,0.0014651694114308157,0.03415277905952782,4.171740397988192
PerplexDEW (Davies),isobar,1.25,412.6868686868687,0.03892395764193825,0.001478996668574865,0.03440853218657973,4.186229519765532
PerplexDEW (Davies),isobar,1.25,413.6969696969697,0.03921293918267613,0.0014928716974004748,0.03466504360837616,4.200694144126696
PerplexDEW (Davies),isobar,1.25,414.7070707070707,0.039502766337793,0.0015067932503930286,0.034922299787545824,4.215133402474002
PerplexDEW (Davies),isobar,1.25,415.7171717171717,0.03979340923091844,0.0015207593057131514,0.035180273680472746,4.229545678686379
PerplexDEW (Davies),isobar,1.25,416.72727272727275,0.04008486678840138,0.0015347692869409548,0.035438964226347236,4.243930818084231
PerplexDEW (Davies),isobar,1.25,417.73737373737373,0.04037713828602335,0.0015488226314983357,0.03569837068281323,4.258288681867903
PerplexDEW (Davies),isobar,1.25,418.74747474747477,0.04067016267608973,0.0015629156771847202,0.03595843787556416,4.272616116081502
PerplexDEW (Davies),isobar,1.25,419.75757575757575,0.04096398403286763,0.001577050130796832,0.03621920548566386,4.286915234755522
PerplexDEW (Davies),isobar,1.25,420.7676767676768,0.04125852477596958,0.0015912214416359755,0.0364806034137473,4.301182081415868
PerplexDEW (Davies),isobar,1.25,421.77777777777777,0.041553814048116235,0.0016054305350040286,0.03674265787062021,4.3154180269119875
PerplexDEW (Davies),isobar,1.25,422.7878787878788,0.041849819380821565,0.0016196751501853458,0.03700533946534683,4.329621379259147
PerplexDEW (Davies),isobar,1.25,423.7979797979798,0.042146507364699805,0.001633952953605662,0.0372686179533749,4.343790414593301
PerplexDEW (Davies),isobar,1.25,424.80808080808083,0.04244387594917787,0.001648263227651113,0.037532491395634554,4.357924965259806
PerplexDEW (Davies),isobar,1.25,425.8181818181818,0.04274190713971225,0.0016626044145933822,0.03779694346200072,4.372024080060265
PerplexDEW (Davies),isobar,1.25,426.82828282828285,0.043040582654931006,0.0016769749277908347,0.03806195756317735,4.386086800089886
PerplexDEW (Davies),isobar,1.25,427.83838383838383,0.04333988392563221,0.0016913731515866318,0.038327516849856684,4.4001121586996526
PerplexDEW (Davies),isobar,1.25,428.8484848484849,0.043639792093861804,0.001705797441212888,0.03859360421192244,4.414099181461974
PerplexDEW (Davies),isobar,1.25,429.85858585858585,0.043940270996603206,0.0017202452190682703,0.038860186911662556,4.4280460602763485
PerplexDEW (Davies),isobar,1.25,430.8686868686869,0.044241317859678005,0.0017347156613939983,0.039127262361781344,4.441952618003463
PerplexDEW (Davies),isobar,1.25,431.8787878787879,0.044542930317806644,0.0017492079631324352,0.03939482834832349,4.455818695332434
PerplexDEW (Davies),isobar,1.25,432.8888888888889,0.04484507133403194,0.0017637194586280147,0.03966285134475003,4.469642460502808
PerplexDEW (Davies),isobar,1.25,433.8989898989899,0.045147720593997444,0.0017782483563825598,0.03993131292637468,4.483422899654459
PerplexDEW (Davies),isobar,1.25,434.90909090909093,0.04545085748985216,0.0017927928353704684,0.040200194403804526,4.497158990935374
PerplexDEW (Davies),isobar,1.25,435.9191919191919,0.045754461119616285,0.0018073510449965642,0.04046947682240867,4.5108497044679945
PerplexDEW (Davies),isobar,1.25,436.92929292929296,0.046058510286598846,0.0018219211050633352,0.040739140961877474,4.524494002311902
PerplexDEW (Davies),isobar,1.25,437.93939393939394,0.046362983498860394,0.0018365011057462847,0.04100916733580823,4.538090838432555
PerplexDEW (Davies),isobar,1.25,438.949494949495,0.046667858968728125,0.0018510891075786103,0.041279536191344585,4.551639158664424
PerplexDEW (Davies),isobar,1.25,439.95959595959596,0.046973114612357654,0.0018656831414450574,0.04155022750885741,4.5651379006805515
PerplexDEW (Davies),isobar,1.25,440.969696969697,0.04727872804935436,0.0018802812085852965,0.04182122100169268,4.578585993955093
PerplexDEW (Davies),isobar,1.25,441.979797979798,0.04758471503225683,0.00189488339362899,0.042092530845547885,4.5919841724874955
PerplexDEW (Davies),isobar,1.25,442.98989898989896,0.047890976111577915,0.001909483439599782,0.04236406710939675,4.605327737798701
PerplexDEW (Davies),isobar,1.25,444.0,0.048197565265314636,0.001924083512528135,0.04263587851819434,4.618619234324212
PerplexDEW (Davies),isobar,1.5,426.25,0.046151368883300216,0.0018396681590368302,0.04087118888948586,4.544552567794645
PerplexDEW (Davies),isobar,1.5,426.4166666666667,0.04620883834418127,0.0018425574406700823,0.04092234370168287,4.54719246738324
PerplexDEW (Davies),isobar,1.5,426.5833333333333,0.046266332279119825,0.001845448283812124,0.04097352019602203,4.54983146880016
PerplexDEW (Davies),isobar,1.5,426.75,0.046323866901666816,0.0018483415469207798,0.04102473302186277,4.55247033415995
PerplexDEW (Davies),isobar,1.5,426.9166666666667,0.046381425837894806,0.0018512363586521952,0.04107596738426048,4.555108292891216
PerplexDEW (Davies),isobar,1.5,427.0833333333333,0.04643904173544438,0.0018541344520681367,0.041127252782480556,4.557746878199479
PerplexDEW (Davies),isobar,1.5,427.25,0.046496681841886,0.001857034085039733,0.041178559622275804,4.5603845503081235
PerplexDEW (Davies),isobar,1.5,427.4166666666667,0.04655436248279334,0.0018599361237621808,0.041229902654974684,4.563022075125084
PerplexDEW (Davies),isobar,1.5,427.5833333333333,0.0466120671705266,0.001862839688968502,0.04128126698213008,4.565658678245393
PerplexDEW (Davies),isobar,1.5,427.75,0.0466698287783524,0.0018657465293763105,0.04133268230838044,4.568295900503319
PerplexDEW (Davies),isobar,1.5,427.9166666666667,0.0467275978068496,0.0018686540064447314,0.041384103904769945,4.570931420476426
PerplexDEW (Davies),isobar,1.5,428.0833333333333,0.04678542370564873,0.0018715647534135068,0.041435576455337436,4.573567554893246
PerplexDEW (Davies),isobar,1.5,428.25,0.04684328995816257,0.0018744778889815072,0.04148708503529261,4.576203528377999
PerplexDEW (Davies),isobar,1.5,428.4166666666667,0.046901179933756365,0.0018773925239013798,0.04153861461604019,4.578838561708759
PerplexDEW (Davies),isobar,1.5,428.5833333333333,0.04695911015545707,0.0018803095380614126,0.04159018012863633,4.581473427473407
PerplexDEW (Davies),isobar,1.5,428.75,0.047017080597752586,0.0018832289287460308,0.04164178155006963,4.584108123311702
PerplexDEW (Davies),isobar,1.5,428.9166666666667,0.047075074543712486,0.0018861498006724358,0.0416934037731895,4.5867418670990645
PerplexDEW (Davies),isobar,1.5,429.0833333333333,0.04713310860153112,0.00188907303964863,0.04174506180658205,4.5893754342995265
PerplexDEW (Davies),isobar,1.5,429.25,0.047191182745264626,0.0018919986429117269,0.0417967556268434,4.592008822545013
PerplexDEW (Davies),isobar,1.5,429.4166666666667,0.04724929694885145,0.0018949266076862632,0.04184848521045777,4.594642029463729
PerplexDEW (Davies),isobar,1.5,429.5833333333333,0.04730743437976745,0.0018978560305963773,0.04190023534506341,4.597274269045038
PerplexDEW (Davies),isobar,1.5,429.75,0.047365611760374814,0.0019007878053960018,0.04195202114316941,4.599906320607249
PerplexDEW (Davies),isobar,1.5,429.9166666666667,0.04742382906416482,0.0019037219292620735,0.04200384258085951,4.602538181770065
PerplexDEW (Davies),isobar,1.5,430.0833333333333,0.04748208626452066,0.0019066583993596474,0.042055699634115415,4.605169850149513
PerplexDEW (Davies),isobar,1.5,430.25,0.04754036641271108,0.0019095963041627054,0.0421075769848,4.607800535833904
PerplexDEW (Davies),isobar,1.5,430.4166666666667,0.047598686345871014,0.0019125365454268194,0.04215948984990038,4.610431022010284
PerplexDEW (Davies),isobar,1.5,430.5833333333333,0.047657029056878374,0.0019154782075242525,0.04221142285811913,4.613060516808375
PerplexDEW (Davies),isobar,1.5,430.75,0.04771542844957571,0.0019184231110112799,0.04226340665220277,4.61569059581313
PerplexDEW (Davies),isobar,1.5,430.9166666666667,0.047773867545668584,0.0019213703422705044,0.04231542588709776,4.618320468125135
PerplexDEW (Davies),isobar,1.5,431.0833333333333,0.04783232925031473,0.0019243189795101767,0.042367465111658786,4.620949338929837
PerplexDEW (Davies),isobar,1.5,431.25,0.0478908134483779,0.0019272690136495903,0.042419524221301685,4.623577202883104
PerplexDEW (Davies),isobar,1.5,431.4166666666667,0.04794933715027702,0.001930221358548743,0.04247161859075772,4.626204849011379
PerplexDEW (Davies),isobar,1.5,431.5833333333333,0.04800791748320625,0.0019331769362594892,0.0425237637010645,4.6288330702615506
PerplexDEW (Davies),isobar,1.5,431.75,0.048066502953571975,0.0019361329686988166,0.0425759130080322,4.631459478139683
PerplexDEW (Davies),isobar,1.5,431.9166666666667,0.04812514499868414,0.0019390922279549645,0.04262811300506458,4.634086456308745
PerplexDEW (Davies),isobar,1.5,432.0833333333333,0.04818382643506631,0.0019420537859813362,0.042680348160334836,4.636713206989879
PerplexDEW (Davies),isobar,1.5,432.25,0.048242529961601985,0.0019450167064564985,0.04273260283492723,4.639338928460541
PerplexDEW (Davies),isobar,1.5,432.4166666666667,0.04830127276349645,0.001947981915483245,0.042784892562696096,4.641964415624186
PerplexDEW (Davies),isobar,1.5,432.5833333333333,0.04836005481198659,0.001950949409997115,0.0428372173176793,4.64458966605096
PerplexDEW (Davies),isobar,1.5,432.75,0.048418841355679317,0.001953917307866098,0.04288954568603405,4.647213072770808
PerplexDEW (Davies),isobar,1.5,432.9166666666667,0.04847770175142178,0.0019568893599404293,0.0429419403632916,4.649837840448778
PerplexDEW (Davies),isobar,1.5,433.0833333333333,0.04853656646572839,0.001959861800822245,0.042994338493575424,4.652460755581799
PerplexDEW (Davies),isobar,1.5,433.25,0.04859548764183763,0.001962837452225492,0.04304678721294175,4.655084225515034
PerplexDEW (Davies),isobar,1.5,433.4166666666667,0.048654447859443936,0.001965815369399009,0.043099270773974824,4.657707444544242
PerplexDEW (Davies),isobar,1.5,433.5833333333333,0.048713429579345414,0.001968794599201201,0.04315177332101467,4.6603296029858186
PerplexDEW (Davies),isobar,1.5,433.75,0.048772450221934764,0.0019717760842530743,0.04320431060202768,4.662951503639166
PerplexDEW (Davies),isobar,1.5,433.9166666666667,0.04883149218801409,0.0019747588671656323,0.04325686670673959,4.665572334816669
PerplexDEW (Davies),isobar,1.5,434.0833333333333,0.04889057295710624,0.001977743894720083,0.04330945743695014,4.668192901300674
PerplexDEW (Davies),isobar,1.5,434.25,0.048949692498959474,0.001980731163693467,0.043362082765358995,4.670813200631732
PerplexDEW (Davies),isobar,1.5,434.4166666666667,0.04900885078321748,0.001983720670850471,0.04341474266456833,4.673433230347289
PerplexDEW (Davies),isobar,1.5,434.5833333333333,0.049068030090376406,0.0019867114502750546,0.04346742111477696,4.676052174746787
PerplexDEW (Davies),isobar,1.5,434.75,0.04912724801880046,0.0019897044571231958,0.04352013402598581,4.678670842593688
PerplexDEW (Davies),isobar,1.5,434.9166666666667,0.04918650453767567,0.001992699688110293,0.04357288137037969,4.681289231416802
PerplexDEW (Davies),isobar,1.5,435.0833333333333,0.04924579961606053,0.0019956971399390754,0.043625663120040487,4.683907338742454
PerplexDEW (Davies),isobar,1.5,435.25,0.049305133222904786,0.001998696809299764,0.04367847924694196,4.686525162094315
PerplexDEW (Davies),isobar,1.5,435.4166666666667,0.049364487487451314,0.002001697719537513,0.04373131359357757,4.689141880728921
PerplexDEW (Davies),isobar,1.5,435.5833333333333,0.049423880157546035,0.002004700836361396,0.04378418220604889,4.691758308413166
PerplexDEW (Davies),isobar,1.5,435.75,0.049483293301574686,0.0020077051787886274,0.04383706887143848,4.694373622376841
PerplexDEW (Davies),isobar,1.5,435.9166666666667,0.0495427626578112,0.002010712696542912,0.04389000590255921,4.696989459691235
PerplexDEW (Davies),isobar,1.5,436.0833333333333,0.049602270324677976,0.0020137224107636214,0.04394297711384496,4.699604998590491
PerplexDEW (Davies),isobar,1.5,436.25,0.04966178028797908,0.002016732349876982,0.04399594994177859,4.702218589938543
PerplexDEW (Davies),isobar,1.5,436.4166666666667,0.0497213463979567,0.0020197454562502003,0.04404897307653391,4.704832698164171
PerplexDEW (Davies),isobar,1.5,436.5833333333333,0.04978093260954543,0.0020227597561030953,0.044102013926490005,4.707445673106272
PerplexDEW (Davies),isobar,1.5,436.75,0.04984057496407159,0.002025777220651774,0.04415510508037561,4.710059161950196
PerplexDEW (Davies),isobar,1.5,436.9166666666667,0.04990021918119803,0.0020287948746667743,0.04420819745693194,4.7126706830819005
PerplexDEW (Davies),isobar,1.5,437.0833333333333,0.049959919476037305,0.0020318156864227344,0.044261340078549274,4.715282713098333
PerplexDEW (Davies),isobar,1.5,437.25,0.05001965773321189,0.0020348386618370285,0.044314516565013846,4.717894423119428
PerplexDEW (Davies),isobar,1.5,437.4166666666667,0.05007941571475874,0.002037862798097678,0.04436771042449533,4.720504980182865
PerplexDEW (Davies),isobar,1.5,437.5833333333333,0.050139211531289946,0.0020408890866079124,0.044420938033393115,4.7231152101753535
PerplexDEW (Davies),isobar,1.5,437.75,0.05019902688302457,0.0020439165201388857,0.04447418284359118,4.725724278082584
PerplexDEW (Davies),isobar,1.5,437.9166666666667,0.05025887994152977,0.0020469460944220947,0.04452746128699292,4.72833301182406
PerplexDEW (Davies),isobar,1.5,438.0833333333333,0.05031878900136196,0.0020499788139517537,0.044580789907484805,4.730942243413932
PerplexDEW (Davies),isobar,1.5,438.25,0.05037869904431073,0.0020530116508982637,0.044634118951967235,4.733549466690369
PerplexDEW (Davies),isobar,1.5,438.4166666666667,0.050438665021040004,0.0020560476258856693,0.044687498112567794,4.736157182750723
PerplexDEW (Davies),isobar,1.5,438.5833333333333,0.05049865014850214,0.0020590847125149855,0.04474089412573499,4.738763716887034
PerplexDEW (Davies),isobar,1.5,438.75,0.05055867275155932,0.002062123917420823,0.044794323562948865,4.741369902129064
PerplexDEW (Davies),isobar,1.5,438.9166666666667,0.05061873279590256,0.0020651652369436764,0.04484778639324155,4.743975735932637
PerplexDEW (Davies),isobar,1.5,439.0833333333333,0.05067881173306875,0.0020682076460579787,0.044901265842077445,4.746580375031042
PerplexDEW (Davies),isobar,1.5,439.25,0.05073894652548172,0.002071253181558583,0.04495479533687955,4.749185497285227
PerplexDEW (Davies),isobar,1.5,439.4166666666667,0.050799100079202485,0.0020742997948077703,0.04500834133101962,4.751789417666687
PerplexDEW (Davies),isobar,1.5,439.5833333333333,0.05085929087338279,0.002077348503435873,0.04506192053646954,4.754392974340982
PerplexDEW (Davies),isobar,1.5,439.75,0.05091950023423976,0.0020803982734286393,0.045115516064587656,4.75699531988727
PerplexDEW (Davies),isobar,1.5,439.9166666666667,0.05097974670285524,0.0020834501268342156,0.045169144683738824,4.759597294532947
PerplexDEW (Davies),isobar,1.5,440.0833333333333,0.051040048945227894,0.002086505094642375,0.045222823276041345,4.762199742650186
PerplexDEW (Davies),isobar,1.5,440.25,0.05110035082176407,0.002089560068777075,0.04527650106733016,4.76480012085419
PerplexDEW (Davies),isobar,1.5,440.4166666666667,0.05116070840097937,0.002092618149728858,0.0453302287676091,4.767400967392514
PerplexDEW (Davies),isobar,1.5,440.5833333333333,0.05122110294578134,0.0020956782989218206,0.045383989430590285,4.7700014327530464
PerplexDEW (Davies),isobar,1.5,440.75,0.05128149676620356,0.002098738424972469,0.04543774896691751,4.772599812148464
PerplexDEW (Davies),isobar,1.5,440.9166666666667,0.051341946212914186,0.002101801648588938,0.045491558343530206,4.775198653188121
PerplexDEW (Davies),isobar,1.5,441.0833333333333,0.05140243245414643,0.0021048669243886728,0.045545400527927805,4.777797103225913
PerplexDEW (Davies),isobar,1.5,441.25,0.05146293653181496,0.002107933197915091,0.045599258372590226,4.78039430543369
PerplexDEW (Davies),isobar,1.5,441.4166666666667,0.05152347726796744,0.002111001511309472,0.04565314890173952,4.782991109372417
PerplexDEW (Davies),isobar,1.5,441.5833333333333,0.05158405462594037,0.0021140718606581094,0.045707072082277894,4.785587512450225
PerplexDEW (Davies),isobar,1.5,441.75,0.05164466856894815,0.002117144242033735,0.04576102788100132,4.788183512072931
PerplexDEW (Davies),isobar,1.5,441.9166666666667,0.05170530001146803,0.002120217591793792,0.045814999034341795,4.79077824719875
PerplexDEW (Davies),isobar,1.5,442.0833333333333,0.05176596790147756,0.0021232929611072924,0.045869002681201976,4.793372571569183
PerplexDEW (Davies),isobar,1.5,442.25,0.0518266530894195,0.0021263692817099587,0.04592302149970834,4.795965622027962
PerplexDEW (Davies),isobar,1.5,442.4166666666667,0.05188739373060823,0.002129448675885222,0.045977090003542026,4.7985591160155785
PerplexDEW (Davies),isobar,1.5,442.5833333333333,0.051948170707103856,0.0021325300776360804,0.04603119089962791,4.801152191425466
PerplexDEW (Davies),isobar,1.5,442.75,0.05200896477319569,0.0021356124117547226,0.04608530677853061,4.803743981928102
PerplexDEW (Davies),isobar,1.75,411.9,0.0436045143408626,0.0017118287347630747,0.03862946735642647,4.436767419588017
PerplexDEW (Davies),isobar,1.75,412.14444444444445,0.043691855864379174,0.0017162590937170282,0.038707337442225466,4.440959263234177
PerplexDEW (Davies),isobar,1.75,412.38888888888886,0.043779300013351896,0.0017206962946943916,0.0387852995630074,4.445151311044721
PerplexDEW (Davies),isobar,1.75,412.6333333333333,0.04386686061120872,0.0017251410409819539,0.038863366200708585,4.449344219079828
PerplexDEW (Davies),isobar,1.75,412.87777777777774,0.043954537669323696,0.0017295933334699233,0.03894153736644444,4.453537981972873
PerplexDEW (Davies),isobar,1.75,413.1222222222222,0.044042317205018326,0.001734052458363435,0.03901980043479357,4.457731926963755
PerplexDEW (Davies),isobar,1.75,413.3666666666667,0.044130213149358014,0.001738519126162965,0.03909816798570795,4.461926713658387
PerplexDEW (Davies),isobar,1.75,413.6111111111111,0.044218211445364336,0.0017429926180106135,0.039176627326121524,4.466121666873669
PerplexDEW (Davies),isobar,1.75,413.85555555555555,0.044306326096055726,0.0017474736492370377,0.03925519110150702,4.470317448587583
PerplexDEW (Davies),isobar,1.75,414.09999999999997,0.04439455711039118,0.0017519622204874242,0.039333859320795736,4.474514053384514
PerplexDEW (Davies),isobar,1.75,414.34444444444443,0.044482890319465604,0.0017564576052657714,0.03941261918902023,4.478710802434049
PerplexDEW (Davies),isobar,1.75,414.58888888888885,0.044571339834928926,0.0017609605262104853,0.03949148345057162,4.482908361291094
PerplexDEW (Davies),isobar,1.75,414.8333333333333,0.04465989141278713,0.0017654702516905617,0.03957043924211975,4.487106048683882
PerplexDEW (Davies),isobar,1.75,415.0777777777778,0.04474855923740694,0.0017699875092434707,0.03964949937427465,4.491304532557525
PerplexDEW (Davies),isobar,1.75,415.3222222222222,0.044837343315292356,0.0017745122992652608,0.03972866385374905,4.4955038074434395
PerplexDEW (Davies),isobar,1.75,415.56666666666666,0.044926229289344394,0.001779043882378357,0.03980791971422522,4.499703188396977
PerplexDEW (Davies),isobar,1.75,415.8111111111111,0.045015231453706304,0.0017835829935319303,0.03988727986629008,4.503903346966176
PerplexDEW (Davies),isobar,1.75,416.05555555555554,0.04510433537538953,0.0017881288881403056,0.039966731274521584,4.5081035957449
PerplexDEW (Davies),isobar,1.75,416.3,0.04519355542202991,0.0017926823061211953,0.040046286916438016,4.512304608690361
PerplexDEW (Davies),isobar,1.75,416.5444444444444,0.0452828915976612,0.0017972432476184561,0.040125946796521865,4.516506380283561
PerplexDEW (Davies),isobar,1.75,416.7888888888889,0.0453723293549818,0.0018018109601901594,0.04020569777525995,4.520708219416121
PerplexDEW (Davies),isobar,1.75,417.0333333333333,0.04546188317256952,0.0018063861912704718,0.04028555293121017,4.524910803676119
PerplexDEW (Davies),isobar,1.75,417.27777777777777,0.04555153842643306,0.001810968183136053,0.040365499055025796,4.529113439475216
PerplexDEW (Davies),isobar,1.75,417.5222222222222,0.04564130966943448,0.0018155576882605785,0.04044554929292218,4.5333168068319525
PerplexDEW (Davies),isobar,1.75,417.76666666666665,0.045731182200559925,0.0018201539436091358,0.04052569036541135,4.537520209669065
PerplexDEW (Davies),isobar,1.75,418.0111111111111,0.0458211706472631,0.0018247577067227517,0.04060593548664439,4.5417243304411565
PerplexDEW (Davies),isobar,1.75,418.25555555555553,0.04591127501001187,0.001829368977381251,0.04068628465788251,4.545929163555372
PerplexDEW (Davies),isobar,1.75,418.5,0.04600149528886146,0.0018339877553211574,0.040766737880019166,4.550134703411156
PerplexDEW (Davies),isobar,1.75,418.7444444444444,0.046091801772607736,0.0018386124933994401,0.04084726831167481,4.554339553474231
PerplexDEW (Davies),isobar,1.75,418.9888888888889,0.04618223891149726,0.0018432455035935493,0.04092791611086466,4.5585457907833105
PerplexDEW (Davies),isobar,1.75,419.23333333333335,0.04627277695467416,0.0018478852359945998,0.041008654400103706,4.562752017534922
PerplexDEW (Davies),isobar,1.75,419.47777777777776,0.04636343075549248,0.0018525324635393593,0.041089496599309605,4.5669589235464985
PerplexDEW (Davies),isobar,1.75,419.72222222222223,0.046454185301859185,0.001857186401671115,0.04117042914569333,4.571165802715439
PerplexDEW (Davies),isobar,1.75,419.96666666666664,0.04654505552298397,0.0018618478285085877,0.04125146552826782,4.575373347326909
PerplexDEW (Davies),isobar,1.75,420.2111111111111,0.046636041415301144,0.0018665167434162605,0.04133260574465113,4.5795815517063945
PerplexDEW (Davies),isobar,1.75,420.4555555555555,0.0467271278487486,0.0018711923536457655,0.041413836124614245,4.583789705959353
PerplexDEW (Davies),isobar,1.75,420.7,0.04681832986702719,0.0018758754451537632,0.041495170261461725,4.5879985060903525
PerplexDEW (Davies),isobar,1.75,420.94444444444446,0.04690963226094084,0.0018805652196854275,0.041576594412892826,4.592207239666251
PerplexDEW (Davies),isobar,1.75,421.18888888888887,0.04700105015084035,0.00188526246845196,0.04165812224203484,4.596416605179658
PerplexDEW (Davies),isobar,1.75,421.43333333333334,0.04709256824805018,0.0018899663876610227,0.041739739934193124,4.6006258876481425
PerplexDEW (Davies),isobar,1.75,421.67777777777775,0.047184217071726306,0.001894678579421542,0.04182147506841166,4.604836498578676
PerplexDEW (Davies),isobar,1.75,421.9222222222222,0.047275950649138414,0.0018993966258776139,0.04190328610162565,4.609046300665352
PerplexDEW (Davies),isobar,1.75,422.1666666666667,0.04736781493810587,0.001904122942810698,0.04198521456510373,4.613257419705816
PerplexDEW (Davies),isobar,1.75,422.4111111111111,0.04745977916845067,0.0019088559096717634,0.04206723265292213,4.617468425089671
PerplexDEW (Davies),isobar,1.75,422.65555555555557,0.047551843212730205,0.0019135955170481449,0.04214934024988156,4.621679307221626
PerplexDEW (Davies),isobar,1.75,422.9,0.04764403798184441,0.0019183433941303107,0.042231565291914665,4.625891490240319
PerplexDEW (Davies),isobar,1.75,423.14444444444445,0.047736316907049,0.0019230970815916216,0.04231386569301501,4.630102817715179
PerplexDEW (Davies),isobar,1.75,423.3888888888889,0.0478287265369278,0.0019278590361402254,0.04239628352264889,4.634315434464133
PerplexDEW (Davies),isobar,1.75,423.6333333333333,0.04792123570184207,0.00193262760937412,0.04247879061099792,4.638527897077823
PerplexDEW (Davies),isobar,1.75,423.8777777777778,0.04801384427047709,0.0019374027914931722,0.04256138683935223,4.642740195879854
PerplexDEW (Davies),isobar,1.75,424.1222222222222,0.048106583549567004,0.0019421862391441292,0.0426441005042687,4.646953767740023
PerplexDEW (Davies),isobar,1.75,424.3666666666667,0.0481994221278397,0.0019469762870339147,0.04272690321581184,4.651167161523074
PerplexDEW (Davies),isobar,1.75,424.6111111111111,0.04829235987170315,0.0019517729251323562,0.04280979485319701,4.655380367504766
PerplexDEW (Davies),isobar,1.75,424.85555555555555,0.04838541248700181,0.0019565769850309243,0.04289278961299245,4.659594103090433
PerplexDEW (Davies),isobar,1.75,425.1,0.0484785799596765,0.001961388465005878,0.04297588748332954,4.6638083623941835
PerplexDEW (Davies),isobar,1.75,425.34444444444443,0.04857184635381881,0.001966206515902982,0.043059074059917476,4.668022409782806
PerplexDEW (Davies),isobar,1.75,425.5888888888889,0.04866522749462286,0.0019710319775961636,0.04314236364807031,4.672236966498325
PerplexDEW (Davies),isobar,1.75,425.8333333333333,0.04875872336646573,0.001975864848197943,0.043225756234509305,4.6764520266257925
PerplexDEW (Davies),isobar,1.75,426.0777777777778,0.0488523179097171,0.0019807042698291658,0.0433092373022234,4.680666850600638
PerplexDEW (Davies),isobar,1.75,426.32222222222225,0.04894602706966941,0.001985551090714281,0.04339282126596512,4.6848821635234685
PerplexDEW (Davies),isobar,1.75,426.56666666666666,0.04903983470369117,0.001990404447110015,0.04347649353310283,4.689097223196405
PerplexDEW (Davies),isobar,1.75,426.81111111111113,0.0491337568374737,0.001995265192838054,0.04356026859165271,4.693312757300123
PerplexDEW (Davies),isobar,1.75,427.05555555555554,0.04922779345267912,0.002000133325727698,0.0436441464258766,4.697528759864056
PerplexDEW (Davies),isobar,1.75,427.3,0.049321928281686724,0.0020050079731919307,0.04372811232926782,4.701744484731812
PerplexDEW (Davies),isobar,1.75,427.5444444444445,0.04941617747151051,0.00200988999751698,0.043812180900396264,4.705960663468883
PerplexDEW (Davies),isobar,1.75,427.7888888888889,0.04951052467068605,0.0020147785201722825,0.04389633735636335,4.710176547266183
PerplexDEW (Davies),isobar,1.75,428.03333333333336,0.04960498610743746,0.0020196744091174174,0.043980596369745315,4.714392870287525
PerplexDEW (Davies),isobar,1.75,428.27777777777777,0.04969956176070251,0.002024577661895394,0.04406495792234445,4.718609626510521
PerplexDEW (Davies),isobar,1.75,428.52222222222224,0.049794251608969664,0.002029488276000962,0.04414942199555532,4.722826809904023
PerplexDEW (Davies),isobar,1.75,428.76666666666665,0.04988902263437004,0.0020344044730070047,0.04423395873560815,4.727042918242307
PerplexDEW (Davies),isobar,1.75,429.0111111111111,0.049983924182898654,0.0020393289052541793,0.04431861276090933,4.731260185777601
PerplexDEW (Davies),isobar,1.75,429.2555555555556,0.05007892319355529,0.002044259791223209,0.04440335417838129,4.735477108931924
PerplexDEW (Davies),isobar,1.75,429.5,0.05017403614046376,0.0020491980161037875,0.04448819788471056,4.739694429721376
PerplexDEW (Davies),isobar,1.75,429.74444444444447,0.050269246333626574,0.002054142677292739,0.04457312878851953,4.743911388651173
PerplexDEW (Davies),isobar,1.75,429.9888888888889,0.050364587037605664,0.002059095568571874,0.04465817697042571,4.748129485113154
PerplexDEW (Davies),isobar,1.75,430.23333333333335,0.05046000810331415,0.0020640539786396,0.04474329708219166,4.752346448766518
PerplexDEW (Davies),isobar,1.75,430.47777777777776,0.050555542836055935,0.0020690197041186706,0.04482851924156121,4.756563780308735
PerplexDEW (Davies),isobar,1.75,430.72222222222223,0.050651191209215844,0.0020739927419686954,0.04491384342532483,4.760781473609338
PerplexDEW (Davies),isobar,1.75,430.9666666666667,0.05074695319573181,0.0020789730890997233,0.04499926960985286,4.764999522529093
PerplexDEW (Davies),isobar,1.75,431.2111111111111,0.05084281184813082,0.002083959824519903,0.045084782469144706,4.769217159472904
PerplexDEW (Davies),isobar,1.75,431.4555555555556,0.05093878397304161,0.002088953856820789,0.045170397202928106,4.7734351370395345
PerplexDEW (Davies),isobar,1.75,431.7,0.05103486954175729,0.0020939551827394895,0.04525611378610132,4.7776534490581115
PerplexDEW (Davies),isobar,1.75,431.94444444444446,0.0511310514769026,0.002098962871978844,0.04534191677427159,4.781871323855904
PerplexDEW (Davies),isobar,1.75,432.1888888888889,0.051227329620060734,0.002103976911995775,0.04542780602411392,4.786088751185752
PerplexDEW (Davies),isobar,1.75,432.43333333333334,0.051323738080183506,0.0021089991563726334,0.0455138123858487,4.79030725718754
PerplexDEW (Davies),isobar,1.75,432.6777777777778,0.05142024260096374,0.0021140277384491604,0.04559990487708816,4.794525300595192
PerplexDEW (Davies),isobar,1.75,432.9222222222222,0.05151684302156568,0.0021190626454338332,0.04568608335231032,4.798742871112688
PerplexDEW (Davies),isobar,1.75,433.1666666666667,0.05161357370764842,0.002124105749167208,0.04577237889572425,4.802961502985505
PerplexDEW (Davies),isobar,1.75,433.41111111111115,0.05171040014237117,0.0021291551643303737,0.04585876028748334,4.807179646766138
PerplexDEW (Davies),isobar,1.75,433.65555555555557,0.051807322162449154,0.002134210877881876,0.04594522737984568,4.811397292107612
PerplexDEW (Davies),isobar,1.75,433.90000000000003,0.051904356997718254,0.002139273828373329,0.046031795758309124,4.815615205021094
PerplexDEW (Davies),isobar,1.75,434.14444444444445,0.052001504613791376,0.0021443440119391904,0.046118465392624444,4.819833379227669
PerplexDEW (Davies),isobar,1.75,434.3888888888889,0.05209874749437847,0.0021494204667110825,0.046205220438379276,4.824051029317917
PerplexDEW (Davies),isobar,1.75,434.6333333333333,0.0521961029979914,0.0021545041403896923,0.046292076598375004,4.828268925369007
PerplexDEW (Davies),isobar,1.75,434.8777777777778,0.05229357108857694,0.002159595028931374,0.04637903384085443,4.832487061069999
PerplexDEW (Davies),isobar,1.75,435.12222222222226,0.052391134116503375,0.0021646921608380046,0.046466076199865605,4.8367046468522386
PerplexDEW (Davies),isobar,1.75,435.3666666666667,0.05248880956974003,0.00216979649303232,0.04655321949623166,4.840922456876345
PerplexDEW (Davies),isobar,1.75,435.61111111111114,0.052586597410562486,0.0021749080212916066,0.04664046369668208,4.84514048480091
PerplexDEW (Davies),isobar,1.75,435.85555555555555,0.052684479855188954,0.0021800257644121798,0.046727792712989116,4.849357936876394
PerplexDEW (Davies),isobar,1.75,436.1,0.05278247452183994,0.002185150688612296,0.04681522248471841,4.853575591367297
PerplexDEW (Davies),isobar,2.0,175.0,0.00306696275173559,3.6366739667067034e-05,0.002643451480983426,1.3197985746058571
PerplexDEW (Davies),isobar,2.0,180.55555555555554,0.0033266593385938084,4.1425467969110915e-05,0.002870899556222809,1.3650019715938557
PerplexDEW (Davies),isobar,2.0,186.11111111111111,0.00360483061875752,4.707388084558504e-05,0.0031147302790746362,1.411741136103058
PerplexDEW (Davies),isobar,2.0,191.66666666666666,0.003902490551132023,5.336623659904412e-05,0.003375851392878137,1.4600197013640333
PerplexDEW (Davies),isobar,2.0,197.22222222222223,0.004220688841626004,6.0360247384569716e-05,0.0036552029040770443,1.5098413527648904
PerplexDEW (Davies),isobar,2.0,202.77777777777777,0.004560509445024438,6.811714026250417e-05,0.003953755803603391,1.5612094616642416
PerplexDEW (Davies),isobar,2.0,208.33333333333331,0.0049230685757997,7.670169650247825e-05,0.004272510348345228,1.6141267352604665
PerplexDEW (Davies),isobar,2.0,213.88888888888889,0.005309517996237891,8.618236679090071e-05,0.004612498955159968,1.6685956343182042
PerplexDEW (Davies),isobar,2.0,219.44444444444446,0.0057210402975927735,9.663124755200413e-05,0.00497478209463551,1.7246176949657892
PerplexDEW (Davies),isobar,2.0,225.0,0.006158850201890025,0.00010812414246770057,0.005360449445150635,1.782193727873777
PerplexDEW (Davies),isobar,2.0,230.55555555555554,0.006624192417126312,0.00012074055364473407,0.005770618028041215,1.8413235796235725
PerplexDEW (Davies),isobar,2.0,236.11111111111111,0.007118341603755373,0.00013456369824250356,0.006206432192710828,1.9020061855893848
PerplexDEW (Davies),isobar,2.0,241.66666666666666,0.007642600479129039,0.00014968047694790854,0.006669061964916591,1.9642394176962112
PerplexDEW (Davies),isobar,2.0,247.22222222222223,0.008198295678919354,0.00016618137503856626,0.007159699409122488,2.0280197379391174
PerplexDEW (Davies),isobar,2.0,252.77777777777777,0.008786780541526752,0.00018416049561230358,0.0076795610901125855,2.0933426231588625
PerplexDEW (Davies),isobar,2.0,258.3333333333333,0.009409429137378432,0.00020371538846550272,0.00822988281318107,2.160202067545264
PerplexDEW (Davies),isobar,2.0,263.8888888888889,0.010067636605160774,0.00022494699849725207,0.008811919922307725,2.228590780024899
PerplexDEW (Davies),isobar,2.0,269.44444444444446,,2.1364009816894773,7.872490050939734,10.00000715225132
PerplexDEW (Davies),isobar,2.0,275.0,,,,
PerplexDEW (Davies),isobar,2.0,280.55555555555554,0.012269806813412424,0.0002997590732227946,0.010761105661666721,2.4428369511918344
PerplexDEW (Davies),isobar,2.0,286.1111111111111,0.013084508127444383,0.00032876914915763717,0.011482847286950398,2.517239407352489
PerplexDEW (Davies),isobar,2.0,291.66666666666663,0.013941951454989254,0.0003600056857363266,0.01224277791906097,2.5931115871574497
PerplexDEW (Davies),isobar,2.0,297.22222222222223,0.014843590136198492,0.0003935860532050209,0.013042209606023316,2.6704363195022895
PerplexDEW (Davies),isobar,2.0,302.77777777777777,0.015790884462587834,0.00042962975525930844,0.013882461371689088,2.74919531388313
PerplexDEW (Davies),isobar,2.0,308.3333333333333,0.01678528105498934,0.0004682575992563747,0.014764840834319918,2.829367802806082
PerplexDEW (Davies),isobar,2.0,313.8888888888889,0.017828222510377602,0.0005095917580121259,0.01569065276667087,2.9109315658276897
PerplexDEW (Davies),isobar,2.0,319.44444444444446,0.01892113833284526,0.0005537552432193401,0.016661190987577623,2.993862505305281
PerplexDEW (Davies),isobar,2.0,325.0,0.020065435528080103,0.0006008713150400035,0.017677729924131393,3.0781342749425695
PerplexDEW (Davies),isobar,2.0,330.55555555555554,0.02126250816480006,0.0006510635275382399,0.018741533120150103,3.163719216309648
PerplexDEW (Davies),isobar,2.0,336.1111111111111,0.022513710466011274,0.0007044544718155135,0.019853829133589587,3.250586834251523
PerplexDEW (Davies),isobar,2.0,341.66666666666663,0.02382037144370991,0.000761165956155114,0.02101582457057409,3.338705090820237
PerplexDEW (Davies),isobar,2.0,347.22222222222223,0.025183789322782875,0.0008213184836293662,0.02222869906364419,3.4280402907815875
PerplexDEW (Davies),isobar,2.0,352.77777777777777,0.02660520749777221,0.0008850299587096664,0.02349358366552501,3.518555896676033
PerplexDEW (Davies),isobar,2.0,358.3333333333333,0.02808583441432088,0.0009524160732778622,0.02481157861457471,3.6102140541310197
PerplexDEW (Davies),isobar,2.0,363.8888888888889,0.029626818822757535,0.0010235889322269135,0.0261837310793811,3.7029743929459755
PerplexDEW (Davies),isobar,2.0,369.44444444444446,0.0312292501645705,0.0010986566305133808,0.027611035428251746,3.7967943806443687
PerplexDEW (Davies),isobar,2.0,375.0,0.032894161813494756,0.001177722971754929,0.029094436082467454,3.8916297860005735
PerplexDEW (Davies),isobar,2.0,380.55555555555554,0.03462250877899821,0.001260886062090318,0.030634807399549338,3.987433738301789
PerplexDEW (Davies),isobar,2.0,386.1111111111111,0.03641518978034622,0.0013482388429691867,0.03223297346953441,4.084158196955623
PerplexDEW (Davies),isobar,2.0,391.66666666666663,0.03827301491994213,0.0014398671970842147,0.03388967895648113,4.181752490379514
PerplexDEW (Davies),isobar,2.0,397.22222222222223,0.04019669680073583,0.0015358490124331256,0.03560558099532709,4.280163194207299
PerplexDEW (Davies),isobar,2.0,402.77777777777777,0.042186878296694576,0.0016362550251149508,0.03738127415348148,4.379335798275698
PerplexDEW (Davies),isobar,2.0,408.3333333333333,0.04424412100644853,0.0017411478707375888,0.03921727998811772,4.479214306832752
PerplexDEW (Davies),isobar,2.0,413.8888888888889,0.046368848138245815,0.001850578746759538,0.04111399541366814,4.579738760917573
PerplexDEW (Davies),isobar,2.0,419.44444444444446,0.04856143069995482,0.001964591271259584,0.043071770447213234,4.680849584273765
PerplexDEW (Davies),isobar,2.0,425.0,0.050822089469281496,0.0020832160453608866,0.04509081961666135,4.782483181344762
PerplexDEW (Davies),isobar,2.0,430.55555555555554,0.05315096011047183,0.0022064735375895883,0.04717128071856752,4.8845751916921
PerplexDEW (Davies),isobar,2.0,436.1111111111111,0.055548080147396796,0.0023343730594993935,0.04931320302957681,4.98706001121048
PerplexDEW (Davies),isobar,2.0,441.66666666666663,0.05801333404238884,0.0024669093336881043,0.05151649755588844,5.089868577154206
PerplexDEW (Davies),isobar,2.0,447.22222222222223,0.06054653767438993,0.0026040667724247834,0.053781013448989806,5.192932194657675
PerplexDEW (Davies),isobar,2.0,452.77777777777777,0.06314734689612292,0.0027458140246796113,0.056106455192026054,5.2961787456609954
PerplexDEW (Davies),isobar,2.0,458.3333333333333,0.06581533157158063,0.002892107843703431,0.05849244962536148,5.399535949330635
PerplexDEW (Davies),isobar,2.0,463.88888888888886,0.06854993839366738,0.003042890721377031,0.060938512266929284,5.502929877710079
PerplexDEW (Davies),isobar,2.0,469.44444444444446,0.0713504648329943,0.0031980890305249783,0.06344402365917842,5.606284038192562
PerplexDEW (Davies),isobar,2.0,475.0,0.0742161547246788,0.0033576186255544873,0.06600831609142081,5.709523225327338
PerplexDEW (Davies),isobar,2.0,480.55555555555554,0.07714608169436935,0.0035213776394442202,0.06863056786374677,5.812568954656033
PerplexDEW (Davies),isobar,2.0,486.1111111111111,0.0801392216425186,0.003689250775517468,0.07130986906838928,5.915342373943389
PerplexDEW (Davies),isobar,2.0,491.66666666666663,0.08319449069662169,0.0038611118072369574,0.07404525614137775,6.017765644718854
PerplexDEW (Davies),isobar,2.0,497.22222222222223,0.0863106352492818,0.004036816590787053,0.076835612030131,6.119757809954628
PerplexDEW (Davies),isobar,2.0,502.77777777777777,0.08948635226167845,0.0042162108910932415,0.07967977555008472,6.221239280358215
PerplexDEW (Davies),isobar,2.0,508.3333333333333,0.09272023847246134,0.004399127333594265,0.08257649533187132,6.322129884151243
PerplexDEW (Davies),isobar,2.0,513.8888888888889,0.0960108314366512,0.004585388414381231,0.085524467233424,6.422350290553695
PerplexDEW (Davies),isobar,2.0,519.4444444444445,0.09935650761853383,0.004774799860756065,0.08852224172475273,6.521818367605846
PerplexDEW (Davies),isobar,2.0,525.0,0.1027557125630395,0.004967166801839475,0.09156843341996843,6.620457192690762
PerplexDEW (Davies),isobar,2.0,530.5555555555555,0.10620675057609034,0.005162279882330985,0.09466152984933679,6.718187571051986
PerplexDEW (Davies),isobar,2.0,536.1111111111111,0.10970786205689015,0.005359921004054213,0.09779996191454307,6.814930717300192
PerplexDEW (Davies),isobar,2.0,541.6666666666666,0.11325737084954808,0.005559874557913498,0.10098223823486738,6.91061308945939
PerplexDEW (Davies),isobar,2.0,547.2222222222222,0.11685343285621329,0.005761910154229804,0.10420671634312438,7.005157827606569
PerplexDEW (Davies),isobar,2.0,552.7777777777778,0.12049431900745126,0.005965803762926443,0.1074718605638797,7.098494113128784
PerplexDEW (Davies),isobar,2.0,558.3333333333333,0.12417819314030541,0.006171322401970611,0.11077603979199309,7.190549706790282
PerplexDEW (Davies),isobar,2.0,563.8888888888889,0.1279032669584296,0.006378236302146278,0.11411766880314236,7.281255968765054
PerplexDEW (Davies),isobar,2.0,569.4444444444445,0.1316678811360419,0.0065863261225203905,0.11749528236294038,7.370550271938053
PerplexDEW (Davies),isobar,2.0,575.0,0.13547024017801867,0.006795363899043834,0.12090729360885537,7.458367451021593
PerplexDEW (Davies),isobar,2.0,580.5555555555555,0.13930870287737146,0.007005135932474936,0.1243522589613286,7.544648984217749
PerplexDEW (Davies),isobar,2.0,586.1111111111111,0.14318182085449485,0.00721544713636292,0.12782891344130115,7.629343951327571
PerplexDEW (Davies),isobar,2.0,591.6666666666666,0.14708783240931012,0.007426082650291224,0.13133570901774033,7.712393319858071
PerplexDEW (Davies),isobar,2.0,597.2222222222222,0.15102537728320203,0.007636864296598963,0.13487146664369248,7.793752025391307
PerplexDEW (Davies),isobar,2.0,602.7777777777778,0.15499313528433425,0.00784762368793393,0.13843504667783568,7.873377635850888
PerplexDEW (Davies),isobar,2.0,608.3333333333333,0.1589898266832229,0.008058203064385878,0.1420253492188854,7.9512303659648165
PerplexDEW (Davies),isobar,2.0,613.8888888888889,0.16301429160607514,0.008268462466029464,0.14564138652299186,8.027275441027012
PerplexDEW (Davies),isobar,2.0,619.4444444444445,0.16706533763536294,0.008478268264110762,0.1492821438521703,8.101478544794604
PerplexDEW (Davies),isobar,2.0,625.0,0.17114232573878466,0.008687541474700522,0.15294711422806345,8.173823041398899
PerplexDEW (Davies),isobar,2.0,630.5555555555555,0.17524418964744332,0.008896178985209132,0.1566354032343037,8.24428102938667
PerplexDEW (Davies),isobar,2.0,636.1111111111111,0.17937017114934367,0.009104113675965442,0.16034640003615366,8.31283504606811
PerplexDEW (Davies),isobar,2.0,641.6666666666666,0.18351986464768388,0.009311319078430094,0.164079817960748,8.37947911215591
PerplexDEW (Davies),isobar,2.0,647.2222222222222,0.18769286534815768,0.009517781002835362,0.16783537314549524,8.444208471828125
PerplexDEW (Davies),isobar,2.0,652.7777777777778,0.19188854116060494,0.009723478644198357,0.1716125760517015,8.507013233034636
PerplexDEW (Davies),isobar,2.0,658.3333333333333,0.1961068267084423,0.009928450826980994,0.1754114561863951,8.567900931433927
PerplexDEW (Davies),isobar,2.0,663.8888888888889,0.2003474222461279,0.010132729551506764,0.17923183046691787,8.626873743007101
PerplexDEW (Davies),isobar,2.0,669.4444444444443,0.2046106440270379,0.01033641123156099,0.18307407938998388,8.683952316359496
PerplexDEW (Davies),isobar,2.0,675.0,0.20889632927811455,0.010539564787453128,0.18693814695052888,8.739145136160106
PerplexDEW (Davies),isobar,2.0,680.5555555555555,0.21320470629067553,0.01074230452055386,0.19082433480866862,8.792472791009082
PerplexDEW (Davies),isobar,2.0,686.1111111111111,0.21753593767066381,0.010944751472337852,0.19473288497641145,8.843955250984429
PerplexDEW (Davies),isobar,2.0,691.6666666666666,0.22189034838214736,0.011147052362706748,0.1986641877543605,8.893618108965716
PerplexDEW (Davies),isobar,2.0,697.2222222222222,0.22626870117971448,0.011349402680436816,0.2026190329132045,8.941499849562307
PerplexDEW (Davies),isobar,2.0,702.7777777777777,0.23067086232205808,0.011551932869608227,0.20659739121433468,8.98761589207142
PerplexDEW (Davies),isobar,2.0,708.3333333333333,0.2350979210708872,0.01175488787752519,0.21060034923290402,9.032015520692159
PerplexDEW (Davies),isobar,2.0,713.8888888888889,0.23955030878941697,0.01195846674079318,0.2146283918477974,9.074731299113465
PerplexDEW (Davies),isobar,2.0,719.4444444444445,0.24402858321849763,0.012162888594170152,0.21868211803951934,9.115800123388217
PerplexDEW (Davies),isobar,2.0,725.0,0.24853343281906234,0.01236839241159364,0.2227622446068741,9.155263194190093
PerplexDEW (Davies),isobar,4.35,592.5,0.23849617957696728,0.014781174943163757,0.21484483208258065,9.837813451108117
PerplexDEW (Davies),isobar,4.35,594.1666666666666,0.24105728798085566,0.01497944070631442,0.21717369783891038,9.863195937995776
PerplexDEW (Davies),isobar,4.35,595.8333333333334,0.24363727630768206,0.015179619469043268,0.21951997809936427,9.888669765692297
PerplexDEW (Davies),isobar,4.35,597.5,0.24623629988389945,0.01538172930993669,0.2218838175180306,9.914236919304697
PerplexDEW (Davies),isobar,4.35,599.1666666666666,0.24885430758180338,0.01558577031020721,0.2242651713139271,9.93989701815361
PerplexDEW (Davies),isobar,4.35,600.8333333333334,0.2514914208037083,0.015791757600802498,0.22666415305175808,9.965651701252975
PerplexDEW (Davies),isobar,4.35,602.5,0.2541476919627298,0.01599970028036753,0.22908081295515348,9.991501832052279
PerplexDEW (Davies),isobar,4.35,604.1666666666666,0.2568231731140791,0.016209607395849524,0.23151520089886962,10.000005778881183
PerplexDEW (Davies),isobar,4.35,605.8333333333334,0.2595179159613733,0.016421487941759478,0.23396736641369376,10.000005751130544
PerplexDEW (Davies),isobar,4.35,607.5,0.2622319718629854,0.01663535085943078,0.2364373586914384,10.00000572338681
PerplexDEW (Davies),isobar,4.35,609.1666666666666,0.2649653918388055,0.016851205036294035,0.23892522659024112,10.000005695652323
PerplexDEW (Davies),isobar,4.35,610.8333333333334,0.2677182265771311,0.01706905930516387,0.24143101864005181,10.000005667929448
PerplexDEW (Davies),isobar,4.35,612.5,0.27049056547424183,0.017288925959124443,0.2439548189039499,10.000005640222511
PerplexDEW (Davies),isobar,4.35,614.1666666666666,0.27328242054365537,0.017510810316629478,0.24649664034067179,10.000005612531936
PerplexDEW (Davies),isobar,4.35,615.8333333333334,0.27609388157516146,0.01773472467348452,0.2490565673290234,10.0000055848621
PerplexDEW (Davies),isobar,4.35,617.5,0.2789249995504367,0.01796067781243395,0.25163464857417084,10.00000555721543
PerplexDEW (Davies),isobar,4.35,619.1666666666666,0.2817757841279446,0.018188674717526436,0.25423089478199024,10.000005529592448
PerplexDEW (Davies),isobar,4.35,620.8333333333334,0.28464640896064375,0.018418735298810655,0.2568454673231402,10.000005502001441
PerplexDEW (Davies),isobar,4.35,622.5,0.287536758979111,0.018650853077035005,0.25947826222813075,10.0000054744372
PerplexDEW (Davies),isobar,4.35,624.1666666666666,0.29044700892020375,0.018885048029640666,0.26212944181228004,10.000005446908066
PerplexDEW (Davies),isobar,4.35,625.8333333333334,0.2933771669669541,0.01912132486120047,0.2647990153031569,10.000005419414688
PerplexDEW (Davies),isobar,4.35,627.5,0.29632732638846876,0.019359696072526723,0.2674870700985219,10.000005391961594
PerplexDEW (Davies),isobar,4.35,629.1666666666666,0.29929753817418864,0.01960017024787555,0.27019365470708256,10.00000536455143
PerplexDEW (Davies),isobar,4.35,630.8333333333334,0.3022878083330697,0.019842751743561076,0.2729187762509906,10.000005337184989
PerplexDEW (Davies),isobar,4.35,632.5,0.3052982312458123,0.020087453083843045,0.27566252305687333,10.000005309866905
PerplexDEW (Davies),isobar,4.35,634.1666666666666,0.3083288574360679,0.02033428269083223,0.2784249431013578,10.000005282599956
PerplexDEW (Davies),isobar,4.35,635.8333333333334,0.3113797373005582,0.02058324893252962,0.28120608420797855,10.000005255386972
PerplexDEW (Davies),isobar,4.35,637.5,0.31445092112086137,0.02083436012243647,0.284005994057125,10.000005228230837
PerplexDEW (Davies),isobar,4.35,639.1666666666666,0.31754245907547274,0.02108762451918401,0.2868247201962079,10.000005201134485
PerplexDEW (Davies),isobar,4.35,640.8333333333334,0.3206544495128011,0.021343054900131674,0.2896623544357551,10.000005174102782
PerplexDEW (Davies),isobar,4.35,642.5,0.32378689536980626,0.021600654977743262,0.2925189008012523,10.000005147136912
PerplexDEW (Davies),isobar,4.35,644.1666666666666,0.326939846608598,0.021860432846416693,0.29539440652127613,10.000005120240013
PerplexDEW (Davies),isobar,4.35,645.8333333333334,0.33011340320005644,0.022122401328687858,0.2982889647842134,10.000005093417123
PerplexDEW (Davies),isobar,4.35,647.5,0.33330761685203236,0.022386568621637834,0.3012026243480579,10.000005066671497
PerplexDEW (Davies),isobar,4.35,649.1666666666666,0.33652253928403697,0.022652942870640236,0.3041354339381061,10.000005040006476
PerplexDEW (Davies),isobar,4.35,650.8333333333334,0.33975822224162583,0.022921532169160378,0.3070874422592,10.000005013425488
PerplexDEW (Davies),isobar,4.35,652.5,0.3430146649635598,0.023192339482035113,0.3100586496607834,10.000004986930232
PerplexDEW (Davies),isobar,4.35,654.1666666666666,0.3462920237486741,0.023465382876259336,0.3130492009504348,10.000004960527948
PerplexDEW (Davies),isobar,4.35,655.8333333333334,0.34959035242089004,0.023740670514111283,0.316059146614437,10.00000493422231
PerplexDEW (Davies),isobar,4.35,657.5,0.35290959597096594,0.024018199901114118,0.31908843694118766,10.00000490801354
PerplexDEW (Davies),isobar,4.35,659.1666666666666,0.3562499148178259,0.024297989403035916,0.3221372204006091,10.000004881909147
PerplexDEW (Davies),isobar,4.35,660.8333333333334,0.35961136316732056,0.02458004703474264,0.3252055476838798,10.000004855913147
PerplexDEW (Davies),isobar,4.35,662.5,0.3629938824599867,0.024864369681945803,0.3282933656483921,10.000004830026143
PerplexDEW (Davies),isobar,4.35,664.1666666666666,0.366397751786876,0.02515098726693371,0.331400931850668,10.000004804259504
PerplexDEW (Davies),isobar,4.35,665.8333333333334,0.3698227986660072,0.025439885334186778,0.33452808819126734,10.000004778610572
PerplexDEW (Davies),isobar,4.35,667.5,0.3732692495135426,0.02573108857003823,0.3376750436537091,10.00000475308919
PerplexDEW (Davies),isobar,4.35,669.1666666666666,0.37673710240343244,0.026024599128075535,0.3408417970039723,10.000004727698293
PerplexDEW (Davies),isobar,4.35,670.8333333333334,0.38022635289271944,0.026320418783425878,0.34402834462720533,10.000004702441025
PerplexDEW (Davies),isobar,4.35,672.5,0.38373723650298047,0.026618573073966218,0.34723490375002075,10.000004677327613
PerplexDEW (Davies),isobar,4.35,674.1666666666666,0.3872696295198725,0.02691905177552189,0.3504613608505305,10.000004652358067
PerplexDEW (Davies),isobar,4.35,675.8333333333334,0.3908236482301616,0.027221868426905386,0.35370782328025646,10.000004627539518
PerplexDEW (Davies),isobar,4.35,677.5,0.3943994749532741,0.027527043164799325,0.35697445913499026,10.000004602880969
PerplexDEW (Davies),isobar,4.35,679.1666666666666,0.3979970440776171,0.027834571240498474,0.36026120819464796,10.00000457838478
PerplexDEW (Davies),isobar,4.35,680.8333333333334,0.40161641306649404,0.028144460106170013,0.3635681234831537,10.000004554056963
PerplexDEW (Davies),isobar,4.35,682.5,0.40525776988354034,0.028456730304245684,0.366895378123429,10.00000452990714
PerplexDEW (Davies),isobar,4.35,684.1666666666666,0.40892097991573295,0.028771369765472843,0.37024284816471714,10.000004505936701
PerplexDEW (Davies),isobar,4.35,685.8333333333334,0.4126062993560186,0.0290884057902226,0.3736107694335268,10.000004482157419
PerplexDEW (Davies),isobar,4.35,687.5,0.416313724672948,0.029407839366416354,0.3769991385476495,10.000004458574582
PerplexDEW (Davies),isobar,4.35,689.1666666666666,0.4200433179070647,0.02972967801107977,0.3804080124366572,10.000004435195441
PerplexDEW (Davies),isobar,4.35,690.8333333333334,0.42379514163692544,0.030053929202470363,0.38383744846016526,10.000004412027542
PerplexDEW (Davies),isobar,4.35,692.5,0.4275692590003703,0.030380600380467814,0.3872875044265879,10.000004389078722
PerplexDEW (Davies),isobar,4.35,694.1666666666666,0.4313658042771233,0.03070970617907692,0.39075830359353736,10.00000436635879
PerplexDEW (Davies),isobar,4.35,695.8333333333334,0.43518484424429693,0.03104125425936846,0.3942499069897911,10.000004343876224
PerplexDEW (Davies),isobar,4.35,697.5,0.43902630193962555,0.03137523738969314,0.39776224319742376,10.000004321636611
PerplexDEW (Davies),isobar,4.35,699.1666666666666,0.4428903865835039,0.031711677627859036,0.40129550428626437,10.000004299652428
PerplexDEW (Davies),isobar,4.35,700.8333333333334,0.4467771669936421,0.032050582537664365,0.40484975295544756,10.00000427793326
PerplexDEW (Davies),isobar,4.35,702.5,0.45068671273067923,0.03239195965365914,0.40842505251706734,10.000004256489097
PerplexDEW (Davies),isobar,4.35,704.1666666666666,0.4546190941217243,0.03273581648174512,0.41202146691700436,10.000004235330357
PerplexDEW (Davies),isobar,4.35,705.8333333333334,0.4585742293464781,0.03308214460705635,0.41563891989827684,10.000004214464745
PerplexDEW (Davies),isobar,4.35,707.5,0.4625524944551577,0.033430983052997146,0.41927775683464186,10.000004193909929
PerplexDEW (Davies),isobar,4.35,709.1666666666666,0.4665537327843596,0.033782315400966656,0.4229378323898684,10.000004173672993
PerplexDEW (Davies),isobar,4.35,710.8333333333334,0.4705780944088887,0.03413615699180541,0.4266192836631637,10.000004153767843
PerplexDEW (Davies),isobar,4.35,712.5,0.4746257338592699,0.03449252357269471,0.4303222517833723,10.000004134208888
PerplexDEW (Davies),isobar,4.35,714.1666666666666,0.47869664833266923,0.034851414331372385,0.43404673289361334,10.000004115008002
PerplexDEW (Davies),isobar,4.35,715.8333333333334,0.48279091419849135,0.03521283659176247,0.43779279597974674,10.000004096179198
PerplexDEW (Davies),isobar,4.35,717.5,0.4869086087883011,0.035576797654704465,0.4415605108359447,10.00000407773711
PerplexDEW (Davies),isobar,4.35,719.1666666666666,0.4910499779310803,0.03594332245366319,0.44535010236946254,10.000004059700043
PerplexDEW (Davies),isobar,4.35,720.8333333333334,0.4952147678454363,0.03631238316616313,0.4491613352507825,10.000004042077869
PerplexDEW (Davies),isobar,4.35,722.5,0.4994033958678421,0.036684022573337687,0.4529945921907499,10.000004024893286
PerplexDEW (Davies),isobar,4.35,724.1666666666667,0.5036159492723956,0.037058248596483934,0.45684995181926,10.000004008163629
PerplexDEW (Davies),isobar,4.35,725.8333333333334,0.5078522536597904,0.03743504126691095,0.4607272516816294,10.000003991902569
PerplexDEW (Davies),isobar,4.35,727.5,0.512112567056857,0.03781442624841174,0.4646267275122602,10.000003976132037
PerplexDEW (Davies),isobar,4.35,729.1666666666667,0.516396977352523,0.038196411076887316,0.4685484582620536,10.000003960871823
PerplexDEW (Davies),isobar,4.35,730.8333333333334,0.5207055736689664,0.03858100327920923,0.4724925239340661,10.000003946142582
PerplexDEW (Davies),isobar,4.35,732.5,0.5250384463894093,0.03896821037424821,0.4764590056085374,10.0000039319659
PerplexDEW (Davies),isobar,4.35,734.1666666666667,0.52939568718616,0.03935803987393448,0.4804479854680631,10.000003918364317
PerplexDEW (Davies),isobar,4.35,735.8333333333334,0.5337773890488197,0.03975049928433035,0.48445954682303216,10.000003905361389
PerplexDEW (Davies),isobar,4.35,737.5,0.5381836463125711,0.04014559610672852,0.48849377413717976,10.000003892981702
PerplexDEW (Davies),isobar,4.35,739.1666666666667,0.5426146505607462,0.04054334812493045,0.49255084134058996,10.000003881252361
PerplexDEW (Davies),isobar,4.35,740.8333333333334,0.5470703082381237,0.040943742391085745,0.4966306596990673,10.000003870197375
PerplexDEW (Davies),isobar,4.35,742.5,0.5515509107396219,0.0413468071030532,0.5007334948789515,10.000003859847585
PerplexDEW (Davies),isobar,4.35,744.1666666666667,0.5560565613799496,0.04175255014977278,0.5048594392560227,10.000003850232234
PerplexDEW (Davies),isobar,4.35,745.8333333333334,0.5605872647706303,0.04216096861794986,0.5090084942343021,10.000003841380511
PerplexDEW (Davies),isobar,4.35,747.5,0.5651432253885422,0.04257208095706498,0.5131808451622878,10.000003833325712
PerplexDEW (Davies),isobar,4.35,749.1666666666667,0.5697244487571427,0.042985884001245755,0.5173764941101455,10.00000382609982
PerplexDEW (Davies),isobar,4.35,750.8333333333334,0.5743310411291811,0.0434023852672625,0.5215955358088595,10.000003819737673
PerplexDEW (Davies),isobar,4.35,752.5,0.5789632152123639,0.043821603633356826,0.5258381629048299,10.00000381427699
PerplexDEW (Davies),isobar,4.35,754.1666666666667,0.5836210840386682,0.04424354704794381,0.530104476177911,10.000003809755729
PerplexDEW (Davies),isobar,4.35,755.8333333333334,0.5883047623870457,0.0446682234760134,0.5343945779238886,10.000003806213536
PerplexDEW (Davies),isobar,4.35,757.5,0.5930142584036234,0.045095629123542674,0.5387084721895843,10.000003803690513
PerplexDEW (Davies),isobar,5.0,485.0,0.11662812786850063,0.005957195475730594,0.10439389475886715,7.42784326057574
PerplexDEW (Davies),isobar,5.0,488.3333333333333,0.11980019518932869,0.006166894400335383,0.10725957101867357,7.524098813283338
PerplexDEW (Davies),isobar,5.0,491.6666666666667,0.12303697606728294,0.006382312235565917,0.11018446570986354,7.621064103475284
PerplexDEW (Davies),isobar,5.0,495.0,0.12633922085292337,0.006603551999827042,0.11316928479548582,7.718742271111089
PerplexDEW (Davies),isobar,5.0,498.3333333333333,0.1297076920099215,0.006830718264376223,0.11621474562378958,7.817137325265744
PerplexDEW (Davies),isobar,5.0,501.6666666666667,0.13314312039237744,0.007063914133078076,0.11932153703780221,7.9162528008716215
PerplexDEW (Davies),isobar,5.0,505.0,0.13664624787035712,0.007303244139199412,0.12249035822968382,8.016093129270391
PerplexDEW (Davies),isobar,5.0,508.3333333333333,0.1402178132791798,0.007548813275655111,0.1257219059157062,8.1166632194446
PerplexDEW (Davies),isobar,5.0,511.6666666666667,0.14385856908383896,0.007800728175909822,0.1290168895382386,8.217968985470351
PerplexDEW (Davies),isobar,5.0,515.0,0.14756923209586928,0.008059093579291304,0.13237598625314922,8.320015885368102
PerplexDEW (Davies),isobar,5.0,518.3333333333334,0.15135053166691187,0.008324015732090352,0.13579988490626793,8.422810412839626
PerplexDEW (Davies),isobar,5.0,521.6666666666666,0.1552031755876426,0.008595599904159005,0.13928925486974414,8.5263591062002
PerplexDEW (Davies),isobar,5.0,525.0,0.1591279227052292,0.0088739557162076,0.14284481238308339,8.630670707559027
PerplexDEW (Davies),isobar,5.0,528.3333333333334,0.1631254747604049,0.009159189173804996,0.1464672216977681,8.735753010036426
PerplexDEW (Davies),isobar,5.0,531.6666666666666,0.16719654797724218,0.009451407893999458,0.15015716046930416,8.841614995590188
PerplexDEW (Davies),isobar,5.0,535.0,0.1713418347789741,0.00975071821646352,0.15391528473420446,8.948265755646426
PerplexDEW (Davies),isobar,5.0,538.3333333333334,0.175562064281368,0.010057229774697985,0.1577422842173116,9.055716247380088
PerplexDEW (Davies),isobar,5.0,541.6666666666666,0.17985794306146152,0.01037105099975361,0.16163882814273905,9.163977622363046
PerplexDEW (Davies),isobar,5.0,545.0,0.1842301522567843,0.010692288805486273,0.16560556253338793,9.273061193524532
PerplexDEW (Davies),isobar,5.0,548.3333333333334,0.18867939050988214,0.011021051882232336,0.1696431494845964,9.36602509451989
PerplexDEW (Davies),isobar,5.0,551.6666666666666,0.19320637721810044,0.011357450994421201,0.17375227013663974,9.415845157992079
PerplexDEW (Davies),isobar,5.0,555.0,0.19781178299544763,0.011701593447354577,0.1779335609714415,9.466056844006975
PerplexDEW (Davies),isobar,5.0,558.3333333333334,0.2024962982286947,0.012053588456082984,0.18218767655301082,9.516666630957097
PerplexDEW (Davies),isobar,5.0,561.6666666666666,0.20726061088776718,0.012413545377159633,0.1865152691859044,9.567681405716534
PerplexDEW (Davies),isobar,5.0,565.0,0.2121053802942206,0.012781571521601622,0.19091696484053694,9.619108164626676
PerplexDEW (Davies),isobar,5.0,568.3333333333334,0.21703131523115304,0.013157778504495243,0.19539343471170273,9.670954957815072
PerplexDEW (Davies),isobar,5.0,571.6666666666666,0.22203909775241026,0.01354227601713208,0.19994532536705495,9.723229990269138
PerplexDEW (Davies),isobar,5.0,575.0,0.22712935111538307,0.013935169017133316,0.20457322927777066,9.775941265071973
PerplexDEW (Davies),isobar,5.0,578.3333333333334,0.23230280912613874,0.014336571849105714,0.2092778400899203,9.829098588638614
PerplexDEW (Davies),isobar,5.0,581.6666666666666,0.2375600899331461,0.01474658926204132,0.2140597451291587,9.882710923276155
PerplexDEW (Davies),isobar,5.0,585.0,0.24290192914489392,0.01516533603710618,0.21891963920746643,9.936789130402776
PerplexDEW (Davies),isobar,5.0,588.3333333333334,0.2483289092209835,0.015592913897538535,0.22385807628970344,9.991342827388918
PerplexDEW (Davies),isobar,5.0,591.6666666666666,0.253841766756357,0.016029437767168146,0.22887575144188368,10.000006703877359
PerplexDEW (Davies),isobar,5.0,595.0,0.25944114495133724,0.016475014478087482,0.2339732736242751,10.000006650566519
PerplexDEW (Davies),isobar,5.0,598.3333333333334,0.2651277192993384,0.016929753539186524,0.2391512810078409,10.000006597077576
PerplexDEW (Davies),isobar,5.0,601.6666666666666,0.2709021670176544,0.017393764461954758,0.24441041287819754,10.00000654343011
PerplexDEW (Davies),isobar,5.0,605.0,0.27676509482315337,0.017867150241474904,0.2497512432372545,10.00000648963947
PerplexDEW (Davies),isobar,5.0,608.3333333333334,0.28271725407235465,0.018350026478369884,0.25517447839621166,10.000006435729844
PerplexDEW (Davies),isobar,5.0,611.6666666666666,0.2887592538978173,0.018842495717838356,0.2606806933974242,10.000006381716938
PerplexDEW (Davies),isobar,5.0,615.0,0.294891817582599,0.019344670372288406,0.2662705675178114,10.000006327623137
PerplexDEW (Davies),isobar,5.0,618.3333333333334,0.3011156367619751,0.019856659586122313,0.2719447502649135,10.000006273468896
PerplexDEW (Davies),isobar,5.0,621.6666666666667,0.3074313258431521,0.02037856485118194,0.27770381939284183,10.000006219270707
PerplexDEW (Davies),isobar,5.0,625.0,0.31383962427109907,0.02091049852532014,0.283548466801682,10.000006165051792
PerplexDEW (Davies),isobar,5.0,628.3333333333334,0.32034119563201513,0.02145256529902063,0.28947931379625913,10.000006110831487
PerplexDEW (Davies),isobar,5.0,631.6666666666667,0.3269367960830165,0.02200487775310149,0.2954970659116587,10.000006056633774
PerplexDEW (Davies),isobar,5.0,635.0,0.3336270576730085,0.022567535996723058,0.30160231357454426,10.000006002476836
PerplexDEW (Davies),isobar,5.0,638.3333333333334,0.34041270661718415,0.02314064802288248,0.3077957328018601,10.000005948383604
PerplexDEW (Davies),isobar,5.0,641.6666666666667,0.34729447944545144,0.023724321830478377,0.31407800803640595,10.000005894377653
PerplexDEW (Davies),isobar,5.0,645.0,0.35427312401913186,0.024318665441261555,0.3204498330261255,10.000005840483215
PerplexDEW (Davies),isobar,5.0,648.3333333333334,0.3613494005931895,0.024923786918863846,0.32691191174413914,10.000005786725326
PerplexDEW (Davies),isobar,5.0,651.6666666666667,0.3685239794906224,0.02553978431081712,0.3334648641404889,10.00000573312585
PerplexDEW (Davies),isobar,5.0,655.0,0.3757976944600806,0.0261667701094415,0.34010945927136693,10.000005679713752
PerplexDEW (Davies),isobar,5.0,658.3333333333334,0.3831712914079036,0.026804846803694646,0.34684638397300765,10.000005626515073
PerplexDEW (Davies),isobar,5.0,661.6666666666667,0.3906455834890273,0.027454121869079057,0.35367638555467285,10.000005573559106
PerplexDEW (Davies),isobar,5.0,665.0,0.39822140193217315,0.028114702905613267,0.360600226475675,10.000005520876512
PerplexDEW (Davies),isobar,5.0,668.3333333333334,0.40589948062908043,0.02878668599598336,0.3676185780018063,10.000005468495559
PerplexDEW (Davies),isobar,5.0,671.6666666666667,0.41368068252829837,0.029470178061523418,0.3747322285989836,10.00000541645022
PerplexDEW (Davies),isobar,5.0,675.0,0.4215659537192031,0.0301652923848691,0.3819420416147511,10.000005364778294
PerplexDEW (Davies),isobar,5.0,678.3333333333334,0.4295561441493034,0.03087213045880996,0.38924879009882524,10.000005313515775
PerplexDEW (Davies),isobar,5.0,681.6666666666667,0.43765205860713524,0.03159078678357117,0.39665320366506274,10.000005262699093
PerplexDEW (Davies),isobar,5.0,685.0,0.44585471339863436,0.032321374856251486,0.4041562048421804,10.000005212373075
PerplexDEW (Davies),isobar,5.0,688.3333333333334,0.4541650915744867,0.03306400231304601,0.4117586835662801,10.000005162583435
PerplexDEW (Davies),isobar,5.0,691.6666666666667,0.4625840679466577,0.033818762926531874,0.419461428025781,10.00000511337526
PerplexDEW (Davies),isobar,5.0,695.0,0.47111267684636576,0.03458576392494763,0.42726537123247743,10.000005064800924
PerplexDEW (Davies),isobar,5.0,698.3333333333334,0.4797520577641061,0.03536512047743191,0.4351715408861182,10.000005016918458
PerplexDEW (Davies),isobar,5.0,701.6666666666667,0.4885030957354245,0.03615691815108186,0.4431807280263282,10.000004969782681
PerplexDEW (Davies),isobar,5.0,705.0,0.4973669947012201,0.036961272284592006,0.4512940151326667,10.000004923460475
PerplexDEW (Davies),isobar,5.0,708.3333333333334,0.5063448488534822,0.03777828331198143,0.4595123811798075,10.000004878020107
PerplexDEW (Davies),isobar,5.0,711.6666666666667,0.5154378649403059,0.03860805979249416,0.46783690634727065,10.000004833537254
PerplexDEW (Davies),isobar,5.0,715.0,0.5246472107924127,0.03945070235097271,0.4762686324108434,10.000004790091916
PerplexDEW (Davies),isobar,5.0,718.3333333333334,0.5339740911088873,0.04030631142866282,0.4848086324837697,10.00000474777083
PerplexDEW (Davies),isobar,5.0,721.6666666666667,0.5434198344485245,0.04117499638196523,0.4934580910667011,10.000004706669879
PerplexDEW (Davies),isobar,5.0,725.0,0.5529858179568821,0.04205686739954708,0.5022182346276864,10.00000466689295
PerplexDEW (Davies),isobar,5.0,728.3333333333334,0.5626732912496788,0.04295201645910443,0.5110901693321367,10.000004628549272
PerplexDEW (Davies),isobar,5.0,731.6666666666667,0.572483723209489,0.04386055414687759,0.5200752003700606,10.00000459176119
PerplexDEW (Davies),isobar,5.0,735.0,0.5824186380598593,0.044782592066365416,0.5291746808841036,10.000004556661533
PerplexDEW (Davies),isobar,5.0,738.3333333333334,0.5924795222299244,0.04571823259699916,0.5383899261386522,10.000004523392889
PerplexDEW (Davies),isobar,5.0,741.6666666666667,0.6026679136871058,0.04666757824899691,0.5477222957199306,10.000004492110403
PerplexDEW (Davies),isobar,5.0,745.0,0.6129854041324232,0.04763073170568592,0.5571731954844563,10.000004462982897
PerplexDEW (Davies),isobar,5.0,748.3333333333334,0.6234338465466497,0.04860781815714365,0.5667442685027859,10.000004436197326
PerplexDEW (Davies),isobar,5.0,751.6666666666667,0.6340147512931661,0.04959891961100305,0.5764368391372565,10.000004411950343
PerplexDEW (Davies),isobar,5.0,755.0,0.6447302080019551,0.05060417472668655,0.5862527614402495,10.000004390464296
PerplexDEW (Davies),isobar,5.0,758.3333333333334,0.6555818493644472,0.0516236660117223,0.5961934654749426,10.000004371972732
PerplexDEW (Davies),isobar,5.0,761.6666666666667,0.6665718047112985,0.05265752333598259,0.6062608347092813,10.000004356736387
PerplexDEW (Davies),isobar,5.0,765.0,0.6777019470103727,0.05370584168641605,0.6164565131322901,10.000004345033977
PerplexDEW (Davies),isobar,5.0,768.3333333333334,0.6889743282087378,0.0547687283773925,0.6267823057226356,10.000004337170445
PerplexDEW (Davies),isobar,5.0,771.6666666666667,0.7003914372305221,0.05584633112272296,0.6372404154610877,10.000004333481908
PerplexDEW (Davies),isobar,5.0,775.0,0.7119551313277269,0.05693872087334011,0.6478324607435939,10.000004334324547
PerplexDEW (Davies),isobar,5.0,778.3333333333334,0.7236679472010419,0.05804603502077759,0.6585606807509461,10.00000434009342
PerplexDEW (Davies),isobar,5.0,781.6666666666667,0.7355322685901365,0.05916838607228661,0.6694271700781664,10.000004351214727
PerplexDEW (Davies),isobar,5.0,785.0,0.7475504325150114,0.06030587300905538,0.6804339764843802,10.000004368150256
PerplexDEW (Davies),isobar,5.0,788.3333333333334,0.7597253972766993,0.06145865420964466,0.691583714340629,10.000004391407305
PerplexDEW (Davies),isobar,5.0,791.6666666666667,0.7720594155273519,0.06262680185194032,0.7028783458677679,10.000004421528311
PerplexDEW (Davies),isobar,5.0,795.0,0.784555653196237,0.06381047894459844,0.714320667738149,10.000004459110617
PerplexDEW (Davies),isobar,5.0,798.3333333333334,0.7972166842175685,0.06500977426557927,0.7259129289807253,10.000004504795688
PerplexDEW (Davies),isobar,5.0,801.6666666666667,0.8100457568382075,0.06622484065071485,0.7376579932385816,10.000004559284895
PerplexDEW (Davies),isobar,5.0,805.0,0.8230457931042934,0.0674557853113724,0.7495584205727909,10.000004623335041
PerplexDEW (Davies),isobar,5.0,808.3333333333334,0.836220124722822,0.0687027499555202,0.761617142492794,10.000004697769326
PerplexDEW (Davies),isobar,5.0,811.6666666666667,0.849571889148103,0.06996584464072195,0.7738369080991132,10.000004783477666
PerplexDEW (Davies),isobar,5.0,815.0,0.8631046555639169,0.07124521567588567,0.7862208578785745,10.00000488142678
PerplexDEW (Davies),isobar,6.5,750.0,0.7404035454768835,0.060618493631017525,0.6740941599611479,10.000005735508338
PerplexDEW (Davies),isobar,6.5,751.010101010101,0.7444584197644656,0.06101359354785228,0.6778065977290628,10.000005723960532
PerplexDEW (Davies),isobar,6.5,752.020202020202,0.7485323670240553,0.0614105992108025,0.6815363572895979,10.000005712548912
PerplexDEW (Davies),isobar,6.5,753.030303030303,0.7526255123157417,0.06180951638438165,0.6852835477518644,10.000005701277091
PerplexDEW (Davies),isobar,6.5,754.040404040404,0.7567379823254239,0.062210350847406594,0.6890482796300794,10.000005690148766
PerplexDEW (Davies),isobar,6.5,755.0505050505051,0.7608699053865388,0.06261310839329035,0.6928306648626041,10.000005679167726
PerplexDEW (Davies),isobar,6.5,756.060606060606,0.7650215212781997,0.0630178067318409,0.6966309176548549,10.000005668339918
PerplexDEW (Davies),isobar,6.5,757.070707070707,0.7691927429958111,0.06342442797551542,0.7004489519789359,10.000005657665188
PerplexDEW (Davies),isobar,6.5,758.0808080808081,0.7733839243689369,0.0638330018594315,0.7042850865973731,10.00000564715174
PerplexDEW (Davies),isobar,6.5,759.0909090909091,0.7775950907917027,0.06424352233859196,0.7081393385389227,10.000005636801683
PerplexDEW (Davies),isobar,6.5,760.10101010101,0.7818263791946399,0.06465599528563644,0.7120118271791513,10.000005626619302
PerplexDEW (Davies),isobar,6.5,761.1111111111111,0.7860780424102916,0.06507043895680487,0.71590277820002,10.000005616611025
PerplexDEW (Davies),isobar,6.5,762.1212121212121,0.790349993615626,0.06548683461857464,0.7198121053700159,10.000005606777261
PerplexDEW (Davies),isobar,6.5,763.1313131313132,0.794642604308915,0.06590521302425542,0.7237401431074608,10.000005597126698
PerplexDEW (Davies),isobar,6.5,764.1414141414141,0.7989559046032046,0.06632556774895298,0.7276869123481443,10.000005587662015
PerplexDEW (Davies),isobar,6.5,765.1515151515151,0.8032900406090475,0.0667479047527345,0.7316525404182167,10.000005578388055
PerplexDEW (Davies),isobar,6.5,766.1616161616162,0.8076451603402891,0.06717223001384584,0.7356371562933994,10.000005569309774
PerplexDEW (Davies),isobar,6.5,767.1717171717172,0.8120215333429399,0.06759856247416893,0.7396410003516039,10.000005560434268
PerplexDEW (Davies),isobar,6.5,768.1818181818181,0.8164191937972747,0.06802689540110933,0.7436640969117806,10.000005551764728
PerplexDEW (Davies),isobar,6.5,769.1919191919192,0.8208382956030214,0.06845723483146221,0.7477065800530611,10.000005543306495
PerplexDEW (Davies),isobar,6.5,770.2020202020202,0.8252789946634639,0.06888958682167667,0.7517685855923258,10.000005535065036
PerplexDEW (Davies),isobar,6.5,771.2121212121212,0.8297415723500347,0.06932397079059405,0.7558503643068379,10.000005527047948
PerplexDEW (Davies),isobar,6.5,772.2222222222222,0.8342260671753299,0.06976037969452487,0.7599519441328968,10.00000551925898
PerplexDEW (Davies),isobar,6.5,773.2323232323232,0.8387326412367436,0.07019881965314534,0.7640734662628308,10.000005511704021
PerplexDEW (Davies),isobar,6.5,774.2424242424242,0.8432614587395681,0.07063929680741164,0.7682150737189236,10.000005504389113
PerplexDEW (Davies),isobar,6.5,775.2525252525253,0.8478128134485213,0.07108183106926129,0.7723770281782546,10.000005497322409
PerplexDEW (Davies),isobar,6.5,776.2626262626262,0.8523867484820782,0.07152641508075469,0.7765593614364434,10.000005490508268
PerplexDEW (Davies),isobar,6.5,777.2727272727273,0.8569834345601774,0.07197305505107154,0.7807622221743018,10.000005483953192
PerplexDEW (Davies),isobar,6.5,778.2828282828283,0.8616030446191122,0.07242175721238749,0.7849857609982531,10.000005477663832
PerplexDEW (Davies),isobar,6.5,779.2929292929293,0.866245885409411,0.0728725419865544,0.789230251007667,10.000005471648967
PerplexDEW (Davies),isobar,6.5,780.3030303030303,0.8709120049375748,0.07332540169846553,0.7934957281076704,10.000005465913626
PerplexDEW (Davies),isobar,6.5,781.3131313131313,0.8756015829877288,0.07378034265389619,0.7977823488576451,10.000005460464978
PerplexDEW (Davies),isobar,6.5,782.3232323232323,0.8803149364622074,0.07423738566902985,0.8020903952873519,10.000005455312296
PerplexDEW (Davies),isobar,6.5,783.3333333333334,0.8850519813481718,0.07469650823631445,0.8064197821286054,10.000005450459248
PerplexDEW (Davies),isobar,6.5,784.3434343434343,0.8898133121880896,0.07515776051938802,0.8107710454172844,10.00000544591931
PerplexDEW (Davies),isobar,6.5,785.3535353535353,0.8945987106376133,0.07562110514815717,0.8151439767024133,10.000005441694624
PerplexDEW (Davies),isobar,6.5,786.3636363636364,0.8994086435691065,0.0760865780731189,0.8195389948382816,10.00000543779711
PerplexDEW (Davies),isobar,6.5,787.3737373737374,0.9042431682564872,0.07655417105851732,0.8239561435552767,10.000005434233158
PerplexDEW (Davies),isobar,6.5,788.3838383838383,0.9091024814700109,0.077023890598147,0.8283955941941366,10.000005431011267
PerplexDEW (Davies),isobar,6.5,789.3939393939394,0.913986925207037,0.07749575846764473,0.832857650864296,10.00000542814204
PerplexDEW (Davies),isobar,6.5,790.4040404040404,0.9188965610030321,0.07796976618922387,0.8373423609076391,10.000005425632512
PerplexDEW (Davies),isobar,6.5,791.4141414141415,0.9238317384213944,0.07844593582419054,0.8418500350914191,10.000005423493704
PerplexDEW (Davies),isobar,6.5,792.4242424242424,0.9287923756945187,0.07892424314094747,0.8463805894992429,10.000005421731238
PerplexDEW (Davies),isobar,6.5,793.4343434343434,0.9337789739570366,0.07940472585524123,0.8509344732962788,10.000005420358463
PerplexDEW (Davies),isobar,6.5,794.4444444444445,0.9387917493807856,0.07988739098630628,0.8555118748283347,10.000005419385197
PerplexDEW (Davies),isobar,6.5,795.4545454545455,0.9438306210795776,0.0803722137137428,0.8601127107518414,10.000005418817821
PerplexDEW (Davies),isobar,6.5,796.4646464646464,0.9488962569027082,0.08085924859287606,0.8647375821609471,10.000005418672195
PerplexDEW (Davies),isobar,6.5,797.4747474747475,0.953988427908693,0.08134845458559027,0.8693862701842863,10.00000541895338
PerplexDEW (Davies),isobar,6.5,798.4848484848485,0.9591076614277612,0.0818398707272429,0.8740592471555304,10.000005419675887
PerplexDEW (Davies),isobar,6.5,799.4949494949495,0.9642540328521925,0.08233348780842133,0.8787565722080515,10.000005420848991
PerplexDEW (Davies),isobar,6.5,800.5050505050505,0.9694277716492047,0.08282931270860881,0.8834784451907434,10.000005422484076
PerplexDEW (Davies),isobar,6.5,801.5151515151515,0.9746292678535544,0.08332736898942425,0.8882252124929579,10.000005424594605
PerplexDEW (Davies),isobar,6.5,802.5252525252525,0.9798586018461569,0.08382764719625017,0.8929969375092155,10.000005427190711
PerplexDEW (Davies),isobar,6.5,803.5353535353536,0.9851161723429778,0.08433017120753163,0.8977939742715654,10.000005430286421
PerplexDEW (Davies),isobar,6.5,804.5454545454545,0.9904020631707317,0.08483493140566385,0.9026163891225102,10.000005433892472
PerplexDEW (Davies),isobar,6.5,805.5555555555555,0.9957165188641824,0.08534193485783292,0.9074643950697264,10.000005438021704
PerplexDEW (Davies),isobar,6.5,806.5656565656566,1.0010599515158236,0.08585120592712961,0.9123383579229145,10.00000544268904
PerplexDEW (Davies),isobar,6.5,807.5757575757576,1.0064324502610738,0.08636273475017212,0.9172383485727337,10.000005447906174
PerplexDEW (Davies),isobar,6.5,808.5858585858585,1.0118344363818588,0.08687654602101748,0.9221647409206778,10.000005453688662
PerplexDEW (Davies),isobar,6.5,809.5959595959596,1.0172660026773324,0.08739262971310553,0.9271176090010682,10.000005460048877
PerplexDEW (Davies),isobar,6.5,810.6060606060606,1.022727409651027,0.08791099309863591,0.9320971797805533,10.0000054670013
PerplexDEW (Davies),isobar,6.5,811.6161616161617,1.028219092742538,0.08843166137802565,0.937103839628594,10.000005474562487
PerplexDEW (Davies),isobar,6.5,812.6262626262626,1.033741150389657,0.08895462427886672,0.9421376674242544,10.000005482745888
PerplexDEW (Davies),isobar,6.5,813.6363636363636,1.0392938531172595,0.08947988920477347,0.9471988989007231,10.000005491567057
PerplexDEW (Davies),isobar,6.5,814.6464646464647,1.0448776510104827,0.09000748187607477,0.9522879333268538,10.000005501043635
PerplexDEW (Davies),isobar,6.5,815.6565656565657,1.0504928260448818,0.09053741017712072,0.9574050165413814,10.000005511191908
PerplexDEW (Davies),isobar,6.5,816.6666666666666,1.0561393052745358,0.09106964497614618,0.9625500708753562,10.000005522025202
PerplexDEW (Davies),isobar,6.5,817.6767676767677,1.0618177300939742,0.09160423079951631,0.9677236695023286,10.000005533563998
PerplexDEW (Davies),isobar,6.5,818.6868686868687,1.0675283932404398,0.09214117568174758,0.9729260676835105,10.000005545825793
PerplexDEW (Davies),isobar,6.5,819.6969696969697,1.0732714071361855,0.09268046877945373,0.9781573563467387,10.000005558826851
PerplexDEW (Davies),isobar,6.5,820.7070707070707,1.07904706709361,0.09322211783216174,0.9834177929291236,10.000005572585552
PerplexDEW (Davies),isobar,6.5,821.7171717171717,1.0848558593945656,0.09376614983002288,0.988707808587232,10.00000558712234
PerplexDEW (Davies),isobar,6.5,822.7272727272727,1.0906979027878734,0.09431255368524609,0.9940274997139429,10.000005602454824
PerplexDEW (Davies),isobar,6.5,823.7373737373738,1.0965736944390923,0.09486135676591921,0.9993773070557398,10.000005618604352
PerplexDEW (Davies),isobar,6.5,824.7474747474747,1.102483357452092,0.09541254782259258,1.0047573307724615,10.00000563558948
PerplexDEW (Davies),isobar,6.5,825.7575757575758,1.1084274001231398,0.09596615460809838,1.0101680214190158,10.000005653432481
PerplexDEW (Davies),isobar,6.5,826.7676767676768,1.1144057542118242,0.09652214582471373,1.015609304932771,10.000005672151328
PerplexDEW (Davies),isobar,6.5,827.7777777777778,1.120419329229137,0.09708058925137535,1.0210819964862403,10.000005691772442
PerplexDEW (Davies),isobar,6.5,828.7878787878788,1.1264680632239017,0.09764145356867218,1.0265860275097558,10.00000571231482
PerplexDEW (Davies),isobar,6.5,829.7979797979798,1.132552286377407,0.09820474701104087,1.032121686015135,10.00000573380118
PerplexDEW (Davies),isobar,6.5,830.8080808080808,1.1386725358966259,0.09877049832276365,1.0376894480377894,10.000005756256309
PerplexDEW (Davies),isobar,6.5,831.8181818181819,1.1448289508632394,0.09933869569144245,1.0432894275888405,10.00000577970245
PerplexDEW (Davies),isobar,6.5,832.8282828282828,1.151022080520011,0.0999093682711255,1.0489221113130824,10.000005804165484
PerplexDEW (Davies),isobar,6.5,833.8383838383838,1.1572520687447818,0.10048250409037912,1.0545876173886057,10.000005829668806
PerplexDEW (Davies),isobar,6.5,834.8484848484849,1.1635192666226701,0.10105811169164038,1.0602862521788574,10.000005856237943
PerplexDEW (Davies),isobar,6.5,835.8585858585859,1.1698242419268787,0.10163622085639727,1.066018518665179,10.000005883900508
PerplexDEW (Davies),isobar,6.5,836.8686868686868,1.1761673602349856,0.10221684069766611,1.0717847360027726,10.000005912683196
PerplexDEW (Davies),isobar,6.5,837.8787878787879,1.1825487753203174,0.10279995892833788,1.0775850309790342,10.00000594261189
PerplexDEW (Davies),isobar,6.5,838.8888888888889,1.1889688558552505,0.10338558435704952,1.0834197254092612,10.000005973714595
PerplexDEW (Davies),isobar,6.5,839.89898989899,1.195428195345639,0.10397374763068253,1.0892893449639316,10.00000600602141
PerplexDEW (Davies),isobar,6.5,840.9090909090909,1.2019269552191083,0.10456443622646042,1.0951940231009543,10.000006039560212
PerplexDEW (Davies),isobar,6.5,841.9191919191919,1.2084657422823115,0.10515768123595465,1.1011342972201308,10.000006074362428
PerplexDEW (Davies),isobar,6.5,842.929292929293,1.2150447232178445,0.10575346998141782,1.1071103053640925,10.000006110457347
PerplexDEW (Davies),isobar,6.5,843.939393939394,1.2216645184307175,0.10635183400731817,1.1131225969255962,10.000006147877782
PerplexDEW (Davies),isobar,6.5,844.9494949494949,1.2283252999631136,0.10695276048206463,1.119171314627355,10.000006186654497
PerplexDEW (Davies),isobar,6.5,845.959595959596,1.2350277021223963,0.10755628141140088,1.1252570201243435,10.000006226821752
PerplexDEW (Davies),isobar,6.5,846.969696969697,1.2417719024155751,0.10816238381110549,1.1313798609157644,10.000006268411846
PerplexDEW (Davies),isobar,6.5,847.9797979797979,1.2485583119228492,0.10877107715365944,1.1375401961160976,10.000006311459241
PerplexDEW (Davies),isobar,6.5,848.989898989899,1.25538758634875,0.10938239415143669,1.1437386062558441,10.000006356000494
PerplexDEW (Davies),isobar,6.5,850.0,1.2622601535287543,0.10999634491281868,1.1499754652406802,10.000006402071632
PerplexDEW (Davies),isobar,7.0,650.0,0.4336119260003137,0.03143025144655608,0.39312938049750984,10.000007631617464
PerplexDEW (Davies),isobar,7.0,651.010101010101,0.4363236594400167,0.03167723887783202,0.39561104609284115,10.000007616501184
PerplexDEW (Davies),isobar,7.0,652.020202020202,0.4390481667400489,0.03192571182901824,0.39810450128196506,10.000007601369504
PerplexDEW (Davies),isobar,7.0,653.030303030303,0.44178539424648405,0.032175665997352984,0.40060969737327495,10.000007586218024
PerplexDEW (Davies),isobar,7.0,654.040404040404,0.4445354906441919,0.03242711709090661,0.4031267704902033,10.000007571052235
PerplexDEW (Davies),isobar,7.0,655.0505050505051,0.4472984532058141,0.032680065771320065,0.40565571725389815,10.000007555870221
PerplexDEW (Davies),isobar,7.0,656.060606060606,0.45007433010765113,0.032934517707363914,0.40819658113910806,10.000007540672541
PerplexDEW (Davies),isobar,7.0,657.070707070707,0.4528631699559082,0.03319047857293605,0.41074940598163234,10.000007525459756
PerplexDEW (Davies),isobar,7.0,658.0808080808081,0.4556650217950129,0.03344795404704536,0.41331423598550787,10.000007510232436
PerplexDEW (Davies),isobar,7.0,659.0909090909091,0.4584799617239018,0.0337069524793042,0.41589114024199997,10.000007494992385
PerplexDEW (Davies),isobar,7.0,660.10101010101,0.4613080134829762,0.033967476941818876,0.41848013957249636,10.000007479738946
PerplexDEW (Davies),isobar,7.0,661.1111111111111,0.4641492544979373,0.03422953584348589,0.4210813042173813,10.000007464473935
PerplexDEW (Davies),isobar,7.0,662.1212121212121,0.4670036818392343,0.03449312948060619,0.42369463035216476,10.000007449195486
PerplexDEW (Davies),isobar,7.0,663.1313131313132,0.4698714011048236,0.03475826901122416,0.42632021409521614,10.000007433906644
PerplexDEW (Davies),isobar,7.0,664.1414141414141,0.47275246477562843,0.03502496022013167,0.42895810259236167,10.000007418608014
PerplexDEW (Davies),isobar,7.0,665.1515151515151,0.475646870174546,0.0352932032715132,0.43160829213289087,10.000007403297754
PerplexDEW (Davies),isobar,7.0,666.1616161616162,0.4785547536836914,0.035563012326793556,0.43427090707982263,10.00000738798014
PerplexDEW (Davies),isobar,7.0,667.1717171717172,0.48147611345645447,0.03583438753630398,0.436945944406358,10.000007372653357
PerplexDEW (Davies),isobar,7.0,668.1818181818181,0.4844110034270996,0.036107334632023674,0.4396334524345009,10.000007357318022
PerplexDEW (Davies),isobar,7.0,669.1919191919192,0.48735947806916174,0.036381859351026606,0.44233347994111627,10.000007341974781
PerplexDEW (Davies),isobar,7.0,670.2020202020202,0.4903216501975351,0.03665797331872888,0.44504612941219895,10.0000073266267
PerplexDEW (Davies),isobar,7.0,671.2121212121212,0.4932974602438265,0.036935670568305934,0.44777134446867395,10.000007311269576
PerplexDEW (Davies),isobar,7.0,672.2222222222222,0.49628710971631873,0.03721497166604592,0.45050930922588434,10.000007295910128
PerplexDEW (Davies),isobar,7.0,673.2323232323232,0.49929056867223887,0.03749587354627344,0.45325999451094146,10.000007280545383
PerplexDEW (Davies),isobar,7.0,674.2424242424242,0.5023078646740208,0.037778378925755855,0.4560234240867367,10.0000072651748
PerplexDEW (Davies),isobar,7.0,675.2525252525253,0.5053391449811023,0.038062502716797564,0.4587997319526148,10.000007249802698
PerplexDEW (Davies),isobar,7.0,676.2626262626262,0.5083844694889911,0.03834825085648931,0.4615889715692499,10.000007234429761
PerplexDEW (Davies),isobar,7.0,677.2727272727273,0.51144377693939,0.03863561677316416,0.46439108472539026,10.00000721905186
PerplexDEW (Davies),isobar,7.0,678.2828282828283,0.5145172484946747,0.03892461871490976,0.4672062365152405,10.00000720367453
PerplexDEW (Davies),isobar,7.0,679.2929292929293,0.5176048841782458,0.039215256270449986,0.47003442509282,10.000007188296072
PerplexDEW (Davies),isobar,7.0,680.3030303030303,0.5207068073944815,0.0395075416618395,0.47287576223909,10.000007172919634
PerplexDEW (Davies),isobar,7.0,681.3131313131313,0.5238229872203588,0.03980147113936576,0.47573021749704314,10.000007157542335
PerplexDEW (Davies),isobar,7.0,682.3232323232323,0.5269535802600296,0.0400970602336547,0.4785979331349538,10.000007142168537
PerplexDEW (Davies),isobar,7.0,683.3333333333334,0.5300985555735928,0.04039430503811642,0.48147887857913213,10.000007126795396
PerplexDEW (Davies),isobar,7.0,684.3434343434343,0.5332580725846658,0.040693221265411986,0.4843731985911657,10.000007111427283
PerplexDEW (Davies),isobar,7.0,685.3535353535353,0.5364321326885652,0.04099380820482608,0.4872808922844778,10.000007096062582
PerplexDEW (Davies),isobar,7.0,686.3636363636364,0.5396208663592337,0.04129607845693527,0.490202077640996,10.000007080704483
PerplexDEW (Davies),isobar,7.0,687.3737373737374,0.5428242755236552,0.041600031208780565,0.49313675415718544,10.000007065351403
PerplexDEW (Davies),isobar,7.0,688.3838383838383,0.5460424931444431,0.04190567919112433,0.4960850419973083,10.000007050006543
PerplexDEW (Davies),isobar,7.0,689.3939393939394,0.549275455109053,0.04221301454184221,0.4990468797084426,10.000007034665968
PerplexDEW (Davies),isobar,7.0,690.4040404040404,0.552523429653685,0.04252206395488453,0.5020225119649928,10.000007019337673
PerplexDEW (Davies),isobar,7.0,691.4141414141415,0.5557862861577254,0.042832812456807444,0.5050118159312994,10.000007004015375
PerplexDEW (Davies),isobar,7.0,692.4242424242424,0.5590642293612936,0.04314527998866428,0.5080149776673506,10.000006988704712
PerplexDEW (Davies),isobar,7.0,693.4343434343434,0.5623573316322591,0.04345947260885878,0.5110320612241466,10.00000697340656
PerplexDEW (Davies),isobar,7.0,694.4444444444445,0.5656655970538814,0.04377538913496121,0.5140630676898029,10.000006958119458
PerplexDEW (Davies),isobar,7.0,695.4545454545455,0.5689890981705479,0.04409303545637736,0.5171080611613895,10.000006942844328
PerplexDEW (Davies),isobar,7.0,696.4646464646464,0.5723279785761024,0.04441242484240812,0.5201671711226146,10.000006927584469
PerplexDEW (Davies),isobar,7.0,697.4747474747475,0.5756823141380087,0.04473356338337753,0.5232404646049995,10.000006912340826
PerplexDEW (Davies),isobar,7.0,698.4848484848485,0.5790520747768999,0.04505644592847179,0.5263279109883165,10.000006897110833
PerplexDEW (Davies),isobar,7.0,699.4949494949495,0.5824374434701203,0.04538108964453563,0.5294296758424141,10.00000688189901
PerplexDEW (Davies),isobar,7.0,700.5050505050505,0.5858384627062597,0.04570749683279535,0.5325457952640882,10.000006866705183
PerplexDEW (Davies),isobar,7.0,701.5151515151515,0.5892551748505693,0.04603566967437149,0.5356763051747941,10.000006851529207
PerplexDEW (Davies),isobar,7.0,702.5252525252525,0.5926877322518685,0.046365621864564034,0.5388213427304023,10.00000683637447
PerplexDEW (Davies),isobar,7.0,703.5353535353536,0.5961361425154715,0.04669735172120536,0.5419809117056276,10.000006821239678
PerplexDEW (Davies),isobar,7.0,704.5454545454545,0.5996005610657759,0.04703087308585277,0.5451551519511649,10.00000680612826
PerplexDEW (Davies),isobar,7.0,705.5555555555555,0.6030809964162566,0.0473661841616872,0.5483440679462128,10.000006791038983
PerplexDEW (Davies),isobar,7.0,706.5656565656566,0.6065776071488225,0.04770329893872813,0.5515478023078735,10.000006775975303
PerplexDEW (Davies),isobar,7.0,707.5757575757576,0.6100904027328289,0.04804221550416755,0.5547663602609105,10.000006760936035
PerplexDEW (Davies),isobar,7.0,708.5858585858585,0.6136195449917256,0.048382947998737096,0.5579998872622478,10.000006745924672
PerplexDEW (Davies),isobar,7.0,709.5959595959596,0.6171651217659857,0.048725502617808364,0.5612484605634347,10.000006730942406
PerplexDEW (Davies),isobar,7.0,710.6060606060606,0.620727144058051,0.049069877272791565,0.5645120865931132,10.000006715988123
PerplexDEW (Davies),isobar,7.0,711.6161616161617,0.6243057787228072,0.0494160863354926,0.5677909152159621,10.000006701065384
PerplexDEW (Davies),isobar,7.0,712.6262626262626,0.6279010378438696,0.049764127598051926,0.5710849537139538,10.000006686173135
PerplexDEW (Davies),isobar,7.0,713.6363636363636,0.631513091736943,0.05011401558882265,0.574394354983345,10.000006671314981
PerplexDEW (Davies),isobar,7.0,714.6464646464647,0.6351419536188648,0.05046574797936765,0.57771912720427,10.00000665648993
PerplexDEW (Davies),isobar,7.0,715.6565656565657,0.6387877973577366,0.05081933945701171,0.581059426384701,10.00000664170163
PerplexDEW (Davies),isobar,7.0,716.6666666666666,0.6424506373571377,0.05117478757145241,0.5844152616490748,10.000006626949155
PerplexDEW (Davies),isobar,7.0,717.6767676767677,0.6461307333027434,0.05153211595923251,0.5877868678373037,10.000006612238497
PerplexDEW (Davies),isobar,7.0,718.6868686868687,0.6498279371198064,0.05189130454376656,0.5911741043588848,10.000006597564202
PerplexDEW (Davies),isobar,7.0,719.6969696969697,0.6535425950412109,0.05225238598669967,0.5945772855489069,10.000006582934608
PerplexDEW (Davies),isobar,7.0,720.7070707070707,0.6572746418542132,0.052615348803868284,0.5979963469395433,10.00000656834662
PerplexDEW (Davies),isobar,7.0,721.7171717171717,0.6610241779752026,0.05298019909569283,0.6014313764415358,10.000006553801782
PerplexDEW (Davies),isobar,7.0,722.7272727272727,0.664791475806663,0.05334696128104458,0.6048826201547801,10.000006539306199
PerplexDEW (Davies),isobar,7.0,723.7373737373738,0.6685764703146894,0.05371562346895045,0.608350013549716,10.000006524856897
PerplexDEW (Davies),isobar,7.0,724.7474747474747,0.672379265924759,0.05408619179085432,0.6118336479751751,10.000006510455517
PerplexDEW (Davies),isobar,7.0,725.7575757575758,0.6762000557350281,0.05445868176851917,0.615333696282814,10.000006496105991
PerplexDEW (Davies),isobar,7.0,726.7676767676768,0.680038948923614,0.05483309978194104,0.6188502540087077,10.000006481810015
PerplexDEW (Davies),isobar,7.0,727.7777777777778,0.6838960561103328,0.055209452224213834,0.6223834179273025,10.000006467569323
PerplexDEW (Davies),isobar,7.0,728.7878787878788,0.6877714000544073,0.05558773589070891,0.6259332038979031,10.000006453383426
PerplexDEW (Davies),isobar,7.0,729.7979797979798,0.6916651822797887,0.05596796665670705,0.6294997921523429,10.000006439256403
PerplexDEW (Davies),isobar,7.0,730.8080808080808,0.6955775178445517,0.05635015095433498,0.6330832832784232,10.000006425190099
PerplexDEW (Davies),isobar,7.0,731.8181818181819,0.6995084319420516,0.05673428538370786,0.6366836951185489,10.000006411184168
PerplexDEW (Davies),isobar,7.0,732.8282828282828,0.703458132701914,0.05712038609239429,0.6403012136904902,10.000006397242803
PerplexDEW (Davies),isobar,7.0,733.8383838383838,0.7074267398208429,0.05750845955357255,0.6439359435705279,10.000006383367982
PerplexDEW (Davies),isobar,7.0,734.8484848484849,0.7114142810741413,0.05789850216956213,0.6475879047125588,10.0000063695595
PerplexDEW (Davies),isobar,7.0,735.8585858585859,0.7154209714559283,0.05829053036688363,0.6512572891472184,10.00000635582167
PerplexDEW (Davies),isobar,7.0,736.8686868686868,0.7194469355090798,0.058684550661920805,0.654944205620612,10.000006342156615
PerplexDEW (Davies),isobar,7.0,737.8787878787879,0.7234922037437843,0.05908055925673776,0.6586486763313701,10.000006328564286
PerplexDEW (Davies),isobar,7.0,738.8888888888889,0.727557094729006,0.05947858327589528,0.6623709882165123,10.000006315051346
PerplexDEW (Davies),isobar,7.0,739.89898989899,0.7316415459310499,0.059878608539858276,0.6661110777425532,10.000006301615636
PerplexDEW (Davies),isobar,7.0,740.9090909090909,0.7357456864548492,0.06028064137780079,0.6698690574750765,10.000006288259494
PerplexDEW (Davies),isobar,7.0,741.9191919191919,0.739869844541605,0.06068470945778283,0.6736452229003268,10.00000627498972
PerplexDEW (Davies),isobar,7.0,742.929292929293,0.7440139584373981,0.06109079814871995,0.6774395109397077,10.000006261804348
PerplexDEW (Davies),isobar,7.0,743.939393939394,0.7481782627920549,0.061498924656319086,0.6812521308423608,10.000006248708072
PerplexDEW (Davies),isobar,7.0,744.9494949494949,0.7523628961565544,0.061909095624967624,0.6850832034236622,10.000006235703447
PerplexDEW (Davies),isobar,7.0,745.959595959596,0.756567998953246,0.06232131771678554,0.6889328511130208,10.00000622279309
PerplexDEW (Davies),isobar,7.0,746.969696969697,0.7607936108873029,0.06273558652073519,0.6928011037069253,10.000006209977496
PerplexDEW (Davies),isobar,7.0,747.9797979797979,0.7650399772105492,0.06315191965185726,0.6966881797430371,10.000006197261598
PerplexDEW (Davies),isobar,7.0,748.989898989899,0.769307244097292,0.06357032382567168,0.7005942066137556,10.000006184648198
PerplexDEW (Davies),isobar,7.0,750.0,0.7735955597009688,0.06399080577671899,0.7045193134200542,10.000006172140175
PerplexDEW (Davies),isobar,7.5,485.0,0.13748700904739655,0.007200700560069755,0.12324947022250382,8.397254488142584
PerplexDEW (Davies),isobar,7.5,488.3333333333333,0.1413224160350045,0.007463275159497638,0.12672167946166127,8.508778229575805
PerplexDEW (Davies),isobar,7.5,491.6666666666667,0.14524031299872753,0.007733495033347104,0.13026956051132707,8.62130453634973
PerplexDEW (Davies),isobar,7.5,495.0,0.14924183274000452,0.008011520827205942,0.13389417738954196,8.734846600175567
PerplexDEW (Davies),isobar,7.5,498.3333333333333,0.15332809016947546,0.008297513498985734,0.1375965782428111,8.849417951459262
PerplexDEW (Davies),isobar,7.5,501.6666666666667,0.15750023819707185,0.008591638185051396,0.14137784633242045,8.965034211920315
PerplexDEW (Davies),isobar,7.5,505.0,0.16175939701356878,0.008894059267000619,0.14523903546046388,9.081711019060776
PerplexDEW (Davies),isobar,7.5,508.3333333333333,0.16610671130047341,0.009204944355300455,0.1491812221695652,9.199465810793725
PerplexDEW (Davies),isobar,7.5,511.6666666666667,0.17054332132680755,0.009524462248276048,0.1532054793277316,9.318317023048769
PerplexDEW (Davies),isobar,7.5,515.0,0.17507037016422208,0.009852783419724566,0.15731288268568502,9.378734079590723
PerplexDEW (Davies),isobar,7.5,518.3333333333334,0.17968902090404126,0.01019008127397926,0.16150452658917216,9.433089352561309
PerplexDEW (Davies),isobar,7.5,521.6666666666666,0.18440039746457595,0.010536527761588007,0.16578146982481443,9.487968938993495
PerplexDEW (Davies),isobar,7.5,525.0,0.1892056692401348,0.010892299592423604,0.17014481297949255,9.543383258909548
PerplexDEW (Davies),isobar,7.5,528.3333333333334,0.19410599221237995,0.011257573874945187,0.17459564456198648,9.599343198136197
PerplexDEW (Davies),isobar,7.5,531.6666666666666,0.19910252578321014,0.011632529322304117,0.17913505635137436,9.655860355979916
PerplexDEW (Davies),isobar,7.5,535.0,0.20419642307047473,0.012017345469576234,0.18376413446907813,9.71294696229624
PerplexDEW (Davies),isobar,7.5,538.3333333333334,0.20938887050437097,0.012412205696976,0.18848399558657591,9.770616396525767
PerplexDEW (Davies),isobar,7.5,541.6666666666666,0.21468101900299016,0.012817291871719172,0.19329572386330374,9.828882386583961
PerplexDEW (Davies),isobar,7.5,545.0,0.22007405395364585,0.013232789730973877,0.19820043497463394,9.887759898546872
PerplexDEW (Davies),isobar,7.5,548.3333333333334,0.2255691556471349,0.013658885769296076,0.20319923982962168,9.947264695464671
PerplexDEW (Davies),isobar,7.5,551.6666666666666,0.23116752099741308,0.014095768910797127,0.2082932644145527,10.000009252376676
PerplexDEW (Davies),isobar,7.5,555.0,0.23687033039800584,0.014543627796056372,0.21348361935482352,10.000009219817926
PerplexDEW (Davies),isobar,7.5,558.3333333333334,0.24267878118207067,0.01500265339807323,0.2187714305162672,10.000009186496836
PerplexDEW (Davies),isobar,7.5,561.6666666666666,0.24859406497938513,0.015473037123313004,0.22415781817865793,10.000009152428373
PerplexDEW (Davies),isobar,7.5,565.0,0.254617417556398,0.015954974862208374,0.2296439426843135,10.00000911763128
PerplexDEW (Davies),isobar,7.5,568.3333333333334,0.26075003301948496,0.016448659826746113,0.23523092566104326,10.00000908211926
PerplexDEW (Davies),isobar,7.5,571.6666666666666,0.26699315165749765,0.016954289753854577,0.24091993053052352,10.000009045909831
PerplexDEW (Davies),isobar,7.5,575.0,0.27334801079274174,0.017472062750511247,0.24671211733769616,10.000009009019273
PerplexDEW (Davies),isobar,7.5,578.3333333333334,0.2798158580188483,0.018002178304439145,0.25260865480965955,10.00000897146389
PerplexDEW (Davies),isobar,7.5,581.6666666666666,0.286397952110951,0.018544837269275413,0.2586107211014558,10.000008933260002
PerplexDEW (Davies),isobar,7.5,585.0,0.293095534051709,0.01910023923379622,0.2647194770831071,10.000008894421418
PerplexDEW (Davies),isobar,7.5,588.3333333333334,0.29990991634884995,0.01966859017661777,0.2709361482850319,10.000008854967062
PerplexDEW (Davies),isobar,7.5,591.6666666666666,0.30684239747447134,0.020250094956935284,0.27726194621101374,10.000008814913347
PerplexDEW (Davies),isobar,7.5,595.0,0.31389425905542717,0.020844956850356835,0.28369806562121547,10.00000877427418
PerplexDEW (Davies),isobar,7.5,598.3333333333334,0.32106684610739894,0.021453384528471564,0.29024575815573683,10.000008733067329
PerplexDEW (Davies),isobar,7.5,601.6666666666666,0.3283615065078491,0.022075586588893383,0.2969062765961793,10.000008691309349
PerplexDEW (Davies),isobar,7.5,605.0,0.33577960787745736,0.022711772897669347,0.3036808902526301,10.00000864901683
PerplexDEW (Davies),isobar,7.5,608.3333333333334,0.3433225031827469,0.023362151275950625,0.31057085319227823,10.00000860620391
PerplexDEW (Davies),isobar,7.5,611.6666666666666,0.35099163855348436,0.02402693718245565,0.31757750326402745,10.00000856288988
PerplexDEW (Davies),isobar,7.5,615.0,0.35878843186070425,0.024706342461215627,0.3247021502832973,10.000008519090308
PerplexDEW (Davies),isobar,7.5,618.3333333333334,0.3667143258075652,0.025400579960178606,0.33194612470045237,10.000008474820882
PerplexDEW (Davies),isobar,7.5,621.6666666666667,0.37477082977410076,0.026109867268338825,0.3393108159548319,10.00000843009992
PerplexDEW (Davies),isobar,7.5,625.0,0.3829594451784677,0.02683441954332222,0.3467976036307851,10.000008384943357
PerplexDEW (Davies),isobar,7.5,628.3333333333334,0.3912817046179394,0.027574452905067173,0.354407893295319,10.000008339367291
PerplexDEW (Davies),isobar,7.5,631.6666666666667,0.3997392172650411,0.028330188549627093,0.3621431581146888,10.000008293390515
PerplexDEW (Davies),isobar,7.5,635.0,0.4083335885211474,0.029101844861930282,0.3700048647069016,10.0000082470295
PerplexDEW (Davies),isobar,7.5,638.3333333333334,0.41706650783327237,0.029889645555974936,0.3779945537948314,10.000008200303466
PerplexDEW (Davies),isobar,7.5,641.6666666666667,0.42593964111410637,0.03069380901218134,0.3861137409456258,10.000008153228098
PerplexDEW (Davies),isobar,7.5,645.0,0.43495474415792384,0.03151455893078483,0.39436402079220134,10.000008105821895
PerplexDEW (Davies),isobar,7.5,648.3333333333334,0.4441136228074667,0.032352120206617645,0.4027470301408219,10.00000805810368
PerplexDEW (Davies),isobar,7.5,651.6666666666667,0.45341813636240186,0.03320671893789791,0.41126445088199215,10.000008010092623
PerplexDEW (Davies),isobar,7.5,655.0,0.462870175500919,0.034078579876069534,0.41991798941335046,10.000007961807054
PerplexDEW (Davies),isobar,7.5,658.3333333333334,0.47247174178672113,0.034967933967302474,0.42870944963373026,10.000007913268234
PerplexDEW (Davies),isobar,7.5,661.6666666666667,0.48222479623450876,0.035875002833326806,0.43764059318057025,10.000007864492954
PerplexDEW (Davies),isobar,7.5,665.0,0.49213147137849317,0.036800019581360366,0.4467133345315165,10.000007815503535
PerplexDEW (Davies),isobar,7.5,668.3333333333334,0.5021939756751794,0.03774321890419235,0.4559296526657661,10.000007766322906
PerplexDEW (Davies),isobar,7.5,671.6666666666667,0.5124144820079697,0.03870482524017789,0.46529148804869835,10.000007716969726
PerplexDEW (Davies),isobar,7.5,675.0,0.522795356540568,0.03968507553480064,0.4748009531869306,10.000007667468354
PerplexDEW (Davies),isobar,7.5,678.3333333333334,0.5333389949505452,0.04068420211622074,0.48446018143798525,10.000007617841526
PerplexDEW (Davies),isobar,7.5,681.6666666666667,0.5440479455681553,0.04170244479473766,0.49427144014472624,10.000007568115342
PerplexDEW (Davies),isobar,7.5,685.0,0.5549247942455862,0.04274003848034514,0.504237024231347,10.000007518314463
PerplexDEW (Davies),isobar,7.5,688.3333333333334,0.5659721623737983,0.043797212281070655,0.5143592540462989,10.000007468462265
PerplexDEW (Davies),isobar,7.5,691.6666666666667,0.5771929744940966,0.04487421679084704,0.5246407215486097,10.000007418590641
PerplexDEW (Davies),isobar,7.5,695.0,0.5885900745156772,0.045971283515854146,0.5350839363865638,10.000007368725573
PerplexDEW (Davies),isobar,7.5,698.3333333333334,0.6001665615917904,0.04708865925627247,0.5456916349391674,10.000007318899366
PerplexDEW (Davies),isobar,7.5,701.6666666666667,0.6119255599093756,0.04822658131995044,0.5564665678730968,10.000007269142365
PerplexDEW (Davies),isobar,7.5,705.0,0.6238704361799903,0.049385299690280694,0.5674117000645479,10.000007219490312
PerplexDEW (Davies),isobar,7.5,708.3333333333334,0.6360046299341429,0.05056505840464731,0.5785300538873277,10.000007169978533
PerplexDEW (Davies),isobar,7.5,711.6666666666667,0.648331730521877,0.051766102872809604,0.5898247797171587,10.00000712064452
PerplexDEW (Davies),isobar,7.5,715.0,0.6608555254652893,0.05298868422557187,0.6012992000078126,10.000007071529339
PerplexDEW (Davies),isobar,7.5,718.3333333333334,0.6735799316801968,0.054233051153687706,0.6129567455263762,10.000007022675463
PerplexDEW (Davies),isobar,7.5,721.6666666666667,0.6865091261880141,0.05549946298818884,0.6248010751933293,10.000006974130551
PerplexDEW (Davies),isobar,7.5,725.0,0.6996472627634422,0.05678815844129922,0.6368358148910349,10.000006925939545
PerplexDEW (Davies),isobar,7.5,728.3333333333334,0.7129989435020261,0.058099405161271975,0.6490649908773165,10.000006878157773
PerplexDEW (Davies),isobar,7.5,731.6666666666667,0.7265688518348902,0.059433459436598404,0.661492691615492,10.000006830840777
PerplexDEW (Davies),isobar,7.5,735.0,0.7403618866876204,0.06079057952125836,0.6741231907249605,10.000006784048164
PerplexDEW (Davies),isobar,7.5,738.3333333333334,0.7543832214658537,0.06217103091766822,0.686961000678426,10.000006737845094
PerplexDEW (Davies),isobar,7.5,741.6666666666667,0.7686381738606182,0.06357507124093693,0.7000107526117489,10.000006692299277
PerplexDEW (Davies),isobar,7.5,745.0,0.783132458085878,0.06500297623611825,0.7132774275744564,10.000006647487075
PerplexDEW (Davies),isobar,7.5,748.3333333333334,0.7978719572360098,0.06645501404898489,0.7267661467807367,10.000006603488284
PerplexDEW (Davies),isobar,7.5,751.6666666666667,0.8128627764319821,0.06793144970739164,0.7404822199692458,10.000006560387835
PerplexDEW (Davies),isobar,7.5,755.0,0.8281114133039243,0.06943256220934041,0.7544313013401289,10.00000651827967
PerplexDEW (Davies),isobar,7.5,758.3333333333334,0.8436246737055744,0.07095863409192665,0.7686193115161262,10.000006477265073
PerplexDEW (Davies),isobar,7.5,761.6666666666667,0.8594096866034279,0.07250995163918646,0.7830524505963974,10.000006437453324
PerplexDEW (Davies),isobar,7.5,765.0,0.8754737414840549,0.07408678601344319,0.7977370485628456,10.000006398959107
PerplexDEW (Davies),isobar,7.5,768.3333333333334,0.8918247068657906,0.07568943672836496,0.8126799483490863,10.000006361910946
PerplexDEW (Davies),isobar,7.5,771.6666666666667,0.9084705776792915,0.07731818158256236,0.8278880903988974,10.000006326443271
PerplexDEW (Davies),isobar,7.5,775.0,0.9254201025705399,0.07897334218034698,0.8433690865872436,10.000006292708083
PerplexDEW (Davies),isobar,7.5,778.3333333333334,0.9426820593668114,0.08065520487813783,0.8591305561120405,10.00000626086299
PerplexDEW (Davies),isobar,7.5,781.6666666666667,0.9602657643713355,0.08236407357459384,0.8751805912750388,10.000006231080832
PerplexDEW (Davies),isobar,7.5,785.0,0.978180969053043,0.0841002569307854,0.8915276621950519,10.000006203548617
PerplexDEW (Davies),isobar,7.5,788.3333333333334,0.9964380237060454,0.08586408381165006,0.9081807656351109,10.000006178470755
PerplexDEW (Davies),isobar,7.5,791.6666666666667,1.0150474730503465,0.08765585888357369,0.9251490549269624,10.000006156064092
PerplexDEW (Davies),isobar,7.5,795.0,1.0340206464053545,0.08947592282892713,0.9424423783828223,10.000006136567556
PerplexDEW (Davies),isobar,7.5,798.3333333333334,1.053369250741632,0.09132460761264516,0.960070906934939,10.000006120237408
PerplexDEW (Davies),isobar,7.5,801.6666666666667,1.0731055332616095,0.09320225162921408,0.9780452819956589,10.000006107350904
PerplexDEW (Davies),isobar,7.5,805.0,1.0932423045267463,0.09510920008506057,0.9963766358896755,10.000006098207969
PerplexDEW (Davies),isobar,7.5,808.3333333333334,1.1137929623873217,0.09704580540202906,1.0150766130070354,10.000006093133015
PerplexDEW (Davies),isobar,7.5,811.6666666666667,1.1347715167372336,0.0990124276428738,1.0341573916973659,10.000006092476877
PerplexDEW (Davies),isobar,7.5,815.0,1.1561926151158337,0.10100943495972363,1.0536317069256458,10.000006096618922
PerplexDEW (Davies),isobar,8.0,850.0,1.4841803021136977,0.1303718701730554,1.3506635949659653,10.000006691137816
PerplexDEW (Davies),isobar,8.0,851.010101010101,1.493256703623692,0.1311347397464611,1.35885315325663,10.000006712881301
PerplexDEW (Davies),isobar,8.0,852.020202020202,1.5024043463276304,0.1319011635372735,1.3671054852122428,10.000006735590166
PerplexDEW (Davies),isobar,8.0,853.030303030303,1.5116243425506486,0.1326711820864306,1.3754215680216273,10.000006759289429
PerplexDEW (Davies),isobar,8.0,854.040404040404,1.5209175513738384,0.1334448125456547,1.3838021506671048,10.000006784002903
PerplexDEW (Davies),isobar,8.0,855.0505050505051,1.5302845641204001,0.1342220478354123,1.3922477411611887,10.000006809753284
PerplexDEW (Davies),isobar,8.0,856.060606060606,1.5397265357516647,0.13500292952695653,1.400759354157592,10.000006836567174
PerplexDEW (Davies),isobar,8.0,857.070707070707,1.549244074451043,0.13578745055362093,1.4093375124822196,10.00000686446842
PerplexDEW (Davies),isobar,8.0,858.0808080808081,1.5588380760280958,0.13657562826404265,1.417982997388711,10.000006893483112
PerplexDEW (Davies),isobar,8.0,859.0909090909091,1.5685097395240117,0.13736750529226238,1.4266968622749014,10.000006923639582
PerplexDEW (Davies),isobar,8.0,860.10101010101,1.5782599938490056,0.13816309988341177,1.435479917490317,10.000006954965093
PerplexDEW (Davies),isobar,8.0,861.1111111111111,1.5880894820187028,0.13896240501814486,1.4443327164886934,10.000006987485923
PerplexDEW (Davies),isobar,8.0,862.1212121212121,1.5979994489030496,0.1397654644339399,1.4532563529576092,10.000007021232213
PerplexDEW (Davies),isobar,8.0,863.1313131313132,1.6079905555012795,0.14057227114644538,1.4622513961761103,10.000007056231546
PerplexDEW (Davies),isobar,8.0,864.1414141414141,1.6180637699573013,0.14138284364885317,1.4713186910131895,10.000007092513771
PerplexDEW (Davies),isobar,8.0,865.1515151515151,1.6282203845075855,0.14219722681716887,1.4804593728098054,10.000007130110985
PerplexDEW (Davies),isobar,8.0,866.1616161616162,1.638461402899428,0.14301544009966813,1.4896743177416643,10.00000716905437
PerplexDEW (Davies),isobar,8.0,867.1717171717172,1.6487875232597273,0.14383747660601998,1.498964127785205,10.00000720937427
PerplexDEW (Davies),isobar,8.0,868.1818181818181,1.6592000870630628,0.1446633823945379,1.508329981589191,10.000007251104842
PerplexDEW (Davies),isobar,8.0,869.1919191919192,1.6696998115921442,0.1454931506344843,1.5177724980131857,10.000007294277918
PerplexDEW (Davies),isobar,8.0,870.2020202020202,1.6802879072723327,0.14632681463642244,1.527292737763368,10.000007338928357
PerplexDEW (Davies),isobar,8.0,871.2121212121212,1.6909656053941677,0.1471644083114478,1.5368917798946464,10.000007385091763
PerplexDEW (Davies),isobar,8.0,872.2222222222222,1.7017334841295815,0.14800591118597473,1.5465701183061447,10.000007432801558
PerplexDEW (Davies),isobar,8.0,873.2323232323232,1.7125933061664331,0.14885139878036524,1.556329307507753,10.00000748209713
PerplexDEW (Davies),isobar,8.0,874.2424242424242,1.7235456717514097,0.1497008507989257,1.5661698608684023,10.000007533013527
PerplexDEW (Davies),isobar,8.0,875.2525252525253,1.7345918696590195,0.1505543021792621,1.5760929080742265,10.000007585589564
PerplexDEW (Davies),isobar,8.0,876.2626262626262,1.7457332108437387,0.15141178849066028,1.58609959832003,10.000007639864881
PerplexDEW (Davies),isobar,8.0,877.2727272727273,1.7569704932835732,0.15227330323151494,1.5961906216778377,10.000007695877843
PerplexDEW (Davies),isobar,8.0,878.2828282828283,1.7683052355864928,0.15313889670539033,1.6063673126824445,10.000007753670534
PerplexDEW (Davies),isobar,8.0,879.2929292929293,1.7797382569504747,0.15400856251721276,1.6166303801556665,10.000007813283144
PerplexDEW (Davies),isobar,8.0,880.3030303030303,1.791271113991378,0.15488235188059296,1.6269811920969959,10.000007874759547
PerplexDEW (Davies),isobar,8.0,881.3131313131313,1.8029046475567685,0.15576025851733039,1.6374204764672442,10.000007938141819
PerplexDEW (Davies),isobar,8.0,882.3232323232323,1.814640453174829,0.15664233457264473,1.6479496355324557,10.000008003475694
PerplexDEW (Davies),isobar,8.0,883.3333333333334,1.8264795851876372,0.15752858874276623,1.6585695877383888,10.000008070805873
PerplexDEW (Davies),isobar,8.0,884.3434343434343,1.8384231047306616,0.15841902958592413,1.6692812575820406,10.000008140178089
PerplexDEW (Davies),isobar,8.0,885.3535353535353,1.8504728633908882,0.1593137257420792,1.6800862751990577,10.000008211641656
PerplexDEW (Davies),isobar,8.0,886.3636363636364,1.862629170205273,0.16021262610556194,1.6909848933543021,10.000008285241837
PerplexDEW (Davies),isobar,8.0,887.3737373737374,1.8748945105423753,0.16111584568304954,1.7019793074008747,10.000008361031892
PerplexDEW (Davies),isobar,8.0,888.3838383838383,1.8872694126855918,0.1620233485825108,1.71306996565932,10.000008439059897
PerplexDEW (Davies),isobar,8.0,889.3939393939394,1.8997552050248285,0.1629351594257004,1.7242580305554656,10.000008519377566
PerplexDEW (Davies),isobar,8.0,890.4040404040404,1.9123536481874637,0.16385133431109775,1.7355450498019152,10.000008602038907
PerplexDEW (Davies),isobar,8.0,891.4141414141415,1.925065697906979,0.16477186771179697,1.746931853075767,10.000008687096704
PerplexDEW (Davies),isobar,8.0,892.4242424242424,1.9378931585509926,0.16569681677421097,1.7584200266384178,10.00000877460726
PerplexDEW (Davies),isobar,8.0,893.4343434343434,1.9508374410950804,0.16662620799918543,1.7700108057300703,10.000008864626874
PerplexDEW (Davies),isobar,8.0,894.4444444444445,1.9638995380731235,0.16756003614621917,1.781705052659817,10.000008957211993
PerplexDEW (Davies),isobar,8.0,895.4545454545455,1.9770808801545385,0.16849832769345444,1.7935040202014247,10.000009052421461
PerplexDEW (Davies),isobar,8.0,896.4646464646464,1.9903833622993279,0.1694411419590083,1.8054093744751722,10.00000915031643
PerplexDEW (Davies),isobar,8.0,897.4747474747475,2.003808466802661,0.17038850675776981,1.8174224137341741,10.000009250958248
PerplexDEW (Davies),isobar,8.0,898.4848484848485,2.0173572367811667,0.1713404172738249,1.8295440451808624,10.000009354408597
PerplexDEW (Davies),isobar,8.0,899.4949494949495,2.0310311748795415,0.17229690131970846,1.8417755852112305,10.000009460731565
PerplexDEW (Davies),isobar,8.0,900.5050505050505,2.0448322709486138,0.17325802049070033,1.8541187836199233,10.000009569993582
PerplexDEW (Davies),isobar,8.0,901.5151515151515,2.0587620817618895,0.17422380399674492,1.8665750044984895,10.000009682261453
PerplexDEW (Davies),isobar,8.0,902.5252525252525,2.072821702949892,0.17519424750176146,1.8791452017025496,10.000009797602527
PerplexDEW (Davies),isobar,8.0,903.5353535353536,2.0870129554425,0.17616939730950107,1.891830974288399,10.000009916087023
PerplexDEW (Davies),isobar,8.0,904.5454545454545,2.101337691305158,0.17714930056897343,1.9046339487322232,10.000010037786609
PerplexDEW (Davies),isobar,8.0,905.5555555555555,2.1157967976747187,0.17813393602666436,1.9175548935854065,10.000010162772774
PerplexDEW (Davies),isobar,8.0,906.5656565656566,2.130392658357042,0.17912338597772529,1.9305959078846104,10.00001029112111
PerplexDEW (Davies),isobar,8.0,907.5757575757576,2.145126948027686,0.1801176818862959,1.9437584600148798,10.000010422907476
PerplexDEW (Davies),isobar,8.0,908.5858585858585,2.1600008448071533,0.18111682024684217,1.957043577204339,10.000010558208617
PerplexDEW (Davies),isobar,8.0,909.5959595959596,2.175016568887275,0.1821208681951395,1.9704532124647036,10.000010697104445
PerplexDEW (Davies),isobar,8.0,910.6060606060606,2.1901753268992996,0.18312982253377746,1.983988418408169,10.000010839675099
PerplexDEW (Davies),isobar,8.0,911.6161616161617,2.20547939350824,0.18414375171205838,1.9976511961256083,10.000010986003824
PerplexDEW (Davies),isobar,8.0,912.6262626262626,2.220930004372957,0.18516265285708564,2.0114426240855705,10.000011136174283
PerplexDEW (Davies),isobar,8.0,913.6363636363636,2.2365294898922534,0.18618659576350532,2.0253647525785254,10.000011290273196
PerplexDEW (Davies),isobar,8.0,914.6464646464647,2.2522791152737476,0.18721557789973448,2.0394186864065382,10.000011448387887
PerplexDEW (Davies),isobar,8.0,915.6565656565657,2.2681809859164015,0.18824965186161488,2.0536062760307296,10.000011610608427
PerplexDEW (Davies),isobar,8.0,916.6666666666666,2.2842372431698066,0.18928887120639845,2.067929403590315,10.000011777026717
PerplexDEW (Davies),isobar,8.0,917.6767676767677,2.300449197555299,0.19033323394709814,2.082389214294872,10.000011947735853
PerplexDEW (Davies),isobar,8.0,918.6868686868687,2.3168193245011452,0.19138281338609647,2.0969878864950253,10.000012122831851
PerplexDEW (Davies),isobar,8.0,919.6969696969697,2.333348668879098,0.192437588813022,2.111726330108433,10.000012302411664
PerplexDEW (Davies),isobar,8.0,920.7070707070707,2.3500406560615903,0.193497692319929,2.126607565327253,10.000012486575827
PerplexDEW (Davies),isobar,8.0,921.7171717171717,2.366895769284558,0.19456306538268534,2.1416320044311568,10.000012675425129
PerplexDEW (Davies),isobar,8.0,922.7272727272727,2.383916902617459,0.19563380337427835,2.1568021964764235,10.000012869063875
PerplexDEW (Davies),isobar,8.0,923.7373737373738,2.4011054608409657,0.19670990552013523,2.1721193708167688,10.000013067597765
PerplexDEW (Davies),isobar,8.0,924.7474747474747,2.418464104664923,0.19779144961949627,2.1875858694745034,10.00001327113522
PerplexDEW (Davies),isobar,8.0,925.7575757575758,2.435994591278769,0.19887845527932793,2.2032032341039365,10.00001347978654
PerplexDEW (Davies),isobar,8.0,926.7676767676768,2.453698686327714,0.1999709420542405,2.2189730140836743,10.00001369366441
PerplexDEW (Davies),isobar,8.0,927.7777777777778,2.471579147994511,0.20106899011647497,2.234897637569114,10.000013912884008
PerplexDEW (Davies),isobar,8.0,928.7878787878788,2.489637463396542,0.20217259983547614,2.2509784075123513,10.000014137562712
PerplexDEW (Davies),isobar,8.0,929.7979797979798,2.5078764575583987,0.2032818530138013,2.267217811145631,10.000014367820425
PerplexDEW (Davies),isobar,8.0,930.8080808080808,2.526297651515642,0.20439675051447506,2.283617181765015,10.000014603779526
PerplexDEW (Davies),isobar,8.0,931.8181818181819,2.5449039386603323,0.20551737581013743,2.300179067036785,10.00001484556482
PerplexDEW (Davies),isobar,8.0,932.8282828282828,2.563696874515702,0.2066437302787461,2.3169048311252327,10.000015093303883
PerplexDEW (Davies),isobar,8.0,933.8383838383838,2.582679422399068,0.20777589910380995,2.3337970835169815,10.00001534712661
PerplexDEW (Davies),isobar,8.0,934.8484848484849,2.601853172897398,0.20891388420015317,2.3508572197751594,10.00001560716597
PerplexDEW (Davies),isobar,8.0,935.8585858585859,2.62122116084232,0.21005777250390253,2.368087912621247,10.00001587355716
PerplexDEW (Davies),isobar,8.0,936.8686868686868,2.6407850124658703,0.2112075664892696,2.3854905895527994,10.000016146438744
PerplexDEW (Davies),isobar,8.0,937.8787878787879,2.660547835738929,0.21236335488782837,2.4030679879724977,10.00001642595142
PerplexDEW (Davies),isobar,8.0,938.8888888888889,2.6805112931232475,0.21352514075621848,2.4208215678521885,10.000016712239566
PerplexDEW (Davies),isobar,8.0,939.89898989899,2.7006785673879135,0.2146930146653939,2.438754132752514,10.000017005449585
PerplexDEW (Davies),isobar,8.0,940.9090909090909,2.7210513578150857,0.21586698027803858,2.4568671756645655,10.000017305731902
PerplexDEW (Davies),isobar,8.0,941.9191919191919,2.741632923666733,0.2170471300494986,2.4751635678156765,10.00001761323885
PerplexDEW (Davies),isobar,8.0,942.929292929293,2.762425001640713,0.21823346827277318,2.4936448357668963,10.000017928127118
PerplexDEW (Davies),isobar,8.0,943.939393939394,2.7834309292208967,0.21942608933367555,2.5123139199518723,10.000018250555192
PerplexDEW (Davies),isobar,8.0,944.9494949494949,2.8046524811219635,0.22062499818037856,2.5311723810567814,10.000018580686277
PerplexDEW (Davies),isobar,8.0,945.959595959596,2.82609307481696,0.2218302911764593,2.5502232302956322,10.000018918685102
PerplexDEW (Davies),isobar,8.0,946.969696969697,2.8477545236425192,0.22304197395073552,2.5694680630400972,10.000019264721772
PerplexDEW (Davies),isobar,8.0,947.9797979797979,2.8696394772510194,0.22426009818129508,2.5889092132211604,10.000019618968869
PerplexDEW (Davies),isobar,8.0,948.989898989899,2.8917519066540125,0.22548478681192202,2.6085501807545373,10.000019981600719
PerplexDEW (Davies),isobar,8.0,950.0,2.9140932649707323,0.226716023355123,2.628392244077026,10.000020352798424
PerplexDEW (Davies),isobar,8.8,690.0,0.6211065032146266,0.048997089507085846,0.5648800652489704,10.000008373645166
PerplexDEW (Davies),isobar,8.8,692.2222222222222,0.6294330908407891,0.0498102529659917,0.5725111189321548,10.000008342299367
PerplexDEW (Davies),isobar,8.8,694.4444444444445,0.6378517199825811,0.05063380474011252,0.5802264003855351,10.000008310858101
PerplexDEW (Davies),isobar,8.8,696.6666666666666,0.6463636131179157,0.05146783389967523,0.5880269830000608,10.00000827932864
PerplexDEW (Davies),isobar,8.8,698.8888888888889,0.6549699943085789,0.05231242615538671,0.5959139391164612,10.000008247717235
PerplexDEW (Davies),isobar,8.8,701.1111111111111,0.6636721954770166,0.05316767495826585,0.6038884377980978,10.000008216032855
PerplexDEW (Davies),isobar,8.8,703.3333333333334,0.6724715176047944,0.05403366672686357,0.6119516169525634,10.000008184282247
PerplexDEW (Davies),isobar,8.8,705.5555555555555,0.681369449310604,0.054910503807109746,0.6201047844577028,10.000008152477337
PerplexDEW (Davies),isobar,8.8,707.7777777777778,0.6903673026275833,0.05579826576730032,0.6283490828148437,10.000008120622969
PerplexDEW (Davies),isobar,8.8,710.0,0.6994665803870311,0.0566970481250883,0.6366858272318862,10.000008088729194
PerplexDEW (Davies),isobar,8.8,712.2222222222222,0.7086688341499453,0.05760694717024682,0.6451163747436935,10.000008056806372
PerplexDEW (Davies),isobar,8.8,714.4444444444445,0.7179755863531054,0.05852805149744583,0.6536420525004005,10.000008024862757
PerplexDEW (Davies),isobar,8.8,716.6666666666666,0.7273884874274938,0.059460458544537305,0.6622643022350176,10.000007992909387
PerplexDEW (Davies),isobar,8.8,718.8888888888889,0.7369091595652857,0.06040425777619675,0.6709845364425856,10.000007960955251
PerplexDEW (Davies),isobar,8.8,721.1111111111111,0.7465394013520624,0.061359552324439924,0.679804326489738,10.000007929013362
PerplexDEW (Davies),isobar,8.8,723.3333333333334,0.7562809016714299,0.06232642825987717,0.6887251394189862,10.000007897092317
PerplexDEW (Davies),isobar,8.8,725.5555555555555,0.7661355311460437,0.06330498551358046,0.6977486058477983,10.000007865204786
PerplexDEW (Davies),isobar,8.8,727.7777777777778,0.7761052227218322,0.06429532493539127,0.7068764100279266,10.000007833363885
PerplexDEW (Davies),isobar,8.8,730.0,0.786191838908739,0.06529753386986875,0.7161101677650945,10.000007801579647
PerplexDEW (Davies),isobar,8.8,732.2222222222222,0.7963974827746293,0.06631171922380476,0.7254517120989608,10.000007769867413
PerplexDEW (Davies),isobar,8.8,734.4444444444445,0.8067241431775258,0.06733796927677169,0.7349027672271335,10.000007738238306
PerplexDEW (Davies),isobar,8.8,736.6666666666666,0.8171741078884569,0.06837639768496197,0.7444653278772757,10.000007706709985
PerplexDEW (Davies),isobar,8.8,738.8888888888889,0.8277494554283958,0.06942708883976997,0.7541411925055317,10.000007675293604
PerplexDEW (Davies),isobar,8.8,741.1111111111111,0.8384526222133745,0.07049015835369066,0.7639324839467088,10.000007644008083
PerplexDEW (Davies),isobar,8.8,743.3333333333334,0.8492858802913349,0.07156569690314607,0.7738411698304362,10.000007612867126
PerplexDEW (Davies),isobar,8.8,745.5555555555555,0.8602517257242814,0.07265381155320183,0.783869418968604,10.00000758188872
PerplexDEW (Davies),isobar,8.8,747.7777777777778,0.8713526351464561,0.07375459945408881,0.7940193778391834,10.000007551089277
PerplexDEW (Davies),isobar,8.8,750.0,0.8825913236606856,0.07486817514173118,0.8042934070024939,10.000007520489534
PerplexDEW (Davies),isobar,8.8,752.2222222222222,0.8939704388157722,0.07599463756643528,0.8146938003330522,10.000007490107599
PerplexDEW (Davies),isobar,8.8,754.4444444444445,0.9054927135660548,0.07713408618612365,0.8252229252335146,10.000007459962497
PerplexDEW (Davies),isobar,8.8,756.6666666666666,0.9171610808607797,0.0782866328794434,0.8358833274671634,10.000007430076561
PerplexDEW (Davies),isobar,8.8,758.8888888888889,0.9289786300186578,0.07945239694748124,0.8466776909366226,10.000007400474281
PerplexDEW (Davies),isobar,8.8,761.1111111111111,0.9409482091011147,0.08063146260770954,0.8576084735319403,10.000007371174323
PerplexDEW (Davies),isobar,8.8,763.3333333333334,0.953073223802949,0.08182396352650086,0.8686786384582809,10.000007342205702
PerplexDEW (Davies),isobar,8.8,765.5555555555555,0.9653568408434214,0.08302999795050273,0.8798909248019895,10.000007313591754
PerplexDEW (Davies),isobar,8.8,767.7777777777778,0.9778024493217894,0.08424967735316422,0.8912482697583896,10.00000728535937
PerplexDEW (Davies),isobar,8.8,770.0,0.990413612918492,0.08548312096665157,0.9027537646321508,10.000007257537952
PerplexDEW (Davies),isobar,8.8,772.2222222222222,1.0031938879570086,0.08673043628931922,0.914410488374755,10.000007230156037
PerplexDEW (Davies),isobar,8.8,774.4444444444445,1.016147075415652,0.08799174526570595,0.926221737815297,10.000007203245932
PerplexDEW (Davies),isobar,8.8,776.6666666666666,1.0292770380001117,0.08926716468755345,0.9381908603090368,10.000007176840397
PerplexDEW (Davies),isobar,8.8,778.8888888888889,1.0425876977595918,0.09055680567691451,0.9503212515340216,10.000007150972747
PerplexDEW (Davies),isobar,8.8,781.1111111111111,1.056083309745164,0.09186080180529826,0.9626166051019874,10.000007125681416
PerplexDEW (Davies),isobar,8.8,783.3333333333334,1.0697679931380986,0.09317925994419907,0.975080484531244,10.00000710100224
PerplexDEW (Davies),isobar,8.8,785.5555555555555,1.083646211128317,0.09451230976536248,0.9877167609838907,10.000007076976352
PerplexDEW (Davies),isobar,8.8,787.7777777777778,1.0977225763189302,0.0958600830319877,1.000529435455495,10.000007053646952
PerplexDEW (Davies),isobar,8.8,790.0,1.1120016307992966,0.09722269071114738,1.0135224383560697,10.000007031056114
PerplexDEW (Davies),isobar,8.8,792.2222222222222,1.1264882866594195,0.09860026784908955,1.0267000307624614,10.000007009251526
PerplexDEW (Davies),isobar,8.8,794.4444444444445,1.1411875414833874,0.0999929438903569,1.040066545001813,10.000006988282186
PerplexDEW (Davies),isobar,8.8,796.6666666666666,1.1561045550813884,0.10140085015617523,1.0536264544350282,10.000006968199662
PerplexDEW (Davies),isobar,8.8,798.8888888888889,1.171244817202559,0.10282413627064883,1.0673845257532983,10.000006949060356
PerplexDEW (Davies),isobar,8.8,801.1111111111111,1.1866135879953232,0.1042629134097069,1.0813453101570163,10.000006930918119
PerplexDEW (Davies),isobar,8.8,803.3333333333334,1.2022166238108687,0.10571732703068651,1.0955138031480274,10.000006913834106
PerplexDEW (Davies),isobar,8.8,805.5555555555555,1.218059870704433,0.10718752532449097,1.10989516551839,10.000006897872606
PerplexDEW (Davies),isobar,8.8,807.7777777777778,1.2341492930904527,0.10867364186963022,1.1244945677603693,10.000006883099074
PerplexDEW (Davies),isobar,8.8,810.0,1.2504912227741118,0.1101758297907596,1.139317506771412,10.000006869584578
PerplexDEW (Davies),isobar,8.8,812.2222222222222,1.2670919211609264,0.11169421821298257,1.1543694085915481,10.000006857400695
PerplexDEW (Davies),isobar,8.8,814.4444444444445,1.2839583120112605,0.11322898345359288,1.1696562925805942,10.000006846628105
PerplexDEW (Davies),isobar,8.8,816.6666666666666,1.3010970715198709,0.11478025971947516,1.1851839464929905,10.00000683734631
PerplexDEW (Davies),isobar,8.8,818.8888888888889,1.318515274425872,0.11634820171450681,1.2009585120217467,10.000006829641178
PerplexDEW (Davies),isobar,8.8,821.1111111111111,1.3362204215460538,0.11793298623197018,1.2169865091390561,10.000006823605114
PerplexDEW (Davies),isobar,8.8,823.3333333333334,1.3542198482068735,0.11953475522206332,1.233274300805846,10.000006819331126
PerplexDEW (Davies),isobar,8.8,825.5555555555555,1.3725214259145035,0.12115368226747779,1.2498287276471798,10.00000681692027
PerplexDEW (Davies),isobar,8.8,827.7777777777778,1.391133062711296,0.12278992463940532,1.266656656000159,10.000006816476777
PerplexDEW (Davies),isobar,8.8,830.0,1.41006312916015,0.12444366280209726,1.2837653626884173,10.000006818112379
PerplexDEW (Davies),isobar,8.8,832.2222222222222,1.42932015021285,0.12611507093532034,1.3011622564904117,10.00000682194355
PerplexDEW (Davies),isobar,8.8,834.4444444444445,1.448912916019499,0.12780432683301055,1.318854978157756,10.000006828092811
PerplexDEW (Davies),isobar,8.8,836.6666666666667,1.4688504893774472,0.12951161204114073,1.3368514070126494,10.000006836689026
PerplexDEW (Davies),isobar,8.8,838.8888888888889,1.4891419695932244,0.13123709017285612,1.3551594482287963,10.000006847865802
PerplexDEW (Davies),isobar,8.8,841.1111111111111,1.5097974694275154,0.1329809940189742,1.373787912448781,10.000006861769569
PerplexDEW (Davies),isobar,8.8,843.3333333333334,1.53082655016783,0.1347434845087754,1.3927451064351732,10.000006878547303
PerplexDEW (Davies),isobar,8.8,845.5555555555555,1.552239564852697,0.13652477057962423,1.4120400424612654,10.000006898357581
PerplexDEW (Davies),isobar,8.8,847.7777777777778,1.5740471915021739,0.13832506639544928,1.4316820176701381,10.000006921367037
PerplexDEW (Davies),isobar,8.8,850.0,1.5962598921805784,0.14014454430982823,1.4516801282741005,10.000006947747034
PerplexDEW (Davies),isobar,8.8,852.2222222222222,1.6188892645021484,0.14198345128009074,1.4720444835879716,10.000006977683485
PerplexDEW (Davies),isobar,8.8,854.4444444444445,1.6419467078352572,0.14384199280854607,1.4927850077190792,10.000007011367881
PerplexDEW (Davies),isobar,8.8,856.6666666666667,1.6654441038377037,0.145720391248834,1.5139120508343407,10.000007049002448
PerplexDEW (Davies),isobar,8.8,858.8888888888889,1.6893936915516035,0.1476188743749216,1.5354362768590455,10.00000709079968
PerplexDEW (Davies),isobar,8.8,861.1111111111111,1.713808076984736,0.14953767558037193,1.5573686719930038,10.000007136982843
PerplexDEW (Davies),isobar,8.8,863.3333333333334,1.7387002429095213,0.15147703408429083,1.57972055342209,10.00000718778647
PerplexDEW (Davies),isobar,8.8,865.5555555555555,1.7640837231246267,0.15343720832063415,1.6025037251219842,10.00000724345778
PerplexDEW (Davies),isobar,8.8,867.7777777777778,1.7899717914893978,0.1554184102745103,1.6257297525060526,10.000007304252936
PerplexDEW (Davies),isobar,8.8,870.0,1.8163792878158642,0.1574209510707913,1.6494115952326358,10.000007370447085
PerplexDEW (Davies),isobar,8.8,872.2222222222222,1.8433204763464577,0.15944506908445738,1.673561692171638,10.000007442323804
PerplexDEW (Davies),isobar,8.8,874.4444444444445,1.8708101966515605,0.1614910219779489,1.6981929908836173,10.000007520181814
PerplexDEW (Davies),isobar,8.8,876.6666666666667,1.8988640835357646,0.16355910223554193,1.7233191433956776,10.000007604336385
PerplexDEW (Davies),isobar,8.8,878.8888888888889,1.9274982428658136,0.16564961068577577,1.748954216355922,10.000007695118343
PerplexDEW (Davies),isobar,8.8,881.1111111111111,1.9567288698483651,0.16776282740241225,1.7751123508720024,10.000007792873221
PerplexDEW (Davies),isobar,8.8,883.3333333333334,1.9865728174486295,0.1698990544933754,1.8018082696072066,10.000007897964457
PerplexDEW (Davies),isobar,8.8,885.5555555555555,2.017047426262989,0.17205860235688805,1.8290571249431364,10.00000801077335
PerplexDEW (Davies),isobar,8.8,887.7777777777778,2.048170536987614,0.1742417899730857,1.856874510101152,10.000008131699918
PerplexDEW (Davies),isobar,8.8,890.0,2.07996072330923,0.17644896085406217,1.885276666270915,10.000008261164446
PerplexDEW (Davies),isobar,8.8,892.2222222222222,2.112436656734815,0.17868043690053934,1.9142799176473082,10.000008399606212
PerplexDEW (Davies),isobar,8.8,894.4444444444445,2.1456175237890998,0.18093654854535418,1.9439010430434998,10.000008547485956
PerplexDEW (Davies),isobar,8.8,896.6666666666667,2.179523755071714,0.18321768425169824,1.9741579233463473,10.000008705288838
PerplexDEW (Davies),isobar,8.8,898.8888888888889,2.2141756628254563,0.18552419472867268,2.0050683309639328,10.000008873521328
PerplexDEW (Davies),isobar,8.8,901.1111111111111,2.2495943663774156,0.18785645711442744,2.0366507523113375,10.00000905271503
PerplexDEW (Davies),isobar,8.8,903.3333333333334,2.2858015803269796,0.1902148594406794,2.068924199625989,10.000009243427082
PerplexDEW (Davies),isobar,8.8,905.5555555555555,2.3228198968854796,0.1925998184740916,2.101908461313726,10.000009446241902
PerplexDEW (Davies),isobar,8.8,907.7777777777778,2.360671738408028,0.1950117104993069,2.135623173604471,10.000009661770012
PerplexDEW (Davies),isobar,8.8,910.0,2.3993809553555847,0.19745097570134273,2.170089237245553,10.000009890652851
PerplexDEW (Davies),isobar,9.0,690.0,0.6283851204857085,0.04967610568881347,0.5715458820794628,10.000008498119987
PerplexDEW (Davies),isobar,9.0,692.2222222222222,0.6368294158128223,0.05050236809720938,0.5792849104593915,10.000008467133302
PerplexDEW (Davies),isobar,9.0,694.4444444444445,0.6453676910885384,0.05133922210124527,0.5871099091904247,10.000008436036147
PerplexDEW (Davies),isobar,9.0,696.6666666666666,0.6540012857775754,0.05218676638874782,0.5950220565975073,10.000008404838074
PerplexDEW (Davies),isobar,9.0,698.8888888888889,0.6627314768934768,0.05304508940990493,0.6030224708550734,10.000008373545139
PerplexDEW (Davies),isobar,9.0,701.1111111111111,0.6715596153519242,0.05391428358271352,0.6111123354633317,10.000008342164861
PerplexDEW (Davies),isobar,9.0,703.3333333333334,0.6804870939390153,0.054794441781519036,0.6192928696640487,10.000008310704995
PerplexDEW (Davies),isobar,9.0,705.5555555555555,0.689515386081832,0.05568566128809003,0.627565364033086,10.00000827917478
PerplexDEW (Davies),isobar,9.0,707.7777777777778,0.6986459372394318,0.05658803212867363,0.6359310804272187,10.000008247581263
PerplexDEW (Davies),isobar,9.0,710.0,0.7078803140789506,0.05750165270513418,0.6443913891868746,10.000008215934225
PerplexDEW (Davies),isobar,9.0,712.2222222222222,0.7172200562024817,0.0584266138962219,0.6529476325937378,10.000008184241299
PerplexDEW (Davies),isobar,9.0,714.4444444444445,0.7266668703942452,0.059363019521334326,0.6616013034925787,10.000008152514102
PerplexDEW (Davies),isobar,9.0,716.6666666666666,0.7362223591353289,0.06031095727599815,0.6703537954386264,10.0000081207597
PerplexDEW (Davies),isobar,9.0,718.8888888888889,0.7458882972212408,0.06127052797895713,0.6792066570613133,10.000008088989176
PerplexDEW (Davies),isobar,9.0,721.1111111111111,0.7556665184558179,0.062241833333162966,0.688161487706191,10.000008057213972
PerplexDEW (Davies),isobar,9.0,723.3333333333334,0.7655587897591424,0.06322496226937405,0.6972198216100516,10.000008025442302
PerplexDEW (Davies),isobar,9.0,725.5555555555555,0.7755671062405453,0.06422002224481041,0.7063833990709875,10.000007993687634
PerplexDEW (Davies),isobar,9.0,727.7777777777778,0.7856933989342207,0.06522710781914624,0.715653897658189,10.00000796196025
PerplexDEW (Davies),isobar,9.0,730.0,0.7959397505808259,0.0662463234894628,0.7250331304366058,10.000007930273323
PerplexDEW (Davies),isobar,9.0,732.2222222222222,0.8063082225574956,0.06727776496145206,0.7345228868222511,10.000007898638101
PerplexDEW (Davies),isobar,9.0,734.4444444444445,0.8168010357414677,0.06832153826085069,0.7441250986258083,10.000007867068765
PerplexDEW (Davies),isobar,9.0,736.6666666666666,0.827420438749087,0.06937774540154161,0.7538417188886718,10.000007835578849
PerplexDEW (Davies),isobar,9.0,738.8888888888889,0.8381687063318385,0.0704464839700932,0.7636747203394509,10.000007804181289
PerplexDEW (Davies),isobar,9.0,741.1111111111111,0.8490483344474777,0.07152786773562582,0.7736262743121061,10.000007772893191
PerplexDEW (Davies),isobar,9.0,743.3333333333334,0.8600616552612006,0.07262198522901683,0.7836983973037495,10.000007741726415
PerplexDEW (Davies),isobar,9.0,745.5555555555555,0.8712114297771256,0.07372896281818014,0.7938934946061282,10.000007710701759
PerplexDEW (Davies),isobar,9.0,747.7777777777778,0.8825001552235834,0.0748488904297738,0.8042137247792407,10.000007679832517
PerplexDEW (Davies),isobar,9.0,750.0,0.8939306704628948,0.07598188593291738,0.814661554830875,10.00000764913863
PerplexDEW (Davies),isobar,9.0,752.2222222222222,0.9055057514919996,0.07712805167237595,0.8252393891405965,10.000007618637333
PerplexDEW (Davies),isobar,9.0,754.4444444444445,0.9172283196074562,0.07828749639231083,0.8359497602054113,10.000007588347914
PerplexDEW (Davies),isobar,9.0,756.6666666666666,0.929101449510637,0.07946033576589186,0.8467953358588985,10.00000755829172
PerplexDEW (Davies),isobar,9.0,758.8888888888889,0.9411282067086192,0.08064667481088465,0.8577787702203314,10.000007528488743
PerplexDEW (Davies),isobar,9.0,761.1111111111111,0.953311814651347,0.08184662534872074,0.8689028566603292,10.000007498961157
PerplexDEW (Davies),isobar,9.0,763.3333333333334,0.9656557227395709,0.08306031281711425,0.880170589790688,10.000007469734518
PerplexDEW (Davies),isobar,9.0,765.5555555555555,0.9781632588751976,0.08428783920491917,0.8915848474313636,10.000007440830913
PerplexDEW (Davies),isobar,9.0,767.7777777777778,0.9908380412332449,0.08552932625625426,0.9031487672300431,10.000007412277068
PerplexDEW (Davies),isobar,9.0,770.0,1.0036836855520939,0.08678488422777812,0.914865478779584,10.000007384098703
PerplexDEW (Davies),isobar,9.0,772.2222222222222,1.0167040529859321,0.08805463761405094,0.9267383300605122,10.000007356325145
PerplexDEW (Davies),isobar,9.0,774.4444444444445,1.0299031358273214,0.08933871270105806,0.9387707827471194,10.000007328987131
PerplexDEW (Davies),isobar,9.0,776.6666666666666,1.0432848621126525,0.09063721685965781,0.9509662337280365,10.000007302113488
PerplexDEW (Davies),isobar,9.0,778.8888888888889,1.0568535555469591,0.09195028615618976,0.9633284348868242,10.000007275739133
PerplexDEW (Davies),isobar,9.0,781.1111111111111,1.0706134121356,0.09327803046416633,0.9758610152247282,10.000007249896154
PerplexDEW (Davies),isobar,9.0,783.3333333333334,1.084568972046754,0.09462058211837665,0.9885679113150245,10.00000722462174
PerplexDEW (Davies),isobar,9.0,785.5555555555555,1.0987249286068805,0.09597807556459051,1.0014531927460184,10.000007199954934
PerplexDEW (Davies),isobar,9.0,787.7777777777778,1.113085986014895,0.0973506323867623,1.0145209323818896,10.000007175934483
PerplexDEW (Davies),isobar,9.0,790.0,1.1276570747113732,0.09873838309447877,1.0277754025426071,10.000007152602306
PerplexDEW (Davies),isobar,9.0,792.2222222222222,1.142443363683073,0.10014146781223567,1.0412210859105517,10.000007130003585
PerplexDEW (Davies),isobar,9.0,794.4444444444445,1.157450038450749,0.10156001326995549,1.0548624733178826,10.000007108183581
PerplexDEW (Davies),isobar,9.0,796.6666666666666,1.1726826101060637,0.10299416374839848,1.0687043448268336,10.000007087192149
PerplexDEW (Davies),isobar,9.0,798.8888888888889,1.1881465285393442,0.10444404160202449,1.082751417850575,10.000007067078407
PerplexDEW (Davies),isobar,9.0,801.1111111111111,1.203847829847324,0.10590981180184462,1.097008935439407,10.000007047899569
PerplexDEW (Davies),isobar,9.0,803.3333333333334,1.2197923330985545,0.10739160095289275,1.1114819361808173,10.000007029710233
PerplexDEW (Davies),isobar,9.0,805.5555555555555,1.2359862111268611,0.10888955405763312,1.1261757727807842,10.000007012570132
PerplexDEW (Davies),isobar,9.0,807.7777777777778,1.2524360144456987,0.11040383597399642,1.1410961332409704,10.000006996544233
PerplexDEW (Davies),isobar,9.0,810.0,1.2691481506211881,0.11193457973884238,1.156248568474612,10.000006981696515
PerplexDEW (Davies),isobar,9.0,812.2222222222222,1.2861294094001212,0.11348193788008848,1.1716389686305304,10.000006968096546
PerplexDEW (Davies),isobar,9.0,814.4444444444445,1.303386988711974,0.11504608394448815,1.1872735860926142,10.000006955819622
PerplexDEW (Davies),isobar,9.0,816.6666666666666,1.3209279386410355,0.11662715825486135,1.2031585317698439,10.000006944940633
PerplexDEW (Davies),isobar,9.0,818.8888888888889,1.3387598217400654,0.11822533124367827,1.2193003730034622,10.00000693554166
PerplexDEW (Davies),isobar,9.0,821.1111111111111,1.3568903454132692,0.11984076738024368,1.2357058004754822,10.000006927707942
PerplexDEW (Davies),isobar,9.0,823.3333333333334,1.3753274619117155,0.1214736342999479,1.252381718630165,10.000006921529154
PerplexDEW (Davies),isobar,9.0,825.5555555555555,1.3940793754148384,0.12312410292715793,1.2693352519340073,10.000006917099645
PerplexDEW (Davies),isobar,9.0,827.7777777777778,1.413154440155448,0.12479233752058515,1.2865736528147713,10.000006914517657
PerplexDEW (Davies),isobar,9.0,830.0,1.4325616017852325,0.12647853597118505,1.3041046998614734,10.000006913889628
PerplexDEW (Davies),isobar,9.0,832.2222222222222,1.4523096435011722,0.12818285952219122,1.321936017365581,10.000006915323366
PerplexDEW (Davies),isobar,9.0,834.4444444444445,1.472408077513119,0.12990551422369329,1.3400758793880254,10.000006918936398
PerplexDEW (Davies),isobar,9.0,836.6666666666667,1.4928663683113854,0.13164667920488812,1.3585325091743674,10.000006924849208
PerplexDEW (Davies),isobar,9.0,838.8888888888889,1.5136943902612543,0.13340654796356358,1.3773144916600377,10.000006933189573
PerplexDEW (Davies),isobar,9.0,841.1111111111111,1.5349023242557769,0.13518531827909955,1.3964306801316888,10.000006944091856
PerplexDEW (Davies),isobar,9.0,843.3333333333334,1.556500666278147,0.13698319237499265,1.4158902038158243,10.000006957697332
PerplexDEW (Davies),isobar,9.0,845.5555555555555,1.578500368356166,0.13880038853273588,1.4357025943994493,10.000006974155506
PerplexDEW (Davies),isobar,9.0,847.7777777777778,1.6009123220722057,0.14063709566428612,1.4558773218796746,10.000006993620612
PerplexDEW (Davies),isobar,9.0,850.0,1.6237482899886022,0.14249355343633524,1.4764246312505882,10.00000701625872
PerplexDEW (Davies),isobar,9.0,852.2222222222222,1.6470198438575536,0.14436996015082842,1.4973545888510125,10.000007042240478
PerplexDEW (Davies),isobar,9.0,854.4444444444445,1.6707394723155637,0.1462665667095484,1.5186780764847922,10.000007071749108
PerplexDEW (Davies),isobar,9.0,856.6666666666667,1.6949197645228802,0.14818360631861835,1.5404060586444928,10.00000710497514
PerplexDEW (Davies),isobar,9.0,858.8888888888889,1.71957338385805,0.15012129279126532,1.5625495595715222,10.000007142116969
PerplexDEW (Davies),isobar,9.0,861.1111111111111,1.744713984457981,0.15207989544121256,1.5851204840782658,10.000007183386796
PerplexDEW (Davies),isobar,9.0,863.3333333333334,1.770355330800171,0.15405966540022673,1.6081308286328087,10.00000722900559
PerplexDEW (Davies),isobar,9.0,865.5555555555555,1.7965112684597058,0.156060833854021,1.6315926558983274,10.000007279203697
PerplexDEW (Davies),isobar,9.0,867.7777777777778,1.8231967141376044,0.15808369055888769,1.6555189799137828,10.00000733422669
PerplexDEW (Davies),isobar,9.0,870.0,1.8504263546434712,0.160128479404474,1.6799226028796832,10.000007394328847
PerplexDEW (Davies),isobar,9.0,872.2222222222222,1.878216185125284,0.16219551881885158,1.7048174893844181,10.000007459781562
PerplexDEW (Davies),isobar,9.0,874.4444444444445,1.906581608495128,0.1642850529847573,1.7302170692416161,10.000007530864501
PerplexDEW (Davies),isobar,9.0,876.6666666666667,1.9355395771900943,0.16639741668970384,1.7561361491467282,10.000007607876437
PerplexDEW (Davies),isobar,9.0,878.8888888888889,1.9651064184742486,0.16853286841638432,1.7825889726229915,10.000007691125834
PerplexDEW (Davies),isobar,9.0,881.1111111111111,1.9952998931355106,0.17069174573794688,1.8095910558131356,10.00000778094068
PerplexDEW (Davies),isobar,9.0,883.3333333333334,2.0261376959910744,0.1728743517303303,1.8371578507610664,10.000007877662595
PerplexDEW (Davies),isobar,9.0,885.5555555555555,2.057638443829255,0.1750810277276304,1.8653056255773666,10.000007981651649
PerplexDEW (Davies),isobar,9.0,887.7777777777778,2.089820876936524,0.17731209429659947,1.8940507536471347,10.000008093283968
PerplexDEW (Davies),isobar,9.0,890.0,2.1227042605615223,0.179567880493791,1.923410071358842,10.000008212954166
PerplexDEW (Davies),isobar,9.0,892.2222222222222,2.156309315488588,0.1818487878340577,1.9534017047426446,10.00000834107911
PerplexDEW (Davies),isobar,9.0,894.4444444444445,2.1906559989832965,0.18415513392611982,1.9840430975694185,10.000008478091388
PerplexDEW (Davies),isobar,9.0,896.6666666666667,2.2257662384723593,0.1864873423895667,2.0153534400551782,10.00000862444902
PerplexDEW (Davies),isobar,9.0,898.8888888888889,2.261661150752293,0.18884575064534617,2.0473511996460454,10.000008780627816
PerplexDEW (Davies),isobar,9.0,901.1111111111111,2.298363675435576,0.1912307889677282,2.0800564586889134,10.000008947130118
PerplexDEW (Davies),isobar,9.0,903.3333333333334,2.335896918263719,0.19364286690858762,2.1134894440480565,10.000009124480927
PerplexDEW (Davies),isobar,9.0,905.5555555555555,2.3742840953867788,0.19608237103489665,2.147670478850763,10.000009313229171
PerplexDEW (Davies),isobar,9.0,907.7777777777778,2.413550150036862,0.1985497692357163,2.1826214149713623,10.000009513952609
PerplexDEW (Davies),isobar,9.0,910.0,2.4537201989458133,0.2010455083413276,2.218364256286563,10.000009727255149
PerplexDEW (Davies),isobar,10.0,480.0,0.14957006138793405,0.007824857147990603,0.13412179137836325,9.147701543190921
PerplexDEW (Davies),isobar,10.0,484.44444444444446,0.15525702246435735,0.008217060298203393,0.13927386033718925,9.310773316837468
PerplexDEW (Davies),isobar,10.0,488.8888888888889,0.16111229414164108,0.008625115866405365,0.1445804786308355,9.385032757811915
PerplexDEW (Davies),isobar,10.0,493.3333333333333,0.16713916348566615,0.009049497700568624,0.15004473309844651,9.460281481228238
PerplexDEW (Davies),isobar,10.0,497.77777777777777,0.1733409391281081,0.009490687944120916,0.15566973197053435,9.536541835389196
PerplexDEW (Davies),isobar,10.0,502.22222222222223,0.1797209514784628,0.009949177024774044,0.1614586049342716,9.613838291901606
PerplexDEW (Davies),isobar,10.0,506.6666666666667,0.18628256068798846,0.010425464188042358,0.16741451027031914,9.692197720220237
PerplexDEW (Davies),isobar,10.0,511.1111111111111,0.19302913495484747,0.010920055895267988,0.1735406148754396,9.771649290884055
PerplexDEW (Davies),isobar,10.0,515.5555555555555,0.1999640728568455,0.011433467333840597,0.17984011448972015,9.852224957933979
PerplexDEW (Davies),isobar,10.0,520.0,0.20709079721955345,0.011966221901476459,0.1863162279086563,9.93395958205813
PerplexDEW (Davies),isobar,10.0,524.4444444444445,0.21441275622921768,0.012518851180955946,0.19297219779316485,10.000010409654607
PerplexDEW (Davies),isobar,10.0,528.8888888888889,0.2219334247840011,0.013091894912485793,0.19981129167812628,10.000010400676217
PerplexDEW (Davies),isobar,10.0,533.3333333333334,0.22965630610614857,0.01368590096385174,0.20683680319884284,10.000010389876959
PerplexDEW (Davies),isobar,10.0,537.7777777777778,0.23758493363932526,0.01430142529857338,0.214052053556253,10.000010377280843
PerplexDEW (Davies),isobar,10.0,542.2222222222222,0.2457228629181633,0.014939031121796622,0.22146038376759544,10.000010362910999
PerplexDEW (Davies),isobar,10.0,546.6666666666666,0.2540737043497823,0.015599291224722272,0.22906518438052145,10.000010346793244
PerplexDEW (Davies),isobar,10.0,551.1111111111111,0.26264107437269907,0.016282783837310827,0.23686985035877456,10.00001032895008
PerplexDEW (Davies),isobar,10.0,555.5555555555555,0.27142866196191423,0.016990097632691915,0.24487784166301224,10.000010309407894
PerplexDEW (Davies),isobar,10.0,560.0,0.2804401786579224,0.01772182737275137,0.25309263702470186,10.000010288190934
PerplexDEW (Davies),isobar,10.0,564.4444444444445,0.28967939576758606,0.018478576534706654,0.2615177676125958,10.000010265324923
PerplexDEW (Davies),isobar,10.0,568.8888888888889,0.2991501383642623,0.019260956410196015,0.27015681105168876,10.000010240835845
PerplexDEW (Davies),isobar,10.0,573.3333333333334,0.30885627721556697,0.0200695849218124,0.2790133834827751,10.000010214748732
PerplexDEW (Davies),isobar,10.0,577.7777777777778,0.3188017460804292,0.020905087513612364,0.28809115486779996,10.000010187088868
PerplexDEW (Davies),isobar,10.0,582.2222222222222,0.3289905767785026,0.021768099602049208,0.29739388060203614,10.000010157884272
PerplexDEW (Davies),isobar,10.0,586.6666666666666,0.33942683711608085,0.022659260538018176,0.30692534382795456,10.000010127159547
PerplexDEW (Davies),isobar,10.0,591.1111111111111,0.35011472339183447,0.023579220926884917,0.31668943972412655,10.000010094943285
PerplexDEW (Davies),isobar,10.0,595.5555555555555,0.36105848142384295,0.024528634879352747,0.32669010216214384,10.000010061260683
PerplexDEW (Davies),isobar,10.0,600.0,0.37226249041858667,0.025508166535009518,0.3369313799793989,10.000010026139737
PerplexDEW (Davies),isobar,10.0,604.4444444444445,0.3837312448507085,0.026518487529738427,0.34741741945497223,10.000009989608797
PerplexDEW (Davies),isobar,10.0,608.8888888888889,0.39546931295211607,0.027560272063094485,0.35815242516288714,10.000009951692864
PerplexDEW (Davies),isobar,10.0,613.3333333333334,0.40748148657817257,0.028634209482087572,0.36914079684183,10.000009912423568
PerplexDEW (Davies),isobar,10.0,617.7777777777778,0.41977263983047364,0.02974099000431996,0.3803869982381145,10.00000987182801
PerplexDEW (Davies),isobar,10.0,622.2222222222222,0.43234784897115847,0.030881314396135184,0.39189566628642014,10.000009829936259
PerplexDEW (Davies),isobar,10.0,626.6666666666667,0.44521235428631833,0.03205588890170887,0.40367157477558324,10.000009786777685
PerplexDEW (Davies),isobar,10.0,631.1111111111111,0.4583715743355901,0.033265424845250136,0.41571964612943596,10.000009742380977
PerplexDEW (Davies),isobar,10.0,635.5555555555555,0.4718311865424481,0.03451064454168486,0.42804502420403645,10.000009696777974
PerplexDEW (Davies),isobar,10.0,640.0,0.4855971101496041,0.03579227776668639,0.44065305709801483,10.000009650001218
PerplexDEW (Davies),isobar,10.0,644.4444444444445,0.4996754823245392,0.03711105722125459,0.45354927353094965,10.000009602081516
PerplexDEW (Davies),isobar,10.0,648.8888888888889,0.514072770768367,0.0384677272108402,0.4667394848563928,10.00000955305303
PerplexDEW (Davies),isobar,10.0,653.3333333333334,0.5287957083636514,0.03986303469823398,0.4802297230485909,10.00000950294835
PerplexDEW (Davies),isobar,10.0,657.7777777777778,0.5438513902584485,0.04129773616407158,0.49402632820658854,10.000009451802354
PerplexDEW (Davies),isobar,10.0,662.2222222222222,0.5592473083727626,0.04277259819382518,0.5081359783014874,10.000009399652283
PerplexDEW (Davies),isobar,10.0,666.6666666666667,0.5749913061459894,0.044288389717994016,0.5225656453160024,10.000009346534128
PerplexDEW (Davies),isobar,10.0,671.1111111111111,0.5910917184317547,0.04584589273603284,0.5373227218282811,10.000009292487745
PerplexDEW (Davies),isobar,10.0,675.5555555555555,0.6075573010700301,0.0474458914667398,0.5524149536993115,10.00000923755198
PerplexDEW (Davies),isobar,10.0,680.0,0.624397383528444,0.04908918400025824,0.5678505781193111,10.000009181769844
PerplexDEW (Davies),isobar,10.0,684.4444444444445,0.641621765192445,0.05077656732863155,0.5836382253699315,10.000009125182421
PerplexDEW (Davies),isobar,10.0,688.8888888888889,0.6592409742691522,0.05250885957718426,0.5997871544265154,10.000009067837787
PerplexDEW (Davies),isobar,10.0,693.3333333333334,0.6772660699788169,0.05428687454889882,0.6163070677711863,10.000009009781252
PerplexDEW (Davies),isobar,10.0,697.7777777777778,0.6957088828911834,0.05611144147532175,0.633208329558465,10.00000895106306
PerplexDEW (Davies),isobar,10.0,702.2222222222222,0.7145820836281493,0.05798340672064338,0.6505020254757656,10.000008891738615
PerplexDEW (Davies),isobar,10.0,706.6666666666667,0.7338989951702344,0.05990360794167901,0.6681997865273537,10.000008831860132
PerplexDEW (Davies),isobar,10.0,711.1111111111111,0.7536740134235177,0.06187291202725574,0.6863141724003756,10.000008771489297
PerplexDEW (Davies),isobar,10.0,715.5555555555555,0.7739223090729173,0.06389217672268799,0.7048583933382524,10.000008710685314
PerplexDEW (Davies),isobar,10.0,720.0,0.7946602826812644,0.06596229158319082,0.7238467246995453,10.000008649517556
PerplexDEW (Davies),isobar,10.0,724.4444444444445,0.8159053355827102,0.06808414591263957,0.7432942920582594,10.000008588056238
PerplexDEW (Davies),isobar,10.0,728.8888888888889,0.8376760661082086,0.0702586413464623,0.7632172472943823,10.000008526376577
PerplexDEW (Davies),isobar,10.0,733.3333333333334,0.8599924515676969,0.07248670248389086,0.783632931151806,10.000008464561764
PerplexDEW (Davies),isobar,10.0,737.7777777777778,0.8828757206428519,0.07476925401654629,0.8045597513970091,10.000008402697539
PerplexDEW (Davies),isobar,10.0,742.2222222222222,0.906348727828494,0.07710725076156127,0.8260175215888172,10.000008340880132
PerplexDEW (Davies),isobar,10.0,746.6666666666667,0.9304358299760781,0.07950165411705315,0.8480273426987925,10.000008279211029
PerplexDEW (Davies),isobar,10.0,751.1111111111111,0.9551630896803593,0.0819534427315416,0.8706117844748928,10.000008217800232
PerplexDEW (Davies),isobar,10.0,755.5555555555555,0.9805583963672186,0.08446361378276364,0.8937949910092122,10.000008156767262
PerplexDEW (Davies),isobar,10.0,760.0,1.0066517686344734,0.08703320261228854,0.9176029517761369,10.000008096245717
PerplexDEW (Davies),isobar,10.0,764.4444444444445,1.0334750426358348,0.08966323712475556,0.9420632109175048,10.000008036375114
PerplexDEW (Davies),isobar,10.0,768.8888888888889,1.0610624607867758,0.09235478625582401,0.9672053999153668,10.000007977311634
PerplexDEW (Davies),isobar,10.0,773.3333333333334,1.0894506645291748,0.09510894485212587,0.9930612246835262,10.000007919226043
PerplexDEW (Davies),isobar,10.0,777.7777777777778,1.1186788571812525,0.09792683573210703,1.0196646080996477,10.000007862305386
PerplexDEW (Davies),isobar,10.0,782.2222222222222,1.1487888343704433,0.10080959752311537,1.0470517117890585,10.000007806752546
PerplexDEW (Davies),isobar,10.0,786.6666666666667,1.1798254317319687,0.10375841443318207,1.0752613378796987,10.000007752792877
PerplexDEW (Davies),isobar,10.0,791.1111111111111,1.2118364373740682,0.10677449047387573,1.1043348429362219,10.000007700671912
PerplexDEW (Davies),isobar,10.0,795.5555555555555,1.2448732447535242,0.10985909747064998,1.1343167251370172,10.000007650664617
PerplexDEW (Davies),isobar,10.0,800.0,1.2789904616582148,0.11301351754438216,1.165254262379348,10.0000076030692
PerplexDEW (Davies),isobar,10.0,804.4444444444445,1.3142464164015122,0.1162390751126829,1.1971979661490533,10.00000755821469
PerplexDEW (Davies),isobar,10.0,808.8888888888889,1.3507037609344792,0.11953717546908069,1.2302021213140775,10.00000751646869
PerplexDEW (Davies),isobar,10.0,813.3333333333334,1.3884289355229156,0.12290923268208943,1.264324294872332,10.000007478231222
PerplexDEW (Davies),isobar,10.0,817.7777777777778,1.427493133152269,0.12635674145270687,1.2996262029083652,10.000007443947604
PerplexDEW (Davies),isobar,10.0,822.2222222222222,1.4679723258820176,0.12988125696464628,1.3361737274806371,10.00000741410968
PerplexDEW (Davies),isobar,10.0,826.6666666666667,1.5099473361908857,0.13348437976264985,1.3740369754534194,10.00000738925866
PerplexDEW (Davies),isobar,10.0,831.1111111111111,1.553504441442937,0.137167788697836,1.4132908181366495,10.00000736999382
PerplexDEW (Davies),isobar,10.0,835.5555555555555,1.5987358449331401,0.14093325871220094,1.4540153091296069,10.000007356979486
PerplexDEW (Davies),isobar,10.0,840.0,1.6457393023520808,0.14478260421563946,1.4962953433604,10.000007350945362
PerplexDEW (Davies),isobar,10.0,844.4444444444445,1.6946194380714132,0.14871776945229837,1.540221835089537,10.000007352702056
PerplexDEW (Davies),isobar,10.0,848.8888888888889,1.745487108674821,0.1527407486516515,1.5858911418188442,10.000007363140753
PerplexDEW (Davies),isobar,10.0,853.3333333333334,1.7984610084691173,0.1568536950247455,1.633406499208236,10.000007383250948
PerplexDEW (Davies),isobar,10.0,857.7777777777778,1.8536666850727903,0.16105881316405918,1.6828771354916663,10.000007414119889
PerplexDEW (Davies),isobar,10.0,862.2222222222222,1.9112379431280933,0.16535844810700767,1.7344195250151717,10.000007456949902
PerplexDEW (Davies),isobar,10.0,866.6666666666667,1.9713173795703185,0.16975509829505217,1.7881578620982228,10.000007513069544
PerplexDEW (Davies),isobar,10.0,871.1111111111111,2.034056021221609,0.1742513607573048,1.8442237356947653,10.000007583941112
PerplexDEW (Davies),isobar,10.0,875.5555555555557,2.099614070662949,0.17884996344704415,1.9027567946055468,10.00000767117613
PerplexDEW (Davies),isobar,10.0,880.0,2.1681628306491283,0.18355387648554414,1.9639064581033376,10.000007776556254
PerplexDEW (Davies),isobar,10.0,884.4444444444445,2.2398827165396433,0.18836614109079483,2.0278301483049415,10.000007902037373
PerplexDEW (Davies),isobar,10.0,888.8888888888889,2.3149659866901375,0.19329003751807236,2.0946957185399686,10.000008049776929
PerplexDEW (Davies),isobar,10.0,893.3333333333334,2.3936163488751956,0.1983290274490913,2.1646811042710037,10.000008222148246
PerplexDEW (Davies),isobar,10.0,897.7777777777778,2.476049783456869,0.2034867824876116,2.237975056142733,10.000008421761924
PerplexDEW (Davies),isobar,10.0,902.2222222222222,2.5624951969279914,0.2087671993836962,2.3147777226053297,10.000008651488118
PerplexDEW (Davies),isobar,10.0,906.6666666666667,2.6531951051375557,0.21417441624309178,2.3953012593367644,10.000008914480714
PerplexDEW (Davies),isobar,10.0,911.1111111111111,2.7484063473292855,0.21971282977657575,2.479770466501944,10.000009214203578
PerplexDEW (Davies),isobar,10.0,915.5555555555557,2.848400832170728,0.22538711364696737,2.5684234549234075,10.00000955445888
PerplexDEW (Davies),isobar,10.0,920.0,2.953465960199309,0.23120221834234317,2.661512027978697,10.000009939417744
PerplexDEW (Davies),isobar,12.0,490.0,0.1772729105306081,0.00956916574196168,0.15915027173293866,9.737050709850584
PerplexDEW (Davies),isobar,12.0,492.22222222222223,0.18056772418187372,0.009803266479805504,0.16213918906504876,9.777537579923315
PerplexDEW (Davies),isobar,12.0,494.44444444444446,0.18391044852827743,0.01004202182107412,0.16517216558322556,9.818307474947238
PerplexDEW (Davies),isobar,12.0,496.6666666666667,0.18730155636660292,0.010285501506007077,0.16824964540665868,9.85936427268932
PerplexDEW (Davies),isobar,12.0,498.8888888888889,0.19074152279157974,0.010533775943963526,0.17137207485949468,9.900712030421309
PerplexDEW (Davies),isobar,12.0,501.1111111111111,0.19423081083668445,0.010786915193154521,0.1745398893439384,9.942354806562378
PerplexDEW (Davies),isobar,12.0,503.3333333333333,0.1977698994703453,0.011044990927322298,0.17775353890410128,9.98429703213311
PerplexDEW (Davies),isobar,12.0,505.55555555555554,0.20135925508583788,0.01130807441566468,0.18101346217558156,10.000010664972312
PerplexDEW (Davies),isobar,12.0,507.77777777777777,0.2049993682716737,0.011576239148822122,0.18432011997887043,10.000010673143773
PerplexDEW (Davies),isobar,12.0,510.0,0.20869070154350233,0.011849557079669906,0.1876739475434384,10.000010680826545
PerplexDEW (Davies),isobar,12.0,512.2222222222222,0.21243375785857896,0.012128103574269359,0.19107541712885742,10.000010688025188
PerplexDEW (Davies),isobar,12.0,514.4444444444445,0.2162290035045835,0.012411951807748492,0.19452496752132456,10.000010694738947
PerplexDEW (Davies),isobar,12.0,516.6666666666666,0.2200769220657772,0.012701176677747103,0.1980230533614357,10.00001070096922
PerplexDEW (Davies),isobar,12.0,518.8888888888889,0.2239780160244704,0.012995854955176824,0.2015701466141856,10.000010706719603
PerplexDEW (Davies),isobar,12.0,521.1111111111111,0.22793276554437145,0.013296062219659371,0.20516669885507,10.00001071199048
PerplexDEW (Davies),isobar,12.0,523.3333333333334,0.23194166107739772,0.013601875264106738,0.20881317108574798,10.000010716783327
PerplexDEW (Davies),isobar,12.0,525.5555555555555,0.2360052042408752,0.013913372174559518,0.21251003453436754,10.000010721100743
PerplexDEW (Davies),isobar,12.0,527.7777777777778,0.2401238905711525,0.01423063102395126,0.2162577548612111,10.000010724944273
PerplexDEW (Davies),isobar,12.0,530.0,0.2442982180137796,0.014553730499939133,0.2200567999166545,10.000010728315475
PerplexDEW (Davies),isobar,12.0,532.2222222222222,0.24852868700305886,0.014882749903778868,0.22390763980293146,10.000010731215925
PerplexDEW (Davies),isobar,12.0,534.4444444444445,0.2528158005474113,0.015217769149141408,0.2278107469409168,10.000010733647223
PerplexDEW (Davies),isobar,12.0,536.6666666666666,0.2571600741169076,0.015558869529082175,0.2317666051177369,10.000010735612108
PerplexDEW (Davies),isobar,12.0,538.8888888888889,0.2615620167051491,0.015906132235616238,0.23577569212632288,10.000010737112229
PerplexDEW (Davies),isobar,12.0,541.1111111111111,0.2660221401932589,0.01625963907163609,0.2398384883279011,10.000010738149257
PerplexDEW (Davies),isobar,12.0,543.3333333333334,0.2705409594630999,0.016619472449566478,0.24395547674205087,10.000010738724884
PerplexDEW (Davies),isobar,12.0,545.5555555555555,0.2751189925179871,0.016985715389959414,0.24812714314309092,10.000010738840817
PerplexDEW (Davies),isobar,12.0,547.7777777777778,0.27975677136059335,0.017358452387782684,0.25235398602047293,10.00001073849991
PerplexDEW (Davies),isobar,12.0,550.0,0.28445481028222047,0.017737766849974867,0.2566364874865815,10.000010737702794
PerplexDEW (Davies),isobar,12.0,552.2222222222222,0.28921364861792165,0.018123744524305055,0.2609751524653977,10.000010736452383
PerplexDEW (Davies),isobar,12.0,554.4444444444445,0.29403381885713403,0.01851647091616217,0.26537047943355596,10.000010734750443
PerplexDEW (Davies),isobar,12.0,556.6666666666666,0.29891586892773814,0.018916033088938453,0.26982298084308187,10.000010732599941
PerplexDEW (Davies),isobar,12.0,558.8888888888889,0.30386031631547045,0.019322515865633244,0.2743331410039297,10.00001073000042
PerplexDEW (Davies),isobar,12.0,561.1111111111111,0.30886772901126636,0.019736008489694642,0.2789014903417255,10.000010726956024
PerplexDEW (Davies),isobar,12.0,563.3333333333334,0.31393865673705773,0.020156598940548956,0.28352854227289365,10.000010723468625
PerplexDEW (Davies),isobar,12.0,565.5555555555555,0.3190736538684233,0.02058437579691979,0.288214814214904,10.000010719540116
PerplexDEW (Davies),isobar,12.0,567.7777777777778,0.3242732796536882,0.02101942823518688,0.2929608277656636,10.000010715172415
PerplexDEW (Davies),isobar,12.0,570.0,0.3295380984448173,0.02146184602770606,0.29776710889299124,10.000010710367455
PerplexDEW (Davies),isobar,12.0,572.2222222222222,0.3348686799412394,0.021911719541130647,0.3026341881349902,10.000010705127188
PerplexDEW (Davies),isobar,12.0,574.4444444444445,0.3402656128078569,0.02236914088599246,0.30756261308619887,10.000010699454748
PerplexDEW (Davies),isobar,12.0,576.6666666666666,0.34572946534262067,0.0228342005146411,0.31255291224151827,10.000010693350971
PerplexDEW (Davies),isobar,12.0,578.8888888888889,0.351260852585055,0.023306992978520208,0.3176056566212271,10.000010686820206
PerplexDEW (Davies),isobar,12.0,581.1111111111111,0.3568603416452409,0.023787608706533906,0.3227213727610182,10.000010679862163
PerplexDEW (Davies),isobar,12.0,583.3333333333334,0.36252854747437213,0.02427614227739492,0.32790063067947917,10.000010672480071
PerplexDEW (Davies),isobar,12.0,585.5555555555555,0.36826609315105857,0.024772688969373496,0.33314400736464733,10.000010664677193
PerplexDEW (Davies),isobar,12.0,587.7777777777778,0.3740735805526323,0.025277342124801212,0.338452059778851,10.000010656454462
PerplexDEW (Davies),isobar,12.0,590.0,0.3799516486141286,0.02579019825287829,0.34382537837943467,10.0000106478152
PerplexDEW (Davies),isobar,12.0,592.2222222222222,0.3859009147908825,0.026311351807297045,0.34926453327022833,10.00001063876039
PerplexDEW (Davies),isobar,12.0,594.4444444444445,0.39192205108720596,0.026840901935526837,0.3547701440749602,10.000010629294573
PerplexDEW (Davies),isobar,12.0,596.6666666666666,0.3980156770244146,0.027378942846631435,0.3603427814762903,10.000010619417608
PerplexDEW (Davies),isobar,12.0,598.8888888888889,0.4041824680767204,0.02792557350227381,0.36598306689799953,10.00001060913292
PerplexDEW (Davies),isobar,12.0,601.1111111111111,0.4104231108139175,0.028480893572440873,0.37169163122055027,10.00001059844396
PerplexDEW (Davies),isobar,12.0,603.3333333333334,0.4167382698560039,0.029045000357406654,0.37746908433613297,10.000010587351856
PerplexDEW (Davies),isobar,12.0,605.5555555555555,0.42312865381775344,0.02961799475387102,0.3833160757729944,10.00001057586012
PerplexDEW (Davies),isobar,12.0,607.7777777777778,0.42959496663773405,0.030199976764203586,0.3892332498766152,10.000010563971129
PerplexDEW (Davies),isobar,12.0,610.0,0.4361379066698996,0.03079104532521923,0.39522124492156707,10.000010551686081
PerplexDEW (Davies),isobar,12.0,612.2222222222222,0.4427582196922964,0.03139130317173792,0.401280741848829,10.000010539008606
PerplexDEW (Davies),isobar,12.0,614.4444444444445,0.44945666598745004,0.03200085375942542,0.40741243392880117,10.000010525942368
PerplexDEW (Davies),isobar,12.0,616.6666666666666,0.45623396517964315,0.03261979600511422,0.41361697592957686,10.000010512487481
PerplexDEW (Davies),isobar,12.0,618.8888888888889,0.4630909436212697,0.033248238069159254,0.4198951197368883,10.000010498650086
PerplexDEW (Davies),isobar,12.0,621.1111111111111,0.4700283312500732,0.033886278157824246,0.4262475272956359,10.00001048442917
PerplexDEW (Davies),isobar,12.0,623.3333333333334,0.4770469680641564,0.03453402394596236,0.43267496063523475,10.000010469829762
PerplexDEW (Davies),isobar,12.0,625.5555555555555,0.4841476736183679,0.035191580179058074,0.4391781616695387,10.000010454854527
PerplexDEW (Davies),isobar,12.0,627.7777777777778,0.4913312850435829,0.03585905218388882,0.44575788713746234,10.000010439506184
PerplexDEW (Davies),isobar,12.0,630.0,0.49859865786790547,0.03653654586897797,0.4524149092980047,10.000010423787494
PerplexDEW (Davies),isobar,12.0,632.2222222222222,0.5059506668734459,0.037224167725271075,0.4591500166557557,10.000010407701268
PerplexDEW (Davies),isobar,12.0,634.4444444444445,0.5133882069883897,0.03792202482701806,0.46596401471700416,10.000010391250362
PerplexDEW (Davies),isobar,12.0,636.6666666666667,0.5209122159212122,0.03863022695429489,0.4728577467692867,10.000010374438897
PerplexDEW (Davies),isobar,12.0,638.8888888888889,0.5285236107590578,0.039348880318774114,0.4798320354161454,10.000010357268627
PerplexDEW (Davies),isobar,12.0,641.1111111111111,0.5362233526205806,0.0400780937546059,0.4868877420507954,10.000010339742573
PerplexDEW (Davies),isobar,12.0,643.3333333333334,0.5440124724033553,0.040817981198543775,0.494025790501603,10.00001032186623
PerplexDEW (Davies),isobar,12.0,645.5555555555555,0.5518919364079372,0.04156864833890112,0.5012470431774404,10.000010303640316
PerplexDEW (Davies),isobar,12.0,647.7777777777778,0.5598628050451676,0.042330208140230724,0.5085524471764441,10.000010285069239
PerplexDEW (Davies),isobar,12.0,650.0,0.5679261438246481,0.04310277195810007,0.515942952213067,10.000010266156263
PerplexDEW (Davies),isobar,12.0,652.2222222222222,0.5760830470392442,0.043886451753179845,0.5234195323492776,10.000010246904708
PerplexDEW (Davies),isobar,12.0,654.4444444444445,0.5843346639046006,0.04468136259266157,0.5309832099860039,10.0000102273192
PerplexDEW (Davies),isobar,12.0,656.6666666666667,0.5926821261589733,0.045487615262536814,0.5386349890788891,10.000010207401973
PerplexDEW (Davies),isobar,12.0,658.8888888888889,0.6011266223457873,0.04630532356510652,0.5463759234727907,10.00001018715658
PerplexDEW (Davies),isobar,12.0,661.1111111111111,0.6096694013777288,0.04713460457736681,0.5542071200874399,10.000010166587838
PerplexDEW (Davies),isobar,12.0,663.3333333333334,0.6183116964459439,0.04797557080605784,0.562129668727473,10.000010145698237
PerplexDEW (Davies),isobar,12.0,665.5555555555555,0.6270548303416624,0.04882834069974687,0.5701447389957901,10.000010124492759
PerplexDEW (Davies),isobar,12.0,667.7777777777778,0.6359001390430062,0.04969303075262318,0.5782535098008517,10.00001010297526
PerplexDEW (Davies),isobar,12.0,670.0,0.6448489991041558,0.05056975811150734,0.5864571944775607,10.000010081149684
PerplexDEW (Davies),isobar,12.0,672.2222222222222,0.6539028578750056,0.05145864351086654,0.5947570685060055,10.000010059021271
PerplexDEW (Davies),isobar,12.0,674.4444444444445,0.6630631218482131,0.0523597996295494,0.6031543665699942,10.00001003659172
PerplexDEW (Davies),isobar,12.0,676.6666666666667,0.6723313279746295,0.053273348491395804,0.6116504402136231,10.000010013866456
PerplexDEW (Davies),isobar,12.0,678.8888888888889,0.6817090630992996,0.05419941304019778,0.6202466835149054,10.000009990851007
PerplexDEW (Davies),isobar,12.0,681.1111111111111,0.6911979050480686,0.05513811083172866,0.6289444787191791,10.000009967548577
PerplexDEW (Davies),isobar,12.0,683.3333333333334,0.7007995436593346,0.056089566340761475,0.6377453075522599,10.000009943964894
PerplexDEW (Davies),isobar,12.0,685.5555555555555,0.7105156619313377,0.057053898436732094,0.6466506416615904,10.000009920103375
PerplexDEW (Davies),isobar,12.0,687.7777777777778,0.7203480613691828,0.05803123317685563,0.6556620578753418,10.00000989596997
PerplexDEW (Davies),isobar,12.0,690.0,0.7302985717408629,0.0590216942070871,0.6647811549834967,10.000009871569524
PerplexDEW (Davies),isobar,12.0,692.2222222222222,0.740369050721394,0.06002540245907685,0.6740095532830537,10.00000984690581
PerplexDEW (Davies),isobar,12.0,694.4444444444445,0.7505615188554773,0.061042490024719044,0.683349018620065,10.00000982198632
PerplexDEW (Davies),isobar,12.0,696.6666666666667,0.7608779298392109,0.06207307586720467,0.692801250861788,10.000009796813863
PerplexDEW (Davies),isobar,12.0,698.8888888888889,0.771320406639164,0.0631172902759014,0.7023681009994971,10.000009771395
PerplexDEW (Davies),isobar,12.0,701.1111111111111,0.7818911462997676,0.0641752646476716,0.7120514833822736,10.000009745736426
PerplexDEW (Davies),isobar,12.0,703.3333333333334,0.7925923502966012,0.06524712386779732,0.7218533115150298,10.00000971984255
PerplexDEW (Davies),isobar,12.0,705.5555555555555,0.8034263320316624,0.06633299731266738,0.7317755967644382,10.00000969371915
PerplexDEW (Davies),isobar,12.0,707.7777777777778,0.8143955230757235,0.0674330192259394,0.7418204538984605,10.000009667373355
PerplexDEW (Davies),isobar,12.0,710.0,0.8255023647983166,0.06854731698126587,0.7519900012967159,10.000009640810038
PerplexDEW (Davies),isobar,12.5,490.0,0.18087559489090854,0.00977315581504319,0.16239428378316906,9.820784029938508
PerplexDEW (Davies),isobar,12.5,492.22222222222223,0.1842385872351639,0.010012524764389828,0.1654453922965229,9.861965663265568
PerplexDEW (Davies),isobar,12.5,494.44444444444446,0.1876505355593172,0.010256662957373227,0.1685415281846141,9.90343790540872
PerplexDEW (Davies),isobar,12.5,496.6666666666667,0.19111192496886842,0.010505642148416742,0.17168314713947075,9.94520485573836
PerplexDEW (Davies),isobar,12.5,498.8888888888889,0.19462322887380168,0.010759533791193968,0.17487069427669286,9.987270620301926
PerplexDEW (Davies),isobar,12.5,501.1111111111111,0.198184943627943,0.011018411465266324,0.1781046357608817,10.00001066181535
PerplexDEW (Davies),isobar,12.5,503.3333333333333,0.20179754662237576,0.011282347927095863,0.1813854205241805,10.00001067279996
PerplexDEW (Davies),isobar,12.5,505.55555555555554,0.20546152412948065,0.011551417062756513,0.1847135056897663,10.000010683295576
PerplexDEW (Davies),isobar,12.5,507.77777777777777,0.2091773720493121,0.011825693955500864,0.1880893572535159,10.000010693304285
PerplexDEW (Davies),isobar,12.5,510.0,0.21294558112486517,0.012105253822893486,0.19151343656530245,10.000010702827163
PerplexDEW (Davies),isobar,12.5,512.2222222222222,0.21676664418059025,0.012390172527718742,0.1949862069347464,10.000010711865317
PerplexDEW (Davies),isobar,12.5,514.4444444444445,0.22064105616596558,0.012680526577473475,0.19850813366306475,10.000010720419867
PerplexDEW (Davies),isobar,12.5,516.6666666666666,0.22456932245376143,0.012976393736682362,0.20207969162630057,10.000010728493036
PerplexDEW (Davies),isobar,12.5,518.8888888888889,0.22855193446225944,0.013277851219201279,0.205701342967552,10.000010736084942
PerplexDEW (Davies),isobar,12.5,521.1111111111111,0.23258940240359646,0.013584978108799491,0.20937356704470533,10.000010743197858
PerplexDEW (Davies),isobar,12.5,523.3333333333334,0.23668223075882064,0.013897853535908633,0.21309683798577983,10.000010749833022
PerplexDEW (Davies),isobar,12.5,525.5555555555555,0.24083093534470812,0.014216557952400904,0.21687164029688416,10.000010755992767
PerplexDEW (Davies),isobar,12.5,527.7777777777778,0.24503600793477848,0.014541170435313508,0.22069843646334275,10.00001076167623
PerplexDEW (Davies),isobar,12.5,530.0,0.24929798776473563,0.014871774129446383,0.22457773240397488,10.000010766887948
PerplexDEW (Davies),isobar,12.5,532.2222222222222,0.2536173717074677,0.015208449378883679,0.22850999521672444,10.0000107716271
PerplexDEW (Davies),isobar,12.5,534.4444444444445,0.25799468681436794,0.015551279272689263,0.23249571958913834,10.00001077589612
PerplexDEW (Davies),isobar,12.5,536.6666666666666,0.2624304539390292,0.015900346845261402,0.23653539447553246,10.000010779696389
PerplexDEW (Davies),isobar,12.5,538.8888888888889,0.2669251969203247,0.01625573577057715,0.24062951149248907,10.0000107830293
PerplexDEW (Davies),isobar,12.5,541.1111111111111,0.2714794528540376,0.016617531167421592,0.2447785743201103,10.000010785897373
PerplexDEW (Davies),isobar,12.5,543.3333333333334,0.2760937421227318,0.016985817218753405,0.24898307121954716,10.00001078830096
PerplexDEW (Davies),isobar,12.5,545.5555555555555,0.2807686087872874,0.017360680357874123,0.2532435120384094,10.000010790242618
PerplexDEW (Davies),isobar,12.5,547.7777777777778,0.28550459044617243,0.017742206868265633,0.25756040056919266,10.000010791723835
PerplexDEW (Davies),isobar,12.5,550.0,0.29030222835359376,0.018130483669215748,0.2619342438057126,10.000010792746119
PerplexDEW (Davies),isobar,12.5,552.2222222222222,0.2951620787151571,0.018525599224356457,0.26636556228807207,10.000010793312105
PerplexDEW (Davies),isobar,12.5,554.4444444444445,0.30008467984928977,0.0189276408545463,0.2708548599631436,10.000010793422236
PerplexDEW (Davies),isobar,12.5,556.6666666666666,0.30507059652077917,0.019336698333835726,0.2754026648325598,10.00001079307919
PerplexDEW (Davies),isobar,12.5,558.8888888888889,0.3101203751558654,0.019752860203617262,0.280009487846034,10.000010792283438
PerplexDEW (Davies),isobar,12.5,561.1111111111111,0.31523460182157753,0.02017621854485995,0.28467587608564127,10.00001079103884
PerplexDEW (Davies),isobar,12.5,563.3333333333334,0.3204138202904778,0.02060686215893579,0.28940233754726913,10.000010789344763
PerplexDEW (Davies),isobar,12.5,565.5555555555555,0.32565862725552286,0.021044884478520192,0.29418942851204144,10.000010787205126
PerplexDEW (Davies),isobar,12.5,567.7777777777778,0.330969601128305,0.021490377611732957,0.29903768816905085,10.000010784621603
PerplexDEW (Davies),isobar,12.5,570.0,0.33634730006773617,0.02194343209807726,0.3039476367649868,10.000010781593613
PerplexDEW (Davies),isobar,12.5,572.2222222222222,0.34179235166618976,0.022404144519063533,0.3089198579467939,10.000010778126281
PerplexDEW (Davies),isobar,12.5,574.4444444444445,0.3473053389664604,0.022872607788534546,0.3139548940590179,10.000010774220211
PerplexDEW (Davies),isobar,12.5,576.6666666666666,0.3528868503982968,0.023348915340326768,0.31905329196795945,10.000010769876013
PerplexDEW (Davies),isobar,12.5,578.8888888888889,0.35853752152394613,0.02383316473460011,0.3242156413953432,10.000010765097766
PerplexDEW (Davies),isobar,12.5,581.1111111111111,0.36425795459207716,0.024325450675059312,0.32944250097771344,10.000010759886125
PerplexDEW (Davies),isobar,12.5,583.3333333333334,0.370048786805453,0.024825870895439067,0.3347344609626769,10.00001075424407
PerplexDEW (Davies),isobar,12.5,585.5555555555555,0.3759106494510534,0.025334522573481226,0.3400921056215357,10.000010748173457
PerplexDEW (Davies),isobar,12.5,587.7777777777778,0.3818441670195816,0.025851502188170936,0.34551601239892216,10.000010741675018
PerplexDEW (Davies),isobar,12.5,590.0,0.3878500015812405,0.02637690941398752,0.35100679267494483,10.000010734751802
PerplexDEW (Davies),isobar,12.5,592.2222222222222,0.3939288097264926,0.026910843282128345,0.3565650521470286,10.000010727405746
PerplexDEW (Davies),isobar,12.5,594.4444444444445,0.4000812729567053,0.0274534048494146,0.3621914187363412,10.000010719639974
PerplexDEW (Davies),isobar,12.5,596.6666666666666,0.4063080358676811,0.028004691589200444,0.36788648569673454,10.000010711454145
PerplexDEW (Davies),isobar,12.5,598.8888888888889,0.41260983199902695,0.028564808702527554,0.37365092732387306,10.00001070285377
PerplexDEW (Davies),isobar,12.5,601.1111111111111,0.41898732659728677,0.029133854860301404,0.379485354290799,10.000010693838567
PerplexDEW (Davies),isobar,12.5,603.3333333333334,0.4254412273995575,0.02971193216444312,0.3853904155008925,10.000010684410611
PerplexDEW (Davies),isobar,12.5,605.5555555555555,0.43197228801364657,0.030299146474908747,0.39136680116849165,10.000010674574357
PerplexDEW (Davies),isobar,12.5,607.7777777777778,0.43858122470325506,0.030895599712618092,0.3974151662059523,10.000010664330782
PerplexDEW (Davies),isobar,12.5,610.0,0.4452687655094562,0.031501394273688886,0.40353617536412045,10.000010653680885
PerplexDEW (Davies),isobar,12.5,612.2222222222222,0.4520357047041614,0.03211663806140989,0.40973055330411734,10.00001064262924
PerplexDEW (Davies),isobar,12.5,614.4444444444445,0.45888281671152803,0.03274143644655704,0.4159990053292773,10.000010631178101
PerplexDEW (Davies),isobar,12.5,616.6666666666666,0.4658108723109933,0.03337589366152115,0.42234223223479195,10.000010619328583
PerplexDEW (Davies),isobar,12.5,618.8888888888889,0.47282069446589137,0.03402011798449036,0.4287609816451773,10.0000106070842
PerplexDEW (Davies),isobar,12.5,621.1111111111111,0.4799130853435897,0.03467421479916926,0.43525598077533567,10.000010594446147
PerplexDEW (Davies),isobar,12.5,623.3333333333334,0.48708892165418616,0.03533829555418804,0.4418280241453554,10.000010581419211
PerplexDEW (Davies),isobar,12.5,625.5555555555555,0.4943490211442263,0.03601246499340076,0.44847785059865763,10.00001056800348
PerplexDEW (Davies),isobar,12.5,627.7777777777778,0.5016942986595193,0.036696835953598225,0.45520628693331633,10.000010554203845
PerplexDEW (Davies),isobar,12.5,630.0,0.5091256297260454,0.03739151624239732,0.46201412222333754,10.000010540021677
PerplexDEW (Davies),isobar,12.5,632.2222222222222,0.5166439300615173,0.038096616154032606,0.46890218096473046,10.000010525459581
PerplexDEW (Davies),isobar,12.5,634.4444444444445,0.5242501582728437,0.03881224867713783,0.4758713254941759,10.000010510521413
PerplexDEW (Davies),isobar,12.5,636.6666666666667,0.5319452536668866,0.0395385233567962,0.4829223986405431,10.000010495208697
PerplexDEW (Davies),isobar,12.5,638.8888888888889,0.5397302218058759,0.04027555451414516,0.49005630244585285,10.00001047952539
PerplexDEW (Davies),isobar,12.5,641.1111111111111,0.547606072044418,0.0410234550663022,0.49727394055896595,10.000010463474323
PerplexDEW (Davies),isobar,12.5,643.3333333333334,0.5555738396035429,0.04178233856148586,0.5045762384849908,10.000010447058383
PerplexDEW (Davies),isobar,12.5,645.5555555555555,0.5636345867447043,0.04255231918176374,0.511964144583831,10.00001043028052
PerplexDEW (Davies),isobar,12.5,647.7777777777778,0.5717894039912024,0.0433335117461087,0.5194386311094447,10.000010413143743
PerplexDEW (Davies),isobar,12.5,650.0,0.5800394113991815,0.04412603171385051,0.5270006952922142,10.000010395651131
PerplexDEW (Davies),isobar,12.5,652.2222222222222,0.5883857842868043,0.04492999763340147,0.5346513829479276,10.00001037780703
PerplexDEW (Davies),isobar,12.5,654.4444444444445,0.5968296822231058,0.04574552391125458,0.5423917229714663,10.000010359613452
PerplexDEW (Davies),isobar,12.5,656.6666666666667,0.6053723472796804,0.04657273050009768,0.5502228177434665,10.00001034107488
PerplexDEW (Davies),isobar,12.5,658.8888888888889,0.614015007036075,0.04741173302313396,0.5581457536843762,10.000010322193479
PerplexDEW (Davies),isobar,12.5,661.1111111111111,0.6227589762931279,0.048262652861279884,0.5661616948420471,10.00001030297389
PerplexDEW (Davies),isobar,12.5,663.3333333333334,0.6316055833649701,0.049125609575801574,0.5742718148898764,10.000010283419623
PerplexDEW (Davies),isobar,12.5,665.5555555555555,0.6405561965723522,0.05000072340971915,0.5824773214207304,10.000010263534282
PerplexDEW (Davies),isobar,12.5,667.7777777777778,0.6496122259745015,0.050888115295091976,0.5907794574286043,10.000010243321542
PerplexDEW (Davies),isobar,12.5,670.0,0.6587751251672215,0.05178790686089386,0.5991795028478321,10.000010222785175
PerplexDEW (Davies),isobar,12.5,672.2222222222222,0.6680464216033306,0.0527002233651201,0.6076788023538179,10.000010201930234
PerplexDEW (Davies),isobar,12.5,674.4444444444445,0.6774276052061768,0.05362518206715422,0.6162786626660053,10.00001018075827
PerplexDEW (Davies),isobar,12.5,676.6666666666667,0.6869203290835384,0.05456291264707045,0.6249805372511941,10.000010159275726
PerplexDEW (Davies),isobar,12.5,678.8888888888889,0.6965262418935402,0.05551353979175341,0.6337858718201163,10.000010137486733
PerplexDEW (Davies),isobar,12.5,681.1111111111111,0.7062470154722413,0.056477185780331396,0.6426961296455859,10.000010115394334
PerplexDEW (Davies),isobar,12.5,683.3333333333334,0.7160844374554093,0.057453979852893154,0.6517128766934319,10.00001009300407
PerplexDEW (Davies),isobar,12.5,685.5555555555555,0.7260403242617222,0.05844404898702306,0.6608377013648017,10.000010070320378
PerplexDEW (Davies),isobar,12.5,687.7777777777778,0.736116520847811,0.05944751760451108,0.670072214138138,10.000010047346624
PerplexDEW (Davies),isobar,12.5,690.0,0.7463149983985907,0.060464517498532586,0.6794181373264587,10.000010024088668
PerplexDEW (Davies),isobar,12.5,692.2222222222222,0.7566377960688004,0.061495181539835714,0.6888772512874799,10.000010000552487
PerplexDEW (Davies),isobar,12.5,694.4444444444445,0.767086922285616,0.06253963307376685,0.698451303471451,10.000009976740586
PerplexDEW (Davies),isobar,12.5,696.6666666666667,0.7776645896839864,0.06359801021193938,0.7081422244051602,10.000009952660376
PerplexDEW (Davies),isobar,12.5,698.8888888888889,0.7883729846718464,0.06467044144566529,0.7179519155258416,10.00000992831581
PerplexDEW (Davies),isobar,12.5,701.1111111111111,0.799214403969498,0.06575705963905748,0.727882374622377,10.000009903712165
PerplexDEW (Davies),isobar,12.5,703.3333333333334,0.8101912244521635,0.06685799857355156,0.737935667912662,10.000009878854847
PerplexDEW (Davies),isobar,12.5,705.5555555555555,0.8213059433095085,0.06797339686208526,0.7481139667740494,10.000009853750601
PerplexDEW (Davies),isobar,12.5,707.7777777777778,0.8325611094304051,0.06910339040877432,0.7584194844747035,10.000009828405114
PerplexDEW (Davies),isobar,12.5,710.0,0.8439593235621368,0.07024811207534225,0.7688544761624637,10.000009802823033
PerplexDEW (Davies),isobar,15.0,490.0,0.1986408124277475,0.010768630123619857,0.17838022526000252,10.000010455671875
PerplexDEW (Davies),isobar,15.0,492.22222222222223,0.20233567223606472,0.011033445759348002,0.18173391649035003,10.000010476748127
PerplexDEW (Davies),isobar,15.0,494.44444444444446,0.20608445927277833,0.01130357558001256,0.18513723968476495,10.000010497354724
PerplexDEW (Davies),isobar,15.0,496.6666666666667,0.2098877216669588,0.01157910115284556,0.18859070964067068,10.000010517493273
PerplexDEW (Davies),isobar,15.0,498.8888888888889,0.21374598985944165,0.0118601034105059,0.19209482510961445,10.000010537162684
PerplexDEW (Davies),isobar,15.0,501.1111111111111,0.21765981062301074,0.012146665020803079,0.19565009985026965,10.000010556363735
PerplexDEW (Davies),isobar,15.0,503.3333333333333,0.22162972646030668,0.012438868941945017,0.19925704380532325,10.00001057509632
PerplexDEW (Davies),isobar,15.0,505.55555555555554,0.22565627495038013,0.012736798356819868,0.2029161624898145,10.000010593359425
PerplexDEW (Davies),isobar,15.0,507.77777777777777,0.22974001861660778,0.01304053881851704,0.20662798428241702,10.000010611154869
PerplexDEW (Davies),isobar,15.0,510.0,0.23388149657898588,0.013350174769869263,0.21039301622612877,10.000010628481219
PerplexDEW (Davies),isobar,15.0,512.2222222222222,0.23808127361070616,0.01366579308215349,0.21421178886251802,10.000010645339893
PerplexDEW (Davies),isobar,15.0,514.4444444444445,0.24233989796853855,0.013987479986502826,0.21808481766646792,10.000010661729979
PerplexDEW (Davies),isobar,15.0,516.6666666666666,0.2466579366650973,0.01431532364781057,0.2220126352906886,10.00001067765249
PerplexDEW (Davies),isobar,15.0,518.8888888888889,0.2510359476840682,0.014649412116043713,0.2259957661423558,10.000010693107033
PerplexDEW (Davies),isobar,15.0,521.1111111111111,0.25547450458490073,0.014989835145580145,0.23003474888124498,10.000010708094681
PerplexDEW (Davies),isobar,15.0,523.3333333333334,0.25997417161207226,0.015336682330861108,0.23413011363215375,10.000010722615091
PerplexDEW (Davies),isobar,15.0,525.5555555555555,0.26453552481744275,0.01569004468081653,0.23828240130139244,10.000010736668907
PerplexDEW (Davies),isobar,15.0,527.7777777777778,0.26915913486096,0.016050013310907683,0.2424921478198473,10.000010750255834
PerplexDEW (Davies),isobar,15.0,530.0,0.2738455893780682,0.016416681140742077,0.24675990460885355,10.000010763377054
PerplexDEW (Davies),isobar,15.0,532.2222222222222,0.27859547085878683,0.016790141197871415,0.25108621831155176,10.000010776032799
PerplexDEW (Davies),isobar,15.0,534.4444444444445,0.28340936071358397,0.017170486904762295,0.25547163449574845,10.000010788222838
PerplexDEW (Davies),isobar,15.0,536.6666666666666,0.2882878536197354,0.017557813184130654,0.2599167107811195,10.000010799947935
PerplexDEW (Davies),isobar,15.0,538.8888888888889,0.2932315486138556,0.01795221576454075,0.26442200866541177,10.00001081120889
PerplexDEW (Davies),isobar,15.0,541.1111111111111,0.298241039122004,0.01835379037538718,0.2689880843673922,10.000010822005533
PerplexDEW (Davies),isobar,15.0,543.3333333333334,0.3033169380222038,0.018762634715240832,0.2736155117798542,10.000010832339207
PerplexDEW (Davies),isobar,15.0,545.5555555555555,0.30845985294157285,0.01917884648452365,0.27830485980870623,10.000010842210273
PerplexDEW (Davies),isobar,15.0,547.7777777777778,0.31367038550184634,0.019602523285984746,0.28305669165329583,10.000010851618123
PerplexDEW (Davies),isobar,15.0,550.0,0.31894916327287665,0.020033765183489476,0.28787159408882157,10.00001086056417
PerplexDEW (Davies),isobar,15.0,552.2222222222222,0.32429681417621115,0.020472672637668905,0.29275015397596604,10.000010869049346
PerplexDEW (Davies),isobar,15.0,554.4444444444445,0.32971396057293323,0.020919345989062338,0.2976929528091876,10.000010877073604
PerplexDEW (Davies),isobar,15.0,556.6666666666666,0.3352012415335963,0.02137388725566473,0.3027005871228734,10.00001088463793
PerplexDEW (Davies),isobar,15.0,558.8888888888889,0.3407592906556304,0.021836398290683085,0.3077736481129819,10.000010891742303
PerplexDEW (Davies),isobar,15.0,561.1111111111111,0.3463887651512659,0.02230698316748374,0.3129127483061819,10.000010898388265
PerplexDEW (Davies),isobar,15.0,563.3333333333334,0.3520903173256164,0.022785745795436203,0.31811849535682374,10.000010904576362
PerplexDEW (Davies),isobar,15.0,565.5555555555555,0.3578646061933344,0.023272790850702208,0.32339150267796124,10.000010910307157
PerplexDEW (Davies),isobar,15.0,567.7777777777778,0.36371228518486987,0.023768222703274028,0.3287323781207413,10.0000109155802
PerplexDEW (Davies),isobar,15.0,570.0,0.3696340526866695,0.024272149680068612,0.33414177035872034,10.000010920398173
PerplexDEW (Davies),isobar,15.0,572.2222222222222,0.3756305774158419,0.024784677705579176,0.3396203003231476,10.000010924760673
PerplexDEW (Davies),isobar,15.0,574.4444444444445,0.3817025618503599,0.025305915664732836,0.34516861942486965,10.000010928669399
PerplexDEW (Davies),isobar,15.0,576.6666666666666,0.387850690806711,0.025835970960725832,0.3507873622821075,10.000010932123994
PerplexDEW (Davies),isobar,15.0,578.8888888888889,0.394075684588137,0.02637495405911737,0.35647719551305657,10.00001093512621
PerplexDEW (Davies),isobar,15.0,581.1111111111111,0.40037824573175707,0.026922973837046695,0.3622387687659723,10.000010937675734
PerplexDEW (Davies),isobar,15.0,583.3333333333334,0.4067591283733414,0.02748014359840418,0.36807277842824854,10.000010939775434
PerplexDEW (Davies),isobar,15.0,585.5555555555555,0.4132190407966683,0.02804657248855585,0.37397987801483457,10.000010941423989
PerplexDEW (Davies),isobar,15.0,587.7777777777778,0.41975875913324756,0.028622375450429276,0.37996078263902194,10.000010942624337
PerplexDEW (Davies),isobar,15.0,590.0,0.42637902772173875,0.029207664386189023,0.38601617737013344,10.00001094337627
PerplexDEW (Davies),isobar,15.0,592.2222222222222,0.4330806169965091,0.029802553218431223,0.39214677040355805,10.00001094368066
PerplexDEW (Davies),isobar,15.0,594.4444444444445,0.4398643253672713,0.03040715803858998,0.3983532947485591,10.0000109435395
PerplexDEW (Davies),isobar,15.0,596.6666666666666,0.44673094949105163,0.031021594386623483,0.40463648083896264,10.00001094295373
PerplexDEW (Davies),isobar,15.0,598.8888888888889,0.4536812835624335,0.03164597709647741,0.41099705582048107,10.00001094192327
PerplexDEW (Davies),isobar,15.0,601.1111111111111,0.46071616779247687,0.0322804246426967,0.4174357880927061,10.000010940450194
PerplexDEW (Davies),isobar,15.0,603.3333333333334,0.46783644184040074,0.032925054857239365,0.42395344441675464,10.000010938535572
PerplexDEW (Davies),isobar,15.0,605.5555555555555,0.47504296111793,0.033579986336797464,0.4305508048532899,10.000010936180493
PerplexDEW (Davies),isobar,15.0,607.7777777777778,0.4823366148314659,0.034245340047791124,0.4372286793058726,10.000010933387179
PerplexDEW (Davies),isobar,15.0,610.0,0.4897182667528312,0.03492123376291492,0.4439878529501686,10.000010930155177
PerplexDEW (Davies),isobar,15.0,612.2222222222222,0.4971888506541679,0.03560779083687478,0.4508291739960198,10.000010926487333
PerplexDEW (Davies),isobar,15.0,614.4444444444445,0.5047492665923927,0.03630513047191747,0.4577534581648118,10.000010922383284
PerplexDEW (Davies),isobar,15.0,616.6666666666666,0.5124005067325027,0.037013379414960156,0.46476160443224923,10.000010917847067
PerplexDEW (Davies),isobar,15.0,618.8888888888889,0.5201435025853366,0.03773265751744951,0.47185445433716633,10.000010912877855
PerplexDEW (Davies),isobar,15.0,621.1111111111111,0.5279792624667466,0.038463090576563844,0.47903291843990536,10.000010907478154
PerplexDEW (Davies),isobar,15.0,623.3333333333334,0.5359087799739467,0.03920480158982524,0.48629789198796947,10.00001090164833
PerplexDEW (Davies),isobar,15.0,625.5555555555555,0.5439331308612637,0.03995791988365502,0.4936503440276319,10.000010895392096
PerplexDEW (Davies),isobar,15.0,627.7777777777778,0.5520533582812293,0.04072257005191695,0.5010912116573734,10.000010888709927
PerplexDEW (Davies),isobar,15.0,630.0,0.5602705714100038,0.04149888128002269,0.5086214907492197,10.000010881604545
PerplexDEW (Davies),isobar,15.0,632.2222222222222,0.5685858458585946,0.042286977625816236,0.5162421441528109,10.000010874075448
PerplexDEW (Davies),isobar,15.0,634.4444444444445,0.5770003681656188,0.043086991875397815,0.5239542346599654,10.000010866126585
PerplexDEW (Davies),isobar,15.0,636.6666666666667,0.5855153148213855,0.043899053723118565,0.5317588135045619,10.000010857759774
PerplexDEW (Davies),isobar,15.0,638.8888888888889,0.594131872036301,0.044723291506504136,0.5396569384620922,10.000010848975787
PerplexDEW (Davies),isobar,15.0,641.1111111111111,0.6028513023086832,0.045559838589683585,0.547649735051417,10.000010839777682
PerplexDEW (Davies),isobar,15.0,643.3333333333334,0.6116748815776538,0.046408827075941066,0.5557383385475416,10.000010830167477
PerplexDEW (Davies),isobar,15.0,645.5555555555555,0.6206039104754651,0.04727038873542691,0.5639239042316397,10.000010820146708
PerplexDEW (Davies),isobar,15.0,647.7777777777778,0.6296397502408841,0.048144658402681444,0.5722076403510605,10.000010809718084
PerplexDEW (Davies),isobar,15.0,650.0,0.6387838025208492,0.0490317718302941,0.5805907893969307,10.000010798884412
PerplexDEW (Davies),isobar,15.0,652.2222222222222,0.6480374868775197,0.04993186326307909,0.5890746072649076,10.00001078764745
PerplexDEW (Davies),isobar,15.0,654.4444444444445,0.6574022777024576,0.05084506893051638,0.5976603971245744,10.000010776009587
PerplexDEW (Davies),isobar,15.0,656.6666666666667,0.6668797197704143,0.05177152844408099,0.6063495236098511,10.00001076397442
PerplexDEW (Davies),isobar,15.0,658.8888888888889,0.6764713556292067,0.05271137729959961,0.6151433458146245,10.000010751543394
PerplexDEW (Davies),isobar,15.0,661.1111111111111,0.6861788014827404,0.05366475429233601,0.6240432870352428,10.00001073871916
PerplexDEW (Davies),isobar,15.0,663.3333333333334,0.6960037515502894,0.054631801782287284,0.633050838634552,10.000010725505563
PerplexDEW (Davies),isobar,15.0,665.5555555555555,0.7059479287251531,0.055612660481615346,0.6421675144560043,10.00001071190543
PerplexDEW (Davies),isobar,15.0,667.7777777777778,0.7160131121030278,0.05660747200188397,0.6513948760191505,10.000010697921681
PerplexDEW (Davies),isobar,15.0,670.0,0.7262011115344468,0.057616376010261226,0.6607345089344254,10.000010683556196
PerplexDEW (Davies),isobar,15.0,672.2222222222222,0.7365138529081253,0.05863951869693225,0.6701881012514719,10.000010668813205
PerplexDEW (Davies),isobar,15.0,674.4444444444445,0.7469533278998406,0.05967704741372736,0.6797573970174027,10.000010653697032
PerplexDEW (Davies),isobar,15.0,676.6666666666667,0.7575215086417832,0.06072910161485968,0.6894441175706456,10.000010638208725
PerplexDEW (Davies),isobar,15.0,678.8888888888889,0.7682205522986805,0.06179583360249879,0.6992501496520903,10.00001062235393
PerplexDEW (Davies),isobar,15.0,681.1111111111111,0.7790525708762458,0.06287738455104744,0.7091773333674303,10.000010606133896
PerplexDEW (Davies),isobar,15.0,683.3333333333334,0.790019871556813,0.06397390898694008,0.7192276831599207,10.000010589554487
PerplexDEW (Davies),isobar,15.0,685.5555555555555,0.80112478151292,0.06508555640858951,0.7294032264027215,10.000010572619395
PerplexDEW (Davies),isobar,15.0,687.7777777777778,0.812369677926204,0.06621247402882577,0.7397060308413491,10.000010555331322
PerplexDEW (Davies),isobar,15.0,690.0,0.8237570538878409,0.06735481327060516,0.7501382650079305,10.000010537694193
PerplexDEW (Davies),isobar,15.0,692.2222222222222,0.8352895247773646,0.06851273010499442,0.7607022038522666,10.000010519713154
PerplexDEW (Davies),isobar,15.0,694.4444444444445,0.8469697672663549,0.06968637834894538,0.7714001724280701,10.000010501392358
PerplexDEW (Davies),isobar,15.0,696.6666666666667,0.8588005202297646,0.07087590936556805,0.7822345465315135,10.00001048273493
PerplexDEW (Davies),isobar,15.0,698.8888888888889,0.8707846908523981,0.07208148274146019,0.7932078499979369,10.00001046374637
PerplexDEW (Davies),isobar,15.0,701.1111111111111,0.8829252578450203,0.07330325579849875,0.8043226654931848,10.000010444431162
PerplexDEW (Davies),isobar,15.0,703.3333333333334,0.8952253089714187,0.07454138708656742,0.8155816687689426,10.000010424793901
PerplexDEW (Davies),isobar,15.0,705.5555555555555,0.9076880269592624,0.07579603447838631,0.826987615477601,10.000010404838756
PerplexDEW (Davies),isobar,15.0,707.7777777777778,0.9203167489811992,0.07706736094305798,0.8385433955424493,10.000010384571123
PerplexDEW (Davies),isobar,15.0,710.0,0.9331149364065747,0.07835553092377814,0.8502520050956469,10.000010363996527
PerplexDEW (Davies),isobar,17.5,490.0,0.21613143015699218,0.011734961810097842,0.1941050397166076,10.000010109701371
PerplexDEW (Davies),isobar,17.5,492.22222222222223,0.22014732817736285,0.012024141886725698,0.1977512641569678,10.000010136326118
PerplexDEW (Davies),isobar,17.5,494.44444444444446,0.2242218423681779,0.012319148749119144,0.2014514633661077,10.000010162518151
PerplexDEW (Davies),isobar,17.5,496.6666666666667,0.22835555484820125,0.012620071337233467,0.2052061846034784,10.000010188276011
PerplexDEW (Davies),isobar,17.5,498.8888888888889,0.23254905392356698,0.012926999680080686,0.20901598088007411,10.000010213598662
PerplexDEW (Davies),isobar,17.5,501.1111111111111,0.23680293449484419,0.01324002492877477,0.2128814113159344,10.000010238485507
PerplexDEW (Davies),isobar,17.5,503.3333333333333,0.24111779477779627,0.013559239127238163,0.2168030381370075,10.000010262935993
PerplexDEW (Davies),isobar,17.5,505.55555555555554,0.2454942288512582,0.013884734672138762,0.2207814198535189,10.000010286948756
PerplexDEW (Davies),isobar,17.5,507.77777777777777,0.24993284135127486,0.014216605358406067,0.22481712467759457,10.000010310523301
PerplexDEW (Davies),isobar,17.5,510.0,0.25443423263487563,0.014554945308416374,0.22891071695182846,10.000010333658315
PerplexDEW (Davies),isobar,17.5,512.2222222222222,0.25899901804925046,0.014899850365874363,0.23306277475525589,10.00001035635378
PerplexDEW (Davies),isobar,17.5,514.4444444444445,0.26362780884369935,0.01525141670532867,0.23727387243960046,10.000010378608854
PerplexDEW (Davies),isobar,17.5,516.6666666666666,0.2683212115092384,0.015609740759053524,0.2415445800056597,10.000010400421882
PerplexDEW (Davies),isobar,17.5,518.8888888888889,0.27307986085141955,0.01597492166869551,0.24587549334928577,10.000010421793771
PerplexDEW (Davies),isobar,17.5,521.1111111111111,0.27790436657995254,0.01634705730869592,0.25026718538098874,10.000010442722482
PerplexDEW (Davies),isobar,17.5,523.3333333333334,0.2827953675895129,0.016726248328247807,0.25472025567985646,10.000010463208561
PerplexDEW (Davies),isobar,17.5,525.5555555555555,0.28775348095312114,0.017112594308006494,0.2592352837951031,10.000010483249994
PerplexDEW (Davies),isobar,17.5,527.7777777777778,0.2927793587158897,0.017506198051543808,0.26381288122076096,10.00001050284782
PerplexDEW (Davies),isobar,17.5,530.0,0.2978736214661643,0.017907160513722306,0.2684536305566763,10.000010521999624
PerplexDEW (Davies),isobar,17.5,532.2222222222222,0.303036930625862,0.01831558632513482,0.27315815168940066,10.0000105407065
PerplexDEW (Davies),isobar,17.5,534.4444444444445,0.30826992955499316,0.018731579258536017,0.27792704783692945,10.00001055896738
PerplexDEW (Davies),isobar,17.5,536.6666666666666,0.3135732709442756,0.019155244317267645,0.2827609306149303,10.00001057678166
PerplexDEW (Davies),isobar,17.5,538.8888888888889,0.31894761245412173,0.0195866873860441,0.28766041602237813,10.000010594148748
PerplexDEW (Davies),isobar,17.5,541.1111111111111,0.3243936169155312,0.020026015231141944,0.29262612460409265,10.000010611068069
PerplexDEW (Davies),isobar,17.5,543.3333333333334,0.32991196290080654,0.020473336329847915,0.29765869112055915,10.000010627539975
PerplexDEW (Davies),isobar,17.5,545.5555555555555,0.335503319534772,0.020928758847729902,0.3027587414323055,10.000010643563495
PerplexDEW (Davies),isobar,17.5,547.7777777777778,0.3411683614232478,0.02139239179341689,0.3079269061562863,10.000010659137672
PerplexDEW (Davies),isobar,17.5,550.0,0.3469077907716006,0.021864346798845045,0.3131638409305245,10.000010674263367
PerplexDEW (Davies),isobar,17.5,552.2222222222222,0.3527222895137705,0.022344734224964875,0.3184701824807451,10.00001068893921
PerplexDEW (Davies),isobar,17.5,554.4444444444445,0.35861256247443585,0.02283366663248916,0.3238465881803795,10.000010703165215
PerplexDEW (Davies),isobar,17.5,556.6666666666666,0.3645793160904465,0.023331257031321797,0.32929371650333095,10.000010716940956
PerplexDEW (Davies),isobar,17.5,558.8888888888889,0.37062326998074063,0.02383761980528526,0.3348122376095539,10.000010730266487
PerplexDEW (Davies),isobar,17.5,561.1111111111111,0.37674513986015307,0.024352869265989934,0.3404028176305244,10.000010743140969
PerplexDEW (Davies),isobar,17.5,563.3333333333334,0.38294566729912566,0.024877122102578732,0.34606614595284824,10.000010755564968
PerplexDEW (Davies),isobar,17.5,565.5555555555555,0.38922558451098915,0.025410494408837175,0.35180290285813687,10.000010767537685
PerplexDEW (Davies),isobar,17.5,567.7777777777778,0.3955856383698018,0.025953103653446264,0.35761378153378065,10.000010779058806
PerplexDEW (Davies),isobar,17.5,570.0,0.40202658494993887,0.02650506819013316,0.36349948302260326,10.000010790128032
PerplexDEW (Davies),isobar,17.5,572.2222222222222,0.4085492030515933,0.027066508383234395,0.36946072860871926,10.00001080074605
PerplexDEW (Davies),isobar,17.5,574.4444444444445,0.41515425587877625,0.02763754328275176,0.37549822457248405,10.000010810911666
PerplexDEW (Davies),isobar,17.5,576.6666666666666,0.4218425434131711,0.02821829507679095,0.3816127102599925,10.00001082062561
PerplexDEW (Davies),isobar,17.5,578.8888888888889,0.42861486391296105,0.028808885741182583,0.38780492266826083,10.000010829887696
PerplexDEW (Davies),isobar,17.5,581.1111111111111,0.4354720132695939,0.029409436906813635,0.3940755957990819,10.000010838696815
PerplexDEW (Davies),isobar,17.5,583.3333333333334,0.44241484148480126,0.03002007476299432,0.400425512520253,10.000010847054737
PerplexDEW (Davies),isobar,17.5,585.5555555555555,0.44944415523582393,0.030640921454811246,0.40685541495651584,10.00001085495945
PerplexDEW (Davies),isobar,17.5,587.7777777777778,0.456560831822248,0.03127210506044988,0.41336610917943434,10.000010862412795
PerplexDEW (Davies),isobar,17.5,590.0,0.4637657195608026,0.03191375073595548,0.4199583735848943,10.000010869413773
PerplexDEW (Davies),isobar,17.5,592.2222222222222,0.4710597035319257,0.03256598647665496,0.426633019279769,10.000010875962866
PerplexDEW (Davies),isobar,17.5,594.4444444444445,0.478443677102189,0.03322894052429963,0.4333908638390654,10.000010882060097
PerplexDEW (Davies),isobar,17.5,596.6666666666666,0.4859185499548373,0.03390274201242742,0.4402327386266538,10.000010887705532
PerplexDEW (Davies),isobar,17.5,598.8888888888889,0.49348524888792994,0.03458752096708261,0.4471594894641695,10.000010892899272
PerplexDEW (Davies),isobar,17.5,601.1111111111111,0.5011447268586907,0.03528340906030823,0.45417198488426047,10.000010897641948
PerplexDEW (Davies),isobar,17.5,603.3333333333334,0.5088979478715193,0.03599053815552051,0.4612711021582737,10.000010901933745
PerplexDEW (Davies),isobar,17.5,605.5555555555555,0.5167458956891815,0.03670904101339095,0.46845773523547074,10.000010905774888
PerplexDEW (Davies),isobar,17.5,607.7777777777778,0.5246895661505548,0.03743905048991548,0.4757327875969221,10.000010909165153
PerplexDEW (Davies),isobar,17.5,610.0,0.5327300113926698,0.03818070355430514,0.48309721287287044,10.000010912106342
PerplexDEW (Davies),isobar,17.5,612.2222222222222,0.5408682544707395,0.03893413325794773,0.4905519361868636,10.00001091459733
PerplexDEW (Davies),isobar,17.5,614.4444444444445,0.5491053950909442,0.03969947848246823,0.4980979513777503,10.00001091664003
PerplexDEW (Davies),isobar,17.5,616.6666666666666,0.557442513575364,0.04047687485917092,0.5057362325234491,10.00001091823391
PerplexDEW (Davies),isobar,17.5,618.8888888888889,0.5658807434821725,0.04126646146315972,0.513467800688934,10.000010919379987
PerplexDEW (Davies),isobar,17.5,621.1111111111111,0.5744212465103521,0.042068378356992994,0.521293700734047,10.000010920079342
PerplexDEW (Davies),isobar,17.5,623.3333333333334,0.5830651943524175,0.04288276473216199,0.5292149845062797,10.000010920332114
PerplexDEW (Davies),isobar,17.5,625.5555555555555,0.5918138080649575,0.04370976252688346,0.5372327469824639,10.000010920139502
PerplexDEW (Davies),isobar,17.5,627.7777777777778,0.6006683309339417,0.04454951371058606,0.545348101181386,10.00001091950227
PerplexDEW (Davies),isobar,17.5,630.0,0.60963002913268,0.04540216018904436,0.553562178657047,10.000010918420735
PerplexDEW (Davies),isobar,17.5,632.2222222222222,0.6187002341348494,0.04626784775927957,0.5618761684360032,10.000010916896802
PerplexDEW (Davies),isobar,17.5,634.4444444444445,0.6278802833338537,0.04714672021961688,0.5702912622235031,10.000010914930929
PerplexDEW (Davies),isobar,17.5,636.6666666666667,0.6371715730425819,0.04803892434088623,0.5788087030802938,10.00001091252466
PerplexDEW (Davies),isobar,17.5,638.8888888888889,0.6465755181713945,0.048944605774461185,0.5874297481667042,10.000010909678597
PerplexDEW (Davies),isobar,17.5,641.1111111111111,0.6560935969027488,0.04986391324177401,0.5961557097470237,10.00001090639443
PerplexDEW (Davies),isobar,17.5,643.3333333333334,0.6657273204242882,0.050796995394183156,0.6049879271824173,10.000010902673427
PerplexDEW (Davies),isobar,17.5,645.5555555555555,0.675478245554532,0.05174400185521278,0.6139277784148887,10.000010898516937
PerplexDEW (Davies),isobar,17.5,647.7777777777778,0.6853479885988691,0.05270508439833182,0.6229766925790079,10.000010893926897
PerplexDEW (Davies),isobar,17.5,650.0,0.6953381926637242,0.05368039349372448,0.6321361197532847,10.000010888904308
PerplexDEW (Davies),isobar,17.5,652.2222222222222,0.7054505765776784,0.05467008295080271,0.6414075758487734,10.000010883451287
PerplexDEW (Davies),isobar,17.5,654.4444444444445,0.7156868898107497,0.05567430520028981,0.6507926009385487,10.00001087756901
PerplexDEW (Davies),isobar,17.5,656.6666666666667,0.7260489632151187,0.05669321612905098,0.6602928058080816,10.000010871259779
PerplexDEW (Davies),isobar,17.5,658.8888888888889,0.7365386881147928,0.0577269727559794,0.6699098525269989,10.000010864525976
PerplexDEW (Davies),isobar,17.5,661.1111111111111,0.7471579929449971,0.05877573061033926,0.6796454327658474,10.000010857369064
PerplexDEW (Davies),isobar,17.5,663.3333333333334,0.7579088835992772,0.05983964752215934,0.6895013047561178,10.000010849791117
PerplexDEW (Davies),isobar,17.5,665.5555555555555,0.7687934339436401,0.0609188823937574,0.6994792843656032,10.000010841794301
PerplexDEW (Davies),isobar,17.5,667.7777777777778,0.7798138162967061,0.06201359801367152,0.7095812729516819,10.000010833381912
PerplexDEW (Davies),isobar,17.5,670.0,0.7909722231198925,0.06312395278699208,0.7198091850873503,10.0000108245553
PerplexDEW (Davies),isobar,17.5,672.2222222222222,0.8022709649998674,0.06425011038564007,0.7301650385281881,10.000010815317452
PerplexDEW (Davies),isobar,17.5,674.4444444444445,0.8137124342849105,0.06539223573496215,0.7406509205233914,10.000010805671476
PerplexDEW (Davies),isobar,17.5,676.6666666666667,0.8252990644627758,0.0665504904996489,0.7512689502264439,10.000010795619017
PerplexDEW (Davies),isobar,17.5,678.8888888888889,0.8370334348879994,0.06772504346262877,0.7620213748111493,10.000010785163914
PerplexDEW (Davies),isobar,17.5,681.1111111111111,0.8489181577420768,0.06891605855947353,0.7729104652509546,10.000010774308041
PerplexDEW (Davies),isobar,17.5,683.3333333333334,0.8609560319608006,0.07012371032916988,0.7839386576410532,10.000010763056489
PerplexDEW (Davies),isobar,17.5,685.5555555555555,0.8731498342136889,0.07134816198725977,0.7951083607354239,10.00001075141031
PerplexDEW (Davies),isobar,17.5,687.7777777777778,0.8855025373619992,0.07258958752524075,0.8064221565699022,10.000010739373781
PerplexDEW (Davies),isobar,17.5,690.0,0.8980172086515293,0.07384816079817479,0.8178827065701826,10.000010726950787
PerplexDEW (Davies),isobar,17.5,692.2222222222222,0.9106969962457674,0.07512405367310972,0.8294927389182576,10.000010714144272
PerplexDEW (Davies),isobar,17.5,694.4444444444445,0.9235451649898206,0.0764174392611195,0.8412550811540421,10.000010700957302
PerplexDEW (Davies),isobar,17.5,696.6666666666667,0.9365651705107538,0.07772849912893126,0.8531727279402538,10.000010687395134
PerplexDEW (Davies),isobar,17.5,698.8888888888889,0.9497604943960215,0.07905740571127685,0.8652486893717917,10.00001067346002
PerplexDEW (Davies),isobar,17.5,701.1111111111111,0.9631348553641408,0.08040434370028854,0.8774861846149402,10.00001065915745
PerplexDEW (Davies),isobar,17.5,703.3333333333334,0.976692005130359,0.08176948832876584,0.8898884541564962,10.000010644489919
PerplexDEW (Davies),isobar,17.5,705.5555555555555,0.9904359476582438,0.0831530275798425,0.9024589607532694,10.00001062946313
PerplexDEW (Davies),isobar,17.5,707.7777777777778,1.0043707655460432,0.08455514358844841,0.9152012297450532,10.000010614080844
PerplexDEW (Davies),isobar,17.5,710.0,1.0185006965994077,0.08597602000182042,0.9281189190194392,10.000010598346945
PerplexDEW (Davies),isobar,20.0,495.0,0.24327004510942804,0.013394043516792001,0.21858446528852435,10.000009711290497
PerplexDEW (Davies),isobar,20.0,496.1111111111111,0.24549809472450274,0.013556805778174546,0.2206087177771442,10.000009726156875
PerplexDEW (Davies),isobar,20.0,497.22222222222223,0.24774219239197026,0.013721189579051562,0.2226477590095946,10.000009740924481
PerplexDEW (Davies),isobar,20.0,498.3333333333333,0.2500024178337002,0.01388720724280166,0.22470166391232055,10.000009755593098
PerplexDEW (Davies),isobar,20.0,499.44444444444446,0.2522788509545543,0.014054871152714836,0.22677050760023343,10.000009770162528
PerplexDEW (Davies),isobar,20.0,500.55555555555554,0.25457156824821014,0.014224193494067013,0.22885436207552415,10.000009784632189
PerplexDEW (Davies),isobar,20.0,501.6666666666667,0.25688065362013407,0.014395187021378712,0.23095330611576204,10.000009799002244
PerplexDEW (Davies),isobar,20.0,502.77777777777777,0.2592061876390851,0.014567864297887277,0.23306741545386928,10.000009813272491
PerplexDEW (Davies),isobar,20.0,503.8888888888889,0.26154825110058866,0.014742237946952895,0.23519676603300083,10.000009827442728
PerplexDEW (Davies),isobar,20.0,505.0,0.26390692502962887,0.014918320652115352,0.2373414340087312,10.000009841512751
PerplexDEW (Davies),isobar,20.0,506.1111111111111,0.26628229068354986,0.015096125157133355,0.23950149575117774,10.00000985548236
PerplexDEW (Davies),isobar,20.0,507.22222222222223,0.26867442955498866,0.015275664266044481,0.24167702784742237,10.000009869351363
PerplexDEW (Davies),isobar,20.0,508.3333333333333,0.2710834233750135,0.015456950843204274,0.24386810710386325,10.00000988311956
PerplexDEW (Davies),isobar,20.0,509.44444444444446,0.27350935019637895,0.015639997527379993,0.24607480696425965,10.000009896786384
PerplexDEW (Davies),isobar,20.0,510.55555555555554,0.275952303996735,0.01582481816158194,0.24829721543493055,10.000009910352762
PerplexDEW (Davies),isobar,20.0,511.6666666666667,0.27841235548223975,0.016011424933526964,0.25053539924224566,10.000009923817379
PerplexDEW (Davies),isobar,20.0,512.7777777777778,0.2808895912910682,0.01619983123526512,0.2527894396806949,10.000009937180419
PerplexDEW (Davies),isobar,20.0,513.8888888888889,0.2833840943971543,0.016390050233427142,0.25505941469324556,10.000009950441697
PerplexDEW (Davies),isobar,20.0,515.0,0.28589595214464564,0.01658209545992947,0.25734540621947033,10.000009963601398
PerplexDEW (Davies),isobar,20.0,516.1111111111111,0.28842523984868523,0.016775979597061515,0.2596474851924253,10.000009976658577
PerplexDEW (Davies),isobar,20.0,517.2222222222222,0.29097204953506717,0.016971716606676634,0.2619657378306155,10.000009989613813
PerplexDEW (Davies),isobar,20.0,518.3333333333334,0.29353646535983224,0.017169319909817897,0.26430024315054645,10.000010002466924
PerplexDEW (Davies),isobar,20.0,519.4444444444445,0.2961185674889184,0.017368802668070546,0.2666510765133484,10.000010015217345
PerplexDEW (Davies),isobar,20.0,520.5555555555555,0.29871843621027716,0.017570178087891408,0.2690183133861601,10.000010027864509
PerplexDEW (Davies),isobar,20.0,521.6666666666666,0.3013361693328817,0.017773460734435143,0.2714020452681726,10.000010040409387
PerplexDEW (Davies),isobar,20.0,522.7777777777778,0.30397183910381037,0.01797866328684209,0.27380234025674755,10.000010052850655
PerplexDEW (Davies),isobar,20.0,523.8888888888889,0.3066255397328621,0.018185800119860266,0.27621928654656336,10.000010065188896
PerplexDEW (Davies),isobar,20.0,525.0,0.30929735711525197,0.01839488502044304,0.2786529647156568,10.000010077423934
PerplexDEW (Davies),isobar,20.0,526.1111111111111,0.311987368425036,0.018605931146120306,0.2811034473487753,10.000010089554829
PerplexDEW (Davies),isobar,20.0,527.2222222222222,0.31469567359848233,0.018818953429277897,0.2835708278651151,10.000010101582564
PerplexDEW (Davies),isobar,20.0,528.3333333333334,0.31742235040005107,0.019033965145394537,0.28605517937328817,10.000010113506196
PerplexDEW (Davies),isobar,20.0,529.4444444444445,0.3201674858644131,0.01925098031306435,0.2885565834607027,10.000010125325547
PerplexDEW (Davies),isobar,20.0,530.5555555555555,0.322931172042198,0.01947001337468691,0.29107512629954957,10.00001013704084
PerplexDEW (Davies),isobar,20.0,531.6666666666666,0.3257134920362882,0.01969107811714091,0.29361088585570905,10.000010148651521
PerplexDEW (Davies),isobar,20.0,532.7777777777778,0.32851453866556507,0.01991418911411157,0.29616394898380827,10.000010160157801
PerplexDEW (Davies),isobar,20.0,533.8888888888889,0.3313344004584887,0.020139360642336138,0.2987343985966091,10.000010171559529
PerplexDEW (Davies),isobar,20.0,535.0,0.33417316630253907,0.020366607039960242,0.3013223179229204,10.000010182856531
PerplexDEW (Davies),isobar,20.0,536.1111111111111,0.33703092054481504,0.020595942320935666,0.3039277860168523,10.00001019404825
PerplexDEW (Davies),isobar,20.0,537.2222222222222,0.33990775762915454,0.02082738132250606,0.3065508911701684,10.000010205134922
PerplexDEW (Davies),isobar,20.0,538.3333333333334,0.3428037625659872,0.021060938171942743,0.3091917130142401,10.000010216115985
PerplexDEW (Davies),isobar,20.0,539.4444444444445,0.3457190357018988,0.021296628238528983,0.3118503452207566,10.000010226992075
PerplexDEW (Davies),isobar,20.0,540.5555555555555,0.34865365779002605,0.021534465372550517,0.31452686348528025,10.000010237762233
PerplexDEW (Davies),isobar,20.0,541.6666666666666,0.3516077250277402,0.021774464675915327,0.31722135764184567,10.000010248426706
PerplexDEW (Davies),isobar,20.0,542.7777777777778,0.35458132902945694,0.022016640916988513,0.3199339133050188,10.000010258985329
PerplexDEW (Davies),isobar,20.0,543.8888888888889,0.35757456183302827,0.02226100892571661,0.32266461645787115,10.000010269437956
PerplexDEW (Davies),isobar,20.0,545.0,0.3605875106304018,0.0225075831689397,0.3254135486187589,10.000010279784023
PerplexDEW (Davies),isobar,20.0,546.1111111111111,0.3636202788433925,0.02275637944413448,0.3281808061674384,10.000010290024182
PerplexDEW (Davies),isobar,20.0,547.2222222222222,0.36667294923036076,0.023007411911473447,0.3309664665117344,10.000010300157479
PerplexDEW (Davies),isobar,20.0,548.3333333333334,0.3697456263192201,0.023260696512160894,0.33377062700099325,10.000010310184566
PerplexDEW (Davies),isobar,20.0,549.4444444444445,0.3728383936082913,0.0235162475090474,0.33659336567170417,10.000010320104483
PerplexDEW (Davies),isobar,20.0,550.5555555555555,0.37595135677566616,0.02377408098754233,0.3394347808792912,10.000010329917894
PerplexDEW (Davies),isobar,20.0,551.6666666666666,0.3790846000988836,0.02403421131282226,0.34229495132079246,10.000010339623838
PerplexDEW (Davies),isobar,20.0,552.7777777777778,0.3822382304527688,0.02429665471497858,0.34517397639622327,10.000010349222983
PerplexDEW (Davies),isobar,20.0,553.8888888888889,0.385412332935716,0.02456142566115529,0.34807193549705107,10.000010358714366
PerplexDEW (Davies),isobar,20.0,555.0,0.3886070156683428,0.024828540526613315,0.35098892910853774,10.000010368098664
PerplexDEW (Davies),isobar,20.0,556.1111111111111,0.3918223761677596,0.025098014836408875,0.3539250479561151,10.000010377375732
PerplexDEW (Davies),isobar,20.0,557.2222222222222,0.395058500848553,0.025369863210100877,0.35688037254223987,10.000010386544607
PerplexDEW (Davies),isobar,20.0,558.3333333333334,0.3983154939176734,0.025644101752285174,0.3598549996638396,10.000010395605566
PerplexDEW (Davies),isobar,20.0,559.4444444444445,0.4015934603694022,0.025920746652037464,0.36284902680689796,10.000010404558873
PerplexDEW (Davies),isobar,20.0,560.5555555555555,0.40489249402855976,0.026199813181359978,0.3658625411685262,10.000010413403983
PerplexDEW (Davies),isobar,20.0,561.6666666666666,0.40821269515490427,0.02648131715789131,0.36889563581431617,10.000010422140754
PerplexDEW (Davies),isobar,20.0,562.7777777777778,0.4115541707230224,0.026765274973946384,0.3719484099359776,10.000010430769473
PerplexDEW (Davies),isobar,20.0,563.8888888888889,0.4149170162620139,0.027051702069975196,0.3750209521766399,10.000010439289582
PerplexDEW (Davies),isobar,20.0,565.0,0.4183013339380637,0.027340614449352138,0.37811335723064915,10.000010447700955
PerplexDEW (Davies),isobar,20.0,566.1111111111111,0.42170723284185874,0.027632028708287727,0.3812257261080997,10.000010456003874
PerplexDEW (Davies),isobar,20.0,567.2222222222222,0.4251348103384928,0.027925960455291166,0.3843581490067462,10.000010464197793
PerplexDEW (Davies),isobar,20.0,568.3333333333334,0.4285841706396334,0.028222425879605877,0.38751072236475353,10.000010472282579
PerplexDEW (Davies),isobar,20.0,569.4444444444445,0.43205542509862443,0.028521441782002426,0.3906835491324331,10.000010480258531
PerplexDEW (Davies),isobar,20.0,570.5555555555555,0.4355486730592094,0.02882302393866072,0.39387672117994266,10.000010488125096
PerplexDEW (Davies),isobar,20.0,571.6666666666666,0.4390640274707459,0.029127189287161855,0.39709034282385647,10.000010495882579
PerplexDEW (Davies),isobar,20.0,572.7777777777778,0.442601595681182,0.02943395428409582,0.4003245131834007,10.000010503530856
PerplexDEW (Davies),isobar,20.0,573.8888888888889,0.4461614725107993,0.029743334297815564,0.4035793198130746,10.000010511068957
PerplexDEW (Davies),isobar,20.0,575.0,0.4497437867003882,0.03005534761581529,0.4068548813759927,10.000010518498042
PerplexDEW (Davies),isobar,20.0,576.1111111111111,0.45334863464292774,0.030370009724340806,0.410151286757415,10.00001052581713
PerplexDEW (Davies),isobar,20.0,577.2222222222222,0.45697613361001255,0.03068733790447264,0.41346864396656224,10.000010533026536
PerplexDEW (Davies),isobar,20.0,578.3333333333334,0.4606263881866634,0.031007348322445245,0.4168070492935462,10.000010540125722
PerplexDEW (Davies),isobar,20.0,579.4444444444445,0.464299524472371,0.03133005900611423,0.42016661873708383,10.000010547115425
PerplexDEW (Davies),isobar,20.0,580.5555555555555,0.4679956348752121,0.03165548502199818,0.4235474372668836,10.000010553994253
PerplexDEW (Davies),isobar,20.0,581.6666666666666,0.4717148544724659,0.031983645152101,0.42694962900193556,10.000010560763384
PerplexDEW (Davies),isobar,20.0,582.7777777777778,0.4754572843296729,0.0323145551759491,0.43037328673169795,10.000010567421851
PerplexDEW (Davies),isobar,20.0,583.8888888888889,0.47922304760277373,0.03264823278971548,0.43381852347908173,10.00001057396998
PerplexDEW (Davies),isobar,20.0,585.0,0.48301226143156123,0.03298469513645326,0.4372854466644173,10.000010580407665
PerplexDEW (Davies),isobar,20.0,586.1111111111111,0.4868250366514248,0.03332395877066558,0.44077415783652224,10.000010586734373
PerplexDEW (Davies),isobar,20.0,587.2222222222222,0.490661507073678,0.033666042255798515,0.44428477959052576,10.000010592950868
PerplexDEW (Davies),isobar,20.0,588.3333333333334,0.494521778265273,0.034010961613111484,0.4478174084742709,10.00001059905619
PerplexDEW (Davies),isobar,20.0,589.4444444444445,0.49840597894814753,0.0343587348873966,0.45137216224302684,10.000010605050672
PerplexDEW (Davies),isobar,20.0,590.5555555555555,0.5023142392321693,0.03470938021580795,0.45494915984572154,10.00001061093466
PerplexDEW (Davies),isobar,20.0,591.6666666666666,0.5062466600283801,0.035062913075236166,0.4585484932939159,10.000010616706758
PerplexDEW (Davies),isobar,20.0,592.7777777777778,0.5102033966862574,0.035419353786026224,0.46217030457253566,10.000010622368618
PerplexDEW (Davies),isobar,20.0,593.8888888888889,0.5141845445281451,0.03577871722445494,0.46581468037205204,10.000010627918408
PerplexDEW (Davies),isobar,20.0,595.0,0.5181902540358119,0.036141023186365084,0.46948175801814257,10.000010633357356
PerplexDEW (Davies),isobar,20.0,596.1111111111111,0.5222206460786412,0.03650628874670365,0.47317164750641333,10.000010638684941
PerplexDEW (Davies),isobar,20.0,597.2222222222222,0.5262758505511188,0.0368745317394436,0.4768844670343154,10.000010643901096
PerplexDEW (Davies),isobar,20.0,598.3333333333334,0.5303559986832073,0.037245770061665726,0.4806203359265464,10.00001064900572
PerplexDEW (Davies),isobar,20.0,599.4444444444445,0.5344612230726226,0.03762002167361648,0.48437937466214814,10.000010653998755
PerplexDEW (Davies),isobar,20.0,600.5555555555555,0.538591657718135,0.037997304598761945,0.4881617049024479,10.000010658880127
PerplexDEW (Davies),isobar,20.0,601.6666666666666,0.5427474463262244,0.03837763768349316,0.49196745713073653,10.000010663650205
PerplexDEW (Davies),isobar,20.0,602.7777777777778,0.5469287093257363,0.03876103756692649,0.4957967403024678,10.000010668308045
PerplexDEW (Davies),isobar,20.0,603.8888888888889,0.5511356017433982,0.03914752399029815,0.49964969508903523,10.000010672854462
PerplexDEW (Davies),isobar,20.0,605.0,0.5553682467688433,0.03953711368648761,0.5035264327518497,10.000010677288511
PerplexDEW (Davies),psat,3.16674874006291e-05,25.0,0.00018403006085460273,2.596611187293109e-07,0.00014908504858036914,0.5240614737618235
PerplexDEW (Davies),psat,3.8971296034890025e-05,28.525252525252526,0.00019828368228542263,3.0189399138692855e-07,0.00016101171066827268,0.5274843767093312
PerplexDEW (Davies),psat,4.770372635983489e-05,32.05050505050505,0.00021353072257168448,3.501814102511273e-07,0.0001737918352554082,0.5317560326060431
PerplexDEW (Davies),psat,5.8093119737924695e-05,35.57575757575758,0.00022982356045387841,4.052602726840538e-07,0.00018747190542803868,0.5368161331205671
PerplexDEW (Davies),psat,7.039572688496795e-05,39.101010101010104,0.0002472167505301449,4.679399763069594e-07,0.0002021003527191744,0.5426143985375523
PerplexDEW (Davies),psat,8.48979454804781e-05,42.62626262626263,0.0002657670237406412,5.391076070111823e-07,0.00021772756213219268,0.5491086946645412
PerplexDEW (Davies),psat,0.00010191861255354801,46.15151515151515,0.0002853747101537085,6.193865253723382e-07,0.00023427552843518872,0.5561311357011723
PerplexDEW (Davies),psat,0.00012181134269627938,49.676767676767675,0.0003055108530164063,7.083846201756658e-07,0.0002513117123299248,0.5632102685373924
PerplexDEW (Davies),psat,0.00014496690272637378,53.2020202020202,0.0003269724012056509,8.087287023214235e-07,0.0002694941862135951,0.5709631187501751
PerplexDEW (Davies),psat,0.0001718156130765712,56.72727272727273,0.00034982376554479057,9.216431963270212e-07,0.000288880353477018,0.5793598135667954
PerplexDEW (Davies),psat,0.00020282976593169125,60.25252525252525,0.00037413217258001864,1.0484587637310515e-06,0.00030953010690273506,0.5883751836779059
PerplexDEW (Davies),psat,0.00023852604996343644,63.77777777777778,0.0003999678459188941,1.190619449926163e-06,0.0003315059855404852,0.5979881094038211
PerplexDEW (Davies),psat,0.0002794679714270711,67.3030303030303,0.0004274036412516954,1.3496884573570948e-06,0.0003548728779489433,0.608180642383109
PerplexDEW (Davies),psat,0.0003262682613799407,70.82828282828282,0.0004565153359479264,1.5273558877432288e-06,0.000379698266767034,0.6189376818469711
PerplexDEW (Davies),psat,0.00037959125885595255,74.35353535353535,0.0004873813858443015,1.7254450389086918e-06,0.0004060520304022911,0.630246396797003
PerplexDEW (Davies),psat,0.00044015525997838205,77.87878787878788,0.0005200829784465424,1.9459196554570544e-06,0.0004340064897257708,0.6420959139828694
PerplexDEW (Davies),psat,0.0005087348232109338,81.4040404040404,0.000554704000418543,2.190890990503651e-06,0.0004636363828453508,0.6544770109672678
PerplexDEW (Davies),psat,0.0005861630212284873,84.92929292929293,0.0005913311457048202,2.4626254905717014e-06,0.0004950189570455707,0.667381925790502
PerplexDEW (Davies),psat,0.0006733336302288337,88.45454545454545,0.0006300536634001239,2.763551069947994e-06,0.0005282337583051354,0.6808040288805681
PerplexDEW (Davies),psat,0.000771203247899121,91.97979797979798,0.0006709636068058474,3.0962654168538272e-06,0.0005633628401861652,0.694737772442876
PerplexDEW (Davies),psat,0.0008807933316895004,95.5050505050505,0.0007141556074213139,3.4635423037035e-06,0.0006004905737450263,0.7091784401751793
PerplexDEW (Davies),psat,0.0010031921495257904,99.03030303030303,0.0007597269992337684,3.868339364424242e-06,0.0006397037510637296,0.7241220811824054
PerplexDEW (Davies),psat,0.0011395566356065194,102.55555555555556,0.0008077777314179319,4.3138048521519055e-06,0.0006810915104491919,0.739565367880798
PerplexDEW (Davies),psat,0.0012911141444717424,106.08080808080808,0.0008584103963930266,4.803284846392317e-06,0.0007247453583526641,0.7555055186623186
PerplexDEW (Davies),psat,0.0014591640970957162,109.6060606060606,0.0009117299499639956,5.340328555554833e-06,0.0007707589300272699,0.7719401227768636
PerplexDEW (Davies),psat,0.0016450795133371896,113.13131313131312,0.0009678441122915534,5.9286972910459356e-06,0.0008192283262588711,0.7888672251586173
PerplexDEW (Davies),psat,0.0018503084256746045,116.65656565656565,0.0010268627377104673,6.572367183451065e-06,0.0008702515756605355,0.8062850550484579
PerplexDEW (Davies),psat,0.0020763751697535993,120.18181818181817,0.0010888982306863817,7.2755377900230394e-06,0.0009239289834679922,0.8241921321515139
PerplexDEW (Davies),psat,0.0023248815478766408,123.7070707070707,0.001154065202697523,8.042635760585577e-06,0.0009803628357244142,0.842587119909566
PerplexDEW (Davies),psat,0.0025975078621642976,127.23232323232322,0.001222480812522127,8.878322735028611e-06,0.0010396576847387668,0.8614689020343451
PerplexDEW (Davies),psat,0.002896013814711435,130.75757575757575,0.0012942636429768494,9.787492171033102e-06,0.0011019193852275341,0.880836234696631
PerplexDEW (Davies),psat,0.0032222392726451747,134.2828282828283,0.0013695348104612955,1.0775281834840038e-05,0.001167256034985934,0.9006880640911354
PerplexDEW (Davies),psat,0.003578104896561738,137.8080808080808,0.0014484171726136614,1.184707197960413e-05,0.0012357772924035805,0.9210232876679472
PerplexDEW (Davies),psat,0.0039656126313736195,141.33333333333331,0.0015310351258196553,1.300848676230545e-05,0.001307594195342733,0.9418407072841398
PerplexDEW (Davies),psat,0.004386846059133994,144.85858585858585,0.0016175147062706615,1.4265397571652845e-05,0.0013828192398849574,0.9631390636264343
PerplexDEW (Davies),psat,0.004843970613919506,148.3838383838384,0.0017079834420150436,1.5623923719912666e-05,0.0014615662457680254,0.9849170049799831
PerplexDEW (Davies),psat,0.005339233659344778,151.9090909090909,0.0018025698128395636,1.7090428443850182e-05,0.0015439498834663354,1.0071729721605711
PerplexDEW (Davies),psat,0.005874964429748883,155.43434343434342,0.0019014033514287332,1.867151975664878e-05,0.0016300857514798895,1.0299052445664278
PerplexDEW (Davies),psat,0.006453573836535782,158.95959595959596,0.0020046140071109976,2.0374043091305787e-05,0.0017200898181407532,1.0531118210034598
PerplexDEW (Davies),psat,0.007077554141565978,162.48484848484847,0.0021123327008096705,2.2205085009937517e-05,0.0018140788897659877,1.0767905669896884
PerplexDEW (Davies),psat,0.007749478499884221,166.010101010101,0.002224689750274773,2.4171953229778585e-05,0.0019121692401177866,1.100938910320004
PerplexDEW (Davies),psat,0.008472000374428095,169.53535353535352,0.002341815858382717,2.6282182547154462e-05,0.002014477451480615,1.1255540866535405
PerplexDEW (Davies),psat,0.009247852825694333,173.06060606060606,0.002463841412990115,2.8543521745473547e-05,0.0021211197982159632,1.1506330254873967
PerplexDEW (Davies),psat,0.010079847679643652,176.58585858585857,0.00259089498710956,3.09639079649078e-05,0.0022322109334683674,1.1761721082261103
PerplexDEW (Davies),psat,0.010970874577400971,180.11111111111111,0.002723104195983762,3.355146733164881e-05,0.0023478646161785377,1.2021673866432603
PerplexDEW (Davies),psat,0.011923899910556573,183.63636363636363,0.002860595058526284,3.63144967114853e-05,0.002468193143243251,1.2286145074375732
PerplexDEW (Davies),psat,0.012941965646094818,187.16161616161617,0.0030034915773035457,3.926144604948104e-05,0.0025933069696699876,1.2555086857955595
PerplexDEW (Davies),psat,0.014028188045172833,190.68686868686868,0.0031519145365874815,4.24008875170822e-05,0.0027233136467288144,1.2828445546987022
PerplexDEW (Davies),psat,0.015185756280140418,194.2121212121212,0.0033059811947941057,4.574149382824186e-05,0.002858317535301487,1.3106161810844892
PerplexDEW (Davies),psat,0.016417930954337075,197.73737373737373,0.003465804207484573,4.9292003015943915e-05,0.00299841884781919,1.3388169599423891
PerplexDEW (Davies),psat,0.017728042529322485,201.26262626262624,0.003631494400893288,5.306123989483192e-05,0.003143716049437956,1.3674401116429402
PerplexDEW (Davies),psat,0.019119489664294793,204.78787878787878,0.003803153303440022,5.705797831289078e-05,0.003294299321125291,1.3964775837804781
PerplexDEW (Davies),psat,0.020595737472526184,208.3131313131313,0.003980879232474492,6.129100759570143e-05,0.003450255848966141,1.4259210778504068
PerplexDEW (Davies),psat,0.022160315699699673,211.83838383838383,0.004164762062598042,6.57690209614081e-05,0.0036116652328566272,1.4557613280593735
PerplexDEW (Davies),psat,0.023816816829067538,215.36363636363635,0.004354884146502741,7.050059655064342e-05,0.0037786002652182562,1.4859883313745352
PerplexDEW (Davies),psat,0.025568894118365475,218.88888888888889,0.004551319492830652,7.549414845600678e-05,0.003951126187354845,1.5165913107558326
PerplexDEW (Davies),psat,0.027420259573418752,222.4141414141414,0.004754131628213911,8.075784985587919e-05,0.0041292987897684034,1.547558508785167
PerplexDEW (Davies),psat,0.029374681863355748,225.93939393939394,0.0049633723207375725,8.62995652812888e-05,0.004313163262613931,1.5788771194359579
PerplexDEW (Davies),psat,0.0314359841823141,229.46464646464645,0.005179084468320999,9.212685974520769e-05,0.004502756704064743,1.6105337562784867
PerplexDEW (Davies),psat,0.03360804206247664,232.989898989899,0.005401292811238219,9.824677055117401e-05,0.004698099933635259,1.642513349569994
PerplexDEW (Davies),psat,0.03589478114321435,236.5151515151515,0.005630009122441484,0.00010466584873384213,0.004899202015107225,1.674799938430441
PerplexDEW (Davies),psat,0.03830017490104275,240.04040404040404,0.00586522971077673,0.00011139005273925501,0.005106058031908219,1.7073764502555038
PerplexDEW (Davies),psat,0.04082824234501484,243.56565656565655,0.006106930604025177,0.00011842458326797453,0.005318644811332575,1.7402242333791196
PerplexDEW (Davies),psat,0.04348304568208156,247.0909090909091,0.006355070833703792,0.0001257738821817159,0.00553692378008752,1.7733235698259169
PerplexDEW (Davies),psat,0.04626868795684949,250.6161616161616,0.00660958555783602,0.0001334414099114095,0.005760834867071215,1.8066529849511594
PerplexDEW (Davies),psat,0.04918931067005719,254.14141414141412,,,,
PerplexDEW (Davies),psat,0.052249091379974154,257.66666666666663,,,,
PerplexDEW (Davies),psat,0.05545224129080594,261.19191919191917,0.00741034705107202,0.00015837089770758867,0.0064654163192509224,1.9077809885250936
PerplexDEW (Davies),psat,0.05880300283206092,264.7171717171717,0.007689194658549075,0.0001673223436472886,0.006710789065887446,1.941781346591505
PerplexDEW (Davies),psat,0.062305647232702675,268.24242424242425,0.007973683679452451,0.00017659027577787942,0.006961124739868411,1.9758772921888719
PerplexDEW (Davies),psat,0.06596447209377618,271.7676767676768,0.008263562051376804,0.00018616924343616023,0.007216194484810092,2.010034964244185
PerplexDEW (Davies),psat,0.06978379896305821,275.2929292929293,0.00855854526552923,0.0001960518918255785,0.007475740051052571,2.044218793544926
PerplexDEW (Davies),psat,0.0737679709151438,278.8181818181818,0.008858297520704304,0.00020622834371337504,0.007739457057159565,2.0783897299665215
PerplexDEW (Davies),psat,0.07792135014023042,282.34343434343435,0.009162438727111304,0.00021668623488150152,0.00800700113724357,2.1125061135173007
PerplexDEW (Davies),psat,0.08224831554473254,285.86868686868684,0.009470515574537553,0.00022740976091764368,0.008277962220945298,2.146521034171264
PerplexDEW (Davies),psat,0.08675326036669773,289.3939393939394,0.009782040294921997,0.00023838057729146193,0.00855189886042237,2.1803862440646506
PerplexDEW (Davies),psat,0.091440589808867,292.9191919191919,0.010096434687097904,0.0002495760540513432,0.008828288500654362,2.214046959778382
PerplexDEW (Davies),psat,0.09631471869206858,296.44444444444446,0.010413063652553222,0.00026097002238961817,0.009106557182089005,2.2474452257557775
PerplexDEW (Davies),psat,0.10138006913149601,299.96969696969694,0.010731201574724519,0.00027253159459604873,0.009386049622575495,2.28051692905626
PerplexDEW (Davies),psat,0.10664106823827953,303.4949494949495,0.01105002299732441,0.00028422463171242013,0.009666020852436053,2.313191162448859
PerplexDEW (Davies),psat,0.1121021458486162,307.020202020202,0.011368610116855877,0.00029600771938563167,0.009945642815279702,2.3453910583805166
PerplexDEW (Davies),psat,0.11776773228259453,310.5454545454545,0.011685928108608589,0.00030783314729864776,0.010223982369074718,2.3770317061348947
PerplexDEW (Davies),psat,0.12364225613470231,314.07070707070704,0.012000795215598848,0.00031964564994109575,0.01049997459714419,2.408017681953664
PerplexDEW (Davies),psat,0.12973014209788256,317.5959595959596,0.012311887034182229,0.00033138220232881366,0.010772426565792713,2.438243548917313
PerplexDEW (Davies),psat,0.1360358088228683,321.1212121212121,0.012617703607459898,0.0003429705987890444,0.01103998798298334,2.4675910635809215
PerplexDEW (Davies),psat,0.14256366681439595,324.6464646464646,0.012916519637357989,0.0003543273765218858,0.01130110679669795,2.495924970319629
PerplexDEW (Davies),psat,0.1493181163657802,328.17171717171715,0.013206393884378928,0.00036535767952284616,0.011554037569104884,2.5230937236696036
PerplexDEW (Davies),psat,0.15630354553320006,331.6969696969697,0.013485031685205878,0.0003759500177013028,0.011796718910730562,2.5489177827164076
PerplexDEW (Davies),psat,0.1635243281509449,335.22222222222223,0.013749852913701927,0.00038597803120339836,0.012026834168914752,2.5731948933441586
PerplexDEW (Davies),psat,0.17098482188873196,338.7474747474747,0.01399772401121477,0.0003952903582179497,0.012241572518518783,2.595677232709158
PerplexDEW (Davies),psat,0.1786893663521207,342.27272727272725,0.014224980789588008,0.00040371054674223937,0.012437649550479511,2.6160722148800444
PerplexDEW (Davies),psat,0.18664228122691862,345.7979797979798,0.0144270938715795,0.00041102392060511606,0.012611009133256171,2.6340131683970687
PerplexDEW (Davies),psat,0.19484786446838742,349.32323232323233,1.382403202074067e-07,2.5828279658949176e-10,1.1309599765451808e-07,6.529889115540119e-05
PerplexDEW (Davies),psat,0.20331039053594835,352.8484848484848,2.8853496647380187e-07,5.585001955615394e-10,2.363204340678166e-07,0.00013164278046666583
PerplexDEW (Davies),psat,0.21203410867399128,356.37373737373736,5.772779172375719e-07,1.157183258621821e-09,4.7333934423197996e-07,0.00025449544063261404
PerplexDEW (Davies),psat,0.2210232412393035,359.8989898989899,1.1104726808737602e-06,2.304349285174176e-09,9.115384281196239e-07,0.0004732226555421236
PerplexDEW (Davies),psat,0.23028198207553469,363.4242424242424,2.05893806226456e-06,4.421204585835226e-09,1.691938316360024e-06,0.0008484512213176214
PerplexDEW (Davies),psat,0.239814494935051,366.9494949494949,3.689599337403898e-06,8.195394459177733e-09,3.0352144139285063e-06,0.0014707857364062047
PerplexDEW (Davies),psat,0.24962491194841668,370.47474747474746,6.404299856808883e-06,1.4709394166061527e-08,5.2740667439423235e-06,0.0024705092093035993
PerplexDEW (Davies),psat,0.2597173321417023,374.0,1.0791001056631393e-05,2.561883005082434e-08,8.895993341252151e-06,0.0040297359605897904
