backend,curve_type,P_kbar,T_C,molality
PerplexDEW (Davies),isobar,0.000293842,19.0,388.5590454325439
PerplexDEW (Davies),isobar,0.000293842,20.01010101010101,388.5590454325439
PerplexDEW (Davies),isobar,0.000293842,21.02020202020202,388.5590454325439
PerplexDEW (Davies),isobar,0.000293842,22.03030303030303,388.5590454325439
PerplexDEW (Davies),isobar,0.000293842,23.04040404040404,
PerplexDEW (Davies),isobar,0.000293842,24.050505050505052,
PerplexDEW (Davies),isobar,0.000293842,25.060606060606062,
PerplexDEW (Davies),isobar,0.000293842,26.070707070707073,
PerplexDEW (Davies),isobar,0.000293842,27.080808080808083,
PerplexDEW (Davies),isobar,0.000293842,28.090909090909093,
PerplexDEW (Davies),isobar,0.000293842,29.101010101010104,
PerplexDEW (Davies),isobar,0.000293842,30.111111111111114,
PerplexDEW (Davies),isobar,0.000293842,31.12121212121212,
PerplexDEW (Davies),isobar,0.000293842,32.131313131313135,
PerplexDEW (Davies),isobar,0.000293842,33.141414141414145,
PerplexDEW (Davies),isobar,0.000293842,34.151515151515156,
PerplexDEW (Davies),isobar,0.000293842,35.161616161616166,
PerplexDEW (Davies),isobar,0.000293842,36.17171717171718,
PerplexDEW (Davies),isobar,0.000293842,37.18181818181819,
PerplexDEW (Davies),isobar,0.000293842,38.1919191919192,
PerplexDEW (Davies),isobar,0.000293842,39.20202020202021,
PerplexDEW (Davies),isobar,0.000293842,40.21212121212122,
PerplexDEW (Davies),isobar,0.000293842,41.22222222222223,
PerplexDEW (Davies),isobar,0.000293842,42.23232323232324,
PerplexDEW (Davies),isobar,0.000293842,43.24242424242424,
PerplexDEW (Davies),isobar,0.000293842,44.25252525252525,
PerplexDEW (Davies),isobar,0.000293842,45.26262626262626,
PerplexDEW (Davies),isobar,0.000293842,46.27272727272727,
PerplexDEW (Davies),isobar,0.000293842,47.282828282828284,
PerplexDEW (Davies),isobar,0.000293842,48.292929292929294,
PerplexDEW (Davies),isobar,0.000293842,49.303030303030305,
PerplexDEW (Davies),isobar,0.000293842,50.313131313131315,
PerplexDEW (Davies),isobar,0.000293842,51.323232323232325,
PerplexDEW (Davies),isobar,0.000293842,52.333333333333336,
PerplexDEW (Davies),isobar,0.000293842,53.343434343434346,
PerplexDEW (Davies),isobar,0.000293842,54.35353535353536,
PerplexDEW (Davies),isobar,0.000293842,55.36363636363637,
PerplexDEW (Davies),isobar,0.000293842,56.37373737373738,
PerplexDEW (Davies),isobar,0.000293842,57.38383838383839,
PerplexDEW (Davies),isobar,0.000293842,58.3939393939394,
PerplexDEW (Davies),isobar,0.000293842,59.40404040404041,
PerplexDEW (Davies),isobar,0.000293842,60.41414141414142,
PerplexDEW (Davies),isobar,0.000293842,61.42424242424243,
PerplexDEW (Davies),isobar,0.000293842,62.43434343434344,
PerplexDEW (Davies),isobar,0.000293842,63.44444444444445,
PerplexDEW (Davies),isobar,0.000293842,64.45454545454547,
PerplexDEW (Davies),isobar,0.000293842,65.46464646464648,
PerplexDEW (Davies),isobar,0.000293842,66.47474747474749,
PerplexDEW (Davies),isobar,0.000293842,67.48484848484848,
PerplexDEW (Davies),isobar,0.000293842,68.4949494949495,
PerplexDEW (Davies),isobar,0.000293842,69.5050505050505,
PerplexDEW (Davies),isobar,0.000293842,70.51515151515152,
PerplexDEW (Davies),isobar,0.000293842,71.52525252525253,
PerplexDEW (Davies),isobar,0.000293842,72.53535353535354,
PerplexDEW (Davies),isobar,0.000293842,73.54545454545455,
PerplexDEW (Davies),isobar,0.000293842,74.55555555555556,
PerplexDEW (Davies),isobar,0.000293842,75.56565656565657,
PerplexDEW (Davies),isobar,0.000293842,76.57575757575758,
PerplexDEW (Davies),isobar,0.000293842,77.58585858585859,
PerplexDEW (Davies),isobar,0.000293842,78.5959595959596,
PerplexDEW (Davies),isobar,0.000293842,79.60606060606061,
PerplexDEW (Davies),isobar,0.000293842,80.61616161616162,
PerplexDEW (Davies),isobar,0.000293842,81.62626262626263,
PerplexDEW (Davies),isobar,0.000293842,82.63636363636364,
PerplexDEW (Davies),isobar,0.000293842,83.64646464646465,
PerplexDEW (Davies),isobar,0.000293842,84.65656565656566,
PerplexDEW (Davies),isobar,0.000293842,85.66666666666667,
PerplexDEW (Davies),isobar,0.000293842,86.67676767676768,
PerplexDEW (Davies),isobar,0.000293842,87.68686868686869,
PerplexDEW (Davies),isobar,0.000293842,88.6969696969697,
PerplexDEW (Davies),isobar,0.000293842,89.70707070707071,
PerplexDEW (Davies),isobar,0.000293842,90.71717171717172,
PerplexDEW (Davies),isobar,0.000293842,91.72727272727273,
PerplexDEW (Davies),isobar,0.000293842,92.73737373737374,
PerplexDEW (Davies),isobar,0.000293842,93.74747474747475,
PerplexDEW (Davies),isobar,0.000293842,94.75757575757576,
PerplexDEW (Davies),isobar,0.000293842,95.76767676767678,
PerplexDEW (Davies),isobar,0.000293842,96.77777777777779,
PerplexDEW (Davies),isobar,0.000293842,97.7878787878788,
PerplexDEW (Davies),isobar,0.000293842,98.7979797979798,
PerplexDEW (Davies),isobar,0.000293842,99.80808080808082,
PerplexDEW (Davies),isobar,0.000293842,100.81818181818183,
PerplexDEW (Davies),isobar,0.000293842,101.82828282828284,
PerplexDEW (Davies),isobar,0.000293842,102.83838383838385,
PerplexDEW (Davies),isobar,0.000293842,103.84848484848486,
PerplexDEW (Davies),isobar,0.000293842,104.85858585858587,
PerplexDEW (Davies),isobar,0.000293842,105.86868686868688,
PerplexDEW (Davies),isobar,0.000293842,106.87878787878789,
PerplexDEW (Davies),isobar,0.000293842,107.8888888888889,
PerplexDEW (Davies),isobar,0.000293842,108.89898989898991,
PerplexDEW (Davies),isobar,0.000293842,109.90909090909092,
PerplexDEW (Davies),isobar,0.000293842,110.91919191919193,
PerplexDEW (Davies),isobar,0.000293842,111.92929292929294,
PerplexDEW (Davies),isobar,0.000293842,112.93939393939395,
PerplexDEW (Davies),isobar,0.000293842,113.94949494949496,
PerplexDEW (Davies),isobar,0.000293842,114.95959595959597,
PerplexDEW (Davies),isobar,0.000293842,115.96969696969697,
PerplexDEW (Davies),isobar,0.000293842,116.97979797979798,
PerplexDEW (Davies),isobar,0.000293842,117.98989898989899,
PerplexDEW (Davies),isobar,0.000293842,119.0,
PerplexDEW (Davies),isobar,0.000557288,34.0,0.0002256530713138496
PerplexDEW (Davies),isobar,0.000557288,35.01010101010101,0.00023013583911260475
PerplexDEW (Davies),isobar,0.000557288,36.02020202020202,0.00023470837592887487
PerplexDEW (Davies),isobar,0.000557288,37.03030303030303,0.00023937180151824427
PerplexDEW (Davies),isobar,0.000557288,38.04040404040404,0.00024412732693541905
PerplexDEW (Davies),isobar,0.000557288,39.05050505050505,0.00024897614715532345
PerplexDEW (Davies),isobar,0.000557288,40.06060606060606,0.0002539194842422433
PerplexDEW (Davies),isobar,0.000557288,41.07070707070707,0.00025895860373099504
PerplexDEW (Davies),isobar,0.000557288,42.08080808080808,0.0002640947807319453
PerplexDEW (Davies),isobar,0.000557288,43.09090909090909,0.0002693293334058524
PerplexDEW (Davies),isobar,0.000557288,44.101010101010104,0.0002746635688506757
PerplexDEW (Davies),isobar,0.000557288,45.111111111111114,0.0002800988735289898
PerplexDEW (Davies),isobar,0.000557288,46.121212121212125,0.0002856366024539805
PerplexDEW (Davies),isobar,0.000557288,47.131313131313135,0.0002912781318706034
PerplexDEW (Davies),isobar,0.000557288,48.141414141414145,0.00029702490015338603
PerplexDEW (Davies),isobar,0.000557288,49.151515151515156,0.0003028783492314986
PerplexDEW (Davies),isobar,0.000557288,50.161616161616166,0.00030883992182753855
PerplexDEW (Davies),isobar,0.000557288,51.17171717171718,0.00031491112533315685
PerplexDEW (Davies),isobar,0.000557288,52.18181818181819,0.00032109342311835643
PerplexDEW (Davies),isobar,0.000557288,53.1919191919192,0.0003273883663158718
PerplexDEW (Davies),isobar,0.000557288,54.20202020202021,0.00033379748244442083
PerplexDEW (Davies),isobar,0.000557288,55.21212121212122,0.0003403223186832584
PerplexDEW (Davies),isobar,0.000557288,56.22222222222223,0.0003469644669395009
PerplexDEW (Davies),isobar,0.000557288,57.23232323232324,0.0003537255152576603
PerplexDEW (Davies),isobar,0.000557288,58.24242424242424,0.00036060709757465906
PerplexDEW (Davies),isobar,0.000557288,59.25252525252525,0.000367610842726028
PerplexDEW (Davies),isobar,0.000557288,60.26262626262626,0.00037473839897557984
PerplexDEW (Davies),isobar,0.000557288,61.27272727272727,0.00038199143398690493
PerplexDEW (Davies),isobar,0.000557288,62.282828282828284,0.0003893716348064032
PerplexDEW (Davies),isobar,0.000557288,63.292929292929294,0.00039688076751398553
PerplexDEW (Davies),isobar,0.000557288,64.30303030303031,0.0004045205011439964
PerplexDEW (Davies),isobar,0.000557288,65.31313131313132,0.0004122926122769061
PerplexDEW (Davies),isobar,0.000557288,66.32323232323233,0.0004201988358555116
PerplexDEW (Davies),isobar,0.000557288,67.33333333333334,0.00042824098890935445
PerplexDEW (Davies),isobar,0.000557288,68.34343434343435,0.000436420877516487
PerplexDEW (Davies),isobar,0.000557288,69.35353535353536,0.00044474032740324704
PerplexDEW (Davies),isobar,0.000557288,70.36363636363637,0.0004532011488142631
PerplexDEW (Davies),isobar,0.000557288,71.37373737373738,0.00046180524048616226
PerplexDEW (Davies),isobar,0.000557288,72.3838383838384,0.00047055441369062877
PerplexDEW (Davies),isobar,0.000557288,73.3939393939394,0.0004794506436308025
PerplexDEW (Davies),isobar,0.000557288,74.40404040404042,0.0004884958165272491
PerplexDEW (Davies),isobar,0.000557288,75.41414141414143,0.0004976918351020814
PerplexDEW (Davies),isobar,0.000557288,76.42424242424244,0.0005070406589210645
PerplexDEW (Davies),isobar,0.000557288,77.43434343434345,0.0005165443089857074
PerplexDEW (Davies),isobar,0.000557288,78.44444444444446,0.0005262047033396111
PerplexDEW (Davies),isobar,0.000557288,79.45454545454547,0.0005360238592140571
PerplexDEW (Davies),isobar,0.000557288,80.46464646464648,0.0005460038583968676
PerplexDEW (Davies),isobar,0.000557288,81.47474747474749,0.00055614667123164
PerplexDEW (Davies),isobar,0.000557288,82.48484848484848,0.0005664544194054229
PerplexDEW (Davies),isobar,0.000557288,83.4949494949495,0.0005769291071872106
PerplexDEW (Davies),isobar,0.000557288,84.5050505050505,0.0005875728479135067
PerplexDEW (Davies),isobar,0.000557288,85.51515151515152,0.000598387825093537
PerplexDEW (Davies),isobar,0.000557288,86.52525252525253,0.0006093760954760807
PerplexDEW (Davies),isobar,0.000557288,87.53535353535354,0.0006205398313246798
PerplexDEW (Davies),isobar,0.000557288,88.54545454545455,0.0006318811728407446
PerplexDEW (Davies),isobar,0.000557288,89.55555555555556,0.0006434023306659737
PerplexDEW (Davies),isobar,0.000557288,90.56565656565657,0.000655105536475912
PerplexDEW (Davies),isobar,0.000557288,91.57575757575758,0.0006669929865524769
PerplexDEW (Davies),isobar,0.000557288,92.58585858585859,0.0006790668356738452
PerplexDEW (Davies),isobar,0.000557288,93.5959595959596,0.0006913294861236256
PerplexDEW (Davies),isobar,0.000557288,94.60606060606061,0.0007037830697934699
PerplexDEW (Davies),isobar,0.000557288,95.61616161616162,0.0007164299711864549
PerplexDEW (Davies),isobar,0.000557288,96.62626262626263,0.0007292724754006203
PerplexDEW (Davies),isobar,0.000557288,97.63636363636364,0.0007423128836709462
PerplexDEW (Davies),isobar,0.000557288,98.64646464646465,0.0007555535791129198
PerplexDEW (Davies),isobar,0.000557288,99.65656565656566,0.0007689968319388623
PerplexDEW (Davies),isobar,0.000557288,100.66666666666667,0.000782645128704766
PerplexDEW (Davies),isobar,0.000557288,101.67676767676768,0.0007965007729050615
PerplexDEW (Davies),isobar,0.000557288,102.68686868686869,0.000810566221353927
PerplexDEW (Davies),isobar,0.000557288,103.6969696969697,0.0008248438794012792
PerplexDEW (Davies),isobar,0.000557288,104.70707070707071,0.0008393362429057835
PerplexDEW (Davies),isobar,0.000557288,105.71717171717172,0.0008540456004236024
PerplexDEW (Davies),isobar,0.000557288,106.72727272727273,0.0008689746333307541
PerplexDEW (Davies),isobar,0.000557288,107.73737373737374,0.0008841258188985055
PerplexDEW (Davies),isobar,0.000557288,108.74747474747475,0.0008995014871665987
PerplexDEW (Davies),isobar,0.000557288,109.75757575757576,0.00091510430223023
PerplexDEW (Davies),isobar,0.000557288,110.76767676767678,0.0009309367873566096
PerplexDEW (Davies),isobar,0.000557288,111.77777777777779,0.0009470014809221239
PerplexDEW (Davies),isobar,0.000557288,112.7878787878788,0.0009633009362627715
PerplexDEW (Davies),isobar,0.000557288,113.7979797979798,0.000979837721519426
PerplexDEW (Davies),isobar,0.000557288,114.80808080808082,0.0009966144194764187
PerplexDEW (Davies),isobar,0.000557288,115.81818181818183,0.0010136338155430735
PerplexDEW (Davies),isobar,0.000557288,116.82828282828284,0.0010308983409294805
PerplexDEW (Davies),isobar,0.000557288,117.83838383838385,0.0010484108175468655
PerplexDEW (Davies),isobar,0.000557288,118.84848484848486,0.0010661736973159317
PerplexDEW (Davies),isobar,0.000557288,119.85858585858587,0.0010841898382148005
PerplexDEW (Davies),isobar,0.000557288,120.86868686868688,0.0011024619201837219
PerplexDEW (Davies),isobar,0.000557288,121.87878787878789,0.0011209924243883776
PerplexDEW (Davies),isobar,0.000557288,122.8888888888889,0.0011397842621170297
PerplexDEW (Davies),isobar,0.000557288,123.89898989898991,0.0011588401539148069
PerplexDEW (Davies),isobar,0.000557288,124.90909090909092,0.0011781628335224483
PerplexDEW (Davies),isobar,0.000557288,125.91919191919193,0.0011977550476588038
PerplexDEW (Davies),isobar,0.000557288,126.92929292929294,0.0012176195557984327
PerplexDEW (Davies),isobar,0.000557288,127.93939393939395,0.001237759129940348
PerplexDEW (Davies),isobar,0.000557288,128.94949494949498,0.0012581765543715712
PerplexDEW (Davies),isobar,0.000557288,129.95959595959596,0.0012788746254226869
PerplexDEW (Davies),isobar,0.000557288,130.96969696969697,0.0012998561512175158
PerplexDEW (Davies),isobar,0.000557288,131.97979797979798,0.001321123951413576
PerplexDEW (Davies),isobar,0.000557288,132.989898989899,0.0013426808569373828
PerplexDEW (Davies),isobar,0.000557288,134.0,0.0013645298446593197
PerplexDEW (Davies),isobar,0.000658613,34.0,0.0002256570424842194
PerplexDEW (Davies),isobar,0.000658613,35.01010101010101,0.00023013984674499953
PerplexDEW (Davies),isobar,0.000658613,36.02020202020202,0.00023471240602454456
PerplexDEW (Davies),isobar,0.000658613,37.03030303030303,0.00023937588545160326
PerplexDEW (Davies),isobar,0.000658613,38.04040404040404,0.00024413145070386553
PerplexDEW (Davies),isobar,0.000658613,39.05050505050505,0.00024898029550700395
PerplexDEW (Davies),isobar,0.000658613,40.06060606060606,0.00025392367423953435
PerplexDEW (Davies),isobar,0.000658613,41.07070707070707,0.0002589628364887631
PerplexDEW (Davies),isobar,0.000658613,42.08080808080808,0.000264099075073307
PerplexDEW (Davies),isobar,0.000658613,43.09090909090909,0.00026933365503855017
PerplexDEW (Davies),isobar,0.000658613,44.101010101010104,0.00027466793660440875
PerplexDEW (Davies),isobar,0.000658613,45.111111111111114,0.0002801032885319496
PerplexDEW (Davies),isobar,0.000658613,46.121212121212125,0.00028564104621868334
PerplexDEW (Davies),isobar,0.000658613,47.131313131313135,0.00029128262465191604
PerplexDEW (Davies),isobar,0.000658613,48.141414141414145,0.00029702946372693677
PerplexDEW (Davies),isobar,0.000658613,49.151515151515156,0.00030288294345662254
PerplexDEW (Davies),isobar,0.000658613,50.161616161616166,0.0003088445901995209
PerplexDEW (Davies),isobar,0.000658613,51.17171717171718,0.00031491582559759797
PerplexDEW (Davies),isobar,0.000658613,52.18181818181819,0.0003210982009620437
PerplexDEW (Davies),isobar,0.000658613,53.1919191919192,0.0003273932006699601
PerplexDEW (Davies),isobar,0.000658613,54.20202020202021,0.0003338023505303157
PerplexDEW (Davies),isobar,0.000658613,55.21212121212122,0.0003403272450837366
PerplexDEW (Davies),isobar,0.000658613,56.22222222222223,0.00034696947804085417
PerplexDEW (Davies),isobar,0.000658613,57.23232323232324,0.0003537305877157692
PerplexDEW (Davies),isobar,0.000658613,58.24242424242424,0.00036061223262906045
PerplexDEW (Davies),isobar,0.000658613,59.25252525252525,0.00036761604162823485
PerplexDEW (Davies),isobar,0.000658613,60.26262626262626,0.00037474363523552073
PerplexDEW (Davies),isobar,0.000658613,61.27272727272727,0.0003819967359585628
PerplexDEW (Davies),isobar,0.000658613,62.282828282828284,0.00038937703288801636
PerplexDEW (Davies),isobar,0.000658613,63.292929292929294,0.00039688623457861103
PerplexDEW (Davies),isobar,0.000658613,64.30303030303031,0.000404526038509645
PerplexDEW (Davies),isobar,0.000658613,65.31313131313132,0.00041229818999392225
PerplexDEW (Davies),isobar,0.000658613,66.32323232323233,0.00042020451783604626
PerplexDEW (Davies),isobar,0.000658613,67.33333333333334,0.0004282467452338898
PerplexDEW (Davies),isobar,0.000658613,68.34343434343435,0.0004364267095636588
PerplexDEW (Davies),isobar,0.000658613,69.35353535353536,0.0004447462365676522
PerplexDEW (Davies),isobar,0.000658613,70.36363636363637,0.0004532071365068186
PerplexDEW (Davies),isobar,0.000658613,71.37373737373738,0.00046181130813485976
PerplexDEW (Davies),isobar,0.000658613,72.3838383838384,0.0004705605627403728
PerplexDEW (Davies),isobar,0.000658613,73.3939393939394,0.0004794568755442138
PerplexDEW (Davies),isobar,0.000658613,74.40404040404042,0.0004885021327846974
PerplexDEW (Davies),isobar,0.000658613,75.41414141414143,0.0004976982372023524
PerplexDEW (Davies),isobar,0.000658613,76.42424242424244,0.0005070471888081415
PerplexDEW (Davies),isobar,0.000658613,77.43434343434345,0.0005165508873426111
PerplexDEW (Davies),isobar,0.000658613,78.44444444444446,0.0005262114144645529
PerplexDEW (Davies),isobar,0.000658613,79.45454545454547,0.0005360306633394266
PerplexDEW (Davies),isobar,0.000658613,80.46464646464648,0.000546010757137397
PerplexDEW (Davies),isobar,0.000658613,81.47474747474749,0.000556153666222741
PerplexDEW (Davies),isobar,0.000658613,82.48484848484848,0.0005664615123037037
PerplexDEW (Davies),isobar,0.000658613,83.4949494949495,0.0005769362996706591
PerplexDEW (Davies),isobar,0.000658613,84.5050505050505,0.0005875801901319697
PerplexDEW (Davies),isobar,0.000658613,85.51515151515152,0.0005983952218688098
PerplexDEW (Davies),isobar,0.000658613,86.52525252525253,0.0006093835970028535
PerplexDEW (Davies),isobar,0.000658613,87.53535353535354,0.0006205474393703495
PerplexDEW (Davies),isobar,0.000658613,88.54545454545455,0.0006318889421513142
PerplexDEW (Davies),isobar,0.000658613,89.55555555555556,0.0006434102112820536
PerplexDEW (Davies),isobar,0.000658613,90.56565656565657,0.0006551135855997499
PerplexDEW (Davies),isobar,0.000658613,91.57575757575758,0.0006670010953877886
PerplexDEW (Davies),isobar,0.000658613,92.58585858585859,0.0006790751192924622
PerplexDEW (Davies),isobar,0.000658613,93.5959595959596,0.0006913378308224642
PerplexDEW (Davies),isobar,0.000658613,94.60606060606061,0.0007037915957491543
PerplexDEW (Davies),isobar,0.000658613,95.61616161616162,0.0007164386830361937
PerplexDEW (Davies),isobar,0.000658613,96.62626262626263,0.0007292813148155204
PerplexDEW (Davies),isobar,0.000658613,97.63636363636364,0.0007423218527444788
PerplexDEW (Davies),isobar,0.000658613,98.64646464646465,0.0007555626141224675
PerplexDEW (Davies),isobar,0.000658613,99.65656565656566,0.0007690060667232621
PerplexDEW (Davies),isobar,0.000658613,100.66666666666667,0.0007826544308729466
PerplexDEW (Davies),isobar,0.000658613,101.67676767676768,0.0007965102821180671
PerplexDEW (Davies),isobar,0.000658613,102.68686868686869,0.0008105758711241258
PerplexDEW (Davies),isobar,0.000658613,103.6969696969697,0.0008248537452521536
PerplexDEW (Davies),isobar,0.000658613,104.70707070707071,0.0008393461806274577
PerplexDEW (Davies),isobar,0.000658613,105.71717171717172,0.0008540557620174776
PerplexDEW (Davies),isobar,0.000658613,106.72727272727273,0.000868984946367511
PerplexDEW (Davies),isobar,0.000658613,107.73737373737374,0.0008841362061063048
PerplexDEW (Davies),isobar,0.000658613,108.74747474747475,0.0008995121103937573
PerplexDEW (Davies),isobar,0.000658613,109.75757575757576,0.0009151150842709292
PerplexDEW (Davies),isobar,0.000658613,110.76767676767678,0.0009309477307345258
PerplexDEW (Davies),isobar,0.000658613,111.77777777777779,0.0009470125881949846
PerplexDEW (Davies),isobar,0.000658613,112.7878787878788,0.000963312210022877
PerplexDEW (Davies),isobar,0.000658613,113.7979797979798,0.000979849254676191
PerplexDEW (Davies),isobar,0.000658613,114.80808080808082,0.0009966262184499502
PerplexDEW (Davies),isobar,0.000658613,115.81818181818183,0.0010136456987445814
PerplexDEW (Davies),isobar,0.000658613,116.82828282828284,0.0010309104993094528
PerplexDEW (Davies),isobar,0.000658613,117.83838383838385,0.0010484231598740516
PerplexDEW (Davies),isobar,0.000658613,118.84848484848486,0.0010661863264909673
PerplexDEW (Davies),isobar,0.000658613,119.85858585858587,0.001084202659190464
PerplexDEW (Davies),isobar,0.000658613,120.86868686868688,0.0011024748317901543
PerplexDEW (Davies),isobar,0.000658613,121.87878787878789,0.0011210056379910866
PerplexDEW (Davies),isobar,0.000658613,122.8888888888889,0.001139797785085989
PerplexDEW (Davies),isobar,0.000658613,123.89898989898991,0.0011588538831134195
PerplexDEW (Davies),isobar,0.000658613,124.90909090909092,0.001178176772149507
PerplexDEW (Davies),isobar,0.000658613,125.91919191919193,0.001197769198955994
PerplexDEW (Davies),isobar,0.000658613,126.92929292929294,0.0012176339230508199
PerplexDEW (Davies),isobar,0.000658613,127.93939393939395,0.001237773716477355
PerplexDEW (Davies),isobar,0.000658613,128.94949494949498,0.0012581913635669791
PerplexDEW (Davies),isobar,0.000658613,129.95959595959596,0.0012788897854223657
PerplexDEW (Davies),isobar,0.000658613,130.96969696969697,0.0012998715432490998
PerplexDEW (Davies),isobar,0.000658613,131.97979797979798,0.0013211395790311622
PerplexDEW (Davies),isobar,0.000658613,132.989898989899,0.0013426968560691411
PerplexDEW (Davies),isobar,0.000658613,134.0,0.0013645460892496158
PerplexDEW (Davies),isobar,0.003141075,86.0,0.000603830899205279
PerplexDEW (Davies),isobar,0.003141075,87.01010101010101,0.0006149059703180836
PerplexDEW (Davies),isobar,0.003141075,88.02020202020202,0.0006261576362696516
PerplexDEW (Davies),isobar,0.003141075,89.03030303030303,0.0006375879958677218
PerplexDEW (Davies),isobar,0.003141075,90.04040404040404,0.0006491993236993743
PerplexDEW (Davies),isobar,0.003141075,91.05050505050505,0.0006609937524794374
PerplexDEW (Davies),isobar,0.003141075,92.06060606060606,0.0006729735406776453
PerplexDEW (Davies),isobar,0.003141075,93.07070707070707,0.0006851409679601908
PerplexDEW (Davies),isobar,0.003141075,94.08080808080808,0.0006974983353354242
PerplexDEW (Davies),isobar,0.003141075,95.0909090909091,0.0007100477822235138
PerplexDEW (Davies),isobar,0.003141075,96.1010101010101,0.000722791703110246
PerplexDEW (Davies),isobar,0.003141075,97.11111111111111,0.0007357323918275269
PerplexDEW (Davies),isobar,0.003141075,98.12121212121212,0.0007488721583127742
PerplexDEW (Davies),isobar,0.003141075,99.13131313131314,0.0007622134615570645
PerplexDEW (Davies),isobar,0.003141075,100.14141414141415,0.0007757585161047209
PerplexDEW (Davies),isobar,0.003141075,101.15151515151516,0.0007895098186031699
PerplexDEW (Davies),isobar,0.003141075,102.16161616161617,0.0008034697514731846
PerplexDEW (Davies),isobar,0.003141075,103.17171717171718,0.0008176407130216978
PerplexDEW (Davies),isobar,0.003141075,104.18181818181819,0.0008320251173252129
PerplexDEW (Davies),isobar,0.003141075,105.1919191919192,0.0008466253941090874
PerplexDEW (Davies),isobar,0.003141075,106.20202020202021,0.0008614441430039144
PerplexDEW (Davies),isobar,0.003141075,107.21212121212122,0.0008764836768251167
PerplexDEW (Davies),isobar,0.003141075,108.22222222222223,0.0008917466326512177
PerplexDEW (Davies),isobar,0.003141075,109.23232323232324,0.0009072354296828952
PerplexDEW (Davies),isobar,0.003141075,110.24242424242425,0.0009229526634061927
PerplexDEW (Davies),isobar,0.003141075,111.25252525252526,0.000938900865682724
PerplexDEW (Davies),isobar,0.003141075,112.26262626262627,0.0009550825834335488
PerplexDEW (Davies),isobar,0.003141075,113.27272727272728,0.0009715004678022704
PerplexDEW (Davies),isobar,0.003141075,114.28282828282829,0.0009881570097727387
PerplexDEW (Davies),isobar,0.003141075,115.2929292929293,0.0010050548936816062
PerplexDEW (Davies),isobar,0.003141075,116.30303030303031,0.0010221967310011296
PerplexDEW (Davies),isobar,0.003141075,117.31313131313132,0.0010395851476573865
PerplexDEW (Davies),isobar,0.003141075,118.32323232323233,0.0010572227838555352
PerplexDEW (Davies),isobar,0.003141075,119.33333333333334,0.0010751122938984614
PerplexDEW (Davies),isobar,0.003141075,120.34343434343435,0.0010932564490692502
PerplexDEW (Davies),isobar,0.003141075,121.35353535353536,0.001111657832446457
PerplexDEW (Davies),isobar,0.003141075,122.36363636363637,0.0011303192469154545
PerplexDEW (Davies),isobar,0.003141075,123.37373737373738,0.0011492432983976062
PerplexDEW (Davies),isobar,0.003141075,124.3838383838384,0.0011684328207170105
PerplexDEW (Davies),isobar,0.003141075,125.3939393939394,0.001187890669631067
PerplexDEW (Davies),isobar,0.003141075,126.40404040404042,0.0012076193741244728
PerplexDEW (Davies),isobar,0.003141075,127.41414141414143,0.0012276218132654252
PerplexDEW (Davies),isobar,0.003141075,128.42424242424244,0.0012479008878507575
PerplexDEW (Davies),isobar,0.003141075,129.43434343434345,0.0012684592736905771
PerplexDEW (Davies),isobar,0.003141075,130.44444444444446,0.0012892997748428507
PerplexDEW (Davies),isobar,0.003141075,131.45454545454547,0.0013104252070667084
PerplexDEW (Davies),isobar,0.003141075,132.46464646464648,0.0013318385285343139
PerplexDEW (Davies),isobar,0.003141075,133.4747474747475,0.0013535424518369295
PerplexDEW (Davies),isobar,0.003141075,134.4848484848485,0.0013755398263728298
PerplexDEW (Davies),isobar,0.003141075,135.49494949494948,0.0013978336510562677
PerplexDEW (Davies),isobar,0.003141075,136.50505050505052,0.0014204266627870499
PerplexDEW (Davies),isobar,0.003141075,137.5151515151515,0.0014433218864803843
PerplexDEW (Davies),isobar,0.003141075,138.52525252525254,0.0014665219263421646
PerplexDEW (Davies),isobar,0.003141075,139.53535353535352,0.0014900299737528801
PerplexDEW (Davies),isobar,0.003141075,140.54545454545456,0.0015138487931378257
PerplexDEW (Davies),isobar,0.003141075,141.55555555555554,0.0015379814581195465
PerplexDEW (Davies),isobar,0.003141075,142.56565656565658,0.0015624307447287182
PerplexDEW (Davies),isobar,0.003141075,143.57575757575756,0.001587199587187483
PerplexDEW (Davies),isobar,0.003141075,144.5858585858586,0.0016122909274261384
PerplexDEW (Davies),isobar,0.003141075,145.59595959595958,0.0016377077147185974
PerplexDEW (Davies),isobar,0.003141075,146.60606060606062,0.0016634529053071204
PerplexDEW (Davies),isobar,0.003141075,147.6161616161616,0.0016895296369886994
PerplexDEW (Davies),isobar,0.003141075,148.62626262626264,0.0017159405321910332
PerplexDEW (Davies),isobar,0.003141075,149.63636363636363,0.0017426885556920324
PerplexDEW (Davies),isobar,0.003141075,150.64646464646466,0.0017697770476581178
PerplexDEW (Davies),isobar,0.003141075,151.65656565656565,0.0017972088149299003
PerplexDEW (Davies),isobar,0.003141075,152.66666666666669,0.0018249864626757879
PerplexDEW (Davies),isobar,0.003141075,153.67676767676767,0.0018531133546641656
PerplexDEW (Davies),isobar,0.003141075,154.6868686868687,0.0018815920887945545
PerplexDEW (Davies),isobar,0.003141075,155.6969696969697,0.0019104260494609252
PerplexDEW (Davies),isobar,0.003141075,156.70707070707073,0.0019396182392433887
PerplexDEW (Davies),isobar,0.003141075,157.7171717171717,0.001969171240897949
PerplexDEW (Davies),isobar,0.003141075,158.72727272727275,0.001999088037325386
PerplexDEW (Davies),isobar,0.003141075,159.73737373737373,0.002029372049820899
PerplexDEW (Davies),isobar,0.003141075,160.74747474747477,0.0020600253939595486
PerplexDEW (Davies),isobar,0.003141075,161.75757575757575,0.0020910519367005713
PerplexDEW (Davies),isobar,0.003141075,162.7676767676768,0.0021224542220584413
PerplexDEW (Davies),isobar,0.003141075,163.77777777777777,0.0021542349946344908
PerplexDEW (Davies),isobar,0.003141075,164.7878787878788,0.0021863974593525942
PerplexDEW (Davies),isobar,0.003141075,165.7979797979798,0.00221894434672134
PerplexDEW (Davies),isobar,0.003141075,166.80808080808083,0.0022518788635996195
PerplexDEW (Davies),isobar,0.003141075,167.8181818181818,0.0022852034703189543
PerplexDEW (Davies),isobar,0.003141075,168.82828282828285,0.0023189213596452665
PerplexDEW (Davies),isobar,0.003141075,169.83838383838383,0.002353035211471482
PerplexDEW (Davies),isobar,0.003141075,170.84848484848487,0.0023875482151949666
PerplexDEW (Davies),isobar,0.003141075,171.85858585858585,0.002422463027378273
PerplexDEW (Davies),isobar,0.003141075,172.8686868686869,0.0024577825544063363
PerplexDEW (Davies),isobar,0.003141075,173.87878787878788,0.002493509411489412
PerplexDEW (Davies),isobar,0.003141075,174.8888888888889,0.002529646758592708
PerplexDEW (Davies),isobar,0.003141075,175.8989898989899,0.0025661965954834466
PerplexDEW (Davies),isobar,0.003141075,176.90909090909093,0.0026031626344269073
PerplexDEW (Davies),isobar,0.003141075,177.91919191919192,0.002640547122919433
PerplexDEW (Davies),isobar,0.003141075,178.92929292929296,0.002678352869553382
PerplexDEW (Davies),isobar,0.003141075,179.93939393939394,0.002716582668528072
PerplexDEW (Davies),isobar,0.003141075,180.94949494949498,0.0027552392988412448
PerplexDEW (Davies),isobar,0.003141075,181.95959595959596,0.0027943248730865266
PerplexDEW (Davies),isobar,0.003141075,182.96969696969697,0.0028338421028867838
PerplexDEW (Davies),isobar,0.003141075,183.97979797979798,0.002873794354623993
PerplexDEW (Davies),isobar,0.003141075,184.989898989899,0.0029141836516286867
PerplexDEW (Davies),isobar,0.003141075,186.0,0.002955011949616482
PerplexDEW (Davies),isobar,0.0062,110.0,0.0009194867504909749
PerplexDEW (Davies),isobar,0.0062,111.01010101010101,0.000935384709172256
PerplexDEW (Davies),isobar,0.0062,112.02020202020202,0.0009515156701390499
PerplexDEW (Davies),isobar,0.0062,113.03030303030303,0.0009678822821718943
PerplexDEW (Davies),isobar,0.0062,114.04040404040404,0.0009844870348279674
PerplexDEW (Davies),isobar,0.0062,115.05050505050505,0.0010013327028039307
PerplexDEW (Davies),isobar,0.0062,116.06060606060606,0.0010184217125253931
PerplexDEW (Davies),isobar,0.0062,117.07070707070707,0.0010357566824789758
PerplexDEW (Davies),isobar,0.0062,118.08080808080808,0.001053340540718769
PerplexDEW (Davies),isobar,0.0062,119.0909090909091,0.001071175650556432
PerplexDEW (Davies),isobar,0.0062,120.1010101010101,0.0010892649803570444
PerplexDEW (Davies),isobar,0.0062,121.11111111111111,0.0011076110139352892
PerplexDEW (Davies),isobar,0.0062,122.12121212121212,0.0011262165524558588
PerplexDEW (Davies),isobar,0.0062,123.13131313131314,0.0011450842012306298
PerplexDEW (Davies),isobar,0.0062,124.14141414141415,0.0011642167925095326
PerplexDEW (Davies),isobar,0.0062,125.15151515151516,0.0011836170670839437
PerplexDEW (Davies),isobar,0.0062,126.16161616161617,0.0012032878944603137
PerplexDEW (Davies),isobar,0.0062,127.17171717171718,0.001223231930112036
PerplexDEW (Davies),isobar,0.0062,128.1818181818182,0.0012434518327962135
PerplexDEW (Davies),isobar,0.0062,129.1919191919192,0.0012639507553051815
PerplexDEW (Davies),isobar,0.0062,130.2020202020202,0.0012847312651776915
PerplexDEW (Davies),isobar,0.0062,131.21212121212122,0.0013057961778773985
PerplexDEW (Davies),isobar,0.0062,132.22222222222223,0.001327148320409064
PerplexDEW (Davies),isobar,0.0062,133.23232323232324,0.0013487905310524434
PerplexDEW (Davies),isobar,0.0062,134.24242424242425,0.0013707259302213998
PerplexDEW (Davies),isobar,0.0062,135.25252525252526,0.00139295711749063
PerplexDEW (Davies),isobar,0.0062,136.26262626262627,0.0014154869635668776
PerplexDEW (Davies),isobar,0.0062,137.27272727272728,0.0014383183492952339
PerplexDEW (Davies),isobar,0.0062,138.2828282828283,0.0014614544584612597
PerplexDEW (Davies),isobar,0.0062,139.2929292929293,0.0014848977602015551
PerplexDEW (Davies),isobar,0.0062,140.3030303030303,0.0015086514601321192
PerplexDEW (Davies),isobar,0.0062,141.31313131313132,0.0015327184855658223
PerplexDEW (Davies),isobar,0.0062,142.32323232323233,0.0015571014560335037
PerplexDEW (Davies),isobar,0.0062,143.33333333333334,0.001581803781921392
PerplexDEW (Davies),isobar,0.0062,144.34343434343435,0.0016068277671069835
PerplexDEW (Davies),isobar,0.0062,145.35353535353536,0.0016321770141526192
PerplexDEW (Davies),isobar,0.0062,146.36363636363637,0.0016578541583536814
PerplexDEW (Davies),isobar,0.0062,147.37373737373738,0.001683862164485084
PerplexDEW (Davies),isobar,0.0062,148.3838383838384,0.0017102040036627787
PerplexDEW (Davies),isobar,0.0062,149.3939393939394,0.0017368826529456569
PerplexDEW (Davies),isobar,0.0062,150.40404040404042,0.0017639009106072713
PerplexDEW (Davies),isobar,0.0062,151.41414141414143,0.0017912619416769395
PerplexDEW (Davies),isobar,0.0062,152.42424242424244,0.0018189689297589337
PerplexDEW (Davies),isobar,0.0062,153.43434343434345,0.0018470242972004434
PerplexDEW (Davies),isobar,0.0062,154.44444444444446,0.001875431419745817
PerplexDEW (Davies),isobar,0.0062,155.45454545454547,0.0019041928960340066
PerplexDEW (Davies),isobar,0.0062,156.46464646464648,0.0019333121220194269
PerplexDEW (Davies),isobar,0.0062,157.4747474747475,0.0019627921060658407
PerplexDEW (Davies),isobar,0.0062,158.4848484848485,0.0019926354304732018
PerplexDEW (Davies),isobar,0.0062,159.49494949494948,0.002022845083008453
PerplexDEW (Davies),isobar,0.0062,160.50505050505052,0.0020534244956227844
PerplexDEW (Davies),isobar,0.0062,161.5151515151515,0.002084376228224234
PerplexDEW (Davies),isobar,0.0062,162.52525252525254,0.00211570326775236
PerplexDEW (Davies),isobar,0.0062,163.53535353535352,0.0021474083650642817
PerplexDEW (Davies),isobar,0.0062,164.54545454545456,0.002179494729467451
PerplexDEW (Davies),isobar,0.0062,165.55555555555554,0.002211965584761047
PerplexDEW (Davies),isobar,0.0062,166.56565656565658,0.002244823178340285
PerplexDEW (Davies),isobar,0.0062,167.57575757575756,0.0022780709612118455
PerplexDEW (Davies),isobar,0.0062,168.5858585858586,0.002311711388347939
PerplexDEW (Davies),isobar,0.0062,169.59595959595958,0.0023457479184614957
PerplexDEW (Davies),isobar,0.0062,170.60606060606062,0.0023801829764043747
PerplexDEW (Davies),isobar,0.0062,171.6161616161616,0.002415019484310574
PerplexDEW (Davies),isobar,0.0062,172.62626262626264,0.0024502603563513947
PerplexDEW (Davies),isobar,0.0062,173.63636363636363,0.0024859084980416277
PerplexDEW (Davies),isobar,0.0062,174.64646464646466,0.002521966233370798
PerplexDEW (Davies),isobar,0.0062,175.65656565656565,0.0025584375824552457
PerplexDEW (Davies),isobar,0.0062,176.66666666666669,0.002595323672752885
PerplexDEW (Davies),isobar,0.0062,177.67676767676767,0.0026326285113038635
PerplexDEW (Davies),isobar,0.0062,178.6868686868687,0.0026703543342499886
PerplexDEW (Davies),isobar,0.0062,179.6969696969697,0.0027085039460671883
PerplexDEW (Davies),isobar,0.0062,180.70707070707073,0.0027470801363214674
PerplexDEW (Davies),isobar,0.0062,181.7171717171717,0.0027860856788492236
PerplexDEW (Davies),isobar,0.0062,182.72727272727275,0.002825522671921244
PerplexDEW (Davies),isobar,0.0062,183.73737373737373,0.0028653938205196175
PerplexDEW (Davies),isobar,0.0062,184.74747474747477,0.0029057024927111224
PerplexDEW (Davies),isobar,0.0062,185.75757575757575,0.002946450001005834
PerplexDEW (Davies),isobar,0.0062,186.7676767676768,0.002987639660260403
PerplexDEW (Davies),isobar,0.0062,187.77777777777777,0.003029274092616119
PerplexDEW (Davies),isobar,0.0062,188.7878787878788,0.0030713551656913257
PerplexDEW (Davies),isobar,0.0062,189.7979797979798,0.003113885416398277
PerplexDEW (Davies),isobar,0.0062,190.80808080808083,0.003156868112681893
PerplexDEW (Davies),isobar,0.0062,191.8181818181818,0.0032003042370083025
PerplexDEW (Davies),isobar,0.0062,192.82828282828285,0.0032441962054897654
PerplexDEW (Davies),isobar,0.0062,193.83838383838383,0.0032885472009664724
PerplexDEW (Davies),isobar,0.0062,194.84848484848487,0.0033333588079853625
PerplexDEW (Davies),isobar,0.0062,195.85858585858585,0.0033786325240005278
PerplexDEW (Davies),isobar,0.0062,196.8686868686869,0.0034243714340737156
PerplexDEW (Davies),isobar,0.0062,197.87878787878788,0.0034705777912968114
PerplexDEW (Davies),isobar,0.0062,198.8888888888889,0.0035172520770372054
PerplexDEW (Davies),isobar,0.0062,199.8989898989899,0.0035643981478296824
PerplexDEW (Davies),isobar,0.0062,200.90909090909093,0.003612015450979514
PerplexDEW (Davies),isobar,0.0062,201.91919191919192,0.0036601077759416123
PerplexDEW (Davies),isobar,0.0062,202.92929292929296,0.0037086762059384904
PerplexDEW (Davies),isobar,0.0062,203.93939393939394,0.003757722662085318
PerplexDEW (Davies),isobar,0.0062,204.94949494949498,0.0038072480594774053
PerplexDEW (Davies),isobar,0.0062,205.95959595959596,0.0038572541773185375
PerplexDEW (Davies),isobar,0.0062,206.96969696969697,0.003907742744658329
PerplexDEW (Davies),isobar,0.0062,207.97979797979798,0.003958714429890953
PerplexDEW (Davies),isobar,0.0062,208.989898989899,0.004010170806968113
PerplexDEW (Davies),isobar,0.0062,210.0,0.004062113393995951
PerplexDEW (Davies),isobar,0.0111,132.0,0.001323183670497975
PerplexDEW (Davies),isobar,0.0111,133.010101010101,0.0013447753737248487
PerplexDEW (Davies),isobar,0.0111,134.02020202020202,0.0013666594857506954
PerplexDEW (Davies),isobar,0.0111,135.03030303030303,0.0013888392735056628
PerplexDEW (Davies),isobar,0.0111,136.04040404040404,0.0014113173450092222
PerplexDEW (Davies),isobar,0.0111,137.05050505050505,0.0014340968694567925
PerplexDEW (Davies),isobar,0.0111,138.06060606060606,0.001457180464812882
PerplexDEW (Davies),isobar,0.0111,139.07070707070707,0.001480571033974496
PerplexDEW (Davies),isobar,0.0111,140.08080808080808,0.0015042716408512232
PerplexDEW (Davies),isobar,0.0111,141.0909090909091,0.001528285060939383
PerplexDEW (Davies),isobar,0.0111,142.1010101010101,0.001552614381954956
PerplexDEW (Davies),isobar,0.0111,143.11111111111111,0.0015772627121688042
PerplexDEW (Davies),isobar,0.0111,144.12121212121212,0.0016022323616765035
PerplexDEW (Davies),isobar,0.0111,145.13131313131314,0.0016275269338132119
PerplexDEW (Davies),isobar,0.0111,146.14141414141415,0.0016531490690345821
PerplexDEW (Davies),isobar,0.0111,147.15151515151516,0.0016791017360394214
PerplexDEW (Davies),isobar,0.0111,148.16161616161617,0.001705388263486803
PerplexDEW (Davies),isobar,0.0111,149.17171717171718,0.0017320109325382276
PerplexDEW (Davies),isobar,0.0111,150.1818181818182,0.0017589730770381296
PerplexDEW (Davies),isobar,0.0111,151.1919191919192,0.0017862780633386634
PerplexDEW (Davies),isobar,0.0111,152.2020202020202,0.0018139281476588353
PerplexDEW (Davies),isobar,0.0111,153.21212121212122,0.0018419266986861489
PerplexDEW (Davies),isobar,0.0111,154.22222222222223,0.001870276722044101
PerplexDEW (Davies),isobar,0.0111,155.23232323232324,0.0018989812268976444
PerplexDEW (Davies),isobar,0.0111,156.24242424242425,0.0019280428148323212
PerplexDEW (Davies),isobar,0.0111,157.25252525252526,0.0019574651051509247
PerplexDEW (Davies),isobar,0.0111,158.26262626262627,0.0019872504869264296
PerplexDEW (Davies),isobar,0.0111,159.27272727272728,0.0020174021717939646
PerplexDEW (Davies),isobar,0.0111,160.2828282828283,0.0020479233878825773
PerplexDEW (Davies),isobar,0.0111,161.2929292929293,0.002078816253974241
PerplexDEW (Davies),isobar,0.0111,162.3030303030303,0.002110084886482208
PerplexDEW (Davies),isobar,0.0111,163.31313131313132,0.002141731615681131
PerplexDEW (Davies),isobar,0.0111,164.32323232323233,0.0021737591953889606
PerplexDEW (Davies),isobar,0.0111,165.33333333333334,0.002206170844072327
PerplexDEW (Davies),isobar,0.0111,166.34343434343435,0.002238969547840241
PerplexDEW (Davies),isobar,0.0111,167.35353535353536,0.0022721582892067894
PerplexDEW (Davies),isobar,0.0111,168.36363636363637,0.0023057395348491713
PerplexDEW (Davies),isobar,0.0111,169.37373737373738,0.002339716751244307
PerplexDEW (Davies),isobar,0.0111,170.3838383838384,0.002374092375553802
PerplexDEW (Davies),isobar,0.0111,171.3939393939394,0.0024088698804250763
PerplexDEW (Davies),isobar,0.0111,172.40404040404042,0.002444051670293193
PerplexDEW (Davies),isobar,0.0111,173.41414141414143,0.0024796403823159592
PerplexDEW (Davies),isobar,0.0111,174.42424242424244,0.0025156391942281354
PerplexDEW (Davies),isobar,0.0111,175.43434343434345,0.0025520512939814772
PerplexDEW (Davies),isobar,0.0111,176.44444444444446,0.0025888786989311146
PerplexDEW (Davies),isobar,0.0111,177.45454545454547,0.0026261242538007843
PerplexDEW (Davies),isobar,0.0111,178.46464646464648,0.0026637914020431574
PerplexDEW (Davies),isobar,0.0111,179.4747474747475,0.0027018823716657703
PerplexDEW (Davies),isobar,0.0111,180.4848484848485,0.002740399966537733
PerplexDEW (Davies),isobar,0.0111,181.49494949494948,0.0027793469751385075
PerplexDEW (Davies),isobar,0.0111,182.50505050505052,0.002818726169725497
PerplexDEW (Davies),isobar,0.0111,183.5151515151515,0.0028585396375921473
PerplexDEW (Davies),isobar,0.0111,184.52525252525254,0.0028987907603906116
PerplexDEW (Davies),isobar,0.0111,185.53535353535352,0.002939480872852083
PerplexDEW (Davies),isobar,0.0111,186.54545454545456,0.0029806140079381366
PerplexDEW (Davies),isobar,0.0111,187.55555555555554,0.003022191410123627
PerplexDEW (Davies),isobar,0.0111,188.56565656565658,0.0030642163879924115
PerplexDEW (Davies),isobar,0.0111,189.57575757575756,0.003106691534924992
PerplexDEW (Davies),isobar,0.0111,190.5858585858586,0.0031496179115164486
PerplexDEW (Davies),isobar,0.0111,191.59595959595958,0.0031929995169422396
PerplexDEW (Davies),isobar,0.0111,192.60606060606062,0.0032368373058100576
PerplexDEW (Davies),isobar,0.0111,193.6161616161616,0.003281134479156169
PerplexDEW (Davies),isobar,0.0111,194.62626262626264,0.0033258926464561052
PerplexDEW (Davies),isobar,0.0111,195.63636363636363,0.003371114152242562
PerplexDEW (Davies),isobar,0.0111,196.64646464646466,0.0034168013078099014
PerplexDEW (Davies),isobar,0.0111,197.65656565656565,0.0034629563900845984
PerplexDEW (Davies),isobar,0.0111,198.66666666666669,0.0035095807760684205
PerplexDEW (Davies),isobar,0.0111,199.67676767676767,0.0035566766263065014
PerplexDEW (Davies),isobar,0.0111,200.6868686868687,0.0036042460621817855
PerplexDEW (Davies),isobar,0.0111,201.6969696969697,0.0036522902554207916
PerplexDEW (Davies),isobar,0.0111,202.70707070707073,0.003700811199207898
PerplexDEW (Davies),isobar,0.0111,203.7171717171717,0.003749811782792493
PerplexDEW (Davies),isobar,0.0111,204.72727272727275,0.0037992920448360183
PerplexDEW (Davies),isobar,0.0111,205.73737373737373,0.0038492547665720162
PerplexDEW (Davies),isobar,0.0111,206.74747474747477,0.0038996997792114193
PerplexDEW (Davies),isobar,0.0111,207.75757575757575,0.003950630752475882
PerplexDEW (Davies),isobar,0.0111,208.7676767676768,0.0040020463269691015
PerplexDEW (Davies),isobar,0.0111,209.77777777777777,0.004053950081370023
PerplexDEW (Davies),isobar,0.0111,210.7878787878788,0.004106342505650042
PerplexDEW (Davies),isobar,0.0111,211.7979797979798,0.004159223962876107
PerplexDEW (Davies),isobar,0.0111,212.80808080808083,0.004212595776868317
PerplexDEW (Davies),isobar,0.0111,213.8181818181818,0.004266459208694156
PerplexDEW (Davies),isobar,0.0111,214.82828282828285,0.0043208131989690614
PerplexDEW (Davies),isobar,0.0111,215.83838383838383,0.004375661060298647
PerplexDEW (Davies),isobar,0.0111,216.84848484848487,0.004431002688887136
PerplexDEW (Davies),isobar,0.0111,217.85858585858585,0.004486836650614875
PerplexDEW (Davies),isobar,0.0111,218.8686868686869,0.0045431660998728664
PerplexDEW (Davies),isobar,0.0111,219.87878787878788,0.004599988152391956
PerplexDEW (Davies),isobar,0.0111,220.8888888888889,0.00465730458323276
PerplexDEW (Davies),isobar,0.0111,221.8989898989899,0.004715115901773133
PerplexDEW (Davies),isobar,0.0111,222.90909090909093,0.004773419965613557
PerplexDEW (Davies),isobar,0.0111,223.91919191919192,0.0048322196022037986
PerplexDEW (Davies),isobar,0.0111,224.92929292929296,0.004891509759455336
PerplexDEW (Davies),isobar,0.0111,225.93939393939394,0.004951294388872475
PerplexDEW (Davies),isobar,0.0111,226.94949494949498,0.005011569387799194
PerplexDEW (Davies),isobar,0.0111,227.95959595959596,0.005072335861365975
PerplexDEW (Davies),isobar,0.0111,228.96969696969697,0.005133592074592647
PerplexDEW (Davies),isobar,0.0111,229.97979797979798,0.005195336100035477
PerplexDEW (Davies),isobar,0.0111,230.989898989899,0.005257565812547759
PerplexDEW (Davies),isobar,0.0111,232.0,0.005320281849448424
PerplexDEW (Davies),isobar,0.0125643,140.0,0.0015026243558713928
PerplexDEW (Davies),isobar,0.0125643,141.010101010101,0.0015266173446627008
PerplexDEW (Davies),isobar,0.0125643,142.02020202020202,0.0015509262442356003
PerplexDEW (Davies),isobar,0.0125643,143.03030303030303,0.001575553530914603
PerplexDEW (Davies),isobar,0.0125643,144.04040404040404,0.0016005026335845238
PerplexDEW (Davies),isobar,0.0125643,145.05050505050505,0.001625776026288747
PerplexDEW (Davies),isobar,0.0125643,146.06060606060606,0.0016513771718382206
PerplexDEW (Davies),isobar,0.0125643,147.07070707070707,0.0016773085399485294
PerplexDEW (Davies),isobar,0.0125643,148.08080808080808,0.001703573450045428
PerplexDEW (Davies),isobar,0.0125643,149.0909090909091,0.0017301747148833527
PerplexDEW (Davies),isobar,0.0125643,150.1010101010101,0.001757115506107425
PerplexDEW (Davies),isobar,0.0125643,151.11111111111111,0.0017843984544665395
PerplexDEW (Davies),isobar,0.0125643,152.12121212121212,0.0018120267384682319
PerplexDEW (Davies),isobar,0.0125643,153.13131313131314,0.0018400033613009154
PerplexDEW (Davies),isobar,0.0125643,154.14141414141415,0.0018683313302106225
PerplexDEW (Davies),isobar,0.0125643,155.15151515151516,0.001897013454814124
PerplexDEW (Davies),isobar,0.0125643,156.16161616161617,0.001926052942790719
PerplexDEW (Davies),isobar,0.0125643,157.17171717171718,0.001955452601772846
PerplexDEW (Davies),isobar,0.0125643,158.1818181818182,0.001985215438729341
PerplexDEW (Davies),isobar,0.0125643,159.1919191919192,0.002015344678666296
PerplexDEW (Davies),isobar,0.0125643,160.2020202020202,0.002045842680501537
PerplexDEW (Davies),isobar,0.0125643,161.21212121212122,0.0020767131037745055
PerplexDEW (Davies),isobar,0.0125643,162.22222222222223,0.0021079589698936633
PerplexDEW (Davies),isobar,0.0125643,163.23232323232324,0.002139582366904888
PerplexDEW (Davies),isobar,0.0125643,164.24242424242425,0.002171586975931196
PerplexDEW (Davies),isobar,0.0125643,165.25252525252526,0.0022039755597169385
PerplexDEW (Davies),isobar,0.0125643,166.26262626262627,0.0022367511071072744
PerplexDEW (Davies),isobar,0.0125643,167.27272727272728,0.002269916603435821
PerplexDEW (Davies),isobar,0.0125643,168.2828282828283,0.002303474519054988
PerplexDEW (Davies),isobar,0.0125643,169.2929292929293,0.0023374283226924955
PerplexDEW (Davies),isobar,0.0125643,170.3030303030303,0.0023717807201974984
PerplexDEW (Davies),isobar,0.0125643,171.31313131313132,0.002406534392189859
PerplexDEW (Davies),isobar,0.0125643,172.32323232323233,0.0024416928161140085
PerplexDEW (Davies),isobar,0.0125643,173.33333333333334,0.0024772578241062525
PerplexDEW (Davies),isobar,0.0125643,174.34343434343435,0.002513233435561291
PerplexDEW (Davies),isobar,0.0125643,175.35353535353536,0.0025496214243154363
PerplexDEW (Davies),isobar,0.0125643,176.36363636363637,0.002586425240368424
PerplexDEW (Davies),isobar,0.0125643,177.37373737373738,0.0026236471635637756
PerplexDEW (Davies),isobar,0.0125643,178.3838383838384,0.002661290640634862
PerplexDEW (Davies),isobar,0.0125643,179.3939393939394,0.002699358215603974
PerplexDEW (Davies),isobar,0.0125643,180.40404040404042,0.0027378523969403237
PerplexDEW (Davies),isobar,0.0125643,181.41414141414143,0.0027767756559108465
PerplexDEW (Davies),isobar,0.0125643,182.42424242424244,0.0028161310802505717
PerplexDEW (Davies),isobar,0.0125643,183.43434343434345,0.002855920762974459
PerplexDEW (Davies),isobar,0.0125643,184.44444444444446,0.002896148089646526
PerplexDEW (Davies),isobar,0.0125643,185.45454545454547,0.002936815092590147
PerplexDEW (Davies),isobar,0.0125643,186.46464646464648,0.0029779247901810697
PerplexDEW (Davies),isobar,0.0125643,187.4747474747475,0.0030194794888096016
PerplexDEW (Davies),isobar,0.0125643,188.4848484848485,0.00306148072047366
PerplexDEW (Davies),isobar,0.0125643,189.49494949494948,0.0031039321381341484
PerplexDEW (Davies),isobar,0.0125643,190.50505050505052,0.003146836316258597
PerplexDEW (Davies),isobar,0.0125643,191.5151515151515,0.0031901942717427055
PerplexDEW (Davies),isobar,0.0125643,192.52525252525254,0.00323400922700617
PerplexDEW (Davies),isobar,0.0125643,193.53535353535352,0.0032782836356812857
PerplexDEW (Davies),isobar,0.0125643,194.54545454545456,0.0033230199217092558
PerplexDEW (Davies),isobar,0.0125643,195.55555555555554,0.0033682188376366424
PerplexDEW (Davies),isobar,0.0125643,196.56565656565658,0.0034138834947564332
PerplexDEW (Davies),isobar,0.0125643,197.57575757575756,0.0034600161773549075
PerplexDEW (Davies),isobar,0.0125643,198.5858585858586,0.003506619134363368
PerplexDEW (Davies),isobar,0.0125643,199.59595959595958,0.00355369282241595
PerplexDEW (Davies),isobar,0.0125643,200.60606060606062,0.003601240219466608
PerplexDEW (Davies),isobar,0.0125643,201.6161616161616,0.003649264322552416
PerplexDEW (Davies),isobar,0.0125643,202.62626262626264,0.0036977644553337456
PerplexDEW (Davies),isobar,0.0125643,203.63636363636363,0.0037467434687128978
PerplexDEW (Davies),isobar,0.0125643,204.64646464646466,0.003796203275410213
PerplexDEW (Davies),isobar,0.0125643,205.65656565656565,0.003846145741475213
PerplexDEW (Davies),isobar,0.0125643,206.66666666666669,0.0038965716977731237
PerplexDEW (Davies),isobar,0.0125643,207.67676767676767,0.003947481859634974
PerplexDEW (Davies),isobar,0.0125643,208.6868686868687,0.003998879884611219
PerplexDEW (Davies),isobar,0.0125643,209.6969696969697,0.0040507643237269915
PerplexDEW (Davies),isobar,0.0125643,210.70707070707073,0.004103137686405516
PerplexDEW (Davies),isobar,0.0125643,211.7171717171717,0.004156001420356364
PerplexDEW (Davies),isobar,0.0125643,212.72727272727275,0.004209355823660456
PerplexDEW (Davies),isobar,0.0125643,213.73737373737373,0.0042632021694091375
PerplexDEW (Davies),isobar,0.0125643,214.74747474747477,0.004317540540103566
PerplexDEW (Davies),isobar,0.0125643,215.75757575757575,0.0043723720233437525
PerplexDEW (Davies),isobar,0.0125643,216.7676767676768,0.004427696473948511
PerplexDEW (Davies),isobar,0.0125643,217.77777777777777,0.004483515965754786
PerplexDEW (Davies),isobar,0.0125643,218.7878787878788,0.004539830171508127
PerplexDEW (Davies),isobar,0.0125643,219.7979797979798,0.0045966386114044255
PerplexDEW (Davies),isobar,0.0125643,220.80808080808083,0.004653941890541466
PerplexDEW (Davies),isobar,0.0125643,221.8181818181818,0.004711740533227893
PerplexDEW (Davies),isobar,0.0125643,222.82828282828285,0.004770033698487205
PerplexDEW (Davies),isobar,0.0125643,223.83838383838383,0.004828820377719039
PerplexDEW (Davies),isobar,0.0125643,224.84848484848487,0.004888102039040356
PerplexDEW (Davies),isobar,0.0125643,225.85858585858585,0.004947876106501118
PerplexDEW (Davies),isobar,0.0125643,226.8686868686869,0.005008142474020109
PerplexDEW (Davies),isobar,0.0125643,227.87878787878788,0.005068900938001895
PerplexDEW (Davies),isobar,0.0125643,228.8888888888889,0.005130148371432141
PerplexDEW (Davies),isobar,0.0125643,229.8989898989899,0.00519188566842467
PerplexDEW (Davies),isobar,0.0125643,230.90909090909093,0.005254112249858716
PerplexDEW (Davies),isobar,0.0125643,231.91919191919192,0.005316822986724589
PerplexDEW (Davies),isobar,0.0125643,232.92929292929296,0.005380018374455311
PerplexDEW (Davies),isobar,0.0125643,233.93939393939394,0.005443697357952497
PerplexDEW (Davies),isobar,0.0125643,234.94949494949498,0.005507855659041725
PerplexDEW (Davies),isobar,0.0125643,235.95959595959596,0.005572490259496773
PerplexDEW (Davies),isobar,0.0125643,236.96969696969697,0.005637601118348774
PerplexDEW (Davies),isobar,0.0125643,237.97979797979798,0.005703184910018627
PerplexDEW (Davies),isobar,0.0125643,238.989898989899,0.005769236422148655
PerplexDEW (Davies),isobar,0.0125643,240.0,0.005835753455906192
PerplexDEW (Davies),isobar,0.0155,150.0,0.0017550292767249392
PerplexDEW (Davies),isobar,0.0155,151.010101010101,0.001782289405982225
PerplexDEW (Davies),isobar,0.0155,152.02020202020202,0.0018098947871559104
PerplexDEW (Davies),isobar,0.0155,153.03030303030303,0.001837848426682832
PerplexDEW (Davies),isobar,0.0155,154.04040404040404,0.0018661533351576223
PerplexDEW (Davies),isobar,0.0155,155.05050505050505,0.0018948125268824587
PerplexDEW (Davies),isobar,0.0155,156.06060606060606,0.0019238288147950745
PerplexDEW (Davies),isobar,0.0155,157.07070707070707,0.001953205416172261
PerplexDEW (Davies),isobar,0.0155,158.08080808080808,0.001982945141112406
PerplexDEW (Davies),isobar,0.0155,159.0909090909091,0.0020130510019824204
PerplexDEW (Davies),isobar,0.0155,160.1010101010101,0.002043526232392895
PerplexDEW (Davies),isobar,0.0155,161.11111111111111,0.0020743731850517127
PerplexDEW (Davies),isobar,0.0155,162.12121212121212,0.0021055955344840968
PerplexDEW (Davies),isobar,0.0155,163.13131313131314,0.002137195840449538
PerplexDEW (Davies),isobar,0.0155,164.14141414141415,0.0021691775758893215
PerplexDEW (Davies),isobar,0.0155,165.15151515151516,0.002201542797772431
PerplexDEW (Davies),isobar,0.0155,166.16161616161617,0.002234295457208175
PerplexDEW (Davies),isobar,0.0155,167.17171717171718,0.002267437570126122
PerplexDEW (Davies),isobar,0.0155,168.1818181818182,0.002300972605824488
PerplexDEW (Davies),isobar,0.0155,169.1919191919192,0.0023349035461138774
PerplexDEW (Davies),isobar,0.0155,170.2020202020202,0.0023692328389582473
PerplexDEW (Davies),isobar,0.0155,171.21212121212122,0.0024039639644839305
PerplexDEW (Davies),isobar,0.0155,172.22222222222223,0.0024390993384607908
PerplexDEW (Davies),isobar,0.0155,173.23232323232324,0.002474641887706606
PerplexDEW (Davies),isobar,0.0155,174.24242424242425,0.0025105945302181195
PerplexDEW (Davies),isobar,0.0155,175.25252525252526,0.0025469604634973083
PerplexDEW (Davies),isobar,0.0155,176.26262626262627,0.0025837420128560183
PerplexDEW (Davies),isobar,0.0155,177.27272727272728,0.0026209420499576424
PerplexDEW (Davies),isobar,0.0155,178.2828282828283,0.0026585634342326738
PerplexDEW (Davies),isobar,0.0155,179.2929292929293,0.002696609322365879
PerplexDEW (Davies),isobar,0.0155,180.3030303030303,0.002735081300430754
PerplexDEW (Davies),isobar,0.0155,181.31313131313132,0.002773983421820897
PerplexDEW (Davies),isobar,0.0155,182.32323232323233,0.0028133178515831023
PerplexDEW (Davies),isobar,0.0155,183.33333333333334,0.0028530866928567025
PerplexDEW (Davies),isobar,0.0155,184.34343434343435,0.0028932933390470074
PerplexDEW (Davies),isobar,0.0155,185.35353535353536,0.002933939833023891
PerplexDEW (Davies),isobar,0.0155,186.36363636363637,0.0029750288513163215
PerplexDEW (Davies),isobar,0.0155,187.37373737373738,0.003016563049075242
PerplexDEW (Davies),isobar,0.0155,188.3838383838384,0.003058545059138549
PerplexDEW (Davies),isobar,0.0155,189.3939393939394,0.0031009774910853156
PerplexDEW (Davies),isobar,0.0155,190.40404040404042,0.0031438621786590917
PerplexDEW (Davies),isobar,0.0155,191.41414141414143,0.0031872016429005576
PerplexDEW (Davies),isobar,0.0155,192.42424242424244,0.003230998377471545
PerplexDEW (Davies),isobar,0.0155,193.43434343434345,0.0032752548476208967
PerplexDEW (Davies),isobar,0.0155,194.44444444444446,0.0033199734891364977
PerplexDEW (Davies),isobar,0.0155,195.45454545454547,0.0033651550696851165
PerplexDEW (Davies),isobar,0.0155,196.46464646464648,0.0034108035443157444
PerplexDEW (Davies),isobar,0.0155,197.4747474747475,0.003456920405609716
PerplexDEW (Davies),isobar,0.0155,198.4848484848485,0.003503507054418779
PerplexDEW (Davies),isobar,0.0155,199.49494949494948,0.0035505656728493846
PerplexDEW (Davies),isobar,0.0155,200.50505050505052,0.0035980992954440703
PerplexDEW (Davies),isobar,0.0155,201.5151515151515,0.003646108258382734
PerplexDEW (Davies),isobar,0.0155,202.52525252525254,0.003694595500157475
PerplexDEW (Davies),isobar,0.0155,203.53535353535352,0.0037435621033101068
PerplexDEW (Davies),isobar,0.0155,204.54545454545456,0.0037930099964889217
PerplexDEW (Davies),isobar,0.0155,205.55555555555554,0.0038429400928660326
PerplexDEW (Davies),isobar,0.0155,206.56565656565658,0.0038933551635311143
PerplexDEW (Davies),isobar,0.0155,207.57575757575756,0.00394425599137332
PerplexDEW (Davies),isobar,0.0155,208.5858585858586,0.003995644260460006
PerplexDEW (Davies),isobar,0.0155,209.59595959595958,0.004047520565924875
PerplexDEW (Davies),isobar,0.0155,210.60606060606062,0.0040998864320869535
PerplexDEW (Davies),isobar,0.0155,211.6161616161616,0.0041527433256014785
PerplexDEW (Davies),isobar,0.0155,212.62626262626264,0.00420609156580564
PerplexDEW (Davies),isobar,0.0155,213.63636363636363,0.004259932445483241
PerplexDEW (Davies),isobar,0.0155,214.64646464646466,0.004314267193652881
PerplexDEW (Davies),isobar,0.0155,215.65656565656565,0.004369095831003534
PerplexDEW (Davies),isobar,0.0155,216.66666666666669,0.004424419397846313
PerplexDEW (Davies),isobar,0.0155,217.67676767676767,0.0044802376834524585
PerplexDEW (Davies),isobar,0.0155,218.6868686868687,0.004536552728245076
PerplexDEW (Davies),isobar,0.0155,219.6969696969697,0.004593362916474008
PerplexDEW (Davies),isobar,0.0155,220.70707070707073,0.004650668877345839
PerplexDEW (Davies),isobar,0.0155,221.7171717171717,0.004708471159671364
PerplexDEW (Davies),isobar,0.0155,222.72727272727275,0.004766770230051202
PerplexDEW (Davies),isobar,0.0155,223.73737373737373,0.004825563868778884
PerplexDEW (Davies),isobar,0.0155,224.74747474747477,0.004884852246193579
PerplexDEW (Davies),isobar,0.0155,225.75757575757575,0.004944636784840249
PerplexDEW (Davies),isobar,0.0155,226.7676767676768,0.005004914805015285
PerplexDEW (Davies),isobar,0.0155,227.77777777777777,0.0050656847450694376
PerplexDEW (Davies),isobar,0.0155,228.7878787878788,0.0051269476740088615
PerplexDEW (Davies),isobar,0.0155,229.7979797979798,0.005188701784151486
PerplexDEW (Davies),isobar,0.0155,230.80808080808083,0.005250946527881137
PerplexDEW (Davies),isobar,0.0155,231.8181818181818,0.005313676816103563
PerplexDEW (Davies),isobar,0.0155,232.82828282828285,0.005376894675989298
PerplexDEW (Davies),isobar,0.0155,233.83838383838383,0.005440596106271185
PerplexDEW (Davies),isobar,0.0155,234.84848484848487,0.005504779895709157
PerplexDEW (Davies),isobar,0.0155,235.85858585858585,0.005569444711033193
PerplexDEW (Davies),isobar,0.0155,236.8686868686869,0.005634585896553636
PerplexDEW (Davies),isobar,0.0155,237.87878787878788,0.005700201716715101
PerplexDEW (Davies),isobar,0.0155,238.8888888888889,0.005766288652945852
PerplexDEW (Davies),isobar,0.0155,239.8989898989899,0.005832842947383118
PerplexDEW (Davies),isobar,0.0155,240.90909090909093,0.005899862298760603
PerplexDEW (Davies),isobar,0.0155,241.91919191919192,0.005967344260798383
PerplexDEW (Davies),isobar,0.0155,242.92929292929296,0.006035280973142927
PerplexDEW (Davies),isobar,0.0155,243.93939393939394,0.006103669445663792
PerplexDEW (Davies),isobar,0.0155,244.94949494949498,0.006172508339226304
PerplexDEW (Davies),isobar,0.0155,245.95959595959596,0.00624178891030822
PerplexDEW (Davies),isobar,0.0155,246.96969696969697,0.006311505645212773
PerplexDEW (Davies),isobar,0.0155,247.97979797979798,0.006381656534208582
PerplexDEW (Davies),isobar,0.0155,248.989898989899,0.006452233731429619
PerplexDEW (Davies),isobar,0.0155,250.0,0.006523228975795468
PerplexDEW (Davies),isobar,0.022798125,169.0,0.002330622301863201
PerplexDEW (Davies),isobar,0.022798125,170.010101010101,0.0023649180962553046
PerplexDEW (Davies),isobar,0.022798125,171.02020202020202,0.0023996154280552183
PerplexDEW (Davies),isobar,0.022798125,172.03030303030303,0.0024347177927063622
PerplexDEW (Davies),isobar,0.022798125,173.04040404040404,0.002470227883635757
PerplexDEW (Davies),isobar,0.022798125,174.05050505050505,0.002506148366679843
PerplexDEW (Davies),isobar,0.022798125,175.06060606060606,0.0025424824545589916
PerplexDEW (Davies),isobar,0.022798125,176.07070707070707,0.0025792327844658945
PerplexDEW (Davies),isobar,0.022798125,177.08080808080808,0.0026164019624530075
PerplexDEW (Davies),isobar,0.022798125,178.0909090909091,0.002653993169302169
PerplexDEW (Davies),isobar,0.022798125,179.1010101010101,0.00269200897655371
PerplexDEW (Davies),isobar,0.022798125,180.11111111111111,0.002730452550085687
PerplexDEW (Davies),isobar,0.022798125,181.12121212121212,0.0027693254628982198
PerplexDEW (Davies),isobar,0.022798125,182.13131313131314,0.0028086317897324585
PerplexDEW (Davies),isobar,0.022798125,183.14141414141415,0.0028483736902734343
PerplexDEW (Davies),isobar,0.022798125,184.15151515151516,0.0028885539362265627
PerplexDEW (Davies),isobar,0.022798125,185.16161616161617,0.0029291745944386867
PerplexDEW (Davies),isobar,0.022798125,186.17171717171718,0.0029702390622809724
PerplexDEW (Davies),isobar,0.022798125,187.1818181818182,0.0030117493429780533
PerplexDEW (Davies),isobar,0.022798125,188.1919191919192,0.0030537088162880376
PerplexDEW (Davies),isobar,0.022798125,189.2020202020202,0.003096118681329718
PerplexDEW (Davies),isobar,0.022798125,190.21212121212122,0.003138981509985749
PerplexDEW (Davies),isobar,0.022798125,191.22222222222223,0.0031823013720006
PerplexDEW (Davies),isobar,0.022798125,192.23232323232324,0.0032260785403926398
PerplexDEW (Davies),isobar,0.022798125,193.24242424242425,0.003270317044250324
PerplexDEW (Davies),isobar,0.022798125,194.25252525252526,0.0033150177830331036
PerplexDEW (Davies),isobar,0.022798125,195.26262626262627,0.0033601847804056216
PerplexDEW (Davies),isobar,0.022798125,196.27272727272728,0.0034058179904981637
PerplexDEW (Davies),isobar,0.022798125,197.2828282828283,0.0034519213862432086
PerplexDEW (Davies),isobar,0.022798125,198.2929292929293,0.003498495586212265
PerplexDEW (Davies),isobar,0.022798125,199.3030303030303,0.003545544549908015
PerplexDEW (Davies),isobar,0.022798125,200.31313131313132,0.0035930678776268186
PerplexDEW (Davies),isobar,0.022798125,201.32323232323233,0.0036410694672571933
PerplexDEW (Davies),isobar,0.022798125,202.33333333333334,0.0036895505420957825
PerplexDEW (Davies),isobar,0.022798125,203.34343434343435,0.0037385122228375247
PerplexDEW (Davies),isobar,0.022798125,204.35353535353536,0.003787957423331174
PerplexDEW (Davies),isobar,0.022798125,205.36363636363637,0.0038378871443586764
PerplexDEW (Davies),isobar,0.022798125,206.37373737373738,0.003888302276129901
PerplexDEW (Davies),isobar,0.022798125,207.3838383838384,0.0039392065895256295
PerplexDEW (Davies),isobar,0.022798125,208.3939393939394,0.003990598862759239
PerplexDEW (Davies),isobar,0.022798125,209.40404040404042,0.004042481748829458
PerplexDEW (Davies),isobar,0.022798125,210.41414141414143,0.004094855815701744
PerplexDEW (Davies),isobar,0.022798125,211.42424242424244,0.004147723639281564
PerplexDEW (Davies),isobar,0.022798125,212.43434343434345,0.00420108563922759
PerplexDEW (Davies),isobar,0.022798125,213.44444444444446,0.004254941002732389
PerplexDEW (Davies),isobar,0.022798125,214.45454545454547,0.0043092943120783345
PerplexDEW (Davies),isobar,0.022798125,215.46464646464648,0.0043641434715243335
PerplexDEW (Davies),isobar,0.022798125,216.4747474747475,0.004419489570438004
PerplexDEW (Davies),isobar,0.022798125,217.4848484848485,0.004475333628788567
PerplexDEW (Davies),isobar,0.022798125,218.49494949494948,0.004531676595481725
PerplexDEW (Davies),isobar,0.022798125,219.50505050505052,0.00458851813117538
PerplexDEW (Davies),isobar,0.022798125,220.5151515151515,0.004645858978081424
PerplexDEW (Davies),isobar,0.022798125,221.52525252525254,0.00470369980054717
PerplexDEW (Davies),isobar,0.022798125,222.53535353535352,0.004762038631582859
PerplexDEW (Davies),isobar,0.022798125,223.54545454545456,0.004820875850332942
PerplexDEW (Davies),isobar,0.022798125,224.55555555555554,0.004880213066716805
PerplexDEW (Davies),isobar,0.022798125,225.56565656565658,0.0049400478707119335
PerplexDEW (Davies),isobar,0.022798125,226.57575757575756,0.005000381672042779
PerplexDEW (Davies),isobar,0.022798125,227.5858585858586,0.005061210344598892
PerplexDEW (Davies),isobar,0.022798125,228.59595959595958,0.005122536423804305
PerplexDEW (Davies),isobar,0.022798125,229.60606060606062,0.005184358242195975
PerplexDEW (Davies),isobar,0.022798125,230.6161616161616,0.0052466724909431845
PerplexDEW (Davies),isobar,0.022798125,231.62626262626264,0.005309479990526436
PerplexDEW (Davies),isobar,0.022798125,232.63636363636363,0.005372777055928637
PerplexDEW (Davies),isobar,0.022798125,233.64646464646466,0.005436564261742685
PerplexDEW (Davies),isobar,0.022798125,234.65656565656565,0.005500837529659908
PerplexDEW (Davies),isobar,0.022798125,235.66666666666669,0.005565597174909339
PerplexDEW (Davies),isobar,0.022798125,236.67676767676767,0.005630838708285121
PerplexDEW (Davies),isobar,0.022798125,237.6868686868687,0.00569656055321724
PerplexDEW (Davies),isobar,0.022798125,238.6969696969697,0.005762759359124268
PerplexDEW (Davies),isobar,0.022798125,239.70707070707073,0.005829431539763235
PerplexDEW (Davies),isobar,0.022798125,240.7171717171717,0.005896574963233465
PerplexDEW (Davies),isobar,0.022798125,241.72727272727275,0.005964185633514966
PerplexDEW (Davies),isobar,0.022798125,242.73737373737373,0.006032259302889141
PerplexDEW (Davies),isobar,0.022798125,243.74747474747477,0.0061007932423267925
PerplexDEW (Davies),isobar,0.022798125,244.75757575757575,0.006169779156349811
PerplexDEW (Davies),isobar,0.022798125,245.7676767676768,0.006239219250399249
PerplexDEW (Davies),isobar,0.022798125,246.77777777777777,0.006309102880337476
PerplexDEW (Davies),isobar,0.022798125,247.7878787878788,0.006379426337413589
PerplexDEW (Davies),isobar,0.022798125,248.7979797979798,0.006450181902080209
PerplexDEW (Davies),isobar,0.022798125,249.80808080808083,0.006521369233570217
PerplexDEW (Davies),isobar,0.022798125,250.8181818181818,0.006592976178772627
PerplexDEW (Davies),isobar,0.022798125,251.82828282828285,0.0066650019658409144
PerplexDEW (Davies),isobar,0.022798125,252.83838383838383,0.006737433640022652
PerplexDEW (Davies),isobar,0.022798125,253.84848484848487,
PerplexDEW (Davies),isobar,0.022798125,254.85858585858585,
PerplexDEW (Davies),isobar,0.022798125,255.8686868686869,
PerplexDEW (Davies),isobar,0.022798125,256.8787878787879,
PerplexDEW (Davies),isobar,0.022798125,257.8888888888889,
PerplexDEW (Davies),isobar,0.022798125,258.8989898989899,
PerplexDEW (Davies),isobar,0.022798125,259.90909090909093,
PerplexDEW (Davies),isobar,0.022798125,260.9191919191919,0.007330608456897353
PerplexDEW (Davies),isobar,0.022798125,261.92929292929296,0.007406329760539787
PerplexDEW (Davies),isobar,0.022798125,262.93939393939394,0.007482362337087218
PerplexDEW (Davies),isobar,0.022798125,263.949494949495,0.007558697278475772
PerplexDEW (Davies),isobar,0.022798125,264.95959595959596,0.007635320523230288
PerplexDEW (Davies),isobar,0.022798125,265.969696969697,0.007712217442737963
PerplexDEW (Davies),isobar,0.022798125,266.979797979798,0.007789372828195353
PerplexDEW (Davies),isobar,0.022798125,267.98989898989896,0.00786677087738052
PerplexDEW (Davies),isobar,0.022798125,269.0,0.007944405535922412
PerplexDEW (Davies),isobar,0.025,172.0,0.002434358751261965
PerplexDEW (Davies),isobar,0.025,173.010101010101,0.002469870179310983
PerplexDEW (Davies),isobar,0.025,174.02020202020202,0.0025057918862078908
PerplexDEW (Davies),isobar,0.025,175.03030303030303,0.0025421276494754113
PerplexDEW (Davies),isobar,0.025,176.04040404040404,0.002578879833499463
PerplexDEW (Davies),isobar,0.025,177.05050505050505,0.0026160513475287496
PerplexDEW (Davies),isobar,0.025,178.06060606060606,0.0026536444824728773
PerplexDEW (Davies),isobar,0.025,179.07070707070707,0.002691663327501591
PerplexDEW (Davies),isobar,0.025,180.08080808080808,0.002730109530453882
PerplexDEW (Davies),isobar,0.025,181.0909090909091,0.0027689859173367043
PerplexDEW (Davies),isobar,0.025,182.1010101010101,0.0028082952987177425
PerplexDEW (Davies),isobar,0.025,183.11111111111111,0.002848041131712091
PerplexDEW (Davies),isobar,0.025,184.12121212121212,0.0028882248795357515
PerplexDEW (Davies),isobar,0.025,185.13131313131314,0.0029288499527073703
PerplexDEW (Davies),isobar,0.025,186.14141414141415,0.002969919091572313
PerplexDEW (Davies),isobar,0.025,187.15151515151516,0.0030114343061166888
PerplexDEW (Davies),isobar,0.025,188.16161616161617,0.003053398259067095
PerplexDEW (Davies),isobar,0.025,189.17171717171718,0.003095813590451309
PerplexDEW (Davies),isobar,0.025,190.1818181818182,0.003138682916643071
PerplexDEW (Davies),isobar,0.025,191.1919191919192,0.0031820084486891666
PerplexDEW (Davies),isobar,0.025,192.2020202020202,0.0032257923456616554
PerplexDEW (Davies),isobar,0.025,193.21212121212122,0.0032700375006234858
PerplexDEW (Davies),isobar,0.025,194.22222222222223,0.0033147460034120275
PerplexDEW (Davies),isobar,0.025,195.23232323232324,0.0033599202946674542
PerplexDEW (Davies),isobar,0.025,196.24242424242425,0.0034055619547332613
PerplexDEW (Davies),isobar,0.025,197.25252525252526,0.0034516741621384577
PerplexDEW (Davies),isobar,0.025,198.26262626262627,0.0034982575448046648
PerplexDEW (Davies),isobar,0.025,199.27272727272728,0.0035453160696094868
PerplexDEW (Davies),isobar,0.025,200.2828282828283,0.003592849347063375
PerplexDEW (Davies),isobar,0.025,201.2929292929293,0.003640861282696372
PerplexDEW (Davies),isobar,0.025,202.3030303030303,0.0036893540270152908
PerplexDEW (Davies),isobar,0.025,203.31313131313132,0.0037383268902796136
PerplexDEW (Davies),isobar,0.025,204.32323232323233,0.0037877846464798425
PerplexDEW (Davies),isobar,0.025,205.33333333333334,0.003837726424206407
PerplexDEW (Davies),isobar,0.025,206.34343434343435,0.0038881550383135996
PerplexDEW (Davies),isobar,0.025,207.35353535353536,0.003939072322088424
PerplexDEW (Davies),isobar,0.025,208.36363636363637,0.003990479044815256
PerplexDEW (Davies),isobar,0.025,209.37373737373738,0.004042377919666398
PerplexDEW (Davies),isobar,0.025,210.3838383838384,0.004094767480691382
PerplexDEW (Davies),isobar,0.025,211.3939393939394,0.004147652394511718
PerplexDEW (Davies),isobar,0.025,212.40404040404042,0.004201029894900873
PerplexDEW (Davies),isobar,0.025,213.41414141414143,0.00425490458272464
PerplexDEW (Davies),isobar,0.025,214.42424242424244,0.004309275614097296
PerplexDEW (Davies),isobar,0.025,215.43434343434345,0.0043641442125801995
PerplexDEW (Davies),isobar,0.025,216.44444444444446,0.004419511535738755
PerplexDEW (Davies),isobar,0.025,217.45454545454547,0.0044753763216691615
PerplexDEW (Davies),isobar,0.025,218.46464646464648,0.004531740670686032
PerplexDEW (Davies),isobar,0.025,219.4747474747475,0.004588605472344635
PerplexDEW (Davies),isobar,0.025,220.4848484848485,0.0046459703073857715
PerplexDEW (Davies),isobar,0.025,221.49494949494948,0.004703834600167104
PerplexDEW (Davies),isobar,0.025,222.50505050505052,0.004762198889125751
PerplexDEW (Davies),isobar,0.025,223.5151515151515,0.004821063629752349
PerplexDEW (Davies),isobar,0.025,224.52525252525254,0.0048804278760496336
PerplexDEW (Davies),isobar,0.025,225.53535353535352,0.004940291848270744
PerplexDEW (Davies),isobar,0.025,226.54545454545456,0.005000654316810315
PerplexDEW (Davies),isobar,0.025,227.55555555555554,0.0050615152537184065
PerplexDEW (Davies),isobar,0.025,228.56565656565658,0.005122871727846917
PerplexDEW (Davies),isobar,0.025,229.57575757575756,0.005184726234312277
PerplexDEW (Davies),isobar,0.025,230.5858585858586,0.005247075551342214
PerplexDEW (Davies),isobar,0.025,231.59595959595958,0.005309919113991226
PerplexDEW (Davies),isobar,0.025,232.60606060606062,0.005373253258407222
PerplexDEW (Davies),isobar,0.025,233.6161616161616,0.005437078577872105
PerplexDEW (Davies),isobar,0.025,234.62626262626264,0.005501392559131302
PerplexDEW (Davies),isobar,0.025,235.63636363636363,0.005566192474574352
PerplexDEW (Davies),isobar,0.025,236.64646464646466,0.00563147696904432
PerplexDEW (Davies),isobar,0.025,237.65656565656565,0.005697242944559451
PerplexDEW (Davies),isobar,0.025,238.66666666666669,0.005763487073701297
PerplexDEW (Davies),isobar,0.025,239.67676767676767,0.005830207462508948
PerplexDEW (Davies),isobar,0.025,240.6868686868687,0.00589740038541923
PerplexDEW (Davies),isobar,0.025,241.6969696969697,0.005965061871671604
PerplexDEW (Davies),isobar,0.025,242.70707070707073,0.006033187699190906
PerplexDEW (Davies),isobar,0.025,243.7171717171717,0.006101775163855272
PerplexDEW (Davies),isobar,0.025,244.72727272727275,0.006170821408058495
PerplexDEW (Davies),isobar,0.025,245.73737373737373,0.00624031792489051
PerplexDEW (Davies),isobar,0.025,246.74747474747477,0.006310263146009743
PerplexDEW (Davies),isobar,0.025,247.75757575757575,0.006380647897079941
PerplexDEW (Davies),isobar,0.025,248.7676767676768,0.006451472071548296
PerplexDEW (Davies),isobar,0.025,249.77777777777777,0.006522725886436215
PerplexDEW (Davies),isobar,0.025,250.7878787878788,0.006594402976194802
PerplexDEW (Davies),isobar,0.025,251.7979797979798,0.006666500680748278
PerplexDEW (Davies),isobar,0.025,252.80808080808083,0.006739006082280246
PerplexDEW (Davies),isobar,0.025,253.8181818181818,
PerplexDEW (Davies),isobar,0.025,254.82828282828285,
PerplexDEW (Davies),isobar,0.025,255.83838383838383,
PerplexDEW (Davies),isobar,0.025,256.8484848484849,
PerplexDEW (Davies),isobar,0.025,257.85858585858585,
PerplexDEW (Davies),isobar,0.025,258.8686868686869,
PerplexDEW (Davies),isobar,0.025,259.8787878787879,
PerplexDEW (Davies),isobar,0.025,260.8888888888889,0.007332890524366079
PerplexDEW (Davies),isobar,0.025,261.8989898989899,0.0074087134967655765
PerplexDEW (Davies),isobar,0.025,262.90909090909093,0.007484854936798351
PerplexDEW (Davies),isobar,0.025,263.9191919191919,0.007561301385185844
PerplexDEW (Davies),isobar,0.025,264.92929292929296,0.00763803882904002
PerplexDEW (Davies),isobar,0.025,265.93939393939394,0.007715052688973751
PerplexDEW (Davies),isobar,0.025,266.949494949495,0.007792332830045111
PerplexDEW (Davies),isobar,0.025,267.95959595959596,0.007869863724117512
PerplexDEW (Davies),isobar,0.025,268.969696969697,0.007947629242582868
PerplexDEW (Davies),isobar,0.025,269.979797979798,0.008025607392439025
PerplexDEW (Davies),isobar,0.025,270.98989898989896,0.008103785899263303
PerplexDEW (Davies),isobar,0.025,272.0,0.00818215215505097
PerplexDEW (Davies),isobar,0.03343725,190.0,0.0031347169602419685
PerplexDEW (Davies),isobar,0.03343725,191.010101010101,0.0031780359031967904
PerplexDEW (Davies),isobar,0.03343725,192.02020202020202,0.0032218149615738764
PerplexDEW (Davies),isobar,0.03343725,193.03030303030303,0.0032660559182480717
PerplexDEW (Davies),isobar,0.03343725,194.04040404040404,0.0033107620723152823
PerplexDEW (Davies),isobar,0.03343725,195.05050505050505,0.0033559343110215007
PerplexDEW (Davies),isobar,0.03343725,196.06060606060606,0.003401576686561883
PerplexDEW (Davies),isobar,0.03343725,197.07070707070707,0.003447689969280933
PerplexDEW (Davies),isobar,0.03343725,198.08080808080808,0.003494277348098177
PerplexDEW (Davies),isobar,0.03343725,199.0909090909091,0.0035413402961912495
PerplexDEW (Davies),isobar,0.03343725,200.1010101010101,0.0035888801926869662
PerplexDEW (Davies),isobar,0.03343725,201.11111111111111,0.0036369010173634433
PerplexDEW (Davies),isobar,0.03343725,202.12121212121212,0.0036854031737186457
PerplexDEW (Davies),isobar,0.03343725,203.13131313131314,0.0037343887632559913
PerplexDEW (Davies),isobar,0.03343725,204.14141414141415,0.0037838598451657964
PerplexDEW (Davies),isobar,0.03343725,205.15151515151516,0.0038338174733849924
PerplexDEW (Davies),isobar,0.03343725,206.16161616161617,0.0038842645480137625
PerplexDEW (Davies),isobar,0.03343725,207.17171717171718,0.003935201998689169
PerplexDEW (Davies),isobar,0.03343725,208.1818181818182,0.003986631651869237
PerplexDEW (Davies),isobar,0.03343725,209.1919191919192,0.004038554255976166
PerplexDEW (Davies),isobar,0.03343725,210.2020202020202,0.004090972528989445
PerplexDEW (Davies),isobar,0.03343725,211.21212121212122,0.004143886017089159
PerplexDEW (Davies),isobar,0.03343725,212.22222222222223,0.004197297310536862
PerplexDEW (Davies),isobar,0.03343725,213.23232323232324,0.00425120571887141
PerplexDEW (Davies),isobar,0.03343725,214.24242424242425,0.004305614811078408
PerplexDEW (Davies),isobar,0.03343725,215.25252525252526,0.004360523702593314
PerplexDEW (Davies),isobar,0.03343725,216.26262626262627,0.004415933603401989
PerplexDEW (Davies),isobar,0.03343725,217.27272727272728,0.004471845656706594
PerplexDEW (Davies),isobar,0.03343725,218.2828282828283,0.0045282609373040695
PerplexDEW (Davies),isobar,0.03343725,219.2929292929293,0.004585178028826485
PerplexDEW (Davies),isobar,0.03343725,220.3030303030303,0.0046425989760969875
PerplexDEW (Davies),isobar,0.03343725,221.31313131313132,0.00470052332662645
PerplexDEW (Davies),isobar,0.03343725,222.32323232323233,0.004758951740494646
PerplexDEW (Davies),isobar,0.03343725,223.33333333333334,0.0048178835062093524
PerplexDEW (Davies),isobar,0.03343725,224.34343434343435,0.004877319058759126
PerplexDEW (Davies),isobar,0.03343725,225.35353535353536,0.004937257414073293
PerplexDEW (Davies),isobar,0.03343725,226.36363636363637,0.004997698769409842
PerplexDEW (Davies),isobar,0.03343725,227.37373737373738,0.005058643230756144
PerplexDEW (Davies),isobar,0.03343725,228.3838383838384,0.005120089412122326
PerplexDEW (Davies),isobar,0.03343725,229.3939393939394,0.005182035742694534
PerplexDEW (Davies),isobar,0.03343725,230.40404040404042,0.005244481905607474
PerplexDEW (Davies),isobar,0.03343725,231.41414141414143,0.005307427481001671
PerplexDEW (Davies),isobar,0.03343725,232.42424242424244,0.005370870453642886
PerplexDEW (Davies),isobar,0.03343725,233.43434343434345,0.005434808606360036
PerplexDEW (Davies),isobar,0.03343725,234.44444444444446,0.005499239514631542
PerplexDEW (Davies),isobar,0.03343725,235.45454545454547,0.005564163665705418
PerplexDEW (Davies),isobar,0.03343725,236.46464646464648,0.0056295783517991095
PerplexDEW (Davies),isobar,0.03343725,237.4747474747475,0.005695479033039367
PerplexDEW (Davies),isobar,0.03343725,238.4848484848485,0.005761865754401019
PerplexDEW (Davies),isobar,0.03343725,239.49494949494948,0.005828733543600263
PerplexDEW (Davies),isobar,0.03343725,240.50505050505052,0.005896080466935541
PerplexDEW (Davies),isobar,0.03343725,241.5151515151515,0.005963904452815128
PerplexDEW (Davies),isobar,0.03343725,242.52525252525254,0.006032201546936228
PerplexDEW (Davies),isobar,0.03343725,243.53535353535352,0.006100964004658416
PerplexDEW (Davies),isobar,0.03343725,244.54545454545456,0.006170194385255811
PerplexDEW (Davies),isobar,0.03343725,245.55555555555554,0.006239882651839481
PerplexDEW (Davies),isobar,0.03343725,246.56565656565658,0.006310027427865726
PerplexDEW (Davies),isobar,0.03343725,247.57575757575756,0.006380623523224916
PerplexDEW (Davies),isobar,0.03343725,248.5858585858586,0.006451663555848156
PerplexDEW (Davies),isobar,0.03343725,249.59595959595958,0.006523143618305447
PerplexDEW (Davies),isobar,0.03343725,250.60606060606062,0.00659505962526132
PerplexDEW (Davies),isobar,0.03343725,251.6161616161616,0.0066674033104086134
PerplexDEW (Davies),isobar,0.03343725,252.62626262626264,0.006740165978930118
PerplexDEW (Davies),isobar,0.03343725,253.63636363636363,
PerplexDEW (Davies),isobar,0.03343725,254.64646464646466,
PerplexDEW (Davies),isobar,0.03343725,255.65656565656565,
PerplexDEW (Davies),isobar,0.03343725,256.6666666666667,
PerplexDEW (Davies),isobar,0.03343725,257.67676767676767,
PerplexDEW (Davies),isobar,0.03343725,258.6868686868687,
PerplexDEW (Davies),isobar,0.03343725,259.6969696969697,
PerplexDEW (Davies),isobar,0.03343725,260.7070707070707,0.00733651887234568
PerplexDEW (Davies),isobar,0.03343725,261.7171717171717,0.007412711112638706
PerplexDEW (Davies),isobar,0.03343725,262.72727272727275,0.007489234222495065
PerplexDEW (Davies),isobar,0.03343725,263.73737373737373,0.007566077440716138
PerplexDEW (Davies),isobar,0.03343725,264.74747474747477,0.007643227170452113
PerplexDEW (Davies),isobar,0.03343725,265.75757575757575,0.007720674190362866
PerplexDEW (Davies),isobar,0.03343725,266.7676767676768,0.007798403994410915
PerplexDEW (Davies),isobar,0.03343725,267.77777777777777,0.007876398957305422
PerplexDEW (Davies),isobar,0.03343725,268.7878787878788,0.007954645867961236
PerplexDEW (Davies),isobar,0.03343725,269.7979797979798,0.008033131059593532
PerplexDEW (Davies),isobar,0.03343725,270.80808080808083,0.008111840400965646
PerplexDEW (Davies),isobar,0.03343725,271.8181818181818,0.008190751205593417
PerplexDEW (Davies),isobar,0.03343725,272.82828282828285,0.008269845297255983
PerplexDEW (Davies),isobar,0.03343725,273.83838383838383,0.008349109386735084
PerplexDEW (Davies),isobar,0.03343725,274.8484848484849,0.008428515764080281
PerplexDEW (Davies),isobar,0.03343725,275.85858585858585,0.008508052675472293
PerplexDEW (Davies),isobar,0.03343725,276.8686868686869,0.008587690779122734
PerplexDEW (Davies),isobar,0.03343725,277.8787878787879,0.008667411272535641
PerplexDEW (Davies),isobar,0.03343725,278.8888888888889,0.008747185843988134
PerplexDEW (Davies),isobar,0.03343725,279.8989898989899,0.008826997188651339
PerplexDEW (Davies),isobar,0.03343725,280.90909090909093,0.008906809173223793
PerplexDEW (Davies),isobar,0.03343725,281.9191919191919,0.008986602856137615
PerplexDEW (Davies),isobar,0.03343725,282.92929292929296,0.009066346220514382
PerplexDEW (Davies),isobar,0.03343725,283.93939393939394,0.009145999669332083
PerplexDEW (Davies),isobar,0.03343725,284.949494949495,0.009225541528508711
PerplexDEW (Davies),isobar,0.03343725,285.95959595959596,0.009304936453237654
PerplexDEW (Davies),isobar,0.03343725,286.969696969697,0.00938414785200916
PerplexDEW (Davies),isobar,0.03343725,287.979797979798,0.009463131081734594
PerplexDEW (Davies),isobar,0.03343725,288.98989898989896,0.009541853564766277
PerplexDEW (Davies),isobar,0.03343725,290.0,0.009620274807952607
PerplexDEW (Davies),isobar,0.0335,190.0,0.0031347454632092895
PerplexDEW (Davies),isobar,0.0335,191.010101010101,0.0031780648420487202
PerplexDEW (Davies),isobar,0.0335,192.02020202020202,0.003221844342442463
PerplexDEW (Davies),isobar,0.0335,193.03030303030303,0.0032660857473426072
PerplexDEW (Davies),isobar,0.0335,194.04040404040404,0.003310792355917749
PerplexDEW (Davies),isobar,0.0335,195.05050505050505,0.003355965867974087
PerplexDEW (Davies),isobar,0.0335,196.06060606060606,0.0034016078983405964
PerplexDEW (Davies),isobar,0.0335,197.07070707070707,0.0034477224954638365
PerplexDEW (Davies),isobar,0.0335,198.08080808080808,0.0034943103690639843
PerplexDEW (Davies),isobar,0.0335,199.0909090909091,0.003541373818828948
PerplexDEW (Davies),isobar,0.0335,200.1010101010101,0.00358891510829835
PerplexDEW (Davies),isobar,0.0335,201.11111111111111,0.0036369355643455113
PerplexDEW (Davies),isobar,0.0335,202.12121212121212,0.003685438243541069
PerplexDEW (Davies),isobar,0.0335,203.13131313131314,0.003734425293196552
PerplexDEW (Davies),isobar,0.0335,204.14141414141415,0.0037838969281795863
PerplexDEW (Davies),isobar,0.0335,205.15151515151516,0.0038338560787754632
PerplexDEW (Davies),isobar,0.0335,206.16161616161617,0.003884303737990027
PerplexDEW (Davies),isobar,0.0335,207.17171717171718,0.003935241781302469
PerplexDEW (Davies),isobar,0.0335,208.1818181818182,0.003986672035266166
PerplexDEW (Davies),isobar,0.0335,209.1919191919192,0.004038595248401889
PerplexDEW (Davies),isobar,0.0335,210.2020202020202,0.004091014138782531
PerplexDEW (Davies),isobar,0.0335,211.21212121212122,0.0041439282526930165
PerplexDEW (Davies),isobar,0.0335,212.22222222222223,0.004197340180489081
PerplexDEW (Davies),isobar,0.0335,213.23232323232324,0.004251250329557248
PerplexDEW (Davies),isobar,0.0335,214.24242424242425,0.0043056600916327415
PerplexDEW (Davies),isobar,0.0335,215.25252525252526,0.004360570796401105
PerplexDEW (Davies),isobar,0.0335,216.26262626262627,0.004415981404062516
PerplexDEW (Davies),isobar,0.0335,217.27272727272728,0.0044718941738060135
PerplexDEW (Davies),isobar,0.0335,218.2828282828283,0.004528310180538516
PerplexDEW (Davies),isobar,0.0335,219.2929292929293,0.004585228008012661
PerplexDEW (Davies),isobar,0.0335,220.3030303030303,0.004642650931466374
PerplexDEW (Davies),isobar,0.0335,221.31313131313132,0.004700576057948691
PerplexDEW (Davies),isobar,0.0335,222.32323232323233,0.004759005258209182
PerplexDEW (Davies),isobar,0.0335,223.33333333333334,0.004817937820879343
PerplexDEW (Davies),isobar,0.0335,224.34343434343435,0.004877375493237476
PerplexDEW (Davies),isobar,0.0335,225.35353535353536,0.004937314688190815
PerplexDEW (Davies),isobar,0.0335,226.36363636363637,0.004997758249250742
PerplexDEW (Davies),isobar,0.0335,227.37373737373738,0.00505870359460972
PerplexDEW (Davies),isobar,0.0335,228.3838383838384,0.005120150671778158
PerplexDEW (Davies),isobar,0.0335,229.3939393939394,0.005182099331239182
PerplexDEW (Davies),isobar,0.0335,230.40404040404042,0.005244546436661684
PerplexDEW (Davies),isobar,0.0335,231.41414141414143,0.0053074929670741565
PerplexDEW (Davies),isobar,0.0335,232.42424242424244,0.005370936907385709
PerplexDEW (Davies),isobar,0.0335,233.43434343434345,0.005434876040570432
PerplexDEW (Davies),isobar,0.0335,234.44444444444446,0.005499311018184546
PerplexDEW (Davies),isobar,0.0335,235.45454545454547,0.00556423466212223
PerplexDEW (Davies),isobar,0.0335,236.46464646464648,0.005629651979587841
PerplexDEW (Davies),isobar,0.0335,237.4747474747475,0.005695553743955171
PerplexDEW (Davies),isobar,0.0335,238.4848484848485,0.005761941562649036
PerplexDEW (Davies),isobar,0.0335,239.49494949494948,0.005828812126610363
PerplexDEW (Davies),isobar,0.0335,240.50505050505052,0.005896161891344335
PerplexDEW (Davies),isobar,0.0335,241.5151515151515,0.005963987070952655
PerplexDEW (Davies),isobar,0.0335,242.52525252525254,0.006032285374362572
PerplexDEW (Davies),isobar,0.0335,243.53535353535352,0.006101050826547543
PerplexDEW (Davies),isobar,0.0335,244.54545454545456,0.006170280678644049
PerplexDEW (Davies),isobar,0.0335,245.55555555555554,0.006239973851832893
PerplexDEW (Davies),isobar,0.0335,246.56565656565658,0.00631011810456758
PerplexDEW (Davies),isobar,0.0335,247.57575757575756,0.006380717399900892
PerplexDEW (Davies),isobar,0.0335,248.5858585858586,0.006451760707509801
PerplexDEW (Davies),isobar,0.0335,249.59595959595958,0.006523244121301253
PerplexDEW (Davies),isobar,0.0335,250.60606060606062,0.006595159617563524
PerplexDEW (Davies),isobar,0.0335,251.6161616161616,0.00666750475041823
PerplexDEW (Davies),isobar,0.0335,252.62626262626264,0.0067402709158171665
PerplexDEW (Davies),isobar,0.0335,253.63636363636363,
PerplexDEW (Davies),isobar,0.0335,254.64646464646466,
PerplexDEW (Davies),isobar,0.0335,255.65656565656565,
PerplexDEW (Davies),isobar,0.0335,256.6666666666667,
PerplexDEW (Davies),isobar,0.0335,257.67676767676767,
PerplexDEW (Davies),isobar,0.0335,258.6868686868687,
PerplexDEW (Davies),isobar,0.0335,259.6969696969697,
PerplexDEW (Davies),isobar,0.0335,260.7070707070707,0.007336647940500373
PerplexDEW (Davies),isobar,0.0335,261.7171717171717,0.00741283970422174
PerplexDEW (Davies),isobar,0.0335,262.72727272727275,0.007489367010112485
PerplexDEW (Davies),isobar,0.0335,263.73737373737373,0.007566214517917423
PerplexDEW (Davies),isobar,0.0335,264.74747474747477,0.007643368632387225
PerplexDEW (Davies),isobar,0.0335,265.75757575757575,0.007720820133773092
PerplexDEW (Davies),isobar,0.0335,266.7676767676768,0.007798552014194602
PerplexDEW (Davies),isobar,0.0335,267.77777777777777,0.007876551619845303
PerplexDEW (Davies),isobar,0.0335,268.7878787878788,0.007954803274490238
PerplexDEW (Davies),isobar,0.0335,269.7979797979798,0.008033290696680672
PerplexDEW (Davies),isobar,0.0335,270.80808080808083,0.008112002296047685
PerplexDEW (Davies),isobar,0.0335,271.8181818181818,0.008190915386393582
PerplexDEW (Davies),isobar,0.0335,272.82828282828285,0.00827001725883721
PerplexDEW (Davies),isobar,0.0335,273.83838383838383,0.0083492837703356
PerplexDEW (Davies),isobar,0.0335,274.8484848484849,0.008428695413366535
PerplexDEW (Davies),isobar,0.0335,275.85858585858585,0.008508237702299583
PerplexDEW (Davies),isobar,0.0335,276.8686868686869,0.00858787840038331
PerplexDEW (Davies),isobar,0.0335,277.8787878787879,0.008667607397321612
PerplexDEW (Davies),isobar,0.0335,278.8888888888889,0.008747390674354061
PerplexDEW (Davies),isobar,0.0335,279.8989898989899,0.008827204880714014
PerplexDEW (Davies),isobar,0.0335,280.90909090909093,0.008907025897891578
PerplexDEW (Davies),isobar,0.0335,281.9191919191919,0.008986822599646978
PerplexDEW (Davies),isobar,0.0335,282.92929292929296,0.00906656901871535
PerplexDEW (Davies),isobar,0.0335,283.93939393939394,0.009146231963554482
PerplexDEW (Davies),isobar,0.0335,284.949494949495,0.009225783538506513
PerplexDEW (Davies),isobar,0.0335,285.95959595959596,0.009305181812751345
PerplexDEW (Davies),isobar,0.0335,286.969696969697,0.00938439660021361
PerplexDEW (Davies),isobar,0.0335,287.979797979798,0.009463396815183371
PerplexDEW (Davies),isobar,0.0335,288.98989898989896,0.009542122958420014
PerplexDEW (Davies),isobar,0.0335,290.0,0.009620547904056531
PerplexDEW (Davies),isobar,0.0517,213.0,0.0042516571174136975
PerplexDEW (Davies),isobar,0.0517,214.010101010101,0.004306221735894174
PerplexDEW (Davies),isobar,0.0517,215.02020202020202,0.0043612921571580966
PerplexDEW (Davies),isobar,0.0517,216.03030303030303,0.0044168697470397845
PerplexDEW (Davies),isobar,0.0517,217.04040404040404,0.0044729558076817945
PerplexDEW (Davies),isobar,0.0517,218.05050505050505,0.004529551575954903
PerplexDEW (Davies),isobar,0.0517,219.06060606060606,0.004586657017182133
PerplexDEW (Davies),isobar,0.0517,220.07070707070707,0.004644271949572219
PerplexDEW (Davies),isobar,0.0517,221.08080808080808,0.00470239852834755
PerplexDEW (Davies),isobar,0.0517,222.0909090909091,0.00476103638543987
PerplexDEW (Davies),isobar,0.0517,223.1010101010101,0.004820186280560725
PerplexDEW (Davies),isobar,0.0517,224.11111111111111,0.004879847588965945
PerplexDEW (Davies),isobar,0.0517,225.12121212121212,0.004940020848008122
PerplexDEW (Davies),isobar,0.0517,226.13131313131314,0.0050007051627570746
PerplexDEW (Davies),isobar,0.0517,227.14141414141415,0.005061900835642342
PerplexDEW (Davies),isobar,0.0517,228.15151515151516,0.005123608079543767
PerplexDEW (Davies),isobar,0.0517,229.16161616161617,0.005185824187382836
PerplexDEW (Davies),isobar,0.0517,230.17171717171718,0.005248550488366016
PerplexDEW (Davies),isobar,0.0517,231.1818181818182,0.005311786844471392
PerplexDEW (Davies),isobar,0.0517,232.1919191919192,0.005375528569333821
PerplexDEW (Davies),isobar,0.0517,233.2020202020202,0.005439778125417821
PerplexDEW (Davies),isobar,0.0517,234.21212121212122,0.005504531935178821
PerplexDEW (Davies),isobar,0.0517,235.22222222222223,0.005569789229237848
PerplexDEW (Davies),isobar,0.0517,236.23232323232324,0.005635549124620189
PerplexDEW (Davies),isobar,0.0517,237.24242424242425,0.005701807414275592
PerplexDEW (Davies),isobar,0.0517,238.25252525252526,0.005768562829975875
PerplexDEW (Davies),isobar,0.0517,239.26262626262627,0.005835813979038658
PerplexDEW (Davies),isobar,0.0517,240.27272727272728,0.005903559341971598
PerplexDEW (Davies),isobar,0.0517,241.2828282828283,0.005971792148685603
PerplexDEW (Davies),isobar,0.0517,242.2929292929293,0.006040512112994236
PerplexDEW (Davies),isobar,0.0517,243.3030303030303,0.006109715394679365
PerplexDEW (Davies),isobar,0.0517,244.31313131313132,0.006179399691374016
PerplexDEW (Davies),isobar,0.0517,245.32323232323233,0.006249558923421264
PerplexDEW (Davies),isobar,0.0517,246.33333333333334,0.006320190326111019
PerplexDEW (Davies),isobar,0.0517,247.34343434343435,0.0063912891070131705
PerplexDEW (Davies),isobar,0.0517,248.35353535353536,0.00646285210158381
PerplexDEW (Davies),isobar,0.0517,249.36363636363637,0.006534870190615195
PerplexDEW (Davies),isobar,0.0517,250.37373737373738,0.006607343534445854
PerplexDEW (Davies),isobar,0.0517,251.3838383838384,0.006680262406899504
PerplexDEW (Davies),isobar,0.0517,252.3939393939394,0.00675362462547786
PerplexDEW (Davies),isobar,0.0517,253.40404040404042,
PerplexDEW (Davies),isobar,0.0517,254.41414141414143,
PerplexDEW (Davies),isobar,0.0517,255.42424242424244,
PerplexDEW (Davies),isobar,0.0517,256.4343434343434,
PerplexDEW (Davies),isobar,0.0517,257.44444444444446,
PerplexDEW (Davies),isobar,0.0517,258.45454545454544,
PerplexDEW (Davies),isobar,0.0517,259.4646464646465,
PerplexDEW (Davies),isobar,0.0517,260.47474747474746,0.007355570211833875
PerplexDEW (Davies),isobar,0.0517,261.4848484848485,0.007432576251562364
PerplexDEW (Davies),isobar,0.0517,262.4949494949495,0.007509942048974562
PerplexDEW (Davies),isobar,0.0517,263.5050505050505,0.007587657611265512
PerplexDEW (Davies),isobar,0.0517,264.5151515151515,0.007665710137033153
PerplexDEW (Davies),isobar,0.0517,265.52525252525254,0.0077440961010611774
PerplexDEW (Davies),isobar,0.0517,266.5353535353535,0.00782279207820496
PerplexDEW (Davies),isobar,0.0517,267.54545454545456,0.007901793719591621
PerplexDEW (Davies),isobar,0.0517,268.55555555555554,0.007981081301283506
PerplexDEW (Davies),isobar,0.0517,269.5656565656566,0.008060644626626342
PerplexDEW (Davies),isobar,0.0517,270.57575757575756,0.008140467920480718
PerplexDEW (Davies),isobar,0.0517,271.5858585858586,0.00822053479793351
PerplexDEW (Davies),isobar,0.0517,272.5959595959596,0.008300833690611097
PerplexDEW (Davies),isobar,0.0517,273.6060606060606,0.00838134167247964
PerplexDEW (Davies),isobar,0.0517,274.6161616161616,0.008462040449920003
PerplexDEW (Davies),isobar,0.0517,275.62626262626264,0.00854291674622811
PerplexDEW (Davies),isobar,0.0517,276.6363636363636,0.008623945406655143
PerplexDEW (Davies),isobar,0.0517,277.64646464646466,0.008705106102420992
PerplexDEW (Davies),isobar,0.0517,278.65656565656565,0.00878638372997198
PerplexDEW (Davies),isobar,0.0517,279.6666666666667,0.008867750767973036
PerplexDEW (Davies),isobar,0.0517,280.67676767676767,0.008949184722514955
PerplexDEW (Davies),isobar,0.0517,281.6868686868687,0.009030656153428273
PerplexDEW (Davies),isobar,0.0517,282.6969696969697,0.009112140780472127
PerplexDEW (Davies),isobar,0.0517,283.7070707070707,0.009193619908203079
PerplexDEW (Davies),isobar,0.0517,284.7171717171717,0.009275048544558623
PerplexDEW (Davies),isobar,0.0517,285.72727272727275,0.009356412561601746
PerplexDEW (Davies),isobar,0.0517,286.73737373737373,0.009437671130781344
PerplexDEW (Davies),isobar,0.0517,287.74747474747477,0.00951878856293254
PerplexDEW (Davies),isobar,0.0517,288.75757575757575,0.009599734749020589
PerplexDEW (Davies),isobar,0.0517,289.7676767676768,0.009680478680327972
PerplexDEW (Davies),isobar,0.0517,290.77777777777777,0.009760960292070488
PerplexDEW (Davies),isobar,0.0517,291.7878787878788,0.009841159809910929
PerplexDEW (Davies),isobar,0.0517,292.7979797979798,0.009921028350092908
PerplexDEW (Davies),isobar,0.0517,293.80808080808083,0.010000515243239578
PerplexDEW (Davies),isobar,0.0517,294.8181818181818,0.010079567996086045
PerplexDEW (Davies),isobar,0.0517,295.82828282828285,0.010158147338377322
PerplexDEW (Davies),isobar,0.0517,296.83838383838383,0.010236189996745129
PerplexDEW (Davies),isobar,0.0517,297.8484848484849,0.010313645856516082
PerplexDEW (Davies),isobar,0.0517,298.85858585858585,0.010390447541239724
PerplexDEW (Davies),isobar,0.0517,299.8686868686869,0.010466533210624199
PerplexDEW (Davies),isobar,0.0517,300.8787878787879,0.010541838980947465
PerplexDEW (Davies),isobar,0.0517,301.8888888888889,0.010616282507355067
PerplexDEW (Davies),isobar,0.0517,302.8989898989899,0.010689786734298665
PerplexDEW (Davies),isobar,0.0517,303.90909090909093,0.010762271987282435
PerplexDEW (Davies),isobar,0.0517,304.9191919191919,0.01083365592682098
PerplexDEW (Davies),isobar,0.0517,305.92929292929296,0.010903836209691547
PerplexDEW (Davies),isobar,0.0517,306.93939393939394,0.010972698038405447
PerplexDEW (Davies),isobar,0.0517,307.949494949495,0.011040157916046664
PerplexDEW (Davies),isobar,0.0517,308.95959595959596,0.011106075941459334
PerplexDEW (Davies),isobar,0.0517,309.969696969697,0.011170325144114418
PerplexDEW (Davies),isobar,0.0517,310.979797979798,0.011232774120738118
PerplexDEW (Davies),isobar,0.0517,311.98989898989896,0.011293268233962341
PerplexDEW (Davies),isobar,0.0517,313.0,0.011351656785653799
PerplexDEW (Davies),isobar,0.0642,230.0,0.005250305858152158
PerplexDEW (Davies),isobar,0.0642,231.010101010101,0.005313726356111567
PerplexDEW (Davies),isobar,0.0642,232.02020202020202,0.005377660439891055
PerplexDEW (Davies),isobar,0.0642,233.03030303030303,0.0054421063006240625
PerplexDEW (Davies),isobar,0.0642,234.04040404040404,0.005507066505523766
PerplexDEW (Davies),isobar,0.0642,235.05050505050505,0.00557253596081363
PerplexDEW (Davies),isobar,0.0642,236.06060606060606,0.0056385154676600715
PerplexDEW (Davies),isobar,0.0642,237.07070707070707,0.005705002615161783
PerplexDEW (Davies),isobar,0.0642,238.08080808080808,0.005771996400948918
PerplexDEW (Davies),isobar,0.0642,239.0909090909091,0.005839492405663576
PerplexDEW (Davies),isobar,0.0642,240.1010101010101,0.005907490907013408
PerplexDEW (Davies),isobar,0.0642,241.11111111111111,0.005975988757640364
PerplexDEW (Davies),isobar,0.0642,242.12121212121212,0.006044980848555318
PerplexDEW (Davies),isobar,0.0642,243.13131313131314,0.006114466986875425
PerplexDEW (Davies),isobar,0.0642,244.14141414141415,0.006184443386012311
PerplexDEW (Davies),isobar,0.0642,245.15151515151516,0.006254906009410321
PerplexDEW (Davies),isobar,0.0642,246.16161616161617,0.006325850564331758
PerplexDEW (Davies),isobar,0.0642,247.17171717171718,0.0063972743613631596
PerplexDEW (Davies),isobar,0.0642,248.1818181818182,0.006469172662638475
PerplexDEW (Davies),isobar,0.0642,249.1919191919192,0.0065415404571774385
PerplexDEW (Davies),isobar,0.0642,250.2020202020202,0.00661437440757129
PerplexDEW (Davies),isobar,0.0642,251.21212121212122,0.0066876670433995734
PerplexDEW (Davies),isobar,0.0642,252.22222222222223,0.006761414509218996
PerplexDEW (Davies),isobar,0.0642,253.23232323232324,0.0068356086840589475
PerplexDEW (Davies),isobar,0.0642,254.24242424242425,
PerplexDEW (Davies),isobar,0.0642,255.25252525252526,
PerplexDEW (Davies),isobar,0.0642,256.26262626262627,
PerplexDEW (Davies),isobar,0.0642,257.27272727272725,
PerplexDEW (Davies),isobar,0.0642,258.2828282828283,
PerplexDEW (Davies),isobar,0.0642,259.2929292929293,
PerplexDEW (Davies),isobar,0.0642,260.3030303030303,
PerplexDEW (Davies),isobar,0.0642,261.3131313131313,0.007444509527183918
PerplexDEW (Davies),isobar,0.0642,262.32323232323233,0.0075224209091728075
PerplexDEW (Davies),isobar,0.0642,263.3333333333333,0.007600704784054784
PerplexDEW (Davies),isobar,0.0642,264.34343434343435,0.007679344200988233
PerplexDEW (Davies),isobar,0.0642,265.35353535353534,0.00775833117755509
PerplexDEW (Davies),isobar,0.0642,266.3636363636364,0.007837657476134453
PerplexDEW (Davies),isobar,0.0642,267.37373737373736,0.007917309562246537
PerplexDEW (Davies),isobar,0.0642,268.3838383838384,0.007997270784409729
PerplexDEW (Davies),isobar,0.0642,269.3939393939394,0.008077534142697655
PerplexDEW (Davies),isobar,0.0642,270.4040404040404,0.008158081976940627
PerplexDEW (Davies),isobar,0.0642,271.4141414141414,0.008238895877486
PerplexDEW (Davies),isobar,0.0642,272.42424242424244,0.00831997021819029
PerplexDEW (Davies),isobar,0.0642,273.4343434343434,0.008401282880759222
PerplexDEW (Davies),isobar,0.0642,274.44444444444446,0.00848282195643693
PerplexDEW (Davies),isobar,0.0642,275.45454545454544,0.00856456388913271
PerplexDEW (Davies),isobar,0.0642,276.4646464646465,0.008646489879807751
PerplexDEW (Davies),isobar,0.0642,277.47474747474746,0.008728586279387088
PerplexDEW (Davies),isobar,0.0642,278.4848484848485,0.008810833172504211
PerplexDEW (Davies),isobar,0.0642,279.4949494949495,0.008893203945748973
PerplexDEW (Davies),isobar,0.0642,280.5050505050505,0.00897567700880301
PerplexDEW (Davies),isobar,0.0642,281.5151515151515,0.009058236207461955
PerplexDEW (Davies),isobar,0.0642,282.52525252525254,0.009140846209656883
PerplexDEW (Davies),isobar,0.0642,283.5353535353535,0.0092234892572471
PerplexDEW (Davies),isobar,0.0642,284.54545454545456,0.009306140727186208
PerplexDEW (Davies),isobar,0.0642,285.55555555555554,0.00938876866736825
PerplexDEW (Davies),isobar,0.0642,286.5656565656566,0.009471339942499482
PerplexDEW (Davies),isobar,0.0642,287.57575757575756,0.00955382692852307
PerplexDEW (Davies),isobar,0.0642,288.5858585858586,0.00963620114678874
PerplexDEW (Davies),isobar,0.0642,289.5959595959596,0.00971841942357453
PerplexDEW (Davies),isobar,0.0642,290.6060606060606,0.009800457949556066
PerplexDEW (Davies),isobar,0.0642,291.6161616161616,0.009882263960316922
PerplexDEW (Davies),isobar,0.0642,292.62626262626264,0.00996381140529875
PerplexDEW (Davies),isobar,0.0642,293.6363636363636,0.010045044439468269
PerplexDEW (Davies),isobar,0.0642,294.64646464646466,0.010125934672879406
PerplexDEW (Davies),isobar,0.0642,295.65656565656565,0.010206430578988273
PerplexDEW (Davies),isobar,0.0642,296.6666666666667,0.010286471162698303
PerplexDEW (Davies),isobar,0.0642,297.67676767676767,0.010366016297953591
PerplexDEW (Davies),isobar,0.0642,298.6868686868687,0.010445009116259854
PerplexDEW (Davies),isobar,0.0642,299.6969696969697,0.010523390793232914
PerplexDEW (Davies),isobar,0.0642,300.7070707070707,0.010601092459545627
PerplexDEW (Davies),isobar,0.0642,301.7171717171717,0.01067806725733953
PerplexDEW (Davies),isobar,0.0642,302.72727272727275,0.010754217505712012
PerplexDEW (Davies),isobar,0.0642,303.73737373737373,0.01082949193751986
PerplexDEW (Davies),isobar,0.0642,304.74747474747477,0.01090380403271389
PerplexDEW (Davies),isobar,0.0642,305.75757575757575,0.010977064163607074
PerplexDEW (Davies),isobar,0.0642,306.7676767676768,0.011049197004163597
PerplexDEW (Davies),isobar,0.0642,307.77777777777777,0.011120089542426272
PerplexDEW (Davies),isobar,0.0642,308.7878787878788,0.011189651461941437
PerplexDEW (Davies),isobar,0.0642,309.7979797979798,0.011257762321309445
PerplexDEW (Davies),isobar,0.0642,310.80808080808083,0.011324297329416488
PerplexDEW (Davies),isobar,0.0642,311.8181818181818,0.01138914594583072
PerplexDEW (Davies),isobar,0.0642,312.82828282828285,0.011452156289374184
PerplexDEW (Davies),isobar,0.0642,313.83838383838383,0.011513161347787826
PerplexDEW (Davies),isobar,0.0642,314.8484848484849,0.01157202682485654
PerplexDEW (Davies),isobar,0.0642,315.85858585858585,0.011628535521216805
PerplexDEW (Davies),isobar,0.0642,316.8686868686869,0.011682501776420872
PerplexDEW (Davies),isobar,0.0642,317.8787878787879,0.011733713356781542
PerplexDEW (Davies),isobar,0.0642,318.8888888888889,0.011781909624278532
PerplexDEW (Davies),isobar,0.0642,319.8989898989899,0.011826820277751504
PerplexDEW (Davies),isobar,0.0642,320.90909090909093,0.011868144272143928
PerplexDEW (Davies),isobar,0.0642,321.9191919191919,0.011905548413021471
PerplexDEW (Davies),isobar,0.0642,322.92929292929296,0.01193860136177996
PerplexDEW (Davies),isobar,0.0642,323.93939393939394,0.011966898983545556
PerplexDEW (Davies),isobar,0.0642,324.949494949495,0.011989868356588145
PerplexDEW (Davies),isobar,0.0642,325.95959595959596,0.012006937025131595
PerplexDEW (Davies),isobar,0.0642,326.969696969697,0.012017376063224935
PerplexDEW (Davies),isobar,0.0642,327.979797979798,0.01202029199972101
PerplexDEW (Davies),isobar,0.0642,328.98989898989896,0.012014665241733734
PerplexDEW (Davies),isobar,0.0642,330.0,0.011999157526474622
PerplexDEW (Davies),isobar,0.0859,250.0,0.006632720377914378
PerplexDEW (Davies),isobar,0.0859,251.010101010101,0.006706675631566378
PerplexDEW (Davies),isobar,0.0859,252.02020202020202,0.0067811070976658725
PerplexDEW (Davies),isobar,0.0859,253.03030303030303,0.006856007215631958
PerplexDEW (Davies),isobar,0.0859,254.04040404040404,
PerplexDEW (Davies),isobar,0.0859,255.05050505050505,
PerplexDEW (Davies),isobar,0.0859,256.06060606060606,
PerplexDEW (Davies),isobar,0.0859,257.07070707070704,
PerplexDEW (Davies),isobar,0.0859,258.0808080808081,
PerplexDEW (Davies),isobar,0.0859,259.09090909090907,
PerplexDEW (Davies),isobar,0.0859,260.1010101010101,
PerplexDEW (Davies),isobar,0.0859,261.1111111111111,0.007471430928776636
PerplexDEW (Davies),isobar,0.0859,262.1212121212121,0.007550281832409527
PerplexDEW (Davies),isobar,0.0859,263.1313131313131,0.007629531204488606
PerplexDEW (Davies),isobar,0.0859,264.14141414141415,0.007709172301043254
PerplexDEW (Davies),isobar,0.0859,265.1515151515151,0.007789195712166454
PerplexDEW (Davies),isobar,0.0859,266.16161616161617,0.007869589177798238
PerplexDEW (Davies),isobar,0.0859,267.17171717171715,0.00795034241071194
PerplexDEW (Davies),isobar,0.0859,268.1818181818182,0.008031444725088682
PerplexDEW (Davies),isobar,0.0859,269.19191919191917,0.008112887610040332
PerplexDEW (Davies),isobar,0.0859,270.2020202020202,0.008194654432396534
PerplexDEW (Davies),isobar,0.0859,271.2121212121212,0.008276733146781897
PerplexDEW (Davies),isobar,0.0859,272.22222222222223,0.008359105878292583
PerplexDEW (Davies),isobar,0.0859,273.2323232323232,0.008441767676748677
PerplexDEW (Davies),isobar,0.0859,274.24242424242425,0.008524696952868694
PerplexDEW (Davies),isobar,0.0859,275.25252525252523,0.008607882442868564
PerplexDEW (Davies),isobar,0.0859,276.26262626262627,0.008691301137840265
PerplexDEW (Davies),isobar,0.0859,277.27272727272725,0.008774940648568917
PerplexDEW (Davies),isobar,0.0859,278.2828282828283,0.008858785312230853
PerplexDEW (Davies),isobar,0.0859,279.2929292929293,0.00894281299119081
PerplexDEW (Davies),isobar,0.0859,280.3030303030303,0.009027000688162394
PerplexDEW (Davies),isobar,0.0859,281.3131313131313,0.009111336811083053
PerplexDEW (Davies),isobar,0.0859,282.32323232323233,0.009195787767627429
PerplexDEW (Davies),isobar,0.0859,283.3333333333333,0.009280343802481394
PerplexDEW (Davies),isobar,0.0859,284.34343434343435,0.00936497589687796
PerplexDEW (Davies),isobar,0.0859,285.35353535353534,0.009449653908168543
PerplexDEW (Davies),isobar,0.0859,286.3636363636364,0.009534359733019976
PerplexDEW (Davies),isobar,0.0859,287.37373737373736,0.009619054776912732
PerplexDEW (Davies),isobar,0.0859,288.3838383838384,0.009703726009612473
PerplexDEW (Davies),isobar,0.0859,289.3939393939394,0.009788332813433642
PerplexDEW (Davies),isobar,0.0859,290.4040404040404,0.009872846906059192
PerplexDEW (Davies),isobar,0.0859,291.4141414141414,0.00995723913588542
PerplexDEW (Davies),isobar,0.0859,292.42424242424244,0.010041465118134654
PerplexDEW (Davies),isobar,0.0859,293.4343434343434,0.010125500587424865
PerplexDEW (Davies),isobar,0.0859,294.44444444444446,0.010209291249391805
PerplexDEW (Davies),isobar,0.0859,295.45454545454544,0.01029281803427178
PerplexDEW (Davies),isobar,0.0859,296.4646464646465,0.010376016228203064
PerplexDEW (Davies),isobar,0.0859,297.47474747474746,0.010458856902080467
PerplexDEW (Davies),isobar,0.0859,298.4848484848485,0.010541279350691678
PerplexDEW (Davies),isobar,0.0859,299.4949494949495,0.010623252162935895
PerplexDEW (Davies),isobar,0.0859,300.5050505050505,0.010704711249868543
PerplexDEW (Davies),isobar,0.0859,301.5151515151515,0.01078559825214065
PerplexDEW (Davies),isobar,0.0859,302.52525252525254,0.010865861046539829
PerplexDEW (Davies),isobar,0.0859,303.5353535353535,0.010945437577064265
PerplexDEW (Davies),isobar,0.0859,304.54545454545456,0.011024263720671878
PerplexDEW (Davies),isobar,0.0859,305.55555555555554,0.011102256097444089
PerplexDEW (Davies),isobar,0.0859,306.5656565656566,0.011179354332755537
PerplexDEW (Davies),isobar,0.0859,307.57575757575756,0.011255487520214236
PerplexDEW (Davies),isobar,0.0859,308.5858585858586,0.01133054681648983
PerplexDEW (Davies),isobar,0.0859,309.5959595959596,0.011404464448927804
PerplexDEW (Davies),isobar,0.0859,310.6060606060606,0.011477134130602319
PerplexDEW (Davies),isobar,0.0859,311.6161616161616,0.01154844576250028
PerplexDEW (Davies),isobar,0.0859,312.62626262626264,0.011618304202100764
PerplexDEW (Davies),isobar,0.0859,313.6363636363636,0.011686592280198525
PerplexDEW (Davies),isobar,0.0859,314.64646464646466,0.011753169500417937
PerplexDEW (Davies),isobar,0.0859,315.65656565656565,0.01181790989210417
PerplexDEW (Davies),isobar,0.0859,316.6666666666667,0.011880643667313982
PerplexDEW (Davies),isobar,0.0859,317.67676767676767,0.011941235016293872
PerplexDEW (Davies),isobar,0.0859,318.6868686868687,0.011999482773360312
PerplexDEW (Davies),isobar,0.0859,319.6969696969697,0.012055198963598896
PerplexDEW (Davies),isobar,0.0859,320.7070707070707,0.012108189136691956
PerplexDEW (Davies),isobar,0.0859,321.7171717171717,0.012158188781667783
PerplexDEW (Davies),isobar,0.0859,322.72727272727275,0.012204944992723024
PerplexDEW (Davies),isobar,0.0859,323.73737373737373,0.01224817430389905
PerplexDEW (Davies),isobar,0.0859,324.74747474747477,0.012287539267709618
PerplexDEW (Davies),isobar,0.0859,325.75757575757575,0.01232266791395114
PerplexDEW (Davies),isobar,0.0859,326.7676767676768,0.012353129763585801
PerplexDEW (Davies),isobar,0.0859,327.77777777777777,0.012378455847740623
PerplexDEW (Davies),isobar,0.0859,328.7878787878788,0.012398091098602869
PerplexDEW (Davies),isobar,0.0859,329.7979797979798,0.012411366808714944
PerplexDEW (Davies),isobar,0.0859,330.80808080808083,0.01241747145921653
PerplexDEW (Davies),isobar,0.0859,331.8181818181818,0.012415515825214943
PerplexDEW (Davies),isobar,0.0859,332.82828282828285,0.01240428818963139
PerplexDEW (Davies),isobar,0.0859,333.83838383838383,0.012382385403766122
PerplexDEW (Davies),isobar,0.0859,334.8484848484849,388.55904543254394
PerplexDEW (Davies),isobar,0.0859,335.85858585858585,388.55904543254394
PerplexDEW (Davies),isobar,0.0859,336.8686868686869,388.55904543254394
PerplexDEW (Davies),isobar,0.0859,337.8787878787879,388.55904543254394
PerplexDEW (Davies),isobar,0.0859,338.8888888888889,388.55904543254394
PerplexDEW (Davies),isobar,0.0859,339.8989898989899,388.55904543254394
PerplexDEW (Davies),isobar,0.0859,340.90909090909093,388.55904543254394
PerplexDEW (Davies),isobar,0.0859,341.9191919191919,388.55904543254394
PerplexDEW (Davies),isobar,0.0859,342.92929292929296,388.55904543254394
PerplexDEW (Davies),isobar,0.0859,343.93939393939394,388.55904543254394
PerplexDEW (Davies),isobar,0.0859,344.949494949495,388.55904543254394
PerplexDEW (Davies),isobar,0.0859,345.95959595959596,388.55904543254394
PerplexDEW (Davies),isobar,0.0859,346.969696969697,388.55904543254394
PerplexDEW (Davies),isobar,0.0859,347.979797979798,388.55904543254394
PerplexDEW (Davies),isobar,0.0859,348.98989898989896,388.55904543254394
PerplexDEW (Davies),isobar,0.0859,350.0,388.55904543254394
PerplexDEW (Davies),isobar,0.1067,268.0,0.008063509143155779
PerplexDEW (Davies),isobar,0.1067,269.010101010101,0.008146019555182198
PerplexDEW (Davies),isobar,0.1067,270.020202020202,0.008228890511201601
PerplexDEW (Davies),isobar,0.1067,271.030303030303,0.008312110936887024
PerplexDEW (Davies),isobar,0.1067,272.04040404040404,0.008395663970524178
PerplexDEW (Davies),isobar,0.1067,273.050505050505,0.008479542910920412
PerplexDEW (Davies),isobar,0.1067,274.06060606060606,0.008563732642445313
PerplexDEW (Davies),isobar,0.1067,275.07070707070704,0.00864821744666625
PerplexDEW (Davies),isobar,0.1067,276.0808080808081,0.008732980988681536
PerplexDEW (Davies),isobar,0.1067,277.09090909090907,0.008818012077626405
PerplexDEW (Davies),isobar,0.1067,278.1010101010101,0.008903293355027708
PerplexDEW (Davies),isobar,0.1067,279.1111111111111,0.008988806810150738
PerplexDEW (Davies),isobar,0.1067,280.1212121212121,0.009074533765789932
PerplexDEW (Davies),isobar,0.1067,281.1313131313131,0.009160460979214266
PerplexDEW (Davies),isobar,0.1067,282.14141414141415,0.009246562457461006
PerplexDEW (Davies),isobar,0.1067,283.1515151515151,0.009332823732501504
PerplexDEW (Davies),isobar,0.1067,284.16161616161617,0.009419217207338494
PerplexDEW (Davies),isobar,0.1067,285.17171717171715,0.009505727134014841
PerplexDEW (Davies),isobar,0.1067,286.1818181818182,0.009592324247800054
PerplexDEW (Davies),isobar,0.1067,287.19191919191917,0.00967899146532088
PerplexDEW (Davies),isobar,0.1067,288.2020202020202,0.0097656977894808
PerplexDEW (Davies),isobar,0.1067,289.2121212121212,0.009852417896374407
PerplexDEW (Davies),isobar,0.1067,290.22222222222223,0.009939125646625678
PerplexDEW (Davies),isobar,0.1067,291.2323232323232,0.010025787026450876
PerplexDEW (Davies),isobar,0.1067,292.24242424242425,0.010112381064776445
PerplexDEW (Davies),isobar,0.1067,293.25252525252523,0.010198864594265701
PerplexDEW (Davies),isobar,0.1067,294.26262626262627,0.010285207447652447
PerplexDEW (Davies),isobar,0.1067,295.27272727272725,0.01037137855081648
PerplexDEW (Davies),isobar,0.1067,296.2828282828283,0.010457338356798308
PerplexDEW (Davies),isobar,0.1067,297.2929292929293,0.010543045960995244
PerplexDEW (Davies),isobar,0.1067,298.3030303030303,0.010628459073734924
PerplexDEW (Davies),isobar,0.1067,299.3131313131313,0.010713541861720773
PerplexDEW (Davies),isobar,0.1067,300.32323232323233,0.010798241531106003
PerplexDEW (Davies),isobar,0.1067,301.3333333333333,0.010882511476184216
PerplexDEW (Davies),isobar,0.1067,302.34343434343435,0.010966303596787824
PerplexDEW (Davies),isobar,0.1067,303.35353535353534,0.011049568271267131
PerplexDEW (Davies),isobar,0.1067,304.3636363636364,0.0111322374814355
PerplexDEW (Davies),isobar,0.1067,305.37373737373736,0.011214266332913277
PerplexDEW (Davies),isobar,0.1067,306.3838383838384,0.011295582814777232
PerplexDEW (Davies),isobar,0.1067,307.3939393939394,0.011376121116084976
PerplexDEW (Davies),isobar,0.1067,308.4040404040404,0.011455822168416273
PerplexDEW (Davies),isobar,0.1067,309.4141414141414,0.011534598165453573
PerplexDEW (Davies),isobar,0.1067,310.42424242424244,0.011612367249997145
PerplexDEW (Davies),isobar,0.1067,311.4343434343434,0.011689063319252995
PerplexDEW (Davies),isobar,0.1067,312.44444444444446,0.011764580948133953
PerplexDEW (Davies),isobar,0.1067,313.45454545454544,0.01183882038437988
PerplexDEW (Davies),isobar,0.1067,314.4646464646465,0.011911697739076126
PerplexDEW (Davies),isobar,0.1067,315.47474747474746,0.011983087669561009
PerplexDEW (Davies),isobar,0.1067,316.4848484848485,0.012052889973033859
PerplexDEW (Davies),isobar,0.1067,317.4949494949495,0.012120951343381073
PerplexDEW (Davies),isobar,0.1067,318.5050505050505,0.012187153372055956
PerplexDEW (Davies),isobar,0.1067,319.5151515151515,0.01225133287883643
PerplexDEW (Davies),isobar,0.1067,320.52525252525254,0.012313341674417685
PerplexDEW (Davies),isobar,0.1067,321.5353535353535,0.012373016189404838
PerplexDEW (Davies),isobar,0.1067,322.54545454545456,0.012430144699564794
PerplexDEW (Davies),isobar,0.1067,323.55555555555554,0.012484507811841496
PerplexDEW (Davies),isobar,0.1067,324.5656565656566,0.01253590029477284
PerplexDEW (Davies),isobar,0.1067,325.57575757575756,0.0125840658189649
PerplexDEW (Davies),isobar,0.1067,326.5858585858586,0.012628694119360868
PerplexDEW (Davies),isobar,0.1067,327.5959595959596,0.012669486388386005
PerplexDEW (Davies),isobar,0.1067,328.6060606060606,0.01270611055190037
PerplexDEW (Davies),isobar,0.1067,329.6161616161616,0.012738106519892652
PerplexDEW (Davies),isobar,0.1067,330.62626262626264,0.012765067932908028
PerplexDEW (Davies),isobar,0.1067,331.6363636363636,0.012786431361950523
PerplexDEW (Davies),isobar,0.1067,332.64646464646466,0.012801564503570317
PerplexDEW (Davies),isobar,0.1067,333.65656565656565,0.012809812399260828
PerplexDEW (Davies),isobar,0.1067,334.6666666666667,0.012810249970468625
PerplexDEW (Davies),isobar,0.1067,335.67676767676767,0.012801818348553576
PerplexDEW (Davies),isobar,0.1067,336.6868686868687,0.012783269127201381
PerplexDEW (Davies),isobar,0.1067,337.6969696969697,
PerplexDEW (Davies),isobar,0.1067,338.7070707070707,
PerplexDEW (Davies),isobar,0.1067,339.7171717171717,
PerplexDEW (Davies),isobar,0.1067,340.72727272727275,
PerplexDEW (Davies),isobar,0.1067,341.73737373737373,
PerplexDEW (Davies),isobar,0.1067,342.74747474747477,
PerplexDEW (Davies),isobar,0.1067,343.75757575757575,
PerplexDEW (Davies),isobar,0.1067,344.7676767676768,
PerplexDEW (Davies),isobar,0.1067,345.77777777777777,
PerplexDEW (Davies),isobar,0.1067,346.7878787878788,
PerplexDEW (Davies),isobar,0.1067,347.7979797979798,
PerplexDEW (Davies),isobar,0.1067,348.80808080808083,
PerplexDEW (Davies),isobar,0.1067,349.8181818181818,
PerplexDEW (Davies),isobar,0.1067,350.82828282828285,
PerplexDEW (Davies),isobar,0.1067,351.83838383838383,
PerplexDEW (Davies),isobar,0.1067,352.8484848484849,
PerplexDEW (Davies),isobar,0.1067,353.85858585858585,
PerplexDEW (Davies),isobar,0.1067,354.8686868686869,
PerplexDEW (Davies),isobar,0.1067,355.8787878787879,
PerplexDEW (Davies),isobar,0.1067,356.8888888888889,
PerplexDEW (Davies),isobar,0.1067,357.8989898989899,
PerplexDEW (Davies),isobar,0.1067,358.90909090909093,
PerplexDEW (Davies),isobar,0.1067,359.9191919191919,
PerplexDEW (Davies),isobar,0.1067,360.92929292929296,
PerplexDEW (Davies),isobar,0.1067,361.93939393939394,
PerplexDEW (Davies),isobar,0.1067,362.949494949495,
PerplexDEW (Davies),isobar,0.1067,363.95959595959596,
PerplexDEW (Davies),isobar,0.1067,364.969696969697,
PerplexDEW (Davies),isobar,0.1067,365.979797979798,
PerplexDEW (Davies),isobar,0.1067,366.98989898989896,
PerplexDEW (Davies),isobar,0.1067,368.0,
PerplexDEW (Davies),isobar,0.1281,280.0,0.00912666430145963
PerplexDEW (Davies),isobar,0.1281,281.010101010101,0.009214140669666493
PerplexDEW (Davies),isobar,0.1281,282.020202020202,0.009301842172209964
PerplexDEW (Davies),isobar,0.1281,283.030303030303,0.009389755633859489
PerplexDEW (Davies),isobar,0.1281,284.04040404040404,0.009477861177820004
PerplexDEW (Davies),isobar,0.1281,285.050505050505,0.009566141443563506
PerplexDEW (Davies),isobar,0.1281,286.06060606060606,0.009654571988604956
PerplexDEW (Davies),isobar,0.1281,287.07070707070704,0.009743127449248167
PerplexDEW (Davies),isobar,0.1281,288.0808080808081,0.009831788249143273
PerplexDEW (Davies),isobar,0.1281,289.09090909090907,0.009920537642436805
PerplexDEW (Davies),isobar,0.1281,290.1010101010101,0.010009337722478555
PerplexDEW (Davies),isobar,0.1281,291.1111111111111,0.010098170064782135
PerplexDEW (Davies),isobar,0.1281,292.1212121212121,0.010187008700915564
PerplexDEW (Davies),isobar,0.1281,293.1313131313131,0.010275826832176928
PerplexDEW (Davies),isobar,0.1281,294.14141414141415,0.010364582178606196
PerplexDEW (Davies),isobar,0.1281,295.1515151515151,0.01045326046110122
PerplexDEW (Davies),isobar,0.1281,296.16161616161617,0.010541817243212341
PerplexDEW (Davies),isobar,0.1281,297.17171717171715,0.010630221615113193
PerplexDEW (Davies),isobar,0.1281,298.1818181818182,0.010718434010828533
PerplexDEW (Davies),isobar,0.1281,299.19191919191917,0.010806429179472395
PerplexDEW (Davies),isobar,0.1281,300.2020202020202,0.010894149546705232
PerplexDEW (Davies),isobar,0.1281,301.2121212121212,0.010981567488743219
PerplexDEW (Davies),isobar,0.1281,302.22222222222223,0.011068630310992906
PerplexDEW (Davies),isobar,0.1281,303.2323232323232,0.011155299970603999
PerplexDEW (Davies),isobar,0.1281,304.24242424242425,0.011241520592074611
PerplexDEW (Davies),isobar,0.1281,305.25252525252523,0.01132725134185877
PerplexDEW (Davies),isobar,0.1281,306.26262626262627,0.011412424424810257
PerplexDEW (Davies),isobar,0.1281,307.27272727272725,0.01149699576203318
PerplexDEW (Davies),isobar,0.1281,308.2828282828283,0.011580902415728378
PerplexDEW (Davies),isobar,0.1281,309.2929292929293,0.011664070359482947
PerplexDEW (Davies),isobar,0.1281,310.3030303030303,0.011746450234231246
PerplexDEW (Davies),isobar,0.1281,311.3131313131313,0.011827963798525718
PerplexDEW (Davies),isobar,0.1281,312.32323232323233,0.011908530101736836
PerplexDEW (Davies),isobar,0.1281,313.3333333333333,0.011988084374058511
PerplexDEW (Davies),isobar,0.1281,314.34343434343435,0.012066531259658807
PerplexDEW (Davies),isobar,0.1281,315.35353535353534,0.01214378177826841
PerplexDEW (Davies),isobar,0.1281,316.3636363636364,0.012219734206632502
PerplexDEW (Davies),isobar,0.1281,317.37373737373736,0.012294303328726686
PerplexDEW (Davies),isobar,0.1281,318.3838383838384,0.012367361019209103
PerplexDEW (Davies),isobar,0.1281,319.3939393939394,0.012438815525157298
PerplexDEW (Davies),isobar,0.1281,320.4040404040404,0.012508510283667935
PerplexDEW (Davies),isobar,0.1281,321.4141414141414,0.012576324983652873
PerplexDEW (Davies),isobar,0.1281,322.42424242424244,0.012642114302606693
PerplexDEW (Davies),isobar,0.1281,323.4343434343434,0.012705728068897089
PerplexDEW (Davies),isobar,0.1281,324.44444444444446,0.012766978432720255
PerplexDEW (Davies),isobar,0.1281,325.45454545454544,0.012825670915196
PerplexDEW (Davies),isobar,0.1281,326.4646464646465,0.012881626743042938
PerplexDEW (Davies),isobar,0.1281,327.47474747474746,0.012934616123580584
PerplexDEW (Davies),isobar,0.1281,328.4848484848485,0.012984378336123694
PerplexDEW (Davies),isobar,0.1281,329.4949494949495,0.013030643503171242
PerplexDEW (Davies),isobar,0.1281,330.5050505050505,0.013073108977374312
PerplexDEW (Davies),isobar,0.1281,331.5151515151515,0.013111437852733696
PerplexDEW (Davies),isobar,0.1281,332.52525252525254,0.013145257480891981
PerplexDEW (Davies),isobar,0.1281,333.5353535353535,0.013174109128691725
PerplexDEW (Davies),isobar,0.1281,334.54545454545456,0.013197517779200982
PerplexDEW (Davies),isobar,0.1281,335.55555555555554,0.013214867051272445
PerplexDEW (Davies),isobar,0.1281,336.5656565656566,0.013225543889270866
PerplexDEW (Davies),isobar,0.1281,337.57575757575756,0.01322873528861561
PerplexDEW (Davies),isobar,0.1281,338.5858585858586,0.013223496053766949
PerplexDEW (Davies),isobar,0.1281,339.5959595959596,
PerplexDEW (Davies),isobar,0.1281,340.6060606060606,
PerplexDEW (Davies),isobar,0.1281,341.6161616161616,
PerplexDEW (Davies),isobar,0.1281,342.62626262626264,
PerplexDEW (Davies),isobar,0.1281,343.6363636363636,
PerplexDEW (Davies),isobar,0.1281,344.64646464646466,
PerplexDEW (Davies),isobar,0.1281,345.65656565656565,
PerplexDEW (Davies),isobar,0.1281,346.6666666666667,
PerplexDEW (Davies),isobar,0.1281,347.67676767676767,
PerplexDEW (Davies),isobar,0.1281,348.6868686868687,
PerplexDEW (Davies),isobar,0.1281,349.6969696969697,
PerplexDEW (Davies),isobar,0.1281,350.7070707070707,
PerplexDEW (Davies),isobar,0.1281,351.7171717171717,
PerplexDEW (Davies),isobar,0.1281,352.72727272727275,
PerplexDEW (Davies),isobar,0.1281,353.73737373737373,
PerplexDEW (Davies),isobar,0.1281,354.74747474747477,
PerplexDEW (Davies),isobar,0.1281,355.75757575757575,
PerplexDEW (Davies),isobar,0.1281,356.7676767676768,
PerplexDEW (Davies),isobar,0.1281,357.77777777777777,
PerplexDEW (Davies),isobar,0.1281,358.7878787878788,
PerplexDEW (Davies),isobar,0.1281,359.7979797979798,
PerplexDEW (Davies),isobar,0.1281,360.80808080808083,
PerplexDEW (Davies),isobar,0.1281,361.8181818181818,
PerplexDEW (Davies),isobar,0.1281,362.82828282828285,
PerplexDEW (Davies),isobar,0.1281,363.83838383838383,
PerplexDEW (Davies),isobar,0.1281,364.8484848484849,
PerplexDEW (Davies),isobar,0.1281,365.85858585858585,
PerplexDEW (Davies),isobar,0.1281,366.8686868686869,
PerplexDEW (Davies),isobar,0.1281,367.8787878787879,
PerplexDEW (Davies),isobar,0.1281,368.8888888888889,
PerplexDEW (Davies),isobar,0.1281,369.8989898989899,
PerplexDEW (Davies),isobar,0.1281,370.90909090909093,
PerplexDEW (Davies),isobar,0.1281,371.9191919191919,
PerplexDEW (Davies),isobar,0.1281,372.92929292929296,
PerplexDEW (Davies),isobar,0.1281,373.93939393939394,
PerplexDEW (Davies),isobar,0.1281,374.949494949495,
PerplexDEW (Davies),isobar,0.1281,375.95959595959596,
PerplexDEW (Davies),isobar,0.1281,376.969696969697,
PerplexDEW (Davies),isobar,0.1281,377.979797979798,
PerplexDEW (Davies),isobar,0.1281,378.98989898989896,
PerplexDEW (Davies),isobar,0.1281,380.0,
PerplexDEW (Davies),isobar,0.15,323.95,0.01295592513946992
PerplexDEW (Davies),isobar,0.15,324.18333333333334,0.012971913200328604
PerplexDEW (Davies),isobar,0.15,324.41666666666663,0.012987807107028905
PerplexDEW (Davies),isobar,0.15,324.65,0.013003562344254945
PerplexDEW (Davies),isobar,0.15,324.8833333333333,0.013019221603342079
PerplexDEW (Davies),isobar,0.15,325.1166666666667,0.01303478409074301
PerplexDEW (Davies),isobar,0.15,325.34999999999997,0.013050204882559393
PerplexDEW (Davies),isobar,0.15,325.5833333333333,0.013065527048616132
PerplexDEW (Davies),isobar,0.15,325.81666666666666,0.013080727593427169
PerplexDEW (Davies),isobar,0.15,326.05,0.013095805517532266
PerplexDEW (Davies),isobar,0.15,326.2833333333333,0.013110759818359121
PerplexDEW (Davies),isobar,0.15,326.51666666666665,0.013125589490247839
PerplexDEW (Davies),isobar,0.15,326.75,0.013140271068913498
PerplexDEW (Davies),isobar,0.15,326.98333333333335,0.013154848388013687
PerplexDEW (Davies),isobar,0.15,327.21666666666664,0.01316929804280038
PerplexDEW (Davies),isobar,0.15,327.45,0.013183596362423016
PerplexDEW (Davies),isobar,0.15,327.68333333333334,0.013197764847076238
PerplexDEW (Davies),isobar,0.15,327.9166666666667,0.0132118024727461
PerplexDEW (Davies),isobar,0.15,328.15,0.013225708212518653
PerplexDEW (Davies),isobar,0.15,328.3833333333333,0.013239458118381238
PerplexDEW (Davies),isobar,0.15,328.6166666666667,0.013253050957936975
PerplexDEW (Davies),isobar,0.15,328.84999999999997,0.01326650854679341
PerplexDEW (Davies),isobar,0.15,329.0833333333333,0.013279806727646361
PerplexDEW (Davies),isobar,0.15,329.31666666666666,0.013292967443307794
PerplexDEW (Davies),isobar,0.15,329.55,0.01330596639664442
PerplexDEW (Davies),isobar,0.15,329.7833333333333,0.013318802338689486
PerplexDEW (Davies),isobar,0.15,330.01666666666665,0.013331474017147358
PerplexDEW (Davies),isobar,0.15,330.25,0.013343980176431453
PerplexDEW (Davies),isobar,0.15,330.48333333333335,0.013356319557719777
PerplexDEW (Davies),isobar,0.15,330.71666666666664,0.013368490898999727
PerplexDEW (Davies),isobar,0.15,330.95,0.013380469277759094
PerplexDEW (Davies),isobar,0.15,331.18333333333334,0.013392300672591303
PerplexDEW (Davies),isobar,0.15,331.4166666666667,0.013403936429385605
PerplexDEW (Davies),isobar,0.15,331.65,0.013415375069546482
PerplexDEW (Davies),isobar,0.15,331.8833333333333,0.013426662970091137
PerplexDEW (Davies),isobar,0.15,332.1166666666667,0.01343772706154461
PerplexDEW (Davies),isobar,0.15,332.35,0.013448613782839538
PerplexDEW (Davies),isobar,0.15,332.5833333333333,0.013459297712525622
PerplexDEW (Davies),isobar,0.15,332.81666666666666,0.013469753151882464
PerplexDEW (Davies),isobar,0.15,333.05,0.013480051213219919
PerplexDEW (Davies),isobar,0.15,333.2833333333333,0.01349009344316366
PerplexDEW (Davies),isobar,0.15,333.51666666666665,0.01349995115407964
PerplexDEW (Davies),isobar,0.15,333.75,0.013509598566101143
PerplexDEW (Davies),isobar,0.15,333.98333333333335,0.013518985072150136
PerplexDEW (Davies),isobar,0.15,334.21666666666664,0.013528182596217148
PerplexDEW (Davies),isobar,0.15,334.45,0.013537140456008189
PerplexDEW (Davies),isobar,0.15,334.68333333333334,0.013545856924414644
PerplexDEW (Davies),isobar,0.15,334.9166666666667,0.013554305445444073
PerplexDEW (Davies),isobar,0.15,335.15,0.0135625338680811
PerplexDEW (Davies),isobar,0.15,335.3833333333333,0.01357054066523649
PerplexDEW (Davies),isobar,0.15,335.6166666666667,0.013578249202968849
PerplexDEW (Davies),isobar,0.15,335.85,0.013585707530775823
PerplexDEW (Davies),isobar,0.15,336.0833333333333,0.013592913904869554
PerplexDEW (Davies),isobar,0.15,336.31666666666666,0.013599816089832774
PerplexDEW (Davies),isobar,0.15,336.55,0.013606462546493734
PerplexDEW (Davies),isobar,0.15,336.78333333333336,0.01361282613931684
PerplexDEW (Davies),isobar,0.15,337.01666666666665,0.01361890490518309
PerplexDEW (Davies),isobar,0.15,337.25,0.013624671353502607
PerplexDEW (Davies),isobar,0.15,337.48333333333335,0.013630148901885696
PerplexDEW (Davies),isobar,0.15,337.7166666666667,0.013635309915213892
PerplexDEW (Davies),isobar,0.15,337.95,0.013640152211618628
PerplexDEW (Davies),isobar,0.15,338.18333333333334,0.013644647800504846
PerplexDEW (Davies),isobar,0.15,338.4166666666667,0.013648846040602495
PerplexDEW (Davies),isobar,0.15,338.65,0.01365269306101149
PerplexDEW (Davies),isobar,0.15,338.8833333333333,0.01365618646282839
PerplexDEW (Davies),isobar,0.15,339.1166666666667,0.013659323846250843
PerplexDEW (Davies),isobar,0.15,339.35,0.013662076650602479
PerplexDEW (Davies),isobar,0.15,339.5833333333333,0.01366446849399686
PerplexDEW (Davies),isobar,0.15,339.81666666666666,0.013666496975696147
PerplexDEW (Davies),isobar,0.15,340.05,0.013668106950165263
PerplexDEW (Davies),isobar,0.15,340.28333333333336,0.013669322036285335
PerplexDEW (Davies),isobar,0.15,340.51666666666665,0.013670113108712946
PerplexDEW (Davies),isobar,0.15,340.75,0.013670503930217681
PerplexDEW (Davies),isobar,0.15,340.98333333333335,0.013670438581188856
PerplexDEW (Davies),isobar,0.15,341.2166666666667,0.013669914031022754
PerplexDEW (Davies),isobar,0.15,341.45,0.013668954049312263
PerplexDEW (Davies),isobar,0.15,341.68333333333334,0.01366750208759433
PerplexDEW (Davies),isobar,0.15,341.9166666666667,0.013665581851955983
PerplexDEW (Davies),isobar,0.15,342.15,0.012245695848184098
PerplexDEW (Davies),isobar,0.15,342.3833333333333,
PerplexDEW (Davies),isobar,0.15,342.6166666666667,
PerplexDEW (Davies),isobar,0.15,342.85,
PerplexDEW (Davies),isobar,0.15,343.0833333333333,
PerplexDEW (Davies),isobar,0.15,343.31666666666666,
PerplexDEW (Davies),isobar,0.15,343.55,
PerplexDEW (Davies),isobar,0.15,343.78333333333336,
PerplexDEW (Davies),isobar,0.15,344.01666666666665,
PerplexDEW (Davies),isobar,0.15,344.25,
PerplexDEW (Davies),isobar,0.15,344.48333333333335,
PerplexDEW (Davies),isobar,0.15,344.7166666666667,
PerplexDEW (Davies),isobar,0.15,344.95,
PerplexDEW (Davies),isobar,0.15,345.18333333333334,
PerplexDEW (Davies),isobar,0.15,345.4166666666667,
PerplexDEW (Davies),isobar,0.15,345.65000000000003,
PerplexDEW (Davies),isobar,0.15,345.8833333333333,
PerplexDEW (Davies),isobar,0.15,346.1166666666667,
PerplexDEW (Davies),isobar,0.15,346.35,
PerplexDEW (Davies),isobar,0.15,346.58333333333337,
PerplexDEW (Davies),isobar,0.15,346.81666666666666,
PerplexDEW (Davies),isobar,0.15,347.05,
PerplexDEW (Davies),isobar,0.1565,323.95,0.013017660244360546
PerplexDEW (Davies),isobar,0.1565,324.18333333333334,0.013034153748852646
PerplexDEW (Davies),isobar,0.1565,324.41666666666663,0.013050555386005185
PerplexDEW (Davies),isobar,0.1565,324.65,0.013066842525799595
PerplexDEW (Davies),isobar,0.1565,324.8833333333333,0.013083036112320898
PerplexDEW (Davies),isobar,0.1565,325.1166666666667,0.013099124362542632
PerplexDEW (Davies),isobar,0.1565,325.34999999999997,0.013115095361269497
PerplexDEW (Davies),isobar,0.1565,325.5833333333333,0.013130970237885072
PerplexDEW (Davies),isobar,0.1565,325.81666666666666,0.013146726012229468
PerplexDEW (Davies),isobar,0.1565,326.05,0.013162372813659486
PerplexDEW (Davies),isobar,0.1565,326.2833333333333,0.013177898585098113
PerplexDEW (Davies),isobar,0.1565,326.51666666666665,0.01319331351515315
PerplexDEW (Davies),isobar,0.1565,326.75,0.013208605475425529
PerplexDEW (Davies),isobar,0.1565,326.98333333333335,0.0132237847141198
PerplexDEW (Davies),isobar,0.1565,327.21666666666664,0.013238827742948985
PerplexDEW (Davies),isobar,0.1565,327.45,0.013253744771028404
PerplexDEW (Davies),isobar,0.1565,327.68333333333334,0.013268546136323849
PerplexDEW (Davies),isobar,0.1565,327.9166666666667,0.01328321953108628
PerplexDEW (Davies),isobar,0.1565,328.15,0.01329774109130412
PerplexDEW (Davies),isobar,0.1565,328.3833333333333,0.013312155408350568
PerplexDEW (Davies),isobar,0.1565,328.6166666666667,0.013326415703840414
PerplexDEW (Davies),isobar,0.1565,328.84999999999997,0.013340543787771974
PerplexDEW (Davies),isobar,0.1565,329.0833333333333,0.013354515517083144
PerplexDEW (Davies),isobar,0.1565,329.31666666666666,0.013368352828823402
PerplexDEW (Davies),isobar,0.1565,329.55,0.013382054682374777
PerplexDEW (Davies),isobar,0.1565,329.7833333333333,0.013395596724316597
PerplexDEW (Davies),isobar,0.1565,330.01666666666665,0.013409001083650483
PerplexDEW (Davies),isobar,0.1565,330.25,0.01342224326615835
PerplexDEW (Davies),isobar,0.1565,330.48333333333335,0.01343532201691889
PerplexDEW (Davies),isobar,0.1565,330.71666666666664,0.01344823607763052
PerplexDEW (Davies),isobar,0.1565,330.95,0.01346100783486021
PerplexDEW (Davies),isobar,0.1565,331.18333333333334,0.013473588795275937
PerplexDEW (Davies),isobar,0.1565,331.4166666666667,0.013486025055353883
PerplexDEW (Davies),isobar,0.1565,331.65,0.013498267843341877
PerplexDEW (Davies),isobar,0.1565,331.8833333333333,0.01351036352183472
PerplexDEW (Davies),isobar,0.1565,332.1166666666667,0.013522263039944407
PerplexDEW (Davies),isobar,0.1565,332.35,0.013533988969602232
PerplexDEW (Davies),isobar,0.1565,332.5833333333333,0.0135455159006392
PerplexDEW (Davies),isobar,0.1565,332.81666666666666,0.013556866535555049
PerplexDEW (Davies),isobar,0.1565,333.05,0.013568039584657382
PerplexDEW (Davies),isobar,0.1565,333.2833333333333,0.013579009422186239
PerplexDEW (Davies),isobar,0.1565,333.51666666666665,0.013589774545592037
PerplexDEW (Davies),isobar,0.1565,333.75,0.013600333449025571
PerplexDEW (Davies),isobar,0.1565,333.98333333333335,0.013610684623415399
PerplexDEW (Davies),isobar,0.1565,334.21666666666664,0.0136208511668631
PerplexDEW (Davies),isobar,0.1565,334.45,0.013630782412994685
PerplexDEW (Davies),isobar,0.1565,334.68333333333334,0.01364050138446743
PerplexDEW (Davies),isobar,0.1565,334.9166666666667,0.013649981741013536
PerplexDEW (Davies),isobar,0.1565,335.15,0.01365927152719682
PerplexDEW (Davies),isobar,0.1565,335.3833333333333,0.013668294549282319
PerplexDEW (Davies),isobar,0.1565,335.6166666666667,0.013677098915776849
PerplexDEW (Davies),isobar,0.1565,335.85,0.013685657995505673
PerplexDEW (Davies),isobar,0.1565,336.0833333333333,0.013693995212371681
PerplexDEW (Davies),isobar,0.1565,336.31666666666666,0.013702058550540498
PerplexDEW (Davies),isobar,0.1565,336.55,0.013709871358265485
PerplexDEW (Davies),isobar,0.1565,336.78333333333336,0.01371740650231371
PerplexDEW (Davies),isobar,0.1565,337.01666666666665,0.013724687466138011
PerplexDEW (Davies),isobar,0.1565,337.25,0.01373171249161085
PerplexDEW (Davies),isobar,0.1565,337.48333333333335,0.013738454226750244
PerplexDEW (Davies),isobar,0.1565,337.7166666666667,0.013744910697189253
PerplexDEW (Davies),isobar,0.1565,337.95,0.013751054193114778
PerplexDEW (Davies),isobar,0.1565,338.18333333333334,0.013756934131365922
PerplexDEW (Davies),isobar,0.1565,338.4166666666667,0.013762496994008899
PerplexDEW (Davies),isobar,0.1565,338.65,0.013767740585870523
PerplexDEW (Davies),isobar,0.1565,338.8833333333333,0.01377268872680581
PerplexDEW (Davies),isobar,0.1565,339.1166666666667,0.013777287255459377
PerplexDEW (Davies),isobar,0.1565,339.35,0.01378158607670313
PerplexDEW (Davies),isobar,0.1565,339.5833333333333,0.013785530742387232
PerplexDEW (Davies),isobar,0.1565,339.81666666666666,0.013789118836939491
PerplexDEW (Davies),isobar,0.1565,340.05,0.013792374316522155
PerplexDEW (Davies),isobar,0.1565,340.28333333333336,0.013795268533972858
PerplexDEW (Davies),isobar,0.1565,340.51666666666665,0.013797772556842395
PerplexDEW (Davies),isobar,0.1565,340.75,0.013799910340419937
PerplexDEW (Davies),isobar,0.1565,340.98333333333335,0.013801626152046624
PerplexDEW (Davies),isobar,0.1565,341.2166666666667,0.013802970605669037
PerplexDEW (Davies),isobar,0.1565,341.45,0.013803887684838558
PerplexDEW (Davies),isobar,0.1565,341.68333333333334,0.013804401419305223
PerplexDEW (Davies),isobar,0.1565,341.9166666666667,0.013804482239502702
PerplexDEW (Davies),isobar,0.1565,342.15,0.013804100292652168
PerplexDEW (Davies),isobar,0.1565,342.3833333333333,0.013803279615205683
PerplexDEW (Davies),isobar,0.1565,342.6166666666667,0.013801963060419645
PerplexDEW (Davies),isobar,0.1565,342.85,0.013800174600600956
PerplexDEW (Davies),isobar,0.1565,343.0833333333333,0.013797883898127292
PerplexDEW (Davies),isobar,0.1565,343.31666666666666,
PerplexDEW (Davies),isobar,0.1565,343.55,
PerplexDEW (Davies),isobar,0.1565,343.78333333333336,
PerplexDEW (Davies),isobar,0.1565,344.01666666666665,
PerplexDEW (Davies),isobar,0.1565,344.25,
PerplexDEW (Davies),isobar,0.1565,344.48333333333335,
PerplexDEW (Davies),isobar,0.1565,344.7166666666667,
PerplexDEW (Davies),isobar,0.1565,344.95,
PerplexDEW (Davies),isobar,0.1565,345.18333333333334,
PerplexDEW (Davies),isobar,0.1565,345.4166666666667,
PerplexDEW (Davies),isobar,0.1565,345.65000000000003,
PerplexDEW (Davies),isobar,0.1565,345.8833333333333,
PerplexDEW (Davies),isobar,0.1565,346.1166666666667,
PerplexDEW (Davies),isobar,0.1565,346.35,
PerplexDEW (Davies),isobar,0.1565,346.58333333333337,
PerplexDEW (Davies),isobar,0.1565,346.81666666666666,
PerplexDEW (Davies),isobar,0.1565,347.05,
PerplexDEW (Davies),isobar,0.1867,310.0,0.012075554644438396
PerplexDEW (Davies),isobar,0.1867,311.010101010101,0.012167941001336875
PerplexDEW (Davies),isobar,0.1867,312.020202020202,0.012259861733396394
PerplexDEW (Davies),isobar,0.1867,313.030303030303,0.012351246642113645
PerplexDEW (Davies),isobar,0.1867,314.04040404040404,0.012442041932796145
PerplexDEW (Davies),isobar,0.1867,315.050505050505,0.012532192158291513
PerplexDEW (Davies),isobar,0.1867,316.06060606060606,0.012621649955323146
PerplexDEW (Davies),isobar,0.1867,317.07070707070704,0.012710337092750573
PerplexDEW (Davies),isobar,0.1867,318.0808080808081,0.012798192617381039
PerplexDEW (Davies),isobar,0.1867,319.09090909090907,0.01288513350002161
PerplexDEW (Davies),isobar,0.1867,320.1010101010101,0.012971115007610175
PerplexDEW (Davies),isobar,0.1867,321.1111111111111,0.013056029116753716
PerplexDEW (Davies),isobar,0.1867,322.1212121212121,0.01313980602660299
PerplexDEW (Davies),isobar,0.1867,323.1313131313131,0.013222352653742105
PerplexDEW (Davies),isobar,0.1867,324.14141414141415,0.013303583728964152
PerplexDEW (Davies),isobar,0.1867,325.1515151515151,0.013383389529818133
PerplexDEW (Davies),isobar,0.1867,326.16161616161617,0.013461678898693995
PerplexDEW (Davies),isobar,0.1867,327.17171717171715,0.013538335583962861
PerplexDEW (Davies),isobar,0.1867,328.1818181818182,0.013613228178570375
PerplexDEW (Davies),isobar,0.1867,329.19191919191917,0.013686232438738082
PerplexDEW (Davies),isobar,0.1867,330.2020202020202,0.013757220266041894
PerplexDEW (Davies),isobar,0.1867,331.2121212121212,0.013826035988373885
PerplexDEW (Davies),isobar,0.1867,332.22222222222223,0.013892518814640755
PerplexDEW (Davies),isobar,0.1867,333.2323232323232,0.013956490643490997
PerplexDEW (Davies),isobar,0.1867,334.24242424242425,0.014017792130497116
PerplexDEW (Davies),isobar,0.1867,335.25252525252523,0.014076184630196718
PerplexDEW (Davies),isobar,0.1867,336.26262626262627,0.01413147153020988
PerplexDEW (Davies),isobar,0.1867,337.27272727272725,0.014183399277559733
PerplexDEW (Davies),isobar,0.1867,338.2828282828283,0.014231705880899111
PerplexDEW (Davies),isobar,0.1867,339.2929292929293,0.014276120880921343
PerplexDEW (Davies),isobar,0.1867,340.3030303030303,0.014316286036850758
PerplexDEW (Davies),isobar,0.1867,341.3131313131313,0.014351857619548238
PerplexDEW (Davies),isobar,0.1867,342.32323232323233,0.014382426804824698
PerplexDEW (Davies),isobar,0.1867,343.3333333333333,0.01440754395422554
PerplexDEW (Davies),isobar,0.1867,344.34343434343435,0.014426689425229134
PerplexDEW (Davies),isobar,0.1867,345.35353535353534,0.014439242528167591
PerplexDEW (Davies),isobar,0.1867,346.3636363636364,0.014444533692783437
PerplexDEW (Davies),isobar,0.1867,347.37373737373736,6.105107963490947e-08
PerplexDEW (Davies),isobar,0.1867,348.3838383838384,5.93553620538421e-08
PerplexDEW (Davies),isobar,0.1867,349.3939393939394,5.7679396360376464e-08
PerplexDEW (Davies),isobar,0.1867,350.4040404040404,5.6055440344952e-08
PerplexDEW (Davies),isobar,0.1867,351.4141414141414,5.4466552532496815e-08
PerplexDEW (Davies),isobar,0.1867,352.42424242424244,5.2912309252589235e-08
PerplexDEW (Davies),isobar,0.1867,353.4343434343434,5.139228206642838e-08
PerplexDEW (Davies),isobar,0.1867,354.44444444444446,4.992042060295709e-08
PerplexDEW (Davies),isobar,0.1867,355.45454545454544,4.846718454532633e-08
PerplexDEW (Davies),isobar,0.1867,356.4646464646465,4.706057371782983e-08
PerplexDEW (Davies),isobar,0.1867,357.47474747474746,4.5685777101461486e-08
PerplexDEW (Davies),isobar,0.1867,358.4848484848485,4.4342363075225804e-08
PerplexDEW (Davies),isobar,0.1867,359.4949494949495,4.302989724449391e-08
PerplexDEW (Davies),isobar,0.1867,360.5050505050505,4.17603924816824e-08
PerplexDEW (Davies),isobar,0.1867,361.5151515151515,4.05082060167942e-08
PerplexDEW (Davies),isobar,0.1867,362.52525252525254,3.929750537251244e-08
PerplexDEW (Davies),isobar,0.1867,363.5353535353535,3.811541334762666e-08
PerplexDEW (Davies),isobar,0.1867,364.54545454545456,3.696150112250485e-08
PerplexDEW (Davies),isobar,0.1867,365.55555555555554,3.584633221439524e-08
PerplexDEW (Davies),isobar,0.1867,366.5656565656566,3.475257205374794e-08
PerplexDEW (Davies),isobar,0.1867,367.57575757575756,3.368543366622572e-08
PerplexDEW (Davies),isobar,0.1867,368.5858585858586,3.2649584962367194e-08
PerplexDEW (Davies),isobar,0.1867,369.5959595959596,3.164421230106427e-08
PerplexDEW (Davies),isobar,0.1867,370.6060606060606,3.0663681055902126e-08
PerplexDEW (Davies),isobar,0.1867,371.6161616161616,2.9712293920239433e-08
PerplexDEW (Davies),isobar,0.1867,372.62626262626264,2.878468498279278e-08
PerplexDEW (Davies),isobar,0.1867,373.6363636363636,2.7880452203250096e-08
PerplexDEW (Davies),isobar,0.1867,374.64646464646466,2.6999194393323718e-08
PerplexDEW (Davies),isobar,0.1867,375.65656565656565,2.6148993197611456e-08
PerplexDEW (Davies),isobar,0.1867,376.6666666666667,2.5320519651808897e-08
PerplexDEW (Davies),isobar,0.1867,377.67676767676767,2.451338924175992e-08
PerplexDEW (Davies),isobar,0.1867,378.6868686868687,2.3727218935157247e-08
PerplexDEW (Davies),isobar,0.1867,379.6969696969697,2.296924490932467e-08
PerplexDEW (Davies),isobar,0.1867,380.7070707070707,2.2231059882096675e-08
PerplexDEW (Davies),isobar,0.1867,381.7171717171717,2.151229851260339e-08
PerplexDEW (Davies),isobar,0.1867,382.72727272727275,2.0812597449897672e-08
PerplexDEW (Davies),isobar,0.1867,383.73737373737373,2.013842309904551e-08
PerplexDEW (Davies),isobar,0.1867,384.74747474747477,1.9482214609381983e-08
PerplexDEW (Davies),isobar,0.1867,385.75757575757575,1.884362697301527e-08
PerplexDEW (Davies),isobar,0.1867,386.7676767676768,1.8222317569484098e-08
PerplexDEW (Davies),isobar,0.1867,387.77777777777777,1.7624053774749706e-08
PerplexDEW (Davies),isobar,0.1867,388.7878787878788,
PerplexDEW (Davies),isobar,0.1867,389.7979797979798,
PerplexDEW (Davies),isobar,0.1867,390.80808080808083,
PerplexDEW (Davies),isobar,0.1867,391.8181818181818,
PerplexDEW (Davies),isobar,0.1867,392.82828282828285,
PerplexDEW (Davies),isobar,0.1867,393.83838383838383,
PerplexDEW (Davies),isobar,0.1867,394.8484848484849,
PerplexDEW (Davies),isobar,0.1867,395.85858585858585,
PerplexDEW (Davies),isobar,0.1867,396.8686868686869,
PerplexDEW (Davies),isobar,0.1867,397.8787878787879,
PerplexDEW (Davies),isobar,0.1867,398.8888888888889,
PerplexDEW (Davies),isobar,0.1867,399.8989898989899,
PerplexDEW (Davies),isobar,0.1867,400.90909090909093,
PerplexDEW (Davies),isobar,0.1867,401.9191919191919,
PerplexDEW (Davies),isobar,0.1867,402.92929292929296,
PerplexDEW (Davies),isobar,0.1867,403.93939393939394,
PerplexDEW (Davies),isobar,0.1867,404.949494949495,
PerplexDEW (Davies),isobar,0.1867,405.95959595959596,
PerplexDEW (Davies),isobar,0.1867,406.969696969697,
PerplexDEW (Davies),isobar,0.1867,407.979797979798,
PerplexDEW (Davies),isobar,0.1867,408.98989898989896,
PerplexDEW (Davies),isobar,0.1867,410.0,
PerplexDEW (Davies),isobar,0.2,317.6,0.012848629466572645
PerplexDEW (Davies),isobar,0.2,318.1333333333334,0.012896338502903969
PerplexDEW (Davies),isobar,0.2,318.6666666666667,0.012943825521616131
PerplexDEW (Davies),isobar,0.2,319.20000000000005,0.012991084445405475
PerplexDEW (Davies),isobar,0.2,319.73333333333335,0.013038109133268003
PerplexDEW (Davies),isobar,0.2,320.2666666666667,0.01308488309008659
PerplexDEW (Davies),isobar,0.2,320.8,0.013131379112097689
PerplexDEW (Davies),isobar,0.2,321.33333333333337,0.013177611131589443
PerplexDEW (Davies),isobar,0.2,321.8666666666667,0.01322356205450515
PerplexDEW (Davies),isobar,0.2,322.40000000000003,0.013269214441424761
PerplexDEW (Davies),isobar,0.2,322.93333333333334,0.013314561161101425
PerplexDEW (Davies),isobar,0.2,323.4666666666667,0.013359573561139383
PerplexDEW (Davies),isobar,0.2,324.0,0.013404265555064378
PerplexDEW (Davies),isobar,0.2,324.53333333333336,0.013448608072870051
PerplexDEW (Davies),isobar,0.2,325.06666666666666,0.013492593293763084
PerplexDEW (Davies),isobar,0.2,325.6,0.013536213332229664
PerplexDEW (Davies),isobar,0.2,326.1333333333333,0.01357943803929839
PerplexDEW (Davies),isobar,0.2,326.6666666666667,0.01362224777627794
PerplexDEW (Davies),isobar,0.2,327.2,0.013664645034806548
PerplexDEW (Davies),isobar,0.2,327.73333333333335,0.013706609888352912
PerplexDEW (Davies),isobar,0.2,328.26666666666665,0.0137481334407042
PerplexDEW (Davies),isobar,0.2,328.8,0.0137891722917329
PerplexDEW (Davies),isobar,0.2,329.33333333333337,0.013829751382568286
PerplexDEW (Davies),isobar,0.2,329.8666666666667,0.013869803447034876
PerplexDEW (Davies),isobar,0.2,330.40000000000003,0.013909341571298244
PerplexDEW (Davies),isobar,0.2,330.93333333333334,0.013948332236229299
PerplexDEW (Davies),isobar,0.2,331.4666666666667,0.013986764957610103
PerplexDEW (Davies),isobar,0.2,332.0,0.014024629176529876
PerplexDEW (Davies),isobar,0.2,332.53333333333336,0.014061866164231426
PerplexDEW (Davies),isobar,0.2,333.06666666666666,0.014098488470255048
PerplexDEW (Davies),isobar,0.2,333.6,0.014134460469773383
PerplexDEW (Davies),isobar,0.2,334.1333333333333,0.014169745823645816
PerplexDEW (Davies),isobar,0.2,334.6666666666667,0.01420433216020391
PerplexDEW (Davies),isobar,0.2,335.2,0.014238207028829799
PerplexDEW (Davies),isobar,0.2,335.73333333333335,0.014271307880705771
PerplexDEW (Davies),isobar,0.2,336.26666666666665,0.014303621136591345
PerplexDEW (Davies),isobar,0.2,336.8,0.014335133136443502
PerplexDEW (Davies),isobar,0.2,337.3333333333333,0.014365804641243866
PerplexDEW (Davies),isobar,0.2,337.8666666666667,0.014395570012674535
PerplexDEW (Davies),isobar,0.2,338.4,0.014424439705026685
PerplexDEW (Davies),isobar,0.2,338.93333333333334,0.014452372762656672
PerplexDEW (Davies),isobar,0.2,339.4666666666667,0.014479301328282632
PerplexDEW (Davies),isobar,0.2,340.0,0.014505182464972101
PerplexDEW (Davies),isobar,0.2,340.53333333333336,0.01453002548274527
PerplexDEW (Davies),isobar,0.2,341.06666666666666,0.014553733630254362
PerplexDEW (Davies),isobar,0.2,341.6,0.014576288566442528
PerplexDEW (Davies),isobar,0.2,342.1333333333333,0.014597617875893601
PerplexDEW (Davies),isobar,0.2,342.6666666666667,0.014617702065433343
PerplexDEW (Davies),isobar,0.2,343.2,0.01463646689647722
PerplexDEW (Davies),isobar,0.2,343.73333333333335,0.01465383671254706
PerplexDEW (Davies),isobar,0.2,344.26666666666665,0.014669734439504454
PerplexDEW (Davies),isobar,0.2,344.8,0.01468416514306591
PerplexDEW (Davies),isobar,0.2,345.3333333333333,0.014697022437777226
PerplexDEW (Davies),isobar,0.2,345.8666666666667,0.014708197851302325
PerplexDEW (Davies),isobar,0.2,346.4,0.014717637560511232
PerplexDEW (Davies),isobar,0.2,346.93333333333334,0.014725258503970376
PerplexDEW (Davies),isobar,0.2,347.46666666666664,0.014730918828004988
PerplexDEW (Davies),isobar,0.2,348.0,0.014734589468702583
PerplexDEW (Davies),isobar,0.2,348.5333333333333,0.014736125185321313
PerplexDEW (Davies),isobar,0.2,349.06666666666666,2.3134746334001708e-07
PerplexDEW (Davies),isobar,0.2,349.6,2.2844371567644e-07
PerplexDEW (Davies),isobar,0.2,350.1333333333333,2.255646374519979e-07
PerplexDEW (Davies),isobar,0.2,350.6666666666667,2.2271019119391868e-07
PerplexDEW (Davies),isobar,0.2,351.2,2.1988033689220893e-07
PerplexDEW (Davies),isobar,0.2,351.73333333333335,2.170750320299938e-07
PerplexDEW (Davies),isobar,0.2,352.26666666666665,2.1429423161379649e-07
PerplexDEW (Davies),isobar,0.2,352.8,2.1153788820430116e-07
PerplexDEW (Davies),isobar,0.2,353.3333333333333,2.08805951946942e-07
PerplexDEW (Davies),isobar,0.2,353.8666666666667,2.0612246386698148e-07
PerplexDEW (Davies),isobar,0.2,354.4,2.0346279805894455e-07
PerplexDEW (Davies),isobar,0.2,354.93333333333334,2.008032823159199e-07
PerplexDEW (Davies),isobar,0.2,355.46666666666664,1.9819133386138385e-07
PerplexDEW (Davies),isobar,0.2,356.0,1.9560303928864484e-07
PerplexDEW (Davies),isobar,0.2,356.5333333333333,1.9303833842535196e-07
PerplexDEW (Davies),isobar,0.2,357.06666666666666,1.9049716894471683e-07
PerplexDEW (Davies),isobar,0.2,357.59999999999997,1.8800191859832977e-07
PerplexDEW (Davies),isobar,0.2,358.1333333333333,1.8548516423648875e-07
PerplexDEW (Davies),isobar,0.2,358.66666666666663,1.830361876567988e-07
PerplexDEW (Davies),isobar,0.2,359.2,1.8061001962920335e-07
PerplexDEW (Davies),isobar,0.2,359.73333333333335,1.7820659109700126e-07
PerplexDEW (Davies),isobar,0.2,360.26666666666665,1.758045092951044e-07
PerplexDEW (Davies),isobar,0.2,360.79999999999995,1.734465665127276e-07
PerplexDEW (Davies),isobar,0.2,361.3333333333333,1.7111114337886118e-07
PerplexDEW (Davies),isobar,0.2,361.8666666666667,1.6879816328078145e-07
PerplexDEW (Davies),isobar,0.2,362.4,1.6652799030992127e-07
PerplexDEW (Davies),isobar,0.2,362.93333333333334,1.6425944246643633e-07
PerplexDEW (Davies),isobar,0.2,363.46666666666664,1.620130983133009e-07
PerplexDEW (Davies),isobar,0.2,364.0,1.5980867219737522e-07
PerplexDEW (Davies),isobar,0.2,364.5333333333333,1.576258567119661e-07
PerplexDEW (Davies),isobar,0.2,365.06666666666666,1.554451913032508e-07
PerplexDEW (Davies),isobar,0.2,365.59999999999997,1.5332472287914963e-07
PerplexDEW (Davies),isobar,0.2,366.1333333333333,1.5118727173352356e-07
PerplexDEW (Davies),isobar,0.2,366.66666666666663,1.4910901147993615e-07
PerplexDEW (Davies),isobar,0.2,367.2,1.4705152086494821e-07
PerplexDEW (Davies),isobar,0.2,367.7333333333333,1.4499636157771027e-07
PerplexDEW (Davies),isobar,0.2,368.26666666666665,1.4298034732771023e-07
PerplexDEW (Davies),isobar,0.2,368.79999999999995,1.4096688574466253e-07
PerplexDEW (Davies),isobar,0.2,369.3333333333333,1.3899198249151257e-07
PerplexDEW (Davies),isobar,0.2,369.8666666666667,1.3705495122107474e-07
PerplexDEW (Davies),isobar,0.2,370.4,1.3512039200909901e-07
PerplexDEW (Davies),isobar,0.2051,317.6,0.012883221024413824
PerplexDEW (Davies),isobar,0.2051,318.1333333333334,0.012931465045417947
PerplexDEW (Davies),isobar,0.2051,318.6666666666667,0.0129795025421785
PerplexDEW (Davies),isobar,0.2051,319.20000000000005,0.013027327679562465
PerplexDEW (Davies),isobar,0.2051,319.73333333333335,0.01307491411289649
PerplexDEW (Davies),isobar,0.2051,320.2666666666667,0.013122276057578191
PerplexDEW (Davies),isobar,0.2051,320.8,0.013169376411722238
PerplexDEW (Davies),isobar,0.2051,321.33333333333337,0.013216218911282706
PerplexDEW (Davies),isobar,0.2051,321.8666666666667,0.013262786502355114
PerplexDEW (Davies),isobar,0.2051,322.40000000000003,0.013309082946023062
PerplexDEW (Davies),isobar,0.2051,322.93333333333334,0.01335508027508098
PerplexDEW (Davies),isobar,0.2051,323.4666666666667,0.013400771333855702
PerplexDEW (Davies),isobar,0.2051,324.0,0.013446148905114632
PerplexDEW (Davies),isobar,0.2051,324.53333333333336,0.013491183965694145
PerplexDEW (Davies),isobar,0.2051,325.06666666666666,0.013535890624806932
PerplexDEW (Davies),isobar,0.2051,325.6,0.013580228418138158
PerplexDEW (Davies),isobar,0.2051,326.1333333333333,0.013624200305533447
PerplexDEW (Davies),isobar,0.2051,326.6666666666667,0.013667787139626849
PerplexDEW (Davies),isobar,0.2051,327.2,0.013710980652732968
PerplexDEW (Davies),isobar,0.2051,327.73333333333335,0.013753761189598614
PerplexDEW (Davies),isobar,0.2051,328.26666666666665,0.013796108724667707
PerplexDEW (Davies),isobar,0.2051,328.8,0.013838002858891252
PerplexDEW (Davies),isobar,0.2051,329.33333333333337,0.013879434367641998
PerplexDEW (Davies),isobar,0.2051,329.8666666666667,0.013920393955677327
PerplexDEW (Davies),isobar,0.2051,330.40000000000003,0.013960848845969745
PerplexDEW (Davies),isobar,0.2051,330.93333333333334,0.014000789136196711
PerplexDEW (Davies),isobar,0.2051,331.4666666666667,0.014040181126775821
PerplexDEW (Davies),isobar,0.2051,332.0,0.014079038180437986
PerplexDEW (Davies),isobar,0.2051,332.53333333333336,0.014117302097108316
PerplexDEW (Davies),isobar,0.2051,333.06666666666666,0.014154985932758714
PerplexDEW (Davies),isobar,0.2051,333.6,0.01419203022915389
PerplexDEW (Davies),isobar,0.2051,334.1333333333333,0.014228447730244325
PerplexDEW (Davies),isobar,0.2051,334.6666666666667,0.014264177706495238
PerplexDEW (Davies),isobar,0.2051,335.2,0.014299232585636694
PerplexDEW (Davies),isobar,0.2051,335.73333333333335,0.014333550355004434
PerplexDEW (Davies),isobar,0.2051,336.26666666666665,0.014367143123147758
PerplexDEW (Davies),isobar,0.2051,336.8,0.014399947583962316
PerplexDEW (Davies),isobar,0.2051,337.3333333333333,0.014431950031522034
PerplexDEW (Davies),isobar,0.2051,337.8666666666667,0.014463111021919111
PerplexDEW (Davies),isobar,0.2051,338.4,0.014493416196607531
PerplexDEW (Davies),isobar,0.2051,338.93333333333334,0.01452282512912685
PerplexDEW (Davies),isobar,0.2051,339.4666666666667,0.014551296651590198
PerplexDEW (Davies),isobar,0.2051,340.0,0.014578788852037255
PerplexDEW (Davies),isobar,0.2051,340.53333333333336,0.014605259072255357
PerplexDEW (Davies),isobar,0.2051,341.06666666666666,0.014630690565768798
PerplexDEW (Davies),isobar,0.2051,341.6,0.01465501285543914
PerplexDEW (Davies),isobar,0.2051,342.1333333333333,0.014678181038336015
PerplexDEW (Davies),isobar,0.2051,342.6666666666667,0.014700176629657863
PerplexDEW (Davies),isobar,0.2051,343.2,0.014720926402003967
PerplexDEW (Davies),isobar,0.2051,343.73333333333335,0.014740383209760502
PerplexDEW (Davies),isobar,0.2051,344.26666666666665,0.014758471484248225
PerplexDEW (Davies),isobar,0.2051,344.8,0.014775169931871992
PerplexDEW (Davies),isobar,0.2051,345.3333333333333,0.014790373141490102
PerplexDEW (Davies),isobar,0.2051,345.8666666666667,0.014804029984269449
PerplexDEW (Davies),isobar,0.2051,346.4,0.014816060238627632
PerplexDEW (Davies),isobar,0.2051,346.93333333333334,0.014826410814480582
PerplexDEW (Davies),isobar,0.2051,347.46666666666664,0.014834941779195402
PerplexDEW (Davies),isobar,0.2051,348.0,0.014841654852240727
PerplexDEW (Davies),isobar,0.2051,348.5333333333333,0.014846349053544206
PerplexDEW (Davies),isobar,0.2051,349.06666666666666,0.01484896543030846
PerplexDEW (Davies),isobar,0.2051,349.6,3.6632057415571846e-07
PerplexDEW (Davies),isobar,0.2051,350.1333333333333,3.619941867756503e-07
PerplexDEW (Davies),isobar,0.2051,350.6666666666667,3.5766239754345486e-07
PerplexDEW (Davies),isobar,0.2051,351.2,3.5340158977547457e-07
PerplexDEW (Davies),isobar,0.2051,351.73333333333335,3.4921076558439896e-07
PerplexDEW (Davies),isobar,0.2051,352.26666666666665,3.450149056412373e-07
PerplexDEW (Davies),isobar,0.2051,352.8,3.4085169281292445e-07
PerplexDEW (Davies),isobar,0.2051,353.3333333333333,3.367211253937127e-07
PerplexDEW (Davies),isobar,0.2051,353.8666666666667,3.32623197833654e-07
PerplexDEW (Davies),isobar,0.2051,354.4,3.2862928578619835e-07
PerplexDEW (Davies),isobar,0.2051,354.93333333333334,3.245959496579345e-07
PerplexDEW (Davies),isobar,0.2051,355.46666666666664,3.205952164043376e-07
PerplexDEW (Davies),isobar,0.2051,356.0,3.166965011453933e-07
PerplexDEW (Davies),isobar,0.2051,356.5333333333333,3.127602591143199e-07
PerplexDEW (Davies),isobar,0.2051,357.06666666666666,3.0892470214652675e-07
PerplexDEW (Davies),isobar,0.2051,357.59999999999997,3.051203705258034e-07
PerplexDEW (Davies),isobar,0.2051,358.1333333333333,3.0128034560270597e-07
PerplexDEW (Davies),isobar,0.2051,358.66666666666663,2.9753900576828233e-07
PerplexDEW (Davies),isobar,0.2051,359.2,2.938287962777199e-07
PerplexDEW (Davies),isobar,0.2051,359.73333333333335,2.9014967959554404e-07
PerplexDEW (Davies),isobar,0.2051,360.26666666666665,2.865016149148687e-07
PerplexDEW (Davies),isobar,0.2051,360.79999999999995,2.828845581934398e-07
PerplexDEW (Davies),isobar,0.2051,361.3333333333333,2.7929846219034196e-07
PerplexDEW (Davies),isobar,0.2051,361.8666666666667,2.757432765026389e-07
PerplexDEW (Davies),isobar,0.2051,362.4,2.7221894760271114e-07
PerplexDEW (Davies),isobar,0.2051,362.93333333333334,2.687560881669739e-07
PerplexDEW (Davies),isobar,0.2051,363.46666666666664,2.653233688555556e-07
PerplexDEW (Davies),isobar,0.2051,364.0,2.618906579055526e-07
PerplexDEW (Davies),isobar,0.2051,364.5333333333333,2.585481133773545e-07
PerplexDEW (Davies),isobar,0.2051,365.06666666666666,2.5517596881461464e-07
PerplexDEW (Davies),isobar,0.2051,365.59999999999997,2.5189267776287317e-07
PerplexDEW (Davies),isobar,0.2051,366.1333333333333,2.48638622880212e-07
PerplexDEW (Davies),isobar,0.2051,366.66666666666663,2.453851229283448e-07
PerplexDEW (Davies),isobar,0.2051,367.2,2.421612945250879e-07
PerplexDEW (Davies),isobar,0.2051,367.7333333333333,2.389950954524449e-07
PerplexDEW (Davies),isobar,0.2051,368.26666666666665,2.3585783933588638e-07
PerplexDEW (Davies),isobar,0.2051,368.79999999999995,2.327494470413802e-07
PerplexDEW (Davies),isobar,0.2051,369.3333333333333,2.296698369031078e-07
PerplexDEW (Davies),isobar,0.2051,369.8666666666667,2.2664583852468368e-07
PerplexDEW (Davies),isobar,0.2051,370.4,2.2364989896654611e-07
PerplexDEW (Davies),isobar,0.221,323.0,0.01348407741770974
PerplexDEW (Davies),isobar,0.221,324.010101010101,0.013574075047963968
PerplexDEW (Davies),isobar,0.221,325.020202020202,0.013663049946642
PerplexDEW (Davies),isobar,0.221,326.030303030303,0.013750921775495414
PerplexDEW (Davies),isobar,0.221,327.04040404040404,0.013837618926449056
PerplexDEW (Davies),isobar,0.221,328.050505050505,0.01392303380481484
PerplexDEW (Davies),isobar,0.221,329.06060606060606,0.014007089622651313
PerplexDEW (Davies),isobar,0.221,330.07070707070704,0.014089684312626393
PerplexDEW (Davies),isobar,0.221,331.0808080808081,0.014170689034054775
PerplexDEW (Davies),isobar,0.221,332.09090909090907,0.014250030230989462
PerplexDEW (Davies),isobar,0.221,333.1010101010101,0.01432757240906558
PerplexDEW (Davies),isobar,0.221,334.1111111111111,0.014403187808398419
PerplexDEW (Davies),isobar,0.221,335.1212121212121,0.014476744714452263
PerplexDEW (Davies),isobar,0.221,336.1313131313131,0.014548082316788967
PerplexDEW (Davies),isobar,0.221,337.14141414141415,0.014617059943793939
PerplexDEW (Davies),isobar,0.221,338.1515151515151,0.014683494262416226
PerplexDEW (Davies),isobar,0.221,339.16161616161617,0.014747221991275152
PerplexDEW (Davies),isobar,0.221,340.17171717171715,0.014808048723764367
PerplexDEW (Davies),isobar,0.221,341.1818181818182,0.014865773990721476
PerplexDEW (Davies),isobar,0.221,342.19191919191917,0.014920110230623217
PerplexDEW (Davies),isobar,0.221,343.2020202020202,0.014970869192787357
PerplexDEW (Davies),isobar,0.221,344.2121212121212,0.015017747195056415
PerplexDEW (Davies),isobar,0.221,345.22222222222223,0.015060458508801394
PerplexDEW (Davies),isobar,0.221,346.2323232323232,0.01509862377153317
PerplexDEW (Davies),isobar,0.221,347.24242424242425,0.01513190827255462
PerplexDEW (Davies),isobar,0.221,348.25252525252523,0.015159880467388736
PerplexDEW (Davies),isobar,0.221,349.26262626262627,0.015182095025363638
PerplexDEW (Davies),isobar,0.221,350.27272727272725,0.015197944807680617
PerplexDEW (Davies),isobar,0.221,351.2828282828283,0.015206922513209908
PerplexDEW (Davies),isobar,0.221,352.2929292929293,1.2835980134122916e-06
PerplexDEW (Davies),isobar,0.221,353.3030303030303,1.259517036362566e-06
PerplexDEW (Davies),isobar,0.221,354.3131313131313,1.2358752776147675e-06
PerplexDEW (Davies),isobar,0.221,355.32323232323233,1.212457578856357e-06
PerplexDEW (Davies),isobar,0.221,356.3333333333333,1.189370869966671e-06
PerplexDEW (Davies),isobar,0.221,357.34343434343435,1.1665117454681067e-06
PerplexDEW (Davies),isobar,0.221,358.35353535353534,1.1439841091278476e-06
PerplexDEW (Davies),isobar,0.221,359.3636363636364,1.1216870438984935e-06
PerplexDEW (Davies),isobar,0.221,360.37373737373736,1.099623213674381e-06
PerplexDEW (Davies),isobar,0.221,361.3838383838384,1.0779888915400635e-06
PerplexDEW (Davies),isobar,0.221,362.3939393939394,1.0565872908569829e-06
PerplexDEW (Davies),isobar,0.221,363.4040404040404,1.0354206829784812e-06
PerplexDEW (Davies),isobar,0.221,364.4141414141414,1.0146768814452627e-06
PerplexDEW (Davies),isobar,0.221,365.42424242424244,9.940753619919086e-07
PerplexDEW (Davies),isobar,0.221,366.4343434343434,9.738925487850625e-07
PerplexDEW (Davies),isobar,0.221,367.44444444444446,9.53855688503853e-07
PerplexDEW (Davies),isobar,0.221,368.45454545454544,9.342330231035868e-07
PerplexDEW (Davies),isobar,0.221,369.4646464646465,9.14845744415173e-07
PerplexDEW (Davies),isobar,0.221,370.47474747474746,8.956952768759067e-07
PerplexDEW (Davies),isobar,0.221,371.4848484848485,8.769502349188023e-07
PerplexDEW (Davies),isobar,0.221,372.4949494949495,8.584393545523069e-07
PerplexDEW (Davies),isobar,0.221,373.5050505050505,8.403259646558406e-07
PerplexDEW (Davies),isobar,0.221,374.5151515151515,8.223639058410596e-07
PerplexDEW (Davies),isobar,0.221,375.52525252525254,8.047936695407672e-07
PerplexDEW (Davies),isobar,0.221,376.5353535353535,7.873764606077534e-07
PerplexDEW (Davies),isobar,0.221,377.54545454545456,7.703451013149989e-07
PerplexDEW (Davies),isobar,0.221,378.55555555555554,7.535429874528212e-07
PerplexDEW (Davies),isobar,0.221,379.5656565656566,7.371180564952081e-07
PerplexDEW (Davies),isobar,0.221,380.57575757575756,7.20918480162393e-07
PerplexDEW (Davies),isobar,0.221,381.5858585858586,7.049446056370376e-07
PerplexDEW (Davies),isobar,0.221,382.5959595959596,6.893369949127146e-07
PerplexDEW (Davies),isobar,0.221,383.6060606060606,6.739508083926253e-07
PerplexDEW (Davies),isobar,0.221,384.6161616161616,6.587861482514437e-07
PerplexDEW (Davies),isobar,0.221,385.62626262626264,6.439764163924825e-07
PerplexDEW (Davies),isobar,0.221,386.6363636363636,6.293835946599732e-07
PerplexDEW (Davies),isobar,0.221,387.64646464646466,6.151364643895086e-07
PerplexDEW (Davies),isobar,0.221,388.65656565656565,6.011014732555746e-07
PerplexDEW (Davies),isobar,0.221,389.6666666666667,5.872783779898754e-07
PerplexDEW (Davies),isobar,0.221,390.67676767676767,5.737891950533222e-07
PerplexDEW (Davies),isobar,0.221,391.6868686868687,5.60506876794476e-07
PerplexDEW (Davies),isobar,0.221,392.6969696969697,5.475490865407611e-07
PerplexDEW (Davies),isobar,0.221,393.7070707070707,5.347930269668133e-07
PerplexDEW (Davies),isobar,0.221,394.7171717171717,5.222381694184516e-07
PerplexDEW (Davies),isobar,0.221,395.72727272727275,5.09995815414733e-07
PerplexDEW (Davies),isobar,0.221,396.73737373737373,4.979493415338187e-07
PerplexDEW (Davies),isobar,0.221,397.74747474747477,4.861520132832105e-07
PerplexDEW (Davies),isobar,0.221,398.75757575757575,4.7460012277877416e-07
PerplexDEW (Davies),isobar,0.221,399.7676767676768,4.6328996599214705e-07
PerplexDEW (Davies),isobar,0.221,400.77777777777777,4.522178448100459e-07
PerplexDEW (Davies),isobar,0.221,401.7878787878788,4.4132996767897937e-07
PerplexDEW (Davies),isobar,0.221,402.7979797979798,4.3067461688466074e-07
PerplexDEW (Davies),isobar,0.221,403.80808080808083,4.2024808364507875e-07
PerplexDEW (Davies),isobar,0.221,404.8181818181818,4.1004667285082685e-07
PerplexDEW (Davies),isobar,0.221,405.82828282828285,4.000667048064018e-07
PerplexDEW (Davies),isobar,0.221,406.83838383838383,3.90258951543425e-07
PerplexDEW (Davies),isobar,0.221,407.8484848484849,3.8071176630605643e-07
PerplexDEW (Davies),isobar,0.221,408.85858585858585,3.7133123928835026e-07
PerplexDEW (Davies),isobar,0.221,409.8686868686869,3.62159294587271e-07
PerplexDEW (Davies),isobar,0.221,410.8787878787879,3.531923143719596e-07
PerplexDEW (Davies),isobar,0.221,411.8888888888889,3.4442670560886923e-07
PerplexDEW (Davies),isobar,0.221,412.8989898989899,3.358183643952797e-07
PerplexDEW (Davies),isobar,0.221,413.90909090909093,3.274456177733277e-07
PerplexDEW (Davies),isobar,0.221,414.9191919191919,3.191856958147867e-07
PerplexDEW (Davies),isobar,0.221,415.92929292929296,3.111542996178161e-07
PerplexDEW (Davies),isobar,0.221,416.93939393939394,3.033456270925089e-07
PerplexDEW (Davies),isobar,0.221,417.949494949495,2.9568062318326616e-07
PerplexDEW (Davies),isobar,0.221,418.95959595959596,2.881581028771421e-07
PerplexDEW (Davies),isobar,0.221,419.969696969697,2.808472916075682e-07
PerplexDEW (Davies),isobar,0.221,420.979797979798,2.7367364198461906e-07
PerplexDEW (Davies),isobar,0.221,421.98989898989896,2.6663593696318376e-07
PerplexDEW (Davies),isobar,0.221,423.0,2.5979916310900204e-07
PerplexDEW (Davies),isobar,0.25,322.85,0.013682874296058927
PerplexDEW (Davies),isobar,0.25,323.55,0.013749757884422854
PerplexDEW (Davies),isobar,0.25,324.25,0.013816280727248345
PerplexDEW (Davies),isobar,0.25,324.95000000000005,0.013882429441830012
PerplexDEW (Davies),isobar,0.25,325.65000000000003,0.013948179485849262
PerplexDEW (Davies),isobar,0.25,326.35,0.014013505766955462
PerplexDEW (Davies),isobar,0.25,327.05,0.014078393822281715
PerplexDEW (Davies),isobar,0.25,327.75,0.014142817738692989
PerplexDEW (Davies),isobar,0.25,328.45000000000005,0.014206739652682076
PerplexDEW (Davies),isobar,0.25,329.15000000000003,0.014270143699088982
PerplexDEW (Davies),isobar,0.25,329.85,0.014333013837583522
PerplexDEW (Davies),isobar,0.25,330.55,0.014395310473812649
PerplexDEW (Davies),isobar,0.25,331.25,0.01445700481034855
PerplexDEW (Davies),isobar,0.25,331.95000000000005,0.014518067455672039
PerplexDEW (Davies),isobar,0.25,332.65000000000003,0.014578480418978045
PerplexDEW (Davies),isobar,0.25,333.35,0.014638201314015463
PerplexDEW (Davies),isobar,0.25,334.05,0.014697186727194963
PerplexDEW (Davies),isobar,0.25,334.75,0.014755416839161898
PerplexDEW (Davies),isobar,0.25,335.45,0.014812846788447015
PerplexDEW (Davies),isobar,0.25,336.15000000000003,0.014869430661135866
PerplexDEW (Davies),isobar,0.25,336.85,0.014925172034619948
PerplexDEW (Davies),isobar,0.25,337.55,0.014979973174690226
PerplexDEW (Davies),isobar,0.25,338.25,0.01503383638327532
PerplexDEW (Davies),isobar,0.25,338.95,0.015086686831760607
PerplexDEW (Davies),isobar,0.25,339.65000000000003,0.01513847387663193
PerplexDEW (Davies),isobar,0.25,340.35,0.015189198526165347
PerplexDEW (Davies),isobar,0.25,341.05,0.015238756072295582
PerplexDEW (Davies),isobar,0.25,341.75,0.015287092558692745
PerplexDEW (Davies),isobar,0.25,342.45,0.015334207008897085
PerplexDEW (Davies),isobar,0.25,343.15000000000003,0.015379962756100181
PerplexDEW (Davies),isobar,0.25,343.85,0.015424356805073428
PerplexDEW (Davies),isobar,0.25,344.55,0.01546730365624573
PerplexDEW (Davies),isobar,0.25,345.25,0.015508743727633618
PerplexDEW (Davies),isobar,0.25,345.95,0.015548588110711355
PerplexDEW (Davies),isobar,0.25,346.65,0.015586745837666276
PerplexDEW (Davies),isobar,0.25,347.35,0.015623152534093404
PerplexDEW (Davies),isobar,0.25,348.05,0.01565774269073563
PerplexDEW (Davies),isobar,0.25,348.75,0.01569036228596008
PerplexDEW (Davies),isobar,0.25,349.45,0.015720970807181996
PerplexDEW (Davies),isobar,0.25,350.15,0.015749438765616255
PerplexDEW (Davies),isobar,0.25,350.85,0.015775633674551873
PerplexDEW (Davies),isobar,0.25,351.55,0.01579945012873949
PerplexDEW (Davies),isobar,0.25,352.25,0.015820780693009972
PerplexDEW (Davies),isobar,0.25,352.95,0.015839424270805508
PerplexDEW (Davies),isobar,0.25,353.65,0.01585529807728645
PerplexDEW (Davies),isobar,0.25,354.35,0.015868163185797927
PerplexDEW (Davies),isobar,0.25,355.05,8.186735760536663e-06
PerplexDEW (Davies),isobar,0.25,355.75,8.11004123766213e-06
PerplexDEW (Davies),isobar,0.25,356.45,8.032438004490991e-06
PerplexDEW (Davies),isobar,0.25,357.15,7.956289750157505e-06
PerplexDEW (Davies),isobar,0.25,357.85,7.880189202515154e-06
PerplexDEW (Davies),isobar,0.25,358.55,7.803683634526341e-06
PerplexDEW (Davies),isobar,0.25,359.25,7.728172104553966e-06
PerplexDEW (Davies),isobar,0.25,359.95,7.652733893530808e-06
PerplexDEW (Davies),isobar,0.25,360.65,7.577378957087326e-06
PerplexDEW (Davies),isobar,0.25,361.35,7.503023430521188e-06
PerplexDEW (Davies),isobar,0.25,362.05,7.427859576267565e-06
PerplexDEW (Davies),isobar,0.25,362.75,7.353704573882161e-06
PerplexDEW (Davies),isobar,0.25,363.45,7.279661690169486e-06
PerplexDEW (Davies),isobar,0.25,364.15,7.206626485354829e-06
PerplexDEW (Davies),isobar,0.25,364.85,7.132830936391337e-06
PerplexDEW (Davies),isobar,0.25,365.55,7.060051411960142e-06
PerplexDEW (Davies),isobar,0.25,366.25,6.9874108624452725e-06
PerplexDEW (Davies),isobar,0.25,366.95,6.914918276109686e-06
PerplexDEW (Davies),isobar,0.25,367.65,6.843442928892558e-06
PerplexDEW (Davies),isobar,0.25,368.35,6.772122803953726e-06
PerplexDEW (Davies),isobar,0.25,369.05,6.700966515135998e-06
PerplexDEW (Davies),isobar,0.25,369.75,6.629982591066259e-06
PerplexDEW (Davies),isobar,0.25,370.45,6.560018927815549e-06
PerplexDEW (Davies),isobar,0.25,371.15,6.48981671014222e-06
PerplexDEW (Davies),isobar,0.25,371.84999999999997,6.4206354117230805e-06
PerplexDEW (Davies),isobar,0.25,372.55,6.351231777127863e-06
PerplexDEW (Davies),isobar,0.25,373.25,6.282440015101243e-06
PerplexDEW (Davies),isobar,0.25,373.95,6.2138534997693404e-06
PerplexDEW (Davies),isobar,0.25,374.65,6.1462875335188665e-06
PerplexDEW (Davies),isobar,0.25,375.34999999999997,6.078931432287647e-06
PerplexDEW (Davies),isobar,0.25,376.04999999999995,6.0117926548985525e-06
PerplexDEW (Davies),isobar,0.25,376.75,5.944878567855654e-06
PerplexDEW (Davies),isobar,0.25,377.45,5.879375604306617e-06
PerplexDEW (Davies),isobar,0.25,378.15,5.813314788046337e-06
PerplexDEW (Davies),isobar,0.25,378.84999999999997,5.748270016606086e-06
PerplexDEW (Davies),isobar,0.25,379.54999999999995,5.683462024171839e-06
PerplexDEW (Davies),isobar,0.25,380.25,5.618897578874484e-06
PerplexDEW (Davies),isobar,0.25,380.95,5.555342503736475e-06
PerplexDEW (Davies),isobar,0.25,381.65,5.491656472000488e-06
PerplexDEW (Davies),isobar,0.25,382.34999999999997,5.428976558541591e-06
PerplexDEW (Davies),isobar,0.25,383.04999999999995,5.366178410211219e-06
PerplexDEW (Davies),isobar,0.25,383.75,5.30438265344377e-06
PerplexDEW (Davies),isobar,0.25,384.45,5.242480933997489e-06
PerplexDEW (Davies),isobar,0.25,385.15,5.181577416788936e-06
PerplexDEW (Davies),isobar,0.25,385.84999999999997,5.1205797631971775e-06
PerplexDEW (Davies),isobar,0.25,386.54999999999995,5.060575672445786e-06
PerplexDEW (Davies),isobar,0.25,387.25,5.000844068778424e-06
PerplexDEW (Davies),isobar,0.25,387.95,4.941390473328433e-06
PerplexDEW (Davies),isobar,0.25,388.65,4.882919988831599e-06
PerplexDEW (Davies),isobar,0.25,389.34999999999997,4.824727436495068e-06
PerplexDEW (Davies),isobar,0.25,390.04999999999995,4.766818002277293e-06
PerplexDEW (Davies),isobar,0.25,390.75,4.709880356663722e-06
PerplexDEW (Davies),isobar,0.25,391.45,4.652546917532942e-06
PerplexDEW (Davies),isobar,0.25,392.15,4.596520800904505e-06
PerplexDEW (Davies),isobar,0.3,294.6,0.011034678287061828
PerplexDEW (Davies),isobar,0.3,295.8,0.011158701757973342
PerplexDEW (Davies),isobar,0.3,297.0,0.011283213480824249
PerplexDEW (Davies),isobar,0.3,298.20000000000005,0.01140818971539828
PerplexDEW (Davies),isobar,0.3,299.40000000000003,0.011533601975361461
PerplexDEW (Davies),isobar,0.3,300.6,0.01165942063403521
PerplexDEW (Davies),isobar,0.3,301.8,0.011785622904272522
PerplexDEW (Davies),isobar,0.3,303.0,0.011912160921636494
PerplexDEW (Davies),isobar,0.3,304.20000000000005,0.012039017629273225
PerplexDEW (Davies),isobar,0.3,305.40000000000003,0.012166158983971751
PerplexDEW (Davies),isobar,0.3,306.6,0.012293532608428031
PerplexDEW (Davies),isobar,0.3,307.8,0.012421109765134171
PerplexDEW (Davies),isobar,0.3,309.0,0.012548852126169834
PerplexDEW (Davies),isobar,0.3,310.20000000000005,0.012676720014566788
PerplexDEW (Davies),isobar,0.3,311.40000000000003,0.012804654179774467
PerplexDEW (Davies),isobar,0.3,312.6,0.012932629784834728
PerplexDEW (Davies),isobar,0.3,313.8,0.013060584152902045
PerplexDEW (Davies),isobar,0.3,315.0,0.013188471040544821
PerplexDEW (Davies),isobar,0.3,316.2,0.013316242699374854
PerplexDEW (Davies),isobar,0.3,317.40000000000003,0.013443830163167593
PerplexDEW (Davies),isobar,0.3,318.6,0.013571191664228004
PerplexDEW (Davies),isobar,0.3,319.8,0.013698253990592654
PerplexDEW (Davies),isobar,0.3,321.0,0.013824961666169365
PerplexDEW (Davies),isobar,0.3,322.2,0.01395123659694322
PerplexDEW (Davies),isobar,0.3,323.40000000000003,0.014077018964741141
PerplexDEW (Davies),isobar,0.3,324.6,0.014202225605399138
PerplexDEW (Davies),isobar,0.3,325.8,0.01432678122069444
PerplexDEW (Davies),isobar,0.3,327.0,0.014450608021727955
PerplexDEW (Davies),isobar,0.3,328.2,0.014573625686052744
PerplexDEW (Davies),isobar,0.3,329.4,0.014695728357439979
PerplexDEW (Davies),isobar,0.3,330.6,0.014816817819645087
PerplexDEW (Davies),isobar,0.3,331.8,0.014936816130238497
PerplexDEW (Davies),isobar,0.3,333.0,0.015055595293761444
PerplexDEW (Davies),isobar,0.3,334.2,0.015173058960498689
PerplexDEW (Davies),isobar,0.3,335.4,0.015289070835806216
PerplexDEW (Davies),isobar,0.3,336.6,0.01540351466408746
PerplexDEW (Davies),isobar,0.3,337.8,0.015516257773411486
PerplexDEW (Davies),isobar,0.3,339.0,0.015627150084661985
PerplexDEW (Davies),isobar,0.3,340.2,0.01573604934317078
PerplexDEW (Davies),isobar,0.3,341.4,0.01584280868755003
PerplexDEW (Davies),isobar,0.3,342.6,0.015947236060461226
PerplexDEW (Davies),isobar,0.3,343.8,0.016049146045398737
PerplexDEW (Davies),isobar,0.3,345.0,0.01614834685468092
PerplexDEW (Davies),isobar,0.3,346.2,0.016244668475657184
PerplexDEW (Davies),isobar,0.3,347.4,0.016337821532374727
PerplexDEW (Davies),isobar,0.3,348.6,0.016427621338461977
PerplexDEW (Davies),isobar,0.3,349.8,0.016513789909128173
PerplexDEW (Davies),isobar,0.3,351.0,0.016596039318530247
PerplexDEW (Davies),isobar,0.3,352.2,0.016674071635252734
PerplexDEW (Davies),isobar,0.3,353.4,0.016747548189010565
PerplexDEW (Davies),isobar,0.3,354.6,0.016816118560607326
PerplexDEW (Davies),isobar,0.3,355.8,0.0168797894765959
PerplexDEW (Davies),isobar,0.3,357.0,0.016937301903132394
PerplexDEW (Davies),isobar,0.3,358.2,0.016988620658452774
PerplexDEW (Davies),isobar,0.3,359.4,0.01703317807953442
PerplexDEW (Davies),isobar,0.3,360.6,0.017070353269362216
PerplexDEW (Davies),isobar,0.3,361.8,7.794045442274371e-05
PerplexDEW (Davies),isobar,0.3,363.0,7.709423440476378e-05
PerplexDEW (Davies),isobar,0.3,364.2,7.625021062235923e-05
PerplexDEW (Davies),isobar,0.3,365.4,7.540385765291266e-05
PerplexDEW (Davies),isobar,0.3,366.6,7.456043097665317e-05
PerplexDEW (Davies),isobar,0.3,367.8,7.371540921398642e-05
PerplexDEW (Davies),isobar,0.3,369.0,7.286916030814303e-05
PerplexDEW (Davies),isobar,0.3,370.2,7.202688973537067e-05
PerplexDEW (Davies),isobar,0.3,371.4,7.118408737225059e-05
PerplexDEW (Davies),isobar,0.3,372.6,7.034592005397683e-05
PerplexDEW (Davies),isobar,0.3,373.8,6.950788710754255e-05
PerplexDEW (Davies),isobar,0.3,375.0,6.867032459563122e-05
PerplexDEW (Davies),isobar,0.3,376.2,6.78383361361246e-05
PerplexDEW (Davies),isobar,0.3,377.4,6.700744022931369e-05
PerplexDEW (Davies),isobar,0.3,378.6,6.617795224434635e-05
PerplexDEW (Davies),isobar,0.3,379.79999999999995,6.535490546466903e-05
PerplexDEW (Davies),isobar,0.3,381.0,6.453384233027575e-05
PerplexDEW (Davies),isobar,0.3,382.2,6.371505636492366e-05
PerplexDEW (Davies),isobar,0.3,383.4,6.289883425265371e-05
PerplexDEW (Davies),isobar,0.3,384.59999999999997,6.208545571984845e-05
PerplexDEW (Davies),isobar,0.3,385.79999999999995,6.127982370394536e-05
PerplexDEW (Davies),isobar,0.3,387.0,6.047753225601128e-05
PerplexDEW (Davies),isobar,0.3,388.2,5.967883790351753e-05
PerplexDEW (Davies),isobar,0.3,389.4,5.888398991311369e-05
PerplexDEW (Davies),isobar,0.3,390.59999999999997,5.8093230225020574e-05
PerplexDEW (Davies),isobar,0.3,391.79999999999995,5.730679339728346e-05
PerplexDEW (Davies),isobar,0.3,393.0,5.652940604759573e-05
PerplexDEW (Davies),isobar,0.3,394.2,5.575226521519772e-05
PerplexDEW (Davies),isobar,0.3,395.4,5.4984557708930355e-05
PerplexDEW (Davies),isobar,0.3,396.59999999999997,5.4221987342590276e-05
PerplexDEW (Davies),isobar,0.3,397.79999999999995,5.34603470768974e-05
PerplexDEW (Davies),isobar,0.3,399.0,5.2708656275001686e-05
PerplexDEW (Davies),isobar,0.3,400.2,5.1962668236034854e-05
PerplexDEW (Davies),isobar,0.3,401.4,5.121823057107227e-05
PerplexDEW (Davies),isobar,0.3,402.59999999999997,5.048418757119213e-05
PerplexDEW (Davies),isobar,0.3,403.79999999999995,4.975207346857784e-05
PerplexDEW (Davies),isobar,0.3,405.0,4.903061199120353e-05
PerplexDEW (Davies),isobar,0.3,406.2,4.831142992630211e-05
PerplexDEW (Davies),isobar,0.3,407.4,4.7603127897187556e-05
PerplexDEW (Davies),isobar,0.3,408.59999999999997,4.689742807018034e-05
PerplexDEW (Davies),isobar,0.3,409.79999999999995,4.619867196772347e-05
PerplexDEW (Davies),isobar,0.3,411.0,4.5506976004763826e-05
PerplexDEW (Davies),isobar,0.3,412.2,4.482244960536897e-05
PerplexDEW (Davies),isobar,0.3,413.4,4.414114852100802e-05
PerplexDEW (Davies),isobar,0.35,344.0,0.016609096924756726
PerplexDEW (Davies),isobar,0.35,344.8888888888889,0.016697126432217227
PerplexDEW (Davies),isobar,0.35,345.77777777777777,0.016784108129095202
PerplexDEW (Davies),isobar,0.35,346.6666666666667,0.01687000530461309
PerplexDEW (Davies),isobar,0.35,347.55555555555554,0.016954737905629243
PerplexDEW (Davies),isobar,0.35,348.44444444444446,0.01703825251359384
PerplexDEW (Davies),isobar,0.35,349.3333333333333,0.01712046543273332
PerplexDEW (Davies),isobar,0.35,350.22222222222223,0.01720134969738354
PerplexDEW (Davies),isobar,0.35,351.1111111111111,0.01728077409392836
PerplexDEW (Davies),isobar,0.35,352.0,0.017358693629489032
PerplexDEW (Davies),isobar,0.35,352.8888888888889,0.017435032374543722
PerplexDEW (Davies),isobar,0.35,353.77777777777777,0.017509681886445985
PerplexDEW (Davies),isobar,0.35,354.6666666666667,0.017582561796300814
PerplexDEW (Davies),isobar,0.35,355.55555555555554,0.01765395745779173
PerplexDEW (Davies),isobar,0.35,356.44444444444446,0.01772304338672123
PerplexDEW (Davies),isobar,0.35,357.3333333333333,0.01779005984974513
PerplexDEW (Davies),isobar,0.35,358.22222222222223,0.01785493414376225
PerplexDEW (Davies),isobar,0.35,359.1111111111111,0.01791751063508198
PerplexDEW (Davies),isobar,0.35,360.0,0.017977662332944275
PerplexDEW (Davies),isobar,0.35,360.8888888888889,0.018035292529043144
PerplexDEW (Davies),isobar,0.35,361.77777777777777,0.01809026902490764
PerplexDEW (Davies),isobar,0.35,362.6666666666667,0.018142388418866905
PerplexDEW (Davies),isobar,0.35,363.55555555555554,0.018191579108076044
PerplexDEW (Davies),isobar,0.35,364.44444444444446,0.018237595461066076
PerplexDEW (Davies),isobar,0.35,365.3333333333333,0.01828032502132764
PerplexDEW (Davies),isobar,0.35,366.22222222222223,0.01831951203060302
PerplexDEW (Davies),isobar,0.35,367.1111111111111,0.01835503667389751
PerplexDEW (Davies),isobar,0.35,368.0,0.00040236322115347356
PerplexDEW (Davies),isobar,0.35,368.8888888888889,0.00039875934515998284
PerplexDEW (Davies),isobar,0.35,369.77777777777777,0.0003952249419600424
PerplexDEW (Davies),isobar,0.35,370.6666666666667,0.00039173467456816806
PerplexDEW (Davies),isobar,0.35,371.55555555555554,0.00038830363624952957
PerplexDEW (Davies),isobar,0.35,372.44444444444446,0.00038491984333188214
PerplexDEW (Davies),isobar,0.35,373.3333333333333,0.0003815983579631968
PerplexDEW (Davies),isobar,0.35,374.22222222222223,0.00037829990299384546
PerplexDEW (Davies),isobar,0.35,375.1111111111111,0.0003750530180401209
PerplexDEW (Davies),isobar,0.35,376.0,0.0003718590920665619
PerplexDEW (Davies),isobar,0.35,376.8888888888889,0.00036869219816658086
PerplexDEW (Davies),isobar,0.35,377.77777777777777,0.0003655535719549878
PerplexDEW (Davies),isobar,0.35,378.6666666666667,0.0003624717633594797
PerplexDEW (Davies),isobar,0.35,379.55555555555554,0.0003594206707551656
PerplexDEW (Davies),isobar,0.35,380.44444444444446,0.00035640144991750376
PerplexDEW (Davies),isobar,0.35,381.3333333333333,0.000353415231391942
PerplexDEW (Davies),isobar,0.35,382.22222222222223,0.0003504631204038046
PerplexDEW (Davies),isobar,0.35,383.1111111111111,0.0003475324678565426
PerplexDEW (Davies),isobar,0.35,384.0,0.00034463803768544334
PerplexDEW (Davies),isobar,0.35,384.8888888888889,0.00034176711342083683
PerplexDEW (Davies),isobar,0.35,385.77777777777777,0.00033892067589274774
PerplexDEW (Davies),isobar,0.35,386.6666666666667,0.00033609968461874876
PerplexDEW (Davies),isobar,0.35,387.55555555555554,0.0003333050776792252
PerplexDEW (Davies),isobar,0.35,388.44444444444446,0.000330537771639439
PerplexDEW (Davies),isobar,0.35,389.3333333333333,0.00032779866151626946
PerplexDEW (Davies),isobar,0.35,390.22222222222223,0.0003250748365808913
PerplexDEW (Davies),isobar,0.35,391.1111111111111,0.0003223809256141286
PerplexDEW (Davies),isobar,0.35,392.0,0.00031970397050835896
PerplexDEW (Davies),isobar,0.35,392.8888888888889,0.0003170585679764562
PerplexDEW (Davies),isobar,0.35,393.77777777777777,0.0003144179219202591
PerplexDEW (Davies),isobar,0.35,394.6666666666667,0.00031181038623697587
PerplexDEW (Davies),isobar,0.35,395.55555555555554,0.0003092091256535773
PerplexDEW (Davies),isobar,0.35,396.44444444444446,0.000306642460335009
PerplexDEW (Davies),isobar,0.35,397.3333333333333,0.00030409731190420887
PerplexDEW (Davies),isobar,0.35,398.22222222222223,0.000301560590534104
PerplexDEW (Davies),isobar,0.35,399.1111111111111,0.00029904677055388185
PerplexDEW (Davies),isobar,0.35,400.0,0.00029654273712915547
PerplexDEW (Davies),isobar,0.35,400.8888888888889,0.0002940629266963956
PerplexDEW (Davies),isobar,0.35,401.77777777777777,0.0002915942024091979
PerplexDEW (Davies),isobar,0.35,402.6666666666667,0.0002891509593220691
PerplexDEW (Davies),isobar,0.35,403.55555555555554,0.0002867200415306463
PerplexDEW (Davies),isobar,0.35,404.44444444444446,0.0002843157996160109
PerplexDEW (Davies),isobar,0.35,405.3333333333333,0.00028191132474974747
PerplexDEW (Davies),isobar,0.35,406.22222222222223,0.00027953467610981935
PerplexDEW (Davies),isobar,0.35,407.1111111111111,0.00027717267070026015
PerplexDEW (Davies),isobar,0.35,408.0,0.00027481215297870456
PerplexDEW (Davies),isobar,0.35,408.8888888888889,0.0002724810806336369
PerplexDEW (Davies),isobar,0.35,409.77777777777777,0.0002701662600384728
PerplexDEW (Davies),isobar,0.35,410.66666666666663,0.00026786820030194294
PerplexDEW (Davies),isobar,0.35,411.55555555555554,0.0002655873971326239
PerplexDEW (Davies),isobar,0.35,412.44444444444446,0.00026331069563935303
PerplexDEW (Davies),isobar,0.35,413.3333333333333,0.00026105223329352865
PerplexDEW (Davies),isobar,0.35,414.22222222222223,0.0002588124675833843
PerplexDEW (Davies),isobar,0.35,415.1111111111111,0.00025659184266371
PerplexDEW (Davies),isobar,0.35,416.0,0.0002543772195555693
PerplexDEW (Davies),isobar,0.35,416.8888888888889,0.00025216907162454896
PerplexDEW (Davies),isobar,0.35,417.77777777777777,0.0002499949258245183
PerplexDEW (Davies),isobar,0.35,418.66666666666663,0.00024781458253393375
PerplexDEW (Davies),isobar,0.35,419.55555555555554,0.00024566901736302926
PerplexDEW (Davies),isobar,0.35,420.44444444444446,0.00024351812863013418
PerplexDEW (Davies),isobar,0.35,421.3333333333333,0.00024138929786891722
PerplexDEW (Davies),isobar,0.35,422.22222222222223,0.00023928287053413518
PerplexDEW (Davies),isobar,0.35,423.1111111111111,0.00023718577834053916
PerplexDEW (Davies),isobar,0.35,424.0,0.0002350984127401105
PerplexDEW (Davies),isobar,0.35,424.8888888888889,0.00023302115614166134
PerplexDEW (Davies),isobar,0.35,425.77777777777777,0.0002309677081194482
PerplexDEW (Davies),isobar,0.35,426.66666666666663,0.00022891175391942907
PerplexDEW (Davies),isobar,0.35,427.55555555555554,0.0002268802736918736
PerplexDEW (Davies),isobar,0.35,428.44444444444446,0.0002248602850123139
PerplexDEW (Davies),isobar,0.35,429.3333333333333,0.00022286534074060418
PerplexDEW (Davies),isobar,0.35,430.22222222222223,0.00022086930159453713
PerplexDEW (Davies),isobar,0.35,431.1111111111111,0.00021888573038746464
PerplexDEW (Davies),isobar,0.35,432.0,0.00021692806524786315
PerplexDEW (Davies),isobar,0.4,356.4,0.0184035481666162
PerplexDEW (Davies),isobar,0.4,357.4222222222222,0.018502255073509305
PerplexDEW (Davies),isobar,0.4,358.4444444444444,0.0185990583874145
PerplexDEW (Davies),isobar,0.4,359.46666666666664,0.01869384281421114
PerplexDEW (Davies),isobar,0.4,360.4888888888889,0.01878648997603198
PerplexDEW (Davies),isobar,0.4,361.51111111111106,0.018876878391640376
PerplexDEW (Davies),isobar,0.4,362.5333333333333,0.018964883460582935
PerplexDEW (Davies),isobar,0.4,363.55555555555554,0.019050360266534012
PerplexDEW (Davies),isobar,0.4,364.5777777777778,0.019133159960000118
PerplexDEW (Davies),isobar,0.4,365.59999999999997,0.019213164911868315
PerplexDEW (Davies),isobar,0.4,366.6222222222222,0.019290148436964943
PerplexDEW (Davies),isobar,0.4,367.64444444444445,0.019363984595198308
PerplexDEW (Davies),isobar,0.4,368.66666666666663,0.019434508730613566
PerplexDEW (Davies),isobar,0.4,369.68888888888887,0.019501478673854235
PerplexDEW (Davies),isobar,0.4,370.7111111111111,0.019564756668106333
PerplexDEW (Davies),isobar,0.4,371.7333333333333,0.019624052260567126
PerplexDEW (Davies),isobar,0.4,372.75555555555553,0.019679142257249264
PerplexDEW (Davies),isobar,0.4,373.77777777777777,0.019729836455639145
PerplexDEW (Davies),isobar,0.4,374.79999999999995,0.019775785500080075
PerplexDEW (Davies),isobar,0.4,375.8222222222222,0.01981674757630831
PerplexDEW (Davies),isobar,0.4,376.84444444444443,0.01985243599510552
PerplexDEW (Davies),isobar,0.4,377.8666666666667,0.019882437020687448
PerplexDEW (Davies),isobar,0.4,378.88888888888886,0.019906487493454722
PerplexDEW (Davies),isobar,0.4,379.9111111111111,0.01992407391668932
PerplexDEW (Davies),isobar,0.4,380.93333333333334,0.019934792503488476
PerplexDEW (Davies),isobar,0.4,381.9555555555555,0.019938230441029964
PerplexDEW (Davies),isobar,0.4,382.97777777777776,0.019933755331016448
PerplexDEW (Davies),isobar,0.4,384.0,0.019920846272286335
PerplexDEW (Davies),isobar,0.4,385.02222222222224,0.001519657136996878
PerplexDEW (Davies),isobar,0.4,386.0444444444444,0.001474836960745926
PerplexDEW (Davies),isobar,0.4,387.06666666666666,0.0014355468363526336
PerplexDEW (Davies),isobar,0.4,388.0888888888889,0.0014003920717130193
PerplexDEW (Davies),isobar,0.4,389.1111111111111,0.0013686565315907725
PerplexDEW (Davies),isobar,0.4,390.1333333333333,0.001339632709338032
PerplexDEW (Davies),isobar,0.4,391.15555555555557,0.001312947427026616
PerplexDEW (Davies),isobar,0.4,392.17777777777775,0.0012882296623337734
PerplexDEW (Davies),isobar,0.4,393.2,0.0012651642002565495
PerplexDEW (Davies),isobar,0.4,394.22222222222223,0.0012435458369310555
PerplexDEW (Davies),isobar,0.4,395.2444444444444,0.0012231690296319784
PerplexDEW (Davies),isobar,0.4,396.26666666666665,0.0012038826658498634
PerplexDEW (Davies),isobar,0.4,397.2888888888889,0.0011855901132542747
PerplexDEW (Davies),isobar,0.4,398.31111111111113,0.0011681941086472466
PerplexDEW (Davies),isobar,0.4,399.3333333333333,0.0011515966562101454
PerplexDEW (Davies),isobar,0.4,400.35555555555555,0.0011356989426565573
PerplexDEW (Davies),isobar,0.4,401.3777777777778,0.0011204568560151016
PerplexDEW (Davies),isobar,0.4,402.4,0.0011058257287607182
PerplexDEW (Davies),isobar,0.4,403.4222222222222,0.00109170454502168
PerplexDEW (Davies),isobar,0.4,404.44444444444446,0.0010781030645252252
PerplexDEW (Davies),isobar,0.4,405.46666666666664,0.001064946884287949
PerplexDEW (Davies),isobar,0.4,406.4888888888889,0.001052216882600729
PerplexDEW (Davies),isobar,0.4,407.5111111111111,0.0010398373679702713
PerplexDEW (Davies),isobar,0.4,408.5333333333333,0.0010278444072784928
PerplexDEW (Davies),isobar,0.4,409.55555555555554,0.0010162177067023158
PerplexDEW (Davies),isobar,0.4,410.5777777777778,0.0010048801203807313
PerplexDEW (Davies),isobar,0.4,411.6,0.0009938103064192432
PerplexDEW (Davies),isobar,0.4,412.6222222222222,0.0009830432270221358
PerplexDEW (Davies),isobar,0.4,413.64444444444445,0.0009725287318004858
PerplexDEW (Davies),isobar,0.4,414.6666666666667,0.0009622729860781813
PerplexDEW (Davies),isobar,0.4,415.68888888888887,0.0009522250561528878
PerplexDEW (Davies),isobar,0.4,416.7111111111111,0.0009423905320532349
PerplexDEW (Davies),isobar,0.4,417.73333333333335,0.0009327748641732125
PerplexDEW (Davies),isobar,0.4,418.75555555555553,0.000923326155897917
PerplexDEW (Davies),isobar,0.4,419.77777777777777,0.0009140493319994674
PerplexDEW (Davies),isobar,0.4,420.8,0.0009049778800824375
PerplexDEW (Davies),isobar,0.4,421.8222222222222,0.0008960878723728142
PerplexDEW (Davies),isobar,0.4,422.84444444444443,0.0008872975724620653
PerplexDEW (Davies),isobar,0.4,423.8666666666667,0.0008786974852870726
PerplexDEW (Davies),isobar,0.4,424.8888888888889,0.0008702342650124074
PerplexDEW (Davies),isobar,0.4,425.9111111111111,0.0008618830434822223
PerplexDEW (Davies),isobar,0.4,426.93333333333334,0.0008536765236333777
PerplexDEW (Davies),isobar,0.4,427.9555555555556,0.0008455895718934758
PerplexDEW (Davies),isobar,0.4,428.97777777777776,0.0008376547595012512
PerplexDEW (Davies),isobar,0.4,430.0,0.000829817703534108
PerplexDEW (Davies),isobar,0.4,431.02222222222224,0.0008220817408373785
PerplexDEW (Davies),isobar,0.4,432.0444444444445,0.0008144501246503072
PerplexDEW (Davies),isobar,0.4,433.06666666666666,0.000806896957582386
PerplexDEW (Davies),isobar,0.4,434.0888888888889,0.0007994834379329999
PerplexDEW (Davies),isobar,0.4,435.1111111111111,0.0007921544159460192
PerplexDEW (Davies),isobar,0.4,436.1333333333333,0.0007849127548665563
PerplexDEW (Davies),isobar,0.4,437.15555555555557,0.0007777320985006571
PerplexDEW (Davies),isobar,0.4,438.1777777777778,0.0007706734403079521
PerplexDEW (Davies),isobar,0.4,439.2,0.0007636811193088058
PerplexDEW (Davies),isobar,0.4,440.22222222222223,0.0007567868575900444
PerplexDEW (Davies),isobar,0.4,441.24444444444447,0.0007499639585866919
PerplexDEW (Davies),isobar,0.4,442.26666666666665,0.0007432148248049311
PerplexDEW (Davies),isobar,0.4,443.2888888888889,0.0007365417961160119
PerplexDEW (Davies),isobar,0.4,444.31111111111113,0.0007299179261118236
PerplexDEW (Davies),isobar,0.4,445.33333333333337,0.0007234038724530566
PerplexDEW (Davies),isobar,0.4,446.35555555555555,0.0007169433390424795
PerplexDEW (Davies),isobar,0.4,447.3777777777778,0.000710538411940049
PerplexDEW (Davies),isobar,0.4,448.4,0.0007041911251674287
PerplexDEW (Davies),isobar,0.4,449.4222222222222,0.0006979326914461249
PerplexDEW (Davies),isobar,0.4,450.44444444444446,0.0006917065749817791
PerplexDEW (Davies),isobar,0.4,451.4666666666667,0.0006855731089656897
PerplexDEW (Davies),isobar,0.4,452.4888888888889,0.000679475667316945
PerplexDEW (Davies),isobar,0.4,453.5111111111111,0.0006734452519722429
PerplexDEW (Davies),isobar,0.4,454.53333333333336,0.0006674543873435991
PerplexDEW (Davies),isobar,0.4,455.55555555555554,0.0006615339655329476
PerplexDEW (Davies),isobar,0.4,456.5777777777778,0.0006556856113734688
PerplexDEW (Davies),isobar,0.4,457.6,0.0006498817390393724
PerplexDEW (Davies),isobar,0.5,305.85,0.012963427256914116
PerplexDEW (Davies),isobar,0.5,308.3277777777778,0.013268644951896797
PerplexDEW (Davies),isobar,0.5,310.8055555555556,0.013577196206003303
PerplexDEW (Davies),isobar,0.5,313.28333333333336,0.013888906987059394
PerplexDEW (Davies),isobar,0.5,315.7611111111111,0.014203597841666903
PerplexDEW (Davies),isobar,0.5,318.23888888888894,0.014521065216371712
PerplexDEW (Davies),isobar,0.5,320.7166666666667,0.014841084363003326
PerplexDEW (Davies),isobar,0.5,323.19444444444446,0.01516342354525073
PerplexDEW (Davies),isobar,0.5,325.6722222222222,0.015487823447292947
PerplexDEW (Davies),isobar,0.5,328.15000000000003,0.01581398369215183
PerplexDEW (Davies),isobar,0.5,330.6277777777778,0.016141627515895127
PerplexDEW (Davies),isobar,0.5,333.10555555555555,0.01647038962295295
PerplexDEW (Davies),isobar,0.5,335.58333333333337,0.01679992672039169
PerplexDEW (Davies),isobar,0.5,338.06111111111113,0.01712983582378364
PerplexDEW (Davies),isobar,0.5,340.5388888888889,0.0174597126755105
PerplexDEW (Davies),isobar,0.5,343.0166666666667,0.017789074358585955
PerplexDEW (Davies),isobar,0.5,345.49444444444447,0.01811744699565877
PerplexDEW (Davies),isobar,0.5,347.97222222222223,0.018444271262780004
PerplexDEW (Davies),isobar,0.5,350.45000000000005,0.018768995615618074
PerplexDEW (Davies),isobar,0.5,352.9277777777778,0.01909094572543555
PerplexDEW (Davies),isobar,0.5,355.40555555555557,0.01940968452260754
PerplexDEW (Davies),isobar,0.5,357.8833333333333,0.019724050522647023
PerplexDEW (Davies),isobar,0.5,360.36111111111114,0.020033443879953556
PerplexDEW (Davies),isobar,0.5,362.8388888888889,0.020336980802320655
PerplexDEW (Davies),isobar,0.5,365.31666666666666,0.020633725061860272
PerplexDEW (Davies),isobar,0.5,367.7944444444445,0.020922614971287976
PerplexDEW (Davies),isobar,0.5,370.27222222222224,0.021202526135448152
PerplexDEW (Davies),isobar,0.5,372.75,0.021472232353428083
PerplexDEW (Davies),isobar,0.5,375.22777777777776,0.02173036048268909
PerplexDEW (Davies),isobar,0.5,377.7055555555556,0.02197539916644464
PerplexDEW (Davies),isobar,0.5,380.18333333333334,0.022205710814157335
PerplexDEW (Davies),isobar,0.5,382.66111111111115,0.02241944136885934
PerplexDEW (Davies),isobar,0.5,385.1388888888889,0.02261454756247969
PerplexDEW (Davies),isobar,0.5,387.6166666666667,0.022788764561091256
PerplexDEW (Davies),isobar,0.5,390.09444444444443,0.022939525536575245
PerplexDEW (Davies),isobar,0.5,392.57222222222225,0.023063848992485675
PerplexDEW (Davies),isobar,0.5,395.05,0.023158502326954454
PerplexDEW (Davies),isobar,0.5,397.52777777777777,0.023219655522822742
PerplexDEW (Davies),isobar,0.5,400.0055555555556,0.023242793162945745
PerplexDEW (Davies),isobar,0.5,402.48333333333335,0.023222781095629953
PerplexDEW (Davies),isobar,0.5,404.9611111111111,0.02315327517910431
PerplexDEW (Davies),isobar,0.5,407.43888888888887,0.023026878430117876
PerplexDEW (Davies),isobar,0.5,409.9166666666667,0.02283404242502433
PerplexDEW (Davies),isobar,0.5,412.39444444444445,0.02256300513859649
PerplexDEW (Davies),isobar,0.5,414.87222222222226,0.022198066127340498
PerplexDEW (Davies),isobar,0.5,417.35,0.02171791382209567
PerplexDEW (Davies),isobar,0.5,419.8277777777778,0.021091943826835886
PerplexDEW (Davies),isobar,0.5,422.30555555555554,0.020272278229179215
PerplexDEW (Davies),isobar,0.5,424.7833333333333,0.019175799434987713
PerplexDEW (Davies),isobar,0.5,427.2611111111111,0.017630677256936674
PerplexDEW (Davies),isobar,0.5,429.7388888888889,0.015129208440415176
PerplexDEW (Davies),isobar,0.5,432.2166666666667,0.00968857773761846
PerplexDEW (Davies),isobar,0.5,434.69444444444446,0.007253080075460281
PerplexDEW (Davies),isobar,0.5,437.1722222222222,0.006340007189596604
PerplexDEW (Davies),isobar,0.5,439.65,0.005791760519789544
PerplexDEW (Davies),isobar,0.5,442.1277777777778,0.005405124549075255
PerplexDEW (Davies),isobar,0.5,444.60555555555555,0.005109478522244354
PerplexDEW (Davies),isobar,0.5,447.08333333333337,0.004871495609824037
PerplexDEW (Davies),isobar,0.5,449.56111111111113,0.0046731878565357135
PerplexDEW (Davies),isobar,0.5,452.0388888888889,0.004503369424163324
PerplexDEW (Davies),isobar,0.5,454.51666666666665,0.004355423049870707
PerplexDEW (Davies),isobar,0.5,456.9944444444444,0.004224126587014645
PerplexDEW (Davies),isobar,0.5,459.47222222222223,0.00410632411486217
PerplexDEW (Davies),isobar,0.5,461.95,0.003999298991554374
PerplexDEW (Davies),isobar,0.5,464.4277777777778,0.0039012749176361014
PerplexDEW (Davies),isobar,0.5,466.90555555555557,0.0038107823553684265
PerplexDEW (Davies),isobar,0.5,469.3833333333333,0.0037265907740043178
PerplexDEW (Davies),isobar,0.5,471.8611111111111,0.0036479389396386576
PerplexDEW (Davies),isobar,0.5,474.33888888888885,0.0035738775850438164
PerplexDEW (Davies),isobar,0.5,476.81666666666666,0.0035039429852193704
PerplexDEW (Davies),isobar,0.5,479.2944444444445,0.0034375669337523324
PerplexDEW (Davies),isobar,0.5,481.77222222222224,0.0033743811496048256
PerplexDEW (Davies),isobar,0.5,484.25,0.003313993560793654
PerplexDEW (Davies),isobar,0.5,486.72777777777776,0.003256144852393168
PerplexDEW (Davies),isobar,0.5,489.2055555555555,0.0032004781697080775
PerplexDEW (Davies),isobar,0.5,491.68333333333334,0.0031468542058188326
PerplexDEW (Davies),isobar,0.5,494.1611111111111,0.0030951202773223654
PerplexDEW (Davies),isobar,0.5,496.6388888888889,0.00304502998752469
PerplexDEW (Davies),isobar,0.5,499.1166666666667,0.0029965652962266405
PerplexDEW (Davies),isobar,0.5,501.59444444444443,0.0029493734434664007
PerplexDEW (Davies),isobar,0.5,504.0722222222222,0.00290357842961478
PerplexDEW (Davies),isobar,0.5,506.54999999999995,0.0028589701350779637
PerplexDEW (Davies),isobar,0.5,509.02777777777777,0.0028154934108085366
PerplexDEW (Davies),isobar,0.5,511.5055555555556,0.002773086054723706
PerplexDEW (Davies),isobar,0.5,513.9833333333333,0.0027315950071377998
PerplexDEW (Davies),isobar,0.5,516.4611111111111,0.00269102787589291
PerplexDEW (Davies),isobar,0.5,518.9388888888889,0.0026513877161740518
PerplexDEW (Davies),isobar,0.5,521.4166666666666,0.0026125026079232747
PerplexDEW (Davies),isobar,0.5,523.8944444444444,0.002574364595992279
PerplexDEW (Davies),isobar,0.5,526.3722222222223,0.0025370477206580447
PerplexDEW (Davies),isobar,0.5,528.85,0.0025003645313772106
PerplexDEW (Davies),isobar,0.5,531.3277777777778,0.0024643811300042147
PerplexDEW (Davies),isobar,0.5,533.8055555555555,0.0024290744023883395
PerplexDEW (Davies),isobar,0.5,536.2833333333333,0.0023943305801201495
PerplexDEW (Davies),isobar,0.5,538.7611111111111,0.002360206527694874
PerplexDEW (Davies),isobar,0.5,541.2388888888888,0.0023266254762136225
PerplexDEW (Davies),isobar,0.5,543.7166666666667,0.002293595187092155
PerplexDEW (Davies),isobar,0.5,546.1944444444445,0.0022611210819679043
PerplexDEW (Davies),isobar,0.5,548.6722222222222,0.002229162135769223
PerplexDEW (Davies),isobar,0.5,551.15,0.002197719047446984
PerplexDEW (Davies),isobar,0.6,390.8,0.025185159589612063
PerplexDEW (Davies),isobar,0.6,393.06666666666666,0.025439817045094532
PerplexDEW (Davies),isobar,0.6,395.33333333333337,0.025682561826920716
PerplexDEW (Davies),isobar,0.6,397.6,0.025912239774548578
PerplexDEW (Davies),isobar,0.6,399.8666666666667,0.026127546984153472
PerplexDEW (Davies),isobar,0.6,402.1333333333333,0.02632722629725865
PerplexDEW (Davies),isobar,0.6,404.40000000000003,0.026509815137764986
PerplexDEW (Davies),isobar,0.6,406.6666666666667,0.026673683832436578
PerplexDEW (Davies),isobar,0.6,408.93333333333334,0.02681724740353778
PerplexDEW (Davies),isobar,0.6,411.2,0.026938584698039066
PerplexDEW (Davies),isobar,0.6,413.4666666666667,0.027035759073118264
PerplexDEW (Davies),isobar,0.6,415.73333333333335,0.02710659398153274
PerplexDEW (Davies),isobar,0.6,418.0,0.027148782251066678
PerplexDEW (Davies),isobar,0.6,420.2666666666667,0.027159766657257566
PerplexDEW (Davies),isobar,0.6,422.53333333333336,0.02713679637907816
PerplexDEW (Davies),isobar,0.6,424.8,0.0270767399668002
PerplexDEW (Davies),isobar,0.6,427.06666666666666,0.026976270480748032
PerplexDEW (Davies),isobar,0.6,429.33333333333337,0.026831945415349417
PerplexDEW (Davies),isobar,0.6,431.6,0.026639500219737936
PerplexDEW (Davies),isobar,0.6,433.8666666666667,0.026394641424711773
PerplexDEW (Davies),isobar,0.6,436.1333333333333,0.026092691459951592
PerplexDEW (Davies),isobar,0.6,438.40000000000003,0.02572849436259041
PerplexDEW (Davies),isobar,0.6,440.6666666666667,0.02529647624784139
PerplexDEW (Davies),isobar,0.6,442.93333333333334,0.02479144277454739
PerplexDEW (Davies),isobar,0.6,445.20000000000005,0.02420745583945347
PerplexDEW (Davies),isobar,0.6,447.4666666666667,0.023539835663622884
PerplexDEW (Davies),isobar,0.6,449.73333333333335,0.022785533102968596
PerplexDEW (Davies),isobar,0.6,452.0,0.02194448724808629
PerplexDEW (Davies),isobar,0.6,454.2666666666667,0.021022315700929804
PerplexDEW (Davies),isobar,0.6,456.53333333333336,0.0200325827760817
PerplexDEW (Davies),isobar,0.6,458.8,0.018999390086310977
PerplexDEW (Davies),isobar,0.6,461.0666666666667,0.017956660966405417
PerplexDEW (Davies),isobar,0.6,463.33333333333337,0.01694301819108508
PerplexDEW (Davies),isobar,0.6,465.6,0.0159934703377582
PerplexDEW (Davies),isobar,0.6,467.8666666666667,0.015130373920317774
PerplexDEW (Davies),isobar,0.6,470.1333333333333,0.014363455115870661
PerplexDEW (Davies),isobar,0.6,472.40000000000003,0.013690513112072424
PerplexDEW (Davies),isobar,0.6,474.6666666666667,0.013103287862350984
PerplexDEW (Davies),isobar,0.6,476.9333333333334,0.012590381133383899
PerplexDEW (Davies),isobar,0.6,479.20000000000005,0.012141495118226549
PerplexDEW (Davies),isobar,0.6,481.4666666666667,0.011746283902672615
PerplexDEW (Davies),isobar,0.6,483.73333333333335,0.011396146289139177
PerplexDEW (Davies),isobar,0.6,486.0,0.01108406090071042
PerplexDEW (Davies),isobar,0.6,488.2666666666667,0.010803848569934379
PerplexDEW (Davies),isobar,0.6,490.53333333333336,0.010550949773156812
PerplexDEW (Davies),isobar,0.6,492.8,0.010321131332880856
PerplexDEW (Davies),isobar,0.6,495.0666666666667,0.01011106492870731
PerplexDEW (Davies),isobar,0.6,497.33333333333337,0.009918057556443212
PerplexDEW (Davies),isobar,0.6,499.6,0.009739914090279314
PerplexDEW (Davies),isobar,0.6,501.8666666666667,0.009574674714206194
PerplexDEW (Davies),isobar,0.6,504.1333333333334,0.009420737321691382
PerplexDEW (Davies),isobar,0.6,506.40000000000003,0.009276728637394187
PerplexDEW (Davies),isobar,0.6,508.6666666666667,0.009141372053234773
PerplexDEW (Davies),isobar,0.6,510.9333333333334,0.009013888448787108
PerplexDEW (Davies),isobar,0.6,513.2,0.008893200955785774
PerplexDEW (Davies),isobar,0.6,515.4666666666667,0.008778602094288383
PerplexDEW (Davies),isobar,0.6,517.7333333333333,0.008669631713933435
PerplexDEW (Davies),isobar,0.6,520.0,0.008565667385685321
PerplexDEW (Davies),isobar,0.6,522.2666666666667,0.00846619780758567
PerplexDEW (Davies),isobar,0.6,524.5333333333333,0.008370684669106112
PerplexDEW (Davies),isobar,0.6,526.8000000000001,0.00827885027364026
PerplexDEW (Davies),isobar,0.6,529.0666666666667,0.008190544885406704
PerplexDEW (Davies),isobar,0.6,531.3333333333334,0.008105162080426009
PerplexDEW (Davies),isobar,0.6,533.6,0.008022510783626941
PerplexDEW (Davies),isobar,0.6,535.8666666666667,0.007942535641403091
PerplexDEW (Davies),isobar,0.6,538.1333333333334,0.007864867003446883
PerplexDEW (Davies),isobar,0.6,540.4000000000001,0.007789266785269982
PerplexDEW (Davies),isobar,0.6,542.6666666666667,0.0077157910110405
PerplexDEW (Davies),isobar,0.6,544.9333333333334,0.007644177119689333
PerplexDEW (Davies),isobar,0.6,547.2,0.0075741453652754245
PerplexDEW (Davies),isobar,0.6,549.4666666666667,0.007505878182682265
PerplexDEW (Davies),isobar,0.6,551.7333333333333,0.007438913082141269
PerplexDEW (Davies),isobar,0.6,554.0,0.007373496627328961
PerplexDEW (Davies),isobar,0.6,556.2666666666667,0.007309385581652904
PerplexDEW (Davies),isobar,0.6,558.5333333333333,0.007246321988079082
PerplexDEW (Davies),isobar,0.6,560.8000000000001,0.007184534521182648
PerplexDEW (Davies),isobar,0.6,563.0666666666667,0.007123833027909984
PerplexDEW (Davies),isobar,0.6,565.3333333333334,0.007064015540817129
PerplexDEW (Davies),isobar,0.6,567.6,0.007005210945403779
PerplexDEW (Davies),isobar,0.6,569.8666666666667,0.006947374844473154
PerplexDEW (Davies),isobar,0.6,572.1333333333334,0.006890282661241152
PerplexDEW (Davies),isobar,0.6,574.4000000000001,0.006834048961424133
PerplexDEW (Davies),isobar,0.6,576.6666666666667,0.006778699213977926
PerplexDEW (Davies),isobar,0.6,578.9333333333334,0.006723988498697274
PerplexDEW (Davies),isobar,0.6,581.2,0.006670019116962663
PerplexDEW (Davies),isobar,0.6,583.4666666666667,0.006616712044604747
PerplexDEW (Davies),isobar,0.6,585.7333333333333,0.006564073189382861
PerplexDEW (Davies),isobar,0.6,588.0,0.006512013610905738
PerplexDEW (Davies),isobar,0.6,590.2666666666667,0.006460622722545078
PerplexDEW (Davies),isobar,0.6,592.5333333333334,0.006409803687553982
PerplexDEW (Davies),isobar,0.6,594.8000000000001,0.00635964048911323
PerplexDEW (Davies),isobar,0.6,597.0666666666667,0.006309840888933048
PerplexDEW (Davies),isobar,0.6,599.3333333333334,0.006260668893939797
PerplexDEW (Davies),isobar,0.6,601.6,0.006212012362804579
PerplexDEW (Davies),isobar,0.6,603.8666666666667,0.0061639447445515335
PerplexDEW (Davies),isobar,0.6,606.1333333333334,0.006116250502076722
PerplexDEW (Davies),isobar,0.6,608.4000000000001,0.006069092961773626
PerplexDEW (Davies),isobar,0.6,610.6666666666667,0.006022345490343948
PerplexDEW (Davies),isobar,0.6,612.9333333333334,0.005976071572868973
PerplexDEW (Davies),isobar,0.6,615.2,0.005930333818301194
PerplexDEW (Davies),isobar,0.75,318.55,0.015531757299567628
PerplexDEW (Davies),isobar,0.75,321.09444444444443,0.01591065716093479
PerplexDEW (Davies),isobar,0.75,323.6388888888889,0.016294764072424
PerplexDEW (Davies),isobar,0.75,326.18333333333334,0.016683968790988612
PerplexDEW (Davies),isobar,0.75,328.7277777777778,0.01707816187567216
PerplexDEW (Davies),isobar,0.75,331.27222222222224,0.0174772065767015
PerplexDEW (Davies),isobar,0.75,333.81666666666666,0.0178809651137356
PerplexDEW (Davies),isobar,0.75,336.36111111111114,0.018289275785025982
PerplexDEW (Davies),isobar,0.75,338.90555555555557,0.01870197567439568
PerplexDEW (Davies),isobar,0.75,341.45,0.019118863330817932
PerplexDEW (Davies),isobar,0.75,343.99444444444447,0.019539767649965806
PerplexDEW (Davies),isobar,0.75,346.5388888888889,0.01996443758431758
PerplexDEW (Davies),isobar,0.75,349.08333333333337,0.020392665988953083
PerplexDEW (Davies),isobar,0.75,351.6277777777778,0.02082418895367305
PerplexDEW (Davies),isobar,0.75,354.1722222222222,0.02125873907473849
PerplexDEW (Davies),isobar,0.75,356.7166666666667,0.021696067170359438
PerplexDEW (Davies),isobar,0.75,359.2611111111111,0.022135778853187883
PerplexDEW (Davies),isobar,0.75,361.80555555555554,0.022577591581535453
PerplexDEW (Davies),isobar,0.75,364.35,0.02302115529037677
PerplexDEW (Davies),isobar,0.75,366.89444444444445,0.023466081811269704
PerplexDEW (Davies),isobar,0.75,369.4388888888889,0.023911959761957265
PerplexDEW (Davies),isobar,0.75,371.98333333333335,0.024358391112068837
PerplexDEW (Davies),isobar,0.75,374.52777777777777,0.024804900189126265
PerplexDEW (Davies),isobar,0.75,377.07222222222225,0.025251003770835542
PerplexDEW (Davies),isobar,0.75,379.6166666666667,0.025696192915903908
PerplexDEW (Davies),isobar,0.75,382.16111111111115,0.026139932375986354
PerplexDEW (Davies),isobar,0.75,384.7055555555556,0.02658163854596713
PerplexDEW (Davies),isobar,0.75,387.25,0.027020720096884512
PerplexDEW (Davies),isobar,0.75,389.7944444444445,0.027456512308268947
PerplexDEW (Davies),isobar,0.75,392.3388888888889,0.02788836375086666
PerplexDEW (Davies),isobar,0.75,394.8833333333333,0.028315546099962202
PerplexDEW (Davies),isobar,0.75,397.4277777777778,0.028737296587273833
PerplexDEW (Davies),isobar,0.75,399.97222222222223,0.029152817548273532
PerplexDEW (Davies),isobar,0.75,402.5166666666667,0.02956127606604852
PerplexDEW (Davies),isobar,0.75,405.06111111111113,0.029961776982646623
PerplexDEW (Davies),isobar,0.75,407.6055555555556,0.030353441588820952
PerplexDEW (Davies),isobar,0.75,410.15000000000003,0.03073521752643552
PerplexDEW (Davies),isobar,0.75,412.69444444444446,0.031106149848412205
PerplexDEW (Davies),isobar,0.75,415.23888888888894,0.03146513268900245
PerplexDEW (Davies),isobar,0.75,417.78333333333336,0.03181107731199892
PerplexDEW (Davies),isobar,0.75,420.3277777777778,0.03214276444550415
PerplexDEW (Davies),isobar,0.75,422.87222222222226,0.03245896146078278
PerplexDEW (Davies),isobar,0.75,425.4166666666667,0.032758492744666
PerplexDEW (Davies),isobar,0.75,427.9611111111111,0.033039951529441836
PerplexDEW (Davies),isobar,0.75,430.5055555555556,0.03330195256046457
PerplexDEW (Davies),isobar,0.75,433.05,0.033543072084307
PerplexDEW (Davies),isobar,0.75,435.59444444444443,0.03376192243775135
PerplexDEW (Davies),isobar,0.75,438.1388888888889,0.033957016741436544
PerplexDEW (Davies),isobar,0.75,440.6833333333334,0.03412668997259142
PerplexDEW (Davies),isobar,0.75,443.2277777777778,0.03426954699431806
PerplexDEW (Davies),isobar,0.75,445.77222222222224,0.03438395289103968
PerplexDEW (Davies),isobar,0.75,448.3166666666667,0.034468334225218354
PerplexDEW (Davies),isobar,0.75,450.86111111111114,0.034521194043648
PerplexDEW (Davies),isobar,0.75,453.40555555555557,0.03454112755445115
PerplexDEW (Davies),isobar,0.75,455.95000000000005,0.03452658524464919
PerplexDEW (Davies),isobar,0.75,458.49444444444447,0.03447646807048231
PerplexDEW (Davies),isobar,0.75,461.0388888888889,0.034389563170369425
PerplexDEW (Davies),isobar,0.75,463.58333333333337,0.034264893893191734
PerplexDEW (Davies),isobar,0.75,466.1277777777778,0.03410210411919571
PerplexDEW (Davies),isobar,0.75,468.6722222222222,0.03390041041796104
PerplexDEW (Davies),isobar,0.75,471.2166666666667,0.033660422890942475
PerplexDEW (Davies),isobar,0.75,473.7611111111112,0.033382172465464446
PerplexDEW (Davies),isobar,0.75,476.30555555555554,0.03306715213452742
PerplexDEW (Davies),isobar,0.75,478.85,0.03271666326582051
PerplexDEW (Davies),isobar,0.75,481.3944444444445,0.03233333432878155
PerplexDEW (Davies),isobar,0.75,483.9388888888889,0.03192018314511299
PerplexDEW (Davies),isobar,0.75,486.48333333333335,0.03148040249850338
PerplexDEW (Davies),isobar,0.75,489.0277777777778,0.031018521265703917
PerplexDEW (Davies),isobar,0.75,491.57222222222225,0.030539212666382886
PerplexDEW (Davies),isobar,0.75,494.1166666666667,0.030047454831653452
PerplexDEW (Davies),isobar,0.75,496.66111111111115,0.02954829615693516
PerplexDEW (Davies),isobar,0.75,499.2055555555556,0.02904722671013668
PerplexDEW (Davies),isobar,0.75,501.75,0.028548733650761146
PerplexDEW (Davies),isobar,0.75,504.2944444444445,0.0280572839711275
PerplexDEW (Davies),isobar,0.75,506.83888888888896,0.027577112158278
PerplexDEW (Davies),isobar,0.75,509.3833333333333,0.027111599965122503
PerplexDEW (Davies),isobar,0.75,511.9277777777778,0.0266628565773804
PerplexDEW (Davies),isobar,0.75,514.4722222222223,0.026232957788939575
PerplexDEW (Davies),isobar,0.75,517.0166666666667,0.025823129741486622
PerplexDEW (Davies),isobar,0.75,519.5611111111111,0.02543438086149639
PerplexDEW (Davies),isobar,0.75,522.1055555555556,0.02506645895352126
PerplexDEW (Davies),isobar,0.75,524.6500000000001,0.024719321479141933
PerplexDEW (Davies),isobar,0.75,527.1944444444445,0.02439251187171489
PerplexDEW (Davies),isobar,0.75,529.7388888888889,0.02408537115835064
PerplexDEW (Davies),isobar,0.75,532.2833333333333,0.02379681851505814
PerplexDEW (Davies),isobar,0.75,534.8277777777778,0.023525775972219158
PerplexDEW (Davies),isobar,0.75,537.3722222222223,0.023271611797753007
PerplexDEW (Davies),isobar,0.75,539.9166666666667,0.023033039985274992
PerplexDEW (Davies),isobar,0.75,542.4611111111111,0.02280899051511887
PerplexDEW (Davies),isobar,0.75,545.0055555555556,0.022598387106890844
PerplexDEW (Davies),isobar,0.75,547.5500000000001,0.022400373417350124
PerplexDEW (Davies),isobar,0.75,550.0944444444444,0.022213852669968125
PerplexDEW (Davies),isobar,0.75,552.6388888888889,0.022037942297839272
PerplexDEW (Davies),isobar,0.75,555.1833333333334,0.021871981914251874
PerplexDEW (Davies),isobar,0.75,557.7277777777779,0.02171505754500838
PerplexDEW (Davies),isobar,0.75,560.2722222222222,0.021566718632856478
PerplexDEW (Davies),isobar,0.75,562.8166666666667,0.021425760058547606
PerplexDEW (Davies),isobar,0.75,565.3611111111111,0.021291934018756942
PerplexDEW (Davies),isobar,0.75,567.9055555555556,0.021164733474285113
PerplexDEW (Davies),isobar,0.75,570.45,0.021043372332444084
PerplexDEW (Davies),isobar,1.0,25.0,0.00022217086966894287
PerplexDEW (Davies),isobar,1.0,30.55808080808081,0.00024506263439791294
PerplexDEW (Davies),isobar,1.0,36.11616161616162,0.0002708604006383139
PerplexDEW (Davies),isobar,1.0,41.67424242424242,0.0002997365254003475
PerplexDEW (Davies),isobar,1.0,47.23232323232323,0.0003319011324978318
PerplexDEW (Davies),isobar,1.0,52.79040404040404,0.0003675942281166265
PerplexDEW (Davies),isobar,1.0,58.348484848484844,0.0004070817907680469
PerplexDEW (Davies),isobar,1.0,63.906565656565654,0.00045065361550139353
PerplexDEW (Davies),isobar,1.0,69.46464646464646,0.0004986222935480348
PerplexDEW (Davies),isobar,1.0,75.02272727272728,0.0005513227337362644
PerplexDEW (Davies),isobar,1.0,80.58080808080808,0.0006091121438892554
PerplexDEW (Davies),isobar,1.0,86.13888888888889,0.000672369924038962
PerplexDEW (Davies),isobar,1.0,91.69696969696969,0.0007414979908781917
PerplexDEW (Davies),isobar,1.0,97.2550505050505,0.0008169212417177451
PerplexDEW (Davies),isobar,1.0,102.81313131313131,0.0008990874774208405
PerplexDEW (Davies),isobar,1.0,108.37121212121212,0.000988468222130058
PerplexDEW (Davies),isobar,1.0,113.92929292929293,0.0010855586009524305
PerplexDEW (Davies),isobar,1.0,119.48737373737373,0.0011908779315811181
PerplexDEW (Davies),isobar,1.0,125.04545454545455,0.001304969979425176
PerplexDEW (Davies),isobar,1.0,130.60353535353534,0.0014284028954009485
PerplexDEW (Davies),isobar,1.0,136.16161616161617,0.001561769595048739
PerplexDEW (Davies),isobar,1.0,141.71969696969697,0.001705687501589327
PerplexDEW (Davies),isobar,1.0,147.27777777777777,0.0018607988395860841
PerplexDEW (Davies),isobar,1.0,152.8358585858586,0.002027770150345016
PerplexDEW (Davies),isobar,1.0,158.39393939393938,0.002207292082591981
PerplexDEW (Davies),isobar,1.0,163.9520202020202,0.002400079365759974
PerplexDEW (Davies),isobar,1.0,169.510101010101,0.002606869118236838
PerplexDEW (Davies),isobar,1.0,175.0681818181818,0.002828421053314917
PerplexDEW (Davies),isobar,1.0,180.62626262626262,0.003065516682220388
PerplexDEW (Davies),isobar,1.0,186.18434343434342,0.003318957341488562
PerplexDEW (Davies),isobar,1.0,191.74242424242425,0.0035895633111062896
PerplexDEW (Davies),isobar,1.0,197.30050505050505,0.003878172242250926
PerplexDEW (Davies),isobar,1.0,202.85858585858585,0.00418563689219378
PerplexDEW (Davies),isobar,1.0,208.41666666666666,0.004512823806036239
PerplexDEW (Davies),isobar,1.0,213.97474747474746,0.004860610609176265
PerplexDEW (Davies),isobar,1.0,219.5328282828283,0.005229882171980821
PerplexDEW (Davies),isobar,1.0,225.0909090909091,0.005621529628550214
PerplexDEW (Davies),isobar,1.0,230.6489898989899,0.006036446146890768
PerplexDEW (Davies),isobar,1.0,236.2070707070707,0.006475521723733088
PerplexDEW (Davies),isobar,1.0,241.7651515151515,0.006939641720394758
PerplexDEW (Davies),isobar,1.0,247.32323232323233,0.007429680321202536
PerplexDEW (Davies),isobar,1.0,252.88131313131314,0.007946496208459069
PerplexDEW (Davies),isobar,1.0,258.43939393939394,0.008490927153350912
PerplexDEW (Davies),isobar,1.0,263.9974747474747,
PerplexDEW (Davies),isobar,1.0,269.55555555555554,0.009665844978984475
PerplexDEW (Davies),isobar,1.0,275.1136363636364,0.010297848788421465
PerplexDEW (Davies),isobar,1.0,280.6717171717172,0.010960483339425826
PerplexDEW (Davies),isobar,1.0,286.229797979798,0.011654383221008245
PerplexDEW (Davies),isobar,1.0,291.78787878787875,0.012380117360460815
PerplexDEW (Davies),isobar,1.0,297.3459595959596,0.013138184668771797
PerplexDEW (Davies),isobar,1.0,302.9040404040404,0.013928992025644262
PerplexDEW (Davies),isobar,1.0,308.4621212121212,0.014752861259064163
PerplexDEW (Davies),isobar,1.0,314.020202020202,0.015609999265869817
PerplexDEW (Davies),isobar,1.0,319.5782828282828,0.016500506516051044
PerplexDEW (Davies),isobar,1.0,325.1363636363636,0.01742433772315732
PerplexDEW (Davies),isobar,1.0,330.69444444444446,0.018381315918355057
PerplexDEW (Davies),isobar,1.0,336.25252525252523,0.019371105405841978
PerplexDEW (Davies),isobar,1.0,341.81060606060606,0.020393177290313765
PerplexDEW (Davies),isobar,1.0,347.36868686868684,0.02144684836220119
PerplexDEW (Davies),isobar,1.0,352.92676767676767,0.022531189875064184
PerplexDEW (Davies),isobar,1.0,358.4848484848485,0.023645081886438754
PerplexDEW (Davies),isobar,1.0,364.0429292929293,0.024787157336245327
PerplexDEW (Davies),isobar,1.0,369.6010101010101,0.02595576312579573
PerplexDEW (Davies),isobar,1.0,375.1590909090909,0.02714900838513457
PerplexDEW (Davies),isobar,1.0,380.7171717171717,0.02836467848644731
PerplexDEW (Davies),isobar,1.0,386.27525252525254,0.029600260106276952
PerplexDEW (Davies),isobar,1.0,391.8333333333333,0.03085290493331266
PerplexDEW (Davies),isobar,1.0,397.39141414141415,0.0321194224319918
PerplexDEW (Davies),isobar,1.0,402.9494949494949,0.03339623856482458
PerplexDEW (Davies),isobar,1.0,408.50757575757575,0.0346794425254033
PerplexDEW (Davies),isobar,1.0,414.0656565656566,0.035964683611473314
PerplexDEW (Davies),isobar,1.0,419.62373737373736,0.03724729813012542
PerplexDEW (Davies),isobar,1.0,425.1818181818182,0.03852213061775371
PerplexDEW (Davies),isobar,1.0,430.73989898989896,0.03978377804037216
PerplexDEW (Davies),isobar,1.0,436.2979797979798,0.041026342973475224
PerplexDEW (Davies),isobar,1.0,441.8560606060606,0.042243677645598804
PerplexDEW (Davies),isobar,1.0,447.4141414141414,0.04342939186225319
PerplexDEW (Davies),isobar,1.0,452.97222222222223,0.04457672905259006
PerplexDEW (Davies),isobar,1.0,458.530303030303,0.04567893738532689
PerplexDEW (Davies),isobar,1.0,464.08838383838383,0.046729140711998234
PerplexDEW (Davies),isobar,1.0,469.64646464646466,0.04772069673477481
PerplexDEW (Davies),isobar,1.0,475.20454545454544,0.04864702477503556
PerplexDEW (Davies),isobar,1.0,480.76262626262627,0.04950227950100656
PerplexDEW (Davies),isobar,1.0,486.32070707070704,0.05028105560517414
PerplexDEW (Davies),isobar,1.0,491.8787878787879,0.05097920757977034
PerplexDEW (Davies),isobar,1.0,497.43686868686865,0.051593368098959064
PerplexDEW (Davies),isobar,1.0,502.9949494949495,0.05212194825873874
PerplexDEW (Davies),isobar,1.0,508.5530303030303,0.05256500380348055
PerplexDEW (Davies),isobar,1.0,514.1111111111111,0.05292413376844174
PerplexDEW (Davies),isobar,1.0,519.6691919191919,0.05320315176610159
PerplexDEW (Davies),isobar,1.0,525.2272727272727,0.053407522591812084
PerplexDEW (Davies),isobar,1.0,530.7853535353536,0.053544690997325166
PerplexDEW (Davies),isobar,1.0,536.3434343434344,0.05362319459068333
PerplexDEW (Davies),isobar,1.0,541.9015151515151,0.05365288207601185
PerplexDEW (Davies),isobar,1.0,547.459595959596,0.053644027650937134
PerplexDEW (Davies),isobar,1.0,553.0176767676768,0.05360699785996891
PerplexDEW (Davies),isobar,1.0,558.5757575757575,0.053551564204096826
PerplexDEW (Davies),isobar,1.0,564.1338383838383,0.05348723316565745
PerplexDEW (Davies),isobar,1.0,569.6919191919192,0.053421856462005896
PerplexDEW (Davies),isobar,1.0,575.25,0.0533623277823513
PerplexDEW (Davies),isobar,1.01325,25.0,0.00022255850115498384
PerplexDEW (Davies),isobar,1.01325,30.55808080808081,0.00024546778353472107
PerplexDEW (Davies),isobar,1.01325,36.11616161616162,0.00027128711133955514
PerplexDEW (Davies),isobar,1.01325,41.67424242424242,0.0003001888044505067
PerplexDEW (Davies),isobar,1.01325,47.23232323232323,0.0003323829737006197
PerplexDEW (Davies),isobar,1.01325,52.79040404040404,0.00036810980729044433
PerplexDEW (Davies),isobar,1.01325,58.348484848484844,0.00040763548134551314
PerplexDEW (Davies),isobar,1.01325,63.906565656565654,0.0004512500675536724
PerplexDEW (Davies),isobar,1.01325,69.46464646464646,0.0004992665217025552
PerplexDEW (Davies),isobar,1.01325,75.02272727272728,0.0005520201433166701
PerplexDEW (Davies),isobar,1.01325,80.58080808080808,0.0006098685776101492
PerplexDEW (Davies),isobar,1.01325,86.13888888888889,0.0006731917060224336
PerplexDEW (Davies),isobar,1.01325,91.69696969696969,0.0007423921394361154
PerplexDEW (Davies),isobar,1.01325,97.2550505050505,0.0008178952729645154
PerplexDEW (Davies),isobar,1.01325,102.81313131313131,0.0009001497524053705
PerplexDEW (Davies),isobar,1.01325,108.37121212121212,0.0009896278480356535
PerplexDEW (Davies),isobar,1.01325,113.92929292929293,0.001086825483192696
PerplexDEW (Davies),isobar,1.01325,119.48737373737373,0.0011922631255206317
PerplexDEW (Davies),isobar,1.01325,125.04545454545455,0.0013064854286237836
PerplexDEW (Davies),isobar,1.01325,130.60353535353534,0.001430061695024382
PerplexDEW (Davies),isobar,1.01325,136.16161616161617,0.0015635861029185546
PerplexDEW (Davies),isobar,1.01325,141.71969696969697,0.0017076777660637193
PerplexDEW (Davies),isobar,1.01325,147.27777777777777,0.001862980181651433
PerplexDEW (Davies),isobar,1.01325,152.8358585858586,0.002030161743668349
PerplexDEW (Davies),isobar,1.01325,158.39393939393938,0.0022099147698852327
PerplexDEW (Davies),isobar,1.01325,163.9520202020202,0.002402956209613719
PerplexDEW (Davies),isobar,1.01325,169.510101010101,0.0026100254223408417
PerplexDEW (Davies),isobar,1.01325,175.0681818181818,0.0028318848494154275
PerplexDEW (Davies),isobar,1.01325,180.62626262626262,0.003069318450799835
PerplexDEW (Davies),isobar,1.01325,186.18434343434342,0.0033231304849972694
PerplexDEW (Davies),isobar,1.01325,191.74242424242425,0.003594144416042984
PerplexDEW (Davies),isobar,1.01325,197.30050505050505,0.0038832021755231764
PerplexDEW (Davies),isobar,1.01325,202.85858585858585,0.004191159632837108
PerplexDEW (Davies),isobar,1.01325,208.41666666666666,0.004518888912954714
PerplexDEW (Davies),isobar,1.01325,213.97474747474746,0.004867270920886279
PerplexDEW (Davies),isobar,1.01325,219.5328282828283,0.005237196573246894
PerplexDEW (Davies),isobar,1.01325,225.0909090909091,0.005629563246933872
PerplexDEW (Davies),isobar,1.01325,230.6489898989899,0.006045270376204224
PerplexDEW (Davies),isobar,1.01325,236.2070707070707,0.006485214021269949
PerplexDEW (Davies),isobar,1.01325,241.7651515151515,0.0069502883877217425
PerplexDEW (Davies),isobar,1.01325,247.32323232323233,0.00744137589432604
PerplexDEW (Davies),isobar,1.01325,252.88131313131314,0.00795934512919363
PerplexDEW (Davies),isobar,1.01325,258.43939393939394,0.008505043804072564
PerplexDEW (Davies),isobar,1.01325,263.9974747474747,
PerplexDEW (Davies),isobar,1.01325,269.55555555555554,0.009682885494078485
PerplexDEW (Davies),isobar,1.01325,275.1136363636364,0.010316569958446578
PerplexDEW (Davies),isobar,1.01325,280.6717171717172,0.010981055709634625
PerplexDEW (Davies),isobar,1.01325,286.229797979798,0.011676989167467115
PerplexDEW (Davies),isobar,1.01325,291.78787878787875,0.01240495936711635
PerplexDEW (Davies),isobar,1.01325,297.3459595959596,0.01316548588632649
PerplexDEW (Davies),isobar,1.01325,302.9040404040404,0.013958998332369726
PerplexDEW (Davies),isobar,1.01325,308.4621212121212,0.014785843485747269
PerplexDEW (Davies),isobar,1.01325,314.020202020202,0.01564625786701827
PerplexDEW (Davies),isobar,1.01325,319.5782828282828,0.01654036517482907
PerplexDEW (Davies),isobar,1.01325,325.1363636363636,0.017468159669636645
PerplexDEW (Davies),isobar,1.01325,330.69444444444446,0.01842950351587992
PerplexDEW (Davies),isobar,1.01325,336.25252525252523,0.019424098287421778
PerplexDEW (Davies),isobar,1.01325,341.81060606060606,0.02045146152123516
PerplexDEW (Davies),isobar,1.01325,347.36868686868684,0.021510954227205063
PerplexDEW (Davies),isobar,1.01325,352.92676767676767,0.02260171699739918
PerplexDEW (Davies),isobar,1.01325,358.4848484848485,0.0237226771360575
PerplexDEW (Davies),isobar,1.01325,364.0429292929293,0.024872541578221462
PerplexDEW (Davies),isobar,1.01325,369.6010101010101,0.026049739422423883
PerplexDEW (Davies),isobar,1.01325,375.1590909090909,0.02725243271908929
PerplexDEW (Davies),isobar,1.01325,380.7171717171717,0.028478540405986477
PerplexDEW (Davies),isobar,1.01325,386.27525252525254,0.029725626947711335
PerplexDEW (Davies),isobar,1.01325,391.8333333333333,0.030990958702569092
PerplexDEW (Davies),isobar,1.01325,397.39141414141415,0.03227144601557845
PerplexDEW (Davies),isobar,1.01325,402.9494949494949,0.03356368562166239
PerplexDEW (Davies),isobar,1.01325,408.50757575757575,0.034863875476577134
PerplexDEW (Davies),isobar,1.01325,414.0656565656566,0.036167863213401416
PerplexDEW (Davies),isobar,1.01325,419.62373737373736,0.03747108160469328
PerplexDEW (Davies),isobar,1.01325,425.1818181818182,0.03876864555528481
PerplexDEW (Davies),isobar,1.01325,430.73989898989896,0.04005528251700275
PerplexDEW (Davies),isobar,1.01325,436.2979797979798,0.04132536742291306
PerplexDEW (Davies),isobar,1.01325,441.8560606060606,0.04257293486303704
PerplexDEW (Davies),isobar,1.01325,447.4141414141414,0.04379173716795389
PerplexDEW (Davies),isobar,1.01325,452.97222222222223,0.04497536393954486
PerplexDEW (Davies),isobar,1.01325,458.530303030303,0.04611717040472645
PerplexDEW (Davies),isobar,1.01325,464.08838383838383,0.04721059931766362
PerplexDEW (Davies),isobar,1.01325,469.64646464646466,0.048248998138469
PerplexDEW (Davies),isobar,1.01325,475.20454545454544,0.049226140638971225
PerplexDEW (Davies),isobar,1.01325,480.76262626262627,0.050136068868488294
PerplexDEW (Davies),isobar,1.01325,486.32070707070704,0.050973480866520086
PerplexDEW (Davies),isobar,1.01325,491.8787878787879,0.05173389924138555
PerplexDEW (Davies),isobar,1.01325,497.43686868686865,0.05241390310066091
PerplexDEW (Davies),isobar,1.01325,502.9949494949495,0.053011564269904526
PerplexDEW (Davies),isobar,1.01325,508.5530303030303,0.05352613495250475
PerplexDEW (Davies),isobar,1.01325,514.1111111111111,0.05395863930739019
PerplexDEW (Davies),isobar,1.01325,519.6691919191919,0.054312120230005825
PerplexDEW (Davies),isobar,1.01325,525.2272727272727,0.054591063732660185
PerplexDEW (Davies),isobar,1.01325,530.7853535353536,0.05480172292747094
PerplexDEW (Davies),isobar,1.01325,536.3434343434344,0.05495200611347898
PerplexDEW (Davies),isobar,1.01325,541.9015151515151,0.05505034718522659
PerplexDEW (Davies),isobar,1.01325,547.459595959596,0.05510654058521811
PerplexDEW (Davies),isobar,1.01325,553.0176767676768,0.055130519876571915
PerplexDEW (Davies),isobar,1.01325,558.5757575757575,0.05513148295087177
PerplexDEW (Davies),isobar,1.01325,564.1338383838383,0.05511891465736542
PerplexDEW (Davies),isobar,1.01325,569.6919191919192,0.055100493946774014
PerplexDEW (Davies),isobar,1.01325,575.25,0.05508370695124665
PerplexDEW (Davies),isobar,1.25,344.0,0.021866456002054557
PerplexDEW (Davies),isobar,1.25,345.010101010101,0.02207580192634398
PerplexDEW (Davies),isobar,1.25,346.020202020202,0.02228647640201463
PerplexDEW (Davies),isobar,1.25,347.030303030303,0.02249847900114961
PerplexDEW (Davies),isobar,1.25,348.04040404040404,0.02271181597185695
PerplexDEW (Davies),isobar,1.25,349.050505050505,0.02292647994172079
PerplexDEW (Davies),isobar,1.25,350.06060606060606,0.023142470044749692
PerplexDEW (Davies),isobar,1.25,351.07070707070704,0.023359785264293473
PerplexDEW (Davies),isobar,1.25,352.0808080808081,0.023578424431127218
PerplexDEW (Davies),isobar,1.25,353.09090909090907,0.023798393472348398
PerplexDEW (Davies),isobar,1.25,354.1010101010101,0.024019676494845016
PerplexDEW (Davies),isobar,1.25,355.1111111111111,0.02424227902327782
PerplexDEW (Davies),isobar,1.25,356.1212121212121,0.02446620677834899
PerplexDEW (Davies),isobar,1.25,357.1313131313131,0.02469144285181692
PerplexDEW (Davies),isobar,1.25,358.14141414141415,0.02491799254769042
PerplexDEW (Davies),isobar,1.25,359.1515151515151,0.025145861371190917
PerplexDEW (Davies),isobar,1.25,360.16161616161617,0.02537503136515767
PerplexDEW (Davies),isobar,1.25,361.17171717171715,0.025605507603753467
PerplexDEW (Davies),isobar,1.25,362.1818181818182,0.025837287286324517
PerplexDEW (Davies),isobar,1.25,363.19191919191917,0.02607035926004269
PerplexDEW (Davies),isobar,1.25,364.2020202020202,0.026304736633606864
PerplexDEW (Davies),isobar,1.25,365.2121212121212,0.0265403996225448
PerplexDEW (Davies),isobar,1.25,366.22222222222223,0.026777352894931127
PerplexDEW (Davies),isobar,1.25,367.2323232323232,0.027015592758884856
PerplexDEW (Davies),isobar,1.25,368.24242424242425,0.02725510666114047
PerplexDEW (Davies),isobar,1.25,369.25252525252523,0.027495899013047186
PerplexDEW (Davies),isobar,1.25,370.26262626262627,0.02773796556340847
PerplexDEW (Davies),isobar,1.25,371.27272727272725,0.0279812928821928
PerplexDEW (Davies),isobar,1.25,372.2828282828283,0.02822588511531302
PerplexDEW (Davies),isobar,1.25,373.2929292929293,0.028471728232380936
PerplexDEW (Davies),isobar,1.25,374.3030303030303,0.02871882619659899
PerplexDEW (Davies),isobar,1.25,375.3131313131313,0.028967173784563396
PerplexDEW (Davies),isobar,1.25,376.32323232323233,0.02921675604454588
PerplexDEW (Davies),isobar,1.25,377.3333333333333,0.029467567019918154
PerplexDEW (Davies),isobar,1.25,378.34343434343435,0.029719600544852738
PerplexDEW (Davies),isobar,1.25,379.35353535353534,0.029972869973890395
PerplexDEW (Davies),isobar,1.25,380.3636363636364,0.03022733946245028
PerplexDEW (Davies),isobar,1.25,381.37373737373736,0.030483022056517747
PerplexDEW (Davies),isobar,1.25,382.3838383838384,0.03073990087455392
PerplexDEW (Davies),isobar,1.25,383.3939393939394,0.03099797901126976
PerplexDEW (Davies),isobar,1.25,384.4040404040404,0.03125722847084655
PerplexDEW (Davies),isobar,1.25,385.4141414141414,0.0315176623545742
PerplexDEW (Davies),isobar,1.25,386.42424242424244,0.03177927312189532
PerplexDEW (Davies),isobar,1.25,387.4343434343434,0.032042031390955225
PerplexDEW (Davies),isobar,1.25,388.44444444444446,0.03230595030839693
PerplexDEW (Davies),isobar,1.25,389.45454545454544,0.03257099954547858
PerplexDEW (Davies),isobar,1.25,390.4646464646465,0.03283720346203158
PerplexDEW (Davies),isobar,1.25,391.47474747474746,0.03310450852556448
PerplexDEW (Davies),isobar,1.25,392.4848484848485,0.033372950439532055
PerplexDEW (Davies),isobar,1.25,393.4949494949495,0.033642485751797166
PerplexDEW (Davies),isobar,1.25,394.5050505050505,0.03391311601034588
PerplexDEW (Davies),isobar,1.25,395.5151515151515,0.03418484303939139
PerplexDEW (Davies),isobar,1.25,396.52525252525254,0.034457633069190655
PerplexDEW (Davies),isobar,1.25,397.5353535353535,0.034731487304399455
PerplexDEW (Davies),isobar,1.25,398.54545454545456,0.03500640723462767
PerplexDEW (Davies),isobar,1.25,399.55555555555554,0.03528236991612251
PerplexDEW (Davies),isobar,1.25,400.5656565656566,0.03555935161346578
PerplexDEW (Davies),isobar,1.25,401.57575757575756,0.03583735306525352
PerplexDEW (Davies),isobar,1.25,402.5858585858586,0.03611637530730126
PerplexDEW (Davies),isobar,1.25,403.5959595959596,0.0363963680028133
PerplexDEW (Davies),isobar,1.25,404.6060606060606,0.036677370295717056
PerplexDEW (Davies),isobar,1.25,405.6161616161616,0.03695931770566842
PerplexDEW (Davies),isobar,1.25,406.62626262626264,0.03724224999362042
PerplexDEW (Davies),isobar,1.25,407.6363636363636,0.037526101010890475
PerplexDEW (Davies),isobar,1.25,408.64646464646466,0.03781089750631198
PerplexDEW (Davies),isobar,1.25,409.65656565656565,0.038096612564330695
PerplexDEW (Davies),isobar,1.25,410.6666666666667,0.038383218412297415
PerplexDEW (Davies),isobar,1.25,411.67676767676767,0.03867071458851702
PerplexDEW (Davies),isobar,1.25,412.6868686868687,0.03895908671913541
PerplexDEW (Davies),isobar,1.25,413.6969696969697,0.03924832015924594
PerplexDEW (Davies),isobar,1.25,414.7070707070707,0.03953839999147763
PerplexDEW (Davies),isobar,1.25,415.7171717171717,0.03982929631760447
PerplexDEW (Davies),isobar,1.25,416.72727272727275,0.040121008063766526
PerplexDEW (Davies),isobar,1.25,417.73737373737373,0.04041353450576761
PerplexDEW (Davies),isobar,1.25,418.74747474747477,0.04070681455071079
PerplexDEW (Davies),isobar,1.25,419.75757575757575,0.041000892306476286
PerplexDEW (Davies),isobar,1.25,420.7676767676768,0.041295690135131645
PerplexDEW (Davies),isobar,1.25,421.77777777777777,0.04159123720178552
PerplexDEW (Davies),isobar,1.25,422.7878787878788,0.041887501014210175
PerplexDEW (Davies),isobar,1.25,423.7979797979798,0.04218444813860208
PerplexDEW (Davies),isobar,1.25,424.80808080808083,0.04248207652341553
PerplexDEW (Davies),isobar,1.25,425.8181818181818,0.04278036816120949
PerplexDEW (Davies),isobar,1.25,426.82828282828285,0.04307930475749689
PerplexDEW (Davies),isobar,1.25,427.83838383838383,0.04337886772975105
PerplexDEW (Davies),isobar,1.25,428.8484848484849,0.043679038206476346
PerplexDEW (Davies),isobar,1.25,429.85858585858585,0.04397977999823413
PerplexDEW (Davies),isobar,1.25,430.8686868686869,0.04428109032928848
PerplexDEW (Davies),isobar,1.25,431.8787878787879,0.04458296683306122
PerplexDEW (Davies),isobar,1.25,432.8888888888889,0.0448853724455287
PerplexDEW (Davies),isobar,1.25,433.8989898989899,0.04518828683768889
PerplexDEW (Davies),isobar,1.25,434.90909090909093,0.04549168938683223
PerplexDEW (Davies),isobar,1.25,435.9191919191919,0.0457955591759033
PerplexDEW (Davies),isobar,1.25,436.92929292929296,0.04609987499290316
PerplexDEW (Davies),isobar,1.25,437.93939393939394,0.046404615330358605
PerplexDEW (Davies),isobar,1.25,438.949494949495,0.046709758384842454
PerplexDEW (Davies),isobar,1.25,439.95959595959596,0.04701528205652414
PerplexDEW (Davies),isobar,1.25,440.969696969697,0.04732116394879909
PerplexDEW (Davies),isobar,1.25,441.979797979798,0.04762741982615519
PerplexDEW (Davies),isobar,1.25,442.98989898989896,0.04793395016592196
PerplexDEW (Davies),isobar,1.25,444.0,0.04824080898624932
PerplexDEW (Davies),isobar,1.5,426.25,0.04619240530894582
PerplexDEW (Davies),isobar,1.5,426.4166666666667,0.04624992367598459
PerplexDEW (Davies),isobar,1.5,426.5833333333333,0.046307466538550696
PerplexDEW (Davies),isobar,1.5,426.75,0.04636505012218341
PerplexDEW (Davies),isobar,1.5,426.9166666666667,0.04642265804085106
PerplexDEW (Davies),isobar,1.5,427.0833333333333,0.046480322966338465
PerplexDEW (Davies),isobar,1.5,427.25,0.046538012121993017
PerplexDEW (Davies),isobar,1.5,427.4166666666667,0.04659574184546196
PerplexDEW (Davies),isobar,1.5,427.5833333333333,0.04665349563691662
PerplexDEW (Davies),isobar,1.5,427.75,0.046711306393925574
PerplexDEW (Davies),isobar,1.5,427.9166666666667,0.04676912458047714
PerplexDEW (Davies),isobar,1.5,428.0833333333333,0.04682699968275515
PerplexDEW (Davies),isobar,1.5,428.25,0.04688491517195989
PerplexDEW (Davies),isobar,1.5,428.4166666666667,0.0469428544051701
PerplexDEW (Davies),isobar,1.5,428.5833333333333,0.04700083391762321
PerplexDEW (Davies),isobar,1.5,428.75,0.04705885368378923
PerplexDEW (Davies),isobar,1.5,428.9166666666667,0.04711689697438429
PerplexDEW (Davies),isobar,1.5,429.0833333333333,0.047174980409873654
PerplexDEW (Davies),isobar,1.5,429.25,0.047233103964296266
PerplexDEW (Davies),isobar,1.5,429.4166666666667,0.04729126761156694
PerplexDEW (Davies),isobar,1.5,429.5833333333333,0.047349454506735056
PerplexDEW (Davies),isobar,1.5,429.75,0.047407681384512054
PerplexDEW (Davies),isobar,1.5,429.9166666666667,0.04746594821836752
PerplexDEW (Davies),isobar,1.5,430.0833333333333,0.04752425498166036
PerplexDEW (Davies),isobar,1.5,430.25,0.04758258471315783
PerplexDEW (Davies),isobar,1.5,430.4166666666667,0.047640954262416914
PerplexDEW (Davies),isobar,1.5,430.5833333333333,0.04769934660976976
PerplexDEW (Davies),isobar,1.5,430.75,0.047757795684071326
PerplexDEW (Davies),isobar,1.5,430.9166666666667,0.04781628449449915
PerplexDEW (Davies),isobar,1.5,431.0833333333333,0.04787479593359953
PerplexDEW (Davies),isobar,1.5,431.25,0.047933329886160767
PerplexDEW (Davies),isobar,1.5,431.4166666666667,0.04799190337514386
PerplexDEW (Davies),isobar,1.5,431.5833333333333,0.04805053354036903
PerplexDEW (Davies),isobar,1.5,431.75,0.04810916885028028
PerplexDEW (Davies),isobar,1.5,431.9166666666667,0.04816786078010555
PerplexDEW (Davies),isobar,1.5,432.0833333333333,0.04822659213370026
PerplexDEW (Davies),isobar,1.5,432.25,0.04828534559719914
PerplexDEW (Davies),isobar,1.5,432.4166666666667,0.04834413836847366
PerplexDEW (Davies),isobar,1.5,432.5833333333333,0.04840297041873138
PerplexDEW (Davies),isobar,1.5,432.75,0.048461806970988695
PerplexDEW (Davies),isobar,1.5,432.9166666666667,0.048520717433182405
PerplexDEW (Davies),isobar,1.5,433.0833333333333,0.04857963222060469
PerplexDEW (Davies),isobar,1.5,433.25,0.04863860351490177
PerplexDEW (Davies),isobar,1.5,433.4166666666667,0.04869761388293533
PerplexDEW (Davies),isobar,1.5,433.5833333333333,0.048756645772594136
PerplexDEW (Davies),isobar,1.5,433.75,0.04881571661708913
PerplexDEW (Davies),isobar,1.5,433.9166666666667,0.04887480880427592
PerplexDEW (Davies),isobar,1.5,434.0833333333333,0.0489339398265421
PerplexDEW (Davies),isobar,1.5,434.25,0.048993109653612615
PerplexDEW (Davies),isobar,1.5,434.4166666666667,0.04905231825510649
PerplexDEW (Davies),isobar,1.5,434.5833333333333,0.04911154789848415
PerplexDEW (Davies),isobar,1.5,434.75,0.049170816195058226
PerplexDEW (Davies),isobar,1.5,434.9166666666667,0.04923012311399233
PerplexDEW (Davies),isobar,1.5,435.0833333333333,0.04928946862431815
PerplexDEW (Davies),isobar,1.5,435.25,0.04934885269496582
PerplexDEW (Davies),isobar,1.5,435.4166666666667,0.04940825744203319
PerplexDEW (Davies),isobar,1.5,435.5833333333333,0.04946770062642302
PerplexDEW (Davies),isobar,1.5,435.75,0.04952716430333301
PerplexDEW (Davies),isobar,1.5,435.9166666666667,0.04958668423730818
PerplexDEW (Davies),isobar,1.5,436.0833333333333,0.049646242513611175
PerplexDEW (Davies),isobar,1.5,436.25,0.049705803091585156
PerplexDEW (Davies),isobar,1.5,436.4166666666667,0.0497654198610387
PerplexDEW (Davies),isobar,1.5,436.5833333333333,0.04982505675042562
PerplexDEW (Davies),isobar,1.5,436.75,0.049884749827549105
PerplexDEW (Davies),isobar,1.5,436.9166666666667,0.0499444447721948
PerplexDEW (Davies),isobar,1.5,437.0833333333333,0.05000419583930207
PerplexDEW (Davies),isobar,1.5,437.25,0.050063984900186764
PerplexDEW (Davies),isobar,1.5,437.4166666666667,0.05012379370349191
PerplexDEW (Davies),isobar,1.5,437.5833333333333,0.05018364037312678
PerplexDEW (Davies),isobar,1.5,437.75,0.05024350659588009
PerplexDEW (Davies),isobar,1.5,437.9166666666667,0.05030341055665725
PerplexDEW (Davies),isobar,1.5,438.0833333333333,0.0503633705634433
PerplexDEW (Davies),isobar,1.5,438.25,0.0504233315576456
PerplexDEW (Davies),isobar,1.5,438.4166666666667,0.05048334853025395
PerplexDEW (Davies),isobar,1.5,438.5833333333333,0.05054338467123453
PerplexDEW (Davies),isobar,1.5,438.75,0.05060345831889043
PerplexDEW (Davies),isobar,1.5,438.9166666666667,0.050663569438887855
PerplexDEW (Davies),isobar,1.5,439.0833333333333,0.0507236994691622
PerplexDEW (Davies),isobar,1.5,439.25,0.050783885399241044
PerplexDEW (Davies),isobar,1.5,439.4166666666667,0.05084409010798599
PerplexDEW (Davies),isobar,1.5,439.5833333333333,0.05090433208809415
PerplexDEW (Davies),isobar,1.5,439.75,0.050964592652099044
PerplexDEW (Davies),isobar,1.5,439.9166666666667,0.05102489035467223
PerplexDEW (Davies),isobar,1.5,440.0833333333333,0.05108524387548747
PerplexDEW (Davies),isobar,1.5,440.25,0.051145597033816784
PerplexDEW (Davies),isobar,1.5,440.4166666666667,0.05120600593925743
PerplexDEW (Davies),isobar,1.5,440.5833333333333,0.05126645184098836
PerplexDEW (Davies),isobar,1.5,440.75,0.051326897021424
PerplexDEW (Davies),isobar,1.5,440.9166666666667,0.05138739787252994
PerplexDEW (Davies),isobar,1.5,441.0833333333333,0.051447935548727425
PerplexDEW (Davies),isobar,1.5,441.25,0.05150849107805391
PerplexDEW (Davies),isobar,1.5,441.4166666666667,0.05156908329634226
PerplexDEW (Davies),isobar,1.5,441.5833333333333,0.0516297121668989
PerplexDEW (Davies),isobar,1.5,441.75,0.051690377652912976
PerplexDEW (Davies),isobar,1.5,441.9166666666667,0.051751060654884794
PerplexDEW (Davies),isobar,1.5,442.0833333333333,0.05181178013466937
PerplexDEW (Davies),isobar,1.5,442.25,0.0518725169286937
PerplexDEW (Davies),isobar,1.5,442.4166666666667,0.05193330922019097
PerplexDEW (Davies),isobar,1.5,442.5833333333333,0.05199413787722916
PerplexDEW (Davies),isobar,1.5,442.75,0.05205498364001924
PerplexDEW (Davies),isobar,1.75,411.9,0.04364317281597175
PerplexDEW (Davies),isobar,1.75,412.14444444444445,0.04373058766076072
PerplexDEW (Davies),isobar,1.75,412.38888888888886,0.043818105212395694
PerplexDEW (Davies),isobar,1.75,412.6333333333333,0.04390573930459036
PerplexDEW (Davies),isobar,1.75,412.87777777777774,0.04399348994872696
PerplexDEW (Davies),isobar,1.75,413.1222222222222,0.044081343151704554
PerplexDEW (Davies),isobar,1.75,413.3666666666667,0.04416931285495542
PerplexDEW (Davies),isobar,1.75,413.6111111111111,0.04425738499103365
PerplexDEW (Davies),isobar,1.75,413.85555555555555,0.04434557357337288
PerplexDEW (Davies),isobar,1.75,414.09999999999997,0.04443387861092834
PerplexDEW (Davies),isobar,1.75,414.34444444444443,0.044522285924253294
PerplexDEW (Davies),isobar,1.75,414.58888888888885,0.04461080963548442
PerplexDEW (Davies),isobar,1.75,414.8333333333333,0.044699435490038075
PerplexDEW (Davies),isobar,1.75,415.0777777777778,0.04478817768281408
PerplexDEW (Davies),isobar,1.75,415.3222222222222,0.04487703622031077
PerplexDEW (Davies),isobar,1.75,415.56666666666666,0.04496599673476278
PerplexDEW (Davies),isobar,1.75,415.8111111111111,0.04505507353092139
PerplexDEW (Davies),isobar,1.75,416.05555555555554,0.045144252165079904
PerplexDEW (Davies),isobar,1.75,416.3,0.0452335470155313
PerplexDEW (Davies),isobar,1.75,416.5444444444444,0.04532295808630523
PerplexDEW (Davies),isobar,1.75,416.7888888888889,0.04541247081929926
PerplexDEW (Davies),isobar,1.75,417.0333333333333,0.04550209970382857
PerplexDEW (Davies),isobar,1.75,417.27777777777777,0.045591830105051155
PerplexDEW (Davies),isobar,1.75,417.5222222222222,0.04568167658661431
PerplexDEW (Davies),isobar,1.75,417.76666666666665,0.045771624436600114
PerplexDEW (Davies),isobar,1.75,418.0111111111111,0.04586168829329918
PerplexDEW (Davies),isobar,1.75,418.25555555555553,0.04595186815716984
PerplexDEW (Davies),isobar,1.75,418.5,0.04604216402826446
PerplexDEW (Davies),isobar,1.75,418.7444444444444,0.0461325461733606
PerplexDEW (Davies),isobar,1.75,418.9888888888889,0.04622305907562337
PerplexDEW (Davies),isobar,1.75,419.23333333333335,0.04631367296216204
PerplexDEW (Davies),isobar,1.75,419.47777777777776,0.046404402697317895
PerplexDEW (Davies),isobar,1.75,419.72222222222223,0.04649523325788299
PerplexDEW (Davies),isobar,1.75,419.96666666666664,0.04658617958410765
PerplexDEW (Davies),isobar,1.75,420.2111111111111,0.04667724167241797
PerplexDEW (Davies),isobar,1.75,420.4555555555555,0.04676840438155464
PerplexDEW (Davies),isobar,1.75,420.7,0.046859682766335224
PerplexDEW (Davies),isobar,1.75,420.94444444444446,0.04695106160631789
PerplexDEW (Davies),isobar,1.75,421.18888888888887,0.04704255603302127
PerplexDEW (Davies),isobar,1.75,421.43333333333334,0.04713415074646994
PerplexDEW (Davies),isobar,1.75,421.67777777777775,0.04722587628836202
PerplexDEW (Davies),isobar,1.75,421.9222222222222,0.04731768665199571
PerplexDEW (Davies),isobar,1.75,422.1666666666667,0.04740962782913125
PerplexDEW (Davies),isobar,1.75,422.4111111111111,0.047501669026861766
PerplexDEW (Davies),isobar,1.75,422.65555555555557,0.047593810117646046
PerplexDEW (Davies),isobar,1.75,422.9,0.04768608203519724
PerplexDEW (Davies),isobar,1.75,423.14444444444445,0.0477784381763884
PerplexDEW (Davies),isobar,1.75,423.3888888888889,0.047870925124156784
PerplexDEW (Davies),isobar,1.75,423.6333333333333,0.04796351168585355
PerplexDEW (Davies),isobar,1.75,423.8777777777778,0.04805619773006738
PerplexDEW (Davies),isobar,1.75,424.1222222222222,0.04814901458660704
PerplexDEW (Davies),isobar,1.75,424.3666666666667,0.04824193082103973
PerplexDEW (Davies),isobar,1.75,424.6111111111111,0.04833494629966513
PerplexDEW (Davies),isobar,1.75,424.85555555555555,0.0484280767399041
PerplexDEW (Davies),isobar,1.75,425.1,0.04852132212767636
PerplexDEW (Davies),isobar,1.75,425.34444444444443,0.04861466651532753
PerplexDEW (Davies),isobar,1.75,425.5888888888889,0.04870812573970455
PerplexDEW (Davies),isobar,1.75,425.8333333333333,0.048801699785162286
PerplexDEW (Davies),isobar,1.75,426.0777777777778,0.048895372580244706
PerplexDEW (Davies),isobar,1.75,426.32222222222225,0.04898916008197299
PerplexDEW (Davies),isobar,1.75,426.56666666666666,0.0490830461358305
PerplexDEW (Davies),isobar,1.75,426.81111111111113,0.049177046779298364
PerplexDEW (Davies),isobar,1.75,427.05555555555554,0.04927116199401273
PerplexDEW (Davies),isobar,1.75,427.3,0.04936537550038471
PerplexDEW (Davies),isobar,1.75,427.5444444444445,0.04945970345729837
PerplexDEW (Davies),isobar,1.75,427.7888888888889,0.049554129501260376
PerplexDEW (Davies),isobar,1.75,428.03333333333336,0.04964866987242014
PerplexDEW (Davies),isobar,1.75,428.27777777777777,0.049743324549691804
PerplexDEW (Davies),isobar,1.75,428.52222222222224,0.049838093511539124
PerplexDEW (Davies),isobar,1.75,428.76666666666665,0.04993294371582882
PerplexDEW (Davies),isobar,1.75,429.0111111111111,0.05002792454480565
PerplexDEW (Davies),isobar,1.75,429.2555555555556,0.050123002913175674
PerplexDEW (Davies),isobar,1.75,429.5,0.050218195307156197
PerplexDEW (Davies),isobar,1.75,429.74444444444447,0.050313485024488125
PerplexDEW (Davies),isobar,1.75,429.9888888888889,0.0504089053541473
PerplexDEW (Davies),isobar,1.75,430.23333333333335,0.05050440611023722
PerplexDEW (Davies),isobar,1.75,430.47777777777776,0.05060002062248982
PerplexDEW (Davies),isobar,1.75,430.72222222222223,0.050695748864270924
PerplexDEW (Davies),isobar,1.75,430.9666666666667,0.0507915908084865
PerplexDEW (Davies),isobar,1.75,431.2111111111111,0.05088752949523286
PerplexDEW (Davies),isobar,1.75,431.4555555555556,0.05098358174344944
PerplexDEW (Davies),isobar,1.75,431.7,0.05107974752440892
PerplexDEW (Davies),isobar,1.75,431.94444444444446,0.05117600974820457
PerplexDEW (Davies),isobar,1.75,432.1888888888889,0.051272368256311096
PerplexDEW (Davies),isobar,1.75,432.43333333333334,0.05136885718265377
PerplexDEW (Davies),isobar,1.75,432.6777777777778,0.0514654422458283
PerplexDEW (Davies),isobar,1.75,432.9222222222222,0.051562123284876804
PerplexDEW (Davies),isobar,1.75,433.1666666666667,0.05165893469061854
PerplexDEW (Davies),isobar,1.75,433.41111111111115,0.05175584192092782
PerplexDEW (Davies),isobar,1.75,433.65555555555557,0.051852844812403036
PerplexDEW (Davies),isobar,1.75,433.90000000000003,0.05194996060748393
PerplexDEW (Davies),isobar,1.75,434.14444444444445,0.052047189271746556
PerplexDEW (Davies),isobar,1.75,434.3888888888889,0.05214451327608266
PerplexDEW (Davies),isobar,1.75,434.6333333333333,0.052241949991698726
PerplexDEW (Davies),isobar,1.75,434.8777777777778,0.05233949938250059
PerplexDEW (Davies),isobar,1.75,435.12222222222226,0.05243714378594893
PerplexDEW (Davies),isobar,1.75,435.3666666666667,0.052534900702799224
PerplexDEW (Davies),isobar,1.75,435.61111111111114,0.05263277009527551
PerplexDEW (Davies),isobar,1.75,435.85555555555555,0.05273073416661004
PerplexDEW (Davies),isobar,1.75,436.1,0.05282881054788103
PerplexDEW (Davies),isobar,2.0,175.0,0.0030702871521907454
PerplexDEW (Davies),isobar,2.0,180.55555555555554,0.003330235228072419
PerplexDEW (Davies),isobar,2.0,186.11111111111111,0.0036086742582017847
PerplexDEW (Davies),isobar,2.0,191.66666666666666,0.0039066190251509135
PerplexDEW (Davies),isobar,2.0,197.22222222222223,0.00422512008523054
PerplexDEW (Davies),isobar,2.0,202.77777777777777,0.00456526226860631
PerplexDEW (Davies),isobar,2.0,208.33333333333331,0.004928162687965377
PerplexDEW (Davies),isobar,2.0,213.88888888888889,0.005314974029661711
PerplexDEW (Davies),isobar,2.0,219.44444444444446,0.005726879830062759
PerplexDEW (Davies),isobar,2.0,225.0,0.006165095778459991
PerplexDEW (Davies),isobar,2.0,230.55555555555554,0.006630867570049305
PerplexDEW (Davies),isobar,2.0,236.11111111111111,0.007125470872230056
PerplexDEW (Davies),isobar,2.0,241.66666666666666,0.00765020942711148
PerplexDEW (Davies),isobar,2.0,247.22222222222223,0.008206410909010267
PerplexDEW (Davies),isobar,2.0,252.77777777777777,0.008795429711321206
PerplexDEW (Davies),isobar,2.0,258.3333333333333,0.009418640970271027
PerplexDEW (Davies),isobar,2.0,263.8888888888889,0.010077440901408517
PerplexDEW (Davies),isobar,2.0,269.44444444444446,
PerplexDEW (Davies),isobar,2.0,275.0,
PerplexDEW (Davies),isobar,2.0,280.55555555555554,0.01228157817000643
PerplexDEW (Davies),isobar,2.0,286.1111111111111,0.013097002035365297
PerplexDEW (Davies),isobar,2.0,291.66666666666663,0.013955203167713464
PerplexDEW (Davies),isobar,2.0,297.22222222222223,0.014857635990413584
PerplexDEW (Davies),isobar,2.0,302.77777777777777,0.015805761877040626
PerplexDEW (Davies),isobar,2.0,308.3333333333333,0.01680102851203712
PerplexDEW (Davies),isobar,2.0,313.8888888888889,0.01784487954590615
PerplexDEW (Davies),isobar,2.0,319.44444444444446,0.018938745518773715
PerplexDEW (Davies),isobar,2.0,325.0,0.020084034447399576
PerplexDEW (Davies),isobar,2.0,330.55555555555554,0.021282141394721833
PerplexDEW (Davies),isobar,2.0,336.1111111111111,0.02253442153950788
PerplexDEW (Davies),isobar,2.0,341.66666666666663,0.023842204823386857
PerplexDEW (Davies),isobar,2.0,347.22222222222223,0.025206790370486638
PerplexDEW (Davies),isobar,2.0,352.77777777777777,0.026629422425462537
PerplexDEW (Davies),isobar,2.0,358.3333333333333,0.028111310251229215
PerplexDEW (Davies),isobar,2.0,363.8888888888889,0.029653603363420426
PerplexDEW (Davies),isobar,2.0,369.44444444444446,0.031257391917782505
PerplexDEW (Davies),isobar,2.0,375.0,0.03292370995425615
PerplexDEW (Davies),isobar,2.0,380.55555555555554,0.034653513083755895
PerplexDEW (Davies),isobar,2.0,386.1111111111111,0.036447700579764424
PerplexDEW (Davies),isobar,2.0,391.66666666666663,0.038307083027359
PerplexDEW (Davies),isobar,2.0,397.22222222222223,0.040232373434689495
PerplexDEW (Davies),isobar,2.0,402.77777777777777,0.04222421502505229
PerplexDEW (Davies),isobar,2.0,408.3333333333333,0.04428316968208972
PerplexDEW (Davies),isobar,2.0,413.8888888888889,0.04640966079273958
PerplexDEW (Davies),isobar,2.0,419.44444444444446,0.04860405950204971
PerplexDEW (Davies),isobar,2.0,425.0,0.050866586611056065
PerplexDEW (Davies),isobar,2.0,430.55555555555554,0.053197377742305124
PerplexDEW (Davies),isobar,2.0,436.1111111111111,0.055596470303476996
PerplexDEW (Davies),isobar,2.0,441.66666666666663,0.058063748526641645
PerplexDEW (Davies),isobar,2.0,447.22222222222223,0.06059902800824289
PerplexDEW (Davies),isobar,2.0,452.77777777777777,0.06320196420018759
PerplexDEW (Davies),isobar,2.0,458.3333333333333,0.06587212650111379
PerplexDEW (Davies),isobar,2.0,463.88888888888886,0.06860896104723058
PerplexDEW (Davies),isobar,2.0,469.44444444444446,0.07141176464281283
PerplexDEW (Davies),isobar,2.0,475.0,0.0742797804148948
PerplexDEW (Davies),isobar,2.0,480.55555555555554,0.07721208115637787
PerplexDEW (Davies),isobar,2.0,486.1111111111111,0.08020764186165509
PerplexDEW (Davies),isobar,2.0,491.66666666666663,0.08326537770490704
PerplexDEW (Davies),isobar,2.0,497.22222222222223,0.08638403400067199
PerplexDEW (Davies),isobar,2.0,502.77777777777777,0.08956230659115333
PerplexDEW (Davies),isobar,2.0,508.3333333333333,0.09279879101884442
PerplexDEW (Davies),isobar,2.0,513.8888888888889,0.09609202359323225
PerplexDEW (Davies),isobar,2.0,519.4444444444445,0.09944037941266305
PerplexDEW (Davies),isobar,2.0,525.0,0.10284230269357797
PerplexDEW (Davies),isobar,2.0,530.5555555555555,0.10629609630490928
PerplexDEW (Davies),isobar,2.0,536.1111111111111,0.10979999915296333
PerplexDEW (Davies),isobar,2.0,541.6666666666666,0.11335233363255948
PerplexDEW (Davies),isobar,2.0,547.2222222222222,0.11695125406748999
PerplexDEW (Davies),isobar,2.0,552.7777777777778,0.12059502987280371
PerplexDEW (Davies),isobar,2.0,558.3333333333333,0.12428182328073233
PerplexDEW (Davies),isobar,2.0,563.8888888888889,0.12800984440526383
PerplexDEW (Davies),isobar,2.0,569.4444444444445,0.1317774323995317
PerplexDEW (Davies),isobar,2.0,575.0,0.13558279013622082
PerplexDEW (Davies),isobar,2.0,580.5555555555555,0.13942427486034598
PerplexDEW (Davies),isobar,2.0,586.1111111111111,0.1433004367531294
PerplexDEW (Davies),isobar,2.0,591.6666666666666,0.14720951244420377
PerplexDEW (Davies),isobar,2.0,597.2222222222222,0.15115014025295256
PerplexDEW (Davies),isobar,2.0,602.7777777777778,0.1551209985709213
PerplexDEW (Davies),isobar,2.0,608.3333333333333,0.15912080625790656
PerplexDEW (Davies),isobar,2.0,613.8888888888889,0.16314840208869602
PerplexDEW (Davies),isobar,2.0,619.4444444444445,0.16720259225250658
PerplexDEW (Davies),isobar,2.0,625.0,0.17128273667301672
PerplexDEW (Davies),isobar,2.0,630.5555555555555,0.17538776773395764
PerplexDEW (Davies),isobar,2.0,636.1111111111111,0.17951692606378666
PerplexDEW (Davies),isobar,2.0,641.6666666666666,0.18366980512444642
PerplexDEW (Davies),isobar,2.0,647.2222222222222,0.18784599916601472
PerplexDEW (Davies),isobar,2.0,652.7777777777778,0.19204487497861833
PerplexDEW (Davies),isobar,2.0,658.3333333333333,0.1962663664313223
PerplexDEW (Davies),isobar,2.0,663.8888888888889,0.20051017285905887
PerplexDEW (Davies),isobar,2.0,669.4444444444443,0.2047766099974804
PerplexDEW (Davies),isobar,2.0,675.0,0.20906551423231948
PerplexDEW (Davies),isobar,2.0,680.5555555555555,0.21337711327026715
PerplexDEW (Davies),isobar,2.0,686.1111111111111,0.21771156908808378
PerplexDEW (Davies),isobar,2.0,691.6666666666666,0.2220692061296288
PerplexDEW (Davies),isobar,2.0,697.2222222222222,0.22645078692367765
PerplexDEW (Davies),isobar,2.0,702.7777777777777,0.23085617691276067
PerplexDEW (Davies),isobar,2.0,708.3333333333333,0.23528646536297468
PerplexDEW (Davies),isobar,2.0,713.8888888888889,0.23974208321421867
PerplexDEW (Davies),isobar,2.0,719.4444444444445,0.24422358787950815
PerplexDEW (Davies),isobar,2.0,725.0,0.2487316675921867
PerplexDEW (Davies),isobar,4.35,592.5,0.23867817488829957
PerplexDEW (Davies),isobar,4.35,594.1666666666666,0.24124105875247576
PerplexDEW (Davies),isobar,4.35,595.8333333333334,0.24382283361465532
PerplexDEW (Davies),isobar,4.35,597.5,0.24642365488190232
PerplexDEW (Davies),isobar,4.35,599.1666666666666,0.24904347137735466
PerplexDEW (Davies),isobar,4.35,600.8333333333334,0.2516824045621722
PerplexDEW (Davies),isobar,4.35,602.5,0.25434050686534077
PerplexDEW (Davies),isobar,4.35,604.1666666666666,0.25701783035788545
PerplexDEW (Davies),isobar,4.35,605.8333333333334,0.259714426759195
PerplexDEW (Davies),isobar,4.35,607.5,0.26243034744342275
PerplexDEW (Davies),isobar,4.35,609.1666666666666,0.26516564344616367
PerplexDEW (Davies),isobar,4.35,610.8333333333334,0.26792036547144626
PerplexDEW (Davies),isobar,4.35,612.5,0.2706946029554865
PerplexDEW (Davies),isobar,4.35,614.1666666666666,0.2734883679039381
PerplexDEW (Davies),isobar,4.35,615.8333333333334,0.27630175014715663
PerplexDEW (Davies),isobar,4.35,617.5,0.2791348006835117
PerplexDEW (Davies),isobar,4.35,619.1666666666666,0.2819875291629474
PerplexDEW (Davies),isobar,4.35,620.8333333333334,0.2848601093313121
PerplexDEW (Davies),isobar,4.35,622.5,0.28775242603418005
PerplexDEW (Davies),isobar,4.35,624.1666666666666,0.29066465410242115
PerplexDEW (Davies),isobar,4.35,625.8333333333334,0.29359680171064634
PerplexDEW (Davies),isobar,4.35,627.5,0.2965489621721567
PerplexDEW (Davies),isobar,4.35,629.1666666666666,0.29952118649485493
PerplexDEW (Davies),isobar,4.35,630.8333333333334,0.3025134806788145
PerplexDEW (Davies),isobar,4.35,632.5,0.30552593915040327
PerplexDEW (Davies),isobar,4.35,634.1666666666666,0.3085586124523234
PerplexDEW (Davies),isobar,4.35,635.8333333333334,0.3116115510005305
PerplexDEW (Davies),isobar,4.35,637.5,0.3146848050960955
PerplexDEW (Davies),isobar,4.35,639.1666666666666,0.3177784249372618
PerplexDEW (Davies),isobar,4.35,640.8333333333334,0.3208925089219466
PerplexDEW (Davies),isobar,4.35,642.5,0.3240270599785913
PerplexDEW (Davies),isobar,4.35,644.1666666666666,0.3271821280899294
PerplexDEW (Davies),isobar,4.35,645.8333333333334,0.3303578132782885
PerplexDEW (Davies),isobar,4.35,647.5,0.3335541672738085
PerplexDEW (Davies),isobar,4.35,649.1666666666666,0.3367712418187108
PerplexDEW (Davies),isobar,4.35,650.8333333333334,0.3400090886816092
PerplexDEW (Davies),isobar,4.35,652.5,0.34326770709276583
PerplexDEW (Davies),isobar,4.35,654.1666666666666,0.34654725343842746
PerplexDEW (Davies),isobar,4.35,655.8333333333334,0.3498477815679447
PerplexDEW (Davies),isobar,4.35,657.5,0.3531692364318252
PerplexDEW (Davies),isobar,4.35,659.1666666666666,0.35651177853996247
PerplexDEW (Davies),isobar,4.35,660.8333333333334,0.35987546212509786
PerplexDEW (Davies),isobar,4.35,662.5,0.3632602285866833
PerplexDEW (Davies),isobar,4.35,664.1666666666666,0.3666663571797909
PerplexDEW (Davies),isobar,4.35,665.8333333333334,0.3700936753132133
PerplexDEW (Davies),isobar,4.35,667.5,0.3735424095360117
PerplexDEW (Davies),isobar,4.35,669.1666666666666,0.3770125579171253
PerplexDEW (Davies),isobar,4.35,670.8333333333334,0.3805041160076436
PerplexDEW (Davies),isobar,4.35,672.5,0.38401731946863527
PerplexDEW (Davies),isobar,4.35,674.1666666666666,0.387552044508613
PerplexDEW (Davies),isobar,4.35,675.8333333333334,0.39110840748274256
PerplexDEW (Davies),isobar,4.35,677.5,0.3946865908191143
PerplexDEW (Davies),isobar,4.35,679.1666666666666,0.3982865288655655
PerplexDEW (Davies),isobar,4.35,680.8333333333334,0.40190827911971116
PerplexDEW (Davies),isobar,4.35,682.5,0.4055520296586586
PerplexDEW (Davies),isobar,4.35,684.1666666666666,0.40921764578883263
PerplexDEW (Davies),isobar,4.35,685.8333333333334,0.41290538385875053
PerplexDEW (Davies),isobar,4.35,687.5,0.41661524033650243
PerplexDEW (Davies),isobar,4.35,689.1666666666666,0.4203472773021981
PerplexDEW (Davies),isobar,4.35,690.8333333333334,0.42410155737481764
PerplexDEW (Davies),isobar,4.35,692.5,0.4278781437335353
PerplexDEW (Davies),isobar,4.35,694.1666666666666,0.43167717074273176
PerplexDEW (Davies),isobar,4.35,695.8333333333334,0.43549870522407247
PerplexDEW (Davies),isobar,4.35,697.5,0.43934267017396894
PerplexDEW (Davies),isobar,4.35,699.1666666666666,0.4432092749442597
PerplexDEW (Davies),isobar,4.35,700.8333333333334,0.4470985884001156
PerplexDEW (Davies),isobar,4.35,702.5,0.451010680150709
PerplexDEW (Davies),isobar,4.35,704.1666666666666,0.45494562057273047
PerplexDEW (Davies),isobar,4.35,705.8333333333334,0.4589033278045603
PerplexDEW (Davies),isobar,4.35,707.5,0.4628841781309755
PerplexDEW (Davies),isobar,4.35,709.1666666666666,0.4668880148034745
PerplexDEW (Davies),isobar,4.35,710.8333333333334,0.47091498799677267
PerplexDEW (Davies),isobar,4.35,712.5,0.4749652523445769
PerplexDEW (Davies),isobar,4.35,714.1666666666666,0.47903880505329677
PerplexDEW (Davies),isobar,4.35,715.8333333333334,0.4831357225497968
PerplexDEW (Davies),isobar,4.35,717.5,0.4872560822242802
PerplexDEW (Davies),isobar,4.35,719.1666666666666,0.4914001300663947
PerplexDEW (Davies),isobar,4.35,720.8333333333334,0.4955676121555238
PerplexDEW (Davies),isobar,4.35,722.5,0.4997589460932207
PerplexDEW (Davies),isobar,4.35,724.1666666666667,0.5039742192207881
PerplexDEW (Davies),isobar,4.35,725.8333333333334,0.5082132570494606
PerplexDEW (Davies),isobar,4.35,727.5,0.5124763177772691
PerplexDEW (Davies),isobar,4.35,729.1666666666667,0.5167634893627638
PerplexDEW (Davies),isobar,4.35,730.8333333333334,0.5210748609990731
PerplexDEW (Davies),isobar,4.35,732.5,0.5254105231419206
PerplexDEW (Davies),isobar,4.35,734.1666666666667,0.5297705675374828
PerplexDEW (Davies),isobar,4.35,735.8333333333334,0.5341550872507098
PerplexDEW (Davies),isobar,4.35,737.5,0.5385641766936987
PerplexDEW (Davies),isobar,4.35,739.1666666666667,0.5429980275859727
PerplexDEW (Davies),isobar,4.35,740.8333333333334,0.5474565463373073
PerplexDEW (Davies),isobar,4.35,742.5,0.5519400245404167
PerplexDEW (Davies),isobar,4.35,744.1666666666667,0.5564485655951733
PerplexDEW (Davies),isobar,4.35,745.8333333333334,0.5609821741393639
PerplexDEW (Davies),isobar,4.35,747.5,0.5655410547975287
PerplexDEW (Davies),isobar,4.35,749.1666666666667,0.5701252131212995
PerplexDEW (Davies),isobar,4.35,750.8333333333334,0.5747347554531497
PerplexDEW (Davies),isobar,4.35,752.5,0.5793698946556659
PerplexDEW (Davies),isobar,4.35,754.1666666666667,0.5840307438561647
PerplexDEW (Davies),isobar,4.35,755.8333333333334,0.5887174179308036
PerplexDEW (Davies),isobar,4.35,757.5,0.5934299250589358
PerplexDEW (Davies),isobar,5.0,485.0,0.11672264096852976
PerplexDEW (Davies),isobar,5.0,488.3333333333333,0.11989706155820672
PerplexDEW (Davies),isobar,5.0,491.6666666666667,0.12313623749769471
PerplexDEW (Davies),isobar,5.0,495.0,0.12644091946506084
PerplexDEW (Davies),isobar,5.0,498.3333333333333,0.129811870256956
PerplexDEW (Davies),isobar,5.0,501.6666666666667,0.1332498210367303
PerplexDEW (Davies),isobar,5.0,505.0,0.1367555139887594
PerplexDEW (Davies),isobar,5.0,508.3333333333333,0.14032968825838452
PerplexDEW (Davies),isobar,5.0,511.6666666666667,0.1439730966274937
PerplexDEW (Davies),isobar,5.0,515.0,0.14768645619886336
PerplexDEW (Davies),isobar,5.0,518.3333333333334,0.15147049662184237
PerplexDEW (Davies),isobar,5.0,521.6666666666666,0.15532592596892336
PerplexDEW (Davies),isobar,5.0,525.0,0.15925350340112318
PerplexDEW (Davies),isobar,5.0,528.3333333333334,0.1632539309339722
PerplexDEW (Davies),isobar,5.0,531.6666666666666,0.16732792507471922
PerplexDEW (Davies),isobar,5.0,535.0,0.17147617851314684
PerplexDEW (Davies),isobar,5.0,538.3333333333334,0.17569942065462557
PerplexDEW (Davies),isobar,5.0,541.6666666666666,0.1799983583503424
PerplexDEW (Davies),isobar,5.0,545.0,0.18437367299506005
PerplexDEW (Davies),isobar,5.0,548.3333333333334,0.18882606349960862
PerplexDEW (Davies),isobar,5.0,551.6666666666666,0.19335624954282324
PerplexDEW (Davies),isobar,5.0,555.0,0.19796490198891292
PerplexDEW (Davies),isobar,5.0,558.3333333333334,0.20265271148794983
PerplexDEW (Davies),isobar,5.0,561.6666666666666,0.20742036627217347
PerplexDEW (Davies),isobar,5.0,565.0,0.21226852590804918
PerplexDEW (Davies),isobar,5.0,568.3333333333334,0.21719789945609888
PerplexDEW (Davies),isobar,5.0,571.6666666666666,0.22220916923185194
PerplexDEW (Davies),isobar,5.0,575.0,0.22730295871887538
PerplexDEW (Davies),isobar,5.0,578.3333333333334,0.2324800020210936
PerplexDEW (Davies),isobar,5.0,581.6666666666666,0.2377409175140575
PerplexDEW (Davies),isobar,5.0,585.0,0.24308644110962987
PerplexDEW (Davies),isobar,5.0,588.3333333333334,0.24851715547748723
PerplexDEW (Davies),isobar,5.0,591.6666666666666,0.2540337975222549
PerplexDEW (Davies),isobar,5.0,595.0,0.2596370106988654
PerplexDEW (Davies),isobar,5.0,598.3333333333334,0.2653274707792323
PerplexDEW (Davies),isobar,5.0,601.6666666666666,0.271105855264218
PerplexDEW (Davies),isobar,5.0,605.0,0.27697277111507407
PerplexDEW (Davies),isobar,5.0,608.3333333333334,0.2829289700269871
PerplexDEW (Davies),isobar,5.0,611.6666666666666,0.2889750613883486
PerplexDEW (Davies),isobar,5.0,615.0,0.295111768814086
PerplexDEW (Davies),isobar,5.0,618.3333333333334,0.3013397842575278
PerplexDEW (Davies),isobar,5.0,621.6666666666667,0.30765972240296546
PerplexDEW (Davies),isobar,5.0,625.0,0.31407232305586025
PerplexDEW (Davies),isobar,5.0,628.3333333333334,0.3205782501235159
PerplexDEW (Davies),isobar,5.0,631.6666666666667,0.32717826014828616
PerplexDEW (Davies),isobar,5.0,635.0,0.3338729854965042
PerplexDEW (Davies),isobar,5.0,638.3333333333334,0.34066315276676284
PerplexDEW (Davies),isobar,5.0,641.6666666666667,0.3475494988874691
PerplexDEW (Davies),isobar,5.0,645.0,0.3545327721346076
PerplexDEW (Davies),isobar,5.0,648.3333333333334,0.36161373319506407
PerplexDEW (Davies),isobar,5.0,651.6666666666667,0.3687930527796798
PerplexDEW (Davies),isobar,5.0,655.0,0.3760715651346291
PerplexDEW (Davies),isobar,5.0,658.3333333333334,0.38345001662191064
PerplexDEW (Davies),isobar,5.0,661.6666666666667,0.3909292209045391
PerplexDEW (Davies),isobar,5.0,665.0,0.39851000974245965
PerplexDEW (Davies),isobar,5.0,668.3333333333334,0.40619311751281645
PerplexDEW (Davies),isobar,5.0,671.6666666666667,0.4139794077407078
PerplexDEW (Davies),isobar,5.0,675.0,0.42186982715590227
PerplexDEW (Davies),isobar,5.0,678.3333333333334,0.42986522630280566
PerplexDEW (Davies),isobar,5.0,681.6666666666667,0.4379664105547791
PerplexDEW (Davies),isobar,5.0,685.0,0.44617439694519306
PerplexDEW (Davies),isobar,5.0,688.3333333333334,0.4544901692481128
PerplexDEW (Davies),isobar,5.0,691.6666666666667,0.4629146029506514
PerplexDEW (Davies),isobar,5.0,695.0,0.4714487331720939
PerplexDEW (Davies),isobar,5.0,698.3333333333334,0.4800937002718092
PerplexDEW (Davies),isobar,5.0,701.6666666666667,0.48885039001994496
PerplexDEW (Davies),isobar,5.0,705.0,0.4977200073022139
PerplexDEW (Davies),isobar,5.0,708.3333333333334,0.5067036472090262
PerplexDEW (Davies),isobar,5.0,711.6666666666667,0.5158025174746075
PerplexDEW (Davies),isobar,5.0,715.0,0.5250177869130466
PerplexDEW (Davies),isobar,5.0,718.3333333333334,0.53435066125014
PerplexDEW (Davies),isobar,5.0,721.6666666666667,0.5438024701676323
PerplexDEW (Davies),isobar,5.0,725.0,0.5533745919857094
PerplexDEW (Davies),isobar,5.0,728.3333333333334,0.5630682774409176
PerplexDEW (Davies),isobar,5.0,731.6666666666667,0.5728849966921483
PerplexDEW (Davies),isobar,5.0,735.0,0.5828262752968236
PerplexDEW (Davies),isobar,5.0,738.3333333333334,0.5928936010199627
PerplexDEW (Davies),isobar,5.0,741.6666666666667,0.6030885132210458
PerplexDEW (Davies),isobar,5.0,745.0,0.6134126050514122
PerplexDEW (Davies),isobar,5.0,748.3333333333334,0.62386773112695
PerplexDEW (Davies),isobar,5.0,751.6666666666667,0.6344554032651076
PerplexDEW (Davies),isobar,5.0,755.0,0.645177712929326
PerplexDEW (Davies),isobar,5.0,758.3333333333334,0.6560362943945232
PerplexDEW (Davies),isobar,5.0,761.6666666666667,0.6670332789059293
PerplexDEW (Davies),isobar,5.0,765.0,0.6781705412184535
PerplexDEW (Davies),isobar,5.0,768.3333333333334,0.6894501352046851
PerplexDEW (Davies),isobar,5.0,771.6666666666667,0.7008745520133013
PerplexDEW (Davies),isobar,5.0,775.0,0.7124456507623628
PerplexDEW (Davies),isobar,5.0,778.3333333333334,0.7241659704680264
PerplexDEW (Davies),isobar,5.0,781.6666666666667,0.7360378971225338
PerplexDEW (Davies),isobar,5.0,785.0,0.7480637700006059
PerplexDEW (Davies),isobar,5.0,788.3333333333334,0.7602465500770001
PerplexDEW (Davies),isobar,5.0,791.6666666666667,0.772588492269821
PerplexDEW (Davies),isobar,5.0,795.0,0.7850927653780274
PerplexDEW (Davies),isobar,5.0,798.3333333333334,0.7977619458675245
PerplexDEW (Davies),isobar,5.0,801.6666666666667,0.8105992849744781
PerplexDEW (Davies),isobar,5.0,805.0,0.8236077075624781
PerplexDEW (Davies),isobar,5.0,808.3333333333334,0.8367905484492923
PerplexDEW (Davies),isobar,5.0,811.6666666666667,0.8501509481102765
PerplexDEW (Davies),isobar,5.0,815.0,0.863692479060185
PerplexDEW (Davies),isobar,6.5,750.0,0.7409108970742347
PerplexDEW (Davies),isobar,6.5,751.010101010101,0.7449683850334006
PerplexDEW (Davies),isobar,6.5,752.020202020202,0.7490449594477223
PerplexDEW (Davies),isobar,6.5,753.030303030303,0.7531407455020224
PerplexDEW (Davies),isobar,6.5,754.040404040404,0.7572558700086249
PerplexDEW (Davies),isobar,6.5,755.0505050505051,0.7613904614291548
PerplexDEW (Davies),isobar,6.5,756.060606060606,0.7655447597410443
PerplexDEW (Davies),isobar,6.5,757.070707070707,0.7697186779351215
PerplexDEW (Davies),isobar,6.5,758.0808080808081,0.7739125701120283
PerplexDEW (Davies),isobar,6.5,759.0909090909091,0.7781264617327908
PerplexDEW (Davies),isobar,6.5,760.10101010101,0.7823604898650957
PerplexDEW (Davies),isobar,6.5,761.1111111111111,0.786614907552143
PerplexDEW (Davies),isobar,6.5,762.1212121212121,0.79088962796938
PerplexDEW (Davies),isobar,6.5,763.1313131313132,0.7951850229017325
PerplexDEW (Davies),isobar,6.5,764.1414141414141,0.7995011225355102
PerplexDEW (Davies),isobar,6.5,765.1515151515151,0.8038380731279522
PerplexDEW (Davies),isobar,6.5,766.1616161616162,0.8081960228417334
PerplexDEW (Davies),isobar,6.5,767.1717171717172,0.8125752414491699
PerplexDEW (Davies),isobar,6.5,768.1818181818181,0.8169757632090635
PerplexDEW (Davies),isobar,6.5,769.1919191919192,0.821397742176044
PerplexDEW (Davies),isobar,6.5,770.2020202020202,0.8258413344102297
PerplexDEW (Davies),isobar,6.5,771.2121212121212,0.8303068215204766
PerplexDEW (Davies),isobar,6.5,772.2222222222222,0.8347942421035384
PerplexDEW (Davies),isobar,6.5,773.2323232323232,0.839303758420115
PerplexDEW (Davies),isobar,6.5,774.2424242424242,0.843835534840834
PerplexDEW (Davies),isobar,6.5,775.2525252525253,0.8483898653794857
PerplexDEW (Davies),isobar,6.5,776.2626262626262,0.8529667932444367
PerplexDEW (Davies),isobar,6.5,777.2727272727273,0.8575664893277876
PerplexDEW (Davies),isobar,6.5,778.2828282828283,0.8621891267401534
PerplexDEW (Davies),isobar,6.5,779.2929292929293,0.8668350124931437
PerplexDEW (Davies),isobar,6.5,780.3030303030303,0.8715041946893483
PerplexDEW (Davies),isobar,6.5,781.3131313131313,0.8761968532941606
PerplexDEW (Davies),isobar,6.5,782.3232323232323,0.8809133054805869
PerplexDEW (Davies),isobar,6.5,783.3333333333334,0.8856534672486059
PerplexDEW (Davies),isobar,6.5,784.3434343434343,0.8904179335926945
PerplexDEW (Davies),isobar,6.5,785.3535353535353,0.8952064860959584
PerplexDEW (Davies),isobar,6.5,786.3636363636364,0.9000195920023373
PerplexDEW (Davies),isobar,6.5,787.3737373737374,0.9048573086929859
PerplexDEW (Davies),isobar,6.5,788.3838383838383,0.9097198331365807
PerplexDEW (Davies),isobar,6.5,789.3939393939394,0.9146075076245163
PerplexDEW (Davies),isobar,6.5,790.4040404040404,0.9195203938045714
PerplexDEW (Davies),isobar,6.5,791.4141414141415,0.9244588415411228
PerplexDEW (Davies),isobar,6.5,792.4242424242424,0.9294227690865572
PerplexDEW (Davies),isobar,6.5,793.4343434343434,0.9344126779776647
PerplexDEW (Davies),isobar,6.5,794.4444444444445,0.9394287846033594
PerplexDEW (Davies),isobar,6.5,795.4545454545455,0.9444710080997355
PerplexDEW (Davies),isobar,6.5,796.4646464646464,0.9495400168319543
PerplexDEW (Davies),isobar,6.5,797.4747474747475,0.9546355817846633
PerplexDEW (Davies),isobar,6.5,798.4848484848485,0.9597582307138358
PerplexDEW (Davies),isobar,6.5,799.4949494949495,0.9649080391400738
PerplexDEW (Davies),isobar,6.5,800.5050505050505,0.9700852367615003
PerplexDEW (Davies),isobar,6.5,801.5151515151515,0.9752902139515544
PerplexDEW (Davies),isobar,6.5,802.5252525252525,0.9805230512251167
PerplexDEW (Davies),isobar,6.5,803.5353535353536,0.9857841476448796
PerplexDEW (Davies),isobar,6.5,804.5454545454545,0.9910735871753928
PerplexDEW (Davies),isobar,6.5,805.5555555555555,0.99639161459713
PerplexDEW (Davies),isobar,6.5,806.5656565656566,1.0017386423617183
PerplexDEW (Davies),isobar,6.5,807.5757575757576,1.0071147597482688
PerplexDEW (Davies),isobar,6.5,808.5858585858585,1.0125203884063703
PerplexDEW (Davies),isobar,6.5,809.5959595959596,1.0179556212829302
PerplexDEW (Davies),isobar,6.5,810.6060606060606,1.023420719142708
PerplexDEW (Davies),isobar,6.5,811.6161616161617,1.0289161178061
PerplexDEW (Davies),isobar,6.5,812.6262626262626,1.0344419158647646
PerplexDEW (Davies),isobar,6.5,813.6363636363636,1.0399983841145306
PerplexDEW (Davies),isobar,6.5,814.6464646464647,1.0455859730349109
PerplexDEW (Davies),isobar,6.5,815.6565656565657,1.0512049648828254
PerplexDEW (Davies),isobar,6.5,816.6666666666666,1.0568552867521233
PerplexDEW (Davies),isobar,6.5,817.6767676767677,1.0625375805656188
PerplexDEW (Davies),isobar,6.5,818.6868686868687,1.0682521393524005
PerplexDEW (Davies),isobar,6.5,819.6969696969697,1.0739990757034696
PerplexDEW (Davies),isobar,6.5,820.7070707070707,1.0797786852261426
PerplexDEW (Davies),isobar,6.5,821.7171717171717,1.0855914546299958
PerplexDEW (Davies),isobar,6.5,822.7272727272727,1.0914375028392063
PerplexDEW (Davies),isobar,6.5,823.7373737373738,1.097317327457228
PerplexDEW (Davies),isobar,6.5,824.7474747474747,1.1032310517677124
PerplexDEW (Davies),isobar,6.5,825.7575757575758,1.1091791845150973
PerplexDEW (Davies),isobar,6.5,826.7676767676768,1.1151616575069578
PerplexDEW (Davies),isobar,6.5,827.7777777777778,1.121179380984331
PerplexDEW (Davies),isobar,6.5,828.7878787878788,1.1272322930502048
PerplexDEW (Davies),isobar,6.5,829.7979797979798,1.1333207242139884
PerplexDEW (Davies),isobar,6.5,830.8080808080808,1.1394452121572247
PerplexDEW (Davies),isobar,6.5,831.8181818181819,1.1456058961579068
PerplexDEW (Davies),isobar,6.5,832.8282828282828,1.1518033259445315
PerplexDEW (Davies),isobar,6.5,833.8383838383838,1.1580376455961112
PerplexDEW (Davies),isobar,6.5,834.8484848484849,1.164309206545525
PerplexDEW (Davies),isobar,6.5,835.8585858585859,1.1706185770686426
PerplexDEW (Davies),isobar,6.5,836.8686868686868,1.176966123104084
PerplexDEW (Davies),isobar,6.5,837.8787878787879,1.1833519986362424
PerplexDEW (Davies),isobar,6.5,838.8888888888889,1.1897765727018368
PerplexDEW (Davies),isobar,6.5,839.89898989899,1.1962404393328945
PerplexDEW (Davies),isobar,6.5,840.9090909090909,1.2027437601758098
PerplexDEW (Davies),isobar,6.5,841.9191919191919,1.2092871425754836
PerplexDEW (Davies),isobar,6.5,842.929292929293,1.2158707534383868
PerplexDEW (Davies),isobar,6.5,843.939393939394,1.2224952137202123
PerplexDEW (Davies),isobar,6.5,844.9494949494949,1.2291606956924037
PerplexDEW (Davies),isobar,6.5,845.959595959596,1.2358678342256093
PerplexDEW (Davies),isobar,6.5,846.969696969697,1.242616807061249
PerplexDEW (Davies),isobar,6.5,847.9797979797979,1.249408025683357
PerplexDEW (Davies),isobar,6.5,848.989898989899,1.2562421463794233
PerplexDEW (Davies),isobar,6.5,850.0,1.2631195974039613
PerplexDEW (Davies),isobar,7.0,650.0,0.4339223666116977
PerplexDEW (Davies),isobar,7.0,651.010101010101,0.4366358540235686
PerplexDEW (Davies),isobar,7.0,652.020202020202,0.4393621227625708
PerplexDEW (Davies),isobar,7.0,653.030303030303,0.44210111914940453
PerplexDEW (Davies),isobar,7.0,654.040404040404,0.44485299196537503
PerplexDEW (Davies),isobar,7.0,655.0505050505051,0.44761773848889497
PerplexDEW (Davies),isobar,7.0,656.060606060606,0.45039540693287755
PerplexDEW (Davies),isobar,7.0,657.070707070707,0.45318604594068373
PerplexDEW (Davies),isobar,7.0,658.0808080808081,0.45598970459447596
PerplexDEW (Davies),isobar,7.0,659.0909090909091,0.45880645904738365
PerplexDEW (Davies),isobar,7.0,660.10101010101,0.46163633306299623
PerplexDEW (Davies),isobar,7.0,661.1111111111111,0.46447940412260685
PerplexDEW (Davies),isobar,7.0,662.1212121212121,0.4673356693044511
PerplexDEW (Davies),isobar,7.0,663.1313131313132,0.4702052342796231
PerplexDEW (Davies),isobar,7.0,664.1414141414141,0.47308815157065487
PerplexDEW (Davies),isobar,7.0,665.1515151515151,0.4759844185093392
PerplexDEW (Davies),isobar,7.0,666.1616161616162,0.47889417157028735
PerplexDEW (Davies),isobar,7.0,667.1717171717172,0.4818174089169814
PerplexDEW (Davies),isobar,7.0,668.1818181818181,0.48475418452750013
PerplexDEW (Davies),isobar,7.0,669.1919191919192,0.4877045529198373
PerplexDEW (Davies),isobar,7.0,670.2020202020202,0.4906686269886376
PerplexDEW (Davies),isobar,7.0,671.2121212121212,0.4936463471424389
PerplexDEW (Davies),isobar,7.0,672.2222222222222,0.4966379150230199
PerplexDEW (Davies),isobar,7.0,673.2323232323232,0.4996433006830386
PerplexDEW (Davies),isobar,7.0,674.2424242424242,0.5026625317150603
PerplexDEW (Davies),isobar,7.0,675.2525252525253,0.5056957554807199
PerplexDEW (Davies),isobar,7.0,676.2626262626262,0.5087430319257661
PerplexDEW (Davies),isobar,7.0,677.2727272727273,0.5118042997700478
PerplexDEW (Davies),isobar,7.0,678.2828282828283,0.5148797402995767
PerplexDEW (Davies),isobar,7.0,679.2929292929293,0.5179693535533596
PerplexDEW (Davies),isobar,7.0,680.3030303030303,0.5210732630256067
PerplexDEW (Davies),isobar,7.0,681.3131313131313,0.5241914377911822
PerplexDEW (Davies),isobar,7.0,682.3232323232323,0.5273240345648063
PerplexDEW (Davies),isobar,7.0,683.3333333333334,0.530471022405259
PerplexDEW (Davies),isobar,7.0,684.3434343434343,0.533632560849271
PerplexDEW (Davies),isobar,7.0,685.3535353535353,0.5368086513110183
PerplexDEW (Davies),isobar,7.0,686.3636363636364,0.5399994243611319
PerplexDEW (Davies),isobar,7.0,687.3737373737374,0.543204881946641
PerplexDEW (Davies),isobar,7.0,688.3838383838383,0.5464251571292182
PerplexDEW (Davies),isobar,7.0,689.3939393939394,0.5496601857776561
PerplexDEW (Davies),isobar,7.0,690.4040404040404,0.552910236309284
PerplexDEW (Davies),isobar,7.0,691.4141414141415,0.5561751780458085
PerplexDEW (Davies),isobar,7.0,692.4242424242424,0.5594552158713185
PerplexDEW (Davies),isobar,7.0,693.4343434343434,0.5627504222187718
PerplexDEW (Davies),isobar,7.0,694.4444444444445,0.5660608011959973
PerplexDEW (Davies),isobar,7.0,695.4545454545455,0.5693864254134735
PerplexDEW (Davies),isobar,7.0,696.4646464646464,0.5727274385743341
PerplexDEW (Davies),isobar,7.0,697.4747474747475,0.5760839166151965
PerplexDEW (Davies),isobar,7.0,698.4848484848485,0.5794558294626803
PerplexDEW (Davies),isobar,7.0,699.4949494949495,0.5828433602286068
PerplexDEW (Davies),isobar,7.0,700.5050505050505,0.5862465514522063
PerplexDEW (Davies),isobar,7.0,701.5151515151515,0.5896654455497735
PerplexDEW (Davies),isobar,7.0,702.5252525252525,0.5931001949878256
PerplexDEW (Davies),isobar,7.0,703.5353535353536,0.596550807402897
PerplexDEW (Davies),isobar,7.0,704.5454545454545,0.600017438340104
PerplexDEW (Davies),isobar,7.0,705.5555555555555,0.603500096345676
PerplexDEW (Davies),isobar,7.0,706.5656565656566,0.6069989401253166
PerplexDEW (Davies),isobar,7.0,707.5757575757576,0.6105139791828238
PerplexDEW (Davies),isobar,7.0,708.5858585858585,0.6140453754685722
PerplexDEW (Davies),isobar,7.0,709.5959595959596,0.6175932169059029
PerplexDEW (Davies),isobar,7.0,710.6060606060606,0.6211575145343361
PerplexDEW (Davies),isobar,7.0,711.6161616161617,0.6247384353404893
PerplexDEW (Davies),isobar,7.0,712.6262626262626,0.6283359914468571
PerplexDEW (Davies),isobar,7.0,713.6363636363636,0.6319503533042827
PerplexDEW (Davies),isobar,7.0,714.6464646464647,0.6355815341702842
PerplexDEW (Davies),isobar,7.0,715.6565656565657,0.6392297080515245
PerplexDEW (Davies),isobar,7.0,716.6666666666666,0.6428948893941886
PerplexDEW (Davies),isobar,7.0,717.6767676767677,0.6465773380758727
PerplexDEW (Davies),isobar,7.0,718.6868686868687,0.650276905967225
PerplexDEW (Davies),isobar,7.0,719.6969696969697,0.6539939395468259
PerplexDEW (Davies),isobar,7.0,720.7070707070707,0.6577283735987874
PerplexDEW (Davies),isobar,7.0,721.7171717171717,0.6614803086373945
PerplexDEW (Davies),isobar,7.0,722.7272727272727,0.6652500172684114
PerplexDEW (Davies),isobar,7.0,723.7373737373738,0.6690374344566292
PerplexDEW (Davies),isobar,7.0,724.7474747474747,0.6728426647299199
PerplexDEW (Davies),isobar,7.0,725.7575757575758,0.6766659013435933
PerplexDEW (Davies),isobar,7.0,726.7676767676768,0.6805072535825447
PerplexDEW (Davies),isobar,7.0,727.7777777777778,0.6843668321749953
PerplexDEW (Davies),isobar,7.0,728.7878787878788,0.6882446599355212
PerplexDEW (Davies),isobar,7.0,729.7979797979798,0.6921409385534034
PerplexDEW (Davies),isobar,7.0,730.8080808080808,0.6960557831999536
PerplexDEW (Davies),isobar,7.0,731.8181818181819,0.6999892191274729
PerplexDEW (Davies),isobar,7.0,732.8282828282828,0.7039414546372699
PerplexDEW (Davies),isobar,7.0,733.8383838383838,0.7079126095444194
PerplexDEW (Davies),isobar,7.0,734.8484848484849,0.7119027116868112
PerplexDEW (Davies),isobar,7.0,735.8585858585859,0.715911976236909
PerplexDEW (Davies),isobar,7.0,736.8686868686868,0.7199405278611871
PerplexDEW (Davies),isobar,7.0,737.8787878787879,0.7239883971363436
PerplexDEW (Davies),isobar,7.0,738.8888888888889,0.7280559028760171
PerplexDEW (Davies),isobar,7.0,739.89898989899,0.732142982557173
PerplexDEW (Davies),isobar,7.0,740.9090909090909,0.7362497654142244
PerplexDEW (Davies),isobar,7.0,741.9191919191919,0.7403765799417761
PerplexDEW (Davies),isobar,7.0,742.929292929293,0.744523364399116
PerplexDEW (Davies),isobar,7.0,743.939393939394,0.7486903536334424
PerplexDEW (Davies),isobar,7.0,744.9494949494949,0.752877686334499
PerplexDEW (Davies),isobar,7.0,745.959595959596,0.7570855030652872
PerplexDEW (Davies),isobar,7.0,746.969696969697,0.7613138436100565
PerplexDEW (Davies),isobar,7.0,747.9797979797979,0.7655629534282148
PerplexDEW (Davies),isobar,7.0,748.989898989899,0.7698329788408685
PerplexDEW (Davies),isobar,7.0,750.0,0.7741240681505664
PerplexDEW (Davies),isobar,7.5,485.0,0.13759690589662585
PerplexDEW (Davies),isobar,7.5,488.3333333333333,0.14143509940879948
PerplexDEW (Davies),isobar,7.5,491.6666666666667,0.1453558347061144
PerplexDEW (Davies),isobar,7.5,495.0,0.1493602451014322
PerplexDEW (Davies),isobar,7.5,498.3333333333333,0.1534494460013655
PerplexDEW (Davies),isobar,7.5,501.6666666666667,0.15762459083380714
PerplexDEW (Davies),isobar,7.5,505.0,0.16188680028268795
PerplexDEW (Davies),isobar,7.5,508.3333333333333,0.16623721953602133
PerplexDEW (Davies),isobar,7.5,511.6666666666667,0.17067698936377884
PerplexDEW (Davies),isobar,7.5,515.0,0.1752072533380451
PerplexDEW (Davies),isobar,7.5,518.3333333333334,0.17982917506153928
PerplexDEW (Davies),isobar,7.5,521.6666666666666,0.18454387893654822
PerplexDEW (Davies),isobar,7.5,525.0,0.18935253486953227
PerplexDEW (Davies),isobar,7.5,528.3333333333334,0.19425629934433158
PerplexDEW (Davies),isobar,7.5,531.6666666666666,0.19925633226636497
PerplexDEW (Davies),isobar,7.5,535.0,0.20435378725246248
PerplexDEW (Davies),isobar,7.5,538.3333333333334,0.20954985125315528
PerplexDEW (Davies),isobar,7.5,541.6666666666666,0.21484567568428795
PerplexDEW (Davies),isobar,7.5,545.0,0.22024244645378682
PerplexDEW (Davies),isobar,7.5,548.3333333333334,0.22574134437090165
PerplexDEW (Davies),isobar,7.5,551.6666666666666,0.23134356688025853
PerplexDEW (Davies),isobar,7.5,555.0,0.23705029489762897
PerplexDEW (Davies),isobar,7.5,558.3333333333334,0.24286272629189135
PerplexDEW (Davies),isobar,7.5,561.6666666666666,0.24878205322818256
PerplexDEW (Davies),isobar,7.5,565.0,0.2548095120398791
PerplexDEW (Davies),isobar,7.5,568.3333333333334,0.2609462973784999
PerplexDEW (Davies),isobar,7.5,571.6666666666666,0.26719365011216095
PerplexDEW (Davies),isobar,7.5,575.0,0.27355280814619853
PerplexDEW (Davies),isobar,7.5,578.3333333333334,0.2800250196701923
PerplexDEW (Davies),isobar,7.5,581.6666666666666,0.28661154406940736
PerplexDEW (Davies),isobar,7.5,585.0,0.29331362293364827
PerplexDEW (Davies),isobar,7.5,588.3333333333334,0.3001325694309513
PerplexDEW (Davies),isobar,7.5,591.6666666666666,0.30706968269466833
PerplexDEW (Davies),isobar,7.5,595.0,0.3141262450132353
PerplexDEW (Davies),isobar,7.5,598.3333333333334,0.32130360211451997
PerplexDEW (Davies),isobar,7.5,601.6666666666666,0.3286031026024908
PerplexDEW (Davies),isobar,7.5,605.0,0.336026114850055
PerplexDEW (Davies),isobar,7.5,608.3333333333334,0.3435739925817796
PerplexDEW (Davies),isobar,7.5,611.6666666666666,0.3512481827582658
PerplexDEW (Davies),isobar,7.5,615.0,0.35905010408120425
PerplexDEW (Davies),isobar,7.5,618.3333333333334,0.36698120011783925
PerplexDEW (Davies),isobar,7.5,621.6666666666667,0.3750429811724985
PerplexDEW (Davies),isobar,7.5,625.0,0.3832369496037524
PerplexDEW (Davies),isobar,7.5,628.3333333333334,0.39156463899063604
PerplexDEW (Davies),isobar,7.5,631.6666666666667,0.40002765955770214
PerplexDEW (Davies),isobar,7.5,635.0,0.40862761778141216
PerplexDEW (Davies),isobar,7.5,638.3333333333334,0.41736620426165244
PerplexDEW (Davies),isobar,7.5,641.6666666666667,0.4262450860785532
PerplexDEW (Davies),isobar,7.5,645.0,0.4352660202783941
PerplexDEW (Davies),isobar,7.5,648.3333333333334,0.4444308140182335
PerplexDEW (Davies),isobar,7.5,651.6666666666667,0.4537413279783196
PerplexDEW (Davies),isobar,7.5,655.0,0.4631994542723477
PerplexDEW (Davies),isobar,7.5,658.3333333333334,0.4728071960040499
PerplexDEW (Davies),isobar,7.5,661.6666666666667,0.4825665157441036
PerplexDEW (Davies),isobar,7.5,665.0,0.49247954772779323
PerplexDEW (Davies),isobar,7.5,668.3333333333334,0.502548502202736
PerplexDEW (Davies),isobar,7.5,671.6666666666667,0.512775553868992
PerplexDEW (Davies),isobar,7.5,675.0,0.5231630708719683
PerplexDEW (Davies),isobar,7.5,678.3333333333334,0.5337134509402819
PerplexDEW (Davies),isobar,7.5,681.6666666666667,0.5444292446010144
PerplexDEW (Davies),isobar,7.5,685.0,0.5553130399825743
PerplexDEW (Davies),isobar,7.5,688.3333333333334,0.5663674608329031
PerplexDEW (Davies),isobar,7.5,691.6666666666667,0.5775954342945563
PerplexDEW (Davies),isobar,7.5,695.0,0.5889998068948378
PerplexDEW (Davies),isobar,7.5,698.3333333333334,0.600583680626499
PerplexDEW (Davies),isobar,7.5,701.6666666666667,0.6123501826022784
PerplexDEW (Davies),isobar,7.5,705.0,0.6243026826797552
PerplexDEW (Davies),isobar,7.5,708.3333333333334,0.6364446236568054
PerplexDEW (Davies),isobar,7.5,711.6666666666667,0.6487795983219867
PerplexDEW (Davies),isobar,7.5,715.0,0.6613113978396522
PerplexDEW (Davies),isobar,7.5,718.3333333333334,0.674043942933673
PerplexDEW (Davies),isobar,7.5,721.6666666666667,0.686981414682305
PerplexDEW (Davies),isobar,7.5,725.0,0.7001279709970452
PerplexDEW (Davies),isobar,7.5,728.3333333333334,0.7134882184814509
PerplexDEW (Davies),isobar,7.5,731.6666666666667,0.7270668452260575
PerplexDEW (Davies),isobar,7.5,735.0,0.7408687550531811
PerplexDEW (Davies),isobar,7.5,738.3333333333334,0.7548991265427877
PerplexDEW (Davies),isobar,7.5,741.6666666666667,0.7691632827617896
PerplexDEW (Davies),isobar,7.5,745.0,0.7836669436619436
PerplexDEW (Davies),isobar,7.5,748.3333333333334,0.7984159983008903
PerplexDEW (Davies),isobar,7.5,751.6666666666667,0.8134165580249145
PerplexDEW (Davies),isobar,7.5,755.0,0.8286751270629739
PerplexDEW (Davies),isobar,7.5,758.3333333333334,0.8441985181935641
PerplexDEW (Davies),isobar,7.5,761.6666666666667,0.8599938676480593
PerplexDEW (Davies),isobar,7.5,765.0,0.8760684724184492
PerplexDEW (Davies),isobar,7.5,768.3333333333334,0.8924302090408965
PerplexDEW (Davies),isobar,7.5,771.6666666666667,0.909087080691238
PerplexDEW (Davies),isobar,7.5,775.0,0.9260478448976658
PerplexDEW (Davies),isobar,7.5,778.3333333333334,0.9433212885433132
PerplexDEW (Davies),isobar,7.5,781.6666666666667,0.9609167374945462
PerplexDEW (Davies),isobar,7.5,785.0,0.9788439532295256
PerplexDEW (Davies),isobar,7.5,788.3333333333334,0.9971132966117087
PerplexDEW (Davies),isobar,7.5,791.6666666666667,1.01573532322673
PerplexDEW (Davies),isobar,7.5,795.0,1.0347213739539294
PerplexDEW (Davies),isobar,7.5,798.3333333333334,1.0540831677522784
PerplexDEW (Davies),isobar,7.5,801.6666666666667,1.0738329643541673
PerplexDEW (Davies),isobar,7.5,805.0,1.0939835874135413
PerplexDEW (Davies),isobar,7.5,808.3333333333334,1.1145484484569006
PerplexDEW (Davies),isobar,7.5,811.6666666666667,1.1355415716600907
PerplexDEW (Davies),isobar,7.5,815.0,1.1569776194730288
PerplexDEW (Davies),isobar,8.0,850.0,1.485203673967787
PerplexDEW (Davies),isobar,8.0,851.010101010101,1.4942869145317008
PerplexDEW (Davies),isobar,8.0,852.020202020202,1.503441462149468
PerplexDEW (Davies),isobar,8.0,853.030303030303,1.5126684301963946
PerplexDEW (Davies),isobar,8.0,854.040404040404,1.5219686786095619
PerplexDEW (Davies),isobar,8.0,855.0505050505051,1.5313427993605053
PerplexDEW (Davies),isobar,8.0,856.060606060606,1.5407919485009358
PerplexDEW (Davies),isobar,8.0,857.070707070707,1.5503167348782845
PerplexDEW (Davies),isobar,8.0,858.0808080808081,1.5599180551926939
PerplexDEW (Davies),isobar,8.0,859.0909090909091,1.5695971096166539
PerplexDEW (Davies),isobar,8.0,860.10101010101,1.5793548279819818
PerplexDEW (Davies),isobar,8.0,861.1111111111111,1.5891918540008343
PerplexDEW (Davies),isobar,8.0,862.1212121212121,1.599109433717665
PerplexDEW (Davies),isobar,8.0,863.1313131313132,1.6091082288446927
PerplexDEW (Davies),isobar,8.0,864.1414141414141,1.61918920848383
PerplexDEW (Davies),isobar,8.0,865.1515151515151,1.6293536660900423
PerplexDEW (Davies),isobar,8.0,866.1616161616162,1.6396026064018223
PerplexDEW (Davies),isobar,8.0,867.1717171717172,1.6499367282933397
PerplexDEW (Davies),isobar,8.0,868.1818181818181,1.6603573745036502
PerplexDEW (Davies),isobar,8.0,869.1919191919192,1.6708652630803915
PerplexDEW (Davies),isobar,8.0,870.2020202020202,1.681461605611457
PerplexDEW (Davies),isobar,8.0,871.2121212121212,1.6921476345697266
PerplexDEW (Davies),isobar,8.0,872.2222222222222,1.70292392878184
PerplexDEW (Davies),isobar,8.0,873.2323232323232,1.7137922525519036
PerplexDEW (Davies),isobar,8.0,874.2424242424242,1.724753206801332
PerplexDEW (Davies),isobar,8.0,875.2525252525253,1.7358080815398784
PerplexDEW (Davies),isobar,8.0,876.2626262626262,1.7469581889778643
PerplexDEW (Davies),isobar,8.0,877.2727272727273,1.7582043279310327
PerplexDEW (Davies),isobar,8.0,878.2828282828283,1.7695480184361085
PerplexDEW (Davies),isobar,8.0,879.2929292929293,1.7809900805480803
PerplexDEW (Davies),isobar,8.0,880.3030303030303,1.7925320723466123
PerplexDEW (Davies),isobar,8.0,881.3131313131313,1.8041748355554046
PerplexDEW (Davies),isobar,8.0,882.3232323232323,1.8159199672026272
PerplexDEW (Davies),isobar,8.0,883.3333333333334,1.8277685226848457
PerplexDEW (Davies),isobar,8.0,884.3434343434343,1.8397215641975242
PerplexDEW (Davies),isobar,8.0,885.3535353535353,1.8517809450466745
PerplexDEW (Davies),isobar,8.0,886.3636363636364,1.8639469747046227
PerplexDEW (Davies),isobar,8.0,887.3737373737374,1.8762221407913753
PerplexDEW (Davies),isobar,8.0,888.3838383838383,1.8886069722095034
PerplexDEW (Davies),isobar,8.0,889.3939393939394,1.901102798636467
PerplexDEW (Davies),isobar,8.0,890.4040404040404,1.913711382351595
PerplexDEW (Davies),isobar,8.0,891.4141414141415,1.9264336800654294
PerplexDEW (Davies),isobar,8.0,892.4242424242424,1.9392714978379249
PerplexDEW (Davies),isobar,8.0,893.4343434343434,1.9522262480073205
PerplexDEW (Davies),isobar,8.0,894.4444444444445,1.9652989241166217
PerplexDEW (Davies),isobar,8.0,895.4545454545455,1.9784909582146921
PerplexDEW (Davies),isobar,8.0,896.4646464646464,1.991804247036555
PerplexDEW (Davies),isobar,8.0,897.4747474747475,2.0052402743044633
PerplexDEW (Davies),isobar,8.0,898.4848484848485,2.0188000841874576
PerplexDEW (Davies),isobar,8.0,899.4949494949495,2.032485180774283
PerplexDEW (Davies),isobar,8.0,900.5050505050505,2.0462975557774503
PerplexDEW (Davies),isobar,8.0,901.5151515151515,2.060238767464085
PerplexDEW (Davies),isobar,8.0,902.5252525252525,2.0743099125621725
PerplexDEW (Davies),isobar,8.0,903.5353535353536,2.0885128137218087
PerplexDEW (Davies),isobar,8.0,904.5454545454545,2.1028493247573747
PerplexDEW (Davies),isobar,8.0,905.5555555555555,2.1173203337222657
PerplexDEW (Davies),isobar,8.0,906.5656565656566,2.131928226631179
PerplexDEW (Davies),isobar,8.0,907.5757575757576,2.1466746797581253
PerplexDEW (Davies),isobar,8.0,908.5858585858585,2.161560872390902
PerplexDEW (Davies),isobar,8.0,909.5959595959596,2.1765890267928127
PerplexDEW (Davies),isobar,8.0,910.6060606060606,2.191760350786541
PerplexDEW (Davies),isobar,8.0,911.6161616161617,2.2070771211580773
PerplexDEW (Davies),isobar,8.0,912.6262626262626,2.2225405747815046
PerplexDEW (Davies),isobar,8.0,913.6363636363636,2.2381530442274373
PerplexDEW (Davies),isobar,8.0,914.6464646464647,2.2539157959435245
PerplexDEW (Davies),isobar,8.0,915.6565656565657,2.2698309373040244
PerplexDEW (Davies),isobar,8.0,916.6666666666666,2.285900611666721
PerplexDEW (Davies),isobar,8.0,917.6767676767677,2.302126130830663
PerplexDEW (Davies),isobar,8.0,918.6868686868687,2.3185099725267913
PerplexDEW (Davies),isobar,8.0,919.6969696969697,2.33505318266756
PerplexDEW (Davies),isobar,8.0,920.7070707070707,2.3517591897691377
PerplexDEW (Davies),isobar,8.0,921.7171717171717,2.3686284776095032
PerplexDEW (Davies),isobar,8.0,922.7272727272727,2.385663942933154
PerplexDEW (Davies),isobar,8.0,923.7373737373738,2.402866991875582
PerplexDEW (Davies),isobar,8.0,924.7474747474747,2.420240287616058
PerplexDEW (Davies),isobar,8.0,925.7575757575758,2.4377855890105433
PerplexDEW (Davies),isobar,8.0,926.7676767676768,2.4555046633762587
PerplexDEW (Davies),isobar,8.0,927.7777777777778,2.4734002714530803
PerplexDEW (Davies),isobar,8.0,928.7878787878788,2.4914739017797527
PerplexDEW (Davies),isobar,8.0,929.7979797979798,2.509728381998092
PerplexDEW (Davies),isobar,8.0,930.8080808080808,2.5281652345925587
PerplexDEW (Davies),isobar,8.0,931.8181818181819,2.5467873556332803
PerplexDEW (Davies),isobar,8.0,932.8282828282828,2.5655963021202584
PerplexDEW (Davies),isobar,8.0,933.8383838383838,2.5845950401113855
PerplexDEW (Davies),isobar,8.0,934.8484848484849,2.603785161698095
PerplexDEW (Davies),isobar,8.0,935.8585858585859,2.623169704517008
PerplexDEW (Davies),isobar,8.0,936.8686868686868,2.642750296332654
PerplexDEW (Davies),isobar,8.0,937.8787878787879,2.662530047986012
PerplexDEW (Davies),isobar,8.0,938.8888888888889,2.6825106235000593
PerplexDEW (Davies),isobar,8.0,939.89898989899,2.702695208581001
PerplexDEW (Davies),isobar,8.0,940.9090909090909,2.7230855041012134
PerplexDEW (Davies),isobar,8.0,941.9191919191919,2.743684772326975
PerplexDEW (Davies),isobar,8.0,942.929292929293,2.764494751576304
PerplexDEW (Davies),isobar,8.0,943.939393939394,2.7855187824074132
PerplexDEW (Davies),isobar,8.0,944.9494949494949,2.80675864118412
PerplexDEW (Davies),isobar,8.0,945.959595959596,2.8282177485250286
PerplexDEW (Davies),isobar,8.0,946.969696969697,2.8498979194458345
PerplexDEW (Davies),isobar,8.0,947.9797979797979,2.8718018060391337
PerplexDEW (Davies),isobar,8.0,948.989898989899,2.893933382965434
PerplexDEW (Davies),isobar,8.0,950.0,2.9162941046855533
PerplexDEW (Davies),isobar,8.8,690.0,0.6215370239444663
PerplexDEW (Davies),isobar,8.8,692.2222222222222,0.6298689162940757
PerplexDEW (Davies),isobar,8.8,694.4444444444445,0.6382929100998769
PerplexDEW (Davies),isobar,8.8,696.6666666666666,0.646810229008535
PerplexDEW (Davies),isobar,8.8,698.8888888888889,0.6554220982719987
PerplexDEW (Davies),isobar,8.8,701.1111111111111,0.6641298510890056
PerplexDEW (Davies),isobar,8.8,703.3333333333334,0.672934789720348
PerplexDEW (Davies),isobar,8.8,705.5555555555555,0.6818384042000456
PerplexDEW (Davies),isobar,8.8,707.7777777777778,0.6908420078923414
PerplexDEW (Davies),isobar,8.8,710.0,0.699947105099085
PerplexDEW (Davies),isobar,8.8,712.2222222222222,0.7091552489058738
PerplexDEW (Davies),isobar,8.8,714.4444444444445,0.7184679632813424
PerplexDEW (Davies),isobar,8.8,716.6666666666666,0.7278869002920652
PerplexDEW (Davies),isobar,8.8,718.8888888888889,0.7374136837749646
PerplexDEW (Davies),isobar,8.8,721.1111111111111,0.7470501140956093
PerplexDEW (Davies),isobar,8.8,723.3333333333334,0.7567978818781342
PerplexDEW (Davies),isobar,8.8,725.5555555555555,0.7666588596258314
PerplexDEW (Davies),isobar,8.8,727.7777777777778,0.7766349822334241
PerplexDEW (Davies),isobar,8.8,730.0,0.7867281141458652
PerplexDEW (Davies),isobar,8.8,732.2222222222222,0.7969403605459376
PerplexDEW (Davies),isobar,8.8,734.4444444444445,0.8072737123672153
PerplexDEW (Davies),isobar,8.8,736.6666666666666,0.8177304596749431
PerplexDEW (Davies),isobar,8.8,738.8888888888889,0.8283126831865752
PerplexDEW (Davies),isobar,8.8,741.1111111111111,0.8390228217729125
PerplexDEW (Davies),isobar,8.8,743.3333333333334,0.8498631498680952
PerplexDEW (Davies),isobar,8.8,745.5555555555555,0.8608361660968136
PerplexDEW (Davies),isobar,8.8,747.7777777777778,0.8719443496799312
PerplexDEW (Davies),isobar,8.8,750.0,0.8831904184954553
PerplexDEW (Davies),isobar,8.8,752.2222222222222,0.8945770228624017
PerplexDEW (Davies),isobar,8.8,754.4444444444445,0.9061068985979377
PerplexDEW (Davies),isobar,8.8,756.6666666666666,0.917782981681917
PerplexDEW (Davies),isobar,8.8,758.8888888888889,0.9296083646050253
PerplexDEW (Davies),isobar,8.8,761.1111111111111,0.9415858984854382
PerplexDEW (Davies),isobar,8.8,763.3333333333334,0.9537189924779972
PerplexDEW (Davies),isobar,8.8,765.5555555555555,0.9660108166495569
PerplexDEW (Davies),isobar,8.8,767.7777777777778,0.9784647636350172
PerplexDEW (Davies),isobar,8.8,770.0,0.9910844008095406
PerplexDEW (Davies),isobar,8.8,772.2222222222222,1.0038732882310155
PerplexDEW (Davies),isobar,8.8,774.4444444444445,1.0168352308201178
PerplexDEW (Davies),isobar,8.8,776.6666666666666,1.0299740953122518
PerplexDEW (Davies),isobar,8.8,778.8888888888889,1.0432938078728775
PerplexDEW (Davies),isobar,8.8,781.1111111111111,1.0567986279406494
PerplexDEW (Davies),isobar,8.8,783.3333333333334,1.070492679041608
PerplexDEW (Davies),isobar,8.8,785.5555555555555,1.0843804289918164
PerplexDEW (Davies),isobar,8.8,787.7777777777778,1.0984664951727925
PerplexDEW (Davies),isobar,8.8,790.0,1.1127554244545268
PerplexDEW (Davies),isobar,8.8,792.2222222222222,1.127252134011829
PerplexDEW (Davies),isobar,8.8,794.4444444444445,1.1419616266250676
PerplexDEW (Davies),isobar,8.8,796.6666666666666,1.156889067465238
PerplexDEW (Davies),isobar,8.8,798.8888888888889,1.1720399519259936
PerplexDEW (Davies),isobar,8.8,801.1111111111111,1.1874195456928864
PerplexDEW (Davies),isobar,8.8,803.3333333333334,1.2030336110555884
PerplexDEW (Davies),isobar,8.8,805.5555555555555,1.2188881001977485
PerplexDEW (Davies),isobar,8.8,807.7777777777778,1.2349889837299395
PerplexDEW (Davies),isobar,8.8,810.0,1.2513425999711285
PerplexDEW (Davies),isobar,8.8,812.2222222222222,1.2679552168452035
PerplexDEW (Davies),isobar,8.8,814.4444444444445,1.284833765165093
PerplexDEW (Davies),isobar,8.8,816.6666666666666,1.3019849280558562
PerplexDEW (Davies),isobar,8.8,818.8888888888889,1.31941578753241
PerplexDEW (Davies),isobar,8.8,821.1111111111111,1.3371338520574847
PerplexDEW (Davies),isobar,8.8,823.3333333333334,1.355146464538967
PerplexDEW (Davies),isobar,8.8,825.5555555555555,1.3734615045173622
PerplexDEW (Davies),isobar,8.8,827.7777777777778,1.3920868881537074
PerplexDEW (Davies),isobar,8.8,830.0,1.4110309945327588
PerplexDEW (Davies),isobar,8.8,832.2222222222222,1.430302357301956
PerplexDEW (Davies),isobar,8.8,834.4444444444445,1.4499097755647878
PerplexDEW (Davies),isobar,8.8,836.6666666666667,1.4698623213359934
PerplexDEW (Davies),isobar,8.8,838.8888888888889,1.4901691032218787
PerplexDEW (Davies),isobar,8.8,841.1111111111111,1.5108402441195965
PerplexDEW (Davies),isobar,8.8,843.3333333333334,1.5318853150841065
PerplexDEW (Davies),isobar,8.8,845.5555555555555,1.5533146795896258
PerplexDEW (Davies),isobar,8.8,847.7777777777778,1.575139026402479
PerplexDEW (Davies),isobar,8.8,850.0,1.597368828215937
PerplexDEW (Davies),isobar,8.8,852.2222222222222,1.6200156942223876
PerplexDEW (Davies),isobar,8.8,854.4444444444445,1.6430910352663428
PerplexDEW (Davies),isobar,8.8,856.6666666666667,1.6666067449172062
PerplexDEW (Davies),isobar,8.8,858.8888888888889,1.6905750744659815
PerplexDEW (Davies),isobar,8.8,861.1111111111111,1.7150086425151598
PerplexDEW (Davies),isobar,8.8,863.3333333333334,1.7399204447856749
PerplexDEW (Davies),isobar,8.8,865.5555555555555,1.7653240285222513
PerplexDEW (Davies),isobar,8.8,867.7777777777778,1.7912326808621222
PerplexDEW (Davies),isobar,8.8,870.0,1.8176612562273542
PerplexDEW (Davies),isobar,8.8,872.2222222222222,1.8446240330427566
PerplexDEW (Davies),isobar,8.8,874.4444444444445,1.8721358655766491
PerplexDEW (Davies),isobar,8.8,876.6666666666667,1.9002124040342954
PerplexDEW (Davies),isobar,8.8,878.8888888888889,1.9288697701194721
PerplexDEW (Davies),isobar,8.8,881.1111111111111,1.9581241749886558
PerplexDEW (Davies),isobar,8.8,883.3333333333334,1.9879924881464597
PerplexDEW (Davies),isobar,8.8,885.5555555555555,2.0184920671754476
PerplexDEW (Davies),isobar,8.8,887.7777777777778,2.04964077021588
PerplexDEW (Davies),isobar,8.8,890.0,2.0814571890560196
PerplexDEW (Davies),isobar,8.8,892.2222222222222,2.113960013416022
PerplexDEW (Davies),isobar,8.8,894.4444444444445,2.1471684484991815
PerplexDEW (Davies),isobar,8.8,896.6666666666667,2.181102944684932
PerplexDEW (Davies),isobar,8.8,898.8888888888889,2.215783833913755
PerplexDEW (Davies),isobar,8.8,901.1111111111111,2.251232255930942
PerplexDEW (Davies),isobar,8.8,903.3333333333334,2.2874699462889434
PerplexDEW (Davies),isobar,8.8,905.5555555555555,2.3245195189369485
PerplexDEW (Davies),isobar,8.8,907.7777777777778,2.3624034178245767
PerplexDEW (Davies),isobar,8.8,910.0,2.401145516275381
PerplexDEW (Davies),isobar,9.0,690.0,0.6288203222279243
PerplexDEW (Davies),isobar,9.0,692.2222222222222,0.637269996834805
PerplexDEW (Davies),isobar,9.0,694.4444444444445,0.6458137128551192
PerplexDEW (Davies),isobar,9.0,696.6666666666666,0.6544528110159215
PerplexDEW (Davies),isobar,9.0,698.8888888888889,0.6631885695768204
PerplexDEW (Davies),isobar,9.0,701.1111111111111,0.6720223407663776
PerplexDEW (Davies),isobar,9.0,703.3333333333334,0.6809555187315388
PerplexDEW (Davies),isobar,9.0,705.5555555555555,0.6899895783326743
PerplexDEW (Davies),isobar,9.0,707.7777777777778,0.6991259664692754
PerplexDEW (Davies),isobar,9.0,710.0,0.7083662513474428
PerplexDEW (Davies),isobar,9.0,712.2222222222222,0.7177119741171991
PerplexDEW (Davies),isobar,9.0,714.4444444444445,0.7271648432391502
PerplexDEW (Davies),isobar,9.0,716.6666666666666,0.7367264628339465
PerplexDEW (Davies),isobar,9.0,718.8888888888889,0.7463986094698212
PerplexDEW (Davies),isobar,9.0,721.1111111111111,0.7561831187882392
PerplexDEW (Davies),isobar,9.0,723.3333333333334,0.7660817595349569
PerplexDEW (Davies),isobar,9.0,725.5555555555555,0.7760965288156326
PerplexDEW (Davies),isobar,9.0,727.7777777777778,0.7862293596521904
PerplexDEW (Davies),isobar,9.0,730.0,0.7964823368984716
PerplexDEW (Davies),isobar,9.0,732.2222222222222,0.8068575240640155
PerplexDEW (Davies),isobar,9.0,734.4444444444445,0.8173571442909345
PerplexDEW (Davies),isobar,9.0,736.6666666666666,0.8279834485119695
PerplexDEW (Davies),isobar,9.0,738.8888888888889,0.8387387138460517
PerplexDEW (Davies),isobar,9.0,741.1111111111111,0.8496254387930438
PerplexDEW (Davies),isobar,9.0,743.3333333333334,0.8606459579935102
PerplexDEW (Davies),isobar,9.0,745.5555555555555,0.8718030352352406
PerplexDEW (Davies),isobar,9.0,747.7777777777778,0.8830991704015756
PerplexDEW (Davies),isobar,9.0,750.0,0.8945372052658345
PerplexDEW (Davies),isobar,9.0,752.2222222222222,0.9061199187358977
PerplexDEW (Davies),isobar,9.0,754.4444444444445,0.9178502351527907
PerplexDEW (Davies),isobar,9.0,756.6666666666666,0.9297312324026579
PerplexDEW (Davies),isobar,9.0,758.8888888888889,0.9417659792140223
PerplexDEW (Davies),isobar,9.0,761.1111111111111,0.9539577024031344
PerplexDEW (Davies),isobar,9.0,763.3333333333334,0.9663098549288396
PerplexDEW (Davies),isobar,9.0,765.5555555555555,0.9788257682164935
PerplexDEW (Davies),isobar,9.0,767.7777777777778,0.9915090642004356
PerplexDEW (Davies),isobar,9.0,770.0,1.0043633624230301
PerplexDEW (Davies),isobar,9.0,772.2222222222222,1.0173925280520333
PerplexDEW (Davies),isobar,9.0,774.4444444444445,1.0306005575294848
PerplexDEW (Davies),isobar,9.0,776.6666666666666,1.0439913830469105
PerplexDEW (Davies),isobar,9.0,778.8888888888889,1.0575693327790685
PerplexDEW (Davies),isobar,9.0,781.1111111111111,1.071338607165711
PerplexDEW (Davies),isobar,9.0,783.3333333333334,1.0853037510925858
PerplexDEW (Davies),isobar,9.0,785.5555555555555,1.0994694627604686
PerplexDEW (Davies),isobar,9.0,787.7777777777778,1.1138404513027262
PerplexDEW (Davies),isobar,9.0,790.0,1.1284216523022683
PerplexDEW (Davies),isobar,9.0,792.2222222222222,1.143218240106827
PerplexDEW (Davies),isobar,9.0,794.4444444444445,1.158235405664323
PerplexDEW (Davies),isobar,9.0,796.6666666666666,1.1734786657751792
PerplexDEW (Davies),isobar,9.0,798.8888888888889,1.1889534760510982
PerplexDEW (Davies),isobar,9.0,801.1111111111111,1.2046658787786317
PerplexDEW (Davies),isobar,9.0,803.3333333333334,1.2206216991207306
PerplexDEW (Davies),isobar,9.0,805.5555555555555,1.236827116312844
PerplexDEW (Davies),isobar,9.0,807.7777777777778,1.2532886875982208
PerplexDEW (Davies),isobar,9.0,810.0,1.2700128272290652
PerplexDEW (Davies),isobar,9.0,812.2222222222222,1.2870063319707041
PerplexDEW (Davies),isobar,9.0,814.4444444444445,1.304276407127448
PerplexDEW (Davies),isobar,9.0,816.6666666666666,1.3218301101099437
PerplexDEW (Davies),isobar,9.0,818.8888888888889,1.3396750112314901
PerplexDEW (Davies),isobar,9.0,821.1111111111111,1.3578188258239083
PerplexDEW (Davies),isobar,9.0,823.3333333333334,1.3762695143070465
PerplexDEW (Davies),isobar,9.0,825.5555555555555,1.3950352892765223
PerplexDEW (Davies),isobar,9.0,827.7777777777778,1.4141245135528455
PerplexDEW (Davies),isobar,9.0,830.0,1.433546141880918
PerplexDEW (Davies),isobar,9.0,832.2222222222222,1.4533089664881425
PerplexDEW (Davies),isobar,9.0,834.4444444444445,1.473422509228655
PerplexDEW (Davies),isobar,9.0,836.6666666666667,1.4938962442613026
PerplexDEW (Davies),isobar,9.0,838.8888888888889,1.5147400559930257
PerplexDEW (Davies),isobar,9.0,841.1111111111111,1.5359641356544709
PerplexDEW (Davies),isobar,9.0,843.3333333333334,1.5575789898693029
PerplexDEW (Davies),isobar,9.0,845.5555555555555,1.579595581721329
PerplexDEW (Davies),isobar,9.0,847.7777777777778,1.6020248138578845
PerplexDEW (Davies),isobar,9.0,850.0,1.6248784606498292
PerplexDEW (Davies),isobar,9.0,852.2222222222222,1.6481681055632245
PerplexDEW (Davies),isobar,9.0,854.4444444444445,1.6719062497343224
PerplexDEW (Davies),isobar,9.0,856.6666666666667,1.6961054949604553
PerplexDEW (Davies),isobar,9.0,858.8888888888889,1.7207785173684127
PerplexDEW (Davies),isobar,9.0,861.1111111111111,1.7459389846974571
PerplexDEW (Davies),isobar,9.0,863.3333333333334,1.7716006751708195
PerplexDEW (Davies),isobar,9.0,865.5555555555555,1.7977774482236184
PerplexDEW (Davies),isobar,9.0,867.7777777777778,1.8244842353450539
PerplexDEW (Davies),isobar,9.0,870.0,1.8517357379907213
PerplexDEW (Davies),isobar,9.0,872.2222222222222,1.879547967086094
PerplexDEW (Davies),isobar,9.0,874.4444444444445,1.9079363408723684
PerplexDEW (Davies),isobar,9.0,876.6666666666667,1.9369178284546316
PerplexDEW (Davies),isobar,9.0,878.8888888888889,1.966508773280387
PerplexDEW (Davies),isobar,9.0,881.1111111111111,1.9967269535684944
PerplexDEW (Davies),isobar,9.0,883.3333333333334,2.027590081550155
PerplexDEW (Davies),isobar,9.0,885.5555555555555,2.059116792247129
PerplexDEW (Davies),isobar,9.0,887.7777777777778,2.0913258443179217
PerplexDEW (Davies),isobar,9.0,890.0,2.124236521860969
PerplexDEW (Davies),isobar,9.0,892.2222222222222,2.157869565797055
PerplexDEW (Davies),isobar,9.0,894.4444444444445,2.1922449528917562
PerplexDEW (Davies),isobar,9.0,896.6666666666667,2.227384631807884
PerplexDEW (Davies),isobar,9.0,898.8888888888889,2.263309739889734
PerplexDEW (Davies),isobar,9.0,901.1111111111111,2.300043238910434
PerplexDEW (Davies),isobar,9.0,903.3333333333334,2.337608256935301
PerplexDEW (Davies),isobar,9.0,905.5555555555555,2.3760280325426235
PerplexDEW (Davies),isobar,9.0,907.7777777777778,2.4153275329310278
PerplexDEW (Davies),isobar,9.0,910.0,2.4555318989600474
PerplexDEW (Davies),isobar,10.0,480.0,0.1496892821361613
PerplexDEW (Davies),isobar,10.0,484.44444444444446,0.1553803455001689
PerplexDEW (Davies),isobar,10.0,488.8888888888889,0.16123982399643505
PerplexDEW (Davies),isobar,10.0,493.3333333333333,0.1672710061826639
PerplexDEW (Davies),isobar,10.0,497.77777777777777,0.17347720218374404
PerplexDEW (Davies),isobar,10.0,502.22222222222223,0.17986174390497991
PerplexDEW (Davies),isobar,10.0,506.6666666666667,0.18642799300248036
PerplexDEW (Davies),isobar,10.0,511.1111111111111,0.19317931917528033
PerplexDEW (Davies),isobar,10.0,515.5555555555555,0.20011912251432723
PerplexDEW (Davies),isobar,10.0,520.0,0.20725082736809122
PerplexDEW (Davies),isobar,10.0,524.4444444444445,0.21457788345795398
PerplexDEW (Davies),isobar,10.0,528.8888888888889,0.2221037672322056
PerplexDEW (Davies),isobar,10.0,533.3333333333334,0.22983198348134687
PerplexDEW (Davies),isobar,10.0,537.7777777777778,0.2377660672389182
PerplexDEW (Davies),isobar,10.0,542.2222222222222,0.24590957564832228
PerplexDEW (Davies),isobar,10.0,546.6666666666666,0.2542661207679503
PerplexDEW (Davies),isobar,10.0,551.1111111111111,0.26283932070191623
PerplexDEW (Davies),isobar,10.0,555.5555555555555,0.2716328661505465
PerplexDEW (Davies),isobar,10.0,560.0,0.28065047041112273
PerplexDEW (Davies),isobar,10.0,564.4444444444445,0.2898959066059349
PerplexDEW (Davies),isobar,10.0,568.8888888888889,0.2993730016825884
PerplexDEW (Davies),isobar,10.0,573.3333333333334,0.3090856283410999
PerplexDEW (Davies),isobar,10.0,577.7777777777778,0.31903772234644945
PerplexDEW (Davies),isobar,10.0,582.2222222222222,0.3292333176246475
PerplexDEW (Davies),isobar,10.0,586.6666666666666,0.339676484155704
PerplexDEW (Davies),isobar,10.0,591.1111111111111,0.3503714205422623
PerplexDEW (Davies),isobar,10.0,595.5555555555555,0.36132237499424213
PerplexDEW (Davies),isobar,10.0,600.0,0.37253372925612654
PerplexDEW (Davies),isobar,10.0,604.4444444444445,0.38400998048272095
PerplexDEW (Davies),isobar,10.0,608.8888888888889,0.3957556997106764
PerplexDEW (Davies),isobar,10.0,613.3333333333334,0.4077756818242394
PerplexDEW (Davies),isobar,10.0,617.7777777777778,0.42007480410082854
PerplexDEW (Davies),isobar,10.0,622.2222222222222,0.43265814620760124
PerplexDEW (Davies),isobar,10.0,626.6666666666667,0.4455309520518689
PerplexDEW (Davies),isobar,10.0,631.1111111111111,0.45869864405015415
PerplexDEW (Davies),isobar,10.0,635.5555555555555,0.4721669037784702
PerplexDEW (Davies),isobar,10.0,640.0,0.48594165492962116
PerplexDEW (Davies),isobar,10.0,644.4444444444445,0.5000290394175324
PerplexDEW (Davies),isobar,10.0,648.8888888888889,0.5144355300674989
PerplexDEW (Davies),isobar,10.0,653.3333333333334,0.5291678652395182
PerplexDEW (Davies),isobar,10.0,657.7777777777778,0.5442331459862757
PerplexDEW (Davies),isobar,10.0,662.2222222222222,0.559638870596648
PerplexDEW (Davies),isobar,10.0,666.6666666666667,0.575392889333681
PerplexDEW (Davies),isobar,10.0,671.1111111111111,0.5915035444318575
PerplexDEW (Davies),isobar,10.0,675.5555555555555,0.6079795996464851
PerplexDEW (Davies),isobar,10.0,680.0,0.6248303930074323
PerplexDEW (Davies),isobar,10.0,684.4444444444445,0.6420657330688097
PerplexDEW (Davies),isobar,10.0,688.8888888888889,0.6596961579914802
PerplexDEW (Davies),isobar,10.0,693.3333333333334,0.6777327376397024
PerplexDEW (Davies),isobar,10.0,697.7777777777778,0.6961873140878608
PerplexDEW (Davies),isobar,10.0,702.2222222222222,0.7150725703918065
PerplexDEW (Davies),isobar,10.0,706.6666666666667,0.7344018428092947
PerplexDEW (Davies),isobar,10.0,711.1111111111111,0.754189541652046
PerplexDEW (Davies),isobar,10.0,715.5555555555555,0.7744508529877789
PerplexDEW (Davies),isobar,10.0,720.0,0.7952021940502977
PerplexDEW (Davies),isobar,10.0,724.4444444444445,0.8164609840258433
PerplexDEW (Davies),isobar,10.0,728.8888888888889,0.8382458404339492
PerplexDEW (Davies),isobar,10.0,733.3333333333334,0.8605767612597656
PerplexDEW (Davies),isobar,10.0,737.7777777777778,0.8834749973041399
PerplexDEW (Davies),isobar,10.0,742.2222222222222,0.906963426899424
PerplexDEW (Davies),isobar,10.0,746.6666666666667,0.9310664324158608
PerplexDEW (Davies),isobar,10.0,751.1111111111111,0.955810103818227
PerplexDEW (Davies),isobar,10.0,755.5555555555555,0.9812223598740636
PerplexDEW (Davies),isobar,10.0,760.0,1.0073332507361101
PerplexDEW (Davies),isobar,10.0,764.4444444444445,1.0341746461672574
PerplexDEW (Davies),isobar,10.0,768.8888888888889,1.0617808246776557
PerplexDEW (Davies),isobar,10.0,773.3333333333334,1.0901884663344337
PerplexDEW (Davies),isobar,10.0,777.7777777777778,1.1194368157689694
PerplexDEW (Davies),isobar,10.0,782.2222222222222,1.1495677126770438
PerplexDEW (Davies),isobar,10.0,786.6666666666667,1.180626039872289
PerplexDEW (Davies),isobar,10.0,791.1111111111111,1.2126596357403674
PerplexDEW (Davies),isobar,10.0,795.5555555555555,1.2457199476220675
PerplexDEW (Davies),isobar,10.0,800.0,1.279861640571497
PerplexDEW (Davies),isobar,10.0,804.4444444444445,1.3151431039540438
PerplexDEW (Davies),isobar,10.0,808.8888888888889,1.3516270550484408
PerplexDEW (Davies),isobar,10.0,813.3333333333334,1.389380003382238
PerplexDEW (Davies),isobar,10.0,817.7777777777778,1.4284732158902345
PerplexDEW (Davies),isobar,10.0,822.2222222222222,1.4689827433414058
PerplexDEW (Davies),isobar,10.0,826.6666666666667,1.5109894917796984
PerplexDEW (Davies),isobar,10.0,831.1111111111111,1.554579827491297
PerplexDEW (Davies),isobar,10.0,835.5555555555555,1.5998460484607793
PerplexDEW (Davies),isobar,10.0,840.0,1.6468860105812664
PerplexDEW (Davies),isobar,10.0,844.4444444444445,1.6958044450106184
PerplexDEW (Davies),isobar,10.0,848.8888888888889,1.7467123212306839
PerplexDEW (Davies),isobar,10.0,853.3333333333334,1.7997284538806506
PerplexDEW (Davies),isobar,10.0,857.7777777777778,1.8549785175740283
PerplexDEW (Davies),isobar,10.0,862.2222222222222,1.9125964517739926
PerplexDEW (Davies),isobar,10.0,866.6666666666667,1.9727249965358764
PerplexDEW (Davies),isobar,10.0,871.1111111111111,2.035515329808348
PerplexDEW (Davies),isobar,10.0,875.5555555555557,2.1011278139267127
PerplexDEW (Davies),isobar,10.0,880.0,2.169733921686778
PerplexDEW (Davies),isobar,10.0,884.4444444444445,2.241514247057397
PerplexDEW (Davies),isobar,10.0,888.8888888888889,2.316661237916079
PerplexDEW (Davies),isobar,10.0,893.3333333333334,2.3953788021190796
PerplexDEW (Davies),isobar,10.0,897.7777777777778,2.4778831313627885
PerplexDEW (Davies),isobar,10.0,902.2222222222222,2.5644033552723906
PerplexDEW (Davies),isobar,10.0,906.6666666666667,2.6551822251928927
PerplexDEW (Davies),isobar,10.0,911.1111111111111,2.75047682881569
PerplexDEW (Davies),isobar,10.0,915.5555555555557,2.8505593368211306
PerplexDEW (Davies),isobar,10.0,920.0,2.9557174256288823
PerplexDEW (Davies),isobar,12.0,490.0,0.17741267864812518
PerplexDEW (Davies),isobar,12.0,492.22222222222223,0.18070983645529978
PerplexDEW (Davies),isobar,12.0,494.44444444444446,0.18405493418988583
PerplexDEW (Davies),isobar,12.0,496.6666666666667,0.18744844486272808
PerplexDEW (Davies),isobar,12.0,498.8888888888889,0.1908908437832627
PerplexDEW (Davies),isobar,12.0,501.1111111111111,0.19438259419104456
PerplexDEW (Davies),isobar,12.0,503.3333333333333,0.1979241752704795
PerplexDEW (Davies),isobar,12.0,505.55555555555554,0.20151605362195585
PerplexDEW (Davies),isobar,12.0,507.77777777777777,0.20515872005643213
PerplexDEW (Davies),isobar,12.0,510.0,0.2088526372932025
PerplexDEW (Davies),isobar,12.0,512.2222222222222,0.21259830851913739
PerplexDEW (Davies),isobar,12.0,514.4444444444445,0.21639620022729233
PerplexDEW (Davies),isobar,12.0,516.6666666666666,0.2202467962183696
PerplexDEW (Davies),isobar,12.0,518.8888888888889,0.22415059920311667
PerplexDEW (Davies),isobar,12.0,521.1111111111111,0.22810808955911574
PerplexDEW (Davies),isobar,12.0,523.3333333333334,0.23211975795876164
PerplexDEW (Davies),isobar,12.0,525.5555555555555,0.23618610624716824
PerplexDEW (Davies),isobar,12.0,527.7777777777778,0.24030763018458
PerplexDEW (Davies),isobar,12.0,530.0,0.24448482794229354
PerplexDEW (Davies),isobar,12.0,532.2222222222222,0.24871820018221044
PerplexDEW (Davies),isobar,12.0,534.4444444444445,0.2530082501425009
PerplexDEW (Davies),isobar,12.0,536.6666666666666,0.2573554935313406
PerplexDEW (Davies),isobar,12.0,538.8888888888889,0.2617604395770115
PerplexDEW (Davies),isobar,12.0,541.1111111111111,0.2662236003978181
PerplexDEW (Davies),isobar,12.0,543.3333333333334,0.2707454911156275
PerplexDEW (Davies),isobar,12.0,545.5555555555555,0.27532662997668106
PerplexDEW (Davies),isobar,12.0,547.7777777777778,0.2799675492365273
PerplexDEW (Davies),isobar,12.0,550.0,0.2846687634294245
PerplexDEW (Davies),isobar,12.0,552.2222222222222,0.2894308121504939
PerplexDEW (Davies),isobar,12.0,554.4444444444445,0.2942542281464747
PerplexDEW (Davies),isobar,12.0,556.6666666666666,0.29913955961391875
PerplexDEW (Davies),isobar,12.0,558.8888888888889,0.3040873242899004
PerplexDEW (Davies),isobar,12.0,561.1111111111111,0.3090980904503944
PerplexDEW (Davies),isobar,12.0,563.3333333333334,0.3141724080930211
PerplexDEW (Davies),isobar,12.0,565.5555555555555,0.31931083187429055
PerplexDEW (Davies),isobar,12.0,567.7777777777778,0.324513921329027
PerplexDEW (Davies),isobar,12.0,570.0,0.3297822411015679
PerplexDEW (Davies),isobar,12.0,572.2222222222222,0.3351163611899189
PerplexDEW (Davies),isobar,12.0,574.4444444444445,0.34051687057244756
PerplexDEW (Davies),isobar,12.0,576.6666666666666,0.3459843378512573
PerplexDEW (Davies),isobar,12.0,578.8888888888889,0.35151937840248587
PerplexDEW (Davies),isobar,12.0,581.1111111111111,0.35712255964698075
PerplexDEW (Davies),isobar,12.0,583.3333333333334,0.36279449688020876
PerplexDEW (Davies),isobar,12.0,585.5555555555555,0.36853581353437714
PerplexDEW (Davies),isobar,12.0,587.7777777777778,0.3743471118318351
PerplexDEW (Davies),isobar,12.0,590.0,0.38022903108019207
PerplexDEW (Davies),isobar,12.0,592.2222222222222,0.3861821890993001
PerplexDEW (Davies),isobar,12.0,594.4444444444445,0.39220725829666464
PerplexDEW (Davies),isobar,12.0,596.6666666666666,0.3983048585704506
PerplexDEW (Davies),isobar,12.0,598.8888888888889,0.40447566581184824
PerplexDEW (Davies),isobar,12.0,601.1111111111111,0.4107203670206391
PerplexDEW (Davies),isobar,12.0,603.3333333333334,0.4170396272401499
PerplexDEW (Davies),isobar,12.0,605.5555555555555,0.42343415554213026
PerplexDEW (Davies),isobar,12.0,607.7777777777778,0.4299046563266909
PerplexDEW (Davies),isobar,12.0,610.0,0.43645182841366814
PerplexDEW (Davies),isobar,12.0,612.2222222222222,0.4430764180838163
PerplexDEW (Davies),isobar,12.0,614.4444444444445,0.4497791861396489
PerplexDEW (Davies),isobar,12.0,616.6666666666666,0.4565608527097962
PerplexDEW (Davies),isobar,12.0,618.8888888888889,0.4634222447248004
PerplexDEW (Davies),isobar,12.0,621.1111111111111,0.47036409265215057
PerplexDEW (Davies),isobar,12.0,623.3333333333334,0.4773872370963549
PerplexDEW (Davies),isobar,12.0,625.5555555555555,0.4844924982170964
PerplexDEW (Davies),isobar,12.0,627.7777777777778,0.49168071377179007
PerplexDEW (Davies),isobar,12.0,630.0,0.4989527399379788
PerplexDEW (Davies),isobar,12.0,632.2222222222222,0.5063094521709459
PerplexDEW (Davies),isobar,12.0,634.4444444444445,0.5137517460970574
PerplexDEW (Davies),isobar,12.0,636.6666666666667,0.5212805601619279
PerplexDEW (Davies),isobar,12.0,638.8888888888889,0.5288968121914011
PerplexDEW (Davies),isobar,12.0,641.1111111111111,0.5366014640837932
PerplexDEW (Davies),isobar,12.0,643.3333333333334,0.5443955475733813
PerplexDEW (Davies),isobar,12.0,645.5555555555555,0.5522800297742996
PerplexDEW (Davies),isobar,12.0,647.7777777777778,0.5602559719839726
PerplexDEW (Davies),isobar,12.0,650.0,0.5683244406186523
PerplexDEW (Davies),isobar,12.0,652.2222222222222,0.5764865309128847
PerplexDEW (Davies),isobar,12.0,654.4444444444445,0.5847433930754575
PerplexDEW (Davies),isobar,12.0,656.6666666666667,0.5930961598464761
PerplexDEW (Davies),isobar,12.0,658.8888888888889,0.6015460208252895
PerplexDEW (Davies),isobar,12.0,661.1111111111111,0.610094226037401
PerplexDEW (Davies),isobar,12.0,663.3333333333334,0.6187420097989836
PerplexDEW (Davies),isobar,12.0,665.5555555555555,0.6274906961024399
PerplexDEW (Davies),isobar,12.0,667.7777777777778,0.6363416221580913
PerplexDEW (Davies),isobar,12.0,670.0,0.6452961658009325
PerplexDEW (Davies),isobar,12.0,672.2222222222222,0.6543557757291227
PerplexDEW (Davies),isobar,12.0,674.4444444444445,0.663521859784918
PerplexDEW (Davies),isobar,12.0,676.6666666666667,0.6727959563740301
PerplexDEW (Davies),isobar,12.0,678.8888888888889,0.6821796538543329
PerplexDEW (Davies),isobar,12.0,681.1111111111111,0.6916745315878342
PerplexDEW (Davies),isobar,12.0,683.3333333333334,0.7012822810463656
PerplexDEW (Davies),isobar,12.0,685.5555555555555,0.7110045868884566
PerplexDEW (Davies),isobar,12.0,687.7777777777778,0.7208432523829601
PerplexDEW (Davies),isobar,12.0,690.0,0.7308001091117536
PerplexDEW (Davies),isobar,12.0,692.2222222222222,0.7408770166147026
PerplexDEW (Davies),isobar,12.0,694.4444444444445,0.7510759974355544
PerplexDEW (Davies),isobar,12.0,696.6666666666667,0.7613990072650995
PerplexDEW (Davies),isobar,12.0,698.8888888888889,0.7718481712052914
PerplexDEW (Davies),isobar,12.0,701.1111111111111,0.7824256885200354
PerplexDEW (Davies),isobar,12.0,703.3333333333334,0.7931337629470583
PerplexDEW (Davies),isobar,12.0,705.5555555555555,0.8039747102603333
PerplexDEW (Davies),isobar,12.0,707.7777777777778,0.8149509645176539
PerplexDEW (Davies),isobar,12.0,710.0,0.8260649696255488
PerplexDEW (Davies),isobar,12.5,490.0,0.18101812436956824
PerplexDEW (Davies),isobar,12.5,492.22222222222223,0.18438350659558952
PerplexDEW (Davies),isobar,12.5,494.44444444444446,0.18779787461669947
PerplexDEW (Davies),isobar,12.5,496.6666666666667,0.19126171375794962
PerplexDEW (Davies),isobar,12.5,498.8888888888889,0.19477549764038643
PerplexDEW (Davies),isobar,12.5,501.1111111111111,0.1983397228433156
PerplexDEW (Davies),isobar,12.5,503.3333333333333,0.20195486697019488
PerplexDEW (Davies),isobar,12.5,505.55555555555554,0.20562141651105664
PerplexDEW (Davies),isobar,12.5,507.77777777777777,0.20933986758943296
PerplexDEW (Davies),isobar,12.5,510.0,0.21311071116790237
PerplexDEW (Davies),isobar,12.5,512.2222222222222,0.21693444029154418
PerplexDEW (Davies),isobar,12.5,514.4444444444445,0.2208115501314966
PerplexDEW (Davies),isobar,12.5,516.6666666666666,0.22474254628877635
PerplexDEW (Davies),isobar,12.5,518.8888888888889,0.22872792040060388
PerplexDEW (Davies),isobar,12.5,521.1111111111111,0.232768182910245
PerplexDEW (Davies),isobar,12.5,523.3333333333334,0.23686383852610415
PerplexDEW (Davies),isobar,12.5,525.5555555555555,0.2410154032997257
PerplexDEW (Davies),isobar,12.5,527.7777777777778,0.2452233692240949
PerplexDEW (Davies),isobar,12.5,530.0,0.24948827578516064
PerplexDEW (Davies),isobar,12.5,532.2222222222222,0.25381062007922633
PerplexDEW (Davies),isobar,12.5,534.4444444444445,0.25819092940091565
PerplexDEW (Davies),isobar,12.5,536.6666666666666,0.2626297248436978
PerplexDEW (Davies),isobar,12.5,538.8888888888889,0.2671275304889104
PerplexDEW (Davies),isobar,12.5,541.1111111111111,0.27168488368401217
PerplexDEW (Davies),isobar,12.5,543.3333333333334,0.27630230505360287
PerplexDEW (Davies),isobar,12.5,545.5555555555555,0.2809803389166817
PerplexDEW (Davies),isobar,12.5,547.7777777777778,0.28571952312691345
PerplexDEW (Davies),isobar,12.5,550.0,0.2905203991973829
PerplexDEW (Davies),isobar,12.5,552.2222222222222,0.2953835236034702
PerplexDEW (Davies),isobar,12.5,554.4444444444445,0.30030943492374357
PerplexDEW (Davies),isobar,12.5,556.6666666666666,0.30529869820159206
PerplexDEW (Davies),isobar,12.5,558.8888888888889,0.3103518601322662
PerplexDEW (Davies),isobar,12.5,561.1111111111111,0.3154695070788206
PerplexDEW (Davies),isobar,12.5,563.3333333333334,0.32065218308568366
PerplexDEW (Davies),isobar,12.5,565.5555555555555,0.32590048515322606
PerplexDEW (Davies),isobar,12.5,567.7777777777778,0.3312149919917219
PerplexDEW (Davies),isobar,12.5,570.0,0.3365962620491063
PerplexDEW (Davies),isobar,12.5,572.2222222222222,0.3420449232530296
PerplexDEW (Davies),isobar,12.5,574.4444444444445,0.34756155895719604
PerplexDEW (Davies),isobar,12.5,576.6666666666666,0.35314675790921846
PerplexDEW (Davies),isobar,12.5,578.8888888888889,0.35880115602212026
PerplexDEW (Davies),isobar,12.5,581.1111111111111,0.3645253558788268
PerplexDEW (Davies),isobar,12.5,583.3333333333334,0.3703199950421652
PerplexDEW (Davies),isobar,12.5,585.5555555555555,0.37618570516014155
PerplexDEW (Davies),isobar,12.5,587.7777777777778,0.3821231110851191
PerplexDEW (Davies),isobar,12.5,590.0,0.3881328752771898
PerplexDEW (Davies),isobar,12.5,592.2222222222222,0.39421565471876086
PerplexDEW (Davies),isobar,12.5,594.4444444444445,0.40037213132406757
PerplexDEW (Davies),isobar,12.5,596.6666666666666,0.40660295008536534
PerplexDEW (Davies),isobar,12.5,598.8888888888889,0.412908844999338
PerplexDEW (Davies),isobar,12.5,601.1111111111111,0.4192904817346711
PerplexDEW (Davies),isobar,12.5,603.3333333333334,0.42574856848366766
PerplexDEW (Davies),isobar,12.5,605.5555555555555,0.43228385934463714
PerplexDEW (Davies),isobar,12.5,607.7777777777778,0.4388970710569094
PerplexDEW (Davies),isobar,12.5,610.0,0.4455889321526854
PerplexDEW (Davies),isobar,12.5,612.2222222222222,0.4523602374437204
PerplexDEW (Davies),isobar,12.5,614.4444444444445,0.4592117618910958
PerplexDEW (Davies),isobar,12.5,616.6666666666666,0.4661442768185218
PerplexDEW (Davies),isobar,12.5,618.8888888888889,0.4731586057751206
PerplexDEW (Davies),isobar,12.5,621.1111111111111,0.4802555515119883
PerplexDEW (Davies),isobar,12.5,623.3333333333334,0.4874359913788258
PerplexDEW (Davies),isobar,12.5,625.5555555555555,0.49470074373771983
PerplexDEW (Davies),isobar,12.5,627.7777777777778,0.5020507241205348
PerplexDEW (Davies),isobar,12.5,630.0,0.5094868087281134
PerplexDEW (Davies),isobar,12.5,632.2222222222222,0.5170099139903469
PerplexDEW (Davies),isobar,12.5,634.4444444444445,0.5246209992657521
PerplexDEW (Davies),isobar,12.5,636.6666666666667,0.5323210046155001
PerplexDEW (Davies),isobar,12.5,638.8888888888889,0.5401109364107635
PerplexDEW (Davies),isobar,12.5,641.1111111111111,0.5479918048329407
PerplexDEW (Davies),isobar,12.5,643.3333333333334,0.5559646459615625
PerplexDEW (Davies),isobar,12.5,645.5555555555555,0.5640305229496486
PerplexDEW (Davies),isobar,12.5,647.7777777777778,0.5721905272465968
PerplexDEW (Davies),isobar,12.5,650.0,0.5804457798706057
PerplexDEW (Davies),isobar,12.5,652.2222222222222,0.5887974571541236
PerplexDEW (Davies),isobar,12.5,654.4444444444445,0.5972467196908184
PerplexDEW (Davies),isobar,12.5,656.6666666666667,0.6057948106469331
PerplexDEW (Davies),isobar,12.5,658.8888888888889,0.6144429587093756
PerplexDEW (Davies),isobar,12.5,661.1111111111111,0.6231924798609964
PerplexDEW (Davies),isobar,12.5,663.3333333333334,0.632044703629004
PerplexDEW (Davies),isobar,12.5,665.5555555555555,0.6410009995953188
PerplexDEW (Davies),isobar,12.5,667.7777777777778,0.6500627791302946
PerplexDEW (Davies),isobar,12.5,670.0,0.65923149719276
PerplexDEW (Davies),isobar,12.5,672.2222222222222,0.6685086826698274
PerplexDEW (Davies),isobar,12.5,674.4444444444445,0.6778958269242532
PerplexDEW (Davies),isobar,12.5,676.6666666666667,0.6873945846303431
PerplexDEW (Davies),isobar,12.5,678.8888888888889,0.6970066060398538
PerplexDEW (Davies),isobar,12.5,681.1111111111111,0.7067335646273111
PerplexDEW (Davies),isobar,12.5,683.3333333333334,0.7165772497688224
PerplexDEW (Davies),isobar,12.5,685.5555555555555,0.7265394796740414
PerplexDEW (Davies),isobar,12.5,687.7777777777778,0.7366221011418135
PerplexDEW (Davies),isobar,12.5,690.0,0.7468270873113744
PerplexDEW (Davies),isobar,12.5,692.2222222222222,0.7571564793696783
PerplexDEW (Davies),isobar,12.5,694.4444444444445,0.7676122877951206
PerplexDEW (Davies),isobar,12.5,696.6666666666667,0.7781967274373179
PerplexDEW (Davies),isobar,12.5,698.8888888888889,0.7889119869434174
PerplexDEW (Davies),isobar,12.5,701.1111111111111,0.79976036538162
PerplexDEW (Davies),isobar,12.5,703.3333333333334,0.8107442420673553
PerplexDEW (Davies),isobar,12.5,705.5555555555555,0.8218661167487232
PerplexDEW (Davies),isobar,12.5,707.7777777777778,0.833128540950508
PerplexDEW (Davies),isobar,12.5,710.0,0.8445341181349287
PerplexDEW (Davies),isobar,15.0,490.0,0.19879704582023316
PerplexDEW (Davies),isobar,15.0,492.22222222222223,0.2024945192076166
PerplexDEW (Davies),isobar,15.0,494.44444444444446,0.20624595241036894
PerplexDEW (Davies),isobar,15.0,496.6666666666667,0.2100518938066777
PerplexDEW (Davies),isobar,15.0,498.8888888888889,0.2139128740740089
PerplexDEW (Davies),isobar,15.0,501.1111111111111,0.21782944023187628
PerplexDEW (Davies),isobar,15.0,503.3333333333333,0.22180213502629784
PerplexDEW (Davies),isobar,15.0,505.55555555555554,0.22583149627592192
PerplexDEW (Davies),isobar,15.0,507.77777777777777,0.22991808675971773
PerplexDEW (Davies),isobar,15.0,510.0,0.23406244583750735
PerplexDEW (Davies),isobar,15.0,512.2222222222222,0.23826513853888448
PerplexDEW (Davies),isobar,15.0,514.4444444444445,0.24252671336600554
PerplexDEW (Davies),isobar,15.0,516.6666666666666,0.24684773758904727
PerplexDEW (Davies),isobar,15.0,518.8888888888889,0.25122876944331585
PerplexDEW (Davies),isobar,15.0,521.1111111111111,0.25567038275015125
PerplexDEW (Davies),isobar,15.0,523.3333333333334,0.2601731420100546
PerplexDEW (Davies),isobar,15.0,525.5555555555555,0.2647376235388944
PerplexDEW (Davies),isobar,15.0,527.7777777777778,0.2693643982575277
PerplexDEW (Davies),isobar,15.0,530.0,0.2740540540738755
PerplexDEW (Davies),isobar,15.0,532.2222222222222,0.27880717374768715
PerplexDEW (Davies),isobar,15.0,534.4444444444445,0.2836243389593733
PerplexDEW (Davies),isobar,15.0,536.6666666666666,0.2885061446655638
PerplexDEW (Davies),isobar,15.0,538.8888888888889,0.29345319018609123
PerplexDEW (Davies),isobar,15.0,541.1111111111111,0.2984660692279092
PerplexDEW (Davies),isobar,15.0,543.3333333333334,0.30354539496369387
PerplexDEW (Davies),isobar,15.0,545.5555555555555,0.30869177531345043
PerplexDEW (Davies),isobar,15.0,547.7777777777778,0.313905812189772
PerplexDEW (Davies),isobar,15.0,550.0,0.31918813347167
PerplexDEW (Davies),isobar,15.0,552.2222222222222,0.32453936739217193
PerplexDEW (Davies),isobar,15.0,554.4444444444445,0.3299601366226523
PerplexDEW (Davies),isobar,15.0,556.6666666666666,0.33545108055698464
PerplexDEW (Davies),isobar,15.0,558.8888888888889,0.3410128331151715
PerplexDEW (Davies),isobar,15.0,561.1111111111111,0.3466460518497795
PerplexDEW (Davies),isobar,15.0,563.3333333333334,0.3523513894063346
PerplexDEW (Davies),isobar,15.0,565.5555555555555,0.35812950514753894
PerplexDEW (Davies),isobar,15.0,567.7777777777778,0.3639810528520891
PerplexDEW (Davies),isobar,15.0,570.0,0.3699067312865599
PerplexDEW (Davies),isobar,15.0,572.2222222222222,0.37590720953397616
PerplexDEW (Davies),isobar,15.0,574.4444444444445,0.38198319046361784
PerplexDEW (Davies),isobar,15.0,576.6666666666666,0.38813535927716786
PerplexDEW (Davies),isobar,15.0,578.8888888888889,0.39436443669010357
PerplexDEW (Davies),isobar,15.0,581.1111111111111,0.40067112564625795
PerplexDEW (Davies),isobar,15.0,583.3333333333334,0.4070561807255496
PerplexDEW (Davies),isobar,15.0,585.5555555555555,0.4135203106339241
PerplexDEW (Davies),isobar,15.0,587.7777777777778,0.42006429197313494
PerplexDEW (Davies),isobar,15.0,590.0,0.4266888695394455
PerplexDEW (Davies),isobar,15.0,592.2222222222222,0.43339481424804754
PerplexDEW (Davies),isobar,15.0,594.4444444444445,0.4401829250142084
PerplexDEW (Davies),isobar,15.0,596.6666666666666,0.4470539990075027
PerplexDEW (Davies),isobar,15.0,598.8888888888889,0.45400883094206873
PerplexDEW (Davies),isobar,15.0,601.1111111111111,0.46104826158555734
PerplexDEW (Davies),isobar,15.0,603.3333333333334,0.46817313116279613
PerplexDEW (Davies),isobar,15.0,605.5555555555555,0.4753842956706471
PerplexDEW (Davies),isobar,15.0,607.7777777777778,0.48268264493161284
PerplexDEW (Davies),isobar,15.0,610.0,0.4900690433291097
PerplexDEW (Davies),isobar,15.0,612.2222222222222,0.4975444253008686
PerplexDEW (Davies),isobar,15.0,614.4444444444445,0.5051096915609766
PerplexDEW (Davies),isobar,15.0,616.6666666666666,0.512765835000032
PerplexDEW (Davies),isobar,15.0,618.8888888888889,0.5205137878310288
PerplexDEW (Davies),isobar,15.0,621.1111111111111,0.5283545591323463
PerplexDEW (Davies),isobar,15.0,623.3333333333334,0.5362891432693334
PerplexDEW (Davies),isobar,15.0,625.5555555555555,0.5443186168292905
PerplexDEW (Davies),isobar,15.0,627.7777777777778,0.5524440237939144
PerplexDEW (Davies),isobar,15.0,630.0,0.5606664742250349
PerplexDEW (Davies),isobar,15.0,632.2222222222222,0.5689870446165164
PerplexDEW (Davies),isobar,15.0,634.4444444444445,0.5774069224747853
PerplexDEW (Davies),isobar,15.0,636.6666666666667,0.5859272852708941
PerplexDEW (Davies),isobar,15.0,638.8888888888889,0.5945493202216207
PerplexDEW (Davies),isobar,15.0,641.1111111111111,0.6032742908982327
PerplexDEW (Davies),isobar,15.0,643.3333333333334,0.6121034743424838
PerplexDEW (Davies),isobar,15.0,645.5555555555555,0.6210381723264711
PerplexDEW (Davies),isobar,15.0,647.7777777777778,0.6300797472887213
PerplexDEW (Davies),isobar,15.0,650.0,0.6392296021245507
PerplexDEW (Davies),isobar,15.0,652.2222222222222,0.6484891576807728
PerplexDEW (Davies),isobar,15.0,654.4444444444445,0.6578598896928002
PerplexDEW (Davies),isobar,15.0,656.6666666666667,0.6673433443492465
PerplexDEW (Davies),isobar,15.0,658.8888888888889,0.6769410656389284
PerplexDEW (Davies),isobar,15.0,661.1111111111111,0.6866546712808421
PerplexDEW (Davies),isobar,15.0,663.3333333333334,0.6964858570871651
PerplexDEW (Davies),isobar,15.0,665.5555555555555,0.706436347593535
PerplexDEW (Davies),isobar,15.0,667.7777777777778,0.7165079236051906
PerplexDEW (Davies),isobar,15.0,670.0,0.7267023967352587
PerplexDEW (Davies),isobar,15.0,672.2222222222222,0.7370216947410221
PerplexDEW (Davies),isobar,15.0,674.4444444444445,0.7474678112440192
PerplexDEW (Davies),isobar,15.0,676.6666666666667,0.7580427203486761
PerplexDEW (Davies),isobar,15.0,678.8888888888889,0.7687485813443277
PerplexDEW (Davies),isobar,15.0,681.1111111111111,0.7795875083751649
PerplexDEW (Davies),isobar,15.0,683.3333333333334,0.7905618109235852
PerplexDEW (Davies),isobar,15.0,685.5555555555555,0.8016738185189575
PerplexDEW (Davies),isobar,15.0,687.7777777777778,0.8129259107760367
PerplexDEW (Davies),isobar,15.0,690.0,0.8243205833375264
PerplexDEW (Davies),isobar,15.0,692.2222222222222,0.8358604542585913
PerplexDEW (Davies),isobar,15.0,694.4444444444445,0.8475482029749051
PerplexDEW (Davies),isobar,15.0,696.6666666666667,0.8593865712162116
PerplexDEW (Davies),isobar,15.0,698.8888888888889,0.8713784691801725
PerplexDEW (Davies),isobar,15.0,701.1111111111111,0.8835268786904854
PerplexDEW (Davies),isobar,15.0,703.3333333333334,0.8958348907494894
PerplexDEW (Davies),isobar,15.0,705.5555555555555,0.9083056914418106
PerplexDEW (Davies),isobar,15.0,707.7777777777778,0.9209426214547215
PerplexDEW (Davies),isobar,15.0,710.0,0.9337491458133963
PerplexDEW (Davies),isobar,17.5,490.0,0.21630127098654456
PerplexDEW (Davies),isobar,17.5,492.22222222222223,0.22032000039196098
PerplexDEW (Davies),isobar,17.5,494.44444444444446,0.2243973811711109
PerplexDEW (Davies),isobar,17.5,496.6666666666667,0.2285339957032596
PerplexDEW (Davies),isobar,17.5,498.8888888888889,0.23273043255835274
PerplexDEW (Davies),isobar,17.5,501.1111111111111,0.23698728690458978
PerplexDEW (Davies),isobar,17.5,503.3333333333333,0.24130515722699655
PerplexDEW (Davies),isobar,17.5,505.55555555555554,0.24568463787057354
PerplexDEW (Davies),isobar,17.5,507.77777777777777,0.25012633374408216
PerplexDEW (Davies),isobar,17.5,510.0,0.25463084547430226
PerplexDEW (Davies),isobar,17.5,512.2222222222222,0.2591987886878008
PerplexDEW (Davies),isobar,17.5,514.4444444444445,0.26383077491055323
PerplexDEW (Davies),isobar,17.5,516.6666666666666,0.2685274109072962
PerplexDEW (Davies),isobar,17.5,518.8888888888889,0.27328933177580855
PerplexDEW (Davies),isobar,17.5,521.1111111111111,0.27811714750215133
PerplexDEW (Davies),isobar,17.5,523.3333333333334,0.28301149727667063
PerplexDEW (Davies),isobar,17.5,525.5555555555555,0.28797299845455054
PerplexDEW (Davies),isobar,17.5,527.7777777777778,0.2930023033863153
PerplexDEW (Davies),isobar,17.5,530.0,0.2981000329464014
PerplexDEW (Davies),isobar,17.5,532.2222222222222,0.3032668488700355
PerplexDEW (Davies),isobar,17.5,534.4444444444445,0.30850339482012257
PerplexDEW (Davies),isobar,17.5,536.6666666666666,0.3138103237976336
PerplexDEW (Davies),isobar,17.5,538.8888888888889,0.3191882937779271
PerplexDEW (Davies),isobar,17.5,541.1111111111111,0.32463796791199157
PerplexDEW (Davies),isobar,17.5,543.3333333333334,0.33016002510397136
PerplexDEW (Davies),isobar,17.5,545.5555555555555,0.3357551348066947
PerplexDEW (Davies),isobar,17.5,547.7777777777778,0.34142397195977914
PerplexDEW (Davies),isobar,17.5,550.0,0.3471672391223647
PerplexDEW (Davies),isobar,17.5,552.2222222222222,0.35298561857215877
PerplexDEW (Davies),isobar,17.5,554.4444444444445,0.35887981549501075
PerplexDEW (Davies),isobar,17.5,556.6666666666666,0.36485053669328726
PerplexDEW (Davies),isobar,17.5,558.8888888888889,0.37089850216316034
PerplexDEW (Davies),isobar,17.5,561.1111111111111,0.3770244279981094
PerplexDEW (Davies),isobar,17.5,563.3333333333334,0.3832290561674387
PerplexDEW (Davies),isobar,17.5,565.5555555555555,0.3895131192819114
PerplexDEW (Davies),isobar,17.5,567.7777777777778,0.39587736462683376
PerplexDEW (Davies),isobar,17.5,570.0,0.40232254869860895
PerplexDEW (Davies),isobar,17.5,572.2222222222222,0.4088494507388802
PerplexDEW (Davies),isobar,17.5,574.4444444444445,0.41545883438919007
PerplexDEW (Davies),isobar,17.5,576.6666666666666,0.4221515000975779
PerplexDEW (Davies),isobar,17.5,578.8888888888889,0.42892824659394546
PerplexDEW (Davies),isobar,17.5,581.1111111111111,0.4357898702469619
PerplexDEW (Davies),isobar,17.5,583.3333333333334,0.44273722157604145
PerplexDEW (Davies),isobar,17.5,585.5555555555555,0.44977110775730234
PerplexDEW (Davies),isobar,17.5,587.7777777777778,0.45689240664066544
PerplexDEW (Davies),isobar,17.5,590.0,0.464101967084046
PerplexDEW (Davies),isobar,17.5,592.2222222222222,0.47140067474075814
PerplexDEW (Davies),isobar,17.5,594.4444444444445,0.4787894235648226
PerplexDEW (Davies),isobar,17.5,596.6666666666666,0.48626912384715726
PerplexDEW (Davies),isobar,17.5,598.8888888888889,0.49384070301457067
PerplexDEW (Davies),isobar,17.5,601.1111111111111,0.5015051146802424
PerplexDEW (Davies),isobar,17.5,603.3333333333334,0.5092633235231201
PerplexDEW (Davies),isobar,17.5,605.5555555555555,0.5171163140049322
PerplexDEW (Davies),isobar,17.5,607.7777777777778,0.5250650826840328
PerplexDEW (Davies),isobar,17.5,610.0,0.5331106824648053
PerplexDEW (Davies),isobar,17.5,612.2222222222222,0.5412541371665993
PerplexDEW (Davies),isobar,17.5,614.4444444444445,0.5494965473213985
PerplexDEW (Davies),isobar,17.5,616.6666666666666,0.5578389940811507
PerplexDEW (Davies),isobar,17.5,618.8888888888889,0.5662826118828134
PerplexDEW (Davies),isobar,17.5,621.1111111111111,0.5748285633385762
PerplexDEW (Davies),isobar,17.5,623.3333333333334,0.5834780210784657
PerplexDEW (Davies),isobar,17.5,625.5555555555555,0.5922322071455071
PerplexDEW (Davies),isobar,17.5,627.7777777777778,0.6010923658455023
PerplexDEW (Davies),isobar,17.5,630.0,0.6100597644063274
PerplexDEW (Davies),isobar,17.5,632.2222222222222,0.6191357354174376
PerplexDEW (Davies),isobar,17.5,634.4444444444445,0.6283216174143654
PerplexDEW (Davies),isobar,17.5,636.6666666666667,0.6376188079115607
PerplexDEW (Davies),isobar,17.5,638.8888888888889,0.6470287230569676
PerplexDEW (Davies),isobar,17.5,641.1111111111111,0.6565528423346547
PerplexDEW (Davies),isobar,17.5,643.3333333333334,0.6661926782809823
PerplexDEW (Davies),isobar,17.5,645.5555555555555,0.6759497891187162
PerplexDEW (Davies),isobar,17.5,647.7777777777778,0.6858257926229123
PerplexDEW (Davies),isobar,17.5,650.0,0.6958223334163364
PerplexDEW (Davies),isobar,17.5,652.2222222222222,0.7059411319215747
PerplexDEW (Davies),isobar,17.5,654.4444444444445,0.7161839392542165
PerplexDEW (Davies),isobar,17.5,656.6666666666667,0.7265525879957669
PerplexDEW (Davies),isobar,17.5,658.8888888888889,0.737048971271994
PerplexDEW (Davies),isobar,17.5,661.1111111111111,0.7476750193797524
PerplexDEW (Davies),isobar,17.5,663.3333333333334,0.758432740159735
PerplexDEW (Davies),isobar,17.5,665.5555555555555,0.7693242095066827
PerplexDEW (Davies),isobar,17.5,667.7777777777778,0.780351601869556
PerplexDEW (Davies),isobar,17.5,670.0,0.7915171118957741
PerplexDEW (Davies),isobar,17.5,672.2222222222222,0.8028230524749145
PerplexDEW (Davies),isobar,17.5,674.4444444444445,0.8142718183547298
PerplexDEW (Davies),isobar,17.5,676.6666666666667,0.8258658454960786
PerplexDEW (Davies),isobar,17.5,678.8888888888889,0.8376077158659397
PerplexDEW (Davies),isobar,17.5,681.1111111111111,0.8495000443303877
PerplexDEW (Davies),isobar,17.5,683.3333333333334,0.8615456326783133
PerplexDEW (Davies),isobar,17.5,685.5555555555555,0.8737472604744874
PerplexDEW (Davies),isobar,17.5,687.7777777777778,0.886107903654006
PerplexDEW (Davies),isobar,17.5,690.0,0.898630632654563
PerplexDEW (Davies),isobar,17.5,692.2222222222222,0.9113185989434686
PerplexDEW (Davies),isobar,17.5,694.4444444444445,0.924175070805784
PerplexDEW (Davies),isobar,17.5,696.6666666666667,0.9372035074932709
PerplexDEW (Davies),isobar,17.5,698.8888888888889,0.9504073943025746
PerplexDEW (Davies),isobar,17.5,701.1111111111111,0.9637904538798919
PerplexDEW (Davies),isobar,17.5,703.3333333333334,0.9773564419617051
PerplexDEW (Davies),isobar,17.5,705.5555555555555,0.9911093667663349
PerplexDEW (Davies),isobar,17.5,707.7777777777778,1.0050533152738972
PerplexDEW (Davies),isobar,17.5,710.0,1.0191925298498021
PerplexDEW (Davies),isobar,20.0,495.0,0.24346033919307017
PerplexDEW (Davies),isobar,20.0,496.1111111111111,0.2456899491035441
PerplexDEW (Davies),isobar,20.0,497.22222222222223,0.24793561661372282
PerplexDEW (Davies),isobar,20.0,498.3333333333333,0.25019742148141033
PerplexDEW (Davies),isobar,20.0,499.44444444444446,0.2524754436473534
PerplexDEW (Davies),isobar,20.0,500.55555555555554,0.2547697596387548
PerplexDEW (Davies),isobar,20.0,501.6666666666667,0.2570804533995341
PerplexDEW (Davies),isobar,20.0,502.77777777777777,0.25940760553466935
PerplexDEW (Davies),isobar,20.0,503.8888888888889,0.2617512968760114
PerplexDEW (Davies),isobar,20.0,505.0,0.26411160848505394
PerplexDEW (Davies),isobar,20.0,506.1111111111111,0.26648862165573384
PerplexDEW (Davies),isobar,20.0,507.22222222222223,0.26888241791749073
PerplexDEW (Davies),isobar,20.0,508.3333333333333,0.2712930790383036
PerplexDEW (Davies),isobar,20.0,509.44444444444446,0.27372068310545056
PerplexDEW (Davies),isobar,20.0,510.55555555555554,0.276165324141513
PerplexDEW (Davies),isobar,20.0,511.6666666666667,0.278627072882393
PerplexDEW (Davies),isobar,20.0,512.7777777777778,0.2811060160064084
PerplexDEW (Davies),isobar,20.0,513.8888888888889,0.2836022365252854
PerplexDEW (Davies),isobar,20.0,515.0,0.2861158218237969
PerplexDEW (Davies),isobar,20.0,516.1111111111111,0.28864684724995876
PerplexDEW (Davies),isobar,20.0,517.2222222222222,0.2911954048732554
PerplexDEW (Davies),isobar,20.0,518.3333333333334,0.29376157888841653
PerplexDEW (Davies),isobar,20.0,519.4444444444445,0.29634544949746766
PerplexDEW (Davies),isobar,20.0,520.5555555555555,0.2989470970245875
PerplexDEW (Davies),isobar,20.0,521.6666666666666,0.30156661932638434
PerplexDEW (Davies),isobar,20.0,522.7777777777778,0.3042040886810836
PerplexDEW (Davies),isobar,20.0,523.8888888888889,0.3068595993438275
PerplexDEW (Davies),isobar,20.0,525.0,0.30953323724994053
PerplexDEW (Davies),isobar,20.0,526.1111111111111,0.31222507960801643
PerplexDEW (Davies),isobar,20.0,527.2222222222222,0.3149352264035584
PerplexDEW (Davies),isobar,20.0,528.3333333333334,0.31766375543611786
PerplexDEW (Davies),isobar,20.0,529.4444444444445,0.32041075378148554
PerplexDEW (Davies),isobar,20.0,530.5555555555555,0.32317631353470244
PerplexDEW (Davies),isobar,20.0,531.6666666666666,0.3259605178374653
PerplexDEW (Davies),isobar,20.0,532.7777777777778,0.3287634595537561
PerplexDEW (Davies),isobar,20.0,533.8888888888889,0.33158522725450207
PerplexDEW (Davies),isobar,20.0,535.0,0.334425909870006
PerplexDEW (Davies),isobar,20.0,536.1111111111111,0.3372855917874253
PerplexDEW (Davies),isobar,20.0,537.2222222222222,0.34016436749718637
PerplexDEW (Davies),isobar,20.0,538.3333333333334,0.34306232205049325
PerplexDEW (Davies),isobar,20.0,539.4444444444445,0.3459795558445408
PerplexDEW (Davies),isobar,20.0,540.5555555555555,0.34891614967081463
PerplexDEW (Davies),isobar,20.0,541.6666666666666,0.35187219977499745
PerplexDEW (Davies),isobar,20.0,542.7777777777778,0.35484779781703385
PerplexDEW (Davies),isobar,20.0,543.8888888888889,0.3578430358807935
PerplexDEW (Davies),isobar,20.0,545.0,0.3608580012013123
PerplexDEW (Davies),isobar,20.0,546.1111111111111,0.3638927972540017
PerplexDEW (Davies),isobar,20.0,547.2222222222222,0.36694750683789873
PerplexDEW (Davies),isobar,20.0,548.3333333333334,0.3700222345355801
PerplexDEW (Davies),isobar,20.0,549.4444444444445,0.37311706388694754
PerplexDEW (Davies),isobar,20.0,550.5555555555555,0.3762321006259089
PerplexDEW (Davies),isobar,20.0,551.6666666666666,0.37936742907254417
PerplexDEW (Davies),isobar,20.0,552.7777777777778,0.38252315615869786
PerplexDEW (Davies),isobar,20.0,553.8888888888889,0.38569936702634633
PerplexDEW (Davies),isobar,20.0,555.0,0.38889616985437425
PerplexDEW (Davies),isobar,20.0,556.1111111111111,0.39211366221180594
PerplexDEW (Davies),isobar,20.0,557.2222222222222,0.39535193055843526
PerplexDEW (Davies),isobar,20.0,558.3333333333334,0.39861107915790156
PerplexDEW (Davies),isobar,20.0,559.4444444444445,0.40189121306190967
PerplexDEW (Davies),isobar,20.0,560.5555555555555,0.4051924261460507
PerplexDEW (Davies),isobar,20.0,561.6666666666666,0.40851481872520906
PerplexDEW (Davies),isobar,20.0,562.7777777777778,0.4118584978335892
PerplexDEW (Davies),isobar,20.0,563.8888888888889,0.41522355905315894
PerplexDEW (Davies),isobar,20.0,565.0,0.41861010460742965
PerplexDEW (Davies),isobar,20.0,566.1111111111111,0.42201824364908586
PerplexDEW (Davies),isobar,20.0,567.2222222222222,0.42544807359832126
PerplexDEW (Davies),isobar,20.0,568.3333333333334,0.42889969872654515
PerplexDEW (Davies),isobar,20.0,569.4444444444445,0.4323732304517197
PerplexDEW (Davies),isobar,20.0,570.5555555555555,0.4358687681750816
PerplexDEW (Davies),isobar,20.0,571.6666666666666,0.4393864249124187
PerplexDEW (Davies),isobar,20.0,572.7777777777778,0.4429263080750605
PerplexDEW (Davies),isobar,20.0,573.8888888888889,0.4464885125393759
PerplexDEW (Davies),isobar,20.0,575.0,0.450073167123696
PerplexDEW (Davies),isobar,20.0,576.1111111111111,0.45368036827902364
PerplexDEW (Davies),isobar,20.0,577.2222222222222,0.45731023334837223
PerplexDEW (Davies),isobar,20.0,578.3333333333334,0.4609628669808828
PerplexDEW (Davies),isobar,20.0,579.4444444444445,0.46463839535393725
PerplexDEW (Davies),isobar,20.0,580.5555555555555,0.4683369109333366
PerplexDEW (Davies),isobar,20.0,581.6666666666666,0.4720585488808328
PerplexDEW (Davies),isobar,20.0,582.7777777777778,0.475803410326192
PerplexDEW (Davies),isobar,20.0,583.8888888888889,0.4795716185036688
PerplexDEW (Davies),isobar,20.0,585.0,0.483363290628349
PerplexDEW (Davies),isobar,20.0,586.1111111111111,0.48717853760764324
PerplexDEW (Davies),isobar,20.0,587.2222222222222,0.491017493339628
PerplexDEW (Davies),isobar,20.0,588.3333333333334,0.49488026346134867
PerplexDEW (Davies),isobar,20.0,589.4444444444445,0.49876697677974013
PerplexDEW (Davies),isobar,20.0,590.5555555555555,0.5026777634911922
PerplexDEW (Davies),isobar,20.0,591.6666666666666,0.5066127245761417
PerplexDEW (Davies),isobar,20.0,592.7777777777778,0.5105720154874542
PerplexDEW (Davies),isobar,20.0,593.8888888888889,0.5145557316149937
PerplexDEW (Davies),isobar,20.0,595.0,0.5185640235424546
PerplexDEW (Davies),isobar,20.0,596.1111111111111,0.5225970122239135
PerplexDEW (Davies),isobar,20.0,597.2222222222222,0.5266548276448294
PerplexDEW (Davies),isobar,20.0,598.3333333333334,0.5307376011278303
PerplexDEW (Davies),isobar,20.0,599.4444444444445,0.5348454653650163
PerplexDEW (Davies),isobar,20.0,600.5555555555555,0.5389785544512137
PerplexDEW (Davies),isobar,20.0,601.6666666666666,0.543137012195819
PerplexDEW (Davies),isobar,20.0,602.7777777777778,0.5473209591173558
PerplexDEW (Davies),isobar,20.0,603.8888888888889,0.551530550354229
PerplexDEW (Davies),isobar,20.0,605.0,0.5557659091893635
PerplexDEW (Davies),psat,3.16674874006291e-05,25.0,0.0001843119068460426
PerplexDEW (Davies),psat,3.8971296034890025e-05,28.525252525252526,0.00019858395921864747
PerplexDEW (Davies),psat,4.770372635983489e-05,32.05050505050505,0.0002138505253639997
PerplexDEW (Davies),psat,5.8093119737924695e-05,35.57575757575758,0.00023016402941608975
PerplexDEW (Davies),psat,7.039572688496795e-05,39.101010101010104,0.00024757907315819727
PerplexDEW (Davies),psat,8.48979454804781e-05,42.62626262626263,0.00026615243646961075
PerplexDEW (Davies),psat,0.00010191861255354801,46.15151515151515,0.00028578427409943805
PerplexDEW (Davies),psat,0.00012181134269627938,49.676767676767675,0.0003059448570764675
PerplexDEW (Davies),psat,0.00014496690272637378,53.2020202020202,0.000327432245038887
PerplexDEW (Davies),psat,0.0001718156130765712,56.72727272727273,0.0003503109028230317
PerplexDEW (Davies),psat,0.00020282976593169125,60.25252525252525,0.0003746481135777366
PerplexDEW (Davies),psat,0.00023852604996343644,63.77777777777778,0.00040051416029422167
PerplexDEW (Davies),psat,0.0002794679714270711,67.3030303030303,0.00042798196028013066
PerplexDEW (Davies),psat,0.0003262682613799407,70.82828282828282,0.00045712735511273554
PerplexDEW (Davies),psat,0.00037959125885595255,74.35353535353535,0.00048802886706811094
PerplexDEW (Davies),psat,0.00044015525997838205,77.87878787878788,0.000520767752373716
PerplexDEW (Davies),psat,0.0005087348232109338,81.4040404040404,0.0005554279686390812
PerplexDEW (Davies),psat,0.0005861630212284873,84.92929292929293,0.000592096283106687
PerplexDEW (Davies),psat,0.0006733336302288337,88.45454545454545,0.000630862020190961
PerplexDEW (Davies),psat,0.000771203247899121,91.97979797979798,0.0006718173108534824
PerplexDEW (Davies),psat,0.0008807933316895004,95.5050505050505,0.0007150568663103163
PerplexDEW (Davies),psat,0.0010031921495257904,99.03030303030303,0.0007606781024864125
PerplexDEW (Davies),psat,0.0011395566356065194,102.55555555555556,0.0008087810526168938
PerplexDEW (Davies),psat,0.0012911141444717424,106.08080808080808,0.0008594683953535644
PerplexDEW (Davies),psat,0.0014591640970957162,109.6060606060606,0.0009128451745865428
PerplexDEW (Davies),psat,0.0016450795133371896,113.13131313131312,0.0009690192009224371
PerplexDEW (Davies),psat,0.0018503084256746045,116.65656565656565,0.0010281004207734706
PerplexDEW (Davies),psat,0.0020763751697535993,120.18181818181817,0.001090201332845665
PerplexDEW (Davies),psat,0.0023248815478766408,123.7070707070707,0.0011554366446478086
PerplexDEW (Davies),psat,0.0025975078621642976,127.23232323232322,0.001223923613211305
PerplexDEW (Davies),psat,0.002896013814711435,130.75757575757575,0.001295780920575895
PerplexDEW (Davies),psat,0.0032222392726451747,134.2828282828283,0.001371129784663466
PerplexDEW (Davies),psat,0.003578104896561738,137.8080808080808,0.001450093166069626
PerplexDEW (Davies),psat,0.0039656126313736195,141.33333333333331,0.0015327955654074793
PerplexDEW (Davies),psat,0.004386846059133994,144.85858585858585,0.0016193631245413392
PerplexDEW (Davies),psat,0.004843970613919506,148.3838383838384,0.0017099234785332013
PerplexDEW (Davies),psat,0.005339233659344778,151.9090909090909,0.0018046052149995162
PerplexDEW (Davies),psat,0.005874964429748883,155.43434343434342,0.0019035379754581158
PerplexDEW (Davies),psat,0.006453573836535782,158.95959595959596,0.002006851818464276
PerplexDEW (Davies),psat,0.007077554141565978,162.48484848484847,0.002114677775242168
PerplexDEW (Davies),psat,0.007749478499884221,166.010101010101,0.002227146273320311
PerplexDEW (Davies),psat,0.008472000374428095,169.53535353535352,0.0023443881259838577
PerplexDEW (Davies),psat,0.009247852825694333,173.06060606060606,0.0024665338314742956
PerplexDEW (Davies),psat,0.010079847679643652,176.58585858585857,0.002593712071711047
PerplexDEW (Davies),psat,0.010970874577400971,180.11111111111111,0.0027260505703822434
PerplexDEW (Davies),psat,0.011923899910556573,183.63636363636363,0.002863675453835642
PerplexDEW (Davies),psat,0.012941965646094818,187.16161616161617,0.0030067108307473196
PerplexDEW (Davies),psat,0.014028188045172833,190.68686868686868,0.003155277589084882
PerplexDEW (Davies),psat,0.015185756280140418,194.2121212121212,0.003309493088385145
PerplexDEW (Davies),psat,0.016417930954337075,197.73737373737373,0.003469470081831754
PerplexDEW (Davies),psat,0.017728042529322485,201.26262626262624,0.0036353194926827957
PerplexDEW (Davies),psat,0.019119489664294793,204.78787878787878,0.003807142938535469
PerplexDEW (Davies),psat,0.020595737472526184,208.3131313131313,0.003985038824278483
PerplexDEW (Davies),psat,0.022160315699699673,211.83838383838383,0.004169097105434803
PerplexDEW (Davies),psat,0.023816816829067538,215.36363636363635,0.004359400210109978
PerplexDEW (Davies),psat,0.025568894118365475,218.88888888888889,0.004556022216243492
PerplexDEW (Davies),psat,0.027420259573418752,222.4141414141414,0.004759026711801671
PerplexDEW (Davies),psat,0.029374681863355748,225.93939393939394,0.004968465517258289
PerplexDEW (Davies),psat,0.0314359841823141,229.46464646464645,0.005184381576929926
PerplexDEW (Davies),psat,0.03360804206247664,232.989898989899,0.005406799662954981
PerplexDEW (Davies),psat,0.03589478114321435,236.5151515151515,0.005635731570805018
PerplexDEW (Davies),psat,0.03830017490104275,240.04040404040404,0.005871173620389565
PerplexDEW (Davies),psat,0.04082824234501484,243.56565656565655,0.006113101834908816
PerplexDEW (Davies),psat,0.04348304568208156,247.0909090909091,0.006361475228984112
PerplexDEW (Davies),psat,0.04626868795684949,250.6161616161616,0.006616228925391886
PerplexDEW (Davies),psat,0.04918931067005719,254.14141414141412,
PerplexDEW (Davies),psat,0.052249091379974154,257.66666666666663,
PerplexDEW (Davies),psat,0.05545224129080594,261.19191919191917,0.007417741541270958
PerplexDEW (Davies),psat,0.05880300283206092,264.7171717171717,0.007696850609530249
PerplexDEW (Davies),psat,0.062305647232702675,268.24242424242425,0.007981606413700675
PerplexDEW (Davies),psat,0.06596447209377618,271.7676767676768,0.008271756713771065
PerplexDEW (Davies),psat,0.06978379896305821,275.2929292929293,0.008567016799784838
PerplexDEW (Davies),psat,0.0737679709151438,278.8181818181818,0.008867050629514296
PerplexDEW (Davies),psat,0.07792135014023042,282.34343434343435,0.009171477838919345
PerplexDEW (Davies),psat,0.08224831554473254,285.86868686868684,0.009479844785482687
PerplexDEW (Davies),psat,0.08675326036669773,289.3939393939394,0.009791663345077299
PerplexDEW (Davies),psat,0.091440589808867,292.9191919191919,0.010106354888431828
PerplexDEW (Davies),psat,0.09631471869206858,296.44444444444446,0.01042328384651554
PerplexDEW (Davies),psat,0.10138006913149601,299.96969696969694,0.010741724061218016
PerplexDEW (Davies),psat,0.10664106823827953,303.4949494949495,0.011060849456278173
PerplexDEW (Davies),psat,0.1121021458486162,307.020202020202,0.011379741536678485
PerplexDEW (Davies),psat,0.11776773228259453,310.5454545454545,0.011697364693953412
PerplexDEW (Davies),psat,0.12364225613470231,314.07070707070704,0.012012536270227804
PerplexDEW (Davies),psat,0.12973014209788256,317.5959595959596,0.012323930847863037
PerplexDEW (Davies),psat,0.1360358088228683,321.1212121212121,0.012630047315284202
PerplexDEW (Davies),psat,0.14256366681439595,324.6464646464646,0.01292915903740174
PerplexDEW (Davies),psat,0.1493181163657802,328.17171717171715,0.013219323263175608
PerplexDEW (Davies),psat,0.15630354553320006,331.6969696969697,0.013498243527931997
PerplexDEW (Davies),psat,0.1635243281509449,335.22222222222223,0.013763337670295963
PerplexDEW (Davies),psat,0.17098482188873196,338.7474747474747,0.014011469637903142
PerplexDEW (Davies),psat,0.1786893663521207,342.27272727272725,0.014238972307084385
PerplexDEW (Davies),psat,0.18664228122691862,345.7979797979798,0.014441312641553893
PerplexDEW (Davies),psat,0.19484786446838742,349.32323232323233,1.3844202366093205e-07
PerplexDEW (Davies),psat,0.20331039053594835,352.8484848484848,2.889535890734127e-07
PerplexDEW (Davies),psat,0.21203410867399128,356.37373737373736,5.781107706550538e-07
PerplexDEW (Davies),psat,0.2210232412393035,359.8989898989899,1.1120658598000853e-06
PerplexDEW (Davies),psat,0.23028198207553469,363.4242424242424,2.061875620535726e-06
PerplexDEW (Davies),psat,0.239814494935051,366.9494949494949,3.6948344049160746e-06
PerplexDEW (Davies),psat,0.24962491194841668,370.47474747474746,6.4133369299513346e-06
PerplexDEW (Davies),psat,0.2597173321417023,374.0,1.0806145174284393e-05
